A2/197	A2/1-97	100.000	97	0	0	1	97	1	97	2.62e-72	201
A2/197	A44/1-97	47.917	96	50	0	2	97	2	97	1.37e-33	103
A2/197	A150/1-96	43.750	96	53	1	2	97	2	96	1.96e-26	85.9
A2/197	A23/1-98	40.816	98	57	1	1	97	1	98	1.49e-25	83.6
A2/197	A77/1-97	41.667	96	56	0	2	97	2	97	1.01e-24	81.6
A2/197	A88/1-97	40.217	92	55	0	2	93	2	93	3.42e-24	80.1
A2/197	A66/1-97	41.667	96	56	0	2	97	2	97	8.63e-24	79.3
A2/197	A30/1-97	40.625	96	57	0	2	97	2	97	1.35e-23	78.6
A2/197	A143/1-97	40.625	96	57	0	2	97	2	97	1.89e-23	78.2
A2/197	A16/1-97	40.206	97	58	0	1	97	1	97	2.43e-23	78.2
A2/197	A37/1-96	39.362	94	56	1	2	95	2	94	3.19e-23	77.8
A2/197	A105/1-97	43.158	95	52	2	2	95	2	95	1.29e-22	76.3
A2/197	A132/1-97	36.458	96	61	0	2	97	2	97	1.38e-22	76.3
A2/197	A121/1-97	40.217	92	55	0	2	93	2	93	2.37e-22	75.5
A2/197	A55/1-97	40.000	95	57	0	2	96	2	96	2.48e-22	75.5
A2/197	A154/1-97	34.375	96	63	0	2	97	2	97	1.78e-21	73.2
A2/197	A84/1-97	41.237	97	55	2	2	97	2	97	2.38e-21	73.2
A2/197	A130/1-99	41.837	98	55	2	2	97	2	99	3.20e-21	72.8
A2/197	A99/1-97	37.500	96	60	0	2	97	2	97	4.29e-21	72.4
A2/197	A95/1-97	41.237	97	55	2	2	97	2	97	6.21e-21	72.0
A2/197	A40/1-96	41.053	95	55	1	2	96	2	95	6.56e-21	72.0
A2/197	A157/1-97	38.824	85	52	0	4	88	5	89	1.08e-20	71.2
A2/197	A12/1-98	37.755	98	58	2	2	97	2	98	2.42e-20	70.5
A2/197	A19/1-97	38.824	85	52	0	4	88	5	89	1.31e-19	68.6
A2/197	A62/1-96	38.636	88	54	0	1	88	1	88	1.87e-19	68.2
A2/197	A73/1-97	40.000	95	55	2	2	95	2	95	3.63e-19	67.4
A2/197	A86/1-99	37.755	98	59	1	2	97	2	99	4.81e-19	67.0
A2/197	A122/1-96	37.500	96	59	1	2	97	2	96	8.37e-19	66.6
A2/197	A41/1-98	37.113	97	60	1	2	97	2	98	9.85e-19	66.2
A2/197	A24/1-98	38.384	99	58	2	1	97	1	98	1.21e-18	66.2
A2/197	A17/1-103	37.143	105	54	2	2	97	2	103	1.55e-18	65.9
A2/197	A108/1-99	37.755	98	59	1	2	97	2	99	1.70e-18	65.9
A2/197	A33/1-97	34.021	97	62	2	1	96	1	96	4.46e-18	64.7
A2/197	A110/1-97	33.696	92	61	0	2	93	2	93	4.70e-18	64.7
A2/197	A35/1-99	39.796	98	57	1	2	97	2	99	6.95e-18	64.3
A2/197	A139/1-97	39.326	89	53	1	8	96	9	96	7.11e-18	64.3
A2/197	A167/1-98	40.476	84	49	1	11	93	11	94	8.83e-18	63.9
A2/197	A124/1-97	36.364	88	55	1	2	88	2	89	2.73e-17	62.8
A2/197	A128/1-97	38.144	97	58	2	2	97	2	97	2.91e-17	62.4
A2/197	A58/1-97	36.458	96	59	2	2	96	2	96	5.28e-17	62.0
A2/197	A47/1-96	39.286	84	49	1	2	85	5	86	6.35e-17	61.6
A2/197	A51/1-96	35.417	96	61	1	2	97	2	96	7.16e-17	61.6
A2/197	A119/1-97	32.990	97	65	0	1	97	1	97	9.80e-17	61.2
A2/197	A144/1-96	39.175	97	56	2	2	97	2	96	1.06e-16	61.2
A2/197	A5/1-98	36.735	98	59	2	2	97	2	98	1.36e-16	60.8
A2/197	A141/1-98	36.082	97	61	1	2	97	2	98	1.58e-16	60.8
A2/197	A78/1-96	37.500	96	59	1	2	97	2	96	1.68e-16	60.5
A2/197	A113/1-96	33.684	95	62	1	2	96	2	95	2.57e-16	60.1
A2/197	A161/1-98	37.363	91	57	0	3	93	4	94	3.12e-16	60.1
A2/197	A162/1-99	35.632	87	55	1	12	97	13	99	3.52e-16	59.7
A2/197	A100/1-96	38.144	97	57	2	2	97	2	96	5.25e-16	59.3
A2/197	A89/1-96	31.959	97	65	1	1	97	1	96	5.48e-16	59.3
A2/197	A26/1-97	34.146	82	53	1	2	82	2	83	5.48e-16	59.3
A2/197	A31/1-95	40.964	83	48	1	2	84	2	83	6.38e-16	59.3
A2/197	A56/1-93	35.238	105	46	3	2	97	2	93	6.45e-16	59.3
A2/197	A53/1-99	38.554	83	49	1	2	82	2	84	7.75e-16	58.9
A2/197	A69/1-97	35.294	85	54	1	1	84	1	85	7.92e-16	58.9
A2/197	A14/1-100	39.000	100	56	2	2	97	2	100	8.63e-16	58.9
A2/197	A152/1-99	40.449	89	51	1	2	88	2	90	9.73e-16	58.5
A2/197	A9/1-95	36.735	98	58	3	1	97	1	95	1.00e-15	58.5
A2/197	A111/1-96	35.417	96	61	1	2	97	2	96	1.02e-15	58.5
A2/197	A155/1-98	36.264	91	57	1	8	97	8	98	1.86e-15	57.8
A2/197	A126/1-99	37.037	81	48	2	4	82	4	83	2.24e-15	57.8
A2/197	A158/1-98	32.353	102	60	2	1	97	1	98	2.41e-15	57.8
A2/197	A20/1-102	31.373	102	65	1	1	97	1	102	2.52e-15	57.8
A2/197	A146/1-97	35.052	97	61	2	2	97	2	97	3.06e-15	57.4
A2/197	A64/1-99	36.047	86	53	1	2	85	2	87	3.84e-15	57.0
A2/197	A80/1-97	32.292	96	63	2	2	96	2	96	5.09e-15	57.0
A2/197	A28/1-100	35.644	101	58	2	2	97	2	100	7.19e-15	56.6
A2/197	A117/1-97	36.047	86	53	2	4	88	5	89	7.92e-15	56.2
A2/197	A52/1-98	37.374	99	57	2	2	97	2	98	8.64e-15	56.2
A2/197	A42/1-104	37.624	101	52	2	2	93	2	100	1.40e-14	55.8
A2/197	A67/1-95	36.735	98	56	3	2	97	2	95	2.43e-14	55.1
A2/197	A96/1-98	36.047	86	54	1	1	85	1	86	4.00e-14	54.7
A2/197	A13/1-103	35.922	103	60	2	1	97	1	103	4.04e-14	54.7
A2/197	A27/1-98	35.955	89	54	2	11	97	11	98	7.01e-14	53.9
A2/197	A140/1-99	40.789	76	43	1	11	84	11	86	1.02e-13	53.5
A2/197	A38/1-98	30.928	97	66	1	2	97	2	98	1.23e-13	53.1
A2/197	A97/1-99	35.714	98	61	1	2	97	2	99	1.32e-13	53.1
A2/197	A3/1-98	31.068	103	58	2	2	97	2	98	3.38e-13	52.0
A2/197	A133/1-95	43.750	48	27	0	1	48	1	48	3.97e-13	52.0
A2/197	A135/1-97	34.667	75	49	0	8	82	9	83	4.72e-13	51.6
A2/197	A91/1-97	29.213	89	62	1	8	96	9	96	4.82e-13	51.6
A2/197	A63/1-98	31.959	97	65	1	2	97	2	98	1.54e-12	50.4
A2/197	A60/1-99	31.507	73	49	1	12	83	12	84	1.64e-12	50.4
A2/197	A137/1-98	35.211	71	46	0	12	82	12	82	2.08e-12	50.1
A2/197	A74/1-98	36.585	82	51	1	2	82	2	83	2.20e-12	50.1
A2/197	A159/1-98	30.108	93	64	1	2	93	2	94	6.43e-12	48.9
A2/197	A10/1-98	33.663	101	58	2	2	97	2	98	6.43e-12	48.9
A2/197	A166/1-99	32.609	92	61	1	4	94	5	96	1.06e-11	48.1
A2/197	A6/1-97	36.782	87	53	2	12	97	12	97	2.73e-11	47.4
A2/197	A75/1-99	32.558	86	56	1	2	85	2	87	2.82e-11	47.4
A2/197	A48/1-98	29.885	87	56	2	1	84	1	85	2.98e-11	47.0
A2/197	A7/1-97	29.213	89	62	1	9	96	9	97	3.11e-11	47.0
A2/197	A85/1-98	40.909	88	47	3	1	85	1	86	3.14e-11	47.0
A2/197	A129/1-98	34.091	88	57	1	2	88	2	89	5.42e-11	46.6
A2/197	A102/1-97	25.532	94	69	1	2	94	2	95	6.57e-11	46.2
A2/197	A45/1-98	37.647	85	46	2	2	82	2	83	6.79e-11	46.2
A2/197	A107/1-98	40.000	85	50	1	2	85	2	86	8.68e-11	45.8
A2/197	A147/1-98	31.868	91	53	3	12	97	12	98	9.46e-11	45.8
A2/197	A70/1-98	30.000	110	52	3	1	97	1	98	1.25e-10	45.4
A2/197	A163/1-98	35.366	82	52	1	2	82	2	83	1.28e-10	45.4
A2/197	A118/1-98	33.721	86	43	2	1	86	1	72	1.68e-10	45.1
A2/197	A92/1-98	31.959	97	65	1	2	97	2	98	2.87e-10	44.7
A2/197	A115/1-99	30.769	91	61	2	9	97	9	99	3.23e-10	44.3
A2/197	A59/1-98	34.066	91	51	2	12	97	12	98	6.26e-10	43.5
A2/197	A34/1-97	30.851	94	65	0	2	95	2	95	9.48e-10	43.1
A2/197	A21/1-98	34.444	90	58	1	9	97	9	98	2.72e-09	42.0
A2/197	A148/1-102	31.250	80	47	3	9	82	9	86	3.90e-09	41.6
A2/197	A104/1-99	33.333	75	41	3	13	82	13	83	4.43e-09	41.6
A2/197	A71/1-99	31.507	73	49	1	12	83	12	84	1.67e-08	40.0
A2/197	A103/1-98	29.703	101	62	2	2	97	2	98	2.13e-08	39.7
A2/197	A82/1-99	29.577	71	49	1	13	82	13	83	2.47e-08	39.7
A2/197	A114/1-98	31.683	101	60	2	2	97	2	98	3.28e-08	39.3
A2/197	A151/1-99	32.895	76	45	2	20	91	20	93	4.55e-08	38.9
A2/197	A136/1-98	27.711	83	59	1	1	82	1	83	1.20e-07	37.7
A2/197	A81/1-98	30.000	100	65	2	1	97	1	98	1.36e-07	37.7
A2/197	A125/1-98	26.733	101	65	2	2	97	2	98	2.62e-07	37.0
A2/197	A93/1-99	26.437	87	62	2	13	97	13	99	3.13e-07	36.6
A2/197	A49/1-100	27.059	85	59	1	12	93	12	96	7.79e-07	35.4
A3/198	A3/1-98	100.000	98	0	0	1	98	1	98	1.95e-72	202
A3/198	A74/1-98	48.980	98	50	0	1	98	1	98	1.27e-31	99.0
A3/198	A96/1-98	48.454	97	50	0	2	98	2	98	1.98e-29	93.6
A3/198	A118/1-98	48.454	97	50	0	2	98	2	98	5.29e-29	92.4
A3/198	A107/1-98	45.918	98	53	0	1	98	1	98	2.08e-27	88.6
A3/198	A85/1-98	46.392	97	52	0	2	98	2	98	3.21e-27	87.8
A3/198	A17/1-103	41.748	103	55	1	1	98	1	103	2.62e-26	85.5
A3/198	A28/1-100	43.434	99	54	1	2	98	2	100	2.73e-26	85.5
A3/198	A136/1-98	42.708	96	55	0	2	97	2	97	3.55e-26	85.5
A3/198	A137/1-98	50.000	92	44	2	1	91	1	91	8.69e-26	84.3
A3/198	A158/1-98	42.268	97	56	0	2	98	2	98	2.06e-25	83.2
A3/198	A155/1-98	41.860	86	50	0	2	87	2	87	5.67e-25	82.4
A3/198	A147/1-98	46.000	100	50	2	1	98	1	98	8.68e-25	81.6
A3/198	A70/1-98	42.268	97	56	0	2	98	2	98	2.42e-24	80.5
A3/198	A148/1-102	43.137	102	54	2	1	98	1	102	2.47e-24	80.5
A3/198	A78/1-96	39.175	97	57	1	2	98	2	96	2.50e-24	80.5
A3/198	A41/1-98	45.361	97	50	1	2	98	5	98	3.11e-24	80.5
A3/198	A63/1-98	47.253	91	48	0	1	91	1	91	3.28e-24	80.5
A3/198	A24/1-98	40.206	97	58	0	2	98	2	98	5.14e-24	79.7
A3/198	A49/1-100	43.750	96	52	1	1	94	1	96	1.13e-23	79.0
A3/198	A60/1-99	45.652	92	49	1	1	91	1	92	1.63e-23	78.6
A3/198	A14/1-100	44.000	100	54	1	1	98	1	100	2.61e-23	78.2
A3/198	A7/1-97	37.500	96	59	1	1	96	2	96	3.99e-23	77.4
A3/198	A56/1-93	44.444	90	47	2	2	91	2	88	4.54e-23	77.4
A3/198	A52/1-98	44.792	96	50	1	3	98	6	98	7.18e-23	77.0
A3/198	A111/1-96	43.878	98	53	1	1	98	1	96	1.20e-22	76.3
A3/198	A115/1-99	41.414	99	57	1	1	98	1	99	1.24e-22	76.3
A3/198	A42/1-104	41.489	94	49	3	1	88	1	94	1.83e-22	75.9
A3/198	A141/1-98	37.755	98	61	0	1	98	1	98	3.45e-22	75.1
A3/198	A114/1-98	37.755	98	61	0	1	98	1	98	5.69e-22	74.7
A3/198	A82/1-99	44.444	99	54	1	1	98	1	99	9.28e-22	73.9
A3/198	A122/1-96	36.559	93	57	1	2	94	2	92	1.22e-21	73.9
A3/198	A163/1-98	36.170	94	60	0	2	95	2	95	1.23e-21	73.9
A3/198	A81/1-98	37.778	90	56	0	2	91	2	91	1.78e-21	73.2
A3/198	A20/1-102	41.584	101	52	2	2	98	5	102	1.86e-21	73.2
A3/198	A104/1-99	44.444	99	54	1	1	98	1	99	1.93e-21	73.2
A3/198	A126/1-99	35.052	97	62	1	3	98	3	99	2.01e-21	73.2
A3/198	A34/1-97	42.268	97	55	1	1	97	1	96	2.03e-21	73.2
A3/198	A100/1-96	38.776	98	58	1	1	98	1	96	3.62e-21	72.4
A3/198	A35/1-99	38.636	88	53	1	1	87	1	88	3.82e-21	72.4
A3/198	A93/1-99	43.434	99	55	1	1	98	1	99	5.24e-21	72.0
A3/198	A45/1-98	43.956	91	47	2	2	90	2	90	9.03e-21	71.6
A3/198	A125/1-98	35.052	97	63	0	2	98	2	98	1.01e-20	71.6
A3/198	A26/1-97	46.237	93	36	3	2	87	2	87	1.13e-20	71.2
A3/198	A53/1-99	39.326	89	53	1	1	88	1	89	1.16e-20	71.2
A3/198	A89/1-96	39.175	97	57	1	2	98	2	96	2.20e-20	70.5
A3/198	A88/1-97	37.624	101	54	2	2	98	2	97	2.95e-20	70.1
A3/198	A51/1-96	37.363	91	56	1	2	92	2	91	4.71e-20	69.7
A3/198	A66/1-97	39.394	99	51	2	2	96	2	95	4.87e-20	69.7
A3/198	A130/1-99	36.364	99	62	1	1	98	1	99	6.60e-20	69.3
A3/198	A103/1-98	36.667	90	57	0	2	91	2	91	9.25e-20	68.9
A3/198	A162/1-99	37.079	89	56	0	10	98	11	99	1.14e-19	68.9
A3/198	A62/1-96	43.299	97	53	2	2	98	2	96	1.31e-19	68.6
A3/198	A128/1-97	44.828	87	45	2	1	87	4	87	1.40e-19	68.6
A3/198	A55/1-97	36.842	95	59	1	2	96	2	95	1.49e-19	68.6
A3/198	A10/1-98	39.773	88	53	0	1	88	1	88	1.49e-19	68.6
A3/198	A144/1-96	39.326	89	52	1	2	90	2	88	1.65e-19	68.2
A3/198	A67/1-95	38.462	91	54	1	2	92	2	90	2.07e-19	68.2
A3/198	A59/1-98	38.144	97	57	1	2	98	5	98	2.96e-19	67.8
A3/198	A13/1-103	41.346	104	52	2	2	98	2	103	4.05e-19	67.4
A3/198	A58/1-97	41.304	92	53	1	1	92	2	92	4.82e-19	67.0
A3/198	A6/1-97	41.489	94	51	2	1	94	1	90	4.88e-19	67.0
A3/198	A48/1-98	38.889	90	55	0	2	91	2	91	5.21e-19	67.0
A3/198	A159/1-98	38.636	88	54	0	1	88	1	88	6.26e-19	67.0
A3/198	A77/1-97	40.206	97	53	2	2	96	2	95	8.21e-19	66.6
A3/198	A110/1-97	34.737	95	61	1	2	96	2	95	8.58e-19	66.6
A3/198	A19/1-97	41.489	94	53	2	2	94	2	94	9.36e-19	66.2
A3/198	A84/1-97	40.217	92	52	2	1	92	4	92	1.34e-18	65.9
A3/198	A92/1-98	32.653	98	63	1	1	98	4	98	2.74e-18	65.1
A3/198	A140/1-99	42.857	84	47	1	2	84	2	85	3.02e-18	65.1
A3/198	A119/1-97	36.957	92	57	1	2	93	2	92	3.19e-18	65.1
A3/198	A47/1-96	42.529	87	47	2	1	87	4	87	6.05e-18	64.3
A3/198	A31/1-95	35.870	92	57	1	1	92	1	90	1.05e-17	63.9
A3/198	A152/1-99	35.556	90	57	1	2	90	2	91	1.11e-17	63.5
A3/198	A75/1-99	34.694	98	63	1	2	98	2	99	1.28e-17	63.5
A3/198	A167/1-98	38.750	80	49	0	14	93	14	93	1.32e-17	63.5
A3/198	A151/1-99	41.758	91	52	1	2	91	2	92	1.54e-17	63.2
A3/198	A124/1-97	38.372	86	51	2	2	86	2	86	1.85e-17	63.2
A3/198	A129/1-98	41.111	90	50	1	2	88	2	91	2.11e-17	63.2
A3/198	A64/1-99	34.831	89	57	1	1	88	1	89	3.01e-17	62.4
A3/198	A27/1-98	40.206	97	50	4	2	97	5	94	3.62e-17	62.4
A3/198	A97/1-99	32.955	88	58	1	2	88	2	89	3.82e-17	62.4
A3/198	A21/1-98	43.956	91	50	1	1	91	2	91	4.04e-17	62.4
A3/198	A105/1-97	41.489	94	52	2	1	94	4	94	5.77e-17	62.0
A3/198	A95/1-97	39.130	92	53	2	1	92	4	92	5.84e-17	62.0
A3/198	A108/1-99	31.461	89	60	1	1	88	1	89	7.33e-17	61.6
A3/198	A161/1-98	35.106	94	60	1	1	94	2	94	7.41e-17	61.6
A3/198	A91/1-97	40.000	85	49	2	2	85	2	85	7.41e-17	61.6
A3/198	A16/1-97	37.113	97	60	1	2	98	2	97	8.81e-17	61.2
A3/198	A80/1-97	42.353	85	47	2	2	85	2	85	9.20e-17	61.2
A3/198	A132/1-97	36.264	91	57	1	8	98	8	97	1.18e-16	61.2
A3/198	A113/1-96	35.556	90	57	1	2	91	2	90	1.65e-16	60.8
A3/198	A30/1-97	37.113	97	60	1	2	98	2	97	1.76e-16	60.5
A3/198	A71/1-99	41.489	94	51	1	1	90	1	94	1.90e-16	60.5
A3/198	A33/1-97	38.043	92	55	2	2	92	2	92	1.90e-16	60.5
A3/198	A40/1-96	35.484	93	55	2	2	92	2	91	1.44e-15	58.2
A3/198	A5/1-98	37.634	93	55	2	2	92	2	93	2.05e-15	57.8
A3/198	A102/1-97	39.080	87	51	2	2	87	2	87	3.89e-15	57.0
A3/198	A121/1-97	34.066	91	51	2	2	88	2	87	4.10e-15	57.0
A3/198	A139/1-97	40.000	85	50	1	8	92	9	92	5.32e-15	57.0
A3/198	A154/1-97	36.170	94	51	2	2	91	2	90	7.12e-15	56.6
A3/198	A133/1-95	31.183	93	62	1	2	94	2	92	1.22e-14	55.8
A3/198	A143/1-97	31.959	97	65	1	2	98	2	97	1.86e-14	55.5
A3/198	A86/1-99	34.884	86	55	1	2	86	2	87	1.90e-14	55.5
A3/198	A99/1-97	28.866	97	68	1	2	98	2	97	3.67e-14	54.7
A3/198	A73/1-97	35.870	92	56	2	1	92	4	92	3.92e-14	54.7
A3/198	A23/1-98	40.541	74	43	1	11	84	12	84	5.18e-14	54.3
A3/198	A166/1-99	36.364	88	53	3	2	87	2	88	1.35e-13	53.1
A3/198	A44/1-97	32.990	97	64	1	2	98	2	97	1.52e-13	53.1
A3/198	A135/1-97	39.189	74	42	2	15	87	16	87	1.75e-13	52.8
A3/198	A146/1-97	34.118	85	55	1	8	92	9	92	1.97e-13	52.8
A3/198	A117/1-97	34.694	98	61	3	2	98	2	97	1.97e-13	52.8
A3/198	A157/1-97	36.905	84	51	2	2	84	2	84	2.15e-13	52.8
A3/198	A37/1-96	31.959	97	64	1	2	98	2	96	3.42e-13	52.0
A3/198	A2/1-97	31.068	103	58	2	2	98	2	97	3.49e-13	52.0
A3/198	A69/1-97	33.333	84	54	2	2	84	2	84	4.87e-13	51.6
A3/198	A12/1-98	34.066	91	57	2	2	90	2	91	5.54e-13	51.6
A3/198	A9/1-95	34.737	95	52	2	2	92	2	90	1.27e-12	50.8
A3/198	A150/1-96	35.165	91	58	1	2	92	2	91	1.46e-12	50.4
A3/198	A38/1-98	28.235	85	61	0	2	86	2	86	2.55e-12	50.1
A5/198	A5/1-98	100.000	98	0	0	1	98	1	98	7.11e-72	201
A5/198	A51/1-96	43.299	97	53	1	2	98	2	96	4.50e-28	90.1
A5/198	A26/1-97	46.939	98	49	2	2	98	2	97	2.22e-27	88.2
A5/198	A19/1-97	40.816	98	55	2	2	98	2	97	4.92e-27	87.4
A5/198	A58/1-97	43.299	97	52	2	2	97	2	96	1.36e-26	86.3
A5/198	A40/1-96	46.875	96	49	1	2	97	2	95	2.73e-26	85.5
A5/198	A12/1-98	41.237	97	57	0	2	98	2	98	2.98e-26	85.5
A5/198	A55/1-97	44.211	95	51	1	1	95	1	93	3.47e-26	85.5
A5/198	A121/1-97	42.105	95	53	1	1	95	1	93	5.61e-25	82.4
A5/198	A33/1-97	46.392	97	49	2	2	97	2	96	6.40e-25	82.0
A5/198	A44/1-97	41.414	99	55	2	1	98	1	97	1.39e-24	81.3
A5/198	A84/1-97	41.837	98	54	2	2	98	2	97	1.65e-24	81.3
A5/198	A62/1-96	40.206	97	56	1	2	98	2	96	1.84e-24	80.9
A5/198	A128/1-97	42.268	97	52	2	2	98	5	97	4.13e-24	80.1
A5/198	A66/1-97	44.444	99	52	2	1	98	1	97	4.31e-24	80.1
A5/198	A47/1-96	43.878	98	52	2	1	97	1	96	1.28e-23	79.0
A5/198	A99/1-97	41.573	89	50	1	1	89	1	87	1.69e-23	78.6
A5/198	A30/1-97	41.837	98	54	2	2	98	2	97	3.78e-23	77.8
A5/198	A150/1-96	35.714	98	61	1	1	98	1	96	4.85e-23	77.4
A5/198	A102/1-97	40.206	97	55	2	2	97	2	96	5.71e-23	77.0
A5/198	A124/1-97	46.429	84	42	2	2	84	2	83	9.23e-23	76.6
A5/198	A91/1-97	42.268	97	53	2	2	97	2	96	2.02e-22	75.9
A5/198	A135/1-97	40.909	88	50	1	10	97	11	96	2.93e-22	75.5
A5/198	A77/1-97	42.697	89	49	1	1	89	1	87	4.57e-22	74.7
A5/198	A88/1-97	42.697	89	49	1	1	89	1	87	4.88e-22	74.7
A5/198	A73/1-97	38.542	96	56	2	2	96	2	95	1.36e-21	73.6
A5/198	A95/1-97	42.424	99	52	3	2	98	2	97	1.71e-21	73.6
A5/198	A157/1-97	40.698	86	48	2	2	86	2	85	4.04e-21	72.4
A5/198	A110/1-97	37.079	89	54	1	1	89	1	87	5.41e-21	72.0
A5/198	A69/1-97	37.113	97	58	2	2	97	2	96	7.18e-21	71.6
A5/198	A105/1-97	37.500	96	57	2	2	96	2	95	1.93e-20	70.9
A5/198	A161/1-98	40.449	89	46	2	10	98	11	92	6.05e-20	69.3
A5/198	A80/1-97	38.144	97	57	2	2	97	2	96	9.87e-20	68.9
A5/198	A103/1-98	41.414	99	54	3	2	98	2	98	1.14e-19	68.9
A5/198	A113/1-96	36.458	96	59	1	2	97	2	95	1.63e-19	68.6
A5/198	A143/1-97	36.364	99	60	2	1	98	1	97	1.98e-19	68.2
A5/198	A16/1-97	41.379	87	49	1	2	88	2	86	2.80e-19	67.8
A5/198	A74/1-98	42.553	94	51	2	2	94	2	93	3.76e-19	67.4
A5/198	A78/1-96	38.776	98	56	3	2	98	2	96	4.72e-19	67.0
A5/198	A63/1-98	38.384	99	57	3	2	98	2	98	6.68e-19	66.6
A5/198	A35/1-99	37.755	98	60	1	2	98	2	99	7.70e-19	66.6
A5/198	A132/1-97	39.326	89	52	1	1	89	1	87	8.96e-19	66.6
A5/198	A167/1-98	44.048	84	44	2	2	84	2	83	1.13e-18	66.2
A5/198	A146/1-97	37.000	100	56	3	2	98	2	97	1.40e-18	65.9
A5/198	A56/1-93	39.796	98	54	3	1	98	1	93	1.41e-18	65.9
A5/198	A119/1-97	36.735	98	59	2	2	98	2	97	1.83e-18	65.9
A5/198	A9/1-95	39.796	98	56	2	1	98	1	95	1.85e-18	65.9
A5/198	A166/1-99	40.741	81	47	1	8	88	9	88	2.41e-18	65.5
A5/198	A139/1-97	35.714	98	60	2	1	97	1	96	4.92e-18	64.7
A5/198	A158/1-98	39.394	99	56	4	2	98	2	98	6.75e-18	64.3
A5/198	A107/1-98	44.318	88	46	2	2	88	2	87	7.85e-18	63.9
A5/198	A42/1-104	39.785	93	51	2	2	89	2	94	7.94e-18	63.9
A5/198	A13/1-103	40.196	102	56	2	2	98	2	103	8.11e-18	63.9
A5/198	A100/1-96	37.755	98	57	3	2	98	2	96	1.20e-17	63.5
A5/198	A97/1-99	41.573	89	44	3	2	86	2	86	1.54e-17	63.2
A5/198	A81/1-98	40.404	99	55	3	2	98	2	98	1.71e-17	63.2
A5/198	A23/1-98	38.384	99	57	3	2	98	2	98	1.79e-17	63.2
A5/198	A89/1-96	37.755	98	57	2	2	98	2	96	3.54e-17	62.4
A5/198	A96/1-98	42.045	88	48	2	2	88	2	87	5.96e-17	62.0
A5/198	A67/1-95	36.082	97	59	2	2	98	2	95	9.00e-17	61.2
A5/198	A37/1-96	38.144	97	54	4	2	96	2	94	1.32e-16	60.8
A5/198	A130/1-99	36.000	100	59	3	2	98	2	99	1.36e-16	60.8
A5/198	A2/1-97	36.735	98	59	2	2	98	2	97	1.40e-16	60.8
A5/198	A137/1-98	35.106	94	56	3	4	95	4	94	1.53e-16	60.8
A5/198	A41/1-98	39.394	99	56	3	2	98	2	98	1.63e-16	60.8
A5/198	A28/1-100	39.604	101	55	3	2	98	2	100	1.90e-16	60.5
A5/198	A75/1-99	37.363	91	53	2	2	90	2	90	1.96e-16	60.5
A5/198	A154/1-97	35.955	89	55	1	1	89	1	87	2.24e-16	60.5
A5/198	A129/1-98	42.529	87	49	1	1	87	1	86	2.41e-16	60.1
A5/198	A92/1-98	38.384	99	57	3	2	98	2	98	2.46e-16	60.1
A5/198	A7/1-97	35.714	98	59	3	2	98	3	97	5.67e-16	59.3
A5/198	A20/1-102	37.864	103	56	3	2	98	2	102	5.86e-16	59.3
A5/198	A27/1-98	41.000	100	53	4	2	98	2	98	6.18e-16	59.3
A5/198	A141/1-98	38.636	88	53	1	2	89	2	88	6.96e-16	58.9
A5/198	A141/1-98	75.000	8	2	0	85	92	2	9	8.2	16.2
A5/198	A31/1-95	39.785	93	53	2	2	94	2	91	7.76e-16	58.9
A5/198	A155/1-98	40.449	89	48	3	2	88	2	87	8.65e-16	58.9
A5/198	A24/1-98	38.776	98	58	2	2	98	2	98	8.93e-16	58.9
A5/198	A48/1-98	37.634	93	53	3	2	93	2	90	9.95e-16	58.5
A5/198	A140/1-99	41.026	78	42	2	12	87	12	87	1.11e-15	58.5
A5/198	A52/1-98	40.217	92	51	3	9	98	9	98	1.73e-15	58.2
A5/198	A3/1-98	37.634	93	55	2	2	93	2	92	2.05e-15	57.8
A5/198	A111/1-96	33.673	98	61	3	2	98	2	96	2.24e-15	57.8
A5/198	A6/1-97	41.584	101	50	5	2	98	2	97	2.58e-15	57.8
A5/198	A125/1-98	35.000	100	61	3	1	98	1	98	2.97e-15	57.4
A5/198	A86/1-99	40.230	87	48	2	2	86	2	86	3.20e-15	57.4
A5/198	A136/1-98	37.079	89	53	2	2	89	2	88	3.84e-15	57.0
A5/198	A108/1-99	37.363	91	53	2	2	90	2	90	3.93e-15	57.0
A5/198	A117/1-97	32.653	98	63	2	2	98	2	97	4.24e-15	57.0
A5/198	A159/1-98	38.202	89	52	2	2	89	2	88	4.52e-15	57.0
A5/198	A152/1-99	35.714	84	54	0	1	84	1	84	4.82e-15	57.0
A5/198	A126/1-99	34.694	98	59	3	4	98	4	99	6.39e-15	56.6
A5/198	A34/1-97	37.755	98	52	3	2	98	2	91	6.39e-15	56.6
A5/198	A85/1-98	43.750	80	39	3	13	88	13	90	1.30e-14	55.8
A5/198	A45/1-98	35.632	87	55	1	2	88	2	87	2.14e-14	55.5
A5/198	A144/1-96	35.632	87	53	1	2	88	2	85	2.26e-14	55.1
A5/198	A104/1-99	37.000	100	55	4	2	98	5	99	2.90e-14	55.1
A5/198	A118/1-98	33.673	98	62	2	2	98	2	97	3.83e-14	54.7
A5/198	A162/1-99	35.955	89	53	3	12	98	13	99	3.92e-14	54.7
A5/198	A59/1-98	42.268	97	50	4	4	98	6	98	4.86e-14	54.3
A5/198	A147/1-98	33.333	99	62	3	2	98	2	98	7.16e-14	53.9
A5/198	A60/1-99	33.333	90	55	3	12	98	12	99	9.90e-14	53.5
A5/198	A17/1-103	33.333	102	63	2	2	98	2	103	1.19e-13	53.5
A5/198	A70/1-98	35.354	99	60	3	2	98	2	98	1.32e-13	53.1
A5/198	A122/1-96	36.782	87	52	1	2	88	2	85	1.51e-13	53.1
A5/198	A93/1-99	33.708	89	54	3	13	98	13	99	1.99e-13	52.8
A5/198	A53/1-99	38.372	86	47	3	2	84	2	84	2.39e-13	52.8
A5/198	A38/1-98	32.990	97	64	1	2	98	2	97	4.62e-13	52.0
A5/198	A114/1-98	34.653	101	58	3	2	98	2	98	9.91e-13	50.8
A5/198	A151/1-99	32.184	87	49	2	15	96	15	96	1.44e-12	50.4
A5/198	A64/1-99	36.264	91	54	2	2	90	2	90	2.32e-12	50.1
A5/198	A133/1-95	32.990	97	62	1	2	98	2	95	4.01e-12	49.3
A5/198	A163/1-98	35.227	88	54	2	2	88	2	87	4.81e-12	49.3
A5/198	A21/1-98	43.678	87	47	2	2	88	3	87	5.47e-12	48.9
A5/198	A82/1-99	35.714	84	48	3	2	84	5	83	6.02e-12	48.9
A5/198	A10/1-98	31.000	100	62	2	2	98	2	97	7.87e-12	48.5
A5/198	A115/1-99	32.653	98	61	3	4	98	4	99	8.67e-12	48.5
A5/198	A14/1-100	35.556	90	53	2	2	88	2	89	1.06e-11	48.1
A5/198	A148/1-102	34.667	75	47	2	12	84	12	86	1.42e-11	48.1
A5/198	A71/1-99	33.333	84	50	3	2	84	5	83	3.06e-10	44.7
A5/198	A49/1-100	31.250	80	50	2	12	88	12	89	3.07e-08	39.3
A6/197	A6/1-97	100.000	97	0	0	1	97	1	97	2.41e-71	199
A6/197	A20/1-102	53.465	101	42	2	2	97	2	102	3.28e-32	100
A6/197	A27/1-98	54.639	97	43	1	2	97	2	98	7.57e-31	97.1
A6/197	A34/1-97	55.208	96	41	2	1	95	1	95	3.50e-30	95.5
A6/197	A13/1-103	52.941	102	42	2	2	97	2	103	9.49e-29	91.7
A6/197	A85/1-98	50.515	97	47	1	2	97	2	98	4.33e-28	90.1
A6/197	A147/1-98	45.918	98	52	1	1	97	1	98	3.20e-26	85.5
A6/197	A92/1-98	41.237	97	56	1	2	97	2	98	1.86e-25	83.6
A6/197	A107/1-98	48.352	91	46	1	1	90	1	91	2.66e-25	83.2
A6/197	A70/1-98	46.392	97	51	1	2	97	2	98	3.46e-25	82.8
A6/197	A59/1-98	49.485	97	48	1	2	97	2	98	6.03e-25	82.0
A6/197	A52/1-98	43.878	98	54	1	1	97	1	98	1.10e-24	81.6
A6/197	A114/1-98	45.918	98	52	1	1	97	1	98	1.80e-24	80.9
A6/197	A63/1-98	48.913	92	46	1	1	91	1	92	2.23e-24	80.9
A6/197	A129/1-98	46.392	97	51	1	2	97	2	98	4.49e-24	80.1
A6/197	A136/1-98	45.652	92	46	2	2	92	2	90	5.23e-24	79.7
A6/197	A103/1-98	43.299	97	54	1	2	97	2	98	1.11e-23	79.0
A6/197	A125/1-98	45.361	97	52	1	2	97	2	98	2.04e-23	78.2
A6/197	A81/1-98	44.330	97	53	1	2	97	2	98	3.48e-23	77.8
A6/197	A74/1-98	45.055	91	49	1	1	90	1	91	7.07e-23	77.0
A6/197	A41/1-98	46.392	97	51	1	2	97	2	98	3.18e-22	75.1
A6/197	A158/1-98	41.237	97	56	1	2	97	2	98	4.79e-21	72.4
A6/197	A96/1-98	43.333	90	50	1	2	90	2	91	8.71e-21	71.6
A6/197	A48/1-98	41.304	92	50	2	2	92	2	90	1.77e-20	70.9
A6/197	A118/1-98	45.055	91	46	2	2	88	2	92	2.42e-20	70.5
A6/197	A162/1-99	37.079	89	55	1	10	97	11	99	2.02e-19	68.2
A6/197	A167/1-98	40.426	94	55	1	2	94	2	95	2.59e-19	67.8
A6/197	A3/1-98	41.489	94	51	2	1	90	1	94	4.71e-19	67.0
A6/197	A140/1-99	45.882	85	44	2	2	84	2	86	5.91e-19	67.0
A6/197	A24/1-98	40.206	97	57	1	2	97	2	98	1.49e-18	65.9
A6/197	A137/1-98	42.857	91	48	3	1	90	1	88	2.56e-18	65.1
A6/197	A148/1-102	39.216	102	57	3	1	97	1	102	4.04e-18	64.7
A6/197	A163/1-98	35.366	82	52	1	2	82	2	83	1.73e-17	63.2
A6/197	A53/1-99	39.796	98	54	3	1	96	1	95	4.07e-17	62.4
A6/197	A60/1-99	40.217	92	52	2	1	91	1	90	6.15e-17	61.6
A6/197	A104/1-99	38.542	96	56	2	1	95	1	94	6.22e-17	61.6
A6/197	A71/1-99	38.542	96	56	2	1	95	1	94	7.31e-17	61.6
A6/197	A159/1-98	36.047	86	54	1	1	85	1	86	8.33e-17	61.2
A6/197	A82/1-99	39.583	96	55	2	1	95	1	94	8.33e-17	61.2
A6/197	A14/1-100	43.617	94	47	3	1	91	1	91	2.16e-16	60.5
A6/197	A35/1-99	37.931	87	52	2	1	85	1	87	2.18e-16	60.5
A6/197	A111/1-96	39.759	83	47	2	1	82	1	81	3.30e-16	59.7
A6/197	A28/1-100	42.857	84	45	2	2	82	2	85	4.41e-16	59.7
A6/197	A161/1-98	39.796	98	53	4	2	94	2	98	6.59e-16	58.9
A6/197	A23/1-98	36.905	84	51	2	9	91	10	92	1.18e-15	58.5
A6/197	A10/1-98	37.778	90	55	1	1	89	1	90	1.18e-15	58.5
A6/197	A7/1-97	35.714	84	53	1	2	84	2	85	1.30e-15	58.5
A6/197	A5/1-98	41.584	101	50	5	2	97	2	98	2.49e-15	57.8
A6/197	A121/1-97	39.286	84	49	2	2	84	2	84	3.60e-15	57.4
A6/197	A115/1-99	37.805	82	50	1	1	81	1	82	4.01e-15	57.0
A6/197	A93/1-99	39.604	101	52	5	1	97	4	99	5.03e-15	57.0
A6/197	A86/1-99	36.364	88	54	2	2	87	2	89	5.73e-15	56.6
A6/197	A119/1-97	34.021	97	62	2	2	97	2	97	6.11e-15	56.6
A6/197	A19/1-97	39.796	98	54	4	1	97	4	97	8.45e-15	56.2
A6/197	A78/1-96	36.957	92	52	3	2	89	2	91	9.02e-15	56.2
A6/197	A89/1-96	36.170	94	51	3	2	94	2	87	1.13e-14	55.8
A6/197	A33/1-97	40.217	92	49	4	2	91	2	89	1.16e-14	55.8
A6/197	A113/1-96	35.955	89	54	3	4	90	3	90	1.33e-14	55.8
A6/197	A17/1-103	37.864	103	58	2	1	97	1	103	1.37e-14	55.8
A6/197	A58/1-97	40.698	86	48	3	2	85	2	86	2.74e-14	55.1
A6/197	A151/1-99	41.791	67	37	2	18	82	18	84	3.15e-14	54.7
A6/197	A31/1-95	41.176	85	47	3	1	84	1	83	3.63e-14	54.7
A6/197	A49/1-100	37.113	97	58	2	1	94	1	97	4.13e-14	54.7
A6/197	A130/1-99	34.343	99	63	2	1	97	1	99	6.16e-14	53.9
A6/197	A105/1-97	39.535	86	48	3	1	85	4	86	7.81e-14	53.9
A6/197	A108/1-99	33.333	87	56	2	1	85	1	87	1.81e-13	52.8
A6/197	A51/1-96	32.632	95	60	3	2	93	2	95	2.13e-13	52.8
A6/197	A152/1-99	35.227	88	55	2	2	87	2	89	2.55e-13	52.4
A6/197	A67/1-95	35.366	82	50	2	2	82	2	81	2.64e-13	52.4
A6/197	A146/1-97	38.961	77	45	2	10	85	11	86	3.00e-13	52.4
A6/197	A135/1-97	36.905	84	50	3	1	82	1	83	3.20e-13	52.4
A6/197	A126/1-99	32.432	74	49	1	10	82	10	83	3.57e-13	52.0
A6/197	A124/1-97	36.145	83	49	3	1	82	4	83	4.06e-13	52.0
A6/197	A66/1-97	35.632	87	54	2	12	97	12	97	4.24e-13	52.0
A6/197	A55/1-97	36.905	84	51	2	2	84	2	84	4.57e-13	52.0
A6/197	A84/1-97	34.884	86	52	3	1	85	4	86	4.82e-13	51.6
A6/197	A40/1-96	38.824	85	47	3	10	93	10	90	5.37e-13	51.6
A6/197	A95/1-97	41.379	87	46	4	2	85	2	86	5.79e-13	51.6
A6/197	A157/1-97	33.333	87	54	3	1	86	4	87	9.49e-13	50.8
A6/197	A80/1-97	36.364	88	50	4	1	86	4	87	1.40e-12	50.4
A6/197	A44/1-97	40.789	76	43	2	10	84	10	84	1.41e-12	50.4
A6/197	A91/1-97	34.021	97	60	4	2	96	2	96	1.46e-12	50.4
A6/197	A100/1-96	38.554	83	48	2	1	82	1	81	1.49e-12	50.4
A6/197	A26/1-97	38.554	83	48	3	2	82	2	83	1.89e-12	50.1
A6/197	A77/1-97	39.286	84	49	2	2	84	2	84	2.17e-12	50.1
A6/197	A30/1-97	36.735	98	58	3	2	97	2	97	3.27e-12	49.7
A6/197	A155/1-98	34.737	95	58	2	2	95	2	93	3.68e-12	49.3
A6/197	A88/1-97	36.170	94	54	3	2	92	2	92	4.14e-12	49.3
A6/197	A42/1-104	35.870	92	52	3	1	85	1	92	4.23e-12	49.3
A6/197	A154/1-97	34.940	83	52	2	10	91	10	91	5.30e-12	48.9
A6/197	A38/1-98	34.146	82	53	1	2	82	2	83	5.47e-12	48.9
A6/197	A62/1-96	32.941	85	55	2	2	85	2	85	7.31e-12	48.5
A6/197	A16/1-97	36.905	84	51	2	2	84	2	84	7.31e-12	48.5
A6/197	A73/1-97	37.209	86	51	3	2	85	2	86	8.14e-12	48.5
A6/197	A141/1-98	32.941	85	56	1	1	84	1	85	1.21e-11	48.1
A6/197	A97/1-99	32.955	88	57	2	2	87	2	89	1.28e-11	48.1
A6/197	A132/1-97	32.990	97	63	2	2	97	2	97	1.45e-11	47.8
A6/197	A69/1-97	34.118	85	52	3	1	84	4	85	2.00e-11	47.8
A6/197	A45/1-98	39.024	82	49	1	2	82	2	83	2.33e-11	47.4
A6/197	A2/1-97	36.782	87	53	2	12	97	12	97	2.73e-11	47.4
A6/197	A144/1-96	37.805	82	48	2	2	82	2	81	2.98e-11	47.0
A6/197	A143/1-97	34.118	85	54	2	2	85	2	85	2.98e-11	47.0
A6/197	A37/1-96	41.558	77	40	3	10	84	10	83	3.81e-11	47.0
A6/197	A56/1-93	39.474	76	42	3	10	84	10	82	3.85e-11	47.0
A6/197	A110/1-97	29.348	92	63	2	2	92	2	92	4.47e-11	46.6
A6/197	A9/1-95	36.486	74	43	3	13	84	12	83	4.62e-11	46.6
A6/197	A128/1-97	33.721	86	54	3	2	85	2	86	1.02e-10	45.8
A6/197	A122/1-96	35.366	82	50	2	2	82	2	81	2.42e-10	44.7
A6/197	A75/1-99	33.721	86	55	2	2	85	2	87	3.79e-10	44.3
A6/197	A99/1-97	33.333	84	54	2	2	84	2	84	3.96e-10	44.3
A6/197	A166/1-99	34.940	83	52	2	2	82	2	84	8.71e-10	43.5
A6/197	A117/1-97	29.070	86	58	3	2	85	2	86	1.35e-09	42.7
A6/197	A64/1-99	33.333	87	56	2	1	85	1	87	1.61e-09	42.7
A6/197	A21/1-98	38.824	85	51	1	2	85	2	86	2.44e-09	42.0
A6/197	A102/1-97	29.787	94	59	4	1	93	4	91	4.16e-09	41.6
A6/197	A47/1-96	32.530	83	53	3	2	82	2	83	5.54e-09	41.2
A6/197	A139/1-97	32.558	86	55	3	12	96	13	96	7.45e-09	40.8
A6/197	A150/1-96	33.333	84	54	2	2	84	2	84	8.20e-09	40.8
A6/197	A133/1-95	31.081	74	48	2	10	82	10	81	1.86e-06	34.7
A6/197	A12/1-98	29.762	84	55	3	2	82	2	84	5.20e-06	33.5
A7/197	A7/1-97	100.000	97	0	0	1	97	1	97	2.47e-70	196
A7/197	A159/1-98	43.820	89	49	1	2	89	1	89	3.31e-26	85.5
A7/197	A141/1-98	43.820	89	49	1	2	89	1	89	5.41e-26	84.7
A7/197	A24/1-98	38.144	97	59	1	2	97	2	98	1.21e-23	79.0
A7/197	A28/1-100	42.424	99	53	3	3	97	2	100	2.77e-23	77.8
A7/197	A3/1-98	37.500	96	59	1	2	96	1	96	3.84e-23	77.4
A7/197	A21/1-98	44.086	93	52	0	1	93	1	93	1.83e-22	75.9
A7/197	A14/1-100	44.565	92	48	2	2	90	1	92	1.83e-22	75.9
A7/197	A108/1-99	38.202	89	53	2	2	88	1	89	2.82e-22	75.5
A7/197	A64/1-99	38.776	98	58	2	2	97	1	98	6.93e-21	71.6
A7/197	A152/1-99	42.169	83	46	2	3	83	2	84	1.07e-20	71.2
A7/197	A35/1-99	38.776	98	58	2	2	97	1	98	1.75e-20	70.9
A7/197	A53/1-99	37.363	91	53	3	2	89	1	90	1.42e-19	68.6
A7/197	A75/1-99	41.379	87	49	2	3	87	2	88	1.64e-19	68.2
A7/197	A67/1-95	35.417	96	59	2	3	97	2	95	1.85e-19	68.2
A7/197	A130/1-99	37.778	90	54	2	2	89	1	90	1.93e-19	68.2
A7/197	A148/1-102	36.735	98	57	2	5	97	5	102	7.19e-19	66.6
A7/197	A129/1-98	38.636	88	53	1	3	89	2	89	1.22e-18	66.2
A7/197	A85/1-98	38.372	86	53	0	2	87	2	87	3.47e-18	65.1
A7/197	A17/1-103	35.922	103	59	3	2	97	1	103	4.00e-18	64.7
A7/197	A13/1-103	38.000	100	56	2	3	96	2	101	4.36e-18	64.7
A7/197	A63/1-98	38.202	89	54	1	2	89	1	89	6.51e-18	64.3
A7/197	A136/1-98	33.684	95	62	1	3	96	2	96	1.07e-17	63.5
A7/197	A86/1-99	38.824	85	50	2	3	85	2	86	1.22e-17	63.5
A7/197	A74/1-98	34.375	96	62	1	2	96	1	96	2.64e-17	62.8
A7/197	A56/1-93	38.043	92	53	3	3	93	2	90	3.42e-17	62.4
A7/197	A111/1-96	39.080	87	47	3	5	87	1	85	3.50e-17	62.4
A7/197	A59/1-98	33.721	86	57	0	2	87	2	87	4.39e-17	62.0
A7/197	A158/1-98	31.959	97	64	2	3	97	2	98	5.89e-17	61.6
A7/197	A107/1-98	37.079	89	55	1	2	89	1	89	6.42e-17	61.6
A7/197	A20/1-102	33.708	89	55	1	2	86	2	90	7.39e-17	61.6
A7/197	A151/1-99	38.889	90	52	2	1	89	3	90	8.15e-17	61.6
A7/197	A49/1-100	36.082	97	57	3	2	95	4	98	8.51e-17	61.2
A7/197	A137/1-98	36.082	97	58	3	2	97	4	97	1.36e-16	60.8
A7/197	A125/1-98	35.484	93	58	2	3	93	2	94	1.53e-16	60.8
A7/197	A52/1-98	31.633	98	62	2	2	96	1	96	1.68e-16	60.5
A7/197	A42/1-104	37.113	97	54	3	2	91	1	97	2.26e-16	60.5
A7/197	A163/1-98	32.584	89	60	0	2	90	2	90	2.38e-16	60.1
A7/197	A78/1-96	34.884	86	52	2	2	87	4	85	2.65e-16	60.1
A7/197	A97/1-99	34.375	96	57	3	3	92	2	97	2.71e-16	60.1
A7/197	A118/1-98	34.375	96	62	1	3	97	2	97	3.02e-16	60.1
A7/197	A126/1-99	32.000	75	51	0	9	83	9	83	3.37e-16	59.7
A7/197	A96/1-98	37.234	94	55	2	3	95	2	92	4.41e-16	59.7
A7/197	A119/1-97	31.250	96	64	2	3	97	2	96	4.51e-16	59.7
A7/197	A5/1-98	35.714	98	59	3	3	97	2	98	5.48e-16	59.3
A7/197	A100/1-96	39.080	87	50	2	2	87	1	85	7.83e-16	58.9
A7/197	A115/1-99	32.653	98	62	2	2	97	4	99	8.54e-16	58.9
A7/197	A155/1-98	32.584	89	60	0	2	90	2	90	9.83e-16	58.5
A7/197	A62/1-96	34.375	96	61	2	3	97	2	96	1.18e-15	58.5
A7/197	A6/1-97	35.714	84	53	1	2	85	2	84	1.30e-15	58.5
A7/197	A38/1-98	31.250	96	66	0	2	97	2	97	1.71e-15	58.2
A7/197	A92/1-98	29.474	95	66	1	3	96	2	96	1.86e-15	57.8
A7/197	A48/1-98	28.409	88	63	0	2	89	2	89	1.99e-15	57.8
A7/197	A167/1-98	31.915	94	63	1	2	94	2	95	2.55e-15	57.8
A7/197	A81/1-98	31.579	95	64	1	3	96	2	96	2.78e-15	57.4
A7/197	A71/1-99	35.955	89	54	2	2	89	4	90	2.96e-15	57.4
A7/197	A110/1-97	32.653	98	64	2	1	97	1	97	3.03e-15	57.4
A7/197	A88/1-97	31.959	97	63	3	3	97	2	97	3.13e-15	57.4
A7/197	A55/1-97	37.778	90	54	2	3	91	2	90	3.52e-15	57.4
A7/197	A31/1-95	35.052	97	60	2	2	97	1	95	5.25e-15	56.6
A7/197	A102/1-97	29.474	95	64	2	3	95	2	95	5.73e-15	56.6
A7/197	A114/1-98	34.118	85	55	1	2	85	1	85	5.92e-15	56.6
A7/197	A51/1-96	34.066	91	58	2	3	92	2	91	5.98e-15	56.6
A7/197	A66/1-97	37.113	97	58	3	3	97	2	97	9.42e-15	56.2
A7/197	A143/1-97	35.052	97	60	3	3	97	2	97	1.18e-14	55.8
A7/197	A147/1-98	31.250	96	66	0	2	97	2	97	1.86e-14	55.5
A7/197	A93/1-99	33.673	98	61	2	2	97	4	99	1.96e-14	55.5
A7/197	A89/1-96	32.558	86	54	2	2	87	4	85	1.98e-14	55.5
A7/197	A103/1-98	30.526	95	65	1	3	96	2	96	2.86e-14	55.1
A7/197	A128/1-97	40.217	92	53	2	2	93	4	93	3.59e-14	54.7
A7/197	A105/1-97	33.333	96	61	2	3	96	2	96	3.83e-14	54.7
A7/197	A10/1-98	31.034	87	60	0	2	88	2	88	4.18e-14	54.3
A7/197	A113/1-96	32.292	96	62	3	3	97	2	95	4.36e-14	54.3
A7/197	A77/1-97	34.831	89	56	2	3	90	2	89	4.50e-14	54.3
A7/197	A58/1-97	31.522	92	60	2	2	93	5	93	5.18e-14	54.3
A7/197	A41/1-98	32.143	84	57	0	5	88	5	88	6.64e-14	53.9
A7/197	A73/1-97	35.484	93	57	2	3	93	2	93	9.08e-14	53.5
A7/197	A60/1-99	30.488	82	55	1	2	83	4	83	9.08e-14	53.5
A7/197	A122/1-96	35.052	97	59	3	3	97	2	96	1.08e-13	53.5
A7/197	A95/1-97	33.684	95	60	2	3	95	2	95	1.47e-13	53.1
A7/197	A162/1-99	29.730	74	52	0	10	83	11	84	1.49e-13	53.1
A7/197	A44/1-97	31.111	90	60	2	9	97	9	97	1.59e-13	53.1
A7/197	A33/1-97	30.928	97	63	3	3	97	2	96	1.95e-13	52.8
A7/197	A34/1-97	35.632	87	53	2	1	87	3	86	2.04e-13	52.8
A7/197	A104/1-99	35.366	82	51	1	2	83	4	83	2.24e-13	52.8
A7/197	A91/1-97	29.348	92	63	2	2	93	4	93	2.61e-13	52.4
A7/197	A40/1-96	35.294	85	54	1	9	93	9	92	3.89e-13	52.0
A7/197	A19/1-97	30.526	95	63	2	3	95	2	95	5.98e-13	51.6
A7/197	A84/1-97	33.333	96	55	3	3	93	2	93	7.03e-13	51.2
A7/197	A140/1-99	32.558	86	57	1	2	86	2	87	1.49e-12	50.4
A7/197	A121/1-97	33.333	90	58	2	3	91	2	90	1.51e-12	50.4
A7/197	A82/1-99	34.146	82	52	1	2	83	4	83	1.72e-12	50.4
A7/197	A30/1-97	33.708	89	57	2	3	90	2	89	2.32e-12	50.1
A7/197	A144/1-96	34.091	88	55	2	3	89	2	87	2.42e-12	50.1
A7/197	A124/1-97	27.368	95	66	2	3	95	2	95	3.00e-12	49.7
A7/197	A99/1-97	34.831	89	56	2	3	90	2	89	3.00e-12	49.7
A7/197	A161/1-98	31.579	95	61	3	1	94	4	95	3.38e-12	49.7
A7/197	A139/1-97	30.588	85	58	1	9	93	10	93	3.96e-12	49.3
A7/197	A26/1-97	32.184	87	56	2	3	87	2	87	5.36e-12	48.9
A7/197	A70/1-98	28.409	88	62	1	3	89	2	89	5.71e-12	48.9
A7/197	A132/1-97	32.222	90	59	2	9	97	9	97	6.71e-12	48.9
A7/197	A157/1-97	30.588	85	56	2	3	85	2	85	8.23e-12	48.5
A7/197	A80/1-97	30.303	99	61	4	3	97	2	96	8.23e-12	48.5
A7/197	A16/1-97	31.250	96	64	2	3	97	2	96	1.29e-11	48.1
A7/197	A146/1-97	34.043	94	57	3	3	93	2	93	1.82e-11	47.8
A7/197	A27/1-98	31.818	88	58	2	2	88	2	88	2.79e-11	47.4
A7/197	A2/1-97	29.213	89	62	1	9	97	9	96	3.11e-11	47.0
A7/197	A9/1-95	29.412	85	58	1	13	97	13	95	3.28e-11	47.0
A7/197	A133/1-95	31.395	86	57	1	12	97	12	95	5.03e-11	46.6
A7/197	A12/1-98	30.612	98	64	3	3	97	2	98	7.09e-11	46.2
A7/197	A69/1-97	30.928	97	63	3	3	97	2	96	9.77e-11	45.8
A7/197	A154/1-97	32.222	90	59	2	3	91	2	90	2.50e-10	44.7
A7/197	A150/1-96	32.632	95	56	3	3	93	2	92	4.00e-10	44.3
A7/197	A45/1-98	31.633	98	62	3	3	97	2	97	4.69e-10	43.9
A7/197	A135/1-97	29.885	87	59	2	1	87	3	87	4.95e-10	43.9
A7/197	A117/1-97	27.835	97	67	2	3	97	2	97	6.06e-10	43.9
A7/197	A47/1-96	31.959	97	62	3	3	97	2	96	1.02e-09	43.1
A7/197	A166/1-99	32.632	95	60	3	2	95	5	96	5.42e-09	41.2
A7/197	A37/1-96	30.851	94	54	3	3	91	2	89	6.85e-09	40.8
A7/197	A23/1-98	27.660	94	66	2	2	95	4	95	3.32e-08	39.3
A9/195	A9/1-95	100.000	95	0	0	1	95	1	95	3.41e-70	196
A9/195	A44/1-97	40.625	96	55	2	2	95	2	97	5.36e-25	82.0
A9/195	A40/1-96	44.086	93	51	1	2	93	2	94	3.17e-23	77.8
A9/195	A63/1-98	46.667	90	42	3	2	87	2	89	4.74e-23	77.4
A9/195	A66/1-97	42.391	92	44	2	1	87	1	88	3.88e-22	75.1
A9/195	A30/1-97	41.667	96	54	2	2	95	2	97	7.30e-22	74.3
A9/195	A73/1-97	42.353	85	47	2	12	95	14	97	9.91e-22	73.9
A9/195	A37/1-96	38.947	95	57	1	2	95	2	96	2.10e-21	73.2
A9/195	A146/1-97	35.106	94	59	2	2	93	2	95	4.26e-21	72.4
A9/195	A51/1-96	37.634	93	57	1	2	93	2	94	4.96e-21	72.0
A9/195	A158/1-98	41.000	100	52	3	1	95	1	98	7.76e-21	71.6
A9/195	A118/1-98	39.394	99	54	2	1	95	1	97	9.43e-21	71.2
A9/195	A105/1-97	39.326	89	53	1	8	95	9	97	9.75e-21	71.2
A9/195	A23/1-98	40.206	97	54	3	1	94	1	96	1.11e-20	71.2
A9/195	A19/1-97	40.217	92	52	2	4	93	5	95	1.32e-20	70.9
A9/195	A84/1-97	41.558	77	44	1	18	93	19	95	1.63e-20	70.9
A9/195	A95/1-97	41.463	82	46	2	12	92	14	94	2.54e-20	70.5
A9/195	A16/1-97	44.944	89	46	2	1	87	1	88	6.54e-20	69.3
A9/195	A133/1-95	37.363	91	57	0	1	91	1	91	1.18e-19	68.6
A9/195	A150/1-96	41.489	94	52	2	2	93	2	94	1.88e-19	68.2
A9/195	A58/1-97	42.169	83	46	2	12	93	14	95	6.85e-19	66.6
A9/195	A5/1-98	39.796	98	56	2	1	95	1	98	1.67e-18	65.9
A9/195	A33/1-97	37.000	100	51	3	1	93	1	95	1.69e-18	65.5
A9/195	A140/1-99	43.590	78	37	2	20	92	20	95	1.78e-18	65.5
A9/195	A56/1-93	36.364	88	55	1	1	88	1	87	1.94e-18	65.5
A9/195	A117/1-97	39.241	79	47	1	18	95	19	97	2.05e-18	65.5
A9/195	A20/1-102	42.857	84	40	3	9	84	7	90	2.12e-18	65.5
A9/195	A31/1-95	37.778	90	56	0	2	91	2	91	3.13e-18	65.1
A9/195	A93/1-99	39.560	91	51	2	9	95	9	99	4.78e-18	64.3
A9/195	A78/1-96	37.349	83	51	1	14	95	14	96	6.70e-18	64.3
A9/195	A53/1-99	36.667	90	54	1	2	88	2	91	7.71e-18	63.9
A9/195	A159/1-98	38.202	89	53	1	2	88	2	90	1.03e-17	63.5
A9/195	A111/1-96	36.145	83	52	1	14	95	14	96	1.31e-17	63.5
A9/195	A52/1-98	42.857	84	40	4	10	87	8	89	1.43e-17	63.2
A9/195	A86/1-99	36.458	96	57	2	2	93	2	97	2.14e-17	62.8
A9/195	A47/1-96	36.047	86	52	2	2	86	5	88	5.26e-17	62.0
A9/195	A128/1-97	38.298	94	53	4	2	93	5	95	5.43e-17	61.6
A9/195	A162/1-99	42.424	66	36	1	20	83	21	86	1.04e-16	61.2
A9/195	A26/1-97	37.333	75	44	2	14	86	15	88	1.09e-16	60.8
A9/195	A28/1-100	36.364	99	58	2	2	95	2	100	1.11e-16	60.8
A9/195	A141/1-98	40.816	98	53	3	2	95	2	98	1.19e-16	60.8
A9/195	A104/1-99	39.326	89	50	2	11	95	11	99	1.38e-16	60.8
A9/195	A126/1-99	38.750	80	45	2	20	95	20	99	1.91e-16	60.5
A9/195	A107/1-98	35.227	88	55	1	2	87	2	89	1.99e-16	60.5
A9/195	A82/1-99	37.079	89	52	2	11	95	11	99	2.95e-16	60.1
A9/195	A13/1-103	34.043	94	55	1	1	87	1	94	3.99e-16	59.7
A9/195	A154/1-97	32.323	99	58	2	2	95	2	96	4.49e-16	59.3
A9/195	A48/1-98	35.632	87	54	1	1	85	1	87	4.90e-16	59.3
A9/195	A67/1-95	32.609	92	62	0	1	92	1	92	5.52e-16	59.3
A9/195	A144/1-96	36.047	86	55	0	2	87	2	87	5.89e-16	59.3
A9/195	A75/1-99	37.500	88	52	1	2	86	2	89	5.96e-16	59.3
A9/195	A89/1-96	36.145	83	52	1	14	95	14	96	6.29e-16	58.9
A9/195	A100/1-96	36.145	83	52	1	14	95	14	96	6.43e-16	58.9
A9/195	A59/1-98	41.772	79	43	2	20	95	20	98	7.56e-16	58.9
A9/195	A62/1-96	35.417	96	61	1	1	95	1	96	7.98e-16	58.9
A9/195	A157/1-97	43.077	65	36	1	20	83	21	85	8.51e-16	58.9
A9/195	A2/1-97	36.735	98	58	3	1	95	1	97	9.38e-16	58.5
A9/195	A115/1-99	38.710	93	51	3	9	95	7	99	1.03e-15	58.5
A9/195	A121/1-97	32.955	88	58	1	1	87	1	88	1.05e-15	58.5
A9/195	A55/1-97	33.708	89	56	2	1	87	1	88	1.14e-15	58.5
A9/195	A166/1-99	34.146	82	52	1	15	94	16	97	1.20e-15	58.5
A9/195	A136/1-98	39.560	91	45	4	1	85	1	87	1.26e-15	58.2
A9/195	A81/1-98	36.667	90	55	1	1	88	1	90	1.63e-15	58.2
A9/195	A74/1-98	31.579	95	59	2	2	92	2	94	2.00e-15	57.8
A9/195	A96/1-98	37.079	89	50	2	1	85	1	87	2.02e-15	57.8
A9/195	A102/1-97	31.169	77	52	1	17	92	18	94	2.80e-15	57.4
A9/195	A77/1-97	35.106	94	52	2	1	89	1	90	2.83e-15	57.4
A9/195	A60/1-99	37.179	78	45	2	9	82	7	84	4.27e-15	57.0
A9/195	A108/1-99	34.375	96	59	2	2	93	2	97	5.18e-15	56.6
A9/195	A69/1-97	34.615	78	50	1	17	93	18	95	7.41e-15	56.2
A9/195	A135/1-97	34.211	76	49	1	19	93	20	95	8.43e-15	56.2
A9/195	A113/1-96	34.667	75	48	1	20	93	20	94	8.80e-15	56.2
A9/195	A151/1-99	28.125	96	66	1	1	93	1	96	1.06e-14	55.8
A9/195	A42/1-104	34.737	95	54	3	2	88	2	96	1.06e-14	55.8
A9/195	A91/1-97	34.667	75	48	1	20	93	21	95	1.20e-14	55.8
A9/195	A139/1-97	39.286	84	47	3	12	93	14	95	1.56e-14	55.5
A9/195	A129/1-98	38.750	80	42	3	12	87	13	89	1.98e-14	55.1
A9/195	A97/1-99	37.778	90	53	2	2	88	2	91	3.91e-14	54.3
A9/195	A119/1-97	34.091	88	57	1	1	87	1	88	4.04e-14	54.3
A9/195	A35/1-99	34.066	91	57	1	2	89	2	92	4.21e-14	54.3
A9/195	A103/1-98	36.145	83	49	2	10	88	8	90	4.59e-14	54.3
A9/195	A99/1-97	34.066	91	51	2	2	87	2	88	4.80e-14	54.3
A9/195	A161/1-98	35.616	73	46	1	16	87	17	89	4.90e-14	54.3
A9/195	A34/1-97	39.024	82	43	3	9	85	7	86	6.08e-14	53.9
A9/195	A88/1-97	30.000	90	62	1	1	89	1	90	7.39e-14	53.9
A9/195	A17/1-103	33.333	102	60	3	2	95	2	103	8.41e-14	53.5
A9/195	A143/1-97	35.417	96	57	4	2	95	5	97	1.11e-13	53.1
A9/195	A71/1-99	35.802	81	49	2	10	87	10	90	1.15e-13	53.1
A9/195	A12/1-98	36.145	83	50	2	2	81	2	84	1.38e-13	53.1
A9/195	A130/1-99	31.633	98	63	2	2	95	2	99	1.62e-13	52.8
A9/195	A125/1-98	33.333	99	59	4	2	95	2	98	1.69e-13	52.8
A9/195	A122/1-96	31.034	87	60	0	2	88	2	88	1.75e-13	52.8
A9/195	A80/1-97	34.667	75	48	1	20	93	21	95	1.85e-13	52.8
A9/195	A41/1-98	35.955	89	49	4	12	95	13	98	2.08e-13	52.8
A9/195	A147/1-98	35.443	79	48	2	20	95	20	98	2.12e-13	52.8
A9/195	A124/1-97	33.846	65	42	1	20	83	21	85	2.19e-13	52.4
A9/195	A163/1-98	36.585	82	48	2	7	85	7	87	2.81e-13	52.4
A9/195	A70/1-98	34.343	99	60	3	1	95	1	98	3.13e-13	52.0
A9/195	A27/1-98	35.106	94	52	5	9	95	7	98	5.85e-13	51.6
A9/195	A137/1-98	36.585	82	48	3	14	92	14	94	6.80e-13	51.2
A9/195	A110/1-97	38.356	73	36	2	20	87	20	88	8.08e-13	51.2
A9/195	A3/1-98	34.737	95	52	2	2	90	2	92	1.15e-12	50.8
A9/195	A85/1-98	35.065	77	47	2	11	85	12	87	1.20e-12	50.8
A9/195	A114/1-98	33.333	84	54	1	2	83	2	85	1.93e-12	50.1
A9/195	A155/1-98	30.000	90	61	1	8	95	8	97	3.80e-12	49.3
A9/195	A148/1-102	39.506	81	40	3	9	81	7	86	3.97e-12	49.3
A9/195	A21/1-98	40.000	95	50	3	2	92	3	94	4.05e-12	49.3
A9/195	A132/1-97	33.696	92	52	2	1	87	1	88	8.41e-12	48.5
A9/195	A45/1-98	31.818	88	58	1	2	87	2	89	1.39e-11	47.8
A9/195	A64/1-99	32.609	92	55	2	2	88	2	91	1.82e-11	47.8
A9/195	A92/1-98	30.952	84	56	1	2	83	2	85	2.31e-11	47.4
A9/195	A7/1-97	29.412	85	58	1	13	95	13	97	3.08e-11	47.0
A9/195	A167/1-98	31.081	74	47	2	9	78	7	80	4.11e-11	46.6
A9/195	A49/1-100	32.500	80	49	2	12	87	13	91	4.16e-11	46.6
A9/195	A6/1-97	36.486	74	43	3	12	83	13	84	4.34e-11	46.6
A9/195	A14/1-100	34.568	81	48	2	20	95	20	100	1.08e-10	45.4
A9/195	A24/1-98	36.145	83	47	3	6	85	8	87	2.56e-10	44.7
A9/195	A152/1-99	29.885	87	56	2	1	83	1	86	3.84e-10	44.3
A9/195	A10/1-98	31.579	76	44	2	15	85	15	87	1.04e-08	40.4
A9/195	A38/1-98	26.829	82	58	1	2	81	2	83	7.58e-06	32.7
A10/198	A10/1-98	100.000	98	0	0	1	98	1	98	6.64e-73	203
A10/198	A14/1-100	51.111	90	39	2	1	88	4	90	1.48e-26	86.3
A10/198	A38/1-98	38.144	97	60	0	2	98	2	98	4.04e-21	72.4
A10/198	A141/1-98	37.209	86	54	0	1	86	1	86	6.88e-21	72.0
A10/198	A17/1-103	41.748	103	55	1	1	98	1	103	7.84e-21	71.6
A10/198	A28/1-100	39.000	100	55	3	1	97	4	100	1.62e-20	70.9
A10/198	A70/1-98	41.111	90	50	1	1	90	4	90	3.33e-20	70.1
A10/198	A53/1-99	41.573	89	51	1	1	88	1	89	5.26e-20	69.7
A10/198	A130/1-99	39.773	88	52	1	1	87	1	88	8.95e-20	68.9
A10/198	A3/1-98	39.773	88	53	0	1	88	1	88	1.49e-19	68.6
A10/198	A125/1-98	37.755	98	58	1	1	98	4	98	2.63e-19	67.8
A10/198	A35/1-99	37.374	99	61	1	1	98	1	99	5.09e-19	67.0
A10/198	A41/1-98	39.175	97	59	0	2	98	2	98	7.21e-19	66.6
A10/198	A85/1-98	41.573	89	52	0	2	90	2	90	8.58e-19	66.6
A10/198	A24/1-98	38.636	88	54	0	2	89	2	89	9.46e-19	66.2
A10/198	A20/1-102	35.484	93	56	1	2	90	2	94	2.00e-18	65.5
A10/198	A110/1-97	39.080	87	52	1	2	88	2	87	2.14e-18	65.5
A10/198	A110/1-97	45.455	11	6	0	87	97	2	12	6.1	16.5
A10/198	A27/1-98	41.837	98	55	2	2	98	2	98	3.23e-18	65.1
A10/198	A34/1-97	43.182	88	49	1	1	88	1	87	4.10e-18	64.7
A10/198	A16/1-97	39.535	86	51	1	2	87	2	86	4.37e-18	64.7
A10/198	A96/1-98	41.379	87	51	0	2	88	2	88	7.12e-18	64.3
A10/198	A132/1-97	40.230	87	51	1	2	88	2	87	7.20e-18	64.3
A10/198	A119/1-97	35.632	87	55	1	2	88	2	87	7.44e-18	64.3
A10/198	A52/1-98	40.000	75	45	0	14	88	14	88	7.52e-18	63.9
A10/198	A42/1-104	39.362	94	51	3	1	88	1	94	9.65e-18	63.9
A10/198	A144/1-96	41.489	94	53	2	2	95	2	93	1.29e-17	63.5
A10/198	A99/1-97	36.559	93	58	1	2	94	2	93	1.32e-17	63.5
A10/198	A92/1-98	37.500	88	52	1	1	88	4	88	1.37e-17	63.5
A10/198	A107/1-98	37.778	90	53	1	1	90	4	90	1.47e-17	63.5
A10/198	A48/1-98	35.484	93	60	0	2	94	2	94	1.66e-17	63.2
A10/198	A67/1-95	34.375	96	61	1	2	97	2	95	1.95e-17	63.2
A10/198	A60/1-99	36.364	99	59	2	1	98	4	99	2.18e-17	62.8
A10/198	A13/1-103	37.143	105	54	3	1	98	4	103	2.20e-17	62.8
A10/198	A118/1-98	42.529	87	50	0	2	88	2	88	3.29e-17	62.4
A10/198	A59/1-98	39.024	82	50	0	17	98	17	98	4.65e-17	62.0
A10/198	A111/1-96	34.694	98	61	2	1	97	1	96	5.35e-17	62.0
A10/198	A104/1-99	43.956	91	43	4	1	88	4	89	9.71e-17	61.2
A10/198	A77/1-97	40.230	87	51	1	2	88	2	87	1.08e-16	61.2
A10/198	A100/1-96	33.333	99	62	2	1	98	1	96	1.23e-16	60.8
A10/198	A155/1-98	34.021	97	64	0	2	98	2	98	1.80e-16	60.5
A10/198	A55/1-97	37.931	87	53	1	2	88	2	87	1.92e-16	60.5
A10/198	A126/1-99	36.667	90	46	3	5	88	5	89	1.94e-16	60.5
A10/198	A121/1-97	36.782	87	54	1	2	88	2	87	3.06e-16	60.1
A10/198	A121/1-97	45.455	11	6	0	87	97	2	12	5.1	16.9
A10/198	A167/1-98	41.379	87	51	0	2	88	2	88	3.34e-16	60.1
A10/198	A162/1-99	38.667	75	46	0	14	88	15	89	3.88e-16	59.7
A10/198	A143/1-97	36.047	86	54	1	2	87	2	86	4.14e-16	59.7
A10/198	A158/1-98	34.021	97	64	0	2	98	2	98	4.67e-16	59.7
A10/198	A108/1-99	32.353	102	61	3	1	97	1	99	4.87e-16	59.3
A10/198	A45/1-98	37.209	86	54	0	2	87	2	87	5.86e-16	59.3
A10/198	A63/1-98	36.735	98	62	0	1	98	1	98	5.92e-16	59.3
A10/198	A163/1-98	36.047	86	55	0	2	87	2	87	6.46e-16	59.3
A10/198	A88/1-97	36.782	87	54	1	2	88	2	87	8.84e-16	58.9
A10/198	A150/1-96	37.363	91	51	2	7	92	7	96	1.09e-15	58.5
A10/198	A97/1-99	35.714	98	61	2	2	97	2	99	1.11e-15	58.5
A10/198	A6/1-97	37.778	90	55	1	1	90	1	89	1.22e-15	58.5
A10/198	A82/1-99	37.374	99	58	2	1	98	4	99	1.95e-15	57.8
A10/198	A152/1-99	38.202	89	51	2	1	88	4	89	2.55e-15	57.8
A10/198	A74/1-98	36.364	88	56	0	1	88	1	88	2.63e-15	57.8
A10/198	A159/1-98	30.682	88	61	0	1	88	1	88	2.84e-15	57.4
A10/198	A151/1-99	37.895	95	55	2	1	94	4	95	3.03e-15	57.4
A10/198	A114/1-98	37.349	83	52	0	1	83	1	83	3.45e-15	57.4
A10/198	A81/1-98	35.227	88	54	1	1	88	4	88	4.28e-15	57.0
A10/198	A93/1-99	42.857	91	44	4	1	88	4	89	4.72e-15	57.0
A10/198	A64/1-99	31.111	90	61	1	1	89	1	90	4.82e-15	57.0
A10/198	A44/1-97	37.363	91	55	2	8	97	8	97	9.12e-15	56.2
A10/198	A161/1-98	36.782	87	53	2	2	87	2	87	1.02e-14	56.2
A10/198	A147/1-98	32.955	88	59	0	1	88	1	88	1.07e-14	56.2
A10/198	A89/1-96	31.959	97	63	2	2	97	2	96	1.14e-14	55.8
A10/198	A129/1-98	39.560	91	49	2	1	88	4	91	1.32e-14	55.8
A10/198	A31/1-95	32.000	100	60	2	1	97	1	95	1.52e-14	55.8
A10/198	A115/1-99	37.374	99	58	2	1	98	4	99	1.76e-14	55.5
A10/198	A137/1-98	36.364	99	58	3	1	98	4	98	1.90e-14	55.5
A10/198	A157/1-97	34.940	83	51	2	1	83	4	83	2.54e-14	55.1
A10/198	A66/1-97	38.462	78	47	1	11	88	11	87	2.60e-14	55.1
A10/198	A122/1-96	34.021	97	61	2	2	97	2	96	2.96e-14	55.1
A10/198	A7/1-97	31.034	87	60	0	2	88	2	88	4.32e-14	54.3
A10/198	A148/1-102	36.047	86	52	1	1	83	1	86	4.97e-14	54.3
A10/198	A135/1-97	34.021	97	62	2	1	96	1	96	5.18e-14	54.3
A10/198	A154/1-97	35.065	77	49	1	12	88	12	87	5.30e-14	54.3
A10/198	A51/1-96	33.721	86	56	1	2	87	2	86	5.47e-14	54.3
A10/198	A12/1-98	35.714	98	60	2	2	97	2	98	7.01e-14	53.9
A10/198	A56/1-93	38.095	84	48	3	14	97	14	93	7.89e-14	53.9
A10/198	A140/1-99	43.662	71	39	1	14	83	14	84	8.42e-14	53.9
A10/198	A21/1-98	35.052	97	63	0	2	98	2	98	9.69e-14	53.5
A10/198	A103/1-98	34.091	88	55	1	1	88	4	88	1.49e-13	53.1
A10/198	A78/1-96	32.000	100	59	3	2	97	2	96	1.59e-13	53.1
A10/198	A49/1-100	34.343	99	57	3	1	94	4	99	3.49e-13	52.0
A10/198	A71/1-99	36.364	99	59	2	1	98	4	99	3.85e-13	52.0
A10/198	A75/1-99	32.222	90	57	2	1	89	4	90	4.15e-13	52.0
A10/198	A80/1-97	36.471	85	51	2	1	85	4	85	4.47e-13	52.0
A10/198	A139/1-97	33.750	80	52	1	8	87	9	87	7.74e-13	51.2
A10/198	A95/1-97	35.632	87	53	2	1	87	4	87	1.05e-12	50.8
A10/198	A166/1-99	34.737	95	58	3	2	95	5	96	1.48e-12	50.4
A10/198	A26/1-97	37.931	87	51	2	1	87	4	87	1.64e-12	50.4
A10/198	A84/1-97	36.782	87	52	2	1	87	4	87	2.17e-12	50.1
A10/198	A58/1-97	37.363	91	42	4	2	86	5	86	3.10e-12	49.7
A10/198	A73/1-97	36.082	97	54	3	1	92	4	97	3.80e-12	49.3
A10/198	A128/1-97	35.955	89	50	3	1	87	4	87	4.09e-12	49.3
A10/198	A146/1-97	35.211	71	45	1	17	87	18	87	4.14e-12	49.3
A10/198	A86/1-99	32.692	104	55	5	1	97	4	99	4.51e-12	49.3
A10/198	A33/1-97	34.483	87	54	2	1	87	4	87	6.29e-12	48.9
A10/198	A2/1-97	33.663	101	58	2	2	98	2	97	6.63e-12	48.9
A10/198	A133/1-95	32.500	80	52	1	8	87	8	85	6.70e-12	48.9
A10/198	A124/1-97	32.558	86	55	2	1	86	4	86	7.54e-12	48.5
A10/198	A5/1-98	31.000	100	62	2	2	97	2	98	7.87e-12	48.5
A10/198	A69/1-97	32.530	83	53	2	1	83	4	83	8.77e-12	48.5
A10/198	A62/1-96	33.721	86	54	2	2	87	4	86	1.10e-11	48.1
A10/198	A102/1-97	30.208	96	64	2	1	96	4	96	1.33e-11	48.1
A10/198	A37/1-96	32.927	82	53	1	2	83	2	81	1.78e-11	47.8
A10/198	A136/1-98	30.337	89	62	0	2	90	2	90	2.11e-11	47.4
A10/198	A19/1-97	32.184	87	56	2	1	87	4	87	3.93e-11	47.0
A10/198	A23/1-98	35.714	70	44	1	14	83	15	83	4.51e-11	46.6
A10/198	A30/1-97	32.927	82	54	1	2	83	2	82	4.71e-11	46.6
A10/198	A105/1-97	35.632	87	53	2	1	87	4	87	9.34e-11	45.8
A10/198	A117/1-97	34.483	87	54	2	1	87	4	87	1.87e-10	45.1
A10/198	A91/1-97	31.765	85	55	2	1	85	4	85	4.30e-10	44.3
A10/198	A113/1-96	30.526	95	65	1	2	96	2	95	6.45e-10	43.5
A10/198	A47/1-96	36.250	80	50	1	17	96	18	96	2.74e-09	42.0
A10/198	A9/1-95	31.579	76	44	2	15	87	15	85	1.14e-08	40.4
A10/198	A40/1-96	36.111	72	43	2	18	88	18	87	2.54e-08	39.7
A12/198	A12/1-98	100.000	98	0	0	1	98	1	98	4.78e-73	203
A12/198	A105/1-97	46.316	95	48	2	1	94	1	93	7.42e-29	92.0
A12/198	A95/1-97	40.404	99	56	2	1	98	1	97	2.85e-26	85.5
A12/198	A5/1-98	41.237	97	57	0	2	98	2	98	2.98e-26	85.5
A12/198	A73/1-97	41.667	96	53	2	1	95	1	94	1.15e-25	84.0
A12/198	A30/1-97	46.429	84	43	1	1	84	1	82	2.42e-25	83.2
A12/198	A47/1-96	41.237	97	54	2	2	97	2	96	2.32e-24	80.9
A12/198	A44/1-97	40.964	83	47	1	2	84	2	82	1.45e-23	78.6
A12/198	A150/1-96	39.175	97	57	1	2	98	2	96	8.09e-23	76.6
A12/198	A51/1-96	34.694	98	62	1	1	98	1	96	9.03e-23	76.6
A12/198	A128/1-97	40.404	99	56	2	1	98	1	97	4.68e-22	74.7
A12/198	A124/1-97	37.755	98	58	2	1	97	1	96	6.84e-22	74.3
A12/198	A135/1-97	40.000	95	54	2	2	95	2	94	8.24e-22	74.3
A12/198	A139/1-97	43.678	87	47	1	11	97	12	96	1.55e-21	73.6
A12/198	A84/1-97	35.354	99	61	2	1	98	1	97	2.34e-21	73.2
A12/198	A55/1-97	43.023	86	47	1	2	87	2	85	2.47e-21	73.2
A12/198	A37/1-96	43.023	86	46	2	1	86	1	83	6.24e-21	72.0
A12/198	A19/1-97	41.935	93	51	2	1	92	1	91	1.57e-20	70.9
A12/198	A62/1-96	38.144	97	58	1	2	98	2	96	1.59e-20	70.9
A12/198	A2/1-97	37.755	98	58	2	2	98	2	97	2.51e-20	70.5
A12/198	A91/1-97	36.735	98	59	2	1	97	1	96	2.74e-20	70.5
A12/198	A99/1-97	35.714	84	52	1	2	85	2	83	3.92e-20	70.1
A12/198	A143/1-97	34.737	95	60	1	2	96	2	94	4.23e-20	69.7
A12/198	A110/1-97	39.286	84	49	1	2	85	2	83	5.99e-20	69.3
A12/198	A88/1-97	42.857	84	46	1	2	85	2	83	1.48e-19	68.6
A12/198	A40/1-96	34.737	95	60	1	1	95	1	93	1.74e-19	68.2
A12/198	A121/1-97	38.824	85	50	1	2	86	2	84	2.99e-19	67.8
A12/198	A66/1-97	39.362	94	55	1	2	95	2	93	3.84e-19	67.4
A12/198	A16/1-97	41.176	85	48	1	2	86	2	84	4.01e-19	67.4
A12/198	A26/1-97	35.354	99	61	2	1	98	1	97	1.66e-18	65.9
A12/198	A126/1-99	42.683	82	44	2	4	84	4	83	1.68e-18	65.9
A12/198	A146/1-97	31.633	98	64	2	1	97	1	96	2.02e-18	65.5
A12/198	A77/1-97	38.095	84	50	1	2	85	2	83	1.15e-17	63.5
A12/198	A58/1-97	34.783	92	58	1	4	95	5	94	1.44e-17	63.5
A12/198	A17/1-103	34.831	89	54	2	2	86	2	90	5.41e-17	62.0
A12/198	A23/1-98	36.471	85	52	1	12	96	13	95	6.09e-17	61.6
A12/198	A117/1-97	32.609	92	59	2	1	91	1	90	1.65e-16	60.8
A12/198	A86/1-99	36.667	90	53	3	1	88	1	88	1.69e-16	60.8
A12/198	A166/1-99	36.458	96	58	2	1	96	4	96	2.19e-16	60.5
A12/198	A122/1-96	39.080	87	50	2	1	87	1	84	2.21e-16	60.5
A12/198	A74/1-98	37.209	86	51	2	2	86	2	85	4.47e-16	59.7
A12/198	A113/1-96	28.866	97	67	1	1	97	1	95	5.14e-16	59.3
A12/198	A136/1-98	31.250	96	63	2	2	96	2	95	6.46e-16	59.3
A12/198	A102/1-97	30.612	98	65	2	1	97	1	96	6.46e-16	59.3
A12/198	A154/1-97	30.612	98	65	2	2	98	2	97	7.51e-16	58.9
A12/198	A63/1-98	34.343	99	61	3	2	98	2	98	9.23e-16	58.9
A12/198	A157/1-97	29.474	95	64	2	1	94	1	93	9.95e-16	58.5
A12/198	A41/1-98	31.959	97	60	3	1	96	4	95	9.95e-16	58.5
A12/198	A80/1-97	32.653	98	63	2	1	97	1	96	1.13e-15	58.5
A12/198	A27/1-98	35.052	97	58	3	2	96	2	95	1.44e-15	58.2
A12/198	A132/1-97	32.979	94	61	1	2	95	2	93	1.53e-15	58.2
A12/198	A96/1-98	35.632	87	53	2	2	87	2	86	2.42e-15	57.8
A12/198	A141/1-98	35.556	90	55	2	2	90	2	89	4.62e-15	57.0
A12/198	A144/1-96	34.375	96	60	2	1	96	1	93	6.39e-15	56.6
A12/198	A33/1-97	31.579	95	62	2	2	95	2	94	8.10e-15	56.2
A12/198	A85/1-98	36.782	87	52	2	2	87	2	86	1.48e-14	55.8
A12/198	A97/1-99	37.079	89	52	3	1	87	1	87	1.57e-14	55.5
A12/198	A107/1-98	34.483	87	54	2	2	87	2	86	1.69e-14	55.5
A12/198	A108/1-99	34.091	88	54	3	2	87	2	87	2.03e-14	55.5
A12/198	A69/1-97	28.421	95	65	2	2	95	2	94	2.12e-14	55.5
A12/198	A161/1-98	33.333	93	60	1	3	95	4	94	2.16e-14	55.1
A12/198	A158/1-98	30.208	96	64	2	2	96	2	95	2.57e-14	55.1
A12/198	A38/1-98	33.333	99	63	2	1	98	1	97	2.60e-14	55.1
A12/198	A118/1-98	33.684	95	60	2	2	95	2	94	3.30e-14	54.7
A12/198	A34/1-97	34.783	92	56	2	2	92	2	90	4.00e-14	54.7
A12/198	A162/1-99	34.066	91	56	3	10	98	11	99	6.50e-14	53.9
A12/198	A10/1-98	35.714	98	60	2	2	98	2	97	7.01e-14	53.9
A12/198	A48/1-98	32.632	95	61	2	2	95	2	94	9.28e-14	53.5
A12/198	A75/1-99	35.165	91	55	2	1	89	1	89	1.02e-13	53.5
A12/198	A42/1-104	37.363	91	50	3	2	86	2	91	1.09e-13	53.5
A12/198	A60/1-99	34.737	95	58	3	4	96	4	96	1.11e-13	53.5
A12/198	A67/1-95	35.714	98	58	3	2	98	2	95	1.35e-13	53.1
A12/198	A78/1-96	34.483	87	54	2	1	87	1	84	1.40e-13	53.1
A12/198	A9/1-95	36.145	83	50	2	2	84	2	81	1.52e-13	53.1
A12/198	A167/1-98	31.818	88	57	2	1	87	1	86	1.63e-13	53.1
A12/198	A28/1-100	33.333	102	62	3	1	98	1	100	2.10e-13	52.8
A12/198	A13/1-103	31.731	104	62	3	2	98	2	103	2.72e-13	52.4
A12/198	A137/1-98	34.737	95	57	3	4	96	4	95	3.93e-13	52.0
A12/198	A129/1-98	35.714	84	51	2	2	84	2	83	4.62e-13	52.0
A12/198	A24/1-98	35.714	84	51	2	2	84	2	83	4.87e-13	51.6
A12/198	A119/1-97	31.111	90	60	1	2	91	2	89	5.31e-13	51.6
A12/198	A3/1-98	34.066	91	57	2	2	91	2	90	5.54e-13	51.6
A12/198	A100/1-96	33.721	86	54	2	2	87	2	84	6.38e-13	51.6
A12/198	A159/1-98	35.714	84	51	2	2	84	2	83	8.53e-13	51.2
A12/198	A155/1-98	32.673	101	60	4	2	98	2	98	1.59e-12	50.4
A12/198	A53/1-99	33.721	86	57	0	2	87	2	87	1.79e-12	50.4
A12/198	A59/1-98	32.323	99	60	4	2	98	5	98	1.99e-12	50.1
A12/198	A163/1-98	34.831	89	51	2	1	86	1	85	2.04e-12	50.1
A12/198	A151/1-99	31.250	96	62	2	2	95	2	95	2.32e-12	50.1
A12/198	A45/1-98	32.941	85	56	1	2	86	2	85	3.23e-12	49.7
A12/198	A64/1-99	32.584	89	58	2	2	89	2	89	4.05e-12	49.3
A12/198	A130/1-99	34.021	97	58	3	2	95	2	95	6.42e-12	48.9
A12/198	A89/1-96	32.558	86	55	2	2	87	2	84	7.07e-12	48.9
A12/198	A140/1-99	29.885	87	57	2	11	95	11	95	7.30e-12	48.9
A12/198	A52/1-98	29.885	87	58	2	10	95	10	94	1.72e-11	47.8
A12/198	A111/1-96	32.558	86	55	2	2	87	2	84	1.78e-11	47.8
A12/198	A92/1-98	28.125	96	66	2	2	96	2	95	1.84e-11	47.8
A12/198	A125/1-98	29.167	96	65	2	2	96	2	95	2.20e-11	47.4
A12/198	A35/1-99	30.588	85	55	2	2	84	2	84	2.88e-11	47.4
A12/198	A70/1-98	31.313	99	59	3	2	96	2	95	4.37e-11	46.6
A12/198	A152/1-99	31.522	92	59	3	2	91	2	91	4.81e-11	46.6
A12/198	A7/1-97	30.612	98	64	3	2	98	3	97	7.31e-11	46.2
A12/198	A133/1-95	27.835	97	67	1	2	98	2	95	7.46e-11	46.2
A12/198	A93/1-99	33.333	81	53	1	4	84	4	83	7.62e-11	46.2
A12/198	A147/1-98	27.083	96	67	2	2	96	2	95	1.63e-10	45.4
A12/198	A115/1-99	32.911	79	50	2	4	81	4	80	1.79e-10	45.1
A12/198	A56/1-93	32.530	83	52	2	2	84	2	80	2.29e-10	45.1
A12/198	A82/1-99	29.412	85	59	1	4	88	4	87	2.63e-10	44.7
A12/198	A20/1-102	27.184	103	67	3	2	98	2	102	3.12e-10	44.7
A12/198	A81/1-98	28.889	90	61	2	2	90	2	89	4.39e-10	44.3
A12/198	A148/1-102	31.325	83	55	2	5	85	5	87	5.04e-10	43.9
A12/198	A103/1-98	24.742	97	70	2	1	96	1	95	6.66e-10	43.5
A12/198	A104/1-99	32.927	82	52	2	4	84	4	83	7.02e-10	43.5
A12/198	A31/1-95	29.070	86	56	2	2	86	2	83	3.28e-09	42.0
A12/198	A71/1-99	30.928	97	64	3	4	98	4	99	4.10e-09	41.6
A12/198	A21/1-98	32.990	97	57	3	2	95	3	94	1.05e-08	40.4
A12/198	A14/1-100	31.111	90	55	3	2	87	2	88	2.94e-08	39.3
A12/198	A114/1-98	26.374	91	64	2	2	91	2	90	9.00e-08	38.1
A12/198	A49/1-100	26.923	104	56	3	4	96	4	98	1.92e-06	34.7
A12/198	A6/1-97	29.762	84	55	3	2	84	2	82	5.34e-06	33.5
A13/1103	A13/1-103	100.000	103	0	0	1	103	1	103	2.01e-73	204
A13/1103	A20/1-102	53.398	103	47	1	1	103	1	102	7.10e-35	107
A13/1103	A6/1-97	52.941	102	42	2	2	103	2	97	1.19e-28	91.7
A13/1103	A63/1-98	48.039	102	48	1	2	103	2	98	1.17e-27	89.4
A13/1103	A27/1-98	49.515	103	47	2	1	103	1	98	3.22e-27	88.2
A13/1103	A92/1-98	41.176	102	55	1	2	103	2	98	3.40e-27	88.2
A13/1103	A70/1-98	45.631	103	51	1	1	103	1	98	3.71e-27	88.2
A13/1103	A107/1-98	47.368	95	45	1	2	96	2	91	3.92e-27	87.8
A13/1103	A107/1-98	58.333	12	5	0	91	102	1	12	7.4	16.5
A13/1103	A52/1-98	48.544	103	45	2	4	103	1	98	1.50e-26	86.7
A13/1103	A59/1-98	44.660	103	52	1	1	103	1	98	3.87e-26	85.5
A13/1103	A136/1-98	41.584	101	54	1	1	101	1	96	6.68e-26	84.7
A13/1103	A129/1-98	47.059	102	49	1	2	103	2	98	1.02e-25	84.3
A13/1103	A103/1-98	41.176	102	55	1	2	103	2	98	1.50e-25	84.0
A13/1103	A81/1-98	41.748	103	55	1	1	103	1	98	5.37e-25	82.4
A13/1103	A114/1-98	43.137	102	53	1	2	103	2	98	8.96e-25	82.0
A13/1103	A158/1-98	39.806	103	57	1	1	103	1	98	1.78e-24	81.3
A13/1103	A34/1-97	47.423	97	45	2	2	98	2	92	2.81e-24	80.9
A13/1103	A125/1-98	40.196	102	56	1	2	103	2	98	3.86e-24	80.5
A13/1103	A152/1-99	41.935	93	50	1	2	94	2	90	1.06e-23	79.3
A13/1103	A147/1-98	37.255	102	59	1	2	103	2	98	1.16e-23	79.0
A13/1103	A147/1-98	70.000	10	3	0	91	100	1	10	2.1	18.1
A13/1103	A119/1-97	35.644	101	59	1	1	101	1	95	4.63e-23	77.4
A13/1103	A151/1-99	38.144	97	56	1	1	97	1	93	5.33e-23	77.4
A13/1103	A19/1-97	45.545	101	47	3	2	101	2	95	1.26e-22	76.6
A13/1103	A14/1-100	45.833	96	46	2	2	97	2	91	1.99e-22	75.9
A13/1103	A41/1-98	44.118	102	52	1	2	103	2	98	2.12e-22	75.9
A13/1103	A35/1-99	37.255	102	60	1	2	103	2	99	4.26e-22	75.1
A13/1103	A167/1-98	41.237	97	52	1	2	98	2	93	4.65e-22	75.1
A13/1103	A118/1-98	39.583	96	53	1	1	96	1	91	9.44e-22	74.3
A13/1103	A108/1-99	39.130	92	52	2	2	93	2	89	1.46e-21	73.9
A13/1103	A130/1-99	40.196	102	57	1	2	103	2	99	2.16e-21	73.2
A13/1103	A51/1-96	42.391	92	45	2	2	92	2	86	2.51e-21	73.2
A13/1103	A85/1-98	40.777	103	56	1	1	103	1	98	5.20e-21	72.4
A13/1103	A49/1-100	42.105	95	52	1	4	98	4	95	8.77e-21	71.6
A13/1103	A74/1-98	40.217	92	50	1	2	93	2	88	1.13e-20	71.6
A13/1103	A144/1-96	38.710	93	50	1	2	94	2	87	3.06e-20	70.5
A13/1103	A53/1-99	38.235	102	59	1	2	103	2	99	4.06e-20	70.1
A13/1103	A60/1-99	39.604	101	55	2	4	103	4	99	4.63e-20	70.1
A13/1103	A96/1-98	41.935	93	49	1	1	93	1	88	5.62e-20	69.7
A13/1103	A44/1-97	40.196	102	55	1	2	103	2	97	8.05e-20	69.3
A13/1103	A84/1-97	37.864	103	56	3	2	103	2	97	2.66e-19	68.2
A13/1103	A48/1-98	34.021	97	59	1	1	97	1	92	2.69e-19	68.2
A13/1103	A77/1-97	39.583	96	52	1	2	97	2	91	2.75e-19	68.2
A13/1103	A105/1-97	40.426	94	49	2	2	94	2	89	2.90e-19	67.8
A13/1103	A86/1-99	38.710	93	53	2	2	94	2	90	2.96e-19	67.8
A13/1103	A33/1-97	39.216	102	54	3	1	101	1	95	3.27e-19	67.8
A13/1103	A95/1-97	40.426	94	49	2	2	94	2	89	4.28e-19	67.4
A13/1103	A67/1-95	36.559	93	52	1	2	94	2	87	4.28e-19	67.4
A13/1103	A26/1-97	44.565	92	44	3	2	92	2	87	4.72e-19	67.4
A13/1103	A3/1-98	41.346	104	52	2	2	103	2	98	4.83e-19	67.4
A13/1103	A162/1-99	37.234	94	54	1	10	103	11	99	4.99e-19	67.4
A13/1103	A73/1-97	41.176	102	50	4	2	101	2	95	7.53e-19	67.0
A13/1103	A64/1-99	39.000	100	57	1	2	101	2	97	8.13e-19	66.6
A13/1103	A159/1-98	35.484	93	55	1	2	94	2	89	1.21e-18	66.2
A13/1103	A78/1-96	35.294	102	59	1	2	103	2	96	1.65e-18	65.9
A13/1103	A140/1-99	40.860	93	51	1	1	93	1	89	1.74e-18	65.9
A13/1103	A88/1-97	40.206	97	52	2	2	98	2	92	2.00e-18	65.9
A13/1103	A62/1-96	38.144	97	52	2	1	95	1	91	2.04e-18	65.9
A13/1103	A110/1-97	39.175	97	53	2	2	98	2	92	2.46e-18	65.5
A13/1103	A163/1-98	34.066	91	55	1	2	92	2	87	2.59e-18	65.5
A13/1103	A55/1-97	39.583	96	52	1	2	97	2	91	2.74e-18	65.5
A13/1103	A16/1-97	39.806	103	56	1	1	103	1	97	3.83e-18	65.1
A13/1103	A143/1-97	38.235	102	57	1	2	103	2	97	4.41e-18	65.1
A13/1103	A82/1-99	39.362	94	50	2	4	97	4	90	5.08e-18	64.7
A13/1103	A7/1-97	38.000	100	56	2	2	101	3	96	5.37e-18	64.7
A13/1103	A28/1-100	33.333	102	65	1	2	103	2	100	6.74e-18	64.3
A13/1103	A137/1-98	38.298	94	51	3	4	96	4	91	6.96e-18	64.3
A13/1103	A128/1-97	40.000	105	51	4	2	103	2	97	8.01e-18	64.3
A13/1103	A71/1-99	40.594	101	54	2	4	103	4	99	8.37e-18	64.3
A13/1103	A5/1-98	40.196	102	56	2	2	103	2	98	9.63e-18	63.9
A13/1103	A104/1-99	38.298	94	51	2	4	97	4	90	1.49e-17	63.5
A13/1103	A17/1-103	35.294	102	66	0	2	103	2	103	1.49e-17	63.5
A13/1103	A37/1-96	39.000	100	54	2	2	101	2	94	1.64e-17	63.5
A13/1103	A75/1-99	35.870	92	55	1	2	93	2	89	1.75e-17	63.5
A13/1103	A89/1-96	34.951	103	60	1	1	103	1	96	2.27e-17	63.2
A13/1103	A93/1-99	36.634	101	58	2	4	103	4	99	2.45e-17	63.2
A13/1103	A10/1-98	37.143	105	54	3	4	103	1	98	2.61e-17	62.8
A13/1103	A132/1-97	34.314	102	61	1	2	103	2	97	3.94e-17	62.4
A13/1103	A115/1-99	35.644	101	59	2	4	103	4	99	4.84e-17	62.4
A13/1103	A113/1-96	38.947	95	52	2	2	96	2	90	5.22e-17	62.0
A13/1103	A42/1-104	39.796	98	50	3	2	94	2	95	1.35e-16	61.2
A13/1103	A58/1-97	39.362	94	49	2	4	95	5	92	1.44e-16	60.8
A13/1103	A66/1-97	36.275	102	59	1	2	103	2	97	1.79e-16	60.8
A13/1103	A121/1-97	34.375	96	57	1	2	97	2	91	2.06e-16	60.5
A13/1103	A30/1-97	39.216	102	56	2	2	103	2	97	2.20e-16	60.5
A13/1103	A99/1-97	35.417	96	56	1	2	97	2	91	2.27e-16	60.5
A13/1103	A40/1-96	39.000	100	54	2	2	101	2	94	2.51e-16	60.5
A13/1103	A45/1-98	40.000	95	48	2	2	94	2	89	2.95e-16	60.1
A13/1103	A9/1-95	34.043	94	55	1	1	94	1	87	5.23e-16	59.7
A13/1103	A111/1-96	32.353	102	62	1	2	103	2	96	6.56e-16	59.3
A13/1103	A135/1-97	37.634	93	48	2	4	92	1	87	1.20e-15	58.5
A13/1103	A97/1-99	31.522	92	59	1	2	93	2	89	1.46e-15	58.5
A13/1103	A124/1-97	40.000	90	47	3	2	90	2	85	2.70e-15	57.8
A13/1103	A155/1-98	35.238	105	59	2	1	103	1	98	2.76e-15	57.8
A13/1103	A157/1-97	38.889	90	48	2	2	90	2	85	3.14e-15	57.8
A13/1103	A21/1-98	43.750	96	48	2	2	97	3	92	4.16e-15	57.4
A13/1103	A23/1-98	37.624	101	56	3	1	100	1	95	5.16e-15	57.0
A13/1103	A126/1-99	33.663	101	61	2	4	103	4	99	6.91e-15	56.6
A13/1103	A69/1-97	33.696	92	54	2	1	91	1	86	8.21e-15	56.6
A13/1103	A91/1-97	39.604	101	53	4	2	101	2	95	1.31e-14	55.8
A13/1103	A139/1-97	35.714	84	47	2	18	101	19	95	1.41e-14	55.8
A13/1103	A154/1-97	34.375	96	57	2	2	97	2	91	1.60e-14	55.8
A13/1103	A31/1-95	34.783	92	53	1	2	93	2	86	2.63e-14	55.1
A13/1103	A24/1-98	33.010	103	64	1	1	103	1	98	2.84e-14	55.1
A13/1103	A80/1-97	39.773	88	46	3	2	88	2	83	4.27e-14	54.7
A13/1103	A2/1-97	35.922	103	60	2	1	103	1	97	4.91e-14	54.7
A13/1103	A141/1-98	33.333	93	57	1	2	94	2	89	4.97e-14	54.7
A13/1103	A161/1-98	40.964	83	41	2	17	98	18	93	7.24e-14	53.9
A13/1103	A150/1-96	34.314	102	60	2	2	103	2	96	7.64e-14	53.9
A13/1103	A146/1-97	33.333	96	57	2	2	96	2	91	1.51e-13	53.1
A13/1103	A148/1-102	33.010	103	60	3	5	103	5	102	1.61e-13	53.1
A13/1103	A12/1-98	31.731	104	62	3	2	103	2	98	3.20e-13	52.4
A13/1103	A166/1-99	39.796	98	49	4	2	96	2	92	3.60e-13	52.4
A13/1103	A122/1-96	34.409	93	54	1	2	94	2	87	3.80e-13	52.4
A13/1103	A117/1-97	34.043	94	55	2	2	94	2	89	5.35e-13	52.0
A13/1103	A102/1-97	34.783	92	53	3	2	92	2	87	7.00e-13	51.6
A13/1103	A100/1-96	31.373	102	63	1	2	103	2	96	1.22e-12	50.8
A13/1103	A38/1-98	32.184	87	54	1	2	88	2	83	1.32e-12	50.8
A13/1103	A133/1-95	34.783	92	53	2	1	92	1	85	2.07e-12	50.4
A13/1103	A56/1-93	34.409	93	53	2	2	94	2	86	3.35e-12	49.7
A13/1103	A47/1-96	34.783	92	53	3	2	92	2	87	1.23e-10	45.8
A14/1100	A14/1-100	100.000	100	0	0	1	100	1	100	2.34e-72	202
A14/1100	A35/1-99	49.000	100	50	1	1	100	1	99	2.75e-31	98.2
A14/1100	A152/1-99	52.632	95	44	1	2	96	2	95	8.04e-31	97.1
A14/1100	A53/1-99	51.087	92	44	1	1	92	1	91	1.72e-28	91.3
A14/1100	A31/1-95	50.000	92	42	1	1	92	1	88	4.22e-27	87.8
A14/1100	A10/1-98	51.111	90	39	2	4	90	1	88	1.60e-26	86.3
A14/1100	A130/1-99	46.000	100	53	1	1	100	1	99	8.86e-26	84.3
A14/1100	A108/1-99	42.000	100	57	1	1	100	1	99	2.73e-25	83.2
A14/1100	A64/1-99	47.778	90	46	1	1	90	1	89	6.11e-25	82.4
A14/1100	A28/1-100	46.067	89	48	0	2	90	2	90	2.03e-24	80.9
A14/1100	A67/1-95	43.956	91	47	1	2	92	2	88	2.63e-24	80.5
A14/1100	A141/1-98	41.000	100	57	1	1	100	1	98	3.61e-24	80.1
A14/1100	A3/1-98	44.000	100	54	1	1	100	1	98	2.80e-23	78.2
A14/1100	A100/1-96	44.944	89	45	1	1	89	1	85	1.00e-22	76.6
A14/1100	A13/1-103	45.833	96	46	2	2	91	2	97	1.79e-22	75.9
A14/1100	A7/1-97	44.565	92	48	2	1	92	2	90	2.04e-22	75.9
A14/1100	A52/1-98	40.000	100	58	1	1	100	1	98	4.27e-22	75.1
A14/1100	A42/1-104	44.792	96	47	3	1	91	1	95	4.46e-22	75.1
A14/1100	A159/1-98	38.614	101	58	2	1	100	1	98	7.60e-22	74.3
A14/1100	A119/1-97	40.217	92	52	1	2	93	2	90	1.31e-21	73.9
A14/1100	A144/1-96	41.053	95	52	1	2	96	2	92	1.88e-21	73.6
A14/1100	A107/1-98	43.956	91	49	1	1	91	1	89	2.16e-21	73.2
A14/1100	A21/1-98	50.000	100	47	2	1	100	2	98	3.93e-21	72.4
A14/1100	A89/1-96	40.404	99	55	1	2	100	2	96	4.94e-21	72.4
A14/1100	A63/1-98	40.594	101	56	2	1	100	1	98	7.15e-21	72.0
A14/1100	A155/1-98	39.394	99	58	1	2	100	2	98	7.89e-21	71.6
A14/1100	A104/1-99	44.554	101	53	2	1	100	1	99	8.60e-21	71.6
A14/1100	A125/1-98	37.374	99	60	1	2	100	2	98	1.33e-20	71.2
A14/1100	A17/1-103	40.952	105	55	2	1	100	1	103	2.67e-20	70.5
A14/1100	A82/1-99	44.554	101	53	2	1	100	1	99	3.65e-20	70.1
A14/1100	A20/1-102	43.158	95	49	3	2	91	2	96	3.65e-20	70.1
A14/1100	A118/1-98	41.414	99	56	1	2	100	2	98	5.77e-20	69.7
A14/1100	A75/1-99	39.394	99	59	1	2	100	2	99	6.79e-20	69.3
A14/1100	A62/1-96	42.045	88	48	1	2	89	2	86	7.90e-20	69.3
A14/1100	A86/1-99	41.053	95	55	1	2	96	2	95	1.03e-19	68.9
A14/1100	A111/1-96	39.326	89	50	1	1	89	1	85	1.09e-19	68.9
A14/1100	A151/1-99	40.000	95	56	1	2	96	2	95	1.88e-19	68.2
A14/1100	A78/1-96	38.384	99	57	1	2	100	2	96	2.55e-19	67.8
A14/1100	A96/1-98	41.414	99	56	1	2	100	2	98	2.61e-19	67.8
A14/1100	A114/1-98	38.000	100	60	1	1	100	1	98	4.26e-19	67.4
A14/1100	A115/1-99	43.564	101	54	2	1	100	1	99	7.99e-19	66.6
A14/1100	A128/1-97	41.489	94	47	3	2	92	2	90	1.00e-18	66.2
A14/1100	A136/1-98	41.111	90	51	1	2	91	2	89	1.55e-18	65.9
A14/1100	A85/1-98	42.697	89	49	1	2	90	2	88	1.58e-18	65.9
A14/1100	A60/1-99	38.614	101	59	2	1	100	1	99	1.60e-18	65.9
A14/1100	A137/1-98	38.614	101	58	3	1	100	1	98	1.65e-18	65.9
A14/1100	A16/1-97	42.424	99	54	2	2	100	2	97	1.69e-18	65.9
A14/1100	A74/1-98	41.000	100	57	1	1	100	1	98	1.90e-18	65.9
A14/1100	A56/1-93	42.391	92	48	2	2	93	2	88	2.91e-18	65.1
A14/1100	A97/1-99	35.354	99	63	1	2	100	2	99	3.00e-18	65.1
A14/1100	A45/1-98	40.000	95	51	2	2	94	2	92	3.14e-18	65.1
A14/1100	A158/1-98	37.374	99	60	1	2	100	2	98	3.31e-18	65.1
A14/1100	A70/1-98	39.394	99	58	1	2	100	2	98	3.61e-18	65.1
A14/1100	A84/1-97	42.391	92	49	2	2	92	2	90	3.65e-18	65.1
A14/1100	A59/1-98	39.394	99	58	1	2	100	2	98	4.44e-18	64.7
A14/1100	A41/1-98	40.404	99	57	1	2	100	2	98	5.11e-18	64.7
A14/1100	A34/1-97	42.857	98	53	2	1	98	1	95	5.22e-18	64.7
A14/1100	A126/1-99	36.735	98	59	2	4	100	4	99	6.14e-18	64.3
A14/1100	A147/1-98	38.000	100	60	1	1	100	1	98	9.90e-18	63.9
A14/1100	A77/1-97	40.196	102	52	2	2	100	2	97	1.16e-17	63.5
A14/1100	A129/1-98	40.860	93	50	2	2	91	2	92	1.33e-17	63.5
A14/1100	A162/1-99	44.444	81	43	1	10	90	11	89	1.48e-17	63.5
A14/1100	A44/1-97	41.414	99	55	2	2	100	2	97	1.67e-17	63.2
A14/1100	A55/1-97	37.864	103	51	2	2	99	2	96	2.83e-17	62.8
A14/1100	A48/1-98	37.113	97	59	1	2	98	2	96	3.23e-17	62.4
A14/1100	A148/1-102	39.423	104	57	3	1	100	1	102	4.47e-17	62.4
A14/1100	A93/1-99	40.594	101	57	2	1	100	1	99	4.51e-17	62.4
A14/1100	A38/1-98	39.080	87	51	1	2	88	2	86	5.31e-17	62.0
A14/1100	A24/1-98	39.394	99	58	2	2	100	2	98	5.37e-17	62.0
A14/1100	A80/1-97	42.529	87	46	2	2	87	2	85	6.67e-17	61.6
A14/1100	A49/1-100	43.617	94	50	1	1	91	1	94	7.68e-17	61.6
A14/1100	A167/1-98	40.217	92	53	1	2	93	2	91	8.55e-17	61.6
A14/1100	A143/1-97	39.394	99	57	1	2	100	2	97	8.65e-17	61.6
A14/1100	A121/1-97	40.217	92	50	2	2	92	2	89	1.60e-16	60.8
A14/1100	A122/1-96	38.889	90	51	1	2	91	2	87	1.62e-16	60.8
A14/1100	A33/1-97	36.559	93	55	2	2	93	2	91	1.73e-16	60.8
A14/1100	A133/1-95	40.909	88	48	1	2	89	2	85	2.12e-16	60.5
A14/1100	A6/1-97	43.617	94	47	3	1	91	1	91	2.39e-16	60.5
A14/1100	A92/1-98	34.783	92	58	1	2	93	2	91	3.73e-16	59.7
A14/1100	A19/1-97	35.870	92	55	2	2	92	2	90	6.69e-16	59.3
A14/1100	A161/1-98	39.326	89	50	2	2	89	2	87	8.04e-16	58.9
A14/1100	A26/1-97	41.573	89	48	2	2	89	2	87	8.57e-16	58.9
A14/1100	A163/1-98	36.842	95	58	1	2	96	2	94	8.86e-16	58.9
A14/1100	A2/1-97	39.000	100	56	2	2	100	2	97	9.55e-16	58.9
A14/1100	A95/1-97	39.130	92	52	2	2	92	2	90	1.12e-15	58.5
A14/1100	A88/1-97	38.776	98	51	2	2	96	2	93	1.91e-15	58.2
A14/1100	A124/1-97	36.957	92	54	2	2	92	2	90	2.55e-15	57.8
A14/1100	A51/1-96	34.066	91	57	1	2	92	2	89	3.24e-15	57.4
A14/1100	A146/1-97	38.043	92	53	2	2	92	2	90	4.34e-15	57.0
A14/1100	A157/1-97	36.471	85	50	2	2	85	2	83	4.68e-15	57.0
A14/1100	A102/1-97	34.375	96	59	2	2	96	2	94	8.29e-15	56.2
A14/1100	A27/1-98	38.384	99	59	2	2	100	2	98	1.06e-14	56.2
A14/1100	A99/1-97	34.343	99	62	1	2	100	2	97	1.16e-14	55.8
A14/1100	A113/1-96	32.632	95	61	1	2	96	2	93	1.35e-14	55.8
A14/1100	A166/1-99	38.776	98	53	4	2	96	2	95	1.39e-14	55.8
A14/1100	A117/1-97	38.000	100	57	4	2	100	2	97	1.64e-14	55.5
A14/1100	A69/1-97	36.471	85	50	2	2	85	2	83	3.19e-14	55.1
A14/1100	A132/1-97	32.323	99	62	2	4	100	2	97	3.88e-14	54.7
A14/1100	A140/1-99	39.286	84	50	1	2	85	2	84	4.18e-14	54.7
A14/1100	A66/1-97	38.384	99	58	1	2	100	2	97	5.19e-14	54.3
A14/1100	A47/1-96	39.326	89	50	2	2	89	2	87	5.47e-14	54.3
A14/1100	A110/1-97	34.783	92	57	1	2	93	2	90	6.44e-14	54.3
A14/1100	A30/1-97	35.354	99	61	1	2	100	2	97	8.07e-14	53.9
A14/1100	A105/1-97	35.870	92	55	2	2	92	2	90	9.28e-14	53.5
A14/1100	A81/1-98	33.696	92	59	1	2	93	2	91	1.11e-13	53.5
A14/1100	A103/1-98	32.323	99	65	1	2	100	2	98	1.30e-13	53.1
A14/1100	A73/1-97	35.870	92	55	2	2	92	2	90	3.17e-13	52.4
A14/1100	A135/1-97	36.667	90	53	2	1	89	1	87	3.84e-13	52.0
A14/1100	A91/1-97	35.632	87	52	2	2	87	2	85	8.16e-13	51.2
A14/1100	A150/1-96	36.735	98	44	3	2	89	2	91	1.75e-12	50.4
A14/1100	A154/1-97	31.373	102	61	2	2	100	2	97	2.63e-12	50.1
A14/1100	A71/1-99	36.842	95	54	2	1	91	1	93	4.26e-12	49.3
A14/1100	A5/1-98	35.556	90	53	2	2	89	2	88	1.13e-11	48.1
A14/1100	A23/1-98	34.118	85	52	2	2	85	2	83	3.30e-11	47.0
A14/1100	A9/1-95	34.568	81	48	2	20	100	20	95	1.26e-10	45.4
A14/1100	A58/1-97	32.955	88	55	2	2	88	2	86	1.94e-10	45.1
A14/1100	A40/1-96	30.769	91	60	1	2	92	2	89	3.28e-10	44.7
A14/1100	A139/1-97	31.646	79	51	1	14	92	15	90	3.93e-10	44.3
A14/1100	A37/1-96	32.143	84	53	1	2	85	2	81	6.91e-10	43.5
A14/1100	A12/1-98	31.111	90	55	3	2	88	2	87	3.11e-08	39.3
A16/197	A16/1-97	100.000	97	0	0	1	97	1	97	3.66e-71	199
A16/197	A44/1-97	43.750	96	54	0	2	97	2	97	4.45e-30	95.1
A16/197	A77/1-97	44.792	96	53	0	2	97	2	97	1.45e-28	91.3
A16/197	A121/1-97	45.455	88	48	0	2	89	2	89	2.48e-28	90.9
A16/197	A99/1-97	43.750	96	54	0	2	97	2	97	4.58e-28	90.1
A16/197	A30/1-97	43.750	96	54	0	2	97	2	97	6.50e-27	87.0
A16/197	A55/1-97	44.318	88	49	0	2	89	2	89	1.11e-25	84.0
A16/197	A66/1-97	41.667	96	56	0	2	97	2	97	1.29e-25	84.0
A16/197	A37/1-96	39.773	88	52	1	2	89	2	88	2.19e-25	83.2
A16/197	A150/1-96	40.909	88	52	0	2	89	2	89	2.33e-25	83.2
A16/197	A88/1-97	40.909	88	52	0	2	89	2	89	2.33e-24	80.5
A16/197	A143/1-97	40.625	96	57	0	2	97	2	97	2.41e-24	80.5
A16/197	A23/1-98	42.857	98	55	1	1	97	1	98	3.65e-24	80.1
A16/197	A19/1-97	40.206	97	56	2	2	97	2	97	3.89e-24	80.1
A16/197	A132/1-97	41.667	96	56	0	2	97	2	97	6.29e-24	79.7
A16/197	A105/1-97	42.697	89	50	1	2	89	2	90	6.57e-24	79.3
A16/197	A110/1-97	38.889	90	55	0	2	91	2	91	1.43e-23	78.6
A16/197	A73/1-97	42.697	89	50	1	2	89	2	90	1.44e-23	78.6
A16/197	A2/1-97	40.206	97	58	0	1	97	1	97	2.43e-23	78.2
A16/197	A154/1-97	37.500	88	55	0	2	89	2	89	3.43e-22	75.1
A16/197	A64/1-99	40.816	98	51	2	2	92	2	99	4.22e-22	75.1
A16/197	A95/1-97	39.326	89	53	1	2	89	2	90	4.27e-22	74.7
A16/197	A62/1-96	39.326	89	54	0	1	89	1	89	4.32e-22	74.7
A16/197	A47/1-96	41.111	90	52	1	1	89	1	90	5.67e-22	74.7
A16/197	A146/1-97	41.573	89	51	1	2	89	2	90	8.95e-22	73.9
A16/197	A40/1-96	37.500	88	55	0	2	89	2	89	1.02e-21	73.9
A16/197	A135/1-97	42.529	87	49	1	2	87	2	88	1.30e-21	73.6
A16/197	A117/1-97	38.889	90	54	1	2	90	2	91	1.70e-21	73.6
A16/197	A96/1-98	42.529	87	49	1	1	86	1	87	3.23e-21	72.8
A16/197	A161/1-98	38.710	93	57	0	4	96	5	97	4.25e-21	72.4
A16/197	A86/1-99	44.706	85	45	1	2	84	2	86	6.42e-21	72.0
A16/197	A33/1-97	37.778	90	55	1	1	89	1	90	6.42e-21	72.0
A16/197	A130/1-99	37.755	98	59	1	2	97	2	99	8.25e-21	71.6
A16/197	A60/1-99	39.394	99	52	3	4	97	4	99	9.00e-21	71.6
A16/197	A124/1-97	38.202	89	54	1	2	89	2	90	1.14e-20	71.2
A16/197	A56/1-93	42.708	96	51	3	2	97	2	93	1.35e-20	71.2
A16/197	A126/1-99	37.500	96	58	2	4	97	4	99	1.44e-20	70.9
A16/197	A63/1-98	39.175	97	58	1	2	97	2	98	2.15e-20	70.5
A16/197	A107/1-98	44.318	88	48	1	2	88	2	89	2.17e-20	70.5
A16/197	A84/1-97	37.079	89	55	1	2	89	2	90	2.32e-20	70.5
A16/197	A122/1-96	41.573	89	51	1	2	90	2	89	3.54e-20	70.1
A16/197	A51/1-96	36.364	88	56	0	2	89	2	89	3.91e-20	70.1
A16/197	A155/1-98	38.000	100	57	2	1	97	1	98	6.88e-20	69.3
A16/197	A9/1-95	44.944	89	46	2	1	88	1	87	7.03e-20	69.3
A16/197	A26/1-97	39.080	87	52	1	2	87	2	88	1.70e-19	68.2
A16/197	A159/1-98	38.636	88	53	1	2	88	2	89	2.22e-19	68.2
A16/197	A27/1-98	41.414	99	55	2	1	97	1	98	2.56e-19	67.8
A16/197	A5/1-98	41.379	87	49	1	2	86	2	88	2.71e-19	67.8
A16/197	A152/1-99	42.857	91	50	1	2	90	2	92	3.29e-19	67.4
A16/197	A108/1-99	39.773	88	51	1	2	87	2	89	3.47e-19	67.4
A16/197	A144/1-96	35.417	96	61	1	2	97	2	96	3.59e-19	67.4
A16/197	A12/1-98	41.176	85	48	1	2	84	2	86	3.87e-19	67.4
A16/197	A141/1-98	40.206	97	57	1	2	97	2	98	6.11e-19	67.0
A16/197	A53/1-99	38.776	98	58	1	2	97	2	99	7.51e-19	66.6
A16/197	A128/1-97	34.831	89	57	1	2	89	2	90	9.54e-19	66.2
A16/197	A69/1-97	36.047	86	54	1	1	85	1	86	1.22e-18	66.2
A16/197	A118/1-98	37.755	98	60	1	1	97	1	98	1.29e-18	65.9
A16/197	A35/1-99	36.735	98	60	1	2	97	2	99	1.29e-18	65.9
A16/197	A14/1-100	42.424	99	54	2	2	97	2	100	1.52e-18	65.9
A16/197	A157/1-97	40.476	84	49	1	2	84	2	85	1.91e-18	65.5
A16/197	A97/1-99	40.000	85	49	1	2	84	2	86	2.45e-18	65.5
A16/197	A78/1-96	35.354	99	57	2	2	97	2	96	2.45e-18	65.5
A16/197	A13/1-103	39.806	103	56	1	1	97	1	103	3.11e-18	65.1
A16/197	A17/1-103	36.275	102	59	2	2	97	2	103	3.55e-18	65.1
A16/197	A10/1-98	39.535	86	51	1	2	86	2	87	4.22e-18	64.7
A16/197	A31/1-95	40.860	93	46	2	2	90	2	89	1.32e-17	63.5
A16/197	A113/1-96	34.568	81	53	0	2	82	2	82	1.45e-17	63.2
A16/197	A74/1-98	38.202	89	54	1	2	89	2	90	1.52e-17	63.2
A16/197	A75/1-99	35.227	88	55	1	2	87	2	89	1.59e-17	63.2
A16/197	A48/1-98	34.021	97	63	1	1	96	1	97	2.08e-17	62.8
A16/197	A166/1-99	36.782	87	54	1	4	89	5	91	2.85e-17	62.8
A16/197	A20/1-102	36.275	102	60	1	1	97	1	102	3.28e-17	62.4
A16/197	A85/1-98	39.080	87	52	1	1	86	1	87	3.42e-17	62.4
A16/197	A81/1-98	37.755	98	60	1	1	97	1	98	3.82e-17	62.4
A16/197	A58/1-97	38.095	84	51	1	2	84	2	85	4.49e-17	62.0
A16/197	A158/1-98	34.483	87	56	1	1	86	1	87	4.69e-17	62.0
A16/197	A89/1-96	35.955	89	50	2	1	86	1	85	4.95e-17	62.0
A16/197	A52/1-98	40.449	89	52	1	10	97	10	98	5.00e-17	62.0
A16/197	A34/1-97	40.698	86	49	2	2	86	2	86	5.46e-17	62.0
A16/197	A67/1-95	37.079	89	55	1	1	89	1	88	5.76e-17	62.0
A16/197	A115/1-99	41.558	77	44	1	4	79	4	80	7.80e-17	61.6
A16/197	A3/1-98	37.113	97	60	1	2	97	2	98	8.51e-17	61.2
A16/197	A163/1-98	37.079	89	55	1	2	89	2	90	1.09e-16	61.2
A16/197	A42/1-104	40.426	94	49	2	2	88	2	95	1.13e-16	61.2
A16/197	A80/1-97	39.024	82	49	1	2	82	2	83	1.20e-16	60.8
A16/197	A82/1-99	38.776	98	55	3	2	97	5	99	1.61e-16	60.8
A16/197	A41/1-98	34.021	97	63	1	2	97	2	98	2.14e-16	60.5
A16/197	A162/1-99	38.158	76	46	1	10	84	11	86	2.86e-16	60.1
A16/197	A167/1-98	36.585	82	51	1	2	82	2	83	3.75e-16	59.7
A16/197	A100/1-96	36.471	85	53	1	2	86	2	85	4.23e-16	59.7
A16/197	A104/1-99	37.500	96	58	2	4	97	4	99	6.04e-16	59.3
A16/197	A139/1-97	33.708	89	56	1	1	89	5	90	6.24e-16	59.3
A16/197	A103/1-98	35.052	97	62	1	2	97	2	98	6.38e-16	59.3
A16/197	A114/1-98	35.052	97	62	1	2	97	2	98	1.10e-15	58.5
A16/197	A140/1-99	37.931	87	52	1	1	85	1	87	1.13e-15	58.5
A16/197	A24/1-98	35.714	98	62	1	1	97	1	98	1.60e-15	58.2
A16/197	A92/1-98	34.021	97	63	1	2	97	2	98	1.88e-15	57.8
A16/197	A91/1-97	35.955	89	56	1	2	89	2	90	2.60e-15	57.8
A16/197	A125/1-98	35.052	97	62	1	2	97	2	98	3.03e-15	57.4
A16/197	A111/1-96	31.250	96	65	1	2	97	2	96	5.14e-15	57.0
A16/197	A71/1-99	37.755	98	56	3	2	97	5	99	5.20e-15	57.0
A16/197	A28/1-100	32.323	99	64	1	2	97	2	100	6.52e-15	56.6
A16/197	A102/1-97	31.461	89	60	1	2	89	2	90	6.81e-15	56.6
A16/197	A45/1-98	35.556	90	55	2	2	89	2	90	2.89e-14	55.1
A16/197	A133/1-95	37.500	88	52	2	1	87	1	86	3.44e-14	54.7
A16/197	A93/1-99	36.735	98	57	3	2	97	5	99	4.70e-14	54.3
A16/197	A136/1-98	31.250	96	65	1	1	95	1	96	5.59e-14	54.3
A16/197	A70/1-98	34.694	98	63	1	1	97	1	98	8.60e-14	53.5
A16/197	A148/1-102	39.080	87	44	4	2	83	5	87	9.18e-14	53.5
A16/197	A49/1-100	31.818	88	57	1	4	88	4	91	4.62e-13	52.0
A16/197	A129/1-98	37.113	97	60	1	2	97	2	98	1.03e-12	50.8
A16/197	A119/1-97	26.804	97	71	0	1	97	1	97	1.19e-12	50.8
A16/197	A137/1-98	35.417	96	59	3	4	97	4	98	4.32e-12	49.3
A16/197	A38/1-98	29.897	97	67	1	2	97	2	98	4.66e-12	49.3
A16/197	A151/1-99	30.303	99	67	1	1	97	1	99	4.91e-12	49.3
A16/197	A6/1-97	36.905	84	51	2	2	84	2	84	7.31e-12	48.5
A16/197	A21/1-98	36.082	97	60	2	2	97	3	98	7.80e-12	48.5
A16/197	A7/1-97	31.250	96	64	2	2	96	3	97	1.29e-11	48.1
A16/197	A147/1-98	27.835	97	69	1	2	97	2	98	1.67e-11	47.8
A16/197	A59/1-98	30.612	98	67	1	1	97	1	98	1.00e-09	43.1
A17/1103	A17/1-103	100.000	103	0	0	1	103	1	103	4.38e-76	211
A17/1103	A3/1-98	41.748	103	55	1	1	103	1	98	3.15e-26	85.5
A17/1103	A74/1-98	45.263	95	47	2	1	95	1	90	4.32e-25	82.8
A17/1103	A60/1-99	45.192	104	51	2	1	103	1	99	2.39e-24	80.9
A17/1103	A89/1-96	41.176	102	53	2	2	103	2	96	8.74e-24	79.3
A17/1103	A115/1-99	44.231	104	52	3	1	103	1	99	1.87e-23	78.6
A17/1103	A126/1-99	44.118	102	51	3	3	103	3	99	2.57e-23	78.2
A17/1103	A34/1-97	43.137	102	46	2	1	99	1	93	5.05e-23	77.4
A17/1103	A96/1-98	45.833	96	46	3	2	96	2	92	1.07e-22	76.6
A17/1103	A148/1-102	45.192	104	54	2	1	103	1	102	1.34e-22	76.3
A17/1103	A24/1-98	41.176	102	55	2	2	103	2	98	1.50e-22	76.3
A17/1103	A104/1-99	46.154	104	50	3	1	103	1	99	1.78e-22	76.3
A17/1103	A44/1-97	43.137	102	52	2	2	103	2	97	3.58e-22	75.5
A17/1103	A82/1-99	42.593	108	48	3	1	103	1	99	6.73e-22	74.7
A17/1103	A93/1-99	45.192	104	51	3	1	103	1	99	9.03e-22	74.3
A17/1103	A107/1-98	41.935	93	49	2	1	93	1	88	1.15e-21	73.9
A17/1103	A52/1-98	40.594	101	52	2	3	103	6	98	2.25e-21	73.2
A17/1103	A35/1-99	39.423	104	57	3	1	103	1	99	6.61e-21	72.0
A17/1103	A10/1-98	41.748	103	55	1	1	103	1	98	9.36e-21	71.6
A17/1103	A118/1-98	39.216	102	57	1	2	103	2	98	1.02e-20	71.6
A17/1103	A163/1-98	38.614	101	57	2	2	102	2	97	1.08e-20	71.6
A17/1103	A63/1-98	42.718	103	54	1	1	103	1	98	1.10e-20	71.6
A17/1103	A85/1-98	40.217	92	50	2	2	93	2	88	1.15e-20	71.6
A17/1103	A158/1-98	39.216	102	57	1	2	103	2	98	1.33e-20	71.2
A17/1103	A28/1-100	42.308	104	53	3	2	103	2	100	1.33e-20	71.2
A17/1103	A137/1-98	39.423	104	56	2	1	103	1	98	1.40e-20	71.2
A17/1103	A14/1-100	40.952	105	55	2	1	103	1	100	2.96e-20	70.5
A17/1103	A20/1-102	34.906	106	60	2	2	103	2	102	3.13e-20	70.5
A17/1103	A78/1-96	41.176	102	53	3	2	103	2	96	4.06e-20	70.1
A17/1103	A42/1-104	37.234	94	58	1	1	93	1	94	4.29e-20	70.1
A17/1103	A155/1-98	43.689	103	51	3	2	103	2	98	5.75e-20	69.7
A17/1103	A67/1-95	42.157	102	51	2	2	103	2	95	6.48e-20	69.7
A17/1103	A59/1-98	40.196	102	56	1	2	103	2	98	8.32e-20	69.3
A17/1103	A53/1-99	40.426	94	50	2	1	93	1	89	9.79e-20	68.9
A17/1103	A122/1-96	40.196	102	54	3	2	103	2	96	1.07e-19	68.9
A17/1103	A111/1-96	37.864	103	57	2	1	103	1	96	1.19e-19	68.9
A17/1103	A130/1-99	39.806	103	58	1	1	103	1	99	1.90e-19	68.6
A17/1103	A144/1-96	38.235	102	56	2	2	103	2	96	2.41e-19	68.2
A17/1103	A88/1-97	37.143	105	54	2	2	103	2	97	3.80e-19	67.8
A17/1103	A110/1-97	37.143	105	54	2	2	103	2	97	5.15e-19	67.4
A17/1103	A105/1-97	39.000	100	52	4	1	100	4	94	6.98e-19	67.0
A17/1103	A167/1-98	36.275	102	60	1	2	103	2	98	1.70e-18	65.9
A17/1103	A162/1-99	40.659	91	49	1	13	103	14	99	1.74e-18	65.9
A17/1103	A2/1-97	37.143	105	54	2	2	103	2	97	1.92e-18	65.9
A17/1103	A159/1-98	33.981	103	63	1	1	103	1	98	2.16e-18	65.9
A17/1103	A147/1-98	36.449	107	55	2	1	103	1	98	3.26e-18	65.1
A17/1103	A128/1-97	38.043	92	49	3	1	92	4	87	4.00e-18	65.1
A17/1103	A16/1-97	36.275	102	59	2	2	103	2	97	4.37e-18	65.1
A17/1103	A7/1-97	35.922	103	59	3	1	103	2	97	4.92e-18	64.7
A17/1103	A45/1-98	37.255	102	59	2	2	103	2	98	6.88e-18	64.3
A17/1103	A141/1-98	34.951	103	62	1	1	103	1	98	7.67e-18	64.3
A17/1103	A56/1-93	36.957	92	50	2	2	93	2	85	8.55e-18	64.3
A17/1103	A108/1-99	34.615	104	62	2	1	103	1	99	9.84e-18	63.9
A17/1103	A51/1-96	40.426	94	50	2	2	95	2	89	1.04e-17	63.9
A17/1103	A13/1-103	35.294	102	66	0	2	103	2	103	1.49e-17	63.5
A17/1103	A71/1-99	41.346	104	52	4	1	103	4	99	2.85e-17	62.8
A17/1103	A119/1-97	37.255	102	58	2	2	103	2	97	3.35e-17	62.8
A17/1103	A27/1-98	36.893	103	58	3	2	103	2	98	3.65e-17	62.4
A17/1103	A114/1-98	37.864	103	59	1	1	103	1	98	5.75e-17	62.0
A17/1103	A41/1-98	35.294	102	58	2	2	103	5	98	5.88e-17	62.0
A17/1103	A12/1-98	34.831	89	54	2	2	90	2	86	6.41e-17	62.0
A17/1103	A100/1-96	38.835	103	56	3	1	103	1	96	7.79e-17	61.6
A17/1103	A140/1-99	40.426	94	50	2	2	94	2	90	1.02e-16	61.2
A17/1103	A49/1-100	35.922	103	59	2	1	101	1	98	1.05e-16	61.2
A17/1103	A66/1-97	38.614	101	50	2	2	99	2	93	5.12e-16	59.7
A17/1103	A48/1-98	32.381	105	58	2	2	102	2	97	5.34e-16	59.7
A17/1103	A55/1-97	31.915	94	58	2	2	95	2	89	6.08e-16	59.3
A17/1103	A19/1-97	35.789	95	48	3	2	92	2	87	6.92e-16	59.3
A17/1103	A92/1-98	35.294	102	61	1	2	103	2	98	7.00e-16	59.3
A17/1103	A77/1-97	36.634	101	52	2	2	99	2	93	7.80e-16	59.3
A17/1103	A95/1-97	35.922	103	57	4	1	103	4	97	8.97e-16	58.9
A17/1103	A136/1-98	38.542	96	46	2	2	93	2	88	9.07e-16	58.9
A17/1103	A121/1-97	36.735	98	48	3	2	95	2	89	1.01e-15	58.9
A17/1103	A84/1-97	39.130	92	48	3	1	92	4	87	1.11e-15	58.9
A17/1103	A86/1-99	34.951	103	61	2	2	103	2	99	1.16e-15	58.5
A17/1103	A139/1-97	37.647	85	47	2	8	92	9	87	1.41e-15	58.5
A17/1103	A70/1-98	36.792	106	54	2	2	103	2	98	1.79e-15	58.2
A17/1103	A152/1-99	31.633	98	63	1	2	99	2	95	2.00e-15	58.2
A17/1103	A99/1-97	34.694	98	58	2	2	99	2	93	2.18e-15	58.2
A17/1103	A21/1-98	39.806	103	56	2	1	103	2	98	2.20e-15	58.2
A17/1103	A161/1-98	37.255	102	58	2	1	102	2	97	5.05e-15	57.0
A17/1103	A31/1-95	38.542	96	52	3	1	96	1	89	6.98e-15	56.6
A17/1103	A151/1-99	33.654	104	60	3	1	103	4	99	7.61e-15	56.6
A17/1103	A73/1-97	38.043	92	49	3	1	92	4	87	7.95e-15	56.6
A17/1103	A143/1-97	31.373	102	64	2	2	103	2	97	8.30e-15	56.6
A17/1103	A133/1-95	38.235	102	55	3	2	103	2	95	9.76e-15	56.2
A17/1103	A125/1-98	34.314	102	62	1	2	103	2	98	9.86e-15	56.2
A17/1103	A62/1-96	34.066	91	54	2	2	92	2	86	1.20e-14	56.2
A17/1103	A69/1-97	38.202	89	47	3	1	89	4	84	1.25e-14	56.2
A17/1103	A6/1-97	37.864	103	58	2	1	103	1	97	1.67e-14	55.8
A17/1103	A33/1-97	38.043	92	50	3	2	92	2	87	2.03e-14	55.5
A17/1103	A117/1-97	39.394	99	47	4	2	96	2	91	2.55e-14	55.1
A17/1103	A81/1-98	34.783	92	55	1	2	93	2	88	3.56e-14	55.1
A17/1103	A58/1-97	39.560	91	49	3	1	91	2	86	3.63e-14	54.7
A17/1103	A64/1-99	35.106	94	55	2	1	93	1	89	4.61e-14	54.7
A17/1103	A124/1-97	38.889	90	47	3	1	90	4	85	5.71e-14	54.3
A17/1103	A103/1-98	33.696	92	56	1	2	93	2	88	6.50e-14	54.3
A17/1103	A132/1-97	33.333	93	56	2	7	99	7	93	7.01e-14	54.3
A17/1103	A166/1-99	35.577	104	59	3	2	103	2	99	8.33e-14	53.9
A17/1103	A9/1-95	33.333	102	60	3	2	103	2	95	1.09e-13	53.5
A17/1103	A26/1-97	34.783	92	53	3	2	92	2	87	1.14e-13	53.5
A17/1103	A5/1-98	33.333	102	63	2	2	103	2	98	1.40e-13	53.5
A17/1103	A150/1-96	35.632	87	50	2	2	88	2	82	1.73e-13	53.1
A17/1103	A97/1-99	32.039	103	64	2	2	103	2	99	2.31e-13	52.8
A17/1103	A154/1-97	31.429	105	60	2	2	103	2	97	4.51e-13	52.0
A17/1103	A157/1-97	35.955	89	49	3	1	89	4	84	5.77e-13	51.6
A17/1103	A129/1-98	34.737	95	54	2	2	93	2	91	5.83e-13	51.6
A17/1103	A30/1-97	32.353	102	63	2	2	103	2	97	7.80e-13	51.6
A17/1103	A146/1-97	37.647	85	47	3	8	92	9	87	8.59e-13	51.2
A17/1103	A135/1-97	34.409	93	53	3	1	92	2	87	9.46e-13	51.2
A17/1103	A40/1-96	34.043	94	56	2	2	95	2	89	1.31e-12	50.8
A17/1103	A113/1-96	31.633	98	61	2	2	99	2	93	1.36e-12	50.8
A17/1103	A80/1-97	36.667	90	49	3	1	90	4	85	1.47e-12	50.8
A17/1103	A38/1-98	34.831	89	53	1	2	90	2	85	2.35e-12	50.1
A17/1103	A47/1-96	36.957	92	50	3	1	92	4	87	4.20e-12	49.7
A17/1103	A23/1-98	33.766	77	45	2	13	89	14	84	5.32e-12	49.3
A17/1103	A75/1-99	25.243	103	71	2	2	103	2	99	2.12e-11	47.8
A17/1103	A102/1-97	30.435	92	57	3	2	92	2	87	4.07e-10	44.3
A17/1103	A37/1-96	32.653	98	59	2	2	99	2	92	5.65e-10	43.9
A17/1103	A91/1-97	33.333	90	53	3	2	90	2	85	9.22e-10	43.5
A19/197	A19/1-97	100.000	97	0	0	1	97	1	97	5.17e-73	203
A19/197	A128/1-97	54.639	97	44	0	1	97	1	97	5.29e-41	122
A19/197	A73/1-97	53.608	97	45	0	1	97	1	97	2.99e-40	120
A19/197	A105/1-97	55.670	97	43	0	1	97	1	97	1.04e-39	119
A19/197	A58/1-97	54.639	97	44	0	1	97	1	97	1.24e-39	119
A19/197	A84/1-97	53.608	97	45	0	1	97	1	97	4.99e-39	117
A19/197	A26/1-97	53.608	97	45	0	1	97	1	97	9.84e-39	117
A19/197	A95/1-97	53.608	97	45	0	1	97	1	97	3.59e-38	115
A19/197	A33/1-97	51.042	96	47	0	2	97	2	97	7.48e-35	107
A19/197	A51/1-96	48.454	97	49	1	1	97	1	96	5.72e-34	105
A19/197	A62/1-96	50.549	91	44	1	2	92	2	91	7.09e-33	102
A19/197	A80/1-97	50.000	96	48	0	1	96	1	96	7.25e-33	102
A19/197	A102/1-97	50.549	91	45	0	1	91	1	91	2.64e-32	100
A19/197	A139/1-97	46.316	95	51	0	2	96	2	96	7.45e-32	99.8
A19/197	A69/1-97	49.438	89	45	0	2	90	2	90	9.58e-32	99.4
A19/197	A157/1-97	47.253	91	48	0	1	91	1	91	2.08e-31	98.6
A19/197	A117/1-97	43.333	90	51	0	1	90	1	90	3.24e-30	95.5
A19/197	A91/1-97	45.833	96	52	0	1	96	1	96	8.86e-30	94.4
A19/197	A150/1-96	43.750	96	53	1	2	97	2	96	1.30e-29	94.0
A19/197	A124/1-97	42.708	96	55	0	1	96	1	96	1.46e-29	94.0
A19/197	A146/1-97	44.330	97	54	0	1	97	1	97	2.19e-29	93.6
A19/197	A66/1-97	48.315	89	45	1	2	90	2	89	2.79e-29	93.2
A19/197	A135/1-97	42.708	96	55	0	2	97	2	97	1.87e-28	90.9
A19/197	A47/1-96	43.820	89	50	0	2	90	2	90	1.10e-27	89.0
A19/197	A44/1-97	45.882	85	46	0	5	89	4	88	1.87e-27	88.6
A19/197	A113/1-96	48.193	83	42	1	1	83	1	82	2.26e-27	88.2
A19/197	A5/1-98	40.816	98	55	2	2	97	2	98	4.74e-27	87.4
A19/197	A55/1-97	45.349	86	46	1	2	87	2	86	4.84e-27	87.4
A19/197	A40/1-96	43.299	97	54	1	1	97	1	96	6.43e-27	87.0
A19/197	A110/1-97	44.944	89	48	1	2	90	2	89	1.04e-26	86.7
A19/197	A77/1-97	43.820	89	49	1	2	90	2	89	4.54e-26	85.1
A19/197	A88/1-97	43.820	89	49	1	2	90	2	89	1.21e-25	84.0
A19/197	A99/1-97	42.697	89	50	1	2	90	2	89	1.66e-25	83.6
A19/197	A143/1-97	45.455	88	47	1	2	89	2	88	3.03e-25	82.8
A19/197	A23/1-98	44.048	84	47	0	2	85	2	85	2.21e-24	80.9
A19/197	A166/1-99	46.667	90	47	1	1	89	1	90	2.23e-24	80.9
A19/197	A16/1-97	40.206	97	56	2	2	97	2	97	3.89e-24	80.1
A19/197	A121/1-97	40.000	90	53	1	2	91	2	90	7.33e-24	79.3
A19/197	A161/1-98	36.667	90	57	0	2	91	2	91	1.17e-23	79.0
A19/197	A154/1-97	40.449	89	52	1	2	90	2	89	9.19e-23	76.6
A19/197	A13/1-103	45.545	101	47	3	2	95	2	101	1.01e-22	76.6
A19/197	A158/1-98	44.828	87	46	2	2	87	2	87	2.13e-22	75.5
A19/197	A52/1-98	46.154	91	44	2	1	90	4	90	2.50e-22	75.5
A19/197	A132/1-97	42.683	82	47	0	9	90	8	89	4.66e-22	74.7
A19/197	A74/1-98	38.043	92	55	2	2	92	2	92	3.98e-21	72.4
A19/197	A30/1-97	40.000	85	50	1	1	85	1	84	4.48e-21	72.4
A19/197	A41/1-98	43.434	99	50	3	1	97	4	98	6.78e-21	72.0
A19/197	A9/1-95	40.217	92	52	2	5	95	4	93	1.42e-20	70.9
A19/197	A12/1-98	41.935	93	51	2	1	91	1	92	1.52e-20	70.9
A19/197	A37/1-96	38.462	91	54	2	1	91	1	89	2.37e-20	70.5
A19/197	A167/1-98	39.080	87	51	2	1	86	1	86	3.50e-20	70.1
A19/197	A103/1-98	41.379	87	49	2	2	87	2	87	3.78e-20	70.1
A19/197	A118/1-98	39.130	92	54	2	2	92	2	92	4.65e-20	69.7
A19/197	A107/1-98	38.043	92	53	3	2	92	2	90	8.45e-20	68.9
A19/197	A27/1-98	43.182	88	46	3	2	87	2	87	9.22e-20	68.9
A19/197	A35/1-99	39.773	88	50	2	2	87	2	88	1.09e-19	68.9
A19/197	A2/1-97	38.824	85	52	0	5	89	4	88	1.31e-19	68.6
A19/197	A122/1-96	36.782	87	53	2	1	87	1	85	1.52e-19	68.6
A19/197	A136/1-98	39.326	89	52	2	2	89	2	89	1.83e-19	68.2
A19/197	A162/1-99	43.243	74	41	1	14	86	14	87	2.65e-19	67.8
A19/197	A155/1-98	39.326	89	51	2	5	90	2	90	3.59e-19	67.4
A19/197	A147/1-98	41.837	98	53	3	4	97	1	98	3.59e-19	67.4
A19/197	A137/1-98	42.529	87	48	2	2	87	1	86	4.04e-19	67.4
A19/197	A96/1-98	36.782	87	53	2	2	87	2	87	4.51e-19	67.0
A19/197	A20/1-102	37.255	102	57	3	2	97	2	102	7.11e-19	66.6
A19/197	A3/1-98	41.489	94	53	2	2	94	2	94	9.03e-19	66.2
A19/197	A63/1-98	40.000	90	52	2	2	90	2	90	1.09e-18	66.2
A19/197	A78/1-96	39.080	87	51	2	1	87	1	85	1.57e-18	65.9
A19/197	A67/1-95	38.043	92	53	3	2	92	2	90	1.59e-18	65.9
A19/197	A140/1-99	38.667	75	44	1	13	85	12	86	2.06e-18	65.5
A19/197	A144/1-96	35.556	90	56	2	1	90	1	88	5.42e-18	64.3
A19/197	A130/1-99	37.374	99	58	3	2	97	2	99	8.18e-18	63.9
A19/197	A159/1-98	35.955	89	55	2	2	89	2	89	8.27e-18	63.9
A19/197	A28/1-100	33.333	90	56	2	1	87	1	89	1.11e-17	63.5
A19/197	A60/1-99	39.785	93	50	3	2	90	1	91	1.12e-17	63.5
A19/197	A81/1-98	39.796	98	56	3	2	97	2	98	1.44e-17	63.5
A19/197	A34/1-97	39.080	87	50	3	2	87	2	86	1.87e-17	63.2
A19/197	A163/1-98	37.500	88	53	2	1	87	1	87	3.42e-17	62.4
A19/197	A86/1-99	38.462	91	53	2	1	89	1	90	4.69e-17	62.0
A19/197	A89/1-96	36.047	86	53	2	2	87	2	85	5.70e-17	62.0
A19/197	A119/1-97	35.417	96	60	2	2	96	2	96	1.02e-16	61.2
A19/197	A152/1-99	34.043	94	59	2	2	93	2	94	1.51e-16	60.8
A19/197	A59/1-98	40.000	90	52	2	8	95	7	96	1.67e-16	60.5
A19/197	A111/1-96	38.372	86	51	2	2	87	2	85	2.89e-16	60.1
A19/197	A108/1-99	38.636	88	51	2	2	87	2	88	4.92e-16	59.3
A19/197	A17/1-103	35.789	95	48	3	2	87	2	92	5.66e-16	59.3
A19/197	A14/1-100	35.870	92	55	2	2	90	2	92	6.04e-16	59.3
A19/197	A92/1-98	34.694	98	61	3	2	97	2	98	1.25e-15	58.5
A19/197	A104/1-99	37.931	87	51	3	14	97	13	99	1.39e-15	58.2
A19/197	A85/1-98	35.632	87	54	2	2	87	2	87	1.53e-15	58.2
A19/197	A133/1-95	31.522	92	62	1	5	96	4	94	1.96e-15	57.8
A19/197	A82/1-99	37.363	91	51	3	2	90	5	91	2.03e-15	57.8
A19/197	A75/1-99	38.202	89	52	2	1	87	1	88	2.05e-15	57.8
A19/197	A53/1-99	33.333	90	57	2	2	89	2	90	2.07e-15	57.8
A19/197	A93/1-99	39.080	87	50	3	14	97	13	99	2.21e-15	57.8
A19/197	A100/1-96	34.884	86	54	2	2	87	2	85	2.29e-15	57.8
A19/197	A126/1-99	34.211	76	49	1	9	83	8	83	5.67e-15	56.6
A19/197	A70/1-98	38.384	99	56	4	2	97	2	98	5.92e-15	56.6
A19/197	A97/1-99	36.364	88	53	2	1	86	1	87	6.31e-15	56.6
A19/197	A6/1-97	39.796	98	54	4	4	97	1	97	8.45e-15	56.2
A19/197	A48/1-98	39.241	79	47	1	10	87	9	87	1.34e-14	55.8
A19/197	A24/1-98	37.500	80	49	1	9	87	8	87	1.37e-14	55.8
A19/197	A141/1-98	37.079	89	54	2	2	89	2	89	2.00e-14	55.5
A19/197	A56/1-93	38.372	86	50	3	2	87	2	84	2.93e-14	55.1
A19/197	A64/1-99	32.955	88	56	2	2	87	2	88	3.67e-14	54.7
A19/197	A45/1-98	32.609	92	58	3	2	91	2	91	6.43e-14	53.9
A19/197	A151/1-99	30.769	91	60	2	2	90	2	91	7.89e-14	53.9
A19/197	A31/1-95	35.632	87	52	3	2	87	2	85	1.37e-13	53.1
A19/197	A71/1-99	35.484	93	57	3	4	95	4	94	2.75e-13	52.4
A19/197	A115/1-99	30.769	91	61	2	2	90	1	91	3.10e-13	52.4
A19/197	A42/1-104	32.632	95	56	3	2	89	2	95	4.33e-13	52.0
A19/197	A7/1-97	30.526	95	63	2	2	95	3	95	5.98e-13	51.6
A19/197	A129/1-98	34.118	85	54	2	2	85	2	85	7.58e-13	51.2
A19/197	A125/1-98	31.250	96	63	3	2	95	2	96	5.96e-12	48.9
A19/197	A148/1-102	31.034	87	52	3	2	84	5	87	1.35e-11	48.1
A19/197	A114/1-98	32.653	98	63	3	2	97	2	98	2.82e-11	47.4
A19/197	A10/1-98	32.184	87	56	2	4	87	1	87	3.81e-11	47.0
A19/197	A49/1-100	34.043	94	57	2	2	92	1	92	5.14e-11	46.6
A19/197	A21/1-98	38.636	88	49	3	2	87	3	87	7.09e-11	46.2
A19/197	A38/1-98	30.108	93	61	3	1	91	1	91	6.87e-08	38.5
A20/1102	A20/1-102	100.000	102	0	0	1	102	1	102	1.17e-74	207
A20/1102	A13/1-103	53.398	103	47	1	1	102	1	103	6.83e-35	107
A20/1102	A147/1-98	48.515	101	48	1	2	102	2	98	1.74e-33	103
A20/1102	A59/1-98	50.000	102	47	1	1	102	1	98	7.71e-33	102
A20/1102	A6/1-97	53.465	101	42	2	2	102	2	97	3.97e-32	100
A20/1102	A27/1-98	49.020	102	48	2	1	102	1	98	1.08e-31	99.4
A20/1102	A52/1-98	51.485	101	45	1	2	102	2	98	2.34e-31	98.6
A20/1102	A136/1-98	50.000	98	42	2	1	98	1	91	9.47e-31	97.1
A20/1102	A125/1-98	50.495	101	46	1	2	102	2	98	8.80e-30	94.7
A20/1102	A63/1-98	48.515	101	48	1	2	102	2	98	1.57e-29	94.0
A20/1102	A41/1-98	47.525	101	49	1	2	102	2	98	1.71e-29	94.0
A20/1102	A129/1-98	49.505	101	47	1	2	102	2	98	5.52e-29	92.4
A20/1102	A34/1-97	47.475	99	47	2	2	100	2	95	1.32e-28	91.7
A20/1102	A85/1-98	48.039	102	49	1	1	102	1	98	1.44e-27	89.0
A20/1102	A158/1-98	48.039	102	49	2	1	102	1	98	1.70e-27	89.0
A20/1102	A118/1-98	46.875	96	44	2	1	96	1	89	5.53e-27	87.4
A20/1102	A70/1-98	45.098	102	52	1	1	102	1	98	7.93e-27	87.0
A20/1102	A92/1-98	43.564	101	53	1	2	102	2	98	9.65e-27	87.0
A20/1102	A107/1-98	46.809	94	46	1	2	95	2	91	2.47e-26	85.9
A20/1102	A140/1-99	46.602	103	50	2	1	102	1	99	3.24e-26	85.5
A20/1102	A103/1-98	41.584	101	55	1	2	102	2	98	4.21e-26	85.1
A20/1102	A81/1-98	46.078	102	51	1	1	102	1	98	5.07e-26	85.1
A20/1102	A114/1-98	43.564	101	53	1	2	102	2	98	8.73e-25	82.0
A20/1102	A48/1-98	38.614	101	58	1	1	101	1	97	1.34e-24	81.6
A20/1102	A96/1-98	43.478	92	48	1	1	92	1	88	7.98e-24	79.3
A20/1102	A74/1-98	41.667	96	51	3	2	97	2	92	1.06e-23	79.3
A20/1102	A53/1-99	42.553	94	50	2	2	94	2	92	1.23e-23	79.0
A20/1102	A159/1-98	42.553	94	49	2	2	94	2	91	4.82e-23	77.4
A20/1102	A82/1-99	44.554	101	47	3	5	102	5	99	6.82e-23	77.0
A20/1102	A71/1-99	42.424	99	52	2	5	102	5	99	6.82e-23	77.0
A20/1102	A60/1-99	43.478	92	46	2	5	96	5	90	1.22e-22	76.6
A20/1102	A163/1-98	35.632	87	52	1	2	88	2	84	1.92e-22	75.9
A20/1102	A24/1-98	37.255	102	60	1	1	102	1	98	2.29e-22	75.9
A20/1102	A162/1-99	39.785	93	52	1	10	102	11	99	3.24e-22	75.5
A20/1102	A78/1-96	39.604	101	55	1	2	102	2	96	4.03e-22	75.1
A20/1102	A108/1-99	41.489	94	51	3	2	94	2	92	4.90e-22	75.1
A20/1102	A104/1-99	42.574	101	49	3	5	102	5	99	9.01e-22	74.3
A20/1102	A151/1-99	36.275	102	62	1	1	102	1	99	1.08e-21	73.9
A20/1102	A3/1-98	41.584	101	52	2	5	102	2	98	2.15e-21	73.2
A20/1102	A28/1-100	39.216	102	58	3	2	102	2	100	3.29e-21	72.8
A20/1102	A167/1-98	37.000	100	59	1	2	101	2	97	3.59e-21	72.8
A20/1102	A75/1-99	39.175	97	55	2	2	97	2	95	3.79e-21	72.8
A20/1102	A35/1-99	33.663	101	64	1	2	102	2	99	4.04e-21	72.8
A20/1102	A49/1-100	38.947	95	56	1	5	99	5	97	9.54e-21	71.6
A20/1102	A89/1-96	39.806	103	54	4	1	102	1	96	1.27e-20	71.2
A20/1102	A17/1-103	34.906	106	60	2	2	102	2	103	3.02e-20	70.5
A20/1102	A14/1-100	43.158	95	49	3	2	96	2	91	3.92e-20	70.1
A20/1102	A111/1-96	38.614	101	56	2	2	102	2	96	6.25e-20	69.7
A20/1102	A119/1-97	34.314	102	62	2	1	102	1	97	8.03e-20	69.3
A20/1102	A130/1-99	37.624	101	60	1	2	102	2	99	8.66e-20	69.3
A20/1102	A148/1-102	40.777	103	53	3	4	102	4	102	1.02e-19	68.9
A20/1102	A115/1-99	36.364	99	58	2	5	102	5	99	1.46e-19	68.6
A20/1102	A93/1-99	40.594	101	51	3	5	102	5	99	3.22e-19	67.8
A20/1102	A121/1-97	42.045	88	46	1	2	89	2	84	3.26e-19	67.8
A20/1102	A84/1-97	39.216	102	55	3	2	102	2	97	6.32e-19	67.0
A20/1102	A19/1-97	37.255	102	57	3	2	102	2	97	8.47e-19	66.6
A20/1102	A42/1-104	38.776	98	51	3	2	93	2	96	9.44e-19	66.6
A20/1102	A100/1-96	36.634	101	58	1	2	102	2	96	9.65e-19	66.6
A20/1102	A155/1-98	40.777	103	48	3	1	100	1	93	9.86e-19	66.6
A20/1102	A55/1-97	37.624	101	52	2	2	102	2	91	1.08e-18	66.2
A20/1102	A126/1-99	33.663	101	58	3	5	102	5	99	1.32e-18	66.2
A20/1102	A152/1-99	36.264	91	55	1	2	92	2	89	2.13e-18	65.9
A20/1102	A10/1-98	35.484	93	56	1	2	94	2	90	2.30e-18	65.5
A20/1102	A9/1-95	42.857	84	40	3	7	90	9	84	2.70e-18	65.5
A20/1102	A110/1-97	32.990	97	60	1	2	98	2	93	5.72e-18	64.7
A20/1102	A154/1-97	35.789	95	56	1	2	96	2	91	6.65e-18	64.3
A20/1102	A66/1-97	35.870	92	54	1	11	102	11	97	7.26e-18	64.3
A20/1102	A86/1-99	37.500	88	52	2	2	89	2	86	7.58e-18	64.3
A20/1102	A124/1-97	40.909	88	46	2	2	88	2	84	7.66e-18	64.3
A20/1102	A69/1-97	39.130	92	50	2	1	91	1	87	1.00e-17	63.9
A20/1102	A113/1-96	39.535	86	47	1	2	87	2	82	1.07e-17	63.9
A20/1102	A157/1-97	37.079	89	50	2	2	89	2	85	1.13e-17	63.9
A20/1102	A58/1-97	38.614	101	55	3	2	101	2	96	1.25e-17	63.5
A20/1102	A122/1-96	35.632	87	50	1	2	88	2	82	1.45e-17	63.5
A20/1102	A33/1-97	40.196	102	54	3	1	101	1	96	2.44e-17	62.8
A20/1102	A150/1-96	37.624	101	57	2	2	102	2	96	3.13e-17	62.8
A20/1102	A16/1-97	36.275	102	60	1	1	102	1	97	3.89e-17	62.4
A20/1102	A132/1-97	32.673	101	63	1	2	102	2	97	4.68e-17	62.4
A20/1102	A105/1-97	36.275	102	58	4	2	102	2	97	5.56e-17	62.0
A20/1102	A44/1-97	40.196	102	54	3	2	102	2	97	5.87e-17	62.0
A20/1102	A141/1-98	34.066	91	56	1	2	92	2	88	6.98e-17	61.6
A20/1102	A30/1-97	36.634	101	59	1	2	102	2	97	7.45e-17	61.6
A20/1102	A7/1-97	33.708	89	55	1	2	90	2	86	8.77e-17	61.6
A20/1102	A97/1-99	33.000	100	62	3	2	101	2	96	1.21e-16	61.2
A20/1102	A67/1-95	32.558	86	52	1	2	87	2	81	1.23e-16	61.2
A20/1102	A77/1-97	38.144	97	52	2	2	98	2	90	1.46e-16	60.8
A20/1102	A139/1-97	38.462	91	50	3	11	101	12	96	1.56e-16	60.8
A20/1102	A62/1-96	37.079	89	51	1	1	89	1	84	2.30e-16	60.5
A20/1102	A95/1-97	35.294	102	59	3	2	102	2	97	2.53e-16	60.5
A20/1102	A26/1-97	35.294	102	59	3	2	102	2	97	2.53e-16	60.5
A20/1102	A91/1-97	38.202	89	49	2	13	101	14	96	3.08e-16	60.1
A20/1102	A143/1-97	34.737	95	56	2	2	95	2	91	4.35e-16	59.7
A20/1102	A137/1-98	39.216	102	53	4	2	102	5	98	5.88e-16	59.3
A20/1102	A5/1-98	37.864	103	56	3	2	102	2	98	6.70e-16	59.3
A20/1102	A64/1-99	36.170	94	56	2	2	94	2	92	1.02e-15	58.9
A20/1102	A51/1-96	33.663	101	61	2	2	102	2	96	1.37e-15	58.5
A20/1102	A23/1-98	33.010	103	63	2	1	102	1	98	1.87e-15	58.2
A20/1102	A88/1-97	34.375	96	58	1	2	97	2	92	1.95e-15	58.2
A20/1102	A144/1-96	34.884	86	50	1	2	87	2	81	2.11e-15	58.2
A20/1102	A2/1-97	31.373	102	65	1	1	102	1	97	2.98e-15	57.8
A20/1102	A31/1-95	35.227	88	51	2	2	89	2	83	5.69e-15	57.0
A20/1102	A80/1-97	35.644	101	58	3	2	101	2	96	5.87e-15	57.0
A20/1102	A102/1-97	34.483	87	51	2	2	87	2	83	7.95e-15	56.6
A20/1102	A99/1-97	37.500	88	50	1	2	89	2	84	9.04e-15	56.2
A20/1102	A37/1-96	32.323	99	61	1	2	100	2	94	1.52e-14	55.8
A20/1102	A73/1-97	35.000	100	58	4	2	100	2	95	3.23e-14	55.1
A20/1102	A56/1-93	35.165	91	52	2	2	92	2	85	3.84e-14	54.7
A20/1102	A38/1-98	32.558	86	54	1	2	87	2	83	8.42e-14	53.9
A20/1102	A40/1-96	36.000	100	58	2	2	101	2	95	1.34e-13	53.5
A20/1102	A128/1-97	32.353	102	62	3	2	102	2	97	1.49e-13	53.1
A20/1102	A45/1-98	37.113	97	50	3	2	96	2	89	1.64e-13	53.1
A20/1102	A21/1-98	36.634	101	60	1	2	102	2	98	4.66e-13	52.0
A20/1102	A135/1-97	31.818	88	54	2	2	88	2	84	9.37e-13	51.2
A20/1102	A117/1-97	33.708	89	53	3	2	89	2	85	1.50e-12	50.8
A20/1102	A161/1-98	29.703	101	65	2	2	101	2	97	1.06e-11	48.5
A20/1102	A133/1-95	31.395	86	47	2	14	99	14	87	5.67e-11	46.6
A20/1102	A146/1-97	34.409	93	55	3	10	102	11	97	5.73e-11	46.6
A20/1102	A47/1-96	32.955	88	53	2	2	88	2	84	7.89e-11	46.2
A20/1102	A12/1-98	27.184	103	67	3	2	102	2	98	3.51e-10	44.7
A20/1102	A166/1-99	31.461	89	51	4	5	88	2	85	4.94e-10	44.3
A21/198	A21/1-98	100.000	98	0	0	1	98	1	98	9.14e-69	192
A21/198	A130/1-99	52.525	99	45	2	2	98	1	99	9.33e-29	92.0
A21/198	A28/1-100	48.485	99	48	2	3	98	2	100	3.70e-28	90.5
A21/198	A35/1-99	45.455	99	52	2	2	98	1	99	5.25e-28	90.1
A21/198	A63/1-98	46.939	98	51	1	2	98	1	98	1.43e-27	89.0
A21/198	A14/1-100	51.000	100	46	2	2	98	1	100	2.79e-27	88.2
A21/198	A7/1-97	44.086	93	52	0	1	93	1	93	9.27e-27	86.7
A21/198	A114/1-98	43.878	98	54	1	2	98	1	98	1.64e-25	83.6
A21/198	A108/1-99	47.253	91	46	2	2	90	1	91	3.11e-25	82.8
A21/198	A64/1-99	47.872	94	47	2	2	93	1	94	4.37e-25	82.4
A21/198	A159/1-98	42.857	98	55	1	2	98	1	98	7.54e-25	82.0
A21/198	A53/1-99	45.455	99	52	2	2	98	1	99	1.62e-24	81.3
A21/198	A31/1-95	49.425	87	41	2	2	87	1	85	2.27e-24	80.9
A21/198	A141/1-98	44.898	98	53	1	2	98	1	98	3.08e-24	80.5
A21/198	A45/1-98	48.454	97	49	1	3	98	2	98	3.62e-24	80.1
A21/198	A59/1-98	42.045	88	51	0	1	88	1	88	9.67e-24	79.0
A21/198	A81/1-98	43.299	97	54	1	3	98	2	98	2.12e-23	78.2
A21/198	A107/1-98	46.067	89	47	1	2	89	1	89	2.39e-23	78.2
A21/198	A103/1-98	41.237	97	55	1	2	98	4	98	8.46e-23	76.6
A21/198	A152/1-99	41.053	95	54	2	3	95	2	96	1.34e-22	76.3
A21/198	A3/1-98	43.956	91	50	1	2	91	1	91	2.54e-22	75.5
A21/198	A118/1-98	40.206	97	57	1	3	98	2	98	5.69e-22	74.7
A21/198	A119/1-97	41.758	91	51	2	3	92	2	91	8.70e-22	74.3
A21/198	A13/1-103	43.750	96	48	2	3	92	2	97	1.90e-21	73.2
A21/198	A60/1-99	43.878	98	52	2	2	98	4	99	2.50e-21	73.2
A21/198	A155/1-98	39.796	98	59	0	1	98	1	98	2.70e-21	72.8
A21/198	A24/1-98	39.796	98	59	0	1	98	1	98	2.98e-21	72.8
A21/198	A66/1-97	47.253	91	46	2	3	92	2	91	3.74e-21	72.4
A21/198	A67/1-95	42.553	94	52	1	1	94	1	92	6.17e-21	72.0
A21/198	A129/1-98	41.237	97	56	1	3	98	2	98	7.03e-21	72.0
A21/198	A82/1-99	44.898	98	51	2	2	98	4	99	7.92e-21	71.6
A21/198	A126/1-99	40.659	91	53	1	9	98	9	99	8.01e-21	71.6
A21/198	A96/1-98	43.333	90	50	1	3	91	2	91	8.55e-21	71.6
A21/198	A137/1-98	39.796	98	55	3	2	98	4	98	8.93e-21	71.6
A21/198	A52/1-98	38.462	91	56	0	8	98	8	98	1.07e-20	71.2
A21/198	A115/1-99	44.898	98	51	2	2	98	4	99	1.68e-20	70.9
A21/198	A162/1-99	41.573	89	52	0	10	98	11	99	1.83e-20	70.9
A21/198	A125/1-98	40.909	88	51	1	3	89	2	89	2.11e-20	70.5
A21/198	A75/1-99	41.111	90	51	2	3	90	2	91	2.65e-20	70.5
A21/198	A95/1-97	44.898	98	50	3	3	98	2	97	3.02e-20	70.1
A21/198	A34/1-97	42.105	95	53	2	2	95	1	94	6.97e-20	69.3
A21/198	A17/1-103	39.806	103	56	2	2	98	1	103	7.44e-20	69.3
A21/198	A44/1-97	47.561	82	42	1	9	90	9	89	7.86e-20	69.3
A21/198	A143/1-97	43.011	93	51	2	3	94	2	93	8.12e-20	69.3
A21/198	A73/1-97	44.330	97	51	2	3	97	2	97	1.12e-19	68.9
A21/198	A151/1-99	37.755	98	59	2	3	98	2	99	1.20e-19	68.6
A21/198	A74/1-98	38.776	98	59	1	2	98	1	98	1.51e-19	68.6
A21/198	A148/1-102	44.444	99	51	2	4	98	4	102	2.05e-19	68.2
A21/198	A26/1-97	42.857	98	52	3	3	98	2	97	3.12e-19	67.8
A21/198	A100/1-96	43.678	87	46	2	2	87	1	85	4.01e-19	67.4
A21/198	A105/1-97	44.944	89	46	2	3	89	2	89	4.42e-19	67.4
A21/198	A158/1-98	41.237	97	56	1	3	98	2	98	4.77e-19	67.0
A21/198	A136/1-98	42.045	88	50	1	3	89	2	89	7.53e-19	66.6
A21/198	A110/1-97	35.714	98	62	1	1	98	1	97	8.39e-19	66.6
A21/198	A86/1-99	43.333	90	49	2	3	90	2	91	1.19e-18	66.2
A21/198	A77/1-97	41.237	97	55	2	3	98	2	97	1.28e-18	66.2
A21/198	A85/1-98	39.080	87	53	0	2	88	2	88	1.43e-18	65.9
A21/198	A70/1-98	43.182	88	49	1	3	89	2	89	1.53e-18	65.9
A21/198	A78/1-96	39.394	99	52	3	2	98	4	96	1.83e-18	65.9
A21/198	A93/1-99	40.816	98	55	2	2	98	4	99	2.14e-18	65.5
A21/198	A88/1-97	39.175	97	57	2	3	98	2	97	2.16e-18	65.5
A21/198	A71/1-99	38.776	98	57	2	2	98	4	99	2.23e-18	65.5
A21/198	A104/1-99	41.837	98	54	2	2	98	4	99	2.28e-18	65.5
A21/198	A62/1-96	38.144	97	57	3	3	98	2	96	2.62e-18	65.5
A21/198	A55/1-97	39.362	94	55	2	3	95	2	94	3.12e-18	65.1
A21/198	A161/1-98	47.368	76	39	1	12	87	13	87	3.52e-18	65.1
A21/198	A84/1-97	42.553	94	51	2	3	94	2	94	3.67e-18	65.1
A21/198	A144/1-96	41.837	98	52	3	3	98	2	96	3.71e-18	65.1
A21/198	A111/1-96	37.778	90	50	2	5	90	1	88	4.28e-18	64.7
A21/198	A92/1-98	36.082	97	60	1	2	98	4	98	4.56e-18	64.7
A21/198	A97/1-99	37.755	98	59	2	3	98	2	99	4.72e-18	64.7
A21/198	A48/1-98	36.458	96	61	0	2	97	2	97	5.09e-18	64.7
A21/198	A122/1-96	39.175	97	56	2	3	98	2	96	5.73e-18	64.3
A21/198	A10/1-98	35.052	97	63	0	2	98	2	98	6.32e-18	64.3
A21/198	A20/1-102	36.634	101	60	1	2	98	2	102	7.20e-18	64.3
A21/198	A167/1-98	36.082	97	62	0	2	98	2	98	8.11e-18	63.9
A21/198	A140/1-99	35.714	98	62	1	2	98	2	99	1.25e-17	63.5
A21/198	A89/1-96	39.175	97	56	2	3	98	2	96	1.71e-17	63.2
A21/198	A154/1-97	38.144	97	58	2	3	98	2	97	2.62e-17	62.8
A21/198	A99/1-97	39.362	94	55	2	3	95	2	94	2.98e-17	62.8
A21/198	A147/1-98	35.052	97	63	0	2	98	2	98	4.22e-17	62.4
A21/198	A42/1-104	37.500	104	58	3	2	98	1	104	6.23e-17	61.6
A21/198	A51/1-96	40.698	86	49	2	3	87	2	86	7.73e-17	61.6
A21/198	A47/1-96	41.860	86	48	2	2	87	4	87	1.06e-16	61.2
A21/198	A163/1-98	32.292	96	65	0	2	97	2	97	1.07e-16	61.2
A21/198	A166/1-99	43.023	86	45	3	15	98	16	99	1.62e-16	60.8
A21/198	A128/1-97	39.785	93	54	2	2	94	4	94	2.66e-16	60.1
A21/198	A121/1-97	39.175	97	57	2	3	98	2	97	3.03e-16	60.1
A21/198	A27/1-98	40.404	99	57	2	1	98	1	98	4.19e-16	59.7
A21/198	A33/1-97	39.175	97	50	3	3	94	2	94	4.93e-16	59.3
A21/198	A9/1-95	40.000	95	50	3	3	94	2	92	6.46e-16	59.3
A21/198	A49/1-100	36.082	97	58	2	2	96	4	98	2.12e-15	57.8
A21/198	A16/1-97	38.144	97	58	2	3	98	2	97	2.87e-15	57.4
A21/198	A41/1-98	35.165	91	59	0	8	98	8	98	3.30e-15	57.4
A21/198	A58/1-97	40.000	85	48	2	2	86	5	86	7.51e-15	56.6
A21/198	A5/1-98	43.678	87	47	2	3	87	2	88	7.93e-15	56.2
A21/198	A19/1-97	39.773	88	48	3	3	87	2	87	8.01e-15	56.2
A21/198	A132/1-97	35.714	84	53	1	9	92	9	91	1.41e-14	55.8
A21/198	A124/1-97	38.372	86	50	2	3	86	2	86	2.33e-14	55.1
A21/198	A113/1-96	34.409	93	59	2	3	94	2	93	3.40e-14	54.7
A21/198	A6/1-97	38.824	85	51	1	2	86	2	85	9.28e-14	53.5
A21/198	A117/1-97	36.559	93	56	2	3	93	2	93	1.15e-13	53.5
A21/198	A157/1-97	35.714	98	59	3	3	98	2	97	1.52e-13	53.1
A21/198	A150/1-96	41.250	80	46	1	10	89	10	88	1.73e-13	52.8
A21/198	A37/1-96	35.714	84	51	2	3	85	2	83	2.32e-13	52.8
A21/198	A91/1-97	39.024	82	48	2	2	83	4	83	3.68e-13	52.0
A21/198	A23/1-98	31.959	97	64	2	2	98	4	98	4.01e-13	52.0
A21/198	A139/1-97	35.443	79	50	1	9	87	10	87	5.20e-13	51.6
A21/198	A56/1-93	36.957	92	54	3	3	93	2	90	5.91e-13	51.6
A21/198	A80/1-97	37.349	83	49	2	3	83	2	83	1.01e-12	50.8
A21/198	A146/1-97	34.737	95	57	3	3	94	2	94	1.05e-12	50.8
A21/198	A133/1-95	38.158	76	45	1	12	87	12	85	1.23e-12	50.8
A21/198	A2/1-97	34.444	90	58	1	9	98	9	97	1.28e-12	50.8
A21/198	A40/1-96	37.209	86	53	1	9	94	9	93	2.42e-12	50.1
A21/198	A12/1-98	34.737	95	58	3	3	94	2	95	3.41e-12	49.7
A21/198	A30/1-97	36.905	84	51	2	3	85	2	84	5.13e-12	49.3
A21/198	A102/1-97	34.737	95	57	3	3	94	2	94	7.87e-12	48.5
A21/198	A69/1-97	32.979	94	59	3	3	94	2	93	1.25e-11	48.1
A21/198	A135/1-97	36.620	71	44	1	17	87	18	87	1.32e-10	45.4
A21/198	A38/1-98	31.707	82	56	0	2	83	2	83	2.04e-10	45.1
A23/198	A23/1-98	100.000	98	0	0	1	98	1	98	1.88e-73	204
A23/198	A121/1-97	43.299	97	54	1	2	98	2	97	6.13e-26	84.7
A23/198	A30/1-97	45.679	81	44	0	14	94	13	93	1.36e-25	84.0
A23/198	A2/1-97	40.816	98	57	1	1	98	1	97	1.55e-25	83.6
A23/198	A73/1-97	40.000	95	57	0	2	96	2	96	4.37e-25	82.4
A23/198	A95/1-97	43.617	94	53	0	2	95	2	95	4.82e-25	82.4
A23/198	A19/1-97	44.048	84	47	0	2	85	2	85	2.29e-24	80.9
A23/198	A44/1-97	42.857	84	47	1	2	85	2	84	3.79e-24	80.1
A23/198	A16/1-97	42.857	98	55	1	1	98	1	97	3.79e-24	80.1
A23/198	A40/1-96	40.860	93	54	1	2	94	2	93	2.41e-23	78.2
A23/198	A146/1-97	41.111	90	53	0	2	91	2	91	4.45e-23	77.4
A23/198	A124/1-97	41.111	90	53	0	2	91	2	91	7.34e-23	77.0
A23/198	A154/1-97	37.113	97	60	1	2	98	2	97	8.55e-23	76.6
A23/198	A55/1-97	40.860	93	54	1	2	94	2	93	8.74e-23	76.6
A23/198	A26/1-97	42.857	91	51	1	2	91	2	92	8.74e-23	76.6
A23/198	A62/1-96	43.333	90	50	1	1	90	1	89	1.04e-22	76.6
A23/198	A37/1-96	36.170	94	58	2	2	95	2	93	1.38e-22	76.3
A23/198	A84/1-97	41.667	96	55	1	2	97	2	96	1.79e-22	75.9
A23/198	A33/1-97	35.106	94	61	0	1	94	1	94	3.09e-22	75.5
A23/198	A105/1-97	41.573	89	52	0	2	90	2	90	4.19e-22	75.1
A23/198	A143/1-97	41.237	97	56	1	2	98	2	97	4.68e-22	74.7
A23/198	A47/1-96	40.964	83	49	0	2	84	2	84	4.73e-22	74.7
A23/198	A157/1-97	37.500	96	59	1	2	97	2	96	5.57e-22	74.7
A23/198	A66/1-97	41.237	97	56	1	2	98	2	97	8.51e-22	74.3
A23/198	A117/1-97	37.079	89	56	0	2	90	2	90	1.84e-21	73.2
A23/198	A128/1-97	37.634	93	58	0	2	94	2	94	2.91e-21	72.8
A23/198	A51/1-96	40.860	93	54	1	2	94	2	93	3.28e-21	72.8
A23/198	A77/1-97	40.206	97	57	1	2	98	2	97	6.95e-21	72.0
A23/198	A139/1-97	42.857	84	48	0	2	85	2	85	7.84e-21	71.6
A23/198	A9/1-95	40.206	97	54	3	1	96	1	94	1.24e-20	71.2
A23/198	A110/1-97	39.024	82	50	0	17	98	16	97	1.93e-20	70.9
A23/198	A63/1-98	37.755	98	59	2	2	98	2	98	2.11e-20	70.5
A23/198	A99/1-97	38.710	93	56	1	2	94	2	93	2.30e-20	70.5
A23/198	A92/1-98	37.755	98	59	2	2	98	2	98	3.19e-20	70.1
A23/198	A69/1-97	36.842	95	59	1	1	95	1	94	3.75e-20	70.1
A23/198	A132/1-97	44.444	72	40	0	21	92	20	91	8.03e-20	69.3
A23/198	A58/1-97	39.175	97	58	1	2	98	2	97	1.23e-19	68.6
A23/198	A150/1-96	39.583	96	56	2	2	97	2	95	2.05e-19	68.2
A23/198	A88/1-97	35.294	85	55	0	14	98	13	97	2.57e-19	67.8
A23/198	A107/1-98	41.758	91	51	2	2	91	2	91	3.16e-19	67.8
A23/198	A80/1-97	39.326	89	54	0	2	90	2	90	5.80e-19	67.0
A23/198	A113/1-96	35.484	93	59	1	2	94	2	93	9.88e-19	66.2
A23/198	A140/1-99	38.000	100	59	2	1	98	1	99	1.85e-18	65.9
A23/198	A167/1-98	38.298	94	56	2	2	94	2	94	2.74e-18	65.1
A23/198	A166/1-99	34.737	95	60	2	4	97	5	98	3.23e-18	65.1
A23/198	A31/1-95	41.667	84	46	2	4	85	1	83	3.67e-18	65.1
A23/198	A52/1-98	36.735	98	60	2	2	98	2	98	3.75e-18	64.7
A23/198	A136/1-98	38.824	85	50	2	1	84	1	84	4.52e-18	64.7
A23/198	A103/1-98	32.653	98	64	2	2	98	2	98	1.73e-17	63.2
A23/198	A5/1-98	38.384	99	57	3	2	98	2	98	1.79e-17	63.2
A23/198	A70/1-98	37.500	96	58	2	1	95	1	95	4.96e-17	62.0
A23/198	A12/1-98	36.471	85	52	1	13	95	12	96	6.09e-17	61.6
A23/198	A27/1-98	44.872	78	32	3	14	85	13	85	6.23e-17	61.6
A23/198	A162/1-99	36.782	87	54	1	13	98	13	99	7.09e-17	61.6
A23/198	A129/1-98	40.426	94	50	3	2	92	2	92	7.09e-17	61.6
A23/198	A81/1-98	34.343	99	63	2	1	98	1	98	9.30e-17	61.2
A23/198	A122/1-96	34.884	86	55	1	13	98	12	96	1.03e-16	61.2
A23/198	A35/1-99	37.374	99	59	3	2	98	2	99	1.80e-16	60.5
A23/198	A161/1-98	31.034	87	60	0	8	94	8	94	2.07e-16	60.5
A23/198	A135/1-97	38.095	84	51	1	8	90	8	91	5.55e-16	59.3
A23/198	A41/1-98	37.838	74	45	1	13	85	12	85	6.39e-16	59.3
A23/198	A78/1-96	40.278	72	42	1	13	84	12	82	6.74e-16	59.3
A23/198	A91/1-97	37.234	94	58	1	2	95	2	94	7.12e-16	58.9
A23/198	A158/1-98	35.714	98	57	3	1	95	1	95	1.04e-15	58.5
A23/198	A71/1-99	36.082	97	59	3	4	98	4	99	1.12e-15	58.5
A23/198	A6/1-97	36.905	84	51	2	10	92	9	91	1.22e-15	58.5
A23/198	A152/1-99	38.462	91	53	2	2	90	2	91	1.29e-15	58.5
A23/198	A20/1-102	33.010	103	63	2	1	98	1	102	1.64e-15	58.2
A23/198	A118/1-98	39.130	92	54	2	1	91	1	91	1.86e-15	58.2
A23/198	A74/1-98	36.905	84	51	2	2	84	2	84	4.24e-15	57.0
A23/198	A13/1-103	37.624	101	56	3	1	95	1	100	4.38e-15	57.0
A23/198	A151/1-99	35.000	100	62	2	1	98	1	99	5.26e-15	57.0
A23/198	A137/1-98	39.175	97	55	4	4	98	4	98	5.43e-15	56.6
A23/198	A60/1-99	32.990	97	62	3	4	98	4	99	5.99e-15	56.6
A23/198	A159/1-98	36.782	87	54	1	13	98	12	98	1.01e-14	56.2
A23/198	A126/1-99	37.500	72	44	1	13	83	12	83	1.08e-14	55.8
A23/198	A111/1-96	39.437	71	42	1	13	83	12	81	1.10e-14	55.8
A23/198	A114/1-98	32.653	98	64	2	2	98	2	98	1.32e-14	55.8
A23/198	A102/1-97	31.915	94	64	0	2	95	2	95	1.58e-14	55.5
A23/198	A89/1-96	34.940	83	52	2	1	83	1	81	1.78e-14	55.5
A23/198	A48/1-98	35.714	84	52	2	16	97	14	97	2.57e-14	55.1
A23/198	A34/1-97	38.095	84	49	3	2	84	2	83	2.60e-14	55.1
A23/198	A130/1-99	34.343	99	62	2	2	98	2	99	4.41e-14	54.3
A23/198	A96/1-98	33.721	86	55	2	1	85	1	85	4.81e-14	54.3
A23/198	A3/1-98	40.541	74	43	1	12	84	11	84	5.18e-14	54.3
A23/198	A119/1-97	27.551	98	70	1	1	98	1	97	6.23e-14	53.9
A23/198	A67/1-95	36.047	86	53	2	13	98	12	95	7.24e-14	53.9
A23/198	A86/1-99	31.313	99	65	2	2	98	2	99	1.09e-13	53.5
A23/198	A82/1-99	37.037	81	48	2	14	93	13	91	1.10e-13	53.5
A23/198	A59/1-98	36.905	84	52	1	13	95	12	95	1.11e-13	53.5
A23/198	A42/1-104	34.615	104	60	3	2	98	2	104	1.13e-13	53.5
A23/198	A45/1-98	36.986	73	45	1	13	84	12	84	1.44e-13	53.1
A23/198	A56/1-93	34.524	84	52	3	2	85	2	82	1.51e-13	53.1
A23/198	A144/1-96	31.395	86	58	1	13	98	12	96	2.50e-13	52.4
A23/198	A125/1-98	32.632	95	62	2	2	95	2	95	3.10e-13	52.4
A23/198	A85/1-98	37.500	72	44	1	14	84	13	84	4.01e-13	52.0
A23/198	A104/1-99	35.802	81	49	2	14	93	13	91	4.57e-13	52.0
A23/198	A53/1-99	35.714	84	51	2	2	83	2	84	5.03e-13	51.6
A23/198	A93/1-99	39.506	81	47	2	4	83	4	83	8.62e-13	51.2
A23/198	A24/1-98	38.356	73	44	1	14	85	13	85	1.10e-12	50.8
A23/198	A108/1-99	37.209	86	51	2	2	85	2	86	1.16e-12	50.8
A23/198	A155/1-98	34.483	87	56	1	13	98	12	98	2.20e-12	50.1
A23/198	A163/1-98	34.247	73	47	1	13	84	12	84	2.55e-12	50.1
A23/198	A100/1-96	36.585	82	50	2	2	83	2	81	3.00e-12	49.7
A23/198	A148/1-102	34.211	76	46	2	13	84	12	87	4.14e-12	49.3
A23/198	A17/1-103	33.766	77	45	2	14	84	13	89	4.56e-12	49.3
A23/198	A115/1-99	35.443	79	49	2	4	81	4	81	7.23e-12	48.9
A23/198	A64/1-99	38.372	86	50	3	2	85	2	86	1.70e-11	47.8
A23/198	A14/1-100	34.118	85	52	2	2	83	2	85	3.10e-11	47.0
A23/198	A10/1-98	35.714	70	44	1	15	83	14	83	4.51e-11	46.6
A23/198	A28/1-100	29.670	91	61	1	11	98	10	100	4.66e-11	46.6
A23/198	A75/1-99	34.884	86	53	2	2	85	2	86	4.97e-11	46.6
A23/198	A97/1-99	36.667	90	46	4	2	85	2	86	7.38e-11	46.2
A23/198	A147/1-98	29.412	85	59	1	12	95	11	95	3.44e-10	44.3
A23/198	A38/1-98	30.263	76	52	1	21	95	20	95	6.05e-10	43.9
A23/198	A141/1-98	31.868	91	60	2	2	91	2	91	1.25e-09	43.1
A23/198	A133/1-95	30.952	84	56	2	1	84	1	82	1.63e-09	42.7
A23/198	A49/1-100	27.083	96	66	2	4	96	4	98	3.46e-09	42.0
A23/198	A21/1-98	31.959	97	64	2	4	98	2	98	1.03e-08	40.4
A23/198	A7/1-97	27.660	94	66	2	4	95	2	95	3.41e-08	39.3
A24/198	A24/1-98	100.000	98	0	0	1	98	1	98	8.39e-72	200
A24/198	A158/1-98	38.776	98	60	0	1	98	1	98	1.44e-25	84.0
A24/198	A28/1-100	39.394	99	58	1	2	98	2	100	2.34e-25	83.2
A24/198	A3/1-98	40.206	97	58	0	2	98	2	98	5.14e-24	79.7
A24/198	A7/1-97	38.144	97	59	1	2	98	2	97	1.26e-23	79.0
A24/198	A27/1-98	44.444	99	53	2	1	98	1	98	1.69e-23	78.6
A24/198	A155/1-98	42.857	98	56	0	1	98	1	98	6.58e-23	77.0
A24/198	A41/1-98	37.113	97	61	0	2	98	2	98	9.23e-23	76.6
A24/198	A126/1-99	36.082	97	61	1	3	98	3	99	1.01e-22	76.6
A24/198	A17/1-103	41.176	102	55	2	2	98	2	103	1.25e-22	76.3
A24/198	A20/1-102	37.255	102	60	1	1	98	1	102	1.98e-22	75.9
A24/198	A148/1-102	41.176	102	53	3	1	98	4	102	2.18e-22	75.9
A24/198	A93/1-99	42.857	98	52	2	2	98	5	99	3.68e-22	75.1
A24/198	A52/1-98	38.144	97	60	0	2	98	2	98	5.50e-22	74.7
A24/198	A77/1-97	47.126	87	45	1	2	88	2	87	8.24e-22	74.3
A24/198	A74/1-98	40.230	87	52	0	2	88	2	88	1.34e-21	73.6
A24/198	A130/1-99	39.796	98	58	1	2	98	2	99	1.39e-21	73.6
A24/198	A110/1-97	38.710	93	56	1	2	94	2	93	1.84e-21	73.2
A24/198	A35/1-99	35.714	98	62	1	2	98	2	99	2.53e-21	72.8
A24/198	A63/1-98	42.268	97	56	0	2	98	2	98	3.04e-21	72.8
A24/198	A60/1-99	40.000	95	56	1	5	98	5	99	4.55e-21	72.4
A24/198	A140/1-99	39.394	99	59	1	1	98	1	99	5.41e-21	72.0
A24/198	A34/1-97	41.237	97	55	2	2	97	2	97	7.50e-21	71.6
A24/198	A89/1-96	36.735	98	60	1	1	98	1	96	8.18e-21	71.6
A24/198	A96/1-98	40.659	91	54	0	1	91	1	91	9.33e-21	71.6
A24/198	A104/1-99	39.796	98	55	2	2	98	5	99	9.53e-21	71.6
A24/198	A59/1-98	36.735	98	62	0	1	98	1	98	1.15e-20	71.2
A24/198	A163/1-98	35.417	96	62	0	2	97	2	97	1.59e-20	70.9
A24/198	A141/1-98	37.113	97	61	0	2	98	2	98	1.89e-20	70.9
A24/198	A88/1-97	39.785	93	55	1	2	94	2	93	2.95e-20	70.1
A24/198	A118/1-98	38.776	98	60	0	1	98	1	98	5.03e-20	69.7
A24/198	A67/1-95	35.714	98	60	2	1	98	1	95	5.49e-20	69.7
A24/198	A82/1-99	39.796	98	55	2	2	98	5	99	7.61e-20	69.3
A24/198	A31/1-95	44.000	100	47	3	2	98	2	95	9.45e-20	68.9
A24/198	A71/1-99	40.230	87	51	1	13	98	13	99	1.08e-19	68.9
A24/198	A137/1-98	44.737	76	41	1	12	87	12	86	1.56e-19	68.6
A24/198	A152/1-99	38.636	88	53	1	2	88	2	89	1.96e-19	68.2
A24/198	A132/1-97	39.785	93	55	1	2	94	2	93	2.65e-19	67.8
A24/198	A78/1-96	35.052	97	61	1	2	98	2	96	3.80e-19	67.4
A24/198	A162/1-99	37.079	89	56	0	10	98	11	99	4.93e-19	67.0
A24/198	A111/1-96	37.113	97	59	1	2	98	2	96	6.26e-19	67.0
A24/198	A10/1-98	38.636	88	54	0	2	89	2	89	9.46e-19	66.2
A24/198	A107/1-98	40.230	87	52	0	2	88	2	88	1.02e-18	66.2
A24/198	A2/1-97	38.384	99	58	2	1	98	1	97	1.25e-18	66.2
A24/198	A6/1-97	40.206	97	57	1	2	98	2	97	1.54e-18	65.9
A24/198	A129/1-98	41.667	84	49	0	2	85	2	85	1.68e-18	65.9
A24/198	A30/1-97	38.144	97	59	1	2	98	2	97	2.33e-18	65.5
A24/198	A167/1-98	37.113	97	61	0	2	98	2	98	4.05e-18	64.7
A24/198	A100/1-96	32.990	97	63	1	2	98	2	96	6.60e-18	64.3
A24/198	A44/1-97	35.870	92	58	1	7	98	7	97	8.85e-18	63.9
A24/198	A62/1-96	40.659	91	45	2	1	87	1	86	9.86e-18	63.9
A24/198	A21/1-98	39.796	98	59	0	1	98	1	98	1.31e-17	63.5
A24/198	A122/1-96	36.082	97	60	1	2	98	2	96	1.37e-17	63.5
A24/198	A85/1-98	39.773	88	53	0	1	88	1	88	1.77e-17	63.2
A24/198	A161/1-98	36.082	97	60	2	2	97	2	97	1.93e-17	63.2
A24/198	A64/1-99	35.556	90	57	1	2	90	2	91	2.08e-17	63.2
A24/198	A42/1-104	37.864	103	58	2	2	98	2	104	2.18e-17	62.8
A24/198	A114/1-98	38.144	97	60	0	2	98	2	98	2.85e-17	62.8
A24/198	A56/1-93	42.353	85	46	2	7	91	7	88	3.62e-17	62.4
A24/198	A81/1-98	36.735	98	62	0	1	98	1	98	4.60e-17	62.0
A24/198	A14/1-100	39.394	99	58	2	2	98	2	100	5.01e-17	62.0
A24/198	A53/1-99	36.364	88	55	1	2	88	2	89	6.23e-17	61.6
A24/198	A55/1-97	39.535	86	51	1	2	87	2	86	6.50e-17	61.6
A24/198	A70/1-98	33.673	98	65	0	1	98	1	98	7.09e-17	61.6
A24/198	A66/1-97	39.773	88	52	1	7	94	7	93	7.41e-17	61.6
A24/198	A143/1-97	35.052	97	62	1	2	98	2	97	7.82e-17	61.6
A24/198	A147/1-98	35.052	97	63	0	2	98	2	98	7.90e-17	61.6
A24/198	A154/1-97	39.506	81	48	1	7	87	7	86	8.71e-17	61.2
A24/198	A48/1-98	32.990	97	65	0	1	97	1	97	1.36e-16	60.8
A24/198	A115/1-99	35.789	95	60	1	5	98	5	99	1.55e-16	60.8
A24/198	A75/1-99	34.444	90	58	1	2	90	2	91	1.90e-16	60.5
A24/198	A99/1-97	38.372	86	52	1	2	87	2	86	2.19e-16	60.5
A24/198	A103/1-98	35.955	89	57	0	10	98	10	98	2.31e-16	60.5
A24/198	A49/1-100	36.559	93	57	1	5	95	5	97	2.96e-16	60.1
A24/198	A136/1-98	34.783	92	60	0	1	92	1	92	3.34e-16	60.1
A24/198	A121/1-97	39.773	88	50	2	2	88	2	87	3.48e-16	59.7
A24/198	A97/1-99	37.500	88	54	1	2	88	2	89	4.52e-16	59.7
A24/198	A84/1-97	38.614	101	50	4	2	98	5	97	4.98e-16	59.3
A24/198	A159/1-98	31.034	87	60	0	2	88	2	88	5.86e-16	59.3
A24/198	A80/1-97	39.241	79	43	2	8	84	9	84	8.28e-16	58.9
A24/198	A45/1-98	39.535	86	52	0	2	87	2	87	8.65e-16	58.9
A24/198	A5/1-98	38.776	98	58	2	2	98	2	98	8.93e-16	58.9
A24/198	A108/1-99	31.818	88	59	1	2	88	2	89	1.25e-15	58.5
A24/198	A113/1-96	33.735	83	54	1	2	84	2	83	1.53e-15	58.2
A24/198	A16/1-97	35.714	98	62	1	1	98	1	97	1.65e-15	58.2
A24/198	A151/1-99	31.313	99	67	1	1	98	1	99	3.38e-15	57.4
A24/198	A58/1-97	39.796	98	53	4	1	97	4	96	4.10e-15	57.0
A24/198	A144/1-96	32.990	97	63	1	2	98	2	96	4.47e-15	57.0
A24/198	A51/1-96	31.959	97	64	2	2	98	2	96	8.93e-15	56.2
A24/198	A125/1-98	30.928	97	67	0	2	98	2	98	1.03e-14	56.2
A24/198	A95/1-97	36.082	97	58	3	2	98	5	97	1.25e-14	55.8
A24/198	A119/1-97	31.633	98	66	1	1	98	1	97	1.41e-14	55.8
A24/198	A19/1-97	37.500	80	49	1	8	87	9	87	1.42e-14	55.8
A24/198	A124/1-97	36.486	74	46	1	10	83	11	83	1.55e-14	55.5
A24/198	A38/1-98	34.940	83	54	0	2	84	2	84	2.26e-14	55.1
A24/198	A13/1-103	33.010	103	64	1	1	98	1	103	2.41e-14	55.1
A24/198	A26/1-97	39.744	78	42	2	12	87	13	87	4.76e-14	54.3
A24/198	A40/1-96	35.165	91	57	2	7	97	7	95	4.91e-14	54.3
A24/198	A105/1-97	38.372	86	50	2	2	87	5	87	6.79e-14	53.9
A24/198	A92/1-98	32.558	86	58	0	13	98	13	98	1.85e-13	52.8
A24/198	A102/1-97	32.500	80	53	1	8	87	9	87	1.87e-13	52.8
A24/198	A33/1-97	33.750	80	52	1	8	87	9	87	4.15e-13	52.0
A24/198	A12/1-98	35.714	84	51	2	2	83	2	84	4.87e-13	51.6
A24/198	A91/1-97	32.941	85	55	2	2	85	2	85	5.09e-13	51.6
A24/198	A133/1-95	35.714	98	60	2	1	98	1	95	7.66e-13	51.2
A24/198	A23/1-98	38.356	73	44	1	13	85	14	85	1.10e-12	50.8
A24/198	A73/1-97	37.209	86	51	2	2	87	5	87	1.34e-12	50.8
A24/198	A128/1-97	36.250	80	50	1	8	87	9	87	1.52e-12	50.4
A24/198	A146/1-97	36.250	80	50	1	8	87	9	87	2.17e-12	50.1
A24/198	A139/1-97	32.500	80	53	1	8	87	9	87	3.68e-12	49.7
A24/198	A86/1-99	29.787	94	65	1	2	94	2	95	4.27e-12	49.3
A24/198	A157/1-97	29.114	79	55	1	8	86	9	86	5.71e-12	48.9
A24/198	A69/1-97	34.118	85	53	2	8	90	9	92	1.25e-11	48.1
A24/198	A37/1-96	34.483	87	54	2	6	92	6	89	1.38e-11	48.1
A24/198	A150/1-96	34.783	92	56	3	8	98	8	96	1.63e-11	47.8
A24/198	A166/1-99	29.885	87	60	1	2	87	2	88	1.59e-10	45.4
A24/198	A9/1-95	36.145	83	47	3	8	87	6	85	2.81e-10	44.7
A24/198	A117/1-97	32.530	83	49	2	8	87	9	87	5.55e-10	43.9
A24/198	A135/1-97	27.586	87	61	2	2	87	2	87	1.07e-08	40.4
A24/198	A47/1-96	31.111	90	51	3	2	87	5	87	1.18e-07	37.7
A26/197	A26/1-97	100.000	97	0	0	1	97	1	97	1.88e-70	197
A26/197	A19/1-97	53.608	97	45	0	1	97	1	97	9.84e-39	117
A26/197	A102/1-97	52.688	93	44	0	1	93	1	93	3.63e-35	108
A26/197	A84/1-97	50.515	97	48	0	1	97	1	97	1.03e-34	107
A26/197	A58/1-97	48.958	96	49	0	1	96	1	96	3.58e-34	105
A26/197	A73/1-97	50.526	95	47	0	1	95	1	95	1.58e-33	103
A26/197	A128/1-97	46.392	97	52	0	1	97	1	97	4.73e-33	102
A26/197	A33/1-97	49.474	95	48	0	2	96	2	96	1.37e-32	101
A26/197	A47/1-96	47.368	95	50	0	2	96	2	96	2.00e-32	101
A26/197	A95/1-97	46.392	97	52	0	1	97	1	97	1.75e-31	98.6
A26/197	A91/1-97	48.958	96	49	0	1	96	1	96	2.04e-31	98.6
A26/197	A124/1-97	46.875	96	51	0	1	96	1	96	2.22e-31	98.6
A26/197	A51/1-96	45.361	97	52	1	1	97	1	96	3.37e-31	97.8
A26/197	A80/1-97	48.958	96	49	0	1	96	1	96	6.49e-31	97.4
A26/197	A105/1-97	45.361	97	53	0	1	97	1	97	7.94e-30	94.4
A26/197	A166/1-99	49.438	89	44	1	1	88	1	89	8.96e-30	94.4
A26/197	A135/1-97	47.368	95	50	0	2	96	2	96	9.67e-30	94.4
A26/197	A113/1-96	47.917	96	49	1	1	96	1	95	1.24e-29	94.0
A26/197	A55/1-97	46.316	95	49	2	2	95	2	95	2.50e-29	93.2
A26/197	A69/1-97	38.947	95	58	0	2	96	2	96	9.70e-29	91.7
A26/197	A157/1-97	36.458	96	61	0	1	96	1	96	1.52e-28	91.3
A26/197	A117/1-97	42.268	97	56	0	1	97	1	97	2.08e-28	90.9
A26/197	A146/1-97	42.268	97	56	0	1	97	1	97	1.26e-27	89.0
A26/197	A5/1-98	46.939	98	49	2	2	97	2	98	2.14e-27	88.2
A26/197	A110/1-97	46.512	86	45	1	2	87	2	86	4.90e-26	84.7
A26/197	A77/1-97	46.392	97	50	2	2	97	2	97	2.21e-25	83.2
A26/197	A88/1-97	47.674	86	44	1	2	87	2	86	2.52e-25	83.2
A26/197	A62/1-96	40.625	96	56	1	2	97	2	96	4.25e-25	82.4
A26/197	A30/1-97	44.578	83	45	1	1	83	1	82	5.90e-25	82.0
A26/197	A161/1-98	42.222	90	52	0	2	91	2	91	8.01e-25	81.6
A26/197	A99/1-97	41.237	97	55	2	2	97	2	97	1.58e-24	81.3
A26/197	A66/1-97	46.512	86	45	1	2	87	2	86	6.72e-24	79.3
A26/197	A143/1-97	39.535	86	51	1	2	87	2	86	2.00e-23	78.2
A26/197	A139/1-97	37.895	95	59	0	2	96	2	96	4.63e-23	77.4
A26/197	A121/1-97	41.860	86	49	1	2	87	2	86	6.63e-23	77.0
A26/197	A23/1-98	42.857	91	51	1	2	92	2	91	8.42e-23	76.6
A26/197	A167/1-98	42.424	99	49	3	1	92	1	98	1.14e-22	76.3
A26/197	A154/1-97	41.379	87	50	1	2	88	2	87	2.82e-22	75.5
A26/197	A63/1-98	43.878	98	52	3	2	97	2	98	5.61e-22	74.7
A26/197	A44/1-97	43.902	82	45	1	2	83	2	82	1.23e-21	73.6
A26/197	A40/1-96	39.583	96	57	1	1	96	1	95	1.61e-21	73.6
A26/197	A78/1-96	42.045	88	47	3	1	87	1	85	4.25e-21	72.4
A26/197	A136/1-98	43.678	87	47	2	2	87	2	87	6.21e-21	72.0
A26/197	A3/1-98	46.237	93	36	3	2	87	2	87	1.09e-20	71.2
A26/197	A150/1-96	33.333	96	63	1	2	97	2	96	1.93e-20	70.9
A26/197	A52/1-98	43.820	89	47	2	8	95	7	93	4.65e-20	69.7
A26/197	A41/1-98	43.434	99	50	3	1	97	4	98	4.91e-20	69.7
A26/197	A16/1-97	39.080	87	52	1	2	88	2	87	1.70e-19	68.2
A26/197	A74/1-98	43.678	87	47	2	2	87	2	87	3.08e-19	67.8
A26/197	A158/1-98	42.529	87	48	2	2	87	2	87	3.51e-19	67.4
A26/197	A13/1-103	44.565	92	44	3	2	87	2	92	3.83e-19	67.4
A26/197	A107/1-98	41.111	90	45	3	2	87	2	87	4.04e-19	67.4
A26/197	A103/1-98	37.374	99	59	3	1	97	1	98	4.41e-19	67.4
A26/197	A28/1-100	40.000	90	50	2	1	87	1	89	1.25e-18	66.2
A26/197	A70/1-98	45.977	87	45	2	2	87	2	87	1.29e-18	65.9
A26/197	A12/1-98	35.354	99	61	2	1	97	1	98	1.61e-18	65.9
A26/197	A155/1-98	37.209	86	51	2	5	87	2	87	1.81e-18	65.5
A26/197	A81/1-98	37.755	98	58	3	2	97	2	98	2.25e-18	65.5
A26/197	A122/1-96	40.909	88	48	3	1	87	1	85	2.48e-18	65.5
A26/197	A92/1-98	39.286	84	49	2	2	84	2	84	4.27e-18	64.7
A26/197	A27/1-98	48.052	77	37	2	13	87	12	87	4.60e-18	64.7
A26/197	A37/1-96	41.667	84	47	2	1	84	1	82	5.84e-18	64.3
A26/197	A111/1-96	39.535	86	50	2	2	87	2	85	1.06e-17	63.5
A26/197	A132/1-97	37.209	86	53	1	13	97	12	97	1.30e-17	63.5
A26/197	A34/1-97	44.330	97	48	5	2	95	2	95	1.55e-17	63.2
A26/197	A67/1-95	36.458	96	59	2	2	97	2	95	2.08e-17	62.8
A26/197	A86/1-99	39.773	88	50	2	1	86	1	87	6.78e-17	61.6
A26/197	A89/1-96	36.047	86	53	2	2	87	2	85	8.15e-17	61.6
A26/197	A35/1-99	35.354	99	60	3	2	97	2	99	8.51e-17	61.2
A26/197	A9/1-95	37.333	75	44	2	15	88	14	86	1.17e-16	60.8
A26/197	A118/1-98	37.931	87	52	2	2	87	2	87	1.86e-16	60.5
A26/197	A75/1-99	36.000	100	60	3	1	97	1	99	2.07e-16	60.5
A26/197	A20/1-102	35.294	102	59	3	2	97	2	102	2.14e-16	60.5
A26/197	A114/1-98	40.476	84	48	2	2	84	2	84	2.51e-16	60.1
A26/197	A85/1-98	38.667	75	45	1	14	87	13	87	3.59e-16	59.7
A26/197	A2/1-97	34.146	82	53	1	2	83	2	82	5.48e-16	59.3
A26/197	A53/1-99	38.636	88	51	2	2	87	2	88	6.59e-16	58.9
A26/197	A14/1-100	41.573	89	48	2	2	87	2	89	7.75e-16	58.9
A26/197	A151/1-99	37.500	88	52	2	2	87	2	88	8.82e-16	58.9
A26/197	A82/1-99	40.230	87	49	3	14	97	13	99	9.42e-16	58.5
A26/197	A133/1-95	38.372	86	48	2	5	88	4	86	9.52e-16	58.5
A26/197	A144/1-96	34.483	87	55	2	1	87	1	85	9.83e-16	58.5
A26/197	A162/1-99	41.333	75	43	1	13	86	13	87	1.29e-15	58.5
A26/197	A96/1-98	34.483	87	55	2	2	87	2	87	1.86e-15	57.8
A26/197	A130/1-99	32.323	99	63	3	2	97	2	99	1.92e-15	57.8
A26/197	A104/1-99	40.625	96	49	4	2	95	5	94	2.34e-15	57.8
A26/197	A31/1-95	38.372	86	51	2	2	87	2	85	3.06e-15	57.4
A26/197	A140/1-99	36.986	73	44	1	14	84	13	85	6.18e-15	56.6
A26/197	A147/1-98	37.647	85	51	2	2	85	2	85	9.52e-15	56.2
A26/197	A152/1-99	37.931	87	51	3	2	86	2	87	1.11e-14	55.8
A26/197	A100/1-96	34.091	88	56	2	2	89	2	87	1.60e-14	55.5
A26/197	A64/1-99	37.778	90	53	2	2	89	2	90	1.71e-14	55.5
A26/197	A125/1-98	33.333	87	56	2	2	87	2	87	1.84e-14	55.5
A26/197	A129/1-98	37.000	100	56	4	2	97	2	98	1.96e-14	55.5
A26/197	A108/1-99	34.091	88	55	2	2	87	2	88	4.18e-14	54.3
A26/197	A24/1-98	39.744	78	42	2	13	87	12	87	4.60e-14	54.3
A26/197	A126/1-99	34.568	81	51	2	9	87	8	88	4.81e-14	54.3
A26/197	A48/1-98	38.158	76	46	1	13	87	12	87	5.77e-14	54.3
A26/197	A45/1-98	36.170	94	56	3	2	93	2	93	7.01e-14	53.9
A26/197	A137/1-98	37.647	85	49	3	5	87	4	86	7.08e-14	53.9
A26/197	A17/1-103	34.783	92	53	3	2	87	2	92	9.38e-14	53.5
A26/197	A119/1-97	36.047	86	54	1	2	87	2	86	1.95e-13	52.8
A26/197	A21/1-98	42.857	98	52	3	2	97	3	98	2.08e-13	52.8
A26/197	A163/1-98	31.818	88	58	2	1	87	1	87	2.24e-13	52.8
A26/197	A97/1-99	32.955	88	56	2	1	86	1	87	2.64e-13	52.4
A26/197	A60/1-99	35.294	85	53	2	5	87	4	88	3.00e-13	52.4
A26/197	A159/1-98	33.333	87	56	2	2	87	2	87	5.79e-13	51.6
A26/197	A115/1-99	32.500	80	53	1	2	80	1	80	5.79e-13	51.6
A26/197	A93/1-99	39.326	89	47	4	14	97	13	99	7.58e-13	51.2
A26/197	A10/1-98	37.931	87	51	2	4	87	1	87	1.59e-12	50.4
A26/197	A6/1-97	38.554	83	48	3	2	83	2	82	1.89e-12	50.1
A26/197	A141/1-98	35.714	98	60	3	2	97	2	98	2.13e-12	50.1
A26/197	A148/1-102	36.842	76	44	2	13	84	12	87	4.46e-12	49.3
A26/197	A7/1-97	32.184	87	56	2	2	87	3	87	5.36e-12	48.9
A26/197	A71/1-99	32.990	97	61	3	4	97	4	99	1.33e-11	48.1
A26/197	A59/1-98	34.783	92	58	2	8	97	7	98	1.53e-11	47.8
A26/197	A56/1-93	37.931	87	49	4	2	87	2	84	2.05e-11	47.4
A26/197	A38/1-98	30.612	98	66	2	1	97	1	97	3.42e-11	47.0
A26/197	A42/1-104	29.808	104	64	4	2	97	2	104	8.78e-11	45.8
A26/197	A49/1-100	33.333	87	54	2	4	87	4	89	8.74e-09	40.8
A27/198	A27/1-98	100.000	98	0	0	1	98	1	98	8.18e-73	203
A27/198	A20/1-102	49.020	102	48	2	1	98	1	102	9.22e-32	99.4
A27/198	A41/1-98	55.102	98	42	2	2	98	2	98	1.58e-31	99.0
A27/198	A6/1-97	54.639	97	43	1	2	98	2	97	7.87e-31	97.1
A27/198	A85/1-98	53.261	92	41	2	1	91	1	91	2.72e-28	90.5
A27/198	A34/1-97	51.042	96	44	3	2	96	2	95	5.08e-28	90.1
A27/198	A81/1-98	48.485	99	49	2	1	98	1	98	2.01e-27	88.6
A27/198	A13/1-103	49.515	103	47	2	1	98	1	103	2.67e-27	88.2
A27/198	A63/1-98	48.980	98	48	2	2	98	2	98	3.08e-27	88.2
A27/198	A110/1-97	48.936	94	45	2	2	94	2	93	6.83e-27	87.0
A27/198	A103/1-98	46.939	98	50	2	2	98	2	98	1.40e-26	86.3
A27/198	A52/1-98	45.918	98	51	2	2	98	2	98	1.97e-26	85.9
A27/198	A59/1-98	49.495	99	48	2	1	98	1	98	8.05e-26	84.3
A27/198	A118/1-98	43.434	99	54	2	1	98	1	98	1.99e-25	83.6
A27/198	A107/1-98	48.352	91	45	2	2	91	2	91	3.25e-25	82.8
A27/198	A92/1-98	41.837	98	55	2	2	98	2	98	3.40e-25	82.8
A27/198	A158/1-98	42.424	99	55	2	1	98	1	98	9.07e-25	81.6
A27/198	A74/1-98	46.154	91	47	2	2	91	2	91	9.90e-25	81.6
A27/198	A167/1-98	47.872	94	47	2	2	94	2	94	1.42e-24	81.3
A27/198	A55/1-97	51.724	87	39	2	2	87	2	86	1.71e-24	80.9
A27/198	A140/1-99	45.000	100	52	3	1	98	1	99	4.61e-24	80.1
A27/198	A151/1-99	39.394	99	59	1	1	98	1	99	5.48e-24	79.7
A27/198	A66/1-97	48.315	89	43	3	11	98	11	97	9.88e-24	79.0
A27/198	A24/1-98	44.444	99	53	2	1	98	1	98	1.69e-23	78.6
A27/198	A88/1-97	46.809	94	47	3	2	94	2	93	2.05e-23	78.2
A27/198	A70/1-98	44.444	99	53	2	1	98	1	98	2.24e-23	78.2
A27/198	A136/1-98	40.206	97	56	2	1	96	1	96	3.69e-23	77.8
A27/198	A96/1-98	45.652	92	48	2	1	91	1	91	3.90e-23	77.4
A27/198	A35/1-99	37.755	98	60	1	2	98	2	99	1.28e-22	76.3
A27/198	A121/1-97	42.553	94	51	2	2	94	2	93	3.34e-22	75.1
A27/198	A125/1-98	42.857	98	54	2	2	98	2	98	3.45e-22	75.1
A27/198	A77/1-97	45.918	98	50	3	2	98	2	97	5.05e-22	74.7
A27/198	A162/1-99	38.889	90	53	2	10	98	11	99	2.55e-21	72.8
A27/198	A115/1-99	42.857	98	53	3	3	98	3	99	2.73e-21	72.8
A27/198	A33/1-97	42.424	99	52	4	1	97	1	96	2.73e-21	72.8
A27/198	A78/1-96	40.816	98	54	2	2	98	2	96	3.28e-21	72.8
A27/198	A51/1-96	40.816	98	54	3	2	98	2	96	3.35e-21	72.8
A27/198	A58/1-97	44.898	98	49	4	2	97	2	96	5.35e-21	72.0
A27/198	A60/1-99	39.796	98	56	3	3	98	3	99	5.47e-21	72.0
A27/198	A44/1-97	47.778	90	44	2	10	98	10	97	6.58e-21	72.0
A27/198	A99/1-97	44.828	87	45	2	2	87	2	86	6.80e-21	72.0
A27/198	A64/1-99	42.045	88	50	1	2	88	2	89	7.34e-21	71.6
A27/198	A154/1-97	42.222	90	49	2	10	98	10	97	3.88e-20	70.1
A27/198	A114/1-98	42.857	98	54	2	2	98	2	98	6.68e-20	69.3
A27/198	A132/1-97	38.776	98	57	2	2	98	2	97	9.15e-20	68.9
A27/198	A19/1-97	43.182	88	46	3	2	87	2	87	9.56e-20	68.9
A27/198	A48/1-98	37.755	98	59	2	1	97	1	97	9.87e-20	68.9
A27/198	A147/1-98	34.694	98	62	2	2	98	2	98	2.60e-19	67.8
A27/198	A16/1-97	41.414	99	55	2	1	98	1	97	2.65e-19	67.8
A27/198	A53/1-99	40.909	88	51	1	2	88	2	89	2.96e-19	67.8
A27/198	A122/1-96	38.776	98	56	2	2	98	2	96	3.33e-19	67.4
A27/198	A95/1-97	39.394	99	55	4	2	98	2	97	4.88e-19	67.0
A27/198	A73/1-97	42.268	97	51	4	2	96	2	95	8.30e-19	66.6
A27/198	A129/1-98	41.414	99	56	2	1	98	1	98	9.67e-19	66.2
A27/198	A40/1-96	46.067	89	44	3	10	97	10	95	1.09e-18	66.2
A27/198	A163/1-98	36.082	97	60	2	2	97	2	97	1.35e-18	65.9
A27/198	A135/1-97	40.909	88	48	3	2	87	2	87	1.37e-18	65.9
A27/198	A166/1-99	41.414	99	55	3	2	98	2	99	1.48e-18	65.9
A27/198	A143/1-97	37.755	98	58	2	2	98	2	97	2.33e-18	65.5
A27/198	A10/1-98	41.837	98	55	2	2	98	2	98	3.23e-18	65.1
A27/198	A152/1-99	40.909	88	51	1	2	88	2	89	3.84e-18	64.7
A27/198	A105/1-97	42.045	88	47	3	2	87	2	87	4.52e-18	64.7
A27/198	A26/1-97	48.052	77	37	2	12	87	13	87	4.77e-18	64.7
A27/198	A82/1-99	39.796	98	56	3	3	98	3	99	4.92e-18	64.7
A27/198	A89/1-96	36.364	99	59	2	1	98	1	96	5.31e-18	64.3
A27/198	A124/1-97	40.230	87	48	3	2	86	2	86	1.02e-17	63.9
A27/198	A84/1-97	40.404	99	54	4	2	98	2	97	1.40e-17	63.5
A27/198	A126/1-99	36.264	91	55	3	10	98	10	99	1.71e-17	63.2
A27/198	A113/1-96	40.860	93	51	3	4	94	3	93	1.93e-17	63.2
A27/198	A80/1-97	40.476	84	46	3	2	83	2	83	1.93e-17	63.2
A27/198	A30/1-97	39.604	101	52	3	2	98	2	97	1.93e-17	63.2
A27/198	A130/1-99	36.735	98	61	1	2	98	2	99	2.32e-17	62.8
A27/198	A108/1-99	32.653	98	65	1	2	98	2	99	2.65e-17	62.8
A27/198	A28/1-100	38.384	99	59	2	2	98	2	100	2.65e-17	62.8
A27/198	A17/1-103	36.893	103	58	3	2	98	2	103	3.08e-17	62.4
A27/198	A69/1-97	37.931	87	50	3	1	85	1	85	3.11e-17	62.4
A27/198	A155/1-98	36.634	101	58	3	1	98	1	98	3.43e-17	62.4
A27/198	A3/1-98	40.206	97	50	4	5	94	2	97	3.62e-17	62.4
A27/198	A146/1-97	38.202	89	51	3	10	97	11	96	4.65e-17	62.0
A27/198	A23/1-98	44.872	78	32	3	13	85	14	85	6.23e-17	61.6
A27/198	A37/1-96	38.636	88	50	2	10	96	10	94	6.36e-17	61.6
A27/198	A104/1-99	36.735	98	59	3	3	98	3	99	6.72e-17	61.6
A27/198	A100/1-96	35.714	98	59	2	2	98	2	96	6.94e-17	61.6
A27/198	A62/1-96	40.909	88	49	2	1	87	1	86	9.71e-17	61.2
A27/198	A144/1-96	36.735	98	58	2	2	98	2	96	1.22e-16	60.8
A27/198	A139/1-97	41.573	89	46	4	11	97	12	96	1.30e-16	60.8
A27/198	A111/1-96	35.714	98	59	2	2	98	2	96	1.53e-16	60.8
A27/198	A93/1-99	39.796	98	56	3	3	98	3	99	1.86e-16	60.5
A27/198	A86/1-99	32.653	98	65	1	2	98	2	99	1.88e-16	60.5
A27/198	A71/1-99	37.755	98	58	3	3	98	3	99	2.57e-16	60.1
A27/198	A56/1-93	43.333	90	44	4	10	98	10	93	3.60e-16	59.7
A27/198	A49/1-100	36.170	94	58	2	3	94	3	96	4.01e-16	59.7
A27/198	A5/1-98	41.000	100	53	4	2	98	2	98	6.18e-16	59.3
A27/198	A42/1-104	36.559	93	53	2	2	88	2	94	8.46e-16	58.9
A27/198	A148/1-102	36.634	101	58	4	3	98	3	102	1.07e-15	58.5
A27/198	A12/1-98	35.052	97	58	3	2	95	2	96	1.44e-15	58.2
A27/198	A119/1-97	33.663	101	60	3	1	98	1	97	1.65e-15	58.2
A27/198	A91/1-97	38.095	84	48	3	2	83	2	83	7.27e-15	56.6
A27/198	A14/1-100	38.384	99	59	2	2	98	2	100	9.95e-15	56.2
A27/198	A161/1-98	38.776	98	56	3	2	97	2	97	1.13e-14	55.8
A27/198	A47/1-96	39.759	83	39	3	10	87	11	87	2.19e-14	55.1
A27/198	A102/1-97	36.364	77	46	2	12	87	13	87	3.23e-14	54.7
A27/198	A150/1-96	36.667	90	53	3	10	98	10	96	3.83e-14	54.7
A27/198	A67/1-95	34.694	98	59	3	2	98	2	95	4.05e-14	54.7
A27/198	A97/1-99	31.818	88	59	1	2	88	2	89	5.90e-14	54.3
A27/198	A159/1-98	34.444	90	53	3	2	88	2	88	6.64e-14	53.9
A27/198	A157/1-97	34.483	87	53	3	2	86	2	86	7.16e-14	53.9
A27/198	A2/1-97	35.955	89	54	2	11	98	11	97	7.24e-14	53.9
A27/198	A117/1-97	35.227	88	53	4	2	87	2	87	8.33e-14	53.9
A27/198	A137/1-98	34.694	98	60	4	3	98	3	98	1.15e-13	53.5
A27/198	A75/1-99	32.955	88	58	1	2	88	2	89	1.18e-13	53.5
A27/198	A141/1-98	34.694	98	62	2	2	98	2	98	2.72e-13	52.4
A27/198	A45/1-98	40.659	91	44	4	2	87	2	87	2.75e-13	52.4
A27/198	A128/1-97	39.216	102	51	5	2	98	2	97	5.91e-13	51.6
A27/198	A9/1-95	35.106	94	52	5	7	98	9	95	6.45e-13	51.6
A27/198	A133/1-95	37.333	75	43	2	14	87	14	85	9.80e-13	50.8
A27/198	A31/1-95	37.662	77	44	2	12	87	12	85	1.79e-12	50.4
A27/198	A38/1-98	32.653	98	64	2	2	98	2	98	1.07e-11	48.1
A27/198	A21/1-98	38.776	98	58	2	2	98	2	98	1.90e-11	47.8
A27/198	A7/1-97	31.818	88	58	2	2	88	2	88	2.88e-11	47.4
A28/1100	A28/1-100	100.000	100	0	0	1	100	1	100	5.76e-75	208
A28/1100	A53/1-99	45.455	99	53	1	2	100	2	99	3.35e-28	90.5
A28/1100	A78/1-96	46.000	100	50	1	1	100	1	96	1.43e-27	89.0
A28/1100	A159/1-98	47.475	99	50	1	2	100	2	98	1.49e-27	89.0
A28/1100	A35/1-99	43.434	99	55	1	2	100	2	99	1.92e-27	88.6
A28/1100	A147/1-98	41.414	99	56	1	2	100	2	98	1.04e-26	86.7
A28/1100	A49/1-100	43.158	95	54	0	4	98	4	98	1.90e-26	86.3
A28/1100	A3/1-98	43.434	99	54	1	2	100	2	98	2.94e-26	85.5
A28/1100	A24/1-98	39.394	99	58	1	2	100	2	98	2.53e-25	83.2
A28/1100	A64/1-99	42.857	98	55	1	2	99	2	98	3.11e-25	83.2
A28/1100	A104/1-99	45.918	98	50	2	4	100	4	99	4.36e-25	82.8
A28/1100	A60/1-99	43.878	98	52	2	4	100	4	99	6.45e-25	82.0
A28/1100	A100/1-96	44.444	99	51	2	2	100	2	96	8.57e-25	82.0
A28/1100	A115/1-99	44.898	98	51	2	4	100	4	99	1.15e-24	81.6
A28/1100	A126/1-99	43.878	98	52	2	4	100	4	99	1.68e-24	81.3
A28/1100	A75/1-99	41.935	93	53	1	1	93	1	92	1.68e-24	81.3
A28/1100	A158/1-98	39.394	99	58	1	2	100	2	98	1.80e-24	80.9
A28/1100	A141/1-98	40.404	99	57	1	2	100	2	98	1.80e-24	80.9
A28/1100	A14/1-100	46.067	89	48	0	2	90	2	90	2.03e-24	80.9
A28/1100	A97/1-99	43.299	97	52	2	1	96	1	95	3.94e-24	80.1
A28/1100	A82/1-99	44.898	98	51	2	4	100	4	99	4.49e-24	80.1
A28/1100	A59/1-98	42.424	99	55	1	2	100	2	98	6.37e-24	79.7
A28/1100	A89/1-96	42.424	99	53	1	2	100	2	96	8.18e-24	79.3
A28/1100	A63/1-98	44.444	99	53	1	2	100	2	98	1.01e-23	79.3
A28/1100	A152/1-99	42.529	87	49	1	2	88	2	87	1.07e-23	79.0
A28/1100	A122/1-96	42.000	100	54	1	1	100	1	96	1.07e-23	79.0
A28/1100	A119/1-97	38.384	99	58	1	2	100	2	97	1.07e-23	79.0
A28/1100	A137/1-98	43.878	98	51	3	4	100	4	98	1.12e-23	79.0
A28/1100	A34/1-97	44.211	95	50	2	2	96	2	93	1.70e-23	78.6
A28/1100	A111/1-96	40.196	102	51	2	2	100	2	96	1.72e-23	78.6
A28/1100	A130/1-99	41.414	99	57	1	2	100	2	99	2.41e-23	78.2
A28/1100	A7/1-97	42.424	99	53	3	2	100	3	97	3.09e-23	77.8
A28/1100	A148/1-102	44.000	100	50	3	5	100	5	102	3.72e-23	77.8
A28/1100	A93/1-99	43.878	98	52	2	4	100	4	99	4.15e-23	77.4
A28/1100	A93/1-99	58.333	12	5	0	88	99	3	14	0.38	20.0
A28/1100	A86/1-99	42.000	100	57	1	1	100	1	99	7.72e-23	77.0
A28/1100	A67/1-95	40.404	99	54	2	2	100	2	95	9.60e-23	76.6
A28/1100	A108/1-99	35.354	99	63	1	2	100	2	99	5.03e-22	74.7
A28/1100	A163/1-98	37.374	99	60	1	1	99	1	97	5.31e-22	74.7
A28/1100	A74/1-98	41.573	89	50	1	2	90	2	88	7.44e-22	74.3
A28/1100	A144/1-96	37.000	100	59	1	1	100	1	96	2.23e-21	73.2
A28/1100	A70/1-98	39.394	99	58	1	2	100	2	98	2.31e-21	73.2
A28/1100	A20/1-102	39.216	102	58	3	2	100	2	102	3.06e-21	72.8
A28/1100	A118/1-98	40.404	99	57	1	2	100	2	98	3.09e-21	72.8
A28/1100	A81/1-98	37.374	99	60	1	2	100	2	98	3.16e-21	72.8
A28/1100	A110/1-97	42.000	100	53	2	2	100	2	97	4.43e-21	72.4
A28/1100	A114/1-98	37.374	99	60	1	2	100	2	98	9.08e-21	71.6
A28/1100	A162/1-99	39.560	91	53	1	10	100	11	99	1.05e-20	71.6
A28/1100	A17/1-103	42.308	104	53	3	2	100	2	103	1.19e-20	71.2
A28/1100	A42/1-104	38.462	104	58	3	2	100	2	104	1.63e-20	70.9
A28/1100	A10/1-98	39.000	100	55	3	4	100	1	97	1.74e-20	70.9
A28/1100	A155/1-98	36.364	99	61	1	2	100	2	98	1.76e-20	70.9
A28/1100	A136/1-98	40.449	89	51	1	2	90	2	88	2.78e-20	70.5
A28/1100	A125/1-98	38.384	99	59	1	2	100	2	98	3.00e-20	70.5
A28/1100	A88/1-97	38.384	99	58	1	2	100	2	97	3.46e-20	70.1
A28/1100	A21/1-98	47.475	99	49	2	2	100	3	98	4.59e-20	69.7
A28/1100	A66/1-97	41.053	95	53	1	2	96	2	93	1.95e-19	68.2
A28/1100	A77/1-97	44.792	96	48	2	2	96	2	93	2.22e-19	68.2
A28/1100	A103/1-98	35.000	100	63	1	1	100	1	98	3.90e-19	67.4
A28/1100	A44/1-97	40.404	99	56	2	2	100	2	97	3.90e-19	67.4
A28/1100	A107/1-98	38.889	90	53	1	2	91	2	89	3.94e-19	67.4
A28/1100	A140/1-99	42.857	84	47	1	2	85	2	84	4.64e-19	67.4
A28/1100	A151/1-99	36.364	99	62	1	2	100	2	99	8.91e-19	66.6
A28/1100	A26/1-97	40.000	90	50	2	1	89	1	87	1.39e-18	66.2
A28/1100	A55/1-97	34.737	95	59	1	2	96	2	93	1.76e-18	65.9
A28/1100	A31/1-95	39.773	88	49	1	2	89	2	85	1.82e-18	65.9
A28/1100	A45/1-98	43.956	91	45	2	1	89	1	87	2.19e-18	65.5
A28/1100	A84/1-97	39.806	103	53	4	1	100	1	97	4.79e-18	64.7
A28/1100	A71/1-99	37.778	90	54	1	4	93	4	91	5.88e-18	64.3
A28/1100	A13/1-103	33.333	102	65	1	2	100	2	103	6.08e-18	64.3
A28/1100	A85/1-98	39.326	89	52	1	2	90	2	88	8.23e-18	63.9
A28/1100	A52/1-98	34.409	93	59	1	8	100	8	98	1.08e-17	63.9
A28/1100	A129/1-98	41.176	85	48	1	2	86	2	84	1.13e-17	63.9
A28/1100	A19/1-97	33.333	90	56	2	1	89	1	87	1.23e-17	63.5
A28/1100	A27/1-98	38.384	99	59	2	2	100	2	98	2.83e-17	62.8
A28/1100	A143/1-97	35.354	99	61	1	2	100	2	97	2.90e-17	62.8
A28/1100	A96/1-98	37.079	89	54	1	2	90	2	88	4.51e-17	62.4
A28/1100	A124/1-97	38.202	89	51	2	1	88	1	86	5.03e-17	62.0
A28/1100	A102/1-97	36.667	90	53	2	1	89	1	87	6.32e-17	62.0
A28/1100	A73/1-97	39.796	98	54	3	1	97	1	94	8.65e-17	61.6
A28/1100	A80/1-97	38.636	88	50	2	1	87	1	85	9.53e-17	61.2
A28/1100	A167/1-98	35.417	96	60	1	1	96	1	94	1.06e-16	61.2
A28/1100	A41/1-98	34.000	100	64	1	1	100	1	98	1.24e-16	61.2
A28/1100	A48/1-98	34.694	98	62	1	2	99	2	97	1.29e-16	60.8
A28/1100	A9/1-95	36.364	99	58	2	2	100	2	95	1.32e-16	60.8
A28/1100	A5/1-98	39.604	101	55	3	2	100	2	98	2.03e-16	60.5
A28/1100	A6/1-97	42.857	84	45	2	2	85	2	82	4.89e-16	59.7
A28/1100	A132/1-97	36.250	80	48	1	17	96	17	93	4.99e-16	59.7
A28/1100	A121/1-97	33.333	99	63	1	2	100	2	97	4.99e-16	59.7
A28/1100	A51/1-96	34.000	100	62	2	1	100	1	96	5.21e-16	59.3
A28/1100	A95/1-97	35.644	101	60	3	1	100	1	97	7.45e-16	58.9
A28/1100	A38/1-98	37.000	100	61	1	1	100	1	98	9.15e-16	58.9
A28/1100	A113/1-96	35.955	89	52	3	1	88	1	85	9.45e-16	58.9
A28/1100	A133/1-95	35.354	99	59	3	2	100	2	95	1.71e-15	58.2
A28/1100	A154/1-97	34.118	85	53	1	16	100	16	97	1.73e-15	58.2
A28/1100	A91/1-97	36.364	88	52	2	1	87	1	85	1.89e-15	58.2
A28/1100	A128/1-97	38.889	90	51	2	1	89	1	87	1.91e-15	58.2
A28/1100	A33/1-97	37.079	89	52	2	2	89	2	87	2.15e-15	57.8
A28/1100	A62/1-96	36.364	99	59	2	2	100	2	96	2.32e-15	57.8
A28/1100	A157/1-97	37.209	86	50	2	1	85	1	83	2.55e-15	57.8
A28/1100	A161/1-98	38.542	96	55	2	2	96	2	94	2.85e-15	57.8
A28/1100	A99/1-97	34.375	96	58	2	2	96	2	93	4.73e-15	57.0
A28/1100	A16/1-97	32.323	99	64	1	2	100	2	97	7.20e-15	56.6
A28/1100	A105/1-97	35.556	90	54	2	1	89	1	87	7.36e-15	56.6
A28/1100	A2/1-97	35.644	101	58	2	2	100	2	97	7.94e-15	56.6
A28/1100	A166/1-99	34.314	102	62	3	1	100	1	99	8.47e-15	56.2
A28/1100	A58/1-97	36.047	86	51	2	1	85	1	83	2.90e-14	55.1
A28/1100	A30/1-97	33.000	100	64	1	1	100	1	97	3.71e-14	54.7
A28/1100	A56/1-93	30.769	91	58	2	2	92	2	87	3.88e-14	54.7
A28/1100	A92/1-98	30.000	100	68	1	1	100	1	98	5.36e-14	54.3
A28/1100	A47/1-96	38.947	95	53	2	2	96	5	94	7.81e-14	53.9
A28/1100	A12/1-98	33.333	102	62	3	1	100	1	98	2.24e-13	52.8
A28/1100	A69/1-97	36.471	85	50	2	2	85	2	83	4.47e-13	52.0
A28/1100	A146/1-97	35.556	90	54	2	1	89	1	87	7.49e-13	51.2
A28/1100	A117/1-97	36.667	90	53	2	1	89	1	87	1.09e-12	50.8
A28/1100	A150/1-96	35.802	81	48	2	20	100	20	96	9.53e-12	48.5
A28/1100	A40/1-96	34.343	99	61	3	1	99	1	95	1.12e-11	48.5
A28/1100	A23/1-98	29.670	91	61	1	10	100	11	98	4.95e-11	46.6
A28/1100	A135/1-97	33.708	89	55	2	2	89	2	87	1.09e-10	45.8
A28/1100	A37/1-96	27.835	97	66	1	1	97	1	93	1.29e-09	43.1
A28/1100	A139/1-97	30.769	78	51	1	12	89	13	87	3.30e-09	42.0
A30/197	A30/1-97	100.000	97	0	0	1	97	1	97	5.11e-73	203
A30/197	A55/1-97	48.936	94	48	0	2	95	2	95	2.03e-29	93.6
A30/197	A44/1-97	44.792	96	53	0	2	97	2	97	3.47e-29	92.8
A30/197	A99/1-97	42.708	96	55	0	2	97	2	97	4.89e-28	90.1
A30/197	A77/1-97	47.872	94	49	0	2	95	2	95	1.49e-27	88.6
A30/197	A37/1-96	42.268	97	55	1	1	97	1	96	1.63e-27	88.6
A30/197	A16/1-97	43.750	96	54	0	2	97	2	97	6.50e-27	87.0
A30/197	A66/1-97	45.745	94	51	0	2	95	2	95	8.55e-27	86.7
A30/197	A62/1-96	40.625	96	56	1	2	97	2	96	1.02e-26	86.7
A30/197	A88/1-97	44.792	96	53	0	2	97	2	97	1.20e-26	86.7
A30/197	A51/1-96	44.048	84	47	0	1	84	1	84	3.81e-26	85.1
A30/197	A40/1-96	43.158	95	53	1	1	95	1	94	1.03e-25	84.0
A30/197	A110/1-97	40.426	94	56	0	2	95	2	95	1.23e-25	84.0
A30/197	A23/1-98	45.679	81	44	0	13	93	14	94	1.31e-25	84.0
A30/197	A12/1-98	46.429	84	43	1	1	82	1	84	2.33e-25	83.2
A30/197	A26/1-97	44.578	83	45	1	1	82	1	83	5.90e-25	82.0
A30/197	A47/1-96	43.956	91	50	1	2	91	2	92	1.63e-24	80.9
A30/197	A80/1-97	42.222	90	51	1	1	89	1	90	1.74e-24	80.9
A30/197	A84/1-97	41.667	96	54	2	1	95	1	95	7.83e-24	79.3
A30/197	A2/1-97	40.625	96	57	0	2	97	2	97	1.35e-23	78.6
A30/197	A105/1-97	36.735	98	60	2	1	97	1	97	2.49e-23	78.2
A30/197	A5/1-98	41.837	98	54	2	2	97	2	98	3.64e-23	77.8
A30/197	A95/1-97	40.000	90	53	1	1	89	1	90	4.24e-23	77.4
A30/197	A73/1-97	36.735	98	60	2	1	97	1	97	1.25e-22	76.3
A30/197	A150/1-96	40.426	94	55	1	2	95	2	94	1.91e-22	75.9
A30/197	A157/1-97	38.889	90	54	1	1	89	1	90	2.98e-22	75.5
A30/197	A121/1-97	34.375	96	63	0	2	97	2	97	3.05e-22	75.1
A30/197	A113/1-96	37.079	89	56	0	1	89	1	89	3.22e-22	75.1
A30/197	A146/1-97	39.759	83	49	1	1	82	1	83	3.71e-22	75.1
A30/197	A58/1-97	41.176	85	49	1	1	84	1	85	6.97e-22	74.3
A30/197	A9/1-95	41.667	96	54	2	2	97	2	95	7.86e-22	74.3
A30/197	A63/1-98	46.067	89	39	2	2	85	2	86	7.94e-22	74.3
A30/197	A143/1-97	38.542	96	59	0	2	97	2	97	1.05e-21	73.9
A30/197	A126/1-99	40.206	97	54	3	4	97	4	99	1.68e-21	73.6
A30/197	A107/1-98	44.048	84	46	1	2	84	2	85	2.07e-21	73.2
A30/197	A117/1-97	38.776	98	58	2	1	97	1	97	2.84e-21	72.8
A30/197	A132/1-97	38.542	96	59	0	2	97	2	97	3.23e-21	72.8
A30/197	A19/1-97	40.000	85	50	1	1	84	1	85	4.48e-21	72.4
A30/197	A33/1-97	37.079	89	55	1	2	89	2	90	4.68e-21	72.4
A30/197	A158/1-98	38.144	97	59	1	2	97	2	98	5.28e-21	72.0
A30/197	A69/1-97	41.176	85	49	1	2	85	2	86	9.60e-21	71.6
A30/197	A122/1-96	46.341	82	43	1	1	82	1	81	9.92e-21	71.2
A30/197	A124/1-97	38.554	83	50	1	1	82	1	83	1.14e-20	71.2
A30/197	A91/1-97	37.500	96	58	2	1	95	1	95	1.89e-20	70.9
A30/197	A130/1-99	35.714	98	61	1	2	97	2	99	3.01e-20	70.1
A30/197	A86/1-99	37.500	96	56	2	1	93	1	95	3.14e-20	70.1
A30/197	A154/1-97	38.636	88	54	0	2	89	2	89	3.54e-20	70.1
A30/197	A102/1-97	38.095	84	51	1	1	83	1	84	4.55e-20	69.7
A30/197	A167/1-98	37.234	94	58	1	1	93	1	94	7.42e-20	69.3
A30/197	A129/1-98	40.206	97	57	1	2	97	2	98	7.42e-20	69.3
A30/197	A74/1-98	42.683	82	46	1	2	82	2	83	7.58e-20	69.3
A30/197	A128/1-97	37.778	90	55	1	1	89	1	90	8.93e-20	68.9
A30/197	A70/1-98	39.175	97	58	1	2	97	2	98	2.35e-19	67.8
A30/197	A96/1-98	40.698	86	46	2	2	84	2	85	2.89e-19	67.8
A30/197	A161/1-98	37.209	86	54	0	8	93	9	94	3.59e-19	67.4
A30/197	A92/1-98	40.000	85	50	1	1	84	1	85	2.25e-18	65.5
A30/197	A24/1-98	38.144	97	59	1	2	97	2	98	2.25e-18	65.5
A30/197	A56/1-93	41.053	95	50	3	2	96	2	90	2.53e-18	65.5
A30/197	A67/1-95	40.244	82	48	1	2	83	2	82	2.68e-18	65.1
A30/197	A155/1-98	36.082	97	61	1	2	97	2	98	5.97e-18	64.3
A30/197	A159/1-98	34.021	97	63	1	2	97	2	98	8.36e-18	63.9
A30/197	A141/1-98	34.021	97	63	1	2	97	2	98	8.83e-18	63.9
A30/197	A103/1-98	38.824	85	51	1	1	84	1	85	1.04e-17	63.5
A30/197	A89/1-96	37.500	96	59	1	2	97	2	96	1.26e-17	63.5
A30/197	A118/1-98	37.624	101	54	2	2	97	2	98	1.81e-17	63.2
A30/197	A27/1-98	39.604	101	52	3	2	97	2	98	1.87e-17	63.2
A30/197	A81/1-98	40.476	84	49	1	2	84	2	85	4.69e-17	62.0
A30/197	A20/1-102	36.634	101	59	1	2	97	2	102	6.28e-17	61.6
A30/197	A45/1-98	41.667	84	46	2	1	82	1	83	1.06e-16	61.2
A30/197	A140/1-99	41.000	100	46	3	2	95	5	97	1.17e-16	60.8
A30/197	A125/1-98	32.990	97	64	1	2	97	2	98	1.37e-16	60.8
A30/197	A52/1-98	39.474	76	45	1	10	84	10	85	1.53e-16	60.8
A30/197	A3/1-98	37.113	97	60	1	2	97	2	98	1.70e-16	60.5
A30/197	A111/1-96	33.333	96	63	1	2	97	2	96	1.74e-16	60.5
A30/197	A13/1-103	39.216	102	56	2	2	97	2	103	1.80e-16	60.5
A30/197	A31/1-95	36.170	94	58	2	2	95	2	93	2.16e-16	60.5
A30/197	A93/1-99	37.500	80	49	1	4	82	4	83	2.71e-16	60.1
A30/197	A35/1-99	36.471	85	52	1	2	84	2	86	3.05e-16	60.1
A30/197	A139/1-97	35.366	82	50	1	3	84	7	85	3.33e-16	59.7
A30/197	A42/1-104	38.000	100	55	3	2	94	2	101	3.88e-16	59.7
A30/197	A166/1-99	39.759	83	47	2	1	82	4	84	4.92e-16	59.3
A30/197	A108/1-99	32.941	85	55	1	2	84	2	86	8.92e-16	58.9
A30/197	A115/1-99	38.961	77	46	1	4	79	4	80	1.10e-15	58.5
A30/197	A34/1-97	38.947	95	56	2	2	95	2	95	1.12e-15	58.5
A30/197	A135/1-97	35.366	82	51	1	1	82	4	83	1.14e-15	58.5
A30/197	A133/1-95	41.975	81	46	1	2	82	2	81	1.22e-15	58.5
A30/197	A144/1-96	40.244	82	48	1	1	82	1	81	1.50e-15	58.2
A30/197	A78/1-96	35.366	82	52	1	1	82	1	81	1.60e-15	58.2
A30/197	A60/1-99	38.750	80	48	1	4	82	4	83	1.96e-15	57.8
A30/197	A82/1-99	38.750	80	48	1	4	82	4	83	2.07e-15	57.8
A30/197	A97/1-99	34.343	99	63	2	1	97	1	99	2.10e-15	57.8
A30/197	A100/1-96	35.366	82	52	1	2	83	2	82	2.49e-15	57.8
A30/197	A41/1-98	32.653	98	65	1	1	97	1	98	2.63e-15	57.4
A30/197	A48/1-98	32.941	85	56	1	2	85	2	86	4.42e-15	57.0
A30/197	A38/1-98	34.694	98	63	1	1	97	1	98	6.18e-15	56.6
A30/197	A114/1-98	32.990	97	64	1	2	97	2	98	7.11e-15	56.6
A30/197	A163/1-98	39.759	83	49	1	1	82	1	83	7.19e-15	56.6
A30/197	A152/1-99	33.673	98	63	1	2	97	2	99	7.19e-15	56.6
A30/197	A104/1-99	38.750	80	48	1	4	82	4	83	8.73e-15	56.2
A30/197	A136/1-98	38.372	86	44	2	2	82	2	83	2.52e-14	55.1
A30/197	A28/1-100	33.000	100	64	1	1	97	1	100	3.37e-14	54.7
A30/197	A85/1-98	36.585	82	51	1	2	82	2	83	5.59e-14	54.3
A30/197	A59/1-98	37.113	97	57	2	2	97	5	98	5.83e-14	54.3
A30/197	A14/1-100	35.354	99	61	1	2	97	2	100	7.32e-14	53.9
A30/197	A75/1-99	34.343	99	63	1	1	97	1	99	1.19e-13	53.1
A30/197	A64/1-99	36.471	85	52	2	2	84	2	86	1.68e-13	52.8
A30/197	A148/1-102	34.118	85	49	3	2	82	5	86	5.49e-13	51.6
A30/197	A17/1-103	32.353	102	63	2	2	97	2	103	6.45e-13	51.6
A30/197	A7/1-97	33.708	89	57	2	2	89	3	90	2.32e-12	50.1
A30/197	A6/1-97	36.735	98	58	3	2	97	2	97	3.27e-12	49.7
A30/197	A53/1-99	37.349	83	50	1	2	82	2	84	4.41e-12	49.3
A30/197	A162/1-99	29.213	89	62	1	10	97	11	99	5.36e-12	48.9
A30/197	A119/1-97	29.630	81	57	0	2	82	2	82	5.41e-12	48.9
A30/197	A10/1-98	32.927	82	54	1	2	82	2	83	4.57e-11	46.6
A30/197	A147/1-98	29.897	97	67	1	2	97	2	98	6.64e-11	46.2
A30/197	A71/1-99	32.927	82	51	2	2	82	5	83	7.09e-11	46.2
A30/197	A137/1-98	30.000	80	54	2	4	82	4	82	1.01e-10	45.8
A30/197	A151/1-99	33.735	83	53	1	2	82	2	84	3.37e-10	44.3
A30/197	A49/1-100	30.208	96	64	1	4	96	4	99	3.71e-10	44.3
A30/197	A21/1-98	36.905	84	51	2	2	84	3	85	6.77e-09	40.8
A31/195	A31/1-95	100.000	95	0	0	1	95	1	95	5.60e-70	196
A31/195	A67/1-95	44.681	94	52	0	2	95	2	95	1.18e-27	89.0
A31/195	A14/1-100	50.000	92	42	1	1	88	1	92	3.49e-27	87.8
A31/195	A63/1-98	48.864	88	43	2	1	86	1	88	1.46e-25	83.6
A31/195	A118/1-98	41.304	92	52	1	2	91	2	93	9.15e-25	81.6
A31/195	A96/1-98	45.349	86	45	1	2	85	2	87	1.37e-24	81.3
A31/195	A45/1-98	44.186	86	46	1	2	85	2	87	1.53e-24	80.9
A31/195	A78/1-96	46.429	84	45	0	2	85	2	85	7.11e-24	79.3
A31/195	A74/1-98	41.935	93	52	1	1	91	1	93	1.80e-23	78.2
A31/195	A100/1-96	45.055	91	44	1	1	85	1	91	2.33e-23	78.2
A31/195	A64/1-99	44.898	98	51	1	1	95	1	98	2.87e-23	77.8
A31/195	A35/1-99	46.591	88	44	1	1	85	1	88	7.17e-23	76.6
A31/195	A122/1-96	41.053	95	55	1	2	95	2	96	1.59e-22	75.9
A31/195	A155/1-98	44.444	90	48	1	2	89	2	91	2.83e-22	75.1
A31/195	A111/1-96	43.529	85	48	0	1	85	1	85	5.10e-22	74.7
A31/195	A144/1-96	42.857	84	48	0	2	85	2	85	1.51e-21	73.6
A31/195	A126/1-99	41.489	94	51	3	4	93	4	97	4.55e-21	72.0
A31/195	A53/1-99	43.182	88	47	1	1	85	1	88	5.47e-21	72.0
A31/195	A130/1-99	42.045	88	48	1	1	85	1	88	8.01e-21	71.6
A31/195	A152/1-99	42.353	85	46	1	2	83	2	86	8.28e-21	71.6
A31/195	A108/1-99	40.000	90	51	1	1	87	1	90	1.22e-20	71.2
A31/195	A34/1-97	42.045	88	48	2	1	86	1	87	1.38e-20	70.9
A31/195	A89/1-96	40.000	95	56	1	2	95	2	96	1.46e-20	70.9
A31/195	A119/1-97	40.625	96	55	2	2	95	2	97	1.68e-20	70.9
A31/195	A121/1-97	39.773	88	52	1	2	88	2	89	1.83e-20	70.5
A31/195	A107/1-98	41.379	87	49	1	1	85	1	87	3.52e-20	70.1
A31/195	A159/1-98	43.678	87	47	1	1	85	1	87	4.77e-20	69.7
A31/195	A24/1-98	44.000	100	47	3	2	95	2	98	8.49e-20	68.9
A31/195	A133/1-95	42.553	94	54	0	2	95	2	95	2.78e-19	67.8
A31/195	A42/1-104	39.785	93	48	1	1	85	1	93	3.65e-19	67.4
A31/195	A77/1-97	44.318	88	48	1	2	88	2	89	3.93e-19	67.4
A31/195	A47/1-96	42.697	89	48	2	1	88	4	90	3.93e-19	67.4
A31/195	A137/1-98	40.230	87	49	2	1	85	1	86	9.90e-19	66.2
A31/195	A141/1-98	42.353	85	47	1	1	83	1	85	1.50e-18	65.9
A31/195	A66/1-97	43.299	97	51	3	2	95	2	97	1.50e-18	65.9
A31/195	A28/1-100	39.773	88	49	1	2	85	2	89	1.53e-18	65.9
A31/195	A9/1-95	37.778	90	56	0	2	91	2	91	3.13e-18	65.1
A31/195	A23/1-98	41.667	84	46	2	1	83	4	85	3.31e-18	65.1
A31/195	A114/1-98	38.824	85	50	1	1	83	1	85	3.57e-18	64.7
A31/195	A163/1-98	38.202	89	53	1	2	88	2	90	4.11e-18	64.7
A31/195	A75/1-99	37.931	87	51	1	2	85	2	88	5.39e-18	64.3
A31/195	A162/1-99	38.636	88	51	2	11	95	12	99	5.88e-18	64.3
A31/195	A59/1-98	41.176	85	46	2	4	86	6	88	7.88e-18	63.9
A31/195	A3/1-98	35.870	92	57	1	1	90	1	92	9.48e-18	63.9
A31/195	A48/1-98	37.931	87	52	1	2	86	2	88	1.00e-17	63.5
A31/195	A16/1-97	40.860	93	46	2	2	89	2	90	1.23e-17	63.5
A31/195	A103/1-98	36.782	87	53	1	2	86	2	88	1.24e-17	63.5
A31/195	A158/1-98	40.230	87	50	1	2	86	2	88	1.26e-17	63.5
A31/195	A60/1-99	37.349	83	47	2	1	81	4	83	1.40e-17	63.2
A31/195	A81/1-98	37.931	87	52	1	2	86	2	88	2.21e-17	62.8
A31/195	A136/1-98	41.379	87	49	1	2	86	2	88	2.49e-17	62.8
A31/195	A56/1-93	41.176	85	49	1	2	86	2	85	2.49e-17	62.8
A31/195	A147/1-98	39.175	97	56	2	1	94	1	97	3.09e-17	62.4
A31/195	A41/1-98	37.931	87	52	1	2	86	2	88	3.09e-17	62.4
A31/195	A97/1-99	40.000	85	48	1	2	83	2	86	3.45e-17	62.4
A31/195	A157/1-97	35.789	95	59	2	2	94	2	96	3.72e-17	62.4
A31/195	A93/1-99	39.394	99	53	4	1	95	4	99	4.88e-17	62.0
A31/195	A40/1-96	37.363	91	56	1	2	91	2	92	5.86e-17	61.6
A31/195	A148/1-102	36.634	101	54	4	2	95	5	102	6.06e-17	61.6
A31/195	A88/1-97	39.796	98	53	3	2	95	2	97	6.19e-17	61.6
A31/195	A52/1-98	42.105	76	42	1	12	85	12	87	1.05e-16	61.2
A31/195	A110/1-97	40.000	100	50	4	2	95	2	97	1.79e-16	60.5
A31/195	A82/1-99	41.667	84	44	2	1	82	4	84	1.85e-16	60.5
A31/195	A30/1-97	36.170	94	58	2	2	93	2	95	2.02e-16	60.5
A31/195	A21/1-98	49.425	87	41	2	1	85	2	87	2.59e-16	60.1
A31/195	A104/1-99	40.964	83	44	2	1	81	4	83	2.79e-16	60.1
A31/195	A154/1-97	38.202	89	46	3	2	85	2	86	3.14e-16	59.7
A31/195	A55/1-97	36.364	88	55	1	2	88	2	89	4.17e-16	59.7
A31/195	A140/1-99	34.831	89	52	3	12	95	12	99	4.74e-16	59.3
A31/195	A92/1-98	35.714	84	52	1	2	83	2	85	5.40e-16	59.3
A31/195	A2/1-97	40.964	83	48	1	2	83	2	84	5.96e-16	59.3
A31/195	A5/1-98	39.785	93	53	2	2	91	2	94	7.01e-16	58.9
A31/195	A51/1-96	37.778	90	55	1	2	90	2	91	7.08e-16	58.9
A31/195	A129/1-98	35.714	84	52	1	2	83	2	85	7.24e-16	58.9
A31/195	A49/1-100	36.667	90	50	2	1	86	4	90	8.89e-16	58.5
A31/195	A44/1-97	41.176	85	49	1	2	85	2	86	1.48e-15	58.2
A31/195	A33/1-97	35.165	91	57	2	2	90	2	92	1.68e-15	58.2
A31/195	A62/1-96	35.870	92	58	1	2	92	2	93	2.11e-15	57.8
A31/195	A99/1-97	33.708	89	58	1	2	89	2	90	2.59e-15	57.4
A31/195	A26/1-97	38.372	86	51	2	2	85	2	87	2.86e-15	57.4
A31/195	A69/1-97	38.095	84	50	2	2	83	2	85	2.89e-15	57.4
A31/195	A85/1-98	37.209	86	52	1	2	85	2	87	2.92e-15	57.4
A31/195	A38/1-98	37.975	79	47	1	2	78	2	80	3.75e-15	57.0
A31/195	A150/1-96	37.363	91	56	1	2	91	2	92	4.13e-15	57.0
A31/195	A20/1-102	35.227	88	51	2	2	83	2	89	4.50e-15	57.0
A31/195	A7/1-97	35.052	97	60	2	1	95	2	97	4.91e-15	56.6
A31/195	A17/1-103	38.542	96	52	3	1	89	1	96	5.35e-15	56.6
A31/195	A37/1-96	34.146	82	54	0	2	83	2	83	8.71e-15	56.2
A31/195	A105/1-97	38.043	92	55	2	2	91	2	93	1.22e-14	55.8
A31/195	A10/1-98	32.000	100	60	2	1	95	1	97	1.37e-14	55.8
A31/195	A151/1-99	33.673	98	61	2	2	95	2	99	1.65e-14	55.5
A31/195	A84/1-97	36.957	92	56	2	2	91	2	93	1.76e-14	55.5
A31/195	A70/1-98	37.931	87	52	1	2	86	2	88	1.76e-14	55.5
A31/195	A13/1-103	34.783	92	53	1	2	86	2	93	2.02e-14	55.1
A31/195	A95/1-97	37.634	93	54	3	2	91	2	93	3.02e-14	54.7
A31/195	A6/1-97	41.176	85	47	3	1	83	1	84	3.40e-14	54.7
A31/195	A113/1-96	35.802	81	51	1	2	81	2	82	3.43e-14	54.7
A31/195	A125/1-98	32.184	87	57	1	2	86	2	88	3.78e-14	54.7
A31/195	A71/1-99	36.782	87	50	2	1	85	4	87	3.99e-14	54.3
A31/195	A143/1-97	36.471	85	53	1	2	85	2	86	6.42e-14	53.9
A31/195	A124/1-97	36.905	84	51	2	2	83	2	85	6.42e-14	53.9
A31/195	A132/1-97	33.000	100	57	3	2	95	2	97	1.05e-13	53.5
A31/195	A161/1-98	34.884	86	55	1	1	85	2	87	1.09e-13	53.5
A31/195	A91/1-97	35.789	95	59	2	2	94	2	96	1.24e-13	53.1
A31/195	A19/1-97	35.632	87	52	3	2	85	2	87	1.28e-13	53.1
A31/195	A115/1-99	36.585	82	50	1	1	80	1	82	1.66e-13	52.8
A31/195	A128/1-97	36.782	87	50	3	1	85	4	87	1.89e-13	52.8
A31/195	A86/1-99	35.632	87	49	2	2	83	2	86	2.19e-13	52.4
A31/195	A80/1-97	37.805	82	49	2	2	81	2	83	4.62e-13	51.6
A31/195	A146/1-97	35.106	94	55	3	2	91	2	93	4.67e-13	51.6
A31/195	A117/1-97	34.409	93	58	2	1	92	4	94	4.87e-13	51.6
A31/195	A27/1-98	37.662	77	44	2	12	85	12	87	1.63e-12	50.4
A31/195	A58/1-97	35.714	84	50	2	1	83	5	85	2.81e-12	49.7
A31/195	A167/1-98	36.585	82	50	1	2	81	2	83	9.67e-12	48.1
A31/195	A73/1-97	36.170	94	54	3	2	91	2	93	2.83e-11	47.0
A31/195	A102/1-97	34.884	86	54	2	2	85	2	87	3.47e-11	47.0
A31/195	A135/1-97	32.184	87	57	2	1	85	1	87	3.54e-11	47.0
A31/195	A139/1-97	28.409	88	62	1	8	94	9	96	6.59e-11	46.2
A31/195	A166/1-99	34.247	73	46	1	15	85	16	88	2.85e-10	44.7
A31/195	A12/1-98	29.070	86	56	2	2	83	2	86	3.01e-09	42.0
A33/197	A33/1-97	100.000	97	0	0	1	97	1	97	1.68e-70	197
A33/197	A58/1-97	53.125	96	45	0	2	97	2	97	3.53e-36	110
A33/197	A80/1-97	52.083	96	46	0	2	97	2	97	5.64e-36	110
A33/197	A19/1-97	51.042	96	47	0	2	97	2	97	7.48e-35	107
A33/197	A146/1-97	46.875	96	51	0	2	97	2	97	8.17e-33	102
A33/197	A84/1-97	50.000	96	48	0	2	97	2	97	1.28e-32	101
A33/197	A26/1-97	49.474	95	48	0	2	96	2	96	1.37e-32	101
A33/197	A73/1-97	51.064	94	46	0	2	95	2	95	3.11e-32	100
A33/197	A95/1-97	46.875	96	51	0	2	97	2	97	3.19e-31	98.2
A33/197	A128/1-97	47.917	96	50	0	2	97	2	97	4.94e-31	97.4
A33/197	A102/1-97	44.792	96	53	0	2	97	2	97	1.19e-30	96.7
A33/197	A124/1-97	46.316	95	51	0	2	96	2	96	1.28e-30	96.7
A33/197	A91/1-97	45.833	96	52	0	2	97	2	97	3.99e-30	95.1
A33/197	A69/1-97	44.330	97	54	0	1	97	1	97	8.76e-30	94.4
A33/197	A113/1-96	47.917	96	49	1	2	97	2	96	5.09e-29	92.4
A33/197	A135/1-97	42.708	96	55	0	2	97	2	97	3.93e-28	90.1
A33/197	A40/1-96	45.263	95	51	1	2	96	2	95	5.00e-28	90.1
A33/197	A157/1-97	46.067	89	48	0	2	90	2	90	9.73e-28	89.4
A33/197	A110/1-97	41.573	89	50	1	5	91	2	90	1.39e-27	89.0
A33/197	A105/1-97	43.617	94	53	0	2	95	2	95	1.52e-27	88.6
A33/197	A55/1-97	38.710	93	56	1	2	94	2	93	1.12e-26	86.7
A33/197	A47/1-96	42.708	96	55	0	1	96	1	96	1.38e-26	86.3
A33/197	A77/1-97	41.935	93	53	1	2	94	2	93	2.69e-26	85.5
A33/197	A139/1-97	42.105	95	55	0	2	96	2	96	3.73e-26	85.1
A33/197	A117/1-97	43.617	94	53	0	2	95	2	95	4.54e-26	85.1
A33/197	A121/1-97	43.820	89	49	1	2	90	2	89	1.98e-25	83.2
A33/197	A62/1-96	45.652	92	49	1	1	92	1	91	3.42e-25	82.8
A33/197	A5/1-98	46.392	97	49	2	2	96	2	97	6.16e-25	82.0
A33/197	A88/1-97	40.449	89	52	1	2	90	2	89	1.24e-24	81.3
A33/197	A51/1-96	41.667	96	55	1	2	97	2	96	1.52e-24	81.3
A33/197	A132/1-97	49.315	73	37	0	19	91	18	90	1.65e-24	80.9
A33/197	A166/1-99	42.553	94	53	1	2	94	2	95	1.25e-23	79.0
A33/197	A150/1-96	38.710	93	57	0	5	97	4	96	2.02e-23	78.2
A33/197	A99/1-97	38.710	93	56	1	2	94	2	93	3.72e-23	77.4
A33/197	A161/1-98	38.202	89	55	0	2	90	2	90	8.99e-23	76.6
A33/197	A66/1-97	40.506	79	47	0	13	91	12	90	1.13e-22	76.3
A33/197	A37/1-96	43.158	95	51	3	2	95	2	94	1.25e-22	76.3
A33/197	A52/1-98	46.341	82	43	1	11	91	10	91	1.58e-22	75.9
A33/197	A23/1-98	35.106	94	61	0	1	94	1	94	2.98e-22	75.5
A33/197	A143/1-97	40.909	88	51	1	2	89	2	88	1.86e-21	73.2
A33/197	A27/1-98	42.424	99	52	4	1	96	1	97	2.63e-21	72.8
A33/197	A44/1-97	42.353	85	49	0	5	89	4	88	3.89e-21	72.4
A33/197	A30/1-97	37.079	89	55	1	2	90	2	89	4.68e-21	72.4
A33/197	A16/1-97	37.778	90	55	1	1	90	1	89	6.42e-21	72.0
A33/197	A63/1-98	39.362	94	55	2	2	94	2	94	6.56e-21	72.0
A33/197	A118/1-98	37.895	95	57	2	1	94	1	94	1.99e-20	70.5
A33/197	A158/1-98	43.299	97	52	3	1	95	1	96	3.18e-20	70.1
A33/197	A154/1-97	37.778	90	56	0	5	94	4	93	8.18e-20	68.9
A33/197	A78/1-96	40.625	96	54	3	2	96	2	95	1.32e-19	68.6
A33/197	A41/1-98	41.237	97	54	3	2	96	2	97	1.36e-19	68.6
A33/197	A13/1-103	39.216	102	54	3	1	95	1	101	2.65e-19	67.8
A33/197	A9/1-95	37.000	100	51	3	1	95	1	93	1.81e-18	65.5
A33/197	A96/1-98	38.636	88	52	2	1	87	1	87	2.73e-18	65.1
A33/197	A119/1-97	37.755	98	59	2	1	97	1	97	3.55e-18	65.1
A33/197	A2/1-97	34.021	97	62	2	1	96	1	96	4.46e-18	64.7
A33/197	A89/1-96	41.237	97	54	3	1	96	1	95	7.50e-18	63.9
A33/197	A107/1-98	38.298	94	54	3	2	94	2	92	9.12e-18	63.9
A33/197	A92/1-98	40.000	85	49	2	2	85	2	85	1.08e-17	63.5
A33/197	A74/1-98	35.870	92	57	2	2	92	2	92	1.16e-17	63.5
A33/197	A53/1-99	38.889	90	52	2	2	89	2	90	1.18e-17	63.5
A33/197	A20/1-102	40.196	102	54	3	1	96	1	101	2.06e-17	62.8
A33/197	A81/1-98	39.773	88	51	2	1	87	1	87	3.04e-17	62.4
A33/197	A86/1-99	38.889	90	52	2	2	89	2	90	3.54e-17	62.4
A33/197	A67/1-95	32.990	97	63	2	1	97	1	95	4.54e-17	62.0
A33/197	A151/1-99	32.990	97	62	2	1	95	1	96	5.46e-17	62.0
A33/197	A140/1-99	39.474	76	44	1	13	86	12	87	8.60e-17	61.2
A33/197	A152/1-99	31.579	95	62	2	2	94	2	95	9.90e-17	61.2
A33/197	A97/1-99	38.372	86	50	2	2	85	2	86	1.08e-16	61.2
A33/197	A14/1-100	36.559	93	55	2	2	91	2	93	1.56e-16	60.8
A33/197	A136/1-98	37.778	90	54	2	1	89	1	89	1.61e-16	60.8
A33/197	A3/1-98	38.043	92	55	2	2	92	2	92	1.84e-16	60.5
A33/197	A35/1-99	33.684	95	60	2	2	94	2	95	2.38e-16	60.1
A33/197	A70/1-98	42.045	88	49	2	1	87	1	87	2.51e-16	60.1
A33/197	A167/1-98	36.250	80	49	2	2	80	2	80	3.59e-16	59.7
A33/197	A103/1-98	34.483	87	55	2	2	87	2	87	3.59e-16	59.7
A33/197	A130/1-99	37.778	90	53	2	2	89	2	90	4.61e-16	59.7
A33/197	A125/1-98	37.931	87	52	2	2	87	2	87	6.73e-16	58.9
A33/197	A108/1-99	34.091	88	55	2	2	87	2	88	1.42e-15	58.2
A33/197	A42/1-104	32.632	95	56	3	2	89	2	95	1.53e-15	58.2
A33/197	A31/1-95	35.165	91	57	2	2	92	2	90	1.80e-15	58.2
A33/197	A28/1-100	37.079	89	52	2	2	87	2	89	1.94e-15	57.8
A33/197	A34/1-97	35.556	90	57	1	2	91	2	90	2.01e-15	57.8
A33/197	A64/1-99	35.227	88	54	2	2	87	2	88	2.07e-15	57.8
A33/197	A111/1-96	35.484	93	58	2	5	96	4	95	3.00e-15	57.4
A33/197	A100/1-96	35.417	96	59	3	2	96	2	95	3.34e-15	57.4
A33/197	A159/1-98	35.106	94	59	2	2	94	2	94	4.10e-15	57.0
A33/197	A59/1-98	37.778	90	54	2	8	95	7	96	5.61e-15	56.6
A33/197	A141/1-98	35.106	94	59	2	2	94	2	94	6.45e-15	56.6
A33/197	A12/1-98	31.579	95	62	2	2	94	2	95	7.84e-15	56.2
A33/197	A155/1-98	30.337	89	61	1	7	94	6	94	8.18e-15	56.2
A33/197	A162/1-99	36.842	76	47	1	11	85	11	86	8.27e-15	56.2
A33/197	A126/1-99	35.526	76	48	1	9	83	8	83	1.03e-14	56.2
A33/197	A114/1-98	36.471	85	52	2	2	85	2	85	1.10e-14	55.8
A33/197	A75/1-99	36.364	88	53	2	2	87	2	88	1.16e-14	55.8
A33/197	A6/1-97	40.217	92	49	4	2	89	2	91	1.16e-14	55.8
A33/197	A17/1-103	39.130	92	48	3	4	87	1	92	1.67e-14	55.5
A33/197	A85/1-98	32.955	88	57	2	1	87	1	87	3.51e-14	54.7
A33/197	A122/1-96	30.233	86	58	2	2	87	2	85	5.07e-14	54.3
A33/197	A163/1-98	30.337	89	61	1	7	94	6	94	7.89e-14	53.9
A33/197	A129/1-98	36.047	86	53	2	2	86	2	86	1.03e-13	53.5
A33/197	A144/1-96	29.787	94	62	3	2	94	2	92	1.37e-13	53.1
A33/197	A60/1-99	32.632	95	62	2	2	94	1	95	1.49e-13	53.1
A33/197	A7/1-97	30.928	97	63	3	2	96	3	97	1.95e-13	52.8
A33/197	A48/1-98	33.696	92	56	3	5	93	2	91	3.85e-13	52.0
A33/197	A137/1-98	32.967	91	60	1	2	91	1	91	4.01e-13	52.0
A33/197	A24/1-98	33.750	80	52	1	9	87	8	87	4.01e-13	52.0
A33/197	A147/1-98	33.673	98	62	3	2	97	2	98	1.41e-12	50.4
A33/197	A56/1-93	35.556	90	55	3	2	91	2	88	1.79e-12	50.4
A33/197	A133/1-95	30.851	94	62	2	5	97	4	95	3.30e-12	49.7
A33/197	A10/1-98	34.483	87	54	2	4	87	1	87	6.09e-12	48.9
A33/197	A21/1-98	38.298	94	55	2	2	94	3	94	1.04e-11	48.1
A33/197	A104/1-99	34.409	93	58	3	4	94	4	95	1.78e-11	47.8
A33/197	A93/1-99	37.500	96	56	4	4	96	4	98	3.73e-11	47.0
A33/197	A45/1-98	30.769	91	59	3	2	90	2	90	3.81e-11	47.0
A33/197	A82/1-99	35.484	93	57	3	4	94	4	95	5.84e-11	46.2
A33/197	A49/1-100	29.213	89	60	1	2	87	1	89	1.09e-10	45.8
A33/197	A38/1-98	31.250	96	64	2	2	96	2	96	3.34e-10	44.3
A33/197	A148/1-102	34.066	91	44	4	2	84	5	87	6.00e-10	43.9
A33/197	A71/1-99	32.558	86	55	3	4	87	4	88	8.34e-10	43.5
A33/197	A115/1-99	28.261	92	64	2	2	91	1	92	1.01e-09	43.1
A34/197	A34/1-97	100.000	97	0	0	1	97	1	97	5.38e-71	198
A34/197	A63/1-98	59.574	94	37	1	1	93	1	94	1.04e-37	114
A34/197	A74/1-98	51.546	97	46	1	1	96	1	97	1.81e-34	106
A34/197	A118/1-98	53.684	95	43	1	2	95	2	96	1.71e-33	103
A34/197	A96/1-98	51.042	96	46	1	2	96	2	97	2.72e-32	100
A34/197	A85/1-98	52.083	96	45	1	2	96	2	97	1.75e-31	98.6
A34/197	A107/1-98	48.454	97	49	1	1	96	1	97	3.48e-31	97.8
A34/197	A103/1-98	50.549	91	44	1	2	91	2	92	7.24e-31	97.1
A34/197	A81/1-98	52.747	91	42	1	2	91	2	92	2.12e-30	95.9
A34/197	A70/1-98	51.042	96	46	1	2	96	2	97	2.49e-30	95.9
A34/197	A6/1-97	55.208	96	41	2	1	95	1	95	3.50e-30	95.5
A34/197	A59/1-98	50.000	96	47	1	2	96	2	97	3.47e-29	92.8
A34/197	A114/1-98	45.833	96	51	1	1	95	1	96	3.67e-29	92.8
A34/197	A136/1-98	47.872	94	45	2	2	94	2	92	3.92e-29	92.8
A34/197	A162/1-99	49.438	89	43	2	10	97	11	98	6.06e-29	92.4
A34/197	A20/1-102	47.475	99	47	2	2	95	2	100	1.09e-28	91.7
A34/197	A147/1-98	46.875	96	50	1	1	95	1	96	1.42e-28	91.3
A34/197	A115/1-99	49.474	95	46	2	1	93	1	95	1.77e-28	91.3
A34/197	A92/1-98	45.055	91	49	1	2	91	2	92	1.93e-28	90.9
A34/197	A52/1-98	51.648	91	40	2	4	90	1	91	1.95e-28	90.9
A34/197	A27/1-98	51.042	96	44	3	2	95	2	96	4.89e-28	90.1
A34/197	A148/1-102	46.078	102	49	3	1	97	1	101	5.05e-28	90.1
A34/197	A140/1-99	51.020	98	45	3	2	97	2	98	5.05e-28	90.1
A34/197	A82/1-99	47.423	97	49	2	1	95	1	97	2.36e-27	88.2
A34/197	A60/1-99	47.368	95	48	2	1	93	1	95	5.01e-27	87.4
A34/197	A158/1-98	46.875	96	50	1	2	96	2	97	1.86e-26	85.9
A34/197	A125/1-98	43.750	96	53	1	2	96	2	97	1.31e-25	84.0
A34/197	A93/1-99	46.392	97	50	2	1	95	1	97	1.61e-25	83.6
A34/197	A167/1-98	46.237	93	49	1	2	93	2	94	2.44e-25	83.2
A34/197	A104/1-99	45.361	97	51	2	1	95	1	97	3.81e-25	82.8
A34/197	A163/1-98	42.553	94	53	1	2	94	2	95	4.12e-25	82.4
A34/197	A137/1-98	45.055	91	49	1	1	90	1	91	6.80e-25	82.0
A34/197	A126/1-99	43.478	92	50	2	4	93	4	95	7.26e-25	82.0
A34/197	A13/1-103	47.423	97	45	2	2	92	2	98	2.26e-24	80.9
A34/197	A71/1-99	45.455	99	51	3	1	97	1	98	3.94e-24	80.1
A34/197	A49/1-100	43.750	96	51	2	1	93	1	96	5.70e-24	79.7
A34/197	A129/1-98	45.833	96	51	1	2	96	2	97	6.29e-24	79.7
A34/197	A66/1-97	45.882	85	46	0	11	95	11	95	6.64e-24	79.3
A34/197	A28/1-100	44.211	95	50	2	2	93	2	96	1.52e-23	78.6
A34/197	A17/1-103	43.137	102	46	2	1	93	1	99	4.06e-23	77.4
A34/197	A35/1-99	43.299	97	53	2	1	95	1	97	4.94e-23	77.4
A34/197	A151/1-99	43.878	98	52	3	2	97	2	98	5.81e-23	77.0
A34/197	A53/1-99	45.161	93	49	2	1	91	1	93	1.30e-22	76.3
A34/197	A41/1-98	41.053	95	55	1	2	95	2	96	4.36e-22	74.7
A34/197	A121/1-97	39.362	94	55	2	2	94	2	94	6.46e-22	74.3
A34/197	A3/1-98	42.268	97	55	1	1	96	1	97	1.96e-21	73.2
A34/197	A48/1-98	41.053	95	55	1	2	95	2	96	2.26e-21	73.2
A34/197	A55/1-97	39.583	96	58	0	2	97	2	97	2.69e-21	72.8
A34/197	A24/1-98	41.237	97	55	2	2	97	2	97	7.24e-21	71.6
A34/197	A31/1-95	42.045	88	48	2	1	87	1	86	1.48e-20	70.9
A34/197	A154/1-97	32.609	92	62	0	2	93	2	93	1.55e-20	70.9
A34/197	A88/1-97	40.860	93	55	0	2	94	2	94	1.65e-20	70.9
A34/197	A111/1-96	41.667	96	53	2	1	95	1	94	5.41e-20	69.7
A34/197	A78/1-96	38.947	95	55	2	2	95	2	94	5.53e-20	69.7
A34/197	A159/1-98	37.500	88	54	1	1	87	1	88	7.50e-20	69.3
A34/197	A45/1-98	43.182	88	45	2	2	86	2	87	1.35e-19	68.6
A34/197	A100/1-96	40.625	96	54	2	1	95	1	94	1.70e-19	68.2
A34/197	A89/1-96	40.000	95	54	2	2	95	2	94	3.22e-19	67.4
A34/197	A152/1-99	40.000	95	55	2	2	94	2	96	7.19e-19	66.6
A34/197	A110/1-97	35.106	94	61	0	2	95	2	95	7.76e-19	66.6
A34/197	A119/1-97	38.462	91	56	0	2	92	2	92	1.31e-18	65.9
A34/197	A124/1-97	44.706	85	44	3	2	84	2	85	1.43e-18	65.9
A34/197	A67/1-95	41.573	89	49	2	2	89	2	88	1.54e-18	65.9
A34/197	A77/1-97	37.234	94	59	0	2	95	2	95	1.66e-18	65.9
A34/197	A58/1-97	42.708	96	52	3	1	95	2	95	1.66e-18	65.9
A34/197	A122/1-96	43.617	94	48	3	2	93	2	92	2.40e-18	65.5
A34/197	A42/1-104	37.624	101	56	2	1	94	1	101	2.48e-18	65.5
A34/197	A144/1-96	43.023	86	46	2	2	86	2	85	2.59e-18	65.1
A34/197	A10/1-98	43.182	88	49	1	1	87	1	88	3.95e-18	64.7
A34/197	A161/1-98	41.489	94	53	2	1	93	2	94	4.31e-18	64.7
A34/197	A14/1-100	42.857	98	53	2	1	95	1	98	4.70e-18	64.7
A34/197	A62/1-96	38.710	93	56	1	2	94	2	93	5.42e-18	64.3
A34/197	A26/1-97	44.330	97	48	5	2	95	2	95	1.55e-17	63.2
A34/197	A105/1-97	39.175	97	55	4	2	96	2	96	1.64e-17	63.2
A34/197	A19/1-97	39.080	87	50	3	2	86	2	87	1.87e-17	63.2
A34/197	A84/1-97	40.000	95	55	2	2	95	2	95	2.03e-17	63.2
A34/197	A150/1-96	42.105	95	52	3	2	95	2	94	2.67e-17	62.8
A34/197	A155/1-98	39.535	86	51	1	2	86	2	87	4.30e-17	62.0
A34/197	A130/1-99	37.113	97	59	2	1	95	1	97	4.79e-17	62.0
A34/197	A47/1-96	41.379	87	47	3	1	86	4	87	5.00e-17	62.0
A34/197	A108/1-99	35.955	89	55	2	1	87	1	89	5.46e-17	62.0
A34/197	A16/1-97	40.698	86	49	2	2	86	2	86	5.46e-17	62.0
A34/197	A64/1-99	38.202	89	53	2	1	87	1	89	8.70e-17	61.2
A34/197	A135/1-97	37.363	91	56	1	1	90	1	91	9.69e-17	61.2
A34/197	A113/1-96	34.831	89	58	0	2	90	2	90	1.02e-16	61.2
A34/197	A132/1-97	32.979	94	63	0	2	95	2	95	1.53e-16	60.8
A34/197	A141/1-98	36.458	96	60	1	1	95	1	96	1.74e-16	60.5
A34/197	A95/1-97	37.778	90	55	1	2	90	2	91	1.76e-16	60.5
A34/197	A99/1-97	33.333	96	64	0	2	97	2	97	2.28e-16	60.5
A34/197	A143/1-97	37.234	94	59	0	2	95	2	95	2.51e-16	60.1
A34/197	A86/1-99	37.234	94	57	2	2	93	2	95	2.80e-16	60.1
A34/197	A75/1-99	40.000	90	48	3	2	87	2	89	3.16e-16	60.1
A34/197	A91/1-97	38.947	95	56	2	2	95	2	95	3.96e-16	59.7
A34/197	A44/1-97	37.234	94	59	0	2	95	2	95	8.73e-16	58.9
A34/197	A30/1-97	38.947	95	56	2	2	95	2	95	1.12e-15	58.5
A34/197	A21/1-98	41.053	95	54	2	1	94	2	95	1.88e-15	57.8
A34/197	A33/1-97	35.556	90	57	1	2	90	2	91	2.01e-15	57.8
A34/197	A157/1-97	38.095	84	49	3	2	83	2	84	3.56e-15	57.4
A34/197	A51/1-96	37.931	87	50	3	2	86	2	86	3.68e-15	57.4
A34/197	A73/1-97	37.113	97	57	4	2	96	2	96	3.88e-15	57.0
A34/197	A5/1-98	37.755	98	52	3	2	91	2	98	6.18e-15	56.6
A34/197	A102/1-97	37.234	94	56	3	2	93	2	94	1.74e-14	55.5
A34/197	A56/1-93	37.209	86	52	1	2	87	2	85	1.88e-14	55.5
A34/197	A166/1-99	37.500	88	52	2	1	86	2	88	1.98e-14	55.5
A34/197	A80/1-97	36.905	84	52	1	2	84	2	85	2.05e-14	55.5
A34/197	A23/1-98	38.095	84	49	3	2	83	2	84	2.52e-14	55.1
A34/197	A133/1-95	39.773	88	46	2	2	86	2	85	2.63e-14	55.1
A34/197	A146/1-97	38.542	96	55	4	2	95	2	95	3.12e-14	54.7
A34/197	A12/1-98	34.783	92	56	2	2	90	2	92	3.87e-14	54.7
A34/197	A9/1-95	39.024	82	43	3	7	86	9	85	6.50e-14	53.9
A34/197	A7/1-97	35.632	87	53	2	3	86	1	87	2.04e-13	52.8
A34/197	A117/1-97	32.584	89	59	1	2	89	2	90	2.94e-13	52.4
A34/197	A38/1-98	36.905	84	49	2	5	84	2	85	3.03e-13	52.4
A34/197	A139/1-97	37.500	96	53	4	5	95	2	95	3.17e-13	52.4
A34/197	A69/1-97	36.905	84	50	3	2	83	2	84	1.22e-12	50.8
A34/197	A128/1-97	32.258	93	62	1	2	93	2	94	1.59e-12	50.4
A34/197	A97/1-99	34.091	88	56	2	2	87	2	89	2.53e-12	50.1
A34/197	A40/1-96	34.091	88	58	0	2	89	2	89	4.18e-12	49.3
A34/197	A37/1-96	35.052	97	56	3	2	95	2	94	1.82e-11	47.8
A34/197	A2/1-97	30.851	94	65	0	2	95	2	95	9.48e-10	43.1
A35/199	A35/1-99	100.000	99	0	0	1	99	1	99	2.39e-72	202
A35/199	A14/1-100	49.000	100	50	1	1	99	1	100	2.65e-31	98.2
A35/199	A152/1-99	43.820	89	50	0	2	90	2	90	3.09e-28	90.5
A35/199	A53/1-99	40.404	99	59	0	1	99	1	99	3.33e-28	90.5
A35/199	A108/1-99	44.444	99	55	0	1	99	1	99	1.13e-27	89.0
A35/199	A28/1-100	43.434	99	55	1	2	99	2	100	1.85e-27	88.6
A35/199	A100/1-96	47.475	99	49	1	1	99	1	96	2.80e-27	88.2
A35/199	A81/1-98	41.837	98	56	1	2	99	2	98	1.34e-25	84.0
A35/199	A130/1-99	39.394	99	60	0	1	99	1	99	3.60e-25	82.8
A35/199	A64/1-99	46.591	88	47	0	1	88	1	88	1.68e-24	81.3
A35/199	A111/1-96	43.434	99	53	1	1	99	1	96	1.77e-24	80.9
A35/199	A141/1-98	37.374	99	61	1	1	99	1	98	3.26e-24	80.5
A35/199	A119/1-97	38.776	98	58	1	2	99	2	97	7.00e-24	79.3
A35/199	A78/1-96	42.857	98	53	1	2	99	2	96	2.01e-23	78.2
A35/199	A42/1-104	41.905	105	54	2	1	99	1	104	2.48e-23	78.2
A35/199	A103/1-98	37.755	98	60	1	2	99	2	98	3.15e-23	77.8
A35/199	A75/1-99	41.379	87	51	0	2	88	2	88	3.36e-23	77.8
A35/199	A34/1-97	43.299	97	53	2	1	97	1	95	5.31e-23	77.4
A35/199	A144/1-96	41.837	98	54	1	2	99	2	96	6.61e-23	77.0
A35/199	A31/1-95	46.591	88	44	1	1	88	1	85	8.30e-23	76.6
A35/199	A63/1-98	40.404	99	58	1	1	99	1	98	1.01e-22	76.6
A35/199	A27/1-98	37.755	98	60	1	2	99	2	98	1.33e-22	76.3
A35/199	A59/1-98	41.837	98	56	1	2	99	2	98	1.69e-22	75.9
A35/199	A62/1-96	43.678	87	47	1	2	88	2	86	2.52e-22	75.5
A35/199	A92/1-98	36.735	98	61	1	2	99	2	98	2.84e-22	75.5
A35/199	A21/1-98	44.444	99	53	2	1	99	2	98	2.91e-22	75.5
A35/199	A13/1-103	37.255	102	60	1	2	99	2	103	3.69e-22	75.1
A35/199	A107/1-98	38.889	90	54	1	1	90	1	89	4.35e-22	75.1
A35/199	A70/1-98	37.755	98	60	1	2	99	2	98	4.59e-22	74.7
A35/199	A97/1-99	38.776	98	60	0	2	99	2	99	5.41e-22	74.7
A35/199	A159/1-98	39.583	96	55	2	1	95	1	94	8.09e-22	74.3
A35/199	A67/1-95	40.816	98	54	3	2	99	2	95	9.12e-22	74.3
A35/199	A60/1-99	38.000	100	60	2	1	99	1	99	1.07e-21	73.9
A35/199	A151/1-99	34.694	98	64	0	2	99	2	99	2.25e-21	73.2
A35/199	A55/1-97	38.542	96	57	1	2	97	2	95	2.48e-21	73.2
A35/199	A24/1-98	35.714	98	62	1	2	99	2	98	2.62e-21	72.8
A35/199	A20/1-102	33.663	101	64	1	2	99	2	102	3.63e-21	72.8
A35/199	A3/1-98	38.636	88	53	1	1	88	1	87	3.96e-21	72.4
A35/199	A125/1-98	36.735	98	61	1	2	99	2	98	4.87e-21	72.4
A35/199	A114/1-98	38.384	99	60	1	1	99	1	98	4.87e-21	72.4
A35/199	A17/1-103	39.423	104	57	3	1	99	1	103	5.73e-21	72.0
A35/199	A89/1-96	36.735	98	59	1	2	99	2	96	5.92e-21	72.0
A35/199	A85/1-98	41.379	87	50	1	2	88	2	87	1.20e-20	71.2
A35/199	A143/1-97	41.837	98	55	2	2	99	2	97	1.51e-20	70.9
A35/199	A7/1-97	38.776	98	58	2	1	98	2	97	1.88e-20	70.9
A35/199	A96/1-98	40.230	87	51	1	2	88	2	87	2.09e-20	70.9
A35/199	A48/1-98	37.113	97	60	1	2	98	2	97	2.49e-20	70.5
A35/199	A158/1-98	37.755	98	60	1	2	99	2	98	2.93e-20	70.5
A35/199	A86/1-99	37.755	98	61	0	2	99	2	99	3.16e-20	70.1
A35/199	A163/1-98	39.175	97	58	1	2	98	2	97	4.29e-20	69.7
A35/199	A52/1-98	33.333	99	65	1	1	99	1	98	4.43e-20	69.7
A35/199	A147/1-98	35.354	99	63	1	1	99	1	98	5.69e-20	69.7
A35/199	A137/1-98	40.625	96	55	2	1	96	1	94	6.70e-20	69.3
A35/199	A74/1-98	39.773	88	52	1	1	88	1	87	7.97e-20	69.3
A35/199	A56/1-93	39.796	98	53	3	2	99	2	93	8.98e-20	68.9
A35/199	A84/1-97	41.414	99	54	3	2	99	2	97	9.90e-20	68.9
A35/199	A155/1-98	39.000	100	56	2	2	99	2	98	1.01e-19	68.9
A35/199	A66/1-97	37.755	98	59	1	2	99	2	97	1.08e-19	68.9
A35/199	A128/1-97	38.384	99	57	3	2	99	2	97	1.12e-19	68.9
A35/199	A44/1-97	32.653	98	64	1	2	99	2	97	1.15e-19	68.9
A35/199	A19/1-97	39.773	88	50	2	2	88	2	87	1.17e-19	68.9
A35/199	A118/1-98	34.694	98	63	1	2	99	2	98	2.66e-19	67.8
A35/199	A129/1-98	35.714	98	62	1	2	99	2	98	3.38e-19	67.8
A35/199	A41/1-98	37.755	98	60	1	2	99	2	98	4.25e-19	67.4
A35/199	A10/1-98	37.374	99	61	1	1	99	1	98	5.28e-19	67.0
A35/199	A167/1-98	35.714	98	62	1	2	99	2	98	5.63e-19	67.0
A35/199	A154/1-97	32.653	98	64	1	2	99	2	97	7.63e-19	66.6
A35/199	A5/1-98	37.755	98	60	1	2	99	2	98	7.97e-19	66.6
A35/199	A95/1-97	41.304	92	51	2	2	92	2	91	8.79e-19	66.6
A35/199	A51/1-96	39.796	98	56	2	2	99	2	96	9.90e-19	66.2
A35/199	A162/1-99	38.636	88	53	1	12	99	13	99	1.02e-18	66.2
A35/199	A16/1-97	36.735	98	60	1	2	99	2	97	1.39e-18	65.9
A35/199	A2/1-97	39.796	98	57	1	2	99	2	97	7.45e-18	64.3
A35/199	A77/1-97	36.735	98	60	1	2	99	2	97	1.14e-17	63.5
A35/199	A122/1-96	37.755	98	58	1	2	99	2	96	1.38e-17	63.5
A35/199	A136/1-98	32.292	96	64	1	2	97	2	96	1.40e-17	63.5
A35/199	A38/1-98	34.694	98	63	1	2	99	2	98	4.00e-17	62.4
A35/199	A121/1-97	34.043	94	60	1	2	95	2	93	4.61e-17	62.0
A35/199	A105/1-97	36.667	90	54	2	2	90	2	89	4.92e-17	62.0
A35/199	A82/1-99	36.000	100	62	2	1	99	1	99	6.95e-17	61.6
A35/199	A26/1-97	35.354	99	60	3	2	99	2	97	9.11e-17	61.2
A35/199	A148/1-102	36.364	88	50	3	1	84	1	86	1.57e-16	60.8
A35/199	A140/1-99	35.294	85	55	0	2	86	2	86	1.69e-16	60.8
A35/199	A23/1-98	37.374	99	59	3	2	99	2	98	1.86e-16	60.5
A35/199	A6/1-97	37.931	87	52	2	1	87	1	85	2.34e-16	60.5
A35/199	A115/1-99	35.000	100	63	2	1	99	1	99	2.39e-16	60.5
A35/199	A33/1-97	33.684	95	60	2	2	95	2	94	2.55e-16	60.1
A35/199	A30/1-97	36.471	85	52	1	2	86	2	84	3.27e-16	60.1
A35/199	A99/1-97	32.653	98	64	1	2	99	2	97	3.53e-16	59.7
A35/199	A73/1-97	36.082	97	58	3	2	97	2	95	5.44e-16	59.3
A35/199	A132/1-97	36.264	91	56	1	9	99	9	97	5.50e-16	59.3
A35/199	A49/1-100	38.144	97	57	3	1	95	1	96	8.57e-16	58.9
A35/199	A37/1-96	34.375	96	60	1	2	97	2	94	9.65e-16	58.9
A35/199	A104/1-99	34.000	100	64	2	1	99	1	99	1.10e-15	58.5
A35/199	A110/1-97	32.979	94	61	1	2	95	2	93	1.35e-15	58.5
A35/199	A45/1-98	34.783	92	53	2	2	90	2	89	1.36e-15	58.5
A35/199	A126/1-99	31.959	97	64	2	4	99	4	99	1.39e-15	58.5
A35/199	A93/1-99	36.000	100	62	2	1	99	1	99	4.53e-15	57.0
A35/199	A40/1-96	38.144	97	57	2	2	98	2	95	5.68e-15	56.6
A35/199	A117/1-97	35.556	90	55	2	2	90	2	89	5.93e-15	56.6
A35/199	A124/1-97	35.714	84	51	2	2	84	2	83	7.28e-15	56.6
A35/199	A157/1-97	37.209	86	51	2	2	86	2	85	9.23e-15	56.2
A35/199	A58/1-97	36.782	87	52	2	2	87	2	86	1.73e-14	55.5
A35/199	A69/1-97	34.884	86	53	2	2	86	2	85	2.21e-14	55.5
A35/199	A88/1-97	30.928	97	59	2	2	95	2	93	2.41e-14	55.1
A35/199	A146/1-97	32.609	92	59	2	2	92	2	91	4.05e-14	54.7
A35/199	A166/1-99	34.000	100	60	3	1	99	5	99	4.32e-14	54.7
A35/199	A9/1-95	34.066	91	57	1	2	92	2	89	4.81e-14	54.3
A35/199	A47/1-96	37.500	88	52	2	2	88	2	87	1.27e-13	53.1
A35/199	A139/1-97	33.673	98	61	4	2	98	2	96	1.40e-13	53.1
A35/199	A91/1-97	34.444	90	56	2	2	90	2	89	2.27e-13	52.8
A35/199	A161/1-98	38.961	77	45	1	22	98	23	97	3.80e-13	52.0
A35/199	A150/1-96	31.633	98	64	2	2	99	2	96	5.14e-13	51.6
A35/199	A102/1-97	29.592	98	65	3	2	98	2	96	9.91e-13	50.8
A35/199	A133/1-95	34.483	87	54	1	2	88	2	85	1.07e-12	50.8
A35/199	A71/1-99	32.000	100	63	3	1	99	4	99	1.14e-12	50.8
A35/199	A80/1-97	34.118	85	53	2	2	85	2	84	2.01e-12	50.1
A35/199	A113/1-96	27.835	97	67	2	2	98	2	95	2.84e-12	49.7
A35/199	A135/1-97	28.571	98	65	3	1	97	1	94	5.23e-12	49.3
A35/199	A12/1-98	30.588	85	55	2	2	84	2	84	2.97e-11	47.4
A37/196	A37/1-96	100.000	96	0	0	1	96	1	96	3.72e-70	196
A37/196	A44/1-97	45.745	94	50	1	2	94	2	95	4.71e-28	90.1
A37/196	A30/1-97	42.268	97	55	1	1	96	1	97	1.56e-27	88.6
A37/196	A73/1-97	47.959	98	48	3	1	96	1	97	7.30e-27	87.0
A37/196	A95/1-97	43.878	98	52	3	1	96	1	97	1.48e-26	86.3
A37/196	A150/1-96	45.833	96	50	2	2	96	2	96	1.87e-25	83.6
A37/196	A16/1-97	39.773	88	52	1	2	88	2	89	2.11e-25	83.2
A37/196	A40/1-96	43.158	95	52	2	1	94	1	94	7.07e-25	82.0
A37/196	A66/1-97	43.617	94	52	1	2	94	2	95	1.06e-24	81.6
A37/196	A77/1-97	45.745	94	50	1	2	94	2	95	1.36e-24	81.3
A37/196	A146/1-97	43.750	96	51	3	1	94	1	95	5.09e-24	79.7
A37/196	A88/1-97	44.565	92	50	1	2	92	2	93	1.78e-23	78.2
A37/196	A84/1-97	42.857	98	53	3	1	96	1	97	2.29e-23	78.2
A37/196	A2/1-97	39.362	94	56	1	2	94	2	95	3.08e-23	77.8
A37/196	A143/1-97	37.234	94	58	1	2	94	2	95	6.32e-23	77.0
A37/196	A51/1-96	40.206	97	56	2	1	96	1	96	6.53e-23	77.0
A37/196	A105/1-97	42.857	98	53	3	1	96	1	97	1.02e-22	76.3
A37/196	A33/1-97	43.158	95	51	3	2	94	2	95	1.20e-22	76.3
A37/196	A23/1-98	36.170	94	58	2	2	93	2	95	1.28e-22	76.3
A37/196	A55/1-97	38.298	94	57	1	2	94	2	95	2.12e-22	75.5
A37/196	A132/1-97	36.170	94	59	1	2	94	2	95	3.77e-22	75.1
A37/196	A99/1-97	39.362	94	56	1	2	94	2	95	1.38e-21	73.6
A37/196	A154/1-97	37.634	93	57	1	2	93	2	94	2.09e-21	73.2
A37/196	A9/1-95	38.947	95	57	1	2	96	2	95	2.18e-21	73.2
A37/196	A110/1-97	40.217	92	54	1	2	92	2	93	5.09e-21	72.0
A37/196	A12/1-98	43.023	86	46	2	1	83	1	86	5.80e-21	72.0
A37/196	A63/1-98	40.426	94	54	2	2	93	2	95	6.26e-21	72.0
A37/196	A62/1-96	35.955	89	56	1	2	89	2	90	6.68e-21	71.6
A37/196	A122/1-96	34.409	93	61	0	1	93	1	93	1.69e-20	70.9
A37/196	A19/1-97	38.462	91	54	2	1	89	1	91	2.29e-20	70.5
A37/196	A58/1-97	43.750	96	51	3	1	94	1	95	3.89e-20	69.7
A37/196	A121/1-97	40.449	89	52	1	2	89	2	90	5.46e-20	69.3
A37/196	A97/1-99	38.372	86	50	1	1	83	1	86	7.56e-20	69.3
A37/196	A113/1-96	41.463	82	47	1	1	81	1	82	1.14e-19	68.6
A37/196	A42/1-104	38.000	100	52	3	2	92	2	100	3.11e-19	67.4
A37/196	A117/1-97	37.778	90	54	2	1	88	1	90	4.59e-19	67.0
A37/196	A130/1-99	34.375	96	60	1	2	94	2	97	7.49e-19	66.6
A37/196	A157/1-97	35.165	91	57	2	1	89	1	91	1.22e-18	66.2
A37/196	A128/1-97	36.957	92	56	2	1	90	1	92	1.67e-18	65.9
A37/196	A124/1-97	34.444	90	57	2	1	88	1	90	1.79e-18	65.5
A37/196	A52/1-98	40.476	84	48	2	2	83	2	85	3.58e-18	64.7
A37/196	A56/1-93	37.805	82	50	1	2	83	2	82	4.64e-18	64.7
A37/196	A26/1-97	41.667	84	47	2	1	82	1	84	5.64e-18	64.3
A37/196	A47/1-96	38.554	83	49	2	2	82	2	84	8.71e-18	63.9
A37/196	A96/1-98	42.857	84	46	2	2	83	2	85	9.71e-18	63.9
A37/196	A80/1-97	42.169	83	46	2	1	81	1	83	1.17e-17	63.5
A37/196	A69/1-97	39.080	87	51	2	2	86	2	88	1.21e-17	63.5
A37/196	A13/1-103	39.000	100	54	2	2	94	2	101	1.29e-17	63.5
A37/196	A70/1-98	36.634	101	54	2	2	96	2	98	1.67e-17	63.2
A37/196	A91/1-97	36.458	96	58	3	1	94	1	95	1.78e-17	63.2
A37/196	A41/1-98	36.458	96	59	2	1	94	1	96	1.78e-17	63.2
A37/196	A86/1-99	36.082	97	59	2	1	94	1	97	2.24e-17	62.8
A37/196	A125/1-98	36.634	101	54	2	2	96	2	98	2.78e-17	62.8
A37/196	A129/1-98	36.364	88	54	1	2	87	2	89	2.84e-17	62.4
A37/196	A135/1-97	38.961	77	46	1	8	83	9	85	3.17e-17	62.4
A37/196	A139/1-97	35.227	88	55	2	8	94	9	95	4.29e-17	62.0
A37/196	A78/1-96	30.851	94	65	0	1	94	1	94	5.81e-17	61.6
A37/196	A27/1-98	38.636	88	50	2	10	94	10	96	5.94e-17	61.6
A37/196	A118/1-98	37.895	95	57	1	2	94	2	96	1.09e-16	61.2
A37/196	A102/1-97	34.737	95	60	2	1	93	1	95	1.14e-16	60.8
A37/196	A5/1-98	38.144	97	54	4	2	94	2	96	1.23e-16	60.8
A37/196	A141/1-98	35.052	97	61	1	2	96	2	98	1.70e-16	60.5
A37/196	A75/1-99	33.684	95	59	2	1	91	1	95	2.83e-16	60.1
A37/196	A126/1-99	37.500	80	48	2	4	81	4	83	4.45e-16	59.7
A37/196	A64/1-99	34.118	85	53	1	2	83	2	86	4.86e-16	59.3
A37/196	A107/1-98	36.047	86	49	2	2	83	2	85	5.13e-16	59.3
A37/196	A161/1-98	31.111	90	61	1	4	92	5	94	6.10e-16	59.3
A37/196	A111/1-96	33.333	93	62	0	2	94	2	94	6.16e-16	59.3
A37/196	A35/1-99	34.375	96	60	1	2	94	2	97	8.72e-16	58.9
A37/196	A89/1-96	33.333	93	62	0	2	94	2	94	1.12e-15	58.5
A37/196	A108/1-99	31.765	85	55	1	2	83	2	86	1.70e-15	58.2
A37/196	A45/1-98	37.647	85	47	3	2	82	2	84	2.03e-15	57.8
A37/196	A158/1-98	31.959	97	64	1	2	96	2	98	2.19e-15	57.8
A37/196	A136/1-98	34.021	97	62	2	2	96	2	98	3.19e-15	57.4
A37/196	A159/1-98	35.714	84	52	1	2	83	2	85	4.18e-15	57.0
A37/196	A74/1-98	36.471	85	48	2	2	82	2	84	4.61e-15	57.0
A37/196	A119/1-97	35.789	95	58	2	2	94	2	95	4.66e-15	57.0
A37/196	A163/1-98	33.333	84	54	1	1	82	1	84	5.08e-15	56.6
A37/196	A31/1-95	34.146	82	54	0	2	83	2	83	9.01e-15	56.2
A37/196	A100/1-96	30.108	93	65	0	2	94	2	94	9.30e-15	56.2
A37/196	A167/1-98	32.979	94	61	1	1	92	1	94	9.61e-15	56.2
A37/196	A166/1-99	32.609	92	60	2	4	93	5	96	1.00e-14	56.2
A37/196	A140/1-99	38.961	77	44	1	11	84	11	87	1.04e-14	55.8
A37/196	A20/1-102	32.323	99	61	1	2	94	2	100	1.25e-14	55.8
A37/196	A85/1-98	36.842	76	46	1	9	82	9	84	2.80e-14	55.1
A37/196	A67/1-95	28.750	80	57	0	2	81	2	81	3.79e-14	54.7
A37/196	A92/1-98	35.714	84	52	1	2	83	2	85	1.02e-13	53.5
A37/196	A144/1-96	33.735	83	51	2	1	81	1	81	1.04e-13	53.5
A37/196	A155/1-98	33.708	89	55	2	7	92	7	94	1.68e-13	52.8
A37/196	A162/1-99	30.233	86	58	2	10	93	11	96	3.00e-13	52.4
A37/196	A3/1-98	31.959	97	64	1	2	96	2	98	3.20e-13	52.0
A37/196	A114/1-98	29.897	97	62	2	2	94	2	96	5.48e-13	51.6
A37/196	A53/1-99	32.941	85	50	2	2	81	2	84	6.52e-13	51.2
A37/196	A152/1-99	28.571	84	57	1	2	82	2	85	7.91e-13	51.2
A37/196	A48/1-98	33.721	86	53	2	2	84	2	86	2.29e-12	50.1
A37/196	A133/1-95	30.864	81	56	0	2	82	2	82	4.56e-12	49.3
A37/196	A103/1-98	30.588	85	57	2	1	83	1	85	1.14e-11	48.1
A37/196	A24/1-98	34.483	87	54	2	6	89	6	92	1.29e-11	48.1
A37/196	A10/1-98	32.927	82	53	1	2	81	2	83	1.67e-11	47.8
A37/196	A34/1-97	35.052	97	56	3	2	94	2	95	1.76e-11	47.8
A37/196	A6/1-97	41.558	77	40	3	10	83	10	84	3.69e-11	47.0
A37/196	A137/1-98	33.803	71	46	1	12	81	12	82	4.38e-11	46.6
A37/196	A151/1-99	35.714	70	42	1	15	81	15	84	6.72e-11	46.2
A37/196	A59/1-98	29.213	89	61	2	10	96	10	98	9.07e-11	45.8
A37/196	A81/1-98	30.952	84	56	2	2	83	2	85	1.41e-10	45.4
A37/196	A82/1-99	31.944	72	47	1	13	82	13	84	2.67e-10	44.7
A37/196	A17/1-103	32.653	98	59	2	2	92	2	99	4.60e-10	43.9
A37/196	A14/1-100	32.143	84	53	1	2	81	2	85	6.14e-10	43.5
A37/196	A28/1-100	27.835	97	66	1	1	93	1	97	1.15e-09	43.1
A37/196	A115/1-99	29.032	93	63	3	4	93	4	96	1.21e-09	42.7
A37/196	A104/1-99	30.986	71	47	1	13	81	13	83	1.58e-09	42.7
A37/196	A147/1-98	30.435	92	58	2	9	96	9	98	1.60e-09	42.7
A37/196	A60/1-99	30.851	94	59	3	4	92	4	96	5.21e-09	41.2
A37/196	A7/1-97	30.851	94	54	3	2	89	3	91	6.65e-09	40.8
A37/196	A93/1-99	30.556	72	48	1	13	82	13	84	7.40e-09	40.8
A37/196	A21/1-98	35.714	84	51	2	2	83	3	85	1.30e-08	40.0
A37/196	A71/1-99	32.877	73	47	2	12	82	12	84	1.31e-08	40.0
A37/196	A148/1-102	28.049	82	48	2	9	82	9	87	2.09e-08	39.7
A37/196	A38/1-98	26.316	95	68	1	1	93	1	95	1.01e-07	37.7
A37/196	A49/1-100	26.882	93	64	2	4	92	4	96	1.46e-07	37.4
A38/198	A38/1-98	100.000	98	0	0	1	98	1	98	6.71e-73	203
A38/198	A144/1-96	40.816	98	55	2	1	97	1	96	2.76e-21	72.8
A38/198	A10/1-98	38.144	97	60	0	2	98	2	98	4.04e-21	72.4
A38/198	A133/1-95	41.667	96	54	1	2	97	2	95	7.44e-20	69.3
A38/198	A48/1-98	34.409	93	61	0	2	94	2	94	1.65e-18	65.9
A38/198	A167/1-98	34.737	95	62	0	1	95	1	95	6.46e-18	64.3
A38/198	A67/1-95	36.458	96	59	1	2	97	2	95	6.97e-18	64.3
A38/198	A78/1-96	34.694	98	62	1	1	98	1	96	1.21e-17	63.5
A38/198	A130/1-99	35.714	98	62	1	2	98	2	99	2.20e-17	62.8
A38/198	A35/1-99	34.694	98	63	1	2	98	2	99	3.87e-17	62.4
A38/198	A14/1-100	39.080	87	51	1	2	86	2	88	4.96e-17	62.0
A38/198	A163/1-98	37.647	85	53	0	1	85	1	85	9.30e-17	61.2
A38/198	A126/1-99	36.250	80	51	0	5	84	5	84	1.13e-16	61.2
A38/198	A63/1-98	35.052	97	63	0	2	98	2	98	2.21e-16	60.5
A38/198	A53/1-99	37.209	86	53	1	2	86	2	87	2.41e-16	60.1
A38/198	A42/1-104	37.500	88	49	2	2	83	2	89	2.75e-16	60.1
A38/198	A115/1-99	40.741	81	45	1	2	82	5	82	3.48e-16	59.7
A38/198	A122/1-96	39.535	86	50	1	1	86	1	84	3.92e-16	59.7
A38/198	A75/1-99	34.524	84	54	1	1	83	1	84	4.01e-16	59.7
A38/198	A162/1-99	37.079	89	56	0	10	98	11	99	4.19e-16	59.7
A38/198	A104/1-99	39.024	82	47	1	2	83	5	83	4.82e-16	59.3
A38/198	A152/1-99	35.632	87	55	1	2	87	2	88	4.98e-16	59.3
A38/198	A28/1-100	37.000	100	61	1	1	98	1	100	8.55e-16	58.9
A38/198	A97/1-99	33.333	99	65	1	1	98	1	99	1.01e-15	58.5
A38/198	A70/1-98	31.959	97	66	0	2	98	2	98	1.13e-15	58.5
A38/198	A119/1-97	34.118	85	55	1	2	86	2	85	1.22e-15	58.5
A38/198	A7/1-97	31.250	96	66	0	2	97	2	97	1.77e-15	58.2
A38/198	A96/1-98	35.366	82	53	0	2	83	2	83	2.31e-15	57.8
A38/198	A141/1-98	32.941	85	57	0	2	86	2	86	3.45e-15	57.4
A38/198	A82/1-99	36.585	82	49	1	2	83	5	83	3.89e-15	57.0
A38/198	A31/1-95	37.975	79	47	1	2	80	2	78	4.15e-15	57.0
A38/198	A100/1-96	35.294	85	53	1	2	86	2	84	4.38e-15	57.0
A38/198	A85/1-98	37.647	85	53	0	2	86	2	86	4.77e-15	57.0
A38/198	A108/1-99	29.592	98	68	1	2	98	2	99	5.09e-15	57.0
A38/198	A30/1-97	34.694	98	63	1	1	98	1	97	6.39e-15	56.6
A38/198	A125/1-98	31.707	82	56	0	2	83	2	83	6.53e-15	56.6
A38/198	A92/1-98	32.990	97	65	0	2	98	2	98	7.59e-15	56.6
A38/198	A93/1-99	36.585	82	49	1	2	83	5	83	8.74e-15	56.2
A38/198	A121/1-97	35.484	93	59	1	2	94	2	93	1.12e-14	55.8
A38/198	A60/1-99	33.673	98	60	2	2	97	5	99	1.38e-14	55.8
A38/198	A74/1-98	34.524	84	55	0	2	85	2	85	1.44e-14	55.8
A38/198	A71/1-99	37.805	82	48	1	2	83	5	83	2.26e-14	55.1
A38/198	A24/1-98	34.940	83	54	0	2	84	2	84	2.26e-14	55.1
A38/198	A158/1-98	35.052	97	63	0	2	98	2	98	2.31e-14	55.1
A38/198	A12/1-98	33.333	99	63	2	1	97	1	98	2.60e-14	55.1
A38/198	A118/1-98	35.052	97	63	0	2	98	2	98	3.16e-14	54.7
A38/198	A20/1-102	32.558	86	54	1	2	83	2	87	7.40e-14	53.9
A38/198	A136/1-98	34.118	85	53	1	2	86	5	86	1.09e-13	53.5
A38/198	A41/1-98	30.612	98	68	0	1	98	1	98	1.19e-13	53.5
A38/198	A2/1-97	30.928	97	66	1	2	98	2	97	1.27e-13	53.1
A38/198	A129/1-98	35.052	97	60	1	2	98	5	98	1.34e-13	53.1
A38/198	A155/1-98	31.959	97	66	0	2	98	2	98	1.79e-13	52.8
A38/198	A124/1-97	32.990	97	63	2	1	96	1	96	1.85e-13	52.8
A38/198	A114/1-98	30.928	97	67	0	2	98	2	98	2.42e-13	52.4
A38/198	A64/1-99	32.530	83	55	1	2	83	2	84	3.00e-13	52.4
A38/198	A34/1-97	36.905	84	49	2	2	85	5	84	3.13e-13	52.4
A38/198	A140/1-99	39.759	83	46	2	2	83	5	84	3.97e-13	52.0
A38/198	A89/1-96	31.765	85	56	1	2	86	2	84	4.01e-13	52.0
A38/198	A103/1-98	29.897	97	68	0	2	98	2	98	4.62e-13	52.0
A38/198	A5/1-98	32.990	97	64	1	2	97	2	98	4.62e-13	52.0
A38/198	A59/1-98	34.021	97	64	0	2	98	2	98	4.72e-13	52.0
A38/198	A148/1-102	34.118	85	50	2	2	83	5	86	5.25e-13	51.6
A38/198	A55/1-97	34.409	93	60	1	2	94	2	93	6.04e-13	51.6
A38/198	A81/1-98	30.928	97	67	0	2	98	2	98	6.45e-13	51.6
A38/198	A113/1-96	29.167	96	67	1	1	96	1	95	9.49e-13	51.2
A38/198	A13/1-103	32.184	87	54	1	2	83	2	88	1.13e-12	50.8
A38/198	A51/1-96	30.208	96	66	1	1	96	1	95	1.20e-12	50.8
A38/198	A86/1-99	30.952	84	57	1	1	83	1	84	1.28e-12	50.8
A38/198	A111/1-96	31.765	85	56	1	2	86	2	84	1.52e-12	50.4
A38/198	A17/1-103	34.831	89	53	1	2	85	2	90	2.01e-12	50.1
A38/198	A99/1-97	32.258	93	62	1	2	94	2	93	2.29e-12	50.1
A38/198	A3/1-98	28.235	85	61	0	2	86	2	86	2.55e-12	50.1
A38/198	A159/1-98	29.412	85	60	0	2	86	2	86	3.68e-12	49.7
A38/198	A16/1-97	29.897	97	67	1	2	98	2	97	4.81e-12	49.3
A38/198	A6/1-97	34.146	82	53	1	2	83	2	82	5.65e-12	48.9
A38/198	A151/1-99	34.884	86	52	2	2	86	5	87	5.77e-12	48.9
A38/198	A44/1-97	35.366	82	52	1	2	83	2	82	1.06e-11	48.1
A38/198	A27/1-98	32.653	98	64	2	2	98	2	98	1.07e-11	48.1
A38/198	A77/1-97	36.559	93	58	1	2	94	2	93	1.29e-11	48.1
A38/198	A137/1-98	31.707	82	52	2	2	83	5	82	2.94e-11	47.4
A38/198	A26/1-97	30.612	98	66	2	1	97	1	97	3.53e-11	47.0
A38/198	A107/1-98	30.488	82	57	0	2	83	2	83	3.76e-11	47.0
A38/198	A150/1-96	31.579	95	64	1	2	96	2	95	4.81e-11	46.6
A38/198	A62/1-96	30.435	92	63	1	2	93	2	92	6.56e-11	46.2
A38/198	A157/1-97	28.723	94	65	2	1	93	1	93	7.38e-11	46.2
A38/198	A84/1-97	31.959	97	64	2	1	96	1	96	7.79e-11	46.2
A38/198	A147/1-98	26.804	97	68	1	2	98	5	98	8.48e-11	45.8
A38/198	A52/1-98	31.707	82	56	0	2	83	2	83	8.95e-11	45.8
A38/198	A80/1-97	27.835	97	68	2	1	96	1	96	1.42e-10	45.4
A38/198	A33/1-97	31.250	96	64	2	2	96	2	96	3.44e-10	44.3
A38/198	A69/1-97	29.787	94	64	2	2	94	2	94	3.59e-10	44.3
A38/198	A58/1-97	31.646	79	53	1	18	96	19	96	3.59e-10	44.3
A38/198	A132/1-97	31.915	94	61	2	2	94	2	93	5.26e-10	43.9
A38/198	A23/1-98	30.263	76	52	1	20	95	21	95	6.05e-10	43.9
A38/198	A56/1-93	31.959	97	61	3	2	98	2	93	6.18e-10	43.9
A38/198	A161/1-98	35.106	94	59	2	2	94	2	94	7.56e-10	43.5
A38/198	A154/1-97	28.723	94	66	1	2	95	2	94	9.46e-10	43.1
A38/198	A110/1-97	32.258	93	62	1	2	94	2	93	1.34e-09	42.7
A38/198	A49/1-100	33.333	81	49	2	2	80	5	82	1.36e-09	42.7
A38/198	A102/1-97	25.773	97	70	2	1	96	1	96	1.48e-09	42.7
A38/198	A135/1-97	30.380	79	54	1	18	96	19	96	1.99e-09	42.4
A38/198	A47/1-96	30.208	96	65	2	2	96	2	96	3.77e-09	41.6
A38/198	A146/1-97	27.083	96	68	2	1	95	1	95	5.24e-09	41.2
A38/198	A88/1-97	34.884	86	47	2	2	83	2	82	5.58e-09	41.2
A38/198	A105/1-97	30.952	84	56	2	1	83	1	83	7.92e-09	40.8
A38/198	A166/1-99	32.927	82	53	2	15	95	16	96	2.12e-08	39.7
A38/198	A143/1-97	26.804	97	70	1	2	98	2	97	3.41e-08	39.3
A38/198	A66/1-97	35.484	93	59	1	2	94	2	93	3.60e-08	39.3
A38/198	A19/1-97	30.108	93	61	3	1	91	1	91	7.06e-08	38.5
A38/198	A40/1-96	26.042	96	70	1	1	96	1	95	7.45e-08	38.1
A38/198	A91/1-97	25.316	79	58	1	18	96	19	96	1.01e-07	38.1
A38/198	A37/1-96	26.316	95	68	1	1	95	1	93	1.07e-07	37.7
A38/198	A95/1-97	27.835	97	68	2	1	96	1	96	2.16e-07	37.0
A38/198	A128/1-97	28.421	95	65	2	2	96	5	96	2.22e-07	37.0
A38/198	A73/1-97	28.421	95	66	2	1	94	1	94	2.37e-07	37.0
A38/198	A117/1-97	29.897	97	64	3	1	96	1	94	1.11e-06	35.0
A38/198	A9/1-95	26.829	82	58	1	2	83	2	81	8.17e-06	32.7
A38/198	A45/1-98	27.907	86	58	2	2	85	2	85	9.64e-06	32.7
A38/198	A21/1-98	31.707	82	56	0	2	83	2	83	2.77e-05	31.6
A38/198	A139/1-97	24.675	77	57	1	20	96	21	96	4.73e-05	30.8
A40/196	A40/1-96	100.000	96	0	0	1	96	1	96	2.51e-70	196
A40/196	A95/1-97	44.792	96	52	1	1	95	1	96	1.63e-31	98.6
A40/196	A84/1-97	50.000	96	47	1	1	95	1	96	1.80e-31	98.6
A40/196	A73/1-97	47.368	95	49	1	1	94	1	95	4.26e-31	97.8
A40/196	A51/1-96	51.042	96	47	0	1	96	1	96	4.50e-31	97.8
A40/196	A150/1-96	47.872	94	49	0	2	95	2	95	4.57e-30	95.1
A40/196	A105/1-97	48.421	95	48	1	1	94	1	95	1.83e-29	93.6
A40/196	A44/1-97	50.000	94	46	1	2	94	2	95	2.16e-29	93.2
A40/196	A128/1-97	50.000	96	47	1	1	95	1	96	4.39e-29	92.4
A40/196	A62/1-96	47.253	91	48	0	2	92	2	92	7.93e-29	92.0
A40/196	A33/1-97	45.263	95	51	1	2	95	2	96	4.81e-28	90.1
A40/196	A19/1-97	43.299	97	54	1	1	96	1	97	6.20e-27	87.0
A40/196	A113/1-96	45.263	95	52	0	1	95	1	95	8.50e-27	86.7
A40/196	A5/1-98	46.875	96	49	1	2	95	2	97	2.53e-26	85.5
A40/196	A58/1-97	46.875	96	50	1	1	95	1	96	5.21e-26	84.7
A40/196	A30/1-97	43.158	95	53	1	1	94	1	95	9.92e-26	84.0
A40/196	A47/1-96	44.211	95	52	1	2	95	2	96	2.13e-25	83.2
A40/196	A102/1-97	43.750	96	53	1	1	95	1	96	3.15e-25	82.8
A40/196	A37/1-96	43.158	95	52	2	1	94	1	94	7.07e-25	82.0
A40/196	A91/1-97	43.750	96	53	1	1	95	1	96	1.13e-24	81.3
A40/196	A66/1-97	48.936	94	47	1	2	94	2	95	3.55e-24	80.1
A40/196	A117/1-97	41.053	95	55	1	1	94	1	95	4.18e-24	80.1
A40/196	A146/1-97	40.625	96	56	1	1	95	1	96	6.99e-24	79.3
A40/196	A69/1-97	43.158	95	53	1	2	95	2	96	7.96e-24	79.3
A40/196	A139/1-97	40.860	93	52	1	3	95	7	96	1.93e-23	78.2
A40/196	A23/1-98	40.860	93	54	1	2	93	2	94	2.24e-23	78.2
A40/196	A9/1-95	44.086	93	51	1	2	94	2	93	3.29e-23	77.8
A40/196	A77/1-97	44.318	88	49	0	2	89	2	89	4.36e-23	77.4
A40/196	A99/1-97	38.636	88	54	0	2	89	2	89	6.29e-22	74.3
A40/196	A16/1-97	37.500	88	55	0	2	89	2	89	9.84e-22	73.9
A40/196	A124/1-97	40.625	96	56	1	1	95	1	96	1.05e-21	73.9
A40/196	A80/1-97	41.667	96	55	1	1	95	1	96	1.28e-21	73.6
A40/196	A121/1-97	39.326	89	54	0	2	90	2	90	1.33e-21	73.6
A40/196	A55/1-97	39.130	92	56	0	2	93	2	93	1.55e-21	73.6
A40/196	A26/1-97	39.583	96	57	1	1	95	1	96	1.55e-21	73.6
A40/196	A2/1-97	41.053	95	55	1	2	95	2	96	6.33e-21	72.0
A40/196	A157/1-97	39.560	91	54	1	1	90	1	91	8.97e-21	71.6
A40/196	A158/1-98	43.158	95	52	2	2	94	2	96	4.11e-20	69.7
A40/196	A88/1-97	37.500	88	55	0	2	89	2	89	5.58e-20	69.3
A40/196	A41/1-98	41.237	97	55	2	1	95	1	97	8.52e-20	68.9
A40/196	A96/1-98	41.379	87	50	1	2	87	2	88	1.48e-19	68.6
A40/196	A12/1-98	34.737	95	60	1	1	93	1	95	1.62e-19	68.2
A40/196	A135/1-97	38.710	93	54	1	3	95	7	96	4.12e-19	67.4
A40/196	A110/1-97	40.909	88	52	0	2	89	2	89	4.75e-19	67.0
A40/196	A78/1-96	40.625	96	55	2	1	95	1	95	5.90e-19	67.0
A40/196	A63/1-98	41.573	89	51	1	2	89	2	90	6.03e-19	67.0
A40/196	A118/1-98	39.785	93	55	1	2	93	2	94	6.87e-19	66.6
A40/196	A86/1-99	40.698	86	49	1	1	84	1	86	7.41e-19	66.6
A40/196	A27/1-98	46.067	89	44	3	10	95	10	97	1.02e-18	66.2
A40/196	A167/1-98	41.837	98	55	2	1	96	1	98	1.39e-18	65.9
A40/196	A107/1-98	42.045	88	50	1	2	88	2	89	1.57e-18	65.9
A40/196	A52/1-98	43.210	81	45	1	10	89	10	90	1.57e-18	65.9
A40/196	A161/1-98	41.111	90	52	1	8	96	9	98	1.60e-18	65.9
A40/196	A132/1-97	38.298	94	57	1	2	94	2	95	1.89e-18	65.5
A40/196	A74/1-98	36.957	92	57	1	2	92	2	93	4.16e-18	64.7
A40/196	A143/1-97	38.298	94	57	1	2	94	2	95	6.94e-18	64.3
A40/196	A155/1-98	39.535	86	47	2	7	89	7	90	9.82e-18	63.9
A40/196	A154/1-97	35.870	92	59	0	2	93	2	93	1.22e-17	63.5
A40/196	A67/1-95	37.234	94	58	1	2	95	2	94	1.23e-17	63.5
A40/196	A56/1-93	39.080	87	51	2	2	88	2	86	1.42e-17	63.2
A40/196	A144/1-96	38.889	90	52	2	1	89	1	88	3.42e-17	62.4
A40/196	A140/1-99	43.590	78	42	1	12	87	12	89	5.81e-17	61.6
A40/196	A31/1-95	37.363	91	56	1	2	92	2	91	6.07e-17	61.6
A40/196	A122/1-96	36.364	88	55	1	1	88	1	87	6.84e-17	61.6
A40/196	A166/1-99	36.709	79	49	1	16	93	17	95	1.46e-16	60.8
A40/196	A13/1-103	39.000	100	54	2	2	94	2	101	1.98e-16	60.5
A40/196	A48/1-98	34.091	88	57	1	2	88	2	89	4.09e-16	59.7
A40/196	A97/1-99	37.234	94	47	2	1	87	1	89	5.18e-16	59.3
A40/196	A111/1-96	37.895	95	57	2	2	95	2	95	6.44e-16	58.9
A40/196	A119/1-97	35.789	95	60	1	2	95	2	96	8.17e-16	58.9
A40/196	A136/1-98	35.227	88	56	1	2	88	2	89	9.10e-16	58.5
A40/196	A45/1-98	36.170	94	57	2	1	92	1	93	9.40e-16	58.5
A40/196	A3/1-98	35.484	93	55	2	2	91	2	92	1.34e-15	58.2
A40/196	A70/1-98	36.458	96	57	3	2	94	2	96	1.82e-15	57.8
A40/196	A103/1-98	35.955	89	56	1	1	88	1	89	3.59e-15	57.0
A40/196	A151/1-99	36.047	86	53	1	11	94	11	96	3.92e-15	57.0
A40/196	A35/1-99	38.144	97	57	2	2	95	2	98	5.14e-15	56.6
A40/196	A89/1-96	34.737	95	60	2	2	95	2	95	5.91e-15	56.6
A40/196	A162/1-99	35.556	90	52	3	10	95	11	98	1.46e-14	55.5
A40/196	A59/1-98	40.230	87	50	2	10	94	10	96	2.26e-14	55.1
A40/196	A42/1-104	35.354	99	57	2	2	93	2	100	3.33e-14	54.7
A40/196	A108/1-99	36.782	87	53	1	2	86	2	88	4.04e-14	54.3
A40/196	A141/1-98	38.636	88	53	1	2	88	2	89	4.31e-14	54.3
A40/196	A100/1-96	34.737	95	60	2	2	95	2	95	4.55e-14	54.3
A40/196	A24/1-98	35.165	91	57	2	7	95	7	97	4.60e-14	54.3
A40/196	A163/1-98	35.632	87	55	1	1	86	1	87	5.47e-14	54.3
A40/196	A75/1-99	34.831	89	56	1	1	87	1	89	5.71e-14	53.9
A40/196	A85/1-98	36.250	80	50	1	9	87	9	88	6.78e-14	53.9
A40/196	A125/1-98	34.737	95	60	2	2	94	2	96	7.31e-14	53.9
A40/196	A126/1-99	33.333	81	53	1	4	83	4	84	8.69e-14	53.5
A40/196	A130/1-99	36.082	97	59	2	2	95	2	98	9.07e-14	53.5
A40/196	A129/1-98	35.227	88	56	1	2	88	2	89	1.06e-13	53.5
A40/196	A20/1-102	36.000	100	58	2	2	95	2	101	1.10e-13	53.5
A40/196	A159/1-98	32.955	88	58	1	2	88	2	89	1.87e-13	52.8
A40/196	A81/1-98	38.202	89	52	2	2	88	2	89	1.89e-13	52.8
A40/196	A7/1-97	35.294	85	54	1	9	92	9	93	3.76e-13	52.0
A40/196	A6/1-97	38.824	85	47	3	10	90	10	93	5.20e-13	51.6
A40/196	A147/1-98	33.333	90	58	2	9	96	9	98	6.04e-13	51.6
A40/196	A60/1-99	33.333	87	56	2	9	93	9	95	6.80e-13	51.2
A40/196	A92/1-98	31.111	90	61	1	1	89	1	90	8.81e-13	51.2
A40/196	A17/1-103	34.043	94	56	2	2	89	2	95	1.05e-12	50.8
A40/196	A34/1-97	34.091	88	58	0	2	89	2	89	4.05e-12	49.3
A40/196	A114/1-98	34.375	96	61	2	2	95	2	97	4.81e-12	49.3
A40/196	A133/1-95	29.787	94	65	1	2	95	2	94	7.08e-12	48.5
A40/196	A28/1-100	34.343	99	61	3	1	95	1	99	9.88e-12	48.5
A40/196	A152/1-99	34.444	90	57	1	2	89	2	91	1.11e-11	48.1
A40/196	A137/1-98	37.647	85	50	3	11	93	11	94	1.11e-11	48.1
A40/196	A53/1-99	31.461	89	59	1	2	88	2	90	3.98e-11	46.6
A40/196	A64/1-99	29.545	88	60	1	2	87	2	89	4.34e-11	46.6
A40/196	A82/1-99	37.349	83	50	2	13	93	13	95	5.49e-11	46.6
A40/196	A104/1-99	36.145	83	51	2	13	93	13	95	1.44e-10	45.4
A40/196	A14/1-100	30.769	91	60	1	2	89	2	92	2.91e-10	44.7
A40/196	A49/1-100	30.682	88	57	2	9	92	9	96	3.27e-10	44.3
A40/196	A148/1-102	33.333	78	48	2	9	82	9	86	7.20e-10	43.5
A40/196	A93/1-99	36.047	86	52	2	13	95	13	98	1.02e-09	43.1
A40/196	A71/1-99	32.941	85	55	2	11	93	11	95	1.94e-09	42.4
A40/196	A21/1-98	37.209	86	53	1	9	93	9	94	4.64e-09	41.6
A40/196	A10/1-98	36.111	72	43	2	18	87	18	88	2.40e-08	39.7
A40/196	A115/1-99	31.111	90	59	3	9	95	9	98	3.55e-08	39.3
A40/196	A38/1-98	26.042	96	70	1	1	95	1	96	7.05e-08	38.1
A41/198	A41/1-98	100.000	98	0	0	1	98	1	98	2.13e-71	199
A41/198	A96/1-98	50.575	87	43	0	2	88	2	88	1.00e-32	102
A41/198	A27/1-98	55.102	98	42	2	2	98	2	98	1.58e-31	99.0
A41/198	A52/1-98	47.423	97	51	0	2	98	2	98	1.60e-30	96.3
A41/198	A85/1-98	50.000	90	45	0	2	91	2	91	2.06e-30	95.9
A41/198	A107/1-98	47.778	90	47	0	2	91	2	91	6.01e-30	94.7
A41/198	A20/1-102	47.525	101	49	1	2	98	2	102	1.47e-29	94.0
A41/198	A103/1-98	47.959	98	51	0	1	98	1	98	5.12e-29	92.4
A41/198	A81/1-98	48.454	97	50	0	2	98	2	98	9.54e-29	91.7
A41/198	A129/1-98	49.485	97	49	0	2	98	2	98	1.09e-27	89.0
A41/198	A63/1-98	48.454	97	50	0	2	98	2	98	1.71e-27	88.6
A41/198	A158/1-98	45.361	97	53	0	2	98	2	98	2.58e-27	88.2
A41/198	A92/1-98	43.878	98	55	0	1	98	1	98	2.98e-27	88.2
A41/198	A118/1-98	46.392	97	49	1	5	98	2	98	3.36e-27	87.8
A41/198	A162/1-99	43.820	89	50	0	10	98	11	99	4.32e-27	87.8
A41/198	A125/1-98	44.330	97	54	0	2	98	2	98	1.36e-26	86.3
A41/198	A74/1-98	44.086	93	48	2	5	94	2	93	1.71e-26	86.3
A41/198	A59/1-98	46.392	97	52	0	2	98	2	98	1.99e-26	85.9
A41/198	A136/1-98	42.105	95	55	0	2	96	2	96	3.79e-26	85.1
A41/198	A167/1-98	43.878	98	55	0	1	98	1	98	8.69e-26	84.3
A41/198	A70/1-98	43.299	97	55	0	2	98	2	98	1.17e-25	84.0
A41/198	A147/1-98	42.268	97	56	0	2	98	2	98	8.87e-25	81.6
A41/198	A113/1-96	46.988	83	43	1	1	83	1	82	2.08e-24	80.9
A41/198	A3/1-98	45.361	97	50	1	5	98	2	98	3.11e-24	80.5
A41/198	A114/1-98	43.299	97	55	0	2	98	2	98	1.23e-23	79.0
A41/198	A115/1-99	38.947	95	57	1	5	98	5	99	2.41e-23	78.2
A41/198	A140/1-99	42.857	98	55	1	2	98	2	99	3.46e-23	77.8
A41/198	A105/1-97	45.455	99	48	3	4	98	1	97	4.21e-23	77.4
A41/198	A163/1-98	37.113	97	61	0	1	97	1	97	4.49e-23	77.4
A41/198	A60/1-99	35.789	95	60	1	5	98	5	99	4.54e-23	77.4
A41/198	A24/1-98	37.113	97	61	0	2	98	2	98	9.23e-23	76.6
A41/198	A58/1-97	43.878	98	52	3	1	97	1	96	1.01e-22	76.6
A41/198	A82/1-99	40.816	98	54	2	2	98	5	99	1.03e-22	76.6
A41/198	A13/1-103	44.118	102	52	1	2	98	2	103	1.77e-22	75.9
A41/198	A6/1-97	46.392	97	51	1	2	98	2	97	3.30e-22	75.1
A41/198	A151/1-99	39.796	98	58	1	2	98	2	99	3.60e-22	75.1
A41/198	A34/1-97	41.053	95	55	1	2	96	2	95	4.52e-22	74.7
A41/198	A124/1-97	40.230	87	47	2	4	86	1	86	5.57e-22	74.7
A41/198	A84/1-97	41.414	99	52	3	4	98	1	97	6.84e-22	74.3
A41/198	A95/1-97	42.424	99	51	3	4	98	1	97	8.79e-22	74.3
A41/198	A93/1-99	40.000	95	56	1	5	98	5	99	9.49e-22	73.9
A41/198	A51/1-96	36.735	98	60	2	1	98	1	96	1.57e-21	73.6
A41/198	A104/1-99	38.776	98	56	2	2	98	5	99	2.94e-21	72.8
A41/198	A48/1-98	37.500	96	60	0	2	97	2	97	6.44e-21	72.0
A41/198	A19/1-97	43.434	99	50	3	4	98	1	97	7.03e-21	72.0
A41/198	A78/1-96	37.755	98	56	2	4	98	1	96	1.41e-20	71.2
A41/198	A91/1-97	39.796	98	53	3	4	97	1	96	3.44e-20	70.1
A41/198	A137/1-98	37.895	95	57	2	5	98	5	98	3.83e-20	70.1
A41/198	A73/1-97	43.299	97	49	3	4	96	1	95	4.51e-20	69.7
A41/198	A53/1-99	39.773	88	52	1	2	88	2	89	5.09e-20	69.7
A41/198	A26/1-97	43.434	99	50	3	4	98	1	97	5.09e-20	69.7
A41/198	A146/1-97	40.659	91	52	2	7	97	8	96	5.61e-20	69.7
A41/198	A71/1-99	39.796	98	55	2	2	98	5	99	5.80e-20	69.3
A41/198	A128/1-97	42.424	99	54	3	1	98	1	97	8.03e-20	69.3
A41/198	A40/1-96	41.237	97	55	2	1	97	1	95	9.15e-20	68.9
A41/198	A148/1-102	35.644	101	58	3	2	98	5	102	1.03e-19	68.9
A41/198	A80/1-97	38.776	98	57	3	1	97	1	96	1.25e-19	68.6
A41/198	A44/1-97	40.206	97	57	1	2	98	2	97	1.37e-19	68.6
A41/198	A33/1-97	41.237	97	54	3	2	97	2	96	1.41e-19	68.6
A41/198	A135/1-97	40.206	97	55	3	2	97	2	96	1.92e-19	68.2
A41/198	A157/1-97	38.372	86	51	2	1	85	1	85	2.38e-19	67.8
A41/198	A86/1-99	33.333	99	65	1	1	98	1	99	2.77e-19	67.8
A41/198	A62/1-96	42.268	97	54	2	2	98	2	96	2.93e-19	67.8
A41/198	A100/1-96	39.175	97	54	2	5	98	2	96	4.01e-19	67.4
A41/198	A35/1-99	37.755	98	60	1	2	98	2	99	4.10e-19	67.4
A41/198	A69/1-97	40.206	97	55	3	2	97	2	96	4.38e-19	67.4
A41/198	A108/1-99	34.694	98	63	1	2	98	2	99	6.13e-19	67.0
A41/198	A10/1-98	39.175	97	59	0	2	98	2	98	7.21e-19	66.6
A41/198	A2/1-97	37.113	97	60	1	2	98	2	97	1.02e-18	66.2
A41/198	A126/1-99	32.222	90	60	1	10	98	10	99	1.58e-18	65.9
A41/198	A47/1-96	38.144	97	57	3	2	97	2	96	1.66e-18	65.9
A41/198	A144/1-96	36.735	98	57	2	4	98	1	96	1.70e-18	65.9
A41/198	A130/1-99	37.755	98	60	1	2	98	2	99	2.46e-18	65.5
A41/198	A49/1-100	36.957	92	56	1	5	94	5	96	2.89e-18	65.1
A41/198	A150/1-96	37.113	97	59	2	2	98	2	96	3.41e-18	65.1
A41/198	A64/1-99	34.831	89	57	1	2	89	2	90	4.28e-18	64.7
A41/198	A14/1-100	40.404	99	57	1	2	98	2	100	4.77e-18	64.7
A41/198	A139/1-97	37.363	91	55	2	7	97	8	96	8.94e-18	63.9
A41/198	A119/1-97	36.000	100	57	2	2	98	2	97	9.14e-18	63.9
A41/198	A89/1-96	36.082	97	57	2	5	98	2	96	1.11e-17	63.5
A41/198	A155/1-98	35.052	97	63	0	2	98	2	98	1.17e-17	63.5
A41/198	A152/1-99	38.636	88	53	1	2	88	2	89	1.59e-17	63.2
A41/198	A75/1-99	36.667	90	56	1	1	89	1	90	1.73e-17	63.2
A41/198	A37/1-96	36.458	96	59	2	1	96	1	94	1.91e-17	63.2
A41/198	A132/1-97	36.082	97	61	1	2	98	2	97	2.00e-17	63.2
A41/198	A122/1-96	38.384	99	54	3	4	98	1	96	2.20e-17	62.8
A41/198	A66/1-97	40.217	92	46	2	11	98	11	97	2.56e-17	62.8
A41/198	A159/1-98	34.483	87	57	0	2	88	2	88	2.62e-17	62.8
A41/198	A110/1-97	34.409	93	60	1	2	94	2	93	3.01e-17	62.4
A41/198	A31/1-95	37.931	87	52	1	2	88	2	86	3.43e-17	62.4
A41/198	A141/1-98	35.052	97	63	0	2	98	2	98	3.58e-17	62.4
A41/198	A17/1-103	35.294	102	58	2	5	98	2	103	4.96e-17	62.0
A41/198	A88/1-97	35.484	93	56	2	5	94	2	93	5.47e-17	62.0
A41/198	A102/1-97	35.714	98	60	3	1	97	1	96	6.36e-17	61.6
A41/198	A67/1-95	34.021	97	61	2	2	98	2	95	1.01e-16	61.2
A41/198	A28/1-100	34.000	100	64	1	1	98	1	100	1.15e-16	61.2
A41/198	A121/1-97	39.080	87	52	1	2	88	2	87	1.22e-16	60.8
A41/198	A99/1-97	41.379	87	48	2	2	87	2	86	1.30e-16	60.8
A41/198	A77/1-97	37.113	97	60	1	2	98	2	97	1.33e-16	60.8
A41/198	A5/1-98	39.394	99	56	3	2	98	2	98	1.63e-16	60.8
A41/198	A117/1-97	36.364	99	60	3	1	98	1	97	2.07e-16	60.5
A41/198	A143/1-97	35.052	97	62	1	2	98	2	97	2.12e-16	60.5
A41/198	A16/1-97	34.021	97	63	1	2	98	2	97	2.21e-16	60.5
A41/198	A111/1-96	36.082	97	57	2	2	98	5	96	2.99e-16	60.1
A41/198	A55/1-97	38.372	86	52	1	2	87	2	86	3.34e-16	60.1
A41/198	A166/1-99	38.384	99	58	3	1	97	1	98	5.09e-16	59.3
A41/198	A97/1-99	32.584	89	59	1	1	88	1	89	5.14e-16	59.3
A41/198	A42/1-104	35.484	93	54	2	2	88	2	94	6.12e-16	59.3
A41/198	A23/1-98	37.838	74	45	1	12	85	13	85	6.39e-16	59.3
A41/198	A161/1-98	36.264	91	57	1	7	97	8	97	9.13e-16	58.9
A41/198	A12/1-98	31.959	97	60	3	4	95	1	96	9.95e-16	58.5
A41/198	A30/1-97	32.653	98	65	1	1	98	1	97	2.72e-15	57.4
A41/198	A45/1-98	36.364	88	49	3	5	87	2	87	1.78e-14	55.5
A41/198	A7/1-97	32.143	84	57	0	5	88	5	88	6.86e-14	53.9
A41/198	A38/1-98	30.612	98	68	0	1	98	1	98	1.19e-13	53.5
A41/198	A9/1-95	35.955	89	49	4	13	98	12	95	2.29e-13	52.8
A41/198	A154/1-97	30.928	97	66	1	2	98	2	97	3.31e-13	52.4
A41/198	A56/1-93	40.000	100	49	4	2	98	2	93	2.13e-12	50.1
A41/198	A21/1-98	35.165	91	59	0	8	98	8	98	1.29e-11	48.1
A41/198	A133/1-95	33.784	74	47	1	14	87	14	85	7.38e-11	46.2
A42/1104	A42/1-104	100.000	104	0	0	1	104	1	104	5.78e-78	216
A42/1104	A108/1-99	49.038	104	48	1	1	104	1	99	2.64e-35	108
A42/1104	A53/1-99	47.115	104	50	2	1	104	1	99	4.20e-32	100
A42/1104	A97/1-99	46.602	103	50	1	2	104	2	99	7.33e-32	100
A42/1104	A152/1-99	48.544	103	48	1	2	104	2	99	4.23e-30	95.5
A42/1104	A130/1-99	43.269	104	54	1	1	104	1	99	8.90e-29	92.0
A42/1104	A75/1-99	46.809	94	43	2	2	94	2	89	2.60e-27	88.6
A42/1104	A141/1-98	45.098	102	48	3	1	101	1	95	4.84e-27	87.8
A42/1104	A64/1-99	46.809	94	45	2	1	94	1	89	5.51e-26	85.1
A42/1104	A86/1-99	42.105	95	50	2	2	96	2	91	2.62e-24	80.9
A42/1104	A78/1-96	39.806	103	54	2	2	104	2	96	1.88e-23	78.6
A42/1104	A159/1-98	41.346	104	55	3	1	104	1	98	2.26e-23	78.6
A42/1104	A144/1-96	43.689	103	50	2	2	104	2	96	2.94e-23	78.2
A42/1104	A35/1-99	41.905	105	54	2	1	104	1	99	2.97e-23	78.2
A42/1104	A163/1-98	41.176	102	54	2	2	103	2	97	4.69e-23	77.8
A42/1104	A126/1-99	39.362	94	50	3	4	96	4	91	1.13e-22	76.6
A42/1104	A49/1-100	41.667	96	50	2	1	95	1	91	1.81e-22	76.3
A42/1104	A3/1-98	41.489	94	49	3	1	94	1	88	2.27e-22	75.9
A42/1104	A96/1-98	40.860	93	49	2	2	94	2	88	2.95e-22	75.5
A42/1104	A14/1-100	44.792	96	47	3	1	95	1	91	5.15e-22	75.1
A42/1104	A107/1-98	43.299	97	45	3	1	95	1	89	5.55e-22	74.7
A42/1104	A121/1-97	41.121	107	48	3	2	104	2	97	7.37e-22	74.7
A42/1104	A155/1-98	41.414	99	52	2	2	100	2	94	8.21e-22	74.3
A42/1104	A66/1-97	40.777	103	54	2	2	104	2	97	8.77e-22	74.3
A42/1104	A119/1-97	40.426	94	49	2	2	95	2	88	1.10e-21	73.9
A42/1104	A77/1-97	38.835	103	56	1	2	104	2	97	1.24e-21	73.9
A42/1104	A55/1-97	38.835	103	56	3	2	104	2	97	2.12e-21	73.6
A42/1104	A74/1-98	41.489	94	49	2	1	94	1	88	2.33e-21	73.2
A42/1104	A115/1-99	43.750	96	44	4	1	95	4	90	5.57e-21	72.4
A42/1104	A93/1-99	40.952	105	52	4	1	104	4	99	7.80e-21	72.0
A42/1104	A28/1-100	38.462	104	58	3	2	104	2	100	1.88e-20	70.9
A42/1104	A125/1-98	35.354	99	58	2	2	100	2	94	2.10e-20	70.9
A42/1104	A71/1-99	40.594	101	50	4	1	100	4	95	4.34e-20	70.1
A42/1104	A17/1-103	37.234	94	58	1	1	94	1	93	4.44e-20	70.1
A42/1104	A89/1-96	37.864	103	56	2	2	104	2	96	5.06e-20	69.7
A42/1104	A104/1-99	38.095	105	55	4	1	104	4	99	6.02e-20	69.7
A42/1104	A122/1-96	38.835	103	55	2	2	104	2	96	6.15e-20	69.7
A42/1104	A111/1-96	40.625	96	49	2	1	96	1	88	9.49e-20	69.3
A42/1104	A63/1-98	39.423	104	57	2	1	104	1	98	1.45e-19	68.6
A42/1104	A56/1-93	36.842	95	51	2	2	96	2	87	1.50e-19	68.6
A42/1104	A103/1-98	38.384	99	55	2	2	100	2	94	1.65e-19	68.6
A42/1104	A148/1-102	39.326	89	48	3	2	90	5	87	1.80e-19	68.6
A42/1104	A45/1-98	36.893	103	59	2	2	104	2	98	3.27e-19	67.8
A42/1104	A37/1-96	38.000	100	52	3	2	100	2	92	4.11e-19	67.4
A42/1104	A31/1-95	39.785	93	48	1	1	93	1	85	5.00e-19	67.4
A42/1104	A60/1-99	40.000	105	53	4	1	104	4	99	5.11e-19	67.4
A42/1104	A99/1-97	35.922	103	59	1	2	104	2	97	5.28e-19	67.4
A42/1104	A82/1-99	37.143	105	56	4	1	104	4	99	5.51e-19	67.4
A42/1104	A110/1-97	35.922	103	59	1	2	104	2	97	8.79e-19	66.6
A42/1104	A20/1-102	38.776	98	51	3	2	96	2	93	1.01e-18	66.6
A42/1104	A100/1-96	40.196	102	41	3	1	96	1	88	1.06e-18	66.6
A42/1104	A137/1-98	38.000	100	52	3	1	100	4	93	1.24e-18	66.2
A42/1104	A81/1-98	36.082	97	56	2	2	98	2	92	1.30e-18	66.2
A42/1104	A118/1-98	35.922	103	60	2	2	104	2	98	1.49e-18	66.2
A42/1104	A88/1-97	35.238	105	57	2	2	104	2	97	1.67e-18	65.9
A42/1104	A67/1-95	36.364	99	55	2	2	100	2	92	2.74e-18	65.5
A42/1104	A34/1-97	37.624	101	56	2	1	101	1	94	3.16e-18	65.5
A42/1104	A59/1-98	39.175	97	51	3	4	100	6	94	4.57e-18	65.1
A42/1104	A162/1-99	35.789	95	55	2	10	104	11	99	8.75e-18	64.3
A42/1104	A5/1-98	39.785	93	51	2	2	94	2	89	9.75e-18	63.9
A42/1104	A10/1-98	39.362	94	51	3	1	94	1	88	1.19e-17	63.9
A42/1104	A157/1-97	43.956	91	43	4	2	91	2	85	1.42e-17	63.5
A42/1104	A114/1-98	36.957	92	52	2	1	92	1	86	2.06e-17	63.2
A42/1104	A24/1-98	37.864	103	58	2	2	104	2	98	2.67e-17	62.8
A42/1104	A143/1-97	40.777	103	54	3	2	104	2	97	3.14e-17	62.8
A42/1104	A85/1-98	39.583	96	46	4	2	94	2	88	3.32e-17	62.8
A42/1104	A129/1-98	39.216	102	51	4	2	99	2	96	4.07e-17	62.4
A42/1104	A132/1-97	33.645	107	56	4	2	104	2	97	5.76e-17	62.0
A42/1104	A52/1-98	36.275	102	53	4	1	99	1	93	1.13e-16	61.2
A42/1104	A13/1-103	39.796	98	50	3	2	95	2	94	1.40e-16	61.2
A42/1104	A16/1-97	40.426	94	49	2	2	95	2	88	1.43e-16	61.2
A42/1104	A158/1-98	36.559	93	53	2	2	94	2	88	1.63e-16	60.8
A42/1104	A58/1-97	37.363	91	49	3	2	91	2	85	1.91e-16	60.8
A42/1104	A136/1-98	31.915	94	58	2	2	95	2	89	2.23e-16	60.5
A42/1104	A92/1-98	34.021	97	58	2	2	98	2	92	2.23e-16	60.5
A42/1104	A161/1-98	35.870	92	52	2	12	103	13	97	2.76e-16	60.5
A42/1104	A7/1-97	37.113	97	54	3	1	97	2	91	2.86e-16	60.5
A42/1104	A38/1-98	37.500	88	49	2	2	89	2	83	3.36e-16	60.1
A42/1104	A70/1-98	34.343	99	59	2	2	100	2	94	4.21e-16	59.7
A42/1104	A30/1-97	38.000	100	55	3	2	101	2	94	4.90e-16	59.7
A42/1104	A140/1-99	35.484	93	55	1	12	104	12	99	6.78e-16	59.3
A42/1104	A41/1-98	35.484	93	54	2	2	94	2	88	7.47e-16	59.3
A42/1104	A113/1-96	35.227	88	50	2	2	89	2	82	7.55e-16	59.3
A42/1104	A27/1-98	36.559	93	53	2	2	94	2	88	1.03e-15	58.9
A42/1104	A51/1-96	31.313	99	61	2	2	100	2	93	1.22e-15	58.5
A42/1104	A69/1-97	37.363	91	49	3	2	91	2	85	1.66e-15	58.2
A42/1104	A33/1-97	32.632	95	56	3	2	95	2	89	1.93e-15	58.2
A42/1104	A154/1-97	31.068	103	64	1	2	104	2	97	3.86e-15	57.4
A42/1104	A146/1-97	34.737	95	54	3	2	95	2	89	4.44e-15	57.4
A42/1104	A48/1-98	35.000	100	57	3	2	100	2	94	5.81e-15	57.0
A42/1104	A133/1-95	33.684	95	55	2	2	96	2	88	6.83e-15	56.6
A42/1104	A80/1-97	39.326	89	46	4	2	89	2	83	6.83e-15	56.6
A42/1104	A21/1-98	36.538	104	59	2	1	104	2	98	7.69e-15	56.6
A42/1104	A95/1-97	36.842	95	52	3	2	95	2	89	9.24e-15	56.6
A42/1104	A84/1-97	37.895	95	51	3	2	95	2	89	1.13e-14	56.2
A42/1104	A9/1-95	34.737	95	54	3	2	96	2	88	1.42e-14	55.8
A42/1104	A151/1-99	36.538	104	58	2	1	104	4	99	1.50e-14	55.8
A42/1104	A44/1-97	32.323	99	60	2	2	100	2	93	1.50e-14	55.8
A42/1104	A2/1-97	37.624	101	52	2	2	100	2	93	1.76e-14	55.8
A42/1104	A124/1-97	35.165	91	51	3	2	91	2	85	2.14e-14	55.5
A42/1104	A117/1-97	35.789	95	53	3	2	95	2	89	2.72e-14	55.1
A42/1104	A40/1-96	35.354	99	57	2	2	100	2	93	4.32e-14	54.7
A42/1104	A105/1-97	35.789	95	53	3	2	95	2	89	7.55e-14	53.9
A42/1104	A139/1-97	34.444	90	48	3	8	95	9	89	8.69e-14	53.9
A42/1104	A73/1-97	35.789	95	53	3	2	95	2	89	8.69e-14	53.9
A42/1104	A128/1-97	38.144	97	47	3	1	95	4	89	9.47e-14	53.9
A42/1104	A12/1-98	37.363	91	50	3	2	91	2	86	1.32e-13	53.5
A42/1104	A23/1-98	34.615	104	60	3	2	104	2	98	1.37e-13	53.5
A42/1104	A91/1-97	34.831	89	49	3	1	89	4	83	1.67e-13	53.1
A42/1104	A167/1-98	34.951	103	59	2	2	103	2	97	2.12e-13	52.8
A42/1104	A147/1-98	31.000	100	63	1	1	100	1	94	2.63e-13	52.8
A42/1104	A19/1-97	32.632	95	56	3	2	95	2	89	5.40e-13	52.0
A42/1104	A62/1-96	32.979	94	56	2	2	95	2	88	1.41e-12	50.8
A42/1104	A102/1-97	30.000	100	62	3	2	100	2	94	2.88e-12	50.1
A42/1104	A150/1-96	36.170	94	53	2	2	95	2	88	3.24e-12	49.7
A42/1104	A6/1-97	35.870	92	52	3	1	92	1	85	5.25e-12	49.3
A42/1104	A47/1-96	36.559	93	50	4	1	93	4	87	6.44e-12	48.9
A42/1104	A166/1-99	32.692	104	63	3	2	104	2	99	7.72e-12	48.9
A42/1104	A135/1-97	32.632	95	54	4	1	93	1	87	5.24e-11	46.6
A42/1104	A26/1-97	29.808	104	64	4	2	104	2	97	1.08e-10	45.8
A44/197	A44/1-97	100.000	97	0	0	1	97	1	97	1.37e-70	197
A44/197	A66/1-97	53.608	97	45	0	1	97	1	97	9.26e-34	104
A44/197	A77/1-97	54.639	97	44	0	1	97	1	97	9.79e-34	104
A44/197	A2/1-97	47.917	96	50	0	2	97	2	97	1.37e-33	103
A44/197	A150/1-96	48.454	97	49	1	1	97	1	96	3.68e-33	102
A44/197	A55/1-97	52.083	96	46	0	1	96	1	96	9.22e-33	102
A44/197	A105/1-97	51.136	88	42	1	2	88	2	89	3.11e-32	100
A44/197	A143/1-97	44.330	97	54	0	1	97	1	97	3.12e-31	98.2
A44/197	A73/1-97	50.515	97	46	2	2	97	2	97	7.82e-31	97.1
A44/197	A110/1-97	48.352	91	47	0	7	97	7	97	1.80e-30	96.3
A44/197	A88/1-97	46.392	97	52	0	1	97	1	97	2.49e-30	95.9
A44/197	A121/1-97	49.462	93	47	0	1	93	1	93	3.31e-30	95.5
A44/197	A16/1-97	43.750	96	54	0	2	97	2	97	4.45e-30	95.1
A44/197	A99/1-97	46.392	97	52	0	1	97	1	97	8.03e-30	94.4
A44/197	A95/1-97	47.423	97	49	2	2	97	2	97	1.46e-29	94.0
A44/197	A40/1-96	50.000	94	46	1	2	95	2	94	2.24e-29	93.2
A44/197	A30/1-97	44.792	96	53	0	2	97	2	97	3.47e-29	92.8
A44/197	A130/1-99	45.918	98	51	1	2	97	2	99	4.15e-28	90.1
A44/197	A37/1-96	45.745	94	50	1	2	95	2	94	4.89e-28	90.1
A44/197	A19/1-97	45.882	85	46	0	4	88	5	89	1.87e-27	88.6
A44/197	A117/1-97	44.706	85	47	0	4	88	5	89	4.02e-27	87.8
A44/197	A84/1-97	46.316	95	47	2	3	97	7	97	7.34e-27	87.0
A44/197	A154/1-97	44.330	97	54	0	1	97	1	97	1.37e-26	86.3
A44/197	A62/1-96	42.529	87	50	0	2	88	2	88	2.90e-25	82.8
A44/197	A58/1-97	47.619	84	43	1	2	84	2	85	5.07e-25	82.4
A44/197	A9/1-95	40.625	96	55	2	2	97	2	95	5.77e-25	82.0
A44/197	A128/1-97	44.318	88	48	1	2	88	2	89	7.26e-25	82.0
A44/197	A51/1-96	44.706	85	47	0	2	86	2	86	1.04e-24	81.6
A44/197	A158/1-98	44.330	97	53	1	2	97	2	98	1.20e-24	81.3
A44/197	A113/1-96	45.679	81	44	0	2	82	2	82	1.32e-24	81.3
A44/197	A5/1-98	41.414	99	55	2	1	97	1	98	1.34e-24	81.3
A44/197	A47/1-96	45.349	86	47	0	8	93	9	94	3.49e-24	80.1
A44/197	A23/1-98	42.857	84	47	1	2	84	2	85	3.65e-24	80.1
A44/197	A132/1-97	38.144	97	60	0	1	97	1	97	4.16e-24	80.1
A44/197	A52/1-98	45.556	90	46	2	10	97	10	98	4.30e-24	80.1
A44/197	A89/1-96	42.708	96	54	1	2	97	2	96	6.36e-24	79.7
A44/197	A139/1-97	40.206	97	56	2	1	96	1	96	7.02e-24	79.3
A44/197	A157/1-97	43.210	81	46	0	4	84	5	85	7.09e-24	79.3
A44/197	A146/1-97	42.105	95	53	2	2	95	2	95	8.26e-24	79.3
A44/197	A12/1-98	40.964	83	47	1	2	82	2	84	1.39e-23	78.6
A44/197	A86/1-99	38.776	98	58	1	2	97	2	99	5.51e-23	77.0
A44/197	A56/1-93	41.237	97	53	3	1	97	1	93	1.62e-22	75.9
A44/197	A17/1-103	43.137	102	52	2	2	97	2	103	2.88e-22	75.5
A44/197	A111/1-96	40.625	96	56	1	2	97	2	96	3.25e-22	75.1
A44/197	A78/1-96	41.667	96	55	1	2	97	2	96	3.59e-22	75.1
A44/197	A167/1-98	39.785	93	55	1	2	93	2	94	3.79e-22	75.1
A44/197	A124/1-97	43.902	82	45	1	2	82	2	83	3.96e-22	75.1
A44/197	A159/1-98	39.175	97	58	1	2	97	2	98	8.86e-22	73.9
A44/197	A108/1-99	39.796	98	57	1	2	97	2	99	9.87e-22	73.9
A44/197	A26/1-97	43.902	82	45	1	2	82	2	83	1.23e-21	73.6
A44/197	A80/1-97	43.902	82	45	1	2	82	2	83	1.31e-21	73.6
A44/197	A102/1-97	40.909	88	51	1	2	88	2	89	1.34e-21	73.6
A44/197	A53/1-99	42.857	91	50	1	2	90	2	92	2.66e-21	72.8
A44/197	A97/1-99	38.776	98	58	1	2	97	2	99	3.03e-21	72.8
A44/197	A141/1-98	40.206	97	57	1	2	97	2	98	3.77e-21	72.4
A44/197	A33/1-97	42.353	85	49	0	4	88	5	89	3.89e-21	72.4
A44/197	A161/1-98	38.889	90	55	0	4	93	5	94	4.34e-21	72.4
A44/197	A69/1-97	42.857	84	47	1	2	84	2	85	5.57e-21	72.0
A44/197	A27/1-98	47.778	90	44	2	10	97	10	98	6.35e-21	72.0
A44/197	A122/1-96	39.175	97	56	2	2	97	2	96	6.93e-21	71.6
A44/197	A91/1-97	45.000	80	41	1	3	82	7	83	1.44e-20	70.9
A44/197	A100/1-96	41.667	96	55	1	2	97	2	96	3.32e-20	70.1
A44/197	A13/1-103	40.196	102	55	1	2	97	2	103	6.51e-20	69.3
A44/197	A135/1-97	39.759	83	50	0	4	86	5	87	8.18e-20	68.9
A44/197	A35/1-99	32.653	98	64	1	2	97	2	99	1.07e-19	68.9
A44/197	A119/1-97	35.417	96	62	0	2	97	2	97	1.13e-19	68.6
A44/197	A41/1-98	40.206	97	57	1	2	97	2	98	1.32e-19	68.6
A44/197	A63/1-98	41.237	97	56	1	2	97	2	98	2.18e-19	68.2
A44/197	A140/1-99	38.824	85	50	1	11	93	11	95	2.62e-19	67.8
A44/197	A166/1-99	36.957	92	57	1	4	94	5	96	2.95e-19	67.8
A44/197	A28/1-100	40.404	99	56	2	2	97	2	100	3.51e-19	67.4
A44/197	A75/1-99	37.755	98	59	1	2	97	2	99	3.55e-19	67.4
A44/197	A162/1-99	39.326	89	53	1	10	97	11	99	5.79e-19	67.0
A44/197	A67/1-95	35.417	96	60	2	2	97	2	95	6.45e-19	66.6
A44/197	A118/1-98	36.082	97	61	1	2	97	2	98	9.54e-19	66.2
A44/197	A107/1-98	39.773	88	52	1	2	88	2	89	4.70e-18	64.7
A44/197	A96/1-98	39.080	87	52	1	2	87	2	88	5.19e-18	64.3
A44/197	A64/1-99	36.264	91	56	1	2	90	2	92	8.45e-18	63.9
A44/197	A24/1-98	35.870	92	58	1	7	97	7	98	8.54e-18	63.9
A44/197	A14/1-100	41.414	99	55	2	2	97	2	100	1.50e-17	63.2
A44/197	A126/1-99	34.375	96	61	2	4	97	4	99	2.01e-17	63.2
A44/197	A152/1-99	40.476	84	48	1	1	82	1	84	3.31e-17	62.4
A44/197	A133/1-95	38.636	88	53	1	2	89	2	88	4.16e-17	62.0
A44/197	A20/1-102	40.196	102	54	3	2	97	2	102	4.95e-17	62.0
A44/197	A144/1-96	34.375	96	62	1	2	97	2	96	6.93e-17	61.6
A44/197	A151/1-99	40.278	72	41	1	20	89	20	91	7.80e-17	61.6
A44/197	A70/1-98	39.175	97	58	1	2	97	2	98	7.89e-17	61.6
A44/197	A129/1-98	40.000	85	50	1	1	84	1	85	8.51e-17	61.2
A44/197	A45/1-98	40.217	92	48	2	2	89	2	90	1.10e-16	61.2
A44/197	A125/1-98	39.796	98	58	1	1	97	1	98	1.39e-16	60.8
A44/197	A74/1-98	34.483	87	56	1	2	87	2	88	4.14e-16	59.7
A44/197	A103/1-98	35.714	98	60	2	2	97	2	98	6.31e-16	59.3
A44/197	A136/1-98	37.895	95	58	1	2	95	2	96	7.67e-16	58.9
A44/197	A34/1-97	37.234	94	59	0	2	95	2	95	8.73e-16	58.9
A44/197	A60/1-99	35.165	91	57	2	9	97	9	99	1.32e-15	58.2
A44/197	A31/1-95	41.176	85	49	1	2	86	2	85	1.58e-15	58.2
A44/197	A137/1-98	36.620	71	45	0	12	82	12	82	2.03e-15	57.8
A44/197	A21/1-98	47.561	82	42	1	9	89	9	90	2.26e-15	57.8
A44/197	A81/1-98	37.755	98	58	2	2	97	2	98	2.49e-15	57.8
A44/197	A59/1-98	37.778	90	53	2	10	97	10	98	3.20e-15	57.4
A44/197	A155/1-98	36.170	94	57	2	6	97	6	98	3.45e-15	57.4
A44/197	A163/1-98	33.721	86	56	1	2	86	2	87	3.56e-15	57.4
A44/197	A10/1-98	37.363	91	55	2	8	97	8	97	8.82e-15	56.2
A44/197	A42/1-104	32.323	99	60	2	2	93	2	100	1.19e-14	55.8
A44/197	A48/1-98	32.184	87	58	1	2	87	2	88	1.62e-14	55.5
A44/197	A82/1-99	42.254	71	40	1	13	82	13	83	2.89e-14	55.1
A44/197	A115/1-99	32.967	91	59	2	9	97	9	99	3.09e-14	54.7
A44/197	A85/1-98	35.000	80	51	1	9	87	9	88	3.44e-14	54.7
A44/197	A147/1-98	31.868	91	59	2	9	97	9	98	8.33e-14	53.5
A44/197	A3/1-98	32.990	97	64	1	2	97	2	98	1.47e-13	53.1
A44/197	A7/1-97	31.111	90	60	2	9	97	9	97	1.59e-13	53.1
A44/197	A114/1-98	37.113	97	60	1	2	97	2	98	1.93e-13	52.8
A44/197	A92/1-98	34.021	97	63	1	2	97	2	98	2.06e-13	52.8
A44/197	A104/1-99	35.632	87	54	2	13	97	13	99	2.75e-13	52.4
A44/197	A93/1-99	36.782	87	53	2	13	97	13	99	3.76e-13	52.0
A44/197	A6/1-97	40.789	76	43	2	10	84	10	84	1.41e-12	50.4
A44/197	A148/1-102	35.897	78	46	2	9	82	9	86	5.41e-12	48.9
A44/197	A38/1-98	35.366	82	52	1	2	82	2	83	1.03e-11	48.1
A44/197	A71/1-99	33.735	83	50	2	12	89	12	94	1.74e-11	47.8
A44/197	A49/1-100	34.409	93	54	3	9	95	9	100	6.23e-11	46.2
A45/198	A45/1-98	100.000	98	0	0	1	98	1	98	1.28e-70	197
A45/198	A126/1-99	43.011	93	48	3	3	92	3	93	9.47e-25	81.6
A45/198	A144/1-96	45.556	90	47	1	1	90	1	88	1.02e-24	81.6
A45/198	A31/1-95	44.186	86	46	1	2	87	2	85	1.71e-24	80.9
A45/198	A67/1-95	42.391	92	51	1	2	93	2	91	2.98e-24	80.5
A45/198	A107/1-98	46.392	97	48	2	2	96	2	96	3.74e-24	80.1
A45/198	A118/1-98	44.444	99	51	2	2	98	2	98	1.40e-23	78.6
A45/198	A63/1-98	46.154	91	45	2	2	90	2	90	4.54e-23	77.4
A45/198	A122/1-96	43.820	89	48	1	1	89	1	87	6.44e-23	77.0
A45/198	A137/1-98	40.404	99	53	3	3	98	3	98	7.83e-23	76.6
A45/198	A82/1-99	44.444	99	50	3	3	98	3	99	1.37e-22	76.3
A45/198	A96/1-98	43.434	99	52	2	2	98	2	98	2.33e-22	75.5
A45/198	A78/1-96	39.773	88	51	1	2	89	2	87	4.19e-22	75.1
A45/198	A89/1-96	42.529	87	48	1	2	88	2	86	5.39e-22	74.7
A45/198	A74/1-98	40.206	97	54	2	2	96	2	96	5.94e-22	74.7
A45/198	A21/1-98	48.454	97	49	1	2	98	3	98	1.15e-21	73.9
A45/198	A115/1-99	46.237	93	45	3	3	92	3	93	3.74e-21	72.4
A45/198	A77/1-97	44.554	101	47	2	2	98	2	97	5.30e-21	72.0
A45/198	A3/1-98	43.956	91	47	2	2	90	2	90	9.03e-21	71.6
A45/198	A73/1-97	48.936	94	44	3	2	93	2	93	1.20e-20	71.2
A45/198	A88/1-97	43.956	91	44	2	2	89	2	88	1.31e-20	71.2
A45/198	A85/1-98	44.318	88	45	2	2	87	2	87	3.88e-20	70.1
A45/198	A104/1-99	39.394	99	55	3	3	98	3	99	4.37e-20	69.7
A45/198	A155/1-98	42.857	91	48	2	2	90	2	90	4.42e-20	69.7
A45/198	A111/1-96	38.636	88	52	1	2	89	2	87	4.66e-20	69.7
A45/198	A148/1-102	42.353	85	46	2	3	84	3	87	5.86e-20	69.3
A45/198	A60/1-99	42.857	91	47	3	3	90	3	91	6.82e-20	69.3
A45/198	A34/1-97	43.182	88	45	2	2	87	2	86	1.40e-19	68.6
A45/198	A130/1-99	38.000	100	57	2	2	98	2	99	2.65e-19	67.8
A45/198	A42/1-104	36.893	103	59	2	2	98	2	104	2.65e-19	67.8
A45/198	A108/1-99	38.000	100	57	2	2	98	2	99	4.28e-19	67.4
A45/198	A110/1-97	41.573	89	51	1	2	90	2	89	5.56e-19	67.0
A45/198	A99/1-97	41.237	97	56	1	2	98	2	97	6.06e-19	67.0
A45/198	A100/1-96	40.449	89	47	2	2	88	2	86	6.54e-19	67.0
A45/198	A51/1-96	39.773	88	50	2	1	87	1	86	1.20e-18	66.2
A45/198	A93/1-99	38.384	99	56	3	3	98	3	99	1.35e-18	65.9
A45/198	A163/1-98	39.080	87	53	0	2	88	2	88	1.53e-18	65.9
A45/198	A28/1-100	43.956	91	45	2	1	87	1	89	2.04e-18	65.5
A45/198	A14/1-100	40.000	95	51	2	2	92	2	94	2.93e-18	65.1
A45/198	A119/1-97	36.082	97	61	1	2	98	2	97	3.12e-18	65.1
A45/198	A17/1-103	37.255	102	59	2	2	98	2	103	5.80e-18	64.3
A45/198	A152/1-99	39.080	87	48	2	2	85	2	86	6.46e-18	64.3
A45/198	A49/1-100	38.462	91	50	2	3	89	3	91	1.40e-17	63.5
A45/198	A161/1-98	45.238	84	45	1	8	91	9	91	1.47e-17	63.5
A45/198	A105/1-97	43.956	91	47	3	2	90	2	90	2.13e-17	62.8
A45/198	A84/1-97	42.553	94	50	3	2	93	2	93	2.15e-17	62.8
A45/198	A55/1-97	35.714	98	60	2	2	98	2	97	2.22e-17	62.8
A45/198	A129/1-98	37.113	97	61	0	2	98	2	98	2.32e-17	62.8
A45/198	A121/1-97	41.489	94	51	3	2	93	2	93	2.73e-17	62.8
A45/198	A103/1-98	33.000	100	63	2	1	98	1	98	3.51e-17	62.4
A45/198	A66/1-97	40.449	89	52	1	2	90	2	89	8.25e-17	61.6
A45/198	A30/1-97	41.667	84	46	2	1	83	1	82	1.09e-16	61.2
A45/198	A44/1-97	40.217	92	48	2	2	90	2	89	1.14e-16	61.2
A45/198	A52/1-98	36.735	98	55	3	3	98	6	98	1.34e-16	60.8
A45/198	A62/1-96	38.710	93	54	2	2	93	2	92	1.40e-16	60.8
A45/198	A151/1-99	39.000	100	56	2	2	98	2	99	2.01e-16	60.5
A45/198	A95/1-97	41.111	90	51	2	2	90	2	90	2.19e-16	60.5
A45/198	A140/1-99	41.860	86	45	2	2	84	2	85	2.24e-16	60.5
A45/198	A13/1-103	40.000	95	48	2	2	89	2	94	2.49e-16	60.1
A45/198	A56/1-93	38.889	90	48	2	2	89	2	86	3.34e-16	60.1
A45/198	A158/1-98	38.202	89	49	3	2	87	2	87	3.48e-16	59.7
A45/198	A10/1-98	37.209	86	54	0	2	87	2	87	5.86e-16	59.3
A45/198	A24/1-98	39.535	86	52	0	2	87	2	87	8.65e-16	58.9
A45/198	A40/1-96	36.170	94	57	2	1	93	1	92	1.01e-15	58.5
A45/198	A35/1-99	34.783	92	53	2	2	89	2	90	1.32e-15	58.5
A45/198	A53/1-99	33.000	100	62	2	2	98	2	99	1.36e-15	58.2
A45/198	A167/1-98	38.372	86	49	2	2	85	2	85	1.45e-15	58.2
A45/198	A37/1-96	37.647	85	47	3	2	84	2	82	2.17e-15	57.8
A45/198	A64/1-99	38.202	89	50	2	2	87	2	88	2.84e-15	57.4
A45/198	A166/1-99	34.694	98	63	1	1	97	1	98	3.23e-15	57.4
A45/198	A75/1-99	32.673	101	63	2	1	98	1	99	4.98e-15	57.0
A45/198	A91/1-97	35.789	95	57	3	1	93	1	93	5.20e-15	57.0
A45/198	A159/1-98	34.343	99	61	2	2	98	2	98	5.73e-15	56.6
A45/198	A143/1-97	37.500	88	54	1	2	89	2	88	9.32e-15	56.2
A45/198	A113/1-96	34.409	93	58	2	2	93	2	92	1.01e-14	56.2
A45/198	A97/1-99	35.294	85	54	1	1	84	1	85	1.14e-14	55.8
A45/198	A71/1-99	35.354	99	59	3	3	98	3	99	1.26e-14	55.8
A45/198	A70/1-98	36.364	88	56	0	2	89	2	89	1.32e-14	55.8
A45/198	A150/1-96	38.542	96	50	2	2	93	2	92	1.42e-14	55.8
A45/198	A157/1-97	36.471	85	52	2	1	84	1	84	1.73e-14	55.5
A45/198	A41/1-98	36.364	88	49	3	2	87	5	87	1.78e-14	55.5
A45/198	A5/1-98	35.632	87	55	1	2	87	2	88	2.14e-14	55.5
A45/198	A147/1-98	38.462	91	52	2	2	90	2	90	2.31e-14	55.1
A45/198	A114/1-98	32.941	85	53	2	2	84	2	84	2.31e-14	55.1
A45/198	A81/1-98	31.313	99	64	2	2	98	2	98	2.46e-14	55.1
A45/198	A92/1-98	31.000	100	65	2	1	98	1	98	2.63e-14	55.1
A45/198	A16/1-97	35.556	90	55	2	2	90	2	89	2.99e-14	55.1
A45/198	A58/1-97	39.024	82	47	2	4	84	5	84	3.26e-14	54.7
A45/198	A124/1-97	37.209	86	50	3	2	85	2	85	4.81e-14	54.3
A45/198	A19/1-97	32.609	92	58	3	2	91	2	91	6.64e-14	53.9
A45/198	A26/1-97	36.170	94	56	3	2	93	2	93	7.24e-14	53.9
A45/198	A141/1-98	35.354	99	56	2	2	96	2	96	7.98e-14	53.9
A45/198	A154/1-97	34.831	89	57	1	2	90	2	89	1.21e-13	53.1
A45/198	A23/1-98	36.986	73	45	1	12	84	13	84	1.44e-13	53.1
A45/198	A20/1-102	37.113	97	50	3	2	89	2	96	1.44e-13	53.1
A45/198	A117/1-97	39.130	92	52	3	1	90	1	90	2.27e-13	52.8
A45/198	A59/1-98	34.066	91	57	1	2	89	2	92	2.39e-13	52.8
A45/198	A128/1-97	35.789	95	57	3	1	93	1	93	2.67e-13	52.4
A45/198	A27/1-98	40.659	91	44	4	2	87	2	87	2.75e-13	52.4
A45/198	A136/1-98	31.818	88	60	0	2	89	2	89	3.13e-13	52.4
A45/198	A162/1-99	34.615	78	47	2	10	85	11	86	4.93e-13	51.6
A45/198	A125/1-98	31.818	88	60	0	2	89	2	89	5.43e-13	51.6
A45/198	A80/1-97	34.884	86	54	2	1	85	1	85	6.11e-13	51.6
A45/198	A86/1-99	32.184	87	54	2	1	84	1	85	1.12e-12	50.8
A45/198	A133/1-95	33.721	86	55	1	2	87	2	85	2.37e-12	50.1
A45/198	A132/1-97	31.633	98	64	2	2	98	2	97	3.06e-12	49.7
A45/198	A12/1-98	32.941	85	56	1	2	85	2	86	3.23e-12	49.7
A45/198	A47/1-96	33.333	87	56	2	2	87	2	87	3.27e-12	49.7
A45/198	A9/1-95	31.818	88	58	1	2	89	2	87	1.53e-11	47.8
A45/198	A48/1-98	32.558	86	58	0	2	87	2	87	1.55e-11	47.8
A45/198	A146/1-97	36.145	83	52	1	8	90	9	90	1.67e-11	47.8
A45/198	A102/1-97	28.723	94	65	2	1	93	1	93	1.92e-11	47.8
A45/198	A6/1-97	39.024	82	49	1	2	83	2	82	2.40e-11	47.4
A45/198	A33/1-97	30.769	91	59	3	2	90	2	90	3.93e-11	47.0
A45/198	A69/1-97	32.941	85	53	3	2	84	2	84	4.76e-11	46.6
A45/198	A2/1-97	37.647	85	46	2	2	83	2	82	7.00e-11	46.2
A45/198	A139/1-97	33.333	90	51	2	8	93	9	93	9.05e-11	45.8
A45/198	A7/1-97	31.633	98	62	3	2	97	3	97	4.83e-10	43.9
A45/198	A135/1-97	32.955	88	54	2	4	87	1	87	1.42e-08	40.0
A45/198	A38/1-98	27.907	86	58	2	2	85	2	85	9.64e-06	32.7
A47/196	A47/1-96	100.000	96	0	0	1	96	1	96	1.17e-71	200
A47/196	A84/1-97	49.474	95	48	0	2	96	2	96	5.19e-33	102
A47/196	A26/1-97	47.368	95	50	0	2	96	2	96	1.93e-32	101
A47/196	A105/1-97	46.809	94	50	0	2	95	2	95	4.15e-32	100
A47/196	A95/1-97	44.944	89	49	0	2	90	2	90	4.70e-31	97.4
A47/196	A117/1-97	47.872	94	49	0	2	95	2	95	2.68e-30	95.5
A47/196	A73/1-97	44.681	94	52	0	2	95	2	95	3.02e-30	95.5
A47/196	A58/1-97	47.368	95	50	0	2	96	2	96	2.41e-29	93.2
A47/196	A51/1-96	48.421	95	48	1	2	96	2	95	1.23e-28	91.7
A47/196	A124/1-97	48.315	89	46	0	2	90	2	90	2.29e-28	90.9
A47/196	A19/1-97	43.820	89	50	0	2	90	2	90	1.06e-27	89.0
A47/196	A146/1-97	44.211	95	53	0	2	96	2	96	1.65e-27	88.6
A47/196	A80/1-97	47.368	95	50	0	2	96	2	96	2.03e-27	88.2
A47/196	A135/1-97	43.158	95	54	0	2	96	2	96	3.79e-27	87.8
A47/196	A91/1-97	46.316	95	51	0	2	96	2	96	4.09e-27	87.4
A47/196	A128/1-97	44.211	95	53	0	2	96	2	96	1.05e-26	86.7
A47/196	A33/1-97	42.708	96	55	0	1	96	1	96	1.33e-26	86.3
A47/196	A102/1-97	43.158	95	54	0	2	96	2	96	3.80e-26	85.1
A47/196	A40/1-96	44.211	95	52	1	2	96	2	95	2.13e-25	83.2
A47/196	A157/1-97	43.820	89	50	0	2	90	2	90	2.89e-25	82.8
A47/196	A30/1-97	43.956	91	50	1	2	92	2	91	1.57e-24	80.9
A47/196	A12/1-98	41.237	97	54	2	2	96	2	97	2.15e-24	80.9
A47/196	A44/1-97	45.349	86	47	0	9	94	8	93	3.36e-24	80.1
A47/196	A62/1-96	45.833	96	49	2	1	94	1	95	7.88e-24	79.3
A47/196	A150/1-96	41.667	96	55	1	1	96	1	95	1.10e-23	79.0
A47/196	A5/1-98	43.878	98	52	2	1	96	1	97	1.19e-23	79.0
A47/196	A66/1-97	47.059	85	43	1	5	87	2	86	1.37e-23	78.6
A47/196	A55/1-97	44.186	86	47	1	2	87	2	86	4.71e-23	77.4
A47/196	A166/1-99	40.426	94	55	1	2	94	2	95	4.97e-23	77.4
A47/196	A69/1-97	37.895	95	59	0	2	96	2	96	4.97e-23	77.4
A47/196	A113/1-96	42.105	95	54	1	2	96	2	95	5.31e-23	77.0
A47/196	A161/1-98	41.489	94	55	0	1	94	1	94	1.53e-22	75.9
A47/196	A23/1-98	40.964	83	49	0	2	84	2	84	4.39e-22	74.7
A47/196	A16/1-97	41.111	90	52	1	1	90	1	89	5.46e-22	74.7
A47/196	A77/1-97	41.935	93	53	1	2	94	2	93	8.54e-22	73.9
A47/196	A86/1-99	44.565	92	48	2	2	91	2	92	3.19e-21	72.8
A47/196	A110/1-97	42.222	90	50	1	9	96	8	97	3.79e-21	72.4
A47/196	A88/1-97	41.176	85	48	1	5	87	2	86	4.82e-21	72.0
A47/196	A63/1-98	42.529	87	48	2	2	87	2	87	1.07e-20	71.2
A47/196	A139/1-97	41.053	95	56	0	2	96	2	96	1.90e-20	70.5
A47/196	A99/1-97	35.955	89	56	1	2	90	2	89	4.84e-20	69.7
A47/196	A143/1-97	38.462	91	55	1	2	92	2	91	5.89e-20	69.3
A47/196	A121/1-97	35.484	93	59	1	2	94	2	93	2.58e-19	67.8
A47/196	A154/1-97	37.931	87	53	1	1	87	1	86	3.24e-19	67.4
A47/196	A31/1-95	42.697	89	48	2	4	90	1	88	4.08e-19	67.4
A47/196	A78/1-96	44.706	85	44	2	5	87	2	85	1.47e-18	65.9
A47/196	A41/1-98	38.144	97	57	3	2	96	2	97	1.55e-18	65.9
A47/196	A3/1-98	42.529	87	47	2	4	87	1	87	5.64e-18	64.3
A47/196	A155/1-98	35.000	80	51	1	9	87	8	87	8.16e-18	63.9
A47/196	A37/1-96	38.554	83	49	2	2	84	2	82	8.71e-18	63.9
A47/196	A122/1-96	39.535	86	50	2	2	87	2	85	1.42e-17	63.2
A47/196	A96/1-98	41.379	87	49	2	2	87	2	87	1.69e-17	63.2
A47/196	A119/1-97	38.372	86	52	1	2	87	2	86	2.05e-17	62.8
A47/196	A107/1-98	40.230	87	50	2	2	87	2	87	2.41e-17	62.8
A47/196	A167/1-98	37.895	95	51	3	2	89	2	95	3.27e-17	62.4
A47/196	A126/1-99	44.186	86	44	3	6	87	3	88	3.77e-17	62.4
A47/196	A34/1-97	41.379	87	47	3	4	87	1	86	4.83e-17	62.0
A47/196	A9/1-95	36.047	86	52	2	5	88	2	86	5.45e-17	62.0
A47/196	A2/1-97	39.286	84	49	1	5	86	2	85	6.14e-17	61.6
A47/196	A74/1-98	41.304	92	51	3	2	91	2	92	7.38e-17	61.6
A47/196	A158/1-98	41.379	87	49	2	2	87	2	87	9.78e-17	61.2
A47/196	A67/1-95	37.500	96	58	2	1	96	1	94	1.48e-16	60.8
A47/196	A136/1-98	39.080	87	51	2	2	87	2	87	1.77e-16	60.5
A47/196	A162/1-99	40.244	82	46	2	11	91	11	90	2.98e-16	60.1
A47/196	A97/1-99	36.842	95	57	2	2	94	2	95	2.98e-16	60.1
A47/196	A140/1-99	37.209	86	48	2	1	84	4	85	6.23e-16	59.3
A47/196	A89/1-96	41.176	85	47	2	5	87	2	85	7.65e-16	58.9
A47/196	A93/1-99	42.045	88	45	3	2	87	5	88	1.26e-15	58.5
A47/196	A141/1-98	44.048	84	42	3	4	83	1	83	1.31e-15	58.2
A47/196	A75/1-99	38.043	92	54	2	2	91	2	92	1.33e-15	58.2
A47/196	A103/1-98	36.782	87	53	2	2	87	2	87	1.61e-15	58.2
A47/196	A104/1-99	43.820	89	47	3	4	90	4	91	3.19e-15	57.4
A47/196	A159/1-98	36.170	94	58	2	2	94	2	94	4.32e-15	57.0
A47/196	A144/1-96	37.209	86	52	2	2	87	2	85	4.51e-15	57.0
A47/196	A152/1-99	37.500	88	52	2	1	86	1	87	4.81e-15	57.0
A47/196	A108/1-99	35.714	98	59	3	2	96	2	98	5.42e-15	56.6
A47/196	A111/1-96	36.047	86	52	2	4	87	1	85	5.48e-15	56.6
A47/196	A132/1-97	35.443	79	51	0	9	87	8	86	6.80e-15	56.6
A47/196	A130/1-99	38.202	89	51	2	4	88	1	89	1.63e-14	55.5
A47/196	A27/1-98	39.759	83	39	3	11	87	10	87	2.05e-14	55.1
A47/196	A70/1-98	40.230	87	50	2	2	87	2	87	2.18e-14	55.1
A47/196	A100/1-96	37.209	86	51	2	4	87	1	85	2.83e-14	55.1
A47/196	A82/1-99	39.326	89	51	3	4	90	4	91	3.63e-14	54.7
A47/196	A53/1-99	38.043	92	54	2	2	91	2	92	4.04e-14	54.3
A47/196	A125/1-98	33.333	87	56	2	2	87	2	87	4.40e-14	54.3
A47/196	A14/1-100	39.326	89	50	2	2	87	2	89	4.80e-14	54.3
A47/196	A85/1-98	35.632	87	54	2	2	87	2	87	5.29e-14	54.3
A47/196	A64/1-99	32.990	97	56	3	2	93	2	94	6.29e-14	53.9
A47/196	A28/1-100	38.947	95	53	2	5	94	2	96	6.85e-14	53.9
A47/196	A60/1-99	36.559	93	56	3	4	94	4	95	8.23e-14	53.5
A47/196	A52/1-98	36.782	87	53	2	2	87	2	87	8.50e-14	53.5
A47/196	A35/1-99	37.500	88	52	2	2	87	2	88	1.15e-13	53.1
A47/196	A115/1-99	37.079	89	53	3	4	90	4	91	1.44e-13	53.1
A47/196	A92/1-98	33.721	86	55	2	2	86	2	86	3.49e-13	52.0
A47/196	A21/1-98	41.860	86	48	2	4	87	2	87	5.54e-13	51.6
A47/196	A81/1-98	34.091	88	56	2	1	87	1	87	6.59e-13	51.2
A47/196	A118/1-98	35.417	96	58	3	5	96	2	97	6.66e-13	51.2
A47/196	A129/1-98	34.444	90	54	3	2	87	2	90	2.08e-12	50.1
A47/196	A45/1-98	33.333	87	56	2	2	87	2	87	3.07e-12	49.7
A47/196	A17/1-103	36.957	92	50	3	4	87	1	92	3.38e-12	49.7
A47/196	A163/1-98	36.047	86	53	2	4	87	2	87	4.46e-12	49.3
A47/196	A42/1-104	36.559	93	50	4	4	87	1	93	5.02e-12	48.9
A47/196	A147/1-98	35.556	90	47	3	4	86	1	86	5.13e-12	48.9
A47/196	A71/1-99	35.165	91	54	2	2	91	5	91	5.19e-12	48.9
A47/196	A59/1-98	36.585	82	51	1	7	87	6	87	9.16e-12	48.5
A47/196	A151/1-99	32.292	96	62	2	2	95	2	96	2.00e-11	47.4
A47/196	A137/1-98	36.471	85	51	3	4	87	4	86	2.43e-11	47.4
A47/196	A56/1-93	32.184	87	56	3	1	87	1	84	2.59e-11	47.4
A47/196	A133/1-95	38.636	88	49	3	5	89	2	87	3.46e-11	47.0
A47/196	A148/1-102	34.091	88	50	3	1	84	4	87	5.04e-11	46.6
A47/196	A20/1-102	32.955	88	53	2	2	84	2	88	6.58e-11	46.2
A47/196	A48/1-98	33.750	80	48	2	11	87	10	87	9.37e-11	45.8
A47/196	A13/1-103	34.783	92	53	3	2	87	2	92	9.99e-11	45.8
A47/196	A114/1-98	32.558	86	56	2	2	86	2	86	4.32e-10	43.9
A47/196	A49/1-100	33.333	87	54	2	4	87	4	89	7.52e-10	43.5
A47/196	A7/1-97	31.959	97	62	3	2	96	3	97	9.91e-10	43.1
A47/196	A10/1-98	36.250	80	50	1	18	96	17	96	2.58e-09	42.0
A47/196	A38/1-98	30.208	96	65	2	2	96	2	96	3.55e-09	41.6
A47/196	A6/1-97	32.530	83	53	3	2	83	2	82	5.38e-09	41.2
A47/196	A24/1-98	31.111	90	51	3	5	87	2	87	1.12e-07	37.7
A48/198	A48/1-98	100.000	98	0	0	1	98	1	98	1.42e-72	202
A48/198	A70/1-98	47.917	96	50	0	1	96	1	96	1.78e-31	98.6
A48/198	A92/1-98	44.792	96	53	0	2	97	2	97	1.69e-30	96.3
A48/198	A59/1-98	47.917	96	50	0	1	96	1	96	6.49e-30	94.7
A48/198	A103/1-98	46.875	96	51	0	2	97	2	97	7.24e-30	94.7
A48/198	A136/1-98	44.792	96	53	0	1	96	1	96	9.20e-30	94.4
A48/198	A81/1-98	49.485	97	49	0	1	97	1	97	2.09e-29	93.6
A48/198	A147/1-98	46.875	96	51	0	2	97	2	97	5.52e-29	92.4
A48/198	A125/1-98	45.263	95	52	0	2	96	2	96	6.30e-29	92.4
A48/198	A118/1-98	46.875	96	51	0	1	96	1	96	1.61e-28	91.3
A48/198	A74/1-98	45.263	95	52	0	2	96	2	96	5.30e-28	90.1
A48/198	A96/1-98	43.750	96	54	0	1	96	1	96	1.56e-27	88.6
A48/198	A85/1-98	41.667	96	56	0	1	96	1	96	7.06e-27	87.0
A48/198	A114/1-98	45.833	96	52	0	2	97	2	97	2.37e-26	85.9
A48/198	A158/1-98	39.583	96	58	0	1	96	1	96	1.29e-25	84.0
A48/198	A20/1-102	38.614	101	58	1	1	97	1	101	1.15e-24	81.6
A48/198	A129/1-98	39.583	96	58	0	1	96	1	96	1.19e-24	81.3
A48/198	A63/1-98	44.086	93	52	0	2	94	2	94	2.12e-24	80.9
A48/198	A151/1-99	36.735	98	61	1	1	97	1	98	1.58e-23	78.6
A48/198	A52/1-98	40.909	88	52	0	10	97	10	97	4.30e-23	77.4
A48/198	A163/1-98	29.897	97	68	0	2	98	2	98	1.06e-22	76.6
A48/198	A126/1-99	38.889	90	53	1	5	94	5	92	2.23e-22	75.5
A48/198	A162/1-99	45.238	84	43	1	10	90	11	94	3.56e-22	75.1
A48/198	A107/1-98	35.789	95	61	0	2	96	2	96	9.39e-22	73.9
A48/198	A119/1-97	40.909	88	51	1	1	88	1	87	1.64e-21	73.6
A48/198	A159/1-98	37.500	88	55	0	2	89	2	89	2.17e-21	73.2
A48/198	A34/1-97	41.053	95	55	1	2	96	2	95	2.34e-21	73.2
A48/198	A53/1-99	40.909	88	51	1	2	88	2	89	3.58e-21	72.4
A48/198	A41/1-98	37.500	96	60	0	2	97	2	97	6.44e-21	72.0
A48/198	A122/1-96	40.698	86	49	1	2	87	2	85	8.01e-21	71.6
A48/198	A6/1-97	41.304	92	50	2	2	90	2	92	1.83e-20	70.9
A48/198	A35/1-99	37.113	97	60	1	2	97	2	98	2.40e-20	70.5
A48/198	A167/1-98	36.458	96	61	0	2	97	2	97	4.37e-20	69.7
A48/198	A144/1-96	40.698	86	49	1	2	87	2	85	5.92e-20	69.3
A48/198	A82/1-99	41.860	86	49	1	13	97	13	98	7.69e-20	69.3
A48/198	A140/1-99	36.735	98	61	1	1	97	1	98	9.45e-20	68.9
A48/198	A27/1-98	37.755	98	59	2	1	97	1	97	9.87e-20	68.9
A48/198	A104/1-99	40.206	97	54	2	2	97	5	98	1.28e-19	68.6
A48/198	A13/1-103	34.021	97	59	1	1	92	1	97	2.26e-19	68.2
A48/198	A78/1-96	35.417	96	60	1	2	97	2	95	3.19e-19	67.8
A48/198	A3/1-98	38.889	90	55	0	2	91	2	91	5.21e-19	67.0
A48/198	A69/1-97	36.782	87	53	2	1	86	1	86	7.37e-19	66.6
A48/198	A67/1-95	38.372	86	51	1	2	87	2	85	9.16e-19	66.6
A48/198	A152/1-99	36.471	85	53	1	2	85	2	86	1.65e-18	65.9
A48/198	A38/1-98	34.409	93	61	0	2	94	2	94	1.65e-18	65.9
A48/198	A60/1-99	35.106	94	60	1	5	97	5	98	4.37e-18	64.7
A48/198	A111/1-96	35.417	96	60	1	2	97	2	95	5.49e-18	64.3
A48/198	A115/1-99	36.364	88	55	1	5	91	5	92	7.94e-18	63.9
A48/198	A71/1-99	33.721	86	56	1	13	97	13	98	1.01e-17	63.9
A48/198	A31/1-95	37.931	87	52	1	2	88	2	86	1.11e-17	63.5
A48/198	A10/1-98	35.484	93	60	0	2	94	2	94	1.66e-17	63.2
A48/198	A93/1-99	39.535	86	51	1	13	97	13	98	1.73e-17	63.2
A48/198	A137/1-98	40.698	86	49	2	13	97	13	97	2.08e-17	63.2
A48/198	A16/1-97	34.021	97	63	1	1	97	1	96	2.15e-17	62.8
A48/198	A66/1-97	38.889	90	54	1	7	96	7	95	2.70e-17	62.8
A48/198	A14/1-100	37.113	97	59	1	2	96	2	98	3.01e-17	62.4
A48/198	A55/1-97	34.737	95	61	1	2	96	2	95	3.11e-17	62.4
A48/198	A49/1-100	37.634	93	56	1	5	95	5	97	3.70e-17	62.4
A48/198	A89/1-96	34.483	87	55	1	1	87	1	85	7.41e-17	61.6
A48/198	A130/1-99	34.021	97	63	1	2	97	2	98	1.05e-16	61.2
A48/198	A75/1-99	36.364	88	55	1	2	88	2	89	1.05e-16	61.2
A48/198	A148/1-102	39.175	97	55	2	5	97	5	101	1.09e-16	61.2
A48/198	A108/1-99	34.091	88	57	1	2	88	2	89	1.11e-16	61.2
A48/198	A28/1-100	34.694	98	62	1	2	97	2	99	1.21e-16	60.8
A48/198	A24/1-98	32.990	97	65	0	1	97	1	97	1.36e-16	60.8
A48/198	A62/1-96	33.333	96	61	2	1	94	1	95	1.76e-16	60.5
A48/198	A121/1-97	34.409	93	60	1	2	94	2	93	2.33e-16	60.5
A48/198	A97/1-99	37.349	83	51	1	2	83	2	84	2.69e-16	60.1
A48/198	A64/1-99	35.227	88	56	1	2	88	2	89	2.72e-16	60.1
A48/198	A161/1-98	40.741	81	47	1	17	97	18	97	4.33e-16	59.7
A48/198	A40/1-96	34.091	88	57	1	2	89	2	88	4.37e-16	59.7
A48/198	A17/1-103	32.381	105	58	2	2	97	2	102	4.52e-16	59.7
A48/198	A141/1-98	34.737	95	62	0	2	96	2	96	4.72e-16	59.7
A48/198	A9/1-95	35.632	87	54	1	1	87	1	85	5.43e-16	59.3
A48/198	A155/1-98	34.021	97	64	0	1	97	1	97	5.61e-16	59.3
A48/198	A84/1-97	39.744	78	46	1	10	87	11	87	5.61e-16	59.3
A48/198	A5/1-98	37.634	93	53	3	2	90	2	93	9.95e-16	58.5
A48/198	A105/1-97	37.975	79	48	1	9	87	10	87	1.69e-15	58.2
A48/198	A86/1-99	34.940	83	53	1	2	83	2	84	1.84e-15	58.2
A48/198	A7/1-97	28.409	88	63	0	2	89	2	89	2.05e-15	57.8
A48/198	A157/1-97	32.000	75	50	1	9	83	10	83	2.12e-15	57.8
A48/198	A110/1-97	31.868	91	61	1	2	92	2	91	2.36e-15	57.8
A48/198	A113/1-96	34.409	93	60	1	2	94	2	93	2.63e-15	57.8
A48/198	A56/1-93	39.130	92	49	4	7	97	7	92	2.66e-15	57.8
A48/198	A135/1-97	34.483	87	55	2	2	87	2	87	3.34e-15	57.4
A48/198	A30/1-97	32.941	85	56	1	2	86	2	85	4.57e-15	57.0
A48/198	A42/1-104	35.000	100	57	3	2	94	2	100	4.77e-15	57.0
A48/198	A100/1-96	32.558	86	56	1	2	87	2	85	6.74e-15	56.6
A48/198	A139/1-97	35.443	79	50	1	9	87	10	87	1.11e-14	55.8
A48/198	A51/1-96	34.884	86	55	1	2	87	2	86	1.23e-14	55.8
A48/198	A19/1-97	39.241	79	47	1	9	87	10	87	1.39e-14	55.8
A48/198	A44/1-97	32.184	87	58	1	2	88	2	87	1.67e-14	55.5
A48/198	A80/1-97	36.364	77	48	1	9	85	10	85	2.16e-14	55.1
A48/198	A23/1-98	35.714	84	52	2	14	97	16	97	2.57e-14	55.1
A48/198	A102/1-97	32.911	79	52	1	9	87	10	87	3.23e-14	54.7
A48/198	A132/1-97	32.632	95	63	1	2	96	2	95	4.65e-14	54.3
A48/198	A88/1-97	35.556	90	53	2	2	89	2	88	5.53e-14	54.3
A48/198	A26/1-97	38.158	76	46	1	12	87	13	87	5.96e-14	54.3
A48/198	A154/1-97	31.818	88	59	1	7	94	7	93	6.30e-14	53.9
A48/198	A12/1-98	32.632	95	61	2	2	94	2	95	9.28e-14	53.5
A48/198	A77/1-97	33.673	98	60	2	1	96	1	95	9.48e-14	53.5
A48/198	A99/1-97	30.526	95	65	1	2	96	2	95	1.11e-13	53.5
A48/198	A95/1-97	38.272	81	47	2	8	87	9	87	1.68e-13	53.1
A48/198	A146/1-97	30.769	78	53	1	10	87	11	87	2.72e-13	52.4
A48/198	A133/1-95	31.034	87	58	1	1	87	1	85	2.88e-13	52.4
A48/198	A150/1-96	34.091	88	56	2	10	97	10	95	3.49e-13	52.0
A48/198	A33/1-97	33.696	92	56	3	2	91	5	93	3.97e-13	52.0
A48/198	A21/1-98	36.458	96	61	0	2	97	2	97	6.88e-13	51.2
A48/198	A58/1-97	32.530	83	53	2	1	83	4	83	1.20e-12	50.8
A48/198	A124/1-97	30.263	76	52	1	10	85	11	85	1.27e-12	50.8
A48/198	A73/1-97	33.333	78	51	1	10	87	11	87	1.93e-12	50.1
A48/198	A37/1-96	33.721	86	53	2	2	86	2	84	2.44e-12	50.1
A48/198	A91/1-97	30.588	85	57	2	2	85	2	85	3.80e-12	49.3
A48/198	A117/1-97	35.294	68	43	1	20	87	21	87	9.35e-12	48.5
A48/198	A45/1-98	32.558	86	58	0	2	87	2	87	1.55e-11	47.8
A48/198	A2/1-97	29.885	87	56	2	1	85	1	84	3.07e-11	47.0
A48/198	A128/1-97	30.667	75	51	1	13	87	14	87	5.47e-11	46.6
A48/198	A143/1-97	28.421	95	67	1	2	96	2	95	7.15e-11	46.2
A48/198	A47/1-96	33.750	80	48	2	10	87	11	87	9.96e-11	45.8
A48/198	A166/1-99	27.711	83	60	0	15	97	16	98	2.83e-07	37.0
A49/1100	A49/1-100	100.000	100	0	0	1	100	1	100	4.90e-74	206
A49/1100	A71/1-99	48.980	98	47	2	1	97	1	96	1.82e-31	99.0
A49/1100	A115/1-99	43.434	99	53	2	1	98	1	97	3.06e-29	93.2
A49/1100	A60/1-99	46.392	97	49	2	1	96	1	95	4.90e-29	92.8
A49/1100	A137/1-98	51.064	94	42	3	1	93	1	91	1.21e-28	91.7
A49/1100	A104/1-99	44.898	98	51	2	1	97	1	96	1.38e-28	91.7
A49/1100	A148/1-102	45.545	101	49	3	1	97	1	99	2.58e-28	90.9
A49/1100	A162/1-99	52.874	87	39	1	10	96	11	95	4.12e-28	90.1
A49/1100	A53/1-99	46.809	94	49	1	1	94	1	93	9.87e-28	89.4
A49/1100	A82/1-99	44.898	98	51	2	1	97	1	96	6.05e-27	87.4
A49/1100	A28/1-100	43.158	95	54	0	4	98	4	98	1.90e-26	86.3
A49/1100	A155/1-98	43.617	94	51	1	5	98	5	96	3.78e-25	82.8
A49/1100	A93/1-99	40.816	98	55	2	1	97	1	96	8.66e-25	82.0
A49/1100	A78/1-96	45.161	93	47	1	4	96	4	92	9.15e-25	81.6
A49/1100	A159/1-98	43.617	94	45	3	4	94	1	89	3.35e-24	80.5
A49/1100	A126/1-99	39.796	98	56	2	3	99	3	98	3.57e-24	80.5
A49/1100	A34/1-97	43.750	96	51	2	1	96	1	93	6.37e-24	79.7
A49/1100	A136/1-98	44.444	90	48	1	4	93	4	91	1.07e-23	79.0
A49/1100	A3/1-98	43.750	96	52	1	1	96	1	94	1.21e-23	79.0
A49/1100	A63/1-98	43.878	98	53	1	1	98	1	96	3.52e-23	77.8
A49/1100	A74/1-98	40.625	96	54	2	1	96	1	93	6.56e-23	77.0
A49/1100	A42/1-104	41.667	96	50	2	1	91	1	95	1.57e-22	76.3
A49/1100	A147/1-98	42.708	96	53	1	1	96	1	94	6.05e-22	74.7
A49/1100	A122/1-96	38.947	95	54	1	4	98	4	94	8.20e-22	74.3
A49/1100	A158/1-98	36.458	96	59	1	4	99	4	97	1.56e-21	73.6
A49/1100	A85/1-98	41.758	91	51	1	3	93	3	91	2.09e-21	73.2
A49/1100	A118/1-98	40.000	90	52	1	4	93	4	91	5.88e-21	72.0
A49/1100	A107/1-98	39.785	93	54	1	1	93	1	91	6.48e-21	72.0
A49/1100	A96/1-98	39.080	87	51	1	4	90	4	88	6.48e-21	72.0
A49/1100	A13/1-103	42.105	95	52	1	4	95	4	98	7.89e-21	71.6
A49/1100	A20/1-102	38.947	95	56	1	5	97	5	99	8.89e-21	71.6
A49/1100	A67/1-95	41.053	95	51	2	4	98	4	93	1.17e-20	71.2
A49/1100	A59/1-98	39.175	97	57	1	3	99	3	97	1.50e-20	71.2
A49/1100	A81/1-98	39.560	91	53	1	4	94	4	92	1.65e-20	70.9
A49/1100	A70/1-98	38.542	96	57	1	4	99	4	97	2.67e-20	70.5
A49/1100	A108/1-99	36.667	90	56	1	1	90	1	89	2.69e-20	70.5
A49/1100	A119/1-97	39.130	92	53	1	4	95	4	92	9.20e-20	68.9
A49/1100	A144/1-96	36.842	95	56	1	4	98	4	94	1.04e-19	68.9
A49/1100	A75/1-99	37.931	87	53	1	4	90	4	89	1.17e-19	68.9
A49/1100	A129/1-98	39.560	91	53	1	4	94	4	92	1.26e-19	68.6
A49/1100	A152/1-99	37.634	93	54	2	4	96	4	92	1.67e-19	68.6
A49/1100	A86/1-99	35.789	95	60	1	4	98	4	97	2.22e-19	68.2
A49/1100	A89/1-96	38.710	93	53	1	4	96	4	92	5.77e-19	67.0
A49/1100	A103/1-98	37.363	91	55	1	4	94	4	92	6.57e-19	67.0
A49/1100	A111/1-96	37.634	93	54	1	4	96	4	92	2.81e-18	65.5
A49/1100	A41/1-98	36.957	92	56	1	5	96	5	94	3.10e-18	65.1
A49/1100	A163/1-98	34.118	85	54	1	5	89	5	87	4.58e-18	64.7
A49/1100	A140/1-99	35.227	88	56	1	3	90	3	89	4.79e-18	64.7
A49/1100	A45/1-98	38.462	91	50	2	3	91	3	89	1.49e-17	63.5
A49/1100	A141/1-98	42.500	80	41	2	4	80	1	78	2.99e-17	62.8
A49/1100	A114/1-98	34.375	96	61	1	1	96	1	94	2.99e-17	62.8
A49/1100	A48/1-98	37.634	93	56	1	5	97	5	95	3.96e-17	62.4
A49/1100	A14/1-100	43.617	94	50	1	1	94	1	91	7.68e-17	61.6
A49/1100	A52/1-98	37.234	94	51	3	4	94	1	89	8.10e-17	61.6
A49/1100	A7/1-97	36.082	97	57	3	4	98	2	95	9.43e-17	61.2
A49/1100	A17/1-103	35.922	103	59	2	1	98	1	101	9.53e-17	61.2
A49/1100	A100/1-96	35.294	102	50	2	1	96	1	92	2.55e-16	60.5
A49/1100	A24/1-98	36.559	93	57	1	5	97	5	95	3.17e-16	60.1
A49/1100	A27/1-98	36.170	94	58	2	3	96	3	94	4.29e-16	59.7
A49/1100	A130/1-99	33.333	96	63	1	1	96	1	95	5.05e-16	59.7
A49/1100	A64/1-99	33.333	90	59	1	1	90	1	89	5.94e-16	59.3
A49/1100	A35/1-99	38.144	97	57	3	1	96	1	95	8.86e-16	58.9
A49/1100	A31/1-95	36.667	90	50	2	4	90	1	86	1.05e-15	58.5
A49/1100	A97/1-99	32.143	84	56	1	4	87	4	86	1.57e-15	58.2
A49/1100	A66/1-97	36.471	85	51	1	12	96	12	93	2.50e-15	57.8
A49/1100	A151/1-99	32.979	94	62	1	4	97	4	96	3.17e-15	57.4
A49/1100	A125/1-98	31.183	93	62	1	4	96	4	94	4.73e-15	57.0
A49/1100	A167/1-98	33.333	93	60	1	5	97	5	95	1.82e-14	55.5
A49/1100	A161/1-98	30.928	97	64	1	1	97	2	95	3.96e-14	54.7
A49/1100	A6/1-97	37.113	97	58	2	1	97	1	94	4.56e-14	54.7
A49/1100	A92/1-98	30.769	91	61	1	4	94	4	92	5.47e-14	54.3
A49/1100	A132/1-97	32.222	90	58	1	7	96	7	93	1.99e-13	52.8
A49/1100	A10/1-98	34.343	99	57	3	4	99	1	94	3.72e-13	52.0
A49/1100	A16/1-97	31.818	88	57	1	4	91	4	88	5.08e-13	52.0
A49/1100	A88/1-97	31.579	95	62	1	4	98	4	95	5.78e-13	51.6
A49/1100	A58/1-97	33.721	86	54	1	1	86	2	84	9.90e-13	51.2
A49/1100	A121/1-97	30.526	95	63	1	4	98	4	95	2.29e-12	50.1
A49/1100	A21/1-98	35.052	97	59	2	4	98	2	96	2.29e-12	50.1
A49/1100	A77/1-97	33.333	93	59	1	4	96	4	93	4.36e-12	49.3
A49/1100	A56/1-93	34.783	92	51	3	9	100	9	91	7.77e-12	48.9
A49/1100	A9/1-95	32.500	80	49	2	13	91	12	87	4.85e-11	46.6
A49/1100	A19/1-97	34.043	94	57	2	1	92	2	92	5.63e-11	46.6
A49/1100	A44/1-97	34.409	93	54	3	9	100	9	95	6.83e-11	46.2
A49/1100	A166/1-99	35.714	98	58	3	3	98	3	97	7.60e-11	46.2
A49/1100	A110/1-97	29.885	87	58	1	12	98	12	95	1.08e-10	45.8
A49/1100	A33/1-97	29.213	89	60	1	1	89	2	87	1.19e-10	45.8
A49/1100	A55/1-97	30.108	93	62	1	4	96	4	93	3.01e-10	44.7
A49/1100	A150/1-96	32.990	97	59	2	4	100	4	94	3.28e-10	44.7
A49/1100	A40/1-96	30.682	88	57	2	9	96	9	92	3.69e-10	44.3
A49/1100	A30/1-97	30.208	96	64	1	4	99	4	96	4.06e-10	44.3
A49/1100	A47/1-96	33.333	87	54	2	4	89	4	87	8.46e-10	43.5
A49/1100	A143/1-97	27.957	93	64	1	4	96	4	93	9.51e-10	43.5
A49/1100	A38/1-98	33.333	81	49	2	5	82	2	80	1.44e-09	42.7
A49/1100	A69/1-97	30.588	85	56	1	4	88	5	86	1.80e-09	42.7
A49/1100	A117/1-97	32.000	100	62	2	1	100	2	95	2.04e-09	42.4
A49/1100	A124/1-97	32.941	85	53	2	4	87	4	85	2.47e-09	42.4
A49/1100	A154/1-97	27.778	90	62	1	9	98	9	95	3.03e-09	42.0
A49/1100	A23/1-98	27.083	96	66	2	4	98	4	96	3.66e-09	42.0
A49/1100	A105/1-97	31.959	97	62	2	1	97	2	94	5.48e-09	41.2
A49/1100	A113/1-96	26.882	93	65	1	4	96	4	93	7.54e-09	40.8
A49/1100	A84/1-97	34.043	94	57	3	4	96	4	93	7.95e-09	40.8
A49/1100	A95/1-97	31.579	95	61	2	4	98	5	95	8.29e-09	40.8
A49/1100	A80/1-97	31.250	80	52	1	1	80	2	78	9.51e-09	40.8
A49/1100	A26/1-97	33.333	87	54	2	4	89	4	87	9.51e-09	40.8
A49/1100	A133/1-95	32.184	87	49	2	12	98	12	88	1.19e-08	40.4
A49/1100	A146/1-97	27.907	86	59	1	6	91	7	89	1.78e-08	40.0
A49/1100	A99/1-97	27.957	93	64	2	4	96	4	93	2.92e-08	39.3
A49/1100	A62/1-96	31.633	98	59	3	4	99	4	95	2.98e-08	39.3
A49/1100	A128/1-97	32.979	94	58	3	4	96	4	93	3.14e-08	39.3
A49/1100	A5/1-98	31.250	80	50	2	12	89	12	88	3.24e-08	39.3
A49/1100	A91/1-97	28.421	95	63	3	3	96	3	93	1.20e-07	37.7
A49/1100	A37/1-96	26.882	93	64	2	4	96	4	92	1.62e-07	37.4
A49/1100	A51/1-96	25.581	86	61	1	4	89	4	86	5.10e-07	36.2
A49/1100	A135/1-97	25.556	90	62	2	1	89	2	87	5.31e-07	36.2
A49/1100	A73/1-97	30.208	96	59	3	5	96	2	93	5.60e-07	36.2
A49/1100	A139/1-97	28.235	85	57	2	12	96	13	93	8.24e-07	35.4
A49/1100	A2/1-97	27.059	85	59	1	12	96	12	93	8.42e-07	35.4
A49/1100	A157/1-97	27.381	84	57	2	4	86	4	84	1.86e-06	34.7
A49/1100	A12/1-98	26.923	104	56	3	4	98	4	96	2.02e-06	34.7
A49/1100	A102/1-97	27.586	87	59	2	4	89	4	87	2.62e-05	31.6
A51/196	A51/1-96	100.000	96	0	0	1	96	1	96	5.25e-72	201
A51/196	A84/1-97	55.670	97	42	1	1	96	1	97	1.15e-37	114
A51/196	A95/1-97	50.515	97	47	1	1	96	1	97	3.48e-34	105
A51/196	A19/1-97	48.454	97	49	1	1	96	1	97	5.51e-34	105
A51/196	A73/1-97	49.485	97	48	1	1	96	1	97	6.85e-34	104
A51/196	A105/1-97	46.392	97	51	1	1	96	1	97	2.66e-31	98.2
A51/196	A26/1-97	45.361	97	52	1	1	96	1	97	3.24e-31	97.8
A51/196	A40/1-96	51.042	96	47	0	1	96	1	96	4.50e-31	97.8
A51/196	A99/1-97	47.826	92	48	0	2	93	2	93	9.26e-31	96.7
A51/196	A150/1-96	47.368	95	50	0	2	96	2	96	1.65e-30	96.3
A51/196	A62/1-96	50.549	91	45	0	2	92	2	92	2.56e-30	95.9
A51/196	A80/1-97	51.042	96	46	1	1	95	1	96	7.24e-30	94.7
A51/196	A124/1-97	52.273	88	41	1	1	87	1	88	1.59e-29	93.6
A51/196	A117/1-97	50.000	88	43	1	1	87	1	88	1.77e-29	93.6
A51/196	A102/1-97	46.875	96	50	1	1	95	1	96	1.98e-29	93.6
A51/196	A55/1-97	46.739	92	49	0	2	93	2	93	3.16e-29	92.8
A51/196	A113/1-96	48.780	82	42	0	1	82	1	82	3.81e-29	92.8
A51/196	A128/1-97	44.330	97	53	1	1	96	1	97	4.79e-29	92.4
A51/196	A58/1-97	44.330	97	53	1	1	96	1	97	7.75e-29	92.0
A51/196	A47/1-96	48.421	95	48	1	2	95	2	96	1.23e-28	91.7
A51/196	A5/1-98	43.299	97	53	1	2	96	2	98	4.17e-28	90.1
A51/196	A91/1-97	48.958	96	48	1	1	95	1	96	4.60e-28	90.1
A51/196	A77/1-97	44.565	92	51	0	2	93	2	93	4.97e-28	90.1
A51/196	A110/1-97	46.739	92	48	1	2	92	2	93	1.55e-27	88.6
A51/196	A88/1-97	45.455	88	48	0	2	89	2	89	3.22e-27	87.8
A51/196	A30/1-97	44.048	84	47	0	1	84	1	84	3.67e-26	85.1
A51/196	A135/1-97	40.860	93	55	0	4	96	5	97	3.88e-26	85.1
A51/196	A69/1-97	42.708	96	53	2	2	96	2	96	1.26e-25	84.0
A51/196	A139/1-97	42.045	88	51	0	8	95	9	96	3.76e-25	82.8
A51/196	A44/1-97	44.706	85	47	0	2	86	2	86	1.00e-24	81.6
A51/196	A33/1-97	41.667	96	55	1	2	96	2	97	1.47e-24	81.3
A51/196	A157/1-97	41.176	85	49	1	1	84	1	85	1.71e-24	80.9
A51/196	A66/1-97	43.617	94	52	1	2	94	2	95	3.88e-24	80.1
A51/196	A146/1-97	38.144	97	59	1	1	96	1	97	1.91e-23	78.2
A51/196	A86/1-99	47.126	87	44	1	1	85	1	87	2.34e-23	78.2
A51/196	A37/1-96	40.206	97	56	2	1	96	1	96	6.53e-23	77.0
A51/196	A12/1-98	34.694	98	62	1	1	96	1	98	8.39e-23	76.6
A51/196	A78/1-96	39.175	97	57	2	1	96	1	96	1.23e-22	76.3
A51/196	A121/1-97	38.043	92	57	0	2	93	2	93	1.76e-22	75.9
A51/196	A166/1-99	38.824	85	51	1	4	87	5	89	1.82e-22	75.9
A51/196	A143/1-97	41.489	94	54	1	2	94	2	95	1.96e-22	75.9
A51/196	A107/1-98	37.634	93	55	2	2	93	2	92	4.79e-22	74.7
A51/196	A154/1-97	39.130	92	56	0	2	93	2	93	6.58e-22	74.3
A51/196	A63/1-98	41.860	86	49	1	2	86	2	87	8.26e-22	73.9
A51/196	A41/1-98	36.735	98	60	2	1	96	1	98	1.46e-21	73.6
A51/196	A13/1-103	42.391	92	45	2	2	86	2	92	1.95e-21	73.2
A51/196	A23/1-98	40.860	93	54	1	2	93	2	94	3.05e-21	72.8
A51/196	A27/1-98	40.816	98	54	3	2	96	2	98	3.12e-21	72.8
A51/196	A96/1-98	41.860	86	49	1	2	86	2	87	3.59e-21	72.4
A51/196	A9/1-95	37.634	93	57	1	2	94	2	93	5.15e-21	72.0
A51/196	A16/1-97	36.364	88	56	0	2	89	2	89	3.77e-20	70.1
A51/196	A3/1-98	37.363	91	56	1	2	91	2	92	4.39e-20	69.7
A51/196	A74/1-98	39.560	91	54	1	2	91	2	92	6.56e-20	69.3
A51/196	A158/1-98	40.230	87	49	2	2	86	2	87	7.90e-20	68.9
A51/196	A161/1-98	40.845	71	42	0	20	90	21	91	1.88e-19	68.2
A51/196	A52/1-98	44.304	79	41	2	10	86	10	87	3.21e-19	67.4
A51/196	A136/1-98	41.379	87	48	2	2	86	2	87	3.32e-19	67.4
A51/196	A167/1-98	40.964	83	48	1	1	82	1	83	4.59e-19	67.0
A51/196	A118/1-98	38.298	94	55	2	2	93	2	94	5.65e-19	67.0
A51/196	A132/1-97	39.362	94	54	2	4	94	2	95	8.72e-19	66.2
A51/196	A35/1-99	39.796	98	56	2	2	96	2	99	8.91e-19	66.2
A51/196	A45/1-98	39.773	88	50	2	1	86	1	87	1.12e-18	66.2
A51/196	A122/1-96	38.372	86	52	1	1	86	1	85	2.29e-18	65.5
A51/196	A97/1-99	36.782	87	53	1	1	85	1	87	3.24e-18	65.1
A51/196	A67/1-95	35.106	94	60	1	2	95	2	94	4.08e-18	64.7
A51/196	A129/1-98	35.870	92	56	2	2	92	2	91	5.96e-18	64.3
A51/196	A17/1-103	40.426	94	50	2	2	89	2	95	8.16e-18	63.9
A51/196	A144/1-96	34.884	86	55	1	1	86	1	85	8.25e-18	63.9
A51/196	A103/1-98	32.184	87	58	1	1	86	1	87	1.36e-17	63.5
A51/196	A130/1-99	37.755	98	58	2	2	96	2	99	1.39e-17	63.5
A51/196	A82/1-99	39.130	92	48	3	2	92	5	89	1.42e-17	63.2
A51/196	A108/1-99	35.632	87	54	1	2	86	2	88	2.05e-17	62.8
A51/196	A100/1-96	36.458	96	59	2	2	96	2	96	2.34e-17	62.8
A51/196	A81/1-98	34.884	86	55	1	2	86	2	87	2.97e-17	62.4
A51/196	A151/1-99	39.080	87	48	2	2	86	5	88	3.49e-17	62.4
A51/196	A70/1-98	37.895	95	57	2	2	94	2	96	3.73e-17	62.4
A51/196	A140/1-99	38.824	85	50	1	2	84	2	86	4.78e-17	62.0
A51/196	A2/1-97	35.417	96	61	1	2	96	2	97	6.91e-17	61.6
A51/196	A85/1-98	33.721	86	56	1	2	86	2	87	1.19e-16	60.8
A51/196	A155/1-98	34.409	93	60	1	2	93	2	94	1.40e-16	60.8
A51/196	A141/1-98	37.647	85	52	1	2	85	2	86	1.52e-16	60.8
A51/196	A89/1-96	33.333	96	62	2	2	96	2	96	2.00e-16	60.5
A51/196	A126/1-99	37.500	80	49	1	4	82	4	83	2.43e-16	60.1
A51/196	A75/1-99	35.556	90	56	1	1	88	1	90	2.89e-16	60.1
A51/196	A53/1-99	37.931	87	52	1	2	86	2	88	3.91e-16	59.7
A51/196	A28/1-100	34.000	100	62	2	1	96	1	100	4.55e-16	59.3
A51/196	A162/1-99	37.975	79	47	2	20	96	21	99	5.35e-16	59.3
A51/196	A31/1-95	37.778	90	55	1	2	91	2	90	7.33e-16	58.9
A51/196	A111/1-96	33.333	96	62	2	2	96	2	96	7.99e-16	58.9
A51/196	A56/1-93	36.471	85	52	2	2	86	2	84	9.10e-16	58.5
A51/196	A42/1-104	31.313	99	61	2	2	93	2	100	9.30e-16	58.5
A51/196	A92/1-98	34.118	85	55	1	1	84	1	85	9.71e-16	58.5
A51/196	A20/1-102	33.663	101	61	2	2	96	2	102	1.12e-15	58.5
A51/196	A163/1-98	32.979	94	62	1	1	93	1	94	1.67e-15	58.2
A51/196	A104/1-99	36.957	92	50	3	2	92	5	89	2.33e-15	57.8
A51/196	A14/1-100	34.066	91	57	1	2	89	2	92	2.83e-15	57.4
A51/196	A34/1-97	37.931	87	50	3	2	86	2	86	3.56e-15	57.4
A51/196	A119/1-97	33.684	95	62	1	2	95	2	96	5.14e-15	56.6
A51/196	A7/1-97	34.066	91	58	2	2	91	3	92	5.78e-15	56.6
A51/196	A64/1-99	35.632	87	54	1	2	86	2	88	7.74e-15	56.2
A51/196	A24/1-98	31.959	97	64	2	2	96	2	98	8.35e-15	56.2
A51/196	A48/1-98	34.884	86	55	1	2	86	2	87	1.15e-14	55.8
A51/196	A60/1-99	36.585	82	48	2	2	82	5	83	1.53e-14	55.5
A51/196	A93/1-99	37.805	82	47	2	2	82	5	83	1.72e-14	55.5
A51/196	A152/1-99	31.395	86	57	1	2	85	2	87	1.82e-14	55.5
A51/196	A114/1-98	32.143	84	56	1	2	84	2	85	1.96e-14	55.5
A51/196	A10/1-98	33.721	86	56	1	2	86	2	87	5.12e-14	54.3
A51/196	A147/1-98	34.694	98	60	3	2	96	2	98	5.58e-14	54.3
A51/196	A59/1-98	35.789	95	56	3	2	94	5	96	1.11e-13	53.5
A51/196	A159/1-98	29.070	86	60	1	2	86	2	87	1.51e-13	53.1
A51/196	A6/1-97	32.632	95	60	3	2	95	2	93	2.06e-13	52.8
A51/196	A133/1-95	30.208	96	62	2	2	95	2	94	2.47e-13	52.4
A51/196	A125/1-98	29.474	95	65	2	2	94	2	96	5.09e-13	51.6
A51/196	A21/1-98	40.698	86	49	2	2	86	3	87	6.59e-13	51.2
A51/196	A137/1-98	34.483	87	50	4	2	86	5	86	1.06e-12	50.8
A51/196	A38/1-98	30.208	96	66	1	1	95	1	96	1.13e-12	50.8
A51/196	A115/1-99	33.766	77	50	1	4	79	4	80	1.41e-12	50.4
A51/196	A71/1-99	31.395	86	55	2	2	86	5	87	1.90e-10	45.1
A51/196	A148/1-102	31.395	86	52	3	2	83	5	87	3.41e-10	44.3
A51/196	A49/1-100	25.581	86	61	1	4	86	4	89	4.59e-07	36.2
A52/198	A52/1-98	100.000	98	0	0	1	98	1	98	1.04e-72	202
A52/198	A63/1-98	51.020	98	48	0	1	98	1	98	3.26e-34	105
A52/198	A107/1-98	52.041	98	47	0	1	98	1	98	2.54e-32	100
A52/198	A103/1-98	47.959	98	48	1	1	98	4	98	5.95e-32	100
A52/198	A20/1-102	51.485	101	45	1	2	98	2	102	2.00e-31	98.6
A52/198	A158/1-98	50.562	89	44	0	10	98	10	98	3.07e-31	98.2
A52/198	A81/1-98	47.959	98	48	1	1	98	4	98	1.50e-30	96.3
A52/198	A41/1-98	47.423	97	51	0	2	98	2	98	1.60e-30	96.3
A52/198	A136/1-98	50.000	96	45	1	1	96	4	96	2.40e-30	95.9
A52/198	A118/1-98	47.191	89	47	0	10	98	10	98	4.42e-30	95.1
A52/198	A92/1-98	46.939	98	49	1	1	98	4	98	2.78e-29	93.2
A52/198	A59/1-98	50.000	92	46	0	7	98	7	98	5.17e-29	92.4
A52/198	A96/1-98	51.220	82	40	0	10	91	10	91	1.84e-28	91.3
A52/198	A34/1-97	51.648	91	40	2	1	91	4	90	2.03e-28	90.9
A52/198	A85/1-98	49.383	81	41	0	8	88	8	88	3.04e-27	88.2
A52/198	A13/1-103	48.544	103	45	2	1	98	4	103	1.24e-26	86.7
A52/198	A151/1-99	44.706	85	46	1	15	98	15	99	1.80e-26	85.9
A52/198	A27/1-98	45.918	98	51	2	2	98	2	98	1.97e-26	85.9
A52/198	A147/1-98	40.816	98	58	0	1	98	1	98	2.03e-26	85.9
A52/198	A70/1-98	43.299	97	55	0	2	98	2	98	2.40e-26	85.9
A52/198	A129/1-98	46.392	97	46	2	1	94	4	97	8.98e-26	84.3
A52/198	A53/1-99	41.414	99	57	1	1	98	1	99	5.61e-25	82.4
A52/198	A114/1-98	42.857	98	56	0	1	98	1	98	6.83e-25	82.0
A52/198	A140/1-99	47.191	89	46	1	11	98	11	99	6.98e-25	82.0
A52/198	A6/1-97	43.878	98	54	1	1	98	1	97	1.14e-24	81.6
A52/198	A44/1-97	45.556	90	46	2	10	98	10	97	4.46e-24	80.1
A52/198	A74/1-98	43.956	91	51	0	8	98	8	98	4.76e-24	79.7
A52/198	A104/1-99	45.455	99	50	2	1	98	4	99	7.61e-24	79.3
A52/198	A159/1-98	40.000	90	54	0	1	90	1	90	1.07e-23	79.0
A52/198	A84/1-97	45.238	84	45	1	7	90	8	90	1.10e-23	79.0
A52/198	A125/1-98	40.206	97	58	0	2	98	2	98	2.75e-23	77.8
A52/198	A95/1-97	41.758	91	51	2	2	91	2	91	2.91e-23	77.8
A52/198	A48/1-98	40.909	88	52	0	10	97	10	97	4.30e-23	77.4
A52/198	A62/1-96	47.674	86	44	1	2	87	2	86	4.54e-23	77.4
A52/198	A82/1-99	44.000	100	48	3	5	98	2	99	6.44e-23	77.0
A52/198	A3/1-98	44.792	96	50	1	6	98	3	98	7.18e-23	77.0
A52/198	A167/1-98	43.956	91	51	0	2	92	2	92	1.38e-22	76.3
A52/198	A33/1-97	46.341	82	43	1	10	91	11	91	1.64e-22	75.9
A52/198	A139/1-97	42.222	90	50	2	2	90	2	90	2.49e-22	75.5
A52/198	A19/1-97	46.154	91	44	2	4	90	1	90	2.60e-22	75.5
A52/198	A14/1-100	40.000	100	58	1	1	98	1	100	3.97e-22	75.1
A52/198	A128/1-97	43.333	90	48	2	1	90	4	90	4.24e-22	75.1
A52/198	A24/1-98	38.144	97	60	0	2	98	2	98	5.50e-22	74.7
A52/198	A73/1-97	41.667	84	48	1	7	90	8	90	1.43e-21	73.6
A52/198	A17/1-103	40.594	101	52	2	6	98	3	103	1.88e-21	73.2
A52/198	A93/1-99	40.816	98	54	2	5	98	2	99	4.40e-21	72.4
A52/198	A60/1-99	38.384	99	57	2	1	98	4	99	5.18e-21	72.0
A52/198	A126/1-99	41.463	82	45	1	5	83	2	83	6.10e-21	72.0
A52/198	A150/1-96	40.000	90	51	2	2	90	2	89	6.66e-21	72.0
A52/198	A162/1-99	37.079	89	56	0	10	98	11	99	1.85e-20	70.9
A52/198	A124/1-97	41.176	85	49	1	7	91	8	91	2.16e-20	70.5
A52/198	A71/1-99	43.617	94	46	2	1	90	4	94	2.30e-20	70.5
A52/198	A69/1-97	40.659	91	51	2	7	95	8	97	3.19e-20	70.1
A52/198	A35/1-99	33.333	99	65	1	1	98	1	99	4.28e-20	69.7
A52/198	A26/1-97	43.820	89	47	2	7	93	8	95	4.82e-20	69.7
A52/198	A105/1-97	39.286	84	50	1	7	90	8	90	5.92e-20	69.3
A52/198	A58/1-97	43.750	80	44	1	7	86	8	86	7.77e-20	69.3
A52/198	A113/1-96	38.462	91	52	2	1	91	4	90	7.86e-20	69.3
A52/198	A66/1-97	42.045	88	50	1	11	98	11	97	1.05e-19	68.9
A52/198	A115/1-99	38.776	98	56	2	5	98	2	99	1.10e-19	68.9
A52/198	A163/1-98	42.308	78	45	0	10	87	10	87	1.37e-19	68.6
A52/198	A102/1-97	38.636	88	49	2	7	90	4	90	1.46e-19	68.6
A52/198	A141/1-98	36.634	101	58	2	1	98	1	98	1.81e-19	68.2
A52/198	A161/1-98	43.421	76	42	1	12	87	13	87	2.05e-19	68.2
A52/198	A130/1-99	37.374	99	61	1	1	98	1	99	3.23e-19	67.8
A52/198	A51/1-96	44.304	79	41	2	10	87	10	86	3.45e-19	67.4
A52/198	A110/1-97	39.759	83	49	1	10	92	10	91	4.98e-19	67.0
A52/198	A80/1-97	41.558	77	44	1	7	83	8	83	7.78e-19	66.6
A52/198	A157/1-97	41.772	79	45	1	7	85	8	85	7.86e-19	66.6
A52/198	A55/1-97	39.362	94	50	3	7	94	4	96	8.04e-19	66.6
A52/198	A111/1-96	35.714	98	58	2	1	98	4	96	8.30e-19	66.6
A52/198	A154/1-97	35.714	98	60	2	2	98	2	97	1.16e-18	66.2
A52/198	A108/1-99	32.323	99	66	1	1	98	1	99	1.65e-18	65.9
A52/198	A40/1-96	43.210	81	45	1	10	90	10	89	1.68e-18	65.9
A52/198	A117/1-97	39.286	84	50	1	7	90	8	90	1.76e-18	65.9
A52/198	A23/1-98	36.735	98	60	2	2	98	2	98	3.75e-18	64.7
A52/198	A37/1-96	40.476	84	48	2	2	85	2	83	3.84e-18	64.7
A52/198	A137/1-98	38.384	99	56	3	1	98	4	98	6.32e-18	64.3
A52/198	A148/1-102	35.644	101	58	3	2	98	5	102	6.53e-18	64.3
A52/198	A88/1-97	40.909	88	48	2	7	91	4	90	6.89e-18	64.3
A52/198	A10/1-98	40.000	75	45	0	14	88	14	88	7.52e-18	63.9
A52/198	A132/1-97	32.990	97	64	1	2	98	2	97	8.56e-18	63.9
A52/198	A28/1-100	34.409	93	59	1	8	98	8	100	1.01e-17	63.9
A52/198	A119/1-97	37.374	99	56	3	1	98	4	97	1.29e-17	63.5
A52/198	A78/1-96	34.694	98	59	2	1	98	4	96	1.44e-17	63.5
A52/198	A9/1-95	42.857	84	40	4	8	89	10	87	1.59e-17	63.2
A52/198	A146/1-97	36.957	92	54	3	2	91	2	91	2.73e-17	62.8
A52/198	A91/1-97	38.961	77	46	1	7	83	8	83	3.05e-17	62.4
A52/198	A166/1-99	39.130	92	54	2	7	97	8	98	3.95e-17	62.4
A52/198	A144/1-96	40.000	90	49	2	1	90	4	88	4.75e-17	62.0
A52/198	A16/1-97	40.449	89	52	1	10	98	10	97	5.18e-17	62.0
A52/198	A86/1-99	37.778	90	55	1	2	90	2	91	6.43e-17	61.6
A52/198	A49/1-100	37.234	94	51	3	1	89	4	94	7.57e-17	61.6
A52/198	A155/1-98	37.363	91	53	3	10	98	10	98	8.81e-17	61.2
A52/198	A42/1-104	36.275	102	53	4	1	93	1	99	9.20e-17	61.2
A52/198	A31/1-95	42.105	76	42	1	12	87	12	85	1.17e-16	61.2
A52/198	A121/1-97	37.500	80	49	1	10	89	10	88	1.25e-16	60.8
A52/198	A45/1-98	36.735	98	55	3	6	98	3	98	1.34e-16	60.8
A52/198	A143/1-97	35.227	88	56	1	2	89	2	88	1.43e-16	60.8
A52/198	A89/1-96	30.612	98	63	2	1	98	4	96	1.47e-16	60.8
A52/198	A135/1-97	38.043	92	55	2	1	91	1	91	1.51e-16	60.8
A52/198	A30/1-97	39.474	76	45	1	10	85	10	84	1.58e-16	60.8
A52/198	A21/1-98	38.462	91	56	0	8	98	8	98	1.60e-16	60.8
A52/198	A7/1-97	31.633	98	62	2	1	96	2	96	1.74e-16	60.5
A52/198	A77/1-97	35.955	89	56	1	10	98	10	97	3.20e-16	60.1
A52/198	A67/1-95	37.037	81	49	1	10	90	10	88	3.34e-16	60.1
A52/198	A5/1-98	40.217	92	51	3	9	98	9	98	1.73e-15	58.2
A52/198	A122/1-96	36.250	80	49	1	10	89	10	87	3.17e-15	57.4
A52/198	A152/1-99	33.333	90	59	1	2	90	2	91	4.57e-15	57.0
A52/198	A2/1-97	37.374	99	57	2	2	98	2	97	8.93e-15	56.2
A52/198	A56/1-93	35.294	85	52	2	10	94	10	91	9.63e-15	56.2
A52/198	A99/1-97	36.364	88	52	2	10	94	10	96	2.12e-14	55.5
A52/198	A100/1-96	29.592	98	64	2	1	98	4	96	3.16e-14	54.7
A52/198	A64/1-99	34.831	89	57	1	1	88	1	89	4.60e-14	54.3
A52/198	A47/1-96	36.782	87	53	2	2	87	2	87	9.08e-14	53.5
A52/198	A75/1-99	32.323	99	63	2	1	98	4	99	3.61e-13	52.0
A52/198	A97/1-99	34.146	82	53	1	10	90	10	91	1.99e-12	50.1
A52/198	A12/1-98	29.885	87	58	2	10	94	10	95	1.72e-11	47.8
A52/198	A38/1-98	31.707	82	56	0	2	83	2	83	8.95e-11	45.8
A52/198	A133/1-95	33.784	74	47	1	14	87	14	85	9.26e-10	43.1
A53/199	A53/1-99	100.000	99	0	0	1	99	1	99	7.87e-74	205
A53/199	A108/1-99	55.435	92	41	0	1	92	1	92	1.16e-37	114
A53/199	A97/1-99	44.898	98	54	0	2	99	2	99	1.74e-32	101
A53/199	A42/1-104	47.115	104	50	2	1	99	1	104	3.47e-32	100
A53/199	A75/1-99	44.898	98	54	0	2	99	2	99	6.05e-32	100
A53/199	A86/1-99	50.549	91	45	0	2	92	2	92	2.12e-30	95.9
A53/199	A14/1-100	51.087	92	44	1	1	91	1	92	1.66e-28	91.3
A53/199	A119/1-97	41.837	98	55	2	2	99	2	97	1.81e-28	91.3
A53/199	A152/1-99	46.067	89	48	0	2	90	2	90	2.83e-28	90.5
A53/199	A141/1-98	46.154	91	48	1	1	91	1	90	2.86e-28	90.5
A53/199	A28/1-100	45.455	99	53	1	2	99	2	100	3.22e-28	90.5
A53/199	A35/1-99	40.404	99	59	0	1	99	1	99	3.33e-28	90.5
A53/199	A64/1-99	44.086	93	52	0	1	93	1	93	7.64e-28	89.7
A53/199	A49/1-100	46.809	94	49	1	1	93	1	94	9.51e-28	89.4
A53/199	A115/1-99	49.451	91	44	2	1	90	1	90	2.30e-27	88.2
A53/199	A82/1-99	48.352	91	45	2	1	90	1	90	2.11e-26	85.9
A53/199	A130/1-99	38.384	99	61	0	1	99	1	99	3.09e-26	85.5
A53/199	A159/1-98	43.011	93	50	2	1	92	1	91	4.07e-26	85.1
A53/199	A78/1-96	43.878	98	52	1	2	99	2	96	1.20e-25	84.0
A53/199	A104/1-99	47.253	91	46	2	1	90	1	90	2.66e-25	83.2
A53/199	A52/1-98	41.414	99	57	1	1	99	1	98	5.82e-25	82.4
A53/199	A89/1-96	44.898	98	51	1	2	99	2	96	8.63e-25	81.6
A53/199	A162/1-99	50.000	80	39	1	10	89	11	89	1.33e-24	81.3
A53/199	A63/1-98	42.424	99	56	1	1	99	1	98	1.55e-24	81.3
A53/199	A144/1-96	45.556	90	46	1	2	91	2	88	2.23e-24	80.9
A53/199	A126/1-99	42.697	89	49	2	4	91	4	91	3.64e-24	80.1
A53/199	A107/1-98	41.111	90	52	1	1	90	1	89	4.73e-24	80.1
A53/199	A96/1-98	42.045	88	50	1	2	89	2	88	4.94e-24	79.7
A53/199	A136/1-98	44.944	89	48	1	2	90	2	89	4.99e-24	79.7
A53/199	A74/1-98	42.697	89	50	1	1	89	1	88	5.88e-24	79.7
A53/199	A81/1-98	41.584	101	52	2	2	99	2	98	7.39e-24	79.3
A53/199	A122/1-96	42.222	90	49	1	2	91	2	88	7.98e-24	79.3
A53/199	A20/1-102	42.553	94	50	2	2	92	2	94	1.11e-23	79.0
A53/199	A147/1-98	42.857	91	51	1	1	91	1	90	1.79e-23	78.6
A53/199	A129/1-98	42.391	92	49	2	2	90	2	92	5.03e-23	77.4
A53/199	A151/1-99	41.304	92	54	0	2	93	2	93	1.14e-22	76.3
A53/199	A34/1-97	45.161	93	49	2	1	93	1	91	1.40e-22	76.3
A53/199	A158/1-98	42.697	89	48	2	2	89	2	88	1.53e-22	76.3
A53/199	A111/1-96	40.659	91	51	1	1	91	1	88	1.80e-22	75.9
A53/199	A85/1-98	40.909	88	51	1	2	89	2	88	2.41e-22	75.5
A53/199	A103/1-98	38.776	98	59	1	2	99	2	98	5.23e-22	74.7
A53/199	A118/1-98	40.000	90	53	1	2	91	2	90	1.12e-21	73.9
A53/199	A67/1-95	41.573	89	49	1	2	90	2	87	1.24e-21	73.9
A53/199	A137/1-98	40.909	88	50	2	1	88	1	86	1.33e-21	73.6
A53/199	A93/1-99	42.857	91	50	2	1	90	1	90	1.36e-21	73.6
A53/199	A44/1-97	42.857	91	50	1	2	92	2	90	2.86e-21	72.8
A53/199	A48/1-98	40.909	88	51	1	2	89	2	88	3.71e-21	72.4
A53/199	A148/1-102	43.678	87	45	2	1	84	1	86	5.55e-21	72.0
A53/199	A31/1-95	43.182	88	47	1	1	88	1	85	6.32e-21	72.0
A53/199	A60/1-99	40.000	100	58	2	1	99	1	99	6.46e-21	72.0
A53/199	A125/1-98	39.773	88	52	1	2	89	2	88	7.21e-21	72.0
A53/199	A163/1-98	36.782	87	54	1	2	88	2	87	9.15e-21	71.6
A53/199	A3/1-98	39.326	89	53	1	1	89	1	88	1.20e-20	71.2
A53/199	A155/1-98	41.758	91	48	2	2	90	2	89	1.25e-20	71.2
A53/199	A71/1-99	40.000	95	52	2	1	91	1	94	2.33e-20	70.5
A53/199	A59/1-98	43.182	88	49	1	2	89	2	88	2.96e-20	70.5
A53/199	A70/1-98	41.758	91	46	2	2	89	2	88	3.27e-20	70.1
A53/199	A140/1-99	36.667	90	57	0	2	91	2	91	3.45e-20	70.1
A53/199	A13/1-103	38.235	102	59	1	2	99	2	103	3.53e-20	70.1
A53/199	A114/1-98	41.573	89	51	1	1	89	1	88	5.16e-20	69.7
A53/199	A41/1-98	39.773	88	52	1	2	89	2	88	5.27e-20	69.7
A53/199	A10/1-98	41.573	89	51	1	1	89	1	88	5.45e-20	69.7
A53/199	A21/1-98	44.444	99	53	2	1	99	2	98	7.07e-20	69.3
A53/199	A17/1-103	40.426	94	50	2	1	89	1	93	8.50e-20	68.9
A53/199	A92/1-98	34.694	98	63	1	2	99	2	98	1.40e-19	68.6
A53/199	A7/1-97	37.363	91	53	3	1	90	2	89	1.53e-19	68.6
A53/199	A100/1-96	39.773	88	50	1	1	88	1	85	1.76e-19	68.2
A53/199	A27/1-98	40.909	88	51	1	2	89	2	88	3.07e-19	67.8
A53/199	A55/1-97	38.043	92	55	1	2	93	2	91	3.77e-19	67.4
A53/199	A16/1-97	38.776	98	58	1	2	99	2	97	8.06e-19	66.6
A53/199	A117/1-97	41.111	90	50	2	2	90	2	89	8.15e-19	66.6
A53/199	A121/1-97	35.870	92	57	1	2	93	2	91	6.76e-18	64.3
A53/199	A133/1-95	37.778	90	53	1	2	91	2	88	6.98e-18	64.3
A53/199	A9/1-95	36.667	90	54	1	2	91	2	88	8.87e-18	63.9
A53/199	A84/1-97	40.000	90	51	2	2	90	2	89	1.09e-17	63.9
A53/199	A33/1-97	38.889	90	52	2	2	90	2	89	1.27e-17	63.5
A53/199	A58/1-97	40.230	87	49	2	2	87	2	86	1.30e-17	63.5
A53/199	A69/1-97	41.667	84	46	2	2	84	2	83	2.07e-17	63.2
A53/199	A77/1-97	38.043	92	55	1	2	93	2	91	2.13e-17	63.2
A53/199	A6/1-97	39.796	98	54	3	1	95	1	96	4.36e-17	62.4
A53/199	A143/1-97	36.957	92	56	1	2	93	2	91	4.66e-17	62.0
A53/199	A113/1-96	36.559	93	54	2	2	91	2	92	6.17e-17	62.0
A53/199	A24/1-98	36.364	88	55	1	2	89	2	88	6.44e-17	61.6
A53/199	A157/1-97	36.905	84	50	2	2	84	2	83	7.50e-17	61.6
A53/199	A124/1-97	36.667	90	54	2	2	90	2	89	7.58e-17	61.6
A53/199	A154/1-97	34.783	92	58	1	2	93	2	91	9.11e-17	61.2
A53/199	A167/1-98	31.633	98	66	1	2	99	2	98	1.19e-16	61.2
A53/199	A102/1-97	36.667	90	54	2	2	90	2	89	1.35e-16	60.8
A53/199	A66/1-97	35.870	92	57	1	2	93	2	91	1.41e-16	60.8
A53/199	A73/1-97	37.778	90	53	2	2	90	2	89	2.10e-16	60.5
A53/199	A38/1-98	37.209	86	53	1	2	87	2	86	2.49e-16	60.1
A53/199	A80/1-97	38.372	86	50	2	2	86	2	85	2.58e-16	60.1
A53/199	A56/1-93	38.889	90	51	2	2	91	2	87	3.38e-16	60.1
A53/199	A51/1-96	37.931	87	52	1	2	88	2	86	4.33e-16	59.7
A53/199	A132/1-97	35.294	85	53	1	9	93	9	91	5.62e-16	59.3
A53/199	A26/1-97	38.636	88	51	2	2	88	2	87	7.05e-16	58.9
A53/199	A88/1-97	35.870	92	57	1	2	93	2	91	7.86e-16	58.9
A53/199	A2/1-97	38.554	83	49	1	2	84	2	82	8.29e-16	58.9
A53/199	A135/1-97	37.778	90	51	3	1	88	1	87	9.65e-16	58.9
A53/199	A45/1-98	33.000	100	62	2	2	99	2	98	1.41e-15	58.2
A53/199	A62/1-96	33.333	87	56	1	2	88	2	86	1.47e-15	58.2
A53/199	A105/1-97	35.556	90	55	2	2	90	2	89	1.79e-15	58.2
A53/199	A19/1-97	33.333	90	57	2	2	90	2	89	2.22e-15	57.8
A53/199	A95/1-97	36.667	90	54	2	2	90	2	89	2.32e-15	57.8
A53/199	A161/1-98	37.500	88	52	2	2	88	2	87	5.10e-15	57.0
A53/199	A146/1-97	35.227	88	54	2	2	88	2	87	5.44e-15	57.0
A53/199	A128/1-97	34.444	90	56	2	2	90	2	89	8.20e-15	56.2
A53/199	A110/1-97	31.522	92	61	1	2	93	2	91	1.04e-14	56.2
A53/199	A91/1-97	37.209	86	51	2	2	86	2	85	1.69e-14	55.5
A53/199	A47/1-96	38.043	92	54	2	2	92	2	91	4.46e-14	54.3
A53/199	A150/1-96	34.831	89	56	1	2	90	2	88	1.01e-13	53.5
A53/199	A5/1-98	38.372	86	47	3	2	84	2	84	2.47e-13	52.8
A53/199	A99/1-97	32.609	92	60	1	2	93	2	91	2.64e-13	52.4
A53/199	A23/1-98	35.714	84	51	2	2	84	2	83	5.20e-13	51.6
A53/199	A37/1-96	32.941	85	50	2	2	84	2	81	7.18e-13	51.2
A53/199	A12/1-98	33.721	86	57	0	2	87	2	87	1.85e-12	50.4
A53/199	A30/1-97	37.349	83	50	1	2	84	2	82	4.70e-12	49.3
A53/199	A139/1-97	30.682	88	56	2	3	90	7	89	1.87e-11	47.8
A53/199	A166/1-99	35.870	92	55	3	2	91	2	91	3.96e-11	47.0
A53/199	A40/1-96	31.461	89	59	1	2	90	2	88	4.37e-11	46.6
A55/197	A55/1-97	100.000	97	0	0	1	97	1	97	5.62e-71	198
A55/197	A99/1-97	60.825	97	38	0	1	97	1	97	1.51e-45	134
A55/197	A77/1-97	59.794	97	39	0	1	97	1	97	8.23e-44	129
A55/197	A110/1-97	55.670	97	43	0	1	97	1	97	8.51e-44	129
A55/197	A88/1-97	57.732	97	41	0	1	97	1	97	1.54e-42	126
A55/197	A66/1-97	57.732	97	41	0	1	97	1	97	9.67e-41	122
A55/197	A154/1-97	56.701	97	42	0	1	97	1	97	5.70e-40	120
A55/197	A132/1-97	51.546	97	47	0	1	97	1	97	1.88e-38	116
A55/197	A121/1-97	48.454	97	50	0	1	97	1	97	2.21e-38	116
A55/197	A143/1-97	44.330	97	54	0	1	97	1	97	4.94e-33	102
A55/197	A44/1-97	52.083	96	46	0	1	96	1	96	9.22e-33	102
A55/197	A30/1-97	48.936	94	48	0	2	95	2	95	2.03e-29	93.6
A55/197	A26/1-97	46.316	95	49	2	2	95	2	95	2.50e-29	93.2
A55/197	A51/1-96	46.739	92	49	0	2	93	2	93	3.29e-29	92.8
A55/197	A19/1-97	45.349	86	46	1	2	86	2	87	4.84e-27	87.4
A55/197	A33/1-97	38.710	93	56	1	2	93	2	94	1.12e-26	86.7
A55/197	A5/1-98	44.211	95	51	1	1	93	1	95	3.35e-26	85.5
A55/197	A95/1-97	43.820	89	49	1	2	89	2	90	6.58e-26	84.7
A55/197	A105/1-97	41.573	89	51	1	2	89	2	90	9.23e-26	84.3
A55/197	A16/1-97	44.318	88	49	0	2	89	2	89	1.11e-25	84.0
A55/197	A73/1-97	41.573	89	51	1	2	89	2	90	1.44e-25	83.6
A55/197	A157/1-97	44.048	84	46	1	2	84	2	85	2.07e-25	83.2
A55/197	A102/1-97	39.785	93	55	1	2	93	2	94	6.51e-25	82.0
A55/197	A84/1-97	39.785	93	55	1	2	93	2	94	1.14e-24	81.3
A55/197	A27/1-98	51.724	87	39	2	2	86	2	87	1.65e-24	80.9
A55/197	A58/1-97	43.529	85	47	1	2	85	2	86	3.45e-24	80.1
A55/197	A107/1-98	46.739	92	40	2	2	88	2	89	1.26e-23	79.0
A55/197	A62/1-96	41.176	85	50	0	2	86	2	86	2.13e-23	78.2
A55/197	A166/1-99	43.678	87	48	1	8	93	9	95	2.62e-23	77.8
A55/197	A47/1-96	44.186	86	47	1	2	86	2	87	4.88e-23	77.4
A55/197	A113/1-96	41.975	81	47	0	2	82	2	82	4.94e-23	77.4
A55/197	A130/1-99	40.625	96	55	1	2	95	2	97	8.33e-23	76.6
A55/197	A23/1-98	40.860	93	54	1	2	93	2	94	8.42e-23	76.6
A55/197	A124/1-97	40.000	85	50	1	2	85	2	86	8.61e-23	76.6
A55/197	A122/1-96	45.977	87	46	1	2	88	2	87	1.19e-22	76.3
A55/197	A80/1-97	42.683	82	46	1	2	82	2	83	1.55e-22	75.9
A55/197	A63/1-98	41.935	93	53	1	2	93	2	94	1.95e-22	75.9
A55/197	A37/1-96	38.298	94	57	1	2	95	2	94	2.20e-22	75.5
A55/197	A2/1-97	40.000	95	57	0	2	96	2	96	2.48e-22	75.5
A55/197	A91/1-97	41.463	82	47	1	2	82	2	83	4.76e-22	74.7
A55/197	A69/1-97	39.583	96	56	2	2	96	2	96	1.16e-21	73.9
A55/197	A40/1-96	39.130	92	56	0	2	93	2	93	1.61e-21	73.6
A55/197	A42/1-104	38.835	103	56	3	2	97	2	104	1.65e-21	73.6
A55/197	A74/1-98	42.424	99	48	2	2	95	2	96	1.90e-21	73.2
A55/197	A141/1-98	40.000	95	56	1	2	95	2	96	1.96e-21	73.2
A55/197	A35/1-99	38.542	96	57	1	2	95	2	97	2.31e-21	73.2
A55/197	A12/1-98	43.023	86	47	1	2	85	2	87	2.38e-21	73.2
A55/197	A34/1-97	39.583	96	58	0	2	97	2	97	2.69e-21	72.8
A55/197	A92/1-98	42.857	84	47	1	2	84	2	85	3.69e-21	72.4
A55/197	A96/1-98	44.444	90	41	2	2	86	2	87	1.21e-20	71.2
A55/197	A167/1-98	46.341	82	43	1	2	82	2	83	1.53e-20	70.9
A55/197	A108/1-99	37.755	98	59	1	2	97	2	99	3.04e-20	70.1
A55/197	A150/1-96	36.559	93	59	0	1	93	1	93	3.50e-20	70.1
A55/197	A128/1-97	36.559	93	58	1	2	93	2	94	3.95e-20	69.7
A55/197	A126/1-99	40.230	87	50	2	4	88	4	90	4.26e-20	69.7
A55/197	A56/1-93	46.591	88	45	2	1	88	1	86	4.36e-20	69.7
A55/197	A3/1-98	36.842	95	59	1	2	95	2	96	1.44e-19	68.6
A55/197	A53/1-99	38.043	92	55	1	2	91	2	93	3.51e-19	67.4
A55/197	A161/1-98	36.585	82	52	0	12	93	13	94	3.87e-19	67.4
A55/197	A103/1-98	37.895	95	58	1	2	95	2	96	4.13e-19	67.4
A55/197	A81/1-98	40.000	95	56	1	2	95	2	96	5.72e-19	67.0
A55/197	A117/1-97	35.789	95	59	2	2	95	2	95	6.59e-19	66.6
A55/197	A70/1-98	35.789	95	60	1	2	95	2	96	7.04e-19	66.6
A55/197	A97/1-99	37.895	95	57	1	2	94	2	96	7.59e-19	66.6
A55/197	A52/1-98	39.362	94	50	3	4	96	7	94	7.76e-19	66.6
A55/197	A89/1-96	37.500	88	48	2	2	86	2	85	8.65e-19	66.6
A55/197	A20/1-102	37.624	101	52	2	2	91	2	102	9.03e-19	66.2
A55/197	A78/1-96	37.647	85	52	1	2	86	2	85	1.24e-18	66.2
A55/197	A86/1-99	39.535	86	50	1	2	85	2	87	1.34e-18	65.9
A55/197	A28/1-100	34.737	95	59	1	2	93	2	96	1.59e-18	65.9
A55/197	A13/1-103	39.583	96	52	1	2	91	2	97	2.22e-18	65.5
A55/197	A163/1-98	38.298	94	57	1	2	94	2	95	3.11e-18	65.1
A55/197	A155/1-98	35.484	93	59	1	2	93	2	94	4.04e-18	64.7
A55/197	A139/1-97	33.333	87	57	1	1	86	1	87	4.36e-18	64.7
A55/197	A135/1-97	38.667	75	46	0	12	86	13	87	4.86e-18	64.7
A55/197	A85/1-98	42.222	90	43	2	2	86	2	87	5.42e-18	64.3
A55/197	A136/1-98	35.227	88	56	1	2	88	2	89	6.10e-18	64.3
A55/197	A125/1-98	33.333	96	63	1	1	95	1	96	6.66e-18	64.3
A55/197	A75/1-99	36.458	96	59	1	2	95	2	97	1.30e-17	63.5
A55/197	A45/1-98	35.714	98	60	2	2	97	2	98	2.15e-17	62.8
A55/197	A111/1-96	38.824	85	51	1	2	86	2	85	2.47e-17	62.8
A55/197	A14/1-100	37.864	103	51	2	2	96	2	99	2.56e-17	62.8
A55/197	A48/1-98	34.737	95	61	1	2	95	2	96	3.01e-17	62.4
A55/197	A114/1-98	35.789	95	60	1	2	95	2	96	3.39e-17	62.4
A55/197	A146/1-97	33.708	89	58	1	2	89	2	90	3.90e-17	62.4
A55/197	A100/1-96	41.176	85	49	1	2	86	2	85	4.12e-17	62.0
A55/197	A24/1-98	39.535	86	51	1	2	86	2	87	6.28e-17	61.6
A55/197	A158/1-98	36.047	86	54	1	2	86	2	87	7.97e-17	61.6
A55/197	A129/1-98	40.206	97	57	1	1	96	1	97	9.48e-17	61.2
A55/197	A118/1-98	31.579	95	64	1	2	95	2	96	1.26e-16	60.8
A55/197	A64/1-99	36.957	92	56	1	2	91	2	93	1.67e-16	60.5
A55/197	A10/1-98	37.931	87	53	1	2	87	2	88	1.86e-16	60.5
A55/197	A119/1-97	30.000	90	63	0	2	91	2	91	3.09e-16	60.1
A55/197	A152/1-99	35.165	91	57	1	1	89	1	91	3.16e-16	60.1
A55/197	A41/1-98	38.372	86	52	1	2	86	2	87	3.22e-16	60.1
A55/197	A133/1-95	38.372	86	50	2	2	86	2	85	3.33e-16	59.7
A55/197	A31/1-95	36.364	88	55	1	2	89	2	88	4.46e-16	59.7
A55/197	A17/1-103	31.915	94	58	2	2	89	2	95	4.97e-16	59.3
A55/197	A67/1-95	34.375	96	54	2	2	93	2	92	8.36e-16	58.9
A55/197	A9/1-95	33.708	89	56	2	1	88	1	87	1.22e-15	58.5
A55/197	A21/1-98	39.362	94	55	2	2	94	3	95	2.72e-15	57.4
A55/197	A7/1-97	37.778	90	54	2	2	90	3	91	3.52e-15	57.4
A55/197	A140/1-99	39.189	74	43	1	13	84	13	86	3.97e-15	57.0
A55/197	A159/1-98	29.897	97	67	1	2	97	2	98	4.82e-15	57.0
A55/197	A60/1-99	34.783	92	58	2	4	93	4	95	1.50e-14	55.5
A55/197	A93/1-99	35.417	96	57	3	2	95	5	97	4.18e-14	54.3
A55/197	A147/1-98	31.579	95	64	1	2	95	2	96	5.77e-14	54.3
A55/197	A82/1-99	34.375	96	58	3	2	95	5	97	9.48e-14	53.5
A55/197	A144/1-96	34.783	92	59	1	2	93	2	92	1.10e-13	53.5
A55/197	A104/1-99	33.333	96	59	3	2	95	5	97	2.22e-13	52.8
A55/197	A137/1-98	30.120	83	58	0	4	86	4	86	2.67e-13	52.4
A55/197	A59/1-98	34.409	93	58	2	4	95	6	96	3.53e-13	52.0
A55/197	A115/1-99	36.364	77	48	1	4	79	4	80	4.33e-13	52.0
A55/197	A6/1-97	36.905	84	51	2	2	84	2	84	4.57e-13	52.0
A55/197	A38/1-98	34.409	93	60	1	2	93	2	94	5.85e-13	51.6
A55/197	A151/1-99	32.653	98	61	2	2	97	5	99	1.77e-12	50.4
A55/197	A71/1-99	34.043	94	57	3	2	93	5	95	4.97e-12	49.3
A55/197	A148/1-102	30.233	86	53	3	2	83	5	87	7.89e-11	46.2
A55/197	A49/1-100	30.108	93	62	1	4	93	4	96	2.75e-10	44.7
A55/197	A162/1-99	27.273	77	55	1	10	85	11	87	3.67e-10	44.3
A56/193	A56/1-93	100.000	93	0	0	1	93	1	93	2.59e-68	191
A56/193	A3/1-98	44.444	90	47	2	2	88	2	91	3.78e-23	77.4
A56/193	A44/1-97	41.237	97	53	3	1	93	1	97	1.40e-22	75.9
A56/193	A89/1-96	41.053	95	53	2	2	93	2	96	4.01e-21	72.4
A56/193	A111/1-96	40.000	95	54	2	2	93	2	96	4.66e-21	72.0
A56/193	A78/1-96	37.895	95	56	2	2	93	2	96	9.57e-21	71.2
A56/193	A16/1-97	42.708	96	51	3	2	93	2	97	1.16e-20	71.2
A56/193	A75/1-99	44.318	88	45	2	2	85	2	89	1.40e-20	70.9
A56/193	A96/1-98	43.956	91	48	2	2	89	2	92	2.03e-20	70.5
A56/193	A55/1-97	46.591	88	45	2	1	86	1	88	3.77e-20	69.7
A56/193	A66/1-97	42.222	90	50	1	1	88	1	90	3.98e-20	69.7
A56/193	A67/1-95	38.372	86	52	1	2	86	2	87	5.40e-20	69.3
A56/193	A35/1-99	39.796	98	53	3	2	93	2	99	7.24e-20	68.9
A56/193	A42/1-104	36.842	95	51	2	2	87	2	96	1.01e-19	68.6
A56/193	A122/1-96	42.697	89	50	1	2	89	2	90	1.38e-19	68.2
A56/193	A141/1-98	40.000	90	51	2	2	88	2	91	1.39e-19	68.2
A56/193	A100/1-96	38.947	95	55	2	2	93	2	96	6.24e-19	66.6
A56/193	A155/1-98	39.024	82	47	2	8	86	8	89	6.44e-19	66.6
A56/193	A118/1-98	41.053	95	51	3	2	92	2	95	8.93e-19	66.2
A56/193	A5/1-98	39.796	98	54	3	1	93	1	98	1.18e-18	65.9
A56/193	A63/1-98	41.111	90	50	2	2	88	2	91	1.32e-18	65.9
A56/193	A9/1-95	36.364	88	55	1	1	87	1	88	1.81e-18	65.5
A56/193	A30/1-97	41.053	95	50	3	2	90	2	96	2.20e-18	65.5
A56/193	A14/1-100	42.391	92	48	2	2	88	2	93	2.27e-18	65.1
A56/193	A130/1-99	39.796	98	53	3	2	93	2	99	2.48e-18	65.1
A56/193	A37/1-96	37.805	82	50	1	2	82	2	83	4.17e-18	64.7
A56/193	A17/1-103	36.957	92	50	2	2	85	2	93	6.04e-18	64.3
A56/193	A77/1-97	43.182	88	48	1	1	86	1	88	6.38e-18	63.9
A56/193	A107/1-98	38.298	94	55	2	2	92	2	95	8.45e-18	63.9
A56/193	A40/1-96	39.080	87	51	2	2	86	2	88	1.28e-17	63.2
A56/193	A152/1-99	36.667	90	53	2	1	86	1	90	1.66e-17	63.2
A56/193	A31/1-95	41.176	85	49	1	2	85	2	86	2.32e-17	62.8
A56/193	A143/1-97	39.326	89	52	2	1	87	1	89	2.40e-17	62.8
A56/193	A7/1-97	38.043	92	53	3	2	90	3	93	2.98e-17	62.4
A56/193	A24/1-98	42.353	85	46	2	7	88	7	91	3.04e-17	62.4
A56/193	A88/1-97	40.909	88	50	1	1	86	1	88	3.14e-17	62.4
A56/193	A158/1-98	38.144	97	55	3	2	93	2	98	4.80e-17	62.0
A56/193	A144/1-96	38.372	86	52	1	2	86	2	87	6.43e-17	61.6
A56/193	A99/1-97	40.909	88	50	2	1	86	1	88	8.43e-17	61.2
A56/193	A121/1-97	38.636	88	52	2	1	86	1	88	8.81e-17	61.2
A56/193	A108/1-99	36.735	98	56	3	2	93	2	99	8.81e-17	61.2
A56/193	A70/1-98	43.820	89	45	3	2	86	2	89	9.61e-17	61.2
A56/193	A97/1-99	38.824	85	48	2	2	82	2	86	1.26e-16	60.8
A56/193	A64/1-99	37.778	90	52	2	2	87	2	91	1.37e-16	60.8
A56/193	A74/1-98	39.080	87	50	2	2	85	2	88	1.47e-16	60.5
A56/193	A167/1-98	40.000	90	51	2	2	88	2	91	2.36e-16	60.1
A56/193	A53/1-99	38.889	90	51	2	2	87	2	91	2.75e-16	60.1
A56/193	A45/1-98	38.889	90	48	2	2	86	2	89	2.81e-16	60.1
A56/193	A85/1-98	42.500	80	43	2	9	85	9	88	2.90e-16	59.7
A56/193	A27/1-98	43.333	90	44	4	10	93	10	98	3.03e-16	59.7
A56/193	A81/1-98	42.857	98	49	4	2	93	2	98	4.48e-16	59.3
A56/193	A103/1-98	39.796	98	52	4	2	93	2	98	5.62e-16	59.3
A56/193	A2/1-97	35.238	105	46	3	2	93	2	97	5.62e-16	59.3
A56/193	A51/1-96	36.471	85	52	2	2	84	2	86	8.21e-16	58.5
A56/193	A150/1-96	36.458	96	58	3	1	93	1	96	1.17e-15	58.2
A56/193	A163/1-98	37.209	86	51	2	2	84	2	87	1.66e-15	57.8
A56/193	A119/1-97	35.632	87	54	2	2	86	2	88	1.75e-15	57.8
A56/193	A84/1-97	40.698	86	46	3	3	86	7	89	1.83e-15	57.8
A56/193	A48/1-98	39.130	92	49	4	7	92	7	97	2.25e-15	57.8
A56/193	A92/1-98	40.816	98	51	4	2	93	2	98	2.30e-15	57.4
A56/193	A125/1-98	35.556	90	53	3	1	86	1	89	2.32e-15	57.4
A56/193	A162/1-99	38.202	89	50	3	10	93	11	99	3.11e-15	57.4
A56/193	A159/1-98	30.337	89	59	2	2	87	2	90	3.14e-15	57.4
A56/193	A132/1-97	38.889	90	53	2	1	88	1	90	3.32e-15	57.0
A56/193	A154/1-97	36.264	91	50	2	1	86	1	88	5.17e-15	56.6
A56/193	A110/1-97	34.444	90	57	2	1	88	1	90	6.14e-15	56.6
A56/193	A52/1-98	35.294	85	52	2	10	91	10	94	8.14e-15	56.2
A56/193	A34/1-97	37.209	86	52	1	2	85	2	87	1.64e-14	55.5
A56/193	A146/1-97	39.773	88	50	3	2	86	2	89	2.08e-14	55.1
A56/193	A166/1-99	39.560	91	49	3	3	90	7	94	2.48e-14	55.1
A56/193	A19/1-97	38.372	86	50	3	2	84	2	87	2.56e-14	55.1
A56/193	A20/1-102	35.165	91	52	2	2	85	2	92	2.85e-14	54.7
A56/193	A28/1-100	30.769	91	58	2	2	87	2	92	3.07e-14	54.7
A56/193	A105/1-97	37.500	88	52	3	2	86	2	89	5.75e-14	53.9
A56/193	A10/1-98	38.095	84	48	3	14	93	14	97	6.69e-14	53.9
A56/193	A113/1-96	35.106	94	59	2	2	93	2	95	6.98e-14	53.9
A56/193	A62/1-96	36.471	85	52	2	2	84	2	86	1.22e-13	53.1
A56/193	A23/1-98	34.524	84	52	3	2	82	2	85	1.28e-13	53.1
A56/193	A58/1-97	38.542	96	53	5	2	92	2	96	1.45e-13	52.8
A56/193	A126/1-99	32.955	88	55	3	4	87	4	91	2.10e-13	52.4
A56/193	A129/1-98	36.957	92	49	3	1	86	1	89	2.26e-13	52.4
A56/193	A136/1-98	38.202	89	50	3	2	86	2	89	2.31e-13	52.4
A56/193	A147/1-98	37.931	87	43	2	9	88	9	91	2.49e-13	52.4
A56/193	A114/1-98	38.144	97	55	3	2	93	2	98	3.37e-13	52.0
A56/193	A157/1-97	36.471	85	51	3	2	83	2	86	4.42e-13	51.6
A56/193	A133/1-95	35.632	87	55	1	2	87	2	88	5.42e-13	51.6
A56/193	A33/1-97	35.556	90	55	3	2	88	2	91	1.57e-12	50.4
A56/193	A41/1-98	40.000	100	49	4	2	93	2	98	1.81e-12	50.1
A56/193	A69/1-97	36.905	84	50	3	2	82	2	85	1.89e-12	50.1
A56/193	A13/1-103	34.409	93	53	2	2	86	2	94	2.45e-12	49.7
A56/193	A140/1-99	33.333	81	50	2	12	88	12	92	2.94e-12	49.7
A56/193	A82/1-99	36.782	87	49	4	13	93	13	99	3.03e-12	49.7
A56/193	A151/1-99	40.845	71	38	2	20	86	20	90	3.84e-12	49.3
A56/193	A104/1-99	32.184	87	53	3	13	93	13	99	4.56e-12	48.9
A56/193	A95/1-97	39.535	86	47	2	3	86	7	89	5.19e-12	48.9
A56/193	A49/1-100	34.783	92	51	3	9	91	9	100	6.23e-12	48.9
A56/193	A59/1-98	41.558	77	40	3	13	85	13	88	7.72e-12	48.5
A56/193	A115/1-99	31.868	91	56	4	9	93	9	99	8.60e-12	48.5
A56/193	A80/1-97	36.471	85	51	3	2	83	2	86	1.01e-11	48.1
A56/193	A117/1-97	32.292	96	61	4	2	93	2	97	1.49e-11	47.8
A56/193	A26/1-97	37.931	87	49	4	2	84	2	87	1.80e-11	47.4
A56/193	A86/1-99	31.111	90	58	2	2	87	2	91	1.86e-11	47.4
A56/193	A137/1-98	31.081	74	49	1	13	84	13	86	2.26e-11	47.4
A56/193	A73/1-97	35.227	88	54	3	2	86	2	89	2.31e-11	47.4
A56/193	A47/1-96	32.184	87	56	3	1	84	1	87	2.36e-11	47.4
A56/193	A93/1-99	32.323	99	55	5	1	93	7	99	3.05e-11	47.0
A56/193	A6/1-97	39.474	76	42	3	10	82	10	84	3.40e-11	47.0
A56/193	A60/1-99	29.670	91	58	4	9	93	9	99	4.39e-11	46.6
A56/193	A148/1-102	30.851	94	56	4	9	93	9	102	5.05e-11	46.2
A56/193	A139/1-97	33.333	87	55	3	1	84	1	87	5.16e-11	46.2
A56/193	A124/1-97	32.927	82	46	4	3	80	7	83	1.01e-10	45.4
A56/193	A21/1-98	36.957	92	54	2	2	90	3	93	1.23e-10	45.4
A56/193	A161/1-98	36.585	82	41	4	7	84	13	87	1.47e-10	45.1
A56/193	A128/1-97	31.000	100	57	4	2	93	2	97	1.64e-10	45.1
A56/193	A12/1-98	32.530	83	52	2	2	80	2	84	1.97e-10	45.1
A56/193	A38/1-98	31.959	97	61	3	2	93	2	98	5.31e-10	43.9
A56/193	A102/1-97	32.558	86	55	3	2	84	2	87	1.18e-09	42.7
A56/193	A71/1-99	31.395	86	53	3	2	84	5	87	2.71e-09	42.0
A56/193	A91/1-97	33.333	81	49	3	3	81	7	84	1.67e-08	39.7
A56/193	A135/1-97	27.848	79	55	2	8	84	9	87	1.78e-08	39.7
A58/197	A58/1-97	100.000	97	0	0	1	97	1	97	5.40e-73	203
A58/197	A19/1-97	54.639	97	44	0	1	97	1	97	1.24e-39	119
A58/197	A80/1-97	54.639	97	44	0	1	97	1	97	3.40e-39	118
A58/197	A69/1-97	52.083	96	46	0	2	97	2	97	2.33e-37	113
A58/197	A91/1-97	50.515	97	48	0	1	97	1	97	1.29e-36	111
A58/197	A33/1-97	53.125	96	45	0	2	97	2	97	3.53e-36	110
A58/197	A84/1-97	52.577	97	46	0	1	97	1	97	2.50e-35	108
A58/197	A146/1-97	51.546	97	47	0	1	97	1	97	3.40e-35	108
A58/197	A73/1-97	52.632	95	45	0	1	95	1	95	1.68e-34	106
A58/197	A157/1-97	47.917	96	50	0	1	96	1	96	2.87e-34	105
A58/197	A26/1-97	48.958	96	49	0	1	96	1	96	3.58e-34	105
A58/197	A95/1-97	46.392	97	52	0	1	97	1	97	6.94e-33	102
A58/197	A102/1-97	43.299	97	55	0	1	97	1	97	8.54e-33	102
A58/197	A135/1-97	48.958	96	49	0	2	97	2	97	1.44e-32	101
A58/197	A128/1-97	48.454	97	50	0	1	97	1	97	2.52e-32	100
A58/197	A105/1-97	48.421	95	49	0	1	95	1	95	1.93e-31	98.6
A58/197	A124/1-97	42.708	96	55	0	1	96	1	96	3.97e-31	97.8
A58/197	A113/1-96	43.299	97	54	1	1	97	1	96	9.84e-31	96.7
A58/197	A117/1-97	47.368	95	50	0	1	95	1	95	1.12e-30	96.7
A58/197	A47/1-96	47.368	95	50	0	2	96	2	96	2.50e-29	93.2
A58/197	A51/1-96	44.330	97	53	1	1	97	1	96	8.06e-29	92.0
A58/197	A161/1-98	44.444	90	50	0	2	91	2	91	3.12e-28	90.5
A58/197	A62/1-96	47.826	92	47	1	2	93	2	92	4.29e-28	90.1
A58/197	A139/1-97	44.211	95	53	0	2	96	2	96	1.44e-27	89.0
A58/197	A150/1-96	46.875	96	50	1	2	97	2	96	2.90e-27	88.2
A58/197	A5/1-98	43.299	97	52	2	2	96	2	97	1.31e-26	86.3
A58/197	A40/1-96	46.875	96	50	1	1	96	1	95	5.41e-26	84.7
A58/197	A77/1-97	50.000	84	41	1	2	85	2	84	5.65e-26	84.7
A58/197	A110/1-97	45.783	83	43	1	5	85	2	84	2.12e-25	83.2
A58/197	A66/1-97	45.263	95	50	2	2	95	2	95	3.73e-25	82.8
A58/197	A44/1-97	47.619	84	43	1	2	85	2	84	5.07e-25	82.4
A58/197	A143/1-97	46.316	95	49	2	2	95	2	95	5.35e-25	82.4
A58/197	A166/1-99	41.053	95	55	1	1	94	1	95	2.00e-24	80.9
A58/197	A55/1-97	43.529	85	47	1	2	86	2	85	3.45e-24	80.1
A58/197	A107/1-98	47.872	94	45	3	2	94	2	92	1.56e-23	78.6
A58/197	A88/1-97	39.759	83	48	1	5	85	2	84	4.06e-23	77.4
A58/197	A121/1-97	42.857	84	47	1	2	85	2	84	5.45e-23	77.0
A58/197	A41/1-98	43.878	98	52	3	1	96	1	97	9.70e-23	76.6
A58/197	A140/1-99	47.674	86	39	2	2	85	5	86	1.07e-22	76.3
A58/197	A167/1-98	42.857	98	53	3	1	96	1	97	1.95e-22	75.9
A58/197	A30/1-97	41.176	85	49	1	1	85	1	84	6.97e-22	74.3
A58/197	A158/1-98	44.792	96	50	3	2	95	2	96	7.77e-22	74.3
A58/197	A78/1-96	40.426	94	54	2	4	96	3	95	9.77e-22	73.9
A58/197	A96/1-98	50.000	84	38	2	7	86	3	86	1.74e-21	73.2
A58/197	A99/1-97	41.667	84	48	1	2	85	2	84	2.78e-21	72.8
A58/197	A27/1-98	44.898	98	49	4	2	96	2	97	5.17e-21	72.0
A58/197	A154/1-97	41.176	85	49	1	2	86	2	85	6.08e-21	72.0
A58/197	A132/1-97	38.636	88	53	1	9	95	8	95	2.88e-20	70.1
A58/197	A74/1-98	38.710	93	53	2	5	93	1	93	3.01e-20	70.1
A58/197	A86/1-99	43.182	88	47	2	1	86	1	87	3.28e-20	70.1
A58/197	A37/1-96	43.750	96	51	3	1	95	1	94	4.04e-20	69.7
A58/197	A52/1-98	43.750	80	44	1	8	86	7	86	7.50e-20	69.3
A58/197	A23/1-98	39.175	97	58	1	2	97	2	98	1.18e-19	68.6
A58/197	A63/1-98	44.706	85	45	2	2	85	2	85	1.71e-19	68.2
A58/197	A103/1-98	39.796	98	56	3	1	96	1	97	1.75e-19	68.2
A58/197	A118/1-98	39.362	94	55	2	2	94	2	94	2.25e-19	67.8
A58/197	A85/1-98	43.023	86	47	2	2	86	2	86	2.45e-19	67.8
A58/197	A3/1-98	41.304	92	53	1	2	92	1	92	4.66e-19	67.0
A58/197	A108/1-99	36.782	87	52	2	2	86	2	87	5.72e-19	67.0
A58/197	A9/1-95	42.169	83	46	2	14	95	12	93	7.35e-19	66.6
A58/197	A115/1-99	40.000	80	47	1	2	80	1	80	8.65e-19	66.6
A58/197	A162/1-99	38.372	86	51	2	13	96	13	98	1.49e-18	65.9
A58/197	A34/1-97	42.708	96	52	3	2	95	1	95	1.66e-18	65.9
A58/197	A89/1-96	39.785	93	54	2	5	96	4	95	3.36e-18	65.1
A58/197	A111/1-96	36.082	97	60	2	2	97	1	96	5.60e-18	64.3
A58/197	A137/1-98	43.373	83	45	2	2	83	1	82	5.72e-18	64.3
A58/197	A81/1-98	40.206	97	55	3	2	96	2	97	7.03e-18	64.3
A58/197	A20/1-102	38.614	101	55	3	2	96	2	101	1.05e-17	63.5
A58/197	A53/1-99	40.230	87	49	2	2	86	2	87	1.21e-17	63.5
A58/197	A12/1-98	34.783	92	58	1	5	94	4	95	1.39e-17	63.5
A58/197	A130/1-99	37.755	98	55	3	5	96	1	98	1.99e-17	63.2
A58/197	A92/1-98	36.735	98	59	3	1	96	1	97	2.82e-17	62.8
A58/197	A125/1-98	40.625	96	54	3	2	95	2	96	3.90e-17	62.4
A58/197	A16/1-97	38.095	84	51	1	2	85	2	84	4.49e-17	62.0
A58/197	A136/1-98	39.286	84	49	2	2	84	2	84	5.17e-17	62.0
A58/197	A2/1-97	36.458	96	59	2	2	96	2	96	5.28e-17	62.0
A58/197	A59/1-98	41.111	90	51	2	8	95	7	96	8.60e-17	61.2
A58/197	A97/1-99	40.449	89	50	2	1	87	1	88	1.06e-16	61.2
A58/197	A13/1-103	39.362	94	49	2	5	92	4	95	1.18e-16	60.8
A58/197	A42/1-104	37.363	91	49	3	2	85	2	91	1.51e-16	60.8
A58/197	A147/1-98	37.755	98	58	3	2	97	2	98	3.26e-16	60.1
A58/197	A144/1-96	41.667	84	46	2	5	86	2	84	4.05e-16	59.7
A58/197	A64/1-99	37.931	87	51	2	2	86	2	87	4.32e-16	59.7
A58/197	A159/1-98	36.047	86	53	2	2	86	2	86	4.41e-16	59.7
A58/197	A151/1-99	39.326	89	44	3	2	86	5	87	4.92e-16	59.3
A58/197	A129/1-98	39.130	92	49	3	2	92	5	90	5.54e-16	59.3
A58/197	A122/1-96	36.905	84	50	2	5	86	2	84	5.54e-16	59.3
A58/197	A60/1-99	39.759	83	49	1	2	83	1	83	9.21e-16	58.9
A58/197	A71/1-99	41.250	80	45	2	5	83	5	83	1.14e-15	58.5
A58/197	A152/1-99	35.632	87	53	2	2	86	2	87	1.19e-15	58.5
A58/197	A104/1-99	43.662	71	39	1	14	83	13	83	1.35e-15	58.2
A58/197	A67/1-95	33.696	92	60	1	5	96	4	94	1.58e-15	58.2
A58/197	A155/1-98	39.773	88	46	3	4	86	1	86	1.92e-15	57.8
A58/197	A126/1-99	33.750	80	52	1	5	83	4	83	1.94e-15	57.8
A58/197	A82/1-99	41.667	84	44	2	2	84	5	84	1.99e-15	57.8
A58/197	A70/1-98	38.542	96	56	3	2	95	2	96	1.99e-15	57.8
A58/197	A24/1-98	39.796	98	53	4	4	96	1	97	3.97e-15	57.0
A58/197	A93/1-99	45.455	66	35	1	19	83	18	83	4.14e-15	57.0
A58/197	A114/1-98	37.113	97	58	3	2	96	2	97	4.42e-15	57.0
A58/197	A75/1-99	36.364	88	53	2	1	86	1	87	5.14e-15	57.0
A58/197	A35/1-99	36.782	87	52	2	2	86	2	87	1.62e-14	55.5
A58/197	A141/1-98	40.698	86	49	2	2	86	2	86	1.67e-14	55.5
A58/197	A28/1-100	36.047	86	51	2	1	83	1	85	2.63e-14	55.1
A58/197	A6/1-97	40.698	86	48	3	2	86	2	85	2.74e-14	55.1
A58/197	A17/1-103	39.560	91	49	3	2	86	1	91	2.99e-14	54.7
A58/197	A119/1-97	31.959	97	64	2	2	97	2	97	3.05e-14	54.7
A58/197	A45/1-98	39.024	82	47	2	5	84	4	84	3.15e-14	54.7
A58/197	A163/1-98	35.294	85	53	2	1	84	1	84	3.67e-14	54.7
A58/197	A148/1-102	36.782	87	47	3	2	84	5	87	4.75e-14	54.3
A58/197	A7/1-97	31.522	92	60	2	5	93	2	93	5.18e-14	54.3
A58/197	A100/1-96	34.409	93	55	2	2	94	1	87	1.56e-13	53.1
A58/197	A56/1-93	38.542	96	53	5	2	96	2	92	1.66e-13	52.8
A58/197	A49/1-100	33.721	86	54	1	2	84	1	86	9.00e-13	51.2
A58/197	A48/1-98	32.530	83	53	2	4	83	1	83	1.16e-12	50.8
A58/197	A31/1-95	35.714	84	50	2	5	85	1	83	3.00e-12	49.7
A58/197	A10/1-98	37.363	91	42	4	5	86	2	86	3.00e-12	49.7
A58/197	A21/1-98	40.000	85	48	2	5	86	2	86	6.16e-12	48.9
A58/197	A133/1-95	27.957	93	66	1	5	97	4	95	1.20e-10	45.4
A58/197	A14/1-100	32.955	88	55	2	2	86	2	88	1.78e-10	45.1
A58/197	A38/1-98	31.646	79	53	1	19	96	18	96	3.48e-10	44.3
A59/198	A59/1-98	100.000	98	0	0	1	98	1	98	7.11e-72	201
A59/198	A125/1-98	54.639	97	44	0	2	98	2	98	2.51e-37	113
A59/198	A70/1-98	51.020	98	48	0	1	98	1	98	2.99e-34	105
A59/198	A81/1-98	54.082	98	45	0	1	98	1	98	5.39e-34	105
A59/198	A103/1-98	51.546	97	47	0	2	98	2	98	2.26e-33	103
A59/198	A136/1-98	49.485	97	49	0	1	97	1	97	4.17e-33	102
A59/198	A158/1-98	52.041	98	47	0	1	98	1	98	4.81e-33	102
A59/198	A20/1-102	50.000	102	47	1	1	98	1	102	6.61e-33	102
A59/198	A92/1-98	51.546	97	47	0	2	98	2	98	1.69e-32	101
A59/198	A147/1-98	47.423	97	51	0	2	98	2	98	7.83e-32	99.8
A59/198	A114/1-98	49.485	97	49	0	2	98	2	98	1.02e-30	96.7
A59/198	A48/1-98	47.917	96	50	0	1	96	1	96	6.49e-30	94.7
A59/198	A34/1-97	50.000	96	47	1	2	97	2	96	3.61e-29	92.8
A59/198	A52/1-98	50.000	92	46	0	7	98	7	98	5.17e-29	92.4
A59/198	A63/1-98	47.423	97	51	0	2	98	2	98	7.77e-28	89.4
A59/198	A41/1-98	46.392	97	52	0	2	98	2	98	1.99e-26	85.9
A59/198	A118/1-98	45.918	98	53	0	1	98	1	98	2.76e-26	85.5
A59/198	A13/1-103	44.660	103	52	1	1	98	1	103	3.22e-26	85.5
A59/198	A27/1-98	49.495	99	48	2	1	98	1	98	8.05e-26	84.3
A59/198	A140/1-99	52.809	89	41	1	1	88	1	89	9.69e-26	84.3
A59/198	A162/1-99	47.191	89	47	0	10	98	11	99	1.71e-25	83.6
A59/198	A6/1-97	49.485	97	48	1	2	98	2	97	6.26e-25	82.0
A59/198	A85/1-98	43.878	98	55	0	1	98	1	98	1.58e-24	81.3
A59/198	A107/1-98	43.299	97	55	0	2	98	2	98	2.24e-24	80.9
A59/198	A159/1-98	40.230	87	52	0	2	88	2	88	3.04e-24	80.5
A59/198	A28/1-100	42.424	99	55	1	2	98	2	100	5.92e-24	79.7
A59/198	A96/1-98	43.182	88	50	0	1	88	1	88	3.82e-23	77.8
A59/198	A129/1-98	41.837	98	57	0	1	98	1	98	8.36e-23	76.6
A59/198	A163/1-98	39.535	86	52	0	2	87	2	87	8.74e-23	76.6
A59/198	A74/1-98	40.206	97	58	0	2	98	2	98	1.07e-22	76.6
A59/198	A119/1-97	37.500	96	59	1	1	96	1	95	1.41e-22	76.3
A59/198	A35/1-99	41.837	98	56	1	2	98	2	99	1.63e-22	75.9
A59/198	A60/1-99	39.175	97	58	1	3	98	3	99	1.22e-21	73.9
A59/198	A108/1-99	39.796	98	58	1	2	98	2	99	8.55e-21	71.6
A59/198	A115/1-99	41.237	97	56	1	3	98	3	99	9.43e-21	71.6
A59/198	A24/1-98	36.735	98	62	0	1	98	1	98	1.15e-20	71.2
A59/198	A167/1-98	41.489	94	55	0	2	95	2	95	1.24e-20	71.2
A59/198	A148/1-102	43.000	100	53	2	3	98	3	102	1.31e-20	71.2
A59/198	A49/1-100	39.175	97	57	1	3	97	3	99	1.39e-20	71.2
A59/198	A93/1-99	41.237	97	56	1	3	98	3	99	2.71e-20	70.5
A59/198	A53/1-99	43.182	88	49	1	2	88	2	89	2.86e-20	70.5
A59/198	A67/1-95	44.211	95	47	3	4	95	1	92	3.09e-20	70.1
A59/198	A126/1-99	41.000	100	52	3	4	98	2	99	5.31e-20	69.7
A59/198	A82/1-99	44.330	97	53	1	3	98	3	99	6.25e-20	69.3
A59/198	A78/1-96	40.206	97	53	2	5	98	2	96	6.46e-20	69.3
A59/198	A17/1-103	40.196	102	56	1	2	98	2	103	6.97e-20	69.3
A59/198	A66/1-97	45.349	86	46	1	11	96	11	95	1.59e-19	68.6
A59/198	A152/1-99	39.773	88	52	1	2	88	2	89	2.46e-19	67.8
A59/198	A3/1-98	38.144	97	57	1	5	98	2	98	2.96e-19	67.8
A59/198	A62/1-96	42.857	98	54	2	1	98	1	96	3.37e-19	67.4
A59/198	A71/1-99	42.857	98	52	3	2	98	5	99	3.72e-19	67.4
A59/198	A151/1-99	38.043	92	56	1	1	91	1	92	4.01e-19	67.4
A59/198	A89/1-96	37.755	98	59	1	1	98	1	96	4.33e-19	67.4
A59/198	A137/1-98	36.559	93	58	1	3	95	3	94	5.09e-19	67.0
A59/198	A130/1-99	36.735	98	61	1	2	98	2	99	6.76e-19	66.6
A59/198	A84/1-97	43.333	90	49	2	7	96	8	95	7.95e-19	66.6
A59/198	A111/1-96	37.113	97	56	2	5	98	2	96	2.23e-18	65.5
A59/198	A42/1-104	39.175	97	51	3	6	94	4	100	3.71e-18	65.1
A59/198	A14/1-100	39.394	99	58	1	2	98	2	100	4.14e-18	64.7
A59/198	A104/1-99	39.175	97	58	1	3	98	3	99	4.37e-18	64.7
A59/198	A69/1-97	42.353	85	47	2	12	96	13	95	4.92e-18	64.7
A59/198	A146/1-97	38.889	90	53	2	7	96	8	95	5.86e-18	64.3
A59/198	A95/1-97	41.573	89	50	2	7	95	8	94	6.25e-18	64.3
A59/198	A31/1-95	41.176	85	46	2	6	88	4	86	8.75e-18	63.9
A59/198	A144/1-96	43.023	86	44	2	5	87	2	85	1.27e-17	63.5
A59/198	A21/1-98	42.529	87	50	0	2	88	2	88	3.18e-17	62.4
A59/198	A105/1-97	38.043	92	55	2	7	98	8	97	3.74e-17	62.4
A59/198	A7/1-97	33.721	86	57	0	2	87	2	87	4.55e-17	62.0
A59/198	A10/1-98	39.024	82	50	0	17	98	17	98	4.65e-17	62.0
A59/198	A121/1-97	39.560	91	52	2	6	94	4	93	4.70e-17	62.0
A59/198	A73/1-97	38.043	92	55	2	7	98	8	97	6.79e-17	61.6
A59/198	A75/1-99	36.264	91	53	2	2	89	2	90	6.94e-17	61.6
A59/198	A110/1-97	36.559	93	58	1	2	94	2	93	7.25e-17	61.6
A59/198	A58/1-97	41.111	90	51	2	7	96	8	95	8.90e-17	61.2
A59/198	A64/1-99	38.202	89	54	1	2	89	2	90	1.07e-16	61.2
A59/198	A100/1-96	35.052	97	61	1	2	98	2	96	1.18e-16	61.2
A59/198	A19/1-97	40.000	90	52	2	7	96	8	95	1.72e-16	60.5
A59/198	A143/1-97	38.144	97	59	1	2	98	2	97	1.78e-16	60.5
A59/198	A97/1-99	35.227	88	56	1	2	88	2	89	2.90e-16	60.1
A59/198	A141/1-98	36.082	97	59	1	5	98	2	98	6.89e-16	58.9
A59/198	A9/1-95	41.772	79	43	2	20	98	20	95	8.37e-16	58.9
A59/198	A91/1-97	37.500	96	57	3	2	96	2	95	1.04e-15	58.5
A59/198	A154/1-97	32.979	94	62	1	2	95	2	94	1.45e-15	58.2
A59/198	A135/1-97	40.000	85	49	2	12	96	13	95	2.75e-15	57.4
A59/198	A155/1-98	36.782	87	55	0	1	87	1	87	3.13e-15	57.4
A59/198	A44/1-97	37.778	90	53	2	10	98	10	97	3.30e-15	57.4
A59/198	A117/1-97	38.144	97	56	3	4	98	3	97	3.93e-15	57.0
A59/198	A113/1-96	37.895	95	57	2	2	96	2	94	4.42e-15	57.0
A59/198	A33/1-97	37.778	90	54	2	7	96	8	95	5.80e-15	56.6
A59/198	A86/1-99	34.375	96	62	1	2	96	2	97	7.76e-15	56.2
A59/198	A139/1-97	35.556	90	56	2	7	96	8	95	9.32e-15	56.2
A59/198	A124/1-97	39.286	84	46	2	5	84	2	84	9.63e-15	56.2
A59/198	A161/1-98	37.234	94	57	2	2	94	2	94	2.38e-14	55.1
A59/198	A40/1-96	40.230	87	50	2	10	96	10	94	2.41e-14	55.1
A59/198	A80/1-97	36.667	90	55	2	7	96	8	95	4.09e-14	54.7
A59/198	A88/1-97	35.484	93	56	2	5	94	2	93	4.60e-14	54.3
A59/198	A5/1-98	42.268	97	50	4	6	98	4	98	4.86e-14	54.3
A59/198	A122/1-96	37.209	86	52	1	2	87	2	85	5.77e-14	54.3
A59/198	A30/1-97	37.113	97	57	2	5	98	2	97	6.03e-14	54.3
A59/198	A157/1-97	36.250	80	50	1	7	86	8	86	7.32e-14	53.9
A59/198	A23/1-98	36.905	84	52	1	12	95	13	95	1.11e-13	53.5
A59/198	A51/1-96	35.789	95	56	3	5	96	2	94	1.19e-13	53.5
A59/198	A45/1-98	34.066	91	57	1	2	92	2	89	2.39e-13	52.8
A59/198	A99/1-97	38.095	84	49	2	6	87	4	86	2.53e-13	52.4
A59/198	A55/1-97	34.409	93	58	2	6	96	4	95	3.64e-13	52.0
A59/198	A38/1-98	34.021	97	64	0	2	98	2	98	4.72e-13	52.0
A59/198	A77/1-97	36.842	95	56	2	5	96	2	95	5.25e-13	51.6
A59/198	A132/1-97	31.959	97	65	1	2	98	2	97	1.08e-12	50.8
A59/198	A12/1-98	32.323	99	60	4	5	98	2	98	1.99e-12	50.1
A59/198	A102/1-97	33.708	89	57	2	7	95	8	94	2.08e-12	50.1
A59/198	A150/1-96	36.047	86	53	2	13	98	13	96	7.38e-12	48.9
A59/198	A128/1-97	33.333	90	58	2	7	96	8	95	7.38e-12	48.9
A59/198	A56/1-93	41.558	77	40	3	13	88	13	85	9.05e-12	48.5
A59/198	A47/1-96	36.585	82	51	1	6	87	7	87	9.76e-12	48.5
A59/198	A26/1-97	34.783	92	58	2	7	98	8	97	1.58e-11	47.8
A59/198	A37/1-96	29.213	89	61	2	10	98	10	96	9.65e-11	45.8
A59/198	A166/1-99	31.250	96	63	3	2	95	2	96	3.99e-10	44.3
A59/198	A133/1-95	36.842	76	46	1	12	87	12	85	4.44e-10	44.3
A59/198	A2/1-97	34.066	91	51	2	12	98	12	97	6.45e-10	43.5
A59/198	A16/1-97	30.612	98	67	1	1	98	1	97	1.03e-09	43.1
A60/199	A60/1-99	100.000	99	0	0	1	99	1	99	1.00e-73	205
A60/199	A71/1-99	60.606	99	39	0	1	99	1	99	5.21e-43	127
A60/199	A115/1-99	58.586	99	41	0	1	99	1	99	7.16e-43	127
A60/199	A104/1-99	59.596	99	40	0	1	99	1	99	2.94e-42	125
A60/199	A93/1-99	61.616	99	38	0	1	99	1	99	4.82e-42	125
A60/199	A82/1-99	58.586	99	41	0	1	99	1	99	1.81e-41	124
A60/199	A148/1-102	50.000	102	48	1	1	99	1	102	5.01e-36	110
A60/199	A126/1-99	47.423	97	51	0	3	99	3	99	4.92e-34	105
A60/199	A137/1-98	47.475	99	51	1	1	99	1	98	4.39e-33	102
A60/199	A49/1-100	46.392	97	49	2	1	95	1	96	4.71e-29	92.8
A60/199	A63/1-98	45.455	99	53	1	1	99	1	98	1.54e-27	89.0
A60/199	A34/1-97	47.368	95	48	2	1	95	1	93	5.40e-27	87.4
A60/199	A74/1-98	45.652	92	49	1	1	92	1	91	1.91e-26	85.9
A60/199	A147/1-98	41.414	99	57	1	1	99	1	98	1.56e-25	83.6
A60/199	A144/1-96	40.625	96	54	2	4	99	4	96	4.11e-25	82.8
A60/199	A28/1-100	43.878	98	52	2	4	99	4	100	6.22e-25	82.0
A60/199	A155/1-98	42.105	95	54	1	5	99	5	98	1.02e-24	81.6
A60/199	A17/1-103	45.192	104	51	2	1	99	1	103	2.06e-24	80.9
A60/199	A162/1-99	38.889	90	54	1	10	99	11	99	2.16e-24	80.9
A60/199	A78/1-96	42.708	96	52	2	4	99	4	96	3.41e-24	80.5
A60/199	A136/1-98	40.426	94	55	1	4	97	4	96	6.41e-24	79.7
A60/199	A96/1-98	43.820	89	49	1	4	92	4	91	1.27e-23	79.0
A60/199	A3/1-98	45.652	92	49	1	1	92	1	91	1.69e-23	78.6
A60/199	A118/1-98	39.583	96	57	1	4	99	4	98	1.97e-23	78.6
A60/199	A107/1-98	44.444	90	49	1	1	90	1	89	2.17e-23	78.2
A60/199	A41/1-98	35.789	95	60	1	5	99	5	98	4.71e-23	77.4
A60/199	A129/1-98	43.820	89	48	1	4	90	4	92	6.19e-23	77.0
A60/199	A140/1-99	41.837	98	55	2	3	99	3	99	6.26e-23	77.0
A60/199	A81/1-98	39.583	96	57	1	4	99	4	98	6.83e-23	77.0
A60/199	A20/1-102	43.478	92	46	2	5	90	5	96	1.09e-22	76.6
A60/199	A163/1-98	38.298	94	57	1	5	98	5	97	4.44e-22	75.1
A60/199	A85/1-98	40.230	87	51	1	3	89	3	88	4.44e-22	75.1
A60/199	A125/1-98	40.625	96	56	1	4	99	4	98	4.54e-22	75.1
A60/199	A35/1-99	38.000	100	60	2	1	99	1	99	1.07e-21	73.9
A60/199	A59/1-98	39.175	97	58	1	3	99	3	98	1.26e-21	73.9
A60/199	A103/1-98	37.500	96	59	1	4	99	4	98	1.50e-21	73.6
A60/199	A151/1-99	38.144	97	58	2	4	99	4	99	2.27e-21	73.2
A60/199	A70/1-98	38.542	96	58	1	4	99	4	98	3.33e-21	72.8
A60/199	A67/1-95	40.860	93	52	2	4	96	4	93	4.37e-21	72.4
A60/199	A152/1-99	38.710	93	55	2	4	95	4	95	4.42e-21	72.4
A60/199	A24/1-98	40.000	95	56	1	5	99	5	98	4.71e-21	72.4
A60/199	A52/1-98	38.384	99	57	2	4	99	1	98	5.37e-21	72.0
A60/199	A27/1-98	39.796	98	56	3	3	99	3	98	5.67e-21	72.0
A60/199	A53/1-99	40.000	100	58	2	1	99	1	99	6.46e-21	72.0
A60/199	A158/1-98	35.417	96	61	1	4	99	4	98	6.75e-21	72.0
A60/199	A16/1-97	39.394	99	52	3	4	99	4	97	9.67e-21	71.6
A60/199	A114/1-98	36.364	99	62	1	1	99	1	98	3.49e-20	70.1
A60/199	A13/1-103	39.604	101	55	2	4	99	4	103	4.02e-20	70.1
A60/199	A167/1-98	36.709	79	50	0	5	83	5	83	5.39e-20	69.7
A60/199	A45/1-98	42.857	91	47	3	3	91	3	90	7.07e-20	69.3
A60/199	A89/1-96	40.206	97	55	2	3	99	3	96	9.69e-20	68.9
A60/199	A66/1-97	45.238	84	44	2	12	95	12	93	1.26e-19	68.6
A60/199	A159/1-98	38.947	95	54	2	4	95	1	94	1.60e-19	68.6
A60/199	A128/1-97	41.837	98	51	5	4	99	4	97	1.72e-19	68.2
A60/199	A42/1-104	40.000	105	53	4	4	99	1	104	4.29e-19	67.4
A60/199	A86/1-99	45.122	82	44	1	4	84	4	85	4.63e-19	67.4
A60/199	A111/1-96	36.458	96	58	2	4	99	4	96	4.73e-19	67.4
A60/199	A141/1-98	39.759	83	47	1	4	83	1	83	1.03e-18	66.2
A60/199	A92/1-98	33.333	96	63	1	4	99	4	98	1.36e-18	66.2
A60/199	A64/1-99	40.476	84	49	1	1	83	1	84	1.50e-18	65.9
A60/199	A14/1-100	38.614	101	59	2	1	99	1	100	1.55e-18	65.9
A60/199	A119/1-97	33.333	96	62	2	4	99	4	97	1.61e-18	65.9
A60/199	A48/1-98	35.106	94	60	1	5	98	5	97	4.53e-18	64.7
A60/199	A143/1-97	37.500	96	58	2	4	99	4	97	5.44e-18	64.7
A60/199	A100/1-96	34.343	99	62	2	1	99	1	96	6.00e-18	64.3
A60/199	A124/1-97	43.210	81	44	2	4	83	4	83	6.47e-18	64.3
A60/199	A108/1-99	39.286	84	50	1	1	83	1	84	7.95e-18	63.9
A60/199	A130/1-99	37.000	100	61	2	1	99	1	99	1.09e-17	63.9
A60/199	A19/1-97	39.785	93	50	3	1	91	2	90	1.20e-17	63.5
A60/199	A31/1-95	37.349	83	47	2	4	83	1	81	1.61e-17	63.2
A60/199	A10/1-98	36.364	99	59	2	4	99	1	98	2.25e-17	62.8
A60/199	A132/1-97	35.955	89	55	2	7	95	7	93	2.28e-17	62.8
A60/199	A77/1-97	39.130	92	54	2	4	95	4	93	3.15e-17	62.4
A60/199	A75/1-99	35.802	81	51	1	4	83	4	84	5.97e-17	62.0
A60/199	A110/1-97	40.964	83	47	2	13	95	13	93	6.38e-17	61.6
A60/199	A6/1-97	40.217	92	52	2	1	90	1	91	6.59e-17	61.6
A60/199	A21/1-98	43.878	98	52	2	4	99	2	98	6.95e-17	61.6
A60/199	A113/1-96	33.696	92	59	2	4	95	4	93	1.18e-16	61.2
A60/199	A122/1-96	34.375	96	60	2	4	99	4	96	3.10e-16	60.1
A60/199	A88/1-97	38.043	92	55	2	4	95	4	93	3.38e-16	60.1
A60/199	A150/1-96	36.458	96	58	3	4	99	4	96	3.41e-16	60.1
A60/199	A80/1-97	38.554	83	50	1	1	83	2	83	3.60e-16	59.7
A60/199	A157/1-97	35.714	98	60	2	1	98	2	96	4.10e-16	59.7
A60/199	A62/1-96	36.250	80	50	1	4	83	4	82	4.93e-16	59.7
A60/199	A58/1-97	39.759	83	49	1	1	83	2	83	9.86e-16	58.9
A60/199	A44/1-97	35.165	91	57	2	9	99	9	97	1.41e-15	58.2
A60/199	A121/1-97	33.696	92	59	2	4	95	4	93	1.54e-15	58.2
A60/199	A30/1-97	38.750	80	48	1	4	83	4	82	2.10e-15	57.8
A60/199	A91/1-97	39.024	82	48	2	3	83	3	83	2.69e-15	57.8
A60/199	A84/1-97	39.175	97	55	4	4	99	4	97	4.02e-15	57.0
A60/199	A9/1-95	37.179	78	45	2	7	84	9	82	4.88e-15	57.0
A60/199	A23/1-98	32.990	97	62	3	4	99	4	98	6.19e-15	56.6
A60/199	A161/1-98	35.714	98	61	2	1	98	2	97	7.12e-15	56.6
A60/199	A38/1-98	33.673	98	60	2	5	99	2	97	1.42e-14	55.8
A60/199	A55/1-97	34.783	92	58	2	4	95	4	93	1.60e-14	55.5
A60/199	A51/1-96	36.585	82	48	2	5	83	2	82	1.69e-14	55.5
A60/199	A102/1-97	34.375	96	61	2	1	96	2	95	1.86e-14	55.5
A60/199	A95/1-97	34.375	96	61	2	1	96	2	95	2.24e-14	55.1
A60/199	A99/1-97	30.435	92	62	2	4	95	4	93	2.33e-14	55.1
A60/199	A105/1-97	35.052	97	61	2	1	97	2	96	2.55e-14	55.1
A60/199	A146/1-97	37.778	90	54	2	6	95	7	94	3.37e-14	54.7
A60/199	A97/1-99	32.184	87	58	1	4	89	4	90	4.41e-14	54.7
A60/199	A154/1-97	31.868	91	60	2	9	99	9	97	5.84e-14	54.3
A60/199	A135/1-97	37.079	89	50	3	4	88	1	87	6.43e-14	53.9
A60/199	A133/1-95	38.028	71	40	2	14	83	14	81	7.40e-14	53.9
A60/199	A47/1-96	36.559	93	56	3	4	95	4	94	9.08e-14	53.5
A60/199	A7/1-97	30.488	82	55	1	4	83	2	83	9.69e-14	53.5
A60/199	A5/1-98	33.333	90	55	3	12	99	12	98	1.02e-13	53.5
A60/199	A12/1-98	34.737	95	58	3	4	96	4	96	1.15e-13	53.5
A60/199	A33/1-97	32.632	95	62	2	1	95	2	94	1.59e-13	53.1
A60/199	A26/1-97	35.294	85	53	2	4	88	5	87	3.20e-13	52.4
A60/199	A166/1-99	35.354	99	58	5	3	98	3	98	7.18e-13	51.2
A60/199	A40/1-96	33.333	87	56	2	9	95	9	93	7.49e-13	51.2
A60/199	A2/1-97	31.507	73	49	1	12	84	12	83	1.75e-12	50.4
A60/199	A73/1-97	38.043	92	49	4	5	91	2	90	1.81e-12	50.4
A60/199	A117/1-97	33.696	92	57	3	1	91	2	90	3.71e-12	49.7
A60/199	A69/1-97	31.325	83	56	1	1	83	2	83	3.75e-12	49.7
A60/199	A139/1-97	34.722	72	46	1	12	83	13	83	3.49e-11	47.0
A60/199	A56/1-93	29.670	91	58	4	9	99	9	93	5.29e-11	46.6
A60/199	A37/1-96	30.851	94	59	3	4	96	4	92	5.68e-09	41.2
A62/196	A62/1-96	100.000	96	0	0	1	96	1	96	1.33e-70	197
A62/196	A84/1-97	64.130	92	32	1	2	92	2	93	3.28e-41	123
A62/196	A95/1-97	58.511	94	38	1	2	94	2	95	3.70e-40	120
A62/196	A73/1-97	57.292	96	40	1	2	96	2	97	3.77e-39	118
A62/196	A128/1-97	59.783	92	36	1	2	92	2	93	4.16e-39	117
A62/196	A105/1-97	58.333	96	39	1	2	96	2	97	5.01e-39	117
A62/196	A117/1-97	54.167	96	43	1	2	96	2	97	3.07e-36	110
A62/196	A150/1-96	54.945	91	41	0	2	92	2	92	1.42e-34	106
A62/196	A139/1-97	52.874	87	41	0	6	92	7	93	6.35e-34	104
A62/196	A19/1-97	50.549	91	44	1	2	91	2	92	6.82e-33	102
A62/196	A51/1-96	50.549	91	45	0	2	92	2	92	2.56e-30	95.9
A62/196	A40/1-96	47.253	91	48	0	2	92	2	92	7.93e-29	92.0
A62/196	A58/1-97	47.826	92	47	1	2	92	2	93	4.13e-28	90.1
A62/196	A80/1-97	47.826	92	47	1	2	92	2	93	2.50e-27	88.2
A62/196	A143/1-97	48.913	92	46	1	2	92	2	93	3.25e-27	87.8
A62/196	A157/1-97	43.011	93	52	1	2	93	2	94	5.87e-27	87.0
A62/196	A30/1-97	40.625	96	56	1	2	96	2	97	9.80e-27	86.7
A62/196	A91/1-97	45.652	92	49	1	2	92	2	93	1.35e-26	86.3
A62/196	A113/1-96	43.956	91	51	0	2	92	2	92	4.99e-26	84.7
A62/196	A44/1-97	42.529	87	50	0	2	88	2	88	2.80e-25	82.8
A62/196	A33/1-97	45.652	92	49	1	1	91	1	92	3.29e-25	82.8
A62/196	A26/1-97	40.625	96	56	1	2	96	2	97	4.10e-25	82.4
A62/196	A124/1-97	46.739	92	48	1	2	92	2	93	6.20e-25	82.0
A62/196	A5/1-98	40.206	97	56	1	2	96	2	98	1.71e-24	80.9
A62/196	A102/1-97	44.565	92	50	1	2	92	2	93	4.62e-24	79.7
A62/196	A77/1-97	42.697	89	51	0	1	89	1	89	5.74e-24	79.7
A62/196	A47/1-96	45.833	96	49	2	1	95	1	94	7.88e-24	79.3
A62/196	A66/1-97	42.553	94	53	1	1	93	1	94	1.34e-23	78.6
A62/196	A146/1-97	41.304	92	53	1	2	92	2	93	1.99e-23	78.2
A62/196	A55/1-97	41.176	85	50	0	2	86	2	86	2.06e-23	78.2
A62/196	A121/1-97	39.583	96	57	1	2	96	2	97	2.20e-23	78.2
A62/196	A69/1-97	41.111	90	52	1	1	89	1	90	2.47e-23	78.2
A62/196	A52/1-98	47.674	86	44	1	2	86	2	87	4.22e-23	77.4
A62/196	A23/1-98	43.333	90	50	1	1	89	1	90	9.67e-23	76.6
A62/196	A88/1-97	38.542	96	58	1	2	96	2	97	1.07e-22	76.3
A62/196	A130/1-99	39.796	98	56	2	2	96	2	99	1.60e-22	75.9
A62/196	A35/1-99	43.678	87	47	1	2	86	2	88	2.26e-22	75.5
A62/196	A16/1-97	39.326	89	54	0	1	89	1	89	4.16e-22	74.7
A62/196	A158/1-98	39.796	98	57	2	1	96	1	98	6.58e-22	74.3
A62/196	A129/1-98	41.176	85	49	1	1	84	1	85	2.20e-21	73.2
A62/196	A132/1-97	41.414	99	51	3	2	96	2	97	2.30e-21	73.2
A62/196	A110/1-97	40.426	94	55	1	2	94	2	95	2.46e-21	72.8
A62/196	A99/1-97	37.500	88	55	0	2	89	2	89	3.84e-21	72.4
A62/196	A89/1-96	40.698	86	50	1	1	86	1	85	5.80e-21	72.0
A62/196	A37/1-96	35.955	89	56	1	2	90	2	89	6.68e-21	71.6
A62/196	A161/1-98	36.782	87	55	0	4	90	5	91	9.89e-21	71.2
A62/196	A96/1-98	42.529	87	49	1	1	86	1	87	1.07e-20	71.2
A62/196	A107/1-98	41.758	91	50	2	2	91	2	90	1.34e-20	70.9
A62/196	A12/1-98	38.144	97	58	1	2	96	2	98	1.48e-20	70.9
A62/196	A63/1-98	42.268	97	54	2	2	96	2	98	1.56e-20	70.9
A62/196	A151/1-99	39.560	91	53	1	1	89	1	91	2.52e-20	70.5
A62/196	A118/1-98	40.860	93	54	1	1	92	1	93	2.84e-20	70.1
A62/196	A70/1-98	39.796	98	57	2	1	96	1	98	3.85e-20	69.7
A62/196	A136/1-98	41.053	95	53	2	1	94	1	93	6.35e-20	69.3
A62/196	A108/1-99	36.364	88	54	1	2	87	2	89	6.71e-20	69.3
A62/196	A14/1-100	42.045	88	48	1	2	86	2	89	6.86e-20	69.3
A62/196	A100/1-96	41.176	85	49	1	2	86	2	85	7.08e-20	69.3
A62/196	A154/1-97	36.170	94	60	0	2	95	2	95	8.80e-20	68.9
A62/196	A3/1-98	43.299	97	53	2	2	96	2	98	1.22e-19	68.6
A62/196	A2/1-97	38.636	88	54	0	1	88	1	88	1.80e-19	68.2
A62/196	A41/1-98	42.268	97	54	2	2	96	2	98	2.73e-19	67.8
A62/196	A59/1-98	42.857	98	54	2	1	96	1	98	3.14e-19	67.4
A62/196	A140/1-99	45.349	86	45	1	1	84	1	86	7.82e-19	66.6
A62/196	A135/1-97	36.047	86	55	0	4	89	5	90	1.33e-18	65.9
A62/196	A13/1-103	38.144	97	52	2	1	91	1	95	1.60e-18	65.9
A62/196	A167/1-98	39.785	93	54	2	2	92	2	94	1.79e-18	65.5
A62/196	A103/1-98	38.372	86	52	1	2	86	2	87	3.32e-18	65.1
A62/196	A141/1-98	38.144	97	58	2	2	96	2	98	5.17e-18	64.3
A62/196	A34/1-97	38.710	93	56	1	2	93	2	94	5.23e-18	64.3
A62/196	A111/1-96	35.632	87	55	1	2	88	2	87	6.16e-18	64.3
A62/196	A24/1-98	40.659	91	45	2	1	86	1	87	9.20e-18	63.9
A62/196	A67/1-95	33.696	92	60	1	1	92	1	91	3.03e-17	62.4
A62/196	A137/1-98	37.634	93	57	1	4	95	4	96	4.02e-17	62.0
A62/196	A119/1-97	31.461	89	61	0	1	89	1	89	6.91e-17	61.6
A62/196	A92/1-98	38.824	85	51	1	2	85	2	86	6.91e-17	61.6
A62/196	A27/1-98	40.909	88	49	2	1	86	1	87	9.06e-17	61.2
A62/196	A45/1-98	38.710	93	54	2	2	92	2	93	1.31e-16	60.8
A62/196	A81/1-98	39.080	87	52	1	1	86	1	87	1.41e-16	60.8
A62/196	A78/1-96	37.931	87	53	1	2	88	2	87	1.52e-16	60.8
A62/196	A48/1-98	33.333	96	61	2	1	95	1	94	1.64e-16	60.5
A62/196	A20/1-102	37.079	89	51	1	1	84	1	89	1.87e-16	60.5
A62/196	A85/1-98	39.080	87	52	1	1	86	1	87	2.30e-16	60.1
A62/196	A166/1-99	36.842	95	55	3	4	95	5	97	2.56e-16	60.1
A62/196	A60/1-99	36.250	80	50	1	4	82	4	83	4.45e-16	59.7
A62/196	A155/1-98	35.556	90	57	1	1	89	1	90	5.47e-16	59.3
A62/196	A125/1-98	36.082	97	60	2	2	96	2	98	6.44e-16	58.9
A62/196	A86/1-99	34.884	86	54	1	2	85	2	87	7.99e-16	58.9
A62/196	A9/1-95	35.417	96	61	1	1	96	1	95	8.26e-16	58.9
A62/196	A122/1-96	36.471	85	53	1	2	86	2	85	1.11e-15	58.5
A62/196	A7/1-97	34.375	96	61	2	2	96	3	97	1.14e-15	58.5
A62/196	A53/1-99	33.333	87	56	1	2	86	2	88	1.33e-15	58.2
A62/196	A144/1-96	34.091	88	57	1	2	89	2	88	1.60e-15	58.2
A62/196	A28/1-100	36.364	99	59	2	2	96	2	100	2.03e-15	57.8
A62/196	A31/1-95	35.870	92	58	1	2	93	2	92	2.19e-15	57.8
A62/196	A147/1-98	38.095	84	47	2	2	82	2	83	7.10e-15	56.6
A62/196	A21/1-98	40.698	86	49	2	2	86	3	87	7.66e-15	56.2
A62/196	A152/1-99	34.694	98	58	2	2	93	2	99	8.53e-15	56.2
A62/196	A17/1-103	34.066	91	54	2	2	86	2	92	9.51e-15	56.2
A62/196	A126/1-99	36.250	80	50	1	4	82	4	83	1.26e-14	55.8
A62/196	A74/1-98	30.435	92	63	1	2	92	2	93	3.44e-14	54.7
A62/196	A97/1-99	34.884	86	54	1	2	85	2	87	5.12e-14	54.3
A62/196	A159/1-98	32.955	88	58	1	2	88	2	89	6.57e-14	53.9
A62/196	A115/1-99	36.364	77	48	1	4	79	4	80	1.00e-13	53.5
A62/196	A75/1-99	31.818	88	58	1	2	87	2	89	1.11e-13	53.5
A62/196	A56/1-93	36.471	85	52	2	2	86	2	84	1.35e-13	53.1
A62/196	A64/1-99	29.897	97	66	1	2	96	2	98	2.27e-13	52.4
A62/196	A114/1-98	35.052	97	61	2	2	96	2	98	2.91e-13	52.4
A62/196	A163/1-98	33.708	89	58	1	2	89	2	90	3.93e-13	52.0
A62/196	A42/1-104	32.979	94	56	2	2	88	2	95	1.09e-12	50.8
A62/196	A82/1-99	39.326	89	49	2	4	91	4	88	2.94e-12	49.7
A62/196	A162/1-99	34.483	87	55	2	12	96	13	99	4.97e-12	49.3
A62/196	A93/1-99	37.500	80	49	1	4	82	4	83	7.08e-12	48.5
A62/196	A6/1-97	32.941	85	55	2	2	85	2	85	7.08e-12	48.5
A62/196	A10/1-98	33.721	86	54	2	4	86	2	87	1.03e-11	48.1
A62/196	A148/1-102	32.558	86	46	2	5	82	5	86	1.60e-11	47.8
A62/196	A104/1-99	34.091	88	56	2	4	89	4	91	3.50e-11	47.0
A62/196	A38/1-98	30.435	92	63	1	2	92	2	93	6.17e-11	46.2
A62/196	A133/1-95	28.261	92	65	1	1	92	1	91	5.34e-10	43.9
A62/196	A71/1-99	33.684	95	58	3	2	95	5	95	2.02e-09	42.4
A62/196	A49/1-100	31.633	98	59	3	4	95	4	99	2.67e-08	39.3
A63/198	A63/1-98	100.000	98	0	0	1	98	1	98	1.57e-71	199
A63/198	A107/1-98	59.341	91	37	0	1	91	1	91	1.85e-39	119
A63/198	A34/1-97	59.574	94	37	1	1	94	1	93	1.08e-37	114
A63/198	A118/1-98	57.732	97	41	0	2	98	2	98	1.16e-37	114
A63/198	A103/1-98	50.515	97	48	0	2	98	2	98	8.74e-37	112
A63/198	A96/1-98	55.556	90	40	0	2	91	2	91	1.22e-35	109
A63/198	A129/1-98	53.608	97	45	0	2	98	2	98	2.36e-35	108
A63/198	A52/1-98	51.020	98	48	0	1	98	1	98	3.26e-34	105
A63/198	A81/1-98	48.454	97	50	0	2	98	2	98	6.29e-34	105
A63/198	A140/1-99	55.102	98	43	1	2	98	2	99	1.86e-33	103
A63/198	A114/1-98	48.980	98	50	0	1	98	1	98	2.24e-33	103
A63/198	A74/1-98	53.846	91	42	0	1	91	1	91	2.69e-33	103
A63/198	A85/1-98	54.023	87	40	0	2	88	2	88	5.52e-32	100
A63/198	A136/1-98	47.872	94	49	0	2	95	2	95	1.51e-31	99.0
A63/198	A125/1-98	47.423	97	51	0	2	98	2	98	1.63e-31	99.0
A63/198	A70/1-98	48.454	97	50	0	2	98	2	98	8.25e-30	94.4
A63/198	A92/1-98	41.237	97	57	0	2	98	2	98	9.61e-30	94.4
A63/198	A20/1-102	48.515	101	48	1	2	98	2	102	1.35e-29	94.0
A63/198	A147/1-98	42.857	98	56	0	1	98	1	98	3.31e-29	92.8
A63/198	A158/1-98	47.423	97	51	0	2	98	2	98	5.46e-29	92.4
A63/198	A59/1-98	47.423	97	51	0	2	98	2	98	7.77e-28	89.4
A63/198	A13/1-103	48.039	102	48	1	2	98	2	103	9.67e-28	89.4
A63/198	A82/1-99	46.465	99	52	1	1	98	1	99	1.19e-27	89.0
A63/198	A60/1-99	45.455	99	53	1	1	98	1	99	1.48e-27	89.0
A63/198	A41/1-98	48.454	97	50	0	2	98	2	98	1.71e-27	88.6
A63/198	A27/1-98	48.980	98	48	2	2	98	2	98	3.08e-27	88.2
A63/198	A151/1-99	47.959	98	50	1	2	98	2	99	4.41e-27	87.4
A63/198	A121/1-97	43.299	97	54	1	2	98	2	97	1.91e-26	85.9
A63/198	A84/1-97	48.980	98	47	3	2	98	2	97	4.05e-26	85.1
A63/198	A162/1-99	44.944	89	49	0	10	98	11	99	8.88e-26	84.3
A63/198	A137/1-98	44.444	99	53	2	1	98	1	98	1.06e-25	84.0
A63/198	A115/1-99	42.424	99	56	1	1	98	1	99	1.21e-25	84.0
A63/198	A31/1-95	48.864	88	43	2	1	88	1	86	1.64e-25	83.6
A63/198	A104/1-99	43.434	99	55	1	1	98	1	99	4.27e-25	82.4
A63/198	A71/1-99	43.434	99	55	1	1	98	1	99	8.04e-25	82.0
A63/198	A53/1-99	42.424	99	56	1	1	98	1	99	1.50e-24	81.3
A63/198	A48/1-98	44.086	93	52	0	2	94	2	94	2.12e-24	80.9
A63/198	A6/1-97	48.913	92	46	1	1	92	1	91	2.32e-24	80.9
A63/198	A126/1-99	41.667	96	55	1	4	98	4	99	2.34e-24	80.9
A63/198	A3/1-98	47.253	91	48	0	1	91	1	91	3.28e-24	80.5
A63/198	A93/1-99	45.455	99	53	1	1	98	1	99	3.66e-24	80.1
A63/198	A28/1-100	44.444	99	53	1	2	98	2	100	9.36e-24	79.3
A63/198	A155/1-98	39.175	97	59	0	2	98	2	98	1.14e-23	79.0
A63/198	A144/1-96	44.330	97	52	1	2	98	2	96	1.27e-23	79.0
A63/198	A78/1-96	42.268	97	54	1	2	98	2	96	1.65e-23	78.6
A63/198	A148/1-102	44.118	102	53	2	1	98	1	102	1.78e-23	78.6
A63/198	A21/1-98	46.939	98	51	1	1	98	2	98	2.10e-23	78.2
A63/198	A77/1-97	45.161	93	50	1	2	94	2	93	2.66e-23	78.2
A63/198	A49/1-100	43.878	98	53	1	1	96	1	98	3.28e-23	77.8
A63/198	A154/1-97	39.175	97	58	1	2	98	2	97	3.35e-23	77.8
A63/198	A45/1-98	46.154	91	45	2	2	90	2	90	4.54e-23	77.4
A63/198	A167/1-98	40.860	93	55	0	2	94	2	94	5.18e-23	77.4
A63/198	A95/1-97	44.898	98	51	3	2	98	2	97	5.29e-23	77.4
A63/198	A9/1-95	46.667	90	42	3	2	89	2	87	5.29e-23	77.4
A63/198	A35/1-99	40.404	99	58	1	1	98	1	99	9.74e-23	76.6
A63/198	A111/1-96	41.837	98	55	1	1	98	1	96	1.44e-22	76.3
A63/198	A130/1-99	43.434	99	55	1	1	98	1	99	1.46e-22	76.3
A63/198	A55/1-97	41.935	93	53	1	2	94	2	93	2.02e-22	75.9
A63/198	A166/1-99	41.237	97	53	1	5	97	2	98	2.25e-22	75.5
A63/198	A26/1-97	43.878	98	52	3	2	98	2	97	5.81e-22	74.7
A63/198	A122/1-96	41.237	97	55	1	2	98	2	96	6.07e-22	74.7
A63/198	A88/1-97	39.785	93	55	1	2	94	2	93	8.15e-22	74.3
A63/198	A30/1-97	46.067	89	39	2	2	86	2	85	8.24e-22	74.3
A63/198	A51/1-96	41.860	86	49	1	2	87	2	86	8.89e-22	73.9
A63/198	A105/1-97	44.444	90	48	2	2	90	2	90	9.28e-22	73.9
A63/198	A66/1-97	44.086	93	51	1	2	94	2	93	1.21e-21	73.9
A63/198	A64/1-99	40.860	93	54	1	1	92	1	93	2.24e-21	73.2
A63/198	A108/1-99	35.644	101	60	2	1	98	1	99	2.47e-21	73.2
A63/198	A119/1-97	38.000	100	55	2	2	98	2	97	2.58e-21	72.8
A63/198	A24/1-98	42.268	97	56	0	2	98	2	98	3.04e-21	72.8
A63/198	A163/1-98	36.458	96	61	0	2	97	2	97	4.45e-21	72.4
A63/198	A73/1-97	43.333	90	49	2	2	90	2	90	4.60e-21	72.4
A63/198	A67/1-95	41.573	89	50	1	2	90	2	88	5.18e-21	72.0
A63/198	A117/1-97	41.111	90	51	2	2	90	2	90	6.04e-21	72.0
A63/198	A159/1-98	36.170	94	60	0	1	94	1	94	6.17e-21	72.0
A63/198	A14/1-100	40.594	101	56	2	1	98	1	100	6.66e-21	72.0
A63/198	A37/1-96	40.426	94	54	2	2	95	2	93	6.73e-21	72.0
A63/198	A33/1-97	39.362	94	55	2	2	94	2	94	6.80e-21	72.0
A63/198	A141/1-98	38.776	98	60	0	1	98	1	98	8.93e-21	71.6
A63/198	A17/1-103	42.718	103	54	1	1	98	1	103	9.23e-21	71.6
A63/198	A47/1-96	42.529	87	48	2	2	87	2	87	1.15e-20	71.2
A63/198	A62/1-96	42.268	97	54	2	2	98	2	96	1.68e-20	70.9
A63/198	A23/1-98	37.755	98	59	2	2	98	2	98	2.11e-20	70.5
A63/198	A16/1-97	39.175	97	58	1	2	98	2	97	2.23e-20	70.5
A63/198	A146/1-97	42.857	91	50	2	2	91	2	91	3.26e-20	70.1
A63/198	A99/1-97	37.634	93	57	1	2	94	2	93	3.92e-20	70.1
A63/198	A42/1-104	39.423	104	57	2	1	98	1	104	1.17e-19	68.6
A63/198	A152/1-99	37.234	94	55	2	2	94	2	92	1.38e-19	68.6
A63/198	A58/1-97	44.706	85	45	2	2	85	2	85	1.78e-19	68.2
A63/198	A128/1-97	41.837	98	54	3	2	98	2	97	1.81e-19	68.2
A63/198	A86/1-99	32.653	98	65	1	2	98	2	99	2.07e-19	68.2
A63/198	A44/1-97	41.237	97	56	1	2	98	2	97	2.26e-19	68.2
A63/198	A75/1-99	38.889	90	50	2	2	88	2	89	2.30e-19	68.2
A63/198	A89/1-96	38.144	97	58	1	2	98	2	96	2.65e-19	67.8
A63/198	A150/1-96	44.944	89	48	1	2	90	2	89	2.86e-19	67.8
A63/198	A161/1-98	41.237	97	55	2	2	97	2	97	4.14e-19	67.4
A63/198	A113/1-96	39.785	93	55	1	2	94	2	93	6.47e-19	67.0
A63/198	A40/1-96	41.573	89	51	1	2	90	2	89	6.47e-19	67.0
A63/198	A5/1-98	38.384	99	57	3	2	98	2	98	6.68e-19	66.6
A63/198	A100/1-96	36.735	98	60	1	1	98	1	96	7.53e-19	66.6
A63/198	A143/1-97	39.362	94	56	1	2	95	2	94	1.01e-18	66.2
A63/198	A110/1-97	37.634	93	57	1	2	94	2	93	1.11e-18	66.2
A63/198	A19/1-97	40.000	90	52	2	2	90	2	90	1.13e-18	66.2
A63/198	A56/1-93	41.111	90	50	2	2	91	2	88	1.58e-18	65.9
A63/198	A97/1-99	37.000	100	58	2	2	98	2	99	1.65e-18	65.9
A63/198	A69/1-97	43.023	86	47	2	2	86	2	86	2.86e-18	65.1
A63/198	A124/1-97	41.667	84	47	2	2	84	2	84	4.56e-18	64.7
A63/198	A7/1-97	38.202	89	54	1	1	89	2	89	6.75e-18	64.3
A63/198	A80/1-97	39.759	83	48	2	2	83	2	83	4.65e-17	62.0
A63/198	A132/1-97	35.484	93	59	1	2	94	2	93	5.12e-17	62.0
A63/198	A102/1-97	32.632	95	62	2	2	95	2	95	9.30e-17	61.2
A63/198	A157/1-97	40.000	85	49	2	2	85	2	85	9.50e-17	61.2
A63/198	A135/1-97	35.870	92	57	2	1	91	1	91	9.61e-17	61.2
A63/198	A91/1-97	37.349	83	50	2	2	83	2	83	1.40e-16	60.8
A63/198	A38/1-98	35.052	97	63	0	2	98	2	98	2.21e-16	60.5
A63/198	A10/1-98	36.735	98	62	0	1	98	1	98	5.92e-16	59.3
A63/198	A12/1-98	34.343	99	61	3	2	98	2	98	9.23e-16	58.9
A63/198	A133/1-95	37.209	86	52	1	2	87	2	85	3.48e-14	54.7
A63/198	A139/1-97	35.227	88	55	2	10	97	11	96	4.27e-14	54.7
A63/198	A2/1-97	31.959	97	65	1	2	98	2	97	1.59e-12	50.4
A64/199	A64/1-99	100.000	99	0	0	1	99	1	99	1.09e-72	202
A64/199	A108/1-99	55.435	92	41	0	1	92	1	92	1.59e-34	106
A64/199	A152/1-99	50.000	98	48	1	2	98	2	99	1.15e-31	99.4
A64/199	A97/1-99	50.549	91	45	0	2	92	2	92	1.53e-31	99.0
A64/199	A86/1-99	51.020	98	48	0	2	99	2	99	1.50e-29	94.0
A64/199	A53/1-99	44.086	93	52	0	1	93	1	93	7.64e-28	89.7
A64/199	A130/1-99	47.727	88	46	0	1	88	1	88	1.10e-27	89.4
A64/199	A75/1-99	46.154	91	49	0	2	92	2	92	1.46e-27	89.0
A64/199	A159/1-98	46.739	92	48	1	1	92	1	91	1.13e-26	86.7
A64/199	A141/1-98	47.191	89	46	1	1	89	1	88	2.30e-26	85.9
A64/199	A42/1-104	46.809	94	45	2	1	89	1	94	4.58e-26	85.1
A64/199	A28/1-100	42.857	98	55	1	2	98	2	99	2.99e-25	83.2
A64/199	A115/1-99	46.667	90	46	2	1	89	1	89	3.89e-25	82.8
A64/199	A14/1-100	47.778	90	46	1	1	89	1	90	5.89e-25	82.4
A64/199	A35/1-99	46.591	88	47	0	1	88	1	88	1.68e-24	81.3
A64/199	A31/1-95	44.898	98	51	1	1	98	1	95	3.33e-23	77.8
A64/199	A144/1-96	45.977	87	44	2	2	88	2	85	1.02e-22	76.6
A64/199	A119/1-97	38.144	97	58	1	2	98	2	96	1.23e-22	76.3
A64/199	A67/1-95	43.678	87	46	1	2	88	2	85	1.65e-22	75.9
A64/199	A16/1-97	40.816	98	51	2	2	99	2	92	4.54e-22	75.1
A64/199	A155/1-98	44.828	87	47	1	2	88	2	87	1.16e-21	73.9
A64/199	A63/1-98	40.860	93	54	1	1	93	1	92	2.32e-21	73.2
A64/199	A111/1-96	39.773	88	50	1	1	88	1	85	2.65e-21	72.8
A64/199	A78/1-96	39.080	87	50	1	2	88	2	85	3.71e-21	72.4
A64/199	A100/1-96	39.560	91	52	1	1	91	1	88	3.96e-21	72.4
A64/199	A126/1-99	41.975	81	46	1	4	84	4	83	5.31e-21	72.0
A64/199	A7/1-97	38.776	98	58	2	1	98	2	97	7.45e-21	71.6
A64/199	A27/1-98	42.045	88	50	1	2	89	2	88	7.61e-21	71.6
A64/199	A74/1-98	42.697	89	50	1	1	89	1	88	2.44e-20	70.5
A64/199	A96/1-98	43.333	90	46	2	2	89	2	88	3.09e-20	70.1
A64/199	A107/1-98	42.697	89	50	1	1	89	1	88	8.14e-20	69.3
A64/199	A104/1-99	40.000	90	52	2	1	89	1	89	2.36e-19	68.2
A64/199	A21/1-98	45.745	94	49	2	1	94	2	93	5.75e-19	67.0
A64/199	A13/1-103	39.000	100	57	1	2	97	2	101	7.07e-19	66.6
A64/199	A121/1-97	40.909	88	50	2	2	89	2	87	8.79e-19	66.6
A64/199	A143/1-97	40.217	92	53	1	2	93	2	91	9.90e-19	66.2
A64/199	A82/1-99	41.111	90	51	2	1	89	1	89	1.46e-18	65.9
A64/199	A89/1-96	37.931	87	51	1	2	88	2	85	1.50e-18	65.9
A64/199	A60/1-99	40.476	84	49	1	1	84	1	83	1.50e-18	65.9
A64/199	A163/1-98	36.782	87	54	1	2	88	2	87	2.09e-18	65.5
A64/199	A122/1-96	40.230	87	49	1	2	88	2	85	2.19e-18	65.5
A64/199	A148/1-102	39.773	88	49	2	1	85	1	87	2.93e-18	65.1
A64/199	A41/1-98	34.831	89	57	1	2	90	2	89	4.43e-18	64.7
A64/199	A44/1-97	36.264	91	56	1	2	92	2	90	9.06e-18	63.9
A64/199	A117/1-97	37.500	88	52	2	2	88	2	87	9.67e-18	63.9
A64/199	A93/1-99	39.286	84	50	1	1	84	1	83	1.54e-17	63.5
A64/199	A24/1-98	35.556	90	57	1	2	91	2	90	2.16e-17	63.2
A64/199	A3/1-98	34.831	89	57	1	1	89	1	88	3.12e-17	62.4
A64/199	A125/1-98	37.500	88	54	1	2	89	2	88	4.51e-17	62.0
A64/199	A129/1-98	38.824	85	51	1	2	86	2	85	5.25e-17	62.0
A64/199	A118/1-98	32.632	95	49	2	2	89	2	88	5.60e-17	62.0
A64/199	A146/1-97	37.500	88	52	2	2	88	2	87	6.51e-17	61.6
A64/199	A162/1-99	37.500	80	49	1	10	89	11	89	7.18e-17	61.6
A64/199	A95/1-97	39.560	91	46	3	2	88	2	87	8.92e-17	61.2
A64/199	A34/1-97	38.202	89	53	2	1	89	1	87	9.31e-17	61.2
A64/199	A81/1-98	32.632	95	63	1	2	96	2	95	9.62e-17	61.2
A64/199	A59/1-98	38.202	89	54	1	2	90	2	89	1.11e-16	61.2
A64/199	A71/1-99	34.343	99	64	1	1	99	1	98	1.32e-16	60.8
A64/199	A77/1-97	38.636	88	52	1	2	89	2	87	1.55e-16	60.8
A64/199	A124/1-97	37.931	87	51	3	2	87	2	86	1.65e-16	60.8
A64/199	A56/1-93	37.778	90	52	2	2	91	2	87	1.69e-16	60.8
A64/199	A55/1-97	36.957	92	56	1	2	93	2	91	1.78e-16	60.5
A64/199	A103/1-98	33.333	93	61	1	2	94	2	93	2.42e-16	60.5
A64/199	A158/1-98	31.818	88	59	1	2	89	2	88	2.44e-16	60.5
A64/199	A73/1-97	36.364	88	53	2	2	88	2	87	2.78e-16	60.1
A64/199	A48/1-98	35.227	88	56	1	2	89	2	88	2.81e-16	60.1
A64/199	A58/1-97	37.931	87	51	2	2	87	2	86	4.62e-16	59.7
A64/199	A37/1-96	34.118	85	53	1	2	86	2	83	5.38e-16	59.3
A64/199	A49/1-100	33.333	90	59	1	1	89	1	90	5.74e-16	59.3
A64/199	A105/1-97	35.227	88	54	2	2	88	2	87	6.47e-16	59.3
A64/199	A20/1-102	36.170	94	56	2	2	92	2	94	9.24e-16	58.9
A64/199	A110/1-97	35.227	88	55	1	2	89	2	87	1.81e-15	58.2
A64/199	A66/1-97	37.931	87	52	1	2	88	2	86	2.01e-15	57.8
A64/199	A133/1-95	31.959	97	63	1	2	98	2	95	2.19e-15	57.8
A64/199	A137/1-98	35.227	88	55	2	1	88	1	86	2.22e-15	57.8
A64/199	A33/1-97	35.227	88	54	2	2	88	2	87	2.22e-15	57.8
A64/199	A45/1-98	38.202	89	50	2	2	88	2	87	2.94e-15	57.4
A64/199	A88/1-97	34.783	92	58	1	2	93	2	91	3.03e-15	57.4
A64/199	A140/1-99	34.118	85	56	0	2	86	2	86	3.93e-15	57.4
A64/199	A2/1-97	36.047	86	53	1	2	87	2	85	4.11e-15	57.0
A64/199	A10/1-98	31.111	90	61	1	1	90	1	89	4.99e-15	57.0
A64/199	A84/1-97	36.364	88	53	2	2	88	2	87	5.26e-15	57.0
A64/199	A136/1-98	35.227	88	56	1	2	89	2	88	5.99e-15	56.6
A64/199	A147/1-98	33.333	87	57	1	1	87	1	86	7.05e-15	56.6
A64/199	A51/1-96	35.632	87	54	1	2	88	2	86	8.56e-15	56.2
A64/199	A167/1-98	35.870	92	58	1	2	93	2	92	1.20e-14	55.8
A64/199	A161/1-98	35.227	88	54	2	2	88	2	87	1.33e-14	55.8
A64/199	A150/1-96	35.227	88	55	2	2	89	2	87	1.42e-14	55.8
A64/199	A151/1-99	32.955	88	59	0	2	89	2	89	1.44e-14	55.8
A64/199	A26/1-97	37.778	90	53	2	2	90	2	89	1.82e-14	55.5
A64/199	A99/1-97	35.632	87	54	1	2	88	2	86	2.03e-14	55.5
A64/199	A80/1-97	38.095	84	49	3	2	84	2	83	3.88e-14	54.7
A64/199	A19/1-97	32.955	88	56	2	2	88	2	87	3.92e-14	54.7
A64/199	A17/1-103	35.106	94	55	2	1	89	1	93	4.05e-14	54.7
A64/199	A92/1-98	34.091	88	57	1	2	89	2	88	4.32e-14	54.7
A64/199	A52/1-98	34.831	89	57	1	1	89	1	88	4.76e-14	54.3
A64/199	A85/1-98	36.364	88	55	1	2	89	2	88	5.02e-14	54.3
A64/199	A47/1-96	32.990	97	56	3	2	94	2	93	6.94e-14	53.9
A64/199	A113/1-96	31.325	83	55	1	2	84	2	82	8.79e-14	53.9
A64/199	A114/1-98	34.483	87	56	1	1	87	1	86	9.38e-14	53.5
A64/199	A135/1-97	35.165	91	56	2	1	90	1	89	1.06e-13	53.5
A64/199	A30/1-97	36.471	85	52	2	2	86	2	84	1.79e-13	52.8
A64/199	A62/1-96	29.897	97	66	1	2	98	2	96	2.50e-13	52.4
A64/199	A38/1-98	32.530	83	55	1	2	84	2	83	3.10e-13	52.4
A64/199	A69/1-97	34.884	86	53	3	2	86	2	85	3.38e-13	52.4
A64/199	A91/1-97	34.524	84	52	2	2	84	2	83	8.08e-13	51.2
A64/199	A70/1-98	38.202	89	52	2	2	89	2	88	1.19e-12	50.8
A64/199	A166/1-99	33.333	99	62	3	2	98	2	98	2.17e-12	50.1
A64/199	A5/1-98	36.264	91	54	2	2	90	2	90	2.39e-12	50.1
A64/199	A12/1-98	32.584	89	58	2	2	89	2	89	4.18e-12	49.3
A64/199	A157/1-97	30.233	86	57	2	2	86	2	85	4.55e-12	49.3
A64/199	A132/1-97	29.545	88	60	1	2	89	2	87	8.21e-12	48.5
A64/199	A154/1-97	29.167	96	66	1	2	97	2	95	9.34e-12	48.5
A64/199	A128/1-97	31.818	88	57	2	2	88	2	87	9.85e-12	48.5
A64/199	A23/1-98	38.372	86	50	3	2	86	2	85	1.76e-11	47.8
A64/199	A9/1-95	32.609	92	55	2	2	91	2	88	2.06e-11	47.8
A64/199	A40/1-96	29.545	88	60	1	2	89	2	87	4.76e-11	46.6
A64/199	A139/1-97	32.222	90	54	3	2	88	2	87	1.51e-10	45.4
A64/199	A102/1-97	31.818	88	57	3	2	88	2	87	1.66e-10	45.4
A64/199	A6/1-97	33.333	87	56	2	1	87	1	85	1.71e-09	42.7
A66/197	A66/1-97	100.000	97	0	0	1	97	1	97	4.40e-72	201
A66/197	A77/1-97	67.010	97	32	0	1	97	1	97	2.09e-47	139
A66/197	A88/1-97	61.856	97	37	0	1	97	1	97	2.05e-46	136
A66/197	A110/1-97	61.856	97	37	0	1	97	1	97	4.27e-44	130
A66/197	A55/1-97	57.732	97	41	0	1	97	1	97	9.67e-41	122
A66/197	A99/1-97	52.577	97	46	0	1	97	1	97	1.77e-40	121
A66/197	A154/1-97	52.577	97	46	0	1	97	1	97	2.88e-38	115
A66/197	A132/1-97	53.608	97	45	0	1	97	1	97	1.89e-37	114
A66/197	A143/1-97	52.577	97	46	0	1	97	1	97	5.98e-37	112
A66/197	A121/1-97	50.515	97	48	0	1	97	1	97	5.71e-36	110
A66/197	A44/1-97	53.608	97	45	0	1	97	1	97	9.26e-34	104
A66/197	A19/1-97	48.315	89	45	1	2	89	2	90	2.79e-29	93.2
A66/197	A105/1-97	49.474	95	46	2	2	95	2	95	2.07e-27	88.6
A66/197	A30/1-97	45.745	94	51	0	2	95	2	95	8.55e-27	86.7
A66/197	A130/1-99	44.898	98	52	1	2	97	2	99	8.84e-26	84.3
A66/197	A16/1-97	41.667	96	56	0	2	97	2	97	1.29e-25	84.0
A66/197	A84/1-97	48.387	93	44	2	3	95	7	95	2.31e-25	83.2
A66/197	A73/1-97	46.316	95	49	2	2	95	2	95	2.47e-25	83.2
A66/197	A58/1-97	45.263	95	50	2	2	95	2	95	3.73e-25	82.8
A66/197	A95/1-97	45.977	87	44	1	3	89	7	90	5.53e-25	82.4
A66/197	A139/1-97	44.330	97	52	2	1	96	1	96	8.01e-25	81.6
A66/197	A37/1-96	43.617	94	52	1	2	95	2	94	1.10e-24	81.6
A66/197	A150/1-96	44.211	95	52	1	1	95	1	94	3.24e-24	80.1
A66/197	A40/1-96	48.936	94	47	1	2	95	2	94	3.69e-24	80.1
A66/197	A51/1-96	43.617	94	52	1	2	95	2	94	4.02e-24	80.1
A66/197	A5/1-98	44.444	99	52	2	1	97	1	98	4.16e-24	80.1
A66/197	A34/1-97	45.882	85	46	0	11	95	11	95	6.64e-24	79.3
A66/197	A26/1-97	46.512	86	45	1	2	86	2	87	6.72e-24	79.3
A66/197	A2/1-97	41.667	96	56	0	2	97	2	97	8.63e-24	79.3
A66/197	A27/1-98	48.315	89	43	3	11	97	11	98	9.52e-24	79.0
A66/197	A74/1-98	46.535	101	45	2	2	97	2	98	1.31e-23	78.6
A66/197	A62/1-96	42.553	94	53	1	1	94	1	93	1.39e-23	78.6
A66/197	A47/1-96	47.059	85	43	1	2	86	5	87	1.43e-23	78.6
A66/197	A118/1-98	42.268	97	55	1	2	97	2	98	3.56e-23	77.8
A66/197	A122/1-96	46.465	99	46	3	2	97	2	96	5.27e-23	77.0
A66/197	A128/1-97	46.753	77	41	0	13	89	14	90	5.57e-23	77.0
A66/197	A33/1-97	40.506	79	47	0	12	90	13	91	1.13e-22	76.3
A66/197	A126/1-99	41.304	92	52	2	4	93	4	95	1.45e-22	76.3
A66/197	A96/1-98	45.545	101	46	2	2	97	2	98	1.50e-22	75.9
A66/197	A155/1-98	41.304	92	53	1	7	97	7	98	3.18e-22	75.1
A66/197	A9/1-95	42.391	92	44	2	1	88	1	87	4.18e-22	75.1
A66/197	A42/1-104	40.777	103	54	2	2	97	2	104	6.82e-22	74.3
A66/197	A23/1-98	41.237	97	56	1	2	97	2	98	8.21e-22	74.3
A66/197	A63/1-98	44.086	93	51	1	2	93	2	94	1.16e-21	73.9
A66/197	A113/1-96	39.130	92	56	0	2	93	2	93	1.18e-21	73.9
A66/197	A80/1-97	43.902	82	45	1	2	82	2	83	1.25e-21	73.6
A66/197	A161/1-98	41.463	82	48	0	12	93	13	94	1.65e-21	73.6
A66/197	A78/1-96	43.299	97	52	2	2	97	2	96	1.65e-21	73.6
A66/197	A91/1-97	45.000	80	41	1	3	82	7	83	1.92e-21	73.2
A66/197	A107/1-98	45.652	92	41	2	2	88	2	89	3.00e-21	72.8
A66/197	A140/1-99	42.222	90	50	1	10	97	10	99	4.63e-21	72.4
A66/197	A124/1-97	43.373	83	44	1	3	85	7	86	5.34e-21	72.0
A66/197	A135/1-97	41.772	79	46	0	8	86	9	87	7.64e-21	71.6
A66/197	A137/1-98	41.250	80	46	1	12	90	12	91	1.36e-20	71.2
A66/197	A102/1-97	39.326	89	53	1	2	89	2	90	1.58e-20	70.9
A66/197	A108/1-99	39.796	98	57	1	2	97	2	99	1.81e-20	70.9
A66/197	A162/1-99	43.373	83	46	1	12	93	13	95	2.17e-20	70.5
A66/197	A157/1-97	39.286	84	50	1	2	84	2	85	2.17e-20	70.5
A66/197	A69/1-97	41.667	84	48	1	2	84	2	85	4.55e-20	69.7
A66/197	A56/1-93	42.222	90	50	1	1	90	1	88	4.60e-20	69.7
A66/197	A3/1-98	39.394	99	51	2	2	95	2	96	4.70e-20	69.7
A66/197	A159/1-98	40.206	97	57	1	2	97	2	98	4.91e-20	69.7
A66/197	A70/1-98	39.583	96	57	1	1	95	1	96	5.36e-20	69.7
A66/197	A158/1-98	39.175	97	58	1	2	97	2	98	6.10e-20	69.3
A66/197	A35/1-99	37.755	98	59	1	2	97	2	99	1.01e-19	68.9
A66/197	A52/1-98	42.045	88	50	1	11	97	11	98	1.02e-19	68.9
A66/197	A60/1-99	45.238	84	44	2	12	93	12	95	1.17e-19	68.6
A66/197	A59/1-98	45.349	86	46	1	11	95	11	96	1.54e-19	68.6
A66/197	A28/1-100	41.053	95	53	1	2	93	2	96	1.75e-19	68.2
A66/197	A146/1-97	38.202	89	54	1	2	89	2	90	1.89e-19	68.2
A66/197	A82/1-99	43.678	87	47	2	13	97	13	99	2.92e-19	67.8
A66/197	A119/1-97	33.333	96	64	0	2	97	2	97	3.05e-19	67.8
A66/197	A125/1-98	37.500	96	59	1	1	95	1	96	3.36e-19	67.4
A66/197	A12/1-98	39.362	94	55	1	2	93	2	95	3.71e-19	67.4
A66/197	A117/1-97	40.000	90	53	1	2	90	2	91	4.04e-19	67.4
A66/197	A147/1-98	37.647	85	52	1	13	96	13	97	4.51e-19	67.0
A66/197	A81/1-98	39.130	92	55	1	1	91	1	92	4.71e-19	67.0
A66/197	A93/1-99	37.374	99	54	3	1	97	7	99	5.36e-19	67.0
A66/197	A136/1-98	37.363	91	56	1	2	91	2	92	9.96e-19	66.2
A66/197	A103/1-98	38.462	91	55	1	2	91	2	92	1.10e-18	66.2
A66/197	A167/1-98	41.667	84	48	1	11	93	11	94	1.55e-18	65.9
A66/197	A31/1-95	43.299	97	51	3	2	97	2	95	1.61e-18	65.9
A66/197	A75/1-99	37.500	88	53	1	2	87	2	89	2.40e-18	65.5
A66/197	A141/1-98	39.175	97	58	1	2	97	2	98	2.82e-18	65.1
A66/197	A86/1-99	38.776	98	58	1	2	97	2	99	3.18e-18	65.1
A66/197	A100/1-96	41.237	97	54	2	2	97	2	96	4.41e-18	64.7
A66/197	A21/1-98	47.253	91	46	2	2	91	3	92	5.24e-18	64.3
A66/197	A111/1-96	38.372	86	52	1	12	97	12	96	5.60e-18	64.3
A66/197	A163/1-98	39.759	83	49	1	13	94	13	95	5.66e-18	64.3
A66/197	A20/1-102	35.870	92	54	1	11	97	11	102	6.10e-18	64.3
A66/197	A85/1-98	42.683	82	38	2	11	87	11	88	8.73e-18	63.9
A66/197	A133/1-95	38.542	96	57	2	2	97	2	95	1.02e-17	63.9
A66/197	A89/1-96	35.052	97	62	1	1	97	1	96	1.22e-17	63.5
A66/197	A129/1-98	39.796	98	58	1	1	97	1	98	1.26e-17	63.5
A66/197	A97/1-99	38.947	95	56	1	2	94	2	96	1.30e-17	63.5
A66/197	A166/1-99	37.805	82	50	1	13	93	14	95	1.59e-17	63.2
A66/197	A92/1-98	36.264	91	57	1	2	91	2	92	1.83e-17	63.2
A66/197	A114/1-98	38.144	97	59	1	2	97	2	98	2.20e-17	62.8
A66/197	A41/1-98	40.217	92	46	2	11	97	11	98	2.47e-17	62.8
A66/197	A48/1-98	38.889	90	54	1	7	95	7	96	2.61e-17	62.8
A66/197	A67/1-95	41.573	89	49	2	2	89	2	88	3.01e-17	62.4
A66/197	A115/1-99	41.176	85	48	2	11	93	11	95	4.44e-17	62.0
A66/197	A104/1-99	39.080	87	51	2	13	97	13	99	4.74e-17	62.0
A66/197	A24/1-98	39.773	88	52	1	7	93	7	94	7.16e-17	61.6
A66/197	A45/1-98	40.449	89	52	1	2	89	2	90	7.97e-17	61.6
A66/197	A53/1-99	35.870	92	57	1	2	91	2	93	1.31e-16	60.8
A66/197	A13/1-103	36.275	102	59	1	2	97	2	103	1.46e-16	60.8
A66/197	A151/1-99	36.471	85	52	1	15	97	15	99	3.02e-16	60.1
A66/197	A148/1-102	38.043	92	44	3	11	93	11	98	3.67e-16	59.7
A66/197	A144/1-96	39.130	92	55	1	2	93	2	92	4.05e-16	59.7
A66/197	A17/1-103	38.614	101	50	2	2	93	2	99	4.18e-16	59.7
A66/197	A71/1-99	38.372	86	51	2	10	93	10	95	1.17e-15	58.5
A66/197	A64/1-99	37.931	87	52	1	2	86	2	88	1.88e-15	57.8
A66/197	A49/1-100	36.471	85	51	1	12	93	12	96	2.26e-15	57.8
A66/197	A152/1-99	38.384	99	56	3	1	94	1	99	4.01e-15	57.0
A66/197	A7/1-97	37.113	97	58	3	2	97	3	97	9.42e-15	56.2
A66/197	A10/1-98	38.462	78	47	1	11	87	11	88	2.52e-14	55.1
A66/197	A14/1-100	38.384	99	58	1	2	97	2	100	4.70e-14	54.3
A66/197	A6/1-97	35.632	87	54	2	12	97	12	97	4.24e-13	52.0
A66/197	A38/1-98	35.484	93	59	1	2	93	2	94	3.50e-08	39.3
A67/195	A67/1-95	100.000	95	0	0	1	95	1	95	8.28e-71	197
A67/195	A89/1-96	49.474	95	47	1	2	95	2	96	1.28e-34	106
A67/195	A78/1-96	51.579	95	45	1	2	95	2	96	4.49e-34	105
A67/195	A111/1-96	51.579	95	45	1	2	95	2	96	6.81e-34	104
A67/195	A144/1-96	50.526	95	46	1	2	95	2	96	5.57e-31	97.4
A67/195	A122/1-96	49.474	95	47	1	2	95	2	96	1.07e-29	94.0
A67/195	A155/1-98	49.438	89	43	1	2	88	2	90	1.11e-29	94.0
A67/195	A100/1-96	44.211	95	52	1	2	95	2	96	1.16e-28	91.7
A67/195	A31/1-95	44.681	94	52	0	2	95	2	95	1.18e-27	89.0
A67/195	A152/1-99	44.444	90	47	1	2	88	2	91	1.23e-25	84.0
A67/195	A130/1-99	44.898	98	50	2	2	95	2	99	1.65e-25	83.6
A67/195	A118/1-98	43.750	96	52	1	2	95	2	97	3.14e-25	82.8
A67/195	A119/1-97	43.750	96	52	2	2	95	2	97	1.35e-24	81.3
A67/195	A14/1-100	43.956	91	47	1	2	88	2	92	2.19e-24	80.5
A67/195	A45/1-98	42.391	92	51	1	2	91	2	93	2.66e-24	80.5
A67/195	A108/1-99	41.379	87	48	1	2	85	2	88	6.94e-23	76.6
A67/195	A28/1-100	40.404	99	54	2	2	95	2	100	8.00e-23	76.6
A67/195	A64/1-99	43.678	87	46	1	2	85	2	88	1.42e-22	75.9
A67/195	A84/1-97	42.105	95	53	2	2	94	2	96	2.62e-22	75.5
A67/195	A35/1-99	40.816	98	54	3	2	95	2	99	7.88e-22	74.3
A67/195	A75/1-99	39.080	87	50	1	2	85	2	88	8.51e-22	73.9
A67/195	A158/1-98	36.082	97	59	2	2	95	2	98	8.88e-22	73.9
A67/195	A53/1-99	41.573	89	49	1	2	87	2	90	1.07e-21	73.9
A67/195	A60/1-99	40.860	93	52	2	4	93	4	96	3.78e-21	72.4
A67/195	A133/1-95	42.105	95	55	0	1	95	1	95	3.82e-21	72.4
A67/195	A63/1-98	41.573	89	50	1	2	88	2	90	4.65e-21	72.0
A67/195	A159/1-98	40.909	88	50	1	2	87	2	89	4.80e-21	72.0
A67/195	A126/1-99	40.964	83	47	1	1	81	1	83	5.53e-21	72.0
A67/195	A74/1-98	39.130	92	54	1	2	91	2	93	6.66e-21	71.6
A67/195	A49/1-100	41.053	95	51	2	4	93	4	98	9.75e-21	71.2
A67/195	A97/1-99	40.964	83	46	1	2	81	2	84	9.85e-21	71.2
A67/195	A59/1-98	44.211	95	47	3	1	92	4	95	2.77e-20	70.1
A67/195	A147/1-98	38.542	96	56	2	2	94	2	97	3.06e-20	70.1
A67/195	A86/1-99	37.755	98	57	2	2	95	2	99	3.16e-20	70.1
A67/195	A17/1-103	42.157	102	51	2	2	95	2	103	4.88e-20	69.7
A67/195	A24/1-98	35.714	98	60	2	1	95	1	98	4.93e-20	69.7
A67/195	A56/1-93	38.372	86	52	1	2	87	2	86	5.80e-20	69.3
A67/195	A105/1-97	41.304	92	52	2	2	91	2	93	5.93e-20	69.3
A67/195	A163/1-98	38.202	89	53	1	2	88	2	90	7.29e-20	69.3
A67/195	A162/1-99	41.304	92	45	3	10	95	11	99	8.31e-20	68.9
A67/195	A115/1-99	40.625	96	53	3	4	95	4	99	9.68e-20	68.9
A67/195	A7/1-97	35.417	96	59	2	2	95	3	97	1.72e-19	68.2
A67/195	A3/1-98	38.462	91	54	1	2	90	2	92	1.86e-19	68.2
A67/195	A136/1-98	38.636	88	52	1	2	87	2	89	2.69e-19	67.8
A67/195	A13/1-103	36.559	93	52	1	2	87	2	94	3.23e-19	67.4
A67/195	A141/1-98	41.860	86	42	2	2	82	2	84	3.85e-19	67.4
A67/195	A96/1-98	37.209	86	52	1	2	85	2	87	4.58e-19	67.0
A67/195	A44/1-97	35.417	96	60	2	2	95	2	97	6.01e-19	66.6
A67/195	A95/1-97	38.947	95	56	2	2	94	2	96	7.15e-19	66.6
A67/195	A137/1-98	38.095	84	49	2	4	85	4	86	7.39e-19	66.6
A67/195	A48/1-98	38.372	86	51	1	2	85	2	87	8.23e-19	66.6
A67/195	A34/1-97	41.573	89	49	2	2	88	2	89	1.43e-18	65.9
A67/195	A19/1-97	38.043	92	53	3	2	90	2	92	1.48e-18	65.9
A67/195	A107/1-98	38.636	88	52	1	2	87	2	89	1.56e-18	65.9
A67/195	A42/1-104	36.364	99	55	2	2	92	2	100	2.01e-18	65.5
A67/195	A30/1-97	40.244	82	48	1	2	82	2	83	2.49e-18	65.1
A67/195	A73/1-97	36.559	93	57	2	2	92	2	94	2.90e-18	65.1
A67/195	A51/1-96	35.106	94	60	1	2	94	2	95	3.93e-18	64.7
A67/195	A104/1-99	40.217	92	52	2	4	92	4	95	4.24e-18	64.7
A67/195	A38/1-98	36.458	96	59	1	2	95	2	97	6.27e-18	64.3
A67/195	A148/1-102	41.860	86	42	3	1	81	4	86	8.23e-18	63.9
A67/195	A124/1-97	40.000	95	55	2	2	94	2	96	9.17e-18	63.9
A67/195	A150/1-96	33.684	95	62	1	1	94	1	95	9.37e-18	63.9
A67/195	A40/1-96	37.234	94	58	1	2	94	2	95	1.19e-17	63.5
A67/195	A10/1-98	34.375	96	61	1	2	95	2	97	1.76e-17	63.2
A67/195	A26/1-97	36.458	96	59	2	2	95	2	97	1.94e-17	62.8
A67/195	A66/1-97	41.573	89	49	2	2	88	2	89	2.80e-17	62.4
A67/195	A62/1-96	33.696	92	60	1	1	91	1	92	2.93e-17	62.4
A67/195	A140/1-99	39.286	84	45	2	1	81	4	84	3.16e-17	62.4
A67/195	A151/1-99	36.170	94	57	1	2	92	2	95	3.30e-17	62.4
A67/195	A33/1-97	32.990	97	63	2	1	95	1	97	4.23e-17	62.0
A67/195	A129/1-98	37.349	83	50	1	2	82	2	84	4.82e-17	62.0
A67/195	A16/1-97	37.079	89	55	1	1	88	1	89	5.38e-17	62.0
A67/195	A110/1-97	36.634	101	54	3	1	95	1	97	5.93e-17	61.6
A67/195	A167/1-98	39.286	84	49	1	2	83	2	85	6.97e-17	61.6
A67/195	A85/1-98	37.209	86	52	1	2	85	2	87	7.60e-17	61.6
A67/195	A5/1-98	36.082	97	59	2	2	95	2	98	8.12e-17	61.2
A67/195	A41/1-98	34.021	97	61	2	2	95	2	98	9.14e-17	61.2
A67/195	A20/1-102	32.558	86	52	1	2	81	2	87	9.65e-17	61.2
A67/195	A82/1-99	38.636	88	51	2	4	88	4	91	9.76e-17	61.2
A67/195	A113/1-96	32.632	95	61	2	2	94	2	95	1.08e-16	61.2
A67/195	A47/1-96	37.500	96	58	2	1	94	1	96	1.43e-16	60.8
A67/195	A121/1-97	33.708	89	58	1	2	89	2	90	2.79e-16	60.1
A67/195	A52/1-98	37.037	81	49	1	10	88	10	90	3.01e-16	60.1
A67/195	A71/1-99	36.905	84	51	1	4	85	4	87	3.62e-16	59.7
A67/195	A77/1-97	35.227	88	56	1	2	88	2	89	4.64e-16	59.3
A67/195	A9/1-95	32.609	92	62	0	1	92	1	92	5.52e-16	59.3
A67/195	A146/1-97	32.955	88	58	1	8	94	9	96	5.77e-16	59.3
A67/195	A21/1-98	42.553	94	52	1	1	92	1	94	7.32e-16	58.9
A67/195	A55/1-97	34.375	96	54	2	2	92	2	93	7.81e-16	58.9
A67/195	A99/1-97	34.091	88	57	1	2	88	2	89	8.33e-16	58.9
A67/195	A93/1-99	35.417	96	58	3	4	95	4	99	1.17e-15	58.5
A67/195	A58/1-97	33.696	92	60	1	4	94	5	96	1.48e-15	58.2
A67/195	A70/1-98	34.043	94	59	2	2	92	2	95	1.70e-15	58.2
A67/195	A143/1-97	33.333	96	62	2	2	95	2	97	2.38e-15	57.8
A67/195	A117/1-97	35.955	89	55	2	2	88	2	90	3.44e-15	57.4
A67/195	A88/1-97	35.417	96	60	2	2	95	2	97	3.44e-15	57.4
A67/195	A128/1-97	33.333	96	60	3	2	94	2	96	4.36e-15	57.0
A67/195	A161/1-98	37.931	87	53	1	3	88	4	90	5.97e-15	56.6
A67/195	A102/1-97	30.526	95	64	2	2	94	2	96	1.29e-14	55.8
A67/195	A80/1-97	32.632	95	62	2	2	94	2	96	1.94e-14	55.5
A67/195	A2/1-97	36.735	98	56	3	2	95	2	97	2.28e-14	55.1
A67/195	A103/1-98	32.979	94	61	1	2	93	2	95	2.83e-14	54.7
A67/195	A91/1-97	29.474	95	65	2	2	94	2	96	2.89e-14	54.7
A67/195	A37/1-96	28.750	80	57	0	2	81	2	81	3.66e-14	54.7
A67/195	A27/1-98	34.694	98	59	3	2	95	2	98	3.66e-14	54.7
A67/195	A23/1-98	36.047	86	53	2	12	95	13	98	6.56e-14	53.9
A67/195	A92/1-98	34.146	82	52	1	2	81	2	83	8.14e-14	53.5
A67/195	A166/1-99	33.696	92	59	2	4	93	5	96	1.09e-13	53.5
A67/195	A12/1-98	35.714	98	58	3	2	95	2	98	1.23e-13	53.1
A67/195	A114/1-98	34.146	82	52	1	2	81	2	83	2.44e-13	52.4
A67/195	A6/1-97	35.366	82	50	2	2	81	2	82	2.47e-13	52.4
A67/195	A157/1-97	33.333	87	46	3	2	81	2	83	7.74e-13	51.2
A67/195	A125/1-98	28.723	94	64	2	2	92	2	95	1.18e-12	50.8
A67/195	A139/1-97	31.818	88	59	1	8	94	9	96	4.10e-12	49.3
A67/195	A69/1-97	34.146	82	52	2	2	81	2	83	6.03e-12	48.9
A67/195	A81/1-98	29.885	87	59	1	1	85	1	87	2.36e-11	47.4
A67/195	A135/1-97	31.522	92	62	1	4	94	5	96	3.22e-11	47.0
A67/195	A154/1-97	29.897	97	64	3	2	95	2	97	4.94e-11	46.6
A67/195	A132/1-97	30.000	90	58	2	2	88	2	89	6.45e-11	46.2
A69/197	A69/1-97	100.000	97	0	0	1	97	1	97	1.73e-71	199
A69/197	A80/1-97	57.292	96	41	0	2	97	2	97	1.31e-38	116
A69/197	A102/1-97	55.208	96	43	0	2	97	2	97	2.03e-38	116
A69/197	A58/1-97	52.083	96	46	0	2	97	2	97	2.33e-37	113
A69/197	A113/1-96	58.333	96	39	1	2	97	2	96	3.95e-37	112
A69/197	A124/1-97	47.826	92	48	0	2	93	2	93	3.15e-35	108
A69/197	A91/1-97	52.083	96	46	0	2	97	2	97	2.52e-34	105
A69/197	A157/1-97	53.261	92	43	0	2	93	2	93	2.87e-34	105
A69/197	A135/1-97	47.917	96	50	0	2	97	2	97	6.08e-33	102
A69/197	A19/1-97	49.438	89	45	0	2	90	2	90	9.58e-32	99.4
A69/197	A33/1-97	44.330	97	54	0	1	97	1	97	8.76e-30	94.4
A69/197	A26/1-97	38.947	95	58	0	2	96	2	96	9.70e-29	91.7
A69/197	A146/1-97	43.750	96	54	0	2	97	2	97	2.13e-28	90.9
A69/197	A105/1-97	42.553	94	54	0	2	95	2	95	1.05e-27	89.0
A69/197	A95/1-97	44.086	93	52	0	2	94	2	94	1.10e-27	89.0
A69/197	A73/1-97	44.681	94	52	0	2	95	2	95	2.57e-27	88.2
A69/197	A128/1-97	40.000	95	57	0	2	96	2	96	1.70e-26	86.3
A69/197	A51/1-96	42.708	96	53	2	2	96	2	96	1.31e-25	84.0
A69/197	A84/1-97	42.105	95	55	0	2	96	2	96	3.35e-25	82.8
A69/197	A139/1-97	40.000	95	57	0	2	96	2	96	3.42e-25	82.8
A69/197	A121/1-97	44.048	84	46	1	2	85	2	84	1.80e-24	80.9
A69/197	A117/1-97	39.362	94	57	0	2	95	2	95	8.09e-24	79.3
A69/197	A40/1-96	43.158	95	53	1	2	96	2	95	8.26e-24	79.3
A69/197	A77/1-97	41.667	96	54	2	2	96	2	96	2.20e-23	78.2
A69/197	A62/1-96	41.111	90	52	1	1	90	1	89	2.57e-23	78.2
A69/197	A47/1-96	37.895	95	59	0	2	96	2	96	5.16e-23	77.4
A69/197	A103/1-98	42.708	96	52	3	2	95	2	96	1.09e-21	73.9
A69/197	A55/1-97	39.583	96	56	2	2	96	2	96	1.16e-21	73.9
A69/197	A143/1-97	44.048	84	46	1	2	85	2	84	1.45e-21	73.6
A69/197	A110/1-97	40.964	83	47	1	5	85	2	84	1.98e-21	73.2
A69/197	A88/1-97	38.095	84	51	1	2	85	2	84	5.45e-21	72.0
A69/197	A44/1-97	42.857	84	47	1	2	85	2	84	5.57e-21	72.0
A69/197	A5/1-98	37.113	97	58	2	2	96	2	97	6.93e-21	71.6
A69/197	A158/1-98	45.361	97	50	3	1	95	1	96	7.08e-21	71.6
A69/197	A30/1-97	41.176	85	49	1	2	86	2	85	9.60e-21	71.6
A69/197	A92/1-98	39.583	96	55	3	2	95	2	96	2.10e-20	70.5
A69/197	A52/1-98	40.659	91	51	2	8	97	7	95	3.08e-20	70.1
A69/197	A23/1-98	36.842	95	59	1	1	94	1	95	3.62e-20	70.1
A69/197	A66/1-97	41.667	84	48	1	2	85	2	84	4.55e-20	69.7
A69/197	A150/1-96	39.362	94	56	1	2	95	2	94	6.44e-20	69.3
A69/197	A136/1-98	41.176	85	48	2	1	84	1	84	9.74e-20	68.9
A69/197	A99/1-97	36.905	84	52	1	2	85	2	84	1.79e-19	68.2
A69/197	A81/1-98	40.206	97	55	3	1	95	1	96	1.79e-19	68.2
A69/197	A161/1-98	33.708	89	59	0	2	90	2	90	1.97e-19	68.2
A69/197	A41/1-98	40.206	97	55	3	2	96	2	97	4.22e-19	67.4
A69/197	A154/1-97	40.476	84	49	1	2	85	2	84	4.32e-19	67.4
A69/197	A48/1-98	36.782	87	53	2	1	86	1	86	7.11e-19	66.6
A69/197	A140/1-99	41.333	75	42	1	14	86	13	87	7.35e-19	66.6
A69/197	A16/1-97	36.047	86	54	1	1	86	1	85	1.22e-18	66.2
A69/197	A167/1-98	39.759	83	48	2	2	83	2	83	2.32e-18	65.5
A69/197	A63/1-98	43.023	86	47	2	2	86	2	86	2.76e-18	65.1
A69/197	A118/1-98	37.755	98	58	3	1	96	1	97	4.36e-18	64.7
A69/197	A59/1-98	42.353	85	47	2	13	95	12	96	4.76e-18	64.7
A69/197	A78/1-96	43.373	83	45	2	2	84	2	82	5.84e-18	64.3
A69/197	A20/1-102	39.130	92	50	2	1	87	1	91	8.45e-18	63.9
A69/197	A89/1-96	44.578	83	44	2	1	83	1	81	8.64e-18	63.9
A69/197	A125/1-98	40.000	85	49	2	2	85	2	85	1.20e-17	63.5
A69/197	A37/1-96	39.080	87	51	2	2	88	2	86	1.25e-17	63.5
A69/197	A166/1-99	35.106	94	60	1	2	94	2	95	1.52e-17	63.2
A69/197	A53/1-99	41.667	84	46	2	2	83	2	84	1.93e-17	63.2
A69/197	A27/1-98	37.931	87	50	3	1	85	1	85	3.01e-17	62.4
A69/197	A119/1-97	39.286	84	50	1	1	84	1	83	3.90e-17	62.4
A69/197	A141/1-98	40.000	85	49	2	2	85	2	85	5.00e-17	62.0
A69/197	A132/1-97	38.961	77	47	0	9	85	8	84	1.00e-16	61.2
A69/197	A70/1-98	36.905	84	51	2	1	83	1	83	1.36e-16	60.8
A69/197	A96/1-98	36.047	86	53	2	1	85	1	85	3.09e-16	60.1
A69/197	A74/1-98	35.714	84	52	2	2	84	2	84	3.33e-16	59.7
A69/197	A147/1-98	38.095	84	49	2	4	84	1	84	5.48e-16	59.3
A69/197	A144/1-96	39.506	81	46	2	5	83	2	81	5.60e-16	59.3
A69/197	A2/1-97	35.294	85	54	1	1	85	1	84	7.92e-16	58.9
A69/197	A100/1-96	39.024	82	48	2	2	83	2	81	8.63e-16	58.9
A69/197	A42/1-104	37.363	91	49	3	2	85	2	91	1.32e-15	58.2
A69/197	A107/1-98	35.294	85	53	2	2	85	2	85	1.60e-15	58.2
A69/197	A108/1-99	34.694	98	60	3	2	96	2	98	2.57e-15	57.8
A69/197	A31/1-95	38.095	84	50	2	2	85	2	83	3.09e-15	57.4
A69/197	A151/1-99	40.230	87	45	3	1	83	1	84	3.30e-15	57.4
A69/197	A13/1-103	33.696	92	54	2	1	86	1	91	6.74e-15	56.6
A69/197	A9/1-95	34.615	78	50	1	18	95	17	93	7.92e-15	56.2
A69/197	A159/1-98	35.294	85	53	2	2	85	2	85	8.36e-15	56.2
A69/197	A17/1-103	38.202	89	47	3	4	84	1	89	1.03e-14	56.2
A69/197	A130/1-99	38.372	86	50	3	2	85	2	86	1.29e-14	55.8
A69/197	A162/1-99	39.189	74	44	1	13	85	13	86	1.42e-14	55.8
A69/197	A12/1-98	28.421	95	65	2	2	94	2	95	2.05e-14	55.5
A69/197	A35/1-99	34.884	86	53	2	2	85	2	86	2.07e-14	55.5
A69/197	A129/1-98	39.535	86	50	2	2	86	2	86	2.31e-14	55.1
A69/197	A14/1-100	36.471	85	50	2	2	83	2	85	2.89e-14	55.1
A69/197	A152/1-99	35.294	85	52	2	2	84	2	85	4.18e-14	54.3
A69/197	A111/1-96	39.024	82	49	1	2	83	1	81	7.16e-14	53.9
A69/197	A97/1-99	37.209	86	51	2	2	85	2	86	8.79e-14	53.5
A69/197	A163/1-98	35.714	84	52	2	2	84	2	84	2.88e-13	52.4
A69/197	A86/1-99	34.884	86	53	2	2	85	2	86	2.94e-13	52.4
A69/197	A64/1-99	34.884	86	53	3	2	85	2	86	3.17e-13	52.4
A69/197	A122/1-96	36.905	84	49	3	2	84	2	82	3.38e-13	52.0
A69/197	A28/1-100	36.471	85	50	2	2	83	2	85	4.06e-13	52.0
A69/197	A115/1-99	35.000	80	51	1	2	80	1	80	4.19e-13	52.0
A69/197	A3/1-98	33.333	84	54	2	2	84	2	84	4.72e-13	51.6
A69/197	A82/1-99	35.714	84	49	2	2	84	5	84	8.35e-13	51.2
A69/197	A114/1-98	34.118	85	54	2	2	85	2	85	8.81e-13	51.2
A69/197	A155/1-98	35.294	85	48	3	5	84	2	84	9.91e-13	50.8
A69/197	A137/1-98	34.737	95	59	3	2	94	1	94	1.16e-12	50.8
A69/197	A34/1-97	36.905	84	50	3	2	84	2	83	1.22e-12	50.8
A69/197	A126/1-99	33.750	80	52	1	5	83	4	83	1.43e-12	50.4
A69/197	A56/1-93	36.905	84	50	3	2	85	2	82	2.15e-12	50.1
A69/197	A75/1-99	34.884	86	53	2	2	85	2	86	2.84e-12	49.7
A69/197	A60/1-99	31.325	83	56	1	2	83	1	83	3.52e-12	49.7
A69/197	A67/1-95	34.146	82	52	2	2	83	2	81	6.43e-12	48.9
A69/197	A10/1-98	32.530	83	53	2	4	83	1	83	8.50e-12	48.5
A69/197	A24/1-98	34.118	85	53	2	9	92	8	90	1.21e-11	48.1
A69/197	A85/1-98	30.588	85	57	2	1	84	1	84	1.80e-11	47.8
A69/197	A93/1-99	36.111	72	45	1	14	84	13	84	1.86e-11	47.8
A69/197	A6/1-97	34.118	85	52	3	4	85	1	84	2.00e-11	47.8
A69/197	A71/1-99	30.488	82	55	2	4	84	4	84	2.25e-11	47.4
A69/197	A45/1-98	32.941	85	53	3	2	84	2	84	4.62e-11	46.6
A69/197	A104/1-99	30.928	97	60	3	2	95	5	97	7.01e-11	46.2
A69/197	A7/1-97	30.928	97	63	3	2	96	3	97	9.77e-11	45.8
A69/197	A38/1-98	29.787	94	64	2	2	94	2	94	3.48e-10	44.3
A69/197	A49/1-100	30.588	85	56	1	5	86	4	88	1.65e-09	42.7
A69/197	A148/1-102	28.736	87	54	3	2	84	5	87	1.07e-08	40.4
A69/197	A21/1-98	32.979	94	59	3	2	93	3	94	5.39e-08	38.5
A69/197	A133/1-95	30.986	71	48	1	19	89	18	87	1.81e-07	37.4
A70/198	A70/1-98	100.000	98	0	0	1	98	1	98	5.47e-72	201
A70/198	A92/1-98	58.763	97	40	0	2	98	2	98	3.49e-43	128
A70/198	A81/1-98	58.163	98	41	0	1	98	1	98	1.02e-41	124
A70/198	A125/1-98	56.701	97	42	0	2	98	2	98	2.08e-41	124
A70/198	A103/1-98	53.608	97	45	0	2	98	2	98	1.51e-39	119
A70/198	A136/1-98	50.515	97	48	0	1	97	1	97	1.76e-36	111
A70/198	A114/1-98	51.546	97	47	0	2	98	2	98	1.47e-35	108
A70/198	A59/1-98	51.020	98	48	0	1	98	1	98	2.99e-34	105
A70/198	A107/1-98	46.392	97	52	0	2	98	2	98	5.64e-32	100
A70/198	A158/1-98	47.959	98	51	0	1	98	1	98	1.07e-31	99.4
A70/198	A48/1-98	47.917	96	50	0	1	96	1	96	1.78e-31	98.6
A70/198	A118/1-98	50.000	98	49	0	1	98	1	98	1.87e-30	96.3
A70/198	A34/1-97	51.042	96	46	1	2	97	2	96	2.59e-30	95.9
A70/198	A85/1-98	48.980	98	50	0	1	98	1	98	3.37e-30	95.5
A70/198	A63/1-98	48.454	97	50	0	2	98	2	98	8.25e-30	94.4
A70/198	A74/1-98	48.454	97	50	0	2	98	2	98	3.03e-29	93.2
A70/198	A96/1-98	45.918	98	53	0	1	98	1	98	4.69e-29	92.4
A70/198	A147/1-98	45.361	97	53	0	2	98	2	98	1.27e-28	91.7
A70/198	A129/1-98	43.878	98	55	0	1	98	1	98	1.01e-27	89.4
A70/198	A167/1-98	43.011	93	53	0	2	94	2	94	1.63e-27	88.6
A70/198	A13/1-103	45.631	103	51	1	1	98	1	103	3.08e-27	88.2
A70/198	A20/1-102	45.098	102	52	1	1	98	1	102	6.83e-27	87.0
A70/198	A52/1-98	43.299	97	55	0	2	98	2	98	2.40e-26	85.9
A70/198	A41/1-98	43.299	97	55	0	2	98	2	98	1.17e-25	84.0
A70/198	A6/1-97	46.392	97	51	1	2	98	2	97	3.59e-25	82.8
A70/198	A3/1-98	42.268	97	56	0	2	98	2	98	2.42e-24	80.5
A70/198	A27/1-98	44.444	99	53	2	1	98	1	98	2.24e-23	78.2
A70/198	A119/1-97	42.708	96	54	1	1	96	1	95	3.46e-23	77.8
A70/198	A113/1-96	47.778	90	46	1	2	91	2	90	5.97e-23	77.0
A70/198	A163/1-98	37.778	90	56	0	2	91	2	91	9.13e-23	76.6
A70/198	A140/1-99	45.238	84	45	1	1	83	1	84	1.28e-22	76.3
A70/198	A93/1-99	44.792	96	52	1	4	98	4	99	1.75e-22	75.9
A70/198	A35/1-99	37.755	98	60	1	2	98	2	99	4.43e-22	74.7
A70/198	A82/1-99	42.708	96	54	1	4	98	4	99	1.32e-21	73.6
A70/198	A104/1-99	42.708	96	54	1	4	98	4	99	1.76e-21	73.6
A70/198	A148/1-102	39.796	98	55	2	5	98	5	102	1.95e-21	73.2
A70/198	A28/1-100	39.394	99	58	1	2	98	2	100	2.15e-21	73.2
A70/198	A151/1-99	39.130	92	55	1	1	91	1	92	2.42e-21	73.2
A70/198	A60/1-99	38.542	96	58	1	4	98	4	99	3.21e-21	72.8
A70/198	A162/1-99	39.326	89	54	0	10	98	11	99	3.43e-21	72.8
A70/198	A115/1-99	38.542	96	58	1	4	98	4	99	4.17e-21	72.4
A70/198	A126/1-99	40.625	96	56	1	4	98	4	99	8.93e-21	71.6
A70/198	A137/1-98	39.583	96	56	2	4	98	4	98	1.51e-20	70.9
A70/198	A143/1-97	40.206	97	57	1	2	98	2	97	2.33e-20	70.5
A70/198	A80/1-97	44.792	96	50	3	2	96	2	95	2.38e-20	70.5
A70/198	A49/1-100	38.542	96	57	1	4	97	4	99	2.48e-20	70.5
A70/198	A154/1-97	36.842	95	59	1	2	96	2	95	2.99e-20	70.1
A70/198	A53/1-99	41.758	91	46	2	2	88	2	89	3.15e-20	70.1
A70/198	A10/1-98	41.111	90	50	1	4	90	1	90	3.33e-20	70.1
A70/198	A130/1-99	40.816	98	57	1	2	98	2	99	3.40e-20	70.1
A70/198	A62/1-96	39.796	98	57	2	1	98	1	96	4.14e-20	69.7
A70/198	A66/1-97	39.583	96	57	1	1	96	1	95	5.55e-20	69.7
A70/198	A78/1-96	40.206	97	56	1	2	98	2	96	1.27e-19	68.6
A70/198	A30/1-97	39.175	97	58	1	2	98	2	97	2.43e-19	67.8
A70/198	A111/1-96	40.206	97	56	1	2	98	2	96	2.99e-19	67.8
A70/198	A71/1-99	39.583	96	57	1	4	98	4	99	3.56e-19	67.4
A70/198	A84/1-97	42.708	96	52	3	2	96	2	95	5.04e-19	67.0
A70/198	A55/1-97	35.789	95	60	1	2	96	2	95	7.29e-19	66.6
A70/198	A89/1-96	36.735	98	60	1	1	98	1	96	8.04e-19	66.6
A70/198	A88/1-97	39.785	93	55	1	2	94	2	93	8.13e-19	66.6
A70/198	A100/1-96	38.144	97	58	1	2	98	2	96	8.58e-19	66.6
A70/198	A77/1-97	40.000	95	56	1	2	96	2	95	1.05e-18	66.2
A70/198	A26/1-97	45.977	87	45	2	2	87	2	87	1.34e-18	65.9
A70/198	A108/1-99	36.364	88	55	1	2	88	2	89	1.76e-18	65.9
A70/198	A152/1-99	38.202	89	54	1	2	89	2	90	2.41e-18	65.5
A70/198	A95/1-97	41.053	95	53	3	2	95	2	94	2.80e-18	65.1
A70/198	A14/1-100	39.394	99	58	1	2	98	2	100	3.37e-18	65.1
A70/198	A121/1-97	37.363	91	56	1	2	92	2	91	3.80e-18	64.7
A70/198	A110/1-97	35.484	93	59	1	2	94	2	93	4.42e-18	64.7
A70/198	A161/1-98	39.560	91	54	1	4	94	5	94	4.87e-18	64.7
A70/198	A122/1-96	40.426	94	54	1	2	95	2	93	1.43e-17	63.5
A70/198	A37/1-96	36.634	101	54	2	2	98	2	96	1.79e-17	63.2
A70/198	A51/1-96	37.895	95	57	2	2	96	2	94	3.99e-17	62.4
A70/198	A23/1-98	37.500	96	58	2	1	95	1	95	4.96e-17	62.0
A70/198	A132/1-97	35.556	90	57	1	9	98	9	97	5.41e-17	62.0
A70/198	A75/1-99	37.500	88	54	1	2	88	2	89	5.47e-17	62.0
A70/198	A24/1-98	33.673	98	65	0	1	98	1	98	7.09e-17	61.6
A70/198	A73/1-97	39.796	98	56	3	2	98	2	97	7.57e-17	61.6
A70/198	A44/1-97	39.175	97	58	1	2	98	2	97	8.16e-17	61.6
A70/198	A91/1-97	36.458	96	58	3	2	96	2	95	9.71e-17	61.2
A70/198	A56/1-93	43.820	89	45	3	2	89	2	86	1.14e-16	61.2
A70/198	A69/1-97	36.905	84	51	2	1	83	1	83	1.40e-16	60.8
A70/198	A102/1-97	40.230	87	50	2	2	87	2	87	1.50e-16	60.8
A70/198	A146/1-97	39.583	96	55	3	2	96	2	95	2.03e-16	60.5
A70/198	A33/1-97	42.045	88	49	2	1	87	1	87	2.60e-16	60.1
A70/198	A42/1-104	34.343	99	59	2	2	94	2	100	3.45e-16	59.7
A70/198	A124/1-97	40.000	85	49	2	2	85	2	85	4.14e-16	59.7
A70/198	A97/1-99	39.759	83	49	1	2	83	2	84	5.67e-16	59.3
A70/198	A99/1-97	37.805	82	50	1	2	83	2	82	9.33e-16	58.9
A70/198	A157/1-97	42.169	83	46	2	2	83	2	83	1.04e-15	58.5
A70/198	A38/1-98	31.959	97	66	0	2	98	2	98	1.13e-15	58.5
A70/198	A105/1-97	37.755	98	58	3	2	98	2	97	1.38e-15	58.2
A70/198	A17/1-103	36.792	106	54	2	2	98	2	103	1.52e-15	58.2
A70/198	A67/1-95	34.043	94	59	2	2	95	2	92	1.88e-15	58.2
A70/198	A40/1-96	36.458	96	57	3	2	96	2	94	1.95e-15	57.8
A70/198	A58/1-97	38.542	96	56	3	2	96	2	95	2.05e-15	57.8
A70/198	A128/1-97	37.931	87	52	2	2	87	2	87	2.22e-15	57.8
A70/198	A141/1-98	31.959	97	66	0	2	98	2	98	2.81e-15	57.4
A70/198	A19/1-97	38.384	99	56	4	2	98	2	97	6.12e-15	56.6
A70/198	A45/1-98	36.364	88	56	0	2	89	2	89	1.32e-14	55.8
A70/198	A166/1-99	38.710	93	55	2	4	95	5	96	1.42e-14	55.8
A70/198	A31/1-95	37.931	87	52	1	2	88	2	86	1.94e-14	55.5
A70/198	A144/1-96	35.227	88	55	1	2	89	2	87	2.12e-14	55.5
A70/198	A47/1-96	40.230	87	50	2	2	87	2	87	2.33e-14	55.1
A70/198	A150/1-96	36.082	97	60	2	2	98	2	96	3.75e-14	54.7
A70/198	A159/1-98	30.682	88	61	0	2	89	2	89	4.13e-14	54.7
A70/198	A21/1-98	41.758	91	52	1	2	92	3	92	4.18e-14	54.7
A70/198	A135/1-97	34.524	84	54	1	4	87	5	87	7.09e-14	53.9
A70/198	A16/1-97	34.694	98	63	1	1	98	1	97	8.89e-14	53.5
A70/198	A5/1-98	35.354	99	60	3	2	98	2	98	1.32e-13	53.1
A70/198	A139/1-97	31.868	91	60	2	6	96	7	95	1.35e-13	53.1
A70/198	A86/1-99	36.047	86	48	2	2	83	2	84	1.51e-13	53.1
A70/198	A9/1-95	34.343	99	60	3	1	98	1	95	3.45e-13	52.0
A70/198	A155/1-98	35.556	90	56	2	1	89	1	89	3.68e-13	52.0
A70/198	A117/1-97	33.673	98	62	3	2	98	2	97	9.60e-13	50.8
A70/198	A64/1-99	38.202	89	52	2	2	88	2	89	1.15e-12	50.8
A70/198	A7/1-97	28.409	88	62	1	2	89	3	89	5.89e-12	48.9
A70/198	A12/1-98	31.313	99	59	3	2	95	2	96	4.37e-11	46.6
A70/198	A2/1-97	30.000	110	52	3	1	98	1	97	1.29e-10	45.4
A70/198	A133/1-95	37.079	89	50	2	1	87	1	85	2.08e-10	45.1
A71/199	A71/1-99	100.000	99	0	0	1	99	1	99	3.58e-73	204
A71/199	A104/1-99	68.687	99	31	0	1	99	1	99	1.72e-49	144
A71/199	A93/1-99	64.646	99	35	0	1	99	1	99	5.89e-48	140
A71/199	A82/1-99	61.616	99	38	0	1	99	1	99	1.30e-45	134
A71/199	A60/1-99	60.606	99	39	0	1	99	1	99	5.21e-43	127
A71/199	A115/1-99	59.596	99	40	0	1	99	1	99	6.07e-43	127
A71/199	A126/1-99	52.577	97	46	0	3	99	3	99	6.78e-38	115
A71/199	A148/1-102	49.020	102	49	1	1	99	1	102	5.12e-36	110
A71/199	A137/1-98	50.505	99	48	1	1	99	1	98	2.84e-34	105
A71/199	A49/1-100	48.980	98	47	2	1	96	1	97	1.75e-31	99.0
A71/199	A140/1-99	47.959	98	49	2	3	99	3	99	3.49e-27	87.8
A71/199	A74/1-98	46.067	89	47	1	1	89	1	88	5.64e-25	82.4
A71/199	A63/1-98	43.434	99	55	1	1	99	1	98	8.35e-25	82.0
A71/199	A34/1-97	45.455	99	51	3	1	98	1	97	4.24e-24	80.1
A71/199	A107/1-98	45.652	92	49	1	1	92	1	91	1.12e-23	79.0
A71/199	A162/1-99	37.363	91	52	2	11	99	12	99	1.67e-23	78.6
A71/199	A96/1-98	47.674	86	42	1	5	87	2	87	1.91e-23	78.6
A71/199	A20/1-102	42.424	99	52	2	5	99	5	102	6.12e-23	77.0
A71/199	A136/1-98	44.944	89	48	1	4	92	4	91	9.06e-23	76.6
A71/199	A151/1-99	39.175	97	57	2	4	99	4	99	5.06e-22	74.7
A71/199	A163/1-98	43.373	83	47	0	5	87	5	87	3.19e-21	72.8
A71/199	A118/1-98	38.542	96	58	1	4	99	4	98	9.06e-21	71.6
A71/199	A129/1-98	40.625	96	56	1	4	99	4	98	1.34e-20	71.2
A71/199	A78/1-96	38.542	96	56	2	4	99	4	96	1.90e-20	70.9
A71/199	A53/1-99	40.000	95	52	2	1	94	1	91	2.33e-20	70.5
A71/199	A52/1-98	43.617	94	46	2	4	94	1	90	2.38e-20	70.5
A71/199	A42/1-104	40.594	101	50	4	4	95	1	100	3.64e-20	70.1
A71/199	A41/1-98	39.796	98	55	2	5	99	2	98	6.01e-20	69.3
A71/199	A85/1-98	41.111	90	52	1	3	92	3	91	8.88e-20	68.9
A71/199	A24/1-98	40.230	87	51	1	13	99	13	98	1.12e-19	68.9
A71/199	A158/1-98	39.796	98	55	2	5	99	2	98	1.67e-19	68.6
A71/199	A70/1-98	39.583	96	57	1	4	99	4	98	3.69e-19	67.4
A71/199	A59/1-98	42.857	98	52	3	5	99	2	98	3.85e-19	67.4
A71/199	A111/1-96	41.667	84	47	1	4	87	4	85	4.25e-19	67.4
A71/199	A125/1-98	37.500	96	59	1	4	99	4	98	5.33e-19	67.0
A71/199	A159/1-98	38.710	93	50	2	4	93	1	89	8.60e-19	66.6
A71/199	A155/1-98	37.895	95	58	1	5	99	5	98	1.48e-18	65.9
A71/199	A103/1-98	35.417	96	61	1	4	99	4	98	1.60e-18	65.9
A71/199	A119/1-97	41.111	90	51	2	4	93	4	91	3.03e-18	65.1
A71/199	A81/1-98	35.417	96	61	1	4	99	4	98	5.44e-18	64.7
A71/199	A147/1-98	35.354	99	63	1	1	99	1	98	5.50e-18	64.3
A71/199	A28/1-100	37.778	90	54	1	4	91	4	93	5.68e-18	64.3
A71/199	A13/1-103	40.594	101	54	2	4	99	4	103	7.29e-18	64.3
A71/199	A48/1-98	33.721	86	56	1	13	98	13	97	1.04e-17	63.9
A71/199	A141/1-98	38.554	83	48	1	4	83	1	83	1.87e-17	63.2
A71/199	A89/1-96	36.782	87	53	1	3	89	3	87	2.35e-17	62.8
A71/199	A17/1-103	41.346	104	52	4	4	99	1	103	2.48e-17	62.8
A71/199	A86/1-99	41.463	82	47	1	4	84	4	85	2.89e-17	62.8
A71/199	A167/1-98	38.043	92	56	1	5	96	5	95	3.48e-17	62.4
A71/199	A144/1-96	37.234	94	53	2	4	97	4	91	3.67e-17	62.4
A71/199	A152/1-99	35.484	93	55	2	4	95	4	92	3.87e-17	62.4
A71/199	A6/1-97	38.542	96	56	2	1	94	1	95	7.83e-17	61.6
A71/199	A114/1-98	35.354	99	63	1	1	99	1	98	8.63e-17	61.6
A71/199	A122/1-96	39.080	87	50	2	4	90	4	87	1.00e-16	61.2
A71/199	A64/1-99	34.343	99	64	1	1	98	1	99	1.32e-16	60.8
A71/199	A3/1-98	41.489	94	51	1	1	94	1	90	1.97e-16	60.5
A71/199	A27/1-98	37.755	98	58	3	3	99	3	98	2.66e-16	60.1
A71/199	A108/1-99	32.292	96	64	1	1	95	1	96	3.97e-16	59.7
A71/199	A67/1-95	36.905	84	51	1	4	87	4	85	4.15e-16	59.7
A71/199	A92/1-98	31.250	96	65	1	4	99	4	98	6.19e-16	59.3
A71/199	A23/1-98	36.082	97	59	3	4	99	4	98	1.16e-15	58.5
A71/199	A58/1-97	41.250	80	45	2	5	83	5	83	1.22e-15	58.5
A71/199	A66/1-97	38.372	86	51	2	10	95	10	93	1.25e-15	58.5
A71/199	A91/1-97	36.585	82	50	2	3	83	3	83	1.93e-15	58.2
A71/199	A133/1-95	41.892	74	41	1	14	87	14	85	2.10e-15	57.8
A71/199	A7/1-97	35.955	89	54	2	4	90	2	89	3.17e-15	57.4
A71/199	A130/1-99	35.000	100	60	3	4	99	1	99	3.31e-15	57.4
A71/199	A75/1-99	34.118	85	55	1	4	87	4	88	5.56e-15	57.0
A71/199	A16/1-97	37.755	98	56	3	5	99	2	97	5.56e-15	57.0
A71/199	A124/1-97	37.037	81	49	2	4	83	4	83	8.74e-15	56.2
A71/199	A45/1-98	35.354	99	59	3	3	99	3	98	1.30e-14	55.8
A71/199	A135/1-97	39.773	88	48	3	4	87	1	87	1.69e-14	55.5
A71/199	A38/1-98	37.805	82	48	1	5	83	2	83	2.33e-14	55.1
A71/199	A31/1-95	36.782	87	50	2	4	87	1	85	4.56e-14	54.3
A71/199	A110/1-97	37.234	94	54	3	5	95	2	93	5.08e-14	54.3
A71/199	A154/1-97	37.349	83	50	2	13	95	13	93	5.65e-14	54.3
A71/199	A21/1-98	38.776	98	57	2	4	99	2	98	6.03e-14	54.3
A71/199	A100/1-96	32.184	87	57	1	1	87	1	85	8.33e-14	53.9
A71/199	A102/1-97	32.941	85	55	2	4	87	4	87	1.09e-13	53.5
A71/199	A88/1-97	37.234	94	54	3	5	95	2	93	1.11e-13	53.5
A71/199	A9/1-95	35.802	81	49	2	10	90	10	87	1.31e-13	53.1
A71/199	A80/1-97	34.568	81	51	2	4	83	4	83	1.61e-13	53.1
A71/199	A113/1-96	34.118	85	52	2	5	86	2	85	1.91e-13	52.8
A71/199	A19/1-97	35.484	93	57	3	4	94	4	95	2.94e-13	52.4
A71/199	A157/1-97	35.417	96	58	3	4	98	4	96	3.72e-13	52.0
A71/199	A10/1-98	36.364	99	59	2	4	99	1	98	3.97e-13	52.0
A71/199	A77/1-97	36.170	94	55	3	5	95	2	93	4.72e-13	52.0
A71/199	A161/1-98	34.118	85	54	2	12	96	13	95	7.10e-13	51.2
A71/199	A35/1-99	32.000	100	63	3	4	99	1	99	1.14e-12	50.8
A71/199	A143/1-97	35.556	90	54	2	5	91	2	90	2.50e-12	50.1
A71/199	A146/1-97	34.211	76	49	1	12	87	13	87	3.41e-12	49.7
A71/199	A14/1-100	36.842	95	54	2	1	93	1	91	4.13e-12	49.3
A71/199	A55/1-97	34.043	94	57	3	5	95	2	93	5.29e-12	49.3
A71/199	A47/1-96	35.165	91	54	2	5	91	2	91	5.70e-12	48.9
A71/199	A95/1-97	34.118	85	54	2	4	87	4	87	5.95e-12	48.9
A71/199	A97/1-99	32.222	90	60	1	4	92	4	93	7.38e-12	48.9
A71/199	A128/1-97	36.082	97	58	4	4	99	4	97	7.95e-12	48.5
A71/199	A150/1-96	36.170	94	48	3	4	91	4	91	1.30e-11	48.1
A71/199	A26/1-97	32.990	97	61	3	4	99	4	97	1.42e-11	48.1
A71/199	A99/1-97	34.409	93	57	3	4	95	4	93	1.85e-11	47.8
A71/199	A44/1-97	33.735	83	50	2	12	94	12	89	1.85e-11	47.8
A71/199	A166/1-99	33.673	98	64	1	1	98	2	98	2.00e-11	47.8
A71/199	A132/1-97	33.333	84	54	2	12	95	12	93	2.18e-11	47.4
A71/199	A69/1-97	30.488	82	55	2	4	84	4	84	2.40e-11	47.4
A71/199	A121/1-97	29.348	92	63	2	4	95	4	93	4.51e-11	46.6
A71/199	A84/1-97	35.484	93	57	3	4	94	4	95	6.02e-11	46.6
A71/199	A30/1-97	32.927	82	51	2	5	83	2	82	7.53e-11	46.2
A71/199	A51/1-96	31.395	86	55	2	5	87	2	86	2.08e-10	45.1
A71/199	A117/1-97	33.333	90	48	3	4	87	4	87	2.29e-10	45.1
A71/199	A5/1-98	33.333	84	50	3	5	83	2	84	3.15e-10	44.7
A71/199	A73/1-97	34.043	94	59	3	4	95	4	96	8.57e-10	43.5
A71/199	A33/1-97	32.558	86	55	3	4	88	4	87	8.85e-10	43.5
A71/199	A40/1-96	32.941	85	55	2	11	95	11	93	2.12e-09	42.4
A71/199	A62/1-96	33.684	95	58	3	5	95	2	95	2.21e-09	42.4
A71/199	A56/1-93	31.395	86	53	3	5	87	2	84	3.24e-09	42.0
A71/199	A12/1-98	30.928	97	64	3	4	99	4	98	4.22e-09	41.6
A71/199	A105/1-97	30.526	95	63	3	4	97	4	96	4.27e-09	41.6
A71/199	A37/1-96	32.877	73	47	2	12	84	12	82	1.43e-08	40.0
A71/199	A2/1-97	31.507	73	49	1	12	84	12	83	1.76e-08	40.0
A71/199	A139/1-97	37.500	88	48	4	5	87	2	87	4.91e-08	38.9
A73/197	A73/1-97	100.000	97	0	0	1	97	1	97	3.10e-71	199
A73/197	A95/1-97	76.289	97	23	0	1	97	1	97	3.56e-54	155
A73/197	A105/1-97	75.258	97	24	0	1	97	1	97	3.68e-54	155
A73/197	A84/1-97	69.072	97	30	0	1	97	1	97	2.00e-49	144
A73/197	A117/1-97	65.979	97	33	0	1	97	1	97	4.41e-46	135
A73/197	A128/1-97	60.825	97	38	0	1	97	1	97	4.03e-43	128
A73/197	A19/1-97	53.608	97	45	0	1	97	1	97	2.99e-40	120
A73/197	A62/1-96	57.292	96	40	1	2	97	2	96	3.92e-39	118
A73/197	A150/1-96	59.375	96	38	1	2	97	2	96	2.81e-37	113
A73/197	A139/1-97	53.191	94	44	0	2	95	2	95	1.47e-34	106
A73/197	A58/1-97	52.632	95	45	0	1	95	1	95	1.68e-34	106
A73/197	A146/1-97	52.632	95	45	0	1	95	1	95	6.46e-34	104
A73/197	A51/1-96	49.485	97	48	1	1	97	1	96	7.12e-34	104
A73/197	A26/1-97	50.526	95	47	0	1	95	1	95	1.58e-33	103
A73/197	A33/1-97	51.064	94	46	0	2	95	2	95	3.11e-32	100
A73/197	A91/1-97	49.474	95	48	0	1	95	1	95	5.37e-32	100
A73/197	A40/1-96	47.368	95	49	1	1	95	1	94	4.43e-31	97.8
A73/197	A44/1-97	50.515	97	46	2	2	97	2	97	7.82e-31	97.1
A73/197	A80/1-97	47.368	95	50	0	1	95	1	95	1.94e-30	95.9
A73/197	A47/1-96	44.681	94	52	0	2	95	2	95	3.14e-30	95.5
A73/197	A124/1-97	45.161	93	51	0	1	93	1	93	4.17e-30	95.1
A73/197	A102/1-97	45.745	94	51	0	1	94	1	94	9.25e-30	94.4
A73/197	A157/1-97	42.857	91	52	0	1	91	1	91	5.44e-29	92.4
A73/197	A99/1-97	49.438	89	44	1	2	90	2	89	8.51e-29	92.0
A73/197	A143/1-97	49.474	95	46	2	2	95	2	95	1.71e-28	91.3
A73/197	A77/1-97	50.562	89	43	1	2	90	2	89	2.48e-28	90.9
A73/197	A113/1-96	45.263	95	51	1	1	95	1	94	1.01e-27	89.4
A73/197	A69/1-97	44.681	94	52	0	2	95	2	95	2.57e-27	88.2
A73/197	A37/1-96	47.959	98	48	3	1	97	1	96	7.58e-27	87.0
A73/197	A135/1-97	44.681	94	52	0	2	95	2	95	1.70e-26	86.3
A73/197	A110/1-97	46.739	92	46	2	5	93	2	93	3.98e-26	85.1
A73/197	A12/1-98	41.667	96	53	2	1	94	1	95	1.11e-25	84.0
A73/197	A55/1-97	41.573	89	51	1	2	90	2	89	1.44e-25	83.6
A73/197	A66/1-97	46.316	95	49	2	2	95	2	95	2.47e-25	83.2
A73/197	A23/1-98	40.000	95	57	0	2	96	2	96	4.21e-25	82.4
A73/197	A161/1-98	44.444	90	50	0	2	91	2	91	6.87e-25	82.0
A73/197	A88/1-97	42.697	89	50	1	2	90	2	89	1.10e-23	79.0
A73/197	A16/1-97	42.697	89	50	1	2	90	2	89	1.44e-23	78.6
A73/197	A121/1-97	44.444	90	49	1	2	91	2	90	2.62e-23	77.8
A73/197	A30/1-97	36.735	98	60	2	1	97	1	97	1.25e-22	76.3
A73/197	A166/1-99	37.113	97	60	1	1	96	1	97	3.43e-22	75.1
A73/197	A9/1-95	42.353	85	47	2	14	97	12	95	1.07e-21	73.9
A73/197	A107/1-98	42.697	89	49	2	2	89	2	89	1.23e-21	73.6
A73/197	A5/1-98	38.542	96	56	2	2	95	2	96	1.31e-21	73.6
A73/197	A52/1-98	41.667	84	48	1	8	90	7	90	1.38e-21	73.6
A73/197	A158/1-98	38.776	98	57	3	2	97	2	98	3.49e-21	72.4
A73/197	A63/1-98	43.333	90	49	2	2	90	2	90	4.44e-21	72.4
A73/197	A45/1-98	48.936	94	44	3	2	93	2	93	1.16e-20	71.2
A73/197	A86/1-99	43.182	88	47	2	1	86	1	87	1.44e-20	70.9
A73/197	A167/1-98	43.158	95	51	3	1	93	1	94	2.64e-20	70.5
A73/197	A154/1-97	36.458	96	60	1	2	97	2	96	2.70e-20	70.5
A73/197	A151/1-99	41.237	97	54	2	2	96	2	97	3.11e-20	70.1
A73/197	A41/1-98	43.299	97	49	3	1	95	4	96	4.36e-20	69.7
A73/197	A132/1-97	38.636	88	53	1	9	95	8	95	1.28e-19	68.6
A73/197	A2/1-97	40.000	95	55	2	2	95	2	95	3.63e-19	67.4
A73/197	A108/1-99	39.773	88	50	2	2	87	2	88	5.85e-19	67.0
A73/197	A13/1-103	41.176	102	50	4	2	95	2	101	6.11e-19	67.0
A73/197	A78/1-96	40.625	96	54	3	1	95	1	94	6.96e-19	66.6
A73/197	A118/1-98	39.362	94	55	2	2	94	2	94	7.84e-19	66.6
A73/197	A27/1-98	42.268	97	51	4	2	95	2	96	8.02e-19	66.6
A73/197	A140/1-99	41.860	86	44	2	2	85	5	86	8.56e-19	66.6
A73/197	A130/1-99	40.206	97	54	3	2	95	2	97	9.85e-19	66.2
A73/197	A96/1-98	41.379	87	49	2	2	87	2	87	1.89e-18	65.5
A73/197	A103/1-98	37.500	88	53	2	1	87	1	87	2.40e-18	65.5
A73/197	A67/1-95	36.559	93	57	2	2	94	2	92	3.11e-18	65.1
A73/197	A89/1-96	40.698	86	49	2	2	87	2	85	6.66e-18	64.3
A73/197	A122/1-96	37.079	89	54	2	1	89	1	87	8.73e-18	63.9
A73/197	A125/1-98	38.776	98	57	3	2	97	2	98	1.25e-17	63.5
A73/197	A74/1-98	35.870	92	57	2	2	92	2	92	2.27e-17	62.8
A73/197	A129/1-98	40.217	92	50	3	2	89	2	92	2.37e-17	62.8
A73/197	A159/1-98	35.955	89	55	2	2	89	2	89	6.08e-17	61.6
A73/197	A59/1-98	38.043	92	55	2	8	97	7	98	6.56e-17	61.6
A73/197	A70/1-98	39.796	98	56	3	2	97	2	98	7.31e-17	61.6
A73/197	A28/1-100	39.796	98	54	3	1	94	1	97	7.80e-17	61.6
A73/197	A53/1-99	37.778	90	53	2	2	89	2	90	1.96e-16	60.5
A73/197	A64/1-99	36.364	88	53	2	2	87	2	88	2.60e-16	60.1
A73/197	A92/1-98	36.047	86	53	2	2	86	2	86	3.05e-16	60.1
A73/197	A21/1-98	45.745	94	48	2	2	94	3	94	3.55e-16	59.7
A73/197	A119/1-97	32.632	95	62	2	2	95	2	95	3.83e-16	59.7
A73/197	A35/1-99	36.082	97	58	3	2	95	2	97	5.08e-16	59.3
A73/197	A136/1-98	35.714	98	60	3	2	97	2	98	7.75e-16	58.9
A73/197	A85/1-98	35.632	87	54	2	2	87	2	87	1.06e-15	58.5
A73/197	A144/1-96	34.444	90	57	2	1	90	1	88	2.49e-15	57.8
A73/197	A162/1-99	36.782	87	53	2	11	95	11	97	2.52e-15	57.8
A73/197	A115/1-99	40.659	91	52	2	2	90	1	91	2.60e-15	57.8
A73/197	A81/1-98	35.632	87	54	2	2	87	2	87	3.03e-15	57.4
A73/197	A34/1-97	37.113	97	57	4	2	96	2	96	3.88e-15	57.0
A73/197	A111/1-96	32.609	92	60	2	5	95	4	94	4.61e-15	57.0
A73/197	A17/1-103	38.043	92	49	3	4	87	1	92	6.52e-15	56.6
A73/197	A152/1-99	36.735	98	55	3	2	93	2	98	8.54e-15	56.2
A73/197	A97/1-99	34.091	88	55	2	1	86	1	87	9.42e-15	56.2
A73/197	A141/1-98	38.202	89	53	2	2	89	2	89	1.55e-14	55.5
A73/197	A20/1-102	35.000	100	58	4	2	95	2	100	2.74e-14	55.1
A73/197	A82/1-99	40.449	89	50	3	4	90	4	91	2.89e-14	55.1
A73/197	A137/1-98	41.111	90	45	3	2	87	1	86	3.55e-14	54.7
A73/197	A3/1-98	35.870	92	56	2	4	92	1	92	3.79e-14	54.7
A73/197	A155/1-98	33.333	90	59	1	9	97	8	97	6.16e-14	53.9
A73/197	A42/1-104	35.789	95	53	3	2	89	2	95	6.93e-14	53.9
A73/197	A147/1-98	37.624	101	53	4	4	97	1	98	8.06e-14	53.9
A73/197	A100/1-96	37.209	86	52	2	2	87	2	85	8.33e-14	53.5
A73/197	A7/1-97	35.484	93	57	2	2	93	3	93	9.08e-14	53.5
A73/197	A126/1-99	34.091	88	55	3	4	89	4	90	2.02e-13	52.8
A73/197	A114/1-98	35.052	97	58	4	2	95	2	96	2.24e-13	52.8
A73/197	A14/1-100	35.870	92	55	2	2	90	2	92	2.88e-13	52.4
A73/197	A24/1-98	37.209	86	51	2	5	87	2	87	1.30e-12	50.8
A73/197	A60/1-99	38.043	92	49	4	2	90	5	91	1.70e-12	50.4
A73/197	A163/1-98	31.818	88	58	2	1	87	1	87	1.77e-12	50.4
A73/197	A48/1-98	33.333	78	51	1	11	87	10	87	1.87e-12	50.1
A73/197	A75/1-99	31.461	89	58	2	1	87	1	88	2.27e-12	50.1
A73/197	A10/1-98	36.082	97	54	3	4	97	1	92	3.68e-12	49.3
A73/197	A104/1-99	35.955	89	54	3	4	90	4	91	4.14e-12	49.3
A73/197	A6/1-97	37.209	86	51	3	2	86	2	85	8.14e-12	48.5
A73/197	A133/1-95	29.213	89	54	2	9	93	8	91	2.02e-11	47.8
A73/197	A56/1-93	35.227	88	54	3	2	89	2	86	2.62e-11	47.4
A73/197	A31/1-95	36.170	94	54	3	2	93	2	91	3.01e-11	47.0
A73/197	A148/1-102	36.782	87	47	3	2	84	5	87	3.46e-11	47.0
A73/197	A93/1-99	35.165	91	53	4	2	90	5	91	8.50e-11	45.8
A73/197	A71/1-99	34.043	94	59	3	4	96	4	95	8.08e-10	43.5
A73/197	A38/1-98	28.421	95	66	2	1	94	1	94	2.31e-07	37.0
A73/197	A49/1-100	30.208	96	59	3	2	93	5	96	5.18e-07	36.2
A74/198	A74/1-98	100.000	98	0	0	1	98	1	98	2.49e-74	207
A74/198	A96/1-98	70.103	97	29	0	2	98	2	98	1.53e-52	152
A74/198	A107/1-98	68.367	98	31	0	1	98	1	98	3.41e-50	145
A74/198	A85/1-98	61.856	97	37	0	2	98	2	98	7.28e-47	137
A74/198	A118/1-98	57.732	97	41	0	2	98	2	98	7.10e-42	125
A74/198	A34/1-97	51.546	97	46	1	1	97	1	96	1.89e-34	106
A74/198	A140/1-99	51.579	95	45	1	2	95	2	96	1.65e-33	103
A74/198	A63/1-98	53.846	91	42	0	1	91	1	91	2.69e-33	103
A74/198	A129/1-98	52.577	97	46	0	2	98	2	98	5.73e-33	102
A74/198	A3/1-98	48.980	98	50	0	1	98	1	98	1.27e-31	99.0
A74/198	A103/1-98	46.392	97	52	0	2	98	2	98	1.23e-30	96.7
A74/198	A81/1-98	47.423	97	51	0	2	98	2	98	7.64e-30	94.7
A74/198	A70/1-98	48.454	97	50	0	2	98	2	98	3.03e-29	93.2
A74/198	A48/1-98	45.263	95	52	0	2	96	2	96	5.30e-28	90.1
A74/198	A92/1-98	44.330	97	54	0	2	98	2	98	6.82e-28	89.7
A74/198	A115/1-99	46.739	92	48	1	1	91	1	92	7.86e-28	89.4
A74/198	A82/1-99	42.424	99	56	1	1	98	1	99	3.96e-27	87.8
A74/198	A126/1-99	47.126	87	45	1	3	88	3	89	4.71e-27	87.4
A74/198	A158/1-98	43.011	93	52	1	2	93	2	94	4.87e-27	87.4
A74/198	A151/1-99	46.237	93	49	1	2	93	2	94	5.25e-27	87.4
A74/198	A148/1-102	42.529	87	47	1	1	84	1	87	1.30e-26	86.3
A74/198	A41/1-98	44.086	93	48	2	2	93	5	94	1.71e-26	86.3
A74/198	A60/1-99	45.652	92	49	1	1	91	1	92	1.84e-26	85.9
A74/198	A114/1-98	47.619	84	44	0	1	84	1	84	4.09e-26	85.1
A74/198	A136/1-98	39.583	96	58	0	2	97	2	97	4.42e-26	85.1
A74/198	A147/1-98	45.055	91	50	0	1	91	1	91	6.47e-26	84.7
A74/198	A104/1-99	43.434	99	55	1	1	98	1	99	7.87e-26	84.3
A74/198	A163/1-98	42.222	90	52	0	2	91	2	91	8.23e-26	84.3
A74/198	A137/1-98	42.391	92	51	2	1	91	1	91	1.15e-25	84.0
A74/198	A125/1-98	41.237	97	57	0	2	98	2	98	1.77e-25	83.6
A74/198	A93/1-99	46.067	89	47	1	1	88	1	89	2.70e-25	83.2
A74/198	A122/1-96	46.512	86	44	1	2	87	2	85	2.82e-25	83.2
A74/198	A17/1-103	45.263	95	47	2	1	90	1	95	3.59e-25	82.8
A74/198	A71/1-99	46.067	89	47	1	1	88	1	89	5.43e-25	82.4
A74/198	A27/1-98	46.154	91	47	2	2	91	2	91	9.90e-25	81.6
A74/198	A52/1-98	43.956	91	51	0	8	98	8	98	4.76e-24	79.7
A74/198	A53/1-99	42.697	89	50	1	1	88	1	89	5.67e-24	79.7
A74/198	A167/1-98	43.333	90	51	0	2	91	2	91	6.05e-24	79.7
A74/198	A20/1-102	41.667	96	51	3	2	92	2	97	9.15e-24	79.3
A74/198	A66/1-97	46.535	101	45	2	2	98	2	97	1.36e-23	78.6
A74/198	A31/1-95	41.935	93	52	1	1	93	1	91	2.01e-23	78.2
A74/198	A49/1-100	40.625	96	54	2	1	93	1	96	6.10e-23	77.0
A74/198	A6/1-97	45.055	91	49	1	1	91	1	90	7.34e-23	77.0
A74/198	A162/1-99	40.244	82	49	0	10	91	11	92	8.64e-23	76.6
A74/198	A59/1-98	40.206	97	58	0	2	98	2	98	1.07e-22	76.6
A74/198	A45/1-98	40.206	97	54	2	2	96	2	96	5.94e-22	74.7
A74/198	A28/1-100	41.573	89	50	1	2	88	2	90	6.92e-22	74.3
A74/198	A24/1-98	40.230	87	52	0	2	88	2	88	1.34e-21	73.6
A74/198	A42/1-104	41.489	94	49	2	1	88	1	94	1.88e-21	73.2
A74/198	A84/1-97	43.011	93	51	2	2	93	2	93	1.93e-21	73.2
A74/198	A55/1-97	42.424	99	48	2	2	96	2	95	1.97e-21	73.2
A74/198	A19/1-97	38.043	92	55	2	2	92	2	92	4.12e-21	72.4
A74/198	A159/1-98	36.364	88	56	0	1	88	1	88	4.70e-21	72.4
A74/198	A121/1-97	38.710	93	48	2	2	90	2	89	5.30e-21	72.0
A74/198	A111/1-96	39.080	87	51	1	1	87	1	85	5.47e-21	72.0
A74/198	A108/1-99	38.202	89	54	1	1	88	1	89	6.17e-21	72.0
A74/198	A78/1-96	37.778	90	54	1	2	91	2	89	6.30e-21	72.0
A74/198	A89/1-96	39.535	86	50	1	2	87	2	85	6.66e-21	72.0
A74/198	A67/1-95	39.130	92	54	1	2	93	2	91	7.42e-21	71.6
A74/198	A13/1-103	40.217	92	50	1	2	88	2	93	9.43e-21	71.6
A74/198	A13/1-103	54.545	11	5	0	1	11	91	101	9.9	16.2
A74/198	A88/1-97	42.553	94	45	2	2	91	2	90	1.16e-20	71.2
A74/198	A144/1-96	42.529	87	46	2	2	87	2	85	1.75e-20	70.9
A74/198	A99/1-97	36.082	97	61	1	2	98	2	97	1.81e-20	70.9
A74/198	A146/1-97	38.710	93	55	2	2	93	2	93	2.09e-20	70.5
A74/198	A64/1-99	42.697	89	50	1	1	88	1	89	2.35e-20	70.5
A74/198	A86/1-99	44.048	84	46	1	2	84	2	85	3.02e-20	70.1
A74/198	A58/1-97	38.710	93	53	2	1	93	5	93	3.12e-20	70.1
A74/198	A95/1-97	38.710	93	55	2	2	93	2	93	4.28e-20	69.7
A74/198	A51/1-96	39.560	91	54	1	2	92	2	91	7.05e-20	69.3
A74/198	A105/1-97	37.755	98	58	3	2	98	2	97	7.44e-20	69.3
A74/198	A35/1-99	39.773	88	52	1	1	87	1	88	7.69e-20	69.3
A74/198	A30/1-97	42.683	82	46	1	2	83	2	82	7.86e-20	69.3
A74/198	A77/1-97	38.614	101	53	2	2	98	2	97	8.30e-20	68.9
A74/198	A154/1-97	38.889	90	54	1	2	91	2	90	2.63e-19	67.8
A74/198	A26/1-97	43.678	87	47	2	2	87	2	87	3.19e-19	67.8
A74/198	A155/1-98	37.079	89	56	0	2	90	2	90	3.41e-19	67.4
A74/198	A5/1-98	42.553	94	51	2	2	93	2	94	3.76e-19	67.4
A74/198	A124/1-97	42.353	85	47	2	2	85	2	85	7.61e-19	66.6
A74/198	A141/1-98	37.755	98	61	0	1	98	1	98	1.53e-18	65.9
A74/198	A14/1-100	41.000	100	57	1	1	98	1	100	1.78e-18	65.9
A74/198	A80/1-97	43.529	85	46	2	2	85	2	85	2.43e-18	65.5
A74/198	A97/1-99	37.500	96	55	2	2	92	2	97	3.02e-18	65.1
A74/198	A75/1-99	38.636	88	53	1	2	88	2	89	4.37e-18	64.7
A74/198	A40/1-96	36.957	92	57	1	2	93	2	92	4.47e-18	64.7
A74/198	A100/1-96	36.364	88	52	2	1	87	1	85	8.56e-18	63.9
A74/198	A33/1-97	35.870	92	57	2	2	92	2	92	1.20e-17	63.5
A74/198	A119/1-97	36.667	90	56	1	2	91	2	90	1.54e-17	63.2
A74/198	A152/1-99	34.118	85	55	1	2	85	2	86	1.57e-17	63.2
A74/198	A16/1-97	38.202	89	54	1	2	90	2	89	1.57e-17	63.2
A74/198	A110/1-97	34.444	90	58	1	2	91	2	90	1.87e-17	63.2
A74/198	A91/1-97	37.634	93	56	2	2	93	2	93	2.13e-17	62.8
A74/198	A73/1-97	35.870	92	57	2	2	92	2	92	2.35e-17	62.8
A74/198	A102/1-97	40.230	87	50	2	2	87	2	87	2.65e-17	62.8
A74/198	A7/1-97	34.375	96	62	1	1	96	2	96	2.73e-17	62.8
A74/198	A113/1-96	35.556	90	57	1	2	91	2	90	6.03e-17	61.6
A74/198	A47/1-96	41.304	92	51	3	2	92	2	91	7.90e-17	61.6
A74/198	A135/1-97	35.870	92	57	2	1	91	1	91	9.92e-17	61.2
A74/198	A117/1-97	36.782	87	53	2	2	87	2	87	1.17e-16	61.2
A74/198	A133/1-95	35.870	92	57	1	2	93	2	91	1.18e-16	61.2
A74/198	A56/1-93	39.080	87	50	2	2	88	2	85	1.74e-16	60.5
A74/198	A150/1-96	34.783	92	59	1	2	93	2	92	2.33e-16	60.5
A74/198	A132/1-97	31.959	97	65	1	2	98	2	97	2.81e-16	60.1
A74/198	A69/1-97	35.714	84	52	2	2	84	2	84	3.45e-16	59.7
A74/198	A157/1-97	36.047	86	53	2	2	86	2	86	3.48e-16	59.7
A74/198	A44/1-97	34.483	87	56	1	2	88	2	87	4.28e-16	59.7
A74/198	A12/1-98	37.209	86	51	2	2	85	2	86	4.47e-16	59.7
A74/198	A161/1-98	39.080	87	51	2	2	87	2	87	8.84e-16	58.9
A74/198	A130/1-99	36.364	88	55	1	1	87	1	88	2.12e-15	57.8
A74/198	A9/1-95	31.579	95	59	2	2	94	2	92	2.22e-15	57.8
A74/198	A10/1-98	36.364	88	56	0	1	88	1	88	2.63e-15	57.8
A74/198	A166/1-99	38.043	92	54	3	2	91	2	92	3.23e-15	57.4
A74/198	A23/1-98	36.905	84	51	2	2	84	2	84	4.24e-15	57.0
A74/198	A37/1-96	36.471	85	48	2	2	84	2	82	4.93e-15	57.0
A74/198	A143/1-97	33.721	86	56	1	2	87	2	86	1.11e-14	55.8
A74/198	A21/1-98	42.045	88	50	1	1	88	2	88	1.32e-14	55.8
A74/198	A38/1-98	34.524	84	55	0	2	85	2	85	1.44e-14	55.8
A74/198	A128/1-97	34.483	87	55	2	2	87	2	87	2.01e-14	55.5
A74/198	A62/1-96	30.435	92	63	1	2	93	2	92	3.67e-14	54.7
A74/198	A139/1-97	32.558	86	49	2	11	92	12	92	2.42e-13	52.4
A74/198	A2/1-97	36.585	82	51	1	2	83	2	82	2.27e-12	50.1
A75/199	A75/1-99	100.000	99	0	0	1	99	1	99	4.90e-71	198
A75/199	A97/1-99	61.616	99	38	0	1	99	1	99	8.93e-45	132
A75/199	A108/1-99	57.143	98	42	0	2	99	2	99	7.55e-42	125
A75/199	A86/1-99	51.613	93	45	0	1	93	1	93	5.99e-34	105
A75/199	A53/1-99	44.898	98	54	0	2	99	2	99	6.05e-32	100
A75/199	A141/1-98	43.878	98	54	1	2	99	2	98	1.79e-28	91.3
A75/199	A159/1-98	45.455	99	51	2	2	99	2	98	7.40e-28	89.7
A75/199	A152/1-99	44.186	86	48	0	2	87	2	87	7.98e-28	89.4
A75/199	A130/1-99	44.828	87	48	0	2	88	2	88	1.33e-27	89.0
A75/199	A64/1-99	46.154	91	49	0	2	92	2	92	1.46e-27	89.0
A75/199	A42/1-104	46.809	94	43	2	2	89	2	94	2.16e-27	88.6
A75/199	A119/1-97	40.909	88	50	1	2	89	2	87	1.61e-24	81.3
A75/199	A28/1-100	41.935	93	53	1	1	92	1	93	1.62e-24	81.3
A75/199	A78/1-96	42.045	88	48	1	1	88	1	85	2.09e-24	80.9
A75/199	A35/1-99	41.379	87	51	0	2	88	2	88	3.36e-23	77.8
A75/199	A136/1-98	42.697	89	48	2	2	89	2	88	2.55e-22	75.5
A75/199	A67/1-95	39.080	87	50	1	2	88	2	85	9.84e-22	73.9
A75/199	A126/1-99	38.462	91	54	2	4	93	4	93	2.56e-21	73.2
A75/199	A89/1-96	39.080	87	50	1	2	88	2	85	2.77e-21	72.8
A75/199	A20/1-102	39.175	97	55	2	2	95	2	97	3.40e-21	72.8
A75/199	A100/1-96	38.889	90	52	1	2	91	2	88	5.61e-21	72.0
A75/199	A104/1-99	38.144	97	58	2	4	99	4	99	6.46e-21	72.0
A75/199	A144/1-96	40.909	88	49	1	1	88	1	85	7.61e-21	71.6
A75/199	A111/1-96	41.379	87	48	1	2	88	2	85	7.78e-21	71.6
A75/199	A115/1-99	39.080	87	51	2	4	89	4	89	9.77e-21	71.6
A75/199	A82/1-99	38.144	97	58	2	4	99	4	99	1.13e-20	71.2
A75/199	A129/1-98	40.000	85	50	1	2	86	2	85	1.23e-20	71.2
A75/199	A155/1-98	39.326	89	49	2	2	88	2	87	1.35e-20	71.2
A75/199	A56/1-93	44.318	88	45	2	2	89	2	85	1.74e-20	70.9
A75/199	A96/1-98	39.773	88	52	1	2	89	2	88	3.72e-20	70.1
A75/199	A122/1-96	39.773	88	50	1	1	88	1	85	5.75e-20	69.7
A75/199	A14/1-100	39.394	99	59	1	2	99	2	100	6.55e-20	69.3
A75/199	A158/1-98	40.909	88	51	1	2	89	2	88	1.00e-19	68.9
A75/199	A93/1-99	38.144	97	58	2	4	99	4	99	1.06e-19	68.9
A75/199	A162/1-99	41.250	80	46	1	10	89	11	89	1.08e-19	68.9
A75/199	A49/1-100	37.931	87	53	1	4	89	4	90	1.13e-19	68.9
A75/199	A7/1-97	41.379	87	49	2	2	88	3	87	1.76e-19	68.2
A75/199	A63/1-98	38.889	90	50	2	2	89	2	88	2.39e-19	68.2
A75/199	A44/1-97	37.755	98	59	1	2	99	2	97	3.81e-19	67.4
A75/199	A163/1-98	38.636	88	53	1	1	88	1	87	3.89e-19	67.4
A75/199	A81/1-98	38.776	98	59	1	2	99	2	98	3.98e-19	67.4
A75/199	A107/1-98	37.500	88	54	1	2	89	2	88	9.28e-19	66.6
A75/199	A125/1-98	32.955	88	58	1	2	89	2	88	1.33e-18	66.2
A75/199	A113/1-96	41.667	84	47	1	1	84	1	82	2.55e-18	65.5
A75/199	A66/1-97	37.500	88	53	1	2	89	2	87	2.57e-18	65.5
A75/199	A74/1-98	38.636	88	53	1	2	89	2	88	4.53e-18	64.7
A75/199	A31/1-95	37.931	87	51	1	2	88	2	85	6.20e-18	64.3
A75/199	A3/1-98	34.694	98	63	1	2	99	2	98	1.32e-17	63.5
A75/199	A55/1-97	36.458	96	59	1	2	97	2	95	1.40e-17	63.5
A75/199	A13/1-103	35.870	92	55	1	2	89	2	93	1.52e-17	63.5
A75/199	A16/1-97	35.227	88	55	1	2	89	2	87	1.70e-17	63.2
A75/199	A41/1-98	36.667	90	56	1	1	90	1	89	1.79e-17	63.2
A75/199	A103/1-98	33.333	99	65	1	1	99	1	98	2.99e-17	62.8
A75/199	A84/1-97	38.202	89	52	2	1	88	1	87	5.02e-17	62.0
A75/199	A118/1-98	36.000	100	59	2	2	99	2	98	5.25e-17	62.0
A75/199	A70/1-98	37.500	88	54	1	2	89	2	88	5.66e-17	62.0
A75/199	A60/1-99	35.802	81	51	1	4	84	4	83	5.97e-17	62.0
A75/199	A59/1-98	36.264	91	53	2	2	90	2	89	7.18e-17	61.6
A75/199	A48/1-98	36.364	88	55	1	2	89	2	88	1.08e-16	61.2
A75/199	A137/1-98	36.471	85	52	1	4	88	4	86	1.42e-16	60.8
A75/199	A21/1-98	40.000	90	52	2	2	91	3	90	1.73e-16	60.8
A75/199	A143/1-97	32.967	91	59	1	2	92	2	90	1.97e-16	60.5
A75/199	A24/1-98	34.444	90	58	1	2	91	2	90	1.97e-16	60.5
A75/199	A5/1-98	37.363	91	53	2	2	90	2	90	2.03e-16	60.5
A75/199	A26/1-97	36.000	100	60	3	1	99	1	97	2.21e-16	60.5
A75/199	A37/1-96	33.684	95	59	2	1	95	1	91	3.13e-16	60.1
A75/199	A51/1-96	35.556	90	56	1	1	90	1	88	3.20e-16	60.1
A75/199	A34/1-97	40.000	90	48	3	2	89	2	87	3.38e-16	60.1
A75/199	A114/1-98	33.721	86	56	1	2	87	2	86	3.41e-16	60.1
A75/199	A151/1-99	35.227	88	57	0	2	89	2	89	3.72e-16	59.7
A75/199	A38/1-98	34.524	84	54	1	1	84	1	83	4.15e-16	59.7
A75/199	A147/1-98	37.209	86	53	1	2	87	2	86	4.24e-16	59.7
A75/199	A85/1-98	34.694	98	63	1	2	99	2	98	4.78e-16	59.7
A75/199	A91/1-97	37.647	85	50	2	1	84	1	83	4.83e-16	59.7
A75/199	A148/1-102	33.333	84	52	2	5	85	5	87	5.10e-16	59.3
A75/199	A9/1-95	37.500	88	52	1	2	89	2	86	6.82e-16	59.3
A75/199	A95/1-97	37.079	89	53	2	1	88	1	87	7.52e-16	58.9
A75/199	A140/1-99	35.294	85	55	0	2	86	2	86	8.47e-16	58.9
A75/199	A77/1-97	31.633	98	65	1	2	99	2	97	1.05e-15	58.5
A75/199	A47/1-96	38.043	92	54	2	2	92	2	91	1.47e-15	58.2
A75/199	A19/1-97	38.202	89	52	2	1	88	1	87	2.19e-15	57.8
A75/199	A105/1-97	34.831	89	55	2	1	88	1	87	2.27e-15	57.8
A75/199	A166/1-99	38.889	90	51	3	1	88	1	88	3.61e-15	57.4
A75/199	A45/1-98	32.673	101	63	2	1	99	1	98	5.15e-15	57.0
A75/199	A58/1-97	36.364	88	53	2	1	87	1	86	5.50e-15	57.0
A75/199	A71/1-99	34.118	85	55	1	4	88	4	87	5.56e-15	57.0
A75/199	A150/1-96	37.500	88	53	1	2	89	2	87	6.46e-15	56.6
A75/199	A167/1-98	32.323	99	64	2	1	97	1	98	8.11e-15	56.2
A75/199	A102/1-97	37.079	89	53	2	1	88	1	87	9.53e-15	56.2
A75/199	A128/1-97	37.079	89	53	2	1	88	1	87	1.12e-14	55.8
A75/199	A33/1-97	36.364	88	53	2	2	88	2	87	1.24e-14	55.8
A75/199	A92/1-98	33.708	89	58	1	1	89	1	88	1.44e-14	55.8
A75/199	A88/1-97	35.227	88	55	1	2	89	2	87	1.44e-14	55.8
A75/199	A80/1-97	40.000	85	48	2	1	84	1	83	1.90e-14	55.5
A75/199	A154/1-97	35.227	88	55	1	2	89	2	87	3.12e-14	55.1
A75/199	A133/1-95	31.868	91	57	2	2	91	2	88	3.30e-14	54.7
A75/199	A157/1-97	35.632	87	53	2	1	86	1	85	5.19e-14	54.3
A75/199	A117/1-97	34.831	89	55	2	1	88	1	87	5.90e-14	54.3
A75/199	A40/1-96	34.831	89	56	1	1	89	1	87	6.30e-14	53.9
A75/199	A132/1-97	29.545	88	60	1	2	89	2	87	6.72e-14	53.9
A75/199	A12/1-98	35.165	91	55	2	1	89	1	89	1.06e-13	53.5
A75/199	A27/1-98	32.955	88	58	1	2	89	2	88	1.22e-13	53.5
A75/199	A62/1-96	31.818	88	58	1	2	89	2	87	1.23e-13	53.5
A75/199	A30/1-97	34.343	99	63	1	1	99	1	97	1.27e-13	53.1
A75/199	A124/1-97	34.091	88	55	2	1	87	1	86	1.73e-13	53.1
A75/199	A110/1-97	30.682	88	59	1	2	89	2	87	2.42e-13	52.8
A75/199	A121/1-97	34.091	88	56	1	2	89	2	87	3.38e-13	52.4
A75/199	A52/1-98	32.323	99	63	2	4	99	1	98	3.72e-13	52.0
A75/199	A10/1-98	32.222	90	57	2	4	90	1	89	4.28e-13	52.0
A75/199	A146/1-97	34.831	89	55	2	1	88	1	87	6.58e-13	51.6
A75/199	A161/1-98	33.333	87	54	2	12	96	13	97	7.49e-13	51.2
A75/199	A99/1-97	31.034	87	58	1	2	88	2	86	1.24e-12	50.8
A75/199	A73/1-97	31.461	89	58	2	1	88	1	87	2.42e-12	50.1
A75/199	A69/1-97	34.884	86	53	2	2	86	2	85	3.03e-12	49.7
A75/199	A135/1-97	27.778	90	62	2	2	90	2	89	7.38e-12	48.9
A75/199	A17/1-103	25.243	103	71	2	2	99	2	103	1.87e-11	47.8
A75/199	A2/1-97	32.558	86	56	1	2	87	2	85	3.00e-11	47.4
A75/199	A23/1-98	34.884	86	53	2	2	86	2	85	5.12e-11	46.6
A75/199	A139/1-97	28.750	80	55	1	9	88	10	87	7.14e-11	46.2
A75/199	A6/1-97	33.721	86	55	2	2	87	2	85	4.02e-10	44.3
A77/197	A77/1-97	100.000	97	0	0	1	97	1	97	6.90e-72	200
A77/197	A88/1-97	76.289	97	23	0	1	97	1	97	2.47e-58	166
A77/197	A110/1-97	68.041	97	31	0	1	97	1	97	2.11e-51	149
A77/197	A99/1-97	62.887	97	36	0	1	97	1	97	1.38e-49	144
A77/197	A66/1-97	67.010	97	32	0	1	97	1	97	2.09e-47	139
A77/197	A55/1-97	59.794	97	39	0	1	97	1	97	8.23e-44	129
A77/197	A121/1-97	55.670	97	43	0	1	97	1	97	1.40e-40	121
A77/197	A154/1-97	55.670	97	43	0	1	97	1	97	2.01e-38	116
A77/197	A132/1-97	54.639	97	44	0	1	97	1	97	8.90e-38	114
A77/197	A143/1-97	50.515	97	48	0	1	97	1	97	1.14e-36	111
A77/197	A44/1-97	54.639	97	44	0	1	97	1	97	9.79e-34	104
A77/197	A95/1-97	50.000	90	44	1	2	90	2	91	4.23e-29	92.8
A77/197	A16/1-97	44.792	96	53	0	2	97	2	97	1.45e-28	91.3
A77/197	A73/1-97	50.562	89	43	1	2	89	2	90	2.48e-28	90.9
A77/197	A51/1-96	44.565	92	51	0	2	93	2	93	5.16e-28	90.1
A77/197	A30/1-97	47.872	94	49	0	2	95	2	95	1.49e-27	88.6
A77/197	A105/1-97	47.778	90	46	1	2	90	2	91	1.87e-27	88.6
A77/197	A84/1-97	48.315	89	45	1	2	89	2	90	3.53e-27	87.8
A77/197	A33/1-97	41.935	93	53	1	2	93	2	94	2.69e-26	85.5
A77/197	A80/1-97	48.780	82	41	1	2	82	2	83	4.49e-26	85.1
A77/197	A19/1-97	43.820	89	49	1	2	89	2	90	4.54e-26	85.1
A77/197	A58/1-97	50.000	84	41	1	2	84	2	85	5.65e-26	84.7
A77/197	A113/1-96	46.914	81	43	0	2	82	2	82	6.23e-26	84.7
A77/197	A26/1-97	46.392	97	50	2	2	97	2	97	2.21e-25	83.2
A77/197	A157/1-97	41.667	84	48	1	2	84	2	85	9.43e-25	81.6
A77/197	A2/1-97	41.667	96	56	0	2	97	2	97	1.01e-24	81.6
A77/197	A37/1-96	45.745	94	50	1	2	95	2	94	1.41e-24	81.3
A77/197	A91/1-97	41.573	89	51	1	2	89	2	90	3.69e-24	80.1
A77/197	A62/1-96	42.697	89	51	0	1	89	1	89	5.96e-24	79.7
A77/197	A130/1-99	40.816	98	56	1	2	97	2	99	8.63e-24	79.3
A77/197	A69/1-97	41.667	96	54	2	2	96	2	96	2.20e-23	78.2
A77/197	A63/1-98	45.161	93	50	1	2	93	2	94	2.57e-23	78.2
A77/197	A128/1-97	44.086	93	51	1	2	93	2	94	3.09e-23	77.8
A77/197	A40/1-96	44.318	88	49	0	2	89	2	89	4.53e-23	77.4
A77/197	A102/1-97	39.326	89	53	1	2	89	2	90	7.15e-23	77.0
A77/197	A118/1-98	41.237	97	56	1	2	97	2	98	1.06e-22	76.3
A77/197	A124/1-97	43.373	83	46	1	2	83	2	84	1.35e-22	76.3
A77/197	A5/1-98	42.697	89	49	1	1	87	1	89	4.41e-22	74.7
A77/197	A27/1-98	45.918	98	50	3	2	97	2	98	4.87e-22	74.7
A77/197	A150/1-96	42.697	89	51	0	1	89	1	89	7.52e-22	74.3
A77/197	A24/1-98	47.126	87	45	1	2	87	2	88	7.94e-22	74.3
A77/197	A47/1-96	41.935	93	53	1	2	93	2	94	8.86e-22	73.9
A77/197	A42/1-104	38.835	103	56	1	2	97	2	104	9.66e-22	73.9
A77/197	A108/1-99	37.755	98	59	1	2	97	2	99	3.42e-21	72.8
A77/197	A45/1-98	44.554	101	47	2	2	97	2	98	5.11e-21	72.0
A77/197	A23/1-98	40.206	97	57	1	2	97	2	98	6.71e-21	72.0
A77/197	A161/1-98	38.889	90	55	0	4	93	5	94	1.27e-20	71.2
A77/197	A117/1-97	41.053	95	54	2	2	95	2	95	1.65e-20	70.9
A77/197	A122/1-96	42.697	89	46	2	2	88	2	87	3.95e-20	69.7
A77/197	A107/1-98	39.604	101	52	2	2	97	2	98	6.24e-20	69.3
A77/197	A139/1-97	37.805	82	51	0	8	89	9	90	6.58e-20	69.3
A77/197	A74/1-98	38.614	101	53	2	2	97	2	98	8.01e-20	68.9
A77/197	A86/1-99	37.755	98	59	1	2	97	2	99	8.10e-20	68.9
A77/197	A141/1-98	40.206	97	57	1	2	97	2	98	1.97e-19	68.2
A77/197	A28/1-100	44.792	96	48	2	2	93	2	96	2.00e-19	68.2
A77/197	A13/1-103	39.583	96	52	1	2	91	2	97	2.22e-19	68.2
A77/197	A146/1-97	41.111	90	52	1	2	90	2	91	3.18e-19	67.4
A77/197	A31/1-95	44.318	88	48	1	2	89	2	88	4.22e-19	67.4
A77/197	A159/1-98	38.614	101	53	2	2	97	2	98	4.32e-19	67.4
A77/197	A126/1-99	37.931	87	52	2	4	88	4	90	4.76e-19	67.0
A77/197	A3/1-98	40.206	97	53	2	2	95	2	96	7.93e-19	66.6
A77/197	A70/1-98	40.000	95	56	1	2	95	2	96	1.02e-18	66.2
A77/197	A34/1-97	37.234	94	59	0	2	95	2	95	1.66e-18	65.9
A77/197	A155/1-98	37.113	97	60	1	2	97	2	98	1.85e-18	65.5
A77/197	A96/1-98	39.394	99	55	2	2	97	2	98	2.18e-18	65.5
A77/197	A135/1-97	37.349	83	52	0	4	86	5	87	2.82e-18	65.1
A77/197	A166/1-99	37.363	91	56	1	4	93	5	95	3.22e-18	65.1
A77/197	A158/1-98	36.082	97	61	1	2	97	2	98	4.00e-18	64.7
A77/197	A163/1-98	38.298	94	57	1	2	94	2	95	4.09e-18	64.7
A77/197	A129/1-98	37.755	98	60	1	1	97	1	98	4.31e-18	64.7
A77/197	A167/1-98	39.785	93	55	1	2	93	2	94	6.31e-18	64.3
A77/197	A136/1-98	37.500	88	54	1	2	88	2	89	6.66e-18	64.3
A77/197	A56/1-93	43.182	88	48	1	1	88	1	86	7.34e-18	63.9
A77/197	A14/1-100	40.196	102	52	2	2	97	2	100	1.05e-17	63.5
A77/197	A35/1-99	36.735	98	60	1	2	97	2	99	1.06e-17	63.5
A77/197	A133/1-95	39.773	88	48	2	2	87	2	86	1.08e-17	63.5
A77/197	A12/1-98	38.095	84	50	1	2	83	2	85	1.11e-17	63.5
A77/197	A140/1-99	39.796	98	54	2	2	97	5	99	1.45e-17	63.2
A77/197	A78/1-96	38.542	96	58	1	2	97	2	96	1.66e-17	63.2
A77/197	A53/1-99	38.043	92	55	1	2	91	2	93	1.99e-17	63.2
A77/197	A60/1-99	39.130	92	54	2	4	93	4	95	2.94e-17	62.4
A77/197	A125/1-98	37.374	99	55	2	1	95	1	96	3.01e-17	62.4
A77/197	A152/1-99	37.374	99	57	2	1	97	1	96	3.28e-17	62.4
A77/197	A92/1-98	34.021	97	63	1	2	97	2	98	3.61e-17	62.4
A77/197	A114/1-98	38.144	97	59	1	2	97	2	98	4.30e-17	62.0
A77/197	A137/1-98	34.444	90	59	0	4	93	4	93	6.15e-17	61.6
A77/197	A10/1-98	40.230	87	51	1	2	87	2	88	1.05e-16	61.2
A77/197	A81/1-98	35.870	92	58	1	1	91	1	92	1.22e-16	60.8
A77/197	A20/1-102	38.144	97	52	2	2	90	2	98	1.23e-16	60.8
A77/197	A41/1-98	37.113	97	60	1	2	97	2	98	1.28e-16	60.8
A77/197	A64/1-99	38.636	88	52	1	2	87	2	89	1.45e-16	60.8
A77/197	A119/1-97	32.292	96	65	0	2	97	2	97	1.46e-16	60.8
A77/197	A97/1-99	34.737	95	60	1	2	94	2	96	1.80e-16	60.5
A77/197	A82/1-99	39.796	98	54	3	2	97	5	99	2.18e-16	60.5
A77/197	A21/1-98	41.237	97	55	2	2	97	3	98	2.18e-16	60.5
A77/197	A103/1-98	35.052	97	62	1	2	97	2	98	2.49e-16	60.1
A77/197	A52/1-98	35.955	89	56	1	10	97	10	98	3.09e-16	60.1
A77/197	A89/1-96	37.113	97	60	1	1	97	1	96	4.81e-16	59.3
A77/197	A144/1-96	35.870	92	58	1	2	93	2	92	4.92e-16	59.3
A77/197	A67/1-95	35.227	88	56	1	2	89	2	88	4.97e-16	59.3
A77/197	A17/1-103	36.634	101	52	2	2	93	2	99	6.38e-16	59.3
A77/197	A151/1-99	34.694	98	59	2	2	97	5	99	7.75e-16	58.9
A77/197	A75/1-99	31.633	98	65	1	2	97	2	99	9.83e-16	58.5
A77/197	A9/1-95	35.106	94	52	2	1	90	1	89	3.03e-15	57.4
A77/197	A115/1-99	41.558	77	44	1	4	79	4	80	3.16e-15	57.4
A77/197	A93/1-99	36.735	98	57	3	2	97	5	99	3.27e-15	57.4
A77/197	A104/1-99	35.417	96	60	2	4	97	4	99	1.12e-14	55.8
A77/197	A148/1-102	36.667	90	42	3	2	83	5	87	1.29e-14	55.8
A77/197	A85/1-98	35.294	102	57	2	1	97	1	98	3.19e-14	54.7
A77/197	A7/1-97	34.831	89	56	2	2	89	3	90	4.50e-14	54.3
A77/197	A100/1-96	37.349	83	47	2	2	82	2	81	6.22e-14	53.9
A77/197	A147/1-98	35.052	97	58	2	2	95	2	96	6.36e-14	53.9
A77/197	A162/1-99	36.471	85	53	1	10	93	11	95	8.98e-14	53.5
A77/197	A48/1-98	33.673	98	60	2	1	95	1	96	9.18e-14	53.5
A77/197	A111/1-96	34.375	96	62	1	2	97	2	96	1.13e-13	53.5
A77/197	A71/1-99	36.170	94	55	3	2	93	5	95	4.42e-13	52.0
A77/197	A59/1-98	36.842	95	56	2	2	95	5	96	5.09e-13	51.6
A77/197	A6/1-97	39.286	84	49	2	2	84	2	84	2.17e-12	50.1
A77/197	A49/1-100	33.333	93	59	1	4	93	4	96	3.96e-12	49.3
A77/197	A38/1-98	36.559	93	58	1	2	93	2	94	1.25e-11	48.1
A78/196	A78/1-96	100.000	96	0	0	1	96	1	96	4.05e-71	198
A78/196	A111/1-96	71.579	95	27	0	2	96	2	96	5.20e-52	150
A78/196	A89/1-96	71.579	95	27	0	2	96	2	96	2.67e-49	143
A78/196	A100/1-96	67.368	95	31	0	2	96	2	96	7.41e-47	137
A78/196	A122/1-96	48.958	96	49	0	1	96	1	96	6.68e-36	109
A78/196	A67/1-95	51.579	95	45	1	2	96	2	95	4.67e-34	105
A78/196	A155/1-98	47.423	97	49	1	2	96	2	98	2.26e-33	103
A78/196	A144/1-96	43.750	96	54	0	1	96	1	96	2.45e-30	95.9
A78/196	A28/1-100	46.000	100	50	1	1	96	1	100	1.23e-27	89.0
A78/196	A152/1-99	47.674	86	42	1	2	84	2	87	5.04e-27	87.4
A78/196	A163/1-98	41.237	97	55	1	1	95	1	97	1.30e-26	86.3
A78/196	A162/1-99	44.944	89	47	1	10	96	11	99	3.19e-26	85.5
A78/196	A130/1-99	42.857	98	53	1	2	96	2	99	1.04e-25	84.0
A78/196	A53/1-99	43.878	98	52	1	2	96	2	99	1.07e-25	84.0
A78/196	A49/1-100	45.161	93	47	1	4	92	4	96	7.89e-25	81.6
A78/196	A126/1-99	42.708	96	52	2	4	96	4	99	1.07e-24	81.6
A78/196	A75/1-99	42.045	88	48	1	1	85	1	88	1.87e-24	80.9
A78/196	A3/1-98	39.175	97	57	1	2	96	2	98	2.32e-24	80.5
A78/196	A108/1-99	37.755	98	58	1	2	96	2	99	2.59e-24	80.5
A78/196	A60/1-99	42.708	96	52	2	4	96	4	99	3.05e-24	80.5
A78/196	A104/1-99	42.708	96	52	2	4	96	4	99	4.09e-24	80.1
A78/196	A158/1-98	41.237	97	55	1	2	96	2	98	7.30e-24	79.3
A78/196	A31/1-95	46.429	84	45	0	2	85	2	85	7.38e-24	79.3
A78/196	A96/1-98	36.082	97	60	1	2	96	2	98	1.25e-23	79.0
A78/196	A42/1-104	39.806	103	54	2	2	96	2	104	1.40e-23	78.6
A78/196	A63/1-98	42.268	97	54	1	2	96	2	98	1.53e-23	78.6
A78/196	A159/1-98	45.556	90	44	2	4	88	1	90	1.80e-23	78.2
A78/196	A35/1-99	42.857	98	53	1	2	96	2	99	1.80e-23	78.2
A78/196	A115/1-99	39.583	96	55	2	4	96	4	99	2.50e-23	78.2
A78/196	A82/1-99	41.667	96	53	2	4	96	4	99	3.36e-23	77.8
A78/196	A137/1-98	41.667	96	52	3	4	96	4	98	5.25e-23	77.0
A78/196	A119/1-97	41.667	96	55	1	2	96	2	97	7.69e-23	76.6
A78/196	A51/1-96	39.175	97	57	2	1	96	1	96	1.23e-22	76.3
A78/196	A118/1-98	40.206	97	56	1	2	96	2	98	3.07e-22	75.1
A78/196	A20/1-102	39.604	101	55	1	2	96	2	102	3.24e-22	75.1
A78/196	A147/1-98	37.113	97	59	1	2	96	2	98	3.38e-22	75.1
A78/196	A44/1-97	41.667	96	55	1	2	96	2	97	3.46e-22	75.1
A78/196	A45/1-98	39.773	88	51	1	2	87	2	89	3.90e-22	75.1
A78/196	A143/1-97	40.206	97	55	2	2	96	2	97	7.66e-22	74.3
A78/196	A58/1-97	40.426	94	54	2	3	95	4	96	9.42e-22	73.9
A78/196	A66/1-97	43.299	97	52	2	2	96	2	97	1.59e-21	73.6
A78/196	A93/1-99	42.708	96	52	2	4	96	4	99	1.87e-21	73.2
A78/196	A136/1-98	40.698	86	49	1	2	85	2	87	1.97e-21	73.2
A78/196	A27/1-98	40.816	98	54	2	2	96	2	98	3.05e-21	72.8
A78/196	A64/1-99	39.080	87	50	1	2	85	2	88	3.33e-21	72.4
A78/196	A133/1-95	40.000	95	56	1	2	96	2	95	3.48e-21	72.4
A78/196	A86/1-99	35.354	99	61	1	1	96	1	99	3.59e-21	72.4
A78/196	A26/1-97	42.045	88	47	3	1	85	1	87	4.10e-21	72.4
A78/196	A85/1-98	40.698	86	49	1	2	85	2	87	4.98e-21	72.0
A78/196	A74/1-98	37.778	90	54	1	2	89	2	91	5.87e-21	72.0
A78/196	A148/1-102	39.796	98	53	3	5	96	5	102	6.33e-21	72.0
A78/196	A124/1-97	43.023	86	47	2	1	84	1	86	7.87e-21	71.6
A78/196	A56/1-93	37.895	95	56	2	2	96	2	93	1.07e-20	71.2
A78/196	A41/1-98	37.755	98	56	2	1	96	4	98	1.31e-20	71.2
A78/196	A71/1-99	38.542	96	56	2	4	96	4	99	1.70e-20	70.9
A78/196	A84/1-97	38.776	98	57	3	1	96	1	97	3.03e-20	70.1
A78/196	A107/1-98	36.082	97	60	1	2	96	2	98	3.07e-20	70.1
A78/196	A17/1-103	41.176	102	53	3	2	96	2	103	3.17e-20	70.1
A78/196	A167/1-98	36.082	97	60	1	1	95	1	97	4.11e-20	69.7
A78/196	A81/1-98	38.144	97	58	1	2	96	2	98	4.89e-20	69.7
A78/196	A34/1-97	38.947	95	55	2	2	94	2	95	5.34e-20	69.7
A78/196	A59/1-98	40.206	97	53	2	2	96	5	98	6.02e-20	69.3
A78/196	A97/1-99	37.931	87	51	1	1	84	1	87	7.01e-20	69.3
A78/196	A141/1-98	41.837	98	53	2	2	96	2	98	7.64e-20	68.9
A78/196	A125/1-98	36.082	97	60	1	2	96	2	98	9.92e-20	68.9
A78/196	A70/1-98	40.206	97	56	1	2	96	2	98	1.18e-19	68.6
A78/196	A33/1-97	40.625	96	54	3	2	95	2	96	1.27e-19	68.6
A78/196	A161/1-98	40.860	93	54	1	4	95	5	97	1.73e-19	68.2
A78/196	A103/1-98	34.694	98	62	1	1	96	1	98	1.78e-19	68.2
A78/196	A166/1-99	41.489	94	53	2	4	95	5	98	2.03e-19	68.2
A78/196	A14/1-100	38.384	99	57	1	2	96	2	100	2.22e-19	67.8
A78/196	A113/1-96	40.860	93	54	1	1	92	1	93	2.32e-19	67.8
A78/196	A48/1-98	35.417	96	60	1	2	95	2	97	2.97e-19	67.8
A78/196	A24/1-98	35.052	97	61	1	2	96	2	98	3.54e-19	67.4
A78/196	A5/1-98	38.776	98	56	3	2	96	2	98	4.40e-19	67.0
A78/196	A40/1-96	40.625	96	55	2	1	95	1	95	5.90e-19	67.0
A78/196	A73/1-97	40.625	96	54	3	1	94	1	95	6.72e-19	66.6
A78/196	A95/1-97	38.776	98	57	3	1	96	1	97	7.41e-19	66.6
A78/196	A146/1-97	40.816	98	55	3	1	96	1	97	8.63e-19	66.6
A78/196	A88/1-97	39.130	92	55	1	2	92	2	93	8.63e-19	66.6
A78/196	A55/1-97	37.647	85	52	1	2	85	2	86	1.19e-18	66.2
A78/196	A13/1-103	35.294	102	59	1	2	96	2	103	1.29e-18	65.9
A78/196	A47/1-96	44.706	85	44	2	2	85	5	87	1.47e-18	65.9
A78/196	A19/1-97	39.080	87	51	2	1	85	1	87	1.52e-18	65.9
A78/196	A140/1-99	39.286	84	48	1	2	82	2	85	2.19e-18	65.5
A78/196	A16/1-97	35.354	99	57	2	2	96	2	97	2.37e-18	65.5
A78/196	A117/1-97	36.735	98	59	3	1	96	1	97	3.35e-18	65.1
A78/196	A114/1-98	32.990	97	63	1	2	96	2	98	4.35e-18	64.7
A78/196	A69/1-97	43.373	83	45	2	2	82	2	84	5.64e-18	64.3
A78/196	A110/1-97	41.935	93	51	2	2	92	2	93	6.36e-18	64.3
A78/196	A9/1-95	37.349	83	51	1	14	96	14	95	6.94e-18	64.3
A78/196	A38/1-98	34.694	98	62	1	1	96	1	98	1.13e-17	63.5
A78/196	A52/1-98	34.694	98	59	2	4	96	1	98	1.34e-17	63.5
A78/196	A77/1-97	38.542	96	58	1	2	96	2	97	1.60e-17	63.2
A78/196	A121/1-97	36.782	87	54	1	2	87	2	88	1.94e-17	63.2
A78/196	A135/1-97	35.484	93	58	2	4	95	5	96	4.94e-17	62.0
A78/196	A37/1-96	30.851	94	65	0	1	94	1	94	5.81e-17	61.6
A78/196	A129/1-98	35.870	92	54	2	2	88	2	93	9.06e-17	61.2
A78/196	A80/1-97	41.176	85	48	2	1	83	1	85	1.18e-16	60.8
A78/196	A62/1-96	37.931	87	53	1	2	87	2	88	1.52e-16	60.8
A78/196	A2/1-97	37.500	96	59	1	2	96	2	97	1.63e-16	60.5
A78/196	A150/1-96	36.364	99	55	3	2	96	2	96	1.76e-16	60.5
A78/196	A7/1-97	34.884	86	52	2	4	85	2	87	2.56e-16	60.1
A78/196	A102/1-97	40.230	87	50	2	1	85	1	87	2.92e-16	60.1
A78/196	A105/1-97	37.755	98	58	3	1	96	1	97	2.98e-16	60.1
A78/196	A91/1-97	37.113	97	58	3	1	95	1	96	3.87e-16	59.7
A78/196	A23/1-98	40.278	72	42	1	12	82	13	84	6.30e-16	59.3
A78/196	A157/1-97	36.957	92	56	2	1	90	1	92	7.10e-16	58.9
A78/196	A151/1-99	35.165	91	56	1	2	89	2	92	9.40e-16	58.5
A78/196	A128/1-97	37.755	98	58	3	1	96	1	97	1.19e-15	58.5
A78/196	A30/1-97	35.366	82	52	1	1	81	1	82	1.55e-15	58.2
A78/196	A154/1-97	34.375	96	62	1	2	96	2	97	1.67e-15	58.2
A78/196	A6/1-97	36.957	92	52	3	2	91	2	89	8.72e-15	56.2
A78/196	A92/1-98	29.897	97	66	1	2	96	2	98	5.23e-14	54.3
A78/196	A132/1-97	31.868	91	61	1	7	96	7	97	1.16e-13	53.1
A78/196	A21/1-98	39.394	99	52	3	4	96	2	98	1.24e-13	53.1
A78/196	A99/1-97	30.588	85	58	1	2	85	2	86	1.27e-13	53.1
A78/196	A12/1-98	34.483	87	54	2	1	84	1	87	1.31e-13	53.1
A78/196	A10/1-98	32.000	100	59	3	2	96	2	97	1.49e-13	53.1
A78/196	A139/1-97	35.165	91	57	2	6	95	7	96	1.57e-13	53.1
A80/197	A80/1-97	100.000	97	0	0	1	97	1	97	6.97e-72	200
A80/197	A91/1-97	70.103	97	29	0	1	97	1	97	1.57e-49	144
A80/197	A102/1-97	69.072	97	30	0	1	97	1	97	1.68e-49	144
A80/197	A113/1-96	64.948	97	33	1	1	97	1	96	7.80e-47	137
A80/197	A124/1-97	61.111	90	35	0	1	90	1	90	7.04e-41	122
A80/197	A58/1-97	54.639	97	44	0	1	97	1	97	3.40e-39	118
A80/197	A69/1-97	57.292	96	41	0	2	97	2	97	1.31e-38	116
A80/197	A157/1-97	54.945	91	41	0	1	91	1	91	3.45e-36	110
A80/197	A33/1-97	52.083	96	46	0	2	97	2	97	5.64e-36	110
A80/197	A146/1-97	50.515	97	48	0	1	97	1	97	9.24e-36	109
A80/197	A19/1-97	50.000	96	48	0	1	96	1	96	7.25e-33	102
A80/197	A84/1-97	52.083	96	46	0	1	96	1	96	9.85e-33	102
A80/197	A135/1-97	50.000	96	48	0	2	97	2	97	3.99e-32	100
A80/197	A26/1-97	48.958	96	49	0	1	96	1	96	6.49e-31	97.4
A80/197	A95/1-97	44.792	96	53	0	1	96	1	96	1.92e-30	96.3
A80/197	A73/1-97	47.368	95	50	0	1	95	1	95	1.94e-30	95.9
A80/197	A51/1-96	51.042	96	46	1	1	96	1	95	7.52e-30	94.7
A80/197	A128/1-97	46.875	96	51	0	1	96	1	96	2.06e-29	93.6
A80/197	A105/1-97	46.316	95	51	0	1	95	1	95	3.60e-28	90.5
A80/197	A117/1-97	45.556	90	49	0	1	90	1	90	1.22e-27	89.0
A80/197	A47/1-96	47.368	95	50	0	2	96	2	96	2.11e-27	88.2
A80/197	A62/1-96	47.826	92	47	1	2	93	2	92	2.60e-27	88.2
A80/197	A77/1-97	48.780	82	41	1	2	83	2	82	4.49e-26	85.1
A80/197	A139/1-97	38.947	95	58	0	2	96	2	96	7.58e-25	82.0
A80/197	A143/1-97	44.211	95	51	2	2	95	2	95	1.03e-24	81.6
A80/197	A30/1-97	42.222	90	51	1	1	90	1	89	1.74e-24	80.9
A80/197	A110/1-97	45.679	81	42	1	5	83	2	82	6.64e-24	79.3
A80/197	A88/1-97	43.902	82	45	1	2	83	2	82	7.09e-24	79.3
A80/197	A161/1-98	38.710	93	57	0	2	94	2	94	1.05e-23	79.0
A80/197	A55/1-97	42.683	82	46	1	2	83	2	82	1.55e-22	75.9
A80/197	A150/1-96	41.053	95	55	1	2	96	2	95	8.03e-22	74.3
A80/197	A66/1-97	43.902	82	45	1	2	83	2	82	1.25e-21	73.6
A80/197	A44/1-97	43.902	82	45	1	2	83	2	82	1.31e-21	73.6
A80/197	A40/1-96	41.667	96	55	1	1	96	1	95	1.32e-21	73.6
A80/197	A166/1-99	38.947	95	57	1	1	94	1	95	1.63e-21	73.6
A80/197	A121/1-97	40.244	82	48	1	2	83	2	82	1.97e-20	70.5
A80/197	A70/1-98	44.792	96	50	3	2	95	2	96	2.29e-20	70.5
A80/197	A99/1-97	39.024	82	49	1	2	83	2	82	2.88e-20	70.1
A80/197	A118/1-98	37.234	94	57	2	2	94	2	94	5.59e-20	69.3
A80/197	A136/1-98	40.698	86	49	2	2	86	2	86	6.73e-20	69.3
A80/197	A5/1-98	38.144	97	57	2	2	96	2	97	9.53e-20	68.9
A80/197	A41/1-98	38.776	98	57	3	1	96	1	97	1.21e-19	68.6
A80/197	A86/1-99	41.573	89	49	2	1	87	1	88	1.66e-19	68.2
A80/197	A154/1-97	41.463	82	47	1	2	83	2	82	2.13e-19	68.2
A80/197	A152/1-99	41.758	91	50	2	2	90	2	91	2.15e-19	68.2
A80/197	A132/1-97	40.000	75	45	0	9	83	8	82	3.63e-19	67.4
A80/197	A23/1-98	39.326	89	54	0	2	90	2	90	5.60e-19	67.0
A80/197	A52/1-98	41.558	77	44	1	8	83	7	83	7.51e-19	66.6
A80/197	A167/1-98	40.426	94	53	3	1	92	1	93	1.49e-18	65.9
A80/197	A74/1-98	43.529	85	46	2	2	85	2	85	2.35e-18	65.5
A80/197	A37/1-96	42.169	83	46	2	1	83	1	81	1.21e-17	63.5
A80/197	A27/1-98	40.476	84	46	3	2	83	2	83	1.87e-17	63.2
A80/197	A107/1-98	38.298	94	54	3	2	94	2	92	1.93e-17	63.2
A80/197	A97/1-99	42.353	85	46	2	1	83	1	84	2.34e-17	62.8
A80/197	A140/1-99	41.667	72	40	2	14	83	13	84	4.12e-17	62.0
A80/197	A63/1-98	39.759	83	48	2	2	83	2	83	4.49e-17	62.0
A80/197	A151/1-99	37.500	96	52	3	2	95	2	91	5.11e-17	62.0
A80/197	A125/1-98	39.175	97	54	4	2	95	2	96	5.70e-17	62.0
A80/197	A14/1-100	42.529	87	46	2	2	85	2	87	6.02e-17	61.6
A80/197	A28/1-100	38.636	88	50	2	1	85	1	87	8.60e-17	61.2
A80/197	A3/1-98	42.353	85	47	2	2	85	2	85	8.89e-17	61.2
A80/197	A129/1-98	36.559	93	55	3	2	93	2	91	9.69e-17	61.2
A80/197	A16/1-97	39.024	82	49	1	2	83	2	82	1.20e-16	60.8
A80/197	A78/1-96	41.176	85	48	2	1	85	1	83	1.22e-16	60.8
A80/197	A89/1-96	40.476	84	48	2	2	85	2	83	1.40e-16	60.8
A80/197	A100/1-96	39.286	84	49	2	2	85	2	83	1.84e-16	60.5
A80/197	A53/1-99	38.372	86	50	2	2	85	2	86	2.41e-16	60.1
A80/197	A92/1-98	35.714	84	52	2	1	83	1	83	3.12e-16	60.1
A80/197	A60/1-99	38.554	83	50	1	2	83	1	83	3.37e-16	59.7
A80/197	A130/1-99	37.755	98	57	3	2	96	2	98	3.79e-16	59.7
A80/197	A96/1-98	38.554	83	49	2	2	83	2	83	6.04e-16	59.3
A80/197	A122/1-96	37.209	86	50	3	1	85	1	83	6.17e-16	59.3
A80/197	A162/1-99	43.023	86	47	2	13	96	13	98	6.95e-16	58.9
A80/197	A24/1-98	39.241	79	43	2	9	84	8	84	8.01e-16	58.9
A80/197	A158/1-98	36.145	83	51	2	2	83	2	83	1.00e-15	58.5
A80/197	A12/1-98	32.653	98	63	2	1	96	1	97	1.10e-15	58.5
A80/197	A81/1-98	36.145	83	51	2	2	83	2	83	1.50e-15	58.2
A80/197	A126/1-99	37.500	80	49	1	5	83	4	83	2.03e-15	57.8
A80/197	A20/1-102	35.644	101	58	3	2	96	2	101	4.98e-15	57.0
A80/197	A2/1-97	32.292	96	63	2	2	96	2	96	5.09e-15	57.0
A80/197	A42/1-104	39.326	89	46	4	2	83	2	89	5.43e-15	56.6
A80/197	A141/1-98	36.905	84	51	2	2	84	2	84	1.23e-14	55.8
A80/197	A103/1-98	32.143	84	55	2	1	83	1	83	1.45e-14	55.8
A80/197	A75/1-99	40.000	85	48	2	1	83	1	84	1.78e-14	55.5
A80/197	A34/1-97	36.905	84	52	1	2	85	2	84	2.05e-14	55.5
A80/197	A67/1-95	32.632	95	62	2	2	96	2	94	2.07e-14	55.5
A80/197	A48/1-98	36.364	77	48	1	10	85	9	85	2.09e-14	55.1
A80/197	A119/1-97	33.333	96	62	2	2	96	2	96	2.41e-14	55.1
A80/197	A108/1-99	33.333	84	53	2	2	83	2	84	2.68e-14	55.1
A80/197	A104/1-99	39.759	83	45	2	2	83	5	83	2.96e-14	54.7
A80/197	A13/1-103	39.773	88	46	3	2	83	2	88	3.51e-14	54.7
A80/197	A64/1-99	38.095	84	49	3	2	83	2	84	3.63e-14	54.7
A80/197	A59/1-98	36.667	90	55	2	8	95	7	96	3.96e-14	54.7
A80/197	A82/1-99	37.634	93	49	3	2	93	5	89	4.41e-14	54.3
A80/197	A93/1-99	43.662	71	39	1	14	83	13	83	4.70e-14	54.3
A80/197	A133/1-95	35.366	82	50	2	5	85	4	83	7.40e-14	53.9
A80/197	A115/1-99	33.750	80	52	1	2	80	1	80	1.43e-13	53.1
A80/197	A71/1-99	34.568	81	51	2	4	83	4	83	1.51e-13	53.1
A80/197	A9/1-95	34.667	75	48	1	21	95	20	93	1.97e-13	52.8
A80/197	A155/1-98	37.209	86	47	3	5	85	2	85	2.29e-13	52.8
A80/197	A85/1-98	34.118	85	54	2	2	85	2	85	2.34e-13	52.4
A80/197	A147/1-98	35.052	97	59	3	4	96	1	97	4.06e-13	52.0
A80/197	A10/1-98	36.471	85	51	2	4	85	1	85	4.33e-13	52.0
A80/197	A31/1-95	37.805	82	49	2	2	83	2	81	4.93e-13	51.6
A80/197	A45/1-98	34.884	86	54	2	1	85	1	85	5.91e-13	51.6
A80/197	A144/1-96	33.735	83	52	2	5	85	2	83	8.08e-13	51.2
A80/197	A111/1-96	36.471	85	51	2	2	85	1	83	1.00e-12	50.8
A80/197	A17/1-103	36.667	90	49	3	4	85	1	90	1.22e-12	50.8
A80/197	A163/1-98	33.721	86	55	2	1	85	1	85	1.35e-12	50.4
A80/197	A6/1-97	36.364	88	50	4	4	87	1	86	1.40e-12	50.4
A80/197	A35/1-99	34.118	85	53	2	2	84	2	85	1.89e-12	50.1
A80/197	A114/1-98	33.735	83	53	2	2	83	2	83	2.55e-12	50.1
A80/197	A137/1-98	38.750	80	48	1	4	83	4	82	3.52e-12	49.7
A80/197	A7/1-97	30.303	99	61	4	2	96	3	97	8.23e-12	48.5
A80/197	A56/1-93	36.471	85	51	3	2	86	2	83	1.15e-11	48.1
A80/197	A38/1-98	27.835	97	68	2	1	96	1	96	1.37e-10	45.4
A80/197	A159/1-98	30.120	83	56	2	2	83	2	83	2.30e-10	44.7
A80/197	A148/1-102	32.558	86	50	3	2	83	5	86	3.71e-10	44.3
A80/197	A21/1-98	37.349	83	49	2	2	83	3	83	3.09e-09	42.0
A80/197	A49/1-100	31.250	80	52	1	2	78	1	80	8.74e-09	40.8
A81/198	A81/1-98	100.000	98	0	0	1	98	1	98	1.12e-71	200
A81/198	A103/1-98	79.381	97	20	0	2	98	2	98	3.56e-59	168
A81/198	A92/1-98	73.196	97	26	0	2	98	2	98	1.28e-52	152
A81/198	A70/1-98	58.163	98	41	0	1	98	1	98	1.02e-41	124
A81/198	A114/1-98	60.825	97	38	0	2	98	2	98	4.23e-40	120
A81/198	A125/1-98	58.763	97	40	0	2	98	2	98	5.53e-38	115
A81/198	A136/1-98	50.000	96	48	0	1	96	1	96	1.36e-35	108
A81/198	A59/1-98	54.082	98	45	0	1	98	1	98	5.39e-34	105
A81/198	A63/1-98	48.454	97	50	0	2	98	2	98	6.29e-34	105
A81/198	A96/1-98	51.020	98	48	0	1	98	1	98	4.97e-33	102
A81/198	A147/1-98	47.423	97	51	0	2	98	2	98	1.65e-31	99.0
A81/198	A107/1-98	46.392	97	52	0	2	98	2	98	2.41e-31	98.6
A81/198	A118/1-98	46.939	98	52	0	1	98	1	98	3.17e-31	98.2
A81/198	A158/1-98	50.000	98	49	0	1	98	1	98	5.36e-31	97.4
A81/198	A52/1-98	47.959	98	48	1	4	98	1	98	1.50e-30	96.3
A81/198	A34/1-97	52.747	91	42	1	2	92	2	91	2.20e-30	95.9
A81/198	A74/1-98	47.423	97	51	0	2	98	2	98	7.64e-30	94.7
A81/198	A48/1-98	49.485	97	49	0	1	97	1	97	2.09e-29	93.6
A81/198	A41/1-98	48.454	97	50	0	2	98	2	98	9.54e-29	91.7
A81/198	A129/1-98	46.939	98	52	0	1	98	1	98	1.51e-28	91.3
A81/198	A27/1-98	48.485	99	49	2	1	98	1	98	2.01e-27	88.6
A81/198	A85/1-98	46.591	88	47	0	1	88	1	88	3.59e-27	87.8
A81/198	A140/1-99	46.465	99	52	1	1	98	1	99	2.32e-26	85.9
A81/198	A20/1-102	46.078	102	51	1	1	98	1	102	4.37e-26	85.1
A81/198	A35/1-99	41.837	98	56	1	2	98	2	99	1.29e-25	84.0
A81/198	A13/1-103	41.748	103	55	1	1	98	1	103	4.46e-25	82.4
A81/198	A167/1-98	41.758	91	53	0	2	92	2	92	2.27e-24	80.9
A81/198	A162/1-99	44.706	85	47	0	14	98	15	99	3.21e-24	80.5
A81/198	A137/1-98	40.625	96	55	2	4	98	4	98	3.36e-24	80.1
A81/198	A53/1-99	41.584	101	52	2	2	98	2	99	7.12e-24	79.3
A81/198	A82/1-99	42.708	96	54	1	4	98	4	99	2.39e-23	78.2
A81/198	A6/1-97	44.330	97	53	1	2	98	2	97	3.61e-23	77.8
A81/198	A60/1-99	39.583	96	57	1	4	98	4	99	6.58e-23	77.0
A81/198	A151/1-99	35.354	99	63	1	1	98	1	99	2.63e-22	75.5
A81/198	A93/1-99	39.583	96	57	1	4	98	4	99	3.48e-22	75.1
A81/198	A3/1-98	37.778	90	56	0	2	91	2	91	1.78e-21	73.2
A81/198	A163/1-98	38.889	90	55	0	2	91	2	91	1.86e-21	73.2
A81/198	A28/1-100	37.374	99	60	1	2	98	2	100	2.94e-21	72.8
A81/198	A104/1-99	38.542	96	58	1	4	98	4	99	3.86e-21	72.4
A81/198	A115/1-99	39.583	96	57	1	4	98	4	99	5.78e-21	72.0
A81/198	A108/1-99	39.796	98	58	1	2	98	2	99	8.18e-21	71.6
A81/198	A49/1-100	39.560	91	53	1	4	92	4	94	1.54e-20	70.9
A81/198	A159/1-98	40.449	89	53	0	2	90	2	90	3.83e-20	70.1
A81/198	A141/1-98	37.113	97	61	0	2	98	2	98	4.14e-20	69.7
A81/198	A78/1-96	38.144	97	58	1	2	98	2	96	5.26e-20	69.7
A81/198	A126/1-99	39.773	88	52	1	4	90	4	91	8.86e-20	68.9
A81/198	A148/1-102	43.373	83	44	1	5	84	5	87	1.07e-19	68.9
A81/198	A69/1-97	40.206	97	55	3	1	96	1	95	1.85e-19	68.2
A81/198	A152/1-99	34.831	89	57	1	2	89	2	90	2.51e-19	67.8
A81/198	A75/1-99	38.776	98	59	1	2	98	2	99	3.84e-19	67.4
A81/198	A21/1-98	43.299	97	54	1	2	98	3	98	4.14e-19	67.4
A81/198	A66/1-97	39.130	92	55	1	1	92	1	91	4.88e-19	67.0
A81/198	A121/1-97	37.363	91	56	1	2	92	2	91	5.09e-19	67.0
A81/198	A55/1-97	40.000	95	56	1	2	96	2	95	5.93e-19	67.0
A81/198	A42/1-104	36.082	97	56	2	2	92	2	98	1.05e-18	66.2
A81/198	A143/1-97	38.947	95	57	1	2	96	2	95	1.40e-18	65.9
A81/198	A26/1-97	37.755	98	58	3	2	98	2	97	2.33e-18	65.5
A81/198	A71/1-99	35.417	96	61	1	4	98	4	99	5.26e-18	64.7
A81/198	A161/1-98	44.737	76	41	1	17	92	18	92	5.92e-18	64.3
A81/198	A130/1-99	35.714	98	62	1	2	98	2	99	6.05e-18	64.3
A81/198	A58/1-97	40.206	97	55	3	2	97	2	96	7.28e-18	64.3
A81/198	A144/1-96	40.698	86	49	1	2	87	2	85	7.52e-18	63.9
A81/198	A119/1-97	32.653	98	65	1	1	98	1	97	8.56e-18	63.9
A81/198	A19/1-97	39.796	98	56	3	2	98	2	97	1.49e-17	63.5
A81/198	A5/1-98	40.404	99	55	3	2	98	2	98	1.71e-17	63.2
A81/198	A84/1-97	37.755	98	58	3	2	98	2	97	1.87e-17	63.2
A81/198	A31/1-95	37.931	87	52	1	2	88	2	86	2.45e-17	62.8
A81/198	A113/1-96	40.244	82	48	1	2	83	2	82	2.70e-17	62.8
A81/198	A124/1-97	39.286	84	49	2	2	84	2	84	3.11e-17	62.4
A81/198	A33/1-97	39.773	88	51	2	1	87	1	87	3.15e-17	62.4
A81/198	A51/1-96	34.884	86	55	1	2	87	2	86	3.18e-17	62.4
A81/198	A16/1-97	37.755	98	60	1	1	98	1	97	3.95e-17	62.4
A81/198	A24/1-98	36.735	98	62	0	1	98	1	98	4.60e-17	62.0
A81/198	A30/1-97	40.476	84	49	1	2	85	2	84	4.85e-17	62.0
A81/198	A154/1-97	39.560	91	54	1	2	92	2	91	5.35e-17	62.0
A81/198	A88/1-97	37.634	93	53	2	2	92	2	91	6.79e-17	61.6
A81/198	A64/1-99	32.632	95	63	1	2	95	2	96	9.30e-17	61.2
A81/198	A23/1-98	34.343	99	63	2	1	98	1	98	9.30e-17	61.2
A81/198	A77/1-97	35.870	92	58	1	1	92	1	91	1.26e-16	60.8
A81/198	A62/1-96	39.080	87	52	1	1	87	1	86	1.51e-16	60.8
A81/198	A122/1-96	39.326	89	52	1	2	90	2	88	2.31e-16	60.5
A81/198	A105/1-97	37.931	87	52	2	2	87	2	87	2.72e-16	60.1
A81/198	A99/1-97	37.209	86	53	1	2	87	2	86	3.16e-16	60.1
A81/198	A146/1-97	36.782	87	53	2	2	87	2	87	4.77e-16	59.7
A81/198	A56/1-93	42.857	98	49	4	2	98	2	93	5.31e-16	59.3
A81/198	A97/1-99	34.444	90	58	1	2	90	2	91	6.96e-16	58.9
A81/198	A100/1-96	35.052	97	61	1	2	98	2	96	7.19e-16	58.9
A81/198	A89/1-96	35.714	98	61	1	1	98	1	96	1.49e-15	58.2
A81/198	A111/1-96	34.021	97	62	1	2	98	2	96	1.50e-15	58.2
A81/198	A80/1-97	36.145	83	51	2	2	83	2	83	1.55e-15	58.2
A81/198	A9/1-95	36.667	90	55	1	1	90	1	88	1.80e-15	58.2
A81/198	A44/1-97	37.755	98	58	2	2	98	2	97	2.58e-15	57.8
A81/198	A95/1-97	36.782	87	53	2	2	87	2	87	2.75e-15	57.4
A81/198	A7/1-97	31.579	95	64	1	2	96	3	96	2.87e-15	57.4
A81/198	A73/1-97	35.632	87	54	2	2	87	2	87	3.13e-15	57.4
A81/198	A110/1-97	30.769	91	62	1	2	92	2	91	3.41e-15	57.4
A81/198	A157/1-97	36.842	95	56	3	2	93	2	95	3.64e-15	57.4
A81/198	A10/1-98	35.227	88	54	1	4	88	1	88	4.28e-15	57.0
A81/198	A128/1-97	32.653	98	63	3	2	98	2	97	5.55e-15	56.6
A81/198	A91/1-97	33.735	83	53	2	2	83	2	83	9.95e-15	56.2
A81/198	A86/1-99	35.556	90	57	1	2	90	2	91	1.02e-14	56.2
A81/198	A132/1-97	35.443	79	50	1	14	92	14	91	1.47e-14	55.8
A81/198	A45/1-98	31.313	99	64	2	2	98	2	98	2.46e-14	55.1
A81/198	A17/1-103	34.783	92	55	1	2	88	2	93	3.02e-14	55.1
A81/198	A102/1-97	34.483	87	55	2	2	87	2	87	3.83e-14	54.7
A81/198	A155/1-98	29.592	98	69	0	1	98	1	98	1.01e-13	53.5
A81/198	A14/1-100	33.696	92	59	1	2	91	2	93	1.04e-13	53.5
A81/198	A135/1-97	35.366	82	51	2	16	97	17	96	1.61e-13	53.1
A81/198	A40/1-96	38.202	89	52	2	2	89	2	88	2.02e-13	52.8
A81/198	A117/1-97	32.184	87	57	2	2	87	2	87	3.00e-13	52.4
A81/198	A150/1-96	35.052	97	61	2	2	98	2	96	5.14e-13	51.6
A81/198	A38/1-98	30.928	97	67	0	2	98	2	98	6.45e-13	51.6
A81/198	A47/1-96	34.091	88	56	2	1	87	1	87	7.02e-13	51.2
A81/198	A166/1-99	31.915	94	64	0	4	97	5	98	7.91e-13	51.2
A81/198	A139/1-97	31.944	72	48	1	16	87	17	87	3.20e-12	49.7
A81/198	A67/1-95	29.885	87	59	1	1	87	1	85	2.59e-11	47.4
A81/198	A37/1-96	30.952	84	56	2	2	85	2	83	1.49e-10	45.4
A81/198	A12/1-98	28.889	90	61	2	2	89	2	90	4.39e-10	44.3
A81/198	A133/1-95	31.461	89	55	2	1	87	1	85	2.67e-08	39.7
A81/198	A2/1-97	30.000	100	65	2	1	98	1	97	1.40e-07	37.7
A82/199	A82/1-99	100.000	99	0	0	1	99	1	99	4.55e-74	206
A82/199	A104/1-99	82.828	99	17	0	1	99	1	99	2.47e-64	181
A82/199	A93/1-99	73.737	99	26	0	1	99	1	99	3.41e-57	163
A82/199	A115/1-99	67.677	99	32	0	1	99	1	99	2.58e-51	149
A82/199	A71/1-99	61.616	99	38	0	1	99	1	99	1.30e-45	134
A82/199	A126/1-99	55.102	98	44	0	2	99	2	99	7.15e-42	125
A82/199	A60/1-99	58.586	99	41	0	1	99	1	99	1.81e-41	124
A82/199	A148/1-102	55.882	102	42	1	1	99	1	102	1.32e-39	119
A82/199	A137/1-98	52.525	99	46	1	1	99	1	98	4.25e-36	110
A82/199	A63/1-98	46.465	99	52	1	1	99	1	98	1.24e-27	89.0
A82/199	A34/1-97	47.423	97	49	2	1	97	1	95	2.54e-27	88.2
A82/199	A96/1-98	48.958	96	48	1	4	99	4	98	2.60e-27	88.2
A82/199	A74/1-98	42.424	99	56	1	1	99	1	98	4.11e-27	87.8
A82/199	A49/1-100	44.898	98	51	2	1	96	1	97	5.82e-27	87.4
A82/199	A107/1-98	47.778	90	46	1	1	90	1	89	1.09e-26	86.7
A82/199	A53/1-99	48.352	91	45	2	1	90	1	90	2.11e-26	85.9
A82/199	A129/1-98	49.438	89	43	1	4	90	4	92	5.06e-26	85.1
A82/199	A147/1-98	44.444	99	54	1	1	99	1	98	1.07e-25	84.0
A82/199	A85/1-98	44.330	97	53	1	3	99	3	98	4.15e-25	82.8
A82/199	A140/1-99	51.807	83	39	1	3	84	3	85	4.79e-25	82.4
A82/199	A86/1-99	51.220	82	39	1	4	84	4	85	5.11e-25	82.4
A82/199	A162/1-99	43.678	87	48	1	13	99	14	99	1.36e-24	81.3
A82/199	A118/1-98	44.792	96	52	1	4	99	4	98	1.89e-24	80.9
A82/199	A151/1-99	42.268	97	54	2	4	99	4	99	3.80e-24	80.1
A82/199	A28/1-100	44.898	98	51	2	4	99	4	100	4.33e-24	80.1
A82/199	A155/1-98	43.158	95	53	1	5	99	5	98	4.94e-24	79.7
A82/199	A136/1-98	44.211	95	51	1	4	96	4	98	1.01e-23	79.0
A82/199	A103/1-98	41.667	96	55	1	4	99	4	98	2.20e-23	78.2
A82/199	A81/1-98	42.708	96	54	1	4	99	4	98	2.48e-23	78.2
A82/199	A78/1-96	41.667	96	53	2	4	99	4	96	3.75e-23	77.8
A82/199	A20/1-102	44.554	101	47	3	5	99	5	102	6.12e-23	77.0
A82/199	A52/1-98	44.000	100	48	3	2	99	5	98	6.68e-23	77.0
A82/199	A41/1-98	40.816	98	54	2	5	99	2	98	1.07e-22	76.6
A82/199	A163/1-98	40.426	94	55	1	5	98	5	97	1.24e-22	76.3
A82/199	A45/1-98	44.444	99	50	3	3	99	3	98	1.42e-22	76.3
A82/199	A114/1-98	40.404	99	58	1	1	99	1	98	2.49e-22	75.5
A82/199	A17/1-103	42.593	108	48	3	1	99	1	103	5.83e-22	74.7
A82/199	A3/1-98	44.444	99	54	1	1	99	1	98	9.63e-22	73.9
A82/199	A108/1-99	39.000	100	59	2	1	99	1	99	1.10e-21	73.9
A82/199	A70/1-98	42.708	96	54	1	4	99	4	98	1.36e-21	73.6
A82/199	A92/1-98	40.625	96	56	1	4	99	4	98	1.44e-21	73.6
A82/199	A158/1-98	42.857	98	52	2	5	99	2	98	2.06e-21	73.2
A82/199	A144/1-96	39.583	96	55	2	4	99	4	96	3.05e-21	72.8
A82/199	A125/1-98	45.745	94	49	1	4	95	4	97	6.39e-21	72.0
A82/199	A141/1-98	40.404	99	55	2	4	99	1	98	1.04e-20	71.6
A82/199	A75/1-99	38.144	97	58	2	4	99	4	99	1.13e-20	71.2
A82/199	A167/1-98	40.000	95	56	1	5	99	5	98	2.07e-20	70.9
A82/199	A111/1-96	40.404	99	56	2	1	99	1	96	2.66e-20	70.5
A82/199	A14/1-100	44.554	101	53	2	1	99	1	100	3.53e-20	70.1
A82/199	A59/1-98	44.330	97	53	1	3	99	3	98	6.48e-20	69.3
A82/199	A24/1-98	39.796	98	55	2	5	99	2	98	7.88e-20	69.3
A82/199	A48/1-98	41.860	86	49	1	13	98	13	97	7.97e-20	69.3
A82/199	A152/1-99	39.785	93	54	2	4	95	4	95	1.39e-19	68.6
A82/199	A122/1-96	41.379	87	48	2	4	90	4	87	2.58e-19	67.8
A82/199	A66/1-97	43.678	87	47	2	13	99	13	97	3.13e-19	67.8
A82/199	A42/1-104	37.143	105	56	4	4	99	1	104	4.63e-19	67.4
A82/199	A159/1-98	38.947	95	54	2	4	95	1	94	4.84e-19	67.0
A82/199	A97/1-99	38.144	97	58	2	4	99	4	99	7.15e-19	66.6
A82/199	A130/1-99	41.000	100	54	3	4	99	1	99	1.39e-18	65.9
A82/199	A64/1-99	41.111	90	51	2	1	89	1	89	1.46e-18	65.9
A82/199	A119/1-97	35.417	96	60	2	4	99	4	97	3.30e-18	65.1
A82/199	A89/1-96	39.583	96	55	2	4	99	4	96	4.24e-18	64.7
A82/199	A13/1-103	39.362	94	50	2	4	90	4	97	4.43e-18	64.7
A82/199	A154/1-97	40.230	87	50	2	13	99	13	97	4.99e-18	64.7
A82/199	A27/1-98	39.796	98	56	3	3	99	3	98	5.10e-18	64.7
A82/199	A51/1-96	39.130	92	48	3	5	89	2	92	1.58e-17	63.2
A82/199	A35/1-99	36.000	100	62	2	1	99	1	99	6.95e-17	61.6
A82/199	A6/1-97	39.583	96	55	2	1	94	1	95	8.92e-17	61.2
A82/199	A67/1-95	38.636	88	51	2	4	91	4	88	1.12e-16	61.2
A82/199	A124/1-97	40.244	82	47	2	4	84	4	84	1.52e-16	60.8
A82/199	A16/1-97	38.776	98	55	3	5	99	2	97	1.73e-16	60.8
A82/199	A31/1-95	41.667	84	44	2	4	84	1	82	2.12e-16	60.5
A82/199	A77/1-97	39.796	98	54	3	5	99	2	97	2.34e-16	60.5
A82/199	A110/1-97	45.679	81	40	3	13	92	13	90	3.23e-16	60.1
A82/199	A9/1-95	37.079	89	52	2	11	99	11	95	3.38e-16	60.1
A82/199	A21/1-98	44.898	98	51	2	4	99	2	98	4.33e-16	59.7
A82/199	A100/1-96	36.145	83	51	1	1	83	1	81	4.52e-16	59.7
A82/199	A133/1-95	41.860	86	46	3	14	99	14	95	4.67e-16	59.7
A82/199	A84/1-97	41.758	91	47	3	5	91	2	90	5.26e-16	59.3
A82/199	A161/1-98	35.714	98	61	2	1	98	2	97	8.03e-16	58.9
A82/199	A135/1-97	38.710	93	51	3	4	92	1	91	8.11e-16	58.9
A82/199	A95/1-97	38.462	91	50	3	5	91	2	90	9.75e-16	58.9
A82/199	A26/1-97	40.230	87	49	3	13	99	14	97	1.01e-15	58.5
A82/199	A105/1-97	39.175	97	52	4	5	97	2	95	1.16e-15	58.5
A82/199	A10/1-98	37.374	99	58	2	4	99	1	98	2.01e-15	57.8
A82/199	A58/1-97	41.667	84	44	2	5	84	2	84	2.12e-15	57.8
A82/199	A19/1-97	37.363	91	51	3	5	91	2	90	2.17e-15	57.8
A82/199	A30/1-97	38.750	80	48	1	4	83	4	82	2.22e-15	57.8
A82/199	A113/1-96	38.043	92	55	2	4	95	4	93	2.29e-15	57.8
A82/199	A166/1-99	37.113	97	59	2	3	98	3	98	3.20e-15	57.4
A82/199	A38/1-98	36.585	82	49	1	5	83	2	83	4.02e-15	57.0
A82/199	A132/1-97	36.782	87	53	2	13	99	13	97	6.26e-15	56.6
A82/199	A88/1-97	38.272	81	49	1	4	84	4	83	9.85e-15	56.2
A82/199	A128/1-97	39.785	93	53	3	4	95	4	94	1.26e-14	55.8
A82/199	A143/1-97	41.489	94	53	2	4	97	4	95	2.52e-14	55.1
A82/199	A73/1-97	40.449	89	50	3	4	91	4	90	3.09e-14	55.1
A82/199	A44/1-97	42.254	71	40	1	13	83	13	82	3.09e-14	55.1
A82/199	A47/1-96	39.326	89	51	3	4	91	4	90	4.00e-14	54.7
A82/199	A80/1-97	37.634	93	49	3	5	89	2	93	4.71e-14	54.3
A82/199	A91/1-97	39.024	82	48	2	3	83	3	83	6.37e-14	53.9
A82/199	A55/1-97	34.375	96	58	3	5	97	2	95	1.01e-13	53.5
A82/199	A23/1-98	37.037	81	48	2	13	91	14	93	1.14e-13	53.5
A82/199	A157/1-97	33.721	86	52	2	5	86	2	86	1.51e-13	53.1
A82/199	A99/1-97	33.673	98	60	3	5	99	2	97	1.56e-13	53.1
A82/199	A69/1-97	35.714	84	49	2	5	84	2	84	8.90e-13	51.2
A82/199	A117/1-97	38.384	99	58	3	1	99	2	97	1.61e-12	50.4
A82/199	A7/1-97	34.146	82	52	1	4	83	2	83	1.83e-12	50.4
A82/199	A102/1-97	34.940	83	52	2	13	95	14	94	2.58e-12	50.1
A82/199	A62/1-96	39.326	89	49	2	4	88	4	91	3.23e-12	49.7
A82/199	A56/1-93	36.782	87	49	4	13	99	13	93	3.67e-12	49.7
A82/199	A5/1-98	35.714	84	48	3	5	83	2	84	6.21e-12	48.9
A82/199	A146/1-97	39.241	79	46	2	13	91	14	90	6.42e-12	48.9
A82/199	A150/1-96	37.079	89	51	2	4	88	4	91	6.63e-12	48.9
A82/199	A121/1-97	36.145	83	49	2	5	84	2	83	8.57e-12	48.5
A82/199	A40/1-96	37.349	83	50	2	13	95	13	93	6.02e-11	46.6
A82/199	A33/1-97	35.484	93	57	3	4	95	4	94	6.21e-11	46.2
A82/199	A12/1-98	29.412	85	59	1	4	87	4	88	2.71e-10	44.7
A82/199	A37/1-96	31.944	72	47	1	13	84	13	82	2.92e-10	44.7
A82/199	A139/1-97	34.247	73	45	2	13	84	14	84	4.69e-09	41.6
A82/199	A2/1-97	29.577	71	49	1	13	83	13	82	2.61e-08	39.7
A84/197	A84/1-97	100.000	97	0	0	1	97	1	97	9.11e-71	197
A84/197	A95/1-97	77.320	97	22	0	1	97	1	97	3.60e-55	158
A84/197	A105/1-97	72.165	97	27	0	1	97	1	97	1.41e-51	149
A84/197	A73/1-97	69.072	97	30	0	1	97	1	97	2.00e-49	144
A84/197	A117/1-97	63.158	95	35	0	1	95	1	95	6.20e-45	132
A84/197	A128/1-97	58.763	97	40	0	1	97	1	97	1.75e-42	126
A84/197	A62/1-96	64.130	92	32	1	2	93	2	92	3.41e-41	123
A84/197	A19/1-97	53.608	97	45	0	1	97	1	97	4.99e-39	117
A84/197	A150/1-96	60.417	96	37	1	2	97	2	96	8.54e-39	117
A84/197	A51/1-96	55.670	97	42	1	1	97	1	96	1.20e-37	114
A84/197	A58/1-97	52.577	97	46	0	1	97	1	97	2.50e-35	108
A84/197	A91/1-97	53.125	96	45	0	1	96	1	96	3.92e-35	107
A84/197	A26/1-97	50.515	97	48	0	1	97	1	97	1.03e-34	107
A84/197	A139/1-97	50.526	95	47	0	2	96	2	96	2.07e-34	106
A84/197	A124/1-97	53.125	96	45	0	1	96	1	96	8.58e-34	104
A84/197	A47/1-96	49.474	95	48	0	2	96	2	96	5.39e-33	102
A84/197	A146/1-97	45.361	97	53	0	1	97	1	97	7.33e-33	102
A84/197	A80/1-97	52.083	96	46	0	1	96	1	96	9.85e-33	102
A84/197	A33/1-97	50.000	96	48	0	2	97	2	97	1.28e-32	101
A84/197	A40/1-96	50.000	96	47	1	1	96	1	95	1.87e-31	98.6
A84/197	A102/1-97	45.833	96	52	0	1	96	1	96	1.94e-30	95.9
A84/197	A157/1-97	43.956	91	51	0	1	91	1	91	2.59e-28	90.5
A84/197	A113/1-96	45.833	96	51	1	1	96	1	95	4.19e-28	90.1
A84/197	A143/1-97	50.526	95	45	2	2	95	2	95	4.73e-28	90.1
A84/197	A77/1-97	48.315	89	45	1	2	90	2	89	3.53e-27	87.8
A84/197	A44/1-97	46.316	95	47	2	7	97	3	97	7.34e-27	87.0
A84/197	A161/1-98	41.667	96	55	1	2	96	2	97	1.17e-26	86.7
A84/197	A63/1-98	48.980	98	47	3	2	97	2	98	3.90e-26	85.1
A84/197	A66/1-97	48.387	93	44	2	7	95	3	95	2.31e-25	83.2
A84/197	A69/1-97	42.105	95	55	0	2	96	2	96	3.35e-25	82.8
A84/197	A110/1-97	44.565	92	48	2	5	93	2	93	9.03e-25	81.6
A84/197	A55/1-97	39.785	93	55	1	2	94	2	93	1.14e-24	81.3
A84/197	A5/1-98	41.837	98	54	2	2	97	2	98	1.59e-24	81.3
A84/197	A135/1-97	39.583	96	58	0	2	97	2	97	4.20e-24	80.1
A84/197	A30/1-97	41.667	96	54	2	1	95	1	95	7.83e-24	79.3
A84/197	A52/1-98	45.238	84	45	1	8	90	7	90	1.06e-23	79.0
A84/197	A166/1-99	37.895	95	58	1	1	94	1	95	1.17e-23	79.0
A84/197	A99/1-97	39.326	89	53	1	2	90	2	89	2.02e-23	78.2
A84/197	A37/1-96	42.857	98	53	3	1	97	1	96	2.38e-23	78.2
A84/197	A121/1-97	43.333	90	50	1	2	91	2	90	2.77e-23	77.8
A84/197	A88/1-97	41.573	89	51	1	2	90	2	89	5.16e-23	77.4
A84/197	A132/1-97	46.753	77	40	1	20	95	19	95	5.94e-23	77.0
A84/197	A23/1-98	41.667	96	55	1	2	96	2	97	1.73e-22	75.9
A84/197	A67/1-95	42.105	95	53	2	2	96	2	94	2.82e-22	75.5
A84/197	A41/1-98	41.414	99	52	3	1	97	4	98	6.60e-22	74.3
A84/197	A74/1-98	43.011	93	51	2	2	93	2	93	1.86e-21	73.2
A84/197	A12/1-98	35.354	99	61	2	1	97	1	98	2.26e-21	73.2
A84/197	A2/1-97	41.237	97	55	2	2	97	2	97	2.38e-21	73.2
A84/197	A118/1-98	43.617	94	51	2	2	94	2	94	3.98e-21	72.4
A84/197	A107/1-98	43.617	94	49	3	2	94	2	92	6.21e-21	72.0
A84/197	A86/1-99	44.318	88	46	2	1	86	1	87	1.13e-20	71.2
A84/197	A9/1-95	41.558	77	44	1	19	95	18	93	1.75e-20	70.9
A84/197	A89/1-96	40.206	97	55	3	2	97	2	96	2.06e-20	70.5
A84/197	A16/1-97	37.079	89	55	1	2	90	2	89	2.32e-20	70.5
A84/197	A78/1-96	38.776	98	57	3	1	97	1	96	3.14e-20	70.1
A84/197	A96/1-98	41.379	87	49	2	2	87	2	87	3.66e-20	70.1
A84/197	A151/1-99	39.583	96	55	2	2	95	2	96	5.84e-20	69.3
A84/197	A35/1-99	41.414	99	54	3	2	97	2	99	9.22e-20	68.9
A84/197	A147/1-98	41.414	99	52	4	4	97	1	98	1.31e-19	68.6
A84/197	A167/1-98	40.404	99	56	3	1	97	1	98	1.32e-19	68.6
A84/197	A13/1-103	37.864	103	56	3	2	97	2	103	2.15e-19	68.2
A84/197	A158/1-98	41.837	98	54	3	2	97	2	98	2.73e-19	67.8
A84/197	A130/1-99	42.424	99	53	3	2	97	2	99	3.55e-19	67.4
A84/197	A108/1-99	42.045	88	48	2	2	87	2	88	4.27e-19	67.4
A84/197	A70/1-98	42.708	96	52	3	2	95	2	96	4.86e-19	67.0
A84/197	A20/1-102	39.216	102	55	3	2	97	2	102	5.31e-19	67.0
A84/197	A103/1-98	36.364	99	60	3	1	97	1	98	6.18e-19	67.0
A84/197	A59/1-98	43.333	90	49	2	8	95	7	96	7.68e-19	66.6
A84/197	A140/1-99	45.349	86	41	2	2	85	5	86	8.94e-19	66.6
A84/197	A152/1-99	38.776	98	53	3	2	93	2	98	9.96e-19	66.2
A84/197	A3/1-98	40.217	92	52	2	4	92	1	92	1.29e-18	65.9
A84/197	A125/1-98	39.583	96	55	3	2	95	2	96	2.02e-18	65.5
A84/197	A136/1-98	35.632	87	54	2	2	87	2	87	2.37e-18	65.5
A84/197	A14/1-100	42.391	92	49	2	2	90	2	92	3.29e-18	65.1
A84/197	A28/1-100	39.806	103	53	4	1	97	1	100	4.31e-18	64.7
A84/197	A154/1-97	35.484	93	59	1	2	94	2	93	9.63e-18	63.9
A84/197	A53/1-99	40.000	90	51	2	2	89	2	90	1.02e-17	63.9
A84/197	A129/1-98	40.217	92	50	3	2	89	2	92	1.32e-17	63.5
A84/197	A27/1-98	40.404	99	54	4	2	97	2	98	1.35e-17	63.5
A84/197	A92/1-98	35.714	98	60	3	2	97	2	98	1.75e-17	63.2
A84/197	A81/1-98	37.755	98	58	3	2	97	2	98	1.81e-17	63.2
A84/197	A34/1-97	40.000	95	55	2	2	95	2	95	2.03e-17	63.2
A84/197	A45/1-98	42.553	94	50	3	2	93	2	93	2.08e-17	62.8
A84/197	A85/1-98	35.632	87	54	2	2	87	2	87	4.21e-17	62.0
A84/197	A97/1-99	36.364	88	53	2	1	86	1	87	4.49e-17	62.0
A84/197	A75/1-99	38.202	89	52	2	1	87	1	88	4.69e-17	62.0
A84/197	A111/1-96	36.170	94	58	2	5	97	4	96	5.76e-17	62.0
A84/197	A119/1-97	37.113	97	57	3	2	96	2	96	6.15e-17	61.6
A84/197	A100/1-96	36.082	97	59	3	2	97	2	96	1.13e-16	61.2
A84/197	A115/1-99	38.384	99	54	4	2	97	5	99	1.84e-16	60.5
A84/197	A24/1-98	38.614	101	50	4	5	97	2	98	4.81e-16	59.3
A84/197	A82/1-99	41.758	91	47	3	2	90	5	91	4.92e-16	59.3
A84/197	A48/1-98	39.744	78	46	1	11	87	10	87	5.42e-16	59.3
A84/197	A17/1-103	39.130	92	48	3	4	87	1	92	9.11e-16	58.9
A84/197	A122/1-96	34.831	89	56	2	1	89	1	87	1.32e-15	58.2
A84/197	A162/1-99	40.698	86	49	2	14	97	14	99	1.39e-15	58.2
A84/197	A144/1-96	35.556	90	56	2	1	90	1	88	1.57e-15	58.2
A84/197	A56/1-93	40.698	86	46	3	7	89	3	86	2.10e-15	57.8
A84/197	A114/1-98	36.634	101	55	4	2	97	2	98	2.49e-15	57.8
A84/197	A155/1-98	41.975	81	46	1	11	90	10	90	2.52e-15	57.8
A84/197	A137/1-98	40.476	84	49	1	4	87	4	86	3.20e-15	57.4
A84/197	A60/1-99	39.175	97	55	4	4	97	4	99	3.76e-15	57.0
A84/197	A159/1-98	34.831	89	56	2	2	89	2	89	4.52e-15	57.0
A84/197	A64/1-99	36.364	88	53	2	2	87	2	88	4.92e-15	57.0
A84/197	A42/1-104	37.895	95	51	3	2	89	2	95	9.02e-15	56.2
A84/197	A31/1-95	36.957	92	56	2	2	93	2	91	1.88e-14	55.5
A84/197	A21/1-98	40.426	94	53	2	2	94	3	94	2.14e-14	55.1
A84/197	A148/1-102	37.363	91	41	3	2	84	5	87	2.89e-14	55.1
A84/197	A163/1-98	31.818	88	58	2	1	87	1	87	6.43e-14	53.9
A84/197	A104/1-99	36.842	95	54	3	2	94	5	95	9.90e-14	53.5
A84/197	A141/1-98	35.955	89	55	2	2	89	2	89	2.02e-13	52.8
A84/197	A126/1-99	35.227	88	54	3	4	89	4	90	3.38e-13	52.0
A84/197	A93/1-99	37.374	99	55	5	2	97	5	99	4.72e-13	51.6
A84/197	A6/1-97	34.884	86	52	3	4	86	1	85	4.82e-13	51.6
A84/197	A7/1-97	29.348	92	62	2	5	93	2	93	7.03e-13	51.2
A84/197	A10/1-98	36.782	87	52	2	4	87	1	87	2.10e-12	50.1
A84/197	A133/1-95	31.707	82	55	1	15	96	14	94	2.35e-11	47.4
A84/197	A71/1-99	35.484	93	57	3	4	95	4	94	5.66e-11	46.6
A84/197	A38/1-98	31.959	97	64	2	1	96	1	96	7.55e-11	46.2
A84/197	A49/1-100	34.043	94	57	3	4	93	4	96	7.30e-09	40.8
A85/198	A85/1-98	100.000	98	0	0	1	98	1	98	7.66e-73	203
A85/198	A96/1-98	67.347	98	32	0	1	98	1	98	4.69e-50	145
A85/198	A107/1-98	64.948	97	34	0	2	98	2	98	1.37e-49	144
A85/198	A74/1-98	61.856	97	37	0	2	98	2	98	7.28e-47	137
A85/198	A129/1-98	54.082	98	45	0	1	98	1	98	2.60e-35	108
A85/198	A118/1-98	53.061	98	46	0	1	98	1	98	5.91e-35	107
A85/198	A63/1-98	54.023	87	40	0	2	88	2	88	5.52e-32	100
A85/198	A34/1-97	52.083	96	45	1	2	97	2	96	1.82e-31	98.6
A85/198	A140/1-99	54.118	85	38	1	1	84	1	85	1.45e-30	96.3
A85/198	A41/1-98	50.000	90	45	0	2	91	2	91	2.06e-30	95.9
A85/198	A70/1-98	48.980	98	50	0	1	98	1	98	3.37e-30	95.5
A85/198	A151/1-99	46.809	94	49	1	1	93	1	94	8.19e-29	92.0
A85/198	A136/1-98	43.299	97	55	0	1	97	1	97	8.19e-29	92.0
A85/198	A103/1-98	44.828	87	48	0	2	88	2	88	1.84e-28	91.3
A85/198	A27/1-98	53.261	92	41	2	1	91	1	91	2.72e-28	90.5
A85/198	A6/1-97	50.515	97	47	1	2	98	2	97	4.50e-28	90.1
A85/198	A20/1-102	48.039	102	49	1	1	98	1	102	1.24e-27	89.0
A85/198	A52/1-98	49.383	81	41	0	8	88	8	88	3.04e-27	88.2
A85/198	A3/1-98	46.392	97	52	0	2	98	2	98	3.21e-27	87.8
A85/198	A81/1-98	46.591	88	47	0	1	88	1	88	3.59e-27	87.8
A85/198	A48/1-98	41.667	96	56	0	1	96	1	96	7.06e-27	87.0
A85/198	A125/1-98	44.330	97	54	0	2	98	2	98	9.79e-27	86.7
A85/198	A114/1-98	42.529	87	50	0	2	88	2	88	1.53e-25	83.6
A85/198	A82/1-99	44.330	97	53	1	3	98	3	99	4.00e-25	82.8
A85/198	A104/1-99	43.299	97	54	1	3	98	3	99	5.74e-25	82.4
A85/198	A167/1-98	49.412	85	43	0	2	86	2	86	6.12e-25	82.0
A85/198	A147/1-98	44.444	90	50	0	2	91	2	91	8.68e-25	81.6
A85/198	A92/1-98	38.889	90	55	0	2	91	2	91	1.13e-24	81.6
A85/198	A59/1-98	43.878	98	55	0	1	98	1	98	1.58e-24	81.3
A85/198	A115/1-99	45.977	87	46	1	3	88	3	89	4.00e-24	80.1
A85/198	A163/1-98	43.023	86	49	0	2	87	2	87	9.77e-24	79.0
A85/198	A126/1-99	42.353	85	48	1	5	88	5	89	1.27e-23	79.0
A85/198	A148/1-102	42.353	85	46	1	3	84	3	87	1.39e-23	78.6
A85/198	A158/1-98	38.776	98	60	0	1	98	1	98	3.46e-23	77.8
A85/198	A93/1-99	43.678	87	48	1	3	88	3	89	1.68e-22	75.9
A85/198	A53/1-99	40.909	88	51	1	2	88	2	89	2.33e-22	75.5
A85/198	A60/1-99	40.230	87	51	1	3	88	3	89	4.29e-22	75.1
A85/198	A162/1-99	42.683	82	47	0	10	91	11	92	5.50e-22	74.7
A85/198	A49/1-100	41.758	91	51	1	3	91	3	93	1.95e-21	73.2
A85/198	A13/1-103	40.777	103	56	1	1	98	1	103	4.35e-21	72.4
A85/198	A78/1-96	40.698	86	49	1	2	87	2	85	5.35e-21	72.0
A85/198	A17/1-103	40.217	92	50	2	2	88	2	93	9.64e-21	71.6
A85/198	A35/1-99	41.379	87	50	1	2	87	2	88	1.16e-20	71.2
A85/198	A137/1-98	42.697	89	48	2	3	91	3	88	1.59e-20	70.9
A85/198	A122/1-96	43.023	86	47	1	2	87	2	85	1.59e-20	70.9
A85/198	A86/1-99	39.535	86	51	1	2	86	2	87	1.75e-20	70.9
A85/198	A161/1-98	44.828	87	46	2	2	87	2	87	3.22e-20	70.1
A85/198	A45/1-98	44.318	88	45	2	2	87	2	87	3.88e-20	70.1
A85/198	A152/1-99	40.909	88	51	1	2	88	2	89	4.18e-20	69.7
A85/198	A71/1-99	41.111	90	52	1	3	91	3	92	8.57e-20	68.9
A85/198	A58/1-97	43.023	86	47	2	2	86	2	86	2.54e-19	67.8
A85/198	A166/1-99	43.182	88	47	3	2	87	2	88	5.87e-19	67.0
A85/198	A10/1-98	41.573	89	52	0	2	90	2	90	8.58e-19	66.6
A85/198	A144/1-96	41.379	87	47	2	2	87	2	85	1.30e-18	66.2
A85/198	A14/1-100	42.697	89	49	1	2	88	2	90	1.48e-18	65.9
A85/198	A108/1-99	37.079	89	53	2	2	88	2	89	2.33e-18	65.5
A85/198	A155/1-98	41.379	87	51	0	1	87	1	87	3.30e-18	65.1
A85/198	A7/1-97	38.372	86	53	0	2	87	2	87	3.60e-18	65.1
A85/198	A111/1-96	40.000	75	43	1	13	87	13	85	4.82e-18	64.7
A85/198	A55/1-97	42.222	90	43	2	2	87	2	86	5.61e-18	64.3
A85/198	A28/1-100	39.326	89	52	1	2	88	2	90	7.68e-18	63.9
A85/198	A95/1-97	39.080	87	51	2	2	87	2	87	8.94e-18	63.9
A85/198	A66/1-97	42.683	82	38	2	11	88	11	87	9.04e-18	63.9
A85/198	A24/1-98	39.773	88	53	0	1	88	1	88	1.77e-17	63.2
A85/198	A89/1-96	35.632	87	54	1	1	87	1	85	1.87e-17	63.2
A85/198	A42/1-104	39.583	96	46	4	2	88	2	94	2.70e-17	62.8
A85/198	A16/1-97	39.080	87	52	1	1	87	1	86	3.54e-17	62.4
A85/198	A84/1-97	35.632	87	54	2	2	87	2	87	4.36e-17	62.0
A85/198	A159/1-98	34.483	87	57	0	2	88	2	88	6.09e-17	61.6
A85/198	A105/1-97	36.782	87	53	2	2	87	2	87	7.65e-17	61.6
A85/198	A67/1-95	37.209	86	52	1	2	87	2	85	8.43e-17	61.6
A85/198	A117/1-97	36.667	90	49	3	2	87	2	87	8.71e-17	61.2
A85/198	A88/1-97	38.462	91	47	2	2	88	2	87	1.23e-16	60.8
A85/198	A51/1-96	33.721	86	56	1	2	87	2	86	1.27e-16	60.8
A85/198	A100/1-96	37.209	86	52	1	2	87	2	85	1.29e-16	60.8
A85/198	A128/1-97	36.782	87	53	2	2	87	2	87	1.92e-16	60.5
A85/198	A62/1-96	39.080	87	52	1	1	87	1	86	2.46e-16	60.1
A85/198	A56/1-93	42.500	80	43	2	9	88	9	85	3.45e-16	59.7
A85/198	A26/1-97	38.667	75	45	1	13	87	14	87	3.72e-16	59.7
A85/198	A75/1-99	34.694	98	63	1	2	98	2	99	4.62e-16	59.7
A85/198	A135/1-97	34.483	87	55	2	2	87	2	87	4.82e-16	59.3
A85/198	A141/1-98	32.990	97	65	0	2	98	2	98	6.32e-16	59.3
A85/198	A146/1-97	35.443	79	50	1	9	87	10	87	8.28e-16	58.9
A85/198	A73/1-97	35.632	87	54	2	2	87	2	87	1.10e-15	58.5
A85/198	A130/1-99	39.326	89	49	2	2	87	2	88	1.32e-15	58.5
A85/198	A124/1-97	33.721	86	55	2	2	86	2	86	1.38e-15	58.2
A85/198	A19/1-97	35.632	87	54	2	2	87	2	87	1.58e-15	58.2
A85/198	A154/1-97	37.349	83	43	2	9	87	9	86	2.01e-15	57.8
A85/198	A31/1-95	37.209	86	52	1	2	87	2	85	3.23e-15	57.4
A85/198	A38/1-98	37.647	85	53	0	2	86	2	86	4.77e-15	57.0
A85/198	A21/1-98	39.080	87	53	0	2	88	2	88	4.88e-15	57.0
A85/198	A119/1-97	31.250	96	65	1	1	96	1	95	5.49e-15	56.6
A85/198	A97/1-99	36.667	90	52	3	2	88	2	89	1.29e-14	55.8
A85/198	A5/1-98	43.750	80	39	3	13	90	13	88	1.30e-14	55.8
A85/198	A12/1-98	36.782	87	52	2	2	86	2	87	1.48e-14	55.8
A85/198	A102/1-97	34.667	75	48	1	13	87	14	87	1.55e-14	55.5
A85/198	A132/1-97	33.721	86	56	1	2	87	2	86	2.44e-14	55.1
A85/198	A121/1-97	35.632	87	55	1	2	88	2	87	2.63e-14	55.1
A85/198	A37/1-96	36.842	76	46	1	9	84	9	82	2.99e-14	55.1
A85/198	A77/1-97	35.294	102	57	2	1	98	1	97	3.30e-14	54.7
A85/198	A44/1-97	35.000	80	51	1	9	88	9	87	3.55e-14	54.7
A85/198	A33/1-97	32.955	88	57	2	1	87	1	87	3.63e-14	54.7
A85/198	A64/1-99	36.364	88	55	1	2	88	2	89	4.86e-14	54.3
A85/198	A47/1-96	35.632	87	54	2	2	87	2	87	5.65e-14	54.3
A85/198	A30/1-97	36.585	82	51	1	2	83	2	82	5.77e-14	54.3
A85/198	A91/1-97	34.118	85	54	2	2	85	2	85	7.09e-14	53.9
A85/198	A99/1-97	34.884	86	55	1	2	87	2	86	7.16e-14	53.9
A85/198	A40/1-96	36.250	80	50	1	9	88	9	87	7.24e-14	53.9
A85/198	A113/1-96	30.769	91	62	1	2	92	2	91	1.41e-13	53.1
A85/198	A133/1-95	40.541	74	42	1	14	87	14	85	1.64e-13	53.1
A85/198	A80/1-97	34.118	85	54	2	2	85	2	85	2.42e-13	52.4
A85/198	A23/1-98	37.500	72	44	1	13	84	14	84	4.01e-13	52.0
A85/198	A143/1-97	34.884	86	55	1	2	87	2	86	4.42e-13	52.0
A85/198	A110/1-97	33.333	87	57	1	2	88	2	87	9.91e-13	50.8
A85/198	A150/1-96	35.897	78	49	1	10	87	10	86	1.03e-12	50.8
A85/198	A9/1-95	35.065	77	47	2	12	87	11	85	1.32e-12	50.8
A85/198	A139/1-97	31.169	77	52	1	11	87	12	87	3.10e-12	49.7
A85/198	A157/1-97	32.143	84	55	2	2	84	2	84	4.96e-12	49.3
A85/198	A69/1-97	30.588	85	57	2	1	84	1	84	1.86e-11	47.8
A85/198	A2/1-97	40.909	88	47	3	1	86	1	85	3.24e-11	47.0
A86/199	A86/1-99	100.000	99	0	0	1	99	1	99	1.28e-72	202
A86/199	A108/1-99	59.184	98	40	0	2	99	2	99	2.01e-43	129
A86/199	A97/1-99	51.579	95	46	0	1	95	1	95	4.04e-37	113
A86/199	A75/1-99	51.613	93	45	0	1	93	1	93	5.99e-34	105
A86/199	A53/1-99	50.549	91	45	0	2	92	2	92	2.12e-30	95.9
A86/199	A64/1-99	51.020	98	48	0	2	99	2	99	1.50e-29	94.0
A86/199	A115/1-99	48.454	97	48	2	4	99	4	99	8.63e-27	87.0
A86/199	A141/1-98	44.681	94	51	1	2	95	2	94	8.63e-26	84.3
A86/199	A107/1-98	46.512	86	45	1	2	87	2	86	1.26e-25	84.0
A86/199	A159/1-98	45.455	99	51	2	2	99	2	98	2.99e-25	83.2
A86/199	A82/1-99	51.220	82	39	1	4	85	4	84	5.11e-25	82.4
A86/199	A42/1-104	42.105	95	50	2	2	91	2	96	2.18e-24	80.9
A86/199	A152/1-99	37.079	89	56	0	2	90	2	90	3.93e-24	80.1
A86/199	A104/1-99	44.330	97	52	2	4	99	4	99	1.60e-23	78.6
A86/199	A51/1-96	47.126	87	44	1	1	87	1	85	2.62e-23	78.2
A86/199	A44/1-97	38.776	98	58	1	2	99	2	97	5.92e-23	77.0
A86/199	A28/1-100	42.000	100	57	1	1	99	1	100	7.45e-23	77.0
A86/199	A93/1-99	41.237	97	55	2	4	99	4	99	9.57e-23	76.6
A86/199	A126/1-99	39.785	93	54	2	4	95	4	95	1.80e-22	75.9
A86/199	A96/1-98	44.792	96	48	2	2	97	2	92	2.69e-22	75.5
A86/199	A124/1-97	42.857	91	49	2	1	90	1	89	4.03e-22	75.1
A86/199	A95/1-97	45.455	88	45	2	1	87	1	86	5.90e-22	74.7
A86/199	A105/1-97	43.182	88	47	2	1	87	1	86	7.17e-22	74.3
A86/199	A129/1-98	41.573	89	51	1	2	90	2	89	1.08e-21	73.9
A86/199	A130/1-99	39.362	94	57	0	2	95	2	95	3.48e-21	72.8
A86/199	A47/1-96	44.565	92	48	2	2	92	2	91	3.55e-21	72.8
A86/199	A78/1-96	35.354	99	61	1	1	99	1	96	4.00e-21	72.4
A86/199	A16/1-97	44.706	85	45	1	2	86	2	84	6.90e-21	72.0
A86/199	A84/1-97	44.318	88	46	2	1	87	1	86	1.21e-20	71.2
A86/199	A113/1-96	34.444	90	57	1	1	90	1	88	1.24e-20	71.2
A86/199	A73/1-97	43.182	88	47	2	1	87	1	86	1.54e-20	70.9
A86/199	A85/1-98	39.535	86	51	1	2	87	2	86	1.82e-20	70.9
A86/199	A117/1-97	45.455	88	45	2	1	87	1	86	1.96e-20	70.9
A86/199	A143/1-97	37.755	98	59	1	2	99	2	97	2.05e-20	70.9
A86/199	A144/1-96	36.364	99	60	1	1	99	1	96	2.90e-20	70.5
A86/199	A74/1-98	44.048	84	46	1	2	85	2	84	3.13e-20	70.1
A86/199	A35/1-99	37.755	98	61	0	2	99	2	99	3.16e-20	70.1
A86/199	A30/1-97	37.500	96	56	2	1	95	1	93	3.38e-20	70.1
A86/199	A58/1-97	43.182	88	47	2	1	87	1	86	3.53e-20	70.1
A86/199	A67/1-95	37.755	98	57	2	2	99	2	95	3.64e-20	70.1
A86/199	A91/1-97	41.176	85	47	2	1	84	1	83	4.20e-20	70.1
A86/199	A102/1-97	39.175	97	56	2	1	96	1	95	5.05e-20	69.7
A86/199	A77/1-97	37.755	98	59	1	2	99	2	97	8.69e-20	68.9
A86/199	A14/1-100	41.053	95	55	1	2	95	2	96	9.90e-20	68.9
A86/199	A155/1-98	36.000	100	59	2	2	99	2	98	1.26e-19	68.6
A86/199	A80/1-97	41.573	89	49	2	1	88	1	87	1.78e-19	68.2
A86/199	A63/1-98	32.653	98	65	1	2	99	2	98	2.14e-19	68.2
A86/199	A49/1-100	35.789	95	60	1	4	97	4	98	2.14e-19	68.2
A86/199	A13/1-103	38.710	93	53	2	2	90	2	94	2.58e-19	67.8
A86/199	A41/1-98	33.333	99	65	1	1	99	1	98	2.87e-19	67.8
A86/199	A88/1-97	37.755	98	59	1	2	99	2	97	3.17e-19	67.8
A86/199	A148/1-102	38.384	99	56	3	5	99	5	102	3.53e-19	67.4
A86/199	A60/1-99	45.122	82	44	1	4	85	4	84	4.63e-19	67.4
A86/199	A2/1-97	37.755	98	59	1	2	99	2	97	5.16e-19	67.0
A86/199	A119/1-97	31.633	98	65	1	2	99	2	97	5.33e-19	67.0
A86/199	A40/1-96	40.698	86	49	1	1	86	1	84	8.23e-19	66.6
A86/199	A162/1-99	37.778	90	55	1	10	99	11	99	1.07e-18	66.2
A86/199	A55/1-97	39.535	86	50	1	2	87	2	85	1.43e-18	65.9
A86/199	A66/1-97	38.776	98	58	1	2	99	2	97	3.41e-18	65.1
A86/199	A157/1-97	34.831	89	55	2	1	88	1	87	3.49e-18	65.1
A86/199	A122/1-96	35.354	99	61	1	1	99	1	96	4.53e-18	64.7
A86/199	A140/1-99	38.824	85	52	0	2	86	2	86	4.68e-18	64.7
A86/199	A89/1-96	34.694	98	61	1	2	99	2	96	5.62e-18	64.3
A86/199	A20/1-102	37.500	88	52	2	2	86	2	89	6.83e-18	64.3
A86/199	A158/1-98	33.333	96	63	1	2	97	2	96	1.05e-17	63.9
A86/199	A7/1-97	38.824	85	50	2	2	86	3	85	1.31e-17	63.5
A86/199	A99/1-97	36.471	85	52	1	2	86	2	84	1.70e-17	63.2
A86/199	A110/1-97	35.714	98	61	1	2	99	2	97	1.89e-17	63.2
A86/199	A111/1-96	31.633	98	64	1	2	99	2	96	2.23e-17	62.8
A86/199	A9/1-95	36.458	96	57	2	2	97	2	93	2.46e-17	62.8
A86/199	A37/1-96	36.082	97	59	2	1	97	1	94	2.48e-17	62.8
A86/199	A71/1-99	41.463	82	47	1	4	85	4	84	2.89e-17	62.8
A86/199	A133/1-95	38.384	99	55	3	2	99	2	95	3.79e-17	62.4
A86/199	A33/1-97	38.889	90	52	2	2	90	2	89	3.79e-17	62.4
A86/199	A19/1-97	38.462	91	53	2	1	90	1	89	5.02e-17	62.0
A86/199	A151/1-99	31.633	98	67	0	2	99	2	99	6.51e-17	61.6
A86/199	A52/1-98	37.778	90	55	1	2	91	2	90	6.66e-17	61.6
A86/199	A26/1-97	39.773	88	50	2	1	87	1	86	7.26e-17	61.6
A86/199	A136/1-98	35.556	90	55	2	2	90	2	89	8.27e-17	61.6
A86/199	A12/1-98	36.667	90	53	3	1	88	1	88	1.75e-16	60.8
A86/199	A27/1-98	32.653	98	65	1	2	99	2	98	1.94e-16	60.5
A86/199	A167/1-98	33.684	95	62	1	1	95	1	94	2.55e-16	60.1
A86/199	A128/1-97	38.636	88	51	2	1	87	1	86	2.78e-16	60.1
A86/199	A121/1-97	38.824	85	50	1	2	86	2	84	2.90e-16	60.1
A86/199	A34/1-97	37.234	94	57	2	2	95	2	93	3.00e-16	60.1
A86/199	A146/1-97	35.354	99	60	3	1	98	1	96	4.83e-16	59.7
A86/199	A114/1-98	36.047	86	54	1	2	87	2	86	7.20e-16	58.9
A86/199	A62/1-96	34.884	86	54	1	2	87	2	85	8.85e-16	58.9
A86/199	A17/1-103	34.951	103	61	2	2	99	2	103	1.02e-15	58.5
A86/199	A21/1-98	42.222	90	50	2	2	91	3	90	1.24e-15	58.5
A86/199	A166/1-99	34.000	100	62	3	1	98	1	98	1.31e-15	58.5
A86/199	A147/1-98	31.959	97	65	1	2	98	2	97	1.66e-15	58.2
A86/199	A48/1-98	34.940	83	53	1	2	84	2	83	1.91e-15	58.2
A86/199	A125/1-98	32.632	95	63	1	2	96	2	95	3.00e-15	57.4
A86/199	A5/1-98	40.230	87	48	2	2	86	2	86	3.31e-15	57.4
A86/199	A154/1-97	33.673	98	63	1	2	99	2	97	3.49e-15	57.4
A86/199	A6/1-97	36.364	88	54	2	2	89	2	87	6.12e-15	56.6
A86/199	A92/1-98	34.483	87	56	1	1	87	1	86	7.68e-15	56.6
A86/199	A59/1-98	34.375	96	62	1	2	97	2	96	8.02e-15	56.2
A86/199	A103/1-98	32.967	91	60	1	1	91	1	90	9.95e-15	56.2
A86/199	A81/1-98	35.556	90	57	1	2	91	2	90	1.05e-14	56.2
A86/199	A118/1-98	31.633	98	65	2	2	99	2	97	1.39e-14	55.8
A86/199	A3/1-98	34.884	86	55	1	2	87	2	86	1.96e-14	55.5
A86/199	A163/1-98	36.471	85	53	1	1	85	1	84	3.92e-14	54.7
A86/199	A161/1-98	36.782	87	49	2	5	87	2	86	6.79e-14	53.9
A86/199	A135/1-97	36.364	88	50	2	4	87	1	86	8.70e-14	53.9
A86/199	A137/1-98	36.585	82	50	2	4	85	4	83	9.08e-14	53.5
A86/199	A100/1-96	29.592	98	66	1	2	99	2	96	9.18e-14	53.5
A86/199	A23/1-98	31.313	99	65	2	2	99	2	98	1.13e-13	53.5
A86/199	A70/1-98	36.047	86	48	2	2	84	2	83	1.56e-13	53.1
A86/199	A132/1-97	29.592	98	67	1	2	99	2	97	2.45e-13	52.8
A86/199	A31/1-95	35.632	87	49	2	2	86	2	83	2.50e-13	52.4
A86/199	A69/1-97	34.884	86	53	2	2	86	2	85	3.13e-13	52.4
A86/199	A150/1-96	37.931	87	48	2	2	86	2	84	3.38e-13	52.4
A86/199	A45/1-98	32.184	87	54	2	1	85	1	84	1.15e-12	50.8
A86/199	A38/1-98	30.952	84	57	1	1	84	1	83	1.32e-12	50.8
A86/199	A24/1-98	29.787	94	65	1	2	95	2	94	4.41e-12	49.3
A86/199	A10/1-98	32.692	104	55	5	4	99	1	97	4.65e-12	49.3
A86/199	A139/1-97	32.927	82	53	1	9	90	10	89	2.02e-11	47.8
A86/199	A56/1-93	31.111	90	58	2	2	91	2	87	2.25e-11	47.4
A88/197	A88/1-97	100.000	97	0	0	1	97	1	97	3.57e-72	201
A88/197	A77/1-97	76.289	97	23	0	1	97	1	97	2.47e-58	166
A88/197	A110/1-97	65.979	97	33	0	1	97	1	97	1.71e-51	149
A88/197	A66/1-97	61.856	97	37	0	1	97	1	97	2.05e-46	136
A88/197	A99/1-97	56.701	97	42	0	1	97	1	97	7.97e-45	132
A88/197	A55/1-97	57.732	97	41	0	1	97	1	97	1.54e-42	126
A88/197	A121/1-97	48.454	97	50	0	1	97	1	97	8.71e-38	114
A88/197	A154/1-97	51.546	97	47	0	1	97	1	97	1.99e-35	108
A88/197	A143/1-97	44.330	97	54	0	1	97	1	97	3.68e-33	102
A88/197	A132/1-97	44.330	97	54	0	1	97	1	97	2.29e-32	100
A88/197	A44/1-97	46.392	97	52	0	1	97	1	97	2.49e-30	95.9
A88/197	A51/1-96	45.455	88	48	0	2	89	2	89	3.34e-27	87.8
A88/197	A95/1-97	45.556	90	48	1	2	90	2	91	6.16e-27	87.0
A88/197	A30/1-97	44.792	96	53	0	2	97	2	97	1.20e-26	86.7
A88/197	A19/1-97	43.820	89	49	1	2	89	2	90	1.21e-25	84.0
A88/197	A26/1-97	47.674	86	44	1	2	86	2	87	2.52e-25	83.2
A88/197	A33/1-97	40.449	89	52	1	2	89	2	90	1.24e-24	81.3
A88/197	A16/1-97	40.909	88	52	0	2	89	2	89	2.33e-24	80.5
A88/197	A105/1-97	44.444	90	49	1	2	90	2	91	2.36e-24	80.5
A88/197	A2/1-97	40.217	92	55	0	2	93	2	93	3.42e-24	80.1
A88/197	A157/1-97	42.857	84	47	1	2	84	2	85	5.17e-24	79.7
A88/197	A80/1-97	43.902	82	45	1	2	82	2	83	7.09e-24	79.3
A88/197	A73/1-97	42.697	89	50	1	2	89	2	90	1.10e-23	79.0
A88/197	A113/1-96	45.679	81	44	0	2	82	2	82	1.51e-23	78.6
A88/197	A37/1-96	44.565	92	50	1	2	93	2	92	1.85e-23	78.2
A88/197	A27/1-98	46.809	94	47	3	2	93	2	94	1.98e-23	78.2
A88/197	A58/1-97	39.759	83	48	1	2	84	5	85	4.06e-23	77.4
A88/197	A84/1-97	41.573	89	51	1	2	89	2	90	5.16e-23	77.4
A88/197	A122/1-96	42.857	98	51	2	2	97	2	96	6.56e-23	77.0
A88/197	A102/1-97	43.023	86	48	1	2	86	2	87	7.15e-23	77.0
A88/197	A62/1-96	38.542	96	58	1	2	97	2	96	1.11e-22	76.3
A88/197	A118/1-98	39.175	97	58	1	2	97	2	98	2.01e-22	75.9
A88/197	A5/1-98	42.697	89	49	1	1	87	1	89	4.71e-22	74.7
A88/197	A63/1-98	39.785	93	55	1	2	93	2	94	7.86e-22	74.3
A88/197	A91/1-97	37.634	93	56	2	2	93	2	93	3.34e-21	72.8
A88/197	A126/1-99	41.304	92	52	2	4	93	4	95	4.68e-21	72.4
A88/197	A47/1-96	41.176	85	48	1	2	86	5	87	5.00e-21	72.0
A88/197	A69/1-97	38.095	84	51	1	2	84	2	85	5.45e-21	72.0
A88/197	A124/1-97	39.759	83	49	1	2	83	2	84	8.80e-21	71.6
A88/197	A74/1-98	42.553	94	45	2	2	90	2	91	1.12e-20	71.2
A88/197	A45/1-98	43.956	91	44	2	2	88	2	89	1.26e-20	71.2
A88/197	A161/1-98	35.165	91	59	0	3	93	4	94	1.33e-20	71.2
A88/197	A107/1-98	41.304	92	45	2	2	88	2	89	1.45e-20	70.9
A88/197	A34/1-97	40.860	93	55	0	2	94	2	94	1.65e-20	70.9
A88/197	A24/1-98	39.785	93	55	1	2	93	2	94	2.85e-20	70.1
A88/197	A3/1-98	37.624	101	54	2	2	97	2	98	2.85e-20	70.1
A88/197	A28/1-100	38.384	99	58	1	2	97	2	100	3.11e-20	70.1
A88/197	A40/1-96	37.500	88	55	0	2	89	2	89	5.78e-20	69.3
A88/197	A139/1-97	37.209	86	53	1	8	93	9	93	6.66e-20	69.3
A88/197	A130/1-99	32.632	95	62	1	2	94	2	96	1.12e-19	68.6
A88/197	A108/1-99	37.500	88	53	1	2	87	2	89	1.15e-19	68.6
A88/197	A12/1-98	42.857	84	46	1	2	83	2	85	1.42e-19	68.6
A88/197	A150/1-96	36.559	93	58	1	1	93	1	92	1.73e-19	68.2
A88/197	A23/1-98	35.294	85	55	0	13	97	14	98	2.48e-19	67.8
A88/197	A86/1-99	37.755	98	59	1	2	97	2	99	2.95e-19	67.8
A88/197	A17/1-103	37.143	105	54	2	2	97	2	103	3.08e-19	67.8
A88/197	A128/1-97	37.500	88	53	1	2	89	5	90	6.31e-19	67.0
A88/197	A167/1-98	37.634	93	57	1	2	93	2	94	7.59e-19	66.6
A88/197	A70/1-98	39.785	93	55	1	2	93	2	94	7.84e-19	66.6
A88/197	A78/1-96	39.130	92	55	1	2	93	2	92	8.94e-19	66.6
A88/197	A117/1-97	37.079	89	55	1	2	89	2	90	1.10e-18	66.2
A88/197	A155/1-98	34.343	99	60	2	2	97	2	98	1.13e-18	66.2
A88/197	A158/1-98	35.484	93	59	1	2	93	2	94	1.20e-18	66.2
A88/197	A42/1-104	35.238	105	57	2	2	97	2	104	1.31e-18	65.9
A88/197	A13/1-103	40.206	97	52	2	2	92	2	98	1.62e-18	65.9
A88/197	A163/1-98	40.000	95	56	1	2	95	2	96	2.35e-18	65.5
A88/197	A96/1-98	40.659	91	45	2	2	87	2	88	2.40e-18	65.5
A88/197	A52/1-98	40.909	88	48	2	4	90	7	91	6.66e-18	64.3
A88/197	A89/1-96	40.594	101	41	2	2	93	2	92	1.75e-17	63.2
A88/197	A166/1-99	38.000	100	49	3	2	95	5	97	1.85e-17	63.2
A88/197	A141/1-98	36.082	97	61	1	2	97	2	98	2.06e-17	62.8
A88/197	A135/1-97	36.047	86	54	1	2	86	2	87	3.31e-17	62.4
A88/197	A56/1-93	40.909	88	50	1	1	88	1	86	3.61e-17	62.4
A88/197	A119/1-97	31.868	91	62	0	2	92	2	92	3.90e-17	62.4
A88/197	A41/1-98	35.484	93	56	2	2	93	5	94	5.28e-17	62.0
A88/197	A81/1-98	37.634	93	53	2	2	91	2	92	6.56e-17	61.6
A88/197	A31/1-95	39.796	98	53	3	2	97	2	95	6.63e-17	61.6
A88/197	A125/1-98	31.959	97	59	2	1	93	1	94	7.16e-17	61.6
A88/197	A103/1-98	36.264	91	57	1	2	91	2	92	1.01e-16	61.2
A88/197	A85/1-98	38.462	91	47	2	2	87	2	88	1.19e-16	60.8
A88/197	A159/1-98	35.052	97	62	1	2	97	2	98	1.27e-16	60.8
A88/197	A146/1-97	32.530	83	56	0	8	90	9	91	1.96e-16	60.5
A88/197	A129/1-98	34.694	98	63	1	1	97	1	98	2.18e-16	60.5
A88/197	A115/1-99	37.500	96	58	2	4	97	4	99	2.18e-16	60.5
A88/197	A136/1-98	35.789	95	57	2	2	95	2	93	2.38e-16	60.1
A88/197	A140/1-99	34.694	98	62	1	2	97	2	99	2.80e-16	60.1
A88/197	A60/1-99	38.043	92	55	2	4	93	4	95	3.16e-16	60.1
A88/197	A92/1-98	36.264	91	57	1	2	91	2	92	3.71e-16	59.7
A88/197	A151/1-99	35.714	98	61	1	2	97	2	99	3.83e-16	59.7
A88/197	A137/1-98	32.955	88	58	1	4	90	4	91	4.00e-16	59.7
A88/197	A147/1-98	37.895	95	54	2	2	93	2	94	4.51e-16	59.7
A88/197	A53/1-99	35.870	92	57	1	2	91	2	93	7.34e-16	58.9
A88/197	A21/1-98	39.175	97	57	2	2	97	3	98	7.34e-16	58.9
A88/197	A10/1-98	36.782	87	54	1	2	87	2	88	8.54e-16	58.9
A88/197	A97/1-99	35.294	85	53	1	2	84	2	86	1.07e-15	58.5
A88/197	A20/1-102	34.375	96	58	1	2	92	2	97	1.65e-15	58.2
A88/197	A14/1-100	38.776	98	51	2	2	93	2	96	1.73e-15	58.2
A88/197	A64/1-99	34.783	92	58	1	2	91	2	93	2.84e-15	57.4
A88/197	A133/1-95	36.735	98	56	3	2	97	2	95	2.87e-15	57.4
A88/197	A7/1-97	31.959	97	63	3	2	97	3	97	3.13e-15	57.4
A88/197	A152/1-99	35.294	85	53	1	1	83	1	85	3.64e-15	57.4
A88/197	A67/1-95	35.417	96	60	2	2	97	2	95	3.68e-15	57.4
A88/197	A111/1-96	34.783	92	59	1	2	93	2	92	4.28e-15	57.0
A88/197	A114/1-98	34.409	93	60	1	2	93	2	94	6.05e-15	56.6
A88/197	A82/1-99	38.272	81	49	1	4	83	4	84	9.21e-15	56.2
A88/197	A75/1-99	35.227	88	55	1	2	87	2	89	1.34e-14	55.8
A88/197	A35/1-99	30.928	97	59	2	2	93	2	95	2.26e-14	55.1
A88/197	A100/1-96	33.696	92	60	1	2	93	2	92	2.33e-14	55.1
A88/197	A59/1-98	35.484	93	56	2	2	93	5	94	4.46e-14	54.3
A88/197	A144/1-96	29.167	96	67	1	2	97	2	96	4.81e-14	54.3
A88/197	A48/1-98	35.556	90	53	2	2	88	2	89	5.35e-14	54.3
A88/197	A9/1-95	30.000	90	62	1	1	90	1	89	7.89e-14	53.9
A88/197	A71/1-99	37.234	94	54	3	2	93	5	95	1.04e-13	53.5
A88/197	A104/1-99	37.500	80	49	1	4	82	4	83	1.09e-13	53.5
A88/197	A148/1-102	33.735	83	51	1	5	83	5	87	1.11e-13	53.5
A88/197	A93/1-99	33.696	92	59	2	4	93	4	95	2.02e-13	52.8
A88/197	A49/1-100	31.579	95	62	1	4	95	4	98	5.25e-13	51.6
A88/197	A162/1-99	30.588	85	58	1	10	93	11	95	3.27e-12	49.7
A88/197	A6/1-97	36.170	94	54	3	2	92	2	92	4.14e-12	49.3
A88/197	A38/1-98	34.884	86	47	2	2	82	2	83	5.42e-09	41.2
A89/196	A89/1-96	100.000	96	0	0	1	96	1	96	5.39e-71	198
A89/196	A78/1-96	71.579	95	27	0	2	96	2	96	2.67e-49	143
A89/196	A111/1-96	65.263	95	33	0	2	96	2	96	1.21e-48	142
A89/196	A100/1-96	60.000	95	38	0	2	96	2	96	1.02e-42	127
A89/196	A67/1-95	49.474	95	47	1	2	96	2	95	1.33e-34	106
A89/196	A122/1-96	47.368	95	50	0	2	96	2	96	7.64e-34	104
A89/196	A155/1-98	40.816	98	56	1	1	96	1	98	9.08e-27	86.7
A89/196	A130/1-99	39.796	98	56	1	2	96	2	99	6.99e-26	84.3
A89/196	A144/1-96	40.000	95	57	0	2	96	2	96	8.24e-26	84.3
A89/196	A53/1-99	44.898	98	51	1	2	96	2	99	7.72e-25	81.6
A89/196	A44/1-97	42.708	96	54	1	2	96	2	97	6.13e-24	79.7
A89/196	A17/1-103	41.176	102	53	2	2	96	2	103	6.76e-24	79.3
A89/196	A108/1-99	36.735	98	59	1	2	96	2	99	6.84e-24	79.3
A89/196	A28/1-100	42.424	99	53	1	2	96	2	100	7.06e-24	79.3
A89/196	A152/1-99	41.860	86	47	1	2	84	2	87	7.38e-24	79.3
A89/196	A159/1-98	44.828	87	43	2	4	85	1	87	7.28e-23	76.6
A89/196	A133/1-95	41.667	96	55	1	1	96	1	95	8.39e-23	76.6
A89/196	A126/1-99	41.237	97	54	2	3	96	3	99	1.92e-22	75.9
A89/196	A143/1-97	40.625	96	56	1	2	96	2	97	3.53e-22	75.1
A89/196	A45/1-98	42.529	87	48	1	2	86	2	88	5.01e-22	74.7
A89/196	A158/1-98	37.755	98	59	1	1	96	1	98	6.94e-22	74.3
A89/196	A163/1-98	40.625	96	55	1	2	95	2	97	7.66e-22	74.3
A89/196	A96/1-98	36.735	98	60	1	1	96	1	98	1.61e-21	73.6
A89/196	A115/1-99	40.625	96	54	2	4	96	4	99	2.02e-21	73.2
A89/196	A75/1-99	39.080	87	50	1	2	85	2	88	2.48e-21	72.8
A89/196	A14/1-100	40.404	99	55	1	2	96	2	100	4.28e-21	72.4
A89/196	A56/1-93	41.053	95	53	2	2	96	2	93	4.47e-21	72.4
A89/196	A35/1-99	36.735	98	59	1	2	96	2	99	5.32e-21	72.0
A89/196	A62/1-96	40.698	86	50	1	1	85	1	86	5.80e-21	72.0
A89/196	A74/1-98	39.535	86	50	1	2	85	2	87	6.19e-21	72.0
A89/196	A113/1-96	42.169	83	47	1	2	83	2	84	6.54e-21	72.0
A89/196	A24/1-98	36.735	98	60	1	1	96	1	98	7.62e-21	71.6
A89/196	A118/1-98	39.796	98	57	1	1	96	1	98	7.87e-21	71.6
A89/196	A119/1-97	35.052	97	62	1	1	96	1	97	8.68e-21	71.6
A89/196	A20/1-102	39.806	103	54	4	1	96	1	102	1.02e-20	71.2
A89/196	A31/1-95	40.000	95	56	1	2	96	2	95	1.51e-20	70.9
A89/196	A141/1-98	40.816	98	54	2	2	96	2	98	1.78e-20	70.9
A89/196	A84/1-97	40.206	97	55	3	2	96	2	97	1.98e-20	70.5
A89/196	A3/1-98	39.175	97	57	1	2	96	2	98	2.05e-20	70.5
A89/196	A150/1-96	40.404	99	51	3	2	96	2	96	2.75e-20	70.1
A89/196	A42/1-104	37.864	103	56	2	2	96	2	104	3.81e-20	69.7
A89/196	A60/1-99	40.206	97	55	2	3	96	3	99	8.71e-20	68.9
A89/196	A140/1-99	40.476	84	47	1	1	81	1	84	1.60e-19	68.2
A89/196	A162/1-99	36.782	87	53	1	12	96	13	99	1.88e-19	68.2
A89/196	A63/1-98	38.144	97	58	1	2	96	2	98	2.47e-19	67.8
A89/196	A34/1-97	40.000	95	54	2	2	94	2	95	3.11e-19	67.4
A89/196	A59/1-98	37.755	98	59	1	1	96	1	98	4.03e-19	67.4
A89/196	A49/1-100	38.710	93	53	1	4	92	4	96	5.01e-19	67.0
A89/196	A107/1-98	35.052	97	61	1	2	96	2	98	6.09e-19	67.0
A89/196	A147/1-98	37.113	97	59	1	2	96	2	98	6.57e-19	66.6
A89/196	A137/1-98	38.043	92	54	2	4	93	4	94	6.65e-19	66.6
A89/196	A70/1-98	36.735	98	60	1	1	96	1	98	7.49e-19	66.6
A89/196	A104/1-99	37.113	97	58	2	3	96	3	99	7.82e-19	66.6
A89/196	A55/1-97	37.500	88	48	2	2	85	2	86	8.35e-19	66.6
A89/196	A93/1-99	40.625	96	54	2	4	96	4	99	1.23e-18	65.9
A89/196	A64/1-99	37.931	87	51	1	2	85	2	88	1.35e-18	65.9
A89/196	A117/1-97	37.209	86	52	2	2	85	2	87	1.38e-18	65.9
A89/196	A124/1-97	40.000	85	49	2	2	84	2	86	1.97e-18	65.5
A89/196	A97/1-99	36.667	90	54	1	2	88	2	91	2.97e-18	65.1
A89/196	A58/1-97	39.785	93	54	2	4	95	5	96	3.24e-18	65.1
A89/196	A82/1-99	39.583	96	55	2	4	96	4	99	3.82e-18	64.7
A89/196	A27/1-98	36.364	99	59	2	1	96	1	98	4.95e-18	64.3
A89/196	A86/1-99	34.694	98	61	1	2	96	2	99	5.06e-18	64.3
A89/196	A73/1-97	40.698	86	49	2	2	85	2	87	6.43e-18	64.3
A89/196	A95/1-97	38.144	97	57	3	2	96	2	97	6.79e-18	64.3
A89/196	A33/1-97	41.237	97	54	3	1	95	1	96	7.24e-18	63.9
A89/196	A121/1-97	40.909	88	45	2	2	85	2	86	7.56e-18	63.9
A89/196	A105/1-97	38.372	86	51	2	2	85	2	87	7.99e-18	63.9
A89/196	A69/1-97	44.578	83	44	2	1	81	1	83	8.34e-18	63.9
A89/196	A41/1-98	36.082	97	57	2	2	96	5	98	1.04e-17	63.5
A89/196	A66/1-97	35.052	97	62	1	1	96	1	97	1.18e-17	63.5
A89/196	A151/1-99	36.364	88	53	1	1	85	1	88	1.22e-17	63.5
A89/196	A30/1-97	37.500	96	59	1	2	96	2	97	1.22e-17	63.5
A89/196	A157/1-97	39.286	84	45	3	2	81	2	83	1.33e-17	63.5
A89/196	A148/1-102	40.244	82	44	2	5	81	5	86	1.55e-17	63.2
A89/196	A88/1-97	40.594	101	41	2	2	92	2	93	1.69e-17	63.2
A89/196	A85/1-98	35.632	87	54	1	1	85	1	87	1.74e-17	63.2
A89/196	A13/1-103	34.951	103	60	1	1	96	1	103	1.78e-17	63.2
A89/196	A71/1-99	36.782	87	53	1	3	87	3	89	2.12e-17	62.8
A89/196	A136/1-98	35.632	87	54	1	1	85	1	87	3.00e-17	62.4
A89/196	A166/1-99	36.842	95	58	2	3	95	4	98	3.27e-17	62.4
A89/196	A5/1-98	37.755	98	57	2	2	96	2	98	3.31e-17	62.4
A89/196	A16/1-97	35.955	89	50	2	1	85	1	86	4.78e-17	62.0
A89/196	A19/1-97	36.047	86	53	2	2	85	2	87	5.51e-17	62.0
A89/196	A129/1-98	35.294	85	53	1	1	83	1	85	5.57e-17	62.0
A89/196	A48/1-98	34.483	87	55	1	1	85	1	87	6.91e-17	61.6
A89/196	A26/1-97	36.047	86	53	2	2	85	2	87	7.87e-17	61.6
A89/196	A125/1-98	31.959	97	64	1	2	96	2	98	8.13e-17	61.2
A89/196	A167/1-98	36.458	96	59	1	2	95	2	97	9.99e-17	61.2
A89/196	A80/1-97	40.476	84	48	2	2	83	2	85	1.35e-16	60.8
A89/196	A52/1-98	30.612	98	63	2	4	96	1	98	1.37e-16	60.8
A89/196	A51/1-96	33.333	96	62	2	2	96	2	96	2.00e-16	60.5
A89/196	A77/1-97	37.113	97	60	1	1	96	1	97	4.65e-16	59.3
A89/196	A2/1-97	31.959	97	65	1	1	96	1	97	5.30e-16	59.3
A89/196	A91/1-97	38.095	84	50	2	2	83	2	85	6.37e-16	58.9
A89/196	A9/1-95	36.145	83	52	1	14	96	14	95	6.51e-16	58.9
A89/196	A110/1-97	35.789	95	54	2	2	92	2	93	7.41e-16	58.9
A89/196	A47/1-96	41.176	85	47	2	2	85	5	87	7.65e-16	58.9
A89/196	A128/1-97	38.372	86	51	2	2	85	2	87	1.09e-15	58.5
A89/196	A37/1-96	33.333	93	62	0	2	94	2	94	1.12e-15	58.5
A89/196	A81/1-98	35.714	98	61	1	1	96	1	98	1.39e-15	58.2
A89/196	A103/1-98	32.990	97	63	1	2	96	2	98	1.51e-15	58.2
A89/196	A161/1-98	35.484	93	59	1	4	95	5	97	1.56e-15	58.2
A89/196	A102/1-97	38.372	86	51	2	2	85	2	87	1.82e-15	57.8
A89/196	A135/1-97	37.234	94	57	2	3	95	4	96	5.25e-15	56.6
A89/196	A40/1-96	34.737	95	60	2	2	95	2	95	5.91e-15	56.6
A89/196	A146/1-97	39.560	91	53	2	6	95	7	96	7.03e-15	56.6
A89/196	A10/1-98	31.959	97	63	2	2	96	2	97	1.07e-14	55.8
A89/196	A6/1-97	36.170	94	51	3	2	87	2	94	1.09e-14	55.8
A89/196	A23/1-98	34.940	83	52	2	1	81	1	83	1.67e-14	55.5
A89/196	A7/1-97	32.558	86	54	2	4	85	2	87	1.92e-14	55.5
A89/196	A132/1-97	32.292	96	64	1	2	96	2	97	2.11e-14	55.1
A89/196	A114/1-98	30.928	97	65	1	2	96	2	98	6.78e-14	53.9
A89/196	A99/1-97	34.091	88	51	3	2	85	2	86	1.14e-13	53.1
A89/196	A38/1-98	31.765	85	56	1	2	84	2	86	3.76e-13	52.0
A89/196	A92/1-98	30.928	97	65	1	2	96	2	98	4.62e-13	51.6
A89/196	A21/1-98	39.175	97	56	2	2	96	3	98	6.38e-13	51.2
A89/196	A12/1-98	32.558	86	55	2	2	84	2	87	6.64e-12	48.9
A89/196	A154/1-97	32.955	88	52	3	2	85	2	86	1.73e-11	47.8
A89/196	A139/1-97	32.258	93	57	3	6	95	7	96	8.07e-11	45.8
A91/197	A91/1-97	100.000	97	0	0	1	97	1	97	1.23e-71	200
A91/197	A102/1-97	72.165	97	27	0	1	97	1	97	7.04e-54	155
A91/197	A80/1-97	70.103	97	29	0	1	97	1	97	1.57e-49	144
A91/197	A113/1-96	59.794	97	38	1	1	97	1	96	2.49e-45	133
A91/197	A124/1-97	61.111	90	35	0	1	90	1	90	4.43e-39	117
A91/197	A58/1-97	50.515	97	48	0	1	97	1	97	1.29e-36	111
A91/197	A84/1-97	53.125	96	45	0	1	96	1	96	3.92e-35	107
A91/197	A69/1-97	52.083	96	46	0	2	97	2	97	2.52e-34	105
A91/197	A146/1-97	50.515	97	48	0	1	97	1	97	2.97e-34	105
A91/197	A135/1-97	51.042	96	47	0	2	97	2	97	3.23e-33	103
A91/197	A95/1-97	46.875	96	51	0	1	96	1	96	1.46e-32	101
A91/197	A128/1-97	48.958	96	49	0	1	96	1	96	4.60e-32	100
A91/197	A73/1-97	49.474	95	48	0	1	95	1	95	5.37e-32	100
A91/197	A26/1-97	48.958	96	49	0	1	96	1	96	2.04e-31	98.6
A91/197	A105/1-97	48.421	95	49	0	1	95	1	95	3.26e-31	98.2
A91/197	A33/1-97	45.833	96	52	0	2	97	2	97	3.99e-30	95.1
A91/197	A19/1-97	45.833	96	52	0	1	96	1	96	8.86e-30	94.4
A91/197	A157/1-97	46.237	93	50	0	1	93	1	93	3.44e-29	92.8
A91/197	A51/1-96	48.958	96	48	1	1	96	1	95	4.78e-28	90.1
A91/197	A47/1-96	46.316	95	51	0	2	96	2	96	4.25e-27	87.4
A91/197	A62/1-96	45.652	92	49	1	2	93	2	92	1.40e-26	86.3
A91/197	A117/1-97	43.158	95	54	0	1	95	1	95	5.18e-26	84.7
A91/197	A139/1-97	40.000	90	54	0	7	96	7	96	3.17e-25	82.8
A91/197	A161/1-98	38.889	90	55	0	2	91	2	91	7.10e-25	82.0
A91/197	A40/1-96	43.750	96	53	1	1	96	1	95	1.17e-24	81.3
A91/197	A77/1-97	41.573	89	51	1	2	90	2	89	3.69e-24	80.1
A91/197	A110/1-97	40.909	88	50	1	5	90	2	89	1.39e-23	78.6
A91/197	A143/1-97	43.158	95	52	2	2	95	2	95	1.41e-23	78.6
A91/197	A5/1-98	42.268	97	53	2	2	96	2	97	1.95e-22	75.9
A91/197	A55/1-97	41.463	82	47	1	2	83	2	82	4.76e-22	74.7
A91/197	A150/1-96	39.130	92	56	0	5	96	4	95	1.68e-21	73.6
A91/197	A66/1-97	45.000	80	41	1	7	83	3	82	1.92e-21	73.2
A91/197	A88/1-97	37.634	93	56	2	2	93	2	93	3.34e-21	72.8
A91/197	A44/1-97	45.000	80	41	1	7	83	3	82	1.44e-20	70.9
A91/197	A30/1-97	37.500	96	58	2	1	95	1	95	1.89e-20	70.9
A91/197	A12/1-98	36.735	98	59	2	1	96	1	97	2.64e-20	70.5
A91/197	A41/1-98	39.796	98	53	3	1	96	4	97	3.32e-20	70.1
A91/197	A86/1-99	41.176	85	47	2	1	83	1	84	3.91e-20	70.1
A91/197	A166/1-99	36.842	95	59	1	1	94	1	95	4.04e-20	69.7
A91/197	A132/1-97	41.333	75	44	0	9	83	8	82	8.45e-20	68.9
A91/197	A99/1-97	34.831	89	57	1	2	90	2	89	1.07e-19	68.9
A91/197	A118/1-98	35.106	94	59	2	2	94	2	94	8.46e-19	66.6
A91/197	A136/1-98	34.118	85	54	2	2	85	2	85	1.55e-18	65.9
A91/197	A126/1-99	39.024	82	48	2	3	83	3	83	4.97e-18	64.7
A91/197	A121/1-97	35.955	89	56	1	2	90	2	89	5.91e-18	64.3
A91/197	A37/1-96	36.458	96	58	3	1	95	1	94	1.85e-17	63.2
A91/197	A74/1-98	37.634	93	56	2	2	93	2	93	2.06e-17	62.8
A91/197	A154/1-97	36.709	79	50	0	5	83	4	82	2.32e-17	62.8
A91/197	A52/1-98	38.961	77	46	1	8	83	7	83	2.94e-17	62.4
A91/197	A125/1-98	35.417	96	59	3	2	95	2	96	3.14e-17	62.4
A91/197	A3/1-98	40.000	85	49	2	2	85	2	85	7.16e-17	61.6
A91/197	A70/1-98	36.458	96	58	3	2	95	2	96	9.38e-17	61.2
A91/197	A147/1-98	38.144	97	56	3	4	96	1	97	9.80e-17	61.2
A91/197	A140/1-99	39.286	84	48	3	2	83	2	84	1.30e-16	60.8
A91/197	A63/1-98	37.349	83	50	2	2	83	2	83	1.36e-16	60.8
A91/197	A152/1-99	37.363	91	54	2	2	90	2	91	2.28e-16	60.5
A91/197	A130/1-99	35.714	98	60	2	2	96	1	98	2.28e-16	60.5
A91/197	A20/1-102	38.202	89	49	2	14	96	13	101	2.60e-16	60.1
A91/197	A34/1-97	38.947	95	56	2	2	95	2	95	3.96e-16	59.7
A91/197	A78/1-96	37.113	97	58	3	1	96	1	95	4.00e-16	59.7
A91/197	A100/1-96	36.905	84	52	1	2	85	1	83	4.18e-16	59.7
A91/197	A75/1-99	37.647	85	50	2	1	83	1	84	4.51e-16	59.7
A91/197	A137/1-98	40.741	81	47	1	3	83	3	82	5.36e-16	59.3
A91/197	A96/1-98	38.824	85	46	3	2	83	2	83	5.85e-16	59.3
A91/197	A89/1-96	38.095	84	50	2	2	85	2	83	6.59e-16	58.9
A91/197	A23/1-98	37.234	94	58	1	2	94	2	95	6.88e-16	58.9
A91/197	A59/1-98	37.500	96	57	3	2	95	2	96	1.00e-15	58.5
A91/197	A122/1-96	36.047	86	51	3	1	85	1	83	1.67e-15	58.2
A91/197	A28/1-100	36.364	88	52	2	1	85	1	87	1.71e-15	58.2
A91/197	A151/1-99	36.458	96	58	2	2	95	2	96	1.80e-15	58.2
A91/197	A71/1-99	36.585	82	50	2	3	83	3	83	1.80e-15	58.2
A91/197	A115/1-99	36.709	79	48	2	3	80	3	80	1.99e-15	57.8
A91/197	A119/1-97	35.417	96	60	2	2	96	2	96	2.17e-15	57.8
A91/197	A167/1-98	35.789	95	58	3	1	93	1	94	2.21e-15	57.8
A91/197	A108/1-99	36.905	84	50	2	2	83	2	84	2.52e-15	57.8
A91/197	A60/1-99	39.024	82	48	2	3	83	3	83	2.52e-15	57.8
A91/197	A16/1-97	35.955	89	56	1	2	90	2	89	2.60e-15	57.8
A91/197	A92/1-98	30.952	84	56	2	1	83	1	83	2.63e-15	57.4
A91/197	A45/1-98	35.789	95	57	3	1	93	1	93	5.03e-15	57.0
A91/197	A158/1-98	37.113	97	58	3	2	96	2	97	6.52e-15	56.6
A91/197	A27/1-98	38.095	84	48	3	2	83	2	83	7.03e-15	56.6
A91/197	A141/1-98	34.831	89	56	2	2	89	2	89	9.52e-15	56.2
A91/197	A81/1-98	33.735	83	53	2	2	83	2	83	9.62e-15	56.2
A91/197	A162/1-99	38.372	86	51	2	13	96	13	98	9.94e-15	56.2
A91/197	A13/1-103	39.604	101	53	4	2	95	2	101	1.07e-14	55.8
A91/197	A9/1-95	34.667	75	48	1	21	95	20	93	1.29e-14	55.8
A91/197	A93/1-99	41.463	82	46	2	3	83	3	83	1.43e-14	55.8
A91/197	A53/1-99	37.209	86	51	2	2	85	2	86	1.58e-14	55.5
A91/197	A129/1-98	35.294	85	53	2	2	85	2	85	1.60e-14	55.5
A91/197	A67/1-95	29.474	95	65	2	2	96	2	94	3.09e-14	54.7
A91/197	A107/1-98	34.940	83	52	2	2	83	2	83	4.00e-14	54.7
A91/197	A155/1-98	38.824	85	47	3	5	85	2	85	5.02e-14	54.3
A91/197	A104/1-99	37.778	90	53	3	3	91	3	90	5.59e-14	54.3
A91/197	A82/1-99	39.024	82	48	2	3	83	3	83	5.96e-14	53.9
A91/197	A85/1-98	34.118	85	54	2	2	85	2	85	6.86e-14	53.9
A91/197	A31/1-95	35.789	95	59	2	2	96	2	94	1.32e-13	53.1
A91/197	A42/1-104	34.831	89	49	3	4	83	1	89	1.34e-13	53.1
A91/197	A163/1-98	33.721	86	55	2	1	85	1	85	1.77e-13	52.8
A91/197	A35/1-99	34.444	90	56	2	2	89	2	90	2.13e-13	52.8
A91/197	A97/1-99	32.584	89	57	2	1	87	1	88	2.42e-13	52.4
A91/197	A7/1-97	29.348	92	63	2	4	93	2	93	2.61e-13	52.4
A91/197	A144/1-96	34.483	87	51	3	1	85	1	83	4.33e-13	52.0
A91/197	A2/1-97	29.213	89	62	1	9	96	8	96	4.82e-13	51.6
A91/197	A24/1-98	32.941	85	55	2	2	85	2	85	4.93e-13	51.6
A91/197	A14/1-100	35.632	87	52	2	2	85	2	87	7.41e-13	51.2
A91/197	A64/1-99	34.524	84	52	2	2	83	2	84	7.58e-13	51.2
A91/197	A103/1-98	29.762	84	57	2	1	83	1	83	8.08e-13	51.2
A91/197	A133/1-95	30.337	89	59	2	9	96	8	94	1.31e-12	50.4
A91/197	A6/1-97	34.021	97	60	4	2	96	2	96	1.46e-12	50.4
A91/197	A48/1-98	30.588	85	57	2	2	85	2	85	3.68e-12	49.3
A91/197	A114/1-98	27.711	83	58	2	2	83	2	83	8.14e-12	48.5
A91/197	A111/1-96	32.143	84	56	1	2	85	1	83	2.46e-11	47.4
A91/197	A21/1-98	39.024	82	48	2	4	83	2	83	2.69e-10	44.7
A91/197	A148/1-102	30.588	85	54	3	3	83	3	86	2.90e-10	44.7
A91/197	A10/1-98	31.765	85	55	2	4	85	1	85	4.17e-10	44.3
A91/197	A159/1-98	28.916	83	57	2	2	83	2	83	5.16e-10	43.9
A91/197	A17/1-103	33.333	90	53	3	2	85	2	90	7.74e-10	43.5
A91/197	A56/1-93	33.333	81	49	3	7	84	3	81	1.87e-08	39.7
A91/197	A38/1-98	25.316	79	58	1	19	96	18	96	9.83e-08	38.1
A91/197	A49/1-100	28.421	95	63	3	3	93	3	96	1.10e-07	37.7
A92/198	A92/1-98	100.000	98	0	0	1	98	1	98	6.84e-74	206
A92/198	A103/1-98	72.449	98	27	0	1	98	1	98	2.23e-56	161
A92/198	A81/1-98	73.196	97	26	0	2	98	2	98	1.28e-52	152
A92/198	A114/1-98	60.825	97	38	0	2	98	2	98	1.89e-43	129
A92/198	A70/1-98	58.763	97	40	0	2	98	2	98	3.49e-43	128
A92/198	A125/1-98	57.732	97	41	0	2	98	2	98	1.50e-41	124
A92/198	A107/1-98	48.454	97	50	0	2	98	2	98	1.12e-32	101
A92/198	A136/1-98	48.421	95	49	0	2	96	2	96	1.15e-32	101
A92/198	A59/1-98	51.546	97	47	0	2	98	2	98	1.69e-32	101
A92/198	A48/1-98	44.792	96	53	0	2	97	2	97	1.69e-30	96.3
A92/198	A63/1-98	41.237	97	57	0	2	98	2	98	9.61e-30	94.4
A92/198	A118/1-98	43.299	97	55	0	2	98	2	98	1.17e-29	94.0
A92/198	A52/1-98	46.939	98	49	1	4	98	1	98	2.78e-29	93.2
A92/198	A147/1-98	45.361	97	53	0	2	98	2	98	8.74e-29	92.0
A92/198	A34/1-97	45.055	91	49	1	2	92	2	91	2.01e-28	90.9
A92/198	A96/1-98	46.392	97	52	0	2	98	2	98	2.31e-28	90.9
A92/198	A129/1-98	45.361	97	53	0	2	98	2	98	3.32e-28	90.5
A92/198	A74/1-98	44.330	97	54	0	2	98	2	98	6.82e-28	89.7
A92/198	A13/1-103	41.176	102	55	1	2	98	2	103	2.82e-27	88.2
A92/198	A41/1-98	43.878	98	55	0	1	98	1	98	2.98e-27	88.2
A92/198	A20/1-102	43.564	101	53	1	2	98	2	102	8.31e-27	87.0
A92/198	A158/1-98	44.330	97	54	0	2	98	2	98	3.32e-26	85.5
A92/198	A167/1-98	43.478	92	52	0	1	92	1	92	1.18e-25	84.0
A92/198	A6/1-97	41.237	97	56	1	2	98	2	97	1.93e-25	83.6
A92/198	A27/1-98	41.837	98	55	2	2	98	2	98	3.40e-25	82.8
A92/198	A85/1-98	38.889	90	55	0	2	91	2	91	1.13e-24	81.6
A92/198	A151/1-99	36.735	98	61	1	2	98	2	99	1.42e-23	78.6
A92/198	A140/1-99	43.878	98	54	1	2	98	2	99	2.14e-23	78.2
A92/198	A163/1-98	39.560	91	55	0	1	91	1	91	8.74e-23	76.6
A92/198	A35/1-99	36.735	98	61	1	2	98	2	99	2.74e-22	75.5
A92/198	A82/1-99	40.625	96	56	1	4	98	4	99	1.39e-21	73.6
A92/198	A55/1-97	42.857	84	47	1	2	85	2	84	3.82e-21	72.4
A92/198	A137/1-98	33.333	96	62	2	4	98	4	98	4.80e-21	72.4
A92/198	A162/1-99	39.535	86	52	0	13	98	14	99	9.85e-21	71.6
A92/198	A69/1-97	39.583	96	55	3	2	96	2	95	2.18e-20	70.5
A92/198	A93/1-99	36.458	96	60	1	4	98	4	99	2.71e-20	70.5
A92/198	A148/1-102	38.776	98	56	2	5	98	5	102	2.77e-20	70.5
A92/198	A23/1-98	37.755	98	59	2	2	98	2	98	3.19e-20	70.1
A92/198	A126/1-99	41.250	80	47	0	4	83	4	83	1.23e-19	68.6
A92/198	A53/1-99	34.694	98	63	1	2	98	2	99	1.35e-19	68.6
A92/198	A121/1-97	38.462	91	55	1	2	92	2	91	1.46e-19	68.6
A92/198	A104/1-99	36.458	96	60	1	4	98	4	99	1.74e-19	68.2
A92/198	A108/1-99	37.755	98	60	1	2	98	2	99	1.87e-19	68.2
A92/198	A115/1-99	36.458	96	60	1	4	98	4	99	2.26e-19	68.2
A92/198	A152/1-99	34.444	90	58	1	2	90	2	91	3.56e-19	67.4
A92/198	A60/1-99	33.333	96	63	1	4	98	4	99	1.31e-18	66.2
A92/198	A30/1-97	40.000	85	50	1	1	85	1	84	2.33e-18	65.5
A92/198	A3/1-98	32.653	98	63	1	4	98	1	98	2.74e-18	65.1
A92/198	A26/1-97	39.286	84	49	2	2	84	2	84	4.42e-18	64.7
A92/198	A124/1-97	38.095	84	50	2	2	84	2	84	4.47e-18	64.7
A92/198	A33/1-97	40.000	85	49	2	2	85	2	85	1.12e-17	63.5
A92/198	A10/1-98	37.500	88	52	1	4	88	1	88	1.37e-17	63.5
A92/198	A84/1-97	35.714	98	60	3	2	98	2	97	1.81e-17	63.2
A92/198	A66/1-97	36.264	91	57	1	2	92	2	91	1.89e-17	63.2
A92/198	A58/1-97	36.735	98	59	3	1	97	1	96	2.92e-17	62.8
A92/198	A113/1-96	38.889	90	54	1	2	91	2	90	3.54e-17	62.4
A92/198	A77/1-97	34.021	97	63	1	2	98	2	97	3.74e-17	62.4
A92/198	A146/1-97	37.209	86	52	2	2	86	2	86	4.22e-17	62.4
A92/198	A141/1-98	36.364	88	56	0	2	89	2	89	6.94e-17	61.6
A92/198	A62/1-96	38.824	85	51	1	2	86	2	85	7.41e-17	61.6
A92/198	A119/1-97	31.959	97	65	1	2	98	2	97	9.92e-17	61.2
A92/198	A130/1-99	35.714	98	62	1	2	98	2	99	1.62e-16	60.8
A92/198	A42/1-104	34.021	97	58	2	2	92	2	98	1.82e-16	60.5
A92/198	A99/1-97	38.095	84	51	1	2	85	2	84	1.90e-16	60.5
A92/198	A5/1-98	38.384	99	57	3	2	98	2	98	2.46e-16	60.1
A92/198	A73/1-97	36.047	86	53	2	2	86	2	86	3.16e-16	60.1
A92/198	A80/1-97	35.714	84	52	2	1	83	1	83	3.23e-16	60.1
A92/198	A14/1-100	34.783	92	58	1	2	91	2	93	3.48e-16	59.7
A92/198	A157/1-97	37.500	96	56	3	1	93	1	95	3.80e-16	59.7
A92/198	A88/1-97	36.264	91	57	1	2	92	2	91	3.84e-16	59.7
A92/198	A159/1-98	35.227	88	57	0	2	89	2	89	4.01e-16	59.7
A92/198	A17/1-103	35.294	102	61	1	2	98	2	103	5.92e-16	59.3
A92/198	A71/1-99	31.250	96	65	1	4	98	4	99	5.99e-16	59.3
A92/198	A31/1-95	35.714	84	52	1	2	85	2	83	5.99e-16	59.3
A92/198	A144/1-96	37.349	83	50	1	1	83	1	81	7.27e-16	58.9
A92/198	A102/1-97	35.714	84	52	2	1	83	1	83	8.84e-16	58.9
A92/198	A51/1-96	34.118	85	55	1	1	85	1	84	1.04e-15	58.5
A92/198	A19/1-97	34.694	98	61	3	2	98	2	97	1.29e-15	58.5
A92/198	A95/1-97	34.884	86	54	2	2	86	2	86	1.38e-15	58.2
A92/198	A154/1-97	35.165	91	58	1	2	92	2	91	1.57e-15	58.2
A92/198	A161/1-98	35.526	76	48	1	17	92	18	92	1.84e-15	58.2
A92/198	A7/1-97	29.474	95	66	1	2	96	3	96	1.93e-15	57.8
A92/198	A16/1-97	34.021	97	63	1	2	98	2	97	1.95e-15	57.8
A92/198	A132/1-97	32.500	80	53	1	13	92	13	91	2.34e-15	57.8
A92/198	A91/1-97	30.952	84	56	2	1	83	1	83	2.72e-15	57.4
A92/198	A56/1-93	40.816	98	51	4	2	98	2	93	2.72e-15	57.4
A92/198	A135/1-97	36.047	86	53	2	2	86	2	86	3.84e-15	57.0
A92/198	A97/1-99	34.831	89	57	1	1	88	1	89	4.01e-15	57.0
A92/198	A122/1-96	36.905	84	51	1	1	84	1	82	4.93e-15	57.0
A92/198	A105/1-97	33.721	86	55	2	2	86	2	86	6.46e-15	56.6
A92/198	A86/1-99	34.483	87	56	1	1	86	1	87	7.43e-15	56.6
A92/198	A38/1-98	32.990	97	65	0	2	98	2	98	7.59e-15	56.6
A92/198	A143/1-97	31.959	97	65	1	2	98	2	97	1.13e-14	55.8
A92/198	A75/1-99	33.708	89	58	1	1	88	1	89	1.39e-14	55.8
A92/198	A110/1-97	29.670	91	63	1	2	92	2	91	1.63e-14	55.5
A92/198	A45/1-98	31.000	100	65	2	1	98	1	98	2.63e-14	55.1
A92/198	A64/1-99	34.091	88	57	1	2	88	2	89	4.18e-14	54.7
A92/198	A28/1-100	30.000	100	68	1	1	98	1	100	5.02e-14	54.3
A92/198	A49/1-100	30.769	91	61	1	4	92	4	94	5.13e-14	54.3
A92/198	A78/1-96	29.897	97	66	1	2	98	2	96	5.59e-14	54.3
A92/198	A67/1-95	34.146	82	52	1	2	83	2	81	8.98e-14	53.5
A92/198	A21/1-98	36.082	97	60	1	4	98	2	98	1.08e-13	53.5
A92/198	A37/1-96	35.714	84	52	1	2	85	2	83	1.09e-13	53.5
A92/198	A128/1-97	28.283	99	68	3	1	98	1	97	1.40e-13	53.1
A92/198	A24/1-98	32.558	86	58	0	13	98	13	98	1.85e-13	52.8
A92/198	A44/1-97	34.021	97	63	1	2	98	2	97	2.13e-13	52.8
A92/198	A47/1-96	33.721	86	55	2	2	86	2	86	3.72e-13	52.0
A92/198	A89/1-96	30.928	97	65	1	2	98	2	96	4.93e-13	51.6
A92/198	A139/1-97	32.895	76	50	1	11	86	12	86	8.43e-13	51.2
A92/198	A40/1-96	31.111	90	61	1	1	90	1	89	9.39e-13	51.2
A92/198	A100/1-96	34.177	79	50	1	2	80	2	78	9.80e-13	50.8
A92/198	A111/1-96	28.866	97	67	1	2	98	2	96	3.96e-12	49.3
A92/198	A117/1-97	31.034	87	58	2	1	86	1	86	6.35e-12	48.9
A92/198	A12/1-98	28.125	96	66	2	2	95	2	96	1.84e-11	47.8
A92/198	A9/1-95	30.952	84	56	1	2	85	2	83	2.53e-11	47.4
A92/198	A166/1-99	33.333	81	54	0	4	84	5	85	9.34e-11	45.8
A92/198	A155/1-98	26.804	97	71	0	2	98	2	98	1.01e-10	45.8
A92/198	A2/1-97	31.959	97	65	1	2	98	2	97	2.96e-10	44.7
A92/198	A150/1-96	29.897	97	66	2	2	98	2	96	3.28e-09	42.0
A92/198	A133/1-95	33.784	74	41	3	14	84	14	82	8.35e-09	40.8
A93/199	A93/1-99	100.000	99	0	0	1	99	1	99	9.91e-74	205
A93/199	A104/1-99	77.778	99	22	0	1	99	1	99	6.56e-60	170
A93/199	A82/1-99	73.737	99	26	0	1	99	1	99	3.41e-57	163
A93/199	A115/1-99	63.636	99	36	0	1	99	1	99	6.64e-50	145
A93/199	A71/1-99	64.646	99	35	0	1	99	1	99	5.89e-48	140
A93/199	A126/1-99	60.204	98	39	0	2	99	2	99	1.45e-45	134
A93/199	A60/1-99	61.616	99	38	0	1	99	1	99	4.82e-42	125
A93/199	A148/1-102	51.961	102	46	1	1	99	1	102	2.50e-37	113
A93/199	A137/1-98	54.545	99	44	1	1	99	1	98	1.02e-35	109
A93/199	A34/1-97	46.392	97	50	2	1	97	1	95	1.74e-25	83.6
A93/199	A74/1-98	46.067	89	47	1	1	89	1	88	2.80e-25	83.2
A93/199	A140/1-99	51.220	82	39	1	3	83	3	84	3.38e-25	82.8
A93/199	A96/1-98	46.067	89	47	1	4	92	4	91	4.20e-25	82.8
A93/199	A49/1-100	40.816	98	55	2	1	96	1	97	8.35e-25	82.0
A93/199	A107/1-98	44.444	90	49	1	1	90	1	89	9.52e-25	81.6
A93/199	A63/1-98	45.455	99	53	1	1	99	1	98	3.80e-24	80.1
A93/199	A129/1-98	43.820	89	48	1	4	90	4	92	1.36e-23	79.0
A93/199	A28/1-100	43.878	98	52	2	4	99	4	100	4.00e-23	77.4
A93/199	A28/1-100	58.333	12	5	0	3	14	88	99	0.38	20.0
A93/199	A147/1-98	39.394	99	59	1	1	99	1	98	5.20e-23	77.4
A93/199	A86/1-99	41.237	97	55	2	4	99	4	99	9.57e-23	76.6
A93/199	A163/1-98	41.489	94	54	1	5	98	5	97	1.08e-22	76.6
A93/199	A114/1-98	41.414	99	57	1	1	99	1	98	1.43e-22	76.3
A93/199	A85/1-98	43.678	87	48	1	3	89	3	88	1.74e-22	75.9
A93/199	A70/1-98	44.792	96	52	1	4	99	4	98	1.82e-22	75.9
A93/199	A151/1-99	40.206	97	56	2	4	99	4	99	2.55e-22	75.5
A93/199	A158/1-98	43.878	98	51	2	5	99	2	98	3.28e-22	75.1
A93/199	A81/1-98	39.583	96	57	1	4	99	4	98	3.61e-22	75.1
A93/199	A24/1-98	42.857	98	52	2	5	99	2	98	3.82e-22	75.1
A93/199	A162/1-99	36.782	87	54	1	13	99	14	99	4.59e-22	74.7
A93/199	A118/1-98	40.625	96	56	1	4	99	4	98	5.52e-22	74.7
A93/199	A119/1-97	43.750	96	52	2	4	99	4	97	7.66e-22	74.3
A93/199	A17/1-103	45.192	104	51	3	1	99	1	103	7.83e-22	74.3
A93/199	A41/1-98	40.000	95	56	1	5	99	5	98	9.84e-22	73.9
A93/199	A53/1-99	42.857	91	50	2	1	90	1	90	1.36e-21	73.6
A93/199	A103/1-98	38.542	96	58	1	4	99	4	98	1.95e-21	73.2
A93/199	A78/1-96	42.708	96	52	2	4	99	4	96	2.08e-21	73.2
A93/199	A125/1-98	41.667	96	55	1	4	99	4	98	2.11e-21	73.2
A93/199	A52/1-98	40.816	98	54	2	2	99	5	98	4.56e-21	72.4
A93/199	A3/1-98	43.434	99	55	1	1	99	1	98	5.43e-21	72.0
A93/199	A42/1-104	40.952	105	52	4	4	99	1	104	6.53e-21	72.0
A93/199	A155/1-98	36.842	95	59	1	5	99	5	98	9.36e-21	71.6
A93/199	A130/1-99	42.000	100	53	3	4	99	1	99	1.90e-20	70.9
A93/199	A136/1-98	41.379	87	50	1	4	90	4	89	2.28e-20	70.5
A93/199	A92/1-98	36.458	96	60	1	4	99	4	98	2.81e-20	70.5
A93/199	A59/1-98	41.237	97	56	1	3	99	3	98	2.81e-20	70.5
A93/199	A141/1-98	38.384	99	57	2	4	99	1	98	6.55e-20	69.3
A93/199	A75/1-99	38.144	97	58	2	4	99	4	99	1.06e-19	68.9
A93/199	A108/1-99	34.000	100	64	2	1	99	1	99	1.98e-19	68.2
A93/199	A20/1-102	40.594	101	51	3	5	99	5	102	2.90e-19	67.8
A93/199	A152/1-99	38.710	93	55	2	4	95	4	95	4.02e-19	67.4
A93/199	A66/1-97	37.374	99	54	3	7	99	1	97	5.75e-19	67.0
A93/199	A111/1-96	41.414	99	55	2	1	99	1	96	8.89e-19	66.6
A93/199	A89/1-96	40.625	96	54	2	4	99	4	96	1.37e-18	65.9
A93/199	A45/1-98	38.384	99	56	3	3	99	3	98	1.40e-18	65.9
A93/199	A144/1-96	38.542	96	56	2	4	99	4	96	3.56e-18	65.1
A93/199	A9/1-95	39.560	91	51	2	9	99	9	95	5.50e-18	64.3
A93/199	A122/1-96	35.714	98	57	3	5	99	2	96	5.94e-18	64.3
A93/199	A97/1-99	41.975	81	46	1	4	83	4	84	8.96e-18	63.9
A93/199	A161/1-98	38.776	98	58	2	1	98	2	97	1.38e-17	63.5
A93/199	A64/1-99	39.286	84	50	1	1	83	1	84	1.54e-17	63.5
A93/199	A48/1-98	39.535	86	51	1	13	98	13	97	1.79e-17	63.2
A93/199	A133/1-95	42.353	85	45	3	15	99	15	95	1.94e-17	63.2
A93/199	A167/1-98	35.789	95	60	1	5	99	5	98	1.98e-17	63.2
A93/199	A13/1-103	36.634	101	58	2	4	99	4	103	2.13e-17	63.2
A93/199	A110/1-97	40.909	88	48	3	13	99	13	97	3.83e-17	62.4
A93/199	A14/1-100	40.594	101	57	2	1	99	1	100	4.36e-17	62.4
A93/199	A31/1-95	39.394	99	53	4	4	99	1	95	5.60e-17	62.0
A93/199	A27/1-98	39.796	98	56	3	3	99	3	98	1.92e-16	60.5
A93/199	A30/1-97	37.500	80	49	1	4	83	4	82	2.90e-16	60.1
A93/199	A132/1-97	37.931	87	52	2	13	99	13	97	4.62e-16	59.7
A93/199	A67/1-95	35.417	96	58	3	4	99	4	95	1.33e-15	58.5
A93/199	A47/1-96	42.045	88	45	3	5	88	2	87	1.39e-15	58.5
A93/199	A159/1-98	34.940	83	51	1	4	83	1	83	1.79e-15	58.2
A93/199	A19/1-97	39.080	87	50	3	13	99	14	97	2.37e-15	57.8
A93/199	A100/1-96	36.364	99	60	2	1	99	1	96	2.94e-15	57.4
A93/199	A77/1-97	36.735	98	57	3	5	99	2	97	3.49e-15	57.4
A93/199	A58/1-97	45.455	66	35	1	18	83	19	83	4.43e-15	57.0
A93/199	A35/1-99	36.000	100	62	2	1	99	1	99	4.53e-15	57.0
A93/199	A10/1-98	42.857	91	44	4	4	89	1	88	4.88e-15	57.0
A93/199	A113/1-96	38.889	90	51	2	5	91	2	90	5.04e-15	57.0
A93/199	A6/1-97	39.604	101	52	5	4	99	1	97	5.38e-15	57.0
A93/199	A124/1-97	40.449	89	50	3	4	91	4	90	6.75e-15	56.6
A93/199	A38/1-98	36.585	82	49	1	5	83	2	83	9.03e-15	56.2
A93/199	A91/1-97	41.463	82	46	2	3	83	3	83	1.53e-14	55.8
A93/199	A51/1-96	37.805	82	47	2	5	83	2	82	1.90e-14	55.5
A93/199	A7/1-97	33.673	98	61	2	4	99	2	97	2.10e-14	55.5
A93/199	A154/1-97	34.483	87	55	2	13	99	13	97	2.87e-14	55.1
A93/199	A21/1-98	40.816	98	55	2	4	99	2	98	3.19e-14	54.7
A93/199	A143/1-97	37.755	98	56	3	5	99	2	97	3.23e-14	54.7
A93/199	A55/1-97	35.417	96	57	3	5	97	2	95	4.46e-14	54.3
A93/199	A80/1-97	43.662	71	39	1	13	83	14	83	5.02e-14	54.3
A93/199	A16/1-97	36.735	98	57	3	5	99	2	97	5.02e-14	54.3
A93/199	A105/1-97	37.374	99	55	4	5	99	2	97	7.48e-14	53.9
A93/199	A135/1-97	38.202	89	49	4	4	88	1	87	1.56e-13	53.1
A93/199	A102/1-97	37.349	83	50	2	13	95	14	94	2.06e-13	52.8
A93/199	A5/1-98	33.708	89	54	3	13	99	13	98	2.06e-13	52.8
A93/199	A88/1-97	33.696	92	59	2	4	95	4	93	2.15e-13	52.8
A93/199	A95/1-97	34.343	99	58	5	5	99	2	97	2.91e-13	52.4
A93/199	A157/1-97	40.909	66	38	1	18	83	19	83	3.07e-13	52.4
A93/199	A44/1-97	36.782	87	53	2	13	99	13	97	4.01e-13	52.0
A93/199	A84/1-97	37.374	99	55	5	5	99	2	97	5.03e-13	51.6
A93/199	A26/1-97	39.326	89	47	4	13	99	14	97	8.08e-13	51.2
A93/199	A23/1-98	39.506	81	47	2	4	83	4	83	8.90e-13	51.2
A93/199	A146/1-97	39.080	87	50	3	13	99	14	97	9.80e-13	51.2
A93/199	A99/1-97	30.612	98	63	3	5	99	2	97	9.80e-13	51.2
A93/199	A166/1-99	33.696	92	57	2	10	98	8	98	2.93e-12	49.7
A93/199	A128/1-97	40.449	89	50	3	4	91	4	90	4.55e-12	49.3
A93/199	A62/1-96	37.500	80	49	1	4	83	4	82	7.78e-12	48.5
A93/199	A69/1-97	36.111	72	45	1	13	84	14	84	1.98e-11	47.8
A93/199	A56/1-93	32.323	99	55	5	7	99	1	93	3.68e-11	47.0
A93/199	A33/1-97	37.500	96	56	4	4	98	4	96	3.96e-11	47.0
A93/199	A12/1-98	33.333	81	53	1	4	83	4	84	7.86e-11	46.2
A93/199	A73/1-97	35.165	91	53	4	5	91	2	90	9.03e-11	45.8
A93/199	A139/1-97	37.349	83	47	4	17	98	18	96	1.73e-10	45.1
A93/199	A150/1-96	33.696	92	48	4	13	99	13	96	3.39e-10	44.3
A93/199	A40/1-96	36.047	86	52	2	13	98	13	95	1.12e-09	43.1
A93/199	A121/1-97	31.707	82	52	2	5	83	2	82	1.43e-09	42.7
A93/199	A37/1-96	30.556	72	48	1	13	84	13	82	8.06e-09	40.8
A93/199	A117/1-97	32.222	90	58	3	4	92	4	91	2.53e-08	39.7
A93/199	A2/1-97	26.437	87	62	2	13	99	13	97	3.30e-07	36.6
A95/197	A95/1-97	100.000	97	0	0	1	97	1	97	1.41e-70	197
A95/197	A84/1-97	77.320	97	22	0	1	97	1	97	3.60e-55	158
A95/197	A73/1-97	76.289	97	23	0	1	97	1	97	3.56e-54	155
A95/197	A105/1-97	72.165	97	27	0	1	97	1	97	6.52e-54	155
A95/197	A117/1-97	62.366	93	35	0	1	93	1	93	4.04e-46	135
A95/197	A128/1-97	54.639	97	44	0	1	97	1	97	2.90e-41	123
A95/197	A62/1-96	58.511	94	38	1	2	95	2	94	3.85e-40	120
A95/197	A19/1-97	53.608	97	45	0	1	97	1	97	3.59e-38	115
A95/197	A150/1-96	55.208	96	42	1	2	97	2	96	3.00e-37	113
A95/197	A139/1-97	50.526	95	47	0	2	96	2	96	1.42e-35	108
A95/197	A51/1-96	50.515	97	47	1	1	97	1	96	3.61e-34	105
A95/197	A58/1-97	46.392	97	52	0	1	97	1	97	6.94e-33	102
A95/197	A91/1-97	46.875	96	51	0	1	96	1	96	1.46e-32	101
A95/197	A146/1-97	45.361	97	53	0	1	97	1	97	6.90e-32	99.8
A95/197	A124/1-97	46.875	96	51	0	1	96	1	96	1.45e-31	99.0
A95/197	A40/1-96	44.792	96	52	1	1	96	1	95	1.69e-31	98.6
A95/197	A26/1-97	46.392	97	52	0	1	97	1	97	1.75e-31	98.6
A95/197	A33/1-97	46.875	96	51	0	2	97	2	97	3.19e-31	98.2
A95/197	A47/1-96	44.944	89	49	0	2	90	2	90	4.89e-31	97.4
A95/197	A80/1-97	44.792	96	53	0	1	96	1	96	1.92e-30	96.3
A95/197	A102/1-97	43.750	96	54	0	1	96	1	96	3.69e-30	95.5
A95/197	A143/1-97	52.273	88	41	1	2	89	2	88	5.54e-30	94.7
A95/197	A157/1-97	43.333	90	51	0	1	90	1	90	1.03e-29	94.4
A95/197	A44/1-97	47.423	97	49	2	2	97	2	97	1.46e-29	94.0
A95/197	A77/1-97	50.000	90	44	1	2	91	2	90	4.23e-29	92.8
A95/197	A113/1-96	41.667	96	55	1	1	96	1	95	3.12e-28	90.5
A95/197	A69/1-97	44.086	93	52	0	2	94	2	94	1.10e-27	89.0
A95/197	A88/1-97	45.556	90	48	1	2	91	2	90	6.16e-27	87.0
A95/197	A37/1-96	43.878	98	52	3	1	97	1	96	1.54e-26	86.3
A95/197	A12/1-98	40.404	99	56	2	1	97	1	98	2.75e-26	85.5
A95/197	A55/1-97	43.820	89	49	1	2	90	2	89	6.58e-26	84.7
A95/197	A99/1-97	43.820	89	49	1	2	90	2	89	2.09e-25	83.2
A95/197	A135/1-97	38.542	96	59	0	2	97	2	97	3.35e-25	82.8
A95/197	A23/1-98	43.617	94	53	0	2	95	2	95	4.64e-25	82.4
A95/197	A66/1-97	45.977	87	44	1	7	90	3	89	5.53e-25	82.4
A95/197	A110/1-97	40.909	88	50	1	5	90	2	89	5.71e-25	82.0
A95/197	A161/1-98	40.449	89	53	0	2	90	2	90	6.36e-24	79.7
A95/197	A52/1-98	41.758	91	51	2	2	91	2	91	2.80e-23	77.8
A95/197	A30/1-97	40.000	90	53	1	1	90	1	89	4.24e-23	77.4
A95/197	A63/1-98	44.898	98	51	3	2	97	2	98	5.10e-23	77.4
A95/197	A107/1-98	42.697	89	49	2	2	89	2	89	8.70e-23	76.6
A95/197	A132/1-97	41.463	82	48	0	9	90	8	89	1.00e-22	76.6
A95/197	A16/1-97	39.326	89	53	1	2	90	2	89	4.27e-22	74.7
A95/197	A86/1-99	45.455	88	45	2	1	86	1	87	5.48e-22	74.7
A95/197	A151/1-99	43.158	95	51	2	2	94	2	95	6.32e-22	74.3
A95/197	A121/1-97	43.820	89	49	1	2	90	2	89	7.94e-22	74.3
A95/197	A41/1-98	42.424	99	51	3	1	97	4	98	8.48e-22	74.3
A95/197	A5/1-98	42.424	99	52	3	2	97	2	98	1.65e-21	73.6
A95/197	A166/1-99	35.417	96	61	1	1	95	1	96	1.68e-21	73.6
A95/197	A118/1-98	41.489	94	53	2	2	94	2	94	3.06e-21	72.8
A95/197	A129/1-98	44.565	92	46	3	2	89	2	92	3.77e-21	72.4
A95/197	A96/1-98	42.529	87	48	2	2	87	2	87	5.00e-21	72.0
A95/197	A2/1-97	41.237	97	55	2	2	97	2	97	6.21e-21	72.0
A95/197	A108/1-99	44.318	88	46	2	2	87	2	88	2.10e-20	70.5
A95/197	A154/1-97	35.106	94	60	1	2	95	2	94	2.29e-20	70.5
A95/197	A9/1-95	41.463	82	46	2	14	94	12	92	2.73e-20	70.5
A95/197	A74/1-98	38.710	93	55	2	2	93	2	93	4.13e-20	69.7
A95/197	A140/1-99	45.349	86	41	3	2	85	5	86	6.66e-20	69.3
A95/197	A122/1-96	42.268	97	53	3	1	96	1	95	7.75e-20	69.3
A95/197	A130/1-99	41.414	99	54	3	2	97	2	99	3.05e-19	67.8
A95/197	A136/1-98	41.379	87	49	2	2	87	2	87	3.36e-19	67.4
A95/197	A13/1-103	40.426	94	49	2	2	89	2	94	3.47e-19	67.4
A95/197	A27/1-98	39.394	99	55	4	2	97	2	98	4.71e-19	67.0
A95/197	A78/1-96	38.776	98	57	3	1	97	1	96	7.68e-19	66.6
A95/197	A67/1-95	38.947	95	56	2	2	96	2	94	7.68e-19	66.6
A95/197	A35/1-99	41.304	92	51	2	2	91	2	92	8.19e-19	66.6
A95/197	A158/1-98	41.379	87	49	2	2	87	2	87	1.52e-18	65.9
A95/197	A167/1-98	38.384	99	58	3	1	97	1	98	2.00e-18	65.5
A95/197	A70/1-98	41.053	95	53	3	2	94	2	95	2.70e-18	65.1
A95/197	A59/1-98	41.573	89	50	2	8	94	7	95	6.04e-18	64.3
A95/197	A89/1-96	38.144	97	57	3	2	97	2	96	7.03e-18	64.3
A95/197	A85/1-98	39.080	87	51	2	2	87	2	87	8.64e-18	63.9
A95/197	A100/1-96	40.206	97	55	3	2	97	2	96	1.39e-17	63.5
A95/197	A3/1-98	39.130	92	53	2	4	92	1	92	5.64e-17	62.0
A95/197	A64/1-99	39.560	91	46	3	2	87	2	88	8.33e-17	61.2
A95/197	A115/1-99	37.374	99	59	3	2	97	1	99	8.42e-17	61.2
A95/197	A152/1-99	38.462	91	53	2	2	90	2	91	9.48e-17	61.2
A95/197	A34/1-97	37.778	90	55	1	2	91	2	90	1.76e-16	60.5
A95/197	A21/1-98	44.898	98	50	3	2	97	3	98	1.78e-16	60.5
A95/197	A45/1-98	41.111	90	51	2	2	90	2	90	2.11e-16	60.5
A95/197	A20/1-102	35.294	102	59	3	2	97	2	102	2.14e-16	60.5
A95/197	A147/1-98	39.394	99	54	4	4	97	1	98	5.19e-16	59.3
A95/197	A159/1-98	37.079	89	54	2	2	89	2	89	5.42e-16	59.3
A95/197	A97/1-99	35.227	88	54	2	1	86	1	87	6.38e-16	59.3
A95/197	A28/1-100	35.644	101	60	3	1	97	1	100	6.73e-16	58.9
A95/197	A75/1-99	37.079	89	53	2	1	87	1	88	7.03e-16	58.9
A95/197	A17/1-103	35.922	103	57	4	4	97	1	103	7.34e-16	58.9
A95/197	A137/1-98	36.842	95	59	1	2	95	1	95	9.02e-16	58.9
A95/197	A82/1-99	38.462	91	50	3	2	90	5	91	9.11e-16	58.9
A95/197	A111/1-96	35.106	94	59	2	5	97	4	96	9.42e-16	58.5
A95/197	A14/1-100	39.130	92	52	2	2	90	2	92	1.02e-15	58.5
A95/197	A125/1-98	38.947	95	55	3	2	94	2	95	1.10e-15	58.5
A95/197	A92/1-98	34.884	86	54	2	2	86	2	86	1.33e-15	58.2
A95/197	A103/1-98	34.091	88	56	2	1	87	1	87	1.41e-15	58.2
A95/197	A162/1-99	39.326	89	52	2	11	97	11	99	1.60e-15	58.2
A95/197	A53/1-99	36.667	90	54	2	2	89	2	90	2.17e-15	57.8
A95/197	A141/1-98	39.326	89	52	2	2	89	2	89	2.47e-15	57.8
A95/197	A81/1-98	36.782	87	53	2	2	87	2	87	2.66e-15	57.4
A95/197	A148/1-102	40.230	87	44	3	2	84	5	87	5.25e-15	56.6
A95/197	A42/1-104	36.842	95	52	3	2	89	2	95	7.34e-15	56.6
A95/197	A119/1-97	31.111	90	61	1	2	91	2	90	8.36e-15	56.2
A95/197	A163/1-98	31.522	92	61	2	1	91	1	91	1.14e-14	55.8
A95/197	A24/1-98	36.082	97	58	3	5	97	2	98	1.21e-14	55.8
A95/197	A155/1-98	39.759	83	49	1	9	90	8	90	1.51e-14	55.5
A95/197	A60/1-99	34.375	96	61	2	2	95	1	96	2.09e-14	55.1
A95/197	A31/1-95	37.634	93	54	3	2	93	2	91	3.22e-14	54.7
A95/197	A126/1-99	34.568	81	51	2	4	83	4	83	1.00e-13	53.5
A95/197	A144/1-96	34.021	97	61	3	1	96	1	95	1.47e-13	53.1
A95/197	A7/1-97	33.684	95	60	2	2	95	3	95	1.47e-13	53.1
A95/197	A48/1-98	38.272	81	47	2	9	87	8	87	1.62e-13	53.1
A95/197	A114/1-98	34.884	86	54	2	2	86	2	86	1.89e-13	52.8
A95/197	A104/1-99	34.783	92	54	3	2	91	5	92	2.20e-13	52.8
A95/197	A93/1-99	34.343	99	58	5	2	97	5	99	2.72e-13	52.4
A95/197	A6/1-97	41.379	87	46	4	2	86	2	85	5.79e-13	51.6
A95/197	A10/1-98	35.632	87	53	2	4	87	1	87	1.01e-12	50.8
A95/197	A71/1-99	34.118	85	54	2	4	87	4	87	5.59e-12	48.9
A95/197	A56/1-93	39.535	86	47	2	7	89	3	86	5.90e-12	48.9
A95/197	A133/1-95	34.211	76	49	1	21	96	20	94	1.74e-11	47.8
A95/197	A49/1-100	31.579	95	61	2	5	95	4	98	7.61e-09	40.8
A95/197	A38/1-98	27.835	97	68	2	1	96	1	96	2.10e-07	37.0
A96/198	A96/1-98	100.000	98	0	0	1	98	1	98	5.51e-73	203
A96/198	A74/1-98	70.103	97	29	0	2	98	2	98	1.53e-52	152
A96/198	A107/1-98	70.103	97	29	0	2	98	2	98	2.13e-51	149
A96/198	A85/1-98	67.347	98	32	0	1	98	1	98	4.69e-50	145
A96/198	A118/1-98	54.082	98	45	0	1	98	1	98	3.63e-40	120
A96/198	A63/1-98	55.556	90	40	0	2	91	2	91	1.22e-35	109
A96/198	A129/1-98	54.639	97	44	0	2	98	2	98	2.26e-35	108
A96/198	A103/1-98	48.454	97	50	0	2	98	2	98	3.39e-33	103
A96/198	A81/1-98	51.020	98	48	0	1	98	1	98	4.97e-33	102
A96/198	A41/1-98	50.575	87	43	0	2	88	2	88	1.00e-32	102
A96/198	A34/1-97	51.042	96	46	1	2	97	2	96	2.83e-32	100
A96/198	A158/1-98	48.864	88	45	0	1	88	1	88	4.50e-31	97.8
A96/198	A140/1-99	53.933	89	40	1	1	88	1	89	1.75e-30	96.3
A96/198	A125/1-98	50.575	87	43	0	2	88	2	88	7.64e-30	94.7
A96/198	A3/1-98	48.454	97	50	0	2	98	2	98	1.98e-29	93.6
A96/198	A70/1-98	45.918	98	53	0	1	98	1	98	4.69e-29	92.4
A96/198	A115/1-99	51.685	89	42	1	4	91	4	92	1.76e-28	91.3
A96/198	A52/1-98	51.220	82	40	0	10	91	10	91	1.84e-28	91.3
A96/198	A92/1-98	46.392	97	52	0	2	98	2	98	2.31e-28	90.9
A96/198	A114/1-98	47.368	95	44	1	2	90	2	96	7.20e-28	89.7
A96/198	A136/1-98	45.455	88	48	0	1	88	1	88	9.78e-28	89.4
A96/198	A48/1-98	43.750	96	54	0	1	96	1	96	1.56e-27	88.6
A96/198	A163/1-98	48.837	86	44	0	2	87	2	87	1.60e-27	88.6
A96/198	A82/1-99	48.958	96	48	1	4	98	4	99	2.50e-27	88.2
A96/198	A151/1-99	43.617	94	52	1	1	93	1	94	1.55e-26	86.3
A96/198	A126/1-99	44.186	86	47	1	4	88	4	89	1.88e-26	85.9
A96/198	A147/1-98	45.556	90	49	0	2	91	2	91	2.10e-25	83.2
A96/198	A93/1-99	46.067	89	47	1	4	91	4	92	4.05e-25	82.8
A96/198	A122/1-96	45.349	86	45	1	2	87	2	85	4.14e-25	82.4
A96/198	A162/1-99	42.683	82	47	0	10	91	11	92	5.26e-25	82.4
A96/198	A31/1-95	45.349	86	45	1	2	87	2	85	1.53e-24	81.3
A96/198	A53/1-99	42.045	88	50	1	2	88	2	89	4.76e-24	79.7
A96/198	A20/1-102	43.478	92	48	1	1	88	1	92	6.89e-24	79.3
A96/198	A104/1-99	46.512	86	45	1	4	88	4	89	1.10e-23	79.0
A96/198	A60/1-99	43.820	89	49	1	4	91	4	92	1.23e-23	79.0
A96/198	A78/1-96	36.082	97	60	1	2	98	2	96	1.34e-23	79.0
A96/198	A71/1-99	47.674	86	42	1	2	87	5	87	1.84e-23	78.6
A96/198	A59/1-98	43.182	88	50	0	1	88	1	88	3.82e-23	77.8
A96/198	A27/1-98	45.652	92	48	2	1	91	1	91	3.90e-23	77.4
A96/198	A148/1-102	44.186	86	42	2	2	84	5	87	4.26e-23	77.4
A96/198	A144/1-96	41.573	89	50	1	2	90	2	88	8.27e-23	76.6
A96/198	A17/1-103	45.833	96	46	3	2	92	2	96	8.93e-23	76.6
A96/198	A66/1-97	45.545	101	46	2	2	98	2	97	1.56e-22	75.9
A96/198	A45/1-98	43.434	99	52	2	2	98	2	98	2.33e-22	75.5
A96/198	A42/1-104	40.860	93	49	2	2	88	2	94	2.38e-22	75.5
A96/198	A86/1-99	44.792	96	48	2	2	92	2	97	2.60e-22	75.5
A96/198	A141/1-98	42.268	97	56	0	2	98	2	98	3.60e-22	75.1
A96/198	A108/1-99	37.500	88	54	1	2	88	2	89	1.53e-21	73.6
A96/198	A89/1-96	36.735	98	60	1	1	98	1	96	1.73e-21	73.6
A96/198	A58/1-97	50.000	84	38	2	3	86	7	86	1.80e-21	73.2
A96/198	A137/1-98	39.286	84	50	1	4	87	4	86	3.04e-21	72.8
A96/198	A16/1-97	42.529	87	49	1	1	87	1	86	3.35e-21	72.8
A96/198	A51/1-96	41.860	86	49	1	2	87	2	86	3.86e-21	72.4
A96/198	A95/1-97	42.529	87	48	2	2	87	2	87	5.18e-21	72.0
A96/198	A49/1-100	39.080	87	51	1	4	88	4	90	6.04e-21	72.0
A96/198	A155/1-98	39.080	87	53	0	1	87	1	87	9.03e-21	71.6
A96/198	A6/1-97	43.333	90	50	1	2	91	2	90	9.03e-21	71.6
A96/198	A24/1-98	40.659	91	54	0	1	91	1	91	9.33e-21	71.6
A96/198	A62/1-96	42.529	87	49	1	1	87	1	86	1.15e-20	71.2
A96/198	A55/1-97	44.444	90	41	2	2	87	2	86	1.25e-20	71.2
A96/198	A35/1-99	40.230	87	51	1	2	87	2	88	2.02e-20	70.9
A96/198	A154/1-97	40.698	86	50	1	2	87	2	86	2.30e-20	70.5
A96/198	A56/1-93	43.956	91	48	2	2	92	2	89	2.43e-20	70.5
A96/198	A111/1-96	36.047	86	53	1	2	87	2	85	2.95e-20	70.1
A96/198	A64/1-99	43.333	90	46	2	2	88	2	89	2.99e-20	70.1
A96/198	A75/1-99	39.773	88	52	1	2	88	2	89	3.59e-20	70.1
A96/198	A84/1-97	41.379	87	49	2	2	87	2	87	3.79e-20	70.1
A96/198	A13/1-103	41.935	93	49	1	1	88	1	93	4.71e-20	69.7
A96/198	A121/1-97	39.560	91	46	2	2	88	2	87	4.82e-20	69.7
A96/198	A117/1-97	40.816	98	55	3	2	98	2	97	5.09e-20	69.7
A96/198	A105/1-97	41.379	87	49	2	2	87	2	87	5.43e-20	69.7
A96/198	A167/1-98	41.176	85	50	0	2	86	2	86	5.73e-20	69.7
A96/198	A159/1-98	37.634	93	56	1	2	92	2	94	8.21e-20	68.9
A96/198	A40/1-96	41.379	87	50	1	2	88	2	87	1.59e-19	68.6
A96/198	A97/1-99	39.362	94	54	2	2	92	2	95	1.63e-19	68.6
A96/198	A14/1-100	41.414	99	56	1	2	98	2	100	2.43e-19	67.8
A96/198	A30/1-97	40.698	86	46	2	2	85	2	84	2.99e-19	67.8
A96/198	A113/1-96	37.805	82	50	1	2	83	2	82	3.60e-19	67.4
A96/198	A100/1-96	33.721	86	55	1	2	87	2	85	4.19e-19	67.4
A96/198	A19/1-97	36.782	87	53	2	2	87	2	87	4.67e-19	67.0
A96/198	A67/1-95	37.209	86	52	1	2	87	2	85	5.09e-19	67.0
A96/198	A146/1-97	40.230	87	50	2	2	87	2	87	9.06e-19	66.6
A96/198	A161/1-98	41.667	84	48	1	4	87	5	87	1.54e-18	65.9
A96/198	A132/1-97	34.021	97	63	1	2	98	2	97	1.81e-18	65.9
A96/198	A73/1-97	41.379	87	49	2	2	87	2	87	1.96e-18	65.5
A96/198	A77/1-97	39.394	99	55	2	2	98	2	97	2.25e-18	65.5
A96/198	A88/1-97	40.659	91	45	2	2	88	2	87	2.49e-18	65.5
A96/198	A33/1-97	38.636	88	52	2	1	87	1	87	2.83e-18	65.1
A96/198	A157/1-97	38.824	85	50	2	2	85	2	85	3.88e-18	64.7
A96/198	A44/1-97	39.080	87	52	1	2	88	2	87	5.37e-18	64.3
A96/198	A143/1-97	40.698	86	50	1	2	87	2	86	6.82e-18	64.3
A96/198	A10/1-98	41.379	87	51	0	2	88	2	88	7.12e-18	64.3
A96/198	A130/1-99	39.080	87	52	1	2	87	2	88	8.75e-18	63.9
A96/198	A99/1-97	37.209	86	53	1	2	87	2	86	9.86e-18	63.9
A96/198	A152/1-99	32.955	88	58	1	2	88	2	89	1.03e-17	63.9
A96/198	A37/1-96	42.857	84	46	2	2	85	2	83	1.04e-17	63.9
A96/198	A150/1-96	40.698	86	50	1	2	87	2	86	1.14e-17	63.5
A96/198	A47/1-96	41.379	87	49	2	2	87	2	87	1.81e-17	63.2
A96/198	A28/1-100	37.079	89	54	1	2	88	2	90	4.22e-17	62.4
A96/198	A124/1-97	34.884	86	54	2	2	86	2	86	4.31e-17	62.0
A96/198	A5/1-98	42.045	88	48	2	2	87	2	88	5.96e-17	62.0
A96/198	A128/1-97	36.782	87	53	2	2	87	2	87	7.17e-17	61.6
A96/198	A21/1-98	43.333	90	50	1	2	91	3	91	8.08e-17	61.6
A96/198	A119/1-97	34.091	88	57	1	1	88	1	87	1.04e-16	61.2
A96/198	A110/1-97	39.130	92	51	2	2	91	2	90	1.98e-16	60.5
A96/198	A139/1-97	39.286	84	42	2	8	87	9	87	2.84e-16	60.1
A96/198	A135/1-97	37.931	87	52	2	2	87	2	87	3.20e-16	60.1
A96/198	A69/1-97	36.047	86	53	2	1	85	1	85	3.20e-16	60.1
A96/198	A7/1-97	37.234	94	55	2	2	92	3	95	4.57e-16	59.7
A96/198	A91/1-97	38.824	85	46	3	2	83	2	83	6.05e-16	59.3
A96/198	A80/1-97	38.554	83	49	2	2	83	2	83	6.25e-16	59.3
A96/198	A26/1-97	34.483	87	55	2	2	87	2	87	1.93e-15	57.8
A96/198	A9/1-95	37.079	89	50	2	1	87	1	85	2.24e-15	57.8
A96/198	A38/1-98	35.366	82	53	0	2	83	2	83	2.31e-15	57.8
A96/198	A12/1-98	35.632	87	53	2	2	86	2	87	2.42e-15	57.8
A96/198	A166/1-99	35.294	85	53	2	4	87	5	88	1.47e-14	55.8
A96/198	A133/1-95	32.184	87	57	1	1	87	1	85	1.73e-14	55.5
A96/198	A102/1-97	33.333	87	56	2	2	87	2	87	2.63e-14	55.1
A96/198	A2/1-97	36.047	86	54	1	1	86	1	85	4.13e-14	54.7
A96/198	A23/1-98	33.721	86	55	2	1	85	1	85	4.81e-14	54.3
A97/199	A97/1-99	100.000	99	0	0	1	99	1	99	6.48e-73	203
A97/199	A75/1-99	61.616	99	38	0	1	99	1	99	8.93e-45	132
A97/199	A86/1-99	51.579	95	46	0	1	95	1	95	4.04e-37	113
A97/199	A108/1-99	50.000	94	47	0	2	95	2	95	4.66e-37	112
A97/199	A53/1-99	44.898	98	54	0	2	99	2	99	1.74e-32	101
A97/199	A42/1-104	46.602	103	50	1	2	99	2	104	6.05e-32	100
A97/199	A64/1-99	50.549	91	45	0	2	92	2	92	1.53e-31	99.0
A97/199	A141/1-98	43.878	98	54	1	2	99	2	98	1.87e-31	98.6
A97/199	A130/1-99	45.918	98	53	0	2	99	2	99	1.33e-28	91.7
A97/199	A152/1-99	42.708	96	55	0	2	97	2	97	1.85e-28	91.3
A97/199	A159/1-98	41.053	95	55	1	2	96	2	95	2.51e-24	80.5
A97/199	A119/1-97	46.512	86	44	1	2	87	2	85	2.96e-24	80.5
A97/199	A28/1-100	43.299	97	52	2	1	95	1	96	3.80e-24	80.1
A97/199	A35/1-99	38.776	98	60	0	2	99	2	99	5.41e-22	74.7
A97/199	A129/1-98	43.529	85	47	1	2	86	2	85	1.31e-21	73.6
A97/199	A44/1-97	38.776	98	58	1	2	99	2	97	3.26e-21	72.8
A97/199	A155/1-98	43.182	88	45	2	2	87	2	86	3.29e-21	72.8
A97/199	A67/1-95	40.964	83	46	1	2	84	2	81	1.14e-20	71.2
A97/199	A126/1-99	43.210	81	45	1	4	84	4	83	1.31e-20	71.2
A97/199	A78/1-96	37.931	87	51	1	1	87	1	84	7.80e-20	69.3
A97/199	A37/1-96	38.372	86	50	1	1	86	1	83	8.41e-20	69.3
A97/199	A143/1-97	37.363	91	55	1	2	92	2	90	1.43e-19	68.6
A97/199	A96/1-98	39.362	94	54	2	2	95	2	92	1.69e-19	68.6
A97/199	A82/1-99	38.144	97	58	2	4	99	4	99	7.15e-19	66.6
A97/199	A55/1-97	37.895	95	57	1	2	96	2	94	8.15e-19	66.6
A97/199	A111/1-96	44.578	83	43	1	2	84	2	81	1.15e-18	66.2
A97/199	A140/1-99	38.947	95	55	1	2	96	5	96	1.55e-18	65.9
A97/199	A63/1-98	37.000	100	58	2	2	99	2	98	1.70e-18	65.9
A97/199	A144/1-96	40.230	87	49	2	1	87	1	84	2.46e-18	65.5
A97/199	A16/1-97	40.000	85	49	1	2	86	2	84	2.63e-18	65.5
A97/199	A104/1-99	37.113	97	59	2	4	99	4	99	2.75e-18	65.1
A97/199	A14/1-100	35.354	99	63	1	2	99	2	100	2.90e-18	65.1
A97/199	A74/1-98	37.500	96	55	2	2	97	2	92	3.13e-18	65.1
A97/199	A107/1-98	36.364	88	55	1	2	89	2	88	3.27e-18	65.1
A97/199	A89/1-96	36.667	90	54	1	2	91	2	88	3.30e-18	65.1
A97/199	A51/1-96	36.782	87	53	1	1	87	1	85	3.60e-18	65.1
A97/199	A115/1-99	39.744	78	46	1	4	81	4	80	3.85e-18	65.1
A97/199	A113/1-96	39.286	84	49	1	1	84	1	82	4.06e-18	64.7
A97/199	A158/1-98	37.500	88	54	1	2	89	2	88	4.10e-18	64.7
A97/199	A100/1-96	39.759	83	47	1	2	84	2	81	4.38e-18	64.7
A97/199	A93/1-99	41.975	81	46	1	4	84	4	83	8.96e-18	63.9
A97/199	A163/1-98	36.458	96	60	1	1	96	1	95	9.67e-18	63.9
A97/199	A66/1-97	38.947	95	56	1	2	96	2	94	1.40e-17	63.5
A97/199	A5/1-98	41.573	89	44	3	2	86	2	86	1.59e-17	63.2
A97/199	A118/1-98	39.000	100	56	2	2	99	2	98	1.63e-17	63.2
A97/199	A80/1-97	42.353	85	46	2	1	84	1	83	2.51e-17	62.8
A97/199	A166/1-99	40.206	97	54	3	1	95	1	95	3.19e-17	62.4
A97/199	A31/1-95	40.000	85	48	1	2	86	2	83	3.96e-17	62.4
A97/199	A3/1-98	32.955	88	58	1	2	89	2	88	3.96e-17	62.4
A97/199	A84/1-97	36.364	88	53	2	1	87	1	86	4.81e-17	62.0
A97/199	A157/1-97	42.697	89	44	3	1	86	1	85	9.21e-17	61.2
A97/199	A20/1-102	33.000	100	62	3	2	96	2	101	1.10e-16	61.2
A97/199	A58/1-97	40.449	89	50	2	1	88	1	87	1.13e-16	61.2
A97/199	A33/1-97	38.372	86	50	2	2	86	2	85	1.16e-16	61.2
A97/199	A125/1-98	32.558	86	57	1	2	87	2	86	1.48e-16	60.8
A97/199	A56/1-93	38.824	85	48	2	2	86	2	82	1.55e-16	60.8
A97/199	A77/1-97	34.737	95	60	1	2	96	2	94	1.92e-16	60.5
A97/199	A122/1-96	36.782	87	52	1	1	87	1	84	2.47e-16	60.5
A97/199	A48/1-98	37.349	83	51	1	2	84	2	83	2.78e-16	60.1
A97/199	A7/1-97	34.375	96	57	3	2	97	3	92	2.90e-16	60.1
A97/199	A59/1-98	35.227	88	56	1	2	89	2	88	3.00e-16	60.1
A97/199	A47/1-96	36.842	95	57	2	2	95	2	94	3.31e-16	60.1
A97/199	A162/1-99	33.750	80	52	1	10	89	11	89	4.52e-16	59.7
A97/199	A24/1-98	37.500	88	54	1	2	89	2	88	4.67e-16	59.7
A97/199	A41/1-98	32.584	89	59	1	1	89	1	88	5.32e-16	59.3
A97/199	A40/1-96	37.234	94	47	2	1	89	1	87	5.74e-16	59.3
A97/199	A70/1-98	39.759	83	49	1	2	84	2	83	5.87e-16	59.3
A97/199	A95/1-97	35.227	88	54	2	1	87	1	86	6.82e-16	59.3
A97/199	A81/1-98	34.444	90	58	1	2	91	2	90	7.20e-16	58.9
A97/199	A136/1-98	37.209	86	49	2	2	85	2	84	7.60e-16	58.9
A97/199	A38/1-98	33.333	99	65	1	1	99	1	98	1.04e-15	58.5
A97/199	A88/1-97	35.294	85	53	1	2	86	2	84	1.15e-15	58.5
A97/199	A10/1-98	35.714	98	61	2	2	99	2	97	1.15e-15	58.5
A97/199	A13/1-103	31.522	92	59	1	2	89	2	93	1.28e-15	58.5
A97/199	A103/1-98	31.868	91	61	1	1	91	1	90	1.29e-15	58.5
A97/199	A49/1-100	32.143	84	56	1	4	86	4	87	1.52e-15	58.2
A97/199	A30/1-97	34.343	99	63	2	1	99	1	97	2.24e-15	57.8
A97/199	A124/1-97	34.091	88	55	2	1	87	1	86	2.47e-15	57.8
A97/199	A133/1-95	38.144	97	54	3	2	96	2	94	2.58e-15	57.8
A97/199	A117/1-97	37.500	88	52	2	1	87	1	86	3.24e-15	57.4
A97/199	A92/1-98	34.831	89	57	1	1	89	1	88	4.15e-15	57.0
A97/199	A19/1-97	36.364	88	53	2	1	87	1	86	6.75e-15	56.6
A97/199	A99/1-97	34.118	85	54	1	2	86	2	84	9.33e-15	56.2
A97/199	A73/1-97	34.091	88	55	2	1	87	1	86	1.01e-14	56.2
A97/199	A45/1-98	35.294	85	54	1	1	85	1	84	1.18e-14	55.8
A97/199	A146/1-97	31.818	88	57	2	1	87	1	86	1.33e-14	55.8
A97/199	A85/1-98	36.667	90	52	3	2	89	2	88	1.33e-14	55.8
A97/199	A110/1-97	35.294	85	53	1	2	86	2	84	1.47e-14	55.8
A97/199	A105/1-97	34.091	88	55	2	1	87	1	86	1.47e-14	55.8
A97/199	A12/1-98	37.079	89	52	3	1	87	1	87	1.62e-14	55.5
A97/199	A121/1-97	35.294	85	53	1	2	86	2	84	2.19e-14	55.5
A97/199	A132/1-97	31.395	86	57	1	2	87	2	85	2.87e-14	55.1
A97/199	A60/1-99	32.184	87	58	1	4	90	4	89	4.41e-14	54.7
A97/199	A9/1-95	37.778	90	53	2	2	91	2	88	4.46e-14	54.3
A97/199	A62/1-96	34.884	86	54	1	2	87	2	85	5.65e-14	54.3
A97/199	A27/1-98	31.818	88	59	1	2	89	2	88	6.10e-14	54.3
A97/199	A167/1-98	33.333	99	65	1	1	99	1	98	8.89e-14	53.5
A97/199	A69/1-97	37.209	86	51	2	2	86	2	85	9.38e-14	53.5
A97/199	A2/1-97	35.714	98	61	1	2	99	2	97	1.41e-13	53.1
A97/199	A21/1-98	37.755	98	59	2	2	99	3	98	1.83e-13	52.8
A97/199	A17/1-103	32.039	103	64	2	2	99	2	103	2.04e-13	52.8
A97/199	A148/1-102	31.034	87	53	3	2	85	5	87	2.53e-13	52.4
A97/199	A137/1-98	33.333	81	52	2	4	84	4	82	2.53e-13	52.4
A97/199	A91/1-97	32.584	89	57	2	1	88	1	87	2.58e-13	52.4
A97/199	A151/1-99	34.091	88	58	0	2	89	2	89	2.70e-13	52.4
A97/199	A26/1-97	32.955	88	56	2	1	87	1	86	2.81e-13	52.4
A97/199	A114/1-98	31.818	88	59	1	2	89	2	88	3.45e-13	52.4
A97/199	A147/1-98	29.545	88	61	1	2	89	2	88	6.31e-13	51.6
A97/199	A150/1-96	35.294	85	53	1	2	86	2	84	1.38e-12	50.8
A97/199	A52/1-98	34.146	82	53	1	10	91	10	90	2.06e-12	50.1
A97/199	A34/1-97	34.091	88	56	2	2	89	2	87	2.69e-12	50.1
A97/199	A154/1-97	33.721	86	55	1	2	87	2	85	2.93e-12	49.7
A97/199	A128/1-97	37.500	88	52	2	1	87	1	86	3.63e-12	49.7
A97/199	A71/1-99	32.222	90	60	1	4	93	4	92	7.38e-12	48.9
A97/199	A102/1-97	31.765	85	55	2	1	84	1	83	1.36e-11	48.1
A97/199	A6/1-97	32.955	88	57	2	2	89	2	87	1.36e-11	48.1
A97/199	A161/1-98	31.579	76	50	1	12	87	13	86	1.39e-11	48.1
A97/199	A23/1-98	36.667	90	46	4	2	86	2	85	7.61e-11	46.2
A97/199	A135/1-97	30.556	72	48	1	16	87	17	86	4.34e-10	44.3
A97/199	A139/1-97	27.848	79	55	1	9	87	10	86	1.92e-09	42.4
A99/197	A99/1-97	100.000	97	0	0	1	97	1	97	1.11e-70	197
A99/197	A77/1-97	62.887	97	36	0	1	97	1	97	1.38e-49	144
A99/197	A110/1-97	57.732	97	41	0	1	97	1	97	3.78e-47	138
A99/197	A55/1-97	60.825	97	38	0	1	97	1	97	1.51e-45	134
A99/197	A88/1-97	56.701	97	42	0	1	97	1	97	7.97e-45	132
A99/197	A121/1-97	58.763	97	40	0	1	97	1	97	2.09e-41	124
A99/197	A66/1-97	52.577	97	46	0	1	97	1	97	1.77e-40	121
A99/197	A154/1-97	51.546	97	47	0	1	97	1	97	1.25e-37	114
A99/197	A132/1-97	51.546	97	47	0	1	97	1	97	3.86e-37	113
A99/197	A143/1-97	47.423	97	51	0	1	97	1	97	9.51e-35	107
A99/197	A51/1-96	47.826	92	48	0	2	93	2	93	9.63e-31	96.7
A99/197	A44/1-97	46.392	97	52	0	1	97	1	97	8.03e-30	94.4
A99/197	A73/1-97	49.438	89	44	1	2	89	2	90	8.51e-29	92.0
A99/197	A16/1-97	43.750	96	54	0	2	97	2	97	4.58e-28	90.1
A99/197	A30/1-97	42.708	96	55	0	2	97	2	97	4.89e-28	90.1
A99/197	A105/1-97	42.697	89	50	1	2	89	2	90	2.72e-26	85.5
A99/197	A19/1-97	42.697	89	50	1	2	89	2	90	1.66e-25	83.6
A99/197	A95/1-97	43.820	89	49	1	2	89	2	90	2.09e-25	83.2
A99/197	A26/1-97	41.237	97	55	2	2	97	2	97	1.58e-24	81.3
A99/197	A113/1-96	43.210	81	46	0	2	82	2	82	3.61e-24	80.1
A99/197	A5/1-98	41.573	89	50	1	1	87	1	89	1.62e-23	78.6
A99/197	A84/1-97	39.326	89	53	1	2	89	2	90	2.02e-23	78.2
A99/197	A124/1-97	42.169	83	47	1	2	83	2	84	2.13e-23	78.2
A99/197	A157/1-97	41.667	84	48	1	2	84	2	85	3.23e-23	77.8
A99/197	A33/1-97	38.710	93	56	1	2	93	2	94	3.72e-23	77.4
A99/197	A40/1-96	38.636	88	54	0	2	89	2	89	6.53e-22	74.3
A99/197	A166/1-99	41.758	91	52	1	4	93	5	95	1.14e-21	73.9
A99/197	A102/1-97	35.955	89	56	1	2	89	2	90	1.18e-21	73.9
A99/197	A37/1-96	39.362	94	56	1	2	95	2	94	1.43e-21	73.6
A99/197	A58/1-97	41.667	84	48	1	2	84	2	85	2.78e-21	72.8
A99/197	A150/1-96	38.202	89	55	0	1	89	1	89	3.45e-21	72.4
A99/197	A62/1-96	37.500	88	55	0	2	89	2	89	3.98e-21	72.4
A99/197	A2/1-97	37.500	96	60	0	2	97	2	97	4.29e-21	72.4
A99/197	A27/1-98	44.828	87	45	2	2	86	2	87	6.56e-21	72.0
A99/197	A128/1-97	37.895	95	57	2	2	95	2	95	1.27e-20	71.2
A99/197	A74/1-98	36.082	97	61	1	2	97	2	98	1.75e-20	70.9
A99/197	A23/1-98	38.710	93	56	1	2	93	2	94	2.22e-20	70.5
A99/197	A80/1-97	39.024	82	49	1	2	82	2	83	2.88e-20	70.1
A99/197	A63/1-98	37.634	93	57	1	2	93	2	94	3.78e-20	70.1
A99/197	A12/1-98	35.714	84	52	1	2	83	2	85	3.78e-20	70.1
A99/197	A167/1-98	42.683	82	46	1	2	82	2	83	4.70e-20	69.7
A99/197	A47/1-96	35.955	89	56	1	2	89	2	90	5.02e-20	69.7
A99/197	A135/1-97	42.105	76	44	0	12	87	13	88	1.07e-19	68.9
A99/197	A91/1-97	34.831	89	57	1	2	89	2	90	1.07e-19	68.9
A99/197	A130/1-99	37.755	98	59	1	2	97	2	99	1.20e-19	68.6
A99/197	A69/1-97	36.905	84	52	1	2	84	2	85	1.79e-19	68.2
A99/197	A107/1-98	38.636	88	53	1	2	88	2	89	2.25e-19	67.8
A99/197	A117/1-97	38.144	97	58	2	2	97	2	97	2.35e-19	67.8
A99/197	A161/1-98	34.043	94	61	1	1	93	1	94	3.22e-19	67.4
A99/197	A146/1-97	40.449	89	52	1	2	89	2	90	3.22e-19	67.4
A99/197	A42/1-104	35.922	103	59	1	2	97	2	104	4.13e-19	67.4
A99/197	A139/1-97	42.857	70	40	0	20	89	21	90	4.86e-19	67.0
A99/197	A45/1-98	41.237	97	56	1	2	97	2	98	5.85e-19	67.0
A99/197	A118/1-98	35.052	97	62	1	2	97	2	98	2.92e-18	65.1
A99/197	A122/1-96	36.957	92	51	2	2	90	2	89	9.12e-18	63.9
A99/197	A96/1-98	37.209	86	53	1	2	86	2	87	9.52e-18	63.9
A99/197	A10/1-98	36.559	93	58	1	2	93	2	94	1.28e-17	63.5
A99/197	A86/1-99	36.471	85	52	1	2	84	2	86	1.59e-17	63.2
A99/197	A155/1-98	38.710	93	56	1	2	93	2	94	1.77e-17	63.2
A99/197	A108/1-99	36.735	98	60	1	2	97	2	99	2.24e-17	62.8
A99/197	A126/1-99	31.000	100	59	3	4	97	4	99	2.88e-17	62.8
A99/197	A158/1-98	36.047	86	54	1	2	86	2	87	3.86e-17	62.4
A99/197	A140/1-99	45.070	71	37	1	16	84	16	86	8.60e-17	61.2
A99/197	A56/1-93	40.909	88	50	2	1	88	1	86	9.69e-17	61.2
A99/197	A41/1-98	41.379	87	48	2	2	86	2	87	1.26e-16	60.8
A99/197	A103/1-98	34.884	86	55	1	2	86	2	87	1.78e-16	60.5
A99/197	A92/1-98	38.095	84	51	1	2	84	2	85	1.84e-16	60.5
A99/197	A13/1-103	35.417	96	56	1	2	91	2	97	1.86e-16	60.5
A99/197	A24/1-98	38.372	86	52	1	2	86	2	87	2.11e-16	60.5
A99/197	A34/1-97	33.333	96	64	0	2	97	2	97	2.28e-16	60.5
A99/197	A163/1-98	33.684	95	62	1	2	95	2	96	2.80e-16	60.1
A99/197	A81/1-98	37.209	86	53	1	2	86	2	87	3.05e-16	60.1
A99/197	A35/1-99	32.653	98	64	1	2	97	2	99	3.30e-16	59.7
A99/197	A136/1-98	34.091	88	57	1	2	88	2	89	3.83e-16	59.7
A99/197	A125/1-98	33.673	98	64	1	1	97	1	98	4.32e-16	59.7
A99/197	A159/1-98	35.644	101	56	2	2	97	2	98	5.31e-16	59.3
A99/197	A144/1-96	33.696	92	60	1	2	93	2	92	6.45e-16	59.3
A99/197	A141/1-98	32.990	97	64	1	2	97	2	98	8.27e-16	58.9
A99/197	A67/1-95	34.091	88	57	1	2	89	2	88	8.92e-16	58.9
A99/197	A70/1-98	37.805	82	50	1	2	82	2	83	9.02e-16	58.9
A99/197	A129/1-98	36.735	98	61	1	1	97	1	98	1.04e-15	58.5
A99/197	A17/1-103	34.694	98	58	2	2	93	2	99	1.78e-15	58.2
A99/197	A31/1-95	33.708	89	58	1	2	90	2	89	2.78e-15	57.4
A99/197	A28/1-100	34.375	96	58	2	2	93	2	96	4.28e-15	57.0
A99/197	A21/1-98	38.144	97	58	2	2	97	3	98	6.59e-15	56.6
A99/197	A114/1-98	30.928	97	66	1	2	97	2	98	7.50e-15	56.2
A99/197	A20/1-102	37.500	88	50	1	2	84	2	89	7.67e-15	56.2
A99/197	A133/1-95	32.955	88	54	2	2	87	2	86	8.73e-15	56.2
A99/197	A97/1-99	34.118	85	54	1	2	84	2	86	8.73e-15	56.2
A99/197	A14/1-100	34.343	99	62	1	2	97	2	100	1.05e-14	55.8
A99/197	A64/1-99	35.632	87	54	1	2	86	2	88	1.90e-14	55.5
A99/197	A52/1-98	36.364	88	52	2	10	96	10	94	2.05e-14	55.5
A99/197	A60/1-99	30.435	92	62	2	4	93	4	95	2.19e-14	55.1
A99/197	A3/1-98	28.866	97	68	1	2	97	2	98	3.55e-14	54.7
A99/197	A9/1-95	34.066	91	51	2	2	88	2	87	5.13e-14	54.3
A99/197	A85/1-98	34.884	86	55	1	2	86	2	87	6.93e-14	53.9
A99/197	A152/1-99	32.323	99	65	1	1	97	1	99	8.42e-14	53.5
A99/197	A48/1-98	30.526	95	65	1	2	95	2	96	1.08e-13	53.5
A99/197	A89/1-96	34.091	88	51	3	2	86	2	85	1.18e-13	53.1
A99/197	A78/1-96	30.588	85	58	1	2	86	2	85	1.31e-13	53.1
A99/197	A82/1-99	33.673	98	60	3	2	97	5	99	1.46e-13	53.1
A99/197	A151/1-99	34.694	98	59	2	2	97	5	99	1.52e-13	53.1
A99/197	A119/1-97	28.125	96	69	0	2	97	2	97	2.17e-13	52.8
A99/197	A59/1-98	38.095	84	49	2	4	86	6	87	2.45e-13	52.4
A99/197	A53/1-99	32.609	92	60	1	2	91	2	93	2.47e-13	52.4
A99/197	A137/1-98	31.325	83	57	0	4	86	4	86	2.84e-13	52.4
A99/197	A100/1-96	36.170	94	49	3	2	87	2	92	3.85e-13	52.0
A99/197	A93/1-99	30.612	98	63	3	2	97	5	99	9.19e-13	51.2
A99/197	A75/1-99	31.034	87	58	1	2	86	2	88	1.16e-12	50.8
A99/197	A115/1-99	35.065	77	49	1	4	79	4	80	1.46e-12	50.4
A99/197	A111/1-96	31.522	92	56	2	2	87	2	92	1.68e-12	50.4
A99/197	A38/1-98	32.258	93	62	1	2	93	2	94	2.22e-12	50.1
A99/197	A148/1-102	37.363	91	40	4	2	83	5	87	2.55e-12	50.1
A99/197	A162/1-99	36.000	75	47	1	10	83	11	85	2.72e-12	49.7
A99/197	A7/1-97	34.831	89	56	2	2	89	3	90	3.00e-12	49.7
A99/197	A71/1-99	34.409	93	57	3	4	93	4	95	1.74e-11	47.8
A99/197	A147/1-98	32.530	83	55	1	2	83	2	84	3.07e-11	47.0
A99/197	A104/1-99	30.488	82	53	2	2	82	5	83	8.41e-11	45.8
A99/197	A6/1-97	33.333	84	54	2	2	84	2	84	3.96e-10	44.3
A99/197	A49/1-100	27.957	93	64	2	4	93	4	96	2.68e-08	39.3
A100/196	A100/1-96	100.000	96	0	0	1	96	1	96	4.02e-70	196
A100/196	A78/1-96	67.368	95	31	0	2	96	2	96	7.41e-47	137
A100/196	A111/1-96	62.500	96	36	0	1	96	1	96	1.14e-45	134
A100/196	A89/1-96	60.000	95	38	0	2	96	2	96	1.02e-42	127
A100/196	A122/1-96	51.579	95	46	0	2	96	2	96	3.24e-31	97.8
A100/196	A67/1-95	44.211	95	52	1	2	96	2	95	1.20e-28	91.7
A100/196	A144/1-96	44.211	95	53	0	2	96	2	96	1.31e-27	89.0
A100/196	A35/1-99	47.475	99	49	1	1	96	1	99	2.50e-27	88.2
A100/196	A155/1-98	44.330	97	52	1	2	96	2	98	1.04e-26	86.7
A100/196	A28/1-100	44.444	99	51	2	2	96	2	100	7.39e-25	82.0
A100/196	A130/1-99	42.424	99	54	1	1	96	1	99	7.62e-24	79.3
A100/196	A147/1-98	43.000	100	51	2	1	96	1	98	1.86e-23	78.2
A100/196	A31/1-95	45.055	91	44	1	1	91	1	85	2.42e-23	78.2
A100/196	A14/1-100	44.944	89	45	1	1	85	1	89	8.67e-23	76.6
A100/196	A143/1-97	38.542	96	58	1	2	96	2	97	5.90e-22	74.3
A100/196	A141/1-98	46.512	86	44	2	1	84	1	86	7.17e-22	74.3
A100/196	A133/1-95	42.105	95	54	1	2	96	2	95	7.58e-22	74.3
A100/196	A163/1-98	39.583	96	56	1	2	95	2	97	1.85e-21	73.2
A100/196	A3/1-98	38.776	98	58	1	1	96	1	98	3.37e-21	72.4
A100/196	A64/1-99	39.560	91	52	1	1	88	1	91	3.56e-21	72.4
A100/196	A75/1-99	38.889	90	52	1	2	88	2	91	5.04e-21	72.0
A100/196	A162/1-99	41.379	87	49	1	12	96	13	99	2.09e-20	70.5
A100/196	A118/1-98	39.175	97	57	1	2	96	2	98	2.41e-20	70.5
A100/196	A119/1-97	38.542	96	58	1	2	96	2	97	2.49e-20	70.5
A100/196	A152/1-99	43.023	86	46	1	2	84	2	87	2.63e-20	70.5
A100/196	A44/1-97	41.667	96	55	1	2	96	2	97	3.20e-20	70.1
A100/196	A62/1-96	41.176	85	49	1	2	85	2	86	7.08e-20	69.3
A100/196	A108/1-99	37.374	99	59	1	1	96	1	99	9.09e-20	68.9
A100/196	A53/1-99	39.773	88	50	1	1	85	1	88	1.58e-19	68.2
A100/196	A34/1-97	40.625	96	54	2	1	94	1	95	1.64e-19	68.2
A100/196	A113/1-96	38.554	83	50	1	2	83	2	84	2.27e-19	67.8
A100/196	A158/1-98	38.144	97	58	1	2	96	2	98	2.34e-19	67.8
A100/196	A126/1-99	35.417	96	59	2	4	96	4	99	3.35e-19	67.4
A100/196	A41/1-98	39.175	97	54	2	2	96	5	98	3.74e-19	67.4
A100/196	A96/1-98	33.721	86	55	1	2	85	2	87	3.90e-19	67.4
A100/196	A159/1-98	40.230	87	50	1	1	85	1	87	5.23e-19	67.0
A100/196	A124/1-97	38.824	85	51	1	1	84	2	86	5.23e-19	67.0
A100/196	A45/1-98	40.449	89	47	2	2	86	2	88	6.09e-19	67.0
A100/196	A56/1-93	38.947	95	55	2	2	96	2	93	6.94e-19	66.6
A100/196	A63/1-98	36.735	98	60	1	1	96	1	98	7.02e-19	66.6
A100/196	A20/1-102	36.634	101	58	1	2	96	2	102	7.82e-19	66.6
A100/196	A70/1-98	38.144	97	58	1	2	96	2	98	7.99e-19	66.6
A100/196	A42/1-104	40.196	102	41	3	1	88	1	96	7.99e-19	66.6
A100/196	A137/1-98	39.080	87	50	2	1	85	1	86	1.36e-18	65.9
A100/196	A150/1-96	37.500	96	58	2	2	96	2	96	1.97e-18	65.5
A100/196	A148/1-102	39.326	89	43	3	1	81	1	86	2.10e-18	65.5
A100/196	A97/1-99	39.759	83	47	1	2	81	2	84	3.94e-18	64.7
A100/196	A66/1-97	41.237	97	54	2	2	96	2	97	4.26e-18	64.7
A100/196	A60/1-99	34.343	99	62	2	1	96	1	99	5.40e-18	64.3
A100/196	A24/1-98	32.990	97	63	1	2	96	2	98	6.16e-18	64.3
A100/196	A74/1-98	36.364	88	52	2	1	85	1	87	7.99e-18	63.9
A100/196	A5/1-98	37.755	98	57	3	2	96	2	98	1.12e-17	63.5
A100/196	A136/1-98	40.698	86	49	1	2	85	2	87	1.17e-17	63.5
A100/196	A115/1-99	35.354	99	61	2	1	96	1	99	1.32e-17	63.5
A100/196	A95/1-97	40.206	97	55	3	2	96	2	97	1.34e-17	63.5
A100/196	A51/1-96	36.458	96	59	2	2	96	2	96	2.34e-17	62.8
A100/196	A55/1-97	41.176	85	49	1	2	85	2	86	3.98e-17	62.0
A100/196	A17/1-103	38.835	103	56	3	1	96	1	103	6.14e-17	61.6
A100/196	A27/1-98	35.714	98	59	2	2	96	2	98	6.48e-17	61.6
A100/196	A84/1-97	36.082	97	59	3	2	96	2	97	1.09e-16	61.2
A100/196	A59/1-98	35.052	97	61	1	2	96	2	98	1.10e-16	61.2
A100/196	A10/1-98	33.333	99	62	2	1	96	1	98	1.15e-16	60.8
A100/196	A85/1-98	37.209	86	52	1	2	85	2	87	1.20e-16	60.8
A100/196	A80/1-97	39.286	84	49	2	2	83	2	85	1.77e-16	60.5
A100/196	A49/1-100	35.294	102	50	2	1	92	1	96	2.23e-16	60.5
A100/196	A167/1-98	35.417	96	60	1	2	95	2	97	2.71e-16	60.1
A100/196	A102/1-97	37.209	86	52	2	2	85	2	87	2.74e-16	60.1
A100/196	A104/1-99	33.333	99	63	2	1	96	1	99	2.98e-16	60.1
A100/196	A121/1-97	36.735	98	51	3	2	96	2	91	3.51e-16	59.7
A100/196	A91/1-97	36.905	84	52	1	1	83	2	85	4.04e-16	59.7
A100/196	A82/1-99	36.145	83	51	1	1	81	1	83	4.09e-16	59.7
A100/196	A16/1-97	36.471	85	53	1	2	85	2	86	4.09e-16	59.7
A100/196	A2/1-97	38.144	97	57	2	2	96	2	97	5.07e-16	59.3
A100/196	A9/1-95	36.145	83	52	1	14	96	14	95	6.65e-16	58.9
A100/196	A81/1-98	35.052	97	61	1	2	96	2	98	6.72e-16	58.9
A100/196	A7/1-97	39.080	87	50	2	1	85	2	87	7.57e-16	58.9
A100/196	A69/1-97	39.024	82	48	2	2	81	2	83	8.35e-16	58.9
A100/196	A103/1-98	30.928	97	65	1	2	96	2	98	9.92e-16	58.5
A100/196	A128/1-97	34.884	86	54	2	2	85	2	87	1.26e-15	58.5
A100/196	A107/1-98	32.184	87	57	1	1	85	1	87	1.45e-15	58.2
A100/196	A19/1-97	34.884	86	54	2	2	85	2	87	2.21e-15	57.8
A100/196	A30/1-97	35.366	82	52	1	2	82	2	83	2.41e-15	57.8
A100/196	A151/1-99	36.782	87	52	1	2	85	2	88	2.66e-15	57.4
A100/196	A93/1-99	36.364	99	60	2	1	96	1	99	2.66e-15	57.4
A100/196	A129/1-98	34.940	83	52	1	2	82	2	84	3.23e-15	57.4
A100/196	A33/1-97	35.417	96	59	3	2	95	2	96	3.23e-15	57.4
A100/196	A38/1-98	35.294	85	53	1	2	84	2	86	4.09e-15	57.0
A100/196	A161/1-98	35.417	96	61	1	1	95	2	97	4.97e-15	57.0
A100/196	A125/1-98	34.021	97	62	1	2	96	2	98	5.42e-15	56.6
A100/196	A140/1-99	34.940	83	51	1	2	81	2	84	6.04e-15	56.6
A100/196	A48/1-98	32.558	86	56	1	2	85	2	87	6.31e-15	56.6
A100/196	A157/1-97	40.244	82	47	2	2	81	2	83	6.80e-15	56.6
A100/196	A114/1-98	32.673	101	60	2	1	96	1	98	8.72e-15	56.2
A100/196	A37/1-96	30.108	93	65	0	2	94	2	94	9.30e-15	56.2
A100/196	A21/1-98	43.678	87	46	2	1	85	2	87	1.39e-14	55.8
A100/196	A26/1-97	34.091	88	56	2	2	87	2	89	1.55e-14	55.5
A100/196	A88/1-97	33.696	92	60	1	2	92	2	93	2.26e-14	55.1
A100/196	A146/1-97	35.870	92	57	2	6	96	7	97	2.57e-14	55.1
A100/196	A47/1-96	37.209	86	51	2	1	85	4	87	2.83e-14	55.1
A100/196	A52/1-98	29.592	98	64	2	4	96	1	98	2.95e-14	54.7
A100/196	A40/1-96	34.737	95	60	2	2	95	2	95	4.55e-14	54.3
A100/196	A77/1-97	37.349	83	47	2	2	81	2	82	6.02e-14	53.9
A100/196	A71/1-99	32.184	87	57	1	1	85	1	87	7.55e-14	53.9
A100/196	A73/1-97	37.209	86	52	2	2	85	2	87	8.06e-14	53.5
A100/196	A86/1-99	29.592	98	66	1	2	96	2	99	8.32e-14	53.5
A100/196	A135/1-97	34.021	97	61	3	1	95	1	96	8.69e-14	53.5
A100/196	A166/1-99	34.021	97	62	2	1	95	2	98	9.68e-14	53.5
A100/196	A105/1-97	36.082	97	59	3	2	96	2	97	1.11e-13	53.5
A100/196	A58/1-97	34.409	93	55	2	1	87	2	94	1.51e-13	53.1
A100/196	A117/1-97	32.558	86	57	1	1	85	2	87	2.13e-13	52.8
A100/196	A99/1-97	36.170	94	49	3	2	92	2	87	3.72e-13	52.0
A100/196	A12/1-98	33.721	86	54	2	2	84	2	87	5.98e-13	51.6
A100/196	A110/1-97	31.915	94	59	2	2	92	2	93	8.62e-13	51.2
A100/196	A92/1-98	34.177	79	50	1	2	78	2	80	9.19e-13	50.8
A100/196	A13/1-103	31.373	102	63	1	2	96	2	103	9.81e-13	50.8
A100/196	A132/1-97	31.633	98	62	2	2	96	2	97	1.24e-12	50.8
A100/196	A6/1-97	38.554	83	48	2	1	81	1	82	1.44e-12	50.4
A100/196	A23/1-98	36.585	82	50	2	2	81	2	83	2.81e-12	49.7
A100/196	A139/1-97	30.682	88	52	3	5	85	2	87	9.07e-12	48.5
A100/196	A154/1-97	32.184	87	54	2	2	85	2	86	3.88e-10	44.3
A102/197	A102/1-97	100.000	97	0	0	1	97	1	97	6.67e-72	201
A102/197	A91/1-97	72.165	97	27	0	1	97	1	97	7.04e-54	155
A102/197	A80/1-97	69.072	97	30	0	1	97	1	97	1.68e-49	144
A102/197	A113/1-96	67.010	97	31	1	1	97	1	96	2.69e-49	143
A102/197	A69/1-97	55.208	96	43	0	2	97	2	97	2.03e-38	116
A102/197	A124/1-97	55.208	96	43	0	1	96	1	96	2.67e-38	115
A102/197	A26/1-97	52.688	93	44	0	1	93	1	93	3.63e-35	108
A102/197	A135/1-97	50.000	96	48	0	2	97	2	97	4.28e-35	107
A102/197	A146/1-97	47.423	97	51	0	1	97	1	97	3.16e-33	103
A102/197	A58/1-97	43.299	97	55	0	1	97	1	97	8.54e-33	102
A102/197	A19/1-97	50.549	91	45	0	1	91	1	91	2.64e-32	100
A102/197	A157/1-97	47.312	93	49	0	1	93	1	93	4.58e-31	97.8
A102/197	A33/1-97	44.792	96	53	0	2	97	2	97	1.19e-30	96.7
A102/197	A128/1-97	45.833	96	52	0	1	96	1	96	1.29e-30	96.7
A102/197	A84/1-97	45.833	96	52	0	1	96	1	96	1.94e-30	95.9
A102/197	A95/1-97	43.750	96	54	0	1	96	1	96	3.69e-30	95.5
A102/197	A73/1-97	45.745	94	51	0	1	94	1	94	9.25e-30	94.4
A102/197	A51/1-96	46.875	96	50	1	1	96	1	95	2.06e-29	93.6
A102/197	A105/1-97	45.161	93	51	0	1	93	1	93	1.05e-28	91.7
A102/197	A117/1-97	41.935	93	54	0	1	93	1	93	1.65e-26	86.3
A102/197	A47/1-96	43.158	95	54	0	2	96	2	96	3.94e-26	85.1
A102/197	A40/1-96	43.750	96	53	1	1	96	1	95	3.27e-25	82.8
A102/197	A55/1-97	39.785	93	55	1	2	94	2	93	6.51e-25	82.0
A102/197	A161/1-98	38.889	90	55	0	2	91	2	91	1.14e-24	81.3
A102/197	A62/1-96	44.565	92	50	1	2	93	2	92	4.79e-24	79.7
A102/197	A139/1-97	36.842	95	60	0	2	96	2	96	9.22e-24	79.0
A102/197	A110/1-97	42.045	88	49	1	5	90	2	89	2.96e-23	77.8
A102/197	A166/1-99	38.542	96	58	1	1	95	1	96	4.58e-23	77.4
A102/197	A5/1-98	40.206	97	55	2	2	96	2	97	5.51e-23	77.0
A102/197	A88/1-97	43.023	86	48	1	2	87	2	86	7.15e-23	77.0
A102/197	A77/1-97	39.326	89	53	1	2	90	2	89	7.15e-23	77.0
A102/197	A99/1-97	35.955	89	56	1	2	90	2	89	1.18e-21	73.9
A102/197	A44/1-97	40.909	88	51	1	2	89	2	88	1.34e-21	73.6
A102/197	A143/1-97	36.170	94	59	1	2	95	2	94	2.26e-21	73.2
A102/197	A154/1-97	41.667	96	54	2	2	96	2	96	1.19e-20	71.2
A102/197	A66/1-97	39.326	89	53	1	2	90	2	89	1.58e-20	70.9
A102/197	A30/1-97	38.095	84	51	1	1	84	1	83	4.55e-20	69.7
A102/197	A86/1-99	39.175	97	56	2	1	95	1	96	4.70e-20	69.7
A102/197	A136/1-98	35.955	89	55	2	2	89	2	89	6.80e-20	69.3
A102/197	A52/1-98	38.636	88	49	2	4	90	7	90	1.41e-19	68.6
A102/197	A121/1-97	34.444	90	58	1	2	91	2	90	3.75e-19	67.4
A102/197	A132/1-97	37.805	82	51	0	9	90	8	89	7.19e-19	66.6
A102/197	A150/1-96	31.579	95	64	1	2	96	2	95	2.89e-18	65.1
A102/197	A167/1-98	39.535	86	50	2	1	85	1	85	1.39e-17	63.5
A102/197	A126/1-99	40.789	76	44	1	9	83	8	83	2.37e-17	62.8
A102/197	A74/1-98	40.230	87	50	2	2	87	2	87	2.56e-17	62.8
A102/197	A28/1-100	36.667	90	53	2	1	87	1	89	5.70e-17	62.0
A102/197	A151/1-99	35.789	95	58	2	2	94	2	95	6.08e-17	61.6
A102/197	A41/1-98	35.714	98	60	3	1	96	1	97	6.15e-17	61.6
A102/197	A118/1-98	32.979	94	61	2	2	94	2	94	8.89e-17	61.2
A102/197	A63/1-98	32.632	95	62	2	2	95	2	95	8.98e-17	61.2
A102/197	A37/1-96	34.737	95	60	2	1	95	1	93	1.18e-16	60.8
A102/197	A53/1-99	36.667	90	54	2	2	89	2	90	1.26e-16	60.8
A102/197	A70/1-98	40.230	87	50	2	2	87	2	87	1.45e-16	60.8
A102/197	A100/1-96	37.209	86	52	2	2	87	2	85	2.83e-16	60.1
A102/197	A78/1-96	40.230	87	50	2	1	87	1	85	3.02e-16	60.1
A102/197	A107/1-98	35.632	87	54	2	2	87	2	87	4.37e-16	59.7
A102/197	A12/1-98	30.612	98	65	2	1	96	1	97	6.24e-16	59.3
A102/197	A92/1-98	35.714	84	52	2	1	83	1	83	8.54e-16	58.9
A102/197	A89/1-96	38.372	86	51	2	2	87	2	85	1.88e-15	57.8
A102/197	A122/1-96	36.364	88	52	3	1	87	1	85	2.26e-15	57.8
A102/197	A152/1-99	34.737	95	59	2	2	94	2	95	3.00e-15	57.4
A102/197	A9/1-95	31.169	77	52	1	18	94	17	92	3.00e-15	57.4
A102/197	A3/1-98	39.080	87	51	2	2	87	2	87	3.76e-15	57.0
A102/197	A141/1-98	36.471	85	52	2	2	85	2	85	4.67e-15	57.0
A102/197	A125/1-98	33.333	87	56	2	2	87	2	87	4.98e-15	57.0
A102/197	A7/1-97	29.474	95	64	2	2	95	3	95	5.73e-15	56.6
A102/197	A20/1-102	34.483	87	51	2	2	83	2	87	6.74e-15	56.6
A102/197	A16/1-97	31.461	89	60	1	2	90	2	89	6.81e-15	56.6
A102/197	A14/1-100	34.375	96	59	2	2	94	2	96	7.50e-15	56.2
A102/197	A104/1-99	37.349	83	50	2	14	94	13	95	7.59e-15	56.2
A102/197	A163/1-98	36.364	88	54	2	1	87	1	87	8.82e-15	56.2
A102/197	A75/1-99	37.079	89	53	2	1	87	1	88	8.92e-15	56.2
A102/197	A158/1-98	37.931	87	52	2	2	87	2	87	9.31e-15	56.2
A102/197	A67/1-95	30.526	95	64	2	2	96	2	94	1.37e-14	55.8
A102/197	A147/1-98	37.113	97	57	3	4	96	1	97	1.42e-14	55.8
A102/197	A85/1-98	34.667	75	48	1	14	87	13	87	1.50e-14	55.5
A102/197	A23/1-98	31.915	94	64	0	2	95	2	95	1.53e-14	55.5
A102/197	A103/1-98	32.955	88	57	2	1	87	1	87	1.63e-14	55.5
A102/197	A60/1-99	34.375	96	61	2	2	95	1	96	1.74e-14	55.5
A102/197	A34/1-97	37.234	94	56	3	2	94	2	93	1.74e-14	55.5
A102/197	A96/1-98	33.333	87	56	2	2	87	2	87	2.54e-14	55.1
A102/197	A140/1-99	33.333	72	46	1	14	83	13	84	2.86e-14	55.1
A102/197	A48/1-98	32.911	79	52	1	10	87	9	87	3.12e-14	54.7
A102/197	A27/1-98	36.364	77	46	2	13	87	12	87	3.12e-14	54.7
A102/197	A81/1-98	34.483	87	55	2	2	87	2	87	3.71e-14	54.7
A102/197	A130/1-99	32.222	90	58	2	2	89	2	90	5.18e-14	54.3
A102/197	A119/1-97	34.831	89	57	1	2	90	2	89	5.83e-14	54.3
A102/197	A71/1-99	32.941	85	55	2	4	87	4	87	1.02e-13	53.5
A102/197	A108/1-99	34.091	88	55	2	2	87	2	88	1.06e-13	53.5
A102/197	A155/1-98	34.021	97	58	4	5	96	2	97	1.27e-13	53.1
A102/197	A133/1-95	30.588	85	56	2	5	88	4	86	1.37e-13	53.1
A102/197	A24/1-98	32.500	80	53	1	9	87	8	87	1.81e-13	52.8
A102/197	A129/1-98	33.333	84	54	2	2	84	2	84	1.93e-13	52.8
A102/197	A93/1-99	37.349	83	50	2	14	94	13	95	1.93e-13	52.8
A102/197	A115/1-99	31.250	96	64	2	2	95	1	96	3.93e-13	52.0
A102/197	A13/1-103	34.783	92	53	3	2	87	2	92	5.79e-13	51.6
A102/197	A144/1-96	29.032	93	63	2	5	95	2	93	6.17e-13	51.6
A102/197	A35/1-99	29.592	98	65	3	2	96	2	98	9.29e-13	50.8
A102/197	A59/1-98	33.708	89	57	2	8	94	7	95	2.02e-12	50.1
A102/197	A42/1-104	30.000	100	62	3	2	94	2	100	2.32e-12	50.1
A102/197	A82/1-99	34.940	83	52	2	14	94	13	95	2.42e-12	50.1
A102/197	A162/1-99	36.486	74	46	1	13	85	13	86	2.45e-12	50.1
A102/197	A111/1-96	34.884	86	54	2	2	87	2	85	2.90e-12	49.7
A102/197	A114/1-98	27.711	83	58	2	2	83	2	83	4.91e-12	49.3
A102/197	A137/1-98	30.526	95	65	1	2	95	1	95	1.24e-11	48.1
A102/197	A97/1-99	31.765	85	55	2	1	83	1	84	1.28e-11	48.1
A102/197	A10/1-98	30.208	96	64	2	4	96	1	96	1.29e-11	48.1
A102/197	A45/1-98	28.723	94	65	2	1	93	1	93	1.86e-11	47.8
A102/197	A31/1-95	34.884	86	54	2	2	87	2	85	3.69e-11	47.0
A102/197	A2/1-97	25.532	94	69	1	2	95	2	94	6.57e-11	46.2
A102/197	A64/1-99	31.818	88	57	3	2	87	2	88	1.56e-10	45.4
A102/197	A159/1-98	26.596	94	67	2	2	94	2	94	3.37e-10	44.3
A102/197	A17/1-103	30.435	92	57	3	2	87	2	92	3.41e-10	44.3
A102/197	A56/1-93	32.558	86	55	3	2	87	2	84	1.33e-09	42.7
A102/197	A38/1-98	25.773	97	70	2	1	96	1	96	1.44e-09	42.7
A102/197	A148/1-102	30.667	75	48	2	13	83	12	86	1.67e-09	42.7
A102/197	A6/1-97	29.787	94	59	4	4	91	1	93	4.16e-09	41.6
A102/197	A21/1-98	34.737	95	57	3	2	94	3	94	1.72e-08	40.0
A102/197	A49/1-100	27.586	87	59	2	4	87	4	89	2.44e-05	31.6
A103/198	A103/1-98	100.000	98	0	0	1	98	1	98	2.17e-72	202
A103/198	A81/1-98	79.381	97	20	0	2	98	2	98	3.56e-59	168
A103/198	A92/1-98	72.449	98	27	0	1	98	1	98	2.23e-56	161
A103/198	A114/1-98	62.887	97	36	0	2	98	2	98	7.26e-43	127
A103/198	A125/1-98	54.639	97	44	0	2	98	2	98	9.30e-40	119
A103/198	A70/1-98	53.608	97	45	0	2	98	2	98	1.51e-39	119
A103/198	A63/1-98	50.515	97	48	0	2	98	2	98	8.74e-37	112
A103/198	A107/1-98	50.515	97	48	0	2	98	2	98	1.91e-35	108
A103/198	A136/1-98	47.368	95	50	0	2	96	2	96	1.85e-34	106
A103/198	A118/1-98	46.392	97	52	0	2	98	2	98	1.63e-33	103
A103/198	A59/1-98	51.546	97	47	0	2	98	2	98	2.26e-33	103
A103/198	A96/1-98	48.454	97	50	0	2	98	2	98	3.39e-33	103
A103/198	A147/1-98	47.423	97	51	0	2	98	2	98	1.05e-32	102
A103/198	A52/1-98	47.959	98	48	1	4	98	1	98	5.95e-32	100
A103/198	A158/1-98	46.392	97	52	0	2	98	2	98	9.12e-32	99.4
A103/198	A34/1-97	50.549	91	44	1	2	92	2	91	7.53e-31	97.1
A103/198	A74/1-98	46.392	97	52	0	2	98	2	98	1.23e-30	96.7
A103/198	A48/1-98	46.875	96	51	0	2	97	2	97	7.24e-30	94.7
A103/198	A129/1-98	47.423	97	51	0	2	98	2	98	2.63e-29	93.2
A103/198	A41/1-98	47.959	98	51	0	1	98	1	98	5.12e-29	92.4
A103/198	A85/1-98	44.828	87	48	0	2	88	2	88	1.84e-28	91.3
A103/198	A140/1-99	44.898	98	53	1	2	98	2	99	2.34e-27	88.2
A103/198	A167/1-98	43.956	91	51	0	2	92	2	92	1.23e-26	86.7
A103/198	A27/1-98	46.939	98	50	2	2	98	2	98	1.40e-26	86.3
A103/198	A20/1-102	41.584	101	55	1	2	98	2	102	3.63e-26	85.1
A103/198	A13/1-103	41.176	102	55	1	2	98	2	103	1.25e-25	84.0
A103/198	A137/1-98	38.542	96	57	2	4	98	4	98	1.20e-24	81.3
A103/198	A151/1-99	37.755	98	60	1	2	98	2	99	1.62e-24	81.3
A103/198	A163/1-98	42.222	90	52	0	2	91	2	91	3.51e-24	80.1
A103/198	A6/1-97	43.299	97	54	1	2	98	2	97	1.15e-23	79.0
A103/198	A82/1-99	41.667	96	55	1	4	98	4	99	2.12e-23	78.2
A103/198	A35/1-99	37.755	98	60	1	2	98	2	99	3.04e-23	77.8
A103/198	A162/1-99	38.202	89	55	0	10	98	11	99	2.74e-22	75.5
A103/198	A53/1-99	38.776	98	59	1	2	98	2	99	5.05e-22	74.7
A103/198	A115/1-99	39.583	96	57	1	4	98	4	99	8.42e-22	74.3
A103/198	A69/1-97	42.708	96	52	3	2	96	2	95	1.13e-21	73.9
A103/198	A60/1-99	37.500	96	59	1	4	98	4	99	1.45e-21	73.6
A103/198	A93/1-99	38.542	96	58	1	4	98	4	99	1.88e-21	73.2
A103/198	A104/1-99	38.542	96	58	1	4	98	4	99	2.50e-21	73.2
A103/198	A126/1-99	39.773	88	52	1	4	90	4	91	2.56e-20	70.5
A103/198	A19/1-97	41.379	87	49	2	2	87	2	87	3.92e-20	70.1
A103/198	A152/1-99	37.079	89	55	1	2	89	2	90	5.80e-20	69.3
A103/198	A148/1-102	38.554	83	48	1	5	84	5	87	6.46e-20	69.3
A103/198	A3/1-98	36.667	90	57	0	2	91	2	91	9.25e-20	68.9
A103/198	A121/1-97	36.264	91	57	1	2	92	2	91	1.02e-19	68.9
A103/198	A5/1-98	41.414	99	54	3	2	98	2	98	1.14e-19	68.9
A103/198	A108/1-99	35.714	98	62	1	2	98	2	99	1.15e-19	68.9
A103/198	A42/1-104	38.384	99	55	2	2	94	2	100	1.34e-19	68.6
A103/198	A58/1-97	39.796	98	56	3	1	97	1	96	1.81e-19	68.2
A103/198	A78/1-96	34.694	98	62	1	1	98	1	96	1.92e-19	68.2
A103/198	A141/1-98	39.175	97	59	0	2	98	2	98	2.49e-19	67.8
A103/198	A28/1-100	35.000	100	63	1	1	98	1	100	3.64e-19	67.4
A103/198	A55/1-97	37.895	95	58	1	2	96	2	95	4.28e-19	67.4
A103/198	A26/1-97	37.374	99	59	3	1	98	1	97	4.57e-19	67.4
A103/198	A159/1-98	35.955	89	57	0	2	90	2	90	4.77e-19	67.0
A103/198	A49/1-100	37.363	91	55	1	4	92	4	94	6.13e-19	67.0
A103/198	A84/1-97	36.364	99	60	3	1	98	1	97	6.40e-19	67.0
A103/198	A146/1-97	37.500	88	53	2	1	87	1	87	8.86e-19	66.6
A103/198	A66/1-97	38.462	91	55	1	2	92	2	91	1.14e-18	66.2
A103/198	A71/1-99	35.417	96	61	1	4	98	4	99	1.54e-18	65.9
A103/198	A21/1-98	41.237	97	55	1	4	98	2	98	1.56e-18	65.9
A103/198	A73/1-97	37.500	88	53	2	1	87	1	87	2.49e-18	65.5
A103/198	A62/1-96	38.372	86	52	1	2	87	2	86	3.56e-18	65.1
A103/198	A105/1-97	37.500	88	53	2	1	87	1	87	9.04e-18	63.9
A103/198	A122/1-96	40.000	90	52	1	1	90	1	88	1.02e-17	63.9
A103/198	A30/1-97	38.824	85	51	1	1	85	1	84	1.08e-17	63.5
A103/198	A144/1-96	33.673	98	63	1	1	98	1	96	1.10e-17	63.5
A103/198	A31/1-95	36.782	87	53	1	2	88	2	86	1.38e-17	63.5
A103/198	A51/1-96	32.184	87	58	1	1	87	1	86	1.46e-17	63.5
A103/198	A23/1-98	32.653	98	64	2	2	98	2	98	1.73e-17	63.2
A103/198	A161/1-98	40.000	80	47	1	13	92	14	92	2.27e-17	62.8
A103/198	A75/1-99	33.333	99	65	1	1	98	1	99	2.88e-17	62.8
A103/198	A128/1-97	33.333	99	63	3	1	98	1	97	3.08e-17	62.4
A103/198	A45/1-98	33.000	100	63	2	1	98	1	98	3.51e-17	62.4
A103/198	A113/1-96	37.349	83	51	1	1	83	1	82	4.31e-17	62.0
A103/198	A130/1-99	31.633	98	66	1	2	98	2	99	5.71e-17	62.0
A103/198	A119/1-97	32.990	97	64	1	2	98	2	97	8.71e-17	61.2
A103/198	A124/1-97	34.884	86	54	2	1	85	1	85	9.40e-17	61.2
A103/198	A143/1-97	33.684	95	62	1	2	96	2	95	9.50e-17	61.2
A103/198	A88/1-97	36.264	91	57	1	2	92	2	91	1.05e-16	61.2
A103/198	A157/1-97	36.458	96	57	3	1	93	1	95	1.47e-16	60.8
A103/198	A111/1-96	32.990	97	63	1	2	98	2	96	1.51e-16	60.8
A103/198	A99/1-97	34.884	86	55	1	2	87	2	86	1.84e-16	60.5
A103/198	A24/1-98	35.955	89	57	0	10	98	10	98	2.31e-16	60.5
A103/198	A64/1-99	33.333	93	61	1	2	93	2	94	2.33e-16	60.5
A103/198	A154/1-97	32.990	97	64	1	2	98	2	97	2.39e-16	60.5
A103/198	A77/1-97	35.052	97	62	1	2	98	2	97	2.57e-16	60.1
A103/198	A33/1-97	34.483	87	55	2	2	87	2	87	3.72e-16	59.7
A103/198	A44/1-97	35.714	98	60	2	2	98	2	97	6.53e-16	59.3
A103/198	A16/1-97	35.052	97	62	1	2	98	2	97	6.60e-16	59.3
A103/198	A56/1-93	39.796	98	52	4	2	98	2	93	6.67e-16	59.3
A103/198	A100/1-96	30.928	97	65	1	2	98	2	96	1.06e-15	58.5
A103/198	A97/1-99	31.868	91	61	1	1	90	1	91	1.25e-15	58.5
A103/198	A95/1-97	34.091	88	56	2	1	87	1	87	1.45e-15	58.2
A103/198	A89/1-96	32.990	97	63	1	2	98	2	96	1.62e-15	58.2
A103/198	A47/1-96	36.782	87	53	2	2	87	2	87	1.73e-15	58.2
A103/198	A110/1-97	31.868	91	61	1	2	92	2	91	3.23e-15	57.4
A103/198	A40/1-96	35.955	89	56	1	1	89	1	88	3.84e-15	57.0
A103/198	A86/1-99	32.967	91	60	1	1	90	1	91	9.63e-15	56.2
A103/198	A80/1-97	32.143	84	55	2	1	83	1	83	1.50e-14	55.8
A103/198	A102/1-97	32.955	88	57	2	1	87	1	87	1.69e-14	55.5
A103/198	A117/1-97	32.955	88	57	2	1	87	1	87	2.21e-14	55.1
A103/198	A7/1-97	30.526	95	65	1	2	96	3	96	2.96e-14	55.1
A103/198	A67/1-95	32.979	94	61	1	2	95	2	93	3.12e-14	54.7
A103/198	A9/1-95	36.145	83	49	2	8	90	10	88	5.07e-14	54.3
A103/198	A135/1-97	32.979	94	61	2	4	97	5	96	5.24e-14	54.3
A103/198	A17/1-103	33.696	92	56	1	2	88	2	93	5.53e-14	54.3
A103/198	A139/1-97	33.766	77	50	1	11	87	12	87	8.33e-14	53.9
A103/198	A14/1-100	32.323	99	65	1	2	98	2	100	1.21e-13	53.1
A103/198	A155/1-98	26.804	97	71	0	2	98	2	98	1.23e-13	53.1
A103/198	A10/1-98	34.091	88	55	1	4	88	1	88	1.49e-13	53.1
A103/198	A132/1-97	32.530	83	55	1	10	92	10	91	2.34e-13	52.8
A103/198	A166/1-99	29.474	95	67	0	4	98	5	99	3.10e-13	52.4
A103/198	A38/1-98	29.897	97	68	0	2	98	2	98	4.62e-13	52.0
A103/198	A91/1-97	29.762	84	57	2	1	83	1	83	8.34e-13	51.2
A103/198	A150/1-96	32.990	97	63	2	2	98	2	96	1.06e-12	50.8
A103/198	A37/1-96	30.588	85	57	2	1	85	1	83	1.21e-11	48.1
A103/198	A12/1-98	24.742	97	70	2	1	95	1	96	6.66e-10	43.5
A103/198	A2/1-97	29.703	101	62	2	2	98	2	97	2.19e-08	39.7
A103/198	A133/1-95	28.409	88	57	2	2	87	2	85	4.25e-06	33.5
A104/199	A104/1-99	100.000	99	0	0	1	99	1	99	1.02e-73	205
A104/199	A82/1-99	82.828	99	17	0	1	99	1	99	2.47e-64	181
A104/199	A93/1-99	77.778	99	22	0	1	99	1	99	6.56e-60	170
A104/199	A115/1-99	65.657	99	34	0	1	99	1	99	2.12e-50	146
A104/199	A71/1-99	68.687	99	31	0	1	99	1	99	1.72e-49	144
A104/199	A126/1-99	60.204	98	39	0	2	99	2	99	1.11e-44	132
A104/199	A60/1-99	59.596	99	40	0	1	99	1	99	2.94e-42	125
A104/199	A148/1-102	52.941	102	45	1	1	99	1	102	2.88e-37	113
A104/199	A137/1-98	54.545	99	44	1	1	99	1	98	1.33e-36	111
A104/199	A49/1-100	44.898	98	51	2	1	96	1	97	1.33e-28	91.7
A104/199	A74/1-98	43.434	99	55	1	1	99	1	98	8.17e-26	84.3
A104/199	A53/1-99	47.253	91	46	2	1	90	1	90	2.66e-25	83.2
A104/199	A34/1-97	45.361	97	51	2	1	97	1	95	4.11e-25	82.8
A104/199	A28/1-100	45.918	98	50	2	4	99	4	100	4.20e-25	82.8
A104/199	A63/1-98	43.434	99	55	1	1	99	1	98	4.43e-25	82.4
A104/199	A85/1-98	43.299	97	54	1	3	99	3	98	5.95e-25	82.4
A104/199	A129/1-98	46.067	89	46	1	4	90	4	92	1.79e-24	80.9
A104/199	A147/1-98	42.424	99	56	1	1	99	1	98	1.91e-24	80.9
A104/199	A78/1-96	42.708	96	52	2	4	99	4	96	4.57e-24	80.1
A104/199	A107/1-98	43.478	92	51	1	1	92	1	91	5.39e-24	79.7
A104/199	A155/1-98	41.053	95	55	1	5	99	5	98	6.77e-24	79.7
A104/199	A162/1-99	40.230	87	51	1	13	99	14	99	7.72e-24	79.3
A104/199	A52/1-98	45.455	99	50	2	4	99	1	98	7.89e-24	79.3
A104/199	A96/1-98	46.512	86	45	1	4	89	4	88	1.14e-23	79.0
A104/199	A86/1-99	44.330	97	52	2	4	99	4	99	1.60e-23	78.6
A104/199	A140/1-99	48.780	82	41	1	3	83	3	84	3.18e-23	77.8
A104/199	A111/1-96	44.444	99	52	2	1	99	1	96	3.83e-23	77.8
A104/199	A136/1-98	43.820	89	49	1	4	92	4	91	5.03e-23	77.4
A104/199	A151/1-99	40.206	97	56	2	4	99	4	99	8.67e-23	76.6
A104/199	A17/1-103	46.154	104	50	3	1	99	1	103	1.55e-22	76.3
A104/199	A163/1-98	39.362	94	56	1	5	98	5	97	1.65e-22	75.9
A104/199	A118/1-98	40.625	96	56	1	4	99	4	98	5.58e-22	74.7
A104/199	A20/1-102	42.574	101	49	3	5	99	5	102	8.09e-22	74.3
A104/199	A70/1-98	42.708	96	54	1	4	99	4	98	1.83e-21	73.6
A104/199	A3/1-98	44.444	99	54	1	1	99	1	98	2.00e-21	73.2
A104/199	A144/1-96	39.583	96	55	2	4	99	4	96	2.06e-21	73.2
A104/199	A103/1-98	38.542	96	58	1	4	99	4	98	2.59e-21	73.2
A104/199	A158/1-98	42.857	98	52	2	5	99	2	98	2.92e-21	72.8
A104/199	A41/1-98	38.776	98	56	2	5	99	2	98	3.05e-21	72.8
A104/199	A81/1-98	38.542	96	58	1	4	99	4	98	4.00e-21	72.4
A104/199	A119/1-97	41.667	96	54	2	4	99	4	97	6.39e-21	72.0
A104/199	A75/1-99	38.144	97	58	2	4	99	4	99	6.46e-21	72.0
A104/199	A167/1-98	38.298	94	57	1	5	98	5	97	7.05e-21	72.0
A104/199	A14/1-100	44.554	101	53	2	1	99	1	100	8.30e-21	71.6
A104/199	A24/1-98	39.796	98	55	2	5	99	2	98	9.88e-21	71.6
A104/199	A114/1-98	38.384	99	60	1	1	99	1	98	1.41e-20	71.2
A104/199	A108/1-99	36.000	100	62	2	1	99	1	99	2.69e-20	70.5
A104/199	A45/1-98	39.394	99	55	3	3	99	3	98	4.53e-20	69.7
A104/199	A42/1-104	38.095	105	55	4	4	99	1	104	5.05e-20	69.7
A104/199	A141/1-98	37.374	99	58	2	4	99	1	98	5.88e-20	69.7
A104/199	A152/1-99	38.710	93	55	2	4	95	4	95	7.80e-20	69.3
A104/199	A130/1-99	42.000	100	53	3	4	99	1	99	1.23e-19	68.6
A104/199	A48/1-98	40.206	97	54	2	5	98	2	97	1.33e-19	68.6
A104/199	A92/1-98	36.458	96	60	1	4	99	4	98	1.80e-19	68.2
A104/199	A64/1-99	40.000	90	52	2	1	89	1	89	2.36e-19	68.2
A104/199	A159/1-98	36.842	95	56	2	4	95	1	94	3.10e-19	67.8
A104/199	A125/1-98	38.542	96	58	1	4	99	4	98	7.63e-19	66.6
A104/199	A89/1-96	37.113	97	58	2	3	99	3	96	8.69e-19	66.6
A104/199	A97/1-99	37.113	97	59	2	4	99	4	99	2.75e-18	65.1
A104/199	A59/1-98	39.175	97	58	1	3	99	3	98	4.53e-18	64.7
A104/199	A67/1-95	40.217	92	52	2	4	95	4	92	4.88e-18	64.7
A104/199	A122/1-96	39.080	87	50	2	4	90	4	87	5.94e-18	64.3
A104/199	A13/1-103	38.298	94	51	2	4	90	4	97	1.30e-17	63.5
A104/199	A66/1-97	39.080	87	51	2	13	99	13	97	5.08e-17	62.0
A104/199	A6/1-97	38.542	96	56	2	1	94	1	95	6.66e-17	61.6
A104/199	A27/1-98	36.735	98	59	3	3	99	3	98	6.95e-17	61.6
A104/199	A10/1-98	43.956	91	43	4	4	89	1	88	1.00e-16	61.2
A104/199	A9/1-95	39.326	89	50	2	11	99	11	95	1.58e-16	60.8
A104/199	A124/1-97	41.111	90	50	3	4	92	4	91	1.90e-16	60.5
A104/199	A154/1-97	36.782	87	53	2	13	99	13	97	2.44e-16	60.5
A104/199	A31/1-95	40.964	83	44	2	4	83	1	81	3.20e-16	60.1
A104/199	A100/1-96	33.333	99	63	2	1	99	1	96	3.31e-16	60.1
A104/199	A133/1-95	41.860	86	46	3	14	99	14	95	4.10e-16	59.7
A104/199	A38/1-98	39.024	82	47	1	5	83	2	83	4.99e-16	59.3
A104/199	A16/1-97	37.500	96	58	2	4	99	4	97	6.47e-16	59.3
A104/199	A35/1-99	34.000	100	64	2	1	99	1	99	1.10e-15	58.5
A104/199	A161/1-98	36.735	98	60	2	1	98	2	97	1.12e-15	58.5
A104/199	A58/1-97	43.662	71	39	1	13	83	14	83	1.44e-15	58.2
A104/199	A19/1-97	37.931	87	51	3	13	99	14	97	1.49e-15	58.2
A104/199	A26/1-97	40.625	96	49	4	5	94	2	95	2.50e-15	57.8
A104/199	A51/1-96	36.957	92	50	3	5	89	2	92	2.58e-15	57.8
A104/199	A47/1-96	43.820	89	47	3	4	91	4	90	3.53e-15	57.4
A104/199	A113/1-96	35.870	92	57	2	4	95	4	93	5.68e-15	56.6
A104/199	A128/1-97	38.710	93	54	3	4	95	4	94	5.74e-15	56.6
A104/199	A102/1-97	37.349	83	50	2	13	95	14	94	8.11e-15	56.2
A104/199	A30/1-97	38.750	80	48	1	4	83	4	82	9.33e-15	56.2
A104/199	A77/1-97	35.417	96	60	2	4	99	4	97	1.20e-14	55.8
A104/199	A110/1-97	43.056	72	38	2	13	83	13	82	2.10e-14	55.5
A104/199	A135/1-97	37.634	93	52	3	4	92	1	91	2.63e-14	55.1
A104/199	A5/1-98	37.000	100	55	4	5	99	2	98	2.99e-14	55.1
A104/199	A80/1-97	39.759	83	45	2	5	83	2	83	3.16e-14	54.7
A104/199	A21/1-98	41.837	98	54	2	4	99	2	98	3.79e-14	54.7
A104/199	A91/1-97	37.778	90	53	3	3	90	3	91	5.97e-14	54.3
A104/199	A84/1-97	36.842	95	54	3	5	95	2	94	1.06e-13	53.5
A104/199	A88/1-97	37.500	80	49	1	4	83	4	82	1.16e-13	53.5
A104/199	A166/1-99	34.021	97	62	2	3	98	3	98	1.22e-13	53.5
A104/199	A132/1-97	34.483	87	55	2	13	99	13	97	1.46e-13	53.1
A104/199	A105/1-97	36.082	97	55	4	5	97	2	95	2.13e-13	52.8
A104/199	A95/1-97	34.783	92	54	3	5	92	2	91	2.34e-13	52.8
A104/199	A55/1-97	33.333	96	59	3	5	97	2	95	2.37e-13	52.8
A104/199	A7/1-97	35.366	82	51	1	4	83	2	83	2.39e-13	52.8
A104/199	A44/1-97	35.632	87	54	2	13	99	13	97	2.94e-13	52.4
A104/199	A23/1-98	35.802	81	49	2	13	91	14	93	4.72e-13	52.0
A104/199	A157/1-97	35.802	81	50	2	4	83	4	83	1.03e-12	50.8
A104/199	A143/1-97	35.714	98	58	3	5	99	2	97	3.30e-12	49.7
A104/199	A73/1-97	35.955	89	54	3	4	91	4	90	4.41e-12	49.3
A104/199	A56/1-93	32.184	87	53	3	13	99	13	93	5.52e-12	48.9
A104/199	A33/1-97	34.409	93	58	3	4	95	4	94	1.89e-11	47.8
A104/199	A150/1-96	32.941	85	46	2	4	83	4	82	3.00e-11	47.4
A104/199	A62/1-96	34.091	88	56	2	4	91	4	89	3.84e-11	47.0
A104/199	A69/1-97	30.928	97	60	3	5	97	2	95	7.45e-11	46.2
A104/199	A99/1-97	30.488	82	53	2	5	83	2	82	8.94e-11	45.8
A104/199	A40/1-96	36.145	83	51	2	13	95	13	93	1.57e-10	45.4
A104/199	A146/1-97	32.184	87	57	2	9	95	10	94	3.15e-10	44.7
A104/199	A117/1-97	34.343	99	62	3	1	99	2	97	3.98e-10	44.3
A104/199	A12/1-98	32.927	82	52	2	4	83	4	84	7.23e-10	43.5
A104/199	A37/1-96	30.986	71	47	1	13	83	13	81	1.73e-09	42.7
A104/199	A121/1-97	30.488	82	53	2	5	83	2	82	2.16e-09	42.4
A104/199	A139/1-97	36.250	80	47	3	13	91	14	90	2.79e-09	42.0
A104/199	A2/1-97	33.333	75	41	3	13	83	13	82	4.69e-09	41.6
A105/197	A105/1-97	100.000	97	0	0	1	97	1	97	6.32e-72	201
A105/197	A73/1-97	75.258	97	24	0	1	97	1	97	3.68e-54	155
A105/197	A95/1-97	72.165	97	27	0	1	97	1	97	6.52e-54	155
A105/197	A84/1-97	72.165	97	27	0	1	97	1	97	1.41e-51	149
A105/197	A117/1-97	61.856	97	37	0	1	97	1	97	5.14e-44	130
A105/197	A128/1-97	60.825	97	38	0	1	97	1	97	1.02e-41	124
A105/197	A19/1-97	55.670	97	43	0	1	97	1	97	1.04e-39	119
A105/197	A62/1-96	58.333	96	39	1	2	97	2	96	5.22e-39	117
A105/197	A150/1-96	60.417	96	37	1	2	97	2	96	1.96e-37	113
A105/197	A139/1-97	55.319	94	42	0	2	95	2	95	1.09e-36	112
A105/197	A44/1-97	51.136	88	42	1	2	89	2	88	3.11e-32	100
A105/197	A47/1-96	46.809	94	50	0	2	95	2	95	4.31e-32	100
A105/197	A58/1-97	48.421	95	49	0	1	95	1	95	1.93e-31	98.6
A105/197	A51/1-96	46.392	97	51	1	1	97	1	96	2.77e-31	98.2
A105/197	A91/1-97	48.421	95	49	0	1	95	1	95	3.26e-31	98.2
A105/197	A124/1-97	46.316	95	51	0	1	95	1	95	4.50e-30	95.1
A105/197	A146/1-97	45.263	95	52	0	1	95	1	95	6.31e-30	94.7
A105/197	A26/1-97	45.361	97	53	0	1	97	1	97	7.94e-30	94.4
A105/197	A40/1-96	48.421	95	48	1	1	95	1	94	1.90e-29	93.6
A105/197	A157/1-97	45.556	90	49	0	1	90	1	90	2.37e-29	93.2
A105/197	A12/1-98	46.316	95	48	2	1	93	1	94	7.14e-29	92.0
A105/197	A102/1-97	45.161	93	51	0	1	93	1	93	1.05e-28	91.7
A105/197	A80/1-97	46.316	95	51	0	1	95	1	95	3.60e-28	90.5
A105/197	A143/1-97	51.136	88	42	1	2	89	2	88	4.78e-28	90.1
A105/197	A69/1-97	42.553	94	54	0	2	95	2	95	1.05e-27	89.0
A105/197	A33/1-97	43.617	94	53	0	2	95	2	95	1.52e-27	88.6
A105/197	A113/1-96	45.263	95	51	1	1	95	1	94	1.70e-27	88.6
A105/197	A77/1-97	47.778	90	46	1	2	91	2	90	1.87e-27	88.6
A105/197	A66/1-97	49.474	95	46	2	2	95	2	95	2.07e-27	88.6
A105/197	A99/1-97	42.697	89	50	1	2	90	2	89	2.72e-26	85.5
A105/197	A55/1-97	41.573	89	51	1	2	90	2	89	9.23e-26	84.3
A105/197	A135/1-97	40.426	94	56	0	2	95	2	95	6.23e-25	82.0
A105/197	A88/1-97	44.444	90	49	1	2	91	2	90	2.36e-24	80.5
A105/197	A16/1-97	42.697	89	50	1	2	90	2	89	6.57e-24	79.3
A105/197	A121/1-97	44.944	89	48	1	2	90	2	89	1.47e-23	78.6
A105/197	A30/1-97	36.735	98	60	2	1	97	1	97	2.49e-23	78.2
A105/197	A41/1-98	45.455	99	48	3	1	97	4	98	4.06e-23	77.4
A105/197	A110/1-97	40.909	88	50	1	5	90	2	89	6.28e-23	77.0
A105/197	A161/1-98	40.426	94	55	1	2	94	2	95	7.64e-23	76.6
A105/197	A37/1-96	42.857	98	53	3	1	97	1	96	1.06e-22	76.3
A105/197	A2/1-97	43.158	95	52	2	2	95	2	95	1.29e-22	76.3
A105/197	A23/1-98	41.573	89	52	0	2	90	2	90	4.04e-22	75.1
A105/197	A86/1-99	43.182	88	47	2	1	86	1	87	6.67e-22	74.3
A105/197	A63/1-98	44.444	90	48	2	2	90	2	90	8.95e-22	73.9
A105/197	A132/1-97	40.909	88	51	1	9	95	8	95	2.87e-21	72.8
A105/197	A108/1-99	42.045	88	48	2	2	87	2	88	6.49e-21	72.0
A105/197	A151/1-99	41.237	97	54	2	2	96	2	97	7.73e-21	71.6
A105/197	A130/1-99	42.222	90	49	2	2	89	2	90	9.19e-21	71.6
A105/197	A9/1-95	39.326	89	53	1	9	97	8	95	1.05e-20	71.2
A105/197	A118/1-98	44.086	93	50	2	2	93	2	93	1.22e-20	71.2
A105/197	A5/1-98	37.500	96	57	2	2	95	2	96	1.86e-20	70.9
A105/197	A107/1-98	40.449	89	51	2	2	89	2	89	2.58e-20	70.5
A105/197	A167/1-98	42.708	96	52	3	1	94	1	95	4.80e-20	69.7
A105/197	A96/1-98	41.379	87	49	2	2	87	2	87	5.24e-20	69.7
A105/197	A52/1-98	39.286	84	50	1	8	90	7	90	5.72e-20	69.3
A105/197	A154/1-97	39.326	89	53	1	2	90	2	89	6.37e-20	69.3
A105/197	A67/1-95	41.304	92	52	2	2	93	2	91	6.37e-20	69.3
A105/197	A74/1-98	37.755	98	58	3	2	97	2	98	7.18e-20	69.3
A105/197	A13/1-103	40.426	94	49	2	2	89	2	94	2.35e-19	67.8
A105/197	A17/1-103	39.000	100	52	4	4	94	1	100	5.66e-19	67.0
A105/197	A166/1-99	32.979	94	62	1	1	93	1	94	1.20e-18	66.2
A105/197	A158/1-98	37.755	98	58	3	2	97	2	98	3.05e-18	65.1
A105/197	A27/1-98	42.045	88	47	3	2	87	2	87	4.36e-18	64.7
A105/197	A129/1-98	41.304	92	49	3	2	89	2	92	7.67e-18	63.9
A105/197	A137/1-98	42.529	87	48	2	2	87	1	86	7.92e-18	63.9
A105/197	A89/1-96	38.372	86	51	2	2	87	2	85	8.27e-18	63.9
A105/197	A103/1-98	37.500	88	53	2	1	87	1	87	8.73e-18	63.9
A105/197	A136/1-98	34.831	89	56	2	2	89	2	89	9.12e-18	63.9
A105/197	A122/1-96	34.831	89	56	2	1	89	1	87	1.07e-17	63.5
A105/197	A159/1-98	39.326	89	52	2	2	89	2	89	1.22e-17	63.5
A105/197	A34/1-97	39.175	97	55	4	2	96	2	96	1.64e-17	63.2
A105/197	A140/1-99	41.860	86	44	3	2	85	5	86	1.69e-17	63.2
A105/197	A45/1-98	43.956	91	47	3	2	90	2	90	2.06e-17	62.8
A105/197	A152/1-99	39.560	91	52	2	2	90	2	91	2.10e-17	62.8
A105/197	A119/1-97	34.831	89	57	1	2	90	2	89	3.42e-17	62.4
A105/197	A59/1-98	38.043	92	55	2	8	97	7	98	3.61e-17	62.4
A105/197	A35/1-99	36.667	90	54	2	2	89	2	90	4.59e-17	62.0
A105/197	A20/1-102	36.275	102	58	4	2	97	2	102	4.69e-17	62.0
A105/197	A3/1-98	41.489	94	52	2	4	94	1	94	5.58e-17	62.0
A105/197	A85/1-98	36.782	87	53	2	2	87	2	87	7.39e-17	61.6
A105/197	A162/1-99	38.961	77	46	1	11	86	11	87	1.10e-16	61.2
A105/197	A115/1-99	38.947	95	55	3	2	93	1	95	1.27e-16	60.8
A105/197	A81/1-98	37.931	87	52	2	2	87	2	87	2.63e-16	60.1
A105/197	A78/1-96	37.755	98	58	3	1	97	1	96	3.09e-16	60.1
A105/197	A155/1-98	37.349	83	51	1	9	90	8	90	3.67e-16	59.7
A105/197	A111/1-96	34.783	92	58	2	5	95	4	94	4.46e-16	59.7
A105/197	A141/1-98	38.776	98	57	3	2	97	2	98	4.87e-16	59.3
A105/197	A64/1-99	35.227	88	54	2	2	87	2	88	6.04e-16	59.3
A105/197	A82/1-99	39.175	97	52	4	2	95	5	97	1.08e-15	58.5
A105/197	A70/1-98	37.755	98	58	3	2	97	2	98	1.33e-15	58.2
A105/197	A48/1-98	37.975	79	48	1	10	87	9	87	1.63e-15	58.2
A105/197	A53/1-99	35.556	90	55	2	2	89	2	90	1.67e-15	58.2
A105/197	A125/1-98	35.714	98	60	3	2	97	2	98	2.07e-15	57.8
A105/197	A75/1-99	34.831	89	55	2	1	87	1	88	2.12e-15	57.8
A105/197	A147/1-98	38.384	99	55	4	4	97	1	98	2.34e-15	57.8
A105/197	A144/1-96	35.556	90	56	2	1	90	1	88	3.92e-15	57.0
A105/197	A92/1-98	33.721	86	55	2	2	86	2	86	6.25e-15	56.6
A105/197	A28/1-100	35.556	90	54	2	1	87	1	89	6.66e-15	56.6
A105/197	A126/1-99	34.021	97	60	4	4	97	4	99	6.96e-15	56.6
A105/197	A21/1-98	43.820	89	47	2	2	89	3	89	1.07e-14	55.8
A105/197	A31/1-95	38.043	92	55	2	2	93	2	91	1.30e-14	55.8
A105/197	A97/1-99	34.091	88	55	2	1	86	1	87	1.37e-14	55.8
A105/197	A60/1-99	35.052	97	61	2	2	96	1	97	2.38e-14	55.1
A105/197	A7/1-97	33.333	96	61	2	2	96	3	96	3.83e-14	54.7
A105/197	A42/1-104	35.789	95	53	3	2	89	2	95	6.03e-14	53.9
A105/197	A56/1-93	37.500	88	52	3	2	89	2	86	6.57e-14	53.9
A105/197	A24/1-98	38.372	86	50	2	5	87	2	87	6.57e-14	53.9
A105/197	A93/1-99	37.374	99	55	4	2	97	5	99	7.01e-14	53.9
A105/197	A6/1-97	39.535	86	48	3	4	86	1	85	7.81e-14	53.9
A105/197	A14/1-100	35.870	92	55	2	2	90	2	92	8.42e-14	53.5
A105/197	A100/1-96	36.082	97	59	3	2	97	2	96	1.15e-13	53.5
A105/197	A148/1-102	39.394	99	50	5	2	94	5	99	1.77e-13	52.8
A105/197	A104/1-99	36.082	97	55	4	2	95	5	97	1.99e-13	52.8
A105/197	A163/1-98	30.682	88	59	2	1	87	1	87	3.45e-13	52.0
A105/197	A114/1-98	36.047	86	53	2	2	86	2	86	4.97e-12	49.3
A105/197	A133/1-95	27.473	91	65	1	5	95	4	93	9.36e-12	48.5
A105/197	A10/1-98	35.632	87	53	2	4	87	1	87	9.06e-11	45.8
A105/197	A71/1-99	30.526	95	63	3	4	96	4	97	4.03e-09	41.6
A105/197	A49/1-100	31.959	97	62	2	2	94	1	97	5.03e-09	41.2
A105/197	A38/1-98	30.952	84	56	2	1	83	1	83	7.69e-09	40.8
A107/198	A107/1-98	100.000	98	0	0	1	98	1	98	2.22e-72	202
A107/198	A96/1-98	70.103	97	29	0	2	98	2	98	2.13e-51	149
A107/198	A74/1-98	68.367	98	31	0	1	98	1	98	3.41e-50	145
A107/198	A85/1-98	64.948	97	34	0	2	98	2	98	1.37e-49	144
A107/198	A129/1-98	58.763	97	40	0	2	98	2	98	2.07e-40	121
A107/198	A63/1-98	59.341	91	37	0	1	91	1	91	1.85e-39	119
A107/198	A118/1-98	53.608	97	45	0	2	98	2	98	9.56e-38	114
A107/198	A103/1-98	50.515	97	48	0	2	98	2	98	1.91e-35	108
A107/198	A92/1-98	48.454	97	50	0	2	98	2	98	1.12e-32	101
A107/198	A52/1-98	52.041	98	47	0	1	98	1	98	2.54e-32	100
A107/198	A125/1-98	48.454	97	50	0	2	98	2	98	4.15e-32	100
A107/198	A140/1-99	55.682	88	38	1	2	88	2	89	4.63e-32	100
A107/198	A114/1-98	49.438	89	45	0	1	89	1	89	5.46e-32	100
A107/198	A70/1-98	46.392	97	52	0	2	98	2	98	5.64e-32	100
A107/198	A81/1-98	46.392	97	52	0	2	98	2	98	2.41e-31	98.6
A107/198	A34/1-97	48.454	97	49	1	1	97	1	96	3.62e-31	97.8
A107/198	A136/1-98	44.792	96	53	0	2	97	2	97	1.67e-30	96.3
A107/198	A151/1-99	48.387	93	47	1	2	93	2	94	5.82e-30	94.7
A107/198	A41/1-98	47.778	90	47	0	2	91	2	91	6.01e-30	94.7
A107/198	A158/1-98	47.423	97	51	0	2	98	2	98	8.07e-30	94.7
A107/198	A3/1-98	45.918	98	53	0	1	98	1	98	2.08e-27	88.6
A107/198	A13/1-103	47.368	95	45	1	2	91	2	96	3.25e-27	87.8
A107/198	A13/1-103	58.333	12	5	0	1	12	91	102	6.9	16.5
A107/198	A82/1-99	47.778	90	46	1	1	89	1	90	1.05e-26	86.7
A107/198	A115/1-99	48.889	90	45	1	1	89	1	90	1.93e-26	85.9
A107/198	A20/1-102	46.809	94	46	1	2	91	2	95	2.13e-26	85.9
A107/198	A147/1-98	42.857	91	52	0	1	91	1	91	1.12e-25	84.0
A107/198	A86/1-99	46.512	86	45	1	2	86	2	87	1.22e-25	84.0
A107/198	A6/1-97	48.352	91	46	1	1	91	1	90	2.76e-25	83.2
A107/198	A27/1-98	48.352	91	45	2	2	91	2	91	3.25e-25	82.8
A107/198	A93/1-99	44.444	90	49	1	1	89	1	90	9.17e-25	81.6
A107/198	A126/1-99	42.529	87	49	1	4	89	4	90	2.15e-24	80.9
A107/198	A59/1-98	43.299	97	55	0	2	98	2	98	2.24e-24	80.9
A107/198	A45/1-98	46.392	97	48	2	2	96	2	96	3.74e-24	80.1
A107/198	A53/1-99	41.111	90	52	1	1	89	1	90	4.56e-24	80.1
A107/198	A104/1-99	43.478	92	51	1	1	91	1	92	5.19e-24	79.7
A107/198	A167/1-98	44.444	90	50	0	2	91	2	91	9.88e-24	79.0
A107/198	A108/1-99	40.449	89	52	1	1	88	1	89	9.88e-24	79.0
A107/198	A71/1-99	45.652	92	49	1	1	91	1	92	1.08e-23	79.0
A107/198	A55/1-97	46.739	92	40	2	2	89	2	88	1.31e-23	79.0
A107/198	A148/1-102	43.678	87	46	1	1	84	1	87	1.45e-23	78.6
A107/198	A58/1-97	47.872	94	45	3	2	92	2	94	1.61e-23	78.6
A107/198	A60/1-99	44.444	90	49	1	1	89	1	90	2.10e-23	78.2
A107/198	A95/1-97	42.697	89	49	2	2	89	2	89	9.03e-23	76.6
A107/198	A117/1-97	42.857	98	53	3	2	98	2	97	1.40e-22	76.3
A107/198	A152/1-99	42.697	89	50	1	2	89	2	90	1.51e-22	76.3
A107/198	A159/1-98	40.449	89	53	0	1	89	1	89	2.54e-22	75.5
A107/198	A141/1-98	39.796	98	59	0	1	98	1	98	2.63e-22	75.5
A107/198	A137/1-98	40.217	92	53	2	1	91	1	91	3.52e-22	75.1
A107/198	A35/1-99	38.889	90	54	1	1	89	1	90	4.19e-22	75.1
A107/198	A42/1-104	43.299	97	45	3	1	89	1	95	4.48e-22	74.7
A107/198	A51/1-96	37.634	93	55	2	2	92	2	93	5.16e-22	74.7
A107/198	A163/1-98	41.860	86	50	0	2	87	2	87	8.42e-22	74.3
A107/198	A48/1-98	35.789	95	61	0	2	96	2	96	9.39e-22	73.9
A107/198	A17/1-103	41.935	93	49	2	1	88	1	93	9.59e-22	73.9
A107/198	A73/1-97	42.697	89	49	2	2	89	2	89	1.27e-21	73.6
A107/198	A14/1-100	43.956	91	49	1	1	89	1	91	2.01e-21	73.2
A107/198	A30/1-97	44.048	84	46	1	2	85	2	84	2.15e-21	73.2
A107/198	A66/1-97	45.652	92	41	2	2	89	2	88	3.11e-21	72.8
A107/198	A49/1-100	39.785	93	54	1	1	91	1	93	6.04e-21	72.0
A107/198	A84/1-97	43.617	94	49	3	2	92	2	94	6.44e-21	72.0
A107/198	A146/1-97	42.697	89	49	2	2	89	2	89	8.55e-21	71.6
A107/198	A62/1-96	41.758	91	50	2	2	90	2	91	1.44e-20	70.9
A107/198	A88/1-97	41.304	92	45	2	2	89	2	88	1.51e-20	70.9
A107/198	A121/1-97	41.304	92	45	2	2	89	2	88	1.85e-20	70.9
A107/198	A16/1-97	44.318	88	48	1	2	89	2	88	2.25e-20	70.5
A107/198	A105/1-97	40.449	89	51	2	2	89	2	89	2.68e-20	70.5
A107/198	A154/1-97	40.000	90	53	1	2	91	2	90	3.19e-20	70.1
A107/198	A130/1-99	41.111	90	52	1	1	89	1	90	3.26e-20	70.1
A107/198	A78/1-96	36.082	97	60	1	2	98	2	96	3.29e-20	70.1
A107/198	A122/1-96	42.045	88	49	1	2	89	2	87	3.37e-20	70.1
A107/198	A31/1-95	41.379	87	49	1	1	87	1	85	3.92e-20	70.1
A107/198	A77/1-97	39.604	101	52	2	2	98	2	97	6.46e-20	69.3
A107/198	A64/1-99	42.697	89	50	1	1	88	1	89	7.86e-20	69.3
A107/198	A19/1-97	38.043	92	53	3	2	90	2	92	8.76e-20	68.9
A107/198	A162/1-99	37.975	79	49	0	13	91	14	92	9.77e-20	68.9
A107/198	A21/1-98	46.067	89	47	1	1	89	2	89	1.83e-19	68.2
A107/198	A99/1-97	38.636	88	53	1	2	89	2	88	2.33e-19	67.8
A107/198	A23/1-98	41.758	91	51	2	2	91	2	91	3.16e-19	67.8
A107/198	A28/1-100	38.889	90	53	1	2	89	2	91	3.68e-19	67.4
A107/198	A26/1-97	41.111	90	45	3	2	87	2	87	4.19e-19	67.4
A107/198	A111/1-96	34.694	98	62	1	1	98	1	96	6.13e-19	67.0
A107/198	A89/1-96	35.052	97	61	1	2	98	2	96	6.54e-19	67.0
A107/198	A155/1-98	39.773	88	53	0	2	89	2	89	7.61e-19	66.6
A107/198	A75/1-99	37.500	88	54	1	2	88	2	89	8.96e-19	66.6
A107/198	A24/1-98	40.230	87	52	0	2	88	2	88	1.02e-18	66.2
A107/198	A128/1-97	39.326	89	52	2	2	89	2	89	1.08e-18	66.2
A107/198	A40/1-96	42.045	88	50	1	2	89	2	88	1.68e-18	65.9
A107/198	A67/1-95	38.636	88	52	1	2	89	2	87	1.74e-18	65.9
A107/198	A124/1-97	39.535	86	50	2	2	86	2	86	2.41e-18	65.5
A107/198	A97/1-99	36.364	88	55	1	2	88	2	89	3.16e-18	65.1
A107/198	A144/1-96	42.697	89	47	2	2	89	2	87	3.26e-18	65.1
A107/198	A44/1-97	39.773	88	52	1	2	89	2	88	4.87e-18	64.7
A107/198	A166/1-99	39.130	92	53	3	2	91	2	92	5.14e-18	64.7
A107/198	A143/1-97	38.636	88	53	1	2	89	2	88	6.60e-18	64.3
A107/198	A5/1-98	44.318	88	46	2	2	87	2	88	7.85e-18	63.9
A107/198	A33/1-97	38.298	94	54	3	2	92	2	94	9.44e-18	63.9
A107/198	A56/1-93	38.298	94	55	2	2	95	2	92	1.01e-17	63.9
A107/198	A119/1-97	34.444	90	58	1	2	91	2	90	1.04e-17	63.9
A107/198	A10/1-98	37.778	90	53	1	4	90	1	90	1.47e-17	63.5
A107/198	A80/1-97	38.298	94	54	3	2	92	2	94	2.00e-17	63.2
A107/198	A47/1-96	40.230	87	50	2	2	87	2	87	2.59e-17	62.8
A107/198	A157/1-97	38.824	85	50	2	2	85	2	85	2.82e-17	62.8
A107/198	A113/1-96	34.444	90	58	1	2	91	2	90	3.99e-17	62.4
A107/198	A7/1-97	37.079	89	55	1	1	89	2	89	6.65e-17	61.6
A107/198	A110/1-97	36.957	92	49	2	2	89	2	88	8.16e-17	61.6
A107/198	A9/1-95	35.227	88	55	1	2	89	2	87	2.21e-16	60.5
A107/198	A161/1-98	40.230	87	50	2	2	87	2	87	2.49e-16	60.1
A107/198	A102/1-97	35.632	87	54	2	2	87	2	87	4.52e-16	59.7
A107/198	A37/1-96	36.047	86	49	2	2	85	2	83	5.49e-16	59.3
A107/198	A100/1-96	32.184	87	57	1	1	87	1	85	1.55e-15	58.2
A107/198	A69/1-97	35.294	85	53	2	2	85	2	85	1.65e-15	58.2
A107/198	A135/1-97	35.106	94	59	2	1	93	1	93	2.39e-15	57.8
A107/198	A150/1-96	38.710	93	54	2	2	92	2	93	2.69e-15	57.8
A107/198	A132/1-97	33.333	81	53	1	9	89	9	88	4.77e-15	57.0
A107/198	A139/1-97	37.209	86	43	3	13	92	14	94	1.65e-14	55.5
A107/198	A12/1-98	34.483	87	54	2	2	86	2	87	1.69e-14	55.5
A107/198	A91/1-97	34.940	83	52	2	2	83	2	83	4.13e-14	54.7
A107/198	A133/1-95	30.233	86	58	1	2	87	2	85	3.72e-11	47.0
A107/198	A38/1-98	30.488	82	57	0	2	83	2	83	3.76e-11	47.0
A107/198	A2/1-97	40.000	85	50	1	2	86	2	85	8.95e-11	45.8
A108/199	A108/1-99	100.000	99	0	0	1	99	1	99	8.46e-72	200
A108/199	A86/1-99	59.184	98	40	0	2	99	2	99	2.01e-43	129
A108/199	A75/1-99	57.143	98	42	0	2	99	2	99	7.55e-42	125
A108/199	A53/1-99	55.435	92	41	0	1	92	1	92	1.16e-37	114
A108/199	A97/1-99	50.000	94	47	0	2	95	2	95	4.66e-37	112
A108/199	A42/1-104	49.038	104	48	1	1	99	1	104	2.17e-35	108
A108/199	A64/1-99	55.435	92	41	0	1	92	1	92	1.59e-34	106
A108/199	A159/1-98	50.000	100	47	2	1	99	1	98	7.13e-32	99.8
A108/199	A130/1-99	41.414	99	58	0	1	99	1	99	5.78e-30	95.1
A108/199	A152/1-99	45.349	86	47	0	2	87	2	87	1.58e-29	94.0
A108/199	A35/1-99	44.444	99	55	0	1	99	1	99	1.13e-27	89.0
A108/199	A141/1-98	41.414	99	57	1	1	99	1	98	4.34e-27	87.8
A108/199	A115/1-99	43.000	100	55	2	1	99	1	99	8.00e-26	84.3
A108/199	A119/1-97	36.735	98	60	1	2	99	2	97	1.44e-25	84.0
A108/199	A14/1-100	42.000	100	57	1	1	99	1	100	2.63e-25	83.2
A108/199	A144/1-96	41.837	98	54	1	2	99	2	96	9.52e-25	81.6
A108/199	A78/1-96	37.755	98	58	1	2	99	2	96	2.89e-24	80.5
A108/199	A89/1-96	36.735	98	59	1	2	99	2	96	7.64e-24	79.3
A108/199	A107/1-98	40.449	89	52	1	1	89	1	88	1.02e-23	79.0
A108/199	A143/1-97	40.816	98	56	1	2	99	2	97	6.75e-23	77.0
A108/199	A67/1-95	41.379	87	48	1	2	88	2	85	8.04e-23	76.6
A108/199	A7/1-97	38.202	89	53	2	1	89	2	88	3.04e-22	75.5
A108/199	A155/1-98	41.000	100	54	2	2	99	2	98	3.65e-22	75.1
A108/199	A20/1-102	41.489	94	51	3	2	92	2	94	4.40e-22	75.1
A108/199	A28/1-100	35.354	99	63	1	2	99	2	100	4.85e-22	74.7
A108/199	A111/1-96	35.354	99	61	1	1	99	1	96	8.73e-22	74.3
A108/199	A126/1-99	37.363	91	55	2	4	93	4	93	9.63e-22	73.9
A108/199	A44/1-97	39.796	98	57	1	2	99	2	97	1.06e-21	73.9
A108/199	A82/1-99	39.000	100	59	2	1	99	1	99	1.10e-21	73.9
A108/199	A13/1-103	39.130	92	52	2	2	89	2	93	1.26e-21	73.9
A108/199	A96/1-98	37.500	88	54	1	2	89	2	88	1.59e-21	73.6
A108/199	A148/1-102	45.455	88	44	2	1	85	1	87	1.81e-21	73.6
A108/199	A63/1-98	35.644	101	60	2	1	99	1	98	2.56e-21	73.2
A108/199	A129/1-98	38.824	85	51	1	2	86	2	85	2.99e-21	72.8
A108/199	A77/1-97	37.755	98	59	1	2	99	2	97	3.67e-21	72.8
A108/199	A122/1-96	38.776	98	57	1	2	99	2	96	4.00e-21	72.4
A108/199	A74/1-98	38.202	89	54	1	1	89	1	88	6.39e-21	72.0
A108/199	A105/1-97	42.045	88	48	2	2	88	2	87	6.97e-21	72.0
A108/199	A81/1-98	39.796	98	58	1	2	99	2	98	8.48e-21	71.6
A108/199	A59/1-98	39.796	98	58	1	2	99	2	98	8.86e-21	71.6
A108/199	A31/1-95	40.000	90	51	1	1	90	1	87	1.41e-20	71.2
A108/199	A158/1-98	37.755	98	60	1	2	99	2	98	1.53e-20	70.9
A108/199	A66/1-97	39.796	98	57	1	2	99	2	97	1.94e-20	70.9
A108/199	A95/1-97	44.318	88	46	2	2	88	2	87	2.26e-20	70.5
A108/199	A49/1-100	36.667	90	56	1	1	89	1	90	2.60e-20	70.5
A108/199	A104/1-99	36.000	100	62	2	1	99	1	99	2.69e-20	70.5
A108/199	A55/1-97	37.755	98	59	1	2	99	2	97	3.27e-20	70.1
A108/199	A154/1-97	39.796	98	57	1	2	99	2	97	3.76e-20	70.1
A108/199	A121/1-97	42.045	88	49	1	2	89	2	87	5.57e-20	69.7
A108/199	A62/1-96	36.364	88	54	1	2	89	2	87	7.46e-20	69.3
A108/199	A100/1-96	37.374	99	59	1	1	99	1	96	1.01e-19	68.9
A108/199	A103/1-98	35.714	98	62	1	2	99	2	98	1.19e-19	68.9
A108/199	A88/1-97	37.500	88	53	1	2	89	2	87	1.23e-19	68.6
A108/199	A92/1-98	37.755	98	60	1	2	99	2	98	1.94e-19	68.2
A108/199	A93/1-99	34.000	100	64	2	1	99	1	99	1.98e-19	68.2
A108/199	A21/1-98	46.154	91	47	2	1	91	2	90	2.01e-19	68.2
A108/199	A117/1-97	40.909	88	49	2	2	88	2	87	2.34e-19	68.2
A108/199	A136/1-98	38.202	89	52	2	2	89	2	88	2.78e-19	67.8
A108/199	A162/1-99	44.706	85	44	2	10	92	11	94	3.10e-19	67.8
A108/199	A125/1-98	36.364	88	55	1	2	89	2	88	3.31e-19	67.8
A108/199	A16/1-97	39.773	88	51	1	2	89	2	87	3.73e-19	67.4
A108/199	A45/1-98	38.000	100	57	2	2	99	2	98	4.43e-19	67.4
A108/199	A84/1-97	42.045	88	48	2	2	88	2	87	4.58e-19	67.4
A108/199	A58/1-97	36.782	87	52	2	2	87	2	86	6.14e-19	67.0
A108/199	A73/1-97	39.773	88	50	2	2	88	2	87	6.28e-19	67.0
A108/199	A41/1-98	34.694	98	63	1	2	99	2	98	6.35e-19	67.0
A108/199	A52/1-98	32.323	99	66	1	1	99	1	98	1.70e-18	65.9
A108/199	A70/1-98	36.364	88	55	1	2	89	2	88	1.82e-18	65.9
A108/199	A2/1-97	37.755	98	59	1	2	99	2	97	1.82e-18	65.9
A108/199	A85/1-98	37.079	89	53	2	2	89	2	88	2.41e-18	65.5
A108/199	A157/1-97	38.372	86	50	2	2	86	2	85	3.20e-18	65.1
A108/199	A163/1-98	35.106	94	60	1	2	95	2	94	6.00e-18	64.3
A108/199	A60/1-99	39.286	84	50	1	1	84	1	83	7.95e-18	63.9
A108/199	A17/1-103	34.615	104	62	2	1	99	1	103	8.58e-18	63.9
A108/199	A51/1-96	35.632	87	54	1	2	88	2	86	2.28e-17	62.8
A108/199	A99/1-97	36.735	98	60	1	2	99	2	97	2.40e-17	62.8
A108/199	A114/1-98	35.632	87	55	1	1	87	1	86	2.54e-17	62.8
A108/199	A27/1-98	32.653	98	65	1	2	99	2	98	2.74e-17	62.8
A108/199	A34/1-97	35.955	89	55	2	1	89	1	87	5.85e-17	62.0
A108/199	A147/1-98	34.694	98	63	1	1	98	1	97	6.17e-17	62.0
A108/199	A151/1-99	29.592	98	69	0	2	99	2	99	6.24e-17	61.6
A108/199	A3/1-98	31.461	89	60	1	1	89	1	88	7.58e-17	61.6
A108/199	A56/1-93	36.735	98	56	3	2	99	2	93	1.08e-16	61.2
A108/199	A48/1-98	34.091	88	57	1	2	89	2	88	1.14e-16	61.2
A108/199	A110/1-97	34.091	88	56	1	2	89	2	87	1.32e-16	60.8
A108/199	A137/1-98	32.990	97	63	2	1	97	1	95	1.64e-16	60.8
A108/199	A161/1-98	36.364	88	53	2	2	88	2	87	2.24e-16	60.5
A108/199	A118/1-98	33.333	90	55	2	2	89	2	88	2.26e-16	60.5
A108/199	A140/1-99	31.765	85	58	0	2	86	2	86	2.87e-16	60.1
A108/199	A132/1-97	32.955	88	57	1	2	89	2	87	3.06e-16	60.1
A108/199	A71/1-99	32.292	96	64	1	1	96	1	95	3.97e-16	59.7
A108/199	A10/1-98	32.353	102	61	3	1	99	1	97	5.04e-16	59.3
A108/199	A113/1-96	32.530	83	54	1	2	84	2	82	5.26e-16	59.3
A108/199	A19/1-97	38.636	88	51	2	2	88	2	87	5.26e-16	59.3
A108/199	A133/1-95	32.292	96	50	2	2	91	2	88	7.94e-16	58.9
A108/199	A30/1-97	32.941	85	55	1	2	86	2	84	9.54e-16	58.9
A108/199	A24/1-98	31.818	88	59	1	2	89	2	88	1.29e-15	58.5
A108/199	A128/1-97	35.714	98	59	3	2	98	2	96	1.47e-15	58.2
A108/199	A33/1-97	34.091	88	55	2	2	88	2	87	1.52e-15	58.2
A108/199	A37/1-96	31.765	85	55	1	2	86	2	83	1.89e-15	58.2
A108/199	A91/1-97	36.905	84	50	2	2	84	2	83	2.69e-15	57.8
A108/199	A69/1-97	34.694	98	60	3	2	98	2	96	2.75e-15	57.8
A108/199	A150/1-96	34.783	92	50	2	2	89	2	87	3.98e-15	57.0
A108/199	A5/1-98	37.363	91	53	2	2	90	2	90	4.06e-15	57.0
A108/199	A38/1-98	29.592	98	68	1	2	99	2	98	5.26e-15	57.0
A108/199	A9/1-95	34.375	96	59	2	2	97	2	93	5.93e-15	56.6
A108/199	A47/1-96	35.714	98	59	3	2	98	2	96	5.99e-15	56.6
A108/199	A124/1-97	36.782	87	52	2	2	87	2	86	6.26e-15	56.6
A108/199	A139/1-97	31.818	88	57	2	2	88	2	87	1.36e-14	55.8
A108/199	A167/1-98	33.721	86	56	1	2	87	2	86	1.96e-14	55.5
A108/199	A12/1-98	34.091	88	54	3	2	87	2	87	2.10e-14	55.5
A108/199	A80/1-97	33.333	84	53	2	2	84	2	83	2.87e-14	55.1
A108/199	A40/1-96	36.782	87	53	1	2	88	2	86	4.46e-14	54.3
A108/199	A26/1-97	34.091	88	55	2	2	88	2	87	4.46e-14	54.3
A108/199	A102/1-97	34.091	88	55	2	2	88	2	87	1.13e-13	53.5
A108/199	A6/1-97	33.333	87	56	2	1	87	1	85	1.93e-13	52.8
A108/199	A146/1-97	32.955	88	56	2	2	88	2	87	6.04e-13	51.6
A108/199	A23/1-98	37.209	86	51	2	2	86	2	85	1.20e-12	50.8
A108/199	A135/1-97	30.337	89	59	2	1	88	1	87	7.37e-11	46.2
A108/199	A166/1-99	29.293	99	66	3	2	98	2	98	3.90e-10	44.3
A110/197	A110/1-97	100.000	97	0	0	1	97	1	97	8.71e-71	197
A110/197	A88/1-97	65.979	97	33	0	1	97	1	97	1.71e-51	149
A110/197	A77/1-97	68.041	97	31	0	1	97	1	97	2.11e-51	149
A110/197	A99/1-97	57.732	97	41	0	1	97	1	97	3.78e-47	138
A110/197	A66/1-97	61.856	97	37	0	1	97	1	97	4.27e-44	130
A110/197	A55/1-97	55.670	97	43	0	1	97	1	97	8.51e-44	129
A110/197	A121/1-97	50.515	97	48	0	1	97	1	97	3.15e-39	118
A110/197	A132/1-97	47.423	97	51	0	1	97	1	97	1.93e-36	111
A110/197	A154/1-97	53.608	97	45	0	1	97	1	97	5.96e-36	110
A110/197	A143/1-97	46.392	97	52	0	1	97	1	97	3.15e-35	108
A110/197	A44/1-97	48.352	91	47	0	7	97	7	97	1.80e-30	96.3
A110/197	A33/1-97	41.573	89	50	1	2	90	5	91	1.39e-27	89.0
A110/197	A51/1-96	46.739	92	48	1	2	93	2	92	1.61e-27	88.6
A110/197	A27/1-98	48.936	94	45	2	2	93	2	94	6.58e-27	87.0
A110/197	A19/1-97	44.944	89	48	1	2	89	2	90	1.04e-26	86.7
A110/197	A73/1-97	46.739	92	46	2	2	93	5	93	3.98e-26	85.1
A110/197	A26/1-97	46.512	86	45	1	2	86	2	87	4.90e-26	84.7
A110/197	A30/1-97	40.426	94	56	0	2	95	2	95	1.23e-25	84.0
A110/197	A58/1-97	45.783	83	43	1	2	84	5	85	2.12e-25	83.2
A110/197	A157/1-97	42.169	83	46	1	2	84	5	85	3.17e-25	82.8
A110/197	A95/1-97	40.909	88	50	1	2	89	5	90	5.71e-25	82.0
A110/197	A84/1-97	44.565	92	48	2	2	93	5	93	9.03e-25	81.6
A110/197	A80/1-97	45.679	81	42	1	2	82	5	83	6.64e-24	79.3
A110/197	A113/1-96	45.679	81	44	0	2	82	2	82	1.18e-23	79.0
A110/197	A161/1-98	40.860	93	53	1	1	93	4	94	1.24e-23	79.0
A110/197	A91/1-97	40.909	88	50	1	2	89	5	90	1.39e-23	78.6
A110/197	A16/1-97	38.889	90	55	0	2	91	2	91	1.43e-23	78.6
A110/197	A102/1-97	42.045	88	49	1	2	89	5	90	2.96e-23	77.8
A110/197	A105/1-97	40.909	88	50	1	2	89	5	90	6.28e-23	77.0
A110/197	A128/1-97	42.045	88	49	1	2	89	5	90	1.19e-22	76.3
A110/197	A135/1-97	41.176	85	48	1	2	86	5	87	3.43e-22	75.1
A110/197	A150/1-96	40.860	93	54	1	1	93	1	92	7.28e-22	74.3
A110/197	A167/1-98	43.011	93	52	1	2	93	2	94	8.03e-22	74.3
A110/197	A166/1-99	42.105	95	52	2	2	95	5	97	9.98e-22	73.9
A110/197	A124/1-97	40.244	82	47	1	2	83	5	84	1.70e-21	73.6
A110/197	A24/1-98	38.710	93	56	1	2	93	2	94	1.78e-21	73.2
A110/197	A69/1-97	40.964	83	47	1	2	84	5	85	1.98e-21	73.2
A110/197	A130/1-99	36.735	98	60	1	2	97	2	99	2.41e-21	73.2
A110/197	A62/1-96	40.426	94	55	1	2	95	2	94	2.55e-21	72.8
A110/197	A47/1-96	42.222	90	50	1	8	97	9	96	3.93e-21	72.4
A110/197	A28/1-100	42.000	100	53	2	2	97	2	100	3.98e-21	72.4
A110/197	A126/1-99	44.565	92	47	3	5	93	5	95	4.39e-21	72.4
A110/197	A139/1-97	41.111	90	50	2	4	93	7	93	5.22e-21	72.0
A110/197	A5/1-98	37.079	89	54	1	1	87	1	89	5.22e-21	72.0
A110/197	A37/1-96	40.217	92	54	1	2	93	2	92	5.28e-21	72.0
A110/197	A23/1-98	39.024	82	50	0	16	97	17	98	1.86e-20	70.9
A110/197	A118/1-98	37.755	98	58	2	2	97	2	98	2.61e-20	70.5
A110/197	A12/1-98	39.286	84	49	1	2	83	2	85	5.78e-20	69.3
A110/197	A158/1-98	37.634	93	57	1	2	93	2	94	8.45e-20	68.9
A110/197	A155/1-98	37.113	97	60	1	2	97	2	98	1.15e-19	68.6
A110/197	A122/1-96	37.113	97	58	2	2	97	2	96	1.16e-19	68.6
A110/197	A163/1-98	41.489	94	54	1	2	94	2	95	1.55e-19	68.6
A110/197	A17/1-103	37.143	105	54	2	2	97	2	103	4.18e-19	67.4
A110/197	A52/1-98	39.759	83	49	1	10	91	10	92	4.81e-19	67.0
A110/197	A40/1-96	40.909	88	52	0	2	89	2	89	4.92e-19	67.0
A110/197	A45/1-98	41.573	89	51	1	2	89	2	90	5.36e-19	67.0
A110/197	A42/1-104	35.922	103	59	1	2	97	2	104	6.89e-19	66.6
A110/197	A34/1-97	35.106	94	61	0	2	95	2	95	7.76e-19	66.6
A110/197	A3/1-98	34.737	95	61	1	2	95	2	96	8.28e-19	66.6
A110/197	A63/1-98	37.634	93	57	1	2	93	2	94	1.07e-18	66.2
A110/197	A117/1-97	39.773	88	51	1	2	89	5	90	1.79e-18	65.9
A110/197	A13/1-103	39.175	97	53	2	2	92	2	98	2.00e-18	65.5
A110/197	A10/1-98	39.080	87	52	1	2	87	2	88	2.06e-18	65.5
A110/197	A10/1-98	45.455	11	6	0	2	12	87	97	6.0	16.5
A110/197	A70/1-98	35.484	93	59	1	2	93	2	94	4.27e-18	64.7
A110/197	A2/1-97	33.696	92	61	0	2	93	2	93	4.70e-18	64.7
A110/197	A20/1-102	32.990	97	60	1	2	93	2	98	4.81e-18	64.7
A110/197	A78/1-96	41.935	93	51	2	2	93	2	92	6.59e-18	64.3
A110/197	A159/1-98	35.052	97	62	1	2	97	2	98	1.66e-17	63.2
A110/197	A86/1-99	35.714	98	61	1	2	97	2	99	1.77e-17	63.2
A110/197	A74/1-98	34.444	90	58	1	2	90	2	91	1.81e-17	63.2
A110/197	A119/1-97	34.066	91	60	0	2	92	2	92	2.70e-17	62.8
A110/197	A41/1-98	34.409	93	60	1	2	93	2	94	2.91e-17	62.4
A110/197	A93/1-99	40.909	88	48	3	13	97	13	99	3.58e-17	62.4
A110/197	A146/1-97	35.366	82	53	0	8	89	9	90	3.86e-17	62.4
A110/197	A60/1-99	40.964	83	47	2	13	93	13	95	5.95e-17	61.6
A110/197	A67/1-95	36.634	101	54	3	1	97	1	95	6.35e-17	61.6
A110/197	A59/1-98	36.559	93	58	1	2	93	2	94	7.00e-17	61.6
A110/197	A107/1-98	36.957	92	49	2	2	88	2	89	7.89e-17	61.6
A110/197	A147/1-98	33.684	95	58	2	2	93	2	94	8.70e-17	61.2
A110/197	A108/1-99	34.091	88	56	1	2	87	2	89	1.23e-16	60.8
A110/197	A96/1-98	39.130	92	51	2	2	90	2	91	1.92e-16	60.5
A110/197	A31/1-95	40.000	100	50	4	2	97	2	95	1.92e-16	60.5
A110/197	A82/1-99	45.679	81	40	3	13	90	13	92	3.02e-16	60.1
A110/197	A21/1-98	35.714	98	62	1	1	97	1	98	3.33e-16	59.7
A110/197	A136/1-98	31.868	91	61	1	2	91	2	92	5.48e-16	59.3
A110/197	A89/1-96	35.789	95	54	2	2	93	2	92	7.67e-16	58.9
A110/197	A144/1-96	33.333	96	63	1	2	97	2	96	9.42e-16	58.5
A110/197	A35/1-99	32.979	94	61	1	2	93	2	95	1.26e-15	58.5
A110/197	A115/1-99	36.842	95	58	2	5	97	5	99	1.29e-15	58.5
A110/197	A64/1-99	35.227	88	55	1	2	87	2	89	1.69e-15	58.2
A110/197	A140/1-99	33.673	98	63	1	2	97	2	99	1.84e-15	58.2
A110/197	A48/1-98	31.868	91	61	1	2	91	2	92	2.29e-15	57.8
A110/197	A162/1-99	35.294	85	54	1	10	93	11	95	2.34e-15	57.8
A110/197	A141/1-98	32.979	94	62	1	2	94	2	95	2.36e-15	57.8
A110/197	A133/1-95	36.082	97	55	4	4	97	3	95	2.44e-15	57.8
A110/197	A7/1-97	32.653	98	64	2	1	97	1	97	3.03e-15	57.4
A110/197	A103/1-98	31.868	91	61	1	2	91	2	92	3.13e-15	57.4
A110/197	A81/1-98	30.769	91	62	1	2	91	2	92	3.30e-15	57.4
A110/197	A125/1-98	28.723	94	66	1	1	93	1	94	5.20e-15	57.0
A110/197	A56/1-93	34.444	90	57	2	1	90	1	88	7.03e-15	56.6
A110/197	A53/1-99	31.522	92	61	1	2	91	2	93	9.73e-15	56.2
A110/197	A137/1-98	32.500	80	53	1	12	90	12	91	9.83e-15	56.2
A110/197	A151/1-99	32.941	85	55	1	15	97	15	99	1.04e-14	56.2
A110/197	A111/1-96	36.957	92	57	1	2	93	2	92	1.06e-14	55.8
A110/197	A97/1-99	35.294	85	53	1	2	84	2	86	1.37e-14	55.8
A110/197	A92/1-98	29.670	91	63	1	2	91	2	92	1.58e-14	55.5
A110/197	A104/1-99	43.056	72	38	2	13	82	13	83	1.96e-14	55.5
A110/197	A152/1-99	33.673	98	57	3	2	94	5	99	4.00e-14	54.7
A110/197	A71/1-99	37.234	94	54	3	2	93	5	95	4.75e-14	54.3
A110/197	A14/1-100	34.783	92	57	1	2	90	2	93	5.83e-14	54.3
A110/197	A148/1-102	33.333	99	53	3	4	93	4	98	9.28e-14	53.5
A110/197	A75/1-99	30.682	88	59	1	2	87	2	89	2.27e-13	52.8
A110/197	A129/1-98	28.571	98	69	1	1	97	1	98	8.62e-13	51.2
A110/197	A9/1-95	38.356	73	36	2	20	88	20	87	8.62e-13	51.2
A110/197	A100/1-96	31.915	94	59	2	2	93	2	92	8.90e-13	51.2
A110/197	A85/1-98	33.333	87	57	1	2	87	2	88	9.60e-13	50.8
A110/197	A114/1-98	27.957	93	66	1	2	93	2	94	2.29e-12	50.1
A110/197	A6/1-97	29.348	92	63	2	2	92	2	92	4.47e-11	46.6
A110/197	A49/1-100	29.885	87	58	1	12	95	12	98	9.87e-11	45.8
A110/197	A38/1-98	32.258	93	62	1	2	93	2	94	1.30e-09	42.7
A111/196	A111/1-96	100.000	96	0	0	1	96	1	96	1.40e-69	194
A111/196	A78/1-96	71.579	95	27	0	2	96	2	96	5.20e-52	150
A111/196	A89/1-96	65.263	95	33	0	2	96	2	96	1.21e-48	142
A111/196	A100/1-96	62.500	96	36	0	1	96	1	96	1.14e-45	134
A111/196	A67/1-95	51.579	95	45	1	2	96	2	95	7.08e-34	104
A111/196	A155/1-98	46.392	97	50	1	2	96	2	98	7.08e-30	94.7
A111/196	A122/1-96	41.053	95	56	0	2	96	2	96	1.25e-28	91.3
A111/196	A144/1-96	43.158	95	54	0	2	96	2	96	1.39e-27	89.0
A111/196	A130/1-99	42.424	99	54	1	1	96	1	99	8.88e-27	86.7
A111/196	A119/1-97	47.917	96	49	1	2	96	2	97	2.80e-26	85.5
A111/196	A35/1-99	43.434	99	53	1	1	96	1	99	1.59e-24	80.9
A111/196	A28/1-100	40.196	102	51	2	2	96	2	100	1.48e-23	78.6
A111/196	A104/1-99	44.444	99	52	2	1	96	1	99	3.43e-23	77.8
A111/196	A163/1-98	39.785	93	54	1	2	92	2	94	9.99e-23	76.6
A111/196	A3/1-98	43.878	98	53	1	1	96	1	98	1.11e-22	76.3
A111/196	A152/1-99	43.023	86	46	1	2	84	2	87	1.30e-22	76.3
A111/196	A63/1-98	41.837	98	55	1	1	96	1	98	1.34e-22	76.3
A111/196	A53/1-99	40.659	91	51	1	1	88	1	91	1.61e-22	75.9
A111/196	A137/1-98	43.750	96	50	3	4	96	4	98	2.34e-22	75.5
A111/196	A44/1-97	40.625	96	56	1	2	96	2	97	3.13e-22	75.1
A111/196	A31/1-95	43.529	85	48	0	1	85	1	85	5.29e-22	74.7
A111/196	A108/1-99	35.354	99	61	1	1	96	1	99	7.83e-22	74.3
A111/196	A143/1-97	39.362	94	56	1	2	94	2	95	8.63e-22	73.9
A111/196	A64/1-99	39.773	88	50	1	1	85	1	88	2.38e-21	72.8
A111/196	A159/1-98	40.000	90	52	1	1	88	1	90	3.79e-21	72.4
A111/196	A74/1-98	39.080	87	51	1	1	85	1	87	5.09e-21	72.0
A111/196	A56/1-93	40.000	95	54	2	2	96	2	93	5.20e-21	72.0
A111/196	A75/1-99	41.379	87	48	1	2	85	2	88	6.98e-21	71.6
A111/196	A158/1-98	37.113	97	59	1	2	96	2	98	7.45e-21	71.6
A111/196	A147/1-98	37.755	98	59	1	1	96	1	98	1.51e-20	70.9
A111/196	A126/1-99	38.542	96	56	2	4	96	4	99	1.54e-20	70.9
A111/196	A162/1-99	35.955	89	55	1	10	96	11	99	2.24e-20	70.5
A111/196	A82/1-99	40.404	99	56	2	1	96	1	99	2.39e-20	70.5
A111/196	A96/1-98	36.047	86	53	1	2	85	2	87	2.75e-20	70.1
A111/196	A45/1-98	38.636	88	52	1	2	87	2	89	4.34e-20	69.7
A111/196	A20/1-102	38.614	101	56	2	2	96	2	102	5.06e-20	69.7
A111/196	A34/1-97	41.667	96	53	2	1	94	1	95	5.22e-20	69.7
A111/196	A133/1-95	41.053	95	55	1	2	96	2	95	6.02e-20	69.3
A111/196	A42/1-104	40.625	96	49	2	1	88	1	96	7.16e-20	69.3
A111/196	A17/1-103	37.864	103	57	2	1	96	1	103	9.29e-20	68.9
A111/196	A14/1-100	39.326	89	50	1	1	85	1	89	9.50e-20	68.9
A111/196	A115/1-99	36.364	99	60	2	1	96	1	99	1.21e-19	68.6
A111/196	A118/1-98	38.144	97	58	1	2	96	2	98	1.37e-19	68.6
A111/196	A141/1-98	38.384	99	57	2	1	96	1	98	2.17e-19	67.8
A111/196	A70/1-98	40.206	97	56	1	2	96	2	98	2.79e-19	67.8
A111/196	A71/1-99	41.667	84	47	1	4	85	4	87	3.82e-19	67.4
A111/196	A60/1-99	36.458	96	58	2	4	96	4	99	4.26e-19	67.4
A111/196	A107/1-98	34.694	98	62	1	1	96	1	98	5.71e-19	67.0
A111/196	A24/1-98	37.113	97	59	1	2	96	2	98	5.83e-19	67.0
A111/196	A52/1-98	35.714	98	58	2	4	96	1	98	7.74e-19	66.6
A111/196	A93/1-99	41.414	99	55	2	1	96	1	99	7.99e-19	66.6
A111/196	A97/1-99	44.578	83	43	1	2	81	2	84	1.04e-18	66.2
A111/196	A59/1-98	37.113	97	56	2	2	96	5	98	2.08e-18	65.5
A111/196	A49/1-100	37.634	93	54	1	4	92	4	96	2.45e-18	65.5
A111/196	A85/1-98	40.000	75	43	1	13	85	13	87	4.49e-18	64.7
A111/196	A48/1-98	35.417	96	60	1	2	95	2	97	5.12e-18	64.3
A111/196	A66/1-97	38.372	86	52	1	12	96	12	97	5.40e-18	64.3
A111/196	A58/1-97	36.082	97	60	2	1	96	2	97	5.40e-18	64.3
A111/196	A62/1-96	35.632	87	55	1	2	87	2	88	6.16e-18	64.3
A111/196	A125/1-98	35.052	97	61	1	2	96	2	98	6.29e-18	64.3
A111/196	A26/1-97	39.535	86	50	2	2	85	2	87	1.03e-17	63.5
A111/196	A9/1-95	36.145	83	52	1	14	96	14	95	1.36e-17	63.5
A111/196	A113/1-96	40.964	83	48	1	2	83	2	84	1.60e-17	63.2
A111/196	A86/1-99	31.633	98	64	1	2	96	2	99	2.01e-17	62.8
A111/196	A55/1-97	38.824	85	51	1	2	85	2	86	2.39e-17	62.8
A111/196	A150/1-96	35.417	96	60	2	2	96	2	96	3.10e-17	62.4
A111/196	A7/1-97	39.080	87	47	3	1	85	5	87	3.38e-17	62.4
A111/196	A129/1-98	34.783	92	55	2	2	88	2	93	3.93e-17	62.4
A111/196	A114/1-98	35.714	98	61	1	1	96	1	98	4.02e-17	62.0
A111/196	A10/1-98	34.694	98	61	2	1	96	1	97	4.99e-17	62.0
A111/196	A84/1-97	36.170	94	58	2	4	96	5	97	5.57e-17	62.0
A111/196	A151/1-99	34.694	98	61	1	2	96	2	99	6.00e-17	61.6
A111/196	A124/1-97	38.372	86	50	2	1	84	2	86	1.18e-16	60.8
A111/196	A103/1-98	32.990	97	63	1	2	96	2	98	1.41e-16	60.8
A111/196	A148/1-102	38.235	102	57	3	1	96	1	102	1.43e-16	60.8
A111/196	A27/1-98	35.714	98	59	2	2	96	2	98	1.43e-16	60.8
A111/196	A30/1-97	33.333	96	63	1	2	96	2	97	1.68e-16	60.5
A111/196	A167/1-98	33.333	93	60	1	2	92	2	94	2.18e-16	60.5
A111/196	A41/1-98	36.082	97	57	2	5	96	2	98	2.80e-16	60.1
A111/196	A19/1-97	38.372	86	51	2	2	85	2	87	2.80e-16	60.1
A111/196	A6/1-97	39.759	83	47	2	1	81	1	82	3.18e-16	59.7
A111/196	A136/1-98	36.047	86	53	1	2	85	2	87	3.59e-16	59.7
A111/196	A105/1-97	34.783	92	58	2	4	94	5	95	4.31e-16	59.7
A111/196	A140/1-99	38.554	83	48	1	2	81	2	84	4.65e-16	59.3
A111/196	A13/1-103	32.353	102	62	1	2	96	2	103	5.18e-16	59.3
A111/196	A37/1-96	33.333	93	62	0	2	94	2	94	6.16e-16	59.3
A111/196	A40/1-96	37.895	95	57	2	2	95	2	95	6.44e-16	58.9
A111/196	A51/1-96	33.333	96	62	2	2	96	2	96	7.99e-16	58.9
A111/196	A95/1-97	35.106	94	59	2	4	96	5	97	9.10e-16	58.5
A111/196	A2/1-97	35.417	96	61	1	2	96	2	97	9.82e-16	58.5
A111/196	A157/1-97	41.463	82	45	2	1	81	4	83	1.22e-15	58.5
A111/196	A121/1-97	33.333	87	57	1	2	87	2	88	1.25e-15	58.5
A111/196	A81/1-98	34.021	97	62	1	2	96	2	98	1.40e-15	58.2
A111/196	A166/1-99	36.082	97	60	2	1	95	2	98	1.51e-15	58.2
A111/196	A5/1-98	33.673	98	61	3	2	96	2	98	2.09e-15	57.8
A111/196	A33/1-97	35.484	93	58	2	4	95	5	96	2.90e-15	57.4
A111/196	A88/1-97	34.783	92	59	1	2	92	2	93	4.14e-15	57.0
A111/196	A73/1-97	32.609	92	60	2	4	94	5	95	4.46e-15	57.0
A111/196	A16/1-97	31.250	96	65	1	2	96	2	97	4.97e-15	57.0
A111/196	A47/1-96	36.047	86	52	2	1	85	4	87	5.48e-15	56.6
A111/196	A117/1-97	29.545	88	61	1	1	87	2	89	8.91e-15	56.2
A111/196	A110/1-97	36.957	92	57	1	2	92	2	93	1.03e-14	55.8
A111/196	A23/1-98	39.437	71	42	1	12	81	13	83	1.03e-14	55.8
A111/196	A128/1-97	36.364	88	54	2	2	87	2	89	1.37e-14	55.8
A111/196	A69/1-97	39.024	82	49	1	1	81	2	83	6.93e-14	53.9
A111/196	A77/1-97	34.375	96	62	1	2	96	2	97	1.09e-13	53.5
A111/196	A161/1-98	32.258	93	62	1	1	92	2	94	2.20e-13	52.8
A111/196	A146/1-97	31.522	92	61	2	6	96	7	97	3.53e-13	52.0
A111/196	A21/1-98	37.778	90	50	2	1	88	5	90	7.18e-13	51.2
A111/196	A80/1-97	36.471	85	51	2	1	83	2	85	9.70e-13	50.8
A111/196	A38/1-98	31.765	85	56	1	2	84	2	86	1.43e-12	50.4
A111/196	A154/1-97	38.372	86	50	2	2	85	2	86	1.61e-12	50.4
A111/196	A99/1-97	31.522	92	56	2	2	92	2	87	1.63e-12	50.4
A111/196	A135/1-97	30.233	86	59	1	1	85	2	87	1.75e-12	50.4
A111/196	A102/1-97	34.884	86	54	2	2	85	2	87	2.81e-12	49.7
A111/196	A92/1-98	28.866	97	67	1	2	96	2	98	3.72e-12	49.3
A111/196	A132/1-97	30.769	91	62	1	7	96	7	97	1.55e-11	47.8
A111/196	A12/1-98	32.558	86	55	2	2	84	2	87	1.67e-11	47.8
A111/196	A91/1-97	32.143	84	56	1	1	83	2	85	2.38e-11	47.4
A111/196	A139/1-97	30.769	91	61	2	6	95	7	96	5.61e-11	46.2
A113/196	A113/1-96	100.000	96	0	0	1	96	1	96	3.52e-70	196
A113/196	A102/1-97	67.010	97	31	1	1	96	1	97	2.58e-49	143
A113/196	A80/1-97	64.948	97	33	1	1	96	1	97	7.49e-47	137
A113/196	A91/1-97	59.794	97	38	1	1	96	1	97	2.40e-45	133
A113/196	A69/1-97	58.333	96	39	1	2	96	2	97	3.79e-37	112
A113/196	A124/1-97	50.515	97	47	1	1	96	1	97	4.05e-37	112
A113/196	A157/1-97	51.613	93	44	1	1	92	1	93	1.04e-33	104
A113/196	A135/1-97	50.538	93	46	0	4	96	5	97	7.74e-32	99.8
A113/196	A146/1-97	48.454	97	49	1	1	96	1	97	3.42e-31	97.8
A113/196	A58/1-97	43.299	97	54	1	1	96	1	97	9.47e-31	96.7
A113/196	A26/1-97	47.917	96	49	1	1	95	1	96	1.20e-29	94.0
A113/196	A51/1-96	48.780	82	42	0	1	82	1	82	3.81e-29	92.8
A113/196	A33/1-97	47.917	96	49	1	2	96	2	97	4.90e-29	92.4
A113/196	A95/1-97	41.667	96	55	1	1	95	1	96	3.01e-28	90.5
A113/196	A84/1-97	45.833	96	51	1	1	95	1	96	4.04e-28	90.1
A113/196	A73/1-97	45.263	95	51	1	1	94	1	95	9.68e-28	89.4
A113/196	A105/1-97	45.263	95	51	1	1	94	1	95	1.63e-27	88.6
A113/196	A19/1-97	48.193	83	42	1	1	82	1	83	2.17e-27	88.2
A113/196	A128/1-97	44.792	96	52	1	1	95	1	96	3.51e-27	87.8
A113/196	A40/1-96	45.263	95	52	0	1	95	1	95	8.50e-27	86.7
A113/196	A62/1-96	43.956	91	51	0	2	92	2	92	4.99e-26	84.7
A113/196	A77/1-97	46.914	81	43	0	2	82	2	82	6.00e-26	84.7
A113/196	A117/1-97	42.105	95	54	1	1	94	1	95	4.01e-25	82.4
A113/196	A44/1-97	45.679	81	44	0	2	82	2	82	1.27e-24	81.3
A113/196	A41/1-98	46.988	83	43	1	1	82	1	83	1.93e-24	80.9
A113/196	A99/1-97	43.210	81	46	0	2	82	2	82	3.48e-24	80.1
A113/196	A143/1-97	43.210	81	46	0	2	82	2	82	5.74e-24	79.7
A113/196	A110/1-97	45.679	81	44	0	2	82	2	82	1.14e-23	79.0
A113/196	A88/1-97	45.679	81	44	0	2	82	2	82	1.45e-23	78.6
A113/196	A55/1-97	41.975	81	47	0	2	82	2	82	4.76e-23	77.4
A113/196	A47/1-96	42.105	95	54	1	2	95	2	96	5.31e-23	77.0
A113/196	A166/1-99	46.154	91	48	1	4	93	5	95	5.48e-23	77.0
A113/196	A70/1-98	47.778	90	46	1	2	90	2	91	5.54e-23	77.0
A113/196	A30/1-97	37.079	89	56	0	1	89	1	89	3.10e-22	75.1
A113/196	A150/1-96	39.785	93	56	0	2	94	2	94	8.73e-22	73.9
A113/196	A161/1-98	39.506	81	49	0	4	84	5	85	9.32e-22	73.9
A113/196	A129/1-98	38.889	90	54	1	2	90	2	91	9.95e-22	73.9
A113/196	A66/1-97	39.130	92	56	0	2	93	2	93	1.13e-21	73.9
A113/196	A139/1-97	36.667	90	57	0	6	95	7	96	1.75e-21	73.2
A113/196	A154/1-97	41.304	92	54	0	2	93	2	93	2.04e-21	73.2
A113/196	A121/1-97	40.741	81	48	0	2	82	2	82	2.40e-21	72.8
A113/196	A136/1-98	41.111	90	52	1	2	90	2	91	5.55e-21	72.0
A113/196	A89/1-96	42.169	83	47	1	2	84	2	83	6.54e-21	72.0
A113/196	A167/1-98	39.560	91	54	1	1	90	1	91	6.61e-21	72.0
A113/196	A158/1-98	43.333	90	50	1	2	90	2	91	7.13e-21	71.6
A113/196	A86/1-99	34.444	90	57	1	1	88	1	90	1.11e-20	71.2
A113/196	A132/1-97	40.000	75	45	0	8	82	8	82	1.53e-20	70.9
A113/196	A118/1-98	39.785	93	55	1	2	93	2	94	4.63e-20	69.7
A113/196	A52/1-98	38.462	91	52	2	4	90	1	91	7.32e-20	69.3
A113/196	A152/1-99	38.043	92	55	1	2	91	2	93	7.90e-20	68.9
A113/196	A37/1-96	41.463	82	47	1	1	82	1	81	1.14e-19	68.6
A113/196	A151/1-99	41.053	95	54	1	2	94	2	96	1.19e-19	68.6
A113/196	A5/1-98	36.458	96	59	1	2	95	2	97	1.52e-19	68.6
A113/196	A100/1-96	38.554	83	50	1	2	84	2	83	2.27e-19	67.8
A113/196	A78/1-96	40.860	93	54	1	1	93	1	92	2.32e-19	67.8
A113/196	A119/1-97	41.573	89	52	0	2	90	2	90	2.76e-19	67.8
A113/196	A96/1-98	37.805	82	50	1	2	82	2	83	3.35e-19	67.4
A113/196	A140/1-99	40.964	83	47	1	2	82	2	84	3.58e-19	67.4
A113/196	A63/1-98	39.785	93	55	1	2	93	2	94	6.03e-19	67.0
A113/196	A122/1-96	40.449	89	50	2	1	88	1	87	7.17e-19	66.6
A113/196	A23/1-98	35.484	93	59	1	2	93	2	94	9.21e-19	66.2
A113/196	A141/1-98	33.333	93	61	1	2	93	2	94	1.99e-18	65.5
A113/196	A75/1-99	41.667	84	47	1	1	82	1	84	2.29e-18	65.5
A113/196	A126/1-99	40.217	92	52	2	4	94	4	93	3.54e-18	64.7
A113/196	A97/1-99	39.286	84	49	1	1	82	1	84	3.66e-18	64.7
A113/196	A20/1-102	39.535	86	47	1	2	82	2	87	8.71e-18	63.9
A113/196	A16/1-97	34.568	81	53	0	2	82	2	82	1.40e-17	63.2
A113/196	A111/1-96	40.964	83	48	1	2	84	2	83	1.60e-17	63.2
A113/196	A27/1-98	40.860	93	51	3	3	93	4	94	1.80e-17	63.2
A113/196	A81/1-98	40.244	82	48	1	2	82	2	83	2.52e-17	62.8
A113/196	A92/1-98	38.889	90	54	1	2	90	2	91	3.31e-17	62.4
A113/196	A107/1-98	34.444	90	58	1	2	90	2	91	3.73e-17	62.4
A113/196	A103/1-98	37.349	83	51	1	1	82	1	83	4.02e-17	62.0
A113/196	A13/1-103	38.947	95	52	2	2	90	2	96	4.11e-17	62.0
A113/196	A53/1-99	36.559	93	54	2	2	92	2	91	5.57e-17	62.0
A113/196	A74/1-98	35.556	90	57	1	2	90	2	91	5.63e-17	61.6
A113/196	A34/1-97	34.831	89	58	0	2	90	2	90	9.88e-17	61.2
A113/196	A60/1-99	33.696	92	59	2	4	93	4	95	1.07e-16	61.2
A113/196	A67/1-95	32.632	95	61	2	2	95	2	94	1.11e-16	61.2
A113/196	A3/1-98	35.556	90	57	1	2	90	2	91	1.54e-16	60.8
A113/196	A163/1-98	36.471	85	53	1	1	84	1	85	1.58e-16	60.8
A113/196	A2/1-97	33.684	95	62	1	2	95	2	96	2.48e-16	60.1
A113/196	A108/1-99	32.530	83	54	1	2	82	2	84	4.75e-16	59.3
A113/196	A12/1-98	28.866	97	67	1	1	95	1	97	4.81e-16	59.3
A113/196	A42/1-104	35.227	88	50	2	2	82	2	89	5.78e-16	59.3
A113/196	A130/1-99	40.476	84	48	2	2	83	2	85	5.97e-16	59.3
A113/196	A125/1-98	35.556	90	57	1	2	90	2	91	6.03e-16	59.3
A113/196	A28/1-100	35.955	89	52	3	1	85	1	88	8.26e-16	58.9
A113/196	A24/1-98	33.735	83	54	1	2	83	2	84	1.43e-15	58.2
A113/196	A144/1-96	30.928	97	64	2	1	95	1	96	1.67e-15	58.2
A113/196	A82/1-99	38.043	92	55	2	4	93	4	95	2.07e-15	57.8
A113/196	A48/1-98	34.409	93	60	1	2	93	2	94	2.46e-15	57.8
A113/196	A59/1-98	37.895	95	57	2	2	94	2	96	4.14e-15	57.0
A113/196	A93/1-99	38.889	90	51	2	2	90	5	91	4.56e-15	57.0
A113/196	A115/1-99	33.766	77	50	1	4	79	4	80	4.66e-15	57.0
A113/196	A104/1-99	35.870	92	57	2	4	93	4	95	5.14e-15	56.6
A113/196	A9/1-95	34.667	75	48	1	20	94	20	93	9.11e-15	56.2
A113/196	A114/1-98	33.708	89	58	1	2	89	2	90	9.30e-15	56.2
A113/196	A45/1-98	34.409	93	58	2	2	92	2	93	9.41e-15	56.2
A113/196	A14/1-100	32.632	95	61	1	2	93	2	96	1.18e-14	55.8
A113/196	A6/1-97	35.955	89	54	3	3	90	4	90	1.29e-14	55.8
A113/196	A162/1-99	35.802	81	49	2	12	90	13	92	1.58e-14	55.5
A113/196	A147/1-98	37.778	90	53	2	4	90	2	91	2.26e-14	55.1
A113/196	A31/1-95	35.802	81	51	1	2	82	2	81	3.55e-14	54.7
A113/196	A7/1-97	32.292	96	62	3	2	95	3	97	4.22e-14	54.3
A113/196	A56/1-93	35.106	94	59	2	2	95	2	93	7.72e-14	53.9
A113/196	A64/1-99	31.325	83	55	1	2	82	2	84	7.97e-14	53.9
A113/196	A85/1-98	30.769	91	62	1	2	91	2	92	1.32e-13	53.1
A113/196	A137/1-98	32.609	92	61	1	4	94	4	95	1.35e-13	53.1
A113/196	A71/1-99	34.118	85	52	2	2	85	5	86	1.73e-13	52.8
A113/196	A133/1-95	34.524	84	49	3	5	84	2	83	5.48e-13	51.6
A113/196	A38/1-98	29.167	96	67	1	1	95	1	96	8.90e-13	51.2
A113/196	A17/1-103	31.633	98	61	2	2	93	2	99	1.09e-12	50.8
A113/196	A155/1-98	26.882	93	67	1	2	93	2	94	1.85e-12	50.1
A113/196	A35/1-99	27.835	97	67	2	2	95	2	98	2.58e-12	49.7
A113/196	A159/1-98	26.882	93	67	1	2	93	2	94	1.26e-11	48.1
A113/196	A148/1-102	30.488	82	53	2	5	82	5	86	2.68e-11	47.4
A113/196	A21/1-98	34.409	93	59	2	2	93	3	94	1.74e-10	45.1
A113/196	A10/1-98	30.526	95	65	1	2	95	2	96	6.07e-10	43.5
A113/196	A49/1-100	26.882	93	65	1	4	93	4	96	6.72e-09	40.8
A114/198	A114/1-98	100.000	98	0	0	1	98	1	98	3.55e-73	204
A114/198	A92/1-98	60.825	97	38	0	2	98	2	98	1.89e-43	129
A114/198	A103/1-98	62.887	97	36	0	2	98	2	98	7.26e-43	127
A114/198	A81/1-98	60.825	97	38	0	2	98	2	98	4.23e-40	120
A114/198	A125/1-98	56.701	97	42	0	2	98	2	98	2.31e-39	118
A114/198	A70/1-98	51.546	97	47	0	2	98	2	98	1.47e-35	108
A114/198	A63/1-98	48.980	98	50	0	1	98	1	98	2.24e-33	103
A114/198	A107/1-98	49.438	89	45	0	1	89	1	89	5.46e-32	100
A114/198	A147/1-98	44.898	98	54	0	1	98	1	98	1.35e-31	99.0
A114/198	A59/1-98	49.485	97	49	0	2	98	2	98	1.02e-30	96.7
A114/198	A136/1-98	51.724	87	42	0	2	88	2	88	1.45e-30	96.3
A114/198	A34/1-97	45.833	96	51	1	1	96	1	95	3.81e-29	92.8
A114/198	A96/1-98	47.368	95	44	1	2	96	2	90	7.20e-28	89.7
A114/198	A129/1-98	47.423	97	51	0	2	98	2	98	1.39e-27	89.0
A114/198	A48/1-98	45.833	96	52	0	2	97	2	97	2.37e-26	85.9
A114/198	A74/1-98	47.619	84	44	0	1	84	1	84	4.09e-26	85.1
A114/198	A118/1-98	41.237	97	57	0	2	98	2	98	4.77e-26	85.1
A114/198	A85/1-98	42.529	87	50	0	2	88	2	88	1.53e-25	83.6
A114/198	A158/1-98	42.268	97	56	0	2	98	2	98	4.87e-25	82.4
A114/198	A52/1-98	42.857	98	56	0	1	98	1	98	6.83e-25	82.0
A114/198	A13/1-103	43.137	102	53	1	2	98	2	103	7.45e-25	82.0
A114/198	A20/1-102	43.564	101	53	1	2	98	2	102	7.54e-25	82.0
A114/198	A6/1-97	45.918	98	52	1	1	98	1	97	1.86e-24	80.9
A114/198	A148/1-102	43.137	102	54	2	1	98	1	102	3.51e-24	80.1
A114/198	A41/1-98	43.299	97	55	0	2	98	2	98	1.23e-23	79.0
A114/198	A93/1-99	41.414	99	57	1	1	98	1	99	1.38e-22	76.3
A114/198	A82/1-99	40.404	99	58	1	1	98	1	99	2.41e-22	75.5
A114/198	A3/1-98	37.755	98	61	0	1	98	1	98	5.69e-22	74.7
A114/198	A162/1-99	40.449	89	53	0	10	98	11	99	6.21e-22	74.7
A114/198	A163/1-98	32.292	96	65	0	2	97	2	97	6.84e-22	74.3
A114/198	A167/1-98	37.634	93	58	0	2	94	2	94	7.71e-22	74.3
A114/198	A140/1-99	43.182	88	49	1	2	88	2	89	2.88e-21	72.8
A114/198	A35/1-99	38.384	99	60	1	1	98	1	99	4.70e-21	72.4
A114/198	A151/1-99	34.694	98	63	1	2	98	2	99	7.67e-21	71.6
A114/198	A28/1-100	37.374	99	60	1	2	98	2	100	8.46e-21	71.6
A114/198	A104/1-99	38.384	99	60	1	1	98	1	99	1.36e-20	71.2
A114/198	A137/1-98	36.364	99	61	2	1	98	1	98	3.37e-20	70.1
A114/198	A60/1-99	36.364	99	62	1	1	98	1	99	3.37e-20	70.1
A114/198	A53/1-99	41.573	89	51	1	1	88	1	89	4.98e-20	69.7
A114/198	A27/1-98	42.857	98	54	2	2	98	2	98	6.68e-20	69.3
A114/198	A152/1-99	37.113	97	57	2	2	94	2	98	7.28e-20	69.3
A114/198	A130/1-99	39.394	99	59	1	1	98	1	99	8.67e-20	68.9
A114/198	A115/1-99	35.354	99	63	1	1	98	1	99	2.23e-19	68.2
A114/198	A14/1-100	38.000	100	60	1	1	98	1	100	3.97e-19	67.4
A114/198	A126/1-99	35.000	80	52	0	4	83	4	83	4.42e-19	67.4
A114/198	A21/1-98	43.878	98	54	1	1	98	2	98	1.20e-18	66.2
A114/198	A119/1-97	35.052	97	62	1	2	98	2	97	2.00e-18	65.5
A114/198	A31/1-95	38.824	85	50	1	1	85	1	83	3.96e-18	64.7
A114/198	A78/1-96	32.990	97	63	1	2	98	2	96	4.66e-18	64.7
A114/198	A121/1-97	37.113	97	52	2	2	94	2	93	1.19e-17	63.5
A114/198	A141/1-98	40.217	92	52	1	1	92	1	89	1.41e-17	63.5
A114/198	A42/1-104	36.957	92	52	2	1	86	1	92	1.68e-17	63.2
A114/198	A66/1-97	38.144	97	59	1	2	98	2	97	2.27e-17	62.8
A114/198	A108/1-99	35.632	87	55	1	1	86	1	87	2.45e-17	62.8
A114/198	A49/1-100	34.375	96	61	1	1	94	1	96	2.79e-17	62.8
A114/198	A24/1-98	38.144	97	60	0	2	98	2	98	2.85e-17	62.8
A114/198	A159/1-98	33.721	86	57	0	1	86	1	86	3.15e-17	62.4
A114/198	A55/1-97	35.789	95	60	1	2	96	2	95	3.51e-17	62.4
A114/198	A111/1-96	35.714	98	61	1	1	98	1	96	4.31e-17	62.0
A114/198	A77/1-97	38.144	97	59	1	2	98	2	97	4.45e-17	62.0
A114/198	A17/1-103	37.864	103	59	1	1	98	1	103	4.85e-17	62.0
A114/198	A71/1-99	35.354	99	63	1	1	98	1	99	8.34e-17	61.6
A114/198	A26/1-97	40.476	84	48	2	2	84	2	84	2.60e-16	60.1
A114/198	A75/1-99	33.721	86	56	1	2	86	2	87	3.30e-16	60.1
A114/198	A154/1-97	37.647	85	52	1	2	86	2	85	3.52e-16	59.7
A114/198	A124/1-97	38.824	85	50	2	2	85	2	85	5.43e-16	59.3
A114/198	A144/1-96	39.024	82	48	1	2	83	2	81	5.79e-16	59.3
A114/198	A86/1-99	36.047	86	54	1	2	86	2	87	6.96e-16	58.9
A114/198	A155/1-98	32.990	97	65	0	2	98	2	98	7.12e-16	58.9
A114/198	A16/1-97	35.052	97	62	1	2	98	2	97	1.13e-15	58.5
A114/198	A161/1-98	39.744	78	46	1	17	94	18	94	1.28e-15	58.5
A114/198	A84/1-97	36.634	101	55	4	2	98	2	97	2.58e-15	57.8
A114/198	A122/1-96	35.052	97	61	1	2	98	2	96	2.97e-15	57.4
A114/198	A10/1-98	37.349	83	52	0	1	83	1	83	3.45e-15	57.4
A114/198	A58/1-97	37.113	97	58	3	2	97	2	96	4.57e-15	57.0
A114/198	A7/1-97	34.118	85	55	1	1	85	2	85	6.12e-15	56.6
A114/198	A88/1-97	34.409	93	60	1	2	94	2	93	6.25e-15	56.6
A114/198	A30/1-97	32.990	97	64	1	2	98	2	97	7.35e-15	56.6
A114/198	A99/1-97	30.928	97	66	1	2	98	2	97	7.76e-15	56.2
A114/198	A100/1-96	32.673	101	60	2	1	98	1	96	9.32e-15	56.2
A114/198	A113/1-96	33.708	89	58	1	2	90	2	89	9.95e-15	56.2
A114/198	A33/1-97	36.471	85	52	2	2	85	2	85	1.13e-14	55.8
A114/198	A23/1-98	32.653	98	64	2	2	98	2	98	1.32e-14	55.8
A114/198	A51/1-96	32.143	84	56	1	2	85	2	84	2.09e-14	55.5
A114/198	A132/1-97	33.333	90	59	1	9	98	9	97	2.26e-14	55.1
A114/198	A45/1-98	32.941	85	53	2	2	84	2	84	2.31e-14	55.1
A114/198	A143/1-97	32.990	97	64	1	2	98	2	97	4.71e-14	54.3
A114/198	A89/1-96	30.928	97	65	1	2	98	2	96	7.24e-14	53.9
A114/198	A128/1-97	37.500	88	49	3	2	86	2	86	8.70e-14	53.5
A114/198	A64/1-99	34.483	87	56	1	1	86	1	87	9.08e-14	53.5
A114/198	A95/1-97	34.884	86	54	2	2	86	2	86	1.95e-13	52.8
A114/198	A44/1-97	37.113	97	60	1	2	98	2	97	1.99e-13	52.8
A114/198	A73/1-97	35.052	97	58	4	2	96	2	95	2.32e-13	52.8
A114/198	A38/1-98	30.928	97	67	0	2	98	2	98	2.42e-13	52.4
A114/198	A67/1-95	34.146	82	52	1	2	83	2	81	2.70e-13	52.4
A114/198	A62/1-96	35.052	97	61	2	2	98	2	96	3.10e-13	52.4
A114/198	A97/1-99	31.818	88	59	1	2	88	2	89	3.34e-13	52.4
A114/198	A56/1-93	38.144	97	55	3	2	98	2	93	3.97e-13	52.0
A114/198	A37/1-96	29.897	97	62	2	2	96	2	94	5.85e-13	51.6
A114/198	A69/1-97	34.118	85	54	2	2	85	2	85	9.09e-13	51.2
A114/198	A5/1-98	34.653	101	58	3	2	98	2	98	9.91e-13	50.8
A114/198	A9/1-95	33.333	84	54	1	2	85	2	83	2.13e-12	50.1
A114/198	A110/1-97	27.957	93	66	1	2	94	2	93	2.37e-12	50.1
A114/198	A80/1-97	33.735	83	53	2	2	83	2	83	2.63e-12	50.1
A114/198	A102/1-97	27.711	83	58	2	2	83	2	83	5.07e-12	49.3
A114/198	A105/1-97	36.047	86	53	2	2	86	2	86	5.13e-12	49.3
A114/198	A40/1-96	34.375	96	61	2	2	97	2	95	5.13e-12	49.3
A114/198	A91/1-97	27.711	83	58	2	2	83	2	83	8.40e-12	48.5
A114/198	A135/1-97	32.184	87	57	2	1	86	1	86	1.39e-11	48.1
A114/198	A19/1-97	32.653	98	63	3	2	98	2	97	2.91e-11	47.4
A114/198	A146/1-97	30.233	86	58	2	2	86	2	86	2.94e-11	47.4
A114/198	A133/1-95	33.333	84	52	2	2	84	2	82	2.97e-11	47.0
A114/198	A157/1-97	32.222	90	59	2	2	90	2	90	7.07e-11	46.2
A114/198	A47/1-96	32.558	86	56	2	2	86	2	86	4.58e-10	43.9
A114/198	A117/1-97	32.558	86	56	2	2	86	2	86	2.08e-09	42.4
A114/198	A166/1-99	31.765	85	55	3	2	84	2	85	2.83e-09	42.0
A114/198	A139/1-97	29.348	92	63	2	6	97	7	96	6.27e-09	41.2
A114/198	A150/1-96	30.928	97	65	2	2	98	2	96	1.97e-08	39.7
A114/198	A2/1-97	31.683	101	60	2	2	98	2	97	3.37e-08	39.3
A114/198	A12/1-98	26.374	91	64	2	2	90	2	91	9.00e-08	38.1
A115/199	A115/1-99	100.000	99	0	0	1	99	1	99	2.09e-74	207
A115/199	A82/1-99	67.677	99	32	0	1	99	1	99	2.58e-51	149
A115/199	A104/1-99	65.657	99	34	0	1	99	1	99	2.12e-50	146
A115/199	A93/1-99	63.636	99	36	0	1	99	1	99	6.64e-50	145
A115/199	A148/1-102	57.843	102	40	1	1	99	1	102	2.37e-44	131
A115/199	A126/1-99	58.163	98	41	0	2	99	2	99	5.57e-44	130
A115/199	A71/1-99	59.596	99	40	0	1	99	1	99	6.07e-43	127
A115/199	A60/1-99	58.586	99	41	0	1	99	1	99	7.16e-43	127
A115/199	A137/1-98	46.465	99	52	1	1	99	1	98	6.35e-35	107
A115/199	A49/1-100	43.434	99	53	2	1	97	1	98	2.95e-29	93.2
A115/199	A96/1-98	51.685	89	42	1	4	92	4	91	1.83e-28	91.3
A115/199	A34/1-97	49.474	95	46	2	1	95	1	93	1.91e-28	91.3
A115/199	A74/1-98	46.739	92	48	1	1	92	1	91	8.16e-28	89.4
A115/199	A53/1-99	49.451	91	44	2	1	90	1	90	2.30e-27	88.2
A115/199	A86/1-99	48.454	97	48	2	4	99	4	99	8.63e-27	87.0
A115/199	A107/1-98	48.889	90	45	1	1	90	1	89	2.00e-26	85.9
A115/199	A108/1-99	43.000	100	55	2	1	99	1	99	8.00e-26	84.3
A115/199	A63/1-98	42.424	99	56	1	1	99	1	98	1.25e-25	84.0
A115/199	A64/1-99	46.667	90	46	2	1	89	1	89	3.89e-25	82.8
A115/199	A162/1-99	42.222	90	51	1	10	99	11	99	5.05e-25	82.4
A115/199	A140/1-99	51.852	81	38	1	3	82	3	83	8.17e-25	82.0
A115/199	A28/1-100	44.898	98	51	2	4	99	4	100	1.11e-24	81.6
A115/199	A118/1-98	44.681	94	50	2	3	96	3	94	2.20e-24	80.9
A115/199	A85/1-98	45.977	87	46	1	3	89	3	88	4.15e-24	80.1
A115/199	A129/1-98	47.191	89	45	1	4	90	4	92	8.89e-24	79.3
A115/199	A125/1-98	39.583	96	57	1	4	99	4	98	1.27e-23	79.0
A115/199	A17/1-103	44.231	104	52	3	1	99	1	103	1.62e-23	78.6
A115/199	A147/1-98	39.394	99	59	1	1	99	1	98	1.73e-23	78.6
A115/199	A41/1-98	38.947	95	57	1	5	99	5	98	2.50e-23	78.2
A115/199	A78/1-96	39.583	96	55	2	4	99	4	96	2.79e-23	78.2
A115/199	A159/1-98	41.414	99	54	2	4	99	1	98	5.61e-23	77.4
A115/199	A122/1-96	41.237	97	54	2	3	99	3	96	1.02e-22	76.6
A115/199	A3/1-98	41.414	99	57	1	1	99	1	98	1.28e-22	76.3
A115/199	A158/1-98	40.816	98	54	2	5	99	2	98	6.30e-22	74.7
A115/199	A136/1-98	41.758	91	51	1	4	92	4	94	6.87e-22	74.3
A115/199	A103/1-98	39.583	96	57	1	4	99	4	98	8.73e-22	74.3
A115/199	A163/1-98	41.489	94	54	1	5	98	5	97	1.02e-21	73.9
A115/199	A155/1-98	39.175	97	54	3	5	99	5	98	2.15e-21	73.2
A115/199	A89/1-96	40.625	96	54	2	4	99	4	96	2.25e-21	73.2
A115/199	A27/1-98	42.857	98	53	3	3	99	3	98	2.83e-21	72.8
A115/199	A152/1-99	43.617	94	49	3	4	95	4	95	3.15e-21	72.8
A115/199	A45/1-98	46.237	93	45	3	3	93	3	92	3.88e-21	72.4
A115/199	A70/1-98	38.542	96	58	1	4	99	4	98	4.32e-21	72.4
A115/199	A42/1-104	43.750	96	44	4	4	90	1	95	4.66e-21	72.4
A115/199	A81/1-98	39.583	96	57	1	4	99	4	98	5.99e-21	72.0
A115/199	A141/1-98	41.414	99	54	2	4	99	1	98	6.75e-21	72.0
A115/199	A144/1-96	38.542	96	56	2	4	99	4	96	7.21e-21	72.0
A115/199	A75/1-99	39.080	87	51	2	4	89	4	89	9.77e-21	71.6
A115/199	A59/1-98	41.237	97	56	1	3	99	3	98	9.77e-21	71.6
A115/199	A167/1-98	41.053	95	55	1	5	99	5	98	2.23e-20	70.5
A115/199	A151/1-99	39.175	97	57	2	4	99	4	99	7.97e-20	69.3
A115/199	A67/1-95	40.625	96	53	3	4	99	4	95	1.12e-19	68.9
A115/199	A52/1-98	38.776	98	56	2	2	99	5	98	1.14e-19	68.9
A115/199	A20/1-102	36.364	99	58	2	5	99	5	102	1.31e-19	68.6
A115/199	A111/1-96	36.364	99	60	2	1	99	1	96	1.34e-19	68.6
A115/199	A114/1-98	35.354	99	63	1	1	99	1	98	2.31e-19	68.2
A115/199	A92/1-98	36.458	96	60	1	4	99	4	98	2.34e-19	68.2
A115/199	A119/1-97	35.417	96	60	2	4	99	4	97	7.72e-19	66.6
A115/199	A14/1-100	43.564	101	54	2	1	99	1	100	7.72e-19	66.6
A115/199	A58/1-97	40.000	80	47	1	1	80	2	80	9.28e-19	66.6
A115/199	A130/1-99	37.000	100	61	2	1	99	1	99	1.88e-18	65.9
A115/199	A124/1-97	38.750	80	48	1	1	80	2	80	2.07e-18	65.5
A115/199	A97/1-99	39.744	78	46	1	4	80	4	81	3.85e-18	65.1
A115/199	A48/1-98	36.364	88	55	1	5	92	5	91	8.22e-18	63.9
A115/199	A100/1-96	35.354	99	61	2	1	99	1	96	1.46e-17	63.5
A115/199	A161/1-98	38.776	98	58	2	1	98	2	97	1.51e-17	63.5
A115/199	A13/1-103	35.644	101	59	2	4	99	4	103	4.22e-17	62.4
A115/199	A133/1-95	41.860	86	46	3	14	99	14	95	4.41e-17	62.0
A115/199	A66/1-97	41.176	85	48	2	11	95	11	93	4.76e-17	62.0
A115/199	A16/1-97	41.558	77	44	1	4	80	4	79	8.36e-17	61.6
A115/199	A95/1-97	37.374	99	59	3	1	99	2	97	9.02e-17	61.2
A115/199	A105/1-97	38.947	95	55	3	1	95	2	93	1.36e-16	60.8
A115/199	A117/1-97	40.217	92	53	2	1	92	2	91	1.41e-16	60.8
A115/199	A24/1-98	35.789	95	60	1	5	99	5	98	1.60e-16	60.8
A115/199	A84/1-97	38.384	99	54	4	5	99	2	97	1.97e-16	60.5
A115/199	A21/1-98	44.898	98	51	2	4	99	2	98	2.08e-16	60.5
A115/199	A88/1-97	37.500	96	58	2	4	99	4	97	2.34e-16	60.5
A115/199	A35/1-99	35.000	100	63	2	1	99	1	99	2.39e-16	60.5
A115/199	A38/1-98	40.741	81	45	1	5	82	2	82	3.60e-16	59.7
A115/199	A7/1-97	32.653	98	62	2	4	99	2	97	9.14e-16	58.9
A115/199	A30/1-97	38.961	77	46	1	4	80	4	79	1.17e-15	58.5
A115/199	A9/1-95	38.710	93	51	3	7	99	9	95	1.18e-15	58.5
A115/199	A110/1-97	36.842	95	58	2	5	99	5	97	1.38e-15	58.5
A115/199	A143/1-97	37.500	96	58	2	4	99	4	97	1.39e-15	58.5
A115/199	A146/1-97	39.785	93	53	3	6	98	7	96	1.42e-15	58.2
A115/199	A91/1-97	36.709	79	48	2	3	80	3	80	2.12e-15	57.8
A115/199	A73/1-97	40.659	91	52	2	1	91	2	90	2.78e-15	57.8
A115/199	A77/1-97	41.558	77	44	1	4	80	4	79	3.38e-15	57.4
A115/199	A6/1-97	37.805	82	50	1	1	82	1	81	4.29e-15	57.0
A115/199	A157/1-97	36.250	80	50	1	1	80	2	80	4.33e-15	57.0
A115/199	A113/1-96	33.766	77	50	1	4	80	4	79	5.15e-15	57.0
A115/199	A154/1-97	34.066	91	58	2	9	99	9	97	6.19e-15	56.6
A115/199	A132/1-97	32.184	87	57	2	9	95	9	93	8.02e-15	56.2
A115/199	A128/1-97	39.326	89	51	3	4	91	4	90	1.25e-14	55.8
A115/199	A10/1-98	37.374	99	58	2	4	99	1	98	1.82e-14	55.5
A115/199	A150/1-96	41.558	77	44	1	4	80	4	79	3.23e-14	54.7
A115/199	A44/1-97	32.967	91	59	2	9	99	9	97	3.30e-14	54.7
A115/199	A166/1-99	32.653	98	65	1	1	98	2	98	3.92e-14	54.7
A115/199	A135/1-97	38.144	97	56	3	1	97	2	94	8.24e-14	53.9
A115/199	A62/1-96	36.364	77	48	1	4	80	4	79	1.10e-13	53.5
A115/199	A80/1-97	33.750	80	52	1	1	80	2	80	1.52e-13	53.1
A115/199	A47/1-96	37.079	89	53	3	4	91	4	90	1.59e-13	53.1
A115/199	A31/1-95	36.585	82	50	1	1	82	1	80	1.89e-13	52.8
A115/199	A19/1-97	30.769	91	61	2	1	91	2	90	3.31e-13	52.4
A115/199	A102/1-97	31.250	96	64	2	1	96	2	95	4.19e-13	52.0
A115/199	A69/1-97	35.000	80	51	1	1	80	2	80	4.47e-13	52.0
A115/199	A55/1-97	36.364	77	48	1	4	80	4	79	4.62e-13	52.0
A115/199	A121/1-97	35.065	77	49	1	4	80	4	79	5.85e-13	51.6
A115/199	A26/1-97	32.500	80	53	1	1	80	2	80	6.17e-13	51.6
A115/199	A99/1-97	35.065	77	49	1	4	80	4	79	1.56e-12	50.4
A115/199	A51/1-96	33.766	77	50	1	4	80	4	79	1.56e-12	50.4
A115/199	A23/1-98	35.443	79	49	2	4	81	4	81	7.46e-12	48.9
A115/199	A5/1-98	32.653	98	61	3	4	99	4	98	8.95e-12	48.5
A115/199	A56/1-93	31.868	91	56	4	9	99	9	93	1.04e-11	48.5
A115/199	A12/1-98	32.911	79	50	2	4	80	4	81	1.85e-10	45.1
A115/199	A2/1-97	30.769	91	61	2	9	99	9	97	3.43e-10	44.3
A115/199	A139/1-97	36.000	75	47	1	6	80	7	80	4.11e-10	44.3
A115/199	A33/1-97	28.261	92	64	2	1	92	2	91	1.07e-09	43.1
A115/199	A37/1-96	29.032	93	63	3	4	96	4	93	1.33e-09	42.7
A115/199	A40/1-96	31.111	90	59	3	9	98	9	95	3.86e-08	39.3
A117/197	A117/1-97	100.000	97	0	0	1	97	1	97	9.08e-72	200
A117/197	A95/1-97	62.366	93	35	0	1	93	1	93	4.04e-46	135
A117/197	A73/1-97	65.979	97	33	0	1	97	1	97	4.41e-46	135
A117/197	A84/1-97	63.158	95	35	0	1	95	1	95	6.20e-45	132
A117/197	A105/1-97	61.856	97	37	0	1	97	1	97	5.14e-44	130
A117/197	A128/1-97	56.842	95	41	0	1	95	1	95	1.98e-38	116
A117/197	A150/1-96	58.333	96	39	1	2	97	2	96	2.28e-36	110
A117/197	A62/1-96	54.167	96	43	1	2	97	2	96	3.19e-36	110
A117/197	A146/1-97	48.421	95	49	0	1	95	1	95	3.24e-32	100
A117/197	A58/1-97	47.368	95	50	0	1	95	1	95	1.12e-30	96.7
A117/197	A139/1-97	48.936	94	48	0	2	95	2	95	1.51e-30	96.3
A117/197	A47/1-96	47.872	94	49	0	2	95	2	95	2.78e-30	95.5
A117/197	A19/1-97	43.333	90	51	0	1	90	1	90	3.24e-30	95.5
A117/197	A51/1-96	50.000	88	43	1	1	88	1	87	1.84e-29	93.6
A117/197	A26/1-97	42.268	97	56	0	1	97	1	97	2.08e-28	90.9
A117/197	A80/1-97	45.556	90	49	0	1	90	1	90	1.22e-27	89.0
A117/197	A44/1-97	44.706	85	47	0	5	89	4	88	4.02e-27	87.8
A117/197	A102/1-97	41.935	93	54	0	1	93	1	93	1.65e-26	86.3
A117/197	A157/1-97	39.362	94	57	0	1	94	1	94	1.82e-26	85.9
A117/197	A33/1-97	43.617	94	53	0	2	95	2	95	4.54e-26	85.1
A117/197	A91/1-97	43.158	95	54	0	1	95	1	95	5.18e-26	84.7
A117/197	A124/1-97	39.785	93	56	0	1	93	1	93	1.44e-25	83.6
A117/197	A113/1-96	42.105	95	54	1	1	95	1	94	4.16e-25	82.4
A117/197	A135/1-97	41.489	94	55	0	2	95	2	95	3.13e-24	80.5
A117/197	A40/1-96	41.053	95	55	1	1	95	1	94	4.34e-24	80.1
A117/197	A143/1-97	45.455	88	47	1	2	89	2	88	5.23e-24	79.7
A117/197	A69/1-97	39.362	94	57	0	2	95	2	95	8.09e-24	79.3
A117/197	A107/1-98	42.857	98	53	3	2	97	2	98	1.35e-22	76.3
A117/197	A161/1-98	40.449	89	53	0	2	90	2	90	1.67e-22	75.9
A117/197	A121/1-97	43.820	89	49	1	2	90	2	89	2.35e-22	75.5
A117/197	A16/1-97	38.889	90	54	1	2	91	2	90	1.70e-21	73.6
A117/197	A23/1-98	37.079	89	56	0	2	90	2	90	1.78e-21	73.2
A117/197	A30/1-97	38.776	98	58	2	1	97	1	97	2.84e-21	72.8
A117/197	A63/1-98	41.111	90	51	2	2	90	2	90	5.82e-21	72.0
A117/197	A166/1-99	36.667	90	56	1	1	89	1	90	1.53e-20	70.9
A117/197	A77/1-97	41.053	95	54	2	2	95	2	95	1.65e-20	70.9
A117/197	A86/1-99	45.455	88	45	2	1	86	1	87	1.82e-20	70.9
A117/197	A96/1-98	40.816	98	55	3	2	97	2	98	4.91e-20	69.7
A117/197	A151/1-99	41.758	91	50	2	2	90	2	91	7.18e-20	69.3
A117/197	A108/1-99	40.909	88	49	2	2	87	2	88	2.18e-19	68.2
A117/197	A99/1-97	38.144	97	58	2	2	97	2	97	2.35e-19	67.8
A117/197	A66/1-97	40.000	90	53	1	2	91	2	90	4.04e-19	67.4
A117/197	A37/1-96	37.778	90	54	2	1	90	1	88	4.76e-19	67.0
A117/197	A55/1-97	35.789	95	59	2	2	95	2	95	6.59e-19	66.6
A117/197	A53/1-99	41.111	90	50	2	2	89	2	90	7.59e-19	66.6
A117/197	A88/1-97	37.079	89	55	1	2	90	2	89	1.10e-18	66.2
A117/197	A89/1-96	37.209	86	52	2	2	87	2	85	1.43e-18	65.9
A117/197	A52/1-98	39.286	84	50	1	8	90	7	90	1.70e-18	65.9
A117/197	A110/1-97	39.773	88	51	1	5	90	2	89	1.79e-18	65.9
A117/197	A9/1-95	39.241	79	47	1	19	97	18	95	2.20e-18	65.5
A117/197	A78/1-96	36.735	98	59	3	1	97	1	96	3.47e-18	65.1
A117/197	A140/1-99	40.698	86	48	2	2	85	2	86	6.37e-18	64.3
A117/197	A118/1-98	39.796	98	56	3	2	97	2	98	8.83e-18	63.9
A117/197	A64/1-99	37.500	88	52	2	2	87	2	88	9.02e-18	63.9
A117/197	A130/1-99	40.000	90	51	2	2	89	2	90	1.91e-17	63.2
A117/197	A129/1-98	39.130	92	51	3	2	89	2	92	2.50e-17	62.8
A117/197	A154/1-97	34.831	89	57	1	2	90	2	89	7.16e-17	61.6
A117/197	A85/1-98	36.667	90	49	3	2	87	2	87	8.42e-17	61.2
A117/197	A74/1-98	36.782	87	53	2	2	87	2	87	1.13e-16	61.2
A117/197	A115/1-99	40.217	92	53	2	2	91	1	92	1.31e-16	60.8
A117/197	A12/1-98	32.609	92	59	2	1	90	1	91	1.60e-16	60.8
A117/197	A41/1-98	36.364	99	60	3	1	97	1	98	2.00e-16	60.5
A117/197	A158/1-98	36.735	98	59	3	2	97	2	98	2.51e-16	60.1
A117/197	A152/1-99	36.559	93	56	2	2	92	2	93	5.25e-16	59.3
A117/197	A122/1-96	34.831	89	56	2	1	89	1	87	5.60e-16	59.3
A117/197	A119/1-97	35.556	90	55	2	2	90	2	89	1.99e-15	57.8
A117/197	A132/1-97	31.707	82	56	0	9	90	8	89	2.31e-15	57.8
A117/197	A97/1-99	37.500	88	52	2	1	86	1	87	3.03e-15	57.4
A117/197	A67/1-95	35.955	89	55	2	2	90	2	88	3.68e-15	57.4
A117/197	A59/1-98	38.144	97	56	3	3	97	4	98	3.80e-15	57.0
A117/197	A167/1-98	39.080	87	51	2	1	86	1	86	4.05e-15	57.0
A117/197	A5/1-98	32.653	98	63	2	2	97	2	98	4.10e-15	57.0
A117/197	A35/1-99	35.556	90	55	2	2	89	2	90	5.55e-15	56.6
A117/197	A2/1-97	36.047	86	53	2	5	89	4	88	7.92e-15	56.2
A117/197	A111/1-96	29.545	88	61	1	2	89	1	87	9.21e-15	56.2
A117/197	A14/1-100	38.000	100	57	4	2	97	2	100	1.48e-14	55.5
A117/197	A17/1-103	39.394	99	47	4	2	91	2	96	2.09e-14	55.1
A117/197	A103/1-98	32.955	88	57	2	1	87	1	87	2.14e-14	55.1
A117/197	A42/1-104	35.789	95	53	3	2	89	2	95	2.16e-14	55.1
A117/197	A159/1-98	33.708	89	57	2	2	89	2	89	2.99e-14	54.7
A117/197	A136/1-98	33.333	87	56	2	2	87	2	87	4.70e-14	54.3
A117/197	A75/1-99	34.831	89	55	2	1	87	1	88	5.53e-14	54.3
A117/197	A162/1-99	37.333	75	44	2	14	86	14	87	7.24e-14	53.9
A117/197	A147/1-98	36.264	91	53	3	4	90	1	90	7.40e-14	53.9
A117/197	A27/1-98	35.227	88	53	4	2	87	2	87	8.06e-14	53.9
A117/197	A3/1-98	34.694	98	61	3	2	97	2	98	1.91e-13	52.8
A117/197	A100/1-96	32.558	86	57	1	2	87	1	85	2.20e-13	52.8
A117/197	A45/1-98	39.130	92	52	3	1	90	1	90	2.20e-13	52.8
A117/197	A81/1-98	32.184	87	57	2	2	87	2	87	2.91e-13	52.4
A117/197	A34/1-97	32.584	89	59	1	2	90	2	89	2.94e-13	52.4
A117/197	A144/1-96	30.435	92	62	2	1	92	1	90	4.24e-13	52.0
A117/197	A13/1-103	34.043	94	55	2	2	89	2	94	4.42e-13	52.0
A117/197	A31/1-95	34.409	93	58	2	4	94	1	92	5.20e-13	51.6
A117/197	A163/1-98	35.227	88	55	2	1	87	1	87	6.59e-13	51.2
A117/197	A70/1-98	33.673	98	62	3	2	97	2	98	9.29e-13	50.8
A117/197	A141/1-98	35.714	98	60	3	2	97	2	98	9.60e-13	50.8
A117/197	A28/1-100	36.667	90	53	2	1	87	1	89	9.91e-13	50.8
A117/197	A20/1-102	33.708	89	53	3	2	85	2	89	1.28e-12	50.8
A117/197	A82/1-99	38.384	99	58	3	2	97	1	99	1.51e-12	50.4
A117/197	A125/1-98	33.333	87	56	2	2	87	2	87	2.94e-12	49.7
A117/197	A60/1-99	33.696	92	57	3	2	90	1	91	3.49e-12	49.7
A117/197	A92/1-98	31.034	87	58	2	1	86	1	86	6.16e-12	48.9
A117/197	A48/1-98	35.294	68	43	1	21	87	20	87	9.06e-12	48.5
A117/197	A155/1-98	31.522	92	61	2	2	92	2	92	1.33e-11	48.1
A117/197	A56/1-93	32.292	96	61	4	2	97	2	93	1.69e-11	47.8
A117/197	A126/1-99	32.584	89	58	2	5	91	4	92	2.98e-11	47.0
A117/197	A21/1-98	37.079	89	53	2	2	89	3	89	1.37e-10	45.4
A117/197	A10/1-98	34.483	87	54	2	4	87	1	87	1.81e-10	45.1
A117/197	A71/1-99	33.333	90	48	3	4	87	4	87	2.15e-10	45.1
A117/197	A104/1-99	34.343	99	62	3	2	97	1	99	3.75e-10	44.3
A117/197	A137/1-98	34.409	93	55	5	4	93	4	93	4.17e-10	44.3
A117/197	A24/1-98	32.530	83	49	2	9	87	8	87	5.39e-10	43.9
A117/197	A7/1-97	27.835	97	67	2	2	97	3	97	6.06e-10	43.9
A117/197	A148/1-102	33.333	87	50	3	2	84	5	87	1.04e-09	43.1
A117/197	A6/1-97	29.070	86	58	3	2	86	2	85	1.35e-09	42.7
A117/197	A49/1-100	32.000	100	62	2	2	95	1	100	1.87e-09	42.4
A117/197	A114/1-98	32.558	86	56	2	2	86	2	86	2.02e-09	42.4
A117/197	A133/1-95	28.571	84	59	1	5	88	4	86	1.06e-08	40.4
A117/197	A93/1-99	32.222	90	58	3	4	91	4	92	2.39e-08	39.7
A117/197	A38/1-98	29.897	97	64	3	1	94	1	96	1.08e-06	35.0
A118/198	A118/1-98	100.000	98	0	0	1	98	1	98	3.07e-70	196
A118/198	A74/1-98	57.732	97	41	0	2	98	2	98	7.10e-42	125
A118/198	A96/1-98	54.082	98	45	0	1	98	1	98	3.63e-40	120
A118/198	A107/1-98	53.608	97	45	0	2	98	2	98	9.56e-38	114
A118/198	A63/1-98	57.732	97	41	0	2	98	2	98	1.16e-37	114
A118/198	A85/1-98	53.061	98	46	0	1	98	1	98	5.91e-35	107
A118/198	A151/1-99	55.789	95	41	1	1	94	1	95	1.34e-34	106
A118/198	A158/1-98	54.082	98	45	0	1	98	1	98	1.77e-34	106
A118/198	A103/1-98	46.392	97	52	0	2	98	2	98	1.63e-33	103
A118/198	A34/1-97	53.684	95	43	1	2	96	2	95	1.78e-33	103
A118/198	A140/1-99	54.545	99	44	1	1	98	1	99	3.43e-33	103
A118/198	A129/1-98	52.577	97	46	0	2	98	2	98	4.41e-33	102
A118/198	A136/1-98	45.833	96	52	0	1	96	1	96	1.04e-31	99.4
A118/198	A81/1-98	46.939	98	52	0	1	98	1	98	3.17e-31	98.2
A118/198	A70/1-98	50.000	98	49	0	1	98	1	98	1.87e-30	96.3
A118/198	A52/1-98	47.191	89	47	0	10	98	10	98	4.42e-30	95.1
A118/198	A92/1-98	43.299	97	55	0	2	98	2	98	1.17e-29	94.0
A118/198	A147/1-98	46.392	97	52	0	2	98	2	98	4.25e-29	92.8
A118/198	A3/1-98	48.454	97	50	0	2	98	2	98	5.29e-29	92.4
A118/198	A48/1-98	46.875	96	51	0	1	96	1	96	1.61e-28	91.3
A118/198	A163/1-98	45.833	96	52	0	2	97	2	97	6.97e-28	89.7
A118/198	A125/1-98	43.299	97	55	0	2	98	2	98	1.33e-27	89.0
A118/198	A41/1-98	46.392	97	49	1	2	98	5	98	3.36e-27	87.8
A118/198	A20/1-102	46.875	96	44	2	1	89	1	96	4.76e-27	87.4
A118/198	A59/1-98	45.918	98	53	0	1	98	1	98	2.76e-26	85.5
A118/198	A114/1-98	41.237	97	57	0	2	98	2	98	4.77e-26	85.1
A118/198	A27/1-98	43.434	99	54	2	1	98	1	98	1.99e-25	83.6
A118/198	A67/1-95	43.750	96	52	1	2	97	2	95	3.51e-25	82.8
A118/198	A122/1-96	47.191	89	43	2	2	89	2	87	4.92e-25	82.4
A118/198	A31/1-95	41.304	92	52	1	2	93	2	91	1.02e-24	81.6
A118/198	A82/1-99	44.792	96	52	1	4	98	4	99	1.82e-24	80.9
A118/198	A115/1-99	44.681	94	50	2	3	94	3	96	2.12e-24	80.9
A118/198	A162/1-99	46.988	83	41	1	10	92	11	90	5.42e-24	79.7
A118/198	A126/1-99	42.529	87	49	1	4	89	4	90	5.54e-24	79.7
A118/198	A45/1-98	44.444	99	51	2	2	98	2	98	1.40e-23	78.6
A118/198	A60/1-99	39.583	96	57	1	4	98	4	99	1.90e-23	78.6
A118/198	A137/1-98	44.792	96	51	2	4	98	4	98	3.54e-23	77.8
A118/198	A121/1-97	41.489	94	54	1	2	95	2	94	3.61e-23	77.8
A118/198	A66/1-97	42.268	97	55	1	2	98	2	97	3.69e-23	77.8
A118/198	A77/1-97	41.237	97	56	1	2	98	2	97	1.10e-22	76.3
A118/198	A88/1-97	39.175	97	58	1	2	98	2	97	2.09e-22	75.9
A118/198	A78/1-96	40.206	97	56	1	2	98	2	96	3.30e-22	75.1
A118/198	A141/1-98	40.206	97	58	0	2	98	2	98	5.16e-22	74.7
A118/198	A93/1-99	40.625	96	56	1	4	98	4	99	5.33e-22	74.7
A118/198	A104/1-99	40.625	96	56	1	4	98	4	99	5.39e-22	74.7
A118/198	A13/1-103	39.583	96	53	1	1	91	1	96	7.88e-22	74.3
A118/198	A155/1-98	37.755	98	61	0	1	98	1	98	8.60e-22	74.3
A118/198	A53/1-99	40.000	90	53	1	2	90	2	91	1.08e-21	73.9
A118/198	A144/1-96	42.045	88	49	1	2	89	2	87	1.88e-21	73.2
A118/198	A28/1-100	40.404	99	57	1	2	98	2	100	2.88e-21	72.8
A118/198	A146/1-97	41.489	94	53	2	2	94	2	94	3.04e-21	72.8
A118/198	A95/1-97	41.489	94	53	2	2	94	2	94	3.18e-21	72.8
A118/198	A84/1-97	43.617	94	51	2	2	94	2	94	4.12e-21	72.4
A118/198	A148/1-102	45.783	83	42	1	5	84	5	87	5.02e-21	72.4
A118/198	A49/1-100	40.000	90	52	1	4	91	4	93	5.47e-21	72.0
A118/198	A89/1-96	39.796	98	57	1	1	98	1	96	8.46e-21	71.6
A118/198	A17/1-103	39.216	102	57	1	2	98	2	103	8.55e-21	71.6
A118/198	A71/1-99	38.542	96	58	1	4	98	4	99	8.74e-21	71.6
A118/198	A9/1-95	39.394	99	54	2	1	97	1	95	1.05e-20	71.2
A118/198	A105/1-97	44.086	93	50	2	2	93	2	93	1.26e-20	71.2
A118/198	A33/1-97	37.895	95	57	2	1	94	1	94	2.06e-20	70.5
A118/198	A6/1-97	45.055	91	46	2	2	92	2	88	2.51e-20	70.5
A118/198	A100/1-96	39.175	97	57	1	2	98	2	96	2.59e-20	70.5
A118/198	A110/1-97	37.755	98	58	2	2	98	2	97	2.71e-20	70.5
A118/198	A62/1-96	40.860	93	54	1	1	93	1	92	3.05e-20	70.1
A118/198	A19/1-97	39.130	92	54	2	2	92	2	92	4.82e-20	69.7
A118/198	A113/1-96	39.785	93	55	1	2	94	2	93	4.98e-20	69.7
A118/198	A24/1-98	38.776	98	60	0	1	98	1	98	5.03e-20	69.7
A118/198	A14/1-100	41.414	99	56	1	2	98	2	100	5.37e-20	69.7
A118/198	A167/1-98	41.111	90	53	0	2	91	2	91	5.55e-20	69.7
A118/198	A80/1-97	37.234	94	57	2	2	94	2	94	5.80e-20	69.3
A118/198	A152/1-99	35.556	90	57	1	2	90	2	91	6.19e-20	69.3
A118/198	A150/1-96	41.935	93	53	1	2	94	2	93	6.32e-20	69.3
A118/198	A159/1-98	35.106	94	61	0	2	95	2	95	7.69e-20	69.3
A118/198	A130/1-99	37.755	98	60	1	2	98	2	99	1.30e-19	68.6
A118/198	A111/1-96	38.144	97	58	1	2	98	2	96	1.48e-19	68.6
A118/198	A58/1-97	39.362	94	55	2	2	94	2	94	2.33e-19	67.8
A118/198	A35/1-99	34.694	98	63	1	2	98	2	99	2.57e-19	67.8
A118/198	A51/1-96	38.298	94	55	2	2	94	2	93	6.06e-19	67.0
A118/198	A40/1-96	39.785	93	55	1	2	94	2	93	7.37e-19	66.6
A118/198	A73/1-97	39.362	94	55	2	2	94	2	94	8.13e-19	66.6
A118/198	A91/1-97	35.106	94	59	2	2	94	2	94	8.77e-19	66.6
A118/198	A44/1-97	36.082	97	61	1	2	98	2	97	9.88e-19	66.2
A118/198	A56/1-93	41.053	95	51	3	2	95	2	92	1.07e-18	66.2
A118/198	A42/1-104	35.922	103	60	2	2	98	2	104	1.21e-18	66.2
A118/198	A16/1-97	37.755	98	60	1	1	98	1	97	1.34e-18	65.9
A118/198	A99/1-97	35.052	97	62	1	2	98	2	97	3.02e-18	65.1
A118/198	A133/1-95	35.052	97	61	1	1	97	1	95	4.05e-18	64.7
A118/198	A69/1-97	37.755	98	58	3	1	97	1	96	4.52e-18	64.7
A118/198	A21/1-98	40.206	97	57	1	2	98	3	98	7.28e-18	64.3
A118/198	A124/1-97	40.000	85	49	2	2	85	2	85	8.66e-18	63.9
A118/198	A117/1-97	39.796	98	56	3	2	98	2	97	9.14e-18	63.9
A118/198	A97/1-99	39.000	100	56	2	2	98	2	99	1.57e-17	63.2
A118/198	A30/1-97	37.624	101	54	2	2	98	2	97	1.87e-17	63.2
A118/198	A161/1-98	40.000	90	43	2	3	87	4	87	2.95e-17	62.8
A118/198	A10/1-98	42.529	87	50	0	2	88	2	88	3.29e-17	62.4
A118/198	A128/1-97	35.106	94	59	2	2	94	2	94	3.99e-17	62.4
A118/198	A75/1-99	36.000	100	59	2	2	98	2	99	5.07e-17	62.0
A118/198	A64/1-99	32.632	95	49	2	2	88	2	89	5.41e-17	62.0
A118/198	A102/1-97	32.979	94	61	2	2	94	2	94	9.20e-17	61.2
A118/198	A119/1-97	35.644	101	57	3	1	97	1	97	9.61e-17	61.2
A118/198	A37/1-96	37.895	95	57	1	2	96	2	94	1.17e-16	61.2
A118/198	A55/1-97	31.579	95	64	1	2	96	2	95	1.30e-16	60.8
A118/198	A26/1-97	37.931	87	52	2	2	87	2	87	1.92e-16	60.5
A118/198	A157/1-97	39.286	84	49	2	2	84	2	84	2.09e-16	60.5
A118/198	A108/1-99	33.333	90	55	2	2	88	2	89	2.19e-16	60.5
A118/198	A7/1-97	34.375	96	62	1	2	97	3	97	3.13e-16	60.1
A118/198	A139/1-97	35.632	87	55	1	8	94	9	94	3.37e-16	60.1
A118/198	A143/1-97	35.052	97	61	2	2	97	2	97	4.14e-16	59.7
A118/198	A154/1-97	34.444	90	58	1	2	91	2	90	4.33e-16	59.7
A118/198	A23/1-98	39.130	92	54	2	1	91	1	91	1.86e-15	58.2
A118/198	A132/1-97	32.990	97	64	1	2	98	2	97	3.10e-15	57.4
A118/198	A86/1-99	31.633	98	65	2	2	97	2	99	1.35e-14	55.8
A118/198	A38/1-98	35.052	97	63	0	2	98	2	98	3.16e-14	54.7
A118/198	A12/1-98	33.684	95	60	2	2	94	2	95	3.30e-14	54.7
A118/198	A5/1-98	33.673	98	62	2	2	97	2	98	3.83e-14	54.7
A118/198	A135/1-97	35.106	94	59	2	2	94	2	94	7.64e-14	53.9
A118/198	A47/1-96	35.417	96	58	3	2	97	5	96	7.10e-13	51.2
A118/198	A166/1-99	34.375	96	58	4	2	94	2	95	8.49e-12	48.5
A118/198	A2/1-97	33.721	86	43	2	1	72	1	86	1.74e-10	45.1
A119/197	A119/1-97	100.000	97	0	0	1	97	1	97	1.89e-68	192
A119/197	A53/1-99	41.837	98	55	2	2	97	2	99	1.68e-28	91.3
A119/197	A130/1-99	41.837	98	55	1	2	97	2	99	1.83e-27	88.6
A119/197	A111/1-96	47.917	96	49	1	2	97	2	96	2.90e-26	85.5
A119/197	A108/1-99	36.735	98	60	1	2	97	2	99	1.34e-25	84.0
A119/197	A152/1-99	42.222	90	50	1	2	89	2	91	9.13e-25	81.6
A119/197	A67/1-95	43.750	96	52	2	2	97	2	95	1.46e-24	81.3
A119/197	A75/1-99	40.909	88	50	1	2	87	2	89	1.49e-24	81.3
A119/197	A141/1-98	42.045	88	50	1	2	88	2	89	2.55e-24	80.5
A119/197	A97/1-99	46.512	86	44	1	2	85	2	87	2.75e-24	80.5
A119/197	A35/1-99	38.776	98	58	1	2	97	2	99	6.50e-24	79.3
A119/197	A28/1-100	38.384	99	58	1	2	97	2	100	9.63e-24	79.0
A119/197	A70/1-98	42.708	96	54	1	1	95	1	96	3.34e-23	77.8
A119/197	A13/1-103	35.644	101	59	1	1	95	1	101	3.72e-23	77.4
A119/197	A155/1-98	38.462	91	53	2	1	89	1	90	7.55e-23	76.6
A119/197	A78/1-96	41.667	96	55	1	2	97	2	96	7.98e-23	76.6
A119/197	A64/1-99	38.144	97	58	1	2	96	2	98	1.14e-22	76.3
A119/197	A59/1-98	37.500	96	59	1	1	95	1	96	1.36e-22	76.3
A119/197	A93/1-99	43.750	96	52	2	4	97	4	99	7.12e-22	74.3
A119/197	A42/1-104	40.426	94	49	2	2	88	2	95	8.57e-22	73.9
A119/197	A126/1-99	41.758	91	51	2	4	92	4	94	1.18e-21	73.9
A119/197	A14/1-100	40.217	92	52	1	2	90	2	93	1.18e-21	73.9
A119/197	A48/1-98	40.909	88	51	1	1	87	1	88	1.58e-21	73.6
A119/197	A63/1-98	38.000	100	55	2	2	97	2	98	2.49e-21	72.8
A119/197	A163/1-98	40.000	90	53	1	2	90	2	91	4.02e-21	72.4
A119/197	A104/1-99	41.667	96	54	2	4	97	4	99	5.95e-21	72.0
A119/197	A89/1-96	35.052	97	62	1	1	97	1	96	9.00e-21	71.6
A119/197	A159/1-98	36.364	88	55	1	2	88	2	89	1.48e-20	70.9
A119/197	A136/1-98	37.500	96	59	1	1	95	1	96	1.67e-20	70.9
A119/197	A31/1-95	40.625	96	55	2	2	97	2	95	1.81e-20	70.9
A119/197	A100/1-96	38.542	96	58	1	2	97	2	96	2.58e-20	70.5
A119/197	A122/1-96	35.417	96	61	1	2	97	2	96	4.08e-20	69.7
A119/197	A144/1-96	36.458	96	60	1	2	97	2	96	4.45e-20	69.7
A119/197	A20/1-102	34.314	102	62	2	1	97	1	102	6.73e-20	69.3
A119/197	A49/1-100	39.130	92	53	1	4	92	4	95	8.27e-20	68.9
A119/197	A44/1-97	35.417	96	62	0	2	97	2	97	1.13e-19	68.6
A119/197	A113/1-96	41.573	89	52	0	2	90	2	90	2.86e-19	67.8
A119/197	A66/1-97	33.333	96	64	0	2	97	2	97	3.05e-19	67.8
A119/197	A147/1-98	34.375	96	62	1	2	96	2	97	4.97e-19	67.0
A119/197	A86/1-99	31.633	98	65	1	2	97	2	99	4.97e-19	67.0
A119/197	A157/1-97	41.463	82	47	1	2	82	2	83	6.31e-19	67.0
A119/197	A115/1-99	35.417	96	60	2	4	97	4	99	7.19e-19	66.6
A119/197	A34/1-97	38.462	91	56	0	2	92	2	92	1.31e-18	65.9
A119/197	A60/1-99	33.333	96	62	2	4	97	4	99	1.50e-18	65.9
A119/197	A125/1-98	32.632	95	63	1	2	95	2	96	1.73e-18	65.9
A119/197	A5/1-98	36.735	98	59	2	2	97	2	98	1.77e-18	65.9
A119/197	A114/1-98	35.052	97	62	1	2	97	2	98	1.93e-18	65.5
A119/197	A137/1-98	37.500	88	54	1	4	90	4	91	2.15e-18	65.5
A119/197	A151/1-99	37.234	94	55	2	1	91	1	93	2.59e-18	65.1
A119/197	A71/1-99	41.111	90	51	2	4	91	4	93	2.82e-18	65.1
A119/197	A45/1-98	36.082	97	61	1	2	97	2	98	3.01e-18	65.1
A119/197	A82/1-99	35.417	96	60	2	4	97	4	99	3.08e-18	65.1
A119/197	A3/1-98	36.957	92	57	1	2	92	2	93	3.08e-18	65.1
A119/197	A33/1-97	37.755	98	59	2	1	97	1	97	3.55e-18	65.1
A119/197	A154/1-97	35.417	96	62	0	2	97	2	97	3.91e-18	64.7
A119/197	A162/1-99	34.831	89	57	1	10	97	11	99	5.30e-18	64.3
A119/197	A10/1-98	35.632	87	55	1	2	87	2	88	7.18e-18	64.3
A119/197	A81/1-98	32.653	98	65	1	1	97	1	98	8.27e-18	63.9
A119/197	A41/1-98	36.000	100	57	2	2	97	2	98	8.83e-18	63.9
A119/197	A107/1-98	34.444	90	58	1	2	90	2	91	1.01e-17	63.9
A119/197	A52/1-98	37.374	99	56	3	4	97	1	98	1.25e-17	63.5
A119/197	A158/1-98	35.714	98	62	1	1	97	1	98	1.26e-17	63.5
A119/197	A74/1-98	36.667	90	56	1	2	90	2	91	1.49e-17	63.2
A119/197	A47/1-96	38.372	86	52	1	2	86	2	87	2.13e-17	62.8
A119/197	A110/1-97	34.066	91	60	0	2	92	2	92	2.70e-17	62.8
A119/197	A17/1-103	37.255	102	58	2	2	97	2	103	2.73e-17	62.8
A119/197	A105/1-97	34.831	89	57	1	2	89	2	90	3.42e-17	62.4
A119/197	A143/1-97	31.250	96	66	0	2	97	2	97	3.54e-17	62.4
A119/197	A88/1-97	31.868	91	62	0	2	92	2	92	3.90e-17	62.4
A119/197	A69/1-97	39.286	84	50	1	1	83	1	84	3.90e-17	62.4
A119/197	A84/1-97	37.113	97	57	3	2	96	2	96	6.15e-17	61.6
A119/197	A129/1-98	34.066	91	56	2	2	88	2	92	6.22e-17	61.6
A119/197	A62/1-96	31.461	89	61	0	1	89	1	89	7.16e-17	61.6
A119/197	A103/1-98	32.990	97	64	1	2	97	2	98	8.42e-17	61.2
A119/197	A167/1-98	35.870	92	58	1	2	92	2	93	8.51e-17	61.2
A119/197	A118/1-98	35.644	101	57	3	1	97	1	97	9.28e-17	61.2
A119/197	A92/1-98	31.959	97	65	1	2	97	2	98	9.59e-17	61.2
A119/197	A2/1-97	32.990	97	65	0	1	97	1	97	9.80e-17	61.2
A119/197	A96/1-98	34.091	88	57	1	1	87	1	88	1.00e-16	61.2
A119/197	A19/1-97	35.417	96	60	2	2	96	2	96	1.02e-16	61.2
A119/197	A77/1-97	32.292	96	65	0	2	97	2	97	1.46e-16	60.8
A119/197	A135/1-97	37.363	91	53	2	4	90	1	91	1.80e-16	60.5
A119/197	A124/1-97	33.333	90	59	1	2	90	2	91	1.94e-16	60.5
A119/197	A139/1-97	40.506	79	46	1	18	96	19	96	2.00e-16	60.5
A119/197	A128/1-97	38.776	98	54	3	2	96	2	96	2.49e-16	60.1
A119/197	A55/1-97	30.000	90	63	0	2	91	2	91	3.09e-16	60.1
A119/197	A73/1-97	32.632	95	62	2	2	95	2	95	3.83e-16	59.7
A119/197	A150/1-96	33.684	95	62	1	2	96	2	95	4.51e-16	59.7
A119/197	A7/1-97	31.250	96	64	2	2	96	3	97	4.51e-16	59.7
A119/197	A40/1-96	35.789	95	60	1	2	96	2	95	8.45e-16	58.9
A119/197	A161/1-98	34.783	92	59	1	2	92	2	93	8.82e-16	58.9
A119/197	A132/1-97	27.083	96	70	0	2	97	2	97	9.62e-16	58.5
A119/197	A38/1-98	34.118	85	55	1	2	85	2	86	1.18e-15	58.5
A119/197	A27/1-98	33.663	101	60	3	1	97	1	98	1.60e-15	58.2
A119/197	A21/1-98	40.659	91	52	2	2	91	3	92	1.63e-15	58.2
A119/197	A117/1-97	35.556	90	55	2	2	89	2	90	1.99e-15	57.8
A119/197	A56/1-93	35.632	87	54	2	2	88	2	86	2.01e-15	57.8
A119/197	A91/1-97	35.417	96	60	2	2	96	2	96	2.17e-15	57.8
A119/197	A121/1-97	28.889	90	64	0	2	91	2	91	4.28e-15	57.0
A119/197	A37/1-96	35.789	95	58	2	2	95	2	94	4.82e-15	57.0
A119/197	A85/1-98	31.250	96	65	1	1	95	1	96	5.31e-15	56.6
A119/197	A51/1-96	33.684	95	62	1	2	96	2	95	5.31e-15	56.6
A119/197	A6/1-97	34.021	97	62	2	2	97	2	97	6.11e-15	56.6
A119/197	A95/1-97	31.111	90	61	1	2	90	2	91	8.36e-15	56.2
A119/197	A24/1-98	31.633	98	66	1	1	97	1	98	1.36e-14	55.8
A119/197	A80/1-97	33.333	96	62	2	2	96	2	96	2.41e-14	55.1
A119/197	A146/1-97	36.082	97	60	2	2	97	2	97	2.77e-14	55.1
A119/197	A58/1-97	31.959	97	64	2	2	97	2	97	3.05e-14	54.7
A119/197	A9/1-95	34.091	88	57	1	1	88	1	87	4.31e-14	54.3
A119/197	A102/1-97	34.831	89	57	1	2	89	2	90	5.83e-14	54.3
A119/197	A23/1-98	27.551	98	70	1	1	97	1	98	6.03e-14	53.9
A119/197	A133/1-95	37.209	86	53	1	1	86	1	85	6.22e-14	53.9
A119/197	A26/1-97	36.047	86	54	1	2	86	2	87	1.95e-13	52.8
A119/197	A99/1-97	28.125	96	69	0	2	97	2	97	2.17e-13	52.8
A119/197	A148/1-102	29.592	98	64	3	5	97	5	102	2.61e-13	52.4
A119/197	A12/1-98	31.111	90	60	1	2	89	2	91	5.14e-13	51.6
A119/197	A140/1-99	32.143	84	55	1	1	82	1	84	5.73e-13	51.6
A119/197	A166/1-99	34.021	97	62	2	2	96	2	98	8.08e-13	51.2
A119/197	A16/1-97	26.804	97	71	0	1	97	1	97	1.19e-12	50.8
A119/197	A30/1-97	29.630	81	57	0	2	82	2	82	5.41e-12	48.9
A121/197	A121/1-97	100.000	97	0	0	1	97	1	97	2.72e-71	199
A121/197	A99/1-97	58.763	97	40	0	1	97	1	97	2.09e-41	124
A121/197	A77/1-97	55.670	97	43	0	1	97	1	97	1.40e-40	121
A121/197	A110/1-97	50.515	97	48	0	1	97	1	97	3.15e-39	118
A121/197	A55/1-97	48.454	97	50	0	1	97	1	97	2.21e-38	116
A121/197	A88/1-97	48.454	97	50	0	1	97	1	97	8.71e-38	114
A121/197	A66/1-97	50.515	97	48	0	1	97	1	97	5.71e-36	110
A121/197	A143/1-97	52.577	97	46	0	1	97	1	97	3.63e-35	108
A121/197	A154/1-97	45.361	97	53	0	1	97	1	97	4.55e-34	105
A121/197	A44/1-97	49.462	93	47	0	1	93	1	93	3.31e-30	95.5
A121/197	A132/1-97	43.299	97	55	0	1	97	1	97	6.55e-29	92.0
A121/197	A16/1-97	45.455	88	48	0	2	89	2	89	2.48e-28	90.9
A121/197	A63/1-98	43.299	97	54	1	2	97	2	98	1.84e-26	85.9
A121/197	A23/1-98	43.299	97	54	1	2	97	2	98	5.90e-26	84.7
A121/197	A150/1-96	43.333	90	51	0	1	90	1	90	8.37e-26	84.3
A121/197	A33/1-97	43.820	89	49	1	2	89	2	90	1.98e-25	83.2
A121/197	A5/1-98	42.105	95	53	1	1	93	1	95	5.41e-25	82.4
A121/197	A157/1-97	42.857	84	47	1	2	84	2	85	1.25e-24	81.3
A121/197	A69/1-97	44.048	84	46	1	2	84	2	85	1.80e-24	80.9
A121/197	A19/1-97	40.000	90	53	1	2	90	2	91	7.33e-24	79.3
A121/197	A105/1-97	44.944	89	48	1	2	89	2	90	1.47e-23	78.6
A121/197	A62/1-96	39.583	96	57	1	2	97	2	96	2.28e-23	78.2
A121/197	A73/1-97	44.444	90	49	1	2	90	2	91	2.62e-23	77.8
A121/197	A84/1-97	43.333	90	50	1	2	90	2	91	2.77e-23	77.8
A121/197	A118/1-98	41.489	94	54	1	2	94	2	95	3.48e-23	77.8
A121/197	A139/1-97	44.444	90	49	1	1	89	1	90	4.38e-23	77.4
A121/197	A146/1-97	47.191	89	46	1	2	89	2	90	4.94e-23	77.4
A121/197	A58/1-97	42.857	84	47	1	2	84	2	85	5.45e-23	77.0
A121/197	A124/1-97	43.373	83	46	1	2	83	2	84	5.51e-23	77.0
A121/197	A26/1-97	41.860	86	49	1	2	86	2	87	6.63e-23	77.0
A121/197	A51/1-96	38.043	92	57	0	2	93	2	93	1.83e-22	75.9
A121/197	A117/1-97	43.820	89	49	1	2	89	2	90	2.35e-22	75.5
A121/197	A2/1-97	40.217	92	55	0	2	93	2	93	2.37e-22	75.5
A121/197	A135/1-97	43.373	83	47	0	4	86	5	87	2.82e-22	75.5
A121/197	A30/1-97	34.375	96	63	0	2	97	2	97	3.05e-22	75.1
A121/197	A27/1-98	42.553	94	51	2	2	93	2	94	3.22e-22	75.1
A121/197	A42/1-104	41.121	107	48	3	2	97	2	104	5.73e-22	74.7
A121/197	A34/1-97	39.362	94	55	2	2	94	2	94	6.46e-22	74.3
A121/197	A95/1-97	43.820	89	49	1	2	89	2	90	7.94e-22	74.3
A121/197	A40/1-96	39.326	89	54	0	2	90	2	90	1.38e-21	73.6
A121/197	A113/1-96	40.741	81	48	0	2	82	2	82	2.49e-21	72.8
A121/197	A167/1-98	46.341	82	43	1	2	82	2	83	3.69e-21	72.4
A121/197	A74/1-98	38.710	93	48	2	2	89	2	90	5.11e-21	72.0
A121/197	A166/1-99	41.667	96	54	2	2	95	2	97	8.07e-21	71.6
A121/197	A159/1-98	40.206	97	57	1	2	97	2	98	9.50e-21	71.6
A121/197	A130/1-99	42.105	95	53	1	2	94	2	96	1.71e-20	70.9
A121/197	A107/1-98	41.304	92	45	2	2	88	2	89	1.79e-20	70.9
A121/197	A80/1-97	40.244	82	48	1	2	82	2	83	1.97e-20	70.5
A121/197	A31/1-95	39.773	88	52	1	2	89	2	88	1.97e-20	70.5
A121/197	A96/1-98	39.560	91	46	2	2	87	2	88	4.65e-20	69.7
A121/197	A108/1-99	42.045	88	49	1	2	87	2	89	5.18e-20	69.7
A121/197	A37/1-96	40.449	89	52	1	2	90	2	89	5.65e-20	69.3
A121/197	A125/1-98	39.362	94	56	1	1	93	1	94	7.84e-20	69.3
A121/197	A103/1-98	36.264	91	57	1	2	91	2	92	9.84e-20	68.9
A121/197	A161/1-98	36.667	90	57	0	4	93	5	94	1.39e-19	68.6
A121/197	A92/1-98	38.462	91	55	1	2	91	2	92	1.41e-19	68.6
A121/197	A47/1-96	35.484	93	59	1	2	93	2	94	2.68e-19	67.8
A121/197	A20/1-102	42.045	88	46	1	2	84	2	89	2.73e-19	67.8
A121/197	A12/1-98	38.824	85	50	1	2	84	2	86	2.89e-19	67.8
A121/197	A136/1-98	38.636	88	53	1	2	88	2	89	3.44e-19	67.4
A121/197	A102/1-97	34.444	90	58	1	2	90	2	91	3.75e-19	67.4
A121/197	A81/1-98	37.363	91	56	1	2	91	2	92	4.92e-19	67.0
A121/197	A144/1-96	36.458	96	60	1	2	97	2	96	6.96e-19	66.6
A121/197	A64/1-99	40.909	88	50	2	2	87	2	89	8.19e-19	66.6
A121/197	A128/1-97	38.202	89	54	1	2	89	2	90	1.19e-18	66.2
A121/197	A70/1-98	37.363	91	56	1	2	91	2	92	3.67e-18	64.7
A121/197	A155/1-98	37.895	95	58	1	2	95	2	96	5.30e-18	64.3
A121/197	A91/1-97	35.955	89	56	1	2	89	2	90	5.91e-18	64.3
A121/197	A53/1-99	35.870	92	57	1	2	91	2	93	6.31e-18	64.3
A121/197	A89/1-96	40.909	88	45	2	2	86	2	85	7.83e-18	63.9
A121/197	A122/1-96	35.417	96	61	1	2	97	2	96	9.22e-18	63.9
A121/197	A114/1-98	37.113	97	52	2	2	93	2	94	1.15e-17	63.5
A121/197	A158/1-98	36.364	88	55	1	2	88	2	89	1.64e-17	63.2
A121/197	A78/1-96	36.782	87	54	1	2	88	2	87	2.01e-17	63.2
A121/197	A45/1-98	41.489	94	51	3	2	93	2	93	2.64e-17	62.8
A121/197	A35/1-99	34.043	94	60	1	2	93	2	95	4.30e-17	62.0
A121/197	A59/1-98	39.560	91	52	2	4	93	6	94	4.54e-17	62.0
A121/197	A141/1-98	39.362	94	56	1	2	94	2	95	5.95e-17	61.6
A121/197	A56/1-93	38.636	88	52	2	1	88	1	86	1.01e-16	61.2
A121/197	A41/1-98	39.080	87	52	1	2	87	2	88	1.18e-16	60.8
A121/197	A52/1-98	37.500	80	49	1	10	88	10	89	1.20e-16	60.8
A121/197	A14/1-100	40.217	92	50	2	2	89	2	92	1.45e-16	60.8
A121/197	A13/1-103	34.375	96	57	1	2	91	2	97	1.68e-16	60.5
A121/197	A48/1-98	34.409	93	60	1	2	93	2	94	2.26e-16	60.5
A121/197	A86/1-99	38.824	85	50	1	2	84	2	86	2.71e-16	60.1
A121/197	A10/1-98	36.782	87	54	1	2	87	2	88	2.96e-16	60.1
A121/197	A10/1-98	45.455	11	6	0	2	12	87	97	5.0	16.9
A121/197	A67/1-95	33.708	89	58	1	2	90	2	89	2.99e-16	60.1
A121/197	A24/1-98	39.773	88	50	2	2	87	2	88	3.37e-16	59.7
A121/197	A100/1-96	36.735	98	51	3	2	91	2	96	3.63e-16	59.7
A121/197	A28/1-100	33.333	99	63	1	2	97	2	100	4.51e-16	59.7
A121/197	A162/1-99	41.026	78	41	2	10	84	11	86	4.81e-16	59.3
A121/197	A140/1-99	40.244	82	42	2	5	84	10	86	5.25e-16	59.3
A121/197	A17/1-103	36.735	98	48	3	2	89	2	95	8.27e-16	58.9
A121/197	A9/1-95	32.955	88	58	1	1	88	1	87	1.12e-15	58.5
A121/197	A111/1-96	33.333	87	57	1	2	88	2	87	1.29e-15	58.5
A121/197	A60/1-99	33.696	92	59	2	4	93	4	95	1.44e-15	58.2
A121/197	A163/1-98	32.292	96	60	2	2	94	2	95	2.05e-15	57.8
A121/197	A137/1-98	35.052	97	58	3	2	97	5	97	2.47e-15	57.8
A121/197	A133/1-95	30.682	88	56	2	2	87	2	86	3.16e-15	57.4
A121/197	A6/1-97	39.286	84	49	2	2	84	2	84	3.60e-15	57.4
A121/197	A3/1-98	34.066	91	51	2	2	87	2	88	3.97e-15	57.0
A121/197	A119/1-97	28.889	90	64	0	2	91	2	91	4.28e-15	57.0
A121/197	A129/1-98	35.714	98	62	1	1	97	1	98	4.61e-15	57.0
A121/197	A38/1-98	35.484	93	59	1	2	93	2	94	1.08e-14	55.8
A121/197	A97/1-99	35.294	85	53	1	2	84	2	86	2.05e-14	55.5
A121/197	A126/1-99	31.250	80	54	1	4	82	4	83	2.09e-14	55.1
A121/197	A151/1-99	35.000	100	59	2	2	97	2	99	2.23e-14	55.1
A121/197	A85/1-98	35.632	87	55	1	2	87	2	88	2.54e-14	55.1
A121/197	A152/1-99	36.471	85	52	1	1	83	1	85	3.33e-14	54.7
A121/197	A147/1-98	33.333	93	61	1	2	93	2	94	2.04e-13	52.8
A121/197	A75/1-99	34.091	88	56	1	2	87	2	89	3.17e-13	52.4
A121/197	A115/1-99	35.065	77	49	1	4	79	4	80	5.49e-13	51.6
A121/197	A7/1-97	33.333	90	58	2	2	90	3	91	1.51e-12	50.4
A121/197	A49/1-100	30.526	95	63	1	4	95	4	98	2.08e-12	50.1
A121/197	A21/1-98	39.175	97	57	2	2	97	3	98	2.50e-12	50.1
A121/197	A82/1-99	36.145	83	49	2	2	83	5	84	8.05e-12	48.5
A121/197	A71/1-99	29.348	92	63	2	4	93	4	95	4.24e-11	46.6
A121/197	A148/1-102	36.667	90	42	4	2	83	5	87	8.41e-11	45.8
A121/197	A93/1-99	31.707	82	52	2	2	82	5	83	1.35e-09	42.7
A121/197	A104/1-99	30.488	82	53	2	2	82	5	83	2.04e-09	42.4
A122/196	A122/1-96	100.000	96	0	0	1	96	1	96	1.78e-70	197
A122/196	A78/1-96	48.958	96	49	0	1	96	1	96	6.68e-36	109
A122/196	A89/1-96	47.368	95	50	0	2	96	2	96	7.64e-34	104
A122/196	A100/1-96	51.579	95	46	0	2	96	2	96	3.24e-31	97.8
A122/196	A144/1-96	48.958	96	49	0	1	96	1	96	2.73e-30	95.5
A122/196	A67/1-95	49.474	95	47	1	2	96	2	95	1.11e-29	94.0
A122/196	A111/1-96	41.053	95	56	0	2	96	2	96	1.25e-28	91.3
A122/196	A155/1-98	41.237	97	55	1	2	96	2	98	6.26e-27	87.0
A122/196	A163/1-98	47.423	97	49	1	1	95	1	97	1.85e-26	85.9
A122/196	A126/1-99	43.478	92	49	2	4	92	4	95	1.93e-25	83.2
A122/196	A74/1-98	46.512	86	44	1	2	85	2	87	2.62e-25	83.2
A122/196	A96/1-98	45.349	86	45	1	2	85	2	87	3.84e-25	82.4
A122/196	A118/1-98	47.191	89	43	2	2	87	2	89	4.57e-25	82.4
A122/196	A133/1-95	44.211	95	52	1	2	96	2	95	3.75e-24	80.1
A122/196	A53/1-99	42.222	90	49	1	2	88	2	91	7.14e-24	79.3
A122/196	A28/1-100	42.000	100	54	1	1	96	1	100	9.28e-24	79.0
A122/196	A66/1-97	46.465	99	46	3	2	96	2	97	5.08e-23	77.0
A122/196	A45/1-98	43.820	89	48	1	1	87	1	89	5.98e-23	77.0
A122/196	A88/1-97	42.857	98	51	2	2	96	2	97	6.32e-23	77.0
A122/196	A115/1-99	41.237	97	54	2	3	96	3	99	9.15e-23	76.6
A122/196	A55/1-97	45.977	87	46	1	2	87	2	88	1.15e-22	76.3
A122/196	A31/1-95	41.053	95	55	1	2	96	2	95	1.65e-22	75.9
A122/196	A63/1-98	41.237	97	55	1	2	96	2	98	5.65e-22	74.7
A122/196	A49/1-100	38.947	95	54	1	4	94	4	98	7.10e-22	74.3
A122/196	A130/1-99	37.755	98	58	1	2	96	2	99	7.58e-22	74.3
A122/196	A3/1-98	36.559	93	57	1	2	92	2	94	1.13e-21	73.9
A122/196	A108/1-99	38.776	98	57	1	2	96	2	99	3.59e-21	72.4
A122/196	A44/1-97	39.175	97	56	2	2	96	2	97	6.68e-21	71.6
A122/196	A48/1-98	40.698	86	49	1	2	85	2	87	7.45e-21	71.6
A122/196	A30/1-97	46.341	82	43	1	1	81	1	82	9.57e-21	71.2
A122/196	A85/1-98	43.023	86	47	1	2	85	2	87	1.48e-20	70.9
A122/196	A37/1-96	34.409	93	61	0	1	93	1	93	1.69e-20	70.9
A122/196	A107/1-98	42.045	88	49	1	2	87	2	89	3.13e-20	70.1
A122/196	A16/1-97	41.573	89	51	1	2	89	2	90	3.42e-20	70.1
A122/196	A77/1-97	42.697	89	46	2	2	87	2	88	3.81e-20	69.7
A122/196	A119/1-97	35.417	96	61	1	2	96	2	97	3.94e-20	69.7
A122/196	A42/1-104	38.835	103	55	2	2	96	2	104	4.63e-20	69.7
A122/196	A75/1-99	39.773	88	50	1	1	85	1	88	5.17e-20	69.7
A122/196	A95/1-97	42.268	97	53	3	1	95	1	96	7.48e-20	69.3
A122/196	A162/1-99	38.202	89	53	1	10	96	11	99	8.07e-20	68.9
A122/196	A17/1-103	40.196	102	54	3	2	96	2	103	8.34e-20	68.9
A122/196	A110/1-97	37.113	97	58	2	2	96	2	97	1.12e-19	68.6
A122/196	A19/1-97	36.782	87	53	2	1	85	1	87	1.47e-19	68.6
A122/196	A56/1-93	42.697	89	50	1	2	90	2	89	1.53e-19	68.2
A122/196	A82/1-99	41.379	87	48	2	4	87	4	90	2.32e-19	67.8
A122/196	A27/1-98	38.776	98	56	2	2	96	2	98	3.11e-19	67.4
A122/196	A140/1-99	44.000	75	39	1	11	82	11	85	5.41e-19	67.0
A122/196	A143/1-97	36.082	97	59	2	2	96	2	97	6.43e-19	66.6
A122/196	A113/1-96	40.449	89	50	2	1	87	1	88	7.17e-19	66.6
A122/196	A2/1-97	37.500	96	59	1	2	96	2	97	8.08e-19	66.6
A122/196	A132/1-97	37.895	95	52	2	2	92	2	93	1.22e-18	66.2
A122/196	A136/1-98	38.636	88	52	1	2	87	2	89	1.29e-18	65.9
A122/196	A154/1-97	36.364	99	56	2	2	96	2	97	1.35e-18	65.9
A122/196	A158/1-98	37.234	94	57	1	2	93	2	95	1.36e-18	65.9
A122/196	A150/1-96	39.080	87	52	1	2	87	2	88	1.82e-18	65.5
A122/196	A64/1-99	40.230	87	49	1	2	85	2	88	1.97e-18	65.5
A122/196	A51/1-96	38.372	86	52	1	1	85	1	86	2.29e-18	65.5
A122/196	A34/1-97	43.617	94	48	3	2	92	2	93	2.32e-18	65.5
A122/196	A26/1-97	40.909	88	48	3	1	85	1	87	2.39e-18	65.5
A122/196	A152/1-99	38.462	91	53	1	2	89	2	92	3.04e-18	65.1
A122/196	A147/1-98	37.374	99	54	2	2	95	2	97	3.32e-18	65.1
A122/196	A129/1-98	40.217	92	50	2	2	88	2	93	3.99e-18	64.7
A122/196	A86/1-99	35.354	99	61	1	1	96	1	99	4.08e-18	64.7
A122/196	A159/1-98	35.052	97	61	1	2	96	2	98	4.16e-18	64.7
A122/196	A141/1-98	39.326	89	52	1	2	88	2	90	4.44e-18	64.7
A122/196	A166/1-99	40.816	98	52	4	1	95	4	98	4.59e-18	64.7
A122/196	A148/1-102	36.634	101	55	4	2	96	5	102	4.59e-18	64.7
A122/196	A104/1-99	39.080	87	50	2	4	87	4	90	5.35e-18	64.3
A122/196	A93/1-99	35.714	98	57	3	2	96	5	99	5.35e-18	64.3
A122/196	A73/1-97	37.079	89	54	2	1	87	1	89	8.43e-18	63.9
A122/196	A99/1-97	36.957	92	51	2	2	89	2	90	8.81e-18	63.9
A122/196	A121/1-97	35.417	96	61	1	2	96	2	97	8.90e-18	63.9
A122/196	A103/1-98	40.000	90	52	1	1	88	1	90	9.50e-18	63.9
A122/196	A105/1-97	34.831	89	56	2	1	87	1	89	1.04e-17	63.5
A122/196	A20/1-102	35.632	87	50	1	2	82	2	88	1.18e-17	63.5
A122/196	A35/1-99	37.755	98	58	1	2	96	2	99	1.25e-17	63.5
A122/196	A24/1-98	36.082	97	60	1	2	96	2	98	1.27e-17	63.5
A122/196	A70/1-98	40.426	94	54	1	2	93	2	95	1.33e-17	63.5
A122/196	A167/1-98	37.113	97	59	1	1	95	1	97	1.42e-17	63.2
A122/196	A47/1-96	39.535	86	50	2	2	85	2	87	1.42e-17	63.2
A122/196	A41/1-98	38.384	99	54	3	1	96	4	98	2.05e-17	62.8
A122/196	A161/1-98	40.426	94	55	1	3	95	4	97	2.78e-17	62.8
A122/196	A40/1-96	36.364	88	55	1	1	87	1	88	6.84e-17	61.6
A122/196	A125/1-98	35.106	94	59	1	2	93	2	95	7.79e-17	61.6
A122/196	A71/1-99	39.080	87	50	2	4	87	4	90	9.06e-17	61.2
A122/196	A23/1-98	34.884	86	55	1	12	96	13	98	9.57e-17	61.2
A122/196	A14/1-100	38.889	90	51	1	2	87	2	91	1.41e-16	60.8
A122/196	A135/1-97	40.230	87	47	2	4	85	1	87	1.59e-16	60.5
A122/196	A12/1-98	39.080	87	50	2	1	84	1	87	2.06e-16	60.5
A122/196	A81/1-98	39.326	89	52	1	2	88	2	90	2.16e-16	60.5
A122/196	A97/1-99	36.782	87	52	1	1	84	1	87	2.23e-16	60.5
A122/196	A60/1-99	34.375	96	60	2	4	96	4	99	2.80e-16	60.1
A122/196	A38/1-98	39.535	86	50	1	1	84	1	86	3.67e-16	59.7
A122/196	A58/1-97	36.905	84	50	2	2	84	5	86	5.35e-16	59.3
A122/196	A117/1-97	34.831	89	56	2	1	87	1	89	5.41e-16	59.3
A122/196	A80/1-97	37.209	86	50	3	1	83	1	85	5.97e-16	59.3
A122/196	A62/1-96	36.471	85	53	1	2	85	2	86	1.11e-15	58.5
A122/196	A151/1-99	38.202	89	52	1	2	87	2	90	1.23e-15	58.5
A122/196	A84/1-97	34.831	89	56	2	1	87	1	89	1.27e-15	58.2
A122/196	A91/1-97	36.047	86	51	3	1	83	1	85	1.61e-15	58.2
A122/196	A124/1-97	35.632	87	52	3	1	84	1	86	1.65e-15	58.2
A122/196	A102/1-97	36.364	88	52	3	1	85	1	87	2.19e-15	57.8
A122/196	A137/1-98	32.143	84	54	2	4	85	4	86	2.23e-15	57.8
A122/196	A114/1-98	35.052	97	61	1	2	96	2	98	2.77e-15	57.4
A122/196	A52/1-98	36.250	80	49	1	10	87	10	89	2.96e-15	57.4
A122/196	A92/1-98	36.905	84	51	1	1	82	1	84	4.61e-15	57.0
A122/196	A146/1-97	41.250	80	44	2	10	87	11	89	9.93e-15	56.2
A122/196	A10/1-98	34.021	97	61	2	2	96	2	97	2.77e-14	55.1
A122/196	A33/1-97	30.233	86	58	2	2	85	2	87	4.91e-14	54.3
A122/196	A59/1-98	37.209	86	52	1	2	85	2	87	5.41e-14	54.3
A122/196	A7/1-97	35.052	97	59	3	2	96	3	97	1.04e-13	53.5
A122/196	A128/1-97	31.579	95	51	4	1	87	1	89	1.23e-13	53.1
A122/196	A5/1-98	36.782	87	52	1	2	85	2	88	1.41e-13	53.1
A122/196	A9/1-95	31.034	87	60	0	2	88	2	88	1.81e-13	52.8
A122/196	A157/1-97	36.471	85	50	3	1	82	1	84	2.61e-13	52.4
A122/196	A13/1-103	34.409	93	54	1	2	87	2	94	3.03e-13	52.4
A122/196	A69/1-97	36.905	84	49	3	2	82	2	84	3.27e-13	52.0
A122/196	A21/1-98	39.175	97	56	2	2	96	3	98	2.81e-12	49.7
A122/196	A6/1-97	35.366	82	50	2	2	81	2	82	2.35e-10	44.7
A122/196	A139/1-97	31.646	79	47	2	11	85	12	87	4.65e-10	43.9
A124/197	A124/1-97	100.000	97	0	0	1	97	1	97	5.98e-72	201
A124/197	A80/1-97	61.111	90	35	0	1	90	1	90	7.04e-41	122
A124/197	A91/1-97	61.111	90	35	0	1	90	1	90	4.43e-39	117
A124/197	A102/1-97	55.208	96	43	0	1	96	1	96	2.67e-38	115
A124/197	A113/1-96	50.515	97	47	1	1	97	1	96	4.21e-37	112
A124/197	A69/1-97	47.826	92	48	0	2	93	2	93	3.15e-35	108
A124/197	A84/1-97	53.125	96	45	0	1	96	1	96	8.58e-34	104
A124/197	A146/1-97	49.451	91	46	0	1	91	1	91	1.22e-31	99.0
A124/197	A95/1-97	46.875	96	51	0	1	96	1	96	1.45e-31	99.0
A124/197	A26/1-97	46.875	96	51	0	1	96	1	96	2.22e-31	98.6
A124/197	A58/1-97	42.708	96	55	0	1	96	1	96	3.97e-31	97.8
A124/197	A33/1-97	46.316	95	51	0	2	96	2	96	1.28e-30	96.7
A124/197	A157/1-97	41.667	96	56	0	1	96	1	96	2.90e-30	95.5
A124/197	A73/1-97	45.161	93	51	0	1	93	1	93	4.17e-30	95.1
A124/197	A105/1-97	46.316	95	51	0	1	95	1	95	4.50e-30	95.1
A124/197	A19/1-97	42.708	96	55	0	1	96	1	96	1.46e-29	94.0
A124/197	A51/1-96	52.273	88	41	1	1	88	1	87	1.65e-29	93.6
A124/197	A128/1-97	42.708	96	55	0	1	96	1	96	2.42e-29	93.2
A124/197	A47/1-96	48.315	89	46	0	2	90	2	90	2.38e-28	90.9
A124/197	A135/1-97	43.158	95	54	0	2	96	2	96	3.13e-27	87.8
A124/197	A117/1-97	39.785	93	56	0	1	93	1	93	1.44e-25	83.6
A124/197	A62/1-96	46.739	92	48	1	2	93	2	92	6.44e-25	82.0
A124/197	A166/1-99	39.583	96	57	1	1	95	1	96	1.25e-24	81.3
A124/197	A99/1-97	42.169	83	47	1	2	84	2	83	2.13e-23	78.2
A124/197	A139/1-97	38.542	96	59	0	2	97	2	97	2.60e-23	78.2
A124/197	A121/1-97	43.373	83	46	1	2	84	2	83	5.51e-23	77.0
A124/197	A23/1-98	41.111	90	53	0	2	91	2	91	7.07e-23	77.0
A124/197	A55/1-97	40.000	85	50	1	2	86	2	85	8.61e-23	76.6
A124/197	A5/1-98	46.429	84	42	2	2	83	2	84	8.89e-23	76.6
A124/197	A77/1-97	43.373	83	46	1	2	84	2	83	1.35e-22	76.3
A124/197	A161/1-98	41.573	89	52	0	2	90	2	90	1.44e-22	76.3
A124/197	A143/1-97	40.000	85	50	1	2	86	2	85	3.63e-22	75.1
A124/197	A86/1-99	42.857	91	49	2	1	89	1	90	3.75e-22	75.1
A124/197	A44/1-97	43.902	82	45	1	2	83	2	82	3.96e-22	75.1
A124/197	A41/1-98	40.230	87	47	2	1	86	4	86	5.37e-22	74.7
A124/197	A12/1-98	37.755	98	58	2	1	96	1	97	6.60e-22	74.3
A124/197	A40/1-96	40.625	96	56	1	1	96	1	95	1.09e-21	73.9
A124/197	A110/1-97	40.244	82	47	1	5	84	2	83	1.70e-21	73.6
A124/197	A66/1-97	43.373	83	44	1	7	86	3	85	5.34e-21	72.0
A124/197	A78/1-96	43.023	86	47	2	1	86	1	84	8.16e-21	71.6
A124/197	A88/1-97	39.759	83	49	1	2	84	2	83	8.80e-21	71.6
A124/197	A30/1-97	38.554	83	50	1	1	83	1	82	1.14e-20	71.2
A124/197	A16/1-97	38.202	89	54	1	2	90	2	89	1.14e-20	71.2
A124/197	A136/1-98	36.082	97	60	2	2	97	2	97	2.08e-20	70.5
A124/197	A52/1-98	41.176	85	49	1	8	91	7	91	2.08e-20	70.5
A124/197	A152/1-99	39.560	91	52	2	2	90	2	91	3.74e-20	70.1
A124/197	A150/1-96	37.079	89	55	1	2	90	2	89	4.81e-19	67.0
A124/197	A100/1-96	38.824	85	51	1	2	86	1	84	5.42e-19	67.0
A124/197	A162/1-99	46.667	75	39	1	13	86	13	87	5.98e-19	67.0
A124/197	A74/1-98	42.353	85	47	2	2	85	2	85	7.35e-19	66.6
A124/197	A167/1-98	40.230	87	50	2	1	86	1	86	1.13e-18	66.2
A124/197	A34/1-97	44.706	85	44	3	2	85	2	84	1.43e-18	65.9
A124/197	A126/1-99	40.741	81	46	2	4	83	4	83	1.66e-18	65.9
A124/197	A37/1-96	34.444	90	57	2	1	90	1	88	1.85e-18	65.5
A124/197	A115/1-99	38.750	80	48	1	2	80	1	80	1.93e-18	65.5
A124/197	A89/1-96	40.000	85	49	2	2	86	2	84	2.04e-18	65.5
A124/197	A107/1-98	39.535	86	50	2	2	86	2	86	2.32e-18	65.5
A124/197	A140/1-99	42.667	75	41	1	12	84	11	85	2.95e-18	65.1
A124/197	A154/1-97	34.444	90	58	1	2	91	2	90	3.18e-18	65.1
A124/197	A92/1-98	38.095	84	50	2	2	84	2	84	4.31e-18	64.7
A124/197	A63/1-98	41.667	84	47	2	2	84	2	84	4.41e-18	64.7
A124/197	A60/1-99	43.210	81	44	2	4	83	4	83	6.04e-18	64.3
A124/197	A155/1-98	42.308	78	42	2	11	86	10	86	6.44e-18	64.3
A124/197	A20/1-102	40.909	88	46	2	2	84	2	88	6.44e-18	64.3
A124/197	A118/1-98	40.000	85	49	2	2	85	2	85	8.36e-18	63.9
A124/197	A67/1-95	40.000	95	55	2	2	96	2	94	9.84e-18	63.9
A124/197	A27/1-98	40.230	87	48	3	2	86	2	86	9.84e-18	63.9
A124/197	A3/1-98	38.372	86	51	2	2	86	2	86	1.79e-17	63.2
A124/197	A132/1-97	35.526	76	49	0	11	86	10	85	2.39e-17	62.8
A124/197	A2/1-97	36.364	88	55	1	2	89	2	88	2.73e-17	62.8
A124/197	A81/1-98	39.286	84	49	2	2	84	2	84	3.01e-17	62.4
A124/197	A96/1-98	34.884	86	54	2	2	86	2	86	4.16e-17	62.0
A124/197	A28/1-100	38.202	89	51	2	1	86	1	88	4.54e-17	62.0
A124/197	A125/1-98	38.095	84	50	2	2	84	2	84	4.64e-17	62.0
A124/197	A53/1-99	36.667	90	54	2	2	89	2	90	7.08e-17	61.6
A124/197	A141/1-98	35.955	89	55	2	2	89	2	89	8.98e-17	61.2
A124/197	A103/1-98	34.884	86	54	2	1	85	1	85	9.08e-17	61.2
A124/197	A111/1-96	38.372	86	50	2	2	86	1	84	1.22e-16	60.8
A124/197	A82/1-99	40.244	82	47	2	4	84	4	84	1.42e-16	60.8
A124/197	A64/1-99	37.931	87	51	3	2	86	2	87	1.54e-16	60.8
A124/197	A104/1-99	41.111	90	50	3	4	91	4	92	1.78e-16	60.5
A124/197	A119/1-97	33.333	90	59	1	2	91	2	90	1.94e-16	60.5
A124/197	A158/1-98	40.964	83	47	2	2	83	2	83	2.71e-16	60.1
A124/197	A151/1-99	36.782	87	52	2	2	86	2	87	3.55e-16	59.7
A124/197	A144/1-96	37.209	86	52	2	1	86	1	84	3.59e-16	59.7
A124/197	A130/1-99	41.111	90	50	2	2	89	2	90	3.88e-16	59.7
A124/197	A70/1-98	40.000	85	49	2	2	85	2	85	4.00e-16	59.7
A124/197	A114/1-98	38.824	85	50	2	2	85	2	85	5.25e-16	59.3
A124/197	A137/1-98	40.741	81	45	3	4	83	4	82	5.36e-16	59.3
A124/197	A85/1-98	33.721	86	55	2	2	86	2	86	1.33e-15	58.2
A124/197	A129/1-98	40.964	83	47	2	2	83	2	83	1.50e-15	58.2
A124/197	A122/1-96	35.632	87	52	3	1	86	1	84	1.71e-15	58.2
A124/197	A13/1-103	40.000	90	47	3	2	85	2	90	2.21e-15	57.8
A124/197	A97/1-99	34.091	88	55	2	1	86	1	87	2.31e-15	57.8
A124/197	A14/1-100	36.957	92	54	2	2	90	2	92	2.31e-15	57.8
A124/197	A148/1-102	34.483	87	49	3	2	84	5	87	5.79e-15	56.6
A124/197	A108/1-99	36.782	87	52	2	2	86	2	87	5.85e-15	56.6
A124/197	A93/1-99	40.449	89	50	3	4	90	4	91	6.31e-15	56.6
A124/197	A35/1-99	35.714	84	51	2	2	83	2	84	6.81e-15	56.6
A124/197	A147/1-98	36.471	85	52	2	2	85	2	85	7.27e-15	56.6
A124/197	A71/1-99	37.037	81	49	2	4	83	4	83	8.18e-15	56.2
A124/197	A59/1-98	39.286	84	46	2	2	84	5	84	9.31e-15	56.2
A124/197	A24/1-98	36.486	74	46	1	11	83	10	83	1.50e-14	55.5
A124/197	A42/1-104	35.165	91	51	3	2	85	2	91	1.71e-14	55.5
A124/197	A45/1-98	37.209	86	50	3	2	85	2	85	4.65e-14	54.3
A124/197	A17/1-103	38.889	90	47	3	4	85	1	90	4.70e-14	54.3
A124/197	A163/1-98	32.558	86	56	2	1	85	1	85	4.75e-14	54.3
A124/197	A31/1-95	36.905	84	51	2	2	85	2	83	6.86e-14	53.9
A124/197	A75/1-99	34.091	88	55	2	1	86	1	87	1.62e-13	53.1
A124/197	A38/1-98	32.990	97	63	2	1	96	1	96	1.79e-13	52.8
A124/197	A9/1-95	33.846	65	42	1	21	85	20	83	2.34e-13	52.4
A124/197	A6/1-97	36.145	83	49	3	4	83	1	82	4.06e-13	52.0
A124/197	A133/1-95	31.183	93	61	2	5	96	4	94	8.71e-13	51.2
A124/197	A48/1-98	30.263	76	52	1	11	85	10	85	1.23e-12	50.8
A124/197	A159/1-98	36.145	83	51	2	2	83	2	83	1.77e-12	50.4
A124/197	A7/1-97	27.368	95	66	2	2	95	3	95	3.00e-12	49.7
A124/197	A21/1-98	39.535	86	49	2	2	86	3	86	6.78e-12	48.9
A124/197	A10/1-98	32.558	86	55	2	4	86	1	86	7.31e-12	48.5
A124/197	A56/1-93	32.927	82	46	4	7	83	3	80	1.15e-10	45.4
A124/197	A49/1-100	32.941	85	53	2	4	85	4	87	2.27e-09	42.4
A125/198	A125/1-98	100.000	98	0	0	1	98	1	98	5.06e-72	201
A125/198	A92/1-98	57.732	97	41	0	2	98	2	98	1.50e-41	124
A125/198	A70/1-98	56.701	97	42	0	2	98	2	98	2.08e-41	124
A125/198	A103/1-98	54.639	97	44	0	2	98	2	98	9.30e-40	119
A125/198	A114/1-98	56.701	97	42	0	2	98	2	98	2.31e-39	118
A125/198	A81/1-98	58.763	97	40	0	2	98	2	98	5.53e-38	115
A125/198	A59/1-98	54.639	97	44	0	2	98	2	98	2.51e-37	113
A125/198	A136/1-98	50.000	96	48	0	2	97	2	97	5.70e-34	105
A125/198	A107/1-98	48.454	97	50	0	2	98	2	98	4.15e-32	100
A125/198	A63/1-98	47.423	97	51	0	2	98	2	98	1.63e-31	99.0
A125/198	A20/1-102	50.495	101	46	1	2	98	2	102	7.56e-30	94.7
A125/198	A96/1-98	50.575	87	43	0	2	88	2	88	7.64e-30	94.7
A125/198	A147/1-98	45.263	95	52	0	2	96	2	96	3.65e-29	92.8
A125/198	A48/1-98	45.263	95	52	0	2	96	2	96	6.30e-29	92.4
A125/198	A129/1-98	47.959	98	51	0	1	98	1	98	1.08e-28	91.7
A125/198	A158/1-98	43.299	97	55	0	2	98	2	98	3.17e-28	90.5
A125/198	A118/1-98	43.299	97	55	0	2	98	2	98	1.33e-27	89.0
A125/198	A85/1-98	44.330	97	54	0	2	98	2	98	9.79e-27	86.7
A125/198	A41/1-98	44.330	97	54	0	2	98	2	98	1.36e-26	86.3
A125/198	A34/1-97	43.750	96	53	1	2	97	2	96	1.36e-25	84.0
A125/198	A74/1-98	41.237	97	57	0	2	98	2	98	1.77e-25	83.6
A125/198	A13/1-103	40.196	102	56	1	2	98	2	103	3.21e-24	80.5
A125/198	A130/1-99	42.857	98	55	1	2	98	2	99	9.77e-24	79.0
A125/198	A115/1-99	39.583	96	57	1	4	98	4	99	1.23e-23	79.0
A125/198	A6/1-97	45.361	97	52	1	2	98	2	97	2.12e-23	78.2
A125/198	A52/1-98	40.206	97	58	0	2	98	2	98	2.75e-23	77.8
A125/198	A27/1-98	42.857	98	54	2	2	98	2	98	3.45e-22	75.1
A125/198	A152/1-99	40.000	90	53	1	1	89	1	90	4.01e-22	75.1
A125/198	A60/1-99	40.625	96	56	1	4	98	4	99	4.38e-22	75.1
A125/198	A167/1-98	39.785	93	56	0	2	94	2	94	9.18e-22	73.9
A125/198	A148/1-102	42.857	98	52	2	5	98	5	102	1.39e-21	73.6
A125/198	A93/1-99	41.667	96	55	1	4	98	4	99	2.03e-21	73.2
A125/198	A137/1-98	39.583	96	56	2	4	98	4	98	2.88e-21	72.8
A125/198	A35/1-99	36.735	98	61	1	2	98	2	99	4.70e-21	72.4
A125/198	A140/1-99	46.591	88	46	1	2	88	2	89	5.24e-21	72.0
A125/198	A82/1-99	45.745	94	49	1	4	97	4	95	6.17e-21	72.0
A125/198	A53/1-99	39.773	88	52	1	2	88	2	89	6.95e-21	72.0
A125/198	A162/1-99	38.202	89	55	0	10	98	11	99	8.55e-21	71.6
A125/198	A3/1-98	35.052	97	63	0	2	98	2	98	1.01e-20	71.6
A125/198	A14/1-100	37.374	99	60	1	2	98	2	100	1.24e-20	71.2
A125/198	A42/1-104	35.354	99	58	2	2	94	2	100	1.70e-20	70.9
A125/198	A159/1-98	38.636	88	54	0	2	89	2	89	2.09e-20	70.5
A125/198	A141/1-98	35.052	97	63	0	2	98	2	98	2.46e-20	70.5
A125/198	A28/1-100	38.384	99	59	1	2	98	2	100	2.80e-20	70.5
A125/198	A126/1-99	35.714	98	58	2	4	98	4	99	4.09e-20	69.7
A125/198	A151/1-99	37.363	91	56	1	2	91	2	92	4.71e-20	69.7
A125/198	A121/1-97	39.362	94	56	1	1	94	1	93	8.12e-20	69.3
A125/198	A78/1-96	36.082	97	60	1	2	98	2	96	1.07e-19	68.9
A125/198	A163/1-98	30.682	88	61	0	2	89	2	89	1.35e-19	68.6
A125/198	A10/1-98	37.755	98	58	1	4	98	1	98	2.63e-19	67.8
A125/198	A108/1-99	36.364	88	55	1	2	88	2	89	3.19e-19	67.8
A125/198	A66/1-97	37.500	96	59	1	1	96	1	95	3.48e-19	67.4
A125/198	A71/1-99	37.500	96	59	1	4	98	4	99	5.15e-19	67.0
A125/198	A104/1-99	38.542	96	58	1	4	98	4	99	7.37e-19	66.6
A125/198	A75/1-99	32.955	88	58	1	2	88	2	89	1.28e-18	66.2
A125/198	A119/1-97	32.632	95	63	1	2	96	2	95	1.79e-18	65.9
A125/198	A84/1-97	39.583	96	55	3	2	96	2	95	2.09e-18	65.5
A125/198	A143/1-97	36.735	98	61	1	1	98	1	97	5.61e-18	64.3
A125/198	A111/1-96	35.052	97	61	1	2	98	2	96	6.75e-18	64.3
A125/198	A55/1-97	33.333	96	63	1	1	96	1	95	6.89e-18	64.3
A125/198	A69/1-97	40.000	85	49	2	2	85	2	85	1.24e-17	63.5
A125/198	A73/1-97	38.776	98	57	3	2	98	2	97	1.29e-17	63.5
A125/198	A37/1-96	36.634	101	54	2	2	98	2	96	2.98e-17	62.8
A125/198	A77/1-97	37.374	99	55	2	1	96	1	95	3.11e-17	62.4
A125/198	A91/1-97	35.417	96	59	3	2	96	2	95	3.25e-17	62.4
A125/198	A58/1-97	40.625	96	54	3	2	96	2	95	4.04e-17	62.4
A125/198	A64/1-99	37.500	88	54	1	2	88	2	89	4.36e-17	62.0
A125/198	A124/1-97	38.095	84	50	2	2	84	2	84	4.80e-17	62.0
A125/198	A80/1-97	39.175	97	54	4	2	96	2	95	5.90e-17	62.0
A125/198	A146/1-97	38.542	96	56	3	2	96	2	95	5.96e-17	62.0
A125/198	A88/1-97	31.959	97	59	2	1	94	1	93	7.41e-17	61.6
A125/198	A122/1-96	35.106	94	59	1	2	95	2	93	8.34e-17	61.6
A125/198	A89/1-96	31.959	97	64	1	2	98	2	96	8.71e-17	61.2
A125/198	A30/1-97	32.990	97	64	1	2	98	2	97	1.42e-16	60.8
A125/198	A97/1-99	32.558	86	57	1	2	86	2	87	1.43e-16	60.8
A125/198	A44/1-97	39.796	98	58	1	1	98	1	97	1.43e-16	60.8
A125/198	A7/1-97	35.484	93	58	2	2	94	3	93	1.58e-16	60.8
A125/198	A132/1-97	32.653	98	65	1	1	98	1	97	2.14e-16	60.5
A125/198	A99/1-97	33.673	98	64	1	1	98	1	97	4.47e-16	59.7
A125/198	A113/1-96	35.556	90	57	1	2	91	2	90	6.46e-16	59.3
A125/198	A62/1-96	36.082	97	60	2	2	98	2	96	6.89e-16	58.9
A125/198	A33/1-97	37.931	87	52	2	2	87	2	87	6.96e-16	58.9
A125/198	A95/1-97	38.947	95	55	3	2	95	2	94	1.13e-15	58.5
A125/198	A144/1-96	32.979	94	61	1	2	95	2	93	1.88e-15	58.2
A125/198	A105/1-97	35.714	98	60	3	2	98	2	97	2.14e-15	57.8
A125/198	A56/1-93	35.556	90	53	3	1	89	1	86	2.75e-15	57.4
A125/198	A86/1-99	32.632	95	63	1	2	95	2	96	2.90e-15	57.4
A125/198	A5/1-98	35.000	100	61	3	1	98	1	98	2.97e-15	57.4
A125/198	A16/1-97	35.052	97	62	1	2	98	2	97	3.13e-15	57.4
A125/198	A49/1-100	31.183	93	62	1	4	94	4	96	4.42e-15	57.0
A125/198	A154/1-97	31.579	95	64	1	1	95	1	94	4.52e-15	57.0
A125/198	A155/1-98	34.375	96	60	1	2	97	2	94	4.72e-15	57.0
A125/198	A102/1-97	33.333	87	56	2	2	87	2	87	5.15e-15	57.0
A125/198	A110/1-97	28.723	94	66	1	1	94	1	93	5.37e-15	57.0
A125/198	A100/1-96	34.021	97	62	1	2	98	2	96	5.80e-15	56.6
A125/198	A38/1-98	31.707	82	56	0	2	83	2	83	6.53e-15	56.6
A125/198	A157/1-97	37.647	85	51	2	2	85	2	85	6.67e-15	56.6
A125/198	A17/1-103	34.314	102	62	1	2	98	2	103	8.37e-15	56.2
A125/198	A21/1-98	40.909	88	51	1	2	89	3	89	9.32e-15	56.2
A125/198	A24/1-98	30.928	97	67	0	2	98	2	98	1.03e-14	56.2
A125/198	A26/1-97	33.333	87	56	2	2	87	2	87	1.90e-14	55.5
A125/198	A31/1-95	32.184	87	57	1	2	88	2	86	4.18e-14	54.7
A125/198	A47/1-96	33.333	87	56	2	2	87	2	87	4.71e-14	54.3
A125/198	A161/1-98	32.632	95	62	2	1	94	1	94	7.56e-14	53.9
A125/198	A40/1-96	34.737	95	60	2	2	96	2	94	7.81e-14	53.9
A125/198	A135/1-97	34.091	88	53	2	4	87	1	87	8.15e-14	53.9
A125/198	A9/1-95	33.333	99	59	4	2	98	2	95	1.87e-13	52.8
A125/198	A23/1-98	32.632	95	62	2	2	95	2	95	3.10e-13	52.4
A125/198	A51/1-96	29.474	95	65	2	2	96	2	94	5.43e-13	51.6
A125/198	A45/1-98	31.818	88	60	0	2	89	2	89	5.43e-13	51.6
A125/198	A67/1-95	28.723	94	64	2	2	95	2	92	1.30e-12	50.8
A125/198	A117/1-97	33.333	87	56	2	2	87	2	87	3.03e-12	49.7
A125/198	A128/1-97	33.333	87	56	2	2	87	2	87	3.34e-12	49.7
A125/198	A133/1-95	27.907	86	60	1	2	87	2	85	5.59e-12	48.9
A125/198	A19/1-97	31.250	96	63	3	2	96	2	95	6.15e-12	48.9
A125/198	A139/1-97	31.959	97	63	3	1	96	1	95	1.42e-11	48.1
A125/198	A12/1-98	29.167	96	65	2	2	95	2	96	2.20e-11	47.4
A125/198	A150/1-96	32.292	96	63	2	1	96	1	94	1.70e-10	45.1
A125/198	A166/1-99	27.083	96	67	3	2	95	2	96	2.70e-08	39.3
A125/198	A2/1-97	26.733	101	65	2	2	98	2	97	2.69e-07	37.0
A126/199	A126/1-99	100.000	99	0	0	1	99	1	99	3.91e-73	204
A126/199	A93/1-99	60.204	98	39	0	2	99	2	99	1.45e-45	134
A126/199	A104/1-99	60.204	98	39	0	2	99	2	99	1.11e-44	132
A126/199	A115/1-99	58.163	98	41	0	2	99	2	99	5.57e-44	130
A126/199	A82/1-99	55.102	98	44	0	2	99	2	99	7.15e-42	125
A126/199	A71/1-99	52.577	97	46	0	3	99	3	99	6.78e-38	115
A126/199	A60/1-99	47.423	97	51	0	3	99	3	99	4.92e-34	105
A126/199	A148/1-102	46.000	100	51	1	3	99	3	102	3.26e-33	103
A126/199	A137/1-98	43.299	97	54	1	3	99	3	98	6.78e-28	89.7
A126/199	A74/1-98	47.126	87	45	1	3	89	3	88	4.89e-27	87.4
A126/199	A96/1-98	44.186	86	47	1	4	89	4	88	1.96e-26	85.9
A126/199	A162/1-99	40.000	90	53	1	10	99	11	99	4.25e-26	85.1
A126/199	A122/1-96	43.478	92	49	2	4	95	4	92	2.16e-25	83.2
A126/199	A158/1-98	42.708	96	54	1	4	99	4	98	2.90e-25	83.2
A126/199	A34/1-97	43.478	92	50	2	4	95	4	93	7.82e-25	82.0
A126/199	A45/1-98	43.011	93	48	3	3	93	3	92	9.83e-25	81.6
A126/199	A78/1-96	42.708	96	52	2	4	99	4	96	1.20e-24	81.6
A126/199	A28/1-100	43.878	98	52	2	4	99	4	100	1.62e-24	81.3
A126/199	A107/1-98	42.529	87	49	1	4	90	4	89	2.23e-24	80.9
A126/199	A63/1-98	41.667	96	55	1	4	99	4	98	2.43e-24	80.9
A126/199	A49/1-100	39.796	98	56	2	3	98	3	99	3.45e-24	80.5
A126/199	A53/1-99	42.697	89	49	2	4	91	4	91	3.64e-24	80.1
A126/199	A118/1-98	42.529	87	49	1	4	90	4	89	5.75e-24	79.7
A126/199	A163/1-98	45.238	84	45	1	5	88	5	87	6.70e-24	79.7
A126/199	A85/1-98	42.353	85	48	1	5	89	5	88	1.32e-23	79.0
A126/199	A159/1-98	40.659	91	53	1	5	95	5	94	2.15e-23	78.2
A126/199	A17/1-103	44.118	102	51	3	3	99	3	103	2.22e-23	78.2
A126/199	A141/1-98	39.583	96	57	1	4	99	4	98	2.76e-23	78.2
A126/199	A42/1-104	39.362	94	50	3	4	91	4	96	9.46e-23	76.6
A126/199	A24/1-98	36.082	97	61	1	3	99	3	98	1.04e-22	76.6
A126/199	A66/1-97	41.304	92	52	2	4	95	4	93	1.56e-22	76.3
A126/199	A86/1-99	39.785	93	54	2	4	95	4	95	1.80e-22	75.9
A126/199	A89/1-96	41.237	97	54	2	3	99	3	96	2.14e-22	75.9
A126/199	A48/1-98	38.889	90	53	1	5	92	5	94	2.31e-22	75.5
A126/199	A140/1-99	42.697	89	42	2	11	98	11	91	5.90e-22	74.7
A126/199	A133/1-95	43.617	94	49	3	4	97	4	93	7.10e-22	74.3
A126/199	A155/1-98	34.737	95	61	1	5	99	5	98	8.18e-22	74.3
A126/199	A108/1-99	37.363	91	55	2	4	93	4	93	9.63e-22	73.9
A126/199	A119/1-97	41.758	91	51	2	4	94	4	92	1.26e-21	73.9
A126/199	A129/1-98	42.697	89	49	1	4	90	4	92	1.33e-21	73.6
A126/199	A30/1-97	40.206	97	54	3	4	99	4	97	1.81e-21	73.6
A126/199	A3/1-98	35.052	97	62	1	3	99	3	98	2.08e-21	73.2
A126/199	A130/1-99	39.175	97	57	2	4	99	4	99	2.43e-21	73.2
A126/199	A75/1-99	38.462	91	54	2	4	93	4	93	2.56e-21	73.2
A126/199	A110/1-97	44.565	92	47	3	5	95	5	93	4.71e-21	72.4
A126/199	A88/1-97	41.304	92	52	2	4	95	4	93	5.03e-21	72.4
A126/199	A144/1-96	39.130	92	53	2	4	95	4	92	5.09e-21	72.4
A126/199	A31/1-95	41.489	94	51	3	4	97	4	93	5.26e-21	72.0
A126/199	A64/1-99	41.975	81	46	1	4	83	4	84	5.31e-21	72.0
A126/199	A52/1-98	41.463	82	45	1	2	83	5	83	6.32e-21	72.0
A126/199	A67/1-95	40.964	83	47	1	1	83	1	81	6.39e-21	72.0
A126/199	A70/1-98	40.625	96	56	1	4	99	4	98	9.25e-21	71.6
A126/199	A97/1-99	43.210	81	45	1	4	83	4	84	1.31e-20	71.2
A126/199	A16/1-97	37.500	96	58	2	4	99	4	97	1.54e-20	70.9
A126/199	A111/1-96	38.542	96	56	2	4	99	4	96	1.72e-20	70.9
A126/199	A103/1-98	39.773	88	52	1	4	91	4	90	2.66e-20	70.5
A126/199	A161/1-98	43.529	85	46	2	12	96	13	95	3.45e-20	70.1
A126/199	A125/1-98	35.714	98	58	2	4	99	4	98	4.24e-20	69.7
A126/199	A55/1-97	40.230	87	50	2	4	90	4	88	4.58e-20	69.7
A126/199	A147/1-98	36.264	91	57	1	5	95	5	94	4.89e-20	69.7
A126/199	A59/1-98	41.000	100	52	3	2	99	4	98	5.51e-20	69.7
A126/199	A81/1-98	39.773	88	52	1	4	91	4	90	9.18e-20	68.9
A126/199	A92/1-98	41.250	80	47	0	4	83	4	83	1.27e-19	68.6
A126/199	A100/1-96	35.417	96	59	2	4	99	4	96	3.73e-19	67.4
A126/199	A114/1-98	35.000	80	52	0	4	83	4	83	4.58e-19	67.4
A126/199	A77/1-97	37.931	87	52	2	4	90	4	88	5.11e-19	67.0
A126/199	A152/1-99	35.714	98	59	3	4	99	4	99	5.69e-19	67.0
A126/199	A136/1-98	33.333	87	57	1	4	90	4	89	8.60e-19	66.6
A126/199	A20/1-102	33.663	101	58	3	5	99	5	102	1.19e-18	66.2
A126/199	A167/1-98	36.957	92	57	1	5	96	5	95	1.22e-18	66.2
A126/199	A41/1-98	32.222	90	60	1	10	99	10	98	1.63e-18	65.9
A126/199	A12/1-98	42.683	82	44	2	4	83	4	84	1.74e-18	65.9
A126/199	A124/1-97	40.741	81	46	2	4	83	4	83	1.78e-18	65.9
A126/199	A113/1-96	40.217	92	52	2	4	93	4	94	3.93e-18	64.7
A126/199	A91/1-97	39.024	82	48	2	3	83	3	83	5.33e-18	64.7
A126/199	A14/1-100	36.735	98	59	2	4	99	4	100	5.94e-18	64.3
A126/199	A154/1-97	36.782	87	53	2	4	90	4	88	1.24e-17	63.5
A126/199	A27/1-98	36.264	91	55	3	10	99	10	98	1.77e-17	63.2
A126/199	A44/1-97	34.375	96	61	2	4	99	4	97	2.16e-17	63.2
A126/199	A102/1-97	40.789	76	44	1	8	83	9	83	2.54e-17	62.8
A126/199	A99/1-97	31.000	100	59	3	4	99	4	97	3.08e-17	62.8
A126/199	A47/1-96	44.186	86	44	3	3	88	6	87	4.18e-17	62.4
A126/199	A157/1-97	38.158	76	46	1	8	83	9	83	8.82e-17	61.2
A126/199	A132/1-97	32.222	90	59	2	6	95	6	93	1.00e-16	61.2
A126/199	A38/1-98	36.250	80	51	0	5	84	5	84	1.17e-16	61.2
A126/199	A10/1-98	36.667	90	46	3	5	89	5	88	2.01e-16	60.5
A126/199	A9/1-95	38.750	80	45	2	20	99	20	95	2.19e-16	60.5
A126/199	A166/1-99	40.449	89	52	1	3	91	4	91	2.66e-16	60.1
A126/199	A51/1-96	37.500	80	49	1	4	83	4	82	2.69e-16	60.1
A126/199	A7/1-97	32.000	75	51	0	9	83	9	83	3.60e-16	59.7
A126/199	A37/1-96	37.500	80	48	2	4	83	4	81	4.93e-16	59.7
A126/199	A21/1-98	40.659	91	53	1	9	99	9	98	7.44e-16	58.9
A126/199	A151/1-99	35.714	84	52	2	15	97	15	97	8.94e-16	58.9
A126/199	A35/1-99	31.959	97	64	2	4	99	4	99	1.39e-15	58.5
A126/199	A58/1-97	33.750	80	52	1	4	83	5	83	2.08e-15	57.8
A126/199	A80/1-97	37.500	80	49	1	4	83	5	83	2.17e-15	57.8
A126/199	A2/1-97	37.037	81	48	2	4	83	4	82	2.39e-15	57.8
A126/199	A143/1-97	32.292	96	63	2	4	99	4	97	4.43e-15	57.0
A126/199	A135/1-97	36.047	86	53	2	3	88	4	87	4.93e-15	57.0
A126/199	A19/1-97	34.211	76	49	1	8	83	9	83	6.06e-15	56.6
A126/199	A13/1-103	33.663	101	61	2	4	99	4	103	6.06e-15	56.6
A126/199	A5/1-98	34.694	98	59	3	4	99	4	98	6.60e-15	56.6
A126/199	A105/1-97	34.021	97	60	4	4	99	4	97	7.44e-15	56.6
A126/199	A33/1-97	35.526	76	48	1	8	83	9	83	1.10e-14	56.2
A126/199	A23/1-98	37.500	72	44	1	12	83	13	83	1.12e-14	55.8
A126/199	A62/1-96	36.250	80	50	1	4	83	4	82	1.39e-14	55.8
A126/199	A121/1-97	31.250	80	54	1	4	83	4	82	2.24e-14	55.1
A126/199	A146/1-97	36.145	83	51	2	8	90	9	89	3.52e-14	54.7
A126/199	A26/1-97	34.568	81	51	2	8	88	9	87	5.13e-14	54.3
A126/199	A40/1-96	33.333	81	53	1	4	84	4	83	9.59e-14	53.5
A126/199	A95/1-97	34.568	81	51	2	4	83	4	83	1.07e-13	53.5
A126/199	A73/1-97	34.091	88	55	3	4	90	4	89	2.15e-13	52.8
A126/199	A56/1-93	32.955	88	55	3	4	91	4	87	2.55e-13	52.4
A126/199	A84/1-97	35.227	88	54	3	4	90	4	89	3.60e-13	52.0
A126/199	A6/1-97	32.432	74	49	1	10	83	10	82	3.80e-13	52.0
A126/199	A150/1-96	32.500	80	53	1	4	83	4	82	8.34e-13	51.2
A126/199	A69/1-97	33.750	80	52	1	4	83	5	83	1.52e-12	50.4
A126/199	A128/1-97	33.735	83	53	2	8	90	9	89	2.29e-12	50.1
A126/199	A117/1-97	32.584	89	58	2	4	92	5	91	3.17e-11	47.0
A126/199	A139/1-97	33.766	77	48	2	8	83	9	83	2.36e-10	45.1
A128/197	A128/1-97	100.000	97	0	0	1	97	1	97	8.34e-71	197
A128/197	A73/1-97	60.825	97	38	0	1	97	1	97	4.03e-43	128
A128/197	A84/1-97	58.763	97	40	0	1	97	1	97	1.75e-42	126
A128/197	A105/1-97	60.825	97	38	0	1	97	1	97	1.02e-41	124
A128/197	A95/1-97	54.639	97	44	0	1	97	1	97	2.90e-41	123
A128/197	A19/1-97	54.639	97	44	0	1	97	1	97	5.29e-41	122
A128/197	A62/1-96	59.783	92	36	1	2	93	2	92	4.33e-39	117
A128/197	A117/1-97	56.842	95	41	0	1	95	1	95	1.98e-38	116
A128/197	A139/1-97	55.789	95	42	0	2	96	2	96	8.24e-38	114
A128/197	A150/1-96	56.250	96	41	1	2	97	2	96	3.07e-34	105
A128/197	A26/1-97	46.392	97	52	0	1	97	1	97	4.73e-33	102
A128/197	A58/1-97	48.454	97	50	0	1	97	1	97	2.52e-32	100
A128/197	A91/1-97	48.958	96	49	0	1	96	1	96	4.60e-32	100
A128/197	A33/1-97	47.917	96	50	0	2	97	2	97	4.94e-31	97.4
A128/197	A102/1-97	45.833	96	52	0	1	96	1	96	1.29e-30	96.7
A128/197	A143/1-97	53.409	88	40	1	2	89	2	88	6.45e-30	94.7
A128/197	A80/1-97	46.875	96	51	0	1	96	1	96	2.06e-29	93.6
A128/197	A124/1-97	42.708	96	55	0	1	96	1	96	2.42e-29	93.2
A128/197	A157/1-97	43.299	97	55	0	1	97	1	97	3.96e-29	92.8
A128/197	A40/1-96	50.000	96	47	1	1	96	1	95	4.56e-29	92.4
A128/197	A51/1-96	44.330	97	53	1	1	97	1	96	4.98e-29	92.4
A128/197	A146/1-97	43.299	97	55	0	1	97	1	97	3.72e-28	90.1
A128/197	A135/1-97	43.750	96	54	0	2	97	2	97	3.76e-28	90.1
A128/197	A113/1-96	44.792	96	52	1	1	96	1	95	3.65e-27	87.8
A128/197	A47/1-96	44.211	95	53	0	2	96	2	96	1.09e-26	86.7
A128/197	A69/1-97	40.000	95	57	0	2	96	2	96	1.70e-26	86.3
A128/197	A44/1-97	44.318	88	48	1	2	89	2	88	7.26e-25	82.0
A128/197	A5/1-98	42.268	97	52	2	5	97	2	98	3.98e-24	80.1
A128/197	A161/1-98	37.634	93	58	0	2	94	2	94	1.04e-23	79.0
A128/197	A77/1-97	44.086	93	51	1	2	94	2	93	3.09e-23	77.8
A128/197	A66/1-97	46.753	77	41	0	14	90	13	89	5.57e-23	77.0
A128/197	A110/1-97	42.045	88	49	1	5	90	2	89	1.19e-22	76.3
A128/197	A166/1-99	42.857	98	49	3	1	94	1	95	2.20e-22	75.5
A128/197	A52/1-98	43.333	90	48	2	4	90	1	90	4.09e-22	75.1
A128/197	A12/1-98	40.404	99	56	2	1	97	1	98	4.51e-22	74.7
A128/197	A23/1-98	37.634	93	58	0	2	94	2	94	2.81e-21	72.8
A128/197	A99/1-97	37.895	95	57	2	2	95	2	95	1.27e-20	71.2
A128/197	A55/1-97	36.559	93	58	1	2	94	2	93	3.95e-20	69.7
A128/197	A167/1-98	42.529	87	48	2	1	86	1	86	4.22e-20	69.7
A128/197	A132/1-97	42.353	85	43	2	9	90	8	89	6.10e-20	69.3
A128/197	A41/1-98	42.424	99	54	3	1	97	1	98	7.75e-20	69.3
A128/197	A30/1-97	37.778	90	55	1	1	90	1	89	8.93e-20	68.9
A128/197	A35/1-99	38.384	99	57	3	2	97	2	99	1.04e-19	68.9
A128/197	A3/1-98	44.828	87	45	2	4	87	1	87	1.35e-19	68.6
A128/197	A60/1-99	41.837	98	51	5	4	97	4	99	1.61e-19	68.2
A128/197	A63/1-98	41.837	98	54	3	2	97	2	98	1.75e-19	68.2
A128/197	A88/1-97	37.500	88	53	1	5	90	2	89	6.31e-19	67.0
A128/197	A14/1-100	41.489	94	47	3	2	90	2	92	9.03e-19	66.2
A128/197	A16/1-97	34.831	89	57	1	2	90	2	89	9.54e-19	66.2
A128/197	A107/1-98	39.326	89	52	2	2	89	2	89	1.04e-18	66.2
A128/197	A154/1-97	38.298	94	56	2	2	94	2	94	1.05e-18	66.2
A128/197	A121/1-97	38.202	89	54	1	2	90	2	89	1.19e-18	66.2
A128/197	A37/1-96	36.957	92	56	2	1	92	1	90	1.73e-18	65.9
A128/197	A17/1-103	38.043	92	49	3	4	87	1	92	3.25e-18	65.1
A128/197	A151/1-99	36.458	96	58	2	2	95	2	96	4.65e-18	64.7
A128/197	A13/1-103	40.000	105	51	4	2	97	2	103	6.51e-18	64.3
A128/197	A2/1-97	38.144	97	58	2	2	97	2	97	2.91e-17	62.4
A128/197	A103/1-98	33.333	99	63	3	1	97	1	98	2.97e-17	62.4
A128/197	A118/1-98	35.106	94	59	2	2	94	2	94	3.86e-17	62.4
A128/197	A9/1-95	38.298	94	53	4	5	95	2	93	5.82e-17	61.6
A128/197	A96/1-98	36.782	87	53	2	2	87	2	87	6.93e-17	61.6
A128/197	A136/1-98	35.632	87	54	2	2	87	2	87	8.79e-17	61.2
A128/197	A137/1-98	39.130	92	54	2	4	94	4	94	1.70e-16	60.5
A128/197	A85/1-98	36.782	87	53	2	2	87	2	87	1.86e-16	60.5
A128/197	A119/1-97	38.776	98	54	3	2	96	2	96	2.49e-16	60.1
A128/197	A86/1-99	38.636	88	51	2	1	86	1	87	2.60e-16	60.1
A128/197	A130/1-99	40.594	101	52	4	2	97	2	99	8.63e-16	58.9
A128/197	A89/1-96	38.372	86	51	2	2	87	2	85	1.13e-15	58.5
A128/197	A78/1-96	37.755	98	58	3	1	97	1	96	1.23e-15	58.5
A128/197	A100/1-96	34.884	86	54	2	2	87	2	85	1.30e-15	58.5
A128/197	A158/1-98	37.931	87	52	2	2	87	2	87	1.32e-15	58.2
A128/197	A140/1-99	39.535	86	49	2	2	85	2	86	1.35e-15	58.2
A128/197	A108/1-99	35.714	98	59	3	2	96	2	98	1.37e-15	58.2
A128/197	A28/1-100	38.889	90	51	2	1	87	1	89	1.73e-15	58.2
A128/197	A70/1-98	37.931	87	52	2	2	87	2	87	2.14e-15	57.8
A128/197	A147/1-98	36.000	100	56	4	4	97	1	98	2.49e-15	57.8
A128/197	A67/1-95	33.333	96	60	3	2	96	2	94	4.67e-15	57.0
A128/197	A104/1-99	38.710	93	54	3	4	94	4	95	5.37e-15	56.6
A128/197	A81/1-98	32.653	98	63	3	2	97	2	98	5.37e-15	56.6
A128/197	A129/1-98	35.870	92	54	3	2	89	2	92	6.11e-15	56.6
A128/197	A53/1-99	34.444	90	56	2	2	89	2	90	7.67e-15	56.2
A128/197	A144/1-96	31.915	94	62	2	1	94	1	92	9.94e-15	56.2
A128/197	A75/1-99	37.079	89	53	2	1	87	1	88	1.05e-14	55.8
A128/197	A115/1-99	39.326	89	51	3	4	90	4	91	1.17e-14	55.8
A128/197	A82/1-99	39.785	93	53	3	4	94	4	95	1.18e-14	55.8
A128/197	A111/1-96	36.364	88	54	2	2	89	2	87	1.42e-14	55.8
A128/197	A74/1-98	34.483	87	55	2	2	87	2	87	1.94e-14	55.5
A128/197	A7/1-97	40.217	92	53	2	4	93	2	93	3.59e-14	54.7
A128/197	A155/1-98	34.091	88	55	2	9	94	8	94	5.53e-14	54.3
A128/197	A42/1-104	38.144	97	47	3	4	89	1	95	7.56e-14	53.9
A128/197	A114/1-98	37.500	88	49	3	2	86	2	86	8.42e-14	53.5
A128/197	A163/1-98	32.955	88	57	2	1	87	1	87	8.70e-14	53.5
A128/197	A122/1-96	31.579	95	51	4	1	89	1	87	1.27e-13	53.1
A128/197	A20/1-102	32.353	102	62	3	2	97	2	102	1.27e-13	53.1
A128/197	A92/1-98	28.283	99	68	3	1	97	1	98	1.35e-13	53.1
A128/197	A159/1-98	34.653	101	49	3	4	94	1	94	1.61e-13	53.1
A128/197	A162/1-99	34.884	86	54	2	14	97	14	99	1.73e-13	52.8
A128/197	A31/1-95	36.782	87	50	3	4	87	1	85	2.02e-13	52.8
A128/197	A45/1-98	35.789	95	57	3	1	93	1	93	2.58e-13	52.4
A128/197	A152/1-99	36.264	91	55	2	2	90	2	91	5.73e-13	51.6
A128/197	A27/1-98	39.216	102	51	5	2	97	2	98	5.73e-13	51.6
A128/197	A148/1-102	35.227	88	44	3	5	84	5	87	1.03e-12	50.8
A128/197	A21/1-98	39.785	93	54	2	4	94	2	94	1.05e-12	50.8
A128/197	A141/1-98	36.264	91	51	3	4	89	1	89	1.37e-12	50.4
A128/197	A24/1-98	36.250	80	50	1	9	87	8	87	1.48e-12	50.4
A128/197	A34/1-97	32.258	93	62	1	2	94	2	93	1.59e-12	50.4
A128/197	A126/1-99	33.735	83	53	2	9	89	8	90	2.15e-12	50.1
A128/197	A125/1-98	33.333	87	56	2	2	87	2	87	3.23e-12	49.7
A128/197	A97/1-99	37.500	88	52	2	1	86	1	87	3.41e-12	49.7
A128/197	A10/1-98	35.955	89	50	3	4	87	1	87	3.96e-12	49.3
A128/197	A93/1-99	40.449	89	50	3	4	90	4	91	4.27e-12	49.3
A128/197	A59/1-98	33.333	90	58	2	8	95	7	96	7.16e-12	48.9
A128/197	A71/1-99	36.082	97	58	4	4	97	4	99	7.47e-12	48.5
A128/197	A64/1-99	31.818	88	57	2	2	87	2	88	9.26e-12	48.5
A128/197	A48/1-98	30.667	75	51	1	14	87	13	87	5.31e-11	46.6
A128/197	A6/1-97	33.721	86	54	3	2	86	2	85	1.02e-10	45.8
A128/197	A56/1-93	31.000	100	57	4	2	97	2	93	1.85e-10	45.1
A128/197	A133/1-95	30.000	80	55	1	9	88	8	86	1.39e-09	42.7
A128/197	A49/1-100	32.979	94	58	3	4	93	4	96	2.89e-08	39.3
A128/197	A38/1-98	28.421	95	65	2	5	96	2	96	2.17e-07	37.0
A129/198	A129/1-98	100.000	98	0	0	1	98	1	98	4.62e-73	203
A129/198	A107/1-98	58.763	97	40	0	2	98	2	98	2.07e-40	121
A129/198	A96/1-98	54.639	97	44	0	2	98	2	98	2.26e-35	108
A129/198	A63/1-98	53.608	97	45	0	2	98	2	98	2.36e-35	108
A129/198	A85/1-98	54.082	98	45	0	1	98	1	98	2.60e-35	108
A129/198	A118/1-98	52.577	97	46	0	2	98	2	98	4.41e-33	102
A129/198	A74/1-98	52.577	97	46	0	2	98	2	98	5.73e-33	102
A129/198	A140/1-99	53.061	98	45	1	2	98	2	99	1.89e-32	101
A129/198	A151/1-99	51.613	93	44	1	2	93	2	94	2.51e-30	95.9
A129/198	A103/1-98	47.423	97	51	0	2	98	2	98	2.63e-29	93.2
A129/198	A20/1-102	49.505	101	47	1	2	98	2	102	4.74e-29	92.4
A129/198	A125/1-98	47.959	98	51	0	1	98	1	98	1.08e-28	91.7
A129/198	A81/1-98	46.939	98	52	0	1	98	1	98	1.51e-28	91.3
A129/198	A92/1-98	45.361	97	53	0	2	98	2	98	3.32e-28	90.5
A129/198	A70/1-98	43.878	98	55	0	1	98	1	98	1.01e-27	89.4
A129/198	A41/1-98	49.485	97	49	0	2	98	2	98	1.09e-27	89.0
A129/198	A114/1-98	47.423	97	51	0	2	98	2	98	1.39e-27	89.0
A129/198	A136/1-98	41.667	96	56	0	2	97	2	97	1.17e-26	86.7
A129/198	A82/1-99	49.438	89	43	1	4	92	4	90	4.87e-26	85.1
A129/198	A13/1-103	47.059	102	49	1	2	98	2	103	8.50e-26	84.3
A129/198	A52/1-98	46.392	97	46	2	4	97	1	94	8.98e-26	84.3
A129/198	A167/1-98	45.055	91	50	0	2	92	2	92	3.67e-25	82.8
A129/198	A152/1-99	43.333	90	50	1	1	89	1	90	8.40e-25	81.6
A129/198	A48/1-98	39.583	96	58	0	1	96	1	96	1.19e-24	81.3
A129/198	A104/1-99	46.067	89	46	1	4	92	4	90	1.73e-24	80.9
A129/198	A158/1-98	39.175	97	59	0	2	98	2	98	3.36e-24	80.1
A129/198	A6/1-97	46.392	97	51	1	2	98	2	97	4.66e-24	80.1
A129/198	A34/1-97	45.833	96	51	1	2	97	2	96	6.53e-24	79.7
A129/198	A115/1-99	47.191	89	45	1	4	92	4	90	8.57e-24	79.3
A129/198	A93/1-99	43.820	89	48	1	4	92	4	90	1.31e-23	79.0
A129/198	A147/1-98	42.222	90	52	0	2	91	2	91	1.33e-23	79.0
A129/198	A53/1-99	42.391	92	49	2	2	92	2	90	4.85e-23	77.4
A129/198	A60/1-99	43.820	89	48	1	4	92	4	90	5.97e-23	77.0
A129/198	A59/1-98	41.837	98	57	0	1	98	1	98	8.36e-23	76.6
A129/198	A141/1-98	39.175	97	59	0	2	98	2	98	2.18e-22	75.9
A129/198	A86/1-99	41.573	89	51	1	2	89	2	90	1.05e-21	73.9
A129/198	A113/1-96	38.889	90	54	1	2	91	2	90	1.07e-21	73.9
A129/198	A97/1-99	43.529	85	47	1	2	85	2	86	1.26e-21	73.6
A129/198	A126/1-99	42.697	89	49	1	4	92	4	90	1.29e-21	73.6
A129/198	A62/1-96	41.176	85	49	1	1	85	1	84	2.37e-21	73.2
A129/198	A108/1-99	38.824	85	51	1	2	85	2	86	2.88e-21	72.8
A129/198	A95/1-97	44.565	92	46	3	2	92	2	89	3.91e-21	72.4
A129/198	A75/1-99	40.000	85	50	1	2	85	2	86	1.18e-20	71.2
A129/198	A71/1-99	40.625	96	56	1	4	98	4	99	1.29e-20	71.2
A129/198	A130/1-99	40.816	98	57	1	2	98	2	99	2.18e-20	70.5
A129/198	A30/1-97	40.206	97	57	1	2	98	2	97	7.69e-20	69.3
A129/198	A148/1-102	40.244	82	46	1	5	83	5	86	1.04e-19	68.9
A129/198	A49/1-100	39.560	91	53	1	4	92	4	94	1.17e-19	68.6
A129/198	A163/1-98	40.244	82	49	0	2	83	2	83	1.19e-19	68.6
A129/198	A35/1-99	35.714	98	62	1	2	98	2	99	3.26e-19	67.8
A129/198	A162/1-99	39.286	84	48	1	10	90	11	94	6.61e-19	66.6
A129/198	A27/1-98	41.414	99	56	2	1	98	1	98	9.67e-19	66.2
A129/198	A7/1-97	38.636	88	53	1	2	89	3	89	1.27e-18	66.2
A129/198	A24/1-98	41.667	84	49	0	2	85	2	85	1.68e-18	65.9
A129/198	A157/1-97	41.379	87	49	2	2	87	2	87	1.90e-18	65.5
A129/198	A122/1-96	40.217	92	50	2	2	93	2	88	4.28e-18	64.7
A129/198	A77/1-97	37.755	98	60	1	1	98	1	97	4.47e-18	64.7
A129/198	A51/1-96	35.870	92	56	2	2	91	2	92	6.39e-18	64.3
A129/198	A143/1-97	39.560	91	53	2	1	90	1	90	6.53e-18	64.3
A129/198	A105/1-97	41.304	92	49	3	2	92	2	89	7.94e-18	63.9
A129/198	A28/1-100	41.176	85	48	1	2	84	2	86	1.05e-17	63.9
A129/198	A14/1-100	40.860	93	50	2	2	92	2	91	1.24e-17	63.5
A129/198	A21/1-98	41.237	97	56	1	2	98	3	98	1.25e-17	63.5
A129/198	A66/1-97	39.796	98	58	1	1	98	1	97	1.31e-17	63.5
A129/198	A84/1-97	40.217	92	50	3	2	92	2	89	1.37e-17	63.5
A129/198	A3/1-98	41.111	90	50	1	2	91	2	88	2.11e-17	63.2
A129/198	A45/1-98	37.113	97	61	0	2	98	2	98	2.32e-17	62.8
A129/198	A73/1-97	40.217	92	50	3	2	92	2	89	2.45e-17	62.8
A129/198	A117/1-97	39.130	92	51	3	2	92	2	89	2.59e-17	62.8
A129/198	A37/1-96	36.364	88	54	1	2	89	2	87	3.05e-17	62.4
A129/198	A42/1-104	39.216	102	51	4	2	96	2	99	3.32e-17	62.4
A129/198	A111/1-96	34.783	92	55	2	2	93	2	88	4.22e-17	62.4
A129/198	A64/1-99	38.824	85	51	1	2	85	2	86	5.07e-17	62.0
A129/198	A67/1-95	37.349	83	50	1	2	84	2	82	5.35e-17	62.0
A129/198	A89/1-96	35.294	85	53	1	1	85	1	83	5.96e-17	62.0
A129/198	A119/1-97	34.066	91	56	2	2	92	2	88	6.43e-17	61.6
A129/198	A150/1-96	38.824	85	51	1	1	85	1	84	6.57e-17	61.6
A129/198	A23/1-98	40.426	94	50	3	2	92	2	92	7.09e-17	61.6
A129/198	A137/1-98	35.955	89	54	2	4	92	4	89	7.73e-17	61.6
A129/198	A44/1-97	40.000	85	50	1	1	85	1	84	8.81e-17	61.2
A129/198	A78/1-96	35.870	92	54	2	2	93	2	88	9.71e-17	61.2
A129/198	A55/1-97	40.206	97	57	1	1	97	1	96	9.82e-17	61.2
A129/198	A80/1-97	36.559	93	55	3	2	91	2	93	1.00e-16	61.2
A129/198	A88/1-97	34.694	98	63	1	1	98	1	97	2.26e-16	60.5
A129/198	A159/1-98	34.783	92	57	1	2	93	2	90	2.28e-16	60.5
A129/198	A5/1-98	42.529	87	49	1	1	86	1	87	2.41e-16	60.1
A129/198	A155/1-98	37.755	98	54	3	2	97	2	94	2.72e-16	60.1
A129/198	A58/1-97	39.130	92	49	3	5	90	2	92	5.73e-16	59.3
A129/198	A31/1-95	35.714	84	52	1	2	85	2	83	8.02e-16	58.9
A129/198	A144/1-96	37.895	95	54	2	2	96	2	91	8.28e-16	58.9
A129/198	A99/1-97	36.735	98	61	1	1	98	1	97	1.07e-15	58.5
A129/198	A161/1-98	40.000	80	47	1	4	83	5	83	1.09e-15	58.5
A129/198	A124/1-97	40.964	83	47	2	2	83	2	83	1.55e-15	58.2
A129/198	A132/1-97	33.673	98	64	1	1	98	1	97	2.72e-15	57.4
A129/198	A154/1-97	33.696	92	57	2	1	92	1	88	2.75e-15	57.4
A129/198	A100/1-96	34.940	83	52	1	2	84	2	82	3.45e-15	57.4
A129/198	A121/1-97	35.714	98	62	1	1	98	1	97	4.77e-15	57.0
A129/198	A128/1-97	35.870	92	54	3	2	92	2	89	6.32e-15	56.6
A129/198	A10/1-98	39.560	91	49	2	4	91	1	88	1.32e-14	55.8
A129/198	A91/1-97	35.294	85	53	2	2	85	2	85	1.65e-14	55.5
A129/198	A26/1-97	37.000	100	56	4	2	98	2	97	2.03e-14	55.5
A129/198	A9/1-95	38.750	80	42	3	13	89	12	87	2.19e-14	55.1
A129/198	A69/1-97	39.535	86	50	2	2	86	2	86	2.38e-14	55.1
A129/198	A146/1-97	33.735	83	53	2	2	83	2	83	5.71e-14	54.3
A129/198	A33/1-97	36.047	86	53	2	2	86	2	86	1.07e-13	53.5
A129/198	A40/1-96	35.227	88	56	1	2	89	2	88	1.13e-13	53.5
A129/198	A38/1-98	35.052	97	60	1	5	98	2	98	1.34e-13	53.1
A129/198	A166/1-99	34.444	90	56	1	4	93	5	91	1.77e-13	52.8
A129/198	A102/1-97	33.333	84	54	2	2	84	2	84	1.99e-13	52.8
A129/198	A56/1-93	36.957	92	49	3	1	89	1	86	2.67e-13	52.4
A129/198	A12/1-98	35.714	84	51	2	2	83	2	84	4.62e-13	52.0
A129/198	A17/1-103	34.737	95	54	2	2	91	2	93	4.98e-13	51.6
A129/198	A139/1-97	34.667	75	48	1	11	85	12	85	5.37e-13	51.6
A129/198	A19/1-97	34.118	85	54	2	2	85	2	85	7.82e-13	51.2
A129/198	A110/1-97	28.571	98	69	1	1	98	1	97	8.90e-13	51.2
A129/198	A16/1-97	37.113	97	60	1	2	98	2	97	1.07e-12	50.8
A129/198	A47/1-96	34.444	90	54	3	2	90	2	87	2.22e-12	50.1
A129/198	A2/1-97	34.091	88	57	1	2	89	2	88	5.59e-11	46.6
A129/198	A135/1-97	32.500	80	53	1	4	83	5	83	5.96e-11	46.2
A129/198	A133/1-95	32.857	70	45	1	14	83	14	81	7.85e-08	38.1
A130/199	A130/1-99	100.000	99	0	0	1	99	1	99	7.10e-72	201
A130/199	A152/1-99	47.674	86	45	0	2	87	2	87	8.00e-31	97.1
A130/199	A108/1-99	41.414	99	58	0	1	99	1	99	5.78e-30	95.1
A130/199	A141/1-98	40.404	99	58	1	1	99	1	98	4.46e-29	92.8
A130/199	A42/1-104	43.269	104	54	1	1	99	1	104	7.38e-29	92.0
A130/199	A97/1-99	45.918	98	53	0	2	99	2	99	1.33e-28	91.7
A130/199	A44/1-97	45.918	98	51	1	2	99	2	97	4.47e-28	90.1
A130/199	A64/1-99	47.727	88	46	0	1	88	1	88	1.10e-27	89.4
A130/199	A75/1-99	44.828	87	48	0	2	88	2	88	1.33e-27	89.0
A130/199	A119/1-97	41.837	98	55	1	2	99	2	97	1.98e-27	88.6
A130/199	A111/1-96	42.424	99	54	1	1	99	1	96	9.94e-27	86.7
A130/199	A53/1-99	38.384	99	61	0	1	99	1	99	3.09e-26	85.5
A130/199	A143/1-97	45.918	98	51	1	2	99	2	97	3.41e-26	85.5
A130/199	A89/1-96	39.796	98	56	1	2	99	2	96	7.82e-26	84.3
A130/199	A14/1-100	46.000	100	53	1	1	99	1	100	8.54e-26	84.3
A130/199	A66/1-97	44.898	98	52	1	2	99	2	97	9.52e-26	84.3
A130/199	A78/1-96	42.857	98	53	1	2	99	2	96	1.16e-25	84.0
A130/199	A67/1-95	44.898	98	50	2	2	99	2	95	1.91e-25	83.6
A130/199	A159/1-98	42.857	91	51	1	1	91	1	90	2.16e-25	83.2
A130/199	A35/1-99	39.394	99	60	0	1	99	1	99	3.60e-25	82.8
A130/199	A21/1-98	52.525	99	45	2	1	99	2	98	5.45e-24	79.7
A130/199	A100/1-96	42.424	99	54	1	1	99	1	96	8.52e-24	79.3
A130/199	A77/1-97	40.816	98	56	1	2	99	2	97	9.29e-24	79.3
A130/199	A125/1-98	42.857	98	55	1	2	99	2	98	1.01e-23	79.0
A130/199	A155/1-98	42.857	98	55	1	2	99	2	98	1.79e-23	78.6
A130/199	A28/1-100	41.414	99	57	1	2	99	2	100	2.32e-23	78.2
A130/199	A55/1-97	40.625	96	55	1	2	97	2	95	8.96e-23	76.6
A130/199	A63/1-98	43.434	99	55	1	1	99	1	98	1.51e-22	76.3
A130/199	A62/1-96	39.796	98	56	2	2	99	2	96	1.78e-22	75.9
A130/199	A158/1-98	39.796	98	58	1	2	99	2	98	6.87e-22	74.3
A130/199	A144/1-96	38.776	98	57	1	2	99	2	96	7.25e-22	74.3
A130/199	A122/1-96	37.755	98	58	1	2	99	2	96	8.45e-22	74.3
A130/199	A24/1-98	39.796	98	58	1	2	99	2	98	1.44e-21	73.6
A130/199	A13/1-103	40.196	102	57	1	2	99	2	103	1.87e-21	73.2
A130/199	A126/1-99	39.175	97	57	2	4	99	4	99	2.43e-21	73.2
A130/199	A110/1-97	36.735	98	60	1	2	99	2	97	2.59e-21	73.2
A130/199	A2/1-97	41.837	98	55	2	2	99	2	97	3.44e-21	72.8
A130/199	A86/1-99	39.362	94	57	0	2	95	2	95	3.48e-21	72.8
A130/199	A150/1-96	41.837	98	54	2	2	99	2	96	3.67e-21	72.8
A130/199	A162/1-99	42.222	90	51	1	10	99	11	99	8.21e-21	71.6
A130/199	A16/1-97	37.755	98	59	1	2	99	2	97	8.86e-21	71.6
A130/199	A31/1-95	42.045	88	48	1	1	88	1	85	9.25e-21	71.6
A130/199	A105/1-97	42.222	90	49	2	2	90	2	89	9.88e-21	71.6
A130/199	A167/1-98	38.144	97	59	1	2	98	2	97	1.09e-20	71.2
A130/199	A121/1-97	42.105	95	53	1	2	96	2	94	1.84e-20	70.9
A130/199	A93/1-99	42.000	100	53	3	1	99	4	99	1.90e-20	70.9
A130/199	A129/1-98	40.816	98	57	1	2	99	2	98	2.26e-20	70.5
A130/199	A30/1-97	35.714	98	61	1	2	99	2	97	3.23e-20	70.1
A130/199	A107/1-98	41.111	90	52	1	1	90	1	89	3.38e-20	70.1
A130/199	A70/1-98	40.816	98	57	1	2	99	2	98	3.53e-20	70.1
A130/199	A3/1-98	36.364	99	62	1	1	99	1	98	6.84e-20	69.3
A130/199	A20/1-102	37.624	101	60	1	2	99	2	102	7.80e-20	69.3
A130/199	A114/1-98	39.394	99	59	1	1	99	1	98	8.98e-20	68.9
A130/199	A10/1-98	39.773	88	52	1	1	88	1	87	9.28e-20	68.9
A130/199	A132/1-97	34.694	98	62	1	2	99	2	97	1.02e-19	68.9
A130/199	A88/1-97	32.632	95	62	1	2	96	2	94	1.20e-19	68.6
A130/199	A104/1-99	42.000	100	53	3	1	99	4	99	1.23e-19	68.6
A130/199	A99/1-97	37.755	98	59	1	2	99	2	97	1.29e-19	68.6
A130/199	A118/1-98	37.755	98	60	1	2	99	2	98	1.34e-19	68.6
A130/199	A17/1-103	39.806	103	58	1	1	99	1	103	1.65e-19	68.6
A130/199	A7/1-97	37.778	90	54	2	1	90	2	89	2.07e-19	68.2
A130/199	A45/1-98	38.000	100	57	2	2	99	2	98	2.75e-19	67.8
A130/199	A154/1-97	36.735	98	60	1	2	99	2	97	2.84e-19	67.8
A130/199	A95/1-97	41.414	99	54	3	2	99	2	97	3.27e-19	67.8
A130/199	A52/1-98	37.374	99	61	1	1	99	1	98	3.34e-19	67.8
A130/199	A84/1-97	42.424	99	53	3	2	99	2	97	3.81e-19	67.4
A130/199	A59/1-98	36.735	98	61	1	2	99	2	98	7.00e-19	66.6
A130/199	A151/1-99	35.354	99	61	1	1	99	4	99	7.15e-19	66.6
A130/199	A37/1-96	34.375	96	60	1	2	97	2	94	8.32e-19	66.6
A130/199	A73/1-97	40.206	97	54	3	2	97	2	95	1.06e-18	66.2
A130/199	A136/1-98	42.529	87	49	1	2	88	2	87	1.12e-18	66.2
A130/199	A82/1-99	41.000	100	54	3	1	99	4	99	1.39e-18	65.9
A130/199	A161/1-98	36.735	98	60	1	1	98	2	97	1.50e-18	65.9
A130/199	A133/1-95	39.796	98	55	2	2	99	2	95	1.76e-18	65.9
A130/199	A115/1-99	37.000	100	61	2	1	99	1	99	1.88e-18	65.9
A130/199	A41/1-98	37.755	98	60	1	2	99	2	98	2.55e-18	65.5
A130/199	A56/1-93	39.796	98	53	3	2	99	2	93	3.06e-18	65.1
A130/199	A81/1-98	35.714	98	62	1	2	99	2	98	6.27e-18	64.3
A130/199	A19/1-97	37.374	99	58	3	2	99	2	97	8.77e-18	63.9
A130/199	A96/1-98	39.080	87	52	1	2	88	2	87	9.06e-18	63.9
A130/199	A137/1-98	42.045	88	46	3	1	88	4	86	9.46e-18	63.9
A130/199	A60/1-99	37.000	100	61	2	1	99	1	99	1.09e-17	63.9
A130/199	A51/1-96	37.755	98	58	2	2	99	2	96	1.54e-17	63.5
A130/199	A117/1-97	40.000	90	51	2	2	90	2	89	2.04e-17	63.2
A130/199	A58/1-97	37.755	98	55	3	1	98	5	96	2.13e-17	63.2
A130/199	A38/1-98	35.714	98	62	1	2	99	2	98	2.28e-17	62.8
A130/199	A27/1-98	36.735	98	61	1	2	99	2	98	2.40e-17	62.8
A130/199	A34/1-97	37.113	97	59	2	1	97	1	95	5.13e-17	62.0
A130/199	A103/1-98	31.633	98	66	1	2	99	2	98	5.91e-17	62.0
A130/199	A48/1-98	34.021	97	63	1	2	98	2	97	1.08e-16	61.2
A130/199	A5/1-98	36.000	100	59	3	2	99	2	98	1.41e-16	60.8
A130/199	A166/1-99	40.404	99	56	2	1	98	2	98	1.60e-16	60.8
A130/199	A92/1-98	35.714	98	62	1	2	99	2	98	1.67e-16	60.8
A130/199	A91/1-97	35.714	98	60	2	1	98	2	96	2.44e-16	60.5
A130/199	A163/1-98	32.990	97	64	1	2	98	2	97	3.57e-16	59.7
A130/199	A80/1-97	37.755	98	57	3	2	98	2	96	4.06e-16	59.7
A130/199	A124/1-97	41.111	90	50	2	2	90	2	89	4.15e-16	59.7
A130/199	A49/1-100	33.333	96	63	1	1	95	1	96	4.88e-16	59.7
A130/199	A33/1-97	37.778	90	53	2	2	90	2	89	4.93e-16	59.7
A130/199	A113/1-96	40.476	84	48	2	2	85	2	83	6.61e-16	59.3
A130/199	A139/1-97	36.264	91	55	2	8	98	9	96	7.20e-16	58.9
A130/199	A128/1-97	40.594	101	52	4	2	99	2	97	9.24e-16	58.9
A130/199	A85/1-98	39.326	89	49	2	2	88	2	87	1.36e-15	58.5
A130/199	A26/1-97	32.323	99	63	3	2	99	2	97	2.06e-15	57.8
A130/199	A74/1-98	36.364	88	55	1	1	88	1	87	2.19e-15	57.8
A130/199	A71/1-99	35.000	100	60	3	1	99	4	99	3.31e-15	57.4
A130/199	A140/1-99	38.158	76	47	0	11	86	11	86	3.61e-15	57.4
A130/199	A157/1-97	39.535	86	49	2	2	86	2	85	5.93e-15	56.6
A130/199	A69/1-97	38.372	86	50	3	2	86	2	85	1.38e-14	55.8
A130/199	A147/1-98	29.293	99	69	1	1	99	1	98	1.62e-14	55.5
A130/199	A47/1-96	38.202	89	51	2	1	89	4	88	1.80e-14	55.5
A130/199	A23/1-98	34.343	99	62	2	2	99	2	98	4.56e-14	54.3
A130/199	A102/1-97	32.222	90	58	2	2	90	2	89	5.53e-14	54.3
A130/199	A6/1-97	34.343	99	63	2	1	99	1	97	6.57e-14	53.9
A130/199	A40/1-96	36.082	97	59	2	2	98	2	95	1.00e-13	53.5
A130/199	A148/1-102	33.981	103	63	3	1	99	1	102	1.54e-13	53.1
A130/199	A9/1-95	31.633	98	63	2	2	99	2	95	1.85e-13	52.8
A130/199	A135/1-97	32.584	89	58	1	1	89	2	88	3.59e-12	49.7
A130/199	A146/1-97	33.333	90	57	2	2	90	2	89	3.83e-12	49.7
A130/199	A12/1-98	34.021	97	58	3	2	95	2	95	6.63e-12	48.9
A132/197	A132/1-97	100.000	97	0	0	1	97	1	97	6.75e-72	201
A132/197	A55/1-97	51.546	97	47	0	1	97	1	97	1.88e-38	116
A132/197	A77/1-97	54.639	97	44	0	1	97	1	97	8.90e-38	114
A132/197	A66/1-97	53.608	97	45	0	1	97	1	97	1.89e-37	114
A132/197	A99/1-97	51.546	97	47	0	1	97	1	97	3.86e-37	113
A132/197	A143/1-97	50.515	97	48	0	1	97	1	97	9.07e-37	112
A132/197	A110/1-97	47.423	97	51	0	1	97	1	97	1.93e-36	111
A132/197	A154/1-97	49.485	97	49	0	1	97	1	97	8.62e-35	107
A132/197	A88/1-97	44.330	97	54	0	1	97	1	97	2.29e-32	100
A132/197	A121/1-97	43.299	97	55	0	1	97	1	97	6.55e-29	92.0
A132/197	A33/1-97	49.315	73	37	0	18	90	19	91	1.65e-24	80.9
A132/197	A44/1-97	38.144	97	60	0	1	97	1	97	4.16e-24	80.1
A132/197	A16/1-97	41.667	96	56	0	2	97	2	97	6.29e-24	79.7
A132/197	A84/1-97	46.753	77	40	1	19	95	20	95	5.94e-23	77.0
A132/197	A95/1-97	41.463	82	48	0	8	89	9	90	1.00e-22	76.6
A132/197	A2/1-97	36.458	96	61	0	2	97	2	97	1.38e-22	76.3
A132/197	A37/1-96	36.170	94	59	1	2	95	2	94	3.91e-22	75.1
A132/197	A19/1-97	42.683	82	47	0	8	89	9	90	4.66e-22	74.7
A132/197	A62/1-96	41.414	99	51	3	2	97	2	96	2.38e-21	73.2
A132/197	A105/1-97	40.909	88	51	1	8	95	9	95	2.87e-21	72.8
A132/197	A30/1-97	38.542	96	59	0	2	97	2	97	3.23e-21	72.8
A132/197	A139/1-97	36.364	88	55	1	8	95	9	95	1.04e-20	71.2
A132/197	A157/1-97	37.662	77	48	0	8	84	9	85	1.29e-20	71.2
A132/197	A113/1-96	40.000	75	45	0	8	82	8	82	1.58e-20	70.9
A132/197	A150/1-96	35.789	95	60	1	1	95	1	94	2.22e-20	70.5
A132/197	A58/1-97	38.636	88	53	1	8	95	9	95	2.88e-20	70.1
A132/197	A128/1-97	42.353	85	43	2	8	89	9	90	6.10e-20	69.3
A132/197	A23/1-98	44.444	72	40	0	20	91	21	92	7.75e-20	69.3
A132/197	A91/1-97	41.333	75	44	0	8	82	9	83	8.45e-20	68.9
A132/197	A27/1-98	38.776	98	57	2	2	97	2	98	8.83e-20	68.9
A132/197	A130/1-99	34.694	98	62	1	2	97	2	99	9.53e-20	68.9
A132/197	A73/1-97	38.636	88	53	1	8	95	9	95	1.28e-19	68.6
A132/197	A161/1-98	34.884	86	56	0	8	93	9	94	1.31e-19	68.6
A132/197	A24/1-98	39.785	93	55	1	2	93	2	94	2.56e-19	67.8
A132/197	A80/1-97	40.000	75	45	0	8	82	9	83	3.63e-19	67.4
A132/197	A155/1-98	39.785	93	55	1	2	93	2	94	4.18e-19	67.4
A132/197	A102/1-97	37.805	82	51	0	8	89	9	90	7.19e-19	66.6
A132/197	A5/1-98	39.326	89	52	1	1	87	1	89	8.65e-19	66.6
A132/197	A51/1-96	39.362	94	54	2	2	95	4	94	9.03e-19	66.2
A132/197	A122/1-96	37.895	95	52	2	2	93	2	92	1.26e-18	66.2
A132/197	A96/1-98	34.021	97	63	1	2	97	2	98	1.75e-18	65.9
A132/197	A40/1-96	38.298	94	57	1	2	95	2	94	1.95e-18	65.5
A132/197	A166/1-99	35.632	87	55	1	8	93	9	95	2.32e-18	65.5
A132/197	A10/1-98	40.230	87	51	1	2	87	2	88	6.95e-18	64.3
A132/197	A52/1-98	32.990	97	64	1	2	97	2	98	8.27e-18	63.9
A132/197	A26/1-97	37.209	86	53	1	12	97	13	97	1.30e-17	63.5
A132/197	A41/1-98	36.082	97	61	1	2	97	2	98	1.93e-17	63.2
A132/197	A60/1-99	35.955	89	55	2	7	93	7	95	2.13e-17	62.8
A132/197	A124/1-97	35.526	76	49	0	10	85	11	86	2.39e-17	62.8
A132/197	A13/1-103	34.314	102	61	1	2	97	2	103	3.21e-17	62.4
A132/197	A20/1-102	32.673	101	63	1	2	97	2	102	3.94e-17	62.4
A132/197	A42/1-104	33.645	107	56	4	2	97	2	104	4.54e-17	62.0
A132/197	A63/1-98	35.484	93	59	1	2	93	2	94	4.95e-17	62.0
A132/197	A70/1-98	35.556	90	57	1	9	97	9	98	5.23e-17	62.0
A132/197	A141/1-98	37.363	91	56	1	8	97	8	98	5.70e-17	62.0
A132/197	A126/1-99	32.222	90	59	2	6	93	6	95	9.38e-17	61.2
A132/197	A69/1-97	38.961	77	47	0	8	84	9	85	1.00e-16	61.2
A132/197	A3/1-98	36.264	91	57	1	8	97	8	98	1.14e-16	61.2
A132/197	A163/1-98	32.979	94	62	1	2	94	2	95	1.40e-16	60.8
A132/197	A34/1-97	32.979	94	63	0	2	95	2	95	1.53e-16	60.8
A132/197	A125/1-98	32.653	98	65	1	1	97	1	98	2.07e-16	60.5
A132/197	A74/1-98	31.959	97	65	1	2	97	2	98	2.71e-16	60.1
A132/197	A108/1-99	32.955	88	57	1	2	87	2	89	2.86e-16	60.1
A132/197	A146/1-97	32.927	82	55	0	8	89	9	90	3.96e-16	59.7
A132/197	A93/1-99	37.931	87	52	2	13	97	13	99	4.32e-16	59.7
A132/197	A28/1-100	36.250	80	48	1	17	93	17	96	4.51e-16	59.7
A132/197	A35/1-99	36.264	91	56	1	9	97	9	99	5.14e-16	59.3
A132/197	A53/1-99	35.294	85	53	1	9	91	9	93	5.25e-16	59.3
A132/197	A167/1-98	35.484	93	59	1	2	93	2	94	6.04e-16	59.3
A132/197	A158/1-98	31.959	97	65	1	2	97	2	98	8.18e-16	58.9
A132/197	A119/1-97	27.083	96	70	0	2	97	2	97	9.62e-16	58.5
A132/197	A147/1-98	33.333	96	61	2	2	95	2	96	1.05e-15	58.5
A132/197	A135/1-97	34.177	79	52	0	8	86	9	87	1.05e-15	58.5
A132/197	A12/1-98	32.979	94	61	1	2	93	2	95	1.48e-15	58.2
A132/197	A92/1-98	32.500	80	53	1	13	91	13	92	2.26e-15	57.8
A132/197	A117/1-97	31.707	82	56	0	8	89	9	90	2.31e-15	57.8
A132/197	A129/1-98	33.673	98	64	1	1	97	1	98	2.63e-15	57.4
A132/197	A133/1-95	34.694	98	58	3	2	97	2	95	2.90e-15	57.4
A132/197	A118/1-98	32.990	97	64	1	2	97	2	98	3.00e-15	57.4
A132/197	A56/1-93	38.889	90	53	2	1	90	1	88	3.80e-15	57.0
A132/197	A107/1-98	33.333	81	53	1	9	88	9	89	4.61e-15	57.0
A132/197	A82/1-99	36.782	87	53	2	13	97	13	99	5.85e-15	56.6
A132/197	A137/1-98	38.667	75	46	0	12	86	12	86	6.59e-15	56.6
A132/197	A47/1-96	35.443	79	51	0	8	86	9	87	7.03e-15	56.6
A132/197	A115/1-99	32.184	87	57	2	9	93	9	95	7.50e-15	56.2
A132/197	A140/1-99	37.333	75	45	2	12	84	12	86	9.21e-15	56.2
A132/197	A144/1-96	36.782	87	54	1	2	88	2	87	1.12e-14	55.8
A132/197	A81/1-98	35.443	79	50	1	14	91	14	92	1.42e-14	55.8
A132/197	A148/1-102	36.667	90	52	3	9	93	9	98	1.65e-14	55.5
A132/197	A114/1-98	33.333	90	59	1	9	97	9	98	2.19e-14	55.1
A132/197	A89/1-96	32.292	96	64	1	2	97	2	96	2.19e-14	55.1
A132/197	A159/1-98	33.663	101	58	2	2	97	2	98	2.36e-14	55.1
A132/197	A85/1-98	33.721	86	56	1	2	86	2	87	2.36e-14	55.1
A132/197	A97/1-99	31.395	86	57	1	2	85	2	87	2.68e-14	55.1
A132/197	A14/1-100	32.323	99	62	2	2	97	4	100	3.51e-14	54.7
A132/197	A48/1-98	32.632	95	63	1	2	95	2	96	4.50e-14	54.3
A132/197	A17/1-103	33.333	93	56	2	7	93	7	99	5.77e-14	54.3
A132/197	A162/1-99	31.034	87	55	2	10	93	11	95	5.83e-14	54.3
A132/197	A75/1-99	29.545	88	60	1	2	87	2	89	6.29e-14	53.9
A132/197	A31/1-95	33.000	100	57	3	2	97	2	95	1.13e-13	53.5
A132/197	A78/1-96	31.868	91	61	1	7	97	7	96	1.20e-13	53.1
A132/197	A104/1-99	34.483	87	55	2	13	97	13	99	1.37e-13	53.1
A132/197	A49/1-100	32.222	90	58	1	7	93	7	96	1.81e-13	52.8
A132/197	A103/1-98	32.530	83	55	1	10	91	10	92	2.27e-13	52.8
A132/197	A86/1-99	29.592	98	67	1	2	97	2	99	2.29e-13	52.8
A132/197	A136/1-98	28.571	91	64	1	2	91	2	92	7.99e-13	51.2
A132/197	A59/1-98	31.959	97	65	1	2	97	2	98	1.05e-12	50.8
A132/197	A100/1-96	31.633	98	62	2	2	97	2	96	1.28e-12	50.8
A132/197	A152/1-99	28.283	99	69	1	1	97	1	99	2.39e-12	50.1
A132/197	A45/1-98	31.633	98	64	2	2	97	2	98	2.97e-12	49.7
A132/197	A7/1-97	32.222	90	59	2	9	97	9	97	6.71e-12	48.9
A132/197	A64/1-99	29.545	88	60	1	2	87	2	89	7.71e-12	48.5
A132/197	A9/1-95	33.696	92	52	2	1	88	1	87	8.96e-12	48.5
A132/197	A6/1-97	32.990	97	63	2	2	97	2	97	1.45e-11	47.8
A132/197	A111/1-96	30.769	91	62	1	7	97	7	96	1.60e-11	47.8
A132/197	A71/1-99	33.333	84	54	2	12	93	12	95	2.05e-11	47.4
A132/197	A151/1-99	31.707	82	54	1	18	97	18	99	2.40e-11	47.4
A132/197	A67/1-95	30.000	90	58	2	2	89	2	88	6.86e-11	46.2
A132/197	A21/1-98	35.714	84	53	1	9	91	9	92	1.85e-10	45.1
A132/197	A38/1-98	31.915	94	61	2	2	93	2	94	5.11e-10	43.9
A133/195	A133/1-95	100.000	95	0	0	1	95	1	95	1.18e-68	192
A133/195	A144/1-96	47.619	84	44	0	2	85	2	85	2.94e-25	82.8
A133/195	A122/1-96	44.211	95	52	1	2	95	2	96	3.62e-24	80.1
A133/195	A89/1-96	41.667	96	55	1	1	95	1	96	8.09e-23	76.6
A133/195	A126/1-99	43.617	94	49	3	4	93	4	97	6.14e-22	74.3
A133/195	A100/1-96	42.105	95	54	1	2	95	2	96	7.30e-22	74.3
A133/195	A78/1-96	40.000	95	56	1	2	95	2	96	3.35e-21	72.4
A133/195	A67/1-95	42.105	95	55	0	1	95	1	95	3.82e-21	72.4
A133/195	A111/1-96	41.053	95	55	1	2	95	2	96	5.80e-20	69.3
A133/195	A38/1-98	41.667	96	54	1	2	95	2	97	6.69e-20	69.3
A133/195	A9/1-95	37.363	91	57	0	1	91	1	91	1.18e-19	68.6
A133/195	A31/1-95	42.553	94	54	0	2	95	2	95	2.78e-19	67.8
A133/195	A130/1-99	39.796	98	55	2	2	95	2	99	1.53e-18	65.9
A133/195	A118/1-98	35.052	97	61	1	1	95	1	97	3.65e-18	64.7
A133/195	A53/1-99	37.778	90	53	1	2	88	2	91	6.07e-18	64.3
A133/195	A66/1-97	38.542	96	57	2	2	95	2	97	9.48e-18	63.9
A133/195	A77/1-97	39.773	88	48	2	2	86	2	87	1.01e-17	63.5
A133/195	A93/1-99	42.353	85	45	3	15	95	15	99	1.68e-17	63.2
A133/195	A86/1-99	38.384	99	55	3	2	95	2	99	3.30e-17	62.4
A133/195	A115/1-99	41.860	86	46	3	14	95	14	99	3.84e-17	62.0
A133/195	A44/1-97	38.636	88	53	1	2	88	2	89	3.88e-17	62.0
A133/195	A155/1-98	38.776	98	57	2	1	95	1	98	9.44e-17	61.2
A133/195	A74/1-98	35.870	92	57	1	2	91	2	93	1.06e-16	61.2
A133/195	A14/1-100	40.909	88	48	1	2	85	2	89	1.79e-16	60.5
A133/195	A55/1-97	38.372	86	50	2	2	85	2	86	3.11e-16	59.7
A133/195	A104/1-99	41.860	86	46	3	14	95	14	99	3.58e-16	59.7
A133/195	A82/1-99	41.860	86	46	3	14	95	14	99	4.08e-16	59.7
A133/195	A108/1-99	32.292	96	50	2	2	88	2	91	6.93e-16	58.9
A133/195	A26/1-97	38.372	86	48	2	4	86	5	88	8.89e-16	58.5
A133/195	A30/1-97	41.975	81	46	1	2	81	2	82	1.14e-15	58.5
A133/195	A28/1-100	35.354	99	59	3	2	95	2	100	1.45e-15	58.2
A133/195	A71/1-99	41.892	74	41	1	14	85	14	87	1.84e-15	57.8
A133/195	A19/1-97	31.522	92	62	1	4	94	5	96	1.84e-15	57.8
A133/195	A64/1-99	31.959	97	63	1	2	95	2	98	1.92e-15	57.8
A133/195	A97/1-99	38.144	97	54	3	2	94	2	96	2.25e-15	57.8
A133/195	A110/1-97	36.082	97	55	4	3	95	4	97	2.28e-15	57.8
A133/195	A88/1-97	36.735	98	56	3	2	95	2	97	2.68e-15	57.4
A133/195	A132/1-97	34.694	98	58	3	2	95	2	97	2.71e-15	57.4
A133/195	A121/1-97	30.682	88	56	2	2	86	2	87	2.95e-15	57.4
A133/195	A42/1-104	33.684	95	55	2	2	88	2	96	5.07e-15	56.6
A133/195	A17/1-103	38.235	102	55	3	2	95	2	103	7.49e-15	56.2
A133/195	A99/1-97	32.955	88	54	2	2	86	2	87	8.16e-15	56.2
A133/195	A163/1-98	38.372	86	51	1	2	85	2	87	8.34e-15	56.2
A133/195	A3/1-98	31.183	93	62	1	2	92	2	94	1.10e-14	55.8
A133/195	A152/1-99	38.372	86	50	1	2	84	2	87	1.40e-14	55.5
A133/195	A143/1-97	35.714	98	57	3	2	95	2	97	1.40e-14	55.5
A133/195	A96/1-98	32.184	87	57	1	1	85	1	87	1.56e-14	55.5
A133/195	A34/1-97	39.773	88	46	2	2	85	2	86	2.46e-14	55.1
A133/195	A75/1-99	31.868	91	57	2	2	88	2	91	2.89e-14	54.7
A133/195	A63/1-98	37.209	86	52	1	2	85	2	87	3.15e-14	54.7
A133/195	A16/1-97	37.500	88	52	2	1	86	1	87	3.22e-14	54.7
A133/195	A119/1-97	37.209	86	53	1	1	85	1	86	5.83e-14	53.9
A133/195	A60/1-99	38.028	71	40	2	14	81	14	83	6.49e-14	53.9
A133/195	A80/1-97	35.366	82	50	2	4	83	5	85	6.92e-14	53.9
A133/195	A102/1-97	30.588	85	56	2	4	86	5	88	1.28e-13	53.1
A133/195	A85/1-98	40.541	74	42	1	14	85	14	87	1.49e-13	53.1
A133/195	A148/1-102	34.314	102	59	3	1	95	2	102	2.08e-13	52.8
A133/195	A162/1-99	38.667	75	44	1	12	84	13	87	2.24e-13	52.4
A133/195	A51/1-96	30.208	96	62	2	2	94	2	95	2.39e-13	52.4
A133/195	A48/1-98	31.034	87	58	1	1	85	1	87	2.61e-13	52.4
A133/195	A159/1-98	31.579	95	62	2	2	94	2	95	2.75e-13	52.4
A133/195	A146/1-97	32.609	92	60	2	2	91	2	93	3.53e-13	52.0
A133/195	A2/1-97	43.750	48	27	0	1	48	1	48	3.72e-13	52.0
A133/195	A166/1-99	39.759	83	44	2	15	93	16	96	4.47e-13	51.6
A133/195	A113/1-96	34.524	84	49	3	2	83	5	84	5.31e-13	51.6
A133/195	A56/1-93	35.632	87	55	1	2	88	2	87	5.79e-13	51.6
A133/195	A24/1-98	35.714	98	60	2	1	95	1	98	6.95e-13	51.2
A133/195	A124/1-97	31.183	93	61	2	4	94	5	96	8.17e-13	51.2
A133/195	A27/1-98	37.333	75	43	2	14	85	14	87	8.90e-13	50.8
A133/195	A35/1-99	34.483	87	54	1	2	85	2	88	9.39e-13	50.8
A133/195	A91/1-97	30.337	89	59	2	8	94	9	96	1.23e-12	50.4
A133/195	A13/1-103	34.783	92	53	2	1	85	1	92	1.61e-12	50.4
A133/195	A150/1-96	32.979	94	62	1	2	94	2	95	1.99e-12	50.1
A133/195	A45/1-98	33.721	86	55	1	2	85	2	87	2.15e-12	50.1
A133/195	A33/1-97	30.851	94	62	2	4	95	5	97	3.10e-12	49.7
A133/195	A136/1-98	32.184	87	57	1	1	85	1	87	3.20e-12	49.7
A133/195	A5/1-98	32.990	97	62	1	2	95	2	98	3.64e-12	49.3
A133/195	A37/1-96	30.864	81	56	0	2	82	2	82	4.42e-12	49.3
A133/195	A140/1-99	38.356	73	40	2	14	82	14	85	4.47e-12	49.3
A133/195	A125/1-98	27.907	86	60	1	2	85	2	87	5.08e-12	48.9
A133/195	A10/1-98	32.500	80	52	1	8	85	8	87	6.10e-12	48.9
A133/195	A40/1-96	29.787	94	65	1	2	94	2	95	6.86e-12	48.5
A133/195	A151/1-99	33.784	74	46	1	15	85	15	88	7.16e-12	48.5
A133/195	A105/1-97	27.473	91	65	1	4	93	5	95	8.78e-12	48.5
A133/195	A95/1-97	34.211	76	49	1	20	94	21	96	1.64e-11	47.8
A133/195	A73/1-97	29.213	89	54	2	8	91	9	93	1.90e-11	47.8
A133/195	A84/1-97	31.707	82	55	1	14	94	15	96	2.21e-11	47.4
A133/195	A114/1-98	33.333	84	52	2	2	82	2	84	2.71e-11	47.0
A133/195	A47/1-96	38.636	88	49	3	2	87	5	89	3.36e-11	47.0
A133/195	A107/1-98	30.233	86	58	1	2	85	2	87	3.39e-11	47.0
A133/195	A154/1-97	29.070	86	58	2	2	85	2	86	4.29e-11	46.6
A133/195	A137/1-98	31.579	76	49	2	12	85	12	86	4.48e-11	46.6
A133/195	A20/1-102	31.395	86	47	2	14	87	14	99	4.58e-11	46.6
A133/195	A7/1-97	31.395	86	57	1	12	95	12	97	4.73e-11	46.6
A133/195	A41/1-98	33.784	74	47	1	14	85	14	87	6.73e-11	46.2
A133/195	A12/1-98	27.835	97	67	1	2	95	2	98	6.80e-11	46.2
A133/195	A135/1-97	33.333	81	51	2	17	95	18	97	8.61e-11	45.8
A133/195	A58/1-97	27.957	93	66	1	4	95	5	97	1.13e-10	45.4
A133/195	A141/1-98	33.721	86	53	2	2	84	2	86	1.49e-10	45.4
A133/195	A70/1-98	37.079	89	50	2	1	85	1	87	1.90e-10	45.1
A133/195	A59/1-98	36.842	76	46	1	12	85	12	87	4.06e-10	44.3
A133/195	A62/1-96	28.261	92	65	1	1	91	1	92	5.18e-10	43.9
A133/195	A158/1-98	31.034	87	58	1	1	85	1	87	6.21e-10	43.5
A133/195	A52/1-98	33.784	74	47	1	14	85	14	87	8.47e-10	43.1
A133/195	A128/1-97	30.000	80	55	1	8	86	9	88	1.31e-09	42.7
A133/195	A23/1-98	30.952	84	56	2	1	82	1	84	1.49e-09	42.7
A133/195	A161/1-98	33.750	80	52	1	8	86	9	88	1.52e-09	42.7
A133/195	A157/1-97	30.000	80	55	1	4	82	5	84	3.07e-09	42.0
A133/195	A92/1-98	33.784	74	41	3	14	82	14	84	7.66e-09	40.8
A133/195	A117/1-97	28.571	84	59	1	4	86	5	88	9.98e-09	40.4
A133/195	A49/1-100	32.184	87	49	2	12	88	12	98	1.03e-08	40.4
A133/195	A81/1-98	31.461	89	55	2	1	85	1	87	2.46e-08	39.7
A133/195	A167/1-98	36.364	88	45	3	14	94	14	97	4.17e-08	38.9
A133/195	A139/1-97	28.866	97	61	3	1	94	5	96	5.21e-08	38.5
A133/195	A129/1-98	32.857	70	45	1	14	81	14	83	7.22e-08	38.1
A133/195	A21/1-98	38.158	76	45	1	12	85	12	87	1.21e-07	37.7
A133/195	A147/1-98	30.120	83	55	2	3	83	4	85	1.51e-07	37.4
A133/195	A69/1-97	30.986	71	48	1	18	87	19	89	1.71e-07	37.4
A133/195	A6/1-97	31.081	74	48	2	10	81	10	82	1.76e-06	34.7
A133/195	A103/1-98	28.409	88	57	2	2	85	2	87	3.93e-06	33.5
A135/197	A135/1-97	100.000	97	0	0	1	97	1	97	1.97e-72	202
A135/197	A102/1-97	50.000	96	48	0	2	97	2	97	4.28e-35	107
A135/197	A146/1-97	52.083	96	46	0	2	97	2	97	1.45e-33	103
A135/197	A91/1-97	51.042	96	47	0	2	97	2	97	3.23e-33	103
A135/197	A69/1-97	47.917	96	50	0	2	97	2	97	6.08e-33	102
A135/197	A58/1-97	48.958	96	49	0	2	97	2	97	1.44e-32	101
A135/197	A80/1-97	50.000	96	48	0	2	97	2	97	3.99e-32	100
A135/197	A113/1-96	50.538	93	46	0	5	97	4	96	8.04e-32	99.8
A135/197	A26/1-97	47.368	95	50	0	2	96	2	96	9.67e-30	94.4
A135/197	A19/1-97	42.708	96	55	0	2	97	2	97	1.87e-28	90.9
A135/197	A128/1-97	43.750	96	54	0	2	97	2	97	3.76e-28	90.1
A135/197	A33/1-97	42.708	96	55	0	2	97	2	97	3.93e-28	90.1
A135/197	A124/1-97	43.158	95	54	0	2	96	2	96	3.13e-27	87.8
A135/197	A47/1-96	43.158	95	54	0	2	96	2	96	3.94e-27	87.8
A135/197	A73/1-97	44.681	94	52	0	2	95	2	95	1.70e-26	86.3
A135/197	A157/1-97	43.478	92	52	0	2	93	2	93	1.72e-26	85.9
A135/197	A51/1-96	40.860	93	55	0	5	97	4	96	4.03e-26	85.1
A135/197	A166/1-99	42.268	97	54	2	2	96	2	98	7.34e-26	84.3
A135/197	A161/1-98	42.697	89	51	0	2	90	2	90	1.05e-25	84.0
A135/197	A95/1-97	38.542	96	59	0	2	97	2	97	3.35e-25	82.8
A135/197	A105/1-97	40.426	94	56	0	2	95	2	95	6.23e-25	82.0
A135/197	A139/1-97	42.105	95	55	0	2	96	2	96	1.28e-24	81.3
A135/197	A117/1-97	41.489	94	55	0	2	95	2	95	3.13e-24	80.5
A135/197	A84/1-97	39.583	96	58	0	2	97	2	97	4.20e-24	80.1
A135/197	A150/1-96	39.785	93	56	0	5	97	4	96	2.04e-23	78.2
A135/197	A143/1-97	42.169	83	48	0	5	87	4	86	1.35e-22	76.3
A135/197	A121/1-97	43.373	83	47	0	5	87	4	86	2.82e-22	75.5
A135/197	A5/1-98	40.909	88	50	1	11	96	10	97	2.82e-22	75.5
A135/197	A110/1-97	41.176	85	48	1	5	87	2	86	3.43e-22	75.1
A135/197	A12/1-98	40.000	95	54	2	2	94	2	95	7.94e-22	74.3
A135/197	A16/1-97	42.529	87	49	1	2	88	2	87	1.30e-21	73.6
A135/197	A66/1-97	41.772	79	46	0	9	87	8	86	7.64e-21	71.6
A135/197	A44/1-97	39.759	83	50	0	5	87	4	86	8.18e-20	68.9
A135/197	A99/1-97	42.105	76	44	0	13	88	12	87	1.07e-19	68.9
A135/197	A41/1-98	40.206	97	55	3	2	96	2	97	1.85e-19	68.2
A135/197	A40/1-96	38.710	93	54	1	7	96	3	95	4.27e-19	67.4
A135/197	A154/1-97	33.735	83	55	0	9	91	8	90	4.36e-19	67.4
A135/197	A27/1-98	40.909	88	48	3	2	87	2	87	1.32e-18	65.9
A135/197	A62/1-96	36.047	86	55	0	5	90	4	89	1.38e-18	65.9
A135/197	A162/1-99	42.667	75	42	1	13	86	13	87	1.77e-18	65.9
A135/197	A77/1-97	37.349	83	52	0	5	87	4	86	2.82e-18	65.1
A135/197	A136/1-98	35.632	87	54	2	2	87	2	87	3.83e-18	64.7
A135/197	A55/1-97	38.667	75	46	0	13	87	12	86	4.86e-18	64.7
A135/197	A163/1-98	36.170	94	58	2	2	94	2	94	1.77e-17	63.2
A135/197	A37/1-96	38.961	77	46	1	9	85	8	83	3.28e-17	62.4
A135/197	A140/1-99	43.243	74	40	1	14	85	13	86	3.31e-17	62.4
A135/197	A88/1-97	36.047	86	54	1	2	87	2	86	3.31e-17	62.4
A135/197	A78/1-96	35.484	93	58	2	5	96	4	95	5.11e-17	62.0
A135/197	A63/1-98	35.870	92	57	2	1	91	1	91	9.28e-17	61.2
A135/197	A74/1-98	35.870	92	57	2	1	91	1	91	9.59e-17	61.2
A135/197	A34/1-97	37.363	91	56	1	1	91	1	90	9.69e-17	61.2
A135/197	A52/1-98	38.043	92	55	2	1	91	1	91	1.46e-16	60.8
A135/197	A167/1-98	38.372	86	51	2	2	86	2	86	1.48e-16	60.8
A135/197	A122/1-96	40.230	87	47	2	1	87	4	85	1.65e-16	60.5
A135/197	A119/1-97	37.363	91	53	2	1	91	4	90	1.80e-16	60.5
A135/197	A96/1-98	37.931	87	52	2	2	87	2	87	3.09e-16	60.1
A135/197	A159/1-98	37.500	88	53	2	1	87	1	87	3.44e-16	59.7
A135/197	A144/1-96	35.789	95	56	3	4	94	1	94	3.71e-16	59.7
A135/197	A85/1-98	34.483	87	55	2	2	87	2	87	4.66e-16	59.3
A135/197	A23/1-98	38.095	84	51	1	8	91	8	90	5.36e-16	59.3
A135/197	A82/1-99	38.710	93	51	3	1	91	4	92	7.58e-16	58.9
A135/197	A53/1-99	37.778	90	51	3	1	87	1	88	9.02e-16	58.9
A135/197	A13/1-103	37.634	93	48	2	1	87	4	92	9.83e-16	58.5
A135/197	A132/1-97	34.177	79	52	0	9	87	8	86	1.05e-15	58.5
A135/197	A30/1-97	35.366	82	51	1	4	83	1	82	1.14e-15	58.5
A135/197	A107/1-98	35.106	94	59	2	1	93	1	93	2.31e-15	57.8
A135/197	A59/1-98	40.000	85	49	2	13	95	12	96	2.66e-15	57.4
A135/197	A48/1-98	34.483	87	55	2	2	87	2	87	3.23e-15	57.4
A135/197	A92/1-98	36.047	86	53	2	2	86	2	86	3.72e-15	57.0
A135/197	A126/1-99	36.047	86	53	2	4	87	3	88	4.61e-15	57.0
A135/197	A89/1-96	37.234	94	57	2	4	96	3	95	5.43e-15	56.6
A135/197	A9/1-95	34.211	76	49	1	20	95	19	93	9.02e-15	56.2
A135/197	A151/1-99	37.037	81	49	1	17	95	16	96	1.51e-14	55.5
A135/197	A71/1-99	39.773	88	48	3	1	87	4	87	1.58e-14	55.5
A135/197	A104/1-99	37.634	93	52	3	1	91	4	92	2.46e-14	55.1
A135/197	A10/1-98	34.021	97	62	2	1	96	1	96	5.02e-14	54.3
A135/197	A103/1-98	32.979	94	61	2	5	96	4	97	5.07e-14	54.3
A135/197	A60/1-99	37.079	89	50	3	1	87	4	88	6.03e-14	53.9
A135/197	A70/1-98	34.524	84	54	1	5	87	4	87	6.86e-14	53.9
A135/197	A118/1-98	35.106	94	59	2	2	94	2	94	7.40e-14	53.9
A135/197	A115/1-99	38.144	97	56	3	2	94	1	97	7.72e-14	53.9
A135/197	A125/1-98	34.091	88	53	2	1	87	4	87	7.89e-14	53.9
A135/197	A86/1-99	36.364	88	50	2	1	86	4	87	8.15e-14	53.9
A135/197	A100/1-96	34.021	97	61	3	1	96	1	95	8.98e-14	53.5
A135/197	A64/1-99	35.165	91	56	2	1	89	1	90	9.90e-14	53.5
A135/197	A93/1-99	38.202	89	49	4	1	87	4	88	1.46e-13	53.1
A135/197	A81/1-98	35.366	82	51	2	17	96	16	97	1.56e-13	53.1
A135/197	A3/1-98	39.189	74	42	2	16	87	15	87	1.70e-13	52.8
A135/197	A147/1-98	35.556	90	50	3	1	86	1	86	2.32e-13	52.8
A135/197	A6/1-97	36.905	84	50	3	1	83	1	82	3.20e-13	52.4
A135/197	A14/1-100	36.667	90	53	2	1	87	1	89	3.49e-13	52.0
A135/197	A2/1-97	34.667	75	49	0	9	83	8	82	4.72e-13	51.6
A135/197	A17/1-103	34.409	93	53	3	2	87	1	92	7.82e-13	51.2
A135/197	A20/1-102	31.818	88	54	2	2	84	2	88	7.99e-13	51.2
A135/197	A158/1-98	33.333	87	56	2	2	87	2	87	1.26e-12	50.8
A135/197	A111/1-96	30.233	86	59	1	2	87	1	85	1.81e-12	50.4
A135/197	A130/1-99	32.584	89	58	1	2	88	1	89	3.38e-12	49.7
A135/197	A152/1-99	34.091	88	52	2	1	86	4	87	4.56e-12	49.3
A135/197	A35/1-99	28.571	98	65	3	1	94	1	97	4.91e-12	49.3
A135/197	A137/1-98	30.851	94	64	1	2	94	1	94	6.71e-12	48.9
A135/197	A75/1-99	27.778	90	62	2	2	89	2	90	6.93e-12	48.9
A135/197	A114/1-98	32.184	87	57	2	1	86	1	86	1.35e-11	48.1
A135/197	A67/1-95	31.522	92	62	1	5	96	4	94	3.42e-11	47.0
A135/197	A31/1-95	32.184	87	57	2	1	87	1	85	3.77e-11	47.0
A135/197	A42/1-104	32.632	95	54	4	1	87	1	93	4.24e-11	46.6
A135/197	A129/1-98	32.500	80	53	1	5	83	4	83	5.78e-11	46.2
A135/197	A108/1-99	30.337	89	59	2	1	87	1	88	6.94e-11	46.2
A135/197	A133/1-95	33.333	81	51	2	18	97	17	95	9.16e-11	45.8
A135/197	A28/1-100	33.708	89	55	2	2	87	2	89	9.98e-11	45.8
A135/197	A155/1-98	30.233	86	57	2	5	87	2	87	1.43e-10	45.4
A135/197	A97/1-99	30.556	72	48	1	17	86	16	87	4.08e-10	44.3
A135/197	A7/1-97	29.885	87	59	2	3	87	1	87	4.95e-10	43.9
A135/197	A38/1-98	30.380	79	54	1	19	96	18	96	1.93e-09	42.4
A135/197	A141/1-98	31.325	83	56	1	2	83	1	83	3.22e-09	42.0
A135/197	A24/1-98	27.586	87	61	2	2	87	2	87	1.04e-08	40.4
A135/197	A45/1-98	32.955	88	54	2	1	87	4	87	1.38e-08	40.0
A135/197	A56/1-93	27.848	79	55	2	9	87	8	84	2.00e-08	39.7
A135/197	A148/1-102	31.579	76	48	2	13	84	12	87	1.61e-07	37.4
A135/197	A49/1-100	25.556	90	62	2	2	87	1	89	4.91e-07	36.2
A135/197	A21/1-98	35.211	71	45	1	18	87	17	87	1.37e-06	35.0
A136/198	A136/1-98	100.000	98	0	0	1	98	1	98	4.29e-72	201
A136/198	A70/1-98	50.515	97	48	0	1	97	1	97	1.76e-36	111
A136/198	A81/1-98	50.000	96	48	0	1	96	1	96	1.36e-35	108
A136/198	A147/1-98	50.526	95	47	0	2	96	2	96	3.94e-35	107
A136/198	A103/1-98	47.368	95	50	0	2	96	2	96	1.85e-34	106
A136/198	A125/1-98	50.000	96	48	0	2	97	2	97	5.70e-34	105
A136/198	A59/1-98	49.485	97	49	0	1	97	1	97	4.17e-33	102
A136/198	A92/1-98	48.421	95	49	0	2	96	2	96	1.15e-32	101
A136/198	A118/1-98	45.833	96	52	0	1	96	1	96	1.04e-31	99.4
A136/198	A63/1-98	47.872	94	49	0	2	95	2	95	1.51e-31	99.0
A136/198	A158/1-98	50.515	97	48	0	1	97	1	97	2.41e-31	98.6
A136/198	A20/1-102	50.000	98	42	2	1	91	1	98	8.13e-31	97.1
A136/198	A114/1-98	51.724	87	42	0	2	88	2	88	1.45e-30	96.3
A136/198	A107/1-98	44.792	96	53	0	2	97	2	97	1.67e-30	96.3
A136/198	A52/1-98	50.000	96	45	1	4	96	1	96	2.40e-30	95.9
A136/198	A48/1-98	44.792	96	53	0	1	96	1	96	9.20e-30	94.4
A136/198	A34/1-97	47.872	94	45	2	2	92	2	94	4.07e-29	92.8
A136/198	A85/1-98	43.299	97	55	0	1	97	1	97	8.19e-29	92.0
A136/198	A96/1-98	45.455	88	48	0	1	88	1	88	9.78e-28	89.4
A136/198	A129/1-98	41.667	96	56	0	2	97	2	97	1.17e-26	86.7
A136/198	A3/1-98	42.708	96	55	0	2	97	2	97	3.55e-26	85.5
A136/198	A41/1-98	42.105	95	55	0	2	96	2	96	3.79e-26	85.1
A136/198	A74/1-98	39.583	96	58	0	2	97	2	97	4.42e-26	85.1
A136/198	A13/1-103	41.584	101	54	1	1	96	1	101	5.55e-26	84.7
A136/198	A53/1-99	44.944	89	48	1	2	89	2	90	4.81e-24	79.7
A136/198	A6/1-97	45.652	92	46	2	2	90	2	92	5.42e-24	79.7
A136/198	A60/1-99	40.426	94	55	1	4	96	4	97	6.18e-24	79.7
A136/198	A82/1-99	44.211	95	51	1	4	98	4	96	9.77e-24	79.0
A136/198	A49/1-100	44.444	90	48	1	4	91	4	93	9.99e-24	79.0
A136/198	A140/1-99	41.489	94	54	1	1	93	1	94	2.12e-23	78.2
A136/198	A163/1-98	38.372	86	53	0	2	87	2	87	3.00e-23	77.8
A136/198	A27/1-98	40.206	97	56	2	1	96	1	96	3.69e-23	77.8
A136/198	A104/1-99	43.820	89	49	1	4	91	4	92	4.85e-23	77.4
A136/198	A151/1-99	40.426	94	55	1	1	93	1	94	8.74e-23	76.6
A136/198	A71/1-99	44.944	89	48	1	4	91	4	92	8.74e-23	76.6
A136/198	A75/1-99	42.697	89	48	2	2	88	2	89	2.46e-22	75.5
A136/198	A167/1-98	39.560	91	55	0	2	92	2	92	3.19e-22	75.1
A136/198	A115/1-99	41.758	91	51	1	4	94	4	92	6.62e-22	74.3
A136/198	A159/1-98	39.773	88	53	0	2	89	2	89	1.26e-21	73.6
A136/198	A78/1-96	40.698	86	49	1	2	87	2	85	2.12e-21	73.2
A136/198	A162/1-99	42.169	83	48	0	10	92	11	93	2.91e-21	72.8
A136/198	A113/1-96	41.111	90	52	1	2	91	2	90	5.97e-21	72.0
A136/198	A26/1-97	43.678	87	47	2	2	87	2	87	6.44e-21	72.0
A136/198	A148/1-102	42.353	85	46	1	5	86	5	89	6.80e-21	72.0
A136/198	A137/1-98	39.286	84	50	1	4	87	4	86	1.39e-20	71.2
A136/198	A119/1-97	37.500	96	59	1	1	96	1	95	1.73e-20	70.9
A136/198	A124/1-97	36.082	97	60	2	2	97	2	97	2.16e-20	70.5
A136/198	A93/1-99	41.379	87	50	1	4	89	4	90	2.20e-20	70.5
A136/198	A28/1-100	40.449	89	51	1	2	88	2	90	2.59e-20	70.5
A136/198	A62/1-96	41.053	95	53	2	1	93	1	94	6.82e-20	69.3
A136/198	A80/1-97	40.698	86	49	2	2	86	2	86	6.97e-20	69.3
A136/198	A102/1-97	35.955	89	55	2	2	89	2	89	7.05e-20	69.3
A136/198	A69/1-97	41.176	85	48	2	1	84	1	84	1.01e-19	68.9
A136/198	A152/1-99	37.079	89	55	1	2	89	2	90	1.20e-19	68.6
A136/198	A155/1-98	37.079	89	56	0	1	89	1	89	1.72e-19	68.2
A136/198	A19/1-97	39.326	89	52	2	2	89	2	89	1.90e-19	68.2
A136/198	A108/1-99	38.202	89	52	2	2	88	2	89	2.68e-19	67.8
A136/198	A67/1-95	38.636	88	52	1	2	89	2	87	2.99e-19	67.8
A136/198	A95/1-97	41.379	87	49	2	2	87	2	87	3.48e-19	67.4
A136/198	A121/1-97	38.636	88	53	1	2	89	2	88	3.56e-19	67.4
A136/198	A51/1-96	41.379	87	48	2	2	87	2	86	3.56e-19	67.4
A136/198	A126/1-99	33.333	87	57	1	4	89	4	90	8.30e-19	66.6
A136/198	A66/1-97	37.363	91	56	1	2	92	2	91	1.03e-18	66.2
A136/198	A130/1-99	42.529	87	49	1	2	87	2	88	1.08e-18	66.2
A136/198	A122/1-96	38.636	88	52	1	2	89	2	87	1.38e-18	65.9
A136/198	A14/1-100	41.111	90	51	1	2	89	2	91	1.44e-18	65.9
A136/198	A91/1-97	34.118	85	54	2	2	85	2	85	1.61e-18	65.9
A136/198	A84/1-97	35.632	87	54	2	2	87	2	87	2.46e-18	65.5
A136/198	A154/1-97	37.895	95	58	1	2	96	2	95	3.06e-18	65.1
A136/198	A135/1-97	35.632	87	54	2	2	87	2	87	3.96e-18	64.7
A136/198	A23/1-98	38.824	85	50	2	1	84	1	84	4.52e-18	64.7
A136/198	A55/1-97	35.227	88	56	1	2	89	2	88	6.32e-18	64.3
A136/198	A77/1-97	37.500	88	54	1	2	89	2	88	6.89e-18	64.3
A136/198	A105/1-97	34.831	89	56	2	2	89	2	89	9.44e-18	63.9
A136/198	A143/1-97	37.500	88	54	1	2	89	2	88	9.97e-18	63.9
A136/198	A7/1-97	33.684	95	62	1	2	96	3	96	1.11e-17	63.5
A136/198	A100/1-96	40.698	86	49	1	2	87	2	85	1.25e-17	63.5
A136/198	A35/1-99	32.292	96	64	1	2	96	2	97	1.35e-17	63.5
A136/198	A139/1-97	35.955	89	55	2	2	89	2	89	1.44e-17	63.5
A136/198	A31/1-95	41.379	87	49	1	2	88	2	86	2.76e-17	62.8
A136/198	A89/1-96	35.632	87	54	1	1	87	1	85	3.22e-17	62.4
A136/198	A141/1-98	39.759	83	47	1	4	83	1	83	4.26e-17	62.0
A136/198	A146/1-97	36.782	87	53	2	2	87	2	87	4.65e-17	62.0
A136/198	A58/1-97	39.286	84	49	2	2	84	2	84	5.35e-17	62.0
A136/198	A86/1-99	35.556	90	55	2	2	89	2	90	7.99e-17	61.6
A136/198	A128/1-97	35.632	87	54	2	2	87	2	87	9.10e-17	61.2
A136/198	A33/1-97	37.778	90	54	2	1	89	1	89	1.67e-16	60.8
A136/198	A42/1-104	31.915	94	58	2	2	89	2	95	1.82e-16	60.5
A136/198	A47/1-96	39.080	87	51	2	2	87	2	87	1.90e-16	60.5
A136/198	A88/1-97	35.789	95	57	2	2	93	2	95	2.46e-16	60.1
A136/198	A24/1-98	34.783	92	60	0	1	92	1	92	3.34e-16	60.1
A136/198	A111/1-96	36.047	86	53	1	2	87	2	85	3.84e-16	59.7
A136/198	A99/1-97	34.091	88	57	1	2	89	2	88	3.97e-16	59.7
A136/198	A110/1-97	31.868	91	61	1	2	92	2	91	5.67e-16	59.3
A136/198	A12/1-98	31.250	96	63	2	2	95	2	96	6.46e-16	59.3
A136/198	A97/1-99	37.209	86	49	2	2	84	2	85	7.35e-16	58.9
A136/198	A17/1-103	38.542	96	46	2	2	88	2	93	7.68e-16	58.9
A136/198	A44/1-97	37.895	95	58	1	2	96	2	95	7.93e-16	58.9
A136/198	A73/1-97	35.714	98	60	3	2	98	2	97	8.02e-16	58.9
A136/198	A40/1-96	35.227	88	56	1	2	89	2	88	9.74e-16	58.5
A136/198	A144/1-96	32.955	88	57	1	2	89	2	87	1.30e-15	58.5
A136/198	A9/1-95	39.560	91	45	4	1	87	1	85	1.39e-15	58.2
A136/198	A37/1-96	34.021	97	62	2	2	98	2	96	3.41e-15	57.4
A136/198	A5/1-98	37.079	89	53	2	2	88	2	89	3.84e-15	57.0
A136/198	A64/1-99	35.227	88	56	1	2	88	2	89	5.80e-15	56.6
A136/198	A150/1-96	35.227	88	56	1	2	89	2	88	1.35e-14	55.8
A136/198	A30/1-97	38.372	86	44	2	2	83	2	82	2.60e-14	55.1
A136/198	A157/1-97	33.721	86	55	2	2	86	2	86	3.12e-14	54.7
A136/198	A117/1-97	33.333	87	56	2	2	87	2	87	4.86e-14	54.3
A136/198	A16/1-97	31.250	96	65	1	1	96	1	95	5.77e-14	54.3
A136/198	A161/1-98	32.184	87	57	2	2	87	2	87	8.89e-14	53.5
A136/198	A38/1-98	34.118	85	53	1	5	86	2	86	1.09e-13	53.5
A136/198	A166/1-99	36.559	93	57	2	4	95	5	96	1.11e-13	53.5
A136/198	A21/1-98	42.045	88	50	1	2	89	3	89	1.21e-13	53.1
A136/198	A56/1-93	38.202	89	50	3	2	89	2	86	2.72e-13	52.4
A136/198	A45/1-98	31.818	88	60	0	2	89	2	89	3.13e-13	52.4
A136/198	A132/1-97	28.571	91	64	1	2	92	2	91	8.25e-13	51.2
A136/198	A133/1-95	32.184	87	57	1	1	87	1	85	3.52e-12	49.7
A136/198	A10/1-98	30.337	89	62	0	2	90	2	90	2.11e-11	47.4
A136/198	A2/1-97	27.711	83	59	1	1	83	1	82	1.23e-07	37.7
A137/198	A137/1-98	100.000	98	0	0	1	98	1	98	6.88e-72	201
A137/198	A148/1-102	52.941	102	44	1	1	98	1	102	1.05e-36	112
A137/198	A104/1-99	54.545	99	44	1	1	98	1	99	1.28e-36	111
A137/198	A82/1-99	52.525	99	46	1	1	98	1	99	4.09e-36	110
A137/198	A93/1-99	54.545	99	44	1	1	98	1	99	9.82e-36	109
A137/198	A115/1-99	46.465	99	52	1	1	98	1	99	6.11e-35	107
A137/198	A71/1-99	50.505	99	48	1	1	98	1	99	2.74e-34	105
A137/198	A60/1-99	47.475	99	51	1	1	98	1	99	4.22e-33	102
A137/198	A49/1-100	51.064	94	42	3	1	91	1	93	1.12e-28	91.7
A137/198	A126/1-99	43.299	97	54	1	3	98	3	99	6.53e-28	89.7
A137/198	A3/1-98	50.000	92	44	2	1	91	1	91	8.69e-26	84.3
A137/198	A63/1-98	44.444	99	53	2	1	98	1	98	1.06e-25	84.0
A137/198	A74/1-98	42.391	92	51	2	1	91	1	91	1.15e-25	84.0
A137/198	A34/1-97	45.055	91	49	1	1	91	1	90	7.06e-25	82.0
A137/198	A103/1-98	38.542	96	57	2	4	98	4	98	1.20e-24	81.3
A137/198	A81/1-98	40.625	96	55	2	4	98	4	98	3.36e-24	80.1
A137/198	A162/1-99	43.820	89	48	2	11	98	12	99	6.82e-24	79.3
A137/198	A28/1-100	43.878	98	51	3	4	98	4	100	1.04e-23	79.0
A137/198	A118/1-98	44.792	96	51	2	4	98	4	98	3.54e-23	77.8
A137/198	A78/1-96	41.667	96	52	3	4	98	4	96	5.65e-23	77.0
A137/198	A45/1-98	40.404	99	53	3	3	98	3	98	7.83e-23	76.6
A137/198	A147/1-98	40.404	99	57	2	1	98	1	98	8.46e-23	76.6
A137/198	A111/1-96	43.750	96	50	3	4	98	4	96	2.51e-22	75.5
A137/198	A107/1-98	40.217	92	53	2	1	91	1	91	3.52e-22	75.1
A137/198	A155/1-98	37.895	95	57	2	5	98	5	98	5.63e-22	74.7
A137/198	A53/1-99	40.909	88	50	2	1	86	1	88	1.29e-21	73.6
A137/198	A158/1-98	42.391	92	52	1	4	94	4	95	1.99e-21	73.2
A137/198	A125/1-98	39.583	96	56	2	4	98	4	98	2.88e-21	72.8
A137/198	A96/1-98	39.286	84	50	1	4	86	4	87	3.04e-21	72.8
A137/198	A92/1-98	33.333	96	62	2	4	98	4	98	4.80e-21	72.4
A137/198	A140/1-99	40.816	98	55	3	3	98	3	99	8.46e-21	71.6
A137/198	A17/1-103	39.423	104	56	2	1	98	1	103	1.17e-20	71.2
A137/198	A136/1-98	39.286	84	50	1	4	86	4	87	1.39e-20	71.2
A137/198	A66/1-97	41.250	80	46	1	12	91	12	90	1.41e-20	71.2
A137/198	A70/1-98	39.583	96	56	2	4	98	4	98	1.51e-20	70.9
A137/198	A85/1-98	42.697	89	48	2	3	88	3	91	1.59e-20	70.9
A137/198	A114/1-98	36.364	99	61	2	1	98	1	98	3.37e-20	70.1
A137/198	A41/1-98	37.895	95	57	2	5	98	5	98	3.83e-20	70.1
A137/198	A163/1-98	35.106	94	59	2	5	97	5	97	3.96e-20	70.1
A137/198	A35/1-99	40.625	96	55	2	1	94	1	96	6.46e-20	69.3
A137/198	A24/1-98	44.737	76	41	1	12	86	12	87	1.56e-19	68.6
A137/198	A19/1-97	42.529	87	48	2	1	86	2	87	4.19e-19	67.4
A137/198	A59/1-98	36.559	93	58	1	3	94	3	95	5.09e-19	67.0
A137/198	A89/1-96	38.043	92	54	2	4	94	4	93	7.13e-19	66.6
A137/198	A67/1-95	38.095	84	49	2	4	86	4	85	8.21e-19	66.6
A137/198	A42/1-104	38.000	100	52	3	4	93	1	100	1.01e-18	66.2
A137/198	A31/1-95	40.230	87	49	2	1	86	1	85	1.10e-18	66.2
A137/198	A100/1-96	39.080	87	50	2	1	86	1	85	1.46e-18	65.9
A137/198	A14/1-100	38.614	101	58	3	1	98	1	100	1.54e-18	65.9
A137/198	A159/1-98	40.230	87	48	2	4	86	1	87	2.09e-18	65.5
A137/198	A119/1-97	37.500	88	54	1	4	91	4	90	2.23e-18	65.5
A137/198	A6/1-97	42.857	91	48	3	1	88	1	90	2.65e-18	65.1
A137/198	A13/1-103	38.298	94	51	3	4	91	4	96	5.86e-18	64.3
A137/198	A58/1-97	43.373	83	45	2	1	82	2	83	5.92e-18	64.3
A137/198	A151/1-99	38.144	97	57	3	4	98	4	99	5.99e-18	64.3
A137/198	A52/1-98	38.384	99	56	3	4	98	1	98	6.32e-18	64.3
A137/198	A105/1-97	42.529	87	48	2	1	86	2	87	8.20e-18	63.9
A137/198	A130/1-99	42.045	88	46	3	4	86	1	88	9.14e-18	63.9
A137/198	A144/1-96	36.559	93	56	2	4	95	4	94	1.41e-17	63.5
A137/198	A152/1-99	35.802	81	50	2	4	82	4	84	1.75e-17	63.2
A137/198	A48/1-98	40.698	86	49	2	13	97	13	97	2.08e-17	63.2
A137/198	A62/1-96	37.634	93	57	1	4	96	4	95	4.31e-17	62.0
A137/198	A77/1-97	34.444	90	59	0	4	93	4	93	6.36e-17	61.6
A137/198	A141/1-98	38.554	83	47	2	4	82	1	83	6.72e-17	61.6
A137/198	A129/1-98	35.955	89	54	2	4	89	4	92	7.73e-17	61.6
A137/198	A75/1-99	36.471	85	52	1	4	86	4	88	1.37e-16	60.8
A137/198	A7/1-97	36.082	97	58	3	4	97	2	97	1.40e-16	60.8
A137/198	A5/1-98	35.106	94	56	3	4	94	4	95	1.53e-16	60.8
A137/198	A108/1-99	32.990	97	63	2	1	95	1	97	1.58e-16	60.8
A137/198	A128/1-97	39.130	92	54	2	4	94	4	94	1.76e-16	60.5
A137/198	A167/1-98	35.443	79	50	1	5	82	5	83	2.60e-16	60.1
A137/198	A88/1-97	32.955	88	58	1	4	91	4	90	4.14e-16	59.7
A137/198	A20/1-102	39.216	102	53	4	5	98	2	102	5.14e-16	59.3
A137/198	A124/1-97	40.741	81	45	3	4	82	4	83	5.55e-16	59.3
A137/198	A91/1-97	40.741	81	47	1	3	82	3	83	5.55e-16	59.3
A137/198	A95/1-97	36.842	95	59	1	1	95	2	95	9.33e-16	58.9
A137/198	A143/1-97	35.484	93	60	0	4	96	4	96	1.88e-15	58.2
A137/198	A44/1-97	36.620	71	45	0	12	82	12	82	2.10e-15	57.8
A137/198	A64/1-99	35.227	88	55	2	1	86	1	88	2.14e-15	57.8
A137/198	A122/1-96	32.143	84	54	2	4	86	4	85	2.39e-15	57.8
A137/198	A121/1-97	35.052	97	58	3	5	97	2	97	2.55e-15	57.8
A137/198	A84/1-97	40.476	84	49	1	4	86	4	87	3.30e-15	57.4
A137/198	A23/1-98	39.175	97	55	4	4	98	4	98	5.43e-15	56.6
A137/198	A132/1-97	38.667	75	46	0	12	86	12	86	6.82e-15	56.6
A137/198	A154/1-97	30.233	86	60	0	12	97	12	97	8.10e-15	56.2
A137/198	A110/1-97	32.500	80	53	1	12	91	12	90	1.02e-14	56.2
A137/198	A10/1-98	36.364	99	58	3	4	98	1	98	1.90e-14	55.5
A137/198	A73/1-97	41.111	90	45	3	1	86	2	87	3.67e-14	54.7
A137/198	A21/1-98	35.714	98	59	3	4	98	2	98	6.50e-14	53.9
A137/198	A26/1-97	37.647	85	49	3	4	86	5	87	7.32e-14	53.9
A137/198	A86/1-99	36.585	82	50	2	4	83	4	85	8.79e-14	53.5
A137/198	A27/1-98	34.694	98	60	4	3	98	3	98	1.15e-13	53.5
A137/198	A113/1-96	32.609	92	61	1	4	95	4	94	1.44e-13	53.1
A137/198	A97/1-99	33.333	81	52	2	4	82	4	84	2.45e-13	52.4
A137/198	A55/1-97	30.120	83	58	0	4	86	4	86	2.75e-13	52.4
A137/198	A99/1-97	31.325	83	57	0	4	86	4	86	2.94e-13	52.4
A137/198	A12/1-98	34.737	95	57	3	4	95	4	96	3.93e-13	52.0
A137/198	A33/1-97	32.967	91	60	1	1	91	2	91	4.15e-13	52.0
A137/198	A9/1-95	36.585	82	48	3	14	94	14	92	7.49e-13	51.2
A137/198	A51/1-96	34.483	87	50	4	5	86	2	86	1.13e-12	50.8
A137/198	A69/1-97	34.737	95	59	3	1	94	2	94	1.20e-12	50.8
A137/198	A139/1-97	38.462	78	46	2	10	86	11	87	1.83e-12	50.4
A137/198	A2/1-97	35.211	71	46	0	12	82	12	82	2.15e-12	50.1
A137/198	A161/1-98	34.066	91	57	3	1	90	2	90	2.39e-12	50.1
A137/198	A80/1-97	38.750	80	48	1	4	82	4	83	3.64e-12	49.7
A137/198	A16/1-97	35.417	96	59	3	4	98	4	97	4.46e-12	49.3
A137/198	A135/1-97	30.851	94	64	1	1	94	2	94	6.92e-12	48.9
A137/198	A157/1-97	34.568	81	50	3	4	82	4	83	1.11e-11	48.1
A137/198	A40/1-96	37.647	85	50	3	11	94	11	93	1.18e-11	48.1
A137/198	A102/1-97	30.526	95	65	1	1	95	2	95	1.28e-11	48.1
A137/198	A47/1-96	36.471	85	51	3	4	86	4	87	2.59e-11	47.4
A137/198	A56/1-93	31.081	74	49	1	13	86	13	84	2.64e-11	47.4
A137/198	A38/1-98	31.707	82	52	2	5	82	2	83	2.94e-11	47.4
A137/198	A166/1-99	30.303	99	62	4	3	97	3	98	3.14e-11	47.0
A137/198	A37/1-96	33.803	71	46	1	12	82	12	81	4.66e-11	46.6
A137/198	A146/1-97	35.714	84	51	3	12	94	13	94	4.81e-11	46.6
A137/198	A133/1-95	31.579	76	49	2	12	86	12	85	4.92e-11	46.6
A137/198	A30/1-97	30.000	80	54	2	4	82	4	82	1.04e-10	45.8
A137/198	A150/1-96	37.349	83	44	3	4	82	4	82	1.56e-10	45.4
A137/198	A117/1-97	34.409	93	55	5	4	93	4	93	4.30e-10	44.3
A139/197	A139/1-97	100.000	97	0	0	1	97	1	97	3.56e-73	204
A139/197	A128/1-97	55.789	95	42	0	2	96	2	96	8.24e-38	114
A139/197	A105/1-97	55.319	94	42	0	2	95	2	95	1.09e-36	112
A139/197	A95/1-97	50.526	95	47	0	2	96	2	96	1.42e-35	108
A139/197	A73/1-97	53.191	94	44	0	2	95	2	95	1.47e-34	106
A139/197	A84/1-97	50.526	95	47	0	2	96	2	96	2.07e-34	106
A139/197	A62/1-96	52.874	87	41	0	7	93	6	92	6.60e-34	104
A139/197	A150/1-96	51.042	96	46	1	1	96	1	95	1.93e-33	103
A139/197	A19/1-97	46.316	95	51	0	2	96	2	96	7.45e-32	99.8
A139/197	A117/1-97	48.936	94	48	0	2	95	2	95	1.51e-30	96.3
A139/197	A143/1-97	51.042	96	45	2	1	95	1	95	4.26e-30	95.1
A139/197	A58/1-97	44.211	95	53	0	2	96	2	96	1.44e-27	89.0
A139/197	A33/1-97	42.105	95	55	0	2	96	2	96	3.73e-26	85.1
A139/197	A146/1-97	40.000	95	57	0	2	96	2	96	4.74e-26	85.1
A139/197	A91/1-97	40.000	90	54	0	7	96	7	96	3.17e-25	82.8
A139/197	A69/1-97	40.000	95	57	0	2	96	2	96	3.42e-25	82.8
A139/197	A51/1-96	42.045	88	51	0	9	96	8	95	3.90e-25	82.8
A139/197	A80/1-97	38.947	95	58	0	2	96	2	96	7.58e-25	82.0
A139/197	A66/1-97	44.330	97	52	2	1	96	1	96	8.01e-25	81.6
A139/197	A135/1-97	42.105	95	55	0	2	96	2	96	1.28e-24	81.3
A139/197	A44/1-97	40.206	97	56	2	1	96	1	96	7.02e-24	79.3
A139/197	A102/1-97	36.842	95	60	0	2	96	2	96	9.22e-24	79.0
A139/197	A40/1-96	40.860	93	52	1	7	96	3	95	2.00e-23	78.2
A139/197	A124/1-97	38.542	96	59	0	2	97	2	97	2.60e-23	78.2
A139/197	A157/1-97	36.667	90	57	0	2	91	2	91	3.60e-23	77.8
A139/197	A121/1-97	44.444	90	49	1	1	90	1	89	4.38e-23	77.4
A139/197	A26/1-97	37.895	95	59	0	2	96	2	96	4.63e-23	77.4
A139/197	A52/1-98	42.222	90	50	2	2	90	2	90	2.40e-22	75.5
A139/197	A12/1-98	43.678	87	47	1	12	96	11	97	1.49e-21	73.6
A139/197	A113/1-96	36.667	90	57	0	7	96	6	95	1.82e-21	73.2
A139/197	A110/1-97	41.111	90	50	2	7	93	4	93	5.22e-21	72.0
A139/197	A23/1-98	42.857	84	48	0	2	85	2	85	7.56e-21	71.6
A139/197	A132/1-97	36.364	88	55	1	9	95	8	95	1.04e-20	71.2
A139/197	A47/1-96	41.053	95	56	0	2	96	2	96	1.97e-20	70.5
A139/197	A161/1-98	36.264	91	58	0	1	91	1	91	2.67e-20	70.5
A139/197	A77/1-97	37.805	82	51	0	9	90	8	89	6.58e-20	69.3
A139/197	A88/1-97	37.209	86	53	1	9	93	8	93	6.66e-20	69.3
A139/197	A99/1-97	42.857	70	40	0	21	90	20	89	4.86e-19	67.0
A139/197	A55/1-97	33.333	87	57	1	1	87	1	86	4.36e-18	64.7
A139/197	A154/1-97	32.979	94	62	1	1	94	1	93	4.76e-18	64.7
A139/197	A5/1-98	35.714	98	60	2	1	96	1	97	4.76e-18	64.7
A139/197	A2/1-97	39.326	89	53	1	9	96	8	96	7.11e-18	64.3
A139/197	A41/1-98	37.363	91	55	2	8	96	7	97	8.64e-18	63.9
A139/197	A136/1-98	35.955	89	55	2	2	89	2	89	1.39e-17	63.5
A139/197	A37/1-96	35.227	88	55	2	9	95	8	94	4.44e-17	62.0
A139/197	A27/1-98	41.573	89	46	4	12	96	11	97	1.26e-16	60.8
A139/197	A20/1-102	38.462	91	50	3	12	96	11	101	1.31e-16	60.8
A139/197	A119/1-97	40.506	79	46	1	19	96	18	96	2.00e-16	60.5
A139/197	A96/1-98	39.286	84	42	2	9	87	8	87	2.74e-16	60.1
A139/197	A118/1-98	35.632	87	55	1	9	94	8	94	3.26e-16	60.1
A139/197	A30/1-97	35.366	82	50	1	7	85	3	84	3.33e-16	59.7
A139/197	A16/1-97	33.708	89	56	1	5	90	1	89	6.24e-16	59.3
A139/197	A130/1-99	36.264	91	55	2	9	96	8	98	6.73e-16	58.9
A139/197	A17/1-103	37.647	85	47	2	9	87	8	92	1.16e-15	58.5
A139/197	A140/1-99	39.474	76	44	1	12	85	11	86	2.75e-15	57.4
A139/197	A166/1-99	34.043	94	61	1	2	94	2	95	5.09e-15	57.0
A139/197	A3/1-98	40.000	85	50	1	9	92	8	92	5.14e-15	57.0
A139/197	A59/1-98	35.556	90	56	2	8	95	7	96	9.02e-15	56.2
A139/197	A48/1-98	35.443	79	50	1	10	87	9	87	1.07e-14	55.8
A139/197	A13/1-103	35.714	84	47	2	19	95	18	101	1.16e-14	55.8
A139/197	A108/1-99	31.818	88	57	2	2	87	2	88	1.27e-14	55.8
A139/197	A107/1-98	37.209	86	43	3	14	94	13	92	1.60e-14	55.5
A139/197	A9/1-95	39.286	84	47	3	14	95	12	93	1.67e-14	55.5
A139/197	A147/1-98	34.483	87	53	3	13	96	12	97	3.55e-14	54.7
A139/197	A158/1-98	32.584	89	58	2	9	95	8	96	4.09e-14	54.7
A139/197	A63/1-98	35.227	88	55	2	11	96	10	97	4.13e-14	54.7
A139/197	A42/1-104	34.444	90	48	3	9	89	8	95	6.93e-14	53.9
A139/197	A103/1-98	33.766	77	50	1	12	87	11	87	8.06e-14	53.9
A139/197	A70/1-98	31.868	91	60	2	7	95	6	96	1.31e-13	53.1
A139/197	A35/1-99	33.673	98	61	4	2	96	2	98	1.31e-13	53.1
A139/197	A78/1-96	35.165	91	57	2	7	96	6	95	1.62e-13	53.1
A139/197	A74/1-98	32.558	86	49	2	12	92	11	92	2.34e-13	52.4
A139/197	A159/1-98	34.409	93	51	3	2	89	2	89	2.72e-13	52.4
A139/197	A34/1-97	37.500	96	53	4	2	95	5	95	3.17e-13	52.4
A139/197	A129/1-98	34.667	75	48	1	12	85	11	85	5.20e-13	51.6
A139/197	A10/1-98	33.750	80	52	1	9	87	8	87	7.49e-13	51.2
A139/197	A92/1-98	32.895	76	50	1	12	86	11	86	8.17e-13	51.2
A139/197	A137/1-98	38.462	78	46	2	11	87	10	86	1.77e-12	50.4
A139/197	A163/1-98	31.707	82	55	1	7	87	6	87	1.87e-12	50.1
A139/197	A85/1-98	31.169	77	52	1	12	87	11	87	3.00e-12	49.7
A139/197	A81/1-98	31.944	72	48	1	17	87	16	87	3.10e-12	49.7
A139/197	A162/1-99	34.483	87	53	3	13	96	13	98	3.16e-12	49.7
A139/197	A24/1-98	32.500	80	53	1	9	87	8	87	3.56e-12	49.7
A139/197	A7/1-97	30.588	85	58	1	10	93	9	93	3.96e-12	49.3
A139/197	A67/1-95	31.818	88	59	1	9	96	8	94	4.37e-12	49.3
A139/197	A141/1-98	34.615	78	50	1	9	85	8	85	4.81e-12	49.3
A139/197	A100/1-96	30.682	88	52	3	2	87	5	85	9.36e-12	48.5
A139/197	A125/1-98	31.959	97	63	3	1	95	1	96	1.38e-11	48.1
A139/197	A151/1-99	32.927	82	51	2	17	95	16	96	1.41e-11	48.1
A139/197	A53/1-99	30.682	88	56	2	7	89	3	90	1.76e-11	47.8
A139/197	A86/1-99	32.927	82	53	1	10	89	9	90	1.90e-11	47.8
A139/197	A60/1-99	34.722	72	46	1	13	83	12	83	3.28e-11	47.0
A139/197	A155/1-98	28.916	83	58	1	9	90	8	90	4.98e-11	46.6
A139/197	A111/1-96	30.769	91	61	2	7	96	6	95	5.78e-11	46.2
A139/197	A56/1-93	33.333	87	55	3	1	87	1	84	5.84e-11	46.2
A139/197	A75/1-99	28.750	80	55	1	10	87	9	88	6.72e-11	46.2
A139/197	A31/1-95	28.409	88	62	1	9	96	8	94	7.01e-11	46.2
A139/197	A89/1-96	32.258	93	57	3	7	96	6	95	8.32e-11	45.8
A139/197	A45/1-98	33.333	90	51	2	9	93	8	93	8.78e-11	45.8
A139/197	A152/1-99	30.682	88	58	2	1	86	1	87	9.98e-11	45.8
A139/197	A64/1-99	32.222	90	54	3	2	87	2	88	1.42e-10	45.4
A139/197	A93/1-99	37.349	83	47	4	18	96	17	98	1.63e-10	45.1
A139/197	A167/1-98	32.051	78	52	1	7	83	6	83	1.85e-10	45.1
A139/197	A126/1-99	33.766	77	48	2	9	83	8	83	2.22e-10	45.1
A139/197	A14/1-100	31.646	79	51	1	15	90	14	92	3.59e-10	44.3
A139/197	A115/1-99	36.000	75	47	1	7	80	6	80	3.87e-10	44.3
A139/197	A122/1-96	31.646	79	47	2	12	87	11	85	4.79e-10	43.9
A139/197	A148/1-102	30.864	81	44	2	12	84	11	87	7.42e-10	43.5
A139/197	A97/1-99	27.848	79	55	1	10	86	9	87	1.81e-09	42.4
A139/197	A104/1-99	36.250	80	47	3	14	90	13	91	2.63e-09	42.0
A139/197	A28/1-100	30.769	78	51	1	13	87	12	89	3.02e-09	42.0
A139/197	A21/1-98	35.443	79	50	1	10	87	9	87	3.19e-09	42.0
A139/197	A144/1-96	33.803	71	44	2	21	90	20	88	3.26e-09	42.0
A139/197	A82/1-99	34.247	73	45	2	14	84	13	84	4.43e-09	41.6
A139/197	A114/1-98	29.348	92	63	2	7	96	6	97	6.09e-09	41.2
A139/197	A6/1-97	32.558	86	55	3	13	96	12	96	7.45e-09	40.8
A139/197	A71/1-99	37.500	88	48	4	2	87	5	87	4.65e-08	38.9
A139/197	A133/1-95	28.866	97	61	3	5	96	1	94	5.51e-08	38.5
A139/197	A49/1-100	28.235	85	57	2	13	93	12	96	7.63e-07	35.4
A139/197	A38/1-98	24.675	77	57	1	21	96	20	96	4.62e-05	30.8
A140/199	A140/1-99	100.000	99	0	0	1	99	1	99	1.53e-72	202
A140/199	A74/1-98	51.579	95	45	1	2	96	2	95	1.71e-33	103
A140/199	A63/1-98	55.102	98	43	1	2	99	2	98	1.93e-33	103
A140/199	A118/1-98	54.545	99	44	1	1	99	1	98	3.56e-33	103
A140/199	A129/1-98	53.061	98	45	1	2	99	2	98	1.96e-32	101
A140/199	A107/1-98	55.682	88	38	1	2	89	2	88	4.81e-32	100
A140/199	A151/1-99	47.475	99	52	0	1	99	1	99	4.94e-31	97.8
A140/199	A85/1-98	54.118	85	38	1	1	85	1	84	1.51e-30	96.3
A140/199	A96/1-98	53.933	89	40	1	1	89	1	88	1.82e-30	96.3
A140/199	A34/1-97	51.020	98	45	3	2	98	2	97	5.45e-28	90.1
A140/199	A103/1-98	44.898	98	53	1	2	99	2	98	2.43e-27	88.2
A140/199	A71/1-99	47.959	98	49	2	3	99	3	99	3.49e-27	87.8
A140/199	A81/1-98	46.465	99	52	1	1	99	1	98	2.41e-26	85.9
A140/199	A20/1-102	46.602	103	50	2	1	99	1	102	2.90e-26	85.5
A140/199	A59/1-98	52.809	89	41	1	1	89	1	88	1.01e-25	84.3
A140/199	A93/1-99	51.220	82	39	1	3	84	3	83	3.38e-25	82.8
A140/199	A82/1-99	51.807	83	39	1	3	85	3	84	4.79e-25	82.4
A140/199	A52/1-98	47.191	89	46	1	11	99	11	98	7.24e-25	82.0
A140/199	A115/1-99	51.852	81	38	1	3	83	3	82	8.17e-25	82.0
A140/199	A147/1-98	45.745	94	50	1	2	95	2	94	9.31e-25	81.6
A140/199	A158/1-98	45.263	95	51	1	1	95	1	94	1.11e-24	81.6
A140/199	A27/1-98	45.000	100	52	3	1	99	1	98	4.78e-24	80.1
A140/199	A167/1-98	45.745	94	50	1	2	95	2	94	9.09e-24	79.3
A140/199	A148/1-102	45.349	86	43	2	3	85	3	87	1.36e-23	79.0
A140/199	A136/1-98	41.489	94	54	1	1	94	1	93	2.20e-23	78.2
A140/199	A92/1-98	43.878	98	54	1	2	99	2	98	2.22e-23	78.2
A140/199	A104/1-99	48.780	82	41	1	3	84	3	83	3.18e-23	77.8
A140/199	A41/1-98	42.857	98	55	1	2	99	2	98	3.59e-23	77.8
A140/199	A60/1-99	41.837	98	55	2	3	99	3	99	6.26e-23	77.0
A140/199	A58/1-97	47.674	86	39	2	5	86	2	85	1.15e-22	76.3
A140/199	A70/1-98	45.238	84	45	1	1	84	1	83	1.33e-22	76.3
A140/199	A126/1-99	42.697	89	42	2	11	91	11	98	5.90e-22	74.7
A140/199	A162/1-99	36.364	88	55	1	12	99	13	99	1.22e-21	73.9
A140/199	A114/1-98	43.182	88	49	1	2	89	2	88	2.99e-21	72.8
A140/199	A66/1-97	42.222	90	50	1	10	99	10	97	4.98e-21	72.4
A140/199	A125/1-98	46.591	88	46	1	2	89	2	88	5.43e-21	72.0
A140/199	A24/1-98	39.394	99	59	1	1	99	1	98	5.61e-21	72.0
A140/199	A137/1-98	40.816	98	55	3	3	99	3	98	8.76e-21	71.6
A140/199	A53/1-99	36.667	90	57	0	2	91	2	91	3.45e-20	70.1
A140/199	A163/1-98	42.857	84	47	1	2	85	2	84	3.97e-20	70.1
A140/199	A95/1-97	45.349	86	41	3	5	86	2	85	7.15e-20	69.3
A140/199	A48/1-98	36.735	98	61	1	1	98	1	97	9.80e-20	68.9
A140/199	A89/1-96	40.476	84	47	1	1	84	1	81	1.78e-19	68.2
A140/199	A44/1-97	38.824	85	50	1	11	95	11	93	2.81e-19	67.8
A140/199	A113/1-96	40.964	83	47	1	2	84	2	82	3.98e-19	67.4
A140/199	A28/1-100	42.857	84	47	1	2	84	2	85	4.48e-19	67.4
A140/199	A122/1-96	44.000	75	39	1	11	85	11	82	6.01e-19	67.0
A140/199	A6/1-97	45.882	85	44	2	2	86	2	84	6.35e-19	67.0
A140/199	A152/1-99	37.500	88	55	0	2	89	2	89	6.85e-19	66.6
A140/199	A69/1-97	41.333	75	42	1	13	87	14	86	7.88e-19	66.6
A140/199	A62/1-96	45.349	86	45	1	1	86	1	84	8.69e-19	66.6
A140/199	A73/1-97	41.860	86	44	2	5	86	2	85	9.18e-19	66.6
A140/199	A84/1-97	45.349	86	41	2	5	86	2	85	9.59e-19	66.6
A140/199	A13/1-103	40.860	93	51	1	1	89	1	93	1.51e-18	65.9
A140/199	A97/1-99	38.947	95	55	1	5	96	2	96	1.55e-18	65.9
A140/199	A157/1-97	40.698	86	48	2	13	98	14	96	1.78e-18	65.9
A140/199	A155/1-98	37.647	85	52	1	1	85	1	84	1.86e-18	65.9
A140/199	A23/1-98	38.000	100	59	2	1	99	1	98	1.92e-18	65.9
A140/199	A9/1-95	43.590	78	37	2	20	95	20	92	2.05e-18	65.5
A140/199	A19/1-97	38.667	75	44	1	12	86	13	85	2.21e-18	65.5
A140/199	A78/1-96	39.286	84	48	1	2	85	2	82	2.44e-18	65.5
A140/199	A3/1-98	42.857	84	47	1	2	85	2	84	3.13e-18	65.1
A140/199	A124/1-97	42.667	75	41	1	11	85	12	84	3.16e-18	65.1
A140/199	A49/1-100	35.227	88	56	1	3	89	3	90	4.62e-18	64.7
A140/199	A86/1-99	38.824	85	52	0	2	86	2	86	4.68e-18	64.7
A140/199	A117/1-97	40.698	86	48	2	2	86	2	85	6.83e-18	64.3
A140/199	A77/1-97	39.796	98	54	2	5	99	2	97	1.56e-17	63.2
A140/199	A105/1-97	41.860	86	44	3	5	86	2	85	1.81e-17	63.2
A140/199	A135/1-97	43.243	74	40	1	13	86	14	85	3.55e-17	62.4
A140/199	A67/1-95	39.286	84	45	2	4	84	1	81	3.63e-17	62.4
A140/199	A80/1-97	41.667	72	40	2	13	84	14	83	4.41e-17	62.0
A140/199	A51/1-96	38.824	85	50	1	2	86	2	84	5.30e-17	62.0
A140/199	A40/1-96	43.590	78	42	1	12	89	12	87	6.44e-17	61.6
A140/199	A17/1-103	40.426	94	50	2	2	90	2	94	8.92e-17	61.2
A140/199	A99/1-97	45.070	71	37	1	16	86	16	84	9.21e-17	61.2
A140/199	A33/1-97	39.474	76	44	1	12	87	13	86	9.21e-17	61.2
A140/199	A146/1-97	42.857	77	42	1	9	85	10	84	1.05e-16	61.2
A140/199	A154/1-97	37.838	74	44	1	13	86	13	84	1.12e-16	61.2
A140/199	A30/1-97	41.000	100	46	3	5	97	2	95	1.25e-16	60.8
A140/199	A91/1-97	39.286	84	48	3	2	84	2	83	1.39e-16	60.8
A140/199	A35/1-99	35.294	85	55	0	2	86	2	86	1.69e-16	60.8
A140/199	A45/1-98	41.860	86	45	2	2	85	2	84	2.31e-16	60.5
A140/199	A141/1-98	34.737	95	61	1	2	96	2	95	2.55e-16	60.1
A140/199	A108/1-99	31.765	85	58	0	2	86	2	86	2.87e-16	60.1
A140/199	A88/1-97	34.694	98	62	1	2	99	2	97	3.00e-16	60.1
A140/199	A150/1-96	43.421	76	41	1	11	86	11	84	4.62e-16	59.7
A140/199	A111/1-96	38.554	83	48	1	2	84	2	81	5.15e-16	59.3
A140/199	A31/1-95	34.831	89	52	3	12	99	12	95	5.44e-16	59.3
A140/199	A121/1-97	40.244	82	42	2	10	86	5	84	5.62e-16	59.3
A140/199	A42/1-104	35.484	93	55	1	12	99	12	104	5.74e-16	59.3
A140/199	A47/1-96	37.209	86	48	2	4	85	1	84	6.90e-16	59.3
A140/199	A143/1-97	42.353	85	44	3	5	86	2	84	7.28e-16	58.9
A140/199	A75/1-99	35.294	85	55	0	2	86	2	86	8.47e-16	58.9
A140/199	A159/1-98	31.633	98	66	1	2	99	2	98	9.86e-16	58.9
A140/199	A144/1-96	38.824	85	48	2	12	95	12	93	1.15e-15	58.5
A140/199	A5/1-98	41.026	78	42	2	12	87	12	87	1.15e-15	58.5
A140/199	A16/1-97	37.931	87	52	1	1	87	1	85	1.21e-15	58.5
A140/199	A128/1-97	39.535	86	49	2	2	86	2	85	1.44e-15	58.2
A140/199	A161/1-98	40.000	85	48	2	2	85	2	84	1.81e-15	58.2
A140/199	A110/1-97	33.673	98	63	1	2	99	2	97	1.97e-15	58.2
A140/199	A139/1-97	39.474	76	44	1	11	86	12	85	2.94e-15	57.4
A140/199	A130/1-99	38.158	76	47	0	11	86	11	86	3.61e-15	57.4
A140/199	A64/1-99	34.118	85	56	0	2	86	2	86	3.93e-15	57.4
A140/199	A55/1-97	39.189	74	43	1	13	86	13	84	4.24e-15	57.0
A140/199	A26/1-97	36.986	73	44	1	13	85	14	84	6.60e-15	56.6
A140/199	A100/1-96	34.940	83	51	1	2	84	2	81	6.68e-15	56.6
A140/199	A132/1-97	37.333	75	45	2	12	86	12	84	9.85e-15	56.2
A140/199	A37/1-96	38.961	77	44	1	11	87	11	84	1.15e-14	55.8
A140/199	A102/1-97	33.333	72	46	1	13	84	14	83	3.06e-14	55.1
A140/199	A14/1-100	39.286	84	50	1	2	84	2	85	4.05e-14	54.7
A140/199	A10/1-98	43.662	71	39	1	14	84	14	83	8.70e-14	53.9
A140/199	A2/1-97	40.789	76	43	1	11	86	11	84	1.09e-13	53.5
A140/199	A21/1-98	35.714	98	62	1	2	99	2	98	1.24e-13	53.5
A140/199	A38/1-98	39.759	83	46	2	5	84	2	83	4.10e-13	52.0
A140/199	A119/1-97	32.143	84	55	1	1	84	1	82	6.11e-13	51.6
A140/199	A7/1-97	32.558	86	57	1	2	87	2	86	1.59e-12	50.4
A140/199	A56/1-93	33.333	81	50	2	12	92	12	88	3.56e-12	49.7
A140/199	A133/1-95	38.356	73	40	2	14	85	14	82	5.07e-12	49.3
A140/199	A12/1-98	29.885	87	57	2	11	95	11	95	7.54e-12	48.9
A140/199	A166/1-99	35.802	81	49	2	16	95	17	95	7.95e-12	48.5
A141/198	A141/1-98	100.000	98	0	0	1	98	1	98	3.98e-72	201
A141/198	A97/1-99	43.878	98	54	1	2	98	2	99	1.80e-31	98.6
A141/198	A152/1-99	41.837	98	56	1	2	98	2	99	3.21e-31	98.2
A141/198	A159/1-98	46.939	98	52	0	1	98	1	98	8.16e-30	94.4
A141/198	A130/1-99	40.404	99	58	1	1	98	1	99	4.30e-29	92.8
A141/198	A75/1-99	43.878	98	54	1	2	98	2	99	1.72e-28	91.3
A141/198	A53/1-99	46.154	91	48	1	1	90	1	91	2.75e-28	90.5
A141/198	A42/1-104	45.098	102	48	3	1	95	1	101	3.87e-27	87.8
A141/198	A108/1-99	41.414	99	57	1	1	98	1	99	4.18e-27	87.8
A141/198	A64/1-99	47.191	89	46	1	1	88	1	89	2.22e-26	85.9
A141/198	A7/1-97	43.820	89	49	1	1	89	2	89	5.61e-26	84.7
A141/198	A86/1-99	44.681	94	51	1	2	94	2	95	8.32e-26	84.3
A141/198	A28/1-100	40.404	99	57	1	2	98	2	100	1.67e-24	80.9
A141/198	A119/1-97	42.045	88	50	1	2	89	2	88	2.64e-24	80.5
A141/198	A35/1-99	37.374	99	61	1	1	98	1	99	3.14e-24	80.5
A141/198	A14/1-100	41.000	100	57	1	1	98	1	100	3.36e-24	80.1
A141/198	A126/1-99	39.583	96	57	1	4	98	4	99	2.66e-23	78.2
A141/198	A155/1-98	38.144	97	60	0	2	98	2	98	2.11e-22	75.9
A141/198	A129/1-98	39.175	97	59	0	2	98	2	98	2.18e-22	75.9
A141/198	A107/1-98	39.796	98	59	0	1	98	1	98	2.63e-22	75.5
A141/198	A3/1-98	37.755	98	61	0	1	98	1	98	3.45e-22	75.1
A141/198	A96/1-98	42.268	97	56	0	2	98	2	98	3.60e-22	75.1
A141/198	A158/1-98	38.144	97	60	0	2	98	2	98	3.93e-22	75.1
A141/198	A118/1-98	40.206	97	58	0	2	98	2	98	5.16e-22	74.7
A141/198	A100/1-96	46.512	86	44	2	1	86	1	84	7.71e-22	74.3
A141/198	A55/1-97	40.000	95	56	1	2	96	2	95	2.03e-21	73.2
A141/198	A44/1-97	40.206	97	57	1	2	98	2	97	3.91e-21	72.4
A141/198	A115/1-99	41.414	99	54	2	1	98	4	99	6.51e-21	72.0
A141/198	A10/1-98	37.209	86	54	0	1	86	1	86	6.88e-21	72.0
A141/198	A147/1-98	37.755	98	61	0	1	98	1	98	6.95e-21	72.0
A141/198	A63/1-98	38.776	98	60	0	1	98	1	98	8.93e-21	71.6
A141/198	A82/1-99	40.404	99	55	2	1	98	4	99	1.01e-20	71.6
A141/198	A24/1-98	37.113	97	61	0	2	98	2	98	1.89e-20	70.9
A141/198	A89/1-96	40.816	98	54	2	2	98	2	96	1.91e-20	70.9
A141/198	A125/1-98	35.052	97	63	0	2	98	2	98	2.46e-20	70.5
A141/198	A21/1-98	44.898	98	53	1	1	98	2	98	2.48e-20	70.5
A141/198	A143/1-97	36.082	97	61	1	2	98	2	97	3.83e-20	70.1
A141/198	A81/1-98	37.113	97	61	0	2	98	2	98	4.14e-20	69.7
A141/198	A104/1-99	37.374	99	58	2	1	98	4	99	5.67e-20	69.7
A141/198	A93/1-99	38.384	99	57	2	1	98	4	99	6.32e-20	69.3
A141/198	A78/1-96	41.837	98	53	2	2	98	2	96	8.21e-20	68.9
A141/198	A148/1-102	44.706	85	41	2	2	83	5	86	1.12e-19	68.9
A141/198	A56/1-93	40.000	90	51	2	2	91	2	88	1.66e-19	68.2
A141/198	A52/1-98	36.634	101	58	2	1	98	1	98	1.81e-19	68.2
A141/198	A77/1-97	40.206	97	57	1	2	98	2	97	2.05e-19	68.2
A141/198	A111/1-96	38.384	99	57	2	1	98	1	96	2.33e-19	67.8
A141/198	A103/1-98	39.175	97	59	0	2	98	2	98	2.49e-19	67.8
A141/198	A67/1-95	41.860	86	42	2	2	84	2	82	4.28e-19	67.4
A141/198	A16/1-97	40.206	97	57	1	2	98	2	97	6.33e-19	67.0
A141/198	A60/1-99	39.759	83	47	1	1	83	4	83	9.99e-19	66.2
A141/198	A151/1-99	36.170	94	59	1	2	94	2	95	1.08e-18	66.2
A141/198	A74/1-98	37.755	98	61	0	1	98	1	98	1.53e-18	65.9
A141/198	A31/1-95	42.353	85	47	1	1	85	1	83	1.66e-18	65.9
A141/198	A113/1-96	33.333	93	61	1	2	94	2	93	2.14e-18	65.5
A141/198	A66/1-97	39.175	97	58	1	2	98	2	97	2.93e-18	65.1
A141/198	A144/1-96	38.710	93	55	1	2	94	2	92	3.23e-18	65.1
A141/198	A122/1-96	39.326	89	52	1	2	90	2	88	4.77e-18	64.7
A141/198	A62/1-96	38.144	97	58	2	2	98	2	96	5.55e-18	64.3
A141/198	A17/1-103	34.951	103	62	1	1	98	1	103	6.46e-18	64.3
A141/198	A30/1-97	34.021	97	63	1	2	98	2	97	9.14e-18	63.9
A141/198	A114/1-98	40.217	92	52	1	1	89	1	92	1.41e-17	63.5
A141/198	A71/1-99	38.554	83	48	1	1	83	4	83	1.81e-17	63.2
A141/198	A163/1-98	37.805	82	51	0	2	83	2	83	2.11e-17	63.2
A141/198	A88/1-97	36.082	97	61	1	2	98	2	97	2.13e-17	62.8
A141/198	A49/1-100	42.500	80	41	2	1	78	4	80	2.79e-17	62.8
A141/198	A41/1-98	35.052	97	63	0	2	98	2	98	3.58e-17	62.4
A141/198	A136/1-98	39.759	83	47	1	1	83	4	83	4.26e-17	62.0
A141/198	A69/1-97	40.000	85	49	2	2	85	2	85	5.18e-17	62.0
A141/198	A132/1-97	37.363	91	56	1	8	98	8	97	5.90e-17	62.0
A141/198	A20/1-102	34.066	91	56	1	2	88	2	92	6.09e-17	61.6
A141/198	A121/1-97	39.362	94	56	1	2	95	2	94	6.16e-17	61.6
A141/198	A137/1-98	38.554	83	47	2	1	83	4	82	6.72e-17	61.6
A141/198	A157/1-97	34.831	89	56	2	2	89	2	89	6.87e-17	61.6
A141/198	A92/1-98	36.364	88	56	0	2	89	2	89	6.94e-17	61.6
A141/198	A124/1-97	35.955	89	55	2	2	89	2	89	9.30e-17	61.2
A141/198	A162/1-99	41.892	74	43	0	10	83	11	84	1.07e-16	61.2
A141/198	A9/1-95	40.816	98	53	3	2	98	2	95	1.32e-16	60.8
A141/198	A51/1-96	37.647	85	52	1	2	86	2	85	1.63e-16	60.8
A141/198	A2/1-97	36.082	97	61	1	2	98	2	97	1.63e-16	60.8
A141/198	A34/1-97	36.458	96	60	1	1	96	1	95	1.80e-16	60.5
A141/198	A37/1-96	35.052	97	61	1	2	98	2	96	1.82e-16	60.5
A141/198	A140/1-99	34.737	95	61	1	2	95	2	96	2.46e-16	60.1
A141/198	A154/1-97	35.484	93	59	1	2	94	2	93	3.80e-16	59.7
A141/198	A48/1-98	34.737	95	62	0	2	96	2	96	4.72e-16	59.7
A141/198	A105/1-97	38.776	98	57	3	2	98	2	97	5.03e-16	59.3
A141/198	A85/1-98	32.990	97	65	0	2	98	2	98	6.32e-16	59.3
A141/198	A59/1-98	36.082	97	59	1	2	98	5	98	6.89e-16	58.9
A141/198	A5/1-98	38.636	88	53	1	2	88	2	89	6.96e-16	58.9
A141/198	A5/1-98	75.000	8	2	0	2	9	85	92	8.2	16.2
A141/198	A99/1-97	32.990	97	64	1	2	98	2	97	8.55e-16	58.9
A141/198	A47/1-96	44.048	84	42	3	1	83	4	83	1.41e-15	58.2
A141/198	A110/1-97	32.979	94	62	1	2	95	2	94	2.44e-15	57.8
A141/198	A95/1-97	39.326	89	52	2	2	89	2	89	2.55e-15	57.8
A141/198	A70/1-98	31.959	97	66	0	2	98	2	98	2.81e-15	57.4
A141/198	A38/1-98	32.941	85	57	0	2	86	2	86	3.45e-15	57.4
A141/198	A150/1-96	38.636	88	53	1	2	89	2	88	4.62e-15	57.0
A141/198	A12/1-98	35.556	90	55	2	2	89	2	90	4.62e-15	57.0
A141/198	A102/1-97	36.471	85	52	2	2	85	2	85	4.82e-15	57.0
A141/198	A33/1-97	35.106	94	59	2	2	94	2	94	6.67e-15	56.6
A141/198	A91/1-97	34.831	89	56	2	2	89	2	89	9.84e-15	56.2
A141/198	A80/1-97	36.905	84	51	2	2	84	2	84	1.28e-14	55.8
A141/198	A73/1-97	38.202	89	53	2	2	89	2	89	1.60e-14	55.5
A141/198	A58/1-97	40.698	86	49	2	2	86	2	86	1.73e-14	55.5
A141/198	A19/1-97	37.079	89	54	2	2	89	2	89	2.07e-14	55.5
A141/198	A13/1-103	33.333	93	57	1	2	89	2	94	4.22e-14	54.7
A141/198	A40/1-96	38.636	88	53	1	2	89	2	88	4.60e-14	54.3
A141/198	A45/1-98	35.354	99	56	2	2	96	2	96	7.98e-14	53.9
A141/198	A167/1-98	33.333	93	59	1	2	94	5	94	1.03e-13	53.5
A141/198	A84/1-97	35.955	89	55	2	2	89	2	89	2.08e-13	52.8
A141/198	A27/1-98	34.694	98	62	2	2	98	2	98	2.72e-13	52.4
A141/198	A117/1-97	35.714	98	60	3	2	98	2	97	9.91e-13	50.8
A141/198	A128/1-97	36.264	91	51	3	1	89	4	89	1.41e-12	50.4
A141/198	A26/1-97	35.714	98	60	3	2	98	2	97	2.20e-12	50.1
A141/198	A146/1-97	35.955	89	55	2	2	89	2	89	4.27e-12	49.3
A141/198	A139/1-97	34.615	78	50	1	8	85	9	85	4.96e-12	49.3
A141/198	A161/1-98	32.530	83	55	1	1	83	2	83	1.18e-11	48.1
A141/198	A6/1-97	32.941	85	56	1	1	85	1	84	1.25e-11	48.1
A141/198	A166/1-99	32.632	95	59	3	1	94	5	95	1.28e-11	48.1
A141/198	A133/1-95	33.721	86	53	2	2	86	2	84	1.63e-10	45.4
A141/198	A23/1-98	31.868	91	60	2	2	91	2	91	1.25e-09	43.1
A141/198	A135/1-97	31.325	83	56	1	1	83	2	83	3.32e-09	42.0
A143/197	A143/1-97	100.000	97	0	0	1	97	1	97	1.31e-72	202
A143/197	A66/1-97	52.577	97	46	0	1	97	1	97	5.98e-37	112
A143/197	A132/1-97	50.515	97	48	0	1	97	1	97	9.07e-37	112
A143/197	A77/1-97	50.515	97	48	0	1	97	1	97	1.14e-36	111
A143/197	A110/1-97	46.392	97	52	0	1	97	1	97	3.15e-35	108
A143/197	A121/1-97	52.577	97	46	0	1	97	1	97	3.63e-35	108
A143/197	A99/1-97	47.423	97	51	0	1	97	1	97	9.51e-35	107
A143/197	A88/1-97	44.330	97	54	0	1	97	1	97	3.68e-33	102
A143/197	A55/1-97	44.330	97	54	0	1	97	1	97	4.94e-33	102
A143/197	A154/1-97	42.268	97	56	0	1	97	1	97	5.54e-32	100
A143/197	A44/1-97	44.330	97	54	0	1	97	1	97	3.12e-31	98.2
A143/197	A139/1-97	51.042	96	45	2	1	95	1	95	4.26e-30	95.1
A143/197	A95/1-97	52.273	88	41	1	2	88	2	89	5.54e-30	94.7
A143/197	A128/1-97	53.409	88	40	1	2	88	2	89	6.45e-30	94.7
A143/197	A73/1-97	49.474	95	46	2	2	95	2	95	1.71e-28	91.3
A143/197	A84/1-97	50.526	95	45	2	2	95	2	95	4.73e-28	90.1
A143/197	A105/1-97	51.136	88	42	1	2	88	2	89	4.78e-28	90.1
A143/197	A62/1-96	48.913	92	46	1	2	93	2	92	3.38e-27	87.8
A143/197	A150/1-96	47.368	95	49	1	1	95	1	94	1.59e-26	86.3
A143/197	A130/1-99	45.918	98	51	1	2	97	2	99	3.17e-26	85.5
A143/197	A157/1-97	48.810	84	42	1	2	84	2	85	2.87e-25	82.8
A143/197	A19/1-97	45.455	88	47	1	2	88	2	89	3.03e-25	82.8
A143/197	A58/1-97	46.316	95	49	2	2	95	2	95	5.35e-25	82.4
A143/197	A80/1-97	44.211	95	51	2	2	95	2	95	1.03e-24	81.6
A143/197	A16/1-97	40.625	96	57	0	2	97	2	97	2.41e-24	80.5
A143/197	A117/1-97	45.455	88	47	1	2	88	2	89	5.23e-24	79.7
A143/197	A113/1-96	43.210	81	46	0	2	82	2	82	5.96e-24	79.7
A143/197	A91/1-97	43.158	95	52	2	2	95	2	95	1.41e-23	78.6
A143/197	A2/1-97	40.625	96	57	0	2	97	2	97	1.89e-23	78.2
A143/197	A26/1-97	39.535	86	51	1	2	86	2	87	2.00e-23	78.2
A143/197	A108/1-99	40.816	98	56	1	2	97	2	99	6.28e-23	77.0
A143/197	A37/1-96	37.234	94	58	1	2	95	2	94	6.56e-23	77.0
A143/197	A135/1-97	42.169	83	48	0	4	86	5	87	1.35e-22	76.3
A143/197	A51/1-96	41.489	94	54	1	2	95	2	94	2.04e-22	75.9
A143/197	A124/1-97	40.000	85	50	1	2	85	2	86	3.63e-22	75.1
A143/197	A89/1-96	40.625	96	56	1	2	97	2	96	3.67e-22	75.1
A143/197	A23/1-98	41.237	97	56	1	2	97	2	98	4.51e-22	74.7
A143/197	A100/1-96	38.542	96	58	1	2	97	2	96	6.12e-22	74.3
A143/197	A78/1-96	40.206	97	55	2	2	97	2	96	7.94e-22	74.3
A143/197	A111/1-96	39.362	94	56	1	2	95	2	94	8.95e-22	73.9
A143/197	A167/1-98	41.489	94	54	1	2	94	2	95	1.02e-21	73.9
A143/197	A30/1-97	38.542	96	59	0	2	97	2	97	1.05e-21	73.9
A143/197	A166/1-99	38.043	92	56	1	4	94	5	96	1.27e-21	73.6
A143/197	A69/1-97	44.048	84	46	1	2	84	2	85	1.45e-21	73.6
A143/197	A33/1-97	40.909	88	51	1	2	88	2	89	1.86e-21	73.2
A143/197	A102/1-97	36.170	94	59	1	2	94	2	95	2.26e-21	73.2
A143/197	A146/1-97	41.053	95	54	2	2	95	2	95	3.98e-21	72.4
A143/197	A35/1-99	41.837	98	55	2	2	97	2	99	1.41e-20	70.9
A143/197	A161/1-98	36.667	90	57	0	4	93	5	94	1.91e-20	70.9
A143/197	A86/1-99	37.755	98	59	1	2	97	2	99	1.91e-20	70.9
A143/197	A70/1-98	40.206	97	57	1	2	97	2	98	2.24e-20	70.5
A143/197	A141/1-98	36.082	97	61	1	2	97	2	98	3.70e-20	70.1
A143/197	A12/1-98	34.737	95	60	1	2	94	2	96	4.08e-20	69.7
A143/197	A47/1-96	38.462	91	55	1	2	91	2	92	6.10e-20	69.3
A143/197	A97/1-99	37.363	91	55	1	2	90	2	92	1.33e-19	68.6
A143/197	A5/1-98	36.364	99	60	2	1	97	1	98	1.91e-19	68.2
A143/197	A155/1-98	42.045	88	50	1	2	88	2	89	2.30e-19	67.8
A143/197	A122/1-96	36.082	97	59	2	2	97	2	96	6.66e-19	66.6
A143/197	A64/1-99	40.217	92	53	1	2	91	2	93	9.23e-19	66.2
A143/197	A63/1-98	39.362	94	56	1	2	94	2	95	9.75e-19	66.2
A143/197	A158/1-98	36.082	97	61	1	2	97	2	98	1.29e-18	65.9
A143/197	A81/1-98	38.947	95	57	1	2	95	2	96	1.35e-18	65.9
A143/197	A27/1-98	37.755	98	58	2	2	97	2	98	2.25e-18	65.5
A143/197	A13/1-103	38.235	102	57	1	2	97	2	103	3.59e-18	65.1
A143/197	A60/1-99	37.500	96	58	2	4	97	4	99	5.08e-18	64.7
A143/197	A125/1-98	36.735	98	61	1	1	97	1	98	5.42e-18	64.3
A143/197	A129/1-98	39.560	91	53	2	1	90	1	90	6.31e-18	64.3
A143/197	A107/1-98	38.636	88	53	1	2	88	2	89	6.37e-18	64.3
A143/197	A96/1-98	40.698	86	50	1	2	86	2	87	6.59e-18	64.3
A143/197	A40/1-96	38.298	94	57	1	2	95	2	94	7.18e-18	64.3
A143/197	A136/1-98	37.500	88	54	1	2	88	2	89	9.63e-18	63.9
A143/197	A42/1-104	40.777	103	54	3	2	97	2	104	2.47e-17	62.8
A143/197	A28/1-100	35.354	99	61	1	2	97	2	100	2.61e-17	62.8
A143/197	A56/1-93	39.326	89	52	2	1	89	1	87	2.76e-17	62.8
A143/197	A119/1-97	31.250	96	66	0	2	97	2	97	3.54e-17	62.4
A143/197	A53/1-99	36.957	92	56	1	2	91	2	93	4.35e-17	62.0
A143/197	A24/1-98	35.052	97	62	1	2	97	2	98	7.55e-17	61.6
A143/197	A14/1-100	39.394	99	57	1	2	97	2	100	7.80e-17	61.6
A143/197	A152/1-99	40.230	87	50	1	1	85	1	87	8.24e-17	61.2
A143/197	A103/1-98	33.684	95	62	1	2	95	2	96	9.18e-17	61.2
A143/197	A52/1-98	35.227	88	56	1	2	88	2	89	1.39e-16	60.8
A143/197	A59/1-98	38.144	97	59	1	2	97	2	98	1.72e-16	60.5
A143/197	A75/1-99	32.967	91	59	1	2	90	2	92	1.84e-16	60.5
A143/197	A41/1-98	35.052	97	62	1	2	97	2	98	2.05e-16	60.5
A143/197	A144/1-96	36.082	97	59	2	2	97	2	96	2.38e-16	60.1
A143/197	A34/1-97	37.234	94	59	0	2	95	2	95	2.51e-16	60.1
A143/197	A20/1-102	34.737	95	56	2	2	91	2	95	3.67e-16	59.7
A143/197	A118/1-98	35.052	97	61	2	2	97	2	97	4.00e-16	59.7
A143/197	A10/1-98	36.047	86	54	1	2	86	2	87	4.00e-16	59.7
A143/197	A159/1-98	32.990	97	64	1	2	97	2	98	4.09e-16	59.7
A143/197	A140/1-99	42.353	85	44	3	2	84	5	86	6.81e-16	58.9
A143/197	A163/1-98	34.884	86	55	1	2	86	2	87	1.21e-15	58.5
A143/197	A115/1-99	37.500	96	58	2	4	97	4	99	1.30e-15	58.5
A143/197	A137/1-98	35.484	93	60	0	4	96	4	96	1.82e-15	58.2
A143/197	A21/1-98	43.011	93	51	2	2	93	3	94	2.49e-15	57.8
A143/197	A67/1-95	33.333	96	62	2	2	97	2	95	2.55e-15	57.8
A143/197	A126/1-99	32.292	96	63	2	4	97	4	99	4.14e-15	57.0
A143/197	A162/1-99	33.333	87	57	1	12	97	13	99	6.45e-15	56.6
A143/197	A17/1-103	31.373	102	64	2	2	97	2	103	6.81e-15	56.6
A143/197	A45/1-98	37.500	88	54	1	2	88	2	89	9.02e-15	56.2
A143/197	A74/1-98	33.721	86	56	1	2	86	2	87	1.07e-14	55.8
A143/197	A92/1-98	31.959	97	65	1	2	97	2	98	1.10e-14	55.8
A143/197	A7/1-97	35.052	97	60	3	2	97	3	97	1.18e-14	55.8
A143/197	A133/1-95	35.714	98	57	3	2	97	2	95	1.50e-14	55.5
A143/197	A3/1-98	31.959	97	65	1	2	97	2	98	1.80e-14	55.5
A143/197	A82/1-99	41.489	94	53	2	4	95	4	97	2.36e-14	55.1
A143/197	A151/1-99	36.000	100	58	2	2	97	2	99	2.80e-14	55.1
A143/197	A93/1-99	37.755	98	56	3	2	97	5	99	3.02e-14	54.7
A143/197	A147/1-98	39.175	97	53	3	4	95	1	96	4.18e-14	54.3
A143/197	A114/1-98	32.990	97	64	1	2	97	2	98	4.55e-14	54.3
A143/197	A31/1-95	36.471	85	53	1	2	86	2	85	6.86e-14	53.9
A143/197	A148/1-102	34.483	87	45	2	5	83	5	87	1.00e-13	53.5
A143/197	A9/1-95	35.417	96	57	4	5	97	2	95	1.19e-13	53.1
A143/197	A85/1-98	34.884	86	55	1	2	86	2	87	4.28e-13	52.0
A143/197	A71/1-99	35.556	90	54	2	2	90	5	91	2.34e-12	50.1
A143/197	A104/1-99	35.714	98	58	3	2	97	5	99	3.10e-12	49.7
A143/197	A6/1-97	34.118	85	54	2	2	85	2	85	2.98e-11	47.0
A143/197	A48/1-98	28.421	95	67	1	2	95	2	96	6.94e-11	46.2
A143/197	A49/1-100	27.957	93	64	1	4	93	4	96	8.71e-10	43.5
A143/197	A38/1-98	26.804	97	70	1	2	97	2	98	3.32e-08	39.3
A144/196	A144/1-96	100.000	96	0	0	1	96	1	96	2.85e-71	199
A144/196	A67/1-95	50.526	95	46	1	2	96	2	95	5.79e-31	97.4
A144/196	A78/1-96	43.750	96	54	0	1	96	1	96	2.45e-30	95.9
A144/196	A122/1-96	48.958	96	49	0	1	96	1	96	2.73e-30	95.5
A144/196	A100/1-96	44.211	95	53	0	2	96	2	96	1.31e-27	89.0
A144/196	A111/1-96	43.158	95	54	0	2	96	2	96	1.39e-27	89.0
A144/196	A155/1-98	44.330	97	52	1	2	96	2	98	1.73e-27	88.6
A144/196	A89/1-96	40.000	95	57	0	2	96	2	96	8.24e-26	84.3
A144/196	A133/1-95	47.619	84	44	0	2	85	2	85	3.05e-25	82.8
A144/196	A60/1-99	40.625	96	54	2	4	96	4	99	3.67e-25	82.8
A144/196	A108/1-99	41.837	98	54	1	2	96	2	99	8.51e-25	81.6
A144/196	A45/1-98	45.556	90	47	1	1	88	1	90	9.49e-25	81.6
A144/196	A53/1-99	45.556	90	46	1	2	88	2	91	1.99e-24	80.9
A144/196	A163/1-98	42.268	97	54	1	1	95	1	97	8.14e-24	79.3
A144/196	A63/1-98	44.330	97	52	1	2	96	2	98	1.18e-23	79.0
A144/196	A162/1-99	43.820	89	48	1	10	96	11	99	2.15e-23	78.2
A144/196	A42/1-104	43.689	103	50	2	2	96	2	104	2.20e-23	78.2
A144/196	A35/1-99	41.837	98	54	1	2	96	2	99	5.92e-23	77.0
A144/196	A96/1-98	41.573	89	50	1	2	88	2	90	7.69e-23	76.6
A144/196	A64/1-99	45.977	87	44	2	2	85	2	88	9.15e-23	76.6
A144/196	A130/1-99	38.776	98	57	1	2	96	2	99	6.50e-22	74.3
A144/196	A152/1-99	44.211	95	48	2	2	92	2	95	8.09e-22	74.3
A144/196	A31/1-95	42.857	84	48	0	2	85	2	85	1.57e-21	73.6
A144/196	A14/1-100	41.053	95	52	1	2	92	2	96	1.62e-21	73.6
A144/196	A118/1-98	42.045	88	49	1	2	87	2	89	1.75e-21	73.2
A144/196	A104/1-99	39.583	96	55	2	4	96	4	99	1.85e-21	73.2
A144/196	A28/1-100	37.000	100	59	1	1	96	1	100	1.93e-21	73.2
A144/196	A38/1-98	40.816	98	55	2	1	96	1	97	2.56e-21	72.8
A144/196	A82/1-99	39.583	96	55	2	4	96	4	99	2.74e-21	72.8
A144/196	A126/1-99	39.130	92	53	2	4	92	4	95	4.57e-21	72.4
A144/196	A115/1-99	38.542	96	56	2	4	96	4	99	6.47e-21	72.0
A144/196	A75/1-99	40.909	88	49	1	1	85	1	88	6.83e-21	71.6
A144/196	A74/1-98	42.529	87	46	2	2	85	2	87	1.63e-20	70.9
A144/196	A13/1-103	38.710	93	50	1	2	87	2	94	2.39e-20	70.5
A144/196	A159/1-98	38.144	97	58	1	2	96	2	98	2.44e-20	70.5
A144/196	A86/1-99	36.364	99	60	1	1	96	1	99	2.60e-20	70.5
A144/196	A119/1-97	36.458	96	60	1	2	96	2	97	4.29e-20	69.7
A144/196	A48/1-98	40.698	86	49	1	2	85	2	87	5.52e-20	69.3
A144/196	A49/1-100	36.842	95	56	1	4	94	4	98	9.00e-20	68.9
A144/196	A167/1-98	38.372	86	51	1	1	84	1	86	1.01e-19	68.9
A144/196	A3/1-98	39.326	89	52	1	2	88	2	90	1.53e-19	68.2
A144/196	A17/1-103	38.235	102	56	2	2	96	2	103	1.88e-19	68.2
A144/196	A16/1-97	35.417	96	61	1	2	96	2	97	3.46e-19	67.4
A144/196	A151/1-99	37.755	98	58	1	2	96	2	99	5.07e-19	67.0
A144/196	A121/1-97	36.458	96	60	1	2	96	2	97	6.72e-19	66.6
A144/196	A85/1-98	41.379	87	47	2	2	85	2	87	1.21e-18	66.2
A144/196	A41/1-98	36.735	98	57	2	1	96	4	98	1.58e-18	65.9
A144/196	A147/1-98	36.170	94	58	1	2	93	2	95	1.77e-18	65.5
A144/196	A97/1-99	40.230	87	49	2	1	84	1	87	2.22e-18	65.5
A144/196	A34/1-97	43.023	86	46	2	2	85	2	86	2.50e-18	65.1
A144/196	A141/1-98	38.710	93	55	1	2	92	2	94	3.01e-18	65.1
A144/196	A107/1-98	42.697	89	47	2	2	87	2	89	3.04e-18	65.1
A144/196	A93/1-99	38.542	96	56	2	4	96	4	99	3.21e-18	65.1
A144/196	A19/1-97	35.556	90	56	2	1	88	1	90	5.23e-18	64.3
A144/196	A81/1-98	40.698	86	49	1	2	85	2	87	7.01e-18	63.9
A144/196	A51/1-96	34.884	86	55	1	1	85	1	86	8.25e-18	63.9
A144/196	A158/1-98	35.789	95	57	2	2	93	2	95	8.71e-18	63.9
A144/196	A150/1-96	37.500	88	54	1	2	88	2	89	8.71e-18	63.9
A144/196	A103/1-98	33.673	98	63	1	1	96	1	98	1.03e-17	63.5
A144/196	A59/1-98	43.023	86	44	2	2	85	5	87	1.18e-17	63.5
A144/196	A10/1-98	41.489	94	53	2	2	93	2	95	1.21e-17	63.5
A144/196	A137/1-98	36.559	93	56	2	4	94	4	95	1.32e-17	63.5
A144/196	A71/1-99	37.234	94	53	2	4	91	4	97	3.31e-17	62.4
A144/196	A40/1-96	38.889	90	52	2	1	88	1	89	3.42e-17	62.4
A144/196	A52/1-98	40.000	90	49	2	4	88	1	90	4.43e-17	62.0
A144/196	A148/1-102	40.244	82	44	2	5	81	5	86	6.41e-17	61.6
A144/196	A44/1-97	34.375	96	62	1	2	96	2	97	6.69e-17	61.6
A144/196	A56/1-93	38.372	86	52	1	2	87	2	86	7.14e-17	61.6
A144/196	A2/1-97	39.175	97	56	2	2	96	2	97	1.02e-16	61.2
A144/196	A27/1-98	36.735	98	58	2	2	96	2	98	1.14e-16	60.8
A144/196	A143/1-97	36.082	97	59	2	2	96	2	97	2.30e-16	60.1
A144/196	A124/1-97	37.209	86	52	2	1	84	1	86	3.47e-16	59.7
A144/196	A135/1-97	35.789	95	56	3	1	94	4	94	3.59e-16	59.7
A144/196	A66/1-97	39.130	92	55	1	2	92	2	93	3.91e-16	59.7
A144/196	A58/1-97	41.667	84	46	2	2	84	5	86	3.91e-16	59.7
A144/196	A77/1-97	35.870	92	58	1	2	92	2	93	4.75e-16	59.3
A144/196	A114/1-98	39.024	82	48	1	2	81	2	83	5.41e-16	59.3
A144/196	A69/1-97	39.506	81	46	2	2	81	5	83	5.41e-16	59.3
A144/196	A9/1-95	36.047	86	55	0	2	87	2	87	6.10e-16	59.3
A144/196	A99/1-97	33.696	92	60	1	2	92	2	93	6.23e-16	59.3
A144/196	A92/1-98	37.349	83	50	1	1	81	1	83	6.79e-16	58.9
A144/196	A166/1-99	39.759	83	48	1	15	95	16	98	7.49e-16	58.9
A144/196	A129/1-98	37.895	95	54	2	2	91	2	96	7.74e-16	58.9
A144/196	A110/1-97	33.333	96	63	1	2	96	2	97	9.10e-16	58.5
A144/196	A26/1-97	34.483	87	55	2	1	85	1	87	9.50e-16	58.5
A144/196	A140/1-99	38.824	85	48	2	12	93	12	95	1.04e-15	58.5
A144/196	A136/1-98	32.955	88	57	1	2	87	2	89	1.22e-15	58.5
A144/196	A30/1-97	40.244	82	48	1	1	81	1	82	1.45e-15	58.2
A144/196	A84/1-97	35.556	90	56	2	1	88	1	90	1.51e-15	58.2
A144/196	A62/1-96	34.091	88	57	1	2	88	2	89	1.60e-15	58.2
A144/196	A113/1-96	30.928	97	64	2	1	96	1	95	1.67e-15	58.2
A144/196	A20/1-102	34.884	86	50	1	2	81	2	87	1.72e-15	58.2
A144/196	A125/1-98	32.979	94	61	1	2	93	2	95	1.76e-15	58.2
A144/196	A73/1-97	34.444	90	57	2	1	88	1	90	2.41e-15	57.8
A144/196	A146/1-97	36.667	90	54	2	8	96	9	96	3.71e-15	57.0
A144/196	A105/1-97	35.556	90	56	2	1	88	1	90	3.79e-15	57.0
A144/196	A24/1-98	32.990	97	63	1	2	96	2	98	4.18e-15	57.0
A144/196	A47/1-96	37.209	86	52	2	2	85	2	87	4.51e-15	57.0
A144/196	A12/1-98	34.375	96	60	2	1	93	1	96	5.97e-15	56.6
A144/196	A128/1-97	31.915	94	62	2	1	92	1	94	9.61e-15	56.2
A144/196	A132/1-97	36.782	87	54	1	2	87	2	88	1.08e-14	55.8
A144/196	A70/1-98	35.227	88	55	1	2	87	2	89	1.98e-14	55.5
A144/196	A5/1-98	35.632	87	53	1	2	85	2	88	2.11e-14	55.1
A144/196	A88/1-97	29.167	96	67	1	2	96	2	97	4.65e-14	54.3
A144/196	A37/1-96	33.735	83	51	2	1	81	1	81	1.04e-13	53.5
A144/196	A55/1-97	34.783	92	59	1	2	92	2	93	1.07e-13	53.5
A144/196	A33/1-97	29.787	94	62	3	2	92	2	94	1.32e-13	53.1
A144/196	A95/1-97	34.021	97	61	3	1	95	1	96	1.43e-13	53.1
A144/196	A23/1-98	31.395	86	58	1	12	96	13	98	2.34e-13	52.4
A144/196	A154/1-97	30.208	96	66	1	2	96	2	97	2.87e-13	52.4
A144/196	A157/1-97	34.568	81	50	2	2	81	5	83	4.06e-13	52.0
A144/196	A117/1-97	30.435	92	62	2	1	90	1	92	4.10e-13	52.0
A144/196	A91/1-97	34.483	87	51	3	1	83	1	85	4.19e-13	52.0
A144/196	A102/1-97	29.032	93	63	2	2	93	5	95	5.98e-13	51.6
A144/196	A80/1-97	33.735	83	52	2	2	83	5	85	7.82e-13	51.2
A144/196	A7/1-97	34.091	88	55	2	2	87	3	89	2.34e-12	50.1
A144/196	A161/1-98	34.524	84	54	1	3	85	4	87	2.58e-12	49.7
A144/196	A21/1-98	38.144	97	57	2	2	96	3	98	3.76e-12	49.3
A144/196	A6/1-97	37.805	82	48	2	2	81	2	82	2.89e-11	47.0
A144/196	A139/1-97	33.803	71	44	2	20	88	21	90	3.16e-09	42.0
A146/197	A146/1-97	100.000	97	0	0	1	97	1	97	8.81e-71	197
A146/197	A80/1-97	50.515	97	48	0	1	97	1	97	9.24e-36	109
A146/197	A58/1-97	51.546	97	47	0	1	97	1	97	3.40e-35	108
A146/197	A91/1-97	50.515	97	48	0	1	97	1	97	2.97e-34	105
A146/197	A73/1-97	52.632	95	45	0	1	95	1	95	6.46e-34	104
A146/197	A135/1-97	52.083	96	46	0	2	97	2	97	1.45e-33	103
A146/197	A102/1-97	47.423	97	51	0	1	97	1	97	3.16e-33	103
A146/197	A84/1-97	45.361	97	53	0	1	97	1	97	7.33e-33	102
A146/197	A33/1-97	46.875	96	51	0	2	97	2	97	8.17e-33	102
A146/197	A117/1-97	48.421	95	49	0	1	95	1	95	3.24e-32	100
A146/197	A95/1-97	45.361	97	53	0	1	97	1	97	6.90e-32	99.8
A146/197	A124/1-97	49.451	91	46	0	1	91	1	91	1.22e-31	99.0
A146/197	A113/1-96	48.454	97	49	1	1	97	1	96	3.56e-31	97.8
A146/197	A105/1-97	45.263	95	52	0	1	95	1	95	6.31e-30	94.7
A146/197	A19/1-97	44.330	97	54	0	1	97	1	97	2.19e-29	93.6
A146/197	A69/1-97	43.750	96	54	0	2	97	2	97	2.13e-28	90.9
A146/197	A128/1-97	43.299	97	55	0	1	97	1	97	3.72e-28	90.1
A146/197	A26/1-97	42.268	97	56	0	1	97	1	97	1.26e-27	89.0
A146/197	A47/1-96	44.211	95	53	0	2	96	2	96	1.72e-27	88.6
A146/197	A166/1-99	44.211	95	52	1	1	94	1	95	2.09e-26	85.9
A146/197	A139/1-97	40.000	95	57	0	2	96	2	96	4.74e-26	85.1
A146/197	A161/1-98	43.820	89	50	0	2	90	2	90	1.80e-25	83.6
A146/197	A150/1-96	43.750	96	53	1	2	97	2	96	3.31e-25	82.8
A146/197	A157/1-97	42.222	90	52	0	1	90	1	90	8.01e-25	81.6
A146/197	A37/1-96	43.750	96	51	3	1	95	1	94	5.28e-24	79.7
A146/197	A40/1-96	40.625	96	56	1	1	96	1	95	7.25e-24	79.3
A146/197	A44/1-97	42.105	95	53	2	2	95	2	95	8.26e-24	79.3
A146/197	A51/1-96	38.144	97	59	1	1	97	1	96	1.98e-23	78.2
A146/197	A62/1-96	41.304	92	53	1	2	93	2	92	2.06e-23	78.2
A146/197	A23/1-98	41.111	90	53	0	2	91	2	91	4.29e-23	77.4
A146/197	A121/1-97	47.191	89	46	1	2	90	2	89	4.94e-23	77.4
A146/197	A30/1-97	39.759	83	49	1	1	83	1	82	3.71e-22	75.1
A146/197	A16/1-97	41.573	89	51	1	2	90	2	89	8.95e-22	73.9
A146/197	A118/1-98	41.489	94	53	2	2	94	2	94	2.93e-21	72.8
A146/197	A143/1-97	41.053	95	54	2	2	95	2	95	3.98e-21	72.4
A146/197	A9/1-95	35.106	94	59	2	2	95	2	93	4.58e-21	72.4
A146/197	A107/1-98	42.697	89	49	2	2	89	2	89	8.25e-21	71.6
A146/197	A74/1-98	38.710	93	55	2	2	93	2	93	2.01e-20	70.5
A146/197	A63/1-98	42.857	91	50	2	2	91	2	91	3.14e-20	70.1
A146/197	A41/1-98	40.659	91	52	2	8	96	7	97	5.41e-20	69.7
A146/197	A66/1-97	38.202	89	54	1	2	90	2	89	1.89e-19	68.2
A146/197	A163/1-98	40.698	86	50	1	7	91	6	91	2.11e-19	68.2
A146/197	A77/1-97	41.111	90	52	1	2	91	2	90	3.18e-19	67.4
A146/197	A99/1-97	40.449	89	52	1	2	90	2	89	3.22e-19	67.4
A146/197	A103/1-98	37.500	88	53	2	1	87	1	87	8.56e-19	66.6
A146/197	A96/1-98	40.230	87	50	2	2	87	2	87	8.74e-19	66.6
A146/197	A78/1-96	40.816	98	55	3	1	97	1	96	8.94e-19	66.6
A146/197	A5/1-98	37.000	100	56	3	2	97	2	98	1.35e-18	65.9
A146/197	A12/1-98	31.633	98	64	2	1	96	1	97	1.95e-18	65.5
A146/197	A151/1-99	38.542	96	56	2	2	95	2	96	3.08e-18	65.1
A146/197	A59/1-98	38.889	90	53	2	8	95	7	96	5.66e-18	64.3
A146/197	A154/1-97	35.556	90	57	1	2	91	2	90	7.03e-18	64.3
A146/197	A52/1-98	36.957	92	54	3	2	91	2	91	2.64e-17	62.8
A146/197	A110/1-97	35.366	82	53	0	9	90	8	89	3.86e-17	62.4
A146/197	A55/1-97	33.708	89	58	1	2	90	2	89	3.90e-17	62.4
A146/197	A92/1-98	37.209	86	52	2	2	86	2	86	4.07e-17	62.4
A146/197	A136/1-98	36.782	87	53	2	2	87	2	87	4.49e-17	62.0
A146/197	A27/1-98	38.202	89	51	3	11	96	10	97	4.49e-17	62.0
A146/197	A125/1-98	38.542	96	56	3	2	95	2	96	5.76e-17	62.0
A146/197	A64/1-99	37.500	88	52	2	2	87	2	88	6.08e-17	61.6
A146/197	A140/1-99	42.857	77	42	1	10	84	9	85	9.80e-17	61.2
A146/197	A158/1-98	38.542	96	56	3	2	95	2	96	1.28e-16	60.8
A146/197	A88/1-97	32.530	83	56	0	9	91	8	90	1.96e-16	60.5
A146/197	A70/1-98	39.583	96	55	3	2	95	2	96	1.96e-16	60.5
A146/197	A132/1-97	32.927	82	55	0	9	90	8	89	3.96e-16	59.7
A146/197	A86/1-99	35.354	99	60	3	1	96	1	98	4.51e-16	59.7
A146/197	A81/1-98	36.782	87	53	2	2	87	2	87	4.61e-16	59.7
A146/197	A67/1-95	32.955	88	58	1	9	96	8	94	6.17e-16	59.3
A146/197	A167/1-98	36.047	86	53	2	1	85	1	85	6.81e-16	58.9
A146/197	A85/1-98	35.443	79	50	1	10	87	9	87	8.01e-16	58.9
A146/197	A115/1-99	39.785	93	53	3	7	96	6	98	1.33e-15	58.2
A146/197	A152/1-99	36.264	91	55	2	2	90	2	91	2.96e-15	57.4
A146/197	A2/1-97	35.052	97	61	2	2	97	2	97	3.06e-15	57.4
A146/197	A42/1-104	34.737	95	54	3	2	89	2	95	3.52e-15	57.4
A146/197	A144/1-96	36.667	90	54	2	9	96	8	96	3.84e-15	57.0
A146/197	A14/1-100	38.043	92	53	2	2	90	2	92	3.92e-15	57.0
A146/197	A53/1-99	35.227	88	54	2	2	87	2	88	5.09e-15	57.0
A146/197	A147/1-98	41.111	90	51	2	10	97	9	98	5.55e-15	56.6
A146/197	A162/1-99	37.662	77	47	1	11	86	11	87	6.59e-15	56.6
A146/197	A89/1-96	39.560	91	53	2	7	96	6	95	7.27e-15	56.6
A146/197	A122/1-96	41.250	80	44	2	11	89	10	87	1.03e-14	56.2
A146/197	A97/1-99	31.818	88	57	2	1	86	1	87	1.25e-14	55.8
A146/197	A56/1-93	39.773	88	50	3	2	89	2	86	2.38e-14	55.1
A146/197	A100/1-96	35.870	92	57	2	7	97	6	96	2.65e-14	55.1
A146/197	A119/1-97	36.082	97	60	2	2	97	2	97	2.77e-14	55.1
A146/197	A34/1-97	38.542	96	55	4	2	95	2	95	3.12e-14	54.7
A146/197	A60/1-99	37.778	90	54	2	7	94	6	95	3.15e-14	54.7
A146/197	A126/1-99	36.145	83	51	2	9	89	8	90	3.29e-14	54.7
A146/197	A35/1-99	32.609	92	59	2	2	91	2	92	3.79e-14	54.7
A146/197	A129/1-98	33.735	83	53	2	2	83	2	83	5.53e-14	54.3
A146/197	A13/1-103	33.333	96	57	2	2	91	2	96	1.24e-13	53.1
A146/197	A3/1-98	34.118	85	55	1	9	92	8	92	1.91e-13	52.8
A146/197	A48/1-98	30.769	78	53	1	11	87	10	87	2.64e-13	52.4
A146/197	A6/1-97	38.961	77	45	2	11	86	10	85	3.00e-13	52.4
A146/197	A111/1-96	31.522	92	61	2	7	97	6	96	3.64e-13	52.0
A146/197	A133/1-95	32.609	92	60	2	2	93	2	91	3.76e-13	52.0
A146/197	A31/1-95	35.106	94	55	3	2	93	2	91	4.98e-13	51.6
A146/197	A108/1-99	32.955	88	56	2	2	87	2	88	5.67e-13	51.6
A146/197	A75/1-99	34.831	89	55	2	1	87	1	88	6.17e-13	51.6
A146/197	A28/1-100	35.556	90	54	2	1	87	1	89	6.80e-13	51.2
A146/197	A155/1-98	34.091	88	55	2	5	90	4	90	7.03e-13	51.2
A146/197	A17/1-103	37.647	85	47	3	9	87	8	92	7.10e-13	51.2
A146/197	A93/1-99	39.080	87	50	3	14	97	13	99	9.19e-13	51.2
A146/197	A24/1-98	36.250	80	50	1	9	87	8	87	2.10e-12	50.1
A146/197	A71/1-99	34.211	76	49	1	13	87	12	87	3.20e-12	49.7
A146/197	A159/1-98	32.500	80	53	1	11	89	10	89	3.41e-12	49.7
A146/197	A130/1-99	33.333	90	57	2	2	89	2	90	3.60e-12	49.7
A146/197	A10/1-98	35.211	71	45	1	18	87	17	87	4.01e-12	49.3
A146/197	A141/1-98	35.955	89	55	2	2	89	2	89	4.14e-12	49.3
A146/197	A82/1-99	39.241	79	46	2	14	90	13	91	6.03e-12	48.9
A146/197	A45/1-98	36.145	83	52	1	9	90	8	90	1.62e-11	47.8
A146/197	A7/1-97	34.043	94	57	3	2	93	3	93	1.82e-11	47.8
A146/197	A114/1-98	30.233	86	58	2	2	86	2	86	2.85e-11	47.4
A146/197	A137/1-98	35.714	84	51	3	13	94	12	94	4.67e-11	46.6
A146/197	A20/1-102	34.409	93	55	3	11	97	10	102	4.92e-11	46.6
A146/197	A104/1-99	32.184	87	57	2	10	94	9	95	2.97e-10	44.7
A146/197	A38/1-98	27.083	96	68	2	1	95	1	95	5.09e-09	41.2
A146/197	A148/1-102	33.333	87	52	3	4	84	1	87	5.96e-09	41.2
A146/197	A49/1-100	27.907	86	59	1	7	89	6	91	1.63e-08	40.0
A146/197	A21/1-98	31.395	86	58	1	10	94	9	94	6.66e-08	38.5
A147/198	A147/1-98	100.000	98	0	0	1	98	1	98	1.82e-73	204
A147/198	A136/1-98	50.526	95	47	0	2	96	2	96	3.94e-35	107
A147/198	A20/1-102	48.515	101	48	1	2	98	2	102	1.49e-33	103
A147/198	A103/1-98	47.423	97	51	0	2	98	2	98	1.05e-32	102
A147/198	A59/1-98	47.423	97	51	0	2	98	2	98	7.83e-32	99.8
A147/198	A114/1-98	44.898	98	54	0	1	98	1	98	1.35e-31	99.0
A147/198	A81/1-98	47.423	97	51	0	2	98	2	98	1.65e-31	99.0
A147/198	A63/1-98	42.857	98	56	0	1	98	1	98	3.31e-29	92.8
A147/198	A125/1-98	45.263	95	52	0	2	96	2	96	3.65e-29	92.8
A147/198	A118/1-98	46.392	97	52	0	2	98	2	98	4.25e-29	92.8
A147/198	A48/1-98	46.875	96	51	0	2	97	2	97	5.52e-29	92.4
A147/198	A158/1-98	44.330	97	54	0	2	98	2	98	6.23e-29	92.4
A147/198	A92/1-98	45.361	97	53	0	2	98	2	98	8.74e-29	92.0
A147/198	A70/1-98	45.361	97	53	0	2	98	2	98	1.27e-28	91.7
A147/198	A34/1-97	46.875	96	50	1	1	96	1	95	1.48e-28	91.3
A147/198	A28/1-100	41.414	99	56	1	2	98	2	100	9.68e-27	86.7
A147/198	A52/1-98	40.816	98	58	0	1	98	1	98	2.03e-26	85.9
A147/198	A6/1-97	45.918	98	52	1	1	98	1	97	3.32e-26	85.5
A147/198	A162/1-99	42.697	89	51	0	10	98	11	99	6.33e-26	84.7
A147/198	A74/1-98	45.055	91	50	0	1	91	1	91	6.47e-26	84.7
A147/198	A82/1-99	44.444	99	54	1	1	98	1	99	1.03e-25	84.0
A147/198	A107/1-98	42.857	91	52	0	1	91	1	91	1.12e-25	84.0
A147/198	A60/1-99	41.414	99	57	1	1	98	1	99	1.50e-25	83.6
A147/198	A96/1-98	45.556	90	49	0	2	91	2	91	2.10e-25	83.2
A147/198	A85/1-98	44.444	90	50	0	2	91	2	91	8.68e-25	81.6
A147/198	A3/1-98	46.000	100	50	2	1	98	1	98	8.68e-25	81.6
A147/198	A41/1-98	42.268	97	56	0	2	98	2	98	8.87e-25	81.6
A147/198	A140/1-99	45.745	94	50	1	2	94	2	95	8.97e-25	81.6
A147/198	A104/1-99	42.424	99	56	1	1	98	1	99	1.84e-24	80.9
A147/198	A13/1-103	37.255	102	59	1	2	98	2	103	9.67e-24	79.0
A147/198	A13/1-103	70.000	10	3	0	1	10	91	100	2.0	18.1
A147/198	A129/1-98	42.222	90	52	0	2	91	2	91	1.33e-23	79.0
A147/198	A115/1-99	39.394	99	59	1	1	98	1	99	1.67e-23	78.6
A147/198	A53/1-99	42.857	91	51	1	1	90	1	91	1.72e-23	78.6
A147/198	A148/1-102	42.157	102	55	2	1	98	1	102	1.76e-23	78.6
A147/198	A100/1-96	43.000	100	51	2	1	98	1	96	2.01e-23	78.2
A147/198	A93/1-99	39.394	99	59	1	1	98	1	99	5.01e-23	77.4
A147/198	A137/1-98	40.404	99	57	2	1	98	1	98	8.46e-23	76.6
A147/198	A163/1-98	37.647	85	53	0	2	86	2	86	8.55e-23	76.6
A147/198	A78/1-96	37.113	97	59	1	2	98	2	96	3.64e-22	75.1
A147/198	A49/1-100	42.708	96	53	1	1	94	1	96	5.63e-22	74.7
A147/198	A151/1-99	42.553	94	53	1	2	94	2	95	2.01e-21	73.2
A147/198	A141/1-98	37.755	98	61	0	1	98	1	98	6.95e-21	72.0
A147/198	A167/1-98	36.082	97	62	0	2	98	2	98	1.24e-20	71.2
A147/198	A111/1-96	37.755	98	59	1	1	98	1	96	1.62e-20	70.9
A147/198	A67/1-95	38.542	96	56	2	2	97	2	94	3.40e-20	70.1
A147/198	A126/1-99	36.264	91	57	1	5	94	5	95	4.71e-20	69.7
A147/198	A35/1-99	35.354	99	63	1	1	98	1	99	5.49e-20	69.7
A147/198	A84/1-97	41.414	99	52	4	1	98	4	97	1.35e-19	68.6
A147/198	A27/1-98	34.694	98	62	2	2	98	2	98	2.60e-19	67.8
A147/198	A19/1-97	41.837	98	53	3	1	98	4	97	3.72e-19	67.4
A147/198	A66/1-97	37.647	85	52	1	13	97	13	96	4.67e-19	67.0
A147/198	A119/1-97	34.375	96	62	1	2	97	2	96	5.15e-19	67.0
A147/198	A89/1-96	37.113	97	59	1	2	98	2	96	7.06e-19	66.6
A147/198	A144/1-96	36.170	94	58	1	2	95	2	93	1.90e-18	65.5
A147/198	A159/1-98	35.955	89	57	0	1	89	1	89	2.09e-18	65.5
A147/198	A17/1-103	36.449	107	55	2	1	98	1	103	2.74e-18	65.1
A147/198	A122/1-96	37.374	99	54	2	2	97	2	95	3.56e-18	65.1
A147/198	A71/1-99	35.354	99	63	1	1	98	1	99	5.31e-18	64.3
A147/198	A14/1-100	38.000	100	60	1	1	98	1	100	9.24e-18	63.9
A147/198	A155/1-98	34.021	97	64	0	2	98	2	98	1.27e-17	63.5
A147/198	A31/1-95	39.175	97	56	2	1	97	1	94	3.43e-17	62.4
A147/198	A108/1-99	34.694	98	63	1	1	97	1	98	5.96e-17	62.0
A147/198	A152/1-99	32.222	90	60	1	2	90	2	91	6.79e-17	61.6
A147/198	A24/1-98	35.052	97	63	0	2	98	2	98	7.90e-17	61.6
A147/198	A110/1-97	33.684	95	58	2	2	94	2	93	9.00e-17	61.2
A147/198	A91/1-97	38.144	97	56	3	1	97	4	96	1.01e-16	61.2
A147/198	A58/1-97	37.755	98	58	3	2	98	2	97	3.37e-16	60.1
A147/198	A75/1-99	37.209	86	53	1	2	86	2	87	4.10e-16	59.7
A147/198	A88/1-97	37.895	95	54	2	2	94	2	93	4.67e-16	59.7
A147/198	A95/1-97	39.394	99	54	4	1	98	4	97	5.37e-16	59.3
A147/198	A69/1-97	38.095	84	49	2	1	84	4	84	5.67e-16	59.3
A147/198	A132/1-97	33.333	96	61	2	2	96	2	95	1.09e-15	58.5
A147/198	A86/1-99	31.959	97	65	1	2	97	2	98	1.60e-15	58.2
A147/198	A105/1-97	38.384	99	55	4	1	98	4	97	2.42e-15	57.8
A147/198	A128/1-97	36.000	100	56	4	1	98	4	97	2.58e-15	57.8
A147/198	A146/1-97	41.111	90	51	2	9	98	10	97	5.73e-15	56.6
A147/198	A64/1-99	33.333	87	57	1	1	86	1	87	6.82e-15	56.6
A147/198	A124/1-97	36.471	85	52	2	2	85	2	85	7.51e-15	56.6
A147/198	A62/1-96	38.095	84	47	2	2	83	2	82	7.59e-15	56.6
A147/198	A26/1-97	37.647	85	51	2	2	85	2	85	9.84e-15	56.2
A147/198	A10/1-98	32.955	88	59	0	1	88	1	88	1.07e-14	56.2
A147/198	A102/1-97	37.113	97	57	3	1	97	4	96	1.47e-14	55.8
A147/198	A130/1-99	29.293	99	69	1	1	98	1	99	1.57e-14	55.5
A147/198	A7/1-97	31.250	96	66	0	2	97	2	97	1.92e-14	55.5
A147/198	A45/1-98	38.462	91	52	2	2	90	2	90	2.31e-14	55.1
A147/198	A113/1-96	37.778	90	53	2	2	91	4	90	2.41e-14	55.1
A147/198	A139/1-97	34.483	87	53	3	12	97	13	96	3.67e-14	54.7
A147/198	A143/1-97	39.175	97	53	3	1	96	4	95	4.32e-14	54.3
A147/198	A154/1-97	33.708	89	58	1	9	97	9	96	4.56e-14	54.3
A147/198	A55/1-97	31.579	95	64	1	2	96	2	95	5.96e-14	54.3
A147/198	A51/1-96	34.694	98	60	3	2	98	2	96	5.96e-14	54.3
A147/198	A77/1-97	35.052	97	58	2	2	96	2	95	6.57e-14	53.9
A147/198	A5/1-98	33.333	99	62	3	2	98	2	98	7.16e-14	53.9
A147/198	A117/1-97	36.264	91	53	3	1	90	4	90	7.64e-14	53.9
A147/198	A73/1-97	37.624	101	53	4	1	98	4	97	8.33e-14	53.9
A147/198	A44/1-97	31.868	91	59	2	9	98	9	97	8.61e-14	53.5
A147/198	A157/1-97	33.333	84	53	2	1	84	4	84	1.23e-13	53.1
A147/198	A121/1-97	33.333	93	61	1	2	94	2	93	2.10e-13	52.8
A147/198	A42/1-104	31.000	100	63	1	1	94	1	100	2.17e-13	52.8
A147/198	A9/1-95	35.443	79	48	2	20	98	20	95	2.34e-13	52.8
A147/198	A135/1-97	35.556	90	50	3	1	86	1	86	2.39e-13	52.8
A147/198	A56/1-93	37.931	87	43	2	9	91	9	88	2.94e-13	52.4
A147/198	A80/1-97	35.052	97	59	3	1	97	4	96	4.19e-13	52.0
A147/198	A21/1-98	35.052	97	63	0	2	98	2	98	4.98e-13	51.6
A147/198	A150/1-96	37.778	90	52	3	10	98	10	96	5.66e-13	51.6
A147/198	A161/1-98	29.592	98	67	2	2	98	2	98	5.98e-13	51.6
A147/198	A97/1-99	29.545	88	61	1	2	88	2	89	6.11e-13	51.6
A147/198	A40/1-96	33.333	90	58	2	9	98	9	96	6.45e-13	51.6
A147/198	A33/1-97	33.673	98	62	3	2	98	2	97	1.46e-12	50.4
A147/198	A47/1-96	35.556	90	47	3	1	86	4	86	5.47e-12	48.9
A147/198	A16/1-97	27.835	97	69	1	2	98	2	97	1.72e-11	47.8
A147/198	A99/1-97	32.530	83	55	1	2	84	2	83	3.17e-11	47.0
A147/198	A30/1-97	29.897	97	67	1	2	98	2	97	6.85e-11	46.2
A147/198	A38/1-98	26.804	97	68	1	5	98	2	98	8.48e-11	45.8
A147/198	A2/1-97	31.868	91	53	3	12	98	12	97	9.75e-11	45.8
A147/198	A12/1-98	27.083	96	67	2	2	95	2	96	1.63e-10	45.4
A147/198	A23/1-98	29.412	85	59	1	11	95	12	95	3.44e-10	44.3
A147/198	A37/1-96	30.435	92	58	2	9	98	9	96	1.70e-09	42.7
A147/198	A166/1-99	32.000	100	63	4	2	98	2	99	2.46e-09	42.4
A147/198	A133/1-95	30.120	83	55	2	4	85	3	83	1.64e-07	37.4
A148/1102	A148/1-102	100.000	102	0	0	1	102	1	102	4.93e-74	206
A148/1102	A115/1-99	57.843	102	40	1	1	102	1	99	2.67e-44	131
A148/1102	A82/1-99	55.882	102	42	1	1	102	1	99	1.48e-39	119
A148/1102	A93/1-99	51.961	102	46	1	1	102	1	99	2.81e-37	113
A148/1102	A104/1-99	52.941	102	45	1	1	102	1	99	3.24e-37	113
A148/1102	A137/1-98	52.941	102	44	1	1	102	1	98	1.23e-36	112
A148/1102	A60/1-99	50.000	102	48	1	1	102	1	99	5.63e-36	110
A148/1102	A71/1-99	49.020	102	49	1	1	102	1	99	5.76e-36	110
A148/1102	A126/1-99	46.000	100	51	1	3	102	3	99	3.66e-33	103
A148/1102	A49/1-100	45.545	101	49	3	1	99	1	97	2.78e-28	90.9
A148/1102	A34/1-97	46.078	102	49	3	1	101	1	97	6.10e-28	90.1
A148/1102	A74/1-98	42.529	87	47	1	1	87	1	84	1.51e-26	86.3
A148/1102	A159/1-98	48.837	86	41	1	1	86	1	83	1.10e-24	81.6
A148/1102	A162/1-99	45.161	93	47	2	10	102	11	99	2.74e-24	80.5
A148/1102	A3/1-98	43.137	102	54	2	1	102	1	98	2.87e-24	80.5
A148/1102	A114/1-98	43.137	102	54	2	1	102	1	98	4.06e-24	80.1
A148/1102	A140/1-99	45.349	86	43	2	3	87	3	85	1.52e-23	79.0
A148/1102	A85/1-98	42.353	85	46	1	3	87	3	84	1.60e-23	78.6
A148/1102	A107/1-98	43.678	87	46	1	1	87	1	84	1.67e-23	78.6
A148/1102	A147/1-98	42.157	102	55	2	1	102	1	98	2.04e-23	78.6
A148/1102	A63/1-98	44.118	102	53	2	1	102	1	98	2.06e-23	78.6
A148/1102	A28/1-100	44.000	100	50	3	5	102	5	100	4.00e-23	77.8
A148/1102	A96/1-98	44.186	86	42	2	5	87	2	84	4.92e-23	77.4
A148/1102	A155/1-98	42.857	98	52	2	5	102	5	98	5.80e-23	77.4
A148/1102	A17/1-103	45.192	104	54	2	1	102	1	103	1.30e-22	76.3
A148/1102	A24/1-98	41.176	102	53	3	4	102	1	98	2.52e-22	75.9
A148/1102	A125/1-98	42.857	98	52	2	5	102	5	98	1.60e-21	73.6
A148/1102	A108/1-99	45.455	88	44	2	1	87	1	85	2.01e-21	73.6
A148/1102	A70/1-98	39.796	98	55	2	5	102	5	98	2.25e-21	73.2
A148/1102	A118/1-98	45.783	83	42	1	5	87	5	84	5.79e-21	72.4
A148/1102	A53/1-99	43.678	87	45	2	1	86	1	84	6.18e-21	72.0
A148/1102	A136/1-98	42.353	85	46	1	5	89	5	86	7.85e-21	72.0
A148/1102	A78/1-96	39.796	98	53	3	5	102	5	96	7.85e-21	72.0
A148/1102	A59/1-98	43.000	100	53	2	3	102	3	98	1.51e-20	71.2
A148/1102	A92/1-98	38.776	98	56	2	5	102	5	98	3.19e-20	70.5
A148/1102	A158/1-98	42.574	101	51	3	5	102	2	98	4.93e-20	69.7
A148/1102	A45/1-98	42.353	85	46	2	3	87	3	84	6.75e-20	69.3
A148/1102	A103/1-98	38.554	83	48	1	5	87	5	84	7.44e-20	69.3
A148/1102	A20/1-102	40.777	103	53	3	4	102	4	102	1.02e-19	68.9
A148/1102	A41/1-98	35.644	101	58	3	5	102	2	98	1.19e-19	68.9
A148/1102	A129/1-98	40.244	82	46	1	5	86	5	83	1.20e-19	68.9
A148/1102	A81/1-98	43.373	83	44	1	5	87	5	84	1.23e-19	68.9
A148/1102	A141/1-98	44.706	85	41	2	5	86	2	83	1.30e-19	68.9
A148/1102	A163/1-98	36.905	84	50	1	4	87	4	84	1.31e-19	68.9
A148/1102	A42/1-104	39.326	89	48	3	5	87	2	90	1.68e-19	68.6
A148/1102	A86/1-99	38.384	99	56	3	5	102	5	99	3.92e-19	67.4
A148/1102	A7/1-97	36.735	98	57	2	5	102	5	97	8.56e-19	66.6
A148/1102	A167/1-98	36.458	96	57	2	4	99	4	95	1.83e-18	65.9
A148/1102	A100/1-96	39.326	89	43	3	1	86	1	81	2.59e-18	65.5
A148/1102	A64/1-99	39.773	88	49	2	1	87	1	85	3.25e-18	65.1
A148/1102	A6/1-97	39.216	102	57	3	1	102	1	97	4.81e-18	64.7
A148/1102	A152/1-99	36.842	95	55	3	5	98	5	95	5.13e-18	64.7
A148/1102	A122/1-96	36.634	101	55	4	5	102	2	96	5.65e-18	64.7
A148/1102	A52/1-98	35.644	101	58	3	5	102	2	98	7.50e-18	64.3
A148/1102	A67/1-95	41.860	86	42	3	4	86	1	81	1.05e-17	63.9
A148/1102	A89/1-96	40.244	82	44	2	5	86	5	81	1.90e-17	63.2
A148/1102	A14/1-100	39.423	104	57	3	1	102	1	100	4.78e-17	62.4
A148/1102	A31/1-95	36.634	101	54	4	5	102	2	95	7.70e-17	61.6
A148/1102	A144/1-96	40.244	82	44	2	5	86	5	81	7.87e-17	61.6
A148/1102	A151/1-99	35.354	99	59	3	5	102	5	99	7.95e-17	61.6
A148/1102	A48/1-98	39.175	97	55	2	5	101	5	97	1.25e-16	61.2
A148/1102	A35/1-99	36.364	88	50	3	1	86	1	84	1.73e-16	60.8
A148/1102	A111/1-96	38.235	102	57	3	1	102	1	96	1.75e-16	60.8
A148/1102	A66/1-97	38.043	92	44	3	11	98	11	93	4.35e-16	59.7
A148/1102	A75/1-99	33.333	84	52	2	5	87	5	85	5.63e-16	59.3
A148/1102	A27/1-98	36.634	101	58	4	3	102	3	98	1.23e-15	58.5
A148/1102	A95/1-97	40.230	87	44	3	5	87	2	84	6.20e-15	56.6
A148/1102	A124/1-97	34.483	87	49	3	5	87	2	84	6.83e-15	56.6
A148/1102	A77/1-97	36.667	90	42	3	5	87	2	83	1.52e-14	55.8
A148/1102	A132/1-97	36.667	90	52	3	9	98	9	93	1.95e-14	55.5
A148/1102	A84/1-97	37.363	91	41	3	5	87	2	84	3.41e-14	55.1
A148/1102	A58/1-97	36.782	87	47	3	5	87	2	84	5.59e-14	54.3
A148/1102	A10/1-98	36.047	86	52	1	1	86	1	83	5.65e-14	54.3
A148/1102	A161/1-98	39.583	96	47	4	9	101	10	97	9.69e-14	53.9
A148/1102	A16/1-97	39.080	87	44	4	5	87	2	83	1.08e-13	53.5
A148/1102	A110/1-97	33.333	99	53	3	4	98	4	93	1.09e-13	53.5
A148/1102	A143/1-97	34.483	87	45	2	5	87	5	83	1.18e-13	53.5
A148/1102	A88/1-97	33.735	83	51	1	5	87	5	83	1.31e-13	53.5
A148/1102	A13/1-103	33.010	103	60	3	5	102	5	103	1.56e-13	53.1
A148/1102	A130/1-99	33.981	103	63	3	1	102	1	99	1.70e-13	53.1
A148/1102	A105/1-97	39.394	99	50	5	5	99	2	94	2.08e-13	52.8
A148/1102	A21/1-98	40.404	99	55	2	4	102	4	98	2.55e-13	52.8
A148/1102	A133/1-95	34.314	102	59	3	2	102	1	95	2.61e-13	52.8
A148/1102	A97/1-99	31.034	87	53	3	5	87	2	85	2.78e-13	52.4
A148/1102	A154/1-97	34.177	79	48	1	9	87	9	83	3.00e-13	52.4
A148/1102	A119/1-97	29.592	98	64	3	5	102	5	97	3.06e-13	52.4
A148/1102	A38/1-98	34.118	85	50	2	5	86	2	83	5.97e-13	51.6
A148/1102	A30/1-97	34.118	85	49	3	5	86	2	82	6.43e-13	51.6
A148/1102	A128/1-97	35.227	88	44	3	5	87	5	84	1.21e-12	50.8
A148/1102	A157/1-97	31.034	87	52	3	5	87	2	84	2.74e-12	50.1
A148/1102	A99/1-97	37.363	91	40	4	5	87	2	83	2.99e-12	50.1
A148/1102	A23/1-98	34.211	76	46	2	12	87	13	84	4.68e-12	49.3
A148/1102	A9/1-95	39.506	81	40	3	7	86	9	81	4.94e-12	49.3
A148/1102	A26/1-97	36.842	76	44	2	12	87	13	84	5.21e-12	49.3
A148/1102	A44/1-97	35.897	78	46	2	9	86	9	82	6.32e-12	48.9
A148/1102	A19/1-97	31.034	87	52	3	5	87	2	84	1.57e-11	48.1
A148/1102	A5/1-98	34.667	75	47	2	12	86	12	84	1.61e-11	48.1
A148/1102	A62/1-96	32.558	86	46	2	5	86	5	82	1.93e-11	47.8
A148/1102	A150/1-96	34.118	85	44	2	6	86	6	82	3.02e-11	47.4
A148/1102	A113/1-96	30.488	82	53	2	5	86	5	82	3.22e-11	47.4
A148/1102	A73/1-97	36.782	87	47	3	5	87	2	84	4.03e-11	47.0
A148/1102	A47/1-96	34.091	88	50	3	4	87	1	84	6.04e-11	46.6
A148/1102	A56/1-93	30.851	94	56	4	9	102	9	93	6.65e-11	46.2
A148/1102	A55/1-97	30.233	86	53	3	5	87	2	83	9.17e-11	46.2
A148/1102	A121/1-97	36.667	90	42	4	5	87	2	83	9.77e-11	45.8
A148/1102	A91/1-97	30.588	85	54	3	3	86	3	83	3.37e-10	44.7
A148/1102	A51/1-96	31.395	86	52	3	5	87	2	83	4.08e-10	44.3
A148/1102	A80/1-97	32.558	86	50	3	5	86	2	83	4.30e-10	44.3
A148/1102	A12/1-98	31.325	83	55	2	5	87	5	85	5.67e-10	43.9
A148/1102	A33/1-97	34.066	91	44	4	5	87	2	84	6.94e-10	43.9
A148/1102	A139/1-97	30.864	81	44	2	11	87	12	84	8.59e-10	43.5
A148/1102	A40/1-96	33.333	78	48	2	9	86	9	82	8.59e-10	43.5
A148/1102	A117/1-97	33.333	87	50	3	5	87	2	84	1.21e-09	43.1
A148/1102	A102/1-97	30.667	75	48	2	12	86	13	83	1.93e-09	42.7
A148/1102	A2/1-97	31.250	80	47	3	9	86	9	82	4.50e-09	41.6
A148/1102	A146/1-97	33.333	87	52	3	1	87	4	84	6.87e-09	41.2
A148/1102	A69/1-97	28.736	87	54	3	5	87	2	84	1.23e-08	40.4
A148/1102	A37/1-96	28.049	82	48	2	9	87	9	82	2.47e-08	39.7
A148/1102	A166/1-99	29.070	86	57	2	3	87	3	85	3.35e-08	39.3
A148/1102	A135/1-97	31.579	76	48	2	12	87	13	84	1.84e-07	37.4
A150/196	A150/1-96	100.000	96	0	0	1	96	1	96	4.02e-70	196
A150/196	A84/1-97	60.417	96	37	1	2	96	2	97	8.21e-39	117
A150/196	A105/1-97	60.417	96	37	1	2	96	2	97	1.88e-37	113
A150/196	A73/1-97	59.375	96	38	1	2	96	2	97	2.70e-37	113
A150/196	A95/1-97	55.208	96	42	1	2	96	2	97	2.88e-37	113
A150/196	A117/1-97	58.333	96	39	1	2	96	2	97	2.19e-36	110
A150/196	A62/1-96	54.945	91	41	0	2	92	2	92	1.42e-34	106
A150/196	A128/1-97	56.250	96	41	1	2	96	2	97	2.95e-34	105
A150/196	A139/1-97	51.042	96	46	1	1	95	1	96	1.85e-33	103
A150/196	A44/1-97	48.454	97	49	1	1	96	1	97	3.54e-33	102
A150/196	A51/1-96	47.368	95	50	0	2	96	2	96	1.65e-30	96.3
A150/196	A40/1-96	47.872	94	49	0	2	95	2	95	4.57e-30	95.1
A150/196	A19/1-97	43.750	96	53	1	2	96	2	97	1.25e-29	94.0
A150/196	A58/1-97	46.875	96	50	1	2	96	2	97	2.79e-27	88.2
A150/196	A143/1-97	47.368	95	49	1	1	94	1	95	1.53e-26	86.3
A150/196	A2/1-97	43.750	96	53	1	2	96	2	97	1.89e-26	85.9
A150/196	A121/1-97	43.333	90	51	0	1	90	1	90	8.06e-26	84.3
A150/196	A37/1-96	45.833	96	50	2	2	96	2	96	1.87e-25	83.6
A150/196	A16/1-97	40.909	88	52	0	2	89	2	89	2.25e-25	83.2
A150/196	A146/1-97	43.750	96	53	1	2	96	2	97	3.19e-25	82.8
A150/196	A66/1-97	44.211	95	52	1	1	94	1	95	3.12e-24	80.1
A150/196	A47/1-96	41.667	96	55	1	1	95	1	96	1.10e-23	79.0
A150/196	A33/1-97	38.710	93	57	0	4	96	5	97	1.95e-23	78.2
A150/196	A135/1-97	39.785	93	56	0	4	96	5	97	1.97e-23	78.2
A150/196	A5/1-98	35.714	98	61	1	1	96	1	98	4.51e-23	77.4
A150/196	A12/1-98	39.175	97	57	1	2	96	2	98	7.52e-23	76.6
A150/196	A30/1-97	40.426	94	55	1	2	94	2	95	1.84e-22	75.9
A150/196	A110/1-97	40.860	93	54	1	1	92	1	93	7.02e-22	74.3
A150/196	A77/1-97	42.697	89	51	0	1	89	1	89	7.25e-22	74.3
A150/196	A80/1-97	41.053	95	55	1	2	95	2	96	7.74e-22	74.3
A150/196	A113/1-96	39.785	93	56	0	2	94	2	94	8.73e-22	73.9
A150/196	A91/1-97	39.130	92	56	0	4	95	5	96	1.62e-21	73.6
A150/196	A130/1-99	41.837	98	54	2	2	96	2	99	3.29e-21	72.8
A150/196	A99/1-97	38.202	89	55	0	1	89	1	89	3.33e-21	72.4
A150/196	A157/1-97	36.458	96	60	1	2	96	2	97	5.74e-21	72.0
A150/196	A52/1-98	40.000	90	51	2	2	89	2	90	6.19e-21	72.0
A150/196	A26/1-97	33.333	96	63	1	2	96	2	97	1.86e-20	70.9
A150/196	A132/1-97	35.789	95	60	1	1	94	1	95	2.14e-20	70.5
A150/196	A89/1-96	40.404	99	51	3	2	96	2	96	2.75e-20	70.1
A150/196	A55/1-97	36.559	93	59	0	1	93	1	93	3.38e-20	70.1
A150/196	A154/1-97	36.559	93	59	0	1	93	1	93	3.69e-20	70.1
A150/196	A118/1-98	41.935	93	53	1	2	93	2	94	5.89e-20	69.3
A150/196	A69/1-97	39.362	94	56	1	2	94	2	95	6.22e-20	69.3
A150/196	A88/1-97	36.559	93	58	1	1	92	1	93	1.67e-19	68.2
A150/196	A23/1-98	39.583	96	56	2	2	95	2	97	1.90e-19	68.2
A150/196	A9/1-95	41.489	94	52	2	2	94	2	93	1.95e-19	68.2
A150/196	A63/1-98	44.944	89	48	1	2	89	2	90	2.67e-19	67.8
A150/196	A124/1-97	37.079	89	55	1	2	89	2	90	4.64e-19	67.0
A150/196	A158/1-98	41.237	97	55	2	2	96	2	98	1.32e-18	65.9
A150/196	A122/1-96	39.080	87	52	1	2	88	2	87	1.82e-18	65.5
A150/196	A100/1-96	37.500	96	58	2	2	96	2	96	1.97e-18	65.5
A150/196	A102/1-97	31.579	95	64	1	2	95	2	96	2.79e-18	65.1
A150/196	A41/1-98	37.113	97	59	2	2	96	2	98	3.17e-18	65.1
A150/196	A161/1-98	37.931	87	54	0	4	90	5	91	5.06e-18	64.3
A150/196	A144/1-96	37.500	88	54	1	2	89	2	88	8.71e-18	63.9
A150/196	A67/1-95	33.684	95	62	1	1	95	1	94	9.71e-18	63.9
A150/196	A96/1-98	40.698	86	50	1	2	86	2	87	1.06e-17	63.5
A150/196	A20/1-102	37.624	101	57	2	2	96	2	102	2.55e-17	62.8
A150/196	A34/1-97	42.105	95	52	3	2	94	2	95	2.58e-17	62.8
A150/196	A111/1-96	35.417	96	60	2	2	96	2	96	3.10e-17	62.4
A150/196	A167/1-98	38.144	97	58	2	2	96	2	98	3.27e-17	62.4
A150/196	A162/1-99	39.535	86	50	2	13	96	14	99	4.15e-17	62.0
A150/196	A129/1-98	38.824	85	51	1	1	84	1	85	6.14e-17	61.6
A150/196	A78/1-96	36.364	99	55	3	2	96	2	96	1.76e-16	60.5
A150/196	A74/1-98	34.783	92	59	1	2	92	2	93	2.18e-16	60.5
A150/196	A60/1-99	36.458	96	58	3	4	96	4	99	3.08e-16	60.1
A150/196	A140/1-99	43.421	76	41	1	11	84	11	86	4.17e-16	59.7
A150/196	A119/1-97	33.684	95	62	1	2	95	2	96	4.36e-16	59.7
A150/196	A10/1-98	37.363	91	51	2	7	96	7	92	1.01e-15	58.5
A150/196	A159/1-98	34.783	92	51	2	2	88	2	89	1.19e-15	58.5
A150/196	A56/1-93	36.458	96	58	3	1	96	1	93	1.30e-15	58.2
A150/196	A107/1-98	38.710	93	54	2	2	93	2	92	2.52e-15	57.8
A150/196	A108/1-99	34.783	92	50	2	2	87	2	89	3.59e-15	57.0
A150/196	A31/1-95	37.363	91	56	1	2	92	2	91	4.27e-15	57.0
A150/196	A141/1-98	38.636	88	53	1	2	88	2	89	4.32e-15	57.0
A150/196	A75/1-99	37.500	88	53	1	2	87	2	89	5.85e-15	56.6
A150/196	A155/1-98	38.824	85	51	1	6	89	6	90	8.26e-15	56.2
A150/196	A136/1-98	35.227	88	56	1	2	88	2	89	1.26e-14	55.8
A150/196	A64/1-99	35.227	88	55	2	2	87	2	89	1.29e-14	55.8
A150/196	A45/1-98	38.542	96	50	2	2	92	2	93	1.33e-14	55.8
A150/196	A115/1-99	41.558	77	44	1	4	79	4	80	2.92e-14	54.7
A150/196	A70/1-98	36.082	97	60	2	2	96	2	98	3.51e-14	54.7
A150/196	A27/1-98	36.667	90	53	3	10	96	10	98	3.59e-14	54.7
A150/196	A13/1-103	34.314	102	60	2	2	96	2	103	6.09e-14	53.9
A150/196	A151/1-99	32.632	95	62	1	2	94	2	96	6.57e-14	53.9
A150/196	A53/1-99	34.831	89	56	1	2	88	2	90	9.17e-14	53.5
A150/196	A166/1-99	29.670	91	63	1	4	93	5	95	1.03e-13	53.5
A150/196	A17/1-103	35.632	87	50	2	2	82	2	88	1.38e-13	53.1
A150/196	A86/1-99	37.931	87	48	2	2	84	2	86	3.07e-13	52.4
A150/196	A48/1-98	34.091	88	56	2	10	95	10	97	3.27e-13	52.0
A150/196	A35/1-99	31.633	98	64	2	2	96	2	99	4.67e-13	51.6
A150/196	A81/1-98	35.052	97	61	2	2	96	2	98	4.82e-13	51.6
A150/196	A147/1-98	37.778	90	52	3	10	96	10	98	5.31e-13	51.6
A150/196	A126/1-99	32.500	80	53	1	4	82	4	83	7.57e-13	51.2
A150/196	A85/1-98	35.897	78	49	1	10	86	10	87	9.70e-13	50.8
A150/196	A103/1-98	32.990	97	63	2	2	96	2	98	9.91e-13	50.8
A150/196	A97/1-99	35.294	85	53	1	2	84	2	86	1.26e-12	50.8
A150/196	A3/1-98	35.165	91	58	1	2	91	2	92	1.37e-12	50.4
A150/196	A14/1-100	36.735	98	44	3	2	91	2	89	1.54e-12	50.4
A150/196	A133/1-95	32.979	94	62	1	2	95	2	94	2.06e-12	50.1
A150/196	A42/1-104	36.170	94	53	2	2	88	2	95	2.53e-12	49.7
A150/196	A152/1-99	33.333	84	54	1	1	82	1	84	4.14e-12	49.3
A150/196	A82/1-99	37.079	89	51	2	4	91	4	88	6.03e-12	48.9
A150/196	A59/1-98	36.047	86	53	2	13	96	13	98	6.93e-12	48.9
A150/196	A28/1-100	35.802	81	48	2	20	96	20	100	8.41e-12	48.5
A150/196	A163/1-98	32.558	86	57	1	2	86	2	87	1.14e-11	48.1
A150/196	A71/1-99	36.170	94	48	3	4	91	4	91	1.19e-11	48.1
A150/196	A24/1-98	34.783	92	56	3	8	96	8	98	1.53e-11	47.8
A150/196	A148/1-102	34.118	85	44	2	6	82	6	86	2.51e-11	47.4
A150/196	A104/1-99	32.941	85	46	2	4	82	4	83	2.74e-11	47.4
A150/196	A38/1-98	31.579	95	64	1	2	95	2	96	4.53e-11	46.6
A150/196	A137/1-98	37.349	83	44	3	4	82	4	82	1.47e-10	45.4
A150/196	A125/1-98	32.292	96	63	2	1	94	1	96	1.60e-10	45.1
A150/196	A49/1-100	32.990	97	59	2	4	94	4	100	2.91e-10	44.7
A150/196	A93/1-99	33.696	92	48	4	13	96	13	99	3.10e-10	44.3
A150/196	A7/1-97	32.632	95	56	3	2	92	3	93	3.88e-10	44.3
A150/196	A21/1-98	38.750	80	48	1	10	88	10	89	9.60e-10	43.1
A150/196	A92/1-98	29.897	97	66	2	2	96	2	98	3.10e-09	42.0
A150/196	A6/1-97	33.333	84	54	2	2	84	2	84	7.97e-09	40.8
A150/196	A114/1-98	30.392	102	59	3	2	96	2	98	1.86e-08	39.7
A151/199	A151/1-99	100.000	99	0	0	1	99	1	99	2.74e-74	206
A151/199	A118/1-98	55.789	95	41	1	1	95	1	94	1.40e-34	106
A151/199	A140/1-99	47.475	99	52	0	1	99	1	99	4.94e-31	97.8
A151/199	A129/1-98	51.613	93	44	1	2	94	2	93	2.60e-30	95.9
A151/199	A107/1-98	48.387	93	47	1	2	94	2	93	6.04e-30	94.7
A151/199	A85/1-98	46.809	94	49	1	1	94	1	93	8.50e-29	92.0
A151/199	A63/1-98	47.959	98	50	1	2	99	2	98	4.58e-27	87.4
A151/199	A74/1-98	46.237	93	49	1	2	94	2	93	5.46e-27	87.4
A151/199	A96/1-98	43.617	94	52	1	1	94	1	93	1.61e-26	86.3
A151/199	A52/1-98	44.706	85	46	1	15	99	15	98	1.87e-26	85.9
A151/199	A103/1-98	37.755	98	60	1	2	99	2	98	1.68e-24	81.3
A151/199	A82/1-99	42.268	97	54	2	4	99	4	99	3.80e-24	80.1
A151/199	A27/1-98	39.394	99	59	1	1	99	1	98	5.69e-24	79.7
A151/199	A92/1-98	36.735	98	61	1	2	99	2	98	1.47e-23	78.6
A151/199	A48/1-98	36.735	98	61	1	1	98	1	97	1.64e-23	78.6
A151/199	A158/1-98	40.000	95	56	1	1	95	1	94	2.30e-23	78.2
A151/199	A13/1-103	38.144	97	56	1	1	93	1	97	4.61e-23	77.4
A151/199	A34/1-97	43.878	98	52	3	2	98	2	97	6.26e-23	77.0
A151/199	A104/1-99	40.206	97	56	2	4	99	4	99	8.67e-23	76.6
A151/199	A136/1-98	40.426	94	55	1	1	94	1	93	9.06e-23	76.6
A151/199	A53/1-99	41.304	92	54	0	2	93	2	93	1.14e-22	76.3
A151/199	A152/1-99	42.222	90	52	0	2	91	2	91	2.21e-22	75.9
A151/199	A93/1-99	40.206	97	56	2	4	99	4	99	2.55e-22	75.5
A151/199	A81/1-98	35.354	99	63	1	1	99	1	98	2.72e-22	75.5
A151/199	A41/1-98	39.796	98	58	1	2	99	2	98	3.73e-22	75.1
A151/199	A71/1-99	39.175	97	57	2	4	99	4	99	5.06e-22	74.7
A151/199	A95/1-97	43.158	95	51	2	2	95	2	94	6.79e-22	74.3
A151/199	A20/1-102	36.275	102	62	1	1	99	1	102	9.73e-22	73.9
A151/199	A147/1-98	42.553	94	53	1	2	95	2	94	2.08e-21	73.2
A151/199	A35/1-99	34.694	98	64	0	2	99	2	99	2.25e-21	73.2
A151/199	A60/1-99	38.144	97	58	2	4	99	4	99	2.27e-21	73.2
A151/199	A70/1-98	39.130	92	55	1	1	92	1	91	2.51e-21	73.2
A151/199	A114/1-98	34.694	98	63	1	2	99	2	98	7.95e-21	71.6
A151/199	A105/1-97	41.237	97	54	2	2	97	2	96	8.30e-21	71.6
A151/199	A167/1-98	40.000	95	56	1	2	96	2	95	1.04e-20	71.6
A151/199	A62/1-96	39.560	91	53	1	1	91	1	89	2.81e-20	70.5
A151/199	A73/1-97	41.237	97	54	2	2	97	2	96	3.34e-20	70.1
A151/199	A125/1-98	37.363	91	56	1	2	92	2	91	4.89e-20	69.7
A151/199	A84/1-97	39.583	96	55	2	2	96	2	95	6.27e-20	69.3
A151/199	A117/1-97	41.758	91	50	2	2	91	2	90	7.71e-20	69.3
A151/199	A115/1-99	39.175	97	57	2	4	99	4	99	7.97e-20	69.3
A151/199	A113/1-96	41.053	95	54	1	2	96	2	94	1.33e-19	68.6
A151/199	A14/1-100	40.000	95	56	1	2	95	2	96	1.82e-19	68.2
A151/199	A163/1-98	36.082	97	61	1	2	98	2	97	2.12e-19	68.2
A151/199	A59/1-98	38.043	92	56	1	1	92	1	91	4.15e-19	67.4
A151/199	A144/1-96	37.755	98	58	1	2	99	2	96	5.63e-19	67.0
A151/199	A130/1-99	35.354	99	61	1	4	99	1	99	7.15e-19	66.6
A151/199	A28/1-100	36.364	99	62	1	2	99	2	100	8.60e-19	66.6
A151/199	A141/1-98	36.170	94	59	1	2	95	2	94	1.12e-18	66.2
A151/199	A119/1-97	37.234	94	55	2	1	93	1	91	2.78e-18	65.1
A151/199	A146/1-97	38.542	96	56	2	2	96	2	95	3.30e-18	65.1
A151/199	A128/1-97	36.458	96	58	2	2	96	2	95	4.99e-18	64.7
A151/199	A137/1-98	38.144	97	57	3	4	99	4	98	6.20e-18	64.3
A151/199	A89/1-96	36.364	88	53	1	1	88	1	85	1.35e-17	63.5
A151/199	A162/1-99	34.118	85	55	1	15	99	16	99	1.49e-17	63.5
A151/199	A3/1-98	41.758	91	52	1	2	92	2	91	1.59e-17	63.2
A151/199	A67/1-95	36.170	94	57	1	2	95	2	92	3.79e-17	62.4
A151/199	A51/1-96	39.080	87	48	2	5	88	2	86	3.87e-17	62.4
A151/199	A80/1-97	37.500	96	52	3	2	91	2	95	5.48e-17	62.0
A151/199	A33/1-97	32.990	97	62	2	1	96	1	95	5.85e-17	62.0
A151/199	A108/1-99	29.592	98	69	0	2	99	2	99	6.24e-17	61.6
A151/199	A102/1-97	35.789	95	58	2	2	95	2	94	6.51e-17	61.6
A151/199	A86/1-99	31.633	98	67	0	2	99	2	99	6.51e-17	61.6
A151/199	A111/1-96	34.694	98	61	1	2	99	2	96	6.66e-17	61.6
A151/199	A148/1-102	35.354	99	59	3	5	99	5	102	7.18e-17	61.6
A151/199	A44/1-97	40.278	72	41	1	20	91	20	89	8.36e-17	61.6
A151/199	A7/1-97	38.889	90	52	2	3	90	1	89	8.73e-17	61.6
A151/199	A45/1-98	39.000	100	56	2	2	99	2	98	2.08e-16	60.5
A151/199	A66/1-97	36.471	85	52	1	15	99	15	97	3.23e-16	60.1
A151/199	A75/1-99	35.227	88	57	0	2	89	2	89	3.72e-16	59.7
A151/199	A124/1-97	36.782	87	52	2	2	87	2	86	3.81e-16	59.7
A151/199	A88/1-97	35.714	98	61	1	2	99	2	97	4.10e-16	59.7
A151/199	A159/1-98	30.392	102	61	3	4	99	1	98	5.26e-16	59.3
A151/199	A58/1-97	39.326	89	44	3	5	87	2	86	5.26e-16	59.3
A151/199	A77/1-97	34.694	98	59	2	5	99	2	97	8.29e-16	58.9
A151/199	A126/1-99	35.714	84	52	2	15	97	15	97	8.94e-16	58.9
A151/199	A26/1-97	37.500	88	52	2	2	88	2	87	9.44e-16	58.9
A151/199	A78/1-96	35.165	91	56	1	2	92	2	89	1.04e-15	58.5
A151/199	A122/1-96	38.202	89	52	1	2	90	2	87	1.36e-15	58.5
A151/199	A91/1-97	36.458	96	58	2	2	96	2	95	1.93e-15	58.2
A151/199	A21/1-98	36.735	98	60	2	2	99	3	98	2.08e-15	57.8
A151/199	A100/1-96	36.782	87	52	1	2	88	2	85	2.94e-15	57.4
A151/199	A49/1-100	32.979	94	62	1	4	96	4	97	3.07e-15	57.4
A151/199	A10/1-98	37.895	95	55	2	4	95	1	94	3.13e-15	57.4
A151/199	A24/1-98	31.313	99	67	1	1	99	1	98	3.49e-15	57.4
A151/199	A69/1-97	40.230	87	45	3	1	84	1	83	3.53e-15	57.4
A151/199	A40/1-96	36.047	86	53	1	11	96	11	94	4.33e-15	57.0
A151/199	A23/1-98	35.000	100	62	2	1	99	1	98	5.44e-15	57.0
A151/199	A17/1-103	33.654	104	60	3	4	99	1	103	6.68e-15	56.6
A151/199	A110/1-97	32.941	85	55	1	15	99	15	97	1.11e-14	56.2
A151/199	A9/1-95	28.125	96	66	1	1	96	1	93	1.21e-14	55.8
A151/199	A42/1-104	36.538	104	58	2	4	99	1	104	1.28e-14	55.8
A151/199	A64/1-99	32.955	88	59	0	2	89	2	89	1.44e-14	55.8
A151/199	A135/1-97	37.037	81	49	1	16	96	17	95	1.62e-14	55.5
A151/199	A31/1-95	33.673	98	61	2	2	99	2	95	1.88e-14	55.5
A151/199	A121/1-97	35.000	100	59	2	2	99	2	97	2.39e-14	55.1
A151/199	A155/1-98	33.663	101	62	2	1	99	1	98	2.69e-14	55.1
A151/199	A143/1-97	36.000	100	58	2	2	99	2	97	2.99e-14	55.1
A151/199	A6/1-97	41.791	67	37	2	18	84	18	82	3.37e-14	54.7
A151/199	A150/1-96	32.632	95	62	1	2	96	2	94	7.24e-14	53.9
A151/199	A166/1-99	37.805	82	48	2	15	95	16	95	7.65e-14	53.9
A151/199	A19/1-97	30.769	91	60	2	2	91	2	90	8.42e-14	53.9
A151/199	A99/1-97	34.694	98	59	2	5	99	2	97	1.63e-13	53.1
A151/199	A97/1-99	34.091	88	58	0	2	89	2	89	2.70e-13	52.4
A151/199	A157/1-97	35.714	98	59	3	2	98	2	96	3.89e-13	52.0
A151/199	A154/1-97	32.941	85	55	1	15	99	15	97	1.02e-12	50.8
A151/199	A5/1-98	32.184	87	49	2	15	96	15	96	1.49e-12	50.4
A151/199	A55/1-97	32.653	98	61	2	5	99	2	97	1.89e-12	50.4
A151/199	A12/1-98	31.250	96	62	2	2	95	2	95	2.39e-12	50.1
A151/199	A56/1-93	40.845	71	38	2	20	90	20	86	4.65e-12	49.3
A151/199	A16/1-97	30.303	99	67	1	1	99	1	97	5.23e-12	49.3
A151/199	A161/1-98	37.681	69	41	1	20	88	21	87	5.64e-12	48.9
A151/199	A38/1-98	34.884	86	52	2	5	87	2	86	5.95e-12	48.9
A151/199	A133/1-95	33.784	74	46	1	15	88	15	85	8.12e-12	48.5
A151/199	A139/1-97	32.927	82	51	2	16	96	17	95	1.50e-11	48.1
A151/199	A47/1-96	32.292	96	62	2	2	96	2	95	2.20e-11	47.4
A151/199	A132/1-97	31.707	82	54	1	18	99	18	97	2.56e-11	47.4
A151/199	A37/1-96	35.714	70	42	1	15	84	15	81	7.37e-11	46.2
A151/199	A30/1-97	33.735	83	53	1	2	84	2	82	3.58e-10	44.3
A151/199	A2/1-97	32.895	76	45	2	20	93	20	91	4.81e-08	38.9
A152/199	A152/1-99	100.000	99	0	0	1	99	1	99	2.23e-74	207
A152/199	A64/1-99	50.000	98	48	1	2	99	2	98	1.15e-31	99.4
A152/199	A141/1-98	41.837	98	56	1	2	99	2	98	3.33e-31	98.2
A152/199	A14/1-100	52.632	95	44	1	2	95	2	96	7.74e-31	97.1
A152/199	A130/1-99	47.674	86	45	0	2	87	2	87	8.00e-31	97.1
A152/199	A42/1-104	48.544	103	48	1	2	99	2	104	3.50e-30	95.5
A152/199	A108/1-99	45.349	86	47	0	2	87	2	87	1.58e-29	94.0
A152/199	A97/1-99	42.708	96	55	0	2	97	2	97	1.85e-28	91.3
A152/199	A53/1-99	46.067	89	48	0	2	90	2	90	2.83e-28	90.5
A152/199	A35/1-99	43.820	89	50	0	2	90	2	90	3.09e-28	90.5
A152/199	A75/1-99	44.186	86	48	0	2	87	2	87	7.98e-28	89.4
A152/199	A78/1-96	47.674	86	42	1	2	87	2	84	5.64e-27	87.4
A152/199	A67/1-95	44.444	90	47	1	2	91	2	88	1.43e-25	84.0
A152/199	A129/1-98	43.333	90	50	1	1	90	1	89	8.72e-25	81.6
A152/199	A119/1-97	42.222	90	50	1	2	91	2	89	9.83e-25	81.6
A152/199	A159/1-98	45.556	90	46	2	2	90	2	89	1.41e-24	81.3
A152/199	A86/1-99	37.079	89	56	0	2	90	2	90	3.93e-24	80.1
A152/199	A155/1-98	42.708	96	50	2	2	95	2	94	7.55e-24	79.3
A152/199	A89/1-96	41.860	86	47	1	2	87	2	84	8.24e-24	79.3
A152/199	A13/1-103	41.935	93	50	1	2	90	2	94	9.19e-24	79.3
A152/199	A28/1-100	42.529	87	49	1	2	87	2	88	1.04e-23	79.0
A152/199	A111/1-96	43.023	86	46	1	2	87	2	84	1.45e-22	76.3
A152/199	A107/1-98	42.697	89	50	1	2	90	2	89	1.56e-22	76.3
A152/199	A151/1-99	42.222	90	52	0	2	91	2	91	2.21e-22	75.9
A152/199	A125/1-98	40.000	90	53	1	1	90	1	89	4.16e-22	75.1
A152/199	A144/1-96	44.211	95	48	2	2	95	2	92	9.02e-22	74.3
A152/199	A167/1-98	42.708	96	54	1	2	97	2	96	9.73e-22	73.9
A152/199	A115/1-99	43.617	94	49	3	4	95	4	95	3.15e-21	72.8
A152/199	A60/1-99	38.710	93	55	2	4	95	4	95	4.42e-21	72.4
A152/199	A31/1-95	42.353	85	46	1	2	86	2	83	9.56e-21	71.6
A152/199	A7/1-97	42.169	83	46	2	2	84	3	83	1.15e-20	71.2
A152/199	A100/1-96	43.023	86	46	1	2	87	2	84	2.93e-20	70.5
A152/199	A124/1-97	39.560	91	52	2	2	91	2	90	4.02e-20	70.1
A152/199	A85/1-98	40.909	88	51	1	2	89	2	88	4.33e-20	69.7
A152/199	A103/1-98	37.079	89	55	1	2	90	2	89	6.01e-20	69.3
A152/199	A118/1-98	35.556	90	57	1	2	91	2	90	6.41e-20	69.3
A152/199	A162/1-99	43.750	80	44	1	10	89	11	89	6.77e-20	69.3
A152/199	A114/1-98	37.113	97	57	2	2	98	2	94	7.55e-20	69.3
A152/199	A104/1-99	38.710	93	55	2	4	95	4	95	7.80e-20	69.3
A152/199	A113/1-96	38.043	92	55	1	2	93	2	91	8.79e-20	68.9
A152/199	A136/1-98	37.079	89	55	1	2	90	2	89	1.24e-19	68.6
A152/199	A82/1-99	39.785	93	54	2	4	95	4	95	1.39e-19	68.6
A152/199	A63/1-98	37.234	94	55	2	2	92	2	94	1.43e-19	68.6
A152/199	A49/1-100	37.634	93	54	2	4	92	4	96	1.61e-19	68.6
A152/199	A24/1-98	38.636	88	53	1	2	89	2	88	2.03e-19	68.2
A152/199	A80/1-97	41.758	91	50	2	2	91	2	90	2.31e-19	68.2
A152/199	A59/1-98	39.773	88	52	1	2	89	2	88	2.55e-19	67.8
A152/199	A81/1-98	34.831	89	57	1	2	90	2	89	2.60e-19	67.8
A152/199	A16/1-97	42.857	91	50	1	2	92	2	90	3.53e-19	67.4
A152/199	A92/1-98	34.444	90	58	1	2	91	2	90	3.69e-19	67.4
A152/199	A93/1-99	38.710	93	55	2	4	95	4	95	4.02e-19	67.4
A152/199	A126/1-99	35.714	98	59	3	4	99	4	99	5.69e-19	67.0
A152/199	A140/1-99	37.500	88	55	0	2	89	2	89	6.85e-19	66.6
A152/199	A34/1-97	40.000	95	55	2	2	96	2	94	7.72e-19	66.6
A152/199	A84/1-97	38.776	98	53	3	2	98	2	93	1.07e-18	66.2
A152/199	A48/1-98	36.471	85	53	1	2	86	2	85	1.70e-18	65.9
A152/199	A20/1-102	36.264	91	55	1	2	89	2	92	1.92e-18	65.9
A152/199	A70/1-98	38.202	89	54	1	2	90	2	89	2.49e-18	65.5
A152/199	A122/1-96	38.462	91	53	1	2	92	2	89	3.38e-18	65.1
A152/199	A27/1-98	40.909	88	51	1	2	89	2	88	3.97e-18	64.7
A152/199	A148/1-102	36.842	95	55	3	5	95	5	98	4.62e-18	64.7
A152/199	A45/1-98	39.080	87	48	2	2	86	2	85	6.69e-18	64.3
A152/199	A96/1-98	32.955	88	58	1	2	89	2	88	1.07e-17	63.9
A152/199	A3/1-98	35.556	90	57	1	2	91	2	90	1.15e-17	63.5
A152/199	A74/1-98	34.118	85	55	1	2	86	2	85	1.63e-17	63.2
A152/199	A21/1-98	40.000	95	55	2	2	96	3	95	1.63e-17	63.2
A152/199	A41/1-98	38.636	88	53	1	2	89	2	88	1.64e-17	63.2
A152/199	A137/1-98	35.802	81	50	2	4	84	4	82	1.81e-17	63.2
A152/199	A56/1-93	36.667	90	53	2	1	90	1	86	2.04e-17	63.2
A152/199	A105/1-97	39.560	91	52	2	2	91	2	90	2.25e-17	62.8
A152/199	A77/1-97	37.374	99	57	2	1	96	1	97	3.51e-17	62.4
A152/199	A44/1-97	40.476	84	48	1	1	84	1	82	3.55e-17	62.4
A152/199	A71/1-99	35.484	93	55	2	4	92	4	95	3.87e-17	62.4
A152/199	A158/1-98	32.584	89	59	1	2	90	2	89	6.59e-17	61.6
A152/199	A147/1-98	32.222	90	60	1	2	91	2	90	7.03e-17	61.6
A152/199	A143/1-97	40.230	87	50	1	1	87	1	85	8.82e-17	61.2
A152/199	A95/1-97	38.462	91	53	2	2	91	2	90	1.02e-16	61.2
A152/199	A33/1-97	31.579	95	62	2	2	95	2	94	1.06e-16	61.2
A152/199	A19/1-97	34.043	94	59	2	2	94	2	93	1.62e-16	60.8
A152/199	A157/1-97	37.363	91	54	2	2	91	2	90	2.31e-16	60.5
A152/199	A91/1-97	37.363	91	54	2	2	91	2	90	2.44e-16	60.5
A152/199	A161/1-98	34.694	98	61	2	1	97	1	96	3.17e-16	60.1
A152/199	A55/1-97	35.165	91	57	1	1	91	1	89	3.38e-16	60.1
A152/199	A38/1-98	35.632	87	55	1	2	88	2	87	5.15e-16	59.3
A152/199	A117/1-97	36.559	93	56	2	2	93	2	92	5.62e-16	59.3
A152/199	A163/1-98	32.941	85	56	1	2	86	2	85	9.54e-16	58.9
A152/199	A2/1-97	40.449	89	51	1	2	90	2	88	1.04e-15	58.5
A152/199	A58/1-97	35.632	87	53	2	2	87	2	86	1.28e-15	58.5
A152/199	A23/1-98	38.462	91	53	2	2	91	2	90	1.33e-15	58.5
A152/199	A17/1-103	31.633	98	63	1	2	95	2	99	1.75e-15	58.2
A152/199	A10/1-98	38.202	89	51	2	4	89	1	88	2.64e-15	57.8
A152/199	A146/1-97	36.264	91	55	2	2	91	2	90	3.17e-15	57.4
A152/199	A102/1-97	34.737	95	59	2	2	95	2	94	3.20e-15	57.4
A152/199	A88/1-97	35.294	85	53	1	1	85	1	83	3.89e-15	57.4
A152/199	A66/1-97	38.384	99	56	3	1	99	1	94	4.29e-15	57.0
A152/199	A52/1-98	33.333	90	59	1	2	91	2	90	4.73e-15	57.0
A152/199	A5/1-98	35.714	84	54	0	1	84	1	84	4.99e-15	57.0
A152/199	A47/1-96	37.500	88	52	2	1	87	1	86	5.32e-15	57.0
A152/199	A30/1-97	33.673	98	63	1	2	99	2	97	7.68e-15	56.6
A152/199	A73/1-97	36.735	98	55	3	2	98	2	93	9.13e-15	56.2
A152/199	A62/1-96	34.694	98	58	2	2	99	2	93	9.43e-15	56.2
A152/199	A26/1-97	37.931	87	51	3	2	87	2	86	1.18e-14	55.8
A152/199	A133/1-95	38.372	86	50	1	2	87	2	84	1.60e-14	55.5
A152/199	A51/1-96	31.395	86	57	1	2	87	2	85	2.01e-14	55.5
A152/199	A121/1-97	36.471	85	52	1	1	85	1	83	3.56e-14	54.7
A152/199	A110/1-97	33.673	98	57	3	5	99	2	94	4.27e-14	54.7
A152/199	A69/1-97	35.294	85	52	2	2	85	2	84	4.46e-14	54.3
A152/199	A99/1-97	32.323	99	65	1	1	99	1	97	8.99e-14	53.5
A152/199	A6/1-97	35.227	88	55	2	2	89	2	87	2.72e-13	52.4
A152/199	A128/1-97	36.264	91	55	2	2	91	2	90	6.11e-13	51.6
A152/199	A37/1-96	28.571	84	57	1	2	85	2	82	8.71e-13	51.2
A152/199	A154/1-97	29.670	91	62	1	1	91	1	89	1.81e-12	50.4
A152/199	A132/1-97	28.283	99	69	1	1	99	1	97	2.55e-12	50.1
A152/199	A150/1-96	33.333	84	54	1	1	84	1	82	4.55e-12	49.3
A152/199	A135/1-97	34.091	88	52	2	4	87	1	86	4.85e-12	49.3
A152/199	A40/1-96	34.444	90	57	1	2	91	2	89	1.22e-11	48.1
A152/199	A12/1-98	31.522	92	59	3	2	91	2	91	4.96e-11	46.6
A152/199	A139/1-97	30.682	88	58	2	1	87	1	86	1.06e-10	45.8
A152/199	A166/1-99	34.091	88	54	3	2	87	2	87	1.87e-10	45.1
A152/199	A9/1-95	29.885	87	56	2	1	86	1	83	4.34e-10	44.3
A154/197	A154/1-97	100.000	97	0	0	1	97	1	97	7.81e-71	198
A154/197	A55/1-97	56.701	97	42	0	1	97	1	97	5.70e-40	120
A154/197	A77/1-97	55.670	97	43	0	1	97	1	97	2.01e-38	116
A154/197	A66/1-97	52.577	97	46	0	1	97	1	97	2.88e-38	115
A154/197	A99/1-97	51.546	97	47	0	1	97	1	97	1.25e-37	114
A154/197	A110/1-97	53.608	97	45	0	1	97	1	97	5.96e-36	110
A154/197	A88/1-97	51.546	97	47	0	1	97	1	97	1.99e-35	108
A154/197	A132/1-97	49.485	97	49	0	1	97	1	97	8.62e-35	107
A154/197	A121/1-97	45.361	97	53	0	1	97	1	97	4.55e-34	105
A154/197	A143/1-97	42.268	97	56	0	1	97	1	97	5.54e-32	100
A154/197	A44/1-97	44.330	97	54	0	1	97	1	97	1.37e-26	86.3
A154/197	A63/1-98	39.175	97	58	1	2	97	2	98	3.23e-23	77.8
A154/197	A23/1-98	37.113	97	60	1	2	97	2	98	8.24e-23	76.6
A154/197	A19/1-97	40.449	89	52	1	2	89	2	90	9.19e-23	76.6
A154/197	A26/1-97	41.379	87	50	1	2	87	2	88	2.82e-22	75.5
A154/197	A16/1-97	37.500	88	55	0	2	89	2	89	3.43e-22	75.1
A154/197	A51/1-96	39.130	92	56	0	2	93	2	93	6.82e-22	74.3
A154/197	A2/1-97	34.375	96	63	0	2	97	2	97	1.78e-21	73.2
A154/197	A113/1-96	41.304	92	54	0	2	93	2	93	2.12e-21	73.2
A154/197	A37/1-96	37.634	93	57	1	2	94	2	93	2.16e-21	73.2
A154/197	A157/1-97	39.286	84	50	1	2	84	2	85	4.79e-21	72.4
A154/197	A58/1-97	41.176	85	49	1	2	85	2	86	6.08e-21	72.0
A154/197	A102/1-97	41.667	96	54	2	2	96	2	96	1.19e-20	71.2
A154/197	A34/1-97	32.609	92	62	0	2	93	2	93	1.55e-20	70.9
A154/197	A96/1-98	40.698	86	50	1	2	86	2	87	2.22e-20	70.5
A154/197	A95/1-97	35.106	94	60	1	2	94	2	95	2.29e-20	70.5
A154/197	A73/1-97	36.458	96	60	1	2	96	2	97	2.70e-20	70.5
A154/197	A70/1-98	36.842	95	59	1	2	95	2	96	2.88e-20	70.1
A154/197	A107/1-98	40.000	90	53	1	2	90	2	91	3.08e-20	70.1
A154/197	A108/1-99	39.796	98	57	1	2	97	2	99	3.50e-20	70.1
A154/197	A30/1-97	38.636	88	54	0	2	89	2	89	3.54e-20	70.1
A154/197	A27/1-98	42.222	90	49	2	10	97	10	98	3.74e-20	70.1
A154/197	A150/1-96	36.559	93	59	0	1	93	1	93	3.82e-20	70.1
A154/197	A105/1-97	39.326	89	53	1	2	89	2	90	6.37e-20	69.3
A154/197	A33/1-97	37.778	90	56	0	4	93	5	94	8.18e-20	68.9
A154/197	A62/1-96	36.170	94	60	0	2	95	2	95	9.12e-20	68.9
A154/197	A80/1-97	41.463	82	47	1	2	82	2	83	2.13e-19	68.2
A154/197	A74/1-98	38.889	90	54	1	2	90	2	91	2.53e-19	67.8
A154/197	A130/1-99	36.735	98	60	1	2	97	2	99	2.65e-19	67.8
A154/197	A47/1-96	37.931	87	53	1	1	86	1	87	3.36e-19	67.4
A154/197	A158/1-98	38.144	97	59	1	2	97	2	98	4.04e-19	67.4
A154/197	A69/1-97	40.476	84	49	1	2	84	2	85	4.32e-19	67.4
A154/197	A135/1-97	33.735	83	55	0	8	90	9	91	4.36e-19	67.4
A154/197	A166/1-99	37.634	93	57	1	4	95	5	97	4.46e-19	67.4
A154/197	A35/1-99	32.653	98	64	1	2	97	2	99	7.11e-19	66.6
A154/197	A128/1-97	38.298	94	56	2	2	94	2	94	1.05e-18	66.2
A154/197	A52/1-98	35.714	98	60	2	2	97	2	98	1.12e-18	66.2
A154/197	A122/1-96	36.364	99	56	2	2	97	2	96	1.39e-18	65.9
A154/197	A136/1-98	37.895	95	58	1	2	95	2	96	2.95e-18	65.1
A154/197	A124/1-97	34.444	90	58	1	2	90	2	91	3.18e-18	65.1
A154/197	A119/1-97	35.417	96	62	0	2	97	2	97	3.91e-18	64.7
A154/197	A82/1-99	40.230	87	50	2	13	97	13	99	4.65e-18	64.7
A154/197	A139/1-97	32.979	94	62	1	1	93	1	94	4.76e-18	64.7
A154/197	A20/1-102	35.789	95	56	1	2	91	2	96	5.60e-18	64.3
A154/197	A146/1-97	35.556	90	57	1	2	90	2	91	7.03e-18	64.3
A154/197	A84/1-97	35.484	93	59	1	2	93	2	94	9.63e-18	63.9
A154/197	A126/1-99	36.782	87	53	2	4	88	4	90	1.16e-17	63.5
A154/197	A40/1-96	35.870	92	59	0	2	93	2	93	1.26e-17	63.5
A154/197	A167/1-98	36.559	93	58	1	2	93	2	94	1.97e-17	63.2
A154/197	A91/1-97	36.709	79	50	0	4	82	5	83	2.32e-17	62.8
A154/197	A161/1-98	37.662	77	48	0	17	93	18	94	3.21e-17	62.4
A154/197	A81/1-98	39.560	91	54	1	2	91	2	92	5.17e-17	62.0
A154/197	A163/1-98	34.409	93	60	1	2	93	2	94	6.56e-17	61.6
A154/197	A117/1-97	34.831	89	57	1	2	89	2	90	7.16e-17	61.6
A154/197	A24/1-98	39.506	81	48	1	7	86	7	87	8.42e-17	61.2
A154/197	A53/1-99	34.783	92	58	1	2	91	2	93	8.51e-17	61.2
A154/197	A140/1-99	37.838	74	44	1	13	84	13	86	1.05e-16	61.2
A154/197	A155/1-98	36.264	91	57	1	8	97	8	98	2.02e-16	60.5
A154/197	A5/1-98	35.955	89	55	1	1	87	1	89	2.16e-16	60.5
A154/197	A104/1-99	36.782	87	53	2	13	97	13	99	2.28e-16	60.5
A154/197	A103/1-98	32.990	97	64	1	2	97	2	98	2.31e-16	60.5
A154/197	A31/1-95	38.202	89	46	3	2	86	2	85	3.37e-16	59.7
A154/197	A114/1-98	37.647	85	52	1	2	85	2	86	3.40e-16	59.7
A154/197	A141/1-98	35.484	93	59	1	2	93	2	94	3.67e-16	59.7
A154/197	A118/1-98	34.444	90	58	1	2	90	2	91	4.18e-16	59.7
A154/197	A9/1-95	32.323	99	58	2	2	96	2	95	4.81e-16	59.3
A154/197	A12/1-98	30.612	98	65	2	2	97	2	98	7.26e-16	58.9
A154/197	A59/1-98	32.979	94	62	1	2	94	2	95	1.41e-15	58.2
A154/197	A92/1-98	35.165	91	58	1	2	91	2	92	1.52e-15	58.2
A154/197	A28/1-100	34.118	85	53	1	16	97	16	100	1.57e-15	58.2
A154/197	A78/1-96	34.375	96	62	1	2	97	2	96	1.73e-15	58.2
A154/197	A85/1-98	37.349	83	43	2	9	86	9	87	1.94e-15	57.8
A154/197	A129/1-98	33.696	92	57	2	1	88	1	92	2.66e-15	57.4
A154/197	A159/1-98	33.663	101	58	2	2	97	2	98	2.78e-15	57.4
A154/197	A42/1-104	31.068	103	64	1	2	97	2	104	3.06e-15	57.4
A154/197	A86/1-99	33.673	98	63	1	2	97	2	99	3.27e-15	57.4
A154/197	A125/1-98	31.579	95	64	1	1	94	1	95	4.37e-15	57.0
A154/197	A115/1-99	34.066	91	58	2	9	97	9	99	5.79e-15	56.6
A154/197	A56/1-93	36.264	91	50	2	1	88	1	86	5.92e-15	56.6
A154/197	A3/1-98	36.170	94	51	2	2	90	2	91	6.88e-15	56.6
A154/197	A162/1-99	31.395	86	58	1	10	94	11	96	7.75e-15	56.2
A154/197	A137/1-98	30.233	86	60	0	12	97	12	97	7.84e-15	56.2
A154/197	A13/1-103	34.375	96	57	2	2	91	2	97	1.32e-14	55.8
A154/197	A21/1-98	38.144	97	58	2	2	97	3	98	1.34e-14	55.8
A154/197	A93/1-99	34.483	87	55	2	13	97	13	99	2.68e-14	55.1
A154/197	A75/1-99	35.227	88	55	1	2	87	2	89	2.93e-14	55.1
A154/197	A147/1-98	33.708	89	58	1	9	96	9	97	4.41e-14	54.3
A154/197	A10/1-98	35.065	77	49	1	12	87	12	88	5.13e-14	54.3
A154/197	A71/1-99	37.349	83	50	2	13	93	13	95	5.29e-14	54.3
A154/197	A60/1-99	31.868	91	60	2	9	97	9	99	5.47e-14	54.3
A154/197	A48/1-98	31.818	88	59	1	7	93	7	94	6.09e-14	53.9
A154/197	A45/1-98	34.831	89	57	1	2	89	2	90	1.18e-13	53.1
A154/197	A148/1-102	34.177	79	48	1	9	83	9	87	2.55e-13	52.4
A154/197	A144/1-96	30.208	96	66	1	2	97	2	96	2.97e-13	52.4
A154/197	A41/1-98	30.928	97	66	1	2	97	2	98	3.20e-13	52.4
A154/197	A17/1-103	31.429	105	60	2	2	97	2	103	3.72e-13	52.0
A154/197	A151/1-99	32.941	85	55	1	15	97	15	99	9.60e-13	50.8
A154/197	A111/1-96	38.372	86	50	2	2	86	2	85	1.66e-12	50.4
A154/197	A152/1-99	29.670	91	62	1	1	89	1	91	1.70e-12	50.4
A154/197	A14/1-100	31.373	102	61	2	2	97	2	100	2.39e-12	50.1
A154/197	A97/1-99	33.721	86	55	1	2	85	2	87	2.75e-12	49.7
A154/197	A6/1-97	34.940	83	52	2	10	91	10	91	5.30e-12	48.9
A154/197	A64/1-99	29.167	96	66	1	2	95	2	97	8.77e-12	48.5
A154/197	A89/1-96	32.955	88	52	3	2	86	2	85	1.78e-11	47.8
A154/197	A133/1-95	29.070	86	58	2	2	86	2	85	4.57e-11	46.6
A154/197	A67/1-95	29.897	97	64	3	2	97	2	95	5.25e-11	46.6
A154/197	A7/1-97	32.222	90	59	2	2	90	3	91	2.50e-10	44.7
A154/197	A100/1-96	32.184	87	54	2	2	86	2	85	4.00e-10	44.3
A154/197	A38/1-98	28.723	94	66	1	2	94	2	95	9.18e-10	43.1
A154/197	A49/1-100	27.778	90	62	1	9	95	9	98	2.78e-09	42.0
A155/198	A155/1-98	100.000	98	0	0	1	98	1	98	8.60e-71	197
A155/198	A78/1-96	47.423	97	49	1	2	98	2	96	2.44e-33	103
A155/198	A111/1-96	46.392	97	50	1	2	98	2	96	7.64e-30	94.7
A155/198	A67/1-95	49.438	89	43	1	2	90	2	88	1.25e-29	94.0
A155/198	A144/1-96	44.330	97	52	1	2	98	2	96	1.86e-27	88.6
A155/198	A122/1-96	41.237	97	55	1	2	98	2	96	6.75e-27	87.0
A155/198	A89/1-96	40.816	98	56	1	1	98	1	96	9.79e-27	86.7
A155/198	A100/1-96	44.330	97	52	1	2	98	2	96	1.12e-26	86.7
A155/198	A49/1-100	43.617	94	51	1	5	96	5	98	3.51e-25	82.8
A155/198	A3/1-98	41.860	86	50	0	2	87	2	87	5.67e-25	82.4
A155/198	A60/1-99	42.105	95	54	1	5	98	5	99	9.79e-25	81.6
A155/198	A82/1-99	43.158	95	53	1	5	98	5	99	4.76e-24	79.7
A155/198	A104/1-99	41.053	95	55	1	5	98	5	99	6.53e-24	79.7
A155/198	A152/1-99	42.708	96	50	2	2	94	2	95	7.28e-24	79.3
A155/198	A63/1-98	39.175	97	59	0	2	98	2	98	1.14e-23	79.0
A155/198	A130/1-99	42.857	98	55	1	2	98	2	99	1.72e-23	78.6
A155/198	A148/1-102	42.857	98	52	2	5	98	5	102	5.01e-23	77.4
A155/198	A24/1-98	42.857	98	56	0	1	98	1	98	6.58e-23	77.0
A155/198	A119/1-97	38.462	91	53	2	1	90	1	89	7.83e-23	76.6
A155/198	A141/1-98	38.144	97	60	0	2	98	2	98	2.11e-22	75.9
A155/198	A31/1-95	44.444	90	48	1	2	91	2	89	3.16e-22	75.1
A155/198	A66/1-97	41.304	92	53	1	7	98	7	97	3.30e-22	75.1
A155/198	A108/1-99	41.000	100	54	2	2	98	2	99	3.52e-22	75.1
A155/198	A137/1-98	37.895	95	57	2	5	98	5	98	5.63e-22	74.7
A155/198	A42/1-104	41.414	99	52	2	2	94	2	100	6.62e-22	74.3
A155/198	A163/1-98	36.458	96	61	0	2	97	2	97	6.77e-22	74.3
A155/198	A126/1-99	34.737	95	61	1	5	98	5	99	7.88e-22	74.3
A155/198	A118/1-98	37.755	98	61	0	1	98	1	98	8.60e-22	74.3
A155/198	A162/1-99	42.697	89	51	0	10	98	11	99	1.10e-21	73.9
A155/198	A64/1-99	44.828	87	47	1	2	87	2	88	1.12e-21	73.9
A155/198	A115/1-99	39.175	97	54	3	5	98	5	99	2.08e-21	73.2
A155/198	A97/1-99	43.182	88	45	2	2	86	2	87	3.18e-21	72.8
A155/198	A14/1-100	39.394	99	58	1	2	98	2	100	7.34e-21	71.6
A155/198	A96/1-98	39.080	87	53	0	1	87	1	87	9.03e-21	71.6
A155/198	A93/1-99	36.842	95	59	1	5	98	5	99	9.03e-21	71.6
A155/198	A53/1-99	41.758	91	48	2	2	89	2	90	1.21e-20	71.2
A155/198	A75/1-99	39.326	89	49	2	2	87	2	88	1.31e-20	71.2
A155/198	A28/1-100	36.364	99	61	1	2	98	2	100	1.64e-20	70.9
A155/198	A159/1-98	38.947	95	58	0	2	96	2	96	1.66e-20	70.9
A155/198	A45/1-98	42.857	91	48	2	2	90	2	90	4.42e-20	69.7
A155/198	A17/1-103	43.689	103	51	3	2	98	2	103	4.82e-20	69.7
A155/198	A16/1-97	38.000	100	57	2	1	98	1	97	7.13e-20	69.3
A155/198	A35/1-99	39.000	100	56	2	2	98	2	99	9.77e-20	68.9
A155/198	A110/1-97	37.113	97	60	1	2	98	2	97	1.19e-19	68.6
A155/198	A86/1-99	36.000	100	59	2	2	98	2	99	1.21e-19	68.6
A155/198	A136/1-98	37.079	89	56	0	1	89	1	89	1.72e-19	68.2
A155/198	A143/1-97	42.045	88	50	1	2	89	2	88	2.38e-19	67.8
A155/198	A158/1-98	32.653	98	66	0	1	98	1	98	3.12e-19	67.8
A155/198	A74/1-98	37.079	89	56	0	2	90	2	90	3.41e-19	67.4
A155/198	A19/1-97	39.326	89	51	2	2	90	5	90	3.72e-19	67.4
A155/198	A132/1-97	39.785	93	55	1	2	94	2	93	4.33e-19	67.4
A155/198	A107/1-98	39.773	88	53	0	2	89	2	89	7.61e-19	66.6
A155/198	A56/1-93	39.024	82	47	2	8	89	8	86	7.70e-19	66.6
A155/198	A20/1-102	40.777	103	48	3	1	93	1	100	8.58e-19	66.6
A155/198	A88/1-97	34.343	99	60	2	2	98	2	97	1.18e-18	66.2
A155/198	A71/1-99	37.895	95	58	1	5	98	5	99	1.43e-18	65.9
A155/198	A140/1-99	37.647	85	52	1	1	84	1	85	1.79e-18	65.9
A155/198	A26/1-97	37.209	86	51	2	2	87	5	87	1.87e-18	65.5
A155/198	A77/1-97	37.113	97	60	1	2	98	2	97	1.92e-18	65.5
A155/198	A85/1-98	41.379	87	51	0	1	87	1	87	3.30e-18	65.1
A155/198	A55/1-97	35.484	93	59	1	2	94	2	93	4.19e-18	64.7
A155/198	A121/1-97	37.895	95	58	1	2	96	2	95	5.49e-18	64.3
A155/198	A30/1-97	36.082	97	61	1	2	98	2	97	6.19e-18	64.3
A155/198	A124/1-97	42.308	78	42	2	10	86	11	86	6.67e-18	64.3
A155/198	A47/1-96	35.000	80	51	1	8	87	9	87	8.75e-18	63.9
A155/198	A40/1-96	39.535	86	47	2	7	90	7	89	1.05e-17	63.9
A155/198	A41/1-98	35.052	97	63	0	2	98	2	98	1.17e-17	63.5
A155/198	A147/1-98	34.021	97	64	0	2	98	2	98	1.27e-17	63.5
A155/198	A99/1-97	38.710	93	56	1	2	94	2	93	1.83e-17	63.2
A155/198	A27/1-98	36.634	101	58	3	1	98	1	98	3.43e-17	62.4
A155/198	A34/1-97	39.535	86	51	1	2	87	2	86	4.45e-17	62.0
A155/198	A52/1-98	37.363	91	53	3	10	98	10	98	8.81e-17	61.2
A155/198	A133/1-95	38.776	98	57	2	1	98	1	95	1.05e-16	61.2
A155/198	A51/1-96	34.409	93	60	1	2	94	2	93	1.50e-16	60.8
A155/198	A10/1-98	34.021	97	64	0	2	98	2	98	1.80e-16	60.5
A155/198	A154/1-97	36.264	91	57	1	8	98	8	97	2.09e-16	60.5
A155/198	A21/1-98	40.206	97	58	0	2	98	2	98	2.09e-16	60.5
A155/198	A129/1-98	37.755	98	54	3	2	94	2	97	2.72e-16	60.1
A155/198	A105/1-97	37.349	83	51	1	8	90	9	90	3.80e-16	59.7
A155/198	A48/1-98	34.021	97	64	0	1	97	1	97	5.61e-16	59.3
A155/198	A62/1-96	35.556	90	57	1	1	90	1	89	5.86e-16	59.3
A155/198	A166/1-99	33.735	83	55	0	15	97	16	98	6.18e-16	59.3
A155/198	A114/1-98	32.990	97	65	0	2	98	2	98	7.12e-16	58.9
A155/198	A5/1-98	40.449	89	48	3	2	87	2	88	8.65e-16	58.9
A155/198	A7/1-97	32.584	89	60	0	2	90	2	90	1.02e-15	58.5
A155/198	A2/1-97	36.264	91	57	1	8	98	8	97	1.93e-15	57.8
A155/198	A58/1-97	39.773	88	46	3	1	86	4	86	1.99e-15	57.8
A155/198	A13/1-103	35.238	105	59	2	1	98	1	103	2.34e-15	57.8
A155/198	A84/1-97	41.975	81	46	1	10	90	11	90	2.61e-15	57.8
A155/198	A167/1-98	34.375	96	59	2	2	95	2	95	2.93e-15	57.4
A155/198	A59/1-98	36.782	87	55	0	1	87	1	87	3.13e-15	57.4
A155/198	A44/1-97	36.170	94	57	2	6	98	6	97	3.56e-15	57.4
A155/198	A157/1-97	37.349	83	49	2	2	84	5	84	4.42e-15	57.0
A155/198	A125/1-98	34.375	96	60	1	2	94	2	97	4.72e-15	57.0
A155/198	A33/1-97	30.337	89	61	1	6	94	7	94	8.46e-15	56.2
A155/198	A150/1-96	38.824	85	51	1	6	90	6	89	8.83e-15	56.2
A155/198	A95/1-97	39.759	83	49	1	8	90	9	90	1.57e-14	55.5
A155/198	A151/1-99	33.663	101	62	2	1	98	1	99	2.60e-14	55.1
A155/198	A91/1-97	38.824	85	47	3	2	85	5	85	5.18e-14	54.3
A155/198	A128/1-97	34.091	88	55	2	8	94	9	94	5.71e-14	54.3
A155/198	A73/1-97	33.333	90	59	1	8	97	9	97	6.36e-14	53.9
A155/198	A81/1-98	29.592	98	69	0	1	98	1	98	1.01e-13	53.5
A155/198	A103/1-98	26.804	97	71	0	2	98	2	98	1.23e-13	53.1
A155/198	A102/1-97	34.021	97	58	4	2	97	5	96	1.31e-13	53.1
A155/198	A38/1-98	31.959	97	66	0	2	98	2	98	1.79e-13	52.8
A155/198	A37/1-96	33.708	89	55	2	7	94	7	92	1.79e-13	52.8
A155/198	A80/1-97	37.209	86	47	3	2	85	5	85	2.37e-13	52.8
A155/198	A70/1-98	35.556	90	56	2	1	89	1	89	3.68e-13	52.0
A155/198	A146/1-97	34.091	88	55	2	4	90	5	90	7.26e-13	51.2
A155/198	A69/1-97	35.294	85	48	3	2	84	5	84	1.02e-12	50.8
A155/198	A161/1-98	32.584	89	57	2	8	95	9	95	1.15e-12	50.8
A155/198	A12/1-98	32.673	101	60	4	2	98	2	98	1.59e-12	50.4
A155/198	A113/1-96	26.882	93	67	1	2	94	2	93	1.97e-12	50.1
A155/198	A23/1-98	34.483	87	56	1	12	98	13	98	2.20e-12	50.1
A155/198	A6/1-97	34.737	95	58	2	2	93	2	95	3.80e-12	49.3
A155/198	A9/1-95	30.000	90	61	1	8	97	8	95	4.18e-12	49.3
A155/198	A117/1-97	31.522	92	61	2	2	92	2	92	1.38e-11	48.1
A155/198	A139/1-97	28.916	83	58	1	8	90	9	90	5.13e-11	46.6
A155/198	A92/1-98	26.804	97	71	0	2	98	2	98	1.01e-10	45.8
A155/198	A135/1-97	30.233	86	57	2	2	87	5	87	1.48e-10	45.4
A157/197	A157/1-97	100.000	97	0	0	1	97	1	97	3.78e-71	199
A157/197	A80/1-97	54.945	91	41	0	1	91	1	91	3.45e-36	110
A157/197	A69/1-97	53.261	92	43	0	2	93	2	93	2.87e-34	105
A157/197	A58/1-97	47.917	96	50	0	1	96	1	96	2.87e-34	105
A157/197	A113/1-96	51.613	93	44	1	1	93	1	92	1.08e-33	104
A157/197	A19/1-97	47.253	91	48	0	1	91	1	91	2.08e-31	98.6
A157/197	A102/1-97	47.312	93	49	0	1	93	1	93	4.58e-31	97.8
A157/197	A124/1-97	41.667	96	56	0	1	96	1	96	2.90e-30	95.5
A157/197	A95/1-97	43.333	90	51	0	1	90	1	90	1.03e-29	94.4
A157/197	A105/1-97	45.556	90	49	0	1	90	1	90	2.37e-29	93.2
A157/197	A91/1-97	46.237	93	50	0	1	93	1	93	3.44e-29	92.8
A157/197	A128/1-97	43.299	97	55	0	1	97	1	97	3.96e-29	92.8
A157/197	A73/1-97	42.857	91	52	0	1	91	1	91	5.44e-29	92.4
A157/197	A26/1-97	36.458	96	61	0	1	96	1	96	1.52e-28	91.3
A157/197	A84/1-97	43.956	91	51	0	1	91	1	91	2.59e-28	90.5
A157/197	A33/1-97	46.067	89	48	0	2	90	2	90	9.73e-28	89.4
A157/197	A62/1-96	43.011	93	52	1	2	94	2	93	6.09e-27	87.0
A157/197	A135/1-97	43.478	92	52	0	2	93	2	93	1.72e-26	85.9
A157/197	A117/1-97	39.362	94	57	0	1	94	1	94	1.82e-26	85.9
A157/197	A55/1-97	44.048	84	46	1	2	85	2	84	2.07e-25	83.2
A157/197	A143/1-97	48.810	84	42	1	2	85	2	84	2.87e-25	82.8
A157/197	A47/1-96	43.820	89	50	0	2	90	2	90	3.00e-25	82.8
A157/197	A110/1-97	42.169	83	46	1	5	85	2	84	3.17e-25	82.8
A157/197	A146/1-97	42.222	90	52	0	1	90	1	90	8.01e-25	81.6
A157/197	A77/1-97	41.667	84	48	1	2	85	2	84	9.43e-25	81.6
A157/197	A121/1-97	42.857	84	47	1	2	85	2	84	1.25e-24	81.3
A157/197	A51/1-96	41.176	85	49	1	1	85	1	84	1.78e-24	80.9
A157/197	A88/1-97	42.857	84	47	1	2	85	2	84	5.17e-24	79.7
A157/197	A44/1-97	43.210	81	46	0	5	85	4	84	7.09e-24	79.3
A157/197	A99/1-97	41.667	84	48	1	2	85	2	84	3.23e-23	77.8
A157/197	A139/1-97	36.667	90	57	0	2	91	2	91	3.60e-23	77.8
A157/197	A161/1-98	40.000	90	54	0	2	91	2	91	4.29e-23	77.4
A157/197	A30/1-97	38.889	90	54	1	1	90	1	89	2.98e-22	75.5
A157/197	A23/1-98	37.500	96	59	1	2	96	2	97	5.37e-22	74.7
A157/197	A166/1-99	43.333	90	50	1	1	89	1	90	7.20e-22	74.3
A157/197	A5/1-98	40.698	86	48	2	2	85	2	86	3.89e-21	72.4
A157/197	A154/1-97	39.286	84	50	1	2	85	2	84	4.79e-21	72.4
A157/197	A150/1-96	36.458	96	60	1	2	97	2	96	5.95e-21	72.0
A157/197	A40/1-96	39.560	91	54	1	1	91	1	90	9.30e-21	71.6
A157/197	A2/1-97	38.824	85	52	0	5	89	4	88	1.08e-20	71.2
A157/197	A132/1-97	37.662	77	48	0	9	85	8	84	1.29e-20	71.2
A157/197	A66/1-97	39.286	84	50	1	2	85	2	84	2.17e-20	70.5
A157/197	A41/1-98	38.372	86	51	2	1	85	1	85	2.30e-19	67.8
A157/197	A119/1-97	41.463	82	47	1	2	83	2	82	6.31e-19	67.0
A157/197	A52/1-98	41.772	79	45	1	8	85	7	85	7.59e-19	66.6
A157/197	A37/1-96	35.165	91	57	2	1	91	1	89	1.26e-18	66.2
A157/197	A140/1-99	40.698	86	48	2	14	96	13	98	1.66e-18	65.9
A157/197	A129/1-98	41.379	87	49	2	2	87	2	87	1.83e-18	65.5
A157/197	A16/1-97	40.476	84	49	1	2	85	2	84	1.91e-18	65.5
A157/197	A108/1-99	38.372	86	50	2	2	85	2	86	2.98e-18	65.1
A157/197	A86/1-99	34.831	89	55	2	1	87	1	88	3.25e-18	65.1
A157/197	A96/1-98	38.824	85	50	2	2	85	2	85	3.75e-18	64.7
A157/197	A20/1-102	37.079	89	50	2	2	85	2	89	9.52e-18	63.9
A157/197	A42/1-104	43.956	91	43	4	2	85	2	91	1.12e-17	63.5
A157/197	A89/1-96	39.286	84	45	3	2	83	2	81	1.38e-17	63.5
A157/197	A158/1-98	39.535	86	50	2	2	86	2	86	2.53e-17	62.8
A157/197	A107/1-98	38.824	85	50	2	2	85	2	85	2.73e-17	62.8
A157/197	A31/1-95	35.789	95	59	2	2	96	2	94	3.99e-17	62.4
A157/197	A141/1-98	34.831	89	56	2	2	89	2	89	6.63e-17	61.6
A157/197	A53/1-99	36.905	84	50	2	2	83	2	84	7.00e-17	61.6
A157/197	A126/1-99	38.158	76	46	1	9	83	8	83	8.24e-17	61.2
A157/197	A97/1-99	42.697	89	44	3	1	85	1	86	8.60e-17	61.2
A157/197	A63/1-98	40.000	85	49	2	2	85	2	85	9.18e-17	61.2
A157/197	A103/1-98	36.458	96	57	3	1	95	1	93	1.42e-16	60.8
A157/197	A118/1-98	39.286	84	49	2	2	84	2	84	2.02e-16	60.5
A157/197	A152/1-99	37.363	91	54	2	2	90	2	91	2.16e-16	60.5
A157/197	A74/1-98	36.047	86	53	2	2	86	2	86	3.37e-16	59.7
A157/197	A92/1-98	37.500	96	56	3	1	95	1	93	3.67e-16	59.7
A157/197	A60/1-99	35.714	98	60	2	2	96	1	98	3.83e-16	59.7
A157/197	A167/1-98	36.905	84	51	2	1	83	1	83	5.42e-16	59.3
A157/197	A78/1-96	36.957	92	56	2	1	92	1	90	7.34e-16	58.9
A157/197	A9/1-95	43.077	65	36	1	21	85	20	83	9.11e-16	58.9
A157/197	A12/1-98	29.474	95	64	2	1	93	1	94	9.62e-16	58.5
A157/197	A70/1-98	42.169	83	46	2	2	83	2	83	1.00e-15	58.5
A157/197	A111/1-96	41.463	82	45	2	4	83	1	81	1.26e-15	58.5
A157/197	A48/1-98	32.000	75	50	1	10	83	9	83	2.05e-15	57.8
A157/197	A28/1-100	37.209	86	50	2	1	83	1	85	2.31e-15	57.8
A157/197	A13/1-103	38.889	90	48	2	2	85	2	90	2.57e-15	57.8
A157/197	A163/1-98	38.824	85	50	2	1	84	1	84	3.20e-15	57.4
A157/197	A81/1-98	36.842	95	56	3	2	95	2	93	3.52e-15	57.4
A157/197	A34/1-97	38.095	84	49	3	2	84	2	83	3.56e-15	57.4
A157/197	A115/1-99	36.250	80	50	1	2	80	1	80	4.05e-15	57.0
A157/197	A14/1-100	36.471	85	50	2	2	83	2	85	4.23e-15	57.0
A157/197	A155/1-98	37.349	83	49	2	5	84	2	84	4.28e-15	57.0
A157/197	A130/1-99	39.535	86	49	2	2	85	2	86	5.55e-15	56.6
A157/197	A125/1-98	37.647	85	51	2	2	85	2	85	6.45e-15	56.6
A157/197	A100/1-96	40.244	82	47	2	2	83	2	81	7.03e-15	56.6
A157/197	A35/1-99	37.209	86	51	2	2	85	2	86	8.64e-15	56.2
A157/197	A45/1-98	36.471	85	52	2	1	84	1	84	1.67e-14	55.5
A157/197	A10/1-98	34.940	83	51	2	4	83	1	83	2.46e-14	55.1
A157/197	A136/1-98	33.721	86	55	2	2	86	2	86	3.02e-14	54.7
A157/197	A75/1-99	35.632	87	53	2	1	85	1	86	4.86e-14	54.3
A157/197	A159/1-98	32.941	85	55	2	2	85	2	85	6.64e-14	53.9
A157/197	A27/1-98	34.483	87	53	3	2	86	2	86	6.93e-14	53.9
A157/197	A59/1-98	36.250	80	50	1	8	86	7	86	7.08e-14	53.9
A157/197	A147/1-98	33.333	84	53	2	4	84	1	84	1.19e-13	53.1
A157/197	A82/1-99	33.721	86	52	2	2	86	5	86	1.41e-13	53.1
A157/197	A3/1-98	36.905	84	51	2	2	84	2	84	2.08e-13	52.8
A157/197	A122/1-96	36.471	85	50	3	1	84	1	82	2.70e-13	52.4
A157/197	A93/1-99	40.909	66	38	1	19	83	18	83	2.88e-13	52.4
A157/197	A71/1-99	35.417	96	58	3	4	96	4	98	3.49e-13	52.0
A157/197	A151/1-99	35.714	98	59	3	2	96	2	98	3.64e-13	52.0
A157/197	A144/1-96	34.568	81	50	2	5	83	2	81	4.19e-13	52.0
A157/197	A17/1-103	35.955	89	49	3	4	84	1	89	4.77e-13	51.6
A157/197	A56/1-93	36.471	85	51	3	2	86	2	83	5.03e-13	51.6
A157/197	A67/1-95	33.333	87	46	3	2	83	2	81	8.26e-13	51.2
A157/197	A6/1-97	33.333	87	54	3	4	87	1	86	9.49e-13	50.8
A157/197	A104/1-99	35.802	81	50	2	4	83	4	83	9.70e-13	50.8
A157/197	A148/1-102	31.034	87	52	3	2	84	5	87	2.34e-12	50.1
A157/197	A64/1-99	30.233	86	57	2	2	85	2	86	4.27e-12	49.3
A157/197	A85/1-98	32.143	84	55	2	2	84	2	84	4.81e-12	49.3
A157/197	A24/1-98	29.114	79	55	1	9	86	8	86	5.53e-12	48.9
A157/197	A7/1-97	30.588	85	56	2	2	85	3	85	8.23e-12	48.5
A157/197	A162/1-99	28.767	73	51	1	13	84	13	85	8.32e-12	48.5
A157/197	A137/1-98	34.568	81	50	3	4	83	4	82	1.08e-11	48.1
A157/197	A114/1-98	32.222	90	59	2	2	90	2	90	6.86e-11	46.2
A157/197	A38/1-98	28.723	94	65	2	1	93	1	93	7.16e-11	46.2
A157/197	A21/1-98	35.714	98	59	3	2	97	3	98	4.22e-10	44.3
A157/197	A133/1-95	30.000	80	55	1	5	84	4	82	3.26e-09	42.0
A157/197	A49/1-100	27.381	84	57	2	4	84	4	86	1.72e-06	34.7
A158/198	A158/1-98	100.000	98	0	0	1	98	1	98	1.41e-71	200
A158/198	A118/1-98	54.082	98	45	0	1	98	1	98	1.77e-34	106
A158/198	A59/1-98	52.041	98	47	0	1	98	1	98	4.81e-33	102
A158/198	A103/1-98	46.392	97	52	0	2	98	2	98	9.12e-32	99.4
A158/198	A70/1-98	47.959	98	51	0	1	98	1	98	1.07e-31	99.4
A158/198	A136/1-98	50.515	97	48	0	1	97	1	97	2.41e-31	98.6
A158/198	A52/1-98	50.562	89	44	0	10	98	10	98	3.07e-31	98.2
A158/198	A96/1-98	48.864	88	45	0	1	88	1	88	4.50e-31	97.8
A158/198	A81/1-98	50.000	98	49	0	1	98	1	98	5.36e-31	97.4
A158/198	A107/1-98	47.423	97	51	0	2	98	2	98	8.07e-30	94.7
A158/198	A63/1-98	47.423	97	51	0	2	98	2	98	5.46e-29	92.4
A158/198	A147/1-98	44.330	97	54	0	2	98	2	98	6.23e-29	92.4
A158/198	A125/1-98	43.299	97	55	0	2	98	2	98	3.17e-28	90.5
A158/198	A20/1-102	48.039	102	49	2	1	98	1	102	1.46e-27	89.0
A158/198	A41/1-98	45.361	97	53	0	2	98	2	98	2.58e-27	88.2
A158/198	A162/1-99	46.067	89	48	0	10	98	11	99	3.36e-27	87.8
A158/198	A74/1-98	43.011	93	52	1	2	94	2	93	4.87e-27	87.4
A158/198	A34/1-97	46.875	96	50	1	2	97	2	96	1.93e-26	85.9
A158/198	A92/1-98	44.330	97	54	0	2	98	2	98	3.32e-26	85.5
A158/198	A48/1-98	39.583	96	58	0	1	96	1	96	1.29e-25	84.0
A158/198	A24/1-98	38.776	98	60	0	1	98	1	98	1.44e-25	84.0
A158/198	A3/1-98	42.268	97	56	0	2	98	2	98	2.06e-25	83.2
A158/198	A126/1-99	42.708	96	54	1	4	98	4	99	2.79e-25	83.2
A158/198	A114/1-98	42.268	97	56	0	2	98	2	98	4.87e-25	82.4
A158/198	A27/1-98	42.424	99	55	2	1	98	1	98	9.07e-25	81.6
A158/198	A140/1-99	45.263	95	51	1	1	94	1	95	1.07e-24	81.6
A158/198	A44/1-97	44.330	97	53	1	2	98	2	97	1.24e-24	81.3
A158/198	A13/1-103	39.806	103	57	1	1	98	1	103	1.48e-24	81.3
A158/198	A28/1-100	39.394	99	58	1	2	98	2	100	1.67e-24	80.9
A158/198	A129/1-98	39.175	97	59	0	2	98	2	98	3.36e-24	80.1
A158/198	A159/1-98	41.379	87	51	0	2	88	2	88	4.41e-24	80.1
A158/198	A78/1-96	41.237	97	55	1	2	98	2	96	7.86e-24	79.3
A158/198	A151/1-99	40.000	95	56	1	1	94	1	95	2.21e-23	78.2
A158/198	A85/1-98	38.776	98	60	0	1	98	1	98	3.46e-23	77.8
A158/198	A53/1-99	42.697	89	48	2	2	88	2	89	1.47e-22	76.3
A158/198	A19/1-97	44.828	87	46	2	2	87	2	87	2.21e-22	75.5
A158/198	A93/1-99	43.878	98	51	2	2	98	5	99	3.16e-22	75.1
A158/198	A141/1-98	38.144	97	60	0	2	98	2	98	3.93e-22	75.1
A158/198	A115/1-99	40.816	98	54	2	2	98	5	99	6.07e-22	74.7
A158/198	A130/1-99	39.796	98	58	1	2	98	2	99	6.62e-22	74.3
A158/198	A62/1-96	39.796	98	57	2	1	98	1	96	7.07e-22	74.3
A158/198	A89/1-96	37.755	98	59	1	1	98	1	96	7.47e-22	74.3
A158/198	A58/1-97	44.792	96	50	3	2	96	2	95	8.06e-22	74.3
A158/198	A67/1-95	36.082	97	59	2	2	98	2	95	9.91e-22	73.9
A158/198	A49/1-100	36.458	96	59	1	4	97	4	99	1.45e-21	73.6
A158/198	A137/1-98	42.391	92	52	1	4	95	4	94	1.99e-21	73.2
A158/198	A82/1-99	42.857	98	52	2	2	98	5	99	1.99e-21	73.2
A158/198	A104/1-99	42.857	98	52	2	2	98	5	99	2.82e-21	72.8
A158/198	A73/1-97	38.776	98	57	3	2	98	2	97	3.62e-21	72.4
A158/198	A6/1-97	41.237	97	56	1	2	98	2	97	4.96e-21	72.4
A158/198	A30/1-97	38.144	97	59	1	2	98	2	97	5.47e-21	72.0
A158/198	A60/1-99	35.417	96	61	1	4	98	4	99	6.51e-21	72.0
A158/198	A69/1-97	45.361	97	50	3	1	96	1	95	7.34e-21	71.6
A158/198	A113/1-96	43.333	90	50	1	2	91	2	90	7.67e-21	71.6
A158/198	A111/1-96	37.113	97	59	1	2	98	2	96	8.01e-21	71.6
A158/198	A9/1-95	41.000	100	52	3	1	98	1	95	8.64e-21	71.6
A158/198	A17/1-103	39.216	102	57	1	2	98	2	103	1.11e-20	71.2
A158/198	A108/1-99	37.755	98	60	1	2	98	2	99	1.47e-20	70.9
A158/198	A35/1-99	37.755	98	60	1	2	98	2	99	2.83e-20	70.5
A158/198	A33/1-97	43.299	97	52	3	1	96	1	95	3.29e-20	70.1
A158/198	A148/1-102	42.574	101	51	3	2	98	5	102	4.28e-20	69.7
A158/198	A40/1-96	43.158	95	52	2	2	96	2	94	4.42e-20	69.7
A158/198	A66/1-97	39.175	97	58	1	2	98	2	97	6.32e-20	69.3
A158/198	A163/1-98	37.634	93	58	0	2	94	2	94	6.39e-20	69.3
A158/198	A51/1-96	40.230	87	49	2	2	87	2	86	8.48e-20	68.9
A158/198	A110/1-97	37.634	93	57	1	2	94	2	93	8.76e-20	68.9
A158/198	A75/1-99	40.909	88	51	1	2	88	2	89	9.66e-20	68.9
A158/198	A167/1-98	35.484	93	60	0	2	94	2	94	1.58e-19	68.6
A158/198	A71/1-99	39.796	98	55	2	2	98	5	99	1.61e-19	68.6
A158/198	A100/1-96	38.144	97	58	1	2	98	2	96	2.51e-19	67.8
A158/198	A84/1-97	41.837	98	54	3	2	98	2	97	2.83e-19	67.8
A158/198	A155/1-98	32.653	98	66	0	1	98	1	98	3.12e-19	67.8
A158/198	A26/1-97	42.529	87	48	2	2	87	2	87	3.64e-19	67.4
A158/198	A154/1-97	38.144	97	59	1	2	98	2	97	4.19e-19	67.4
A158/198	A88/1-97	35.484	93	59	1	2	94	2	93	1.24e-18	66.2
A158/198	A143/1-97	36.082	97	61	1	2	98	2	97	1.34e-18	65.9
A158/198	A150/1-96	41.237	97	55	2	2	98	2	96	1.41e-18	65.9
A158/198	A122/1-96	37.234	94	57	1	2	95	2	93	1.46e-18	65.9
A158/198	A95/1-97	41.379	87	49	2	2	87	2	87	1.58e-18	65.9
A158/198	A14/1-100	37.374	99	60	1	2	98	2	100	3.09e-18	65.1
A158/198	A105/1-97	37.755	98	58	3	2	98	2	97	3.16e-18	65.1
A158/198	A97/1-99	37.500	88	54	1	2	88	2	89	3.96e-18	64.7
A158/198	A77/1-97	36.082	97	61	1	2	98	2	97	4.14e-18	64.7
A158/198	A5/1-98	39.394	99	56	4	2	98	2	98	6.75e-18	64.3
A158/198	A144/1-96	35.789	95	57	2	2	95	2	93	9.34e-18	63.9
A158/198	A86/1-99	33.333	96	63	1	2	96	2	97	1.02e-17	63.9
A158/198	A119/1-97	35.714	98	62	1	1	98	1	97	1.31e-17	63.5
A158/198	A31/1-95	40.230	87	50	1	2	88	2	86	1.40e-17	63.5
A158/198	A121/1-97	36.364	88	55	1	2	89	2	88	1.70e-17	63.2
A158/198	A157/1-97	39.535	86	50	2	2	86	2	86	2.62e-17	62.8
A158/198	A99/1-97	36.047	86	54	1	2	87	2	86	3.99e-17	62.4
A158/198	A16/1-97	34.483	87	56	1	1	87	1	86	4.85e-17	62.0
A158/198	A56/1-93	38.144	97	55	3	2	98	2	93	5.71e-17	62.0
A158/198	A7/1-97	31.959	97	64	2	2	98	3	97	6.09e-17	61.6
A158/198	A152/1-99	32.584	89	59	1	2	89	2	90	6.36e-17	61.6
A158/198	A55/1-97	36.047	86	54	1	2	87	2	86	8.25e-17	61.6
A158/198	A161/1-98	37.234	94	57	2	2	94	2	94	1.04e-16	61.2
A158/198	A47/1-96	41.379	87	49	2	2	87	2	87	1.05e-16	61.2
A158/198	A146/1-97	38.542	96	56	3	2	96	2	95	1.33e-16	60.8
A158/198	A42/1-104	36.559	93	53	2	2	88	2	94	1.33e-16	60.8
A158/198	A64/1-99	31.818	88	59	1	2	88	2	89	2.36e-16	60.5
A158/198	A117/1-97	36.735	98	59	3	2	98	2	97	2.60e-16	60.1
A158/198	A124/1-97	40.964	83	47	2	2	83	2	83	2.81e-16	60.1
A158/198	A45/1-98	38.202	89	49	3	2	87	2	87	3.48e-16	59.7
A158/198	A10/1-98	34.021	97	64	0	2	98	2	98	4.67e-16	59.7
A158/198	A132/1-97	31.959	97	65	1	2	98	2	97	8.46e-16	58.9
A158/198	A80/1-97	36.145	83	51	2	2	83	2	83	1.04e-15	58.5
A158/198	A23/1-98	35.714	98	57	3	1	95	1	95	1.04e-15	58.5
A158/198	A128/1-97	37.931	87	52	2	2	87	2	87	1.36e-15	58.2
A158/198	A37/1-96	31.959	97	64	1	2	98	2	96	2.34e-15	57.8
A158/198	A2/1-97	32.353	102	60	2	1	98	1	97	2.50e-15	57.8
A158/198	A91/1-97	37.113	97	58	3	2	97	2	96	6.74e-15	56.6
A158/198	A102/1-97	37.931	87	52	2	2	87	2	87	9.63e-15	56.2
A158/198	A21/1-98	44.186	86	47	1	2	87	3	87	2.14e-14	55.5
A158/198	A38/1-98	35.052	97	63	0	2	98	2	98	2.31e-14	55.1
A158/198	A12/1-98	30.208	96	64	2	2	95	2	96	2.57e-14	55.1
A158/198	A139/1-97	32.584	89	58	2	8	96	9	95	4.22e-14	54.7
A158/198	A166/1-99	32.099	81	55	0	15	95	16	96	7.64e-14	53.9
A158/198	A166/1-99	60.000	10	4	0	86	95	1	10	3.1	17.3
A158/198	A135/1-97	33.333	87	56	2	2	87	2	87	1.30e-12	50.8
A158/198	A133/1-95	31.034	87	58	1	1	87	1	85	6.80e-10	43.5
A159/198	A159/1-98	100.000	98	0	0	1	98	1	98	1.31e-72	202
A159/198	A108/1-99	50.000	100	47	2	1	98	1	99	6.86e-32	99.8
A159/198	A141/1-98	46.939	98	52	0	1	98	1	98	8.16e-30	94.4
A159/198	A75/1-99	45.455	99	51	2	2	98	2	99	7.12e-28	89.7
A159/198	A28/1-100	47.475	99	50	1	2	98	2	100	1.39e-27	89.0
A159/198	A64/1-99	46.739	92	48	1	1	91	1	92	1.09e-26	86.7
A159/198	A7/1-97	43.820	89	49	1	1	89	2	89	3.44e-26	85.5
A159/198	A53/1-99	43.011	93	50	2	1	91	1	92	3.92e-26	85.1
A159/198	A130/1-99	42.857	91	51	1	1	90	1	91	2.08e-25	83.2
A159/198	A86/1-99	45.455	99	51	2	2	98	2	99	2.89e-25	83.2
A159/198	A148/1-102	48.837	86	41	1	1	83	1	86	9.47e-25	81.6
A159/198	A152/1-99	45.556	90	46	2	2	89	2	90	1.36e-24	81.3
A159/198	A97/1-99	41.053	95	55	1	2	95	2	96	2.42e-24	80.5
A159/198	A59/1-98	40.230	87	52	0	2	88	2	88	3.04e-24	80.5
A159/198	A49/1-100	43.617	94	45	3	1	89	4	94	3.11e-24	80.5
A159/198	A158/1-98	41.379	87	51	0	2	88	2	88	4.41e-24	80.1
A159/198	A52/1-98	40.000	90	54	0	1	90	1	90	1.07e-23	79.0
A159/198	A42/1-104	41.346	104	55	3	1	98	1	104	1.82e-23	78.6
A159/198	A78/1-96	45.556	90	44	2	1	90	4	88	1.94e-23	78.2
A159/198	A126/1-99	40.659	91	53	1	5	94	5	95	2.07e-23	78.2
A159/198	A20/1-102	42.553	94	49	2	2	91	2	94	4.16e-23	77.4
A159/198	A115/1-99	41.414	99	54	2	1	98	4	99	5.41e-23	77.4
A159/198	A89/1-96	44.828	87	43	2	1	87	4	85	7.83e-23	76.6
A159/198	A107/1-98	40.449	89	53	0	1	89	1	89	2.54e-22	75.5
A159/198	A162/1-99	45.455	88	46	1	10	95	11	98	5.81e-22	74.7
A159/198	A14/1-100	38.614	101	58	2	1	98	1	100	7.07e-22	74.3
A159/198	A35/1-99	39.583	96	55	2	1	94	1	95	7.80e-22	74.3
A159/198	A44/1-97	39.175	97	58	1	2	98	2	97	9.18e-22	73.9
A159/198	A136/1-98	39.773	88	53	0	2	89	2	89	1.26e-21	73.6
A159/198	A48/1-98	37.500	88	55	0	2	89	2	89	2.17e-21	73.2
A159/198	A111/1-96	40.000	90	52	1	1	90	1	88	4.08e-21	72.4
A159/198	A74/1-98	36.364	88	56	0	1	88	1	88	4.70e-21	72.4
A159/198	A67/1-95	40.909	88	50	1	2	89	2	87	5.35e-21	72.0
A159/198	A63/1-98	36.170	94	60	0	1	94	1	94	6.17e-21	72.0
A159/198	A121/1-97	40.206	97	57	1	2	98	2	97	9.85e-21	71.6
A159/198	A119/1-97	36.364	88	55	1	2	89	2	88	1.54e-20	70.9
A159/198	A155/1-98	38.947	95	58	0	2	96	2	96	1.66e-20	70.9
A159/198	A125/1-98	38.636	88	54	0	2	89	2	89	2.09e-20	70.5
A159/198	A144/1-96	38.144	97	58	1	2	98	2	96	2.62e-20	70.5
A159/198	A81/1-98	40.449	89	53	0	2	90	2	90	3.83e-20	70.1
A159/198	A66/1-97	40.206	97	57	1	2	98	2	97	5.09e-20	69.7
A159/198	A31/1-95	43.678	87	47	1	1	87	1	85	5.31e-20	69.7
A159/198	A118/1-98	35.106	94	61	0	2	95	2	95	7.69e-20	69.3
A159/198	A34/1-97	37.500	88	54	1	1	88	1	87	7.77e-20	69.3
A159/198	A96/1-98	37.634	93	56	1	2	94	2	92	8.21e-20	68.9
A159/198	A21/1-98	42.857	98	55	1	1	98	2	98	1.49e-19	68.6
A159/198	A60/1-99	38.947	95	54	2	1	94	4	95	1.54e-19	68.6
A159/198	A16/1-97	38.636	88	53	1	2	89	2	88	2.30e-19	68.2
A159/198	A104/1-99	36.842	95	56	2	1	94	4	95	2.99e-19	67.8
A159/198	A77/1-97	38.614	101	53	2	2	98	2	97	4.47e-19	67.4
A159/198	A82/1-99	38.947	95	54	2	1	94	4	95	4.67e-19	67.0
A159/198	A103/1-98	35.955	89	57	0	2	90	2	90	4.77e-19	67.0
A159/198	A100/1-96	40.230	87	50	1	1	87	1	85	5.62e-19	67.0
A159/198	A3/1-98	38.636	88	54	0	1	88	1	88	6.26e-19	67.0
A159/198	A71/1-99	38.710	93	50	2	1	89	4	93	8.30e-19	66.6
A159/198	A13/1-103	35.484	93	55	1	2	89	2	94	1.02e-18	66.2
A159/198	A17/1-103	33.981	103	63	1	1	98	1	103	1.81e-18	65.9
A159/198	A147/1-98	35.955	89	57	0	1	89	1	89	2.09e-18	65.5
A159/198	A137/1-98	40.230	87	48	2	1	87	4	86	2.09e-18	65.5
A159/198	A122/1-96	35.052	97	61	1	2	98	2	96	4.47e-18	64.7
A159/198	A167/1-98	33.708	89	59	0	2	90	2	90	7.05e-18	64.3
A159/198	A19/1-97	35.955	89	55	2	2	89	2	89	8.56e-18	63.9
A159/198	A30/1-97	34.021	97	63	1	2	98	2	97	8.66e-18	63.9
A159/198	A9/1-95	38.202	89	53	1	2	90	2	88	1.15e-17	63.5
A159/198	A105/1-97	39.326	89	52	2	2	89	2	89	1.27e-17	63.5
A159/198	A110/1-97	35.052	97	62	1	2	98	2	97	1.71e-17	63.2
A159/198	A163/1-98	30.851	94	65	0	2	95	2	95	2.32e-17	62.8
A159/198	A41/1-98	34.483	87	57	0	2	88	2	88	2.62e-17	62.8
A159/198	A114/1-98	33.721	86	57	0	1	86	1	86	3.15e-17	62.4
A159/198	A85/1-98	34.483	87	57	0	2	88	2	88	6.09e-17	61.6
A159/198	A73/1-97	35.955	89	55	2	2	89	2	89	6.30e-17	61.6
A159/198	A6/1-97	36.047	86	54	1	1	86	1	85	8.62e-17	61.2
A159/198	A88/1-97	35.052	97	62	1	2	98	2	97	1.32e-16	60.8
A159/198	A129/1-98	34.783	92	57	1	2	90	2	93	2.28e-16	60.5
A159/198	A135/1-97	37.500	88	53	2	1	87	1	87	3.56e-16	59.7
A159/198	A92/1-98	35.227	88	57	0	2	89	2	89	4.01e-16	59.7
A159/198	A143/1-97	32.990	97	64	1	2	98	2	97	4.23e-16	59.7
A159/198	A58/1-97	36.047	86	53	2	2	86	2	86	4.57e-16	59.7
A159/198	A151/1-99	30.392	102	61	3	1	98	4	99	5.09e-16	59.3
A159/198	A99/1-97	35.644	101	56	2	2	98	2	97	5.49e-16	59.3
A159/198	A95/1-97	37.079	89	54	2	2	89	2	89	5.61e-16	59.3
A159/198	A24/1-98	31.034	87	60	0	2	88	2	88	5.86e-16	59.3
A159/198	A140/1-99	31.633	98	66	1	2	98	2	99	9.53e-16	58.9
A159/198	A150/1-96	34.783	92	51	2	2	89	2	88	1.28e-15	58.5
A159/198	A93/1-99	34.940	83	51	1	1	83	4	83	1.73e-15	58.2
A159/198	A10/1-98	30.682	88	61	0	1	88	1	88	2.84e-15	57.4
A159/198	A154/1-97	33.663	101	58	2	2	98	2	97	2.87e-15	57.4
A159/198	A56/1-93	30.337	89	59	2	2	90	2	87	3.72e-15	57.4
A159/198	A33/1-97	35.106	94	59	2	2	94	2	94	4.24e-15	57.0
A159/198	A37/1-96	35.714	84	52	1	2	85	2	83	4.47e-15	57.0
A159/198	A5/1-98	38.202	89	52	2	2	88	2	89	4.52e-15	57.0
A159/198	A47/1-96	36.170	94	58	2	2	94	2	94	4.62e-15	57.0
A159/198	A84/1-97	34.831	89	56	2	2	89	2	89	4.67e-15	57.0
A159/198	A55/1-97	29.897	97	67	1	2	98	2	97	4.98e-15	57.0
A159/198	A45/1-98	34.343	99	61	2	2	98	2	98	5.73e-15	56.6
A159/198	A69/1-97	35.294	85	53	2	2	85	2	85	8.64e-15	56.2
A159/198	A23/1-98	36.782	87	54	1	12	98	13	98	1.01e-14	56.2
A159/198	A132/1-97	33.663	101	58	2	2	98	2	97	2.44e-14	55.1
A159/198	A117/1-97	33.708	89	57	2	2	89	2	89	3.09e-14	54.7
A159/198	A70/1-98	30.682	88	61	0	2	89	2	89	4.13e-14	54.7
A159/198	A27/1-98	34.444	90	53	3	2	88	2	88	6.64e-14	53.9
A159/198	A157/1-97	32.941	85	55	2	2	85	2	85	6.86e-14	53.9
A159/198	A62/1-96	32.955	88	58	1	2	89	2	88	7.01e-14	53.9
A159/198	A51/1-96	29.070	86	60	1	2	87	2	86	1.61e-13	53.1
A159/198	A128/1-97	34.653	101	49	3	1	94	4	94	1.66e-13	53.1
A159/198	A40/1-96	32.955	88	58	1	2	89	2	88	1.99e-13	52.8
A159/198	A139/1-97	34.409	93	51	3	2	89	2	89	2.81e-13	52.4
A159/198	A133/1-95	31.579	95	62	2	2	95	2	94	3.03e-13	52.4
A159/198	A26/1-97	33.333	87	56	2	2	87	2	87	5.98e-13	51.6
A159/198	A12/1-98	35.714	84	51	2	2	83	2	84	8.53e-13	51.2
A159/198	A124/1-97	36.145	83	51	2	2	83	2	83	1.83e-12	50.4
A159/198	A146/1-97	32.500	80	53	1	10	89	11	89	3.52e-12	49.7
A159/198	A38/1-98	29.412	85	60	0	2	86	2	86	3.68e-12	49.7
A159/198	A166/1-99	30.928	97	64	3	2	96	2	97	3.92e-12	49.3
A159/198	A161/1-98	32.584	89	54	3	2	87	2	87	5.71e-12	48.9
A159/198	A2/1-97	30.108	93	64	1	2	94	2	93	6.63e-12	48.9
A159/198	A113/1-96	26.882	93	67	1	2	94	2	93	1.35e-11	48.1
A159/198	A80/1-97	30.120	83	56	2	2	83	2	83	2.37e-10	44.7
A159/198	A102/1-97	26.596	94	67	2	2	94	2	94	3.47e-10	44.3
A159/198	A91/1-97	28.916	83	57	2	2	83	2	83	5.32e-10	43.9
A161/198	A161/1-98	100.000	98	0	0	1	98	1	98	2.16e-71	199
A161/198	A58/1-97	44.444	90	50	0	2	91	2	91	3.24e-28	90.5
A161/198	A84/1-97	41.667	96	55	1	2	97	2	96	1.22e-26	86.7
A161/198	A135/1-97	42.697	89	51	0	2	90	2	90	1.09e-25	84.0
A161/198	A146/1-97	43.820	89	50	0	2	90	2	90	1.86e-25	83.6
A161/198	A166/1-99	40.816	98	57	1	2	98	2	99	5.03e-25	82.4
A161/198	A73/1-97	44.444	90	50	0	2	91	2	91	7.14e-25	82.0
A161/198	A91/1-97	38.889	90	55	0	2	91	2	91	7.37e-25	82.0
A161/198	A26/1-97	42.222	90	52	0	2	91	2	91	8.31e-25	81.6
A161/198	A102/1-97	38.889	90	55	0	2	91	2	91	1.18e-24	81.3
A161/198	A95/1-97	40.449	89	53	0	2	90	2	90	6.60e-24	79.7
A161/198	A128/1-97	37.634	93	58	0	2	94	2	94	1.08e-23	79.0
A161/198	A80/1-97	38.710	93	57	0	2	94	2	94	1.09e-23	79.0
A161/198	A19/1-97	36.667	90	57	0	2	91	2	91	1.22e-23	79.0
A161/198	A110/1-97	40.860	93	53	1	4	94	1	93	1.28e-23	79.0
A161/198	A157/1-97	40.000	90	54	0	2	91	2	91	4.45e-23	77.4
A161/198	A105/1-97	40.426	94	55	1	2	95	2	94	7.92e-23	76.6
A161/198	A33/1-97	38.202	89	55	0	2	90	2	90	9.33e-23	76.6
A161/198	A124/1-97	41.573	89	52	0	2	90	2	90	1.49e-22	76.3
A161/198	A47/1-96	41.489	94	55	0	1	94	1	94	1.64e-22	75.9
A161/198	A117/1-97	40.449	89	53	0	2	90	2	90	1.74e-22	75.9
A161/198	A113/1-96	39.506	81	49	0	5	85	4	84	1.00e-21	73.9
A161/198	A66/1-97	41.463	82	48	0	13	94	12	93	1.71e-21	73.6
A161/198	A16/1-97	38.710	93	57	0	5	97	4	96	4.40e-21	72.4
A161/198	A44/1-97	38.889	90	55	0	5	94	4	93	4.50e-21	72.4
A161/198	A62/1-96	36.782	87	55	0	5	91	4	90	1.06e-20	71.2
A161/198	A77/1-97	38.889	90	55	0	5	94	4	93	1.32e-20	71.2
A161/198	A88/1-97	35.165	91	59	0	4	94	3	93	1.38e-20	71.2
A161/198	A167/1-98	45.122	82	44	1	18	98	17	98	1.77e-20	70.9
A161/198	A143/1-97	36.667	90	57	0	5	94	4	93	1.98e-20	70.9
A161/198	A139/1-97	36.264	91	58	0	1	91	1	91	2.77e-20	70.5
A161/198	A85/1-98	44.828	87	46	2	2	87	2	87	3.22e-20	70.1
A161/198	A126/1-99	43.529	85	46	2	13	95	12	96	3.33e-20	70.1
A161/198	A5/1-98	40.449	89	46	2	11	92	10	98	6.05e-20	69.3
A161/198	A132/1-97	34.884	86	56	0	9	94	8	93	1.35e-19	68.6
A161/198	A121/1-97	36.667	90	57	0	5	94	4	93	1.44e-19	68.6
A161/198	A78/1-96	40.860	93	54	1	5	97	4	95	1.85e-19	68.2
A161/198	A51/1-96	40.845	71	42	0	21	91	20	90	2.02e-19	68.2
A161/198	A69/1-97	33.708	89	59	0	2	90	2	90	2.05e-19	68.2
A161/198	A52/1-98	43.421	76	42	1	13	87	12	87	2.05e-19	68.2
A161/198	A99/1-97	34.043	94	61	1	1	94	1	93	3.33e-19	67.4
A161/198	A30/1-97	37.209	86	54	0	9	94	8	93	3.72e-19	67.4
A161/198	A55/1-97	36.585	82	52	0	13	94	12	93	4.01e-19	67.4
A161/198	A163/1-98	38.144	97	58	2	2	97	2	97	4.05e-19	67.4
A161/198	A63/1-98	41.237	97	55	2	2	97	2	97	4.14e-19	67.4
A161/198	A130/1-99	36.735	98	60	1	2	97	1	98	1.44e-18	65.9
A161/198	A96/1-98	41.667	84	48	1	5	87	4	87	1.54e-18	65.9
A161/198	A40/1-96	41.111	90	52	1	9	98	8	96	1.72e-18	65.9
A161/198	A34/1-97	41.489	94	53	2	2	94	1	93	4.47e-18	64.7
A161/198	A70/1-98	39.560	91	54	1	5	94	4	94	4.87e-18	64.7
A161/198	A150/1-96	37.931	87	54	0	5	91	4	90	5.43e-18	64.3
A161/198	A81/1-98	44.737	76	41	1	18	92	17	92	5.92e-18	64.3
A161/198	A162/1-99	37.209	86	53	1	13	97	13	98	9.04e-18	63.9
A161/198	A93/1-99	38.776	98	58	2	2	97	1	98	1.34e-17	63.5
A161/198	A115/1-99	38.776	98	58	2	2	97	1	98	1.46e-17	63.5
A161/198	A45/1-98	45.238	84	45	1	9	91	8	91	1.47e-17	63.5
A161/198	A24/1-98	36.082	97	60	2	2	97	2	97	1.93e-17	63.2
A161/198	A103/1-98	40.000	80	47	1	14	92	13	92	2.27e-17	62.8
A161/198	A118/1-98	40.000	90	43	2	4	87	3	87	2.95e-17	62.8
A161/198	A122/1-96	40.426	94	55	1	4	97	3	95	2.98e-17	62.8
A161/198	A154/1-97	37.662	77	48	0	18	94	17	93	3.32e-17	62.4
A161/198	A3/1-98	35.106	94	60	1	2	94	1	94	7.41e-17	61.6
A161/198	A158/1-98	37.234	94	57	2	2	94	2	94	1.04e-16	61.2
A161/198	A23/1-98	31.034	87	60	0	8	94	8	94	2.07e-16	60.5
A161/198	A108/1-99	36.364	88	53	2	2	87	2	88	2.16e-16	60.5
A161/198	A42/1-104	35.870	92	52	2	13	97	12	103	2.26e-16	60.5
A161/198	A107/1-98	40.230	87	50	2	2	87	2	87	2.49e-16	60.1
A161/198	A152/1-99	34.694	98	61	2	1	96	1	97	3.06e-16	60.1
A161/198	A2/1-97	37.363	91	57	0	4	94	3	93	3.23e-16	60.1
A161/198	A48/1-98	40.741	81	47	1	18	97	17	97	4.33e-16	59.7
A161/198	A37/1-96	31.111	90	61	1	5	94	4	92	6.53e-16	59.3
A161/198	A6/1-97	39.796	98	53	4	2	98	2	94	6.82e-16	58.9
A161/198	A14/1-100	39.326	89	50	2	2	87	2	89	7.51e-16	58.9
A161/198	A82/1-99	35.714	98	61	2	2	97	1	98	7.76e-16	58.9
A161/198	A74/1-98	39.080	87	51	2	2	87	2	87	8.84e-16	58.9
A161/198	A119/1-97	34.783	92	59	1	2	93	2	92	9.13e-16	58.9
A161/198	A41/1-98	36.264	91	57	1	8	97	7	97	9.13e-16	58.9
A161/198	A129/1-98	40.000	80	47	1	5	83	4	83	1.09e-15	58.5
A161/198	A104/1-99	36.735	98	60	2	2	97	1	98	1.09e-15	58.5
A161/198	A114/1-98	39.744	78	46	1	18	94	17	94	1.28e-15	58.5
A161/198	A89/1-96	35.484	93	59	1	5	97	4	95	1.67e-15	58.2
A161/198	A140/1-99	40.000	85	48	2	2	84	2	85	1.75e-15	58.2
A161/198	A92/1-98	35.526	76	48	1	18	92	17	92	1.84e-15	58.2
A161/198	A28/1-100	38.542	96	55	2	2	94	2	96	2.66e-15	57.8
A161/198	A17/1-103	37.255	102	58	2	2	97	1	102	4.28e-15	57.0
A161/198	A53/1-99	37.500	88	52	2	2	87	2	88	4.93e-15	57.0
A161/198	A100/1-96	35.417	96	61	1	2	97	1	95	5.32e-15	57.0
A161/198	A67/1-95	37.931	87	53	1	4	90	3	88	6.60e-15	56.6
A161/198	A60/1-99	35.714	98	61	2	2	97	1	98	6.89e-15	56.6
A161/198	A10/1-98	36.782	87	53	2	2	87	2	87	1.02e-14	56.2
A161/198	A27/1-98	38.776	98	56	3	2	97	2	97	1.13e-14	55.8
A161/198	A64/1-99	35.227	88	54	2	2	87	2	88	1.29e-14	55.8
A161/198	A12/1-98	33.333	93	60	1	4	94	3	95	2.16e-14	55.1
A161/198	A59/1-98	37.234	94	57	2	2	94	2	94	2.38e-14	55.1
A161/198	A21/1-98	49.296	71	35	1	18	87	17	87	2.96e-14	55.1
A161/198	A49/1-100	30.928	97	64	1	2	95	1	97	3.71e-14	54.7
A161/198	A9/1-95	35.616	73	46	1	17	89	16	87	5.41e-14	54.3
A161/198	A13/1-103	40.964	83	41	2	18	93	17	98	6.16e-14	53.9
A161/198	A86/1-99	36.782	87	49	2	2	86	5	87	6.57e-14	53.9
A161/198	A125/1-98	32.632	95	62	2	1	94	1	94	7.56e-14	53.9
A161/198	A148/1-102	39.583	96	47	4	10	97	9	101	8.51e-14	53.9
A161/198	A136/1-98	32.184	87	57	2	2	87	2	87	8.89e-14	53.5
A161/198	A31/1-95	34.884	86	55	1	2	87	1	85	1.20e-13	53.5
A161/198	A111/1-96	32.258	93	62	1	2	94	1	92	2.34e-13	52.8
A161/198	A35/1-99	38.961	77	45	1	23	97	22	98	3.68e-13	52.0
A161/198	A147/1-98	29.592	98	67	2	2	98	2	98	5.98e-13	51.6
A161/198	A71/1-99	34.118	85	54	2	13	95	12	96	6.88e-13	51.2
A161/198	A75/1-99	33.333	87	54	2	13	97	12	96	7.26e-13	51.2
A161/198	A155/1-98	32.584	89	57	2	9	95	8	95	1.15e-12	50.8
A161/198	A137/1-98	34.066	91	57	3	2	90	1	90	2.39e-12	50.1
A161/198	A144/1-96	34.524	84	54	1	4	87	3	85	2.75e-12	49.7
A161/198	A7/1-97	31.579	95	61	3	4	95	1	94	3.48e-12	49.7
A161/198	A151/1-99	37.681	69	41	1	21	87	20	88	5.47e-12	48.9
A161/198	A159/1-98	32.584	89	54	3	2	87	2	87	5.71e-12	48.9
A161/198	A20/1-102	29.703	101	65	2	2	97	2	101	9.35e-12	48.5
A161/198	A141/1-98	32.530	83	55	1	2	83	1	83	1.18e-11	48.1
A161/198	A97/1-99	31.579	76	50	1	13	86	12	87	1.35e-11	48.1
A161/198	A56/1-93	36.585	82	41	4	13	87	7	84	1.72e-10	45.1
A161/198	A38/1-98	35.106	94	59	2	2	94	2	94	7.56e-10	43.5
A161/198	A133/1-95	33.750	80	52	1	9	88	8	86	1.66e-09	42.7
A162/199	A162/1-99	100.000	99	0	0	1	99	1	99	1.29e-72	202
A162/199	A34/1-97	49.495	99	47	3	1	98	1	97	8.08e-31	97.1
A162/199	A49/1-100	52.577	97	43	2	1	95	1	96	9.25e-30	94.4
A162/199	A41/1-98	45.161	93	51	0	7	99	6	98	4.00e-29	92.8
A162/199	A63/1-98	46.465	99	52	1	1	99	1	98	4.09e-29	92.8
A162/199	A147/1-98	44.898	98	52	1	4	99	1	98	4.56e-29	92.8
A162/199	A74/1-98	43.478	92	51	1	1	92	1	91	1.17e-27	89.0
A162/199	A115/1-99	43.000	100	55	2	1	99	1	99	1.46e-27	89.0
A162/199	A158/1-98	45.833	96	49	1	7	99	3	98	1.93e-27	88.6
A162/199	A59/1-98	47.475	99	50	1	1	99	2	98	2.20e-27	88.6
A162/199	A126/1-99	40.816	98	56	2	3	99	3	99	2.25e-27	88.6
A162/199	A82/1-99	43.000	100	55	2	1	99	1	99	2.41e-27	88.2
A162/199	A53/1-99	50.000	90	43	2	1	89	1	89	5.05e-27	87.4
A162/199	A60/1-99	40.000	100	58	2	1	99	1	99	6.43e-27	87.4
A162/199	A148/1-102	46.316	95	47	2	9	99	8	102	1.28e-26	86.7
A162/199	A78/1-96	43.878	98	52	2	2	99	2	96	1.41e-26	86.3
A162/199	A104/1-99	40.000	100	58	2	1	99	1	99	1.72e-26	86.3
A162/199	A96/1-98	42.857	91	51	1	2	92	2	91	3.77e-26	85.1
A162/199	A81/1-98	43.878	98	54	1	2	99	2	98	1.20e-25	84.0
A162/199	A137/1-98	43.000	100	54	3	1	99	1	98	1.66e-25	83.6
A162/199	A118/1-98	46.739	92	45	2	2	90	2	92	2.38e-25	83.2
A162/199	A114/1-98	41.414	99	57	1	1	99	1	98	3.68e-25	82.8
A162/199	A144/1-96	42.857	98	53	2	2	99	2	96	2.09e-24	80.9
A162/199	A93/1-99	36.000	100	62	2	1	99	1	99	3.52e-24	80.1
A162/199	A163/1-98	39.286	84	49	1	5	86	2	85	3.68e-24	80.1
A162/199	A71/1-99	37.255	102	58	3	1	99	1	99	4.15e-24	80.1
A162/199	A159/1-98	45.918	98	50	2	1	98	1	95	6.63e-24	79.7
A162/199	A103/1-98	38.776	98	59	1	2	99	2	98	7.08e-24	79.3
A162/199	A28/1-100	42.000	100	55	2	2	99	2	100	8.61e-24	79.3
A162/199	A107/1-98	41.573	89	51	1	1	89	1	88	1.09e-23	79.0
A162/199	A85/1-98	42.857	91	51	1	2	92	2	91	1.30e-23	79.0
A162/199	A108/1-99	47.368	95	46	3	1	94	1	92	2.76e-23	78.2
A162/199	A70/1-98	39.796	98	58	1	2	99	2	98	5.43e-23	77.4
A162/199	A125/1-98	39.796	98	58	1	2	99	2	98	8.40e-23	76.6
A162/199	A20/1-102	40.000	95	53	1	9	99	8	102	9.67e-23	76.6
A162/199	A140/1-99	36.957	92	57	1	9	99	8	99	1.48e-22	76.3
A162/199	A136/1-98	43.182	88	49	1	2	89	2	88	1.51e-22	76.3
A162/199	A155/1-98	43.333	90	51	0	10	99	9	98	1.74e-22	75.9
A162/199	A152/1-99	44.944	89	47	2	2	89	2	89	2.52e-22	75.5
A162/199	A130/1-99	42.000	100	56	2	1	99	1	99	3.07e-22	75.5
A162/199	A48/1-98	44.086	93	48	2	2	94	2	90	3.54e-22	75.1
A162/199	A124/1-97	45.349	86	46	1	2	87	2	86	4.30e-22	75.1
A162/199	A92/1-98	38.776	98	59	1	2	99	2	98	5.18e-22	74.7
A162/199	A52/1-98	37.634	93	58	0	7	99	6	98	6.23e-22	74.7
A162/199	A75/1-99	43.678	87	47	2	2	87	2	87	6.30e-22	74.7
A162/199	A35/1-99	40.000	100	58	2	1	99	1	99	7.25e-22	74.3
A162/199	A86/1-99	39.394	99	58	2	2	99	2	99	9.22e-22	73.9
A162/199	A100/1-96	40.404	99	56	2	1	99	1	96	1.18e-21	73.9
A162/199	A111/1-96	36.364	99	60	2	1	99	1	96	1.26e-21	73.9
A162/199	A3/1-98	38.384	99	60	1	1	99	1	98	2.06e-21	73.2
A162/199	A129/1-98	40.860	93	51	2	2	94	2	90	2.08e-21	73.2
A162/199	A19/1-97	41.860	86	49	1	2	87	2	86	2.59e-21	73.2
A162/199	A122/1-96	40.625	96	52	2	7	99	3	96	2.83e-21	72.8
A162/199	A64/1-99	42.045	88	49	2	1	87	1	87	2.83e-21	72.8
A162/199	A167/1-98	36.782	87	55	0	9	95	8	94	3.02e-21	72.8
A162/199	A27/1-98	39.130	92	54	2	9	99	8	98	4.47e-21	72.4
A162/199	A135/1-97	41.379	87	50	1	1	87	1	86	5.09e-21	72.4
A162/199	A119/1-97	36.735	98	60	2	2	99	2	97	7.45e-21	71.6
A162/199	A66/1-97	43.373	83	46	1	13	95	12	93	1.23e-20	71.2
A162/199	A6/1-97	37.374	99	60	2	1	99	1	97	1.96e-20	70.9
A162/199	A14/1-100	47.253	91	45	2	1	89	1	90	2.03e-20	70.9
A162/199	A89/1-96	36.735	98	59	2	2	99	2	96	2.41e-20	70.5
A162/199	A58/1-97	37.113	97	59	2	2	98	2	96	3.60e-20	70.1
A162/199	A13/1-103	37.864	103	58	2	2	99	2	103	4.06e-20	70.1
A162/199	A24/1-98	37.755	98	60	1	2	99	2	98	4.24e-20	69.7
A162/199	A151/1-99	35.354	99	62	2	2	99	2	99	4.29e-20	69.7
A162/199	A67/1-95	40.594	101	50	4	2	99	2	95	4.29e-20	69.7
A162/199	A42/1-104	37.624	101	56	3	1	95	1	100	4.99e-20	69.7
A162/199	A105/1-97	39.535	86	51	1	2	87	2	86	7.71e-20	69.3
A162/199	A31/1-95	43.023	86	46	2	1	86	1	83	1.12e-19	68.9
A162/199	A161/1-98	37.113	97	60	1	2	98	2	97	1.39e-19	68.6
A162/199	A17/1-103	39.423	104	57	2	1	99	1	103	2.81e-19	67.8
A162/199	A80/1-97	42.268	97	54	2	2	98	2	96	3.20e-19	67.8
A162/199	A47/1-96	40.659	91	51	2	2	90	2	91	3.73e-19	67.4
A162/199	A95/1-97	39.796	98	57	2	2	99	2	97	7.97e-19	66.6
A162/199	A141/1-98	39.326	89	53	1	1	89	1	88	1.29e-18	66.2
A162/199	A44/1-97	38.889	90	54	1	10	99	9	97	1.58e-18	65.9
A162/199	A117/1-97	37.931	87	51	2	2	87	2	86	2.21e-18	65.5
A162/199	A73/1-97	37.500	96	58	2	2	97	2	95	2.87e-18	65.1
A162/199	A91/1-97	38.144	97	58	2	2	98	2	96	3.06e-18	65.1
A162/199	A97/1-99	34.831	89	56	2	2	89	2	89	3.49e-18	65.1
A162/199	A84/1-97	39.796	98	57	2	2	99	2	97	3.56e-18	65.1
A162/199	A146/1-97	38.372	86	52	1	2	87	2	86	4.83e-18	64.7
A162/199	A23/1-98	35.714	98	62	1	2	99	2	98	5.87e-18	64.3
A162/199	A26/1-97	40.698	86	50	1	2	87	2	86	7.06e-18	64.3
A162/199	A33/1-97	37.647	85	52	1	2	86	2	85	1.32e-17	63.5
A162/199	A21/1-98	42.424	99	55	1	1	99	2	98	1.61e-17	63.2
A162/199	A69/1-97	38.824	85	51	1	2	86	2	85	2.11e-17	63.2
A162/199	A121/1-97	41.379	87	45	3	2	86	2	84	3.55e-17	62.4
A162/199	A16/1-97	37.647	85	51	2	2	86	2	84	4.41e-17	62.0
A162/199	A150/1-96	37.895	95	57	2	5	99	4	96	4.71e-17	62.0
A162/199	A128/1-97	36.047	86	54	1	2	87	2	86	4.76e-17	62.0
A162/199	A9/1-95	38.095	84	45	2	8	86	2	83	5.97e-17	62.0
A162/199	A38/1-98	36.735	98	61	1	2	99	2	98	1.10e-16	61.2
A162/199	A10/1-98	36.364	88	54	1	4	89	1	88	3.45e-16	60.1
A162/199	A113/1-96	35.789	95	57	3	2	95	2	93	3.49e-16	60.1
A162/199	A166/1-99	32.990	97	65	0	2	98	2	98	4.62e-16	59.7
A162/199	A2/1-97	35.955	89	52	2	13	99	12	97	5.74e-16	59.3
A162/199	A7/1-97	32.143	84	55	1	1	84	2	83	6.40e-16	59.3
A162/199	A12/1-98	32.990	97	61	3	2	96	2	96	9.86e-16	58.9
A162/199	A143/1-97	33.673	98	63	2	2	99	2	97	1.24e-15	58.5
A162/199	A51/1-96	34.737	95	57	3	8	99	4	96	1.32e-15	58.5
A162/199	A56/1-93	37.778	90	51	3	10	99	9	93	2.01e-15	57.8
A162/199	A110/1-97	35.106	94	59	2	2	95	2	93	2.44e-15	57.8
A162/199	A154/1-97	31.034	87	59	1	10	96	9	94	4.67e-15	57.0
A162/199	A102/1-97	36.471	85	53	1	2	86	2	85	5.93e-15	56.6
A162/199	A157/1-97	28.866	97	67	2	2	98	2	96	8.29e-15	56.2
A162/199	A77/1-97	36.170	94	58	2	2	95	2	93	1.32e-14	55.8
A162/199	A45/1-98	35.632	87	51	3	2	86	2	85	1.32e-14	55.8
A162/199	A40/1-96	35.165	91	53	3	10	98	9	95	2.75e-14	55.1
A162/199	A5/1-98	35.955	89	53	3	13	99	12	98	5.24e-14	54.3
A162/199	A62/1-96	35.714	98	60	3	2	99	2	96	7.73e-14	53.9
A162/199	A132/1-97	30.682	88	56	2	10	95	9	93	8.33e-14	53.9
A162/199	A99/1-97	36.471	85	52	2	2	86	2	84	1.18e-13	53.5
A162/199	A88/1-97	31.915	94	62	2	2	95	2	93	1.20e-13	53.5
A162/199	A133/1-95	38.667	75	44	1	13	87	12	84	1.30e-13	53.1
A162/199	A37/1-96	29.348	92	63	2	5	96	4	93	1.81e-13	52.8
A162/199	A30/1-97	33.735	83	53	2	2	84	2	82	3.76e-13	52.0
A162/199	A139/1-97	32.653	98	62	3	2	98	2	96	1.79e-12	50.4
A162/199	A55/1-97	29.070	86	59	2	2	87	2	85	6.55e-11	46.2
A163/198	A163/1-98	100.000	98	0	0	1	98	1	98	1.09e-71	200
A163/198	A118/1-98	45.833	96	52	0	2	97	2	97	6.97e-28	89.7
A163/198	A96/1-98	48.837	86	44	0	2	87	2	87	1.60e-27	88.6
A163/198	A78/1-96	41.237	97	55	1	1	97	1	95	1.40e-26	86.3
A163/198	A122/1-96	47.423	97	49	1	1	97	1	95	1.99e-26	85.9
A163/198	A74/1-98	42.222	90	52	0	2	91	2	91	8.23e-26	84.3
A163/198	A34/1-97	42.553	94	53	1	2	95	2	94	4.27e-25	82.4
A163/198	A103/1-98	42.222	90	52	0	2	91	2	91	3.51e-24	80.1
A163/198	A126/1-99	45.238	84	45	1	5	87	5	88	6.46e-24	79.7
A163/198	A144/1-96	42.268	97	54	1	1	97	1	95	8.76e-24	79.3
A163/198	A85/1-98	43.023	86	49	0	2	87	2	87	9.77e-24	79.0
A163/198	A136/1-98	38.372	86	53	0	2	87	2	87	3.00e-23	77.8
A163/198	A42/1-104	41.176	102	54	2	2	97	2	103	3.78e-23	77.8
A163/198	A41/1-98	37.113	97	61	0	1	97	1	97	4.49e-23	77.4
A163/198	A162/1-99	38.158	76	47	0	10	85	11	86	8.27e-23	76.6
A163/198	A147/1-98	37.647	85	53	0	2	86	2	86	8.55e-23	76.6
A163/198	A92/1-98	39.560	91	55	0	1	91	1	91	8.74e-23	76.6
A163/198	A59/1-98	39.535	86	52	0	2	87	2	87	8.74e-23	76.6
A163/198	A70/1-98	37.778	90	56	0	2	91	2	91	9.13e-23	76.6
A163/198	A93/1-99	41.489	94	54	1	5	97	5	98	1.04e-22	76.6
A163/198	A48/1-98	29.897	97	68	0	2	98	2	98	1.06e-22	76.6
A163/198	A111/1-96	39.785	93	54	1	2	94	2	92	1.07e-22	76.6
A163/198	A82/1-99	40.426	94	55	1	5	97	5	98	1.20e-22	76.3
A163/198	A104/1-99	39.362	94	56	1	5	97	5	98	1.59e-22	75.9
A163/198	A20/1-102	35.632	87	52	1	2	84	2	88	1.66e-22	75.9
A163/198	A60/1-99	38.298	94	57	1	5	97	5	98	4.29e-22	75.1
A163/198	A28/1-100	37.374	99	60	1	1	97	1	99	4.94e-22	74.7
A163/198	A155/1-98	36.458	96	61	0	2	97	2	97	6.77e-22	74.3
A163/198	A114/1-98	32.292	96	65	0	2	97	2	97	6.84e-22	74.3
A163/198	A89/1-96	40.625	96	55	1	2	97	2	95	8.24e-22	74.3
A163/198	A107/1-98	41.860	86	50	0	2	87	2	87	8.42e-22	74.3
A163/198	A115/1-99	41.489	94	54	1	5	97	5	98	9.80e-22	73.9
A163/198	A3/1-98	36.170	94	60	0	2	95	2	95	1.23e-21	73.9
A163/198	A81/1-98	38.889	90	55	0	2	91	2	91	1.86e-21	73.2
A163/198	A100/1-96	39.583	96	56	1	2	97	2	95	1.99e-21	73.2
A163/198	A71/1-99	43.373	83	47	0	5	87	5	87	3.07e-21	72.8
A163/198	A119/1-97	40.000	90	53	1	2	91	2	90	4.17e-21	72.4
A163/198	A63/1-98	36.458	96	61	0	2	97	2	97	4.45e-21	72.4
A163/198	A53/1-99	36.782	87	54	1	2	87	2	88	8.83e-21	71.6
A163/198	A17/1-103	38.614	101	57	2	2	97	2	102	9.03e-21	71.6
A163/198	A24/1-98	35.417	96	62	0	2	97	2	97	1.59e-20	70.9
A163/198	A140/1-99	42.857	84	47	1	2	84	2	85	3.83e-20	70.1
A163/198	A137/1-98	35.106	94	59	2	5	97	5	97	3.96e-20	70.1
A163/198	A35/1-99	39.175	97	58	1	2	97	2	98	4.14e-20	69.7
A163/198	A158/1-98	37.634	93	58	0	2	94	2	94	6.39e-20	69.3
A163/198	A167/1-98	38.824	85	52	0	1	85	1	85	6.53e-20	69.3
A163/198	A67/1-95	38.202	89	53	1	2	90	2	88	8.12e-20	69.3
A163/198	A148/1-102	36.905	84	50	1	4	84	4	87	1.14e-19	68.9
A163/198	A129/1-98	40.244	82	49	0	2	83	2	83	1.19e-19	68.6
A163/198	A125/1-98	30.682	88	61	0	2	89	2	89	1.35e-19	68.6
A163/198	A52/1-98	42.308	78	45	0	10	87	10	87	1.37e-19	68.6
A163/198	A110/1-97	41.489	94	54	1	2	95	2	94	1.61e-19	68.6
A163/198	A151/1-99	36.082	97	61	1	2	97	2	98	2.05e-19	68.2
A163/198	A146/1-97	40.698	86	50	1	6	91	7	91	2.18e-19	68.2
A163/198	A75/1-99	38.636	88	53	1	1	87	1	88	3.76e-19	67.4
A163/198	A161/1-98	38.144	97	58	2	2	97	2	97	4.05e-19	67.4
A163/198	A27/1-98	36.082	97	60	2	2	97	2	97	1.35e-18	65.9
A163/198	A45/1-98	39.080	87	53	0	2	88	2	88	1.53e-18	65.9
A163/198	A64/1-99	36.782	87	54	1	2	87	2	88	2.02e-18	65.5
A163/198	A13/1-103	34.066	91	55	1	2	87	2	92	2.18e-18	65.5
A163/198	A88/1-97	40.000	95	56	1	2	96	2	95	2.43e-18	65.5
A163/198	A55/1-97	38.298	94	57	1	2	95	2	94	3.23e-18	65.1
A163/198	A77/1-97	38.298	94	57	1	2	95	2	94	4.23e-18	64.7
A163/198	A49/1-100	34.118	85	54	1	5	87	5	89	4.28e-18	64.7
A163/198	A31/1-95	38.202	89	53	1	2	90	2	88	4.56e-18	64.7
A163/198	A108/1-99	35.106	94	60	1	2	94	2	95	5.80e-18	64.3
A163/198	A66/1-97	39.759	83	49	1	13	95	13	94	5.86e-18	64.3
A163/198	A97/1-99	36.458	96	60	1	1	95	1	96	9.34e-18	63.9
A163/198	A6/1-97	35.366	82	52	1	2	83	2	82	1.79e-17	63.2
A163/198	A135/1-97	36.170	94	58	2	2	94	2	94	1.83e-17	63.2
A163/198	A141/1-98	37.805	82	51	0	2	83	2	83	2.11e-17	63.2
A163/198	A159/1-98	30.851	94	65	0	2	95	2	95	2.32e-17	62.8
A163/198	A19/1-97	37.500	88	53	2	1	87	1	87	3.54e-17	62.4
A163/198	A154/1-97	34.409	93	60	1	2	94	2	93	6.79e-17	61.6
A163/198	A38/1-98	37.647	85	53	0	1	85	1	85	9.30e-17	61.2
A163/198	A16/1-97	37.079	89	55	1	2	90	2	89	1.13e-16	61.2
A163/198	A132/1-97	32.979	94	62	1	2	95	2	94	1.45e-16	60.8
A163/198	A113/1-96	36.471	85	53	1	1	85	1	84	1.69e-16	60.8
A163/198	A7/1-97	32.584	89	60	0	2	90	2	90	2.46e-16	60.1
A163/198	A99/1-97	33.684	95	62	1	2	96	2	95	2.90e-16	60.1
A163/198	A130/1-99	32.990	97	64	1	2	97	2	98	3.45e-16	59.7
A163/198	A10/1-98	36.047	86	55	0	2	87	2	87	6.46e-16	59.3
A163/198	A14/1-100	36.842	95	58	1	2	94	2	96	8.28e-16	58.9
A163/198	A152/1-99	32.941	85	56	1	2	85	2	86	9.23e-16	58.9
A163/198	A143/1-97	34.884	86	55	1	2	87	2	86	1.25e-15	58.5
A163/198	A51/1-96	32.979	94	62	1	1	94	1	93	1.78e-15	58.2
A163/198	A56/1-93	37.209	86	51	2	2	87	2	84	1.97e-15	57.8
A163/198	A121/1-97	32.292	96	60	2	2	95	2	94	2.12e-15	57.8
A163/198	A157/1-97	38.824	85	50	2	1	84	1	84	3.30e-15	57.4
A163/198	A44/1-97	33.721	86	56	1	2	87	2	86	3.68e-15	57.4
A163/198	A37/1-96	33.333	84	54	1	1	84	1	82	5.43e-15	56.6
A163/198	A30/1-97	39.759	83	49	1	1	83	1	82	7.43e-15	56.6
A163/198	A102/1-97	36.364	88	54	2	1	87	1	87	9.12e-15	56.2
A163/198	A133/1-95	38.372	86	51	1	2	87	2	85	9.22e-15	56.2
A163/198	A95/1-97	31.522	92	61	2	1	91	1	91	1.18e-14	55.8
A163/198	A86/1-99	36.471	85	53	1	1	84	1	85	3.79e-14	54.7
A163/198	A58/1-97	35.294	85	53	2	1	84	1	84	3.79e-14	54.7
A163/198	A124/1-97	32.558	86	56	2	1	85	1	85	4.91e-14	54.3
A163/198	A40/1-96	35.632	87	55	1	1	87	1	86	5.84e-14	54.3
A163/198	A84/1-97	31.818	88	58	2	1	87	1	87	6.64e-14	53.9
A163/198	A33/1-97	30.337	89	61	1	6	94	7	94	8.15e-14	53.9
A163/198	A128/1-97	32.955	88	57	2	1	87	1	87	8.98e-14	53.5
A163/198	A91/1-97	33.721	86	55	2	1	85	1	85	1.83e-13	52.8
A163/198	A26/1-97	31.818	88	58	2	1	87	1	87	2.32e-13	52.8
A163/198	A69/1-97	35.714	84	52	2	2	84	2	84	2.97e-13	52.4
A163/198	A9/1-95	36.585	82	48	2	7	87	7	85	3.10e-13	52.4
A163/198	A105/1-97	30.682	88	59	2	1	87	1	87	3.57e-13	52.0
A163/198	A62/1-96	33.708	89	58	1	2	90	2	89	4.19e-13	52.0
A163/198	A117/1-97	35.227	88	55	2	1	87	1	87	6.80e-13	51.2
A163/198	A80/1-97	33.721	86	55	2	1	85	1	85	1.40e-12	50.4
A163/198	A73/1-97	31.818	88	58	2	1	87	1	87	1.83e-12	50.4
A163/198	A139/1-97	31.707	82	55	1	6	87	7	87	1.93e-12	50.1
A163/198	A12/1-98	34.831	89	51	2	1	85	1	86	2.04e-12	50.1
A163/198	A23/1-98	34.247	73	47	1	12	84	13	84	2.55e-12	50.1
A163/198	A47/1-96	36.047	86	53	2	2	87	4	87	4.76e-12	49.3
A163/198	A5/1-98	35.227	88	54	2	2	87	2	88	4.81e-12	49.3
A163/198	A150/1-96	32.558	86	57	1	2	87	2	86	1.21e-11	48.1
A163/198	A166/1-99	31.633	98	66	1	1	97	1	98	9.34e-11	45.8
A163/198	A2/1-97	35.366	82	52	1	2	83	2	82	1.32e-10	45.4
A163/198	A21/1-98	32.292	96	65	0	2	97	2	97	1.77e-10	45.1
A166/199	A166/1-99	100.000	99	0	0	1	99	1	99	8.46e-72	200
A166/199	A26/1-97	49.438	89	44	1	1	89	1	88	9.67e-30	94.4
A166/199	A146/1-97	44.211	95	52	1	1	95	1	94	2.25e-26	85.9
A166/199	A135/1-97	42.268	97	54	2	2	98	2	96	7.91e-26	84.3
A166/199	A161/1-98	40.816	98	57	1	2	99	2	98	5.22e-25	82.4
A166/199	A124/1-97	39.583	96	57	1	1	96	1	95	1.35e-24	81.3
A166/199	A58/1-97	41.053	95	55	1	1	95	1	94	2.16e-24	80.9
A166/199	A19/1-97	46.667	90	47	1	1	90	1	89	2.40e-24	80.9
A166/199	A84/1-97	37.895	95	58	1	1	95	1	94	1.26e-23	79.0
A166/199	A33/1-97	42.553	94	53	1	2	95	2	94	1.35e-23	79.0
A166/199	A55/1-97	43.678	87	48	1	9	95	8	93	2.82e-23	77.8
A166/199	A102/1-97	38.542	96	58	1	1	96	1	95	4.92e-23	77.4
A166/199	A47/1-96	40.426	94	55	1	2	95	2	94	5.55e-23	77.4
A166/199	A113/1-96	46.154	91	48	1	5	95	4	93	6.12e-23	77.0
A166/199	A51/1-96	38.824	85	51	1	5	89	4	87	2.03e-22	75.9
A166/199	A63/1-98	41.237	97	53	1	2	98	5	97	2.34e-22	75.5
A166/199	A128/1-97	42.857	98	49	3	1	95	1	94	2.36e-22	75.5
A166/199	A73/1-97	37.113	97	60	1	1	97	1	96	3.69e-22	75.1
A166/199	A157/1-97	43.333	90	50	1	1	90	1	89	7.74e-22	74.3
A166/199	A110/1-97	42.105	95	52	2	5	97	2	95	1.07e-21	73.9
A166/199	A99/1-97	41.758	91	52	1	5	95	4	93	1.22e-21	73.9
A166/199	A143/1-97	38.043	92	56	1	5	96	4	94	1.36e-21	73.6
A166/199	A80/1-97	38.947	95	57	1	1	95	1	94	1.75e-21	73.6
A166/199	A95/1-97	35.417	96	61	1	1	96	1	95	1.81e-21	73.6
A166/199	A121/1-97	41.667	96	54	2	2	97	2	95	8.67e-21	71.6
A166/199	A117/1-97	36.667	90	56	1	1	90	1	89	1.65e-20	70.9
A166/199	A91/1-97	36.842	95	59	1	1	95	1	94	4.33e-20	69.7
A166/199	A78/1-96	41.489	94	53	2	5	98	4	95	2.26e-19	68.2
A166/199	A44/1-97	36.957	92	57	1	5	96	4	94	3.17e-19	67.8
A166/199	A154/1-97	37.634	93	57	1	5	97	4	95	4.78e-19	67.4
A166/199	A85/1-98	43.182	88	47	3	2	88	2	87	6.08e-19	67.0
A166/199	A167/1-98	40.404	99	58	1	1	99	1	98	6.70e-19	67.0
A166/199	A105/1-97	32.979	94	62	1	1	94	1	93	1.29e-18	66.2
A166/199	A27/1-98	41.414	99	55	3	2	99	2	98	1.53e-18	65.9
A166/199	A132/1-97	35.632	87	55	1	9	95	8	93	2.49e-18	65.5
A166/199	A5/1-98	40.741	81	47	1	9	88	8	88	2.49e-18	65.5
A166/199	A23/1-98	34.737	95	60	2	5	98	4	97	3.34e-18	65.1
A166/199	A77/1-97	37.363	91	56	1	5	95	4	93	3.45e-18	65.1
A166/199	A122/1-96	40.816	98	52	4	4	98	1	95	5.10e-18	64.7
A166/199	A107/1-98	39.130	92	53	3	2	92	2	91	5.33e-18	64.7
A166/199	A69/1-97	35.106	94	60	1	2	95	2	94	1.63e-17	63.2
A166/199	A66/1-97	37.805	82	50	1	14	95	13	93	1.70e-17	63.2
A166/199	A88/1-97	38.000	100	49	3	5	97	2	95	1.98e-17	63.2
A166/199	A16/1-97	36.782	87	54	1	5	91	4	89	3.05e-17	62.8
A166/199	A97/1-99	40.206	97	54	3	1	95	1	95	3.19e-17	62.4
A166/199	A89/1-96	36.842	95	58	2	4	98	3	95	3.63e-17	62.4
A166/199	A52/1-98	39.130	92	54	2	8	98	7	97	4.09e-17	62.4
A166/199	A130/1-99	40.404	99	56	2	2	98	1	98	1.60e-16	60.8
A166/199	A40/1-96	36.709	79	49	1	17	95	16	93	1.62e-16	60.8
A166/199	A12/1-98	36.458	96	58	2	4	96	1	96	2.26e-16	60.5
A166/199	A126/1-99	40.449	89	52	1	4	91	3	91	2.66e-16	60.1
A166/199	A62/1-96	36.842	95	55	3	5	97	4	95	2.84e-16	60.1
A166/199	A41/1-98	38.384	99	58	3	1	98	1	97	5.26e-16	59.3
A166/199	A30/1-97	39.759	83	47	2	4	84	1	82	5.26e-16	59.3
A166/199	A155/1-98	33.735	83	55	0	16	98	15	97	6.40e-16	59.3
A166/199	A144/1-96	39.759	83	48	1	16	98	15	95	8.29e-16	58.9
A166/199	A86/1-99	34.000	100	62	3	1	98	1	98	1.31e-15	58.5
A166/199	A9/1-95	34.146	82	52	1	16	97	15	94	1.38e-15	58.5
A166/199	A111/1-96	36.082	97	60	2	2	98	1	95	1.67e-15	58.2
A166/199	A82/1-99	37.113	97	59	2	3	98	3	98	3.20e-15	57.4
A166/199	A74/1-98	38.043	92	54	3	2	92	2	91	3.34e-15	57.4
A166/199	A45/1-98	34.694	98	63	1	1	98	1	97	3.34e-15	57.4
A166/199	A75/1-99	38.889	90	51	3	1	88	1	88	3.61e-15	57.4
A166/199	A139/1-97	34.043	94	61	1	2	95	2	94	5.44e-15	57.0
A166/199	A28/1-100	34.314	102	62	3	1	99	1	100	8.20e-15	56.2
A166/199	A37/1-96	32.609	92	60	2	5	96	4	93	1.11e-14	56.2
A166/199	A14/1-100	38.776	98	53	4	2	95	2	96	1.35e-14	55.8
A166/199	A70/1-98	38.710	93	55	2	5	96	4	95	1.47e-14	55.8
A166/199	A96/1-98	35.294	85	53	2	5	88	4	87	1.52e-14	55.8
A166/199	A21/1-98	38.095	84	52	0	16	99	15	98	2.07e-14	55.5
A166/199	A34/1-97	37.500	88	52	2	2	88	1	86	2.12e-14	55.5
A166/199	A56/1-93	39.560	91	49	3	7	94	3	90	3.02e-14	55.1
A166/199	A115/1-99	32.653	98	65	1	2	98	1	98	3.92e-14	54.7
A166/199	A35/1-99	34.000	100	60	3	5	99	1	99	4.32e-14	54.7
A166/199	A17/1-103	35.577	104	59	3	2	99	2	103	7.32e-14	53.9
A166/199	A151/1-99	37.805	82	48	2	16	95	15	95	7.65e-14	53.9
A166/199	A158/1-98	32.099	81	55	0	16	96	15	95	7.90e-14	53.9
A166/199	A158/1-98	60.000	10	4	0	1	10	86	95	3.2	17.3
A166/199	A162/1-99	34.118	85	56	0	14	98	14	98	8.79e-14	53.9
A166/199	A100/1-96	34.021	97	62	2	2	98	1	95	1.07e-13	53.5
A166/199	A150/1-96	29.670	91	63	1	5	95	4	93	1.14e-13	53.5
A166/199	A136/1-98	36.559	93	57	2	5	96	4	95	1.15e-13	53.5
A166/199	A104/1-99	34.021	97	62	2	3	98	3	98	1.22e-13	53.5
A166/199	A67/1-95	33.696	92	59	2	5	96	4	93	1.24e-13	53.5
A166/199	A3/1-98	36.364	88	53	3	2	88	2	87	1.40e-13	53.1
A166/199	A129/1-98	34.444	90	56	1	5	91	4	93	1.83e-13	52.8
A166/199	A13/1-103	39.796	98	49	4	2	92	2	96	3.17e-13	52.4
A166/199	A103/1-98	29.474	95	67	0	5	99	4	98	3.20e-13	52.4
A166/199	A133/1-95	39.759	83	44	2	16	96	15	93	5.09e-13	51.6
A166/199	A60/1-99	35.354	99	58	5	3	98	3	98	7.18e-13	51.2
A166/199	A81/1-98	31.915	94	64	0	5	98	4	97	8.16e-13	51.2
A166/199	A119/1-97	34.021	97	62	2	2	98	2	96	8.61e-13	51.2
A166/199	A10/1-98	34.737	95	58	3	5	96	2	95	1.52e-12	50.4
A166/199	A64/1-99	33.333	99	62	3	2	98	2	98	2.17e-12	50.1
A166/199	A93/1-99	33.696	92	57	2	8	98	10	98	2.93e-12	49.7
A166/199	A159/1-98	30.928	97	64	3	2	97	2	96	4.05e-12	49.3
A166/199	A42/1-104	32.692	104	63	3	2	99	2	104	6.63e-12	48.9
A166/199	A140/1-99	35.802	81	49	2	17	95	16	95	7.95e-12	48.5
A166/199	A118/1-98	34.375	96	58	4	2	95	2	94	8.76e-12	48.5
A166/199	A2/1-97	32.609	92	61	1	5	96	4	94	1.13e-11	48.1
A166/199	A141/1-98	32.632	95	59	3	5	95	1	94	1.32e-11	48.1
A166/199	A71/1-99	33.673	98	64	1	2	98	1	98	2.00e-11	47.8
A166/199	A137/1-98	30.303	99	62	4	3	98	3	97	3.24e-11	47.0
A166/199	A53/1-99	35.870	92	55	3	2	91	2	91	3.96e-11	47.0
A166/199	A49/1-100	35.714	98	58	3	3	97	3	98	7.37e-11	46.2
A166/199	A163/1-98	31.633	98	66	1	1	98	1	97	9.63e-11	45.8
A166/199	A92/1-98	33.333	81	54	0	5	85	4	84	9.63e-11	45.8
A166/199	A24/1-98	29.885	87	60	1	2	88	2	87	1.64e-10	45.4
A166/199	A152/1-99	34.091	88	54	3	2	87	2	87	1.87e-10	45.1
A166/199	A31/1-95	34.247	73	46	1	16	88	15	85	3.22e-10	44.7
A166/199	A108/1-99	29.293	99	66	3	2	98	2	98	3.90e-10	44.3
A166/199	A59/1-98	31.250	96	63	3	2	96	2	95	4.11e-10	44.3
A166/199	A20/1-102	31.461	89	51	4	2	85	5	88	4.52e-10	44.3
A166/199	A6/1-97	34.940	83	52	2	2	84	2	82	9.24e-10	43.5
A166/199	A147/1-98	32.000	100	63	4	2	99	2	98	2.54e-09	42.4
A166/199	A114/1-98	31.765	85	55	3	2	85	2	84	2.91e-09	42.0
A166/199	A7/1-97	32.632	95	60	3	5	96	2	95	5.74e-09	41.2
A166/199	A38/1-98	32.927	82	53	2	16	96	15	95	2.18e-08	39.7
A166/199	A125/1-98	27.083	96	67	3	2	96	2	95	2.78e-08	39.3
A166/199	A148/1-102	29.070	86	57	2	3	85	3	87	3.09e-08	39.3
A166/199	A48/1-98	27.711	83	60	0	16	98	15	97	2.91e-07	37.0
A167/198	A167/1-98	100.000	98	0	0	1	98	1	98	1.17e-70	197
A167/198	A70/1-98	43.011	93	53	0	2	94	2	94	1.63e-27	88.6
A167/198	A103/1-98	43.956	91	51	0	2	92	2	92	1.23e-26	86.7
A167/198	A41/1-98	43.878	98	55	0	1	98	1	98	8.69e-26	84.3
A167/198	A92/1-98	43.478	92	52	0	1	92	1	92	1.18e-25	84.0
A167/198	A34/1-97	46.237	93	49	1	2	94	2	93	2.53e-25	83.2
A167/198	A129/1-98	45.055	91	50	0	2	92	2	92	3.67e-25	82.8
A167/198	A85/1-98	49.412	85	43	0	2	86	2	86	6.12e-25	82.0
A167/198	A27/1-98	47.872	94	47	2	2	94	2	94	1.42e-24	81.3
A167/198	A81/1-98	41.758	91	53	0	2	92	2	92	2.27e-24	80.9
A167/198	A74/1-98	43.333	90	51	0	2	91	2	91	6.05e-24	79.7
A167/198	A140/1-99	45.745	94	50	1	2	94	2	95	8.76e-24	79.3
A167/198	A107/1-98	44.444	90	50	0	2	91	2	91	9.88e-24	79.0
A167/198	A63/1-98	40.860	93	55	0	2	94	2	94	5.18e-23	77.4
A167/198	A26/1-97	42.424	99	49	3	1	98	1	92	1.19e-22	76.3
A167/198	A52/1-98	43.956	91	51	0	2	92	2	92	1.38e-22	76.3
A167/198	A58/1-97	42.857	98	53	3	1	97	1	96	2.02e-22	75.9
A167/198	A136/1-98	39.560	91	55	0	2	92	2	92	3.19e-22	75.1
A167/198	A13/1-103	41.237	97	52	1	2	93	2	98	3.89e-22	75.1
A167/198	A44/1-97	39.785	93	55	1	2	94	2	93	3.93e-22	75.1
A167/198	A114/1-98	37.634	93	58	0	2	94	2	94	7.71e-22	74.3
A167/198	A110/1-97	43.011	93	52	1	2	94	2	93	8.33e-22	74.3
A167/198	A125/1-98	39.785	93	56	0	2	94	2	94	9.18e-22	73.9
A167/198	A152/1-99	42.708	96	54	1	2	96	2	97	9.39e-22	73.9
A167/198	A143/1-97	41.489	94	54	1	2	95	2	94	1.06e-21	73.9
A167/198	A20/1-102	37.000	100	59	1	2	97	2	101	3.11e-21	72.8
A167/198	A121/1-97	46.341	82	43	1	2	83	2	82	3.82e-21	72.4
A167/198	A104/1-99	38.298	94	57	1	5	97	5	98	6.80e-21	72.0
A167/198	A113/1-96	39.560	91	54	1	1	91	1	90	7.11e-21	72.0
A167/198	A151/1-99	40.000	95	56	1	2	95	2	96	1.01e-20	71.6
A167/198	A130/1-99	38.144	97	59	1	2	97	2	98	1.05e-20	71.2
A167/198	A147/1-98	36.082	97	62	0	2	98	2	98	1.24e-20	71.2
A167/198	A59/1-98	41.489	94	55	0	2	95	2	95	1.24e-20	71.2
A167/198	A55/1-97	46.341	82	43	1	2	83	2	82	1.59e-20	70.9
A167/198	A161/1-98	45.122	82	44	1	17	98	18	98	1.77e-20	70.9
A167/198	A162/1-99	36.364	88	56	0	10	97	11	98	1.79e-20	70.9
A167/198	A82/1-99	40.000	95	56	1	5	98	5	99	2.00e-20	70.9
A167/198	A115/1-99	41.053	95	55	1	5	98	5	99	2.16e-20	70.5
A167/198	A73/1-97	43.158	95	51	3	1	94	1	93	2.74e-20	70.5
A167/198	A19/1-97	39.080	87	51	2	1	86	1	86	3.63e-20	70.1
A167/198	A128/1-97	42.529	87	48	2	1	86	1	86	4.37e-20	69.7
A167/198	A48/1-98	36.458	96	61	0	2	97	2	97	4.37e-20	69.7
A167/198	A78/1-96	36.082	97	60	1	1	97	1	95	4.42e-20	69.7
A167/198	A99/1-97	42.683	82	46	1	2	83	2	82	4.87e-20	69.7
A167/198	A105/1-97	42.708	96	52	3	1	95	1	94	4.98e-20	69.7
A167/198	A60/1-99	36.709	79	50	0	5	83	5	83	5.20e-20	69.7
A167/198	A118/1-98	41.111	90	53	0	2	91	2	91	5.55e-20	69.7
A167/198	A96/1-98	41.176	85	50	0	2	86	2	86	5.73e-20	69.7
A167/198	A163/1-98	38.824	85	52	0	1	85	1	85	6.53e-20	69.3
A167/198	A30/1-97	37.234	94	58	1	1	94	1	93	7.69e-20	69.3
A167/198	A144/1-96	38.372	86	51	1	1	86	1	84	1.09e-19	68.9
A167/198	A84/1-97	40.404	99	56	3	1	98	1	97	1.37e-19	68.6
A167/198	A158/1-98	35.484	93	60	0	2	94	2	94	1.58e-19	68.6
A167/198	A6/1-97	40.426	94	55	1	2	95	2	94	2.68e-19	67.8
A167/198	A51/1-96	40.964	83	48	1	1	83	1	82	4.93e-19	67.0
A167/198	A35/1-99	35.714	98	62	1	2	98	2	99	5.44e-19	67.0
A167/198	A166/1-99	40.404	99	58	1	1	98	1	99	6.47e-19	67.0
A167/198	A88/1-97	37.634	93	57	1	2	94	2	93	7.86e-19	66.6
A167/198	A5/1-98	44.048	84	44	2	2	83	2	84	1.13e-18	66.2
A167/198	A126/1-99	36.957	92	57	1	5	95	5	96	1.18e-18	66.2
A167/198	A124/1-97	40.230	87	50	2	1	86	1	86	1.18e-18	66.2
A167/198	A17/1-103	36.275	102	60	1	2	98	2	103	1.43e-18	65.9
A167/198	A40/1-96	41.837	98	55	2	1	98	1	96	1.49e-18	65.9
A167/198	A80/1-97	40.426	94	53	3	1	93	1	92	1.54e-18	65.9
A167/198	A148/1-102	36.458	96	57	2	4	95	4	99	1.59e-18	65.9
A167/198	A66/1-97	41.667	84	48	1	11	94	11	93	1.61e-18	65.9
A167/198	A62/1-96	39.785	93	54	2	2	94	2	92	1.92e-18	65.5
A167/198	A95/1-97	38.384	99	58	3	1	98	1	97	2.07e-18	65.5
A167/198	A69/1-97	39.759	83	48	2	2	83	2	83	2.41e-18	65.5
A167/198	A23/1-98	38.298	94	56	2	2	94	2	94	2.74e-18	65.1
A167/198	A24/1-98	37.113	97	61	0	2	98	2	98	4.05e-18	64.7
A167/198	A38/1-98	34.737	95	62	0	1	95	1	95	6.46e-18	64.3
A167/198	A77/1-97	39.785	93	55	1	2	94	2	93	6.53e-18	64.3
A167/198	A159/1-98	33.708	89	59	0	2	90	2	90	7.05e-18	64.3
A167/198	A2/1-97	40.476	84	49	1	11	94	11	93	9.14e-18	63.9
A167/198	A3/1-98	38.750	80	49	0	14	93	14	93	1.32e-17	63.5
A167/198	A102/1-97	39.535	86	50	2	1	85	1	85	1.44e-17	63.5
A167/198	A122/1-96	37.113	97	59	1	1	97	1	95	1.52e-17	63.2
A167/198	A93/1-99	35.789	95	60	1	5	98	5	99	1.91e-17	63.2
A167/198	A154/1-97	36.559	93	58	1	2	94	2	93	2.04e-17	63.2
A167/198	A71/1-99	38.043	92	56	1	5	95	5	96	3.36e-17	62.4
A167/198	A150/1-96	38.144	97	58	2	2	98	2	96	3.51e-17	62.4
A167/198	A47/1-96	37.895	95	51	3	2	95	2	89	3.51e-17	62.4
A167/198	A67/1-95	39.286	84	49	1	2	85	2	83	7.73e-17	61.6
A167/198	A14/1-100	40.217	92	53	1	2	91	2	93	7.99e-17	61.6
A167/198	A119/1-97	35.870	92	58	1	2	93	2	92	8.81e-17	61.2
A167/198	A28/1-100	35.417	96	60	1	1	94	1	96	9.92e-17	61.2
A167/198	A89/1-96	36.458	96	59	1	2	97	2	95	1.07e-16	61.2
A167/198	A53/1-99	31.633	98	66	1	2	98	2	99	1.15e-16	61.2
A167/198	A135/1-97	38.372	86	51	2	2	86	2	86	1.53e-16	60.8
A167/198	A111/1-96	33.333	93	60	1	2	94	2	92	2.33e-16	60.5
A167/198	A86/1-99	33.684	95	62	1	1	94	1	95	2.46e-16	60.1
A167/198	A137/1-98	35.443	79	50	1	5	83	5	82	2.60e-16	60.1
A167/198	A56/1-93	40.000	90	51	2	2	91	2	88	2.81e-16	60.1
A167/198	A100/1-96	35.417	96	60	1	2	97	2	95	2.90e-16	60.1
A167/198	A10/1-98	41.379	87	51	0	2	88	2	88	3.34e-16	60.1
A167/198	A33/1-97	36.250	80	49	2	2	80	2	80	3.72e-16	59.7
A167/198	A16/1-97	36.585	82	51	1	2	83	2	82	3.88e-16	59.7
A167/198	A157/1-97	36.905	84	51	2	1	83	1	83	5.61e-16	59.3
A167/198	A132/1-97	35.484	93	59	1	2	94	2	93	6.25e-16	59.3
A167/198	A146/1-97	36.047	86	53	2	1	85	1	85	7.04e-16	58.9
A167/198	A45/1-98	38.372	86	49	2	2	85	2	85	1.45e-15	58.2
A167/198	A91/1-97	35.789	95	58	3	1	94	1	93	2.29e-15	57.8
A167/198	A7/1-97	31.915	94	63	1	2	95	2	94	2.63e-15	57.8
A167/198	A155/1-98	34.375	96	59	2	2	95	2	95	2.93e-15	57.4
A167/198	A117/1-97	39.080	87	51	2	1	86	1	86	4.19e-15	57.0
A167/198	A75/1-99	32.323	99	64	2	1	98	1	97	7.84e-15	56.2
A167/198	A37/1-96	32.979	94	61	1	1	94	1	92	1.03e-14	56.2
A167/198	A64/1-99	35.870	92	58	1	2	92	2	93	1.16e-14	55.8
A167/198	A21/1-98	36.559	93	59	0	2	94	2	94	1.20e-14	55.8
A167/198	A49/1-100	33.333	93	60	1	5	95	5	97	1.71e-14	55.5
A167/198	A108/1-99	33.721	86	56	1	2	86	2	87	1.90e-14	55.5
A167/198	A97/1-99	33.333	99	65	1	1	98	1	99	8.61e-14	53.5
A167/198	A141/1-98	33.333	93	59	1	5	94	2	94	1.03e-13	53.5
A167/198	A12/1-98	31.818	88	57	2	1	86	1	87	1.63e-13	53.1
A167/198	A42/1-104	34.951	103	59	2	2	97	2	103	1.75e-13	52.8
A167/198	A31/1-95	36.585	82	50	1	2	83	2	81	1.06e-11	48.1
A167/198	A9/1-95	31.081	74	47	2	7	80	9	78	4.51e-11	46.6
A167/198	A139/1-97	32.051	78	52	1	6	83	7	83	1.91e-10	45.1
A167/198	A133/1-95	36.364	88	45	3	14	97	14	94	4.54e-08	38.9
