bflTTN_Zig1_194	TTNI58_194	38.298	94	57	1	1	94	2	94	5.49e-21	72.0
bflTTN_Zig1_194	TTNI48_194	31.183	93	63	1	1	93	2	93	2.10e-18	65.5
bflTTN_Zig1_194	TTNZ1_195	40.000	95	53	3	1	93	1	93	1.90e-17	62.8
bflTTN_Zig1_194	TTNZ2_194	37.234	94	57	2	1	94	2	93	5.98e-17	61.6
bflTTN_Zig1_194	TTNI30_194	33.333	93	61	1	1	93	2	93	1.81e-16	60.5
bflTTN_Zig1_194	TTNI42_194	35.106	94	58	2	1	93	2	93	2.23e-16	60.1
bflTTN_Zig1_194	TTNZ3_195	35.484	93	58	2	1	93	2	92	2.46e-16	60.1
bflTTN_Zig1_194	TTNI78_194	33.333	93	61	1	1	93	2	93	2.83e-16	60.1
bflTTN_Zig1_194	TTNI38_193	36.559	93	57	2	1	93	2	92	4.45e-16	59.3
bflTTN_Zig1_194	TTNI40_193	37.634	93	56	2	1	93	2	92	5.97e-16	58.9
bflTTN_Zig1_194	TTNI65_193	40.506	79	46	1	16	94	16	93	6.73e-16	58.9
bflTTN_Zig1_194	TTNI66_193	36.842	95	52	3	1	92	2	91	9.11e-16	58.5
bflTTN_Zig1_194	TTNI36_194	32.609	92	61	1	2	93	3	93	1.19e-15	58.2
bflTTN_Zig1_194	TTNZ5_193	44.595	74	39	2	21	93	21	93	2.91e-15	57.4
bflTTN_Zig1_194	TTNI76_193	34.737	95	54	3	1	92	2	91	3.35e-15	57.0
bflTTN_Zig1_194	TTNI75_193	33.333	93	60	2	1	93	2	92	6.22e-15	56.6
bflTTN_Zig1_194	TTNI46_193	38.298	94	54	3	1	93	2	92	1.39e-14	55.5
bflTTN_Zig1_194	TTNI68_194	35.484	93	59	1	1	93	2	93	1.45e-14	55.5
bflTTN_Zig1_194	TTNI56_193	33.333	93	60	2	1	93	2	92	1.74e-14	55.5
bflTTN_Zig1_194	TTNI72_193	34.409	93	59	2	1	93	2	92	2.26e-14	55.1
bflTTN_Zig1_194	TTNI16_194	34.409	93	59	2	1	92	1	92	3.30e-14	54.7
bflTTN_Zig1_194	TTNI25_195	33.696	92	60	1	1	92	2	92	3.97e-14	54.3
bflTTN_Zig1_194	TTNI14_192	34.043	94	58	3	1	93	2	92	1.26e-13	53.1
bflTTN_Zig1_194	TTNI45_193	37.333	75	46	1	18	92	18	91	2.03e-13	52.8
bflTTN_Zig1_194	TTNI67_193	39.726	73	43	1	21	93	21	92	2.26e-13	52.4
bflTTN_Zig1_194	TTNI57_193	38.462	78	47	1	16	93	16	92	5.86e-13	51.6
bflTTN_Zig1_194	TTNI37_193	36.232	69	43	1	25	93	25	92	9.84e-13	50.8
bflTTN_Zig1_194	TTNI61_193	35.897	78	47	2	16	92	16	91	1.07e-12	50.8
bflTTN_Zig1_194	TTNI77_193	34.737	95	56	3	1	93	2	92	2.21e-12	50.1
bflTTN_Zig1_194	TTNI55_193	36.232	69	43	1	16	84	16	83	7.40e-12	48.5
bflTTN_Zig1_194	TTNI52_193	32.632	95	58	3	1	93	2	92	7.56e-12	48.5
bflTTN_Zig1_194	TTNI29_193	31.183	93	62	2	1	93	2	92	8.99e-12	48.5
bflTTN_Zig1_194	TTNI34_193	33.784	74	48	1	20	93	20	92	1.57e-11	47.8
bflTTN_Zig1_194	TTNI60_194	32.632	95	57	4	1	92	2	92	3.80e-11	46.6
bflTTN_Zig1_194	TTNI71_193	33.766	77	50	1	16	92	16	91	4.57e-11	46.6
bflTTN_Zig1_194	TTNI62_193	33.333	93	60	2	1	93	2	92	7.18e-11	46.2
bflTTN_Zig1_194	TTNM9_196	35.870	92	57	2	1	92	2	91	8.97e-11	45.8
bflTTN_Zig1_194	TTNI15_191	32.258	93	60	3	1	93	2	91	1.10e-10	45.4
bflTTN_Zig1_194	TTNI24_192	32.979	94	57	3	1	92	1	90	1.40e-10	45.4
bflTTN_Zig1_194	TTNI33_193	35.443	79	48	2	15	92	15	91	1.46e-10	45.4
bflTTN_Zig1_194	TTNI44_193	32.632	95	58	3	1	93	2	92	1.51e-10	45.1
bflTTN_Zig1_194	TTNI51_193	32.468	77	51	1	16	92	16	91	2.15e-10	44.7
bflTTN_Zig1_194	TTNI69_193	27.957	93	66	1	1	93	1	92	2.22e-10	44.7
bflTTN_Zig1_194	TTNI64_193	32.967	91	59	2	2	92	3	91	2.34e-10	44.7
bflTTN_Zig1_194	TTNI79_193	33.333	93	60	2	1	93	2	92	3.09e-10	44.3
bflTTN_Zig1_194	TTNA164_192	30.769	78	53	1	16	93	15	91	3.45e-10	44.3
bflTTN_Zig1_194	TTNI43_193	33.333	93	60	2	1	93	2	92	8.12e-10	43.5
bflTTN_Zig1_194	TTNA153_193	32.967	91	56	2	3	93	5	90	1.01e-09	43.1
bflTTN_Zig1_194	TTNM1_192	31.111	90	59	3	6	94	5	92	1.29e-09	42.7
bflTTN_Zig1_194	TTNA72_196	29.114	79	55	1	6	84	9	86	1.98e-09	42.4
bflTTN_Zig1_194	TTNA79_193	30.769	78	53	1	15	92	15	91	2.11e-09	42.4
bflTTN_Zig1_194	TTNM2_195	33.750	80	49	2	16	92	15	93	3.18e-09	42.0
bflTTN_Zig1_194	TTNI49_193	36.111	72	43	2	21	90	21	91	3.41e-09	41.6
bflTTN_Zig1_194	TTNI28_193	31.169	77	52	1	16	92	16	91	3.79e-09	41.6
bflTTN_Zig1_194	TTNI1_194	34.737	95	59	3	1	94	2	94	5.33e-09	41.2
bflTTN_Zig1_194	TTNA138_196	27.083	96	59	2	3	93	6	95	6.56e-09	41.2
bflTTN_Zig1_194	TTNI32_193	27.957	93	65	2	1	93	2	92	6.68e-09	40.8
bflTTN_Zig1_194	TTNA32_196	27.586	87	62	1	6	92	9	94	8.20e-09	40.8
bflTTN_Zig1_194	TTNA94_195	29.630	81	56	1	2	82	4	83	8.23e-09	40.8
bflTTN_Zig1_194	TTNA83_196	25.275	91	67	1	2	92	5	94	1.12e-08	40.4
bflTTN_Zig1_194	TTNI50_194	30.108	93	62	3	1	92	2	92	1.21e-08	40.4
bflTTN_Zig1_194	TTNZ8_195	31.579	95	61	3	1	93	1	93	1.33e-08	40.0
bflTTN_Zig1_194	TTNI74_193	28.889	90	62	2	3	92	4	91	2.00e-08	39.7
bflTTN_Zig1_194	TTNM5_194	27.273	88	62	2	6	93	7	92	6.79e-08	38.5
bflTTN_Zig1_194	TTNI73_193	27.660	94	66	2	1	94	2	93	7.34e-08	38.1
bflTTN_Zig1_194	TTNA131_197	27.160	81	58	1	7	87	10	89	7.79e-08	38.1
bflTTN_Zig1_194	TTNI59_193	30.108	93	63	2	1	93	2	92	7.83e-08	38.1
bflTTN_Zig1_194	TTNI27_194	32.500	80	47	2	16	92	16	91	9.44e-08	38.1
bflTTN_Zig1_194	TTNI70_194	29.167	96	59	5	1	92	2	92	1.08e-07	37.7
bflTTN_Zig1_194	TTNA65_194	30.000	80	49	2	6	83	9	83	2.78e-07	36.6
bflTTN_Zig1_194	TTNZ7_195	30.526	95	60	4	1	92	1	92	3.25e-07	36.6
bflTTN_Zig1_194	TTNA43_195	26.923	78	53	3	7	83	10	84	3.32e-07	36.6
bflTTN_Zig1_194	TTNA105_197	29.897	97	56	3	2	93	5	94	4.02e-07	36.6
bflTTN_Zig1_194	TTNA168_194	29.167	72	50	1	23	93	22	93	4.60e-07	36.2
bflTTN_Zig1_194	TTNM3_193	30.851	94	62	3	1	93	1	92	5.27e-07	36.2
bflTTN_Zig1_194	TTNI53_193	25.806	93	67	2	1	93	2	92	7.02e-07	35.8
bflTTN_Zig1_194	TTNA46_192	27.848	79	56	1	14	92	13	90	7.43e-07	35.4
bflTTN_Zig1_194	TTNI17_194	29.114	79	55	1	16	94	16	93	9.89e-07	35.4
bflTTN_Zig1_194	TTNA127_195	23.333	90	58	3	8	92	10	93	1.13e-06	35.0
bflTTN_Zig1_194	TTNZ4_195	28.261	92	62	3	1	90	2	91	1.39e-06	35.0
bflTTN_Zig1_194	TTNA90_192	25.333	75	55	1	16	90	15	88	1.56e-06	34.7
bflTTN_Zig1_194	TTNA39_196	27.083	96	63	3	1	92	2	94	1.59e-06	34.7
bflTTN_Zig1_194	TTNA8_195	26.582	79	52	2	16	92	19	93	2.49e-06	34.3
bflTTN_Zig1_194	TTNI31_193	29.032	93	64	2	1	93	2	92	2.51e-06	34.3
bflTTN_Zig1_194	TTNI35_193	32.292	96	57	4	1	93	2	92	3.52e-06	33.9
bflTTN_Zig1_194	TTNA29_194	23.377	77	56	1	16	92	19	92	3.81e-06	33.9
bflTTN_Zig1_194	TTNA36_196	26.923	78	54	2	16	92	19	94	5.26e-06	33.5
bflTTN_Zig1_194	TTNI26_191	30.000	60	42	0	33	92	30	89	5.59e-06	33.1
bflTTN_Zig1_194	TTNI63_193	27.957	93	65	2	1	93	2	92	5.77e-06	33.1
bflTTN_Zig1_194	TTNA116_196	24.675	77	57	1	6	82	9	84	6.35e-06	33.1
bflTTN_Zig1_194	TTNI41_193	29.032	93	64	2	1	93	2	92	7.19e-06	33.1
bflTTN_Zig1_194	TTNM7_192	28.378	74	52	1	20	93	19	91	7.95e-06	32.7
bflTTN_Zig1_194	TTNZ6_195	25.532	94	69	1	1	94	1	93	8.66e-06	32.7
bflTTN_Zig1_194	TTNZ9_193	26.923	78	55	2	16	93	15	90	1.68e-05	32.0
bflTTN_Zig1_194	TTNA50_196	24.419	86	64	1	7	92	10	94	1.86e-05	32.0
bflTTN_Zig1_194	TTNI92_187	31.667	60	39	2	20	79	20	77	2.94e-05	31.2
bflTTN_Zig1_194	TTNI92_187	41.176	17	10	0	63	79	11	27	0.38	20.0
bflTTN_Zig1_194	TTNI39_193	23.377	77	58	1	16	92	16	91	4.29e-05	30.8
bflTTN_Zig1_194	TTNA101_192	28.378	74	46	3	14	84	13	82	4.32e-05	30.8
bflTTN_Zig1_194	TTNM4_193	27.848	79	56	1	16	94	16	93	4.81e-05	30.8
bflTTN_Zig1_194	TTNA61_197	28.571	70	49	1	23	92	27	95	5.02e-05	30.8
bflTTN_Zig1_194	TTNA169_1100	32.143	56	38	0	27	82	33	88	5.55e-05	30.8
bflTTN_Zig1_194	TTNA98_194	28.409	88	58	3	6	93	9	91	6.07e-05	30.4
bflTTN_Zig1_194	TTNI54_193	26.437	87	62	2	2	88	3	87	7.00e-05	30.4
bflTTN_Zig1_194	TTNI82_188	25.316	79	50	3	1	76	2	74	7.17e-05	30.4
bflTTN_Zig1_194	TTNI84_196	29.474	95	60	4	3	93	4	95	8.16e-05	30.4
bflTTN_Zig1_194	TTNA156_195	24.359	78	58	1	15	92	17	93	8.84e-05	30.0
bflTTN_Zig1_194	TTNA57_195	33.333	30	20	0	17	46	19	48	1.03e-04	30.0
bflTTN_Zig1_194	TTNI2_191	30.380	79	44	3	2	70	3	80	1.18e-04	29.6
bflTTN_Zig1_194	TTNI98_188	29.670	91	57	4	2	92	3	86	1.37e-04	29.6
bflTTN_Zig1_194	TTNA54_196	36.111	36	23	0	7	42	10	45	1.46e-04	29.6
bflTTN_Zig1_194	TTNA165_196	28.302	53	30	1	16	60	18	70	1.77e-04	29.3
bflTTN_Zig1_194	TTNA4_1121	28.889	45	32	0	7	51	6	50	2.43e-04	29.3
bflTTN_Zig1_194	TTNA145_195	23.457	81	61	1	14	94	16	95	2.54e-04	28.9
bflTTN_Zig1_194	TTNA109_194	24.390	82	47	2	7	82	10	82	2.64e-04	28.9
bflTTN_Zig1_194	TTNI83_193	31.111	90	58	4	2	90	3	89	3.11e-04	28.5
bflTTN_Zig1_194	TTNI97_188	28.205	78	53	3	2	79	3	77	4.74e-04	28.1
bflTTN_Zig1_194	TTNI107_196	22.989	87	66	1	6	92	9	94	4.76e-04	28.1
bflTTN_Zig1_194	TTNM6_194	24.324	74	36	3	20	82	18	82	4.80e-04	28.1
bflTTN_Zig1_194	TTNA134_195	28.261	46	33	0	16	61	18	63	4.91e-04	28.1
bflTTN_Zig1_194	TTNA123_196	25.714	70	49	2	14	82	17	84	5.55e-04	28.1
bflTTN_Zig1_194	TTNA87_194	26.829	82	51	3	14	93	17	91	0.001	27.3
bflTTN_Zig1_194	TTNA22_194	26.667	45	33	0	11	55	14	58	0.001	27.3
bflTTN_Zig1_194	TTNI47_193	23.684	76	57	1	17	92	17	91	0.001	26.9
bflTTN_Zig1_194	TTNA15_1104	25.000	92	56	2	11	92	13	101	0.001	26.9
bflTTN_Zig1_194	TTNA68_195	39.394	33	17	1	5	37	10	39	0.002	26.6
bflTTN_Zig1_194	TTNA76_194	22.857	70	39	2	19	82	22	82	0.002	26.6
bflTTN_Zig1_194	TTNA25_194	32.500	40	23	1	3	42	8	43	0.002	26.6
bflTTN_Zig1_194	TTNM10_195	24.211	95	69	2	1	93	1	94	0.002	26.6
bflTTN_Zig1_194	TTNA112_192	25.000	64	47	1	19	82	18	80	0.003	26.2
bflTTN_Zig1_194	TTNA142_194	25.610	82	56	3	12	93	15	91	0.003	25.8
bflTTN_Zig1_194	TTNI105_190	24.638	69	48	1	16	84	16	80	0.004	25.4
bflTTN_Zig1_194	TTNI81_190	26.154	65	41	2	29	92	30	88	0.006	25.0
bflTTN_Zig1_194	TTNA1_193	25.974	77	50	2	18	94	24	93	0.008	24.6
bflTTN_Zig1_194	TTNI99_188	22.642	53	40	1	24	76	23	74	0.009	24.6
bflTTN_Zig1_194	TTNI99_188	32.432	37	21	1	49	85	1	33	0.024	23.5
bflTTN_Zig1_194	TTNA120_193	21.429	56	42	1	6	61	8	61	0.009	24.6
bflTTN_Zig1_194	TTNA160_193	25.000	36	27	0	16	51	18	53	0.013	24.3
bflTTN_Zig1_194	TTNA11_1103	23.810	84	59	1	14	92	18	101	0.014	24.3
bflTTN_Zig1_194	TTNA149_197	31.034	29	20	0	14	42	18	46	0.017	23.9
bflTTN_Zig1_194	TTNA18_199	25.843	89	56	4	14	94	13	99	0.030	23.5
bflTTN_Zig1_194	TTNI6_187	28.333	60	38	2	33	92	32	86	0.039	22.7
bflTTN_Zig1_194	TTNI86_190	29.630	54	36	2	21	73	21	73	0.041	22.7
bflTTN_Zig1_194	TTNI103_188	21.154	52	40	1	33	84	32	82	0.047	22.7
bflTTN_Zig1_194	TTNI80_194	25.000	88	34	3	21	92	21	92	0.10	21.9
bflTTN_Zig1_194	TTNI12_187	36.364	22	13	1	21	42	21	41	0.14	21.2
bflTTN_Zig1_194	TTNI90_187	24.000	75	53	4	1	75	2	72	0.20	20.8
bflTTN_Zig1_194	TTNI91_188	42.105	19	11	0	62	80	10	28	0.62	19.6
bflTTN_Zig1_194	TTNI10_187	29.167	72	45	3	21	92	21	86	0.69	19.2
bflTTN_Zig1_194	TTNI3_187	25.352	71	50	3	3	73	4	71	0.70	19.2
bflTTN_Zig1_194	TTNI85_192	27.027	37	25	1	2	38	3	37	0.75	19.2
bflTTN_Zig1_194	TTNI5_188	25.926	27	20	0	16	42	16	42	1.1	18.9
bflTTN_Zig1_194	TTNI94_187	24.444	45	29	2	33	75	32	73	3.2	17.7
bflTTN_Zig1_194	TTNI8_188	50.000	12	6	0	10	21	65	76	8.9	16.2
bflTTN_Zig2_195	TTNZ2_194	39.785	93	55	1	1	93	1	92	3.08e-20	70.1
bflTTN_Zig2_195	TTNM3_193	30.108	93	65	0	2	94	1	93	1.38e-17	63.2
bflTTN_Zig2_195	TTNZ3_195	33.333	93	61	1	1	93	1	92	3.46e-17	62.4
bflTTN_Zig2_195	TTNZ6_195	32.609	92	62	0	2	93	1	92	1.51e-15	58.2
bflTTN_Zig2_195	TTNI15_191	34.409	93	59	2	1	93	1	91	2.24e-15	57.8
bflTTN_Zig2_195	TTNI14_192	29.032	93	65	1	1	93	1	92	6.52e-14	53.9
bflTTN_Zig2_195	TTNM7_192	30.435	92	63	1	2	93	1	91	1.04e-13	53.5
bflTTN_Zig2_195	TTNA101_192	29.670	91	63	1	2	92	1	90	1.11e-13	53.1
bflTTN_Zig2_195	TTNA36_196	34.444	90	57	2	4	92	6	94	2.73e-13	52.4
bflTTN_Zig2_195	TTNZ5_193	28.889	90	64	0	4	93	4	93	2.81e-13	52.4
bflTTN_Zig2_195	TTNZ1_195	31.915	94	61	2	2	93	1	93	4.73e-13	51.6
bflTTN_Zig2_195	TTNZ9_193	28.916	83	57	1	11	93	10	90	1.20e-12	50.8
bflTTN_Zig2_195	TTNA90_192	28.205	78	55	1	13	90	12	88	3.48e-12	49.3
bflTTN_Zig2_195	TTNA1_193	33.333	93	57	3	2	92	2	91	3.96e-12	49.3
bflTTN_Zig2_195	TTNA25_194	31.183	93	62	2	1	92	1	92	4.18e-12	49.3
bflTTN_Zig2_195	TTNZ7_195	26.882	93	67	1	2	93	1	93	1.21e-11	48.1
bflTTN_Zig2_195	TTNM10_195	24.468	94	70	1	1	93	1	94	1.29e-11	48.1
bflTTN_Zig2_195	TTNM2_195	27.957	93	65	1	2	92	1	93	1.93e-11	47.8
bflTTN_Zig2_195	TTNA79_193	31.183	93	61	2	1	92	1	91	3.64e-11	47.0
bflTTN_Zig2_195	TTNI105_190	28.571	91	61	1	2	92	2	88	3.81e-11	46.6
bflTTN_Zig2_195	TTNA138_196	28.125	96	65	2	1	93	1	95	4.65e-11	46.6
bflTTN_Zig2_195	TTNI80_194	32.558	86	56	2	9	93	9	93	7.40e-11	46.2
bflTTN_Zig2_195	TTNA164_192	26.087	92	67	1	2	93	1	91	9.59e-11	45.8
bflTTN_Zig2_195	TTNI16_194	29.348	92	64	1	2	92	1	92	1.11e-10	45.4
bflTTN_Zig2_195	TTNI24_192	27.957	93	66	1	2	94	1	92	1.57e-10	45.1
bflTTN_Zig2_195	TTNA112_192	33.333	81	53	1	2	82	1	80	1.79e-10	45.1
bflTTN_Zig2_195	TTNA156_195	29.545	88	61	1	5	92	7	93	2.51e-10	44.7
bflTTN_Zig2_195	TTNA168_194	28.723	94	64	2	2	93	1	93	4.84e-10	43.9
bflTTN_Zig2_195	TTNA127_195	26.596	94	65	2	2	92	1	93	5.10e-10	43.9
bflTTN_Zig2_195	TTNZ4_195	28.235	85	56	2	12	93	12	94	8.70e-10	43.5
bflTTN_Zig2_195	TTNM9_196	27.160	81	58	1	12	92	12	91	1.38e-09	42.7
bflTTN_Zig2_195	TTNA8_195	30.928	97	58	4	1	92	1	93	1.44e-09	42.7
bflTTN_Zig2_195	TTNI58_194	32.632	95	60	3	1	93	1	93	2.62e-09	42.0
bflTTN_Zig2_195	TTNA50_196	26.316	95	66	2	1	92	1	94	2.70e-09	42.0
bflTTN_Zig2_195	TTNI43_193	25.806	93	68	1	1	93	1	92	2.86e-09	42.0
bflTTN_Zig2_195	TTNM4_193	27.381	84	58	2	2	84	2	83	2.93e-09	42.0
bflTTN_Zig2_195	TTNA134_195	32.857	70	46	1	11	80	13	81	3.69e-09	41.6
bflTTN_Zig2_195	TTNI39_193	31.183	93	59	3	1	92	1	89	4.73e-09	41.2
bflTTN_Zig2_195	TTNI76_193	27.778	90	64	1	1	90	1	89	7.10e-09	40.8
bflTTN_Zig2_195	TTNI62_193	27.660	94	65	2	1	93	1	92	7.41e-09	40.8
bflTTN_Zig2_195	TTNI72_193	25.806	93	68	1	1	93	1	92	8.70e-09	40.8
bflTTN_Zig2_195	TTNA18_199	28.000	100	61	3	1	92	1	97	9.21e-09	40.8
bflTTN_Zig2_195	TTNI5_188	26.744	86	58	2	8	93	8	88	1.17e-08	40.4
bflTTN_Zig2_195	TTNI36_194	31.915	94	62	2	1	93	1	93	1.45e-08	40.0
bflTTN_Zig2_195	TTNI33_193	33.333	81	51	2	11	91	11	88	1.48e-08	40.0
bflTTN_Zig2_195	TTNI4_189	37.333	75	45	2	1	75	1	73	1.83e-08	39.7
bflTTN_Zig2_195	TTNI59_193	28.889	90	63	1	1	90	1	89	2.04e-08	39.7
bflTTN_Zig2_195	TTNA105_197	29.167	72	51	0	11	82	14	85	2.71e-08	39.7
bflTTN_Zig2_195	TTNI99_188	32.877	73	47	2	2	74	2	72	2.73e-08	39.3
bflTTN_Zig2_195	TTNA72_196	27.711	83	58	2	4	85	6	87	2.78e-08	39.3
bflTTN_Zig2_195	TTNI71_193	29.412	85	57	2	9	93	9	90	4.30e-08	38.9
bflTTN_Zig2_195	TTNA83_196	30.208	96	61	3	1	92	1	94	7.01e-08	38.5
bflTTN_Zig2_195	TTNI94_187	31.507	73	48	2	2	74	2	72	7.29e-08	38.1
bflTTN_Zig2_195	TTNA116_196	26.316	95	64	4	1	90	1	94	1.06e-07	37.7
bflTTN_Zig2_195	TTNI56_193	27.660	94	65	2	1	93	1	92	1.27e-07	37.7
bflTTN_Zig2_195	TTNI79_193	27.957	93	66	1	1	93	1	92	1.34e-07	37.7
bflTTN_Zig2_195	TTNI25_195	25.000	92	69	0	1	92	1	92	1.48e-07	37.4
bflTTN_Zig2_195	TTNA46_192	31.183	93	60	3	1	92	1	90	1.73e-07	37.4
bflTTN_Zig2_195	TTNI61_193	32.143	84	54	2	9	92	9	89	1.78e-07	37.4
bflTTN_Zig2_195	TTNA15_1104	27.835	97	62	4	4	92	5	101	3.34e-07	36.6
bflTTN_Zig2_195	TTNA22_194	28.889	90	60	2	4	92	6	92	3.85e-07	36.6
bflTTN_Zig2_195	TTNI51_193	29.032	93	63	2	1	93	1	90	5.03e-07	36.2
bflTTN_Zig2_195	TTNA160_193	31.765	85	53	2	9	92	11	91	5.31e-07	36.2
bflTTN_Zig2_195	TTNI106_194	28.916	83	56	3	11	92	12	92	5.75e-07	35.8
bflTTN_Zig2_195	TTNA68_195	32.353	68	45	1	16	83	18	84	6.56e-07	35.8
bflTTN_Zig2_195	TTNI40_193	26.596	94	68	1	1	94	1	93	6.84e-07	35.8
bflTTN_Zig2_195	TTNA57_195	24.359	78	58	1	15	92	17	93	7.07e-07	35.8
bflTTN_Zig2_195	TTNI42_194	28.916	83	54	3	13	93	14	93	7.56e-07	35.8
bflTTN_Zig2_195	TTNA61_197	28.261	92	63	3	3	92	5	95	8.54e-07	35.4
bflTTN_Zig2_195	TTNI17_194	27.957	93	66	1	1	93	1	92	8.86e-07	35.4
bflTTN_Zig2_195	TTNI30_194	29.630	81	56	1	13	93	14	93	8.95e-07	35.4
bflTTN_Zig2_195	TTNI75_193	23.656	93	70	1	1	93	1	92	9.38e-07	35.4
bflTTN_Zig2_195	TTNI65_193	24.731	93	69	1	1	93	1	92	9.48e-07	35.4
bflTTN_Zig2_195	TTNI6_187	29.412	85	54	3	8	92	8	86	1.31e-06	35.0
bflTTN_Zig2_195	TTNI92_187	27.160	81	57	2	1	81	1	79	1.42e-06	34.7
bflTTN_Zig2_195	TTNA65_194	24.706	85	59	2	9	92	12	92	1.58e-06	34.7
bflTTN_Zig2_195	TTNA39_196	27.381	84	59	2	2	83	2	85	1.60e-06	34.7
bflTTN_Zig2_195	TTNI1_194	25.610	82	61	0	2	83	2	83	1.60e-06	34.7
bflTTN_Zig2_195	TTNI70_194	28.916	83	57	2	1	82	1	82	2.06e-06	34.7
bflTTN_Zig2_195	TTNI100_188	25.974	77	55	2	9	85	9	83	2.26e-06	34.3
bflTTN_Zig2_195	TTNI45_193	27.500	80	55	2	9	88	9	85	2.27e-06	34.3
bflTTN_Zig2_195	TTNI107_196	30.233	86	57	2	8	92	11	94	2.28e-06	34.3
bflTTN_Zig2_195	TTNA153_193	23.529	85	60	2	9	92	11	91	2.42e-06	34.3
bflTTN_Zig2_195	TTNI46_193	25.806	93	68	1	1	93	1	92	2.50e-06	34.3
bflTTN_Zig2_195	TTNA123_196	22.105	95	70	2	1	92	1	94	2.79e-06	34.3
bflTTN_Zig2_195	TTNI85_192	30.233	86	56	3	9	93	10	92	2.94e-06	33.9
bflTTN_Zig2_195	TTNI101_193	27.632	76	53	2	8	83	8	81	3.25e-06	33.9
bflTTN_Zig2_195	TTNZ8_195	30.769	65	44	1	29	93	30	93	3.53e-06	33.9
bflTTN_Zig2_195	TTNZ8_195	50.000	10	5	0	82	91	16	25	8.9	16.2
bflTTN_Zig2_195	TTNI37_193	22.826	92	70	1	2	93	2	92	4.10e-06	33.9
bflTTN_Zig2_195	TTNI55_193	23.256	86	65	1	1	86	1	85	4.41e-06	33.5
bflTTN_Zig2_195	TTNI63_193	25.532	94	69	1	1	94	1	93	6.04e-06	33.1
bflTTN_Zig2_195	TTNI49_193	23.656	93	70	1	1	93	1	92	6.04e-06	33.1
bflTTN_Zig2_195	TTNA131_197	27.027	74	51	2	16	88	19	90	6.08e-06	33.5
bflTTN_Zig2_195	TTNM8_193	29.167	72	48	2	11	82	12	80	6.30e-06	33.1
bflTTN_Zig2_195	TTNA11_1103	26.733	101	65	3	1	92	1	101	6.97e-06	33.1
bflTTN_Zig2_195	TTNM5_194	22.093	86	66	1	9	94	9	93	8.40e-06	32.7
bflTTN_Zig2_195	TTNI90_187	33.333	72	45	2	2	73	2	70	8.64e-06	32.7
bflTTN_Zig2_195	TTNA94_195	30.120	83	55	2	11	92	13	93	9.46e-06	32.7
bflTTN_Zig2_195	TTNA32_196	25.773	97	64	3	1	92	1	94	9.50e-06	32.7
bflTTN_Zig2_195	TTNM6_194	26.027	73	54	0	1	73	1	73	9.62e-06	32.7
bflTTN_Zig2_195	TTNI26_191	29.348	92	61	3	2	92	1	89	9.80e-06	32.7
bflTTN_Zig2_195	TTNA87_194	26.087	92	60	5	4	92	6	92	1.37e-05	32.3
bflTTN_Zig2_195	TTNI97_188	33.333	72	46	2	8	79	8	77	1.68e-05	32.0
bflTTN_Zig2_195	TTNI68_194	29.630	81	53	3	1	79	1	79	1.82e-05	32.0
bflTTN_Zig2_195	TTNI48_194	25.263	95	67	3	1	93	1	93	1.94e-05	32.0
bflTTN_Zig2_195	TTNI10_187	27.778	72	50	2	8	79	8	77	2.02e-05	31.6
bflTTN_Zig2_195	TTNI78_194	21.277	94	72	2	1	93	1	93	2.22e-05	32.0
bflTTN_Zig2_195	TTNA145_195	29.762	84	58	1	9	92	11	93	2.37e-05	31.6
bflTTN_Zig2_195	TTNI67_193	21.505	93	72	1	1	93	1	92	2.45e-05	31.6
bflTTN_Zig2_195	TTNA29_194	28.866	97	59	4	1	92	1	92	2.62e-05	31.6
bflTTN_Zig2_195	TTNA149_197	26.829	82	59	1	11	92	15	95	2.65e-05	31.6
bflTTN_Zig2_195	TTNI60_194	29.787	94	62	3	1	92	1	92	2.71e-05	31.6
bflTTN_Zig2_195	TTNI82_188	24.658	73	53	2	2	74	2	72	2.93e-05	31.2
bflTTN_Zig2_195	TTNI27_194	24.176	91	68	1	2	92	2	91	4.84e-05	30.8
bflTTN_Zig2_195	TTNI98_188	28.378	74	51	2	8	81	8	79	5.32e-05	30.8
bflTTN_Zig2_195	TTNA4_1121	23.636	110	56	4	11	92	10	119	8.08e-05	30.8
bflTTN_Zig2_195	TTNA109_194	24.468	94	59	4	4	92	6	92	1.09e-04	30.0
bflTTN_Zig2_195	TTNI29_193	27.473	91	65	1	2	92	2	91	1.36e-04	29.6
bflTTN_Zig2_195	TTNI34_193	25.806	93	66	2	2	93	2	92	1.58e-04	29.6
bflTTN_Zig2_195	TTNA120_193	27.160	81	54	2	13	92	15	91	1.78e-04	29.3
bflTTN_Zig2_195	TTNI89_188	33.871	62	39	2	8	69	8	67	1.95e-04	29.3
bflTTN_Zig2_195	TTNA43_195	33.766	77	37	4	13	83	16	84	2.22e-04	29.3
bflTTN_Zig2_195	TTNA54_196	24.444	90	66	2	4	92	6	94	2.37e-04	28.9
bflTTN_Zig2_195	TTNI84_196	24.719	89	63	3	8	93	8	95	2.63e-04	28.9
bflTTN_Zig2_195	TTNI74_193	25.882	85	62	1	8	92	8	91	2.90e-04	28.9
bflTTN_Zig2_195	TTNI69_193	23.171	82	62	1	1	82	1	81	2.99e-04	28.9
bflTTN_Zig2_195	TTNI57_193	25.000	92	68	1	2	93	2	92	3.25e-04	28.5
bflTTN_Zig2_195	TTNI66_193	23.656	93	68	2	1	92	1	91	3.64e-04	28.5
bflTTN_Zig2_195	TTNI32_193	24.096	83	60	2	1	82	1	81	3.75e-04	28.5
bflTTN_Zig2_195	TTNA169_1100	26.027	73	52	2	11	82	17	88	3.98e-04	28.5
bflTTN_Zig2_195	TTNI28_193	24.390	82	61	1	1	82	1	81	5.16e-04	28.1
bflTTN_Zig2_195	TTNI31_193	24.138	87	59	2	1	84	1	83	6.27e-04	27.7
bflTTN_Zig2_195	TTNI44_193	26.506	83	58	2	1	82	1	81	7.86e-04	27.7
bflTTN_Zig2_195	TTNI53_193	19.588	97	69	2	1	93	1	92	0.001	26.9
bflTTN_Zig2_195	TTNI8_188	26.027	73	51	3	4	75	4	74	0.002	26.6
bflTTN_Zig2_195	TTNI77_193	21.505	93	72	1	1	93	1	92	0.002	26.9
bflTTN_Zig2_195	TTNI50_194	27.381	84	57	3	1	82	1	82	0.002	26.9
bflTTN_Zig2_195	TTNA76_194	25.000	76	50	3	19	92	22	92	0.002	26.6
bflTTN_Zig2_195	TTNI9_187	25.758	66	47	2	9	74	9	72	0.002	26.6
bflTTN_Zig2_195	TTNI104_188	23.684	76	56	2	9	84	9	82	0.003	26.2
bflTTN_Zig2_195	TTNI103_188	21.622	74	56	2	1	74	1	72	0.003	26.2
bflTTN_Zig2_195	TTNI83_193	25.263	95	66	3	1	95	1	90	0.003	25.8
bflTTN_Zig2_195	TTNI12_187	22.973	74	55	2	4	77	4	75	0.004	25.8
bflTTN_Zig2_195	TTNI52_193	24.468	94	68	2	1	93	1	92	0.006	25.0
bflTTN_Zig2_195	TTNI54_193	29.268	82	57	1	1	82	1	81	0.006	25.0
bflTTN_Zig2_195	TTNI95_188	23.750	80	55	3	8	85	8	83	0.007	25.0
bflTTN_Zig2_195	TTNI86_190	32.000	50	31	2	27	74	26	74	0.009	24.6
bflTTN_Zig2_195	TTNI2_191	27.660	47	34	0	4	50	4	50	0.013	24.3
bflTTN_Zig2_195	TTNI7_187	26.471	68	48	2	8	75	8	73	0.015	24.3
bflTTN_Zig2_195	TTNI13_190	23.611	72	49	3	9	77	9	77	0.017	23.9
bflTTN_Zig2_195	TTNI81_190	20.430	93	68	3	1	92	1	88	0.021	23.9
bflTTN_Zig2_195	TTNI38_193	19.355	93	74	1	1	93	1	92	0.042	22.7
bflTTN_Zig2_195	TTNI3_187	27.536	69	48	2	8	76	8	74	0.045	22.7
bflTTN_Zig2_195	TTNI41_193	24.731	93	69	1	1	93	1	92	0.047	22.7
bflTTN_Zig2_195	TTNI73_193	21.429	84	65	1	1	84	1	83	0.053	22.7
bflTTN_Zig2_195	TTNA98_194	21.951	82	61	1	11	92	14	92	0.11	21.9
bflTTN_Zig2_195	TTNI102_188	29.167	72	45	3	8	77	8	75	0.24	20.8
bflTTN_Zig2_195	TTNM1_192	26.761	71	48	3	15	83	13	81	0.30	20.4
bflTTN_Zig2_195	TTNA165_196	25.714	35	26	0	16	50	18	52	0.40	20.0
bflTTN_Zig2_195	TTNI88_187	25.373	67	47	2	8	74	8	71	0.48	20.0
bflTTN_Zig3_193	TTNZ3_195	32.967	91	61	0	1	91	2	92	1.33e-18	65.9
bflTTN_Zig3_193	TTNI24_192	30.435	92	64	0	1	92	1	92	8.50e-16	58.5
bflTTN_Zig3_193	TTNI72_193	27.778	90	65	0	1	90	2	91	1.80e-15	57.8
bflTTN_Zig3_193	TTNI76_193	34.091	88	58	0	1	88	2	89	1.11e-14	55.8
bflTTN_Zig3_193	TTNI65_193	31.868	91	62	0	1	91	2	92	2.68e-14	54.7
bflTTN_Zig3_193	TTNI58_194	35.897	78	50	0	14	91	16	93	3.76e-14	54.3
bflTTN_Zig3_193	TTNZ6_195	34.146	82	53	1	13	93	13	94	1.06e-13	53.1
bflTTN_Zig3_193	TTNI14_192	34.066	91	60	0	1	91	2	92	2.03e-13	52.4
bflTTN_Zig3_193	TTNZ2_194	30.769	91	63	0	1	91	2	92	2.47e-13	52.4
bflTTN_Zig3_193	TTNI55_193	29.870	77	54	0	15	91	16	92	2.49e-13	52.4
bflTTN_Zig3_193	TTNI40_193	27.473	91	66	0	1	91	2	92	4.57e-13	51.6
bflTTN_Zig3_193	TTNA164_192	29.545	88	62	0	1	88	1	88	5.20e-13	51.6
bflTTN_Zig3_193	TTNI75_193	29.670	91	64	0	1	91	2	92	5.26e-13	51.6
bflTTN_Zig3_193	TTNI5_188	32.584	89	56	1	3	91	4	88	1.59e-12	50.1
bflTTN_Zig3_193	TTNI15_191	35.870	92	56	3	1	91	2	91	3.63e-12	49.3
bflTTN_Zig3_193	TTNA18_199	34.091	88	49	2	11	90	11	97	4.13e-12	49.3
bflTTN_Zig3_193	TTNZ9_193	32.099	81	54	1	12	92	12	91	6.16e-12	48.9
bflTTN_Zig3_193	TTNI16_194	29.348	92	63	1	1	90	1	92	6.94e-12	48.5
bflTTN_Zig3_193	TTNM5_194	30.588	85	59	0	8	92	9	93	8.89e-12	48.5
bflTTN_Zig3_193	TTNI52_193	25.275	91	68	0	1	91	2	92	9.90e-12	48.1
bflTTN_Zig3_193	TTNI36_194	32.500	80	53	1	2	80	3	82	2.17e-11	47.4
bflTTN_Zig3_193	TTNI31_193	29.885	87	61	0	1	87	2	88	2.56e-11	47.0
bflTTN_Zig3_193	TTNI30_194	30.435	69	48	0	12	80	14	82	2.97e-11	47.0
bflTTN_Zig3_193	TTNA149_197	31.579	76	52	0	15	90	20	95	6.85e-11	46.2
bflTTN_Zig3_193	TTNI43_193	27.059	85	62	0	1	85	2	86	1.35e-10	45.4
bflTTN_Zig3_193	TTNI62_193	25.275	91	68	0	1	91	2	92	1.64e-10	45.1
bflTTN_Zig3_193	TTNZ7_195	29.032	93	64	1	1	91	1	93	2.01e-10	45.1
bflTTN_Zig3_193	TTNI48_194	29.070	86	54	1	13	91	8	93	2.87e-10	44.7
bflTTN_Zig3_193	TTNM9_196	31.111	90	62	0	1	90	2	91	2.92e-10	44.7
bflTTN_Zig3_193	TTNI107_196	30.380	79	55	0	12	90	16	94	3.58e-10	44.3
bflTTN_Zig3_193	TTNI56_193	26.136	88	65	0	1	88	2	89	4.27e-10	43.9
bflTTN_Zig3_193	TTNM2_195	33.708	89	52	3	7	88	7	95	4.69e-10	43.9
bflTTN_Zig3_193	TTNI49_193	28.571	91	59	1	1	91	8	92	5.07e-10	43.9
bflTTN_Zig3_193	TTNM3_193	29.032	93	65	1	1	92	1	93	1.02e-09	43.1
bflTTN_Zig3_193	TTNZ1_195	27.957	93	65	1	1	91	1	93	1.11e-09	43.1
bflTTN_Zig3_193	TTNI42_194	28.571	77	55	0	15	91	17	93	1.40e-09	42.7
bflTTN_Zig3_193	TTNA68_195	28.571	77	55	0	15	91	18	94	1.73e-09	42.4
bflTTN_Zig3_193	TTNI1_194	27.957	93	64	2	1	91	2	93	1.76e-09	42.4
bflTTN_Zig3_193	TTNI26_191	30.769	91	60	2	1	90	1	89	2.12e-09	42.4
bflTTN_Zig3_193	TTNZ4_195	29.412	85	50	2	10	88	11	91	2.60e-09	42.0
bflTTN_Zig3_193	TTNI66_193	28.409	88	63	0	1	88	2	89	3.17e-09	41.6
bflTTN_Zig3_193	TTNI34_193	26.374	91	67	0	1	91	2	92	3.34e-09	41.6
bflTTN_Zig3_193	TTNA36_196	32.143	84	54	1	10	90	11	94	3.98e-09	41.6
bflTTN_Zig3_193	TTNI61_193	28.750	80	57	0	12	91	13	92	4.37e-09	41.6
bflTTN_Zig3_193	TTNI59_193	35.294	68	44	0	13	80	14	81	4.41e-09	41.2
bflTTN_Zig3_193	TTNI69_193	28.571	70	50	0	11	80	12	81	4.61e-09	41.2
bflTTN_Zig3_193	TTNI99_188	35.294	68	43	1	6	73	7	73	4.91e-09	41.2
bflTTN_Zig3_193	TTNA168_194	29.032	93	64	1	1	91	1	93	5.47e-09	41.2
bflTTN_Zig3_193	TTNI53_193	30.864	81	56	0	11	91	12	92	6.35e-09	40.8
bflTTN_Zig3_193	TTNA101_192	28.947	76	54	0	15	90	15	90	6.93e-09	40.8
bflTTN_Zig3_193	TTNI73_193	25.275	91	68	0	1	91	2	92	8.29e-09	40.8
bflTTN_Zig3_193	TTNA79_193	30.986	71	49	0	12	82	13	83	1.03e-08	40.4
bflTTN_Zig3_193	TTNI45_193	27.273	88	64	0	3	90	4	91	1.44e-08	40.0
bflTTN_Zig3_193	TTNI80_194	28.395	81	57	1	12	91	13	93	1.65e-08	40.0
bflTTN_Zig3_193	TTNZ5_193	30.233	86	59	1	7	91	8	93	2.01e-08	39.7
bflTTN_Zig3_193	TTNI71_193	27.778	90	65	0	2	91	3	92	2.28e-08	39.7
bflTTN_Zig3_193	TTNI41_193	25.275	91	68	0	1	91	2	92	2.36e-08	39.7
bflTTN_Zig3_193	TTNA165_196	28.205	78	55	1	15	91	18	95	2.49e-08	39.7
bflTTN_Zig3_193	TTNI57_193	27.160	81	59	0	11	91	12	92	3.65e-08	38.9
bflTTN_Zig3_193	TTNI70_194	27.174	92	64	2	1	90	2	92	5.11e-08	38.5
bflTTN_Zig3_193	TTNA39_196	31.707	82	52	2	12	90	14	94	5.47e-08	38.5
bflTTN_Zig3_193	TTNA90_192	25.581	86	64	0	1	86	1	86	6.86e-08	38.1
bflTTN_Zig3_193	TTNA50_196	24.051	79	60	0	12	90	16	94	8.10e-08	38.1
bflTTN_Zig3_193	TTNI51_193	28.750	80	57	0	12	91	13	92	8.92e-08	38.1
bflTTN_Zig3_193	TTNI105_190	30.000	90	60	1	1	90	2	88	9.21e-08	37.7
bflTTN_Zig3_193	TTNI67_193	29.268	82	56	2	11	91	12	92	9.51e-08	37.7
bflTTN_Zig3_193	TTNI35_193	27.473	91	66	0	1	91	2	92	1.06e-07	37.7
bflTTN_Zig3_193	TTNA22_194	26.744	86	60	2	6	90	9	92	1.40e-07	37.4
bflTTN_Zig3_193	TTNI63_193	26.374	91	67	0	1	91	2	92	1.58e-07	37.4
bflTTN_Zig3_193	TTNI68_194	30.864	81	56	0	10	90	12	92	1.61e-07	37.4
bflTTN_Zig3_193	TTNA8_195	27.848	79	56	1	12	90	16	93	1.76e-07	37.4
bflTTN_Zig3_193	TTNI46_193	26.374	91	67	0	1	91	2	92	1.80e-07	37.4
bflTTN_Zig3_193	TTNI88_187	33.846	65	41	1	7	71	8	70	1.86e-07	37.0
bflTTN_Zig3_193	TTNI17_194	25.275	91	68	0	1	91	2	92	1.99e-07	37.0
bflTTN_Zig3_193	TTNM7_192	25.275	91	68	0	1	91	1	91	2.21e-07	37.0
bflTTN_Zig3_193	TTNI60_194	26.087	92	65	2	1	90	2	92	2.31e-07	37.0
bflTTN_Zig3_193	TTNA57_195	25.974	77	57	0	14	90	17	93	2.64e-07	37.0
bflTTN_Zig3_193	TTNI78_194	24.638	69	52	0	14	82	16	84	3.64e-07	36.6
bflTTN_Zig3_193	TTNI37_193	31.325	83	55	2	1	82	2	83	3.78e-07	36.2
bflTTN_Zig3_193	TTNI94_187	27.473	91	61	2	1	91	2	87	3.87e-07	36.2
bflTTN_Zig3_193	TTNI33_193	26.250	80	59	0	11	90	12	91	4.20e-07	36.2
bflTTN_Zig3_193	TTNI28_193	28.750	80	57	0	1	80	2	81	4.43e-07	36.2
bflTTN_Zig3_193	TTNI32_193	23.077	91	70	0	1	91	2	92	5.41e-07	35.8
bflTTN_Zig3_193	TTNA15_1104	29.348	92	54	2	1	81	1	92	7.42e-07	35.8
bflTTN_Zig3_193	TTNA138_196	23.377	77	59	0	15	91	19	95	7.97e-07	35.4
bflTTN_Zig3_193	TTNM4_193	26.667	90	66	0	1	90	2	91	9.28e-07	35.4
bflTTN_Zig3_193	TTNI79_193	24.176	91	69	0	1	91	2	92	9.28e-07	35.4
bflTTN_Zig3_193	TTNA127_195	28.205	78	52	2	15	90	18	93	9.38e-07	35.4
bflTTN_Zig3_193	TTNI77_193	19.753	81	65	0	11	91	12	92	1.15e-06	35.0
bflTTN_Zig3_193	TTNA32_196	26.582	79	58	0	12	90	16	94	1.18e-06	35.0
bflTTN_Zig3_193	TTNZ8_195	32.836	67	45	0	25	91	27	93	1.21e-06	35.0
bflTTN_Zig3_193	TTNA29_194	26.506	83	59	1	8	90	12	92	1.50e-06	34.7
bflTTN_Zig3_193	TTNM6_194	28.767	73	49	2	19	88	18	90	2.24e-06	34.3
bflTTN_Zig3_193	TTNA94_195	29.114	79	56	0	12	90	15	93	2.55e-06	34.3
bflTTN_Zig3_193	TTNI25_195	23.077	91	69	1	1	90	2	92	3.02e-06	33.9
bflTTN_Zig3_193	TTNA123_196	24.051	79	60	0	12	90	16	94	3.03e-06	33.9
bflTTN_Zig3_193	TTNA156_195	28.986	69	49	0	12	80	15	83	3.08e-06	33.9
bflTTN_Zig3_193	TTNI29_193	25.676	74	55	0	17	90	18	91	3.15e-06	33.9
bflTTN_Zig3_193	TTNI44_193	23.750	80	61	0	1	80	2	81	4.28e-06	33.5
bflTTN_Zig3_193	TTNA61_197	28.395	81	54	2	1	80	8	85	5.43e-06	33.5
bflTTN_Zig3_193	TTNA83_196	30.488	82	55	1	12	93	16	95	5.88e-06	33.1
bflTTN_Zig3_193	TTNI64_193	28.947	76	52	2	7	81	8	82	6.18e-06	33.1
bflTTN_Zig3_193	TTNA72_196	25.000	76	57	0	15	90	19	94	6.88e-06	33.1
bflTTN_Zig3_193	TTNM1_192	24.051	79	59	1	14	91	13	91	6.97e-06	33.1
bflTTN_Zig3_193	TTNA145_195	27.632	76	55	0	15	90	18	93	6.99e-06	33.1
bflTTN_Zig3_193	TTNA105_197	26.250	80	58	1	12	90	16	95	1.02e-05	32.7
bflTTN_Zig3_193	TTNA112_192	25.556	90	67	0	1	90	1	90	1.02e-05	32.7
bflTTN_Zig3_193	TTNI38_193	21.978	91	71	0	1	91	2	92	1.15e-05	32.3
bflTTN_Zig3_193	TTNA43_195	24.691	81	56	2	12	90	16	93	1.16e-05	32.3
bflTTN_Zig3_193	TTNI100_188	28.395	81	55	2	8	88	9	86	1.23e-05	32.3
bflTTN_Zig3_193	TTNA87_194	23.750	80	59	1	11	90	15	92	1.39e-05	32.3
bflTTN_Zig3_193	TTNM10_195	20.652	92	71	1	1	90	2	93	1.74e-05	32.0
bflTTN_Zig3_193	TTNA65_194	30.864	81	50	2	12	90	16	92	1.75e-05	32.0
bflTTN_Zig3_193	TTNA46_192	29.412	68	44	3	15	80	15	80	2.07e-05	31.6
bflTTN_Zig3_193	TTNA134_195	25.676	74	55	0	15	88	18	91	2.10e-05	32.0
bflTTN_Zig3_193	TTNI27_194	25.556	90	67	0	1	90	2	91	2.27e-05	31.6
bflTTN_Zig3_193	TTNA1_193	23.333	90	69	0	1	90	2	91	3.06e-05	31.2
bflTTN_Zig3_193	TTNA160_193	30.380	79	53	1	12	90	15	91	3.10e-05	31.2
bflTTN_Zig3_193	TTNI47_193	25.301	83	61	1	10	91	11	93	3.23e-05	31.2
bflTTN_Zig3_193	TTNI50_194	26.087	92	65	2	1	90	2	92	3.34e-05	31.2
bflTTN_Zig3_193	TTNI84_196	31.148	61	39	2	15	74	20	78	5.21e-05	30.8
bflTTN_Zig3_193	TTNI96_188	28.986	69	48	1	7	75	8	75	1.05e-04	29.6
bflTTN_Zig3_193	TTNA120_193	25.000	80	56	2	12	90	15	91	1.19e-04	29.6
bflTTN_Zig3_193	TTNA116_196	23.656	93	68	1	1	90	2	94	1.39e-04	29.6
bflTTN_Zig3_193	TTNI81_190	28.000	50	36	0	25	74	27	76	1.56e-04	29.3
bflTTN_Zig3_193	TTNA142_194	25.000	80	56	2	12	90	16	92	3.24e-04	28.5
bflTTN_Zig3_193	TTNI103_188	25.301	83	60	2	1	82	1	82	4.41e-04	28.1
bflTTN_Zig3_193	TTNI3_187	27.536	69	47	2	7	74	8	74	5.24e-04	28.1
bflTTN_Zig3_193	TTNI82_188	26.027	73	53	1	1	73	2	73	5.95e-04	27.7
bflTTN_Zig3_193	TTNA25_194	23.457	81	61	1	1	80	2	82	6.13e-04	27.7
bflTTN_Zig3_193	TTNI74_193	22.667	75	58	0	7	81	8	82	6.38e-04	27.7
bflTTN_Zig3_193	TTNI12_187	27.848	79	53	2	7	85	8	82	6.72e-04	27.7
bflTTN_Zig3_193	TTNI106_194	32.609	46	31	0	26	71	28	73	7.01e-04	27.7
bflTTN_Zig3_193	TTNI54_193	25.333	75	56	0	7	81	8	82	8.00e-04	27.7
bflTTN_Zig3_193	TTNA153_193	23.377	77	55	2	15	90	18	91	0.001	26.9
bflTTN_Zig3_193	TTNA109_194	27.059	85	59	2	7	90	10	92	0.001	26.9
bflTTN_Zig3_193	TTNI9_187	26.190	84	57	2	8	91	9	87	0.002	26.2
bflTTN_Zig3_193	TTNA98_194	26.250	80	55	2	12	90	16	92	0.002	26.2
bflTTN_Zig3_193	TTNI7_187	27.692	65	46	1	7	71	8	71	0.003	25.8
bflTTN_Zig3_193	TTNI13_190	42.424	33	15	1	58	90	60	88	0.003	25.8
bflTTN_Zig3_193	TTNA169_1100	23.077	91	69	1	1	90	8	98	0.006	25.4
bflTTN_Zig3_193	TTNI98_188	25.373	67	49	1	7	73	8	73	0.006	25.0
bflTTN_Zig3_193	TTNA11_1103	22.353	85	60	1	12	90	17	101	0.006	25.0
bflTTN_Zig3_193	TTNA4_1121	41.667	24	14	0	11	34	11	34	0.008	25.0
bflTTN_Zig3_193	TTNI6_187	28.889	45	32	0	31	75	31	75	0.008	24.6
bflTTN_Zig3_193	TTNI104_188	21.053	57	45	0	31	87	31	87	0.010	24.6
bflTTN_Zig3_193	TTNM8_193	23.750	80	57	2	14	91	16	93	0.012	24.3
bflTTN_Zig3_193	TTNI90_187	23.881	67	49	1	7	73	8	72	0.013	24.3
bflTTN_Zig3_193	TTNI83_193	25.862	58	42	1	32	88	32	89	0.027	23.5
bflTTN_Zig3_193	TTNA76_194	26.667	75	49	3	18	90	22	92	0.039	23.1
bflTTN_Zig3_193	TTNI97_188	23.188	69	52	1	7	75	8	75	0.051	22.7
bflTTN_Zig3_193	TTNA54_196	22.368	76	59	0	15	90	19	94	0.063	22.3
bflTTN_Zig3_193	TTNI4_189	19.718	71	56	1	2	72	3	72	0.081	21.9
bflTTN_Zig3_193	TTNI39_193	26.506	83	59	2	1	82	2	83	0.081	21.9
bflTTN_Zig3_193	TTNA131_197	21.667	60	47	0	26	85	30	89	0.090	21.9
bflTTN_Zig3_193	TTNI10_187	20.000	85	67	1	3	87	4	87	0.22	20.8
bflTTN_Zig3_193	TTNI85_192	23.750	80	57	3	12	90	14	90	0.25	20.8
bflTTN_Zig3_193	TTNI86_190	25.373	67	47	2	7	71	8	73	0.42	20.0
bflTTN_Zig3_193	TTNI2_191	26.437	87	44	3	10	85	9	86	1.3	18.9
bflTTN_Zig4_193	TTNI15_191	32.967	91	60	1	1	91	2	91	6.05e-17	61.6
bflTTN_Zig4_193	TTNZ3_195	30.769	91	63	0	1	91	2	92	1.87e-16	60.5
bflTTN_Zig4_193	TTNZ2_194	30.435	92	64	0	1	92	2	93	5.72e-16	58.9
bflTTN_Zig4_193	TTNA164_192	29.487	78	55	0	15	92	15	92	4.15e-15	57.0
bflTTN_Zig4_193	TTNI36_194	33.333	81	53	1	2	81	3	83	2.16e-14	55.1
bflTTN_Zig4_193	TTNI55_193	34.940	83	54	0	1	83	2	84	2.23e-14	55.1
bflTTN_Zig4_193	TTNI78_194	32.927	82	54	1	1	81	2	83	3.09e-14	54.7
bflTTN_Zig4_193	TTNI75_193	30.769	91	63	0	1	91	2	92	6.45e-14	53.9
bflTTN_Zig4_193	TTNI48_194	29.348	92	64	1	1	91	2	93	1.32e-13	53.1
bflTTN_Zig4_193	TTNI24_192	31.250	80	55	0	1	80	1	80	2.28e-13	52.4
bflTTN_Zig4_193	TTNI30_194	29.348	92	64	1	1	91	2	93	1.04e-12	50.8
bflTTN_Zig4_193	TTNA138_196	32.000	75	51	0	7	81	11	85	1.18e-12	50.8
bflTTN_Zig4_193	TTNI69_193	30.435	92	64	0	1	92	2	93	1.62e-12	50.1
bflTTN_Zig4_193	TTNI28_193	27.160	81	59	0	1	81	2	82	2.41e-12	49.7
bflTTN_Zig4_193	TTNI14_192	26.087	92	66	2	1	91	2	92	5.97e-12	48.9
bflTTN_Zig4_193	TTNM7_192	25.275	91	68	0	1	91	1	91	1.26e-11	47.8
bflTTN_Zig4_193	TTNA127_195	30.556	72	50	0	12	83	15	86	1.37e-11	47.8
bflTTN_Zig4_193	TTNI79_193	29.670	91	64	0	1	91	2	92	1.59e-11	47.8
bflTTN_Zig4_193	TTNI58_194	24.731	93	69	1	1	92	2	94	2.10e-11	47.4
bflTTN_Zig4_193	TTNI57_193	32.468	77	52	0	15	91	16	92	3.24e-11	47.0
bflTTN_Zig4_193	TTNI62_193	30.864	81	56	0	1	81	2	82	3.31e-11	47.0
bflTTN_Zig4_193	TTNA168_194	34.615	78	47	3	16	91	16	91	4.33e-11	46.6
bflTTN_Zig4_193	TTNI72_193	25.926	81	60	0	1	81	2	82	4.93e-11	46.6
bflTTN_Zig4_193	TTNI40_193	25.275	91	68	0	1	91	2	92	5.67e-11	46.2
bflTTN_Zig4_193	TTNI67_193	31.884	69	47	0	15	83	16	84	5.73e-11	46.2
bflTTN_Zig4_193	TTNI65_193	26.087	92	68	0	1	92	2	93	1.23e-10	45.4
bflTTN_Zig4_193	TTNZ6_195	34.524	84	54	1	1	83	1	84	1.85e-10	45.1
bflTTN_Zig4_193	TTNI68_194	28.205	78	55	1	1	77	2	79	2.17e-10	44.7
bflTTN_Zig4_193	TTNI49_193	33.333	78	52	0	14	91	15	92	2.17e-10	44.7
bflTTN_Zig4_193	TTNI38_193	27.273	88	63	1	1	88	2	88	2.90e-10	44.3
bflTTN_Zig4_193	TTNI73_193	26.087	92	68	0	1	92	2	93	3.41e-10	44.3
bflTTN_Zig4_193	TTNI52_193	27.160	81	59	0	1	81	2	82	4.41e-10	43.9
bflTTN_Zig4_193	TTNM3_193	30.435	92	63	1	1	91	1	92	4.71e-10	43.9
bflTTN_Zig4_193	TTNA46_192	29.851	67	47	0	15	81	15	81	5.08e-10	43.9
bflTTN_Zig4_193	TTNI31_193	27.907	86	59	1	1	86	2	84	5.53e-10	43.9
bflTTN_Zig4_193	TTNZ1_195	26.316	95	66	2	1	92	1	94	5.57e-10	43.9
bflTTN_Zig4_193	TTNI25_195	29.885	87	59	2	1	86	2	87	8.74e-10	43.1
bflTTN_Zig4_193	TTNA18_199	24.419	86	58	1	14	92	14	99	8.95e-10	43.1
bflTTN_Zig4_193	TTNA90_192	30.303	66	46	0	15	80	15	80	9.26e-10	43.1
bflTTN_Zig4_193	TTNI34_193	26.136	88	65	0	1	88	2	89	1.16e-09	42.7
bflTTN_Zig4_193	TTNZ7_195	27.273	88	61	2	1	85	1	88	1.33e-09	42.7
bflTTN_Zig4_193	TTNA79_193	28.750	80	57	0	1	80	2	81	1.37e-09	42.7
bflTTN_Zig4_193	TTNI43_193	24.176	91	69	0	1	91	2	92	1.63e-09	42.4
bflTTN_Zig4_193	TTNI59_193	30.864	81	56	0	1	81	2	82	1.76e-09	42.4
bflTTN_Zig4_193	TTNA101_192	25.714	70	52	0	15	84	15	84	2.05e-09	42.4
bflTTN_Zig4_193	TTNA72_196	32.895	76	48	3	7	80	10	84	2.54e-09	42.0
bflTTN_Zig4_193	TTNM9_196	22.727	88	68	0	1	88	2	89	2.92e-09	42.0
bflTTN_Zig4_193	TTNA25_194	29.268	82	57	1	1	81	2	83	4.95e-09	41.2
bflTTN_Zig4_193	TTNI44_193	27.059	85	61	1	1	85	2	85	5.02e-09	41.2
bflTTN_Zig4_193	TTNA29_194	32.836	67	43	1	15	81	19	83	5.11e-09	41.2
bflTTN_Zig4_193	TTNI99_188	30.556	72	49	1	2	73	3	73	5.83e-09	40.8
bflTTN_Zig4_193	TTNA112_192	32.203	59	40	0	25	83	25	83	6.57e-09	40.8
bflTTN_Zig4_193	TTNA36_196	30.303	66	46	0	15	80	19	84	7.39e-09	40.8
bflTTN_Zig4_193	TTNA50_196	31.884	69	47	0	15	83	19	87	8.05e-09	40.8
bflTTN_Zig4_193	TTNI29_193	27.473	91	66	0	1	91	2	92	9.53e-09	40.4
bflTTN_Zig4_193	TTNM6_194	32.836	67	42	2	18	81	17	83	9.81e-09	40.4
bflTTN_Zig4_193	TTNI80_194	32.857	70	46	1	14	82	15	84	1.38e-08	40.0
bflTTN_Zig4_193	TTNI16_194	26.882	93	50	2	1	83	1	85	1.65e-08	40.0
bflTTN_Zig4_193	TTNI32_193	27.473	91	66	0	1	91	2	92	1.73e-08	39.7
bflTTN_Zig4_193	TTNM5_194	29.412	68	48	0	13	80	14	81	2.18e-08	39.7
bflTTN_Zig4_193	TTNI66_193	22.222	90	70	0	1	90	2	91	3.08e-08	39.3
bflTTN_Zig4_193	TTNA153_193	31.429	70	44	2	15	83	18	84	4.24e-08	38.9
bflTTN_Zig4_193	TTNI46_193	23.077	91	70	0	1	91	2	92	4.28e-08	38.9
bflTTN_Zig4_193	TTNI97_188	27.160	81	58	1	3	83	4	83	5.38e-08	38.5
bflTTN_Zig4_193	TTNI35_193	26.374	91	67	0	1	91	2	92	6.35e-08	38.5
bflTTN_Zig4_193	TTNA142_194	31.646	79	51	2	6	83	9	85	6.53e-08	38.5
bflTTN_Zig4_193	TTNI56_193	21.978	91	71	0	1	91	2	92	7.14e-08	38.1
bflTTN_Zig4_193	TTNI92_187	25.000	80	59	1	2	81	3	81	7.67e-08	38.1
bflTTN_Zig4_193	TTNI94_187	27.397	73	52	1	1	73	2	73	1.01e-07	37.7
bflTTN_Zig4_193	TTNI77_193	27.273	77	56	0	15	91	16	92	1.16e-07	37.7
bflTTN_Zig4_193	TTNA94_195	29.487	78	54	1	7	83	9	86	1.31e-07	37.7
bflTTN_Zig4_193	TTNA8_195	29.851	67	46	1	15	81	19	84	1.33e-07	37.7
bflTTN_Zig4_193	TTNI45_193	32.812	64	43	0	20	83	21	84	1.34e-07	37.4
bflTTN_Zig4_193	TTNA116_196	26.582	79	55	3	7	83	10	87	1.56e-07	37.4
bflTTN_Zig4_193	TTNA83_196	26.250	80	59	0	11	90	15	94	1.76e-07	37.4
bflTTN_Zig4_193	TTNA39_196	30.435	69	46	1	15	81	17	85	2.00e-07	37.0
bflTTN_Zig4_193	TTNA131_197	27.160	81	58	1	11	91	15	94	2.07e-07	37.0
bflTTN_Zig4_193	TTNA11_1103	29.268	82	52	2	15	90	20	101	2.65e-07	37.0
bflTTN_Zig4_193	TTNA22_194	28.571	70	48	1	11	80	15	82	3.24e-07	36.6
bflTTN_Zig4_193	TTNI70_194	27.160	81	58	1	1	80	2	82	3.60e-07	36.6
bflTTN_Zig4_193	TTNZ5_193	30.000	70	48	1	14	82	15	84	3.70e-07	36.2
bflTTN_Zig4_193	TTNI1_194	27.381	84	60	1	1	83	2	85	3.88e-07	36.2
bflTTN_Zig4_193	TTNI63_193	26.374	91	67	0	1	91	2	92	4.38e-07	36.2
bflTTN_Zig4_193	TTNA43_195	36.111	72	41	3	11	80	15	83	5.59e-07	35.8
bflTTN_Zig4_193	TTNA65_194	28.750	80	47	3	15	91	19	91	5.80e-07	35.8
bflTTN_Zig4_193	TTNI107_196	26.316	76	56	0	15	90	19	94	6.52e-07	35.8
bflTTN_Zig4_193	TTNA87_194	32.877	73	39	2	15	83	19	85	7.24e-07	35.8
bflTTN_Zig4_193	TTNA57_195	24.359	78	57	1	14	91	17	92	1.05e-06	35.0
bflTTN_Zig4_193	TTNI42_194	26.027	73	54	0	11	83	13	85	1.36e-06	35.0
bflTTN_Zig4_193	TTNI76_193	22.222	90	70	0	1	90	2	91	1.54e-06	34.7
bflTTN_Zig4_193	TTNA169_1100	32.143	56	37	1	26	80	33	88	1.66e-06	34.7
bflTTN_Zig4_193	TTNI27_194	27.711	83	60	0	1	83	2	84	1.74e-06	34.7
bflTTN_Zig4_193	TTNI74_193	24.419	86	65	0	3	88	4	89	2.42e-06	34.3
bflTTN_Zig4_193	TTNI90_187	28.767	73	50	2	1	73	2	72	2.86e-06	33.9
bflTTN_Zig4_193	TTNI50_194	24.691	81	60	1	1	80	2	82	3.95e-06	33.9
bflTTN_Zig4_193	TTNI5_188	26.230	61	45	0	14	74	15	75	4.08e-06	33.5
bflTTN_Zig4_193	TTNA54_196	28.169	71	51	0	11	81	15	85	4.20e-06	33.5
bflTTN_Zig4_193	TTNM4_193	23.077	78	60	0	15	92	16	93	4.28e-06	33.5
bflTTN_Zig4_193	TTNI47_193	31.667	60	41	0	24	83	25	84	4.32e-06	33.5
bflTTN_Zig4_193	TTNI41_193	25.000	92	67	2	1	91	2	92	4.90e-06	33.5
bflTTN_Zig4_193	TTNA145_195	28.788	66	47	0	15	80	18	83	5.21e-06	33.5
bflTTN_Zig4_193	TTNZ9_193	30.000	70	48	1	14	83	14	82	5.80e-06	33.1
bflTTN_Zig4_193	TTNA1_193	24.390	82	62	0	11	92	12	93	6.11e-06	33.1
bflTTN_Zig4_193	TTNI51_193	27.536	69	50	0	15	83	16	84	6.79e-06	33.1
bflTTN_Zig4_193	TTNM10_195	25.000	80	58	1	14	91	15	94	6.85e-06	33.1
bflTTN_Zig4_193	TTNA160_193	25.316	79	54	3	5	81	7	82	7.08e-06	33.1
bflTTN_Zig4_193	TTNA134_195	22.222	63	49	0	15	77	18	80	7.85e-06	33.1
bflTTN_Zig4_193	TTNA98_194	26.087	69	49	1	15	83	19	85	8.24e-06	32.7
bflTTN_Zig4_193	TTNI12_187	29.630	81	53	2	3	83	4	80	9.32e-06	32.7
bflTTN_Zig4_193	TTNA68_195	29.167	72	51	0	11	82	14	85	9.68e-06	32.7
bflTTN_Zig4_193	TTNI103_188	21.795	78	60	1	3	80	4	80	9.88e-06	32.7
bflTTN_Zig4_193	TTNA120_193	27.586	87	56	3	1	83	1	84	1.08e-05	32.3
bflTTN_Zig4_193	TTNI26_191	24.096	83	60	2	9	90	9	89	1.14e-05	32.3
bflTTN_Zig4_193	TTNA76_194	29.231	65	44	1	19	83	23	85	1.23e-05	32.3
bflTTN_Zig4_193	TTNA149_197	23.881	67	51	0	15	81	20	86	1.24e-05	32.3
bflTTN_Zig4_193	TTNI37_193	28.723	94	61	4	1	91	2	92	1.38e-05	32.3
bflTTN_Zig4_193	TTNI17_194	21.519	79	62	0	15	93	16	94	1.48e-05	32.3
bflTTN_Zig4_193	TTNI64_193	24.359	78	59	0	3	80	4	81	1.55e-05	32.0
bflTTN_Zig4_193	TTNA4_1121	44.828	29	16	0	15	43	15	43	2.04e-05	32.3
bflTTN_Zig4_193	TTNI71_193	24.638	69	52	0	15	83	16	84	2.10e-05	31.6
bflTTN_Zig4_193	TTNI53_193	24.096	83	63	0	1	83	2	84	2.19e-05	31.6
bflTTN_Zig4_193	TTNI89_188	25.373	67	49	1	3	69	4	69	2.54e-05	31.6
bflTTN_Zig4_193	TTNM2_195	24.419	86	62	1	1	83	1	86	3.32e-05	31.2
bflTTN_Zig4_193	TTNI33_193	30.435	69	48	0	15	83	16	84	4.55e-05	30.8
bflTTN_Zig4_193	TTNI60_194	25.926	81	59	1	1	80	2	82	4.57e-05	30.8
bflTTN_Zig4_193	TTNA109_194	28.358	67	46	1	15	81	19	83	6.11e-05	30.4
bflTTN_Zig4_193	TTNI9_187	27.907	43	31	0	32	74	32	74	6.98e-05	30.4
bflTTN_Zig4_193	TTNI4_189	26.087	69	50	1	3	71	4	71	8.22e-05	30.0
bflTTN_Zig4_193	TTNI100_188	26.923	78	52	3	5	81	9	82	8.54e-05	30.0
bflTTN_Zig4_193	TTNA61_197	24.138	58	44	0	24	81	29	86	1.09e-04	30.0
bflTTN_Zig4_193	TTNI81_190	21.918	73	56	1	3	74	4	76	1.43e-04	29.6
bflTTN_Zig4_193	TTNI93_188	31.579	38	26	0	32	69	32	69	1.58e-04	29.3
bflTTN_Zig4_193	TTNI54_193	24.359	78	59	0	3	80	4	81	1.87e-04	29.3
bflTTN_Zig4_193	TTNZ4_195	29.885	87	55	3	1	83	2	86	2.13e-04	29.3
bflTTN_Zig4_193	TTNM1_192	25.000	80	59	1	14	92	13	92	2.22e-04	28.9
bflTTN_Zig4_193	TTNI83_193	24.658	73	54	1	3	75	4	75	2.45e-04	28.9
bflTTN_Zig4_193	TTNI61_193	24.096	83	62	1	3	85	4	85	4.32e-04	28.1
bflTTN_Zig4_193	TTNZ8_195	22.892	83	62	1	1	81	1	83	5.95e-04	27.7
bflTTN_Zig4_193	TTNI84_196	27.174	92	60	3	3	90	4	92	8.44e-04	27.3
bflTTN_Zig4_193	TTNA165_196	24.359	78	58	1	15	91	18	95	8.89e-04	27.3
bflTTN_Zig4_193	TTNA105_197	24.324	74	55	1	11	83	15	88	0.001	27.3
bflTTN_Zig4_193	TTNI82_188	21.918	73	56	1	1	73	2	73	0.001	27.3
bflTTN_Zig4_193	TTNA15_1104	22.667	75	48	2	15	80	18	91	0.001	27.3
bflTTN_Zig4_193	TTNI106_194	28.814	59	40	2	26	83	28	85	0.002	26.2
bflTTN_Zig4_193	TTNI3_187	31.707	41	28	0	34	74	34	74	0.004	25.4
bflTTN_Zig4_193	TTNI98_188	23.333	60	45	1	14	73	15	73	0.008	24.6
bflTTN_Zig4_193	TTNA156_195	18.919	74	60	0	15	88	18	91	0.026	23.5
bflTTN_Zig4_193	TTNI2_191	24.658	73	53	2	3	74	4	75	0.070	22.3
bflTTN_Zig4_193	TTNI7_187	23.077	65	49	1	7	71	8	71	0.099	21.6
bflTTN_Zig4_193	TTNI104_188	20.408	49	39	0	32	80	32	80	0.10	21.6
bflTTN_Zig4_193	TTNI88_187	25.000	68	49	2	14	81	15	80	0.24	20.8
bflTTN_Zig4_193	TTNI11_187	22.078	77	46	1	7	83	21	83	0.26	20.4
bflTTN_Zig5_193	TTNZ2_194	48.387	93	48	0	1	93	1	93	1.21e-25	83.6
bflTTN_Zig5_193	TTNZ3_195	38.043	92	57	0	1	92	1	92	6.68e-21	71.6
bflTTN_Zig5_193	TTNI56_193	34.831	89	58	0	1	89	1	89	3.61e-17	62.0
bflTTN_Zig5_193	TTNZ5_193	37.778	90	55	1	4	92	4	93	5.23e-17	61.6
bflTTN_Zig5_193	TTNI72_193	32.967	91	61	0	1	91	1	91	7.90e-17	61.2
bflTTN_Zig5_193	TTNI58_194	29.787	94	65	1	1	93	1	94	1.49e-16	60.5
bflTTN_Zig5_193	TTNI55_193	28.261	92	66	0	1	92	1	92	3.61e-15	57.0
bflTTN_Zig5_193	TTNI65_193	30.108	93	65	0	1	93	1	93	4.20e-15	57.0
bflTTN_Zig5_193	TTNI40_193	31.522	92	63	0	1	92	1	92	1.04e-14	55.8
bflTTN_Zig5_193	TTNI62_193	34.783	92	60	0	1	92	1	92	1.59e-14	55.5
bflTTN_Zig5_193	TTNI29_193	32.222	90	61	0	2	91	2	91	4.09e-14	54.3
bflTTN_Zig5_193	TTNI24_192	32.967	91	61	0	2	92	1	91	4.45e-14	54.3
bflTTN_Zig5_193	TTNI1_194	30.108	93	64	1	2	93	2	94	4.92e-14	54.3
bflTTN_Zig5_193	TTNI46_193	28.261	92	66	0	1	92	1	92	5.66e-14	53.9
bflTTN_Zig5_193	TTNA168_194	35.484	93	58	2	2	92	1	93	5.78e-14	53.9
bflTTN_Zig5_193	TTNI75_193	27.174	92	67	0	1	92	1	92	5.78e-14	53.9
bflTTN_Zig5_193	TTNM3_193	35.870	92	58	1	2	92	1	92	8.00e-14	53.5
bflTTN_Zig5_193	TTNI66_193	31.461	89	61	0	1	89	1	89	8.92e-14	53.5
bflTTN_Zig5_193	TTNI51_193	36.842	76	48	0	16	91	16	91	9.52e-14	53.5
bflTTN_Zig5_193	TTNA50_196	34.043	94	59	1	1	91	1	94	1.83e-13	52.8
bflTTN_Zig5_193	TTNZ1_195	33.333	93	60	1	2	92	1	93	2.52e-13	52.4
bflTTN_Zig5_193	TTNZ7_195	31.183	93	62	1	2	92	1	93	2.78e-13	52.4
bflTTN_Zig5_193	TTNI52_193	30.435	92	64	0	1	92	1	92	3.16e-13	52.0
bflTTN_Zig5_193	TTNI14_192	30.435	92	64	0	1	92	1	92	3.26e-13	52.0
bflTTN_Zig5_193	TTNI15_191	35.870	92	58	1	1	92	1	91	4.14e-13	51.6
bflTTN_Zig5_193	TTNI76_193	32.584	89	60	0	1	89	1	89	4.57e-13	51.6
bflTTN_Zig5_193	TTNA164_192	29.348	92	65	0	2	93	1	92	7.67e-13	51.2
bflTTN_Zig5_193	TTNI45_193	30.769	91	63	0	1	91	1	91	1.01e-12	50.8
bflTTN_Zig5_193	TTNI59_193	30.435	92	64	0	1	92	1	92	2.36e-12	49.7
bflTTN_Zig5_193	TTNI37_193	29.070	86	61	0	2	87	2	87	3.96e-12	49.3
bflTTN_Zig5_193	TTNI60_194	35.870	92	58	1	1	91	1	92	4.09e-12	49.3
bflTTN_Zig5_193	TTNI48_194	26.437	87	63	1	1	86	1	87	7.90e-12	48.5
bflTTN_Zig5_193	TTNI16_194	30.435	92	62	1	2	91	1	92	1.05e-11	48.1
bflTTN_Zig5_193	TTNI70_194	31.522	92	62	1	1	91	1	92	1.83e-11	47.8
bflTTN_Zig5_193	TTNI42_194	32.258	93	62	1	1	92	1	93	2.13e-11	47.4
bflTTN_Zig5_193	TTNI68_194	33.333	93	61	1	1	92	1	93	3.57e-11	47.0
bflTTN_Zig5_193	TTNI34_193	29.670	91	64	0	2	92	2	92	1.18e-10	45.4
bflTTN_Zig5_193	TTNA18_199	33.333	87	49	3	15	93	14	99	1.43e-10	45.4
bflTTN_Zig5_193	TTNM4_193	31.522	92	63	0	2	93	2	93	1.63e-10	45.1
bflTTN_Zig5_193	TTNI25_195	27.174	92	66	1	1	91	1	92	2.77e-10	44.7
bflTTN_Zig5_193	TTNZ6_195	31.183	93	63	1	2	93	1	93	2.86e-10	44.7
bflTTN_Zig5_193	TTNM1_192	29.545	88	61	1	7	93	5	92	3.38e-10	44.3
bflTTN_Zig5_193	TTNI17_194	32.258	93	63	0	1	93	1	93	4.22e-10	43.9
bflTTN_Zig5_193	TTNA36_196	27.632	76	55	0	16	91	19	94	4.58e-10	43.9
bflTTN_Zig5_193	TTNI36_194	26.882	93	67	1	1	92	1	93	4.70e-10	43.9
bflTTN_Zig5_193	TTNM10_195	31.183	93	62	1	1	91	1	93	5.69e-10	43.9
bflTTN_Zig5_193	TTNI71_193	31.579	76	52	0	16	91	16	91	7.71e-10	43.5
bflTTN_Zig5_193	TTNI69_193	29.630	81	57	0	1	81	1	81	8.22e-10	43.1
bflTTN_Zig5_193	TTNI61_193	26.374	91	67	0	1	91	1	91	8.49e-10	43.1
bflTTN_Zig5_193	TTNZ9_193	32.099	81	54	1	12	92	11	90	1.37e-09	42.7
bflTTN_Zig5_193	TTNI49_193	26.087	92	68	0	1	92	1	92	1.92e-09	42.4
bflTTN_Zig5_193	TTNZ8_195	29.032	93	64	1	2	92	1	93	2.06e-09	42.4
bflTTN_Zig5_193	TTNI94_187	32.967	91	56	2	2	92	2	87	4.06e-09	41.2
bflTTN_Zig5_193	TTNI64_193	30.769	91	63	0	1	91	1	91	5.41e-09	41.2
bflTTN_Zig5_193	TTNZ4_195	31.111	90	60	1	2	89	2	91	5.44e-09	41.2
bflTTN_Zig5_193	TTNI32_193	29.348	92	65	0	1	92	1	92	7.06e-09	40.8
bflTTN_Zig5_193	TTNA156_195	30.263	76	51	1	16	91	18	91	7.82e-09	40.8
bflTTN_Zig5_193	TTNM2_195	32.258	93	60	2	2	91	1	93	9.18e-09	40.4
bflTTN_Zig5_193	TTNI74_193	29.670	91	64	0	1	91	1	91	1.05e-08	40.4
bflTTN_Zig5_193	TTNI99_188	31.944	72	48	1	4	75	4	74	1.11e-08	40.4
bflTTN_Zig5_193	TTNI78_194	27.473	91	64	2	1	89	1	91	1.13e-08	40.4
bflTTN_Zig5_193	TTNI43_193	28.736	87	62	0	1	87	1	87	1.26e-08	40.0
bflTTN_Zig5_193	TTNI77_193	29.348	92	65	0	1	92	1	92	1.27e-08	40.0
bflTTN_Zig5_193	TTNI31_193	28.736	87	62	0	1	87	1	87	1.51e-08	40.0
bflTTN_Zig5_193	TTNI28_193	25.926	81	60	0	1	81	1	81	1.51e-08	40.0
bflTTN_Zig5_193	TTNI30_194	27.273	88	63	1	1	87	1	88	1.62e-08	40.0
bflTTN_Zig5_193	TTNI26_191	29.670	91	61	2	2	91	1	89	1.98e-08	39.7
bflTTN_Zig5_193	TTNA127_195	31.169	77	51	1	16	92	18	92	2.93e-08	39.3
bflTTN_Zig5_193	TTNA43_195	32.051	78	48	2	16	91	19	93	4.99e-08	38.5
bflTTN_Zig5_193	TTNM9_196	28.889	90	64	0	2	91	2	91	6.42e-08	38.5
bflTTN_Zig5_193	TTNM7_192	27.536	69	50	0	24	92	23	91	1.44e-07	37.4
bflTTN_Zig5_193	TTNI79_193	27.174	92	67	0	1	92	1	92	1.80e-07	37.4
bflTTN_Zig5_193	TTNI27_194	28.947	76	54	0	16	91	16	91	2.33e-07	37.0
bflTTN_Zig5_193	TTNI67_193	30.488	82	54	1	11	92	14	92	2.66e-07	36.6
bflTTN_Zig5_193	TTNM5_194	25.641	78	58	0	15	92	15	92	3.14e-07	36.6
bflTTN_Zig5_193	TTNI97_188	30.263	76	52	1	1	76	1	75	3.81e-07	36.2
bflTTN_Zig5_193	TTNI33_193	25.000	76	57	0	16	91	16	91	4.11e-07	36.2
bflTTN_Zig5_193	TTNI82_188	23.913	92	65	2	2	93	2	88	4.38e-07	36.2
bflTTN_Zig5_193	TTNI107_196	28.986	69	49	0	16	84	19	87	4.46e-07	36.2
bflTTN_Zig5_193	TTNI44_193	23.913	92	70	0	1	92	1	92	6.41e-07	35.8
bflTTN_Zig5_193	TTNI39_193	23.077	91	70	0	1	91	1	91	6.98e-07	35.8
bflTTN_Zig5_193	TTNI50_194	27.174	92	66	1	1	91	1	92	7.32e-07	35.8
bflTTN_Zig5_193	TTNI103_188	26.389	72	52	1	1	72	1	71	9.29e-07	35.4
bflTTN_Zig5_193	TTNI54_193	32.099	81	55	0	1	81	1	81	1.02e-06	35.0
bflTTN_Zig5_193	TTNA169_1100	23.457	81	61	1	2	81	8	88	1.11e-06	35.4
bflTTN_Zig5_193	TTNI90_187	31.522	92	57	2	2	93	2	87	1.16e-06	35.0
bflTTN_Zig5_193	TTNI10_187	30.000	70	48	1	3	72	3	71	1.20e-06	35.0
bflTTN_Zig5_193	TTNI80_194	28.571	91	62	2	4	92	4	93	1.91e-06	34.7
bflTTN_Zig5_193	TTNA90_192	25.806	62	46	0	25	86	24	85	2.08e-06	34.3
bflTTN_Zig5_193	TTNA11_1103	29.167	72	45	1	16	81	20	91	2.81e-06	34.3
bflTTN_Zig5_193	TTNA72_196	27.536	69	50	0	16	84	19	87	2.97e-06	33.9
bflTTN_Zig5_193	TTNA123_196	28.358	67	46	1	25	91	28	92	5.40e-06	33.5
bflTTN_Zig5_193	TTNA138_196	24.675	77	58	0	16	92	19	95	5.52e-06	33.5
bflTTN_Zig5_193	TTNI12_187	25.581	86	60	2	4	89	4	85	7.47e-06	32.7
bflTTN_Zig5_193	TTNA1_193	25.532	94	66	2	2	93	2	93	1.01e-05	32.7
bflTTN_Zig5_193	TTNI73_193	23.656	93	71	0	1	93	1	93	1.25e-05	32.3
bflTTN_Zig5_193	TTNA112_192	30.909	55	38	0	27	81	26	80	1.32e-05	32.3
bflTTN_Zig5_193	TTNA131_197	27.397	73	53	0	16	88	19	91	1.41e-05	32.3
bflTTN_Zig5_193	TTNA105_197	28.571	70	45	2	25	91	28	95	1.45e-05	32.3
bflTTN_Zig5_193	TTNA105_197	34.286	35	21	1	36	70	10	42	0.034	23.1
bflTTN_Zig5_193	TTNI100_188	25.000	60	44	1	14	73	14	72	1.47e-05	32.0
bflTTN_Zig5_193	TTNA65_194	27.632	76	53	1	16	91	19	92	1.75e-05	32.0
bflTTN_Zig5_193	TTNI83_193	27.778	90	63	2	1	89	1	89	1.86e-05	32.0
bflTTN_Zig5_193	TTNA94_195	31.884	69	47	0	16	84	18	86	1.89e-05	32.0
bflTTN_Zig5_193	TTNI41_193	23.913	92	70	0	1	92	1	92	2.06e-05	32.0
bflTTN_Zig5_193	TTNI5_188	28.235	85	57	1	8	92	8	88	3.41e-05	31.2
bflTTN_Zig5_193	TTNI2_191	31.915	47	32	0	4	50	4	50	3.41e-05	31.2
bflTTN_Zig5_193	TTNA8_195	34.286	70	39	3	25	92	28	92	3.46e-05	31.2
bflTTN_Zig5_193	TTNI101_193	28.395	81	55	3	8	87	8	86	4.70e-05	30.8
bflTTN_Zig5_193	TTNI53_193	22.826	92	71	0	1	92	1	92	4.80e-05	30.8
bflTTN_Zig5_193	TTNA32_196	27.632	76	55	0	16	91	19	94	5.54e-05	30.8
bflTTN_Zig5_193	TTNI98_188	24.638	69	51	1	4	72	4	71	5.57e-05	30.4
bflTTN_Zig5_193	TTNA83_196	25.373	67	50	0	25	91	28	94	5.78e-05	30.8
bflTTN_Zig5_193	TTNA39_196	28.205	78	54	1	16	91	17	94	6.54e-05	30.4
bflTTN_Zig5_193	TTNA153_193	23.171	82	49	2	16	91	18	91	7.58e-05	30.4
bflTTN_Zig5_193	TTNA101_192	28.333	60	43	0	25	84	24	83	9.02e-05	30.0
bflTTN_Zig5_193	TTNA116_196	25.263	95	66	2	1	91	1	94	9.12e-05	30.0
bflTTN_Zig5_193	TTNA79_193	22.892	83	64	0	1	83	1	83	9.14e-05	30.0
bflTTN_Zig5_193	TTNI4_189	30.556	72	49	1	1	72	1	71	9.32e-05	30.0
bflTTN_Zig5_193	TTNI4_189	31.250	32	20	1	51	80	13	44	6.4	16.5
bflTTN_Zig5_193	TTNI84_196	27.835	97	63	3	1	92	1	95	2.02e-04	29.3
bflTTN_Zig5_193	TTNI85_192	30.526	95	60	4	1	92	1	92	2.13e-04	28.9
bflTTN_Zig5_193	TTNI63_193	23.913	92	70	0	1	92	1	92	2.37e-04	28.9
bflTTN_Zig5_193	TTNI92_187	23.684	76	57	1	1	76	1	75	4.09e-04	28.1
bflTTN_Zig5_193	TTNA15_1104	22.619	84	57	2	16	91	18	101	5.22e-04	28.1
bflTTN_Zig5_193	TTNI81_190	27.273	44	32	0	29	72	30	73	5.28e-04	28.1
bflTTN_Zig5_193	TTNI88_187	29.688	64	41	1	30	93	28	87	5.41e-04	27.7
bflTTN_Zig5_193	TTNA25_194	25.882	85	56	4	1	81	1	82	6.46e-04	27.7
bflTTN_Zig5_193	TTNA87_194	28.571	77	51	2	16	91	19	92	7.30e-04	27.7
bflTTN_Zig5_193	TTNA68_195	23.529	68	52	0	25	92	27	94	0.001	27.3
bflTTN_Zig5_193	TTNA134_195	28.169	71	46	1	7	72	4	74	0.001	27.3
bflTTN_Zig5_193	TTNI35_193	23.913	92	70	0	1	92	1	92	0.002	26.6
bflTTN_Zig5_193	TTNA61_197	29.825	57	40	0	25	81	29	85	0.002	26.6
bflTTN_Zig5_193	TTNA145_195	24.359	78	59	0	16	93	18	95	0.003	26.2
bflTTN_Zig5_193	TTNA22_194	23.684	76	56	1	16	91	19	92	0.004	25.8
bflTTN_Zig5_193	TTNI6_187	34.043	47	27	1	45	91	44	86	0.005	25.4
bflTTN_Zig5_193	TTNI7_187	24.719	89	62	2	4	92	4	87	0.007	25.0
bflTTN_Zig5_193	TTNA4_1121	33.333	27	18	0	16	42	15	41	0.007	25.4
bflTTN_Zig5_193	TTNA109_194	22.535	71	53	1	21	91	24	92	0.020	23.9
bflTTN_Zig5_193	TTNI47_193	19.780	91	73	0	1	91	1	91	0.025	23.5
bflTTN_Zig5_193	TTNA76_194	23.288	73	42	2	25	91	28	92	0.032	23.1
bflTTN_Zig5_193	TTNA57_195	21.739	69	54	0	25	93	27	95	0.060	22.3
bflTTN_Zig5_193	TTNM8_193	26.786	56	39	1	15	70	16	69	0.074	22.3
bflTTN_Zig5_193	TTNA29_194	40.000	20	12	0	67	86	68	87	0.90	19.2
bflTTN_Zig5_193	TTNI105_190	21.053	76	57	1	16	91	16	88	2.1	18.1
bflTTN_Zig5_193	TTNA120_193	23.077	65	48	1	27	91	29	91	4.0	17.3
bflTTN_Zig6_192	TTNZ3_195	38.462	91	54	2	1	90	2	91	6.12e-19	66.6
bflTTN_Zig6_192	TTNI16_194	32.979	94	57	3	1	90	1	92	6.55e-18	63.9
bflTTN_Zig6_192	TTNI24_192	35.484	93	58	2	1	92	1	92	9.84e-18	63.5
bflTTN_Zig6_192	TTNI58_194	35.165	91	58	1	1	90	2	92	1.57e-16	60.5
bflTTN_Zig6_192	TTNM3_193	31.915	94	61	3	1	92	1	93	1.24e-15	58.2
bflTTN_Zig6_192	TTNA164_192	36.047	86	54	1	4	88	3	88	2.20e-14	55.1
bflTTN_Zig6_192	TTNI14_192	30.108	93	61	3	1	91	2	92	3.82e-14	54.3
bflTTN_Zig6_192	TTNZ1_195	31.183	93	60	2	1	90	1	92	8.19e-14	53.5
bflTTN_Zig6_192	TTNI42_194	28.571	91	64	1	1	90	2	92	1.27e-13	53.1
bflTTN_Zig6_192	TTNA168_194	34.043	94	58	2	1	91	1	93	2.69e-13	52.4
bflTTN_Zig6_192	TTNI25_195	28.261	92	63	2	1	90	2	92	1.41e-12	50.4
bflTTN_Zig6_192	TTNI40_193	29.670	91	62	2	1	90	2	91	1.76e-12	50.1
bflTTN_Zig6_192	TTNI48_194	29.670	91	63	1	1	90	2	92	2.52e-12	49.7
bflTTN_Zig6_192	TTNI72_193	31.868	91	60	2	1	90	2	91	6.30e-12	48.5
bflTTN_Zig6_192	TTNZ5_193	29.412	85	58	2	9	91	9	93	1.23e-11	48.1
bflTTN_Zig6_192	TTNM8_193	28.889	90	61	2	4	92	5	92	1.68e-11	47.8
bflTTN_Zig6_192	TTNZ7_195	27.660	94	64	3	1	91	1	93	3.93e-11	46.6
bflTTN_Zig6_192	TTNI78_194	24.176	91	68	1	1	90	2	92	1.01e-10	45.4
bflTTN_Zig6_192	TTNA32_196	29.070	86	60	1	6	90	9	94	1.88e-10	45.1
bflTTN_Zig6_192	TTNI71_193	31.868	91	61	1	1	90	1	91	2.45e-10	44.7
bflTTN_Zig6_192	TTNM7_192	29.114	79	55	1	13	90	12	90	5.09e-10	43.9
bflTTN_Zig6_192	TTNM9_196	26.374	91	65	2	1	90	2	91	8.19e-10	43.1
bflTTN_Zig6_192	TTNI36_194	30.588	85	58	1	2	85	3	87	1.18e-09	42.7
bflTTN_Zig6_192	TTNA46_192	30.667	75	51	1	7	80	6	80	2.05e-09	42.4
bflTTN_Zig6_192	TTNI65_193	27.473	91	64	2	1	90	2	91	3.21e-09	41.6
bflTTN_Zig6_192	TTNI37_193	27.473	91	64	2	1	90	2	91	4.52e-09	41.2
bflTTN_Zig6_192	TTNI97_188	33.708	89	52	4	3	90	4	86	9.77e-09	40.4
bflTTN_Zig6_192	TTNI75_193	27.473	91	64	2	1	90	2	91	1.29e-08	40.0
bflTTN_Zig6_192	TTNI30_194	25.275	91	67	1	1	90	2	92	1.56e-08	40.0
bflTTN_Zig6_192	TTNA25_194	30.769	91	62	1	1	90	2	92	1.61e-08	40.0
bflTTN_Zig6_192	TTNI69_193	26.374	91	66	1	1	90	1	91	1.68e-08	39.7
bflTTN_Zig6_192	TTNI64_193	28.889	90	62	2	2	90	3	91	1.81e-08	39.7
bflTTN_Zig6_192	TTNI80_194	27.059	85	60	1	9	91	9	93	1.85e-08	39.7
bflTTN_Zig6_192	TTNI70_194	27.174	92	64	2	1	90	2	92	1.85e-08	39.7
bflTTN_Zig6_192	TTNI46_193	29.670	91	62	2	1	90	2	91	2.13e-08	39.7
bflTTN_Zig6_192	TTNI45_193	28.571	91	64	1	1	90	1	91	2.15e-08	39.7
bflTTN_Zig6_192	TTNI62_193	31.868	91	60	2	1	90	2	91	2.37e-08	39.3
bflTTN_Zig6_192	TTNI57_193	29.268	82	57	1	10	90	10	91	2.66e-08	39.3
bflTTN_Zig6_192	TTNI34_193	34.146	82	52	2	1	81	2	82	2.66e-08	39.3
bflTTN_Zig6_192	TTNI68_194	29.487	78	54	1	1	77	2	79	3.69e-08	38.9
bflTTN_Zig6_192	TTNM2_195	29.114	79	52	1	16	90	15	93	3.72e-08	38.9
bflTTN_Zig6_192	TTNZ4_195	31.868	91	58	3	1	88	2	91	4.55e-08	38.9
bflTTN_Zig6_192	TTNI74_193	27.586	87	61	2	3	88	4	89	5.61e-08	38.5
bflTTN_Zig6_192	TTNA22_194	30.556	72	49	1	10	81	13	83	6.77e-08	38.1
bflTTN_Zig6_192	TTNA138_196	27.711	83	55	2	11	90	14	94	7.47e-08	38.1
bflTTN_Zig6_192	TTNI47_193	28.571	91	63	2	1	90	2	91	7.71e-08	38.1
bflTTN_Zig6_192	TTNZ9_193	27.500	80	58	0	11	90	10	89	8.14e-08	38.1
bflTTN_Zig6_192	TTNI99_188	34.615	52	33	1	29	79	28	79	8.27e-08	38.1
bflTTN_Zig6_192	TTNI105_190	26.437	87	62	1	4	90	4	88	1.10e-07	37.7
bflTTN_Zig6_192	TTNI28_193	26.966	89	63	2	1	88	2	89	1.24e-07	37.7
bflTTN_Zig6_192	TTNI49_193	29.577	71	49	1	19	88	19	89	1.26e-07	37.7
bflTTN_Zig6_192	TTNI44_193	25.000	92	65	3	1	90	2	91	1.40e-07	37.4
bflTTN_Zig6_192	TTNA101_192	30.380	79	52	2	13	90	12	88	1.45e-07	37.4
bflTTN_Zig6_192	TTNI73_193	25.275	91	66	2	1	90	2	91	1.92e-07	37.0
bflTTN_Zig6_192	TTNI53_193	25.275	91	66	2	1	90	2	91	2.79e-07	36.6
bflTTN_Zig6_192	TTNI55_193	28.395	81	56	2	1	80	2	81	2.88e-07	36.6
bflTTN_Zig6_192	TTNA36_196	27.160	81	58	1	11	90	14	94	2.90e-07	36.6
bflTTN_Zig6_192	TTNI33_193	28.395	81	57	1	11	90	11	91	2.94e-07	36.6
bflTTN_Zig6_192	TTNI43_193	28.571	91	63	2	1	90	2	91	3.13e-07	36.6
bflTTN_Zig6_192	TTNI51_193	27.174	92	66	1	1	91	1	92	3.60e-07	36.2
bflTTN_Zig6_192	TTNA11_1103	27.273	88	55	2	11	90	15	101	4.09e-07	36.6
bflTTN_Zig6_192	TTNI59_193	28.090	89	62	2	1	88	2	89	5.21e-07	35.8
bflTTN_Zig6_192	TTNZ6_195	26.596	94	64	3	1	91	1	92	5.86e-07	35.8
bflTTN_Zig6_192	TTNI61_193	28.261	92	65	1	1	91	1	92	6.86e-07	35.8
bflTTN_Zig6_192	TTNI63_193	28.571	91	63	2	1	90	2	91	7.87e-07	35.4
bflTTN_Zig6_192	TTNA90_192	27.273	77	55	1	13	88	12	88	8.25e-07	35.4
bflTTN_Zig6_192	TTNA79_193	28.261	92	63	2	1	90	1	91	9.32e-07	35.4
bflTTN_Zig6_192	TTNI52_193	27.473	91	64	2	1	90	2	91	1.10e-06	35.0
bflTTN_Zig6_192	TTNA39_196	27.368	95	62	3	1	90	2	94	1.16e-06	35.0
bflTTN_Zig6_192	TTNI77_193	31.579	76	51	1	16	90	16	91	1.25e-06	35.0
bflTTN_Zig6_192	TTNI35_193	26.374	91	65	2	1	90	2	91	1.36e-06	35.0
bflTTN_Zig6_192	TTNI107_196	27.586	87	60	2	6	90	9	94	1.38e-06	35.0
bflTTN_Zig6_192	TTNA156_195	28.395	81	57	1	9	88	11	91	1.53e-06	34.7
bflTTN_Zig6_192	TTNI32_193	29.348	92	61	3	1	90	2	91	1.89e-06	34.7
bflTTN_Zig6_192	TTNI67_193	27.632	76	54	1	16	90	16	91	2.01e-06	34.3
bflTTN_Zig6_192	TTNI27_194	26.374	91	65	2	1	90	2	91	2.07e-06	34.3
bflTTN_Zig6_192	TTNI29_193	28.571	91	63	2	1	90	2	91	2.36e-06	34.3
bflTTN_Zig6_192	TTNI5_188	29.762	84	54	2	9	91	9	88	2.50e-06	34.3
bflTTN_Zig6_192	TTNI38_193	23.077	91	68	2	1	90	2	91	3.83e-06	33.5
bflTTN_Zig6_192	TTNI39_193	25.275	91	67	1	1	90	1	91	3.87e-06	33.5
bflTTN_Zig6_192	TTNI81_190	26.389	72	52	1	2	72	3	74	4.15e-06	33.5
bflTTN_Zig6_192	TTNI90_187	35.135	74	44	2	1	73	2	72	4.25e-06	33.5
bflTTN_Zig6_192	TTNM10_195	23.656	93	68	1	1	90	1	93	4.39e-06	33.5
bflTTN_Zig6_192	TTNA29_194	23.256	86	63	2	6	90	9	92	4.46e-06	33.5
bflTTN_Zig6_192	TTNA123_196	26.087	69	50	1	13	80	16	84	4.74e-06	33.5
bflTTN_Zig6_192	TTNA68_195	30.000	70	48	1	14	82	16	85	6.40e-06	33.1
bflTTN_Zig6_192	TTNA127_195	20.988	81	63	1	11	90	13	93	8.06e-06	32.7
bflTTN_Zig6_192	TTNI15_191	26.087	92	65	3	1	91	2	91	8.35e-06	32.7
bflTTN_Zig6_192	TTNI50_194	26.829	82	57	2	1	80	2	82	9.49e-06	32.7
bflTTN_Zig6_192	TTNA4_1121	21.930	114	59	3	7	90	6	119	1.13e-05	32.7
bflTTN_Zig6_192	TTNI79_193	25.610	82	59	2	1	81	2	82	1.50e-05	32.0
bflTTN_Zig6_192	TTNI31_193	25.882	85	61	2	1	84	2	85	1.56e-05	32.0
bflTTN_Zig6_192	TTNA149_197	27.536	69	49	1	13	80	17	85	1.95e-05	32.0
bflTTN_Zig6_192	TTNA120_193	28.049	82	54	2	9	90	11	87	2.12e-05	31.6
bflTTN_Zig6_192	TTNA50_196	32.530	83	51	3	11	90	14	94	2.45e-05	31.6
bflTTN_Zig6_192	TTNA134_195	27.143	70	50	1	10	78	12	81	2.66e-05	31.6
bflTTN_Zig6_192	TTNZ8_195	25.806	93	65	3	1	90	1	92	3.95e-05	31.2
bflTTN_Zig6_192	TTNI83_193	34.483	58	36	2	33	88	32	89	4.00e-05	30.8
bflTTN_Zig6_192	TTNI98_188	27.381	84	58	3	3	85	4	85	4.01e-05	30.8
bflTTN_Zig6_192	TTNA131_197	31.884	69	46	1	14	81	17	85	4.14e-05	31.2
bflTTN_Zig6_192	TTNA18_199	26.882	93	58	3	7	90	6	97	4.91e-05	30.8
bflTTN_Zig6_192	TTNI101_193	30.263	76	47	3	9	81	9	81	4.93e-05	30.8
bflTTN_Zig6_192	TTNI41_193	25.275	91	66	2	1	90	2	91	5.25e-05	30.8
bflTTN_Zig6_192	TTNA83_196	25.316	79	58	1	13	90	16	94	5.41e-05	30.8
bflTTN_Zig6_192	TTNA109_194	27.027	74	53	1	7	80	10	82	5.97e-05	30.4
bflTTN_Zig6_192	TTNI54_193	25.843	89	64	2	3	90	4	91	6.53e-05	30.4
bflTTN_Zig6_192	TTNI94_187	29.730	74	49	3	1	73	2	73	6.88e-05	30.4
bflTTN_Zig6_192	TTNI4_189	38.710	62	36	2	12	72	12	72	7.78e-05	30.0
bflTTN_Zig6_192	TTNA116_196	25.316	79	56	2	13	88	16	94	8.54e-05	30.0
bflTTN_Zig6_192	TTNA57_195	26.250	80	56	2	13	90	15	93	8.61e-05	30.0
bflTTN_Zig6_192	TTNA165_196	28.571	70	46	3	16	82	18	86	9.28e-05	30.0
bflTTN_Zig6_192	TTNI82_188	28.000	75	51	3	1	74	2	74	1.15e-04	29.6
bflTTN_Zig6_192	TTNA112_192	27.711	83	49	3	2	82	9	82	1.19e-04	29.6
bflTTN_Zig6_192	TTNI10_187	29.870	77	52	2	4	79	4	79	1.37e-04	29.6
bflTTN_Zig6_192	TTNA61_197	29.167	72	49	2	11	80	14	85	1.45e-04	29.6
bflTTN_Zig6_192	TTNM1_192	25.806	62	45	1	30	90	29	90	1.64e-04	29.3
bflTTN_Zig6_192	TTNA87_194	27.632	76	52	2	6	80	9	82	1.81e-04	29.3
bflTTN_Zig6_192	TTNA94_195	28.947	76	53	1	6	80	8	83	1.81e-04	29.3
bflTTN_Zig6_192	TTNI100_188	32.500	40	26	1	33	71	32	71	2.00e-04	28.9
bflTTN_Zig6_192	TTNI85_192	26.744	86	59	2	3	86	4	87	2.08e-04	28.9
bflTTN_Zig6_192	TTNA153_193	25.581	86	59	2	7	90	9	91	2.18e-04	28.9
bflTTN_Zig6_192	TTNI60_194	26.087	92	65	2	1	90	2	92	2.68e-04	28.9
bflTTN_Zig6_192	TTNM5_194	21.176	85	66	1	9	92	9	93	3.07e-04	28.5
bflTTN_Zig6_192	TTNA142_194	24.359	78	58	1	13	90	16	92	3.44e-04	28.5
bflTTN_Zig6_192	TTNI66_193	25.275	91	62	3	1	88	2	89	3.97e-04	28.5
bflTTN_Zig6_192	TTNI3_187	35.897	39	24	1	34	71	33	71	4.82e-04	28.1
bflTTN_Zig6_192	TTNA15_1104	21.348	89	61	1	11	90	13	101	6.20e-04	28.1
bflTTN_Zig6_192	TTNA145_195	27.027	74	53	1	8	80	10	83	6.58e-04	27.7
bflTTN_Zig6_192	TTNA160_193	27.536	69	49	1	13	81	15	82	7.13e-04	27.7
bflTTN_Zig6_192	TTNI92_187	25.000	76	53	3	11	83	11	85	8.16e-04	27.3
bflTTN_Zig6_192	TTNA1_193	24.051	79	59	1	13	90	13	91	8.41e-04	27.3
bflTTN_Zig6_192	TTNI88_187	28.788	66	44	2	9	73	9	72	0.001	27.3
bflTTN_Zig6_192	TTNA72_196	27.536	69	49	1	13	80	16	84	0.001	27.3
bflTTN_Zig6_192	TTNI93_188	25.000	76	53	2	12	86	14	86	0.002	26.6
bflTTN_Zig6_192	TTNI9_187	26.966	89	59	3	4	91	4	87	0.003	26.2
bflTTN_Zig6_192	TTNI89_188	31.461	89	54	4	3	90	4	86	0.003	25.8
bflTTN_Zig6_192	TTNI1_194	25.000	92	66	2	1	90	2	92	0.003	25.8
bflTTN_Zig6_192	TTNA98_194	25.333	75	55	1	6	80	9	82	0.004	25.4
bflTTN_Zig6_192	TTNA65_194	26.316	76	55	1	6	81	9	83	0.005	25.4
bflTTN_Zig6_192	TTNA76_194	25.333	75	55	1	7	81	10	83	0.006	25.0
bflTTN_Zig6_192	TTNA169_1100	27.273	77	54	2	16	90	22	98	0.007	25.0
bflTTN_Zig6_192	TTNI96_188	30.435	46	31	1	33	77	32	77	0.008	24.6
bflTTN_Zig6_192	TTNA54_196	27.907	86	41	3	7	81	10	85	0.008	24.6
bflTTN_Zig6_192	TTNM4_193	22.667	75	57	1	9	82	9	83	0.009	24.6
bflTTN_Zig6_192	TTNI6_187	30.508	59	36	2	33	90	32	86	0.010	24.3
bflTTN_Zig6_192	TTNI2_191	34.783	46	29	1	29	73	29	74	0.020	23.5
bflTTN_Zig6_192	TTNA105_197	25.000	72	48	2	13	80	16	85	0.034	23.1
bflTTN_Zig6_192	TTNI84_196	27.586	58	41	1	35	91	38	95	0.044	22.7
bflTTN_Zig6_192	TTNI103_188	28.889	45	31	1	30	73	29	73	0.048	22.7
bflTTN_Zig6_192	TTNA43_195	36.667	30	19	0	6	35	9	38	0.051	22.7
bflTTN_Zig6_192	TTNI17_194	35.000	40	26	0	52	91	53	92	0.058	22.3
bflTTN_Zig6_192	TTNI8_188	27.778	72	51	1	4	74	4	75	0.081	21.9
bflTTN_Zig6_192	TTNI12_187	29.545	88	56	3	5	91	5	87	0.099	21.6
bflTTN_Zig6_192	TTNI104_188	25.000	52	38	1	30	80	29	80	0.14	21.2
bflTTN_Zig6_192	TTNI87_188	27.500	40	29	0	48	87	48	87	0.31	20.4
bflTTN_Zig6_192	TTNI102_188	40.000	25	15	0	51	75	51	75	1.2	18.9
bflTTN_Zig7_192	TTNZ1_195	46.377	69	35	1	25	91	26	94	1.11e-19	68.6
bflTTN_Zig7_192	TTNZ3_195	42.424	66	38	0	25	90	27	92	8.77e-19	66.2
bflTTN_Zig7_192	TTNZ2_194	41.791	67	39	0	25	91	27	93	1.43e-15	58.2
bflTTN_Zig7_192	TTNI65_193	34.211	76	49	1	17	91	18	93	1.54e-14	55.5
bflTTN_Zig7_192	TTNM7_192	33.333	90	59	1	1	90	3	91	1.85e-14	55.1
bflTTN_Zig7_192	TTNI34_193	36.066	61	39	0	30	90	32	92	4.70e-14	54.3
bflTTN_Zig7_192	TTNA138_196	37.037	81	48	2	11	90	15	93	5.49e-14	53.9
bflTTN_Zig7_192	TTNI14_192	39.394	66	40	0	25	90	27	92	1.55e-13	52.8
bflTTN_Zig7_192	TTNI42_194	37.879	66	41	0	25	90	28	93	2.75e-13	52.4
bflTTN_Zig7_192	TTNZ4_195	33.333	87	52	3	8	88	6	92	8.64e-13	50.8
bflTTN_Zig7_192	TTNZ5_193	35.821	67	42	1	25	90	27	93	1.08e-12	50.8
bflTTN_Zig7_192	TTNI76_193	31.081	74	50	1	17	89	18	91	1.42e-12	50.4
bflTTN_Zig7_192	TTNI77_193	34.286	70	45	1	22	90	23	92	1.47e-12	50.4
bflTTN_Zig7_192	TTNI30_194	31.944	72	48	1	20	90	22	93	1.86e-12	50.1
bflTTN_Zig7_192	TTNI56_193	31.034	87	58	2	6	90	6	92	1.96e-12	50.1
bflTTN_Zig7_192	TTNI32_193	38.333	60	37	0	31	90	33	92	3.96e-12	49.3
bflTTN_Zig7_192	TTNA101_192	36.364	66	42	0	24	89	25	90	6.86e-12	48.5
bflTTN_Zig7_192	TTNI66_193	29.730	74	51	1	17	89	18	91	6.94e-12	48.5
bflTTN_Zig7_192	TTNI16_194	35.821	67	41	1	25	89	26	92	8.16e-12	48.5
bflTTN_Zig7_192	TTNA79_193	35.821	67	43	0	23	89	25	91	8.34e-12	48.5
bflTTN_Zig7_192	TTNI58_194	29.851	67	47	0	25	91	28	94	1.18e-11	48.1
bflTTN_Zig7_192	TTNM1_192	37.879	66	41	0	26	91	27	92	1.52e-11	47.8
bflTTN_Zig7_192	TTNM1_192	62.500	8	3	0	69	76	18	25	8.1	16.5
bflTTN_Zig7_192	TTNI55_193	37.288	59	37	0	25	83	27	85	1.97e-11	47.4
bflTTN_Zig7_192	TTNI61_193	31.646	79	53	1	12	89	13	91	2.67e-11	47.0
bflTTN_Zig7_192	TTNI44_193	33.333	66	44	0	25	90	27	92	3.46e-11	47.0
bflTTN_Zig7_192	TTNI28_193	35.385	65	42	0	25	89	27	91	3.46e-11	47.0
bflTTN_Zig7_192	TTNI36_194	27.273	66	48	0	25	90	28	93	3.49e-11	47.0
bflTTN_Zig7_192	TTNI74_193	34.783	69	45	0	21	89	23	91	4.06e-11	46.6
bflTTN_Zig7_192	TTNI29_193	35.385	65	42	0	26	90	28	92	7.50e-11	45.8
bflTTN_Zig7_192	TTNI67_193	34.426	61	40	0	30	90	32	92	7.67e-11	45.8
bflTTN_Zig7_192	TTNA153_193	38.333	60	35	1	25	84	29	86	1.49e-10	45.1
bflTTN_Zig7_192	TTNI72_193	30.303	66	46	0	25	90	27	92	1.56e-10	45.1
bflTTN_Zig7_192	TTNM6_194	33.333	60	39	1	30	88	32	91	1.63e-10	45.1
bflTTN_Zig7_192	TTNI40_193	29.167	72	50	1	20	90	21	92	1.89e-10	45.1
bflTTN_Zig7_192	TTNI25_195	32.836	67	44	1	24	89	26	92	1.95e-10	45.1
bflTTN_Zig7_192	TTNI78_194	36.667	60	38	0	31	90	34	93	1.99e-10	44.7
bflTTN_Zig7_192	TTNI57_193	34.286	70	45	1	22	90	23	92	2.85e-10	44.3
bflTTN_Zig7_192	TTNI68_194	36.364	66	42	0	25	90	28	93	2.87e-10	44.3
bflTTN_Zig7_192	TTNA131_197	32.877	73	44	1	12	84	22	89	3.22e-10	44.3
bflTTN_Zig7_192	TTNI48_194	24.242	66	50	0	25	90	28	93	3.34e-10	44.3
bflTTN_Zig7_192	TTNA168_194	35.294	68	42	2	25	90	26	93	3.38e-10	44.3
bflTTN_Zig7_192	TTNI49_193	35.135	74	45	2	10	80	9	82	3.60e-10	44.3
bflTTN_Zig7_192	TTNA65_194	40.000	65	34	2	18	79	20	82	9.86e-10	43.1
bflTTN_Zig7_192	TTNA116_196	32.759	58	39	0	25	82	30	87	1.03e-09	43.1
bflTTN_Zig7_192	TTNA36_196	31.646	79	46	1	7	85	20	90	1.03e-09	43.1
bflTTN_Zig7_192	TTNI45_193	29.730	74	51	1	17	89	18	91	1.06e-09	43.1
bflTTN_Zig7_192	TTNA1_193	25.275	91	58	1	1	91	13	93	1.20e-09	42.7
bflTTN_Zig7_192	TTNM3_193	39.706	68	38	2	25	90	26	92	1.26e-09	42.7
bflTTN_Zig7_192	TTNI51_193	32.787	61	41	0	25	85	27	87	1.57e-09	42.4
bflTTN_Zig7_192	TTNA164_192	28.571	70	48	2	23	91	24	92	1.62e-09	42.4
bflTTN_Zig7_192	TTNZ6_195	31.429	70	47	1	24	92	25	94	1.66e-09	42.4
bflTTN_Zig7_192	TTNM10_195	30.263	76	50	2	18	90	19	94	1.68e-09	42.4
bflTTN_Zig7_192	TTNA112_192	36.207	58	37	0	23	80	24	81	3.25e-09	41.6
bflTTN_Zig7_192	TTNA83_196	33.846	65	43	0	25	89	30	94	3.29e-09	41.6
bflTTN_Zig7_192	TTNI15_191	31.081	74	51	0	17	90	18	91	3.29e-09	41.6
bflTTN_Zig7_192	TTNI38_193	33.333	60	40	0	31	90	33	92	4.87e-09	41.2
bflTTN_Zig7_192	TTNI46_193	34.483	58	38	0	33	90	35	92	5.19e-09	41.2
bflTTN_Zig7_192	TTNA90_192	32.812	64	43	0	25	88	26	89	5.21e-09	41.2
bflTTN_Zig7_192	TTNM9_196	36.923	65	41	0	25	89	27	91	6.38e-09	40.8
bflTTN_Zig7_192	TTNI24_192	28.358	67	48	0	24	90	25	91	6.66e-09	40.8
bflTTN_Zig7_192	TTNI59_193	33.333	66	44	0	25	90	27	92	7.08e-09	40.8
bflTTN_Zig7_192	TTNA169_1100	40.299	67	37	3	23	87	31	96	7.24e-09	40.8
bflTTN_Zig7_192	TTNA61_197	32.353	68	46	0	22	89	28	95	8.86e-09	40.8
bflTTN_Zig7_192	TTNI75_193	30.137	73	50	1	19	90	20	92	1.18e-08	40.4
bflTTN_Zig7_192	TTNI64_193	38.596	57	35	0	23	79	25	81	1.65e-08	40.0
bflTTN_Zig7_192	TTNI71_193	29.231	65	46	0	25	89	27	91	1.74e-08	39.7
bflTTN_Zig7_192	TTNI84_196	33.333	69	46	0	22	90	27	95	1.93e-08	39.7
bflTTN_Zig7_192	TTNZ8_195	31.343	67	46	0	24	90	27	93	1.98e-08	39.7
bflTTN_Zig7_192	TTNI1_194	34.783	69	44	1	24	91	26	94	2.46e-08	39.3
bflTTN_Zig7_192	TTNI70_194	38.333	60	36	1	31	89	33	92	2.68e-08	39.3
bflTTN_Zig7_192	TTNA11_1103	33.871	62	35	1	25	80	31	92	2.76e-08	39.7
bflTTN_Zig7_192	TTNM2_195	33.333	66	41	1	27	89	28	93	3.10e-08	39.3
bflTTN_Zig7_192	TTNI79_193	23.864	88	65	2	5	90	5	92	3.58e-08	38.9
bflTTN_Zig7_192	TTNA39_196	34.483	58	36	1	25	80	28	85	4.48e-08	38.9
bflTTN_Zig7_192	TTNI69_193	29.851	67	47	0	25	91	27	93	4.63e-08	38.9
bflTTN_Zig7_192	TTNA105_197	33.898	59	38	1	25	82	30	88	5.52e-08	38.5
bflTTN_Zig7_192	TTNI37_193	25.758	66	49	0	25	90	27	92	5.85e-08	38.5
bflTTN_Zig7_192	TTNA50_196	30.769	65	45	0	25	89	30	94	6.17e-08	38.5
bflTTN_Zig7_192	TTNA43_195	31.169	77	51	2	7	82	11	86	6.67e-08	38.5
bflTTN_Zig7_192	TTNI99_188	33.333	63	40	2	12	73	13	74	6.83e-08	38.1
bflTTN_Zig7_192	TTNA72_196	35.088	57	37	0	25	81	30	86	7.31e-08	38.1
bflTTN_Zig7_192	TTNA156_195	27.692	65	47	0	25	89	29	93	7.82e-08	38.1
bflTTN_Zig7_192	TTNI63_193	31.818	66	45	0	25	90	27	92	1.12e-07	37.7
bflTTN_Zig7_192	TTNA57_195	32.836	67	45	0	25	91	29	95	1.16e-07	37.7
bflTTN_Zig7_192	TTNA120_193	33.721	86	51	4	6	90	10	90	1.43e-07	37.4
bflTTN_Zig7_192	TTNI80_194	32.143	84	56	1	7	89	9	92	1.44e-07	37.4
bflTTN_Zig7_192	TTNI62_193	30.303	66	46	0	25	90	27	92	1.54e-07	37.4
bflTTN_Zig7_192	TTNI12_187	35.294	68	40	1	22	89	23	86	1.75e-07	37.0
bflTTN_Zig7_192	TTNI39_193	26.866	67	49	0	23	89	25	91	1.92e-07	37.0
bflTTN_Zig7_192	TTNI27_194	31.746	63	43	0	27	89	29	91	2.27e-07	37.0
bflTTN_Zig7_192	TTNA29_194	30.769	65	43	1	25	89	30	92	2.81e-07	36.6
bflTTN_Zig7_192	TTNI50_194	30.000	60	41	1	31	89	33	92	2.81e-07	36.6
bflTTN_Zig7_192	TTNM4_193	30.769	65	45	0	27	91	29	93	3.23e-07	36.6
bflTTN_Zig7_192	TTNI35_193	31.034	87	56	1	8	90	6	92	3.45e-07	36.6
bflTTN_Zig7_192	TTNI26_191	34.426	61	39	1	30	89	29	89	4.58e-07	36.2
bflTTN_Zig7_192	TTNM5_194	30.909	55	38	0	25	79	27	81	5.64e-07	35.8
bflTTN_Zig7_192	TTNA160_193	35.821	67	41	1	25	91	29	93	6.57e-07	35.8
bflTTN_Zig7_192	TTNA149_197	31.034	58	40	0	25	82	31	88	7.01e-07	35.8
bflTTN_Zig7_192	TTNA109_194	29.333	75	51	1	6	80	11	83	7.20e-07	35.4
bflTTN_Zig7_192	TTNI54_193	33.333	57	38	0	23	79	25	81	7.39e-07	35.4
bflTTN_Zig7_192	TTNA46_192	26.154	65	48	0	25	89	26	90	7.66e-07	35.4
bflTTN_Zig7_192	TTNI73_193	26.866	67	49	0	25	91	27	93	8.04e-07	35.4
bflTTN_Zig7_192	TTNI41_193	28.235	85	57	2	10	90	8	92	8.30e-07	35.4
bflTTN_Zig7_192	TTNI53_193	27.273	66	48	0	25	90	27	92	8.66e-07	35.4
bflTTN_Zig7_192	TTNZ9_193	30.303	66	45	1	25	90	26	90	9.03e-07	35.4
bflTTN_Zig7_192	TTNA127_195	31.746	63	37	2	25	84	29	88	9.63e-07	35.4
bflTTN_Zig7_192	TTNA134_195	29.630	54	38	0	23	76	27	80	9.73e-07	35.4
bflTTN_Zig7_192	TTNA98_194	31.746	63	37	2	23	83	28	86	1.15e-06	35.0
bflTTN_Zig7_192	TTNI97_188	31.579	57	39	0	20	76	21	77	1.30e-06	34.7
bflTTN_Zig7_192	TTNI107_196	27.692	65	47	0	25	89	30	94	1.41e-06	35.0
bflTTN_Zig7_192	TTNI33_193	25.862	58	43	0	25	82	27	84	1.45e-06	34.7
bflTTN_Zig7_192	TTNA87_194	33.898	59	37	1	25	83	30	86	1.49e-06	34.7
bflTTN_Zig7_192	TTNI60_194	32.812	64	41	2	28	89	29	92	1.56e-06	34.7
bflTTN_Zig7_192	TTNA123_196	29.231	65	46	0	25	89	30	94	1.57e-06	34.7
bflTTN_Zig7_192	TTNA94_195	24.138	58	44	0	25	82	29	86	1.76e-06	34.7
bflTTN_Zig7_192	TTNA68_195	35.088	57	37	0	23	79	27	83	1.77e-06	34.7
bflTTN_Zig7_192	TTNA76_194	30.508	59	39	1	25	83	30	86	1.82e-06	34.7
bflTTN_Zig7_192	TTNI43_193	25.758	66	49	0	25	90	27	92	2.57e-06	34.3
bflTTN_Zig7_192	TTNA25_194	28.333	60	43	0	21	80	24	83	2.78e-06	33.9
bflTTN_Zig7_192	TTNA165_196	35.484	62	37	3	22	81	26	86	3.05e-06	33.9
bflTTN_Zig7_192	TTNA18_199	33.784	74	42	2	25	91	26	99	3.36e-06	33.9
bflTTN_Zig7_192	TTNA142_194	30.435	69	43	2	19	84	21	87	3.43e-06	33.9
bflTTN_Zig7_192	TTNZ7_195	29.825	57	38	1	25	79	26	82	3.48e-06	33.9
bflTTN_Zig7_192	TTNA15_1104	27.397	73	45	1	25	89	29	101	4.66e-06	33.5
bflTTN_Zig7_192	TTNI98_188	26.471	68	46	1	22	89	23	86	5.23e-06	33.1
bflTTN_Zig7_192	TTNA22_194	32.308	65	42	1	20	84	25	87	5.44e-06	33.1
bflTTN_Zig7_192	TTNI47_193	30.337	89	53	5	4	89	9	91	7.99e-06	32.7
bflTTN_Zig7_192	TTNI85_192	29.333	75	51	2	17	90	19	92	8.38e-06	32.7
bflTTN_Zig7_192	TTNI31_193	26.562	64	41	2	30	90	32	92	1.02e-05	32.7
bflTTN_Zig7_192	TTNI52_193	25.758	66	49	0	25	90	27	92	1.58e-05	32.0
bflTTN_Zig7_192	TTNA145_195	28.571	77	54	1	16	91	19	95	1.59e-05	32.0
bflTTN_Zig7_192	TTNI103_188	22.222	72	53	1	13	81	11	82	1.59e-05	32.0
bflTTN_Zig7_192	TTNA32_196	24.615	65	49	0	25	89	30	94	2.40e-05	31.6
bflTTN_Zig7_192	TTNA54_196	29.412	85	58	1	6	90	11	93	2.48e-05	31.6
bflTTN_Zig7_192	TTNI3_187	27.692	65	38	1	20	75	21	85	2.49e-05	31.6
bflTTN_Zig7_192	TTNI82_188	24.658	73	51	1	19	91	20	88	3.93e-05	30.8
bflTTN_Zig7_192	TTNI94_187	22.857	70	50	1	20	89	21	86	9.13e-05	30.0
bflTTN_Zig7_192	TTNA8_195	24.615	65	48	1	25	89	30	93	1.20e-04	29.6
bflTTN_Zig7_192	TTNI2_191	23.864	88	66	1	3	90	5	91	1.66e-04	29.3
bflTTN_Zig7_192	TTNI4_189	33.333	42	28	0	30	71	31	72	1.72e-04	29.3
bflTTN_Zig7_192	TTNI90_187	25.676	74	50	2	18	91	19	87	4.53e-04	28.1
bflTTN_Zig7_192	TTNI17_194	28.169	71	50	1	22	91	23	93	0.001	27.3
bflTTN_Zig7_192	TTNI7_187	23.188	69	49	1	22	90	23	87	0.001	26.9
bflTTN_Zig7_192	TTNI13_190	25.287	87	55	3	7	91	12	90	0.003	26.2
bflTTN_Zig7_192	TTNI83_193	30.000	60	41	1	31	89	32	91	0.003	26.2
bflTTN_Zig7_192	TTNI106_194	25.862	58	43	0	25	82	28	85	0.003	26.2
bflTTN_Zig7_192	TTNI10_187	26.415	53	39	0	33	85	34	86	0.006	25.0
bflTTN_Zig7_192	TTNI81_190	24.528	53	40	0	18	70	21	73	0.010	24.6
bflTTN_Zig7_192	TTNI92_187	26.667	45	33	0	33	77	34	78	0.038	22.7
bflTTN_Zig7_192	TTNI92_187	31.579	19	13	0	62	80	13	31	0.88	19.2
bflTTN_Zig7_192	TTNI9_187	25.000	52	32	1	31	75	32	83	0.056	22.3
bflTTN_Zig7_192	TTNM8_193	21.569	51	40	0	29	79	30	80	0.059	22.3
bflTTN_Zig7_192	TTNA4_1121	58.333	12	5	0	25	36	26	37	0.11	21.9
bflTTN_Zig7_192	TTNI11_187	31.034	58	36	1	33	90	34	87	0.15	21.2
bflTTN_Zig7_192	TTNI100_188	20.588	68	50	1	22	89	23	86	0.21	20.8
bflTTN_Zig7_192	TTNI6_187	22.727	66	47	1	24	89	25	86	0.35	20.0
bflTTN_Zig7_192	TTNI95_188	29.508	61	35	3	32	90	33	87	0.76	19.2
bflTTN_Zig7_192	TTNI88_187	29.231	65	40	3	28	91	28	87	0.89	19.2
bflTTN_Zig7_192	TTNI5_188	33.333	42	24	2	31	70	33	72	1.8	18.1
bflTTN_Zig7_192	TTNI102_188	21.127	71	52	1	19	89	20	86	2.4	17.7
bflTTN_Zig7_192	TTNI8_188	31.579	19	13	0	31	49	33	51	2.7	17.7
bflTTN_IAig1_199	TTNA1_193	31.250	80	53	1	19	98	16	93	3.00e-10	44.7
bflTTN_IAig1_199	TTNM10_195	27.551	98	64	3	1	96	1	93	7.93e-09	40.8
bflTTN_IAig1_199	TTNA116_196	27.500	80	56	1	18	97	18	95	1.45e-08	40.4
bflTTN_IAig1_199	TTNA79_193	25.000	80	58	1	18	97	15	92	3.68e-08	39.3
bflTTN_IAig1_199	TTNZ4_195	29.231	65	46	0	30	94	27	91	5.20e-07	36.2
bflTTN_IAig1_199	TTNA105_197	28.395	81	55	2	18	97	18	96	1.04e-06	35.4
bflTTN_IAig1_199	TTNA83_196	26.250	80	57	1	18	97	18	95	1.56e-06	35.0
bflTTN_IAig1_199	TTNA68_195	29.167	72	49	1	16	87	15	84	1.60e-06	35.0
bflTTN_IAig1_199	TTNA32_196	25.000	68	49	1	30	97	30	95	1.70e-06	35.0
bflTTN_IAig1_199	TTNM5_194	24.359	78	57	1	19	96	16	91	4.90e-06	33.5
bflTTN_IAig1_199	TTNA156_195	27.500	80	56	1	18	97	17	94	5.29e-06	33.5
bflTTN_IAig1_199	TTNA90_192	23.404	94	61	3	2	94	5	88	6.50e-06	33.1
bflTTN_IAig1_199	TTNA169_1100	30.769	91	46	4	14	95	17	99	6.52e-06	33.5
bflTTN_IAig1_199	TTNI16_194	22.785	79	61	0	18	96	14	92	6.56e-06	33.1
bflTTN_IAig1_199	TTNI74_193	25.714	70	50	1	28	97	25	92	7.72e-06	33.1
bflTTN_IAig1_199	TTNA112_192	23.077	78	58	1	20	97	16	91	8.18e-06	33.1
bflTTN_IAig1_199	TTNM2_195	23.171	82	62	1	16	96	12	93	9.40e-06	32.7
bflTTN_IAig1_199	TTNI28_193	24.742	97	68	3	1	97	1	92	1.29e-05	32.3
bflTTN_IAig1_199	TTNM3_193	21.839	87	65	2	11	96	7	91	1.44e-05	32.3
bflTTN_IAig1_199	TTNI107_196	27.500	80	56	1	18	97	18	95	1.57e-05	32.3
bflTTN_IAig1_199	TTNA50_196	21.250	80	61	1	18	97	18	95	2.02e-05	32.0
bflTTN_IAig1_199	TTNA46_192	24.742	97	67	3	1	97	1	91	2.05e-05	32.0
bflTTN_IAig1_199	TTNA101_192	25.000	80	58	1	18	97	14	91	2.37e-05	32.0
bflTTN_IAig1_199	TTNA15_1104	27.027	74	48	1	30	97	29	102	2.67e-05	32.0
bflTTN_IAig1_199	TTNA131_197	32.000	75	43	3	16	87	16	85	2.85e-05	31.6
bflTTN_IAig1_199	TTNA29_194	27.536	69	44	2	30	97	30	93	3.37e-05	31.6
bflTTN_IAig1_199	TTNA145_195	24.691	81	59	1	18	98	17	95	4.91e-05	30.8
bflTTN_IAig1_199	TTNI80_194	29.167	48	32	1	49	96	47	92	5.15e-05	30.8
bflTTN_IAig1_199	TTNA142_194	25.000	72	50	2	26	97	26	93	5.78e-05	30.8
bflTTN_IAig1_199	TTNI25_195	24.299	107	57	3	1	97	1	93	7.28e-05	30.4
bflTTN_IAig1_199	TTNI45_193	24.324	37	28	0	61	97	56	92	9.08e-05	30.4
bflTTN_IAig1_199	TTNI79_193	25.000	96	67	2	1	96	1	91	1.01e-04	30.0
bflTTN_IAig1_199	TTNM1_192	36.364	33	21	0	66	98	60	92	1.31e-04	29.6
bflTTN_IAig1_199	TTNI42_194	17.708	96	75	2	1	96	1	92	1.42e-04	29.6
bflTTN_IAig1_199	TTNA36_196	31.579	57	37	2	30	86	30	84	1.43e-04	29.6
bflTTN_IAig1_199	TTNA57_195	27.143	70	47	2	30	98	29	95	1.44e-04	29.6
bflTTN_IAig1_199	TTNA138_196	27.835	97	65	3	2	96	1	94	1.44e-04	29.6
bflTTN_IAig1_199	TTNA98_194	22.500	80	58	1	18	97	18	93	1.78e-04	29.6
bflTTN_IAig1_199	TTNA98_194	42.857	14	8	0	11	24	74	87	5.6	16.9
bflTTN_IAig1_199	TTNA4_1121	34.286	35	23	0	63	97	86	120	1.95e-04	29.6
bflTTN_IAig1_199	TTNA165_196	25.000	96	69	2	2	96	1	94	2.17e-04	29.3
bflTTN_IAig1_199	TTNA11_1103	25.926	81	54	3	10	86	13	91	3.40e-04	28.9
bflTTN_IAig1_199	TTNA94_195	23.457	81	60	1	17	97	16	94	5.19e-04	28.1
bflTTN_IAig1_199	TTNA43_195	25.000	68	48	2	30	97	30	94	5.46e-04	28.1
bflTTN_IAig1_199	TTNA127_195	20.588	68	52	1	30	97	29	94	6.37e-04	28.1
bflTTN_IAig1_199	TTNA120_193	23.750	80	57	2	18	97	17	92	6.75e-04	27.7
bflTTN_IAig1_199	TTNA160_193	28.571	70	44	2	30	98	29	93	7.11e-04	27.7
bflTTN_IAig1_199	TTNI51_193	20.988	81	60	2	17	95	14	92	0.001	27.3
bflTTN_IAig1_199	TTNM9_196	22.785	79	59	1	19	97	16	92	0.001	27.3
bflTTN_IAig1_199	TTNI24_192	24.286	70	49	2	19	87	15	81	0.001	27.3
bflTTN_IAig1_199	TTNA18_199	28.571	77	44	3	30	98	26	99	0.001	27.3
bflTTN_IAig1_199	TTNZ1_195	19.737	76	61	0	19	94	15	90	0.001	26.9
bflTTN_IAig1_199	TTNI105_190	24.051	79	55	3	19	97	16	89	0.001	26.9
bflTTN_IAig1_199	TTNI54_193	29.412	34	24	0	64	97	59	92	0.002	26.6
bflTTN_IAig1_199	TTNA61_197	22.222	72	54	1	26	97	27	96	0.002	26.6
bflTTN_IAig1_199	TTNA109_194	23.529	68	48	2	30	97	30	93	0.003	26.2
bflTTN_IAig1_199	TTNI106_194	26.087	69	49	2	30	98	28	94	0.004	25.8
bflTTN_IAig1_199	TTNI37_193	20.000	70	54	1	27	96	24	91	0.004	25.8
bflTTN_IAig1_199	TTNM4_193	29.787	47	31	1	51	95	46	92	0.005	25.4
bflTTN_IAig1_199	TTNA72_196	26.087	69	49	1	18	86	18	84	0.007	25.0
bflTTN_IAig1_199	TTNZ3_195	22.857	70	48	2	19	86	16	81	0.007	25.0
bflTTN_IAig1_199	TTNA149_197	26.389	72	43	3	30	97	31	96	0.008	25.0
bflTTN_IAig1_199	TTNA25_194	25.000	68	49	1	19	86	17	82	0.010	24.6
bflTTN_IAig1_199	TTNM7_192	20.482	83	64	1	14	96	10	90	0.011	24.6
bflTTN_IAig1_199	TTNI75_193	21.839	87	63	2	1	87	1	82	0.014	24.3
bflTTN_IAig1_199	TTNI30_194	24.742	97	67	3	1	96	1	92	0.020	23.9
bflTTN_IAig1_199	TTNI57_193	21.250	80	59	2	18	96	15	91	0.020	23.9
bflTTN_IAig1_199	TTNI33_193	19.277	83	65	1	15	97	12	92	0.024	23.5
bflTTN_IAig1_199	TTNZ7_195	17.949	78	64	0	19	96	15	92	0.024	23.5
bflTTN_IAig1_199	TTNI64_193	18.571	70	55	1	28	97	25	92	0.024	23.5
bflTTN_IAig1_199	TTNA22_194	28.788	66	36	3	26	87	25	83	0.029	23.5
bflTTN_IAig1_199	TTNA164_192	24.638	69	50	1	19	87	15	81	0.039	23.1
bflTTN_IAig1_199	TTNI59_193	29.032	31	22	0	64	94	59	89	0.039	23.1
bflTTN_IAig1_199	TTNI78_194	33.333	33	22	0	64	96	60	92	0.042	23.1
bflTTN_IAig1_199	TTNZ9_193	24.731	93	61	4	9	95	1	90	0.043	23.1
bflTTN_IAig1_199	TTNI67_193	19.231	78	61	1	19	96	16	91	0.052	22.7
bflTTN_IAig1_199	TTNI40_193	27.273	33	24	0	64	96	59	91	0.062	22.3
bflTTN_IAig1_199	TTNZ2_194	21.212	99	71	3	1	98	1	93	0.095	21.9
bflTTN_IAig1_199	TTNI71_193	34.615	26	17	0	58	83	68	93	0.096	21.9
bflTTN_IAig1_199	TTNI71_193	18.919	37	30	0	60	96	55	91	0.11	21.9
bflTTN_IAig1_199	TTNI14_192	20.988	81	58	2	18	96	15	91	0.11	21.9
bflTTN_IAig1_199	TTNA153_193	22.857	70	50	2	18	87	17	82	0.12	21.6
bflTTN_IAig1_199	TTNA8_195	38.095	21	13	0	66	86	63	83	0.15	21.6
bflTTN_IAig1_199	TTNI39_193	25.926	27	20	0	71	97	66	92	0.17	21.2
bflTTN_IAig1_199	TTNI29_193	28.000	25	18	0	72	96	67	91	0.18	21.2
bflTTN_IAig1_199	TTNI72_193	22.917	96	69	3	1	96	1	91	0.21	21.2
bflTTN_IAig1_199	TTNI55_193	20.930	86	63	2	1	86	1	81	0.24	20.8
bflTTN_IAig1_199	TTNI44_193	22.472	89	58	3	1	86	1	81	0.24	20.8
bflTTN_IAig1_199	TTNI49_193	33.333	24	16	0	73	96	68	91	0.25	20.8
bflTTN_IAig1_199	TTNI49_193	35.714	28	17	1	72	98	43	70	2.8	17.7
bflTTN_IAig1_199	TTNI4_189	33.333	24	16	0	58	81	52	75	0.28	20.8
bflTTN_IAig1_199	TTNA76_194	20.290	69	49	3	30	97	30	93	0.29	20.8
bflTTN_IAig1_199	TTNI35_193	50.000	14	7	0	73	86	68	81	0.31	20.4
bflTTN_IAig1_199	TTNI104_188	26.667	30	22	0	63	92	57	86	0.32	20.4
bflTTN_IAig1_199	TTNI15_191	23.529	34	26	0	63	96	57	90	0.33	20.4
bflTTN_IAig1_199	TTNI70_194	32.000	25	17	0	73	97	69	93	0.34	20.4
bflTTN_IAig1_199	TTNI36_194	21.429	70	53	1	19	88	17	84	0.36	20.4
bflTTN_IAig1_199	TTNI96_188	26.761	71	43	3	16	83	13	77	0.38	20.4
bflTTN_IAig1_199	TTNI65_193	20.930	86	63	2	1	86	1	81	0.41	20.0
bflTTN_IAig1_199	TTNA134_195	35.484	31	18	1	10	38	7	37	0.43	20.0
bflTTN_IAig1_199	TTNI61_193	25.000	24	18	0	73	96	68	91	0.50	20.0
bflTTN_IAig1_199	TTNI52_193	27.586	29	21	0	60	88	55	83	0.56	19.6
bflTTN_IAig1_199	TTNI85_192	46.154	13	7	0	73	85	68	80	0.63	19.6
bflTTN_IAig1_199	TTNI84_196	27.083	96	62	3	1	92	1	92	0.68	19.6
bflTTN_IAig1_199	TTNA65_194	20.588	68	50	2	30	97	30	93	0.68	19.6
bflTTN_IAig1_199	TTNI69_193	37.500	24	15	0	73	96	68	91	0.71	19.6
bflTTN_IAig1_199	TTNI101_193	27.586	29	21	0	61	89	55	83	0.81	19.2
bflTTN_IAig1_199	TTNA54_196	20.588	68	52	1	30	97	30	95	0.86	19.2
bflTTN_IAig1_199	TTNA87_194	22.807	57	40	2	30	86	30	82	0.89	19.2
bflTTN_IAig1_199	TTNA39_196	25.806	62	38	3	30	87	28	85	1.1	18.9
bflTTN_IAig1_199	TTNM6_194	77.778	9	2	0	75	83	56	64	1.2	18.9
bflTTN_IAig1_199	TTNI77_193	26.923	26	19	0	71	96	66	91	1.5	18.5
bflTTN_IAig1_199	TTNI3_187	28.205	39	26	1	46	84	42	78	1.7	18.5
bflTTN_IAig1_199	TTNI50_194	50.000	14	7	0	73	86	69	82	1.9	18.5
bflTTN_IAig1_199	TTNZ8_195	35.294	17	11	0	72	88	68	84	1.9	18.5
bflTTN_IAig1_199	TTNI81_190	21.569	51	38	1	29	79	27	75	3.1	17.7
bflTTN_IAig1_199	TTNI60_194	42.857	14	8	0	73	86	69	82	3.7	17.3
bflTTN_IAig1_199	TTNI48_194	27.500	40	23	2	1	38	1	36	3.9	17.3
bflTTN_IAig1_199	TTNI62_193	21.622	37	29	0	60	96	55	91	3.9	17.3
bflTTN_IAig1_199	TTNI43_193	16.901	71	57	1	26	96	23	91	5.0	16.9
bflTTN_IAig1_199	TTNI100_188	37.500	16	10	0	66	81	60	75	5.9	16.9
bflTTN_IAig1_199	TTNI58_194	28.571	42	20	2	1	38	1	36	8.1	16.5
bflTTN_IAig1_199	TTNZ5_193	25.000	16	12	0	23	38	20	35	8.4	16.5
bflTTN_IAig2_194	TTNI106_194	33.696	92	56	2	4	93	6	94	6.19e-13	51.2
bflTTN_IAig2_194	TTNA160_193	38.667	75	43	2	18	92	21	92	2.80e-12	49.7
bflTTN_IAig2_194	TTNA153_193	32.184	87	56	2	6	92	9	92	5.30e-12	48.9
bflTTN_IAig2_194	TTNA76_194	34.667	75	46	2	18	92	22	93	6.03e-12	48.9
bflTTN_IAig2_194	TTNA65_194	33.708	89	56	2	4	92	8	93	7.64e-12	48.5
bflTTN_IAig2_194	TTNI80_194	28.235	85	61	0	7	91	8	92	4.42e-11	46.6
bflTTN_IAig2_194	TTNA109_194	32.292	96	58	3	1	92	1	93	1.01e-10	45.8
bflTTN_IAig2_194	TTNA98_194	29.213	89	60	1	4	92	8	93	1.02e-10	45.8
bflTTN_IAig2_194	TTNA36_196	36.364	77	48	1	16	92	20	95	1.55e-10	45.4
bflTTN_IAig2_194	TTNA101_192	31.522	92	61	2	2	92	1	91	2.02e-10	45.1
bflTTN_IAig2_194	TTNA57_195	36.250	80	46	2	14	91	17	93	3.29e-10	44.3
bflTTN_IAig2_194	TTNA22_194	42.373	59	31	2	24	82	28	83	3.44e-10	44.3
bflTTN_IAig2_194	TTNA25_194	32.927	82	54	1	10	91	12	92	5.11e-10	43.9
bflTTN_IAig2_194	TTNA1_193	31.395	86	54	2	9	92	10	92	6.14e-10	43.5
bflTTN_IAig2_194	TTNM9_196	30.233	86	59	1	7	92	8	92	6.66e-10	43.5
bflTTN_IAig2_194	TTNI43_193	31.765	85	49	3	8	90	9	86	6.91e-10	43.5
bflTTN_IAig2_194	TTNA87_194	28.736	87	59	2	6	92	10	93	1.75e-09	42.4
bflTTN_IAig2_194	TTNA131_197	38.235	68	39	2	16	82	20	85	2.58e-09	42.0
bflTTN_IAig2_194	TTNI49_193	27.473	91	65	1	1	91	2	91	3.16e-09	42.0
bflTTN_IAig2_194	TTNA90_192	33.333	69	41	2	16	82	16	81	4.41e-09	41.6
bflTTN_IAig2_194	TTNA149_197	37.313	67	37	2	17	81	22	85	4.90e-09	41.2
bflTTN_IAig2_194	TTNM3_193	30.864	81	56	0	1	81	1	81	6.33e-09	41.2
bflTTN_IAig2_194	TTNM3_193	46.667	15	8	0	73	87	5	19	7.6	16.5
bflTTN_IAig2_194	TTNA83_196	34.483	87	53	3	8	92	11	95	8.03e-09	40.8
bflTTN_IAig2_194	TTNA79_193	28.723	94	62	2	1	92	2	92	1.60e-08	40.0
bflTTN_IAig2_194	TTNA72_196	31.169	77	52	1	16	92	20	95	1.92e-08	39.7
bflTTN_IAig2_194	TTNA169_1100	31.818	88	52	3	1	81	2	88	2.02e-08	39.7
bflTTN_IAig2_194	TTNZ3_195	26.190	84	61	1	8	91	9	91	3.46e-08	39.3
bflTTN_IAig2_194	TTNM10_195	25.000	92	68	1	1	91	2	93	4.67e-08	38.9
bflTTN_IAig2_194	TTNA39_196	28.409	88	54	3	10	92	12	95	5.94e-08	38.5
bflTTN_IAig2_194	TTNA54_196	29.885	87	54	3	1	82	1	85	8.98e-08	38.1
bflTTN_IAig2_194	TTNA4_1121	26.891	119	59	2	2	92	2	120	9.61e-08	38.5
bflTTN_IAig2_194	TTNA145_195	30.303	66	41	2	18	81	21	83	9.81e-08	38.1
bflTTN_IAig2_194	TTNA127_195	25.333	75	55	1	18	92	21	94	1.36e-07	37.7
bflTTN_IAig2_194	TTNI59_193	28.090	89	63	1	1	89	2	89	1.85e-07	37.4
bflTTN_IAig2_194	TTNA68_195	28.947	76	53	1	16	91	19	93	2.06e-07	37.0
bflTTN_IAig2_194	TTNA8_195	35.065	77	44	3	19	92	21	94	2.13e-07	37.0
bflTTN_IAig2_194	TTNA120_193	26.966	89	62	2	4	92	7	92	2.86e-07	36.6
bflTTN_IAig2_194	TTNI105_190	24.176	91	65	1	1	91	2	88	2.95e-07	36.6
bflTTN_IAig2_194	TTNI31_193	30.233	86	49	3	7	84	2	84	4.85e-07	36.2
bflTTN_IAig2_194	TTNA156_195	30.108	93	57	4	4	92	6	94	6.59e-07	35.8
bflTTN_IAig2_194	TTNI107_196	33.766	77	46	2	18	92	22	95	8.19e-07	35.4
bflTTN_IAig2_194	TTNA43_195	29.333	75	51	1	18	92	22	94	9.05e-07	35.4
bflTTN_IAig2_194	TTNA46_192	26.596	94	64	2	1	92	1	91	9.38e-07	35.4
bflTTN_IAig2_194	TTNA32_196	29.592	98	60	4	1	92	1	95	9.69e-07	35.4
bflTTN_IAig2_194	TTNA116_196	29.885	87	57	3	8	92	11	95	1.49e-06	35.0
bflTTN_IAig2_194	TTNA112_192	24.691	81	59	2	2	81	1	80	1.77e-06	34.7
bflTTN_IAig2_194	TTNI36_194	27.273	66	39	2	20	81	22	82	1.80e-06	34.7
bflTTN_IAig2_194	TTNI16_194	28.571	84	59	1	9	91	9	92	2.78e-06	34.3
bflTTN_IAig2_194	TTNA138_196	25.000	76	56	1	16	91	20	94	2.96e-06	34.3
bflTTN_IAig2_194	TTNA18_199	30.612	98	62	2	1	92	1	98	3.29e-06	33.9
bflTTN_IAig2_194	TTNA15_1104	31.707	82	47	3	20	92	21	102	4.20e-06	33.9
bflTTN_IAig2_194	TTNA11_1103	31.579	76	43	3	24	92	29	102	5.18e-06	33.5
bflTTN_IAig2_194	TTNI37_193	28.090	89	51	3	8	91	9	89	8.24e-06	32.7
bflTTN_IAig2_194	TTNA165_196	27.632	76	51	3	18	91	21	94	8.43e-06	32.7
bflTTN_IAig2_194	TTNA123_196	29.114	79	49	2	17	92	21	95	9.46e-06	32.7
bflTTN_IAig2_194	TTNA105_197	30.769	78	47	3	8	81	11	85	1.22e-05	32.3
bflTTN_IAig2_194	TTNZ4_195	24.658	73	54	1	11	82	12	84	1.26e-05	32.3
bflTTN_IAig2_194	TTNA164_192	29.333	75	52	1	8	82	8	81	1.52e-05	32.0
bflTTN_IAig2_194	TTNI24_192	25.714	70	39	2	19	82	19	81	1.98e-05	32.0
bflTTN_IAig2_194	TTNA61_197	34.722	72	44	2	22	92	27	96	3.12e-05	31.6
bflTTN_IAig2_194	TTNM5_194	24.138	87	61	2	7	91	8	91	3.18e-05	31.2
bflTTN_IAig2_194	TTNA142_194	29.688	64	42	2	18	81	22	82	3.39e-05	31.2
bflTTN_IAig2_194	TTNI53_193	26.316	95	62	4	1	92	1	90	3.56e-05	31.2
bflTTN_IAig2_194	TTNA168_194	24.706	85	63	1	8	91	8	92	3.91e-05	31.2
bflTTN_IAig2_194	TTNA134_195	22.368	76	52	2	16	91	19	87	3.93e-05	31.2
bflTTN_IAig2_194	TTNI40_193	24.444	90	55	2	8	91	9	91	4.57e-05	30.8
bflTTN_IAig2_194	TTNI63_193	26.882	93	64	3	1	92	1	90	5.69e-05	30.8
bflTTN_IAig2_194	TTNM4_193	26.471	68	49	1	16	83	17	83	7.45e-05	30.4
bflTTN_IAig2_194	TTNI14_192	28.571	70	45	2	24	91	25	91	7.91e-05	30.4
bflTTN_IAig2_194	TTNZ6_195	24.359	78	57	2	7	83	7	83	8.66e-05	30.0
bflTTN_IAig2_194	TTNI64_193	32.895	76	44	4	18	91	19	89	8.98e-05	30.0
bflTTN_IAig2_194	TTNA94_195	25.974	77	56	1	16	92	19	94	1.21e-04	29.6
bflTTN_IAig2_194	TTNZ9_193	25.301	83	56	2	1	81	1	79	1.21e-04	29.6
bflTTN_IAig2_194	TTNI12_187	25.843	89	52	5	8	93	9	86	1.28e-04	29.6
bflTTN_IAig2_194	TTNI58_194	26.829	82	51	2	14	91	16	92	1.42e-04	29.6
bflTTN_IAig2_194	TTNM2_195	22.222	81	55	2	16	91	16	93	1.94e-04	29.3
bflTTN_IAig2_194	TTNZ1_195	24.675	77	57	1	8	83	8	84	1.94e-04	29.3
bflTTN_IAig2_194	TTNI45_193	21.053	76	59	1	8	83	9	83	2.66e-04	28.9
bflTTN_IAig2_194	TTNI69_193	21.333	75	58	1	7	81	8	81	3.48e-04	28.5
bflTTN_IAig2_194	TTNI5_188	26.744	86	54	3	8	91	9	87	4.02e-04	28.1
bflTTN_IAig2_194	TTNM7_192	23.810	84	63	1	8	91	8	90	5.25e-04	28.1
bflTTN_IAig2_194	TTNI25_195	25.000	60	45	0	24	83	25	84	5.44e-04	28.1
bflTTN_IAig2_194	TTNI32_193	27.273	77	47	2	9	81	10	81	7.16e-04	27.7
bflTTN_IAig2_194	TTNA50_196	22.222	99	58	3	3	92	7	95	7.33e-04	27.7
bflTTN_IAig2_194	TTNI79_193	26.190	84	57	2	10	91	11	91	0.001	27.3
bflTTN_IAig2_194	TTNI44_193	27.692	65	42	3	19	81	20	81	0.001	27.3
bflTTN_IAig2_194	TTNI73_193	21.519	79	57	2	7	83	8	83	0.002	26.9
bflTTN_IAig2_194	TTNI35_193	28.283	99	55	5	1	92	1	90	0.002	26.6
bflTTN_IAig2_194	TTNI27_194	27.059	85	55	3	10	91	11	91	0.003	26.2
bflTTN_IAig2_194	TTNI47_193	25.287	87	53	3	1	81	1	81	0.003	26.2
bflTTN_IAig2_194	TTNI1_194	25.000	84	53	3	7	82	2	83	0.003	25.8
bflTTN_IAig2_194	TTNI101_193	24.000	75	55	2	8	82	9	81	0.004	25.8
bflTTN_IAig2_194	TTNI61_193	23.596	89	57	3	7	91	8	89	0.004	25.8
bflTTN_IAig2_194	TTNZ7_195	25.275	91	55	3	8	91	8	92	0.004	25.8
bflTTN_IAig2_194	TTNI62_193	23.684	76	53	2	8	81	9	81	0.004	25.4
bflTTN_IAig2_194	TTNI51_193	20.000	80	51	2	10	83	11	83	0.005	25.4
bflTTN_IAig2_194	TTNZ5_193	28.125	32	23	0	8	39	9	40	0.006	25.4
bflTTN_IAig2_194	TTNI9_187	26.471	68	44	3	7	72	8	71	0.007	25.0
bflTTN_IAig2_194	TTNI104_188	27.273	55	35	2	31	83	31	82	0.010	24.6
bflTTN_IAig2_194	TTNI50_194	22.892	83	64	0	10	92	11	93	0.011	24.6
bflTTN_IAig2_194	TTNI72_193	20.270	74	58	1	8	81	9	81	0.014	24.3
bflTTN_IAig2_194	TTNI71_193	23.750	80	52	3	7	82	8	82	0.019	23.9
bflTTN_IAig2_194	TTNI54_193	30.588	85	45	6	13	91	13	89	0.024	23.5
bflTTN_IAig2_194	TTNI70_194	24.675	77	50	4	9	81	10	82	0.025	23.5
bflTTN_IAig2_194	TTNI41_193	28.788	66	32	2	7	57	8	73	0.029	23.5
bflTTN_IAig2_194	TTNI30_194	24.286	70	44	2	16	81	18	82	0.032	23.1
bflTTN_IAig2_194	TTNI74_193	25.333	75	53	2	9	82	10	82	0.035	23.1
bflTTN_IAig2_194	TTNZ8_195	21.622	74	53	2	10	81	12	82	0.050	22.7
bflTTN_IAig2_194	TTNI66_193	22.727	66	50	1	18	83	19	83	0.055	22.7
bflTTN_IAig2_194	TTNI76_193	30.000	60	41	1	24	83	25	83	0.058	22.3
bflTTN_IAig2_194	TTNI34_193	23.750	80	48	3	8	81	9	81	0.077	21.9
bflTTN_IAig2_194	TTNI55_193	26.582	79	47	3	10	83	11	83	0.078	21.9
bflTTN_IAig2_194	TTNA29_194	23.377	77	52	2	18	92	22	93	0.085	21.9
bflTTN_IAig2_194	TTNI56_193	24.211	95	62	3	1	90	1	90	0.087	21.9
bflTTN_IAig2_194	TTNI29_193	36.364	33	21	0	59	91	59	91	0.11	21.6
bflTTN_IAig2_194	TTNI94_187	26.027	73	50	3	1	72	2	71	0.12	21.6
bflTTN_IAig2_194	TTNI6_187	19.718	71	51	3	8	76	9	75	0.12	21.6
bflTTN_IAig2_194	TTNM1_192	37.500	24	15	0	59	82	58	81	0.12	21.6
bflTTN_IAig2_194	TTNI46_193	22.667	75	53	2	10	82	11	82	0.16	21.2
bflTTN_IAig2_194	TTNI81_190	25.641	78	49	4	5	76	3	77	0.16	21.2
bflTTN_IAig2_194	TTNI48_194	25.581	86	54	4	11	91	12	92	0.25	20.8
bflTTN_IAig2_194	TTNI42_194	18.056	72	50	2	16	83	18	84	0.26	20.8
bflTTN_IAig2_194	TTNI65_193	27.397	73	50	2	10	81	11	81	0.31	20.4
bflTTN_IAig2_194	TTNI75_193	25.676	74	52	2	19	91	20	91	0.32	20.4
bflTTN_IAig2_194	TTNI60_194	23.188	69	43	2	18	81	19	82	0.36	20.4
bflTTN_IAig2_194	TTNI33_193	19.540	87	61	2	10	92	11	92	0.56	19.6
bflTTN_IAig2_194	TTNI13_190	21.053	76	48	3	13	76	2	77	0.77	19.2
bflTTN_IAig2_194	TTNI68_194	21.127	71	47	2	12	78	14	79	0.78	19.2
bflTTN_IAig2_194	TTNI38_193	22.222	63	48	1	19	81	20	81	1.9	18.1
bflTTN_IAig2_194	TTNI26_191	22.500	80	61	1	12	91	11	89	4.1	17.3
bflTTN_IAig2_194	TTNI28_193	28.750	80	46	4	7	81	8	81	6.9	16.5
bflTTN_IAig2_194	TTNI99_188	50.000	10	5	0	68	77	43	52	8.2	16.5
bflTTN_IAig3_194	TTNA116_196	39.024	82	50	0	11	92	14	95	1.49e-19	68.2
bflTTN_IAig3_194	TTNA32_196	36.667	90	57	0	3	92	6	95	2.43e-19	67.8
bflTTN_IAig3_194	TTNA94_195	38.710	93	53	1	4	92	2	94	4.59e-19	67.0
bflTTN_IAig3_194	TTNA83_196	39.785	93	52	1	4	92	3	95	1.24e-18	65.9
bflTTN_IAig3_194	TTNA46_192	35.366	82	53	0	11	92	10	91	6.56e-17	61.6
bflTTN_IAig3_194	TTNA105_197	42.169	83	47	1	11	92	14	96	5.28e-16	59.3
bflTTN_IAig3_194	TTNA25_194	31.522	92	63	0	1	92	2	93	5.48e-16	59.3
bflTTN_IAig3_194	TTNA57_195	31.579	95	63	1	1	93	1	95	8.67e-16	58.5
bflTTN_IAig3_194	TTNA127_195	34.043	94	60	1	1	92	1	94	1.38e-15	58.2
bflTTN_IAig3_194	TTNA22_194	36.585	82	50	1	11	92	14	93	1.49e-15	58.2
bflTTN_IAig3_194	TTNA149_197	35.366	82	53	0	11	92	15	96	3.60e-15	57.0
bflTTN_IAig3_194	TTNA72_196	35.366	82	53	0	11	92	14	95	4.98e-15	56.6
bflTTN_IAig3_194	TTNA68_195	33.333	81	54	0	11	91	13	93	5.24e-15	56.6
bflTTN_IAig3_194	TTNA39_196	35.106	94	59	2	1	92	2	95	5.43e-15	56.6
bflTTN_IAig3_194	TTNA65_194	29.268	82	56	1	11	92	14	93	4.01e-14	54.3
bflTTN_IAig3_194	TTNI107_196	34.066	91	60	0	2	92	5	95	4.11e-14	54.3
bflTTN_IAig3_194	TTNA153_193	33.333	81	52	1	11	91	13	91	5.03e-14	54.3
bflTTN_IAig3_194	TTNA142_194	34.940	83	48	2	12	92	15	93	8.56e-14	53.5
bflTTN_IAig3_194	TTNA138_196	32.099	81	55	0	11	91	14	94	1.06e-13	53.5
bflTTN_IAig3_194	TTNA79_193	32.609	92	61	1	1	92	2	92	2.60e-13	52.4
bflTTN_IAig3_194	TTNA61_197	34.940	83	53	1	11	92	14	96	3.31e-13	52.0
bflTTN_IAig3_194	TTNA101_192	33.696	92	60	1	1	92	1	91	3.84e-13	52.0
bflTTN_IAig3_194	TTNA11_1103	39.583	96	51	3	3	91	6	101	3.90e-13	52.0
bflTTN_IAig3_194	TTNA131_197	32.530	83	55	1	11	92	14	96	3.94e-13	52.0
bflTTN_IAig3_194	TTNA120_193	34.146	82	52	1	11	92	13	92	1.04e-12	50.8
bflTTN_IAig3_194	TTNA90_192	31.169	77	53	0	13	89	12	88	1.48e-12	50.4
bflTTN_IAig3_194	TTNA109_194	30.488	82	55	1	11	92	14	93	1.65e-12	50.4
bflTTN_IAig3_194	TTNA98_194	30.488	82	55	1	11	92	14	93	3.96e-12	49.3
bflTTN_IAig3_194	TTNA160_193	33.735	83	53	1	11	93	13	93	1.23e-11	48.1
bflTTN_IAig3_194	TTNA15_1104	26.667	90	58	1	11	92	13	102	1.50e-11	48.1
bflTTN_IAig3_194	TTNA145_195	37.349	83	52	0	11	93	13	95	1.59e-11	47.8
bflTTN_IAig3_194	TTNA54_196	30.488	82	57	0	11	92	14	95	1.85e-11	47.8
bflTTN_IAig3_194	TTNA134_195	28.986	69	49	0	10	78	12	80	3.84e-11	47.0
bflTTN_IAig3_194	TTNA50_196	28.049	82	59	0	11	92	14	95	7.63e-11	46.2
bflTTN_IAig3_194	TTNI58_194	28.395	81	58	0	1	81	2	82	8.07e-11	45.8
bflTTN_IAig3_194	TTNA76_194	29.268	82	56	1	11	92	14	93	8.42e-11	45.8
bflTTN_IAig3_194	TTNM5_194	31.081	74	51	0	10	83	10	83	8.61e-11	45.8
bflTTN_IAig3_194	TTNM10_195	25.000	84	61	1	10	91	10	93	1.36e-10	45.4
bflTTN_IAig3_194	TTNA8_195	30.000	90	62	1	3	92	6	94	3.22e-10	44.3
bflTTN_IAig3_194	TTNA87_194	30.000	90	61	1	3	92	6	93	4.40e-10	43.9
bflTTN_IAig3_194	TTNA36_196	31.707	82	56	0	11	92	14	95	5.26e-10	43.9
bflTTN_IAig3_194	TTNA164_192	31.507	73	50	0	10	82	9	81	6.09e-10	43.5
bflTTN_IAig3_194	TTNA112_192	30.435	69	48	0	13	81	12	80	7.71e-10	43.5
bflTTN_IAig3_194	TTNA165_196	32.836	67	44	1	16	81	18	84	8.52e-10	43.5
bflTTN_IAig3_194	TTNA169_1100	35.065	77	49	1	16	91	22	98	9.81e-10	43.1
bflTTN_IAig3_194	TTNI72_193	26.471	68	50	0	15	82	15	82	1.61e-09	42.7
bflTTN_IAig3_194	TTNA156_195	27.660	94	66	1	1	92	1	94	2.21e-09	42.4
bflTTN_IAig3_194	TTNA1_193	27.381	84	61	0	10	93	10	93	4.80e-09	41.2
bflTTN_IAig3_194	TTNI74_193	21.687	83	65	0	10	92	10	92	5.57e-09	41.2
bflTTN_IAig3_194	TTNA43_195	30.488	82	56	1	11	92	14	94	6.86e-09	40.8
bflTTN_IAig3_194	TTNI48_194	24.719	89	67	0	1	89	2	90	7.49e-09	40.8
bflTTN_IAig3_194	TTNA18_199	30.337	89	53	2	13	93	12	99	7.63e-09	40.8
bflTTN_IAig3_194	TTNI64_193	26.829	82	60	0	1	82	1	82	8.27e-09	40.8
bflTTN_IAig3_194	TTNZ1_195	26.190	84	60	1	10	91	9	92	1.14e-08	40.4
bflTTN_IAig3_194	TTNZ3_195	23.171	82	63	0	10	91	10	91	1.19e-08	40.4
bflTTN_IAig3_194	TTNA29_194	30.000	80	54	1	13	92	16	93	3.06e-08	39.3
bflTTN_IAig3_194	TTNZ2_194	26.190	84	62	0	10	93	10	93	3.59e-08	38.9
bflTTN_IAig3_194	TTNM4_193	24.691	81	61	0	13	93	13	93	4.09e-08	38.9
bflTTN_IAig3_194	TTNI32_193	27.381	84	60	1	1	84	2	84	4.50e-08	38.9
bflTTN_IAig3_194	TTNI54_193	26.829	82	60	0	1	82	1	82	8.61e-08	38.1
bflTTN_IAig3_194	TTNI79_193	27.381	84	60	1	1	84	2	84	8.70e-08	38.1
bflTTN_IAig3_194	TTNI15_191	25.610	82	60	1	10	91	10	90	1.90e-07	37.0
bflTTN_IAig3_194	TTNI24_192	27.500	80	56	2	13	91	12	90	2.27e-07	37.0
bflTTN_IAig3_194	TTNA123_196	25.610	82	61	0	11	92	14	95	2.79e-07	37.0
bflTTN_IAig3_194	TTNI16_194	27.500	80	44	2	13	84	12	85	3.37e-07	36.6
bflTTN_IAig3_194	TTNI51_193	32.530	83	52	3	11	91	11	91	3.38e-07	36.6
bflTTN_IAig3_194	TTNI27_194	27.160	81	58	1	1	81	2	81	3.51e-07	36.6
bflTTN_IAig3_194	TTNM9_196	22.500	80	62	0	13	92	13	92	3.75e-07	36.6
bflTTN_IAig3_194	TTNZ6_195	27.397	73	52	1	16	87	15	87	4.06e-07	36.2
bflTTN_IAig3_194	TTNI30_194	25.641	78	58	0	1	78	2	79	4.21e-07	36.2
bflTTN_IAig3_194	TTNI40_193	27.632	76	55	0	16	91	16	91	5.44e-07	35.8
bflTTN_IAig3_194	TTNI73_193	26.374	91	66	1	1	91	2	91	5.62e-07	35.8
bflTTN_IAig3_194	TTNI36_194	25.000	76	57	0	6	81	7	82	6.35e-07	35.8
bflTTN_IAig3_194	TTNI43_193	23.596	89	67	1	1	89	2	89	9.94e-07	35.4
bflTTN_IAig3_194	TTNI106_194	31.818	66	41	1	26	91	27	88	1.37e-06	35.0
bflTTN_IAig3_194	TTNI62_193	24.691	81	58	1	2	82	5	82	1.72e-06	34.7
bflTTN_IAig3_194	TTNI67_193	25.000	92	66	2	1	91	2	91	1.95e-06	34.7
bflTTN_IAig3_194	TTNI78_194	24.242	66	50	0	16	81	17	82	2.45e-06	34.3
bflTTN_IAig3_194	TTNI39_193	25.000	80	60	0	13	92	13	92	2.91e-06	33.9
bflTTN_IAig3_194	TTNI52_193	22.388	67	52	0	16	82	16	82	3.10e-06	33.9
bflTTN_IAig3_194	TTNI55_193	23.457	81	61	1	1	81	2	81	4.21e-06	33.5
bflTTN_IAig3_194	TTNI68_194	23.077	78	60	0	1	78	2	79	5.16e-06	33.5
bflTTN_IAig3_194	TTNI59_193	26.087	92	65	3	1	91	2	91	6.97e-06	33.1
bflTTN_IAig3_194	TTNZ9_193	27.778	90	57	2	9	91	1	89	7.74e-06	33.1
bflTTN_IAig3_194	TTNI71_193	25.926	81	60	0	11	91	11	91	9.15e-06	32.7
bflTTN_IAig3_194	TTNI75_193	21.978	91	70	1	1	91	2	91	9.54e-06	32.7
bflTTN_IAig3_194	TTNZ5_193	32.394	71	39	2	16	81	16	82	1.07e-05	32.7
bflTTN_IAig3_194	TTNI44_193	28.571	70	48	1	12	81	14	81	1.35e-05	32.3
bflTTN_IAig3_194	TTNI17_194	22.619	84	65	0	10	93	10	93	1.37e-05	32.3
bflTTN_IAig3_194	TTNI42_194	17.582	91	75	0	1	91	2	92	2.01e-05	32.0
bflTTN_IAig3_194	TTNZ7_195	23.810	84	62	1	10	91	9	92	2.62e-05	31.6
bflTTN_IAig3_194	TTNI65_193	27.273	66	48	0	16	81	16	81	3.17e-05	31.2
bflTTN_IAig3_194	TTNI14_192	28.049	82	57	2	11	91	11	91	3.20e-05	31.2
bflTTN_IAig3_194	TTNI25_195	22.388	67	51	1	27	92	27	93	4.55e-05	30.8
bflTTN_IAig3_194	TTNZ4_195	24.324	74	54	1	16	87	16	89	4.95e-05	30.8
bflTTN_IAig3_194	TTNI3_187	25.000	80	50	2	12	84	4	80	5.39e-05	30.4
bflTTN_IAig3_194	TTNI77_193	19.565	92	71	2	1	91	2	91	7.15e-05	30.4
bflTTN_IAig3_194	TTNI57_193	26.087	92	65	2	1	91	2	91	8.10e-05	30.4
bflTTN_IAig3_194	TTNI99_188	29.231	65	45	1	9	73	9	72	8.65e-05	30.0
bflTTN_IAig3_194	TTNI47_193	24.444	90	61	1	9	91	2	91	1.35e-04	29.6
bflTTN_IAig3_194	TTNI35_193	24.242	66	50	0	16	81	16	81	1.84e-04	29.3
bflTTN_IAig3_194	TTNM3_193	23.750	80	60	1	13	91	12	91	2.23e-04	28.9
bflTTN_IAig3_194	TTNI69_193	25.000	84	62	1	1	84	2	84	3.17e-04	28.5
bflTTN_IAig3_194	TTNI63_193	22.619	84	64	1	9	91	8	91	3.38e-04	28.5
bflTTN_IAig3_194	TTNI5_188	25.714	70	52	0	10	79	10	79	4.89e-04	28.1
bflTTN_IAig3_194	TTNI31_193	23.684	76	57	1	7	82	8	82	5.20e-04	28.1
bflTTN_IAig3_194	TTNA4_1121	50.000	24	12	0	13	36	12	35	7.35e-04	28.1
bflTTN_IAig3_194	TTNM8_193	23.188	69	51	1	13	81	14	80	8.61e-04	27.3
bflTTN_IAig3_194	TTNI38_193	25.758	66	49	0	16	81	16	81	0.001	27.3
bflTTN_IAig3_194	TTNI28_193	24.242	66	50	0	16	81	16	81	0.001	27.3
bflTTN_IAig3_194	TTNI50_194	24.000	75	56	1	10	83	10	84	0.001	26.9
bflTTN_IAig3_194	TTNI81_190	22.449	49	38	0	29	77	30	78	0.001	26.9
bflTTN_IAig3_194	TTNI45_193	18.056	72	59	0	21	92	21	92	0.001	26.9
bflTTN_IAig3_194	TTNI12_187	35.185	54	32	2	30	80	27	80	0.001	26.9
bflTTN_IAig3_194	TTNI80_194	25.714	70	51	1	23	91	23	92	0.001	26.9
bflTTN_IAig3_194	TTNI56_193	22.500	80	62	0	10	89	10	89	0.002	26.6
bflTTN_IAig3_194	TTNI53_193	21.519	79	62	0	13	91	13	91	0.002	26.2
bflTTN_IAig3_194	TTNI41_193	28.358	67	48	0	19	85	19	85	0.003	26.2
bflTTN_IAig3_194	TTNI49_193	22.727	66	51	0	19	84	19	84	0.004	25.8
bflTTN_IAig3_194	TTNI33_193	22.973	74	57	0	11	84	11	84	0.010	24.6
bflTTN_IAig3_194	TTNI34_193	21.212	66	52	0	18	83	18	83	0.011	24.3
bflTTN_IAig3_194	TTNI100_188	27.273	77	51	2	16	92	16	87	0.027	23.5
bflTTN_IAig3_194	TTNI11_187	25.000	92	62	3	1	90	1	87	0.029	23.1
bflTTN_IAig3_194	TTNI66_193	19.540	87	69	1	1	87	2	87	0.031	23.1
bflTTN_IAig3_194	TTNI96_188	22.857	70	53	1	10	79	10	78	0.047	22.7
bflTTN_IAig3_194	TTNI98_188	20.270	74	56	2	10	81	10	82	0.056	22.3
bflTTN_IAig3_194	TTNM2_195	24.286	70	50	2	16	82	15	84	0.056	22.7
bflTTN_IAig3_194	TTNA168_194	25.000	68	49	1	26	91	25	92	0.060	22.3
bflTTN_IAig3_194	TTNI76_193	21.875	64	50	0	26	89	26	89	0.062	22.3
bflTTN_IAig3_194	TTNI26_191	22.619	84	62	2	10	92	9	90	0.063	22.3
bflTTN_IAig3_194	TTNI4_189	23.611	72	54	1	1	72	1	71	0.068	22.3
bflTTN_IAig3_194	TTNI92_187	22.619	84	62	2	1	82	1	83	0.068	22.3
bflTTN_IAig3_194	TTNI9_187	19.231	78	62	1	5	82	5	81	0.11	21.6
bflTTN_IAig3_194	TTNI89_188	26.415	53	38	1	10	62	10	61	0.15	21.2
bflTTN_IAig3_194	TTNI102_188	28.889	45	32	0	33	77	32	76	0.17	21.2
bflTTN_IAig3_194	TTNI29_193	23.729	59	45	0	33	91	33	91	0.19	21.2
bflTTN_IAig3_194	TTNI37_193	23.810	63	48	0	19	81	19	81	0.21	20.8
bflTTN_IAig3_194	TTNM1_192	21.311	61	48	0	33	93	32	92	0.25	20.8
bflTTN_IAig3_194	TTNI6_187	25.455	55	39	1	32	84	31	85	0.47	20.0
bflTTN_IAig3_194	TTNI10_187	19.178	73	58	1	6	78	6	77	0.49	20.0
bflTTN_IAig3_194	TTNI104_188	18.293	82	66	1	1	82	1	81	0.79	19.2
bflTTN_IAig3_194	TTNI94_187	23.438	64	46	2	21	82	21	83	1.1	18.9
bflTTN_IAig3_194	TTNI8_188	22.500	40	31	0	33	72	33	72	1.3	18.5
bflTTN_IAig3_194	TTNI97_188	22.222	63	48	1	10	72	10	71	1.4	18.5
bflTTN_IAig3_194	TTNI88_187	21.818	55	40	1	30	84	28	79	3.1	17.7
bflTTN_IAig3_194	TTNI90_187	22.500	40	31	0	33	72	31	70	3.2	17.7
bflTTN_IAig3_194	TTNI2_191	16.667	66	55	0	10	75	10	75	6.4	16.5
bflTTN_IAig3_194	TTNI93_188	23.810	42	31	1	54	94	37	78	7.2	16.5
bflTTN_IAig3_194	TTNI103_188	17.391	46	38	0	27	72	26	71	7.6	16.5
bflTTN_IAig3_194	TTNI83_193	21.053	76	59	1	1	76	1	75	9.1	16.2
bflTTN_Aig1_196	TTNA1_193	35.789	95	58	2	1	95	2	93	3.44e-18	64.7
bflTTN_Aig1_196	TTNA65_194	35.789	95	57	2	1	94	2	93	7.54e-18	63.9
bflTTN_Aig1_196	TTNA36_196	35.789	95	59	2	1	94	2	95	1.42e-16	60.8
bflTTN_Aig1_196	TTNA160_193	34.375	96	59	2	1	95	1	93	2.28e-16	60.1
bflTTN_Aig1_196	TTNA87_194	36.842	95	56	2	1	94	2	93	8.68e-16	58.9
bflTTN_Aig1_196	TTNA120_193	34.694	98	54	3	1	94	1	92	5.84e-15	56.6
bflTTN_Aig1_196	TTNA105_197	35.789	95	60	1	1	94	2	96	8.40e-15	56.2
bflTTN_Aig1_196	TTNA98_194	36.458	96	55	3	1	94	2	93	1.53e-14	55.5
bflTTN_Aig1_196	TTNA72_196	36.364	99	53	3	1	94	2	95	1.97e-14	55.5
bflTTN_Aig1_196	TTNA123_196	31.633	98	59	3	1	94	2	95	2.06e-13	52.8
bflTTN_Aig1_196	TTNA76_194	36.458	96	55	3	1	94	2	93	3.31e-13	52.0
bflTTN_Aig1_196	TTNA156_195	35.789	95	59	2	1	94	1	94	4.20e-13	52.0
bflTTN_Aig1_196	TTNA43_195	38.947	95	55	2	1	94	2	94	7.69e-13	51.2
bflTTN_Aig1_196	TTNA116_196	33.684	95	61	2	1	94	2	95	1.55e-12	50.4
bflTTN_Aig1_196	TTNA94_195	33.684	95	61	2	1	94	1	94	1.88e-12	50.1
bflTTN_Aig1_196	TTNA142_194	33.673	98	55	4	1	94	2	93	2.12e-12	50.1
bflTTN_Aig1_196	TTNA79_193	36.082	97	53	3	1	94	2	92	2.46e-12	50.1
bflTTN_Aig1_196	TTNM10_195	28.889	90	63	1	5	93	4	93	2.60e-12	50.1
bflTTN_Aig1_196	TTNA109_194	36.000	100	50	4	1	94	2	93	2.77e-12	49.7
bflTTN_Aig1_196	TTNA83_196	33.684	95	61	2	1	94	2	95	2.99e-12	49.7
bflTTN_Aig1_196	TTNA68_195	34.043	94	60	2	1	93	1	93	3.87e-12	49.3
bflTTN_Aig1_196	TTNA57_195	29.897	97	64	3	1	95	1	95	7.97e-12	48.5
bflTTN_Aig1_196	TTNA131_197	33.333	96	61	3	1	94	2	96	1.20e-11	48.1
bflTTN_Aig1_196	TTNA127_195	29.474	95	65	2	1	94	1	94	2.10e-11	47.4
bflTTN_Aig1_196	TTNA32_196	28.421	95	66	2	1	94	2	95	3.06e-11	47.0
bflTTN_Aig1_196	TTNA61_197	33.333	96	61	3	1	94	2	96	5.94e-11	46.6
bflTTN_Aig1_196	TTNA101_192	32.099	81	54	1	14	94	12	91	1.27e-10	45.4
bflTTN_Aig1_196	TTNA138_196	26.829	82	59	1	12	93	14	94	1.98e-10	45.1
bflTTN_Aig1_196	TTNA149_197	35.417	96	59	3	1	94	2	96	2.08e-10	45.1
bflTTN_Aig1_196	TTNI106_194	31.579	95	64	1	1	95	1	94	2.26e-10	44.7
bflTTN_Aig1_196	TTNA134_195	27.660	94	60	3	1	93	1	87	3.35e-10	44.3
bflTTN_Aig1_196	TTNA8_195	27.368	95	66	3	1	94	2	94	5.37e-10	43.9
bflTTN_Aig1_196	TTNI107_196	30.526	95	64	2	1	94	2	95	1.56e-09	42.7
bflTTN_Aig1_196	TTNA153_193	26.596	94	65	2	1	93	1	91	2.10e-09	42.4
bflTTN_Aig1_196	TTNA39_196	27.381	84	60	1	12	94	12	95	3.30e-09	42.0
bflTTN_Aig1_196	TTNA46_192	26.437	87	63	1	8	94	6	91	3.82e-09	41.6
bflTTN_Aig1_196	TTNA50_196	29.474	95	65	2	1	94	2	95	4.08e-09	41.6
bflTTN_Aig1_196	TTNA90_192	25.926	81	59	1	14	94	12	91	4.30e-09	41.6
bflTTN_Aig1_196	TTNA29_194	27.551	98	61	3	1	94	2	93	7.37e-09	40.8
bflTTN_Aig1_196	TTNA15_1104	23.958	96	62	2	6	94	11	102	8.32e-09	40.8
bflTTN_Aig1_196	TTNA145_195	30.612	98	62	3	1	95	1	95	1.45e-08	40.0
bflTTN_Aig1_196	TTNI105_190	25.000	88	56	2	10	94	9	89	1.51e-08	40.0
bflTTN_Aig1_196	TTNA112_192	31.429	70	47	1	14	83	12	80	1.53e-08	40.0
bflTTN_Aig1_196	TTNA11_1103	26.966	89	58	2	12	94	15	102	1.68e-08	40.0
bflTTN_Aig1_196	TTNA22_194	29.592	98	59	3	1	94	2	93	2.76e-08	39.3
bflTTN_Aig1_196	TTNA54_196	30.526	95	64	2	1	94	2	95	3.12e-08	39.3
bflTTN_Aig1_196	TTNZ6_195	27.143	70	51	0	17	86	15	84	5.79e-08	38.5
bflTTN_Aig1_196	TTNA164_192	28.000	75	53	1	10	84	8	81	6.04e-08	38.5
bflTTN_Aig1_196	TTNI51_193	32.000	75	50	1	12	86	11	84	7.52e-08	38.1
bflTTN_Aig1_196	TTNZ3_195	26.744	86	58	2	10	93	9	91	9.04e-08	38.1
bflTTN_Aig1_196	TTNZ1_195	27.273	88	57	2	10	93	8	92	1.20e-07	37.7
bflTTN_Aig1_196	TTNA25_194	26.596	94	67	2	1	94	2	93	1.42e-07	37.7
bflTTN_Aig1_196	TTNA18_199	26.733	101	65	2	1	95	2	99	1.46e-07	37.7
bflTTN_Aig1_196	TTNI16_194	27.027	74	53	1	14	86	12	85	2.16e-07	37.0
bflTTN_Aig1_196	TTNA4_1121	24.771	109	54	2	14	94	12	120	3.07e-07	37.4
bflTTN_Aig1_196	TTNM7_192	29.762	84	58	1	10	93	8	90	3.26e-07	36.6
bflTTN_Aig1_196	TTNZ2_194	26.087	92	55	3	10	95	9	93	3.75e-07	36.6
bflTTN_Aig1_196	TTNM2_195	27.273	88	60	2	1	86	1	86	1.97e-06	34.7
bflTTN_Aig1_196	TTNI71_193	26.437	87	59	2	9	93	8	91	3.07e-06	33.9
bflTTN_Aig1_196	TTNI77_193	27.957	93	62	3	1	93	2	89	3.41e-06	33.9
bflTTN_Aig1_196	TTNZ4_195	27.397	73	48	2	17	86	16	86	3.66e-06	33.9
bflTTN_Aig1_196	TTNI79_193	28.916	83	56	2	1	83	2	81	3.90e-06	33.9
bflTTN_Aig1_196	TTNI49_193	28.378	74	52	1	20	93	19	91	4.07e-06	33.9
bflTTN_Aig1_196	TTNI80_194	27.059	85	62	0	9	93	8	92	4.94e-06	33.5
bflTTN_Aig1_196	TTNA169_1100	27.778	72	42	2	17	83	22	88	7.61e-06	33.1
bflTTN_Aig1_196	TTNI58_194	28.378	74	52	1	13	86	13	85	1.32e-05	32.3
bflTTN_Aig1_196	TTNI61_193	24.706	85	63	1	9	93	8	91	2.65e-05	31.6
bflTTN_Aig1_196	TTNI33_193	27.711	83	59	1	12	94	11	92	2.70e-05	31.6
bflTTN_Aig1_196	TTNI74_193	27.059	85	59	2	10	94	9	90	3.03e-05	31.6
bflTTN_Aig1_196	TTNZ9_193	28.235	85	49	2	4	83	2	79	3.26e-05	31.2
bflTTN_Aig1_196	TTNZ5_193	24.691	81	61	0	5	85	4	84	3.47e-05	31.2
bflTTN_Aig1_196	TTNM3_193	24.051	79	60	0	15	93	13	91	4.65e-05	30.8
bflTTN_Aig1_196	TTNI53_193	26.744	86	60	2	1	86	2	84	4.74e-05	30.8
bflTTN_Aig1_196	TTNM5_194	25.882	85	49	3	9	79	8	92	9.53e-05	30.0
bflTTN_Aig1_196	TTNM4_193	24.051	79	59	1	17	95	16	93	1.03e-04	30.0
bflTTN_Aig1_196	TTNI30_194	24.468	94	67	3	1	94	2	91	1.31e-04	29.6
bflTTN_Aig1_196	TTNA165_196	21.795	78	59	2	17	93	18	94	1.32e-04	29.6
bflTTN_Aig1_196	TTNI54_193	26.027	73	53	1	11	83	10	81	1.55e-04	29.6
bflTTN_Aig1_196	TTNI28_193	22.093	86	64	2	9	94	8	90	1.71e-04	29.3
bflTTN_Aig1_196	TTNI45_193	24.706	85	63	1	10	94	9	92	1.86e-04	29.3
bflTTN_Aig1_196	TTNI59_193	26.190	84	61	1	9	92	8	90	1.90e-04	29.3
bflTTN_Aig1_196	TTNI73_193	26.882	93	65	2	1	93	2	91	3.75e-04	28.5
bflTTN_Aig1_196	TTNZ7_195	20.879	91	59	2	10	93	8	92	5.45e-04	28.1
bflTTN_Aig1_196	TTNI27_194	26.250	80	58	1	14	93	13	91	6.62e-04	27.7
bflTTN_Aig1_196	TTNI57_193	23.656	93	66	3	1	93	2	89	7.03e-04	27.7
bflTTN_Aig1_196	TTNI42_194	23.171	82	60	2	12	93	12	90	8.63e-04	27.7
bflTTN_Aig1_196	TTNI1_194	26.027	73	54	0	14	86	13	85	8.63e-04	27.7
bflTTN_Aig1_196	TTNI14_192	19.540	87	63	2	10	93	9	91	8.70e-04	27.3
bflTTN_Aig1_196	TTNI39_193	24.096	83	62	1	12	94	11	92	8.71e-04	27.3
bflTTN_Aig1_196	TTNM9_196	22.093	86	66	1	9	94	8	92	0.001	27.3
bflTTN_Aig1_196	TTNI64_193	22.667	75	55	2	11	84	10	82	0.001	27.3
bflTTN_Aig1_196	TTNI25_195	20.896	67	53	0	28	94	27	93	0.001	26.9
bflTTN_Aig1_196	TTNI48_194	23.171	82	60	2	13	94	13	91	0.001	26.9
bflTTN_Aig1_196	TTNA168_194	23.232	99	63	4	1	93	1	92	0.002	26.9
bflTTN_Aig1_196	TTNI67_193	26.042	96	65	4	1	96	2	91	0.002	26.6
bflTTN_Aig1_196	TTNI69_193	28.333	60	42	1	9	67	8	67	0.003	26.2
bflTTN_Aig1_196	TTNI43_193	23.656	93	66	3	1	93	2	89	0.004	25.8
bflTTN_Aig1_196	TTNI76_193	26.744	86	60	2	1	86	2	84	0.015	24.3
bflTTN_Aig1_196	TTNI32_193	25.641	78	57	1	11	88	10	86	0.025	23.5
bflTTN_Aig1_196	TTNI96_188	30.986	71	47	2	10	80	9	77	0.027	23.5
bflTTN_Aig1_196	TTNI56_193	28.205	78	55	1	10	87	9	85	0.031	23.1
bflTTN_Aig1_196	TTNI24_192	19.481	77	51	2	14	85	12	82	0.031	23.1
bflTTN_Aig1_196	TTNI68_194	25.714	70	47	2	13	80	13	79	0.035	23.1
bflTTN_Aig1_196	TTNI17_194	29.032	31	22	0	10	40	9	39	0.037	23.1
bflTTN_Aig1_196	TTNI34_193	28.395	81	45	4	19	92	18	92	0.038	23.1
bflTTN_Aig1_196	TTNM6_194	23.810	63	46	1	33	95	32	92	0.041	23.1
bflTTN_Aig1_196	TTNI36_194	20.482	83	65	1	1	83	1	82	0.053	22.7
bflTTN_Aig1_196	TTNI50_194	20.238	84	67	0	11	94	10	93	0.080	21.9
bflTTN_Aig1_196	TTNI47_193	24.468	94	59	4	9	94	1	90	0.082	21.9
bflTTN_Aig1_196	TTNI75_193	25.000	76	56	1	12	87	11	85	0.086	21.9
bflTTN_Aig1_196	TTNI55_193	25.581	86	61	2	1	86	2	84	0.096	21.9
bflTTN_Aig1_196	TTNI62_193	27.907	86	57	3	10	92	9	92	0.11	21.6
bflTTN_Aig1_196	TTNI85_192	25.000	48	36	0	33	80	31	78	0.12	21.6
bflTTN_Aig1_196	TTNI31_193	27.381	84	58	2	1	84	2	82	0.14	21.6
bflTTN_Aig1_196	TTNI29_193	29.032	62	39	2	34	93	33	91	0.20	21.2
bflTTN_Aig1_196	TTNI4_189	23.913	46	34	1	33	78	31	75	0.33	20.4
bflTTN_Aig1_196	TTNI63_193	22.581	93	69	2	1	93	2	91	0.37	20.4
bflTTN_Aig1_196	TTNI66_193	22.500	80	55	2	10	86	9	84	0.83	19.2
bflTTN_Aig1_196	TTNI94_187	20.833	72	48	2	4	75	10	72	1.0	18.9
bflTTN_Aig1_196	TTNI65_193	22.388	67	51	1	17	83	16	81	1.2	18.9
bflTTN_Aig1_196	TTNI100_188	20.930	86	62	3	9	94	8	87	1.2	18.9
bflTTN_Aig1_196	TTNI37_193	25.000	96	61	5	1	93	2	89	1.2	18.9
bflTTN_Aig1_196	TTNM1_192	29.730	37	26	0	59	95	56	92	1.2	18.9
bflTTN_Aig1_196	TTNI88_187	42.857	21	12	0	61	81	57	77	1.5	18.5
bflTTN_Aig1_196	TTNI46_193	24.390	41	29	1	1	41	2	40	1.6	18.5
bflTTN_Aig1_196	TTNI72_193	23.077	26	20	0	16	41	15	40	1.9	18.1
bflTTN_Aig1_196	TTNI84_196	29.545	44	30	1	36	79	38	80	2.7	17.7
bflTTN_Aig1_196	TTNI99_188	27.419	62	43	2	11	72	10	69	2.8	17.7
bflTTN_Aig1_196	TTNZ8_195	23.214	56	42	1	28	83	28	82	3.1	17.7
bflTTN_Aig1_196	TTNI2_191	22.581	31	24	0	10	40	9	39	3.2	17.7
bflTTN_Aig1_196	TTNI82_188	25.000	32	23	1	10	41	9	39	3.4	17.7
bflTTN_Aig1_196	TTNI104_188	25.926	54	39	1	33	86	31	83	3.9	17.3
bflTTN_Aig1_196	TTNI78_194	21.176	85	65	2	1	85	2	84	5.4	16.9
bflTTN_Aig1_196	TTNI97_188	71.429	7	2	0	6	12	62	68	7.0	16.5
bflTTN_Aig1_196	TTNI103_188	55.556	9	4	0	34	42	32	40	8.2	16.5
bflTTN_Aig1_196	TTNI102_188	26.531	49	21	2	36	77	34	74	9.5	16.2
bflTTN_Aig2_192	TTNA72_196	36.667	90	55	1	3	90	6	95	7.92e-18	63.9
bflTTN_Aig2_192	TTNA25_194	38.043	92	55	1	1	90	2	93	1.39e-17	63.2
bflTTN_Aig2_192	TTNA138_196	39.506	81	47	1	11	89	14	94	1.96e-16	60.5
bflTTN_Aig2_192	TTNA39_196	41.935	93	48	2	1	87	2	94	4.92e-16	59.3
bflTTN_Aig2_192	TTNA50_196	32.222	90	59	1	3	90	6	95	7.93e-16	58.9
bflTTN_Aig2_192	TTNA15_1104	37.374	99	50	3	3	90	5	102	1.57e-15	58.2
bflTTN_Aig2_192	TTNA43_195	35.789	95	48	2	3	90	6	94	3.01e-15	57.4
bflTTN_Aig2_192	TTNA101_192	38.043	92	54	2	1	90	1	91	3.84e-15	57.0
bflTTN_Aig2_192	TTNA1_193	35.484	93	57	2	1	91	2	93	6.26e-15	56.2
bflTTN_Aig2_192	TTNA65_194	32.955	88	59	0	3	90	6	93	7.88e-15	56.2
bflTTN_Aig2_192	TTNA153_193	36.264	91	56	1	1	89	1	91	7.95e-15	56.2
bflTTN_Aig2_192	TTNI107_196	33.333	90	58	1	3	90	6	95	1.08e-14	55.8
bflTTN_Aig2_192	TTNA11_1103	37.500	96	51	3	3	89	6	101	2.40e-14	55.1
bflTTN_Aig2_192	TTNA32_196	33.684	95	57	3	1	90	2	95	1.77e-13	52.8
bflTTN_Aig2_192	TTNA116_196	31.522	92	57	2	3	90	6	95	1.80e-13	52.8
bflTTN_Aig2_192	TTNA131_197	35.165	91	56	2	3	90	6	96	1.81e-13	52.8
bflTTN_Aig2_192	TTNA149_197	38.462	91	53	2	3	90	6	96	1.99e-13	52.8
bflTTN_Aig2_192	TTNA8_195	32.584	89	59	1	3	90	6	94	2.12e-13	52.4
bflTTN_Aig2_192	TTNA36_196	31.868	91	58	2	3	90	6	95	7.76e-13	51.2
bflTTN_Aig2_192	TTNA79_193	33.696	92	58	2	1	90	2	92	1.07e-12	50.8
bflTTN_Aig2_192	TTNA109_194	34.783	92	54	3	4	90	3	93	6.16e-12	48.9
bflTTN_Aig2_192	TTNA145_195	33.735	83	53	1	11	91	13	95	8.33e-12	48.5
bflTTN_Aig2_192	TTNA87_194	35.106	94	49	2	3	90	6	93	9.08e-12	48.1
bflTTN_Aig2_192	TTNA134_195	30.588	85	57	1	9	91	11	95	1.79e-11	47.8
bflTTN_Aig2_192	TTNA142_194	31.646	79	54	0	12	90	15	93	2.04e-11	47.4
bflTTN_Aig2_192	TTNA123_196	28.049	82	57	1	11	90	14	95	2.08e-11	47.4
bflTTN_Aig2_192	TTNA57_195	32.500	80	52	1	14	91	16	95	2.17e-11	47.4
bflTTN_Aig2_192	TTNA68_195	32.099	81	53	1	11	89	13	93	2.61e-11	47.0
bflTTN_Aig2_192	TTNA83_196	30.488	82	55	1	11	90	14	95	2.90e-11	47.0
bflTTN_Aig2_192	TTNA54_196	28.261	92	60	2	3	90	6	95	4.05e-11	46.6
bflTTN_Aig2_192	TTNA76_194	35.870	92	53	3	4	90	3	93	4.47e-11	46.6
bflTTN_Aig2_192	TTNA94_195	30.488	82	55	1	11	90	13	94	4.72e-11	46.6
bflTTN_Aig2_192	TTNI14_192	32.099	81	53	1	11	89	11	91	1.40e-10	45.1
bflTTN_Aig2_192	TTNA61_197	35.165	91	56	2	3	90	6	96	1.58e-10	45.1
bflTTN_Aig2_192	TTNI45_193	32.000	75	49	1	18	90	18	92	1.85e-10	45.1
bflTTN_Aig2_192	TTNZ2_194	29.412	85	54	2	11	91	11	93	2.27e-10	44.7
bflTTN_Aig2_192	TTNA46_192	29.213	89	61	1	4	90	3	91	2.30e-10	44.7
bflTTN_Aig2_192	TTNZ3_195	28.571	91	62	2	1	89	2	91	2.34e-10	44.7
bflTTN_Aig2_192	TTNI74_193	27.381	84	59	1	9	90	9	92	3.24e-10	44.3
bflTTN_Aig2_192	TTNM10_195	26.882	93	63	2	1	89	2	93	3.33e-10	44.3
bflTTN_Aig2_192	TTNA120_193	31.111	90	50	2	7	90	9	92	5.48e-10	43.5
bflTTN_Aig2_192	TTNA22_194	27.273	88	64	0	3	90	6	93	6.63e-10	43.5
bflTTN_Aig2_192	TTNI64_193	29.730	74	50	1	9	80	9	82	6.79e-10	43.5
bflTTN_Aig2_192	TTNA90_192	25.974	77	55	1	13	87	12	88	9.28e-10	43.1
bflTTN_Aig2_192	TTNA98_194	27.174	92	65	1	1	90	2	93	9.86e-10	43.1
bflTTN_Aig2_192	TTNA18_199	29.213	89	52	3	13	91	12	99	1.29e-09	42.7
bflTTN_Aig2_192	TTNZ7_195	32.558	86	52	2	10	89	9	94	1.39e-09	42.7
bflTTN_Aig2_192	TTNZ1_195	26.882	93	63	2	1	89	1	92	1.77e-09	42.4
bflTTN_Aig2_192	TTNI105_190	26.506	83	60	1	8	90	8	89	1.97e-09	42.4
bflTTN_Aig2_192	TTNA105_197	28.916	83	56	1	11	90	14	96	2.28e-09	42.4
bflTTN_Aig2_192	TTNZ6_195	33.333	78	47	2	16	89	15	91	4.04e-09	41.6
bflTTN_Aig2_192	TTNI54_193	28.378	74	51	1	9	80	9	82	6.16e-09	40.8
bflTTN_Aig2_192	TTNA156_195	27.083	96	62	3	1	90	1	94	7.84e-09	40.8
bflTTN_Aig2_192	TTNA127_195	27.660	94	64	2	1	90	1	94	2.43e-08	39.7
bflTTN_Aig2_192	TTNI61_193	29.630	81	55	1	11	89	11	91	3.44e-08	38.9
bflTTN_Aig2_192	TTNI51_193	26.374	91	65	1	1	89	1	91	3.70e-08	38.9
bflTTN_Aig2_192	TTNA160_193	27.160	81	59	0	11	91	13	93	7.01e-08	38.1
bflTTN_Aig2_192	TTNI24_192	30.380	79	53	1	13	89	12	90	8.08e-08	38.1
bflTTN_Aig2_192	TTNA112_192	28.395	81	55	2	1	79	1	80	1.04e-07	37.7
bflTTN_Aig2_192	TTNI65_193	30.986	71	47	1	16	84	16	86	1.31e-07	37.4
bflTTN_Aig2_192	TTNA29_194	31.868	91	58	1	4	90	3	93	1.88e-07	37.0
bflTTN_Aig2_192	TTNI44_193	30.159	63	38	2	21	79	21	81	1.90e-07	37.0
bflTTN_Aig2_192	TTNI58_194	30.928	97	53	3	1	89	2	92	2.93e-07	36.6
bflTTN_Aig2_192	TTNI48_194	27.473	91	64	1	1	89	2	92	3.02e-07	36.6
bflTTN_Aig2_192	TTNI78_194	27.711	83	58	1	1	81	2	84	3.36e-07	36.6
bflTTN_Aig2_192	TTNI1_194	33.333	57	33	2	27	79	27	82	7.92e-07	35.4
bflTTN_Aig2_192	TTNI39_193	25.316	79	55	2	13	87	13	91	1.23e-06	35.0
bflTTN_Aig2_192	TTNA165_196	29.487	78	52	2	15	89	17	94	1.36e-06	35.0
bflTTN_Aig2_192	TTNI15_191	25.610	82	58	2	10	89	10	90	1.61e-06	34.7
bflTTN_Aig2_192	TTNI66_193	31.765	85	46	2	10	87	10	89	1.70e-06	34.7
bflTTN_Aig2_192	TTNI16_194	23.457	81	58	1	13	89	12	92	1.75e-06	34.7
bflTTN_Aig2_192	TTNM3_193	29.070	86	58	2	7	89	6	91	1.89e-06	34.7
bflTTN_Aig2_192	TTNI56_193	27.160	81	55	2	10	87	10	89	1.99e-06	34.3
bflTTN_Aig2_192	TTNI76_193	30.000	80	54	1	10	87	10	89	4.04e-06	33.5
bflTTN_Aig2_192	TTNZ5_193	29.630	81	52	2	13	88	13	93	7.20e-06	33.1
bflTTN_Aig2_192	TTNI62_193	31.169	77	51	1	10	84	10	86	9.35e-06	32.7
bflTTN_Aig2_192	TTNI75_193	25.926	81	58	1	11	89	11	91	1.15e-05	32.3
bflTTN_Aig2_192	TTNI71_193	24.096	83	57	2	11	89	11	91	1.23e-05	32.3
bflTTN_Aig2_192	TTNI30_194	21.348	89	68	1	1	87	2	90	1.33e-05	32.3
bflTTN_Aig2_192	TTNI72_193	27.273	77	54	1	15	89	15	91	1.50e-05	32.0
bflTTN_Aig2_192	TTNI79_193	26.761	71	50	1	11	79	11	81	1.51e-05	32.0
bflTTN_Aig2_192	TTNI80_194	28.571	70	47	1	23	89	23	92	1.57e-05	32.0
bflTTN_Aig2_192	TTNI40_193	23.684	76	56	1	16	89	16	91	1.68e-05	32.0
bflTTN_Aig2_192	TTNI55_193	30.000	70	47	1	16	83	16	85	1.83e-05	32.0
bflTTN_Aig2_192	TTNA164_192	26.506	83	47	2	10	84	9	85	1.94e-05	32.0
bflTTN_Aig2_192	TTNI33_193	26.829	82	58	1	11	90	11	92	1.95e-05	32.0
bflTTN_Aig2_192	TTNI29_193	35.593	59	36	1	33	89	33	91	2.28e-05	31.6
bflTTN_Aig2_192	TTNI68_194	28.205	78	54	1	1	76	2	79	2.31e-05	31.6
bflTTN_Aig2_192	TTNI42_194	28.049	82	55	2	11	89	12	92	2.31e-05	31.6
bflTTN_Aig2_192	TTNM5_194	20.732	82	63	1	10	89	10	91	2.43e-05	31.6
bflTTN_Aig2_192	TTNI38_193	34.722	72	43	3	21	89	21	91	2.50e-05	31.6
bflTTN_Aig2_192	TTNA169_1100	28.261	92	61	3	3	89	7	98	2.90e-05	31.6
bflTTN_Aig2_192	TTNI57_193	26.829	82	48	2	15	89	15	91	3.12e-05	31.2
bflTTN_Aig2_192	TTNI50_194	27.027	74	51	1	9	79	9	82	3.16e-05	31.2
bflTTN_Aig2_192	TTNM9_196	23.171	82	61	1	13	92	13	94	3.57e-05	31.2
bflTTN_Aig2_192	TTNM2_195	27.143	70	46	1	16	80	15	84	4.76e-05	30.8
bflTTN_Aig2_192	TTNM4_193	24.096	83	57	2	13	91	13	93	7.72e-05	30.4
bflTTN_Aig2_192	TTNI34_193	28.358	67	46	1	20	84	20	86	1.15e-04	29.6
bflTTN_Aig2_192	TTNI67_193	30.000	60	40	1	32	89	32	91	1.17e-04	29.6
bflTTN_Aig2_192	TTNI77_193	25.000	76	55	1	16	89	16	91	1.26e-04	29.6
bflTTN_Aig2_192	TTNI63_193	24.691	81	59	1	11	89	11	91	1.77e-04	29.3
bflTTN_Aig2_192	TTNI94_187	28.571	84	48	4	7	88	14	87	1.78e-04	29.3
bflTTN_Aig2_192	TTNA4_1121	22.881	118	60	2	4	90	3	120	1.80e-04	29.6
bflTTN_Aig2_192	TTNZ4_195	24.176	91	58	2	1	87	8	91	1.83e-04	29.3
bflTTN_Aig2_192	TTNI25_195	24.359	78	56	1	16	90	16	93	1.89e-04	29.3
bflTTN_Aig2_192	TTNI106_194	23.404	94	69	2	1	91	1	94	2.01e-04	29.3
bflTTN_Aig2_192	TTNI70_194	23.529	85	62	1	9	90	9	93	2.14e-04	28.9
bflTTN_Aig2_192	TTNI36_194	25.316	79	49	2	7	79	8	82	2.42e-04	28.9
bflTTN_Aig2_192	TTNI73_193	26.250	80	55	2	13	89	13	91	2.85e-04	28.9
bflTTN_Aig2_192	TTNM7_192	24.490	98	57	4	1	89	1	90	3.12e-04	28.5
bflTTN_Aig2_192	TTNI32_193	27.778	72	50	1	10	79	10	81	3.69e-04	28.5
bflTTN_Aig2_192	TTNI4_189	27.941	68	39	3	8	73	15	74	4.59e-04	28.1
bflTTN_Aig2_192	TTNI69_193	31.818	66	43	1	16	79	16	81	4.92e-04	28.1
bflTTN_Aig2_192	TTNA168_194	26.471	68	44	2	27	89	26	92	5.03e-04	28.1
bflTTN_Aig2_192	TTNM6_194	26.154	65	39	3	32	91	32	92	5.09e-04	28.1
bflTTN_Aig2_192	TTNZ9_193	28.049	82	54	3	11	89	10	89	5.18e-04	28.1
bflTTN_Aig2_192	TTNI59_193	29.412	85	51	2	6	88	13	90	5.46e-04	28.1
bflTTN_Aig2_192	TTNI60_194	28.205	78	53	1	16	90	16	93	6.92e-04	27.7
bflTTN_Aig2_192	TTNI12_187	31.034	58	38	1	27	82	26	83	7.28e-04	27.7
bflTTN_Aig2_192	TTNI43_193	27.660	94	55	3	1	87	2	89	7.43e-04	27.7
bflTTN_Aig2_192	TTNI47_193	28.571	63	43	1	19	79	19	81	0.001	27.3
bflTTN_Aig2_192	TTNI2_191	32.653	49	25	1	10	50	10	58	0.002	26.2
bflTTN_Aig2_192	TTNI53_193	25.000	68	49	1	16	81	16	83	0.003	26.2
bflTTN_Aig2_192	TTNZ8_195	32.308	65	42	1	27	89	28	92	0.004	25.8
bflTTN_Aig2_192	TTNI35_193	26.316	76	54	1	16	89	16	91	0.004	25.4
bflTTN_Aig2_192	TTNI37_193	25.333	75	42	2	21	87	21	89	0.006	25.0
bflTTN_Aig2_192	TTNI17_194	23.404	94	67	3	1	91	2	93	0.008	25.0
bflTTN_Aig2_192	TTNI49_193	28.571	63	43	1	19	79	19	81	0.011	24.3
bflTTN_Aig2_192	TTNI31_193	21.429	84	61	3	1	81	2	83	0.013	24.3
bflTTN_Aig2_192	TTNI28_193	24.242	66	48	1	16	79	16	81	0.014	24.3
bflTTN_Aig2_192	TTNI41_193	23.750	80	45	2	19	89	19	91	0.037	23.1
bflTTN_Aig2_192	TTNI13_190	28.814	59	34	3	35	89	34	88	0.043	22.7
bflTTN_Aig2_192	TTNI52_193	26.471	68	44	2	16	79	16	81	0.046	22.7
bflTTN_Aig2_192	TTNI46_193	24.242	66	48	1	16	79	16	81	0.054	22.3
bflTTN_Aig2_192	TTNI98_188	30.303	33	22	1	10	42	10	41	0.057	22.3
bflTTN_Aig2_192	TTNI26_191	34.783	23	15	0	68	90	68	90	0.073	21.9
bflTTN_Aig2_192	TTNI27_194	23.810	63	46	1	29	89	29	91	0.10	21.6
bflTTN_Aig2_192	TTNI5_188	24.390	82	56	2	10	89	10	87	0.15	21.2
bflTTN_Aig2_192	TTNM8_193	24.444	45	32	1	6	50	7	49	0.17	21.2
bflTTN_Aig2_192	TTNI81_190	29.167	24	17	0	29	52	30	53	0.20	20.8
bflTTN_Aig2_192	TTNI82_188	23.288	73	52	3	1	71	2	72	0.27	20.4
bflTTN_Aig2_192	TTNI8_188	35.714	14	9	0	33	46	33	46	0.31	20.4
bflTTN_Aig2_192	TTNI10_187	23.636	55	36	2	35	85	34	86	0.37	20.0
bflTTN_Aig2_192	TTNI96_188	25.641	39	28	1	10	48	10	47	0.39	20.0
bflTTN_Aig2_192	TTNI7_187	22.414	58	43	1	27	82	26	83	0.41	20.0
bflTTN_Aig2_192	TTNI97_188	30.303	33	22	1	10	42	10	41	0.55	19.6
bflTTN_Aig2_192	TTNI102_188	24.138	58	42	1	27	82	26	83	0.59	19.6
bflTTN_Aig2_192	TTNI11_187	50.000	12	6	0	35	46	34	45	0.78	19.2
bflTTN_Aig2_192	TTNI86_190	22.807	57	26	3	27	72	26	75	0.83	19.2
bflTTN_Aig2_192	TTNI85_192	28.409	88	57	4	6	90	7	91	1.0	18.9
bflTTN_Aig2_192	TTNI90_187	50.000	12	6	0	33	44	31	42	2.1	18.1
bflTTN_Aig2_192	TTNI90_187	53.846	13	6	0	29	41	42	54	2.2	18.1
bflTTN_Aig2_192	TTNI92_187	30.769	52	30	2	27	74	26	75	2.1	18.1
bflTTN_Aig2_192	TTNI104_188	41.176	17	10	0	66	82	67	83	2.2	18.1
bflTTN_Aig2_192	TTNI6_187	30.769	26	16	1	49	74	52	75	2.3	17.7
bflTTN_Aig2_192	TTNI9_187	35.714	14	9	0	33	46	32	45	2.5	17.7
bflTTN_Aig2_192	TTNI84_196	27.273	44	30	1	30	71	33	76	2.8	17.7
bflTTN_Aig2_192	TTNM1_192	27.119	59	31	3	29	80	28	81	5.7	16.9
bflTTN_Aig2_192	TTNI3_187	58.333	12	4	1	63	74	41	51	6.6	16.5
bflTTN_Aig3_194	TTNA8_195	36.559	93	58	1	1	92	2	94	1.22e-19	68.6
bflTTN_Aig3_194	TTNA109_194	38.043	92	57	0	1	92	2	93	3.70e-18	64.7
bflTTN_Aig3_194	TTNA22_194	36.957	92	58	0	1	92	2	93	3.86e-18	64.7
bflTTN_Aig3_194	TTNA39_196	44.792	96	47	3	1	92	2	95	2.58e-17	62.8
bflTTN_Aig3_194	TTNA32_196	41.489	94	53	1	1	92	2	95	4.07e-17	62.0
bflTTN_Aig3_194	TTNA43_195	38.710	93	56	1	1	92	2	94	6.06e-17	61.6
bflTTN_Aig3_194	TTNA65_194	39.130	92	56	0	1	92	2	93	7.12e-17	61.6
bflTTN_Aig3_194	TTNA15_1104	32.353	102	59	1	1	92	1	102	4.54e-16	59.7
bflTTN_Aig3_194	TTNA76_194	38.043	92	57	0	1	92	2	93	8.65e-16	58.5
bflTTN_Aig3_194	TTNA120_193	34.409	93	59	2	1	92	1	92	1.47e-15	58.2
bflTTN_Aig3_194	TTNA87_194	38.710	93	55	2	1	92	2	93	2.27e-15	57.8
bflTTN_Aig3_194	TTNA50_196	37.624	101	47	3	1	92	2	95	2.49e-15	57.4
bflTTN_Aig3_194	TTNA29_194	32.609	92	62	0	1	92	2	93	5.59e-15	56.6
bflTTN_Aig3_194	TTNA153_193	34.066	91	60	0	1	91	1	91	6.15e-15	56.6
bflTTN_Aig3_194	TTNA160_193	32.258	93	63	0	1	93	1	93	8.60e-15	56.2
bflTTN_Aig3_194	TTNI107_196	38.298	94	56	1	1	92	2	95	1.28e-14	55.8
bflTTN_Aig3_194	TTNA83_196	37.234	94	57	2	1	92	2	95	1.49e-14	55.5
bflTTN_Aig3_194	TTNA94_195	35.106	94	59	2	1	92	1	94	4.67e-14	54.3
bflTTN_Aig3_194	TTNA142_194	31.522	92	63	0	1	92	2	93	2.12e-13	52.8
bflTTN_Aig3_194	TTNA36_196	28.723	94	65	1	1	92	2	95	3.57e-13	52.0
bflTTN_Aig3_194	TTNA105_197	37.895	95	56	2	1	92	2	96	3.65e-13	52.0
bflTTN_Aig3_194	TTNA127_195	32.979	94	61	2	1	92	1	94	4.20e-13	52.0
bflTTN_Aig3_194	TTNA149_197	36.842	95	57	3	1	92	2	96	1.10e-12	50.8
bflTTN_Aig3_194	TTNA61_197	37.895	95	56	2	1	92	2	96	1.57e-12	50.4
bflTTN_Aig3_194	TTNA131_197	33.684	95	60	2	1	92	2	96	1.60e-12	50.4
bflTTN_Aig3_194	TTNA116_196	29.787	94	64	1	1	92	2	95	2.34e-12	50.1
bflTTN_Aig3_194	TTNA46_192	29.268	82	56	1	13	92	10	91	2.93e-12	49.7
bflTTN_Aig3_194	TTNA98_194	32.979	94	59	3	1	92	2	93	1.47e-11	47.8
bflTTN_Aig3_194	TTNA18_199	32.979	94	54	2	9	93	6	99	2.12e-11	47.4
bflTTN_Aig3_194	TTNA54_196	34.409	93	55	3	4	92	5	95	2.27e-11	47.4
bflTTN_Aig3_194	TTNA72_196	31.915	94	62	2	1	92	2	95	2.55e-11	47.4
bflTTN_Aig3_194	TTNA11_1103	30.000	90	54	2	1	81	2	91	2.91e-11	47.4
bflTTN_Aig3_194	TTNA79_193	34.884	86	54	1	9	92	7	92	5.03e-11	46.6
bflTTN_Aig3_194	TTNA138_196	26.882	93	66	2	1	91	2	94	1.01e-10	45.8
bflTTN_Aig3_194	TTNA4_1121	33.043	115	46	3	9	92	6	120	1.45e-10	45.8
bflTTN_Aig3_194	TTNA145_195	34.737	95	60	1	1	93	1	95	1.46e-10	45.4
bflTTN_Aig3_194	TTNA90_192	28.571	84	58	1	11	92	8	91	8.13e-10	43.1
bflTTN_Aig3_194	TTNA25_194	29.348	92	59	2	5	92	4	93	1.93e-09	42.4
bflTTN_Aig3_194	TTNA57_195	31.250	80	53	1	16	93	16	95	3.39e-09	41.6
bflTTN_Aig3_194	TTNZ3_195	28.090	89	61	3	5	91	4	91	8.49e-09	40.8
bflTTN_Aig3_194	TTNI14_192	25.926	81	58	1	13	91	11	91	9.03e-09	40.4
bflTTN_Aig3_194	TTNA134_195	29.630	81	49	2	13	91	13	87	1.22e-08	40.4
bflTTN_Aig3_194	TTNM10_195	26.437	87	60	1	9	91	7	93	2.47e-08	39.7
bflTTN_Aig3_194	TTNA123_196	31.915	94	62	1	1	92	2	95	2.82e-08	39.3
bflTTN_Aig3_194	TTNA1_193	29.474	95	62	2	1	93	2	93	4.22e-08	38.9
bflTTN_Aig3_194	TTNA101_192	29.630	81	55	1	14	92	11	91	4.76e-08	38.9
bflTTN_Aig3_194	TTNA68_195	32.143	84	55	2	1	82	1	84	5.71e-08	38.5
bflTTN_Aig3_194	TTNM7_192	30.000	80	54	1	14	91	11	90	1.18e-07	37.7
bflTTN_Aig3_194	TTNI16_194	29.412	85	54	3	11	91	8	90	2.18e-07	37.0
bflTTN_Aig3_194	TTNM9_196	28.395	81	56	1	14	92	12	92	3.00e-07	36.6
bflTTN_Aig3_194	TTNM3_193	24.419	86	62	1	9	91	6	91	4.18e-07	36.2
bflTTN_Aig3_194	TTNA156_195	25.532	94	68	2	1	92	1	94	5.34e-07	36.2
bflTTN_Aig3_194	TTNZ1_195	28.916	83	55	1	13	91	10	92	1.14e-06	35.0
bflTTN_Aig3_194	TTNZ7_195	25.581	86	56	2	12	91	9	92	1.22e-06	35.0
bflTTN_Aig3_194	TTNI1_194	28.000	75	51	2	14	85	12	86	1.51e-06	34.7
bflTTN_Aig3_194	TTNA112_192	25.610	82	59	1	13	92	10	91	1.84e-06	34.7
bflTTN_Aig3_194	TTNZ2_194	25.301	83	60	2	13	93	11	93	4.60e-06	33.5
bflTTN_Aig3_194	TTNI25_195	26.923	78	54	2	18	92	16	93	5.02e-06	33.5
bflTTN_Aig3_194	TTNA164_192	28.767	73	48	3	13	82	10	81	7.01e-06	33.1
bflTTN_Aig3_194	TTNZ6_195	28.169	71	48	1	27	94	24	94	8.57e-06	32.7
bflTTN_Aig3_194	TTNI80_194	27.778	72	49	2	23	91	21	92	1.81e-05	32.0
bflTTN_Aig3_194	TTNI64_193	29.268	82	56	1	13	92	11	92	2.20e-05	31.6
bflTTN_Aig3_194	TTNI53_193	32.099	81	53	2	13	91	11	91	2.52e-05	31.6
bflTTN_Aig3_194	TTNI48_194	31.818	88	52	3	9	91	8	92	4.78e-05	30.8
bflTTN_Aig3_194	TTNA169_1100	25.974	77	54	2	18	91	22	98	7.42e-05	30.4
bflTTN_Aig3_194	TTNI58_194	25.882	85	61	2	9	91	8	92	8.29e-05	30.0
bflTTN_Aig3_194	TTNI45_193	26.250	80	57	2	15	92	13	92	9.17e-05	30.0
bflTTN_Aig3_194	TTNI105_190	26.829	82	55	2	13	92	11	89	1.04e-04	30.0
bflTTN_Aig3_194	TTNI40_193	25.641	78	46	2	15	91	25	91	1.43e-04	29.6
bflTTN_Aig3_194	TTNI74_193	23.457	81	60	1	14	92	12	92	2.10e-04	29.3
bflTTN_Aig3_194	TTNI33_193	26.829	82	58	1	13	92	11	92	2.17e-04	29.3
bflTTN_Aig3_194	TTNI17_194	22.892	83	62	2	13	93	11	93	2.61e-04	28.9
bflTTN_Aig3_194	TTNM5_194	24.390	82	60	1	12	91	10	91	2.78e-04	28.9
bflTTN_Aig3_194	TTNI79_193	25.926	81	58	2	13	91	11	91	2.98e-04	28.9
bflTTN_Aig3_194	TTNI29_193	58.333	24	10	0	68	91	68	91	3.34e-04	28.5
bflTTN_Aig3_194	TTNI61_193	24.419	86	53	2	13	91	11	91	3.38e-04	28.5
bflTTN_Aig3_194	TTNI51_193	24.691	81	59	1	13	91	11	91	3.45e-04	28.5
bflTTN_Aig3_194	TTNI27_194	28.736	87	48	3	13	91	11	91	4.16e-04	28.5
bflTTN_Aig3_194	TTNM2_195	27.711	83	55	3	14	91	11	93	5.16e-04	28.1
bflTTN_Aig3_194	TTNI15_191	22.667	75	57	1	18	91	16	90	5.63e-04	28.1
bflTTN_Aig3_194	TTNI106_194	25.263	95	68	2	1	93	1	94	6.81e-04	27.7
bflTTN_Aig3_194	TTNI78_194	29.487	78	49	4	18	92	17	91	7.46e-04	27.7
bflTTN_Aig3_194	TTNI63_193	30.588	85	45	4	15	91	13	91	0.001	27.3
bflTTN_Aig3_194	TTNI50_194	25.882	85	60	2	11	92	9	93	0.001	27.3
bflTTN_Aig3_194	TTNI39_193	25.610	82	59	1	13	92	11	92	0.001	27.3
bflTTN_Aig3_194	TTNI75_193	29.114	79	54	2	15	91	13	91	0.001	27.3
bflTTN_Aig3_194	TTNZ4_195	24.658	73	51	2	18	86	16	88	0.001	27.3
bflTTN_Aig3_194	TTNI59_193	28.378	74	51	1	18	89	16	89	0.001	26.9
bflTTN_Aig3_194	TTNI36_194	26.582	79	56	2	15	91	14	92	0.001	26.9
bflTTN_Aig3_194	TTNI85_192	24.390	82	57	2	9	87	8	87	0.002	26.6
bflTTN_Aig3_194	TTNI30_194	23.684	76	56	2	18	91	17	92	0.003	26.2
bflTTN_Aig3_194	TTNI54_193	30.986	71	45	2	14	81	12	81	0.004	25.8
bflTTN_Aig3_194	TTNI60_194	27.500	80	51	2	18	92	16	93	0.006	25.0
bflTTN_Aig3_194	TTNI56_193	24.000	75	55	1	18	90	16	90	0.008	25.0
bflTTN_Aig3_194	TTNI37_193	27.632	76	51	3	19	91	17	91	0.009	24.6
bflTTN_Aig3_194	TTNI47_193	24.658	73	53	2	21	91	19	91	0.010	24.6
bflTTN_Aig3_194	TTNI57_193	25.000	84	55	3	13	91	11	91	0.011	24.6
bflTTN_Aig3_194	TTNA168_194	26.506	83	57	3	13	91	10	92	0.011	24.6
bflTTN_Aig3_194	TTNI69_193	30.137	73	45	3	18	87	16	85	0.011	24.3
bflTTN_Aig3_194	TTNI42_194	27.160	81	57	2	13	91	12	92	0.014	24.3
bflTTN_Aig3_194	TTNM4_193	26.829	82	56	3	15	93	13	93	0.014	24.3
bflTTN_Aig3_194	TTNI43_193	26.027	73	52	1	21	91	19	91	0.017	23.9
bflTTN_Aig3_194	TTNI49_193	23.288	73	54	1	21	91	19	91	0.022	23.5
bflTTN_Aig3_194	TTNZ9_193	22.857	70	53	1	13	81	10	79	0.022	23.5
bflTTN_Aig3_194	TTNI24_192	21.687	83	63	1	11	91	8	90	0.026	23.5
bflTTN_Aig3_194	TTNI24_192	60.000	10	4	0	85	94	18	27	9.3	16.2
bflTTN_Aig3_194	TTNI55_193	25.974	77	51	3	13	85	11	85	0.033	23.1
bflTTN_Aig3_194	TTNI72_193	24.675	77	56	2	17	91	15	91	0.038	23.1
bflTTN_Aig3_194	TTNI28_193	25.974	77	45	2	12	81	10	81	0.040	23.1
bflTTN_Aig3_194	TTNI76_193	23.684	76	56	1	18	91	16	91	0.043	22.7
bflTTN_Aig3_194	TTNI71_193	23.457	81	60	1	13	91	11	91	0.043	22.7
bflTTN_Aig3_194	TTNI73_193	22.222	81	61	2	13	91	11	91	0.045	22.7
bflTTN_Aig3_194	TTNI89_188	25.316	79	56	2	14	92	12	87	0.053	22.7
bflTTN_Aig3_194	TTNI41_193	46.154	26	12	1	67	92	67	90	0.056	22.3
bflTTN_Aig3_194	TTNI70_194	22.353	85	63	2	11	92	9	93	0.067	22.3
bflTTN_Aig3_194	TTNI62_193	36.000	25	16	0	67	91	67	91	0.087	21.9
bflTTN_Aig3_194	TTNI67_193	38.462	26	16	0	66	91	66	91	0.098	21.9
bflTTN_Aig3_194	TTNI32_193	23.457	81	60	2	13	91	11	91	0.13	21.6
bflTTN_Aig3_194	TTNI65_193	21.795	78	55	2	18	91	16	91	0.13	21.6
bflTTN_Aig3_194	TTNZ5_193	23.377	77	56	2	18	91	16	92	0.22	20.8
bflTTN_Aig3_194	TTNI66_193	19.737	76	59	1	18	91	16	91	0.22	20.8
bflTTN_Aig3_194	TTNI99_188	33.333	45	28	2	30	72	27	71	0.68	19.6
bflTTN_Aig3_194	TTNI94_187	22.917	48	36	1	33	79	31	78	0.94	18.9
bflTTN_Aig3_194	TTNI88_187	29.310	58	37	2	35	90	31	86	1.0	18.9
bflTTN_Aig3_194	TTNI35_193	53.333	15	7	0	67	81	67	81	1.2	18.9
bflTTN_Aig3_194	TTNI93_188	42.857	14	8	0	36	49	34	47	1.4	18.5
bflTTN_Aig3_194	TTNI101_193	18.750	48	38	1	36	82	34	81	1.6	18.5
bflTTN_Aig3_194	TTNI12_187	30.000	50	33	2	29	76	26	75	1.8	18.1
bflTTN_Aig3_194	TTNZ8_195	25.610	82	48	3	11	90	8	78	1.8	18.5
bflTTN_Aig3_194	TTNI5_188	20.339	59	38	3	36	91	35	87	1.9	18.1
bflTTN_Aig3_194	TTNI38_193	36.364	22	14	0	70	91	70	91	2.3	18.1
bflTTN_Aig3_194	TTNI52_193	40.000	25	13	1	67	91	67	89	4.2	17.3
bflTTN_Aig3_194	TTNI34_193	30.000	20	14	0	67	86	67	86	4.6	17.3
bflTTN_Aig3_194	TTNI81_190	28.125	32	19	1	61	92	62	89	6.4	16.5
bflTTN_Aig3_194	TTNI68_194	28.125	32	23	0	9	40	8	39	9.1	16.2
bflTTN_Aig4_193	TTNA46_192	34.444	90	59	0	1	90	1	90	1.92e-19	67.8
bflTTN_Aig4_193	TTNI107_196	38.636	88	54	0	4	91	8	95	2.23e-18	65.5
bflTTN_Aig4_193	TTNA61_197	39.362	94	52	2	2	90	2	95	2.52e-18	65.1
bflTTN_Aig4_193	TTNA57_195	36.264	91	56	1	4	92	5	95	6.10e-18	64.3
bflTTN_Aig4_193	TTNA149_197	35.789	95	56	1	1	90	1	95	9.28e-18	63.9
bflTTN_Aig4_193	TTNA50_196	38.202	89	55	0	3	91	7	95	6.91e-17	61.6
bflTTN_Aig4_193	TTNA138_196	36.170	94	56	1	1	90	1	94	8.40e-17	61.2
bflTTN_Aig4_193	TTNA68_195	37.975	79	49	0	13	91	16	94	2.04e-16	60.5
bflTTN_Aig4_193	TTNA83_196	31.915	94	60	1	1	90	1	94	3.80e-16	59.7
bflTTN_Aig4_193	TTNA101_192	32.222	90	60	1	2	90	1	90	1.24e-15	58.2
bflTTN_Aig4_193	TTNA109_194	35.106	94	55	2	1	90	1	92	1.36e-15	58.2
bflTTN_Aig4_193	TTNA142_194	43.590	78	42	1	13	90	17	92	1.52e-15	58.2
bflTTN_Aig4_193	TTNA145_195	40.964	83	49	0	10	92	13	95	1.93e-15	57.8
bflTTN_Aig4_193	TTNA153_193	39.535	86	50	1	6	91	9	92	2.61e-15	57.4
bflTTN_Aig4_193	TTNA32_196	30.851	94	61	1	1	90	1	94	4.56e-15	57.0
bflTTN_Aig4_193	TTNA94_195	30.108	93	61	1	2	90	1	93	7.02e-15	56.2
bflTTN_Aig4_193	TTNA25_194	32.609	92	60	1	1	90	1	92	1.70e-14	55.5
bflTTN_Aig4_193	TTNA90_192	33.333	78	52	0	11	88	11	88	1.77e-14	55.1
bflTTN_Aig4_193	TTNA116_196	35.802	81	50	1	10	88	14	94	1.90e-14	55.5
bflTTN_Aig4_193	TTNA65_194	35.802	81	50	1	10	90	14	92	5.43e-14	53.9
bflTTN_Aig4_193	TTNA87_194	36.782	87	53	1	4	90	8	92	5.79e-14	53.9
bflTTN_Aig4_193	TTNA36_196	30.488	82	57	0	10	91	14	95	1.60e-13	52.8
bflTTN_Aig4_193	TTNA54_196	34.568	81	53	0	10	90	14	94	1.81e-13	52.8
bflTTN_Aig4_193	TTNA112_192	33.750	80	52	1	2	80	1	80	3.23e-13	52.0
bflTTN_Aig4_193	TTNA18_199	32.000	100	59	3	1	92	1	99	3.31e-13	52.0
bflTTN_Aig4_193	TTNA105_197	32.979	94	58	2	2	90	2	95	5.68e-13	51.6
bflTTN_Aig4_193	TTNA79_193	31.868	91	61	1	1	90	1	91	6.45e-13	51.2
bflTTN_Aig4_193	TTNA131_197	36.709	79	49	1	13	90	17	95	9.13e-13	50.8
bflTTN_Aig4_193	TTNA76_194	35.106	94	55	2	1	90	1	92	3.12e-12	49.7
bflTTN_Aig4_193	TTNA39_196	36.842	95	46	3	4	90	6	94	4.32e-12	49.3
bflTTN_Aig4_193	TTNA98_194	31.183	93	58	2	2	90	2	92	5.78e-12	48.9
bflTTN_Aig4_193	TTNA15_1104	31.868	91	52	3	10	91	13	102	5.81e-12	48.9
bflTTN_Aig4_193	TTNA43_195	34.146	82	51	2	10	90	14	93	5.84e-12	48.9
bflTTN_Aig4_193	TTNA127_195	29.032	93	62	1	2	90	1	93	6.03e-12	48.9
bflTTN_Aig4_193	TTNA11_1103	31.373	102	59	3	1	91	1	102	9.33e-12	48.5
bflTTN_Aig4_193	TTNA120_193	35.802	81	50	1	10	90	13	91	3.85e-11	46.6
bflTTN_Aig4_193	TTNA29_194	31.915	94	58	2	1	90	1	92	3.93e-11	46.6
bflTTN_Aig4_193	TTNI74_193	31.250	80	55	0	11	90	12	91	6.05e-11	46.2
bflTTN_Aig4_193	TTNA72_196	32.468	77	52	0	4	80	8	84	7.89e-11	45.8
bflTTN_Aig4_193	TTNA123_196	32.051	78	53	0	13	90	17	94	9.78e-11	45.8
bflTTN_Aig4_193	TTNA8_195	31.579	95	60	2	1	91	1	94	1.21e-10	45.4
bflTTN_Aig4_193	TTNM5_194	26.437	87	64	0	4	90	5	91	3.30e-10	44.3
bflTTN_Aig4_193	TTNI58_194	27.660	94	62	3	1	90	1	92	4.22e-10	43.9
bflTTN_Aig4_193	TTNI51_193	32.099	81	55	0	10	90	11	91	1.53e-09	42.7
bflTTN_Aig4_193	TTNA1_193	30.769	78	54	0	15	92	16	93	2.16e-09	42.4
bflTTN_Aig4_193	TTNI59_193	27.027	74	54	0	15	88	16	89	2.50e-09	42.0
bflTTN_Aig4_193	TTNI78_194	29.348	92	61	2	1	90	1	90	5.28e-09	41.2
bflTTN_Aig4_193	TTNI64_193	28.395	81	58	0	10	90	11	91	6.28e-09	40.8
bflTTN_Aig4_193	TTNA22_194	27.027	74	52	1	9	82	13	84	7.28e-09	40.8
bflTTN_Aig4_193	TTNA160_193	31.461	89	57	2	5	92	8	93	7.29e-09	40.8
bflTTN_Aig4_193	TTNZ3_195	28.049	82	57	2	10	90	11	91	9.18e-09	40.4
bflTTN_Aig4_193	TTNI73_193	29.787	94	59	4	1	91	1	90	1.05e-08	40.4
bflTTN_Aig4_193	TTNA4_1121	25.424	118	59	2	2	90	2	119	1.16e-08	40.8
bflTTN_Aig4_193	TTNI75_193	32.468	77	52	0	14	90	15	91	1.37e-08	40.0
bflTTN_Aig4_193	TTNZ2_194	26.506	83	61	0	10	92	11	93	2.16e-08	39.7
bflTTN_Aig4_193	TTNZ7_195	25.000	84	61	1	9	90	9	92	2.20e-08	39.7
bflTTN_Aig4_193	TTNZ1_195	25.641	78	56	1	15	90	15	92	2.25e-08	39.7
bflTTN_Aig4_193	TTNI55_193	32.432	74	46	2	14	85	15	86	3.50e-08	38.9
bflTTN_Aig4_193	TTNI63_193	27.174	92	64	2	1	91	1	90	3.93e-08	38.9
bflTTN_Aig4_193	TTNI42_194	27.957	93	62	3	1	90	2	92	4.45e-08	38.9
bflTTN_Aig4_193	TTNI30_194	25.000	92	67	1	1	90	1	92	4.70e-08	38.9
bflTTN_Aig4_193	TTNI49_193	25.275	91	67	1	1	90	1	91	4.97e-08	38.5
bflTTN_Aig4_193	TTNM9_196	24.444	90	68	0	1	90	2	91	4.97e-08	38.9
bflTTN_Aig4_193	TTNM10_195	25.806	93	66	2	1	90	1	93	8.13e-08	38.1
bflTTN_Aig4_193	TTNM2_195	29.032	93	62	2	2	90	1	93	9.85e-08	37.7
bflTTN_Aig4_193	TTNI79_193	22.222	81	63	0	10	90	11	91	1.05e-07	37.7
bflTTN_Aig4_193	TTNA134_195	24.390	82	56	1	9	90	12	87	1.84e-07	37.4
bflTTN_Aig4_193	TTNI48_194	25.532	94	64	3	1	90	1	92	1.97e-07	37.0
bflTTN_Aig4_193	TTNI53_193	27.059	85	61	1	1	84	1	85	2.09e-07	37.0
bflTTN_Aig4_193	TTNI14_192	25.275	91	61	1	7	90	1	91	2.35e-07	37.0
bflTTN_Aig4_193	TTNA156_195	27.059	85	60	1	8	90	9	93	2.37e-07	37.0
bflTTN_Aig4_193	TTNA165_196	28.205	78	55	1	14	90	17	94	2.89e-07	36.6
bflTTN_Aig4_193	TTNZ6_195	31.959	97	52	4	2	90	1	91	4.03e-07	36.2
bflTTN_Aig4_193	TTNI35_193	23.377	77	57	1	15	91	16	90	5.83e-07	35.8
bflTTN_Aig4_193	TTNI69_193	27.160	81	58	1	1	80	1	81	8.99e-07	35.4
bflTTN_Aig4_193	TTNI99_188	35.556	45	29	0	27	71	27	71	9.69e-07	35.0
bflTTN_Aig4_193	TTNA164_192	27.778	72	52	0	10	81	10	81	1.00e-06	35.0
bflTTN_Aig4_193	TTNI72_193	24.176	91	62	1	7	90	1	91	1.48e-06	34.7
bflTTN_Aig4_193	TTNI32_193	24.675	77	58	0	14	90	15	91	1.69e-06	34.7
bflTTN_Aig4_193	TTNM1_192	32.812	64	43	0	29	92	29	92	1.91e-06	34.7
bflTTN_Aig4_193	TTNI67_193	26.374	91	66	1	1	90	1	91	1.94e-06	34.7
bflTTN_Aig4_193	TTNI61_193	25.556	90	61	3	4	91	5	90	2.11e-06	34.3
bflTTN_Aig4_193	TTNM3_193	25.287	87	64	1	5	90	5	91	3.05e-06	33.9
bflTTN_Aig4_193	TTNI16_194	23.913	92	67	2	2	90	1	92	3.30e-06	33.9
bflTTN_Aig4_193	TTNI80_194	27.473	91	59	2	1	90	8	92	3.48e-06	33.9
bflTTN_Aig4_193	TTNI15_191	30.000	60	42	0	31	90	31	90	3.69e-06	33.9
bflTTN_Aig4_193	TTNI40_193	22.826	92	68	2	1	90	1	91	5.06e-06	33.5
bflTTN_Aig4_193	TTNI36_194	23.684	76	58	0	5	80	7	82	5.14e-06	33.5
bflTTN_Aig4_193	TTNA169_1100	26.531	98	61	4	1	88	2	98	6.49e-06	33.1
bflTTN_Aig4_193	TTNI81_190	34.091	44	29	0	28	71	30	73	7.13e-06	33.1
bflTTN_Aig4_193	TTNI28_193	25.556	90	67	0	1	90	2	91	1.18e-05	32.3
bflTTN_Aig4_193	TTNI25_195	25.926	81	51	2	15	90	16	92	1.62e-05	32.0
bflTTN_Aig4_193	TTNI76_193	29.487	78	51	2	15	90	16	91	1.62e-05	32.0
bflTTN_Aig4_193	TTNI54_193	23.881	67	51	0	15	81	16	82	1.94e-05	32.0
bflTTN_Aig4_193	TTNZ4_195	26.389	72	51	1	15	84	16	87	2.19e-05	31.6
bflTTN_Aig4_193	TTNM4_193	22.892	83	57	1	8	83	2	84	2.22e-05	31.6
bflTTN_Aig4_193	TTNM7_192	23.077	65	50	0	26	90	26	90	2.69e-05	31.6
bflTTN_Aig4_193	TTNZ9_193	27.500	80	56	2	2	80	1	79	3.03e-05	31.2
bflTTN_Aig4_193	TTNI68_194	24.691	81	55	3	1	77	1	79	4.16e-05	30.8
bflTTN_Aig4_193	TTNI100_188	33.333	42	28	0	32	73	32	73	7.69e-05	30.0
bflTTN_Aig4_193	TTNI31_193	22.388	67	52	0	15	81	16	82	7.74e-05	30.4
bflTTN_Aig4_193	TTNI43_193	21.739	69	54	0	16	84	17	85	7.82e-05	30.4
bflTTN_Aig4_193	TTNI24_192	27.419	62	45	0	20	81	20	81	7.96e-05	30.0
bflTTN_Aig4_193	TTNZ5_193	27.848	79	52	3	15	91	16	91	8.07e-05	30.0
bflTTN_Aig4_193	TTNA168_194	26.506	83	59	1	10	90	10	92	8.24e-05	30.0
bflTTN_Aig4_193	TTNI5_188	25.000	76	53	1	15	90	16	87	9.88e-05	30.0
bflTTN_Aig4_193	TTNI45_193	21.918	73	57	0	18	90	19	91	1.05e-04	30.0
bflTTN_Aig4_193	TTNI106_194	27.692	65	47	0	26	90	28	92	1.43e-04	29.6
bflTTN_Aig4_193	TTNI77_193	24.138	87	65	1	4	90	6	91	2.07e-04	29.3
bflTTN_Aig4_193	TTNI71_193	22.619	84	65	0	7	90	8	91	2.55e-04	28.9
bflTTN_Aig4_193	TTNI29_193	29.577	71	50	0	20	90	21	91	2.60e-04	28.9
bflTTN_Aig4_193	TTNI33_193	27.273	77	56	0	14	90	15	91	2.83e-04	28.9
bflTTN_Aig4_193	TTNI56_193	25.000	92	64	3	1	89	1	90	3.48e-04	28.5
bflTTN_Aig4_193	TTNI34_193	25.352	71	53	0	20	90	21	91	4.27e-04	28.1
bflTTN_Aig4_193	TTNI57_193	21.429	84	66	0	7	90	8	91	4.93e-04	28.1
bflTTN_Aig4_193	TTNI44_193	28.571	63	41	2	20	80	21	81	5.30e-04	28.1
bflTTN_Aig4_193	TTNI65_193	25.397	63	43	2	20	80	21	81	5.53e-04	28.1
bflTTN_Aig4_193	TTNI88_187	34.483	58	36	1	32	89	31	86	5.63e-04	27.7
bflTTN_Aig4_193	TTNI1_194	24.138	87	64	2	5	90	7	92	5.71e-04	28.1
bflTTN_Aig4_193	TTNI66_193	23.077	78	56	2	15	90	16	91	7.60e-04	27.7
bflTTN_Aig4_193	TTNI39_193	21.127	71	56	0	20	90	21	91	0.001	27.3
bflTTN_Aig4_193	TTNI37_193	25.000	76	53	2	17	90	18	91	0.001	26.9
bflTTN_Aig4_193	TTNI3_187	36.842	38	24	0	34	71	34	71	0.001	26.9
bflTTN_Aig4_193	TTNI97_188	26.230	61	44	1	11	71	12	71	0.001	26.6
bflTTN_Aig4_193	TTNI47_193	23.529	85	58	1	7	84	1	85	0.002	26.9
bflTTN_Aig4_193	TTNI12_187	31.373	51	35	0	28	78	28	78	0.002	26.6
bflTTN_Aig4_193	TTNI62_193	23.656	93	66	4	1	90	1	91	0.002	26.6
bflTTN_Aig4_193	TTNI4_189	29.268	41	29	0	34	74	34	74	0.002	26.2
bflTTN_Aig4_193	TTNI41_193	21.333	75	59	0	16	90	17	91	0.002	26.6
bflTTN_Aig4_193	TTNI83_193	31.818	44	30	0	32	75	32	75	0.003	26.2
bflTTN_Aig4_193	TTNI86_190	26.087	46	32	1	30	73	30	75	0.003	25.8
bflTTN_Aig4_193	TTNI26_191	26.984	63	45	1	29	90	27	89	0.003	25.8
bflTTN_Aig4_193	TTNI27_194	22.388	67	52	0	24	90	25	91	0.004	25.8
bflTTN_Aig4_193	TTNI102_188	26.531	49	36	0	32	80	32	80	0.004	25.4
bflTTN_Aig4_193	TTNI52_193	24.359	78	55	2	15	90	16	91	0.006	25.0
bflTTN_Aig4_193	TTNI6_187	28.750	80	54	2	4	81	5	83	0.008	24.6
bflTTN_Aig4_193	TTNI94_187	23.636	55	41	1	17	71	18	71	0.009	24.6
bflTTN_Aig4_193	TTNI96_188	30.667	75	49	3	4	77	5	77	0.009	24.6
bflTTN_Aig4_193	TTNM8_193	26.562	64	45	1	6	69	8	69	0.014	24.3
bflTTN_Aig4_193	TTNM6_194	28.302	53	37	1	29	80	30	82	0.014	24.3
bflTTN_Aig4_193	TTNI85_192	37.931	29	18	0	58	86	59	87	0.015	23.9
bflTTN_Aig4_193	TTNI9_187	19.118	68	54	1	4	71	5	71	0.021	23.5
bflTTN_Aig4_193	TTNI82_188	25.352	71	52	1	1	71	2	71	0.021	23.5
bflTTN_Aig4_193	TTNI90_187	21.429	56	44	0	32	87	31	86	0.022	23.5
bflTTN_Aig4_193	TTNI17_194	21.277	94	73	1	1	93	1	94	0.037	23.1
bflTTN_Aig4_193	TTNI92_187	22.000	50	37	1	34	81	34	83	0.24	20.8
bflTTN_Aig4_193	TTNI104_188	21.839	87	64	4	1	85	1	85	0.50	19.6
bflTTN_Aig4_193	TTNI60_194	29.412	68	36	3	15	81	16	72	0.55	19.6
bflTTN_Aig4_193	TTNI8_188	22.500	40	31	0	32	71	33	72	0.60	19.6
bflTTN_Aig4_193	TTNI2_191	54.545	11	5	0	26	36	27	37	0.69	19.2
bflTTN_Aig4_193	TTNI93_188	45.455	11	6	0	31	41	31	41	1.3	18.5
bflTTN_Aig4_193	TTNI13_190	33.333	24	15	1	58	80	60	83	3.0	17.7
bflTTN_Aig4_193	TTNI87_188	22.222	45	35	0	33	77	33	77	3.0	17.7
bflTTN_Aig4_193	TTNZ8_195	23.636	55	42	0	26	80	28	82	4.0	17.3
bflTTN_Aig5_195	TTNA43_195	43.478	92	51	1	3	93	3	94	6.89e-25	82.0
bflTTN_Aig5_195	TTNA76_194	42.857	91	52	0	3	93	3	93	5.96e-23	77.0
bflTTN_Aig5_195	TTNA109_194	40.659	91	54	0	3	93	3	93	1.68e-21	73.2
bflTTN_Aig5_195	TTNA142_194	36.264	91	58	0	3	93	3	93	2.87e-21	72.8
bflTTN_Aig5_195	TTNA65_194	38.462	91	56	0	3	93	3	93	1.64e-20	70.9
bflTTN_Aig5_195	TTNA160_193	38.043	92	57	0	3	94	2	93	1.99e-20	70.5
bflTTN_Aig5_195	TTNA98_194	38.462	91	56	0	3	93	3	93	4.72e-20	69.7
bflTTN_Aig5_195	TTNA87_194	36.264	91	58	0	3	93	3	93	8.31e-20	68.9
bflTTN_Aig5_195	TTNA29_194	38.462	91	56	0	3	93	3	93	5.29e-19	67.0
bflTTN_Aig5_195	TTNA131_197	41.667	96	49	3	3	93	3	96	1.32e-18	65.9
bflTTN_Aig5_195	TTNA32_196	39.130	92	54	1	4	93	4	95	1.99e-18	65.5
bflTTN_Aig5_195	TTNA120_193	32.222	90	61	0	4	93	3	92	7.83e-18	63.9
bflTTN_Aig5_195	TTNA153_193	34.444	90	59	0	3	92	2	91	1.54e-17	63.2
bflTTN_Aig5_195	TTNA22_194	32.967	91	61	0	3	93	3	93	1.65e-17	63.2
bflTTN_Aig5_195	TTNA46_192	36.905	84	51	1	12	93	8	91	1.69e-17	63.2
bflTTN_Aig5_195	TTNA15_1104	36.634	101	54	3	3	93	2	102	5.68e-17	62.0
bflTTN_Aig5_195	TTNA61_197	39.560	91	52	2	6	93	6	96	8.63e-16	58.9
bflTTN_Aig5_195	TTNA116_196	33.333	90	58	1	6	93	6	95	8.94e-15	56.2
bflTTN_Aig5_195	TTNA94_195	34.783	92	58	1	4	93	3	94	2.12e-14	55.1
bflTTN_Aig5_195	TTNA54_196	34.343	99	51	2	3	93	3	95	2.17e-14	55.1
bflTTN_Aig5_195	TTNA145_195	35.789	95	53	2	5	94	4	95	2.78e-14	55.1
bflTTN_Aig5_195	TTNA36_196	30.612	98	56	2	3	93	3	95	4.53e-14	54.3
bflTTN_Aig5_195	TTNA149_197	36.842	95	55	2	1	93	5	96	1.02e-13	53.5
bflTTN_Aig5_195	TTNA105_197	35.165	91	56	1	6	93	6	96	5.16e-13	51.6
bflTTN_Aig5_195	TTNA25_194	31.111	90	60	1	6	93	4	93	6.19e-13	51.6
bflTTN_Aig5_195	TTNA8_195	32.967	91	60	1	4	93	4	94	6.33e-13	51.6
bflTTN_Aig5_195	TTNI107_196	37.113	97	51	2	3	93	3	95	8.47e-13	51.2
bflTTN_Aig5_195	TTNA57_195	37.333	75	43	2	23	94	22	95	2.17e-12	50.1
bflTTN_Aig5_195	TTNA1_193	34.118	85	54	1	12	94	9	93	6.43e-12	48.9
bflTTN_Aig5_195	TTNA83_196	30.435	92	62	1	4	93	4	95	1.34e-11	48.1
bflTTN_Aig5_195	TTNA50_196	34.737	95	54	2	4	93	4	95	1.64e-11	47.8
bflTTN_Aig5_195	TTNA127_195	32.979	94	57	2	4	93	3	94	1.68e-11	47.8
bflTTN_Aig5_195	TTNA72_196	33.333	93	60	1	3	93	3	95	3.52e-11	47.0
bflTTN_Aig5_195	TTNA101_192	35.802	81	50	1	15	93	11	91	3.64e-11	47.0
bflTTN_Aig5_195	TTNA138_196	27.711	83	58	1	12	92	12	94	5.29e-11	46.6
bflTTN_Aig5_195	TTNA39_196	30.435	92	60	1	6	93	4	95	9.97e-11	45.8
bflTTN_Aig5_195	TTNA68_195	32.530	83	52	2	3	82	2	83	2.36e-10	44.7
bflTTN_Aig5_195	TTNA79_193	32.099	81	53	1	15	93	12	92	9.83e-10	43.1
bflTTN_Aig5_195	TTNA123_196	31.183	93	62	1	3	93	3	95	1.05e-09	43.1
bflTTN_Aig5_195	TTNA112_192	32.099	81	51	2	16	93	12	91	1.29e-09	42.7
bflTTN_Aig5_195	TTNA18_199	30.526	95	57	2	9	94	5	99	2.21e-09	42.4
bflTTN_Aig5_195	TTNM10_195	24.096	83	59	1	14	92	11	93	2.70e-09	42.0
bflTTN_Aig5_195	TTNA134_195	31.959	97	58	2	3	94	2	95	2.73e-09	42.0
bflTTN_Aig5_195	TTNA156_195	30.108	93	61	2	4	93	3	94	4.33e-09	41.6
bflTTN_Aig5_195	TTNI106_194	28.866	97	58	3	4	94	3	94	1.37e-08	40.0
bflTTN_Aig5_195	TTNI64_193	30.952	84	50	2	15	93	12	92	9.64e-08	38.1
bflTTN_Aig5_195	TTNA90_192	27.160	81	57	1	15	93	11	91	1.12e-07	37.7
bflTTN_Aig5_195	TTNI14_192	27.381	84	57	2	12	92	9	91	1.22e-07	37.7
bflTTN_Aig5_195	TTNI39_193	25.610	82	59	1	14	93	11	92	2.43e-07	37.0
bflTTN_Aig5_195	TTNI61_193	31.325	83	55	1	12	92	9	91	2.84e-07	36.6
bflTTN_Aig5_195	TTNI58_194	30.380	79	51	3	17	92	15	92	3.89e-07	36.6
bflTTN_Aig5_195	TTNI33_193	26.437	87	56	2	12	93	9	92	6.15e-07	35.8
bflTTN_Aig5_195	TTNI74_193	27.160	81	57	1	15	93	12	92	6.28e-07	35.8
bflTTN_Aig5_195	TTNA11_1103	30.769	78	46	2	14	83	15	92	8.34e-07	35.8
bflTTN_Aig5_195	TTNI16_194	26.829	82	54	2	16	92	12	92	1.99e-06	34.7
bflTTN_Aig5_195	TTNI79_193	28.395	81	56	1	14	92	11	91	2.25e-06	34.3
bflTTN_Aig5_195	TTNI45_193	27.907	86	56	2	12	93	9	92	2.45e-06	34.3
bflTTN_Aig5_195	TTNZ7_195	27.059	85	58	1	12	92	8	92	4.27e-06	33.5
bflTTN_Aig5_195	TTNM5_194	25.610	82	59	1	13	92	10	91	6.07e-06	33.1
bflTTN_Aig5_195	TTNI48_194	27.848	79	55	1	16	92	14	92	9.23e-06	32.7
bflTTN_Aig5_195	TTNA164_192	29.577	71	48	2	14	82	10	80	1.04e-05	32.7
bflTTN_Aig5_195	TTNZ6_195	24.691	81	56	2	19	95	15	94	1.32e-05	32.3
bflTTN_Aig5_195	TTNA165_196	29.870	77	49	3	10	82	9	84	1.50e-05	32.3
bflTTN_Aig5_195	TTNI65_193	27.632	76	49	2	12	83	9	82	1.63e-05	32.0
bflTTN_Aig5_195	TTNZ4_195	28.788	66	41	2	30	90	27	91	1.72e-05	32.0
bflTTN_Aig5_195	TTNZ2_194	28.409	88	55	2	12	94	9	93	1.86e-05	32.0
bflTTN_Aig5_195	TTNZ3_195	28.169	71	49	1	14	82	11	81	6.77e-05	30.4
bflTTN_Aig5_195	TTNI85_192	31.395	86	51	3	10	92	8	88	6.93e-05	30.4
bflTTN_Aig5_195	TTNZ1_195	27.848	79	51	2	12	85	8	85	7.83e-05	30.4
bflTTN_Aig5_195	TTNI17_194	24.419	86	61	2	12	94	9	93	9.32e-05	30.0
bflTTN_Aig5_195	TTNI105_190	21.127	71	55	1	12	82	9	78	1.27e-04	29.6
bflTTN_Aig5_195	TTNI25_195	26.866	67	46	1	30	93	27	93	2.05e-04	29.3
bflTTN_Aig5_195	TTNI1_194	22.892	83	57	2	15	92	12	92	2.39e-04	28.9
bflTTN_Aig5_195	TTNI51_193	26.829	82	56	2	14	92	11	91	3.38e-04	28.5
bflTTN_Aig5_195	TTNI55_193	27.160	81	53	2	12	88	9	87	4.47e-04	28.1
bflTTN_Aig5_195	TTNA4_1121	23.478	115	57	3	10	93	6	120	5.03e-04	28.5
bflTTN_Aig5_195	TTNA169_1100	24.675	77	53	2	19	90	22	98	6.57e-04	27.7
bflTTN_Aig5_195	TTNI71_193	25.301	83	60	1	12	92	9	91	6.88e-04	27.7
bflTTN_Aig5_195	TTNM3_193	27.711	83	51	3	16	92	12	91	7.02e-04	27.7
bflTTN_Aig5_195	TTNM7_192	25.000	84	59	2	12	92	8	90	0.001	27.3
bflTTN_Aig5_195	TTNI60_194	27.500	80	51	2	19	93	16	93	0.001	27.3
bflTTN_Aig5_195	TTNI63_193	25.000	84	59	2	12	92	9	91	0.001	27.3
bflTTN_Aig5_195	TTNI30_194	25.316	79	51	3	19	92	17	92	0.001	26.9
bflTTN_Aig5_195	TTNI53_193	28.736	87	52	4	12	92	9	91	0.001	26.9
bflTTN_Aig5_195	TTNI54_193	27.381	84	53	2	15	93	12	92	0.001	26.9
bflTTN_Aig5_195	TTNI75_193	25.581	86	56	2	12	92	9	91	0.001	26.9
bflTTN_Aig5_195	TTNI72_193	27.273	77	54	2	18	92	15	91	0.002	26.2
bflTTN_Aig5_195	TTNA168_194	25.301	83	58	1	14	92	10	92	0.003	26.2
bflTTN_Aig5_195	TTNI50_194	24.706	85	57	2	14	93	11	93	0.003	25.8
bflTTN_Aig5_195	TTNM9_196	20.988	81	62	1	15	93	12	92	0.004	25.8
bflTTN_Aig5_195	TTNI73_193	26.250	80	55	2	16	92	13	91	0.004	25.8
bflTTN_Aig5_195	TTNI32_193	29.577	71	46	2	18	85	15	84	0.004	25.8
bflTTN_Aig5_195	TTNM2_195	21.687	83	60	1	15	92	11	93	0.007	25.0
bflTTN_Aig5_195	TTNI29_193	41.667	24	14	0	69	92	68	91	0.007	25.0
bflTTN_Aig5_195	TTNI40_193	27.273	77	46	3	16	92	25	91	0.007	25.0
bflTTN_Aig5_195	TTNZ9_193	28.378	74	50	2	12	83	8	80	0.011	24.3
bflTTN_Aig5_195	TTNI78_194	22.353	85	64	1	10	92	8	92	0.014	24.3
bflTTN_Aig5_195	TTNM4_193	24.691	81	59	1	16	94	13	93	0.019	23.9
bflTTN_Aig5_195	TTNI37_193	27.027	74	50	2	22	92	19	91	0.020	23.9
bflTTN_Aig5_195	TTNI80_194	22.581	62	45	1	24	82	21	82	0.020	23.9
bflTTN_Aig5_195	TTNI43_193	33.333	33	22	0	60	92	59	91	0.027	23.5
bflTTN_Aig5_195	TTNI36_194	21.951	82	56	3	16	92	14	92	0.029	23.5
bflTTN_Aig5_195	TTNI28_193	26.437	87	56	4	12	93	9	92	0.032	23.1
bflTTN_Aig5_195	TTNI92_187	36.364	22	14	0	59	80	57	78	0.053	22.7
bflTTN_Aig5_195	TTNI41_193	30.556	36	25	0	57	92	56	91	0.093	21.9
bflTTN_Aig5_195	TTNI59_193	25.000	76	51	2	19	90	16	89	0.12	21.6
bflTTN_Aig5_195	TTNI81_190	27.143	70	47	2	9	75	7	75	0.19	21.2
bflTTN_Aig5_195	TTNI103_188	32.609	46	27	2	38	80	34	78	0.20	20.8
bflTTN_Aig5_195	TTNI62_193	36.000	25	16	0	68	92	67	91	0.36	20.4
bflTTN_Aig5_195	TTNI69_193	24.359	78	53	2	19	92	16	91	0.49	20.0
bflTTN_Aig5_195	TTNZ5_193	30.000	40	27	1	3	42	1	39	0.64	19.6
bflTTN_Aig5_195	TTNI24_192	24.561	57	37	2	30	82	26	80	0.96	19.2
bflTTN_Aig5_195	TTNI94_187	42.857	14	8	0	60	73	58	71	1.0	18.9
bflTTN_Aig5_195	TTNI52_193	32.000	25	17	0	68	92	67	91	1.2	18.9
bflTTN_Aig5_195	TTNI88_187	42.857	21	12	0	60	80	57	77	1.3	18.5
bflTTN_Aig5_195	TTNI42_194	22.892	83	58	3	14	92	12	92	1.4	18.5
bflTTN_Aig5_195	TTNI7_187	27.083	48	33	1	32	77	28	75	1.7	18.5
bflTTN_Aig5_195	TTNI5_188	38.889	18	11	0	60	77	59	76	2.9	17.7
bflTTN_Aig5_195	TTNI56_193	23.256	86	41	4	9	94	10	70	3.3	17.7
bflTTN_Aig5_195	TTNI100_188	29.412	34	20	1	60	93	58	87	3.3	17.7
bflTTN_Aig5_195	TTNI102_188	35.294	17	11	0	63	79	46	62	3.5	17.3
bflTTN_Aig5_195	TTNI12_187	37.500	16	10	0	60	75	58	73	3.5	17.3
bflTTN_Aig5_195	TTNI68_194	24.615	65	47	1	30	92	28	92	6.2	16.9
bflTTN_Aig5_195	TTNI99_188	35.714	14	9	0	60	73	58	71	9.9	16.2
bflTTN_Aig6_193	TTNA1_193	37.634	93	56	2	1	92	2	93	2.24e-19	67.8
bflTTN_Aig6_193	TTNA32_196	40.449	89	52	1	3	91	8	95	2.04e-18	65.5
bflTTN_Aig6_193	TTNA46_192	35.165	91	58	1	1	91	2	91	1.53e-17	63.2
bflTTN_Aig6_193	TTNA36_196	39.759	83	49	1	9	91	14	95	3.84e-17	62.0
bflTTN_Aig6_193	TTNA61_197	40.909	88	50	2	5	91	10	96	5.40e-17	61.6
bflTTN_Aig6_193	TTNA101_192	38.043	92	55	2	1	91	1	91	6.91e-17	61.2
bflTTN_Aig6_193	TTNA18_199	35.354	99	56	3	1	92	2	99	7.17e-16	58.9
bflTTN_Aig6_193	TTNA94_195	37.500	88	54	1	4	91	8	94	1.44e-15	58.2
bflTTN_Aig6_193	TTNA116_196	32.584	89	59	1	3	91	8	95	1.93e-15	57.8
bflTTN_Aig6_193	TTNA83_196	34.091	88	57	1	4	91	9	95	3.91e-15	57.0
bflTTN_Aig6_193	TTNA127_195	37.895	95	54	2	1	91	1	94	5.59e-15	56.6
bflTTN_Aig6_193	TTNA39_196	36.264	91	55	2	3	91	6	95	9.52e-15	56.2
bflTTN_Aig6_193	TTNA50_196	32.584	89	59	1	3	91	8	95	1.14e-14	55.8
bflTTN_Aig6_193	TTNA22_194	35.632	87	53	2	5	91	10	93	2.16e-14	55.1
bflTTN_Aig6_193	TTNA79_193	34.483	87	56	1	5	91	7	92	5.25e-14	53.9
bflTTN_Aig6_193	TTNA165_196	28.889	90	64	0	1	90	5	94	9.44e-14	53.5
bflTTN_Aig6_193	TTNA57_195	40.000	70	41	1	23	92	27	95	1.04e-13	53.5
bflTTN_Aig6_193	TTNA72_196	29.213	89	62	1	3	91	8	95	1.10e-13	53.1
bflTTN_Aig6_193	TTNA11_1103	31.373	102	58	4	1	91	2	102	2.82e-13	52.4
bflTTN_Aig6_193	TTNA90_192	32.530	83	55	1	9	91	10	91	3.72e-13	52.0
bflTTN_Aig6_193	TTNA68_195	29.412	85	59	1	6	90	10	93	4.19e-13	52.0
bflTTN_Aig6_193	TTNA68_195	40.000	25	14	1	68	92	6	29	1.4	18.5
bflTTN_Aig6_193	TTNA156_195	34.884	86	55	1	6	91	10	94	4.62e-13	51.6
bflTTN_Aig6_193	TTNA123_196	33.333	81	53	1	11	91	16	95	6.90e-13	51.2
bflTTN_Aig6_193	TTNI107_196	34.831	89	57	1	3	91	8	95	8.47e-13	51.2
bflTTN_Aig6_193	TTNA164_192	29.670	91	62	2	1	90	1	90	1.14e-12	50.4
bflTTN_Aig6_193	TTNA149_197	34.831	89	56	2	4	91	9	96	1.18e-12	50.8
bflTTN_Aig6_193	TTNA8_195	38.554	83	49	2	9	91	14	94	1.60e-12	50.4
bflTTN_Aig6_193	TTNA153_193	30.233	86	57	1	5	90	9	91	2.36e-12	49.7
bflTTN_Aig6_193	TTNA65_194	34.483	87	54	2	5	91	10	93	1.14e-11	48.1
bflTTN_Aig6_193	TTNA105_197	31.461	89	59	2	4	91	9	96	1.55e-11	47.8
bflTTN_Aig6_193	TTNA145_195	33.333	84	55	1	9	92	13	95	1.93e-11	47.4
bflTTN_Aig6_193	TTNA138_196	28.049	82	58	1	9	90	14	94	2.22e-11	47.4
bflTTN_Aig6_193	TTNA160_193	31.461	89	58	2	4	92	8	93	2.67e-11	47.0
bflTTN_Aig6_193	TTNA131_197	33.333	90	58	2	3	91	8	96	3.52e-11	47.0
bflTTN_Aig6_193	TTNM10_195	27.273	88	61	2	5	90	7	93	3.76e-11	46.6
bflTTN_Aig6_193	TTNA142_194	31.034	87	57	2	5	91	10	93	6.38e-11	46.2
bflTTN_Aig6_193	TTNA29_194	29.885	87	58	2	5	91	10	93	6.44e-11	46.2
bflTTN_Aig6_193	TTNA112_192	30.435	92	60	3	1	91	1	89	7.19e-11	45.8
bflTTN_Aig6_193	TTNA15_1104	37.234	94	50	4	6	91	10	102	1.33e-10	45.4
bflTTN_Aig6_193	TTNA76_194	32.184	87	56	2	5	91	10	93	1.35e-10	45.4
bflTTN_Aig6_193	TTNM3_193	26.136	88	63	2	4	90	5	91	1.54e-10	45.1
bflTTN_Aig6_193	TTNA109_194	31.034	87	57	2	5	91	10	93	3.67e-10	44.3
bflTTN_Aig6_193	TTNA98_194	32.184	87	56	2	5	91	10	93	5.70e-10	43.9
bflTTN_Aig6_193	TTNA54_196	30.000	90	56	4	5	91	10	95	1.02e-09	43.1
bflTTN_Aig6_193	TTNM5_194	29.268	82	57	1	9	90	11	91	1.14e-09	42.7
bflTTN_Aig6_193	TTNA25_194	24.719	89	66	1	3	91	6	93	1.26e-09	42.7
bflTTN_Aig6_193	TTNZ2_194	28.090	89	62	2	4	92	7	93	1.56e-09	42.7
bflTTN_Aig6_193	TTNA169_1100	28.571	77	55	0	14	90	22	98	3.35e-09	42.0
bflTTN_Aig6_193	TTNM7_192	29.762	84	58	1	7	90	8	90	4.02e-09	41.6
bflTTN_Aig6_193	TTNZ9_193	32.143	84	55	2	7	90	8	89	6.42e-09	40.8
bflTTN_Aig6_193	TTNA87_194	25.843	89	63	1	3	91	8	93	7.51e-09	40.8
bflTTN_Aig6_193	TTNI79_193	30.488	82	56	1	9	90	11	91	2.31e-08	39.7
bflTTN_Aig6_193	TTNI53_193	25.275	91	61	2	3	90	5	91	2.80e-08	39.3
bflTTN_Aig6_193	TTNI43_193	25.676	74	54	1	17	90	19	91	2.95e-08	39.3
bflTTN_Aig6_193	TTNA134_195	29.412	85	59	1	8	92	12	95	4.73e-08	38.9
bflTTN_Aig6_193	TTNA120_193	28.736	87	59	2	5	91	9	92	5.08e-08	38.5
bflTTN_Aig6_193	TTNI14_192	27.273	88	61	2	5	90	5	91	8.14e-08	38.1
bflTTN_Aig6_193	TTNI27_194	26.190	84	61	1	7	90	9	91	8.70e-08	38.1
bflTTN_Aig6_193	TTNA168_194	27.473	91	62	2	4	90	2	92	1.14e-07	37.7
bflTTN_Aig6_193	TTNI73_193	26.136	88	64	1	3	90	5	91	1.25e-07	37.7
bflTTN_Aig6_193	TTNI61_193	26.667	90	61	2	3	90	5	91	1.25e-07	37.7
bflTTN_Aig6_193	TTNZ3_195	23.171	82	62	1	9	90	11	91	1.62e-07	37.4
bflTTN_Aig6_193	TTNM4_193	23.171	82	62	1	11	92	13	93	1.63e-07	37.4
bflTTN_Aig6_193	TTNI80_194	26.316	76	54	2	16	90	18	92	1.85e-07	37.4
bflTTN_Aig6_193	TTNZ8_195	31.579	57	38	1	25	81	28	83	1.98e-07	37.0
bflTTN_Aig6_193	TTNI51_193	32.143	84	52	3	9	90	11	91	2.69e-07	36.6
bflTTN_Aig6_193	TTNA43_195	27.586	87	61	1	5	91	10	94	5.14e-07	36.2
bflTTN_Aig6_193	TTNZ1_195	27.907	86	59	2	7	90	8	92	6.69e-07	35.8
bflTTN_Aig6_193	TTNI76_193	31.429	70	47	1	21	90	23	91	8.00e-07	35.4
bflTTN_Aig6_193	TTNI106_194	26.136	88	64	1	5	92	8	94	1.70e-06	34.7
bflTTN_Aig6_193	TTNI25_195	21.505	93	71	1	1	91	1	93	1.78e-06	34.7
bflTTN_Aig6_193	TTNA4_1121	24.167	120	61	4	1	91	2	120	1.87e-06	35.0
bflTTN_Aig6_193	TTNI81_190	31.667	60	40	1	27	86	30	88	2.08e-06	34.3
bflTTN_Aig6_193	TTNM9_196	26.829	82	59	1	10	91	12	92	2.41e-06	34.3
bflTTN_Aig6_193	TTNI33_193	26.374	91	62	2	3	91	5	92	3.47e-06	33.9
bflTTN_Aig6_193	TTNI30_194	28.571	77	54	1	14	90	17	92	3.83e-06	33.9
bflTTN_Aig6_193	TTNI16_194	26.190	84	59	2	9	90	10	92	3.91e-06	33.9
bflTTN_Aig6_193	TTNI63_193	22.500	80	61	1	11	90	13	91	9.20e-06	32.7
bflTTN_Aig6_193	TTNI17_194	20.430	93	72	2	1	92	2	93	9.95e-06	32.7
bflTTN_Aig6_193	TTNM2_195	26.190	84	58	2	10	90	11	93	1.38e-05	32.3
bflTTN_Aig6_193	TTNI42_194	23.810	84	59	2	9	90	12	92	1.51e-05	32.3
bflTTN_Aig6_193	TTNI58_194	26.437	87	63	1	4	90	7	92	2.60e-05	31.6
bflTTN_Aig6_193	TTNI28_193	28.395	81	45	3	7	81	9	82	2.88e-05	31.6
bflTTN_Aig6_193	TTNI48_194	26.437	87	63	1	4	90	7	92	3.01e-05	31.2
bflTTN_Aig6_193	TTNZ5_193	26.582	79	54	3	14	90	16	92	4.32e-05	30.8
bflTTN_Aig6_193	TTNZ6_195	24.390	82	58	2	14	93	15	94	4.88e-05	30.8
bflTTN_Aig6_193	TTNZ4_195	29.032	62	43	1	23	83	25	86	5.88e-05	30.4
bflTTN_Aig6_193	TTNI96_188	27.059	85	60	2	3	87	5	87	7.01e-05	30.4
bflTTN_Aig6_193	TTNI74_193	21.429	84	65	1	8	91	10	92	7.66e-05	30.4
bflTTN_Aig6_193	TTNI77_193	24.675	77	57	1	14	90	16	91	8.16e-05	30.0
bflTTN_Aig6_193	TTNI71_193	25.000	84	62	1	7	90	9	91	8.50e-05	30.0
bflTTN_Aig6_193	TTNI26_191	21.250	80	61	1	12	91	13	90	1.10e-04	29.6
bflTTN_Aig6_193	TTNI40_193	22.078	77	59	1	14	90	16	91	1.24e-04	29.6
bflTTN_Aig6_193	TTNI29_193	30.000	60	41	1	31	90	33	91	1.49e-04	29.6
bflTTN_Aig6_193	TTNI54_193	21.918	73	56	1	8	80	10	81	3.55e-04	28.5
bflTTN_Aig6_193	TTNI64_193	26.027	73	53	1	8	80	10	81	4.54e-04	28.1
bflTTN_Aig6_193	TTNI105_190	22.353	85	62	1	7	91	9	89	5.61e-04	27.7
bflTTN_Aig6_193	TTNI45_193	23.188	69	52	1	23	91	25	92	6.00e-04	27.7
bflTTN_Aig6_193	TTNI4_189	35.714	56	35	1	33	88	34	88	8.20e-04	27.3
bflTTN_Aig6_193	TTNI35_193	24.286	70	52	1	11	80	13	81	8.42e-04	27.3
bflTTN_Aig6_193	TTNI55_193	25.926	81	58	2	7	86	9	88	0.001	27.3
bflTTN_Aig6_193	TTNI69_193	22.059	68	52	1	14	81	16	82	0.002	26.2
bflTTN_Aig6_193	TTNI89_188	24.390	82	58	3	7	88	9	86	0.002	26.2
bflTTN_Aig6_193	TTNI57_193	23.171	82	62	1	9	90	11	91	0.003	26.2
bflTTN_Aig6_193	TTNI62_193	21.111	90	66	2	3	90	5	91	0.003	25.8
bflTTN_Aig6_193	TTNI24_192	25.714	70	51	1	11	80	12	80	0.003	25.8
bflTTN_Aig6_193	TTNI72_193	20.513	78	61	1	13	90	15	91	0.004	25.8
bflTTN_Aig6_193	TTNI37_193	24.324	74	55	1	17	90	19	91	0.004	25.8
bflTTN_Aig6_193	TTNI91_188	25.974	77	55	2	11	87	13	87	0.005	25.4
bflTTN_Aig6_193	TTNI41_193	29.508	61	40	2	31	91	33	90	0.006	25.0
bflTTN_Aig6_193	TTNI75_193	21.505	93	62	3	3	90	5	91	0.007	25.0
bflTTN_Aig6_193	TTNI1_194	30.233	43	29	1	4	46	7	48	0.007	25.0
bflTTN_Aig6_193	TTNI78_194	20.690	87	68	1	4	90	7	92	0.007	25.0
bflTTN_Aig6_193	TTNI102_188	29.630	54	37	1	30	83	31	83	0.007	25.0
bflTTN_Aig6_193	TTNM1_192	20.968	62	48	1	31	92	32	92	0.011	24.6
bflTTN_Aig6_193	TTNI36_194	22.892	83	53	3	4	81	7	83	0.011	24.3
bflTTN_Aig6_193	TTNZ7_195	22.619	84	62	2	9	90	10	92	0.011	24.3
bflTTN_Aig6_193	TTNI15_191	21.667	60	46	1	31	90	32	90	0.013	24.3
bflTTN_Aig6_193	TTNI59_193	20.779	77	60	1	14	90	16	91	0.024	23.5
bflTTN_Aig6_193	TTNI83_193	24.444	45	33	1	31	75	32	75	0.050	22.7
bflTTN_Aig6_193	TTNI31_193	25.000	52	38	1	31	82	33	83	0.077	21.9
bflTTN_Aig6_193	TTNI56_193	38.095	21	13	0	69	89	70	90	0.089	21.9
bflTTN_Aig6_193	TTNI49_193	19.444	72	56	2	10	81	13	82	0.090	21.9
bflTTN_Aig6_193	TTNI8_188	24.490	49	36	1	23	71	25	72	0.11	21.6
bflTTN_Aig6_193	TTNI66_193	36.364	22	14	0	69	90	70	91	0.14	21.6
bflTTN_Aig6_193	TTNI90_187	25.882	85	59	4	3	87	6	86	0.15	21.2
bflTTN_Aig6_193	TTNI44_193	26.984	63	39	2	21	80	23	81	0.15	21.2
bflTTN_Aig6_193	TTNI103_188	25.000	52	38	1	31	82	32	82	0.15	21.2
bflTTN_Aig6_193	TTNI12_187	22.414	58	44	1	25	82	26	82	0.17	21.2
bflTTN_Aig6_193	TTNI32_193	19.481	77	61	1	7	83	9	84	0.26	20.8
bflTTN_Aig6_193	TTNI47_193	22.667	75	57	1	16	90	18	91	0.27	20.4
bflTTN_Aig6_193	TTNI67_193	22.078	77	59	1	14	90	16	91	0.31	20.4
bflTTN_Aig6_193	TTNI99_188	20.930	43	33	1	9	51	11	52	0.32	20.4
bflTTN_Aig6_193	TTNI65_193	22.619	84	64	1	7	90	9	91	0.32	20.4
bflTTN_Aig6_193	TTNI85_192	22.917	96	49	4	5	88	8	90	0.37	20.0
bflTTN_Aig6_193	TTNI52_193	60.000	15	6	0	67	81	68	82	0.42	20.0
bflTTN_Aig6_193	TTNI50_194	36.000	25	16	0	9	33	11	35	1.4	18.5
bflTTN_Aig6_193	TTNI94_187	26.471	68	47	3	4	71	7	71	3.2	17.7
bflTTN_Aig6_193	TTNI5_188	21.739	46	35	1	28	73	30	74	6.1	16.5
bflTTN_Aig7_195	TTNA65_194	39.130	92	53	2	1	90	2	92	3.20e-21	72.4
bflTTN_Aig7_195	TTNA160_193	39.362	94	56	1	1	94	1	93	6.73e-20	69.3
bflTTN_Aig7_195	TTNA15_1104	28.431	102	64	1	1	93	1	102	3.73e-18	65.1
bflTTN_Aig7_195	TTNA22_194	35.484	93	59	1	1	93	2	93	5.67e-18	64.3
bflTTN_Aig7_195	TTNA57_195	35.789	95	60	1	1	94	1	95	7.55e-18	63.9
bflTTN_Aig7_195	TTNA109_194	34.409	93	60	1	1	93	2	93	1.11e-17	63.5
bflTTN_Aig7_195	TTNA43_195	33.333	93	62	0	1	93	2	94	1.53e-17	63.2
bflTTN_Aig7_195	TTNA32_196	32.979	94	62	1	1	93	2	95	2.24e-17	62.8
bflTTN_Aig7_195	TTNA142_194	33.333	93	61	1	1	93	2	93	2.83e-17	62.4
bflTTN_Aig7_195	TTNA98_194	33.333	93	61	1	1	93	2	93	4.42e-16	59.3
bflTTN_Aig7_195	TTNA153_193	34.783	92	59	1	1	92	1	91	4.51e-16	59.3
bflTTN_Aig7_195	TTNA1_193	39.759	83	49	1	13	94	11	93	8.02e-16	58.9
bflTTN_Aig7_195	TTNA105_197	35.789	95	59	1	1	93	2	96	2.12e-15	57.8
bflTTN_Aig7_195	TTNI106_194	39.326	89	53	1	7	94	6	94	2.20e-15	57.8
bflTTN_Aig7_195	TTNA8_195	34.783	92	60	0	1	92	2	93	5.31e-15	56.6
bflTTN_Aig7_195	TTNA54_196	35.789	95	58	2	1	93	2	95	6.68e-15	56.6
bflTTN_Aig7_195	TTNA87_194	32.979	94	60	2	1	93	2	93	9.21e-15	56.2
bflTTN_Aig7_195	TTNA76_194	31.915	94	61	2	1	93	2	93	9.62e-15	56.2
bflTTN_Aig7_195	TTNA116_196	31.579	95	62	2	1	93	2	95	9.65e-15	56.2
bflTTN_Aig7_195	TTNA72_196	31.915	94	63	1	1	93	2	95	3.24e-14	54.7
bflTTN_Aig7_195	TTNA149_197	31.579	95	63	2	1	93	2	96	3.74e-14	54.7
bflTTN_Aig7_195	TTNA131_197	32.632	95	62	2	1	93	2	96	5.17e-14	54.3
bflTTN_Aig7_195	TTNA120_193	29.032	93	65	1	1	93	1	92	9.13e-14	53.5
bflTTN_Aig7_195	TTNA83_196	29.787	94	65	1	1	93	2	95	1.57e-13	53.1
bflTTN_Aig7_195	TTNA68_195	30.108	93	64	1	1	92	1	93	3.28e-13	52.0
bflTTN_Aig7_195	TTNA50_196	31.915	94	63	1	1	93	2	95	5.44e-13	51.6
bflTTN_Aig7_195	TTNA127_195	30.952	84	57	1	11	93	11	94	9.23e-13	50.8
bflTTN_Aig7_195	TTNA36_196	30.120	83	57	1	1	82	2	84	1.12e-12	50.8
bflTTN_Aig7_195	TTNA165_196	33.684	95	59	3	1	92	1	94	1.64e-12	50.4
bflTTN_Aig7_195	TTNA46_192	30.952	84	57	1	11	93	8	91	3.59e-12	49.3
bflTTN_Aig7_195	TTNI107_196	28.723	94	66	1	1	93	2	95	5.71e-12	48.9
bflTTN_Aig7_195	TTNA61_197	31.579	95	63	2	1	93	2	96	6.50e-12	48.9
bflTTN_Aig7_195	TTNA94_195	26.596	94	68	1	1	93	1	94	7.89e-12	48.5
bflTTN_Aig7_195	TTNA138_196	32.927	82	52	2	13	92	14	94	7.97e-12	48.5
bflTTN_Aig7_195	TTNA11_1103	34.000	100	58	3	1	92	2	101	8.11e-12	48.9
bflTTN_Aig7_195	TTNA29_194	31.183	93	63	1	1	93	2	93	1.25e-11	48.1
bflTTN_Aig7_195	TTNA145_195	32.632	95	63	1	1	94	1	95	1.57e-11	47.8
bflTTN_Aig7_195	TTNM10_195	32.051	78	50	1	18	92	16	93	2.69e-11	47.4
bflTTN_Aig7_195	TTNA101_192	32.500	80	53	1	15	93	12	91	8.07e-11	45.8
bflTTN_Aig7_195	TTNA156_195	29.787	94	65	1	1	93	1	94	1.38e-10	45.4
bflTTN_Aig7_195	TTNA112_192	31.250	80	54	1	15	93	12	91	1.08e-09	43.1
bflTTN_Aig7_195	TTNA90_192	31.169	77	52	1	15	90	12	88	1.25e-09	42.7
bflTTN_Aig7_195	TTNA134_195	29.474	95	66	1	1	94	1	95	1.44e-09	42.7
bflTTN_Aig7_195	TTNI39_193	31.250	80	54	1	15	93	13	92	1.68e-09	42.4
bflTTN_Aig7_195	TTNI51_193	30.864	81	55	1	13	92	11	91	4.78e-09	41.2
bflTTN_Aig7_195	TTNA18_199	32.632	95	54	2	9	94	6	99	5.95e-09	41.2
bflTTN_Aig7_195	TTNA164_192	28.571	77	54	1	15	90	12	88	7.51e-09	40.8
bflTTN_Aig7_195	TTNM5_194	32.394	71	47	1	13	82	11	81	1.54e-08	40.0
bflTTN_Aig7_195	TTNZ9_193	25.333	75	56	0	18	92	15	89	2.25e-08	39.7
bflTTN_Aig7_195	TTNZ6_195	28.750	80	49	2	18	92	15	91	2.46e-08	39.7
bflTTN_Aig7_195	TTNA39_196	23.457	81	59	1	5	82	4	84	5.61e-08	38.5
bflTTN_Aig7_195	TTNA25_194	26.596	94	66	2	1	93	2	93	7.29e-08	38.1
bflTTN_Aig7_195	TTNI45_193	28.571	77	50	2	20	93	18	92	1.17e-07	37.7
bflTTN_Aig7_195	TTNI74_193	30.000	80	55	1	15	93	13	92	1.55e-07	37.4
bflTTN_Aig7_195	TTNI24_192	26.582	79	57	1	15	92	12	90	2.17e-07	37.0
bflTTN_Aig7_195	TTNA123_196	27.660	94	67	1	1	93	2	95	4.02e-07	36.6
bflTTN_Aig7_195	TTNI105_190	28.395	81	56	1	13	93	11	89	4.35e-07	36.2
bflTTN_Aig7_195	TTNI61_193	29.762	84	56	3	11	92	9	91	5.03e-07	36.2
bflTTN_Aig7_195	TTNI14_192	25.926	81	59	1	13	92	11	91	5.99e-07	35.8
bflTTN_Aig7_195	TTNM7_192	25.000	72	53	1	22	92	19	90	8.31e-07	35.4
bflTTN_Aig7_195	TTNA79_193	28.049	82	58	1	13	93	11	92	1.00e-06	35.4
bflTTN_Aig7_195	TTNA168_194	27.536	69	47	1	27	92	24	92	4.50e-06	33.5
bflTTN_Aig7_195	TTNM4_193	27.160	81	58	1	15	94	13	93	7.53e-06	33.1
bflTTN_Aig7_195	TTNI33_193	26.744	86	58	2	11	93	9	92	8.63e-06	32.7
bflTTN_Aig7_195	TTNI76_193	28.000	75	53	1	17	90	15	89	8.72e-06	32.7
bflTTN_Aig7_195	TTNI56_193	25.974	77	56	1	17	92	15	91	1.60e-05	32.0
bflTTN_Aig7_195	TTNZ1_195	25.641	78	55	1	11	85	8	85	1.63e-05	32.0
bflTTN_Aig7_195	TTNI82_188	31.746	63	40	2	31	92	28	88	1.70e-05	32.0
bflTTN_Aig7_195	TTNI25_195	24.719	89	63	2	9	93	5	93	1.92e-05	32.0
bflTTN_Aig7_195	TTNI12_187	31.250	48	32	1	29	75	26	73	2.49e-05	31.6
bflTTN_Aig7_195	TTNI71_193	25.301	83	61	1	11	92	9	91	2.51e-05	31.6
bflTTN_Aig7_195	TTNI48_194	25.000	80	59	1	14	92	13	92	2.88e-05	31.6
bflTTN_Aig7_195	TTNM2_195	28.395	81	54	2	17	93	14	94	5.80e-05	30.8
bflTTN_Aig7_195	TTNM2_195	36.364	22	14	0	72	93	2	23	9.0	16.2
bflTTN_Aig7_195	TTNI58_194	23.457	81	59	2	14	92	13	92	5.96e-05	30.8
bflTTN_Aig7_195	TTNI16_194	20.988	81	61	1	15	92	12	92	7.97e-05	30.4
bflTTN_Aig7_195	TTNI66_193	25.333	75	55	1	17	90	15	89	9.49e-05	30.0
bflTTN_Aig7_195	TTNA169_1100	28.358	67	46	1	18	82	22	88	1.82e-04	29.3
bflTTN_Aig7_195	TTNZ4_195	32.812	64	40	3	27	87	25	88	1.85e-04	29.3
bflTTN_Aig7_195	TTNI75_193	27.174	92	54	4	9	92	5	91	3.25e-04	28.5
bflTTN_Aig7_195	TTNI55_193	25.974	77	54	2	11	85	9	84	3.42e-04	28.5
bflTTN_Aig7_195	TTNI42_194	23.256	86	57	2	12	92	11	92	3.83e-04	28.5
bflTTN_Aig7_195	TTNI27_194	22.785	79	60	1	15	92	13	91	4.76e-04	28.1
bflTTN_Aig7_195	TTNZ3_195	24.444	90	64	3	5	92	4	91	4.86e-04	28.1
bflTTN_Aig7_195	TTNI54_193	30.000	50	34	1	34	82	32	81	5.16e-04	28.1
bflTTN_Aig7_195	TTNI43_193	25.373	67	49	1	27	92	25	91	8.19e-04	27.7
bflTTN_Aig7_195	TTNI34_193	25.397	63	36	1	20	82	30	81	8.44e-04	27.3
bflTTN_Aig7_195	TTNI64_193	27.143	70	48	2	15	82	13	81	8.80e-04	27.3
bflTTN_Aig7_195	TTNI4_189	35.088	57	34	2	37	92	34	88	0.001	27.3
bflTTN_Aig7_195	TTNI73_193	24.390	82	59	2	13	92	11	91	0.001	27.3
bflTTN_Aig7_195	TTNI70_194	27.941	68	47	1	17	82	15	82	0.001	26.9
bflTTN_Aig7_195	TTNI65_193	25.000	72	49	2	17	85	15	84	0.002	26.6
bflTTN_Aig7_195	TTNI44_193	31.148	61	33	2	27	82	25	81	0.002	26.6
bflTTN_Aig7_195	TTNM9_196	25.000	68	50	1	27	93	25	92	0.002	26.6
bflTTN_Aig7_195	TTNI72_193	25.758	66	48	1	18	82	16	81	0.002	26.6
bflTTN_Aig7_195	TTNI67_193	34.211	38	25	0	55	92	54	91	0.003	25.8
bflTTN_Aig7_195	TTNM3_193	25.000	84	53	2	15	92	12	91	0.004	25.8
bflTTN_Aig7_195	TTNI30_194	26.316	76	51	2	18	90	17	90	0.004	25.8
bflTTN_Aig7_195	TTNI15_191	22.222	72	56	0	14	85	12	83	0.006	25.0
bflTTN_Aig7_195	TTNI40_193	24.242	66	49	1	18	82	16	81	0.007	25.0
bflTTN_Aig7_195	TTNI77_193	19.481	77	61	1	17	92	15	91	0.009	24.6
bflTTN_Aig7_195	TTNI85_192	29.167	72	46	4	10	79	10	78	0.010	24.6
bflTTN_Aig7_195	TTNI46_193	22.059	68	52	1	17	83	15	82	0.013	24.3
bflTTN_Aig7_195	TTNI17_194	20.732	82	64	1	15	95	13	94	0.015	24.3
bflTTN_Aig7_195	TTNI102_188	29.268	41	28	1	34	73	31	71	0.015	23.9
bflTTN_Aig7_195	TTNI1_194	36.364	33	20	1	18	49	16	48	0.016	23.9
bflTTN_Aig7_195	TTNI81_190	50.000	18	9	0	58	75	58	75	0.016	23.9
bflTTN_Aig7_195	TTNI13_190	44.444	18	10	0	58	75	58	75	0.017	23.9
bflTTN_Aig7_195	TTNI50_194	22.667	75	50	2	13	82	11	82	0.020	23.9
bflTTN_Aig7_195	TTNI28_193	23.881	67	50	1	17	82	15	81	0.021	23.9
bflTTN_Aig7_195	TTNI80_194	22.973	74	43	2	27	92	25	92	0.026	23.5
bflTTN_Aig7_195	TTNA4_1121	30.556	36	25	0	15	50	12	47	0.027	23.5
bflTTN_Aig7_195	TTNI62_193	25.373	67	49	1	17	82	15	81	0.029	23.5
bflTTN_Aig7_195	TTNI103_188	23.077	52	39	1	29	79	26	77	0.032	23.1
bflTTN_Aig7_195	TTNI11_187	27.907	43	30	1	34	75	31	73	0.037	23.1
bflTTN_Aig7_195	TTNI53_193	25.373	67	49	1	27	92	25	91	0.043	22.7
bflTTN_Aig7_195	TTNI32_193	22.535	71	54	1	13	82	11	81	0.043	22.7
bflTTN_Aig7_195	TTNI7_187	26.667	45	32	1	31	74	28	72	0.10	21.6
bflTTN_Aig7_195	TTNI36_194	18.310	71	57	1	13	82	12	82	0.13	21.6
bflTTN_Aig7_195	TTNI37_193	25.373	67	49	1	27	92	25	91	0.13	21.6
bflTTN_Aig7_195	TTNI47_193	23.596	89	60	2	13	93	4	92	0.14	21.6
bflTTN_Aig7_195	TTNI35_193	44.000	25	12	1	69	91	68	92	0.15	21.2
bflTTN_Aig7_195	TTNI88_187	42.857	21	12	0	58	78	55	75	0.15	21.2
bflTTN_Aig7_195	TTNI29_193	31.148	61	39	2	34	92	32	91	0.16	21.2
bflTTN_Aig7_195	TTNI79_193	18.519	81	65	1	13	92	11	91	0.17	21.2
bflTTN_Aig7_195	TTNI92_187	21.053	38	30	0	42	79	40	77	0.20	20.8
bflTTN_Aig7_195	TTNI5_188	30.233	43	29	1	34	75	32	74	0.23	20.8
bflTTN_Aig7_195	TTNI57_193	37.037	27	15	1	67	91	66	92	0.24	20.8
bflTTN_Aig7_195	TTNI104_188	25.532	47	34	1	30	75	27	73	0.33	20.4
bflTTN_Aig7_195	TTNI78_194	35.897	39	20	2	51	84	46	84	0.38	20.0
bflTTN_Aig7_195	TTNI96_188	28.571	42	29	1	35	75	32	73	0.41	20.0
bflTTN_Aig7_195	TTNI10_187	29.545	44	29	2	33	75	31	73	0.67	19.6
bflTTN_Aig7_195	TTNI91_188	22.581	93	51	5	14	91	1	87	0.79	19.2
bflTTN_Aig7_195	TTNZ5_193	21.111	90	68	3	5	92	4	92	0.79	19.2
bflTTN_Aig7_195	TTNI3_187	26.415	53	32	2	24	75	27	73	0.96	18.9
bflTTN_Aig7_195	TTNZ8_195	25.455	55	40	1	29	82	28	82	0.99	18.9
bflTTN_Aig7_195	TTNI99_188	34.483	29	19	0	60	88	58	86	1.1	18.9
bflTTN_Aig7_195	TTNI52_193	20.896	67	52	1	17	82	15	81	1.4	18.5
bflTTN_Aig7_195	TTNI9_187	41.176	17	10	0	58	74	56	72	1.5	18.5
bflTTN_Aig7_195	TTNI6_187	24.390	41	30	1	37	76	34	74	1.8	18.1
bflTTN_Aig7_195	TTNM8_193	25.000	60	42	2	13	71	12	69	2.5	17.7
bflTTN_Aig7_195	TTNI97_188	27.586	29	21	0	60	88	58	86	3.4	17.3
bflTTN_Aig7_195	TTNI63_193	19.481	77	59	2	18	92	16	91	4.3	17.3
bflTTN_Aig7_195	TTNM1_192	46.154	13	7	0	2	14	78	90	7.8	16.5
bflTTN_Aig7_195	TTNI94_187	33.333	18	12	0	60	77	58	75	9.1	16.2
bflTTN_Aig7_195	TTNI84_196	66.667	9	3	0	69	77	71	79	9.6	16.2
bflTTN_Aig8_196	TTNA36_196	41.489	94	55	0	1	94	2	95	7.60e-23	76.6
bflTTN_Aig8_196	TTNA39_196	43.478	92	50	1	5	94	4	95	5.37e-20	69.7
bflTTN_Aig8_196	TTNI107_196	31.915	94	64	0	1	94	2	95	1.57e-17	63.2
bflTTN_Aig8_196	TTNA32_196	34.043	94	62	0	1	94	2	95	1.12e-16	61.2
bflTTN_Aig8_196	TTNA149_197	34.737	95	61	1	1	94	2	96	3.83e-16	59.7
bflTTN_Aig8_196	TTNA65_194	38.298	94	56	1	1	94	2	93	6.27e-16	59.3
bflTTN_Aig8_196	TTNA25_194	31.915	94	62	1	1	94	2	93	1.09e-15	58.5
bflTTN_Aig8_196	TTNA98_194	32.979	94	61	1	1	94	2	93	1.59e-15	58.2
bflTTN_Aig8_196	TTNA1_193	39.130	92	55	1	4	95	3	93	2.43e-15	57.8
bflTTN_Aig8_196	TTNA109_194	31.915	94	62	1	1	94	2	93	5.85e-15	56.6
bflTTN_Aig8_196	TTNA87_194	34.043	94	60	1	1	94	2	93	6.38e-15	56.6
bflTTN_Aig8_196	TTNA160_193	33.684	95	61	1	1	95	1	93	1.06e-14	55.8
bflTTN_Aig8_196	TTNA50_196	31.915	94	64	0	1	94	2	95	1.24e-14	55.8
bflTTN_Aig8_196	TTNA22_194	32.979	94	61	1	1	94	2	93	1.57e-14	55.5
bflTTN_Aig8_196	TTNA57_195	37.500	80	50	0	16	95	16	95	4.07e-14	54.7
bflTTN_Aig8_196	TTNA76_194	34.043	94	60	1	1	94	2	93	6.68e-14	53.9
bflTTN_Aig8_196	TTNA145_195	37.349	83	52	0	13	95	13	95	1.38e-13	53.1
bflTTN_Aig8_196	TTNA94_195	34.043	94	62	0	1	94	1	94	1.52e-13	53.1
bflTTN_Aig8_196	TTNA83_196	30.851	94	65	0	1	94	2	95	3.24e-13	52.4
bflTTN_Aig8_196	TTNA131_197	31.579	95	64	1	1	94	2	96	3.32e-13	52.4
bflTTN_Aig8_196	TTNA29_194	34.043	94	60	1	1	94	2	93	3.42e-13	52.0
bflTTN_Aig8_196	TTNA105_197	33.684	95	62	1	1	94	2	96	3.90e-13	52.0
bflTTN_Aig8_196	TTNA116_196	33.684	95	61	2	1	94	2	95	6.98e-13	51.2
bflTTN_Aig8_196	TTNA8_195	30.851	94	64	1	1	94	2	94	7.77e-13	51.2
bflTTN_Aig8_196	TTNA15_1104	33.645	107	53	4	1	94	1	102	9.44e-13	51.2
bflTTN_Aig8_196	TTNA18_199	36.000	100	53	3	4	95	3	99	2.63e-12	50.1
bflTTN_Aig8_196	TTNI73_193	30.120	83	58	0	11	93	9	91	3.12e-12	49.7
bflTTN_Aig8_196	TTNA43_195	33.684	95	60	3	1	94	2	94	3.48e-12	49.7
bflTTN_Aig8_196	TTNI51_193	32.099	81	55	0	13	93	11	91	3.55e-12	49.3
bflTTN_Aig8_196	TTNA142_194	30.851	94	63	1	1	94	2	93	1.24e-11	48.1
bflTTN_Aig8_196	TTNA54_196	32.632	95	62	2	1	94	2	95	1.25e-11	48.1
bflTTN_Aig8_196	TTNI64_193	28.736	87	61	1	8	94	7	92	1.40e-11	48.1
bflTTN_Aig8_196	TTNM10_195	25.532	94	54	2	9	93	7	93	2.34e-11	47.4
bflTTN_Aig8_196	TTNA90_192	30.120	83	58	0	12	94	9	91	3.56e-11	47.0
bflTTN_Aig8_196	TTNA11_1103	31.000	100	60	3	4	94	3	102	4.56e-11	47.0
bflTTN_Aig8_196	TTNA153_193	27.957	93	65	1	1	93	1	91	6.71e-11	46.2
bflTTN_Aig8_196	TTNZ3_195	29.268	82	58	0	12	93	10	91	9.35e-11	45.8
bflTTN_Aig8_196	TTNM7_192	31.325	83	57	0	11	93	8	90	1.29e-10	45.4
bflTTN_Aig8_196	TTNA72_196	24.468	94	71	0	1	94	2	95	1.56e-10	45.4
bflTTN_Aig8_196	TTNA134_195	27.368	95	69	0	1	95	1	95	2.56e-10	44.7
bflTTN_Aig8_196	TTNI17_194	30.769	91	62	1	5	95	4	93	2.65e-10	44.7
bflTTN_Aig8_196	TTNI71_193	28.916	83	59	0	11	93	9	91	3.62e-10	44.3
bflTTN_Aig8_196	TTNA112_192	32.530	83	54	1	12	94	11	91	4.54e-10	43.9
bflTTN_Aig8_196	TTNA79_193	30.233	86	60	0	9	94	7	92	4.99e-10	43.9
bflTTN_Aig8_196	TTNA120_193	28.723	94	65	1	1	94	1	92	5.86e-10	43.9
bflTTN_Aig8_196	TTNI67_193	28.889	90	56	1	4	93	10	91	6.19e-10	43.5
bflTTN_Aig8_196	TTNI80_194	30.952	84	57	1	11	93	9	92	8.25e-10	43.5
bflTTN_Aig8_196	TTNI58_194	27.907	86	62	0	8	93	7	92	8.43e-10	43.5
bflTTN_Aig8_196	TTNA46_192	26.136	88	65	0	7	94	4	91	9.41e-10	43.1
bflTTN_Aig8_196	TTNM5_194	25.610	82	61	0	12	93	10	91	1.12e-09	43.1
bflTTN_Aig8_196	TTNA101_192	28.090	89	63	1	7	94	3	91	1.56e-09	42.7
bflTTN_Aig8_196	TTNA127_195	25.532	94	70	0	1	94	1	94	1.65e-09	42.7
bflTTN_Aig8_196	TTNA61_197	30.526	95	65	1	1	94	2	96	1.66e-09	42.7
bflTTN_Aig8_196	TTNI61_193	26.506	83	61	0	11	93	9	91	1.84e-09	42.4
bflTTN_Aig8_196	TTNZ1_195	28.235	85	59	1	11	93	8	92	3.27e-09	42.0
bflTTN_Aig8_196	TTNI77_193	24.719	89	66	1	5	93	4	91	3.73e-09	41.6
bflTTN_Aig8_196	TTNI40_193	25.974	77	57	0	17	93	15	91	3.81e-09	41.6
bflTTN_Aig8_196	TTNI59_193	24.675	77	58	0	17	93	15	91	5.03e-09	41.2
bflTTN_Aig8_196	TTNI33_193	28.049	82	59	0	13	94	11	92	5.97e-09	41.2
bflTTN_Aig8_196	TTNI74_193	27.586	87	62	1	8	94	7	92	6.30e-09	41.2
bflTTN_Aig8_196	TTNI53_193	27.711	83	60	0	11	93	9	91	7.16e-09	40.8
bflTTN_Aig8_196	TTNI32_193	27.273	77	56	0	11	87	9	85	7.16e-09	40.8
bflTTN_Aig8_196	TTNI15_191	29.412	85	58	2	9	93	8	90	7.75e-09	40.8
bflTTN_Aig8_196	TTNI54_193	28.571	77	54	1	8	84	7	82	1.14e-08	40.4
bflTTN_Aig8_196	TTNI30_194	27.027	74	54	0	18	91	17	90	1.24e-08	40.4
bflTTN_Aig8_196	TTNI35_193	27.848	79	57	0	15	93	13	91	1.56e-08	40.0
bflTTN_Aig8_196	TTNI36_194	24.691	81	61	0	8	88	7	87	1.88e-08	40.0
bflTTN_Aig8_196	TTNI79_193	24.691	81	61	0	13	93	11	91	2.15e-08	39.7
bflTTN_Aig8_196	TTNI63_193	24.096	83	63	0	11	93	9	91	2.57e-08	39.7
bflTTN_Aig8_196	TTNI45_193	25.301	83	62	0	12	94	10	92	2.68e-08	39.3
bflTTN_Aig8_196	TTNI66_193	30.986	71	49	0	18	88	16	86	2.77e-08	39.3
bflTTN_Aig8_196	TTNI42_194	27.160	81	59	0	13	93	12	92	2.79e-08	39.3
bflTTN_Aig8_196	TTNI39_193	25.301	83	62	0	12	94	10	92	3.25e-08	39.3
bflTTN_Aig8_196	TTNI43_193	26.761	71	52	0	21	91	19	89	3.98e-08	38.9
bflTTN_Aig8_196	TTNI16_194	21.176	85	65	1	11	93	8	92	4.65e-08	38.9
bflTTN_Aig8_196	TTNA68_195	28.395	81	58	0	13	93	13	93	4.89e-08	38.9
bflTTN_Aig8_196	TTNA123_196	25.532	94	70	0	1	94	2	95	6.08e-08	38.5
bflTTN_Aig8_196	TTNI106_194	31.343	67	46	0	29	95	28	94	8.51e-08	38.1
bflTTN_Aig8_196	TTNI48_194	29.114	79	56	0	15	93	14	92	8.88e-08	38.1
bflTTN_Aig8_196	TTNI47_193	22.857	70	54	0	19	88	17	86	9.40e-08	38.1
bflTTN_Aig8_196	TTNI57_193	21.951	82	64	0	12	93	10	91	9.60e-08	38.1
bflTTN_Aig8_196	TTNA156_195	24.468	94	71	0	1	94	1	94	9.84e-08	38.1
bflTTN_Aig8_196	TTNA164_192	27.273	77	56	0	12	88	9	85	1.18e-07	37.7
bflTTN_Aig8_196	TTNI68_194	28.767	73	52	0	8	80	7	79	1.26e-07	37.7
bflTTN_Aig8_196	TTNM9_196	31.250	80	55	0	15	94	13	92	1.42e-07	37.7
bflTTN_Aig8_196	TTNA138_196	25.806	93	69	0	1	93	2	94	1.81e-07	37.4
bflTTN_Aig8_196	TTNI105_190	26.562	64	44	1	31	94	29	89	1.85e-07	37.4
bflTTN_Aig8_196	TTNI76_193	32.394	71	48	0	18	88	16	86	2.74e-07	37.0
bflTTN_Aig8_196	TTNZ7_195	23.810	84	62	1	12	93	9	92	2.75e-07	37.0
bflTTN_Aig8_196	TTNZ4_195	28.571	77	53	1	17	91	15	91	4.66e-07	36.2
bflTTN_Aig8_196	TTNZ6_195	26.582	79	55	2	17	93	14	91	4.96e-07	36.2
bflTTN_Aig8_196	TTNI49_193	23.810	63	48	0	21	83	19	81	5.12e-07	36.2
bflTTN_Aig8_196	TTNI29_193	35.593	59	38	0	35	93	33	91	5.22e-07	36.2
bflTTN_Aig8_196	TTNM3_193	25.287	87	64	1	8	93	5	91	5.87e-07	35.8
bflTTN_Aig8_196	TTNI14_192	23.457	81	62	0	13	93	11	91	7.84e-07	35.4
bflTTN_Aig8_196	TTNI31_193	23.881	67	51	0	18	84	16	82	7.97e-07	35.4
bflTTN_Aig8_196	TTNM6_194	29.688	64	42	2	34	96	32	93	8.45e-07	35.4
bflTTN_Aig8_196	TTNI37_193	24.638	69	52	0	25	93	23	91	1.18e-06	35.0
bflTTN_Aig8_196	TTNZ2_194	24.731	93	69	1	4	96	3	94	1.20e-06	35.0
bflTTN_Aig8_196	TTNM4_193	24.638	69	52	0	27	95	25	93	1.99e-06	34.7
bflTTN_Aig8_196	TTNI56_193	28.169	71	51	0	18	88	16	86	1.99e-06	34.7
bflTTN_Aig8_196	TTNI28_193	30.556	72	50	0	12	83	10	81	3.10e-06	33.9
bflTTN_Aig8_196	TTNA169_1100	24.675	77	57	1	18	93	22	98	3.52e-06	33.9
bflTTN_Aig8_196	TTNI12_187	31.250	48	33	0	29	76	26	73	4.15e-06	33.5
bflTTN_Aig8_196	TTNA4_1121	26.957	115	55	3	9	94	6	120	4.82e-06	33.9
bflTTN_Aig8_196	TTNI46_193	25.352	71	53	0	18	88	16	86	6.26e-06	33.1
bflTTN_Aig8_196	TTNI78_194	25.000	76	57	0	8	83	7	82	6.77e-06	33.1
bflTTN_Aig8_196	TTNI72_193	22.368	76	59	0	18	93	16	91	7.25e-06	33.1
bflTTN_Aig8_196	TTNI99_188	30.159	63	43	1	12	74	10	71	9.69e-06	32.7
bflTTN_Aig8_196	TTNI38_193	27.632	76	55	0	18	93	16	91	9.72e-06	32.7
bflTTN_Aig8_196	TTNI69_193	19.718	71	57	0	13	83	11	81	1.34e-05	32.3
bflTTN_Aig8_196	TTNI44_193	21.918	73	57	0	11	83	9	81	1.37e-05	32.3
bflTTN_Aig8_196	TTNZ9_193	21.687	83	64	1	11	93	8	89	1.40e-05	32.3
bflTTN_Aig8_196	TTNA165_196	23.377	77	58	1	18	93	18	94	2.00e-05	32.0
bflTTN_Aig8_196	TTNI81_190	28.261	46	33	0	31	76	30	75	2.24e-05	31.6
bflTTN_Aig8_196	TTNI24_192	23.333	90	61	1	4	93	9	90	2.84e-05	31.6
bflTTN_Aig8_196	TTNI34_193	26.087	69	51	0	20	88	18	86	2.88e-05	31.6
bflTTN_Aig8_196	TTNI70_194	25.000	88	64	2	8	94	7	93	3.38e-05	31.2
bflTTN_Aig8_196	TTNI50_194	23.529	85	64	1	11	94	9	93	4.07e-05	31.2
bflTTN_Aig8_196	TTNI82_188	25.373	67	49	1	8	74	6	71	4.80e-05	30.8
bflTTN_Aig8_196	TTNI65_193	22.535	71	55	0	18	88	16	86	6.41e-05	30.4
bflTTN_Aig8_196	TTNI41_193	24.051	79	60	0	15	93	13	91	8.14e-05	30.4
bflTTN_Aig8_196	TTNI62_193	23.944	71	54	0	18	88	16	86	1.24e-04	29.6
bflTTN_Aig8_196	TTNI27_194	19.277	83	67	0	11	93	9	91	4.39e-04	28.5
bflTTN_Aig8_196	TTNI85_192	25.926	81	57	2	9	88	8	86	4.80e-04	28.1
bflTTN_Aig8_196	TTNI75_193	21.687	83	65	0	11	93	9	91	8.28e-04	27.7
bflTTN_Aig8_196	TTNZ5_193	24.658	73	54	1	12	83	10	82	8.80e-04	27.3
bflTTN_Aig8_196	TTNM1_192	29.032	62	44	0	34	95	31	92	0.002	26.6
bflTTN_Aig8_196	TTNI55_193	21.429	70	55	0	18	87	16	85	0.003	25.8
bflTTN_Aig8_196	TTNI5_188	25.301	83	56	3	12	93	10	87	0.004	25.8
bflTTN_Aig8_196	TTNI52_193	18.182	66	54	0	18	83	16	81	0.004	25.8
bflTTN_Aig8_196	TTNI94_187	28.889	45	32	0	30	74	27	71	0.004	25.4
bflTTN_Aig8_196	TTNI6_187	22.727	44	34	0	33	76	30	73	0.005	25.4
bflTTN_Aig8_196	TTNI90_187	23.529	68	49	1	7	74	6	70	0.006	25.0
bflTTN_Aig8_196	TTNI100_188	25.373	67	49	1	12	78	10	75	0.010	24.6
bflTTN_Aig8_196	TTNI25_195	22.619	84	62	2	13	94	11	93	0.015	24.3
bflTTN_Aig8_196	TTNZ8_195	26.154	65	48	0	29	93	28	92	0.019	23.9
bflTTN_Aig8_196	TTNI89_188	26.415	53	38	1	11	63	9	60	0.026	23.5
bflTTN_Aig8_196	TTNI102_188	21.333	75	55	2	6	77	1	74	0.029	23.1
bflTTN_Aig8_196	TTNI84_196	22.414	58	45	0	36	93	37	94	0.031	23.5
bflTTN_Aig8_196	TTNI104_188	19.231	52	42	0	33	84	30	81	0.031	23.1
bflTTN_Aig8_196	TTNM8_193	25.000	64	46	1	9	72	8	69	0.042	22.7
bflTTN_Aig8_196	TTNI83_193	24.242	66	49	1	11	76	9	73	0.046	22.7
bflTTN_Aig8_196	TTNM2_195	25.000	80	45	3	1	80	1	65	0.078	22.3
bflTTN_Aig8_196	TTNM2_195	19.780	91	56	2	6	93	17	93	0.36	20.4
bflTTN_Aig8_196	TTNI13_190	26.562	64	41	2	32	93	29	88	0.10	21.9
bflTTN_Aig8_196	TTNI96_188	21.622	74	57	1	7	80	5	77	0.30	20.4
bflTTN_Aig8_196	TTNI103_188	20.000	50	40	0	35	84	32	81	0.36	20.4
bflTTN_Aig8_196	TTNI88_187	24.074	54	38	1	35	88	31	81	0.37	20.4
bflTTN_Aig8_196	TTNA168_194	18.947	95	72	2	1	93	1	92	0.62	19.6
bflTTN_Aig8_196	TTNI26_191	23.810	63	45	2	34	94	29	90	0.97	19.2
bflTTN_Aig9_194	TTNA109_194	40.860	93	55	0	1	93	1	93	4.96e-20	69.3
bflTTN_Aig9_194	TTNA76_194	34.409	93	61	0	1	93	1	93	2.31e-19	67.8
bflTTN_Aig9_194	TTNA65_194	38.889	90	55	0	4	93	4	93	1.08e-18	66.2
bflTTN_Aig9_194	TTNA153_193	37.500	88	55	0	4	91	3	90	4.89e-18	64.3
bflTTN_Aig9_194	TTNA54_196	38.889	90	53	1	6	93	6	95	6.41e-18	64.3
bflTTN_Aig9_194	TTNA142_194	34.444	90	59	0	4	93	4	93	9.74e-18	63.5
bflTTN_Aig9_194	TTNA87_194	34.444	90	59	0	4	93	4	93	1.55e-17	63.2
bflTTN_Aig9_194	TTNA160_193	34.831	89	58	0	5	93	4	92	1.79e-17	62.8
bflTTN_Aig9_194	TTNA94_195	31.522	92	61	1	4	93	3	94	2.07e-17	62.8
bflTTN_Aig9_194	TTNA98_194	35.556	90	58	0	4	93	4	93	5.37e-17	61.6
bflTTN_Aig9_194	TTNA32_196	36.957	92	56	1	1	90	1	92	6.28e-17	61.6
bflTTN_Aig9_194	TTNA105_197	31.522	92	60	1	5	93	5	96	7.02e-17	61.6
bflTTN_Aig9_194	TTNA116_196	33.333	90	58	1	6	93	6	95	2.94e-16	60.1
bflTTN_Aig9_194	TTNA83_196	29.032	93	64	1	1	91	1	93	5.00e-16	59.3
bflTTN_Aig9_194	TTNA22_194	34.146	82	54	0	4	85	4	85	1.29e-15	58.2
bflTTN_Aig9_194	TTNA57_195	32.530	83	52	2	14	93	13	94	1.98e-15	57.8
bflTTN_Aig9_194	TTNA8_195	35.484	93	57	2	1	90	1	93	2.20e-15	57.8
bflTTN_Aig9_194	TTNA72_196	32.099	81	53	1	4	82	4	84	8.19e-15	56.2
bflTTN_Aig9_194	TTNA101_192	40.845	71	40	1	14	82	10	80	9.37e-15	55.8
bflTTN_Aig9_194	TTNA43_195	32.990	97	58	2	1	93	1	94	9.83e-15	55.8
bflTTN_Aig9_194	TTNA127_195	30.769	91	61	1	3	91	2	92	1.84e-14	55.5
bflTTN_Aig9_194	TTNA90_192	35.443	79	49	1	14	90	10	88	1.98e-14	55.1
bflTTN_Aig9_194	TTNA149_197	34.375	96	60	2	1	93	1	96	5.39e-14	54.3
bflTTN_Aig9_194	TTNA138_196	26.882	93	66	1	1	91	1	93	9.35e-14	53.5
bflTTN_Aig9_194	TTNA36_196	34.118	85	52	2	1	82	1	84	1.97e-13	52.8
bflTTN_Aig9_194	TTNI107_196	33.333	87	56	1	6	90	6	92	2.29e-13	52.4
bflTTN_Aig9_194	TTNA29_194	32.222	90	61	0	1	90	1	90	4.88e-13	51.6
bflTTN_Aig9_194	TTNA131_197	30.108	93	62	2	4	93	4	96	7.86e-13	51.2
bflTTN_Aig9_194	TTNI67_193	33.684	95	52	3	1	90	1	89	3.71e-12	49.3
bflTTN_Aig9_194	TTNA120_193	27.273	77	56	0	3	79	2	78	4.61e-12	49.3
bflTTN_Aig9_194	TTNM10_195	35.000	80	48	1	16	91	13	92	4.97e-12	48.9
bflTTN_Aig9_194	TTNA61_197	36.364	88	53	2	6	90	6	93	6.93e-12	48.9
bflTTN_Aig9_194	TTNA68_195	32.927	82	53	1	4	83	3	84	7.16e-12	48.5
bflTTN_Aig9_194	TTNA46_192	31.707	82	52	2	12	90	8	88	1.77e-11	47.8
bflTTN_Aig9_194	TTNA25_194	28.421	95	64	2	1	93	1	93	2.78e-11	47.0
bflTTN_Aig9_194	TTNA15_1104	28.866	97	57	2	6	90	5	101	1.03e-10	45.8
bflTTN_Aig9_194	TTNM5_194	32.857	70	45	1	19	86	16	85	1.14e-10	45.4
bflTTN_Aig9_194	TTNA165_196	37.647	85	48	3	10	90	9	92	1.25e-10	45.4
bflTTN_Aig9_194	TTNI79_193	28.378	74	51	1	19	90	16	89	2.17e-10	44.7
bflTTN_Aig9_194	TTNA112_192	33.803	71	45	1	14	82	10	80	3.10e-10	44.3
bflTTN_Aig9_194	TTNA79_193	30.556	72	48	1	14	83	11	82	3.75e-10	44.3
bflTTN_Aig9_194	TTNI36_194	32.584	89	46	4	8	86	2	86	4.50e-10	43.9
bflTTN_Aig9_194	TTNA145_195	35.227	88	55	2	5	90	4	91	6.60e-10	43.5
bflTTN_Aig9_194	TTNA50_196	25.000	96	68	2	1	93	1	95	1.23e-09	42.7
bflTTN_Aig9_194	TTNI37_193	30.588	85	52	3	10	90	8	89	2.08e-09	42.4
bflTTN_Aig9_194	TTNA39_196	25.926	81	56	1	6	82	4	84	2.09e-09	42.4
bflTTN_Aig9_194	TTNI48_194	24.359	78	57	1	15	90	13	90	2.39e-09	42.0
bflTTN_Aig9_194	TTNI74_193	34.177	79	50	1	14	90	11	89	2.66e-09	42.0
bflTTN_Aig9_194	TTNI45_193	30.000	70	43	2	28	93	25	92	2.75e-09	42.0
bflTTN_Aig9_194	TTNA123_196	31.169	77	51	1	16	90	16	92	2.95e-09	42.0
bflTTN_Aig9_194	TTNI16_194	27.848	79	39	3	19	86	15	86	3.09e-09	42.0
bflTTN_Aig9_194	TTNI25_195	28.125	64	43	1	30	90	27	90	5.04e-09	41.2
bflTTN_Aig9_194	TTNI14_192	33.333	69	44	1	16	82	13	81	5.07e-09	41.2
bflTTN_Aig9_194	TTNA1_193	27.778	90	62	2	6	93	4	92	6.75e-09	40.8
bflTTN_Aig9_194	TTNZ1_195	27.500	80	54	1	15	90	11	90	8.86e-09	40.8
bflTTN_Aig9_194	TTNI72_193	28.947	76	46	3	18	88	15	87	1.01e-08	40.4
bflTTN_Aig9_194	TTNI58_194	25.974	77	49	2	15	86	13	86	1.29e-08	40.0
bflTTN_Aig9_194	TTNI59_193	28.000	75	52	1	19	91	16	90	1.92e-08	39.7
bflTTN_Aig9_194	TTNI42_194	25.000	84	55	2	13	91	11	91	5.21e-08	38.5
bflTTN_Aig9_194	TTNI105_190	29.114	79	55	1	15	93	12	89	6.25e-08	38.5
bflTTN_Aig9_194	TTNI24_192	27.500	80	52	2	16	91	12	89	1.05e-07	37.7
bflTTN_Aig9_194	TTNI77_193	28.378	74	51	1	19	90	16	89	1.15e-07	37.7
bflTTN_Aig9_194	TTNA134_195	31.169	77	47	2	16	90	15	87	1.52e-07	37.4
bflTTN_Aig9_194	TTNI57_193	29.333	75	51	1	18	90	15	89	2.19e-07	37.0
bflTTN_Aig9_194	TTNZ3_195	25.758	66	47	1	19	82	16	81	2.36e-07	37.0
bflTTN_Aig9_194	TTNI80_194	29.851	67	44	1	28	91	25	91	2.37e-07	37.0
bflTTN_Aig9_194	TTNI35_193	31.579	57	37	1	36	90	33	89	2.54e-07	37.0
bflTTN_Aig9_194	TTNI34_193	29.412	68	40	2	23	85	20	84	3.42e-07	36.6
bflTTN_Aig9_194	TTNI65_193	35.593	59	32	2	28	82	25	81	5.00e-07	36.2
bflTTN_Aig9_194	TTNI51_193	27.397	73	45	2	19	86	16	85	5.39e-07	35.8
bflTTN_Aig9_194	TTNZ6_195	28.000	75	47	2	19	88	15	87	5.75e-07	35.8
bflTTN_Aig9_194	TTNM2_195	28.571	77	50	1	19	90	15	91	6.19e-07	35.8
bflTTN_Aig9_194	TTNI49_193	28.788	66	45	1	28	91	25	90	7.56e-07	35.4
bflTTN_Aig9_194	TTNA156_195	28.000	75	52	1	18	90	17	91	8.86e-07	35.4
bflTTN_Aig9_194	TTNI55_193	29.070	86	53	3	12	91	7	90	9.63e-07	35.4
bflTTN_Aig9_194	TTNZ2_194	25.714	70	50	1	16	83	13	82	9.79e-07	35.4
bflTTN_Aig9_194	TTNM7_192	24.390	82	58	2	15	92	11	92	1.17e-06	35.0
bflTTN_Aig9_194	TTNI27_194	25.714	70	50	1	19	86	16	85	1.40e-06	35.0
bflTTN_Aig9_194	TTNI71_193	25.641	78	56	1	16	91	13	90	1.44e-06	35.0
bflTTN_Aig9_194	TTNI39_193	29.167	72	49	2	24	93	21	92	1.45e-06	35.0
bflTTN_Aig9_194	TTNI44_193	31.148	61	40	1	28	86	25	85	1.50e-06	34.7
bflTTN_Aig9_194	TTNM6_194	33.898	59	36	2	35	90	32	90	1.79e-06	34.7
bflTTN_Aig9_194	TTNI43_193	27.778	72	48	2	22	90	19	89	2.06e-06	34.3
bflTTN_Aig9_194	TTNI61_193	28.235	85	53	2	12	91	9	90	2.10e-06	34.3
bflTTN_Aig9_194	TTNI40_193	24.658	73	47	2	19	86	16	85	2.29e-06	34.3
bflTTN_Aig9_194	TTNI69_193	25.714	70	50	1	19	86	16	85	4.04e-06	33.5
bflTTN_Aig9_194	TTNI41_193	27.273	66	44	2	20	82	17	81	4.08e-06	33.5
bflTTN_Aig9_194	TTNZ7_195	26.582	79	54	1	16	90	12	90	4.72e-06	33.5
bflTTN_Aig9_194	TTNI52_193	29.487	78	45	3	15	87	14	86	4.72e-06	33.5
bflTTN_Aig9_194	TTNI46_193	22.857	70	52	1	19	86	16	85	5.03e-06	33.5
bflTTN_Aig9_194	TTNI50_194	29.730	74	43	2	18	85	15	85	5.11e-06	33.5
bflTTN_Aig9_194	TTNI30_194	21.519	79	60	1	14	90	12	90	5.44e-06	33.5
bflTTN_Aig9_194	TTNA11_1103	32.000	75	43	2	16	82	17	91	6.12e-06	33.5
bflTTN_Aig9_194	TTNI75_193	27.397	73	45	2	16	83	13	82	6.61e-06	33.1
bflTTN_Aig9_194	TTNA169_1100	28.713	101	55	4	1	90	2	96	6.73e-06	33.1
bflTTN_Aig9_194	TTNI68_194	23.881	67	49	1	15	79	13	79	7.61e-06	33.1
bflTTN_Aig9_194	TTNI60_194	35.185	54	28	2	38	86	35	86	1.10e-05	32.7
bflTTN_Aig9_194	TTNI54_193	33.333	60	38	1	36	93	33	92	1.25e-05	32.3
bflTTN_Aig9_194	TTNI47_193	32.787	61	35	3	30	86	27	85	1.35e-05	32.3
bflTTN_Aig9_194	TTNI33_193	28.049	82	51	2	12	88	9	87	1.56e-05	32.0
bflTTN_Aig9_194	TTNI53_193	26.866	67	43	2	28	90	25	89	2.23e-05	31.6
bflTTN_Aig9_194	TTNA18_199	29.787	94	51	3	10	90	6	97	2.57e-05	31.6
bflTTN_Aig9_194	TTNM3_193	21.795	78	58	1	17	91	13	90	2.89e-05	31.6
bflTTN_Aig9_194	TTNI82_188	29.508	61	41	1	32	90	28	88	2.98e-05	31.2
bflTTN_Aig9_194	TTNM9_196	25.714	70	50	1	16	83	13	82	3.04e-05	31.6
bflTTN_Aig9_194	TTNI73_193	25.000	76	51	2	19	90	16	89	4.86e-05	30.8
bflTTN_Aig9_194	TTNI70_194	42.857	35	17	1	52	86	55	86	5.64e-05	30.8
bflTTN_Aig9_194	TTNA164_192	25.352	71	51	1	17	85	13	83	7.13e-05	30.4
bflTTN_Aig9_194	TTNI1_194	27.143	70	44	2	19	83	16	83	7.95e-05	30.4
bflTTN_Aig9_194	TTNI64_193	24.390	82	60	1	14	93	11	92	9.76e-05	30.0
bflTTN_Aig9_194	TTNZ4_195	29.508	61	39	2	27	83	24	84	1.11e-04	30.0
bflTTN_Aig9_194	TTNI78_194	22.973	74	55	1	19	90	17	90	1.12e-04	30.0
bflTTN_Aig9_194	TTNI76_193	25.424	59	40	2	28	83	25	82	1.29e-04	29.6
bflTTN_Aig9_194	TTNZ5_193	28.571	84	56	3	6	86	4	86	1.95e-04	29.3
bflTTN_Aig9_194	TTNI94_187	28.070	57	37	2	31	83	27	83	2.68e-04	28.9
bflTTN_Aig9_194	TTNI63_193	27.848	79	45	3	19	90	16	89	3.38e-04	28.5
bflTTN_Aig9_194	TTNI62_193	25.641	78	48	3	15	87	14	86	3.59e-04	28.5
bflTTN_Aig9_194	TTNI4_189	34.545	55	34	1	38	90	34	88	4.47e-04	28.1
bflTTN_Aig9_194	TTNI31_193	23.611	72	49	2	19	86	16	85	8.88e-04	27.3
bflTTN_Aig9_194	TTNI29_193	30.508	59	35	2	36	90	33	89	0.001	27.3
bflTTN_Aig9_194	TTNI12_187	30.435	46	30	1	30	73	26	71	0.001	27.3
bflTTN_Aig9_194	TTNI99_188	31.579	57	35	2	31	83	27	83	0.001	27.3
bflTTN_Aig9_194	TTNA168_194	27.119	59	39	1	28	82	24	82	0.001	27.3
bflTTN_Aig9_194	TTNM4_193	23.529	68	50	1	18	83	15	82	0.001	26.9
bflTTN_Aig9_194	TTNI9_187	35.484	31	16	1	60	90	58	84	0.002	26.6
bflTTN_Aig9_194	TTNZ9_193	27.027	74	51	2	19	90	15	87	0.002	26.2
bflTTN_Aig9_194	TTNZ8_195	29.091	55	37	1	30	82	28	82	0.003	25.8
bflTTN_Aig9_194	TTNI38_193	26.667	75	48	3	16	86	14	85	0.004	25.8
bflTTN_Aig9_194	TTNI98_188	27.778	54	35	2	30	80	26	78	0.005	25.4
bflTTN_Aig9_194	TTNI15_191	26.761	71	49	2	15	83	12	81	0.005	25.4
bflTTN_Aig9_194	TTNI26_191	38.889	36	21	1	59	93	55	90	0.006	25.0
bflTTN_Aig9_194	TTNI66_193	28.333	60	35	2	28	82	25	81	0.007	25.0
bflTTN_Aig9_194	TTNI85_192	28.125	64	42	2	33	93	29	91	0.008	25.0
bflTTN_Aig9_194	TTNI28_193	22.973	74	55	1	19	90	16	89	0.011	24.6
bflTTN_Aig9_194	TTNM1_192	37.500	24	15	0	60	83	58	81	0.011	24.6
bflTTN_Aig9_194	TTNI90_187	28.571	42	28	1	36	75	31	72	0.015	23.9
bflTTN_Aig9_194	TTNI3_187	29.167	48	32	1	44	91	42	87	0.018	23.9
bflTTN_Aig9_194	TTNI2_191	27.083	48	33	1	30	75	27	74	0.025	23.5
bflTTN_Aig9_194	TTNI7_187	25.000	60	43	1	32	89	28	87	0.026	23.5
bflTTN_Aig9_194	TTNI7_187	32.258	31	21	0	55	85	3	33	0.25	20.8
bflTTN_Aig9_194	TTNI84_196	62.500	16	6	0	60	75	62	77	0.043	22.7
bflTTN_Aig9_194	TTNI11_187	30.769	39	25	1	37	73	33	71	0.049	22.7
bflTTN_Aig9_194	TTNI103_188	21.429	56	42	1	30	83	26	81	0.059	22.3
bflTTN_Aig9_194	TTNI17_194	26.923	52	36	1	35	84	32	83	0.062	22.3
bflTTN_Aig9_194	TTNA4_1121	21.296	108	52	4	16	90	12	119	0.072	22.3
bflTTN_Aig9_194	TTNI81_190	31.343	67	41	3	21	83	20	85	0.13	21.6
bflTTN_Aig9_194	TTNI106_194	26.786	56	31	2	30	79	28	79	0.14	21.6
bflTTN_Aig9_194	TTNI86_190	28.571	49	31	1	34	78	30	78	0.42	20.0
bflTTN_Aig9_194	TTNI13_190	50.000	14	7	0	60	73	60	73	0.43	20.0
bflTTN_Aig9_194	TTNI96_188	28.205	39	26	1	36	72	32	70	0.94	18.9
bflTTN_Aig9_194	TTNI89_188	26.415	53	37	2	38	88	34	86	1.5	18.5
bflTTN_Aig9_194	TTNI97_188	22.449	49	34	2	30	75	26	73	3.9	17.3
bflTTN_Aig9_194	TTNI102_188	26.829	41	28	1	36	74	32	72	4.0	17.3
bflTTN_Aig9_194	TTNI6_187	42.857	14	8	0	60	73	58	71	5.5	16.9
bflTTN_Aig10_196	TTNA116_196	41.489	94	55	0	1	94	2	95	1.36e-23	78.6
bflTTN_Aig10_196	TTNA94_195	40.426	94	56	0	1	94	1	94	1.93e-22	75.9
bflTTN_Aig10_196	TTNA32_196	36.170	94	60	0	1	94	2	95	4.59e-22	74.7
bflTTN_Aig10_196	TTNA83_196	40.426	94	56	0	1	94	2	95	1.66e-20	70.9
bflTTN_Aig10_196	TTNA50_196	36.170	94	60	0	1	94	2	95	4.90e-19	67.0
bflTTN_Aig10_196	TTNI106_194	40.000	95	56	1	1	95	1	94	1.49e-18	65.9
bflTTN_Aig10_196	TTNA72_196	37.234	94	59	0	1	94	2	95	3.25e-18	65.1
bflTTN_Aig10_196	TTNA105_197	38.947	95	57	1	1	94	2	96	4.67e-18	64.7
bflTTN_Aig10_196	TTNA15_1104	32.353	102	61	1	1	94	1	102	1.07e-17	63.9
bflTTN_Aig10_196	TTNA127_195	34.043	94	62	0	1	94	1	94	2.97e-17	62.4
bflTTN_Aig10_196	TTNA131_197	35.789	95	60	1	1	94	2	96	5.93e-17	62.0
bflTTN_Aig10_196	TTNA1_193	36.842	95	57	2	1	95	2	93	1.02e-16	61.2
bflTTN_Aig10_196	TTNA156_195	35.106	94	61	0	1	94	1	94	1.69e-16	60.5
bflTTN_Aig10_196	TTNA149_197	36.905	84	53	0	11	94	13	96	1.85e-16	60.5
bflTTN_Aig10_196	TTNA109_194	34.043	94	60	2	1	94	2	93	2.63e-16	60.1
bflTTN_Aig10_196	TTNA43_195	38.947	95	55	2	1	94	2	94	4.59e-16	59.3
bflTTN_Aig10_196	TTNA145_195	36.842	95	60	0	1	95	1	95	7.39e-16	58.9
bflTTN_Aig10_196	TTNA123_196	35.106	94	61	0	1	94	2	95	1.36e-15	58.2
bflTTN_Aig10_196	TTNA57_195	32.292	96	63	2	1	95	1	95	1.46e-15	58.2
bflTTN_Aig10_196	TTNA22_194	39.583	96	52	2	1	94	2	93	1.85e-15	57.8
bflTTN_Aig10_196	TTNA76_194	34.737	95	58	2	1	94	2	93	1.87e-15	57.8
bflTTN_Aig10_196	TTNA36_196	30.851	94	65	0	1	94	2	95	2.84e-15	57.4
bflTTN_Aig10_196	TTNA160_193	30.526	95	64	1	1	95	1	93	9.31e-15	56.2
bflTTN_Aig10_196	TTNA68_195	33.333	93	62	0	1	93	1	93	1.47e-14	55.5
bflTTN_Aig10_196	TTNA142_194	34.043	94	60	1	1	94	2	93	2.03e-14	55.1
bflTTN_Aig10_196	TTNA8_195	30.851	94	64	1	1	94	2	94	2.13e-14	55.1
bflTTN_Aig10_196	TTNA98_194	31.915	94	62	1	1	94	2	93	4.58e-14	54.3
bflTTN_Aig10_196	TTNA87_194	31.579	95	61	2	1	94	2	93	9.05e-14	53.5
bflTTN_Aig10_196	TTNA65_194	28.723	94	65	1	1	94	2	93	9.14e-14	53.5
bflTTN_Aig10_196	TTNA25_194	32.222	90	61	0	5	94	4	93	2.17e-13	52.8
bflTTN_Aig10_196	TTNA18_199	30.612	98	59	3	6	95	3	99	4.07e-13	52.0
bflTTN_Aig10_196	TTNA112_192	32.500	80	54	0	15	94	12	91	1.14e-12	50.8
bflTTN_Aig10_196	TTNA138_196	30.526	95	62	2	1	93	2	94	1.26e-12	50.8
bflTTN_Aig10_196	TTNA101_192	32.500	80	54	0	15	94	12	91	1.69e-12	50.4
bflTTN_Aig10_196	TTNA46_192	28.409	88	63	0	7	94	4	91	2.07e-12	50.1
bflTTN_Aig10_196	TTNA61_197	32.632	95	63	1	1	94	2	96	2.24e-12	50.1
bflTTN_Aig10_196	TTNA153_193	29.032	93	64	1	1	93	1	91	3.16e-12	49.7
bflTTN_Aig10_196	TTNM5_194	29.630	81	57	0	13	93	11	91	6.16e-12	48.9
bflTTN_Aig10_196	TTNI107_196	31.915	94	64	0	1	94	2	95	8.78e-12	48.5
bflTTN_Aig10_196	TTNA90_192	30.000	80	56	0	15	94	12	91	1.07e-11	48.1
bflTTN_Aig10_196	TTNA39_196	32.292	96	61	2	1	94	2	95	1.86e-11	47.8
bflTTN_Aig10_196	TTNI72_193	26.923	78	55	1	17	92	15	92	1.95e-11	47.8
bflTTN_Aig10_196	TTNA120_193	28.723	94	65	1	1	94	1	92	6.64e-11	46.2
bflTTN_Aig10_196	TTNA134_195	28.421	95	68	0	1	95	1	95	6.70e-11	46.2
bflTTN_Aig10_196	TTNA79_193	32.500	80	54	0	15	94	13	92	8.88e-11	45.8
bflTTN_Aig10_196	TTNZ3_195	29.167	72	51	0	13	84	11	82	1.11e-10	45.8
bflTTN_Aig10_196	TTNA4_1121	32.479	117	50	3	7	94	4	120	1.53e-10	45.8
bflTTN_Aig10_196	TTNA29_194	31.250	80	53	1	15	94	16	93	7.10e-10	43.5
bflTTN_Aig10_196	TTNI105_190	28.049	82	56	1	13	94	11	89	2.08e-09	42.4
bflTTN_Aig10_196	TTNI79_193	28.049	82	57	1	13	92	11	92	3.08e-09	42.0
bflTTN_Aig10_196	TTNM7_192	29.167	72	51	0	22	93	19	90	4.88e-09	41.2
bflTTN_Aig10_196	TTNI33_193	27.273	88	64	0	7	94	5	92	1.03e-08	40.4
bflTTN_Aig10_196	TTNZ4_195	30.556	72	48	1	18	87	16	87	1.07e-08	40.4
bflTTN_Aig10_196	TTNI39_193	30.380	79	53	1	15	91	13	91	1.18e-08	40.4
bflTTN_Aig10_196	TTNZ5_193	29.412	68	47	1	18	84	16	83	1.19e-08	40.4
bflTTN_Aig10_196	TTNA54_196	26.596	94	69	0	1	94	2	95	1.95e-08	40.0
bflTTN_Aig10_196	TTNM3_193	26.250	80	58	1	15	93	12	91	4.71e-08	38.9
bflTTN_Aig10_196	TTNI61_193	27.160	81	59	0	13	93	11	91	8.19e-08	38.1
bflTTN_Aig10_196	TTNA11_1103	28.713	101	63	3	1	93	2	101	9.71e-08	38.1
bflTTN_Aig10_196	TTNI45_193	24.324	74	56	0	21	94	19	92	2.36e-07	37.0
bflTTN_Aig10_196	TTNI73_193	28.767	73	52	0	11	83	9	81	3.93e-07	36.6
bflTTN_Aig10_196	TTNA165_196	24.359	78	58	1	17	93	17	94	4.13e-07	36.6
bflTTN_Aig10_196	TTNI48_194	27.500	80	58	0	14	93	13	92	4.21e-07	36.2
bflTTN_Aig10_196	TTNA164_192	29.333	75	52	1	9	83	7	80	4.98e-07	36.2
bflTTN_Aig10_196	TTNM1_192	30.120	83	57	1	14	95	10	92	6.02e-07	35.8
bflTTN_Aig10_196	TTNM9_196	25.000	80	60	0	15	94	13	92	7.37e-07	35.8
bflTTN_Aig10_196	TTNI80_194	27.143	70	50	1	25	93	23	92	7.69e-07	35.8
bflTTN_Aig10_196	TTNI62_193	27.397	73	47	2	18	87	16	85	8.14e-07	35.4
bflTTN_Aig10_196	TTNI60_194	28.205	78	55	1	18	94	16	93	9.10e-07	35.4
bflTTN_Aig10_196	TTNZ2_194	20.238	84	67	0	13	96	11	94	9.29e-07	35.4
bflTTN_Aig10_196	TTNI46_193	27.273	66	48	0	18	83	16	81	1.38e-06	35.0
bflTTN_Aig10_196	TTNZ1_195	26.027	73	52	1	13	83	10	82	1.67e-06	34.7
bflTTN_Aig10_196	TTNI74_193	23.750	80	61	0	15	94	13	92	2.10e-06	34.7
bflTTN_Aig10_196	TTNI64_193	27.500	80	58	0	15	94	13	92	2.38e-06	34.3
bflTTN_Aig10_196	TTNM10_195	20.482	83	64	1	13	93	11	93	2.85e-06	34.3
bflTTN_Aig10_196	TTNI58_194	27.143	70	51	0	14	83	13	82	3.32e-06	33.9
bflTTN_Aig10_196	TTNI1_194	27.143	70	50	1	15	83	13	82	4.50e-06	33.5
bflTTN_Aig10_196	TTNI42_194	21.951	82	64	0	12	93	11	92	5.60e-06	33.5
bflTTN_Aig10_196	TTNI67_193	28.916	83	56	2	1	83	2	81	5.82e-06	33.5
bflTTN_Aig10_196	TTNI52_193	22.857	70	54	0	18	87	16	85	9.62e-06	32.7
bflTTN_Aig10_196	TTNI43_193	22.727	66	51	0	19	84	17	82	1.20e-05	32.3
bflTTN_Aig10_196	TTNI70_194	26.923	78	56	1	18	94	16	93	1.24e-05	32.3
bflTTN_Aig10_196	TTNZ7_195	27.907	86	56	3	13	93	10	94	1.25e-05	32.3
bflTTN_Aig10_196	TTNI71_193	22.785	79	61	0	15	93	13	91	1.25e-05	32.3
bflTTN_Aig10_196	TTNI50_194	28.090	89	63	1	7	94	5	93	1.35e-05	32.3
bflTTN_Aig10_196	TTNI77_193	24.468	94	66	2	1	92	2	92	1.48e-05	32.3
bflTTN_Aig10_196	TTNI12_187	31.915	47	32	0	31	77	28	74	1.53e-05	32.0
bflTTN_Aig10_196	TTNI16_194	26.389	72	49	2	15	83	12	82	1.96e-05	32.0
bflTTN_Aig10_196	TTNM2_195	23.188	69	50	1	18	83	15	83	2.12e-05	32.0
bflTTN_Aig10_196	TTNI40_193	23.684	76	58	0	18	93	16	91	2.17e-05	32.0
bflTTN_Aig10_196	TTNI65_193	25.758	66	49	0	18	83	16	81	2.76e-05	31.6
bflTTN_Aig10_196	TTNI5_188	22.078	77	59	1	2	78	1	76	3.55e-05	31.2
bflTTN_Aig10_196	TTNI34_193	24.051	79	59	1	9	87	8	85	3.85e-05	31.2
bflTTN_Aig10_196	TTNI51_193	22.222	81	63	0	13	93	11	91	4.84e-05	30.8
bflTTN_Aig10_196	TTNI53_193	30.435	69	48	0	15	83	13	81	5.00e-05	30.8
bflTTN_Aig10_196	TTNI24_192	24.638	69	52	0	15	83	12	80	6.13e-05	30.4
bflTTN_Aig10_196	TTNZ9_193	22.353	85	63	2	13	96	10	92	8.31e-05	30.4
bflTTN_Aig10_196	TTNI55_193	29.412	68	46	2	18	84	16	82	8.66e-05	30.0
bflTTN_Aig10_196	TTNI35_193	35.000	80	44	5	18	93	16	91	9.91e-05	30.0
bflTTN_Aig10_196	TTNI4_189	23.636	55	42	0	37	91	34	88	1.30e-04	29.6
bflTTN_Aig10_196	TTNI100_188	27.869	61	43	1	18	78	16	75	1.56e-04	29.3
bflTTN_Aig10_196	TTNI27_194	23.810	63	48	0	22	84	20	82	2.91e-04	28.9
bflTTN_Aig10_196	TTNI54_193	24.638	69	52	0	15	83	13	81	2.96e-04	28.9
bflTTN_Aig10_196	TTNI81_190	30.000	50	35	0	29	78	28	77	3.44e-04	28.5
bflTTN_Aig10_196	TTNI36_194	21.127	71	56	0	14	84	13	83	4.21e-04	28.5
bflTTN_Aig10_196	TTNI25_195	26.866	67	48	1	29	94	27	93	4.63e-04	28.1
bflTTN_Aig10_196	TTNI30_194	20.270	74	59	0	18	91	17	90	7.11e-04	27.7
bflTTN_Aig10_196	TTNI32_193	20.779	77	61	0	11	87	9	85	7.17e-04	27.7
bflTTN_Aig10_196	TTNI59_193	21.333	75	59	0	18	92	16	90	7.87e-04	27.7
bflTTN_Aig10_196	TTNZ8_195	30.357	56	39	0	29	84	28	83	8.05e-04	27.7
bflTTN_Aig10_196	TTNI44_193	21.538	65	51	0	23	87	21	85	0.001	27.3
bflTTN_Aig10_196	TTNI78_194	23.684	76	58	0	9	84	8	83	0.001	27.3
bflTTN_Aig10_196	TTNA168_194	22.222	81	61	2	15	93	12	92	0.002	26.9
bflTTN_Aig10_196	TTNI41_193	27.500	80	56	1	15	92	13	92	0.002	26.9
bflTTN_Aig10_196	TTNI31_193	22.727	66	51	0	18	83	16	81	0.002	26.6
bflTTN_Aig10_196	TTNI49_193	20.548	73	58	0	21	93	19	91	0.002	26.2
bflTTN_Aig10_196	TTNI75_193	27.632	76	53	2	13	87	11	85	0.003	26.2
bflTTN_Aig10_196	TTNI76_193	25.000	76	56	1	9	84	8	82	0.003	26.2
bflTTN_Aig10_196	TTNI29_193	22.989	87	65	1	9	93	5	91	0.003	26.2
bflTTN_Aig10_196	TTNI15_191	18.519	81	65	1	13	93	11	90	0.004	25.8
bflTTN_Aig10_196	TTNM4_193	19.753	81	65	0	15	95	13	93	0.004	25.8
bflTTN_Aig10_196	TTNI3_187	22.727	44	34	0	35	78	32	75	0.004	25.4
bflTTN_Aig10_196	TTNA169_1100	20.779	77	60	1	18	93	22	98	0.005	25.4
bflTTN_Aig10_196	TTNI38_193	24.286	70	53	0	18	87	16	85	0.011	24.6
bflTTN_Aig10_196	TTNI9_187	23.529	51	39	0	36	86	33	83	0.014	24.3
bflTTN_Aig10_196	TTNI11_187	28.000	50	33	1	28	77	28	74	0.015	24.3
bflTTN_Aig10_196	TTNI69_193	19.403	67	54	0	18	84	16	82	0.016	23.9
bflTTN_Aig10_196	TTNI96_188	23.188	69	52	1	13	81	11	78	0.017	23.9
bflTTN_Aig10_196	TTNI63_193	23.377	77	59	0	11	87	9	85	0.018	23.9
bflTTN_Aig10_196	TTNI2_191	21.839	87	64	2	3	86	2	87	0.022	23.9
bflTTN_Aig10_196	TTNI94_187	25.000	52	38	1	23	74	21	71	0.035	23.1
bflTTN_Aig10_196	TTNI104_188	24.444	45	34	0	36	80	33	77	0.049	22.7
bflTTN_Aig10_196	TTNI66_193	23.881	67	51	0	18	84	16	82	0.063	22.3
bflTTN_Aig10_196	TTNI90_187	29.310	58	37	1	36	93	32	85	0.067	22.3
bflTTN_Aig10_196	TTNI6_187	23.684	38	29	0	37	74	34	71	0.072	22.3
bflTTN_Aig10_196	TTNM6_194	22.951	61	44	2	37	96	35	93	0.077	22.3
bflTTN_Aig10_196	TTNI8_188	25.641	39	29	0	36	74	34	72	0.078	21.9
bflTTN_Aig10_196	TTNM8_193	20.779	77	59	1	15	91	14	88	0.080	21.9
bflTTN_Aig10_196	TTNI102_188	29.268	41	29	0	34	74	31	71	0.12	21.6
bflTTN_Aig10_196	TTNI91_188	45.833	24	12	1	24	46	20	43	0.15	21.2
bflTTN_Aig10_196	TTNI92_187	17.021	47	39	0	34	80	31	77	0.23	20.8
bflTTN_Aig10_196	TTNI68_194	19.403	67	54	0	14	80	13	79	0.48	20.0
bflTTN_Aig10_196	TTNI82_188	18.841	69	55	1	13	81	11	78	0.99	18.9
bflTTN_Aig10_196	TTNI47_193	20.896	67	53	0	21	87	19	85	1.00	18.9
bflTTN_Aig10_196	TTNI88_187	20.270	74	52	2	3	74	2	70	1.1	18.9
bflTTN_Aig10_196	TTNI13_190	19.672	61	43	2	35	93	32	88	1.3	18.9
bflTTN_Aig10_196	TTNI99_188	29.167	48	30	3	31	76	28	73	1.9	18.1
bflTTN_Aig10_196	TTNI7_187	20.455	44	35	0	31	74	28	71	2.7	17.7
bflTTN_Aig10_196	TTNI95_188	60.000	10	4	0	35	44	32	41	3.8	17.3
bflTTN_Aig10_196	TTNI87_188	66.667	9	3	0	36	44	33	41	6.1	16.9
bflTTN_Aig10_196	TTNI85_192	30.000	20	14	0	61	80	59	78	7.7	16.5
bflTTN_Aig11_193	TTNA109_194	40.217	92	54	1	1	91	2	93	2.87e-18	65.1
bflTTN_Aig11_193	TTNA36_196	36.905	84	50	1	1	81	2	85	4.72e-17	62.0
bflTTN_Aig11_193	TTNA153_193	37.931	87	53	1	1	86	1	87	1.18e-16	60.8
bflTTN_Aig11_193	TTNA72_196	37.234	94	56	2	1	91	2	95	3.26e-16	59.7
bflTTN_Aig11_193	TTNA65_194	34.783	92	59	1	1	91	2	93	6.37e-16	58.9
bflTTN_Aig11_193	TTNA76_194	36.957	92	57	1	1	91	2	93	1.28e-15	58.2
bflTTN_Aig11_193	TTNA131_197	36.905	84	50	2	1	81	2	85	1.37e-15	58.2
bflTTN_Aig11_193	TTNA22_194	33.696	92	60	1	1	91	2	93	2.85e-15	57.4
bflTTN_Aig11_193	TTNA123_196	38.144	97	51	3	1	91	2	95	4.36e-15	57.0
bflTTN_Aig11_193	TTNA32_196	31.915	94	61	2	1	91	2	95	8.54e-15	56.2
bflTTN_Aig11_193	TTNA43_195	36.170	94	56	2	1	91	2	94	1.04e-14	55.8
bflTTN_Aig11_193	TTNA54_196	37.234	94	56	2	1	91	2	95	1.86e-14	55.5
bflTTN_Aig11_193	TTNA98_194	31.522	92	62	1	1	91	2	93	2.14e-14	55.1
bflTTN_Aig11_193	TTNA160_193	32.258	93	62	1	1	92	1	93	6.24e-14	53.9
bflTTN_Aig11_193	TTNA142_194	32.967	91	58	2	1	90	2	90	6.67e-14	53.9
bflTTN_Aig11_193	TTNA29_194	29.348	92	64	1	1	91	2	93	2.81e-13	52.4
bflTTN_Aig11_193	TTNA8_195	34.146	82	52	2	1	80	2	83	3.03e-13	52.0
bflTTN_Aig11_193	TTNA61_197	35.789	95	57	4	1	91	2	96	4.99e-13	51.6
bflTTN_Aig11_193	TTNA87_194	32.609	92	61	1	1	91	2	93	6.67e-13	51.2
bflTTN_Aig11_193	TTNA83_196	32.979	94	60	2	1	91	2	95	7.44e-13	51.2
bflTTN_Aig11_193	TTNA120_193	30.435	92	63	1	1	91	1	92	1.03e-12	50.8
bflTTN_Aig11_193	TTNA15_1104	27.451	102	63	2	1	91	1	102	1.12e-12	50.8
bflTTN_Aig11_193	TTNA101_192	30.952	84	55	2	11	91	8	91	2.01e-12	50.1
bflTTN_Aig11_193	TTNI107_196	31.915	94	61	2	1	91	2	95	2.63e-12	49.7
bflTTN_Aig11_193	TTNA156_195	30.303	99	56	2	1	91	1	94	7.09e-12	48.5
bflTTN_Aig11_193	TTNA105_197	32.632	95	60	2	1	91	2	96	9.58e-12	48.5
bflTTN_Aig11_193	TTNA57_195	29.167	96	63	3	1	92	1	95	1.30e-11	48.1
bflTTN_Aig11_193	TTNA149_197	31.579	95	61	3	1	91	2	96	3.48e-11	47.0
bflTTN_Aig11_193	TTNA68_195	30.108	93	62	2	1	90	1	93	4.23e-11	46.6
bflTTN_Aig11_193	TTNA50_196	33.684	95	58	2	1	91	2	95	8.15e-11	45.8
bflTTN_Aig11_193	TTNA116_196	27.660	94	65	1	1	91	2	95	8.33e-11	45.8
bflTTN_Aig11_193	TTNA94_195	29.787	94	63	2	1	91	1	94	9.48e-11	45.8
bflTTN_Aig11_193	TTNA11_1103	36.000	100	54	3	1	90	2	101	1.01e-10	45.8
bflTTN_Aig11_193	TTNA46_192	31.250	80	50	3	16	91	13	91	2.73e-10	44.7
bflTTN_Aig11_193	TTNA90_192	29.114	79	53	1	16	91	13	91	5.84e-10	43.5
bflTTN_Aig11_193	TTNA138_196	24.731	93	67	1	1	90	2	94	1.50e-09	42.7
bflTTN_Aig11_193	TTNA127_195	28.723	94	64	2	1	91	1	94	2.63e-09	42.0
bflTTN_Aig11_193	TTNA1_193	29.870	77	51	2	19	92	17	93	3.10e-09	42.0
bflTTN_Aig11_193	TTNA79_193	28.571	84	57	2	11	91	9	92	3.27e-09	41.6
bflTTN_Aig11_193	TTNA112_192	27.273	99	56	3	1	91	1	91	1.91e-08	39.7
bflTTN_Aig11_193	TTNA165_196	32.558	86	54	2	1	82	1	86	1.97e-08	39.7
bflTTN_Aig11_193	TTNZ3_195	26.667	75	52	1	19	90	17	91	4.58e-08	38.9
bflTTN_Aig11_193	TTNA134_195	28.421	95	65	2	1	92	1	95	5.73e-08	38.5
bflTTN_Aig11_193	TTNA145_195	28.421	95	65	2	1	92	1	95	7.63e-08	38.1
bflTTN_Aig11_193	TTNM7_192	30.137	73	48	2	21	90	18	90	1.22e-07	37.7
bflTTN_Aig11_193	TTNZ2_194	23.750	80	58	1	16	92	14	93	1.89e-07	37.4
bflTTN_Aig11_193	TTNM9_196	28.947	76	51	1	19	91	17	92	2.83e-07	36.6
bflTTN_Aig11_193	TTNA25_194	28.571	84	53	3	1	80	2	82	3.11e-07	36.6
bflTTN_Aig11_193	TTNA39_196	25.301	83	57	3	5	82	4	86	4.01e-07	36.2
bflTTN_Aig11_193	TTNZ1_195	30.263	76	38	4	25	90	22	92	7.06e-07	35.8
bflTTN_Aig11_193	TTNI35_193	35.821	67	40	2	27	90	25	91	9.58e-07	35.4
bflTTN_Aig11_193	TTNA18_199	28.431	102	59	3	1	92	2	99	1.01e-06	35.4
bflTTN_Aig11_193	TTNZ6_195	27.632	76	51	1	19	90	16	91	1.08e-06	35.0
bflTTN_Aig11_193	TTNM3_193	29.213	89	53	3	6	90	9	91	1.20e-06	35.0
bflTTN_Aig11_193	TTNM2_195	32.927	82	49	3	15	90	12	93	1.78e-06	34.7
bflTTN_Aig11_193	TTNI14_192	28.395	81	55	1	13	90	11	91	1.89e-06	34.7
bflTTN_Aig11_193	TTNA169_1100	31.707	82	50	3	12	88	16	96	2.03e-06	34.7
bflTTN_Aig11_193	TTNI57_193	30.882	68	44	2	17	81	15	82	3.89e-06	33.9
bflTTN_Aig11_193	TTNM4_193	27.273	77	53	1	19	92	17	93	4.10e-06	33.5
bflTTN_Aig11_193	TTNI73_193	29.333	75	48	3	20	90	18	91	5.28e-06	33.5
bflTTN_Aig11_193	TTNM10_195	27.536	69	45	2	27	90	25	93	6.43e-06	33.1
bflTTN_Aig11_193	TTNI63_193	27.381	84	56	3	11	90	9	91	1.16e-05	32.3
bflTTN_Aig11_193	TTNI33_193	30.882	68	44	1	27	91	25	92	1.38e-05	32.3
bflTTN_Aig11_193	TTNA164_192	27.160	81	56	1	13	90	10	90	1.68e-05	32.0
bflTTN_Aig11_193	TTNI51_193	31.667	60	38	1	27	83	25	84	1.90e-05	32.0
bflTTN_Aig11_193	TTNI79_193	30.769	65	42	3	19	80	17	81	1.96e-05	32.0
bflTTN_Aig11_193	TTNA168_194	27.500	80	53	1	16	90	13	92	2.00e-05	32.0
bflTTN_Aig11_193	TTNI45_193	29.412	68	45	2	27	91	25	92	2.08e-05	32.0
bflTTN_Aig11_193	TTNI67_193	32.857	70	40	3	26	90	24	91	2.15e-05	31.6
bflTTN_Aig11_193	TTNI25_195	28.986	69	45	1	27	91	25	93	2.78e-05	31.6
bflTTN_Aig11_193	TTNI65_193	28.358	67	45	1	27	90	25	91	4.51e-05	30.8
bflTTN_Aig11_193	TTNI1_194	28.000	75	50	1	20	90	18	92	5.18e-05	30.8
bflTTN_Aig11_193	TTNI80_194	31.884	69	41	3	27	90	25	92	7.76e-05	30.4
bflTTN_Aig11_193	TTNI48_194	21.795	78	58	1	16	90	15	92	8.44e-05	30.0
bflTTN_Aig11_193	TTNI53_193	27.632	76	50	2	19	90	17	91	8.86e-05	30.0
bflTTN_Aig11_193	TTNI16_194	24.359	78	52	2	19	90	16	92	1.03e-04	30.0
bflTTN_Aig11_193	TTNI58_194	22.785	79	58	1	15	90	14	92	1.30e-04	29.6
bflTTN_Aig11_193	TTNI30_194	24.000	75	54	1	19	90	18	92	1.32e-04	29.6
bflTTN_Aig11_193	TTNM6_194	30.000	60	38	2	34	89	32	91	1.87e-04	29.3
bflTTN_Aig11_193	TTNI27_194	26.667	75	48	3	21	90	19	91	2.06e-04	29.3
bflTTN_Aig11_193	TTNI54_193	31.034	58	28	3	35	82	33	88	3.10e-04	28.5
bflTTN_Aig11_193	TTNI15_191	25.610	82	56	3	10	88	9	88	3.46e-04	28.5
bflTTN_Aig11_193	TTNI34_193	23.077	78	53	2	18	90	16	91	4.06e-04	28.5
bflTTN_Aig11_193	TTNZ5_193	36.207	58	33	3	27	80	25	82	4.88e-04	28.1
bflTTN_Aig11_193	TTNI71_193	22.892	83	61	1	11	90	9	91	6.38e-04	27.7
bflTTN_Aig11_193	TTNI41_193	26.316	76	53	2	18	90	16	91	6.38e-04	27.7
bflTTN_Aig11_193	TTNZ4_195	31.429	70	39	5	27	89	25	92	6.66e-04	27.7
bflTTN_Aig11_193	TTNI74_193	30.000	70	42	3	27	91	25	92	6.72e-04	27.7
bflTTN_Aig11_193	TTNI29_193	28.916	83	52	3	13	90	11	91	7.68e-04	27.7
bflTTN_Aig11_193	TTNI42_194	26.250	80	52	2	16	90	15	92	0.001	27.3
bflTTN_Aig11_193	TTNI55_193	26.027	73	51	1	15	84	13	85	0.001	27.3
bflTTN_Aig11_193	TTNI61_193	25.352	71	42	3	27	90	25	91	0.001	27.3
bflTTN_Aig11_193	TTNI77_193	26.582	79	55	2	13	88	11	89	0.001	26.9
bflTTN_Aig11_193	TTNI76_193	21.519	79	55	2	19	90	13	91	0.002	26.6
bflTTN_Aig11_193	TTNI66_193	21.918	73	54	1	21	90	19	91	0.002	26.2
bflTTN_Aig11_193	TTNI47_193	28.049	82	50	3	15	90	13	91	0.003	26.2
bflTTN_Aig11_193	TTNM5_194	23.810	84	55	4	12	90	12	91	0.003	25.8
bflTTN_Aig11_193	TTNI68_194	23.881	67	44	2	16	77	15	79	0.004	25.8
bflTTN_Aig11_193	TTNI46_193	21.212	66	49	1	19	81	17	82	0.004	25.8
bflTTN_Aig11_193	TTNI39_193	27.778	72	49	2	23	91	21	92	0.004	25.8
bflTTN_Aig11_193	TTNI105_190	27.778	72	50	2	21	91	19	89	0.004	25.4
bflTTN_Aig11_193	TTNZ7_195	32.308	65	39	2	21	80	18	82	0.006	25.4
bflTTN_Aig11_193	TTNA4_1121	30.108	93	51	5	2	80	17	109	0.007	25.4
bflTTN_Aig11_193	TTNA4_1121	22.581	31	24	0	10	40	7	37	1.2	18.9
bflTTN_Aig11_193	TTNI44_193	28.070	57	38	1	27	80	25	81	0.007	25.0
bflTTN_Aig11_193	TTNI75_193	26.866	67	46	1	27	90	25	91	0.009	24.6
bflTTN_Aig11_193	TTNI72_193	22.388	67	49	1	17	80	15	81	0.009	24.6
bflTTN_Aig11_193	TTNI85_192	34.694	49	26	2	30	77	35	78	0.014	24.3
bflTTN_Aig11_193	TTNI43_193	19.118	68	52	1	19	83	17	84	0.018	23.9
bflTTN_Aig11_193	TTNI12_187	33.333	48	29	2	29	73	26	73	0.020	23.5
bflTTN_Aig11_193	TTNI24_192	27.419	62	42	1	23	81	20	81	0.023	23.5
bflTTN_Aig11_193	TTNI17_194	19.277	83	64	1	13	92	11	93	0.025	23.5
bflTTN_Aig11_193	TTNI7_187	28.571	49	32	1	31	76	28	76	0.033	23.1
bflTTN_Aig11_193	TTNI106_194	25.263	95	67	3	1	92	1	94	0.054	22.7
bflTTN_Aig11_193	TTNI97_188	28.125	64	41	2	29	89	26	87	0.059	22.3
bflTTN_Aig11_193	TTNI37_193	21.875	64	47	1	20	80	18	81	0.11	21.6
bflTTN_Aig11_193	TTNI4_189	31.818	44	25	3	36	75	33	75	0.12	21.6
bflTTN_Aig11_193	TTNI70_194	24.242	66	46	2	19	80	17	82	0.14	21.6
bflTTN_Aig11_193	TTNI70_194	26.415	53	35	1	41	93	16	64	9.9	16.2
bflTTN_Aig11_193	TTNI40_193	25.373	67	45	2	24	90	30	91	0.18	21.2
bflTTN_Aig11_193	TTNI6_187	23.944	71	44	3	6	73	10	73	0.21	20.8
bflTTN_Aig11_193	TTNZ9_193	29.167	24	17	0	19	42	16	39	0.27	20.4
bflTTN_Aig11_193	TTNI78_194	20.548	73	55	1	11	80	10	82	0.38	20.0
bflTTN_Aig11_193	TTNI49_193	25.926	27	20	0	18	44	16	42	0.40	20.0
bflTTN_Aig11_193	TTNI10_187	29.412	51	23	3	36	80	33	76	0.41	20.0
bflTTN_Aig11_193	TTNI69_193	18.750	64	49	1	20	80	18	81	0.48	20.0
bflTTN_Aig11_193	TTNI36_194	24.615	65	42	3	21	80	20	82	0.58	19.6
bflTTN_Aig11_193	TTNI62_193	22.535	71	52	2	13	80	11	81	0.72	19.2
bflTTN_Aig11_193	TTNI50_194	24.051	79	56	2	17	91	15	93	0.81	19.2
bflTTN_Aig11_193	TTNI84_196	30.233	43	18	1	30	72	46	76	0.83	19.2
bflTTN_Aig11_193	TTNI98_188	22.000	50	36	1	29	75	26	75	0.96	18.9
bflTTN_Aig11_193	TTNI28_193	23.529	68	49	2	27	91	25	92	0.98	18.9
bflTTN_Aig11_193	TTNI32_193	24.138	29	22	0	11	39	9	37	1.1	18.9
bflTTN_Aig11_193	TTNI102_188	25.000	48	33	2	29	73	26	73	2.0	18.1
bflTTN_Aig11_193	TTNI59_193	28.125	32	23	0	13	44	11	42	2.1	18.1
bflTTN_Aig11_193	TTNI52_193	20.690	58	43	1	27	81	25	82	2.1	18.1
bflTTN_Aig11_193	TTNI94_187	26.087	46	31	1	30	72	27	72	2.1	18.1
bflTTN_Aig11_193	TTNI64_193	27.586	58	35	3	29	81	27	82	2.3	18.1
bflTTN_Aig11_193	TTNI82_188	23.529	51	36	1	31	78	28	78	2.5	17.7
bflTTN_Aig11_193	TTNI13_190	21.538	65	42	2	31	90	28	88	3.3	17.3
bflTTN_Aig11_193	TTNI3_187	46.154	13	7	0	63	75	63	75	4.2	17.3
bflTTN_Aig11_193	TTNI9_187	23.810	63	44	2	13	72	11	72	4.5	16.9
bflTTN_Aig11_193	TTNI90_187	25.000	60	36	4	35	90	31	85	5.9	16.9
bflTTN_Aig11_193	TTNI86_190	28.571	49	30	2	33	76	30	78	6.0	16.9
bflTTN_Aig11_193	TTNI100_188	29.545	44	28	2	35	75	32	75	6.2	16.5
bflTTN_Aig11_193	TTNI2_191	38.462	13	8	0	29	41	27	39	6.8	16.5
bflTTN_Aig11_193	TTNZ8_195	33.333	24	16	0	67	90	69	92	9.4	16.2
bflTTN_Aig12_197	TTNA32_196	47.059	85	45	0	1	85	1	85	3.60e-28	90.5
bflTTN_Aig12_197	TTNZ2_194	37.500	96	57	1	1	96	1	93	9.70e-22	73.9
bflTTN_Aig12_197	TTNA116_196	38.095	84	52	0	1	84	1	84	5.72e-21	72.0
bflTTN_Aig12_197	TTNA83_196	31.915	94	64	0	1	94	1	94	1.31e-18	66.2
bflTTN_Aig12_197	TTNA72_196	33.735	83	55	0	2	84	2	84	1.38e-18	65.9
bflTTN_Aig12_197	TTNA50_196	32.979	94	63	0	1	94	1	94	4.87e-18	64.7
bflTTN_Aig12_197	TTNA94_195	35.484	93	60	0	2	94	1	93	8.83e-18	63.9
bflTTN_Aig12_197	TTNA61_197	37.234	94	58	1	2	94	2	95	1.86e-17	63.2
bflTTN_Aig12_197	TTNA46_192	31.915	94	60	1	1	94	1	90	2.57e-17	62.8
bflTTN_Aig12_197	TTNA149_197	33.333	96	61	2	1	93	1	96	5.63e-17	62.0
bflTTN_Aig12_197	TTNA138_196	33.684	95	63	0	1	95	1	95	7.28e-17	61.6
bflTTN_Aig12_197	TTNI107_196	31.868	91	62	0	2	92	2	92	2.54e-16	60.1
bflTTN_Aig12_197	TTNA39_196	36.264	91	56	1	6	94	4	94	2.27e-15	57.8
bflTTN_Aig12_197	TTNA127_195	32.967	91	61	0	2	92	1	91	3.27e-15	57.4
bflTTN_Aig12_197	TTNA164_192	31.325	83	57	0	14	96	10	92	4.13e-15	57.0
bflTTN_Aig12_197	TTNA105_197	35.789	95	58	2	2	93	2	96	5.64e-15	56.6
bflTTN_Aig12_197	TTNA36_196	30.435	92	64	0	1	92	1	92	8.87e-15	56.2
bflTTN_Aig12_197	TTNA25_194	34.043	94	60	1	1	94	1	92	1.11e-14	55.8
bflTTN_Aig12_197	TTNA29_194	32.979	94	61	1	1	94	1	92	1.93e-14	55.5
bflTTN_Aig12_197	TTNA76_194	36.170	94	58	1	1	94	1	92	2.12e-14	55.1
bflTTN_Aig12_197	TTNA87_194	36.264	91	56	1	2	92	2	90	3.65e-14	54.7
bflTTN_Aig12_197	TTNA109_194	33.696	92	59	1	1	92	1	90	5.62e-14	54.3
bflTTN_Aig12_197	TTNA156_195	36.559	93	59	0	2	94	1	93	2.17e-13	52.8
bflTTN_Aig12_197	TTNM3_193	31.818	88	59	1	9	95	5	92	2.34e-13	52.4
bflTTN_Aig12_197	TTNI48_194	31.579	95	63	1	1	95	1	93	2.50e-13	52.4
bflTTN_Aig12_197	TTNA8_195	30.435	92	63	1	1	92	1	91	3.57e-13	52.0
bflTTN_Aig12_197	TTNA160_193	33.684	95	61	1	2	96	1	93	3.68e-13	52.0
bflTTN_Aig12_197	TTNA79_193	31.915	94	61	1	1	94	1	91	9.53e-13	50.8
bflTTN_Aig12_197	TTNA123_196	27.660	94	68	0	1	94	1	94	1.17e-12	50.8
bflTTN_Aig12_197	TTNI51_193	32.099	81	55	0	14	94	11	91	1.33e-12	50.4
bflTTN_Aig12_197	TTNA131_197	28.916	83	59	0	2	84	2	84	3.44e-12	49.7
bflTTN_Aig12_197	TTNA120_193	29.787	94	62	2	2	93	1	92	3.87e-12	49.3
bflTTN_Aig12_197	TTNZ1_195	29.885	87	59	1	11	95	7	93	5.52e-12	48.9
bflTTN_Aig12_197	TTNA112_192	26.882	93	65	1	2	94	1	90	6.56e-12	48.9
bflTTN_Aig12_197	TTNI61_193	30.488	82	57	0	14	95	11	92	7.55e-12	48.5
bflTTN_Aig12_197	TTNA18_199	30.097	103	61	3	1	96	1	99	8.67e-12	48.5
bflTTN_Aig12_197	TTNA11_1103	31.183	93	57	2	1	86	1	93	9.62e-12	48.5
bflTTN_Aig12_197	TTNZ3_195	29.474	95	64	1	1	95	1	92	1.24e-11	48.1
bflTTN_Aig12_197	TTNI34_193	34.043	94	59	2	2	95	2	92	1.39e-11	48.1
bflTTN_Aig12_197	TTNM5_194	30.488	82	57	0	14	95	11	92	1.57e-11	47.8
bflTTN_Aig12_197	TTNA43_195	30.952	84	57	1	1	84	1	83	1.62e-11	47.8
bflTTN_Aig12_197	TTNI78_194	29.474	95	65	1	1	95	1	93	1.80e-11	47.8
bflTTN_Aig12_197	TTNA98_194	31.183	93	62	1	2	94	2	92	1.97e-11	47.8
bflTTN_Aig12_197	TTNI46_193	30.588	85	54	3	1	84	1	81	2.52e-11	47.4
bflTTN_Aig12_197	TTNI74_193	25.287	87	65	0	8	94	5	91	3.30e-11	47.0
bflTTN_Aig12_197	TTNA1_193	29.670	91	63	1	6	96	4	93	3.48e-11	47.0
bflTTN_Aig12_197	TTNA65_194	32.530	83	54	1	2	84	2	82	4.13e-11	47.0
bflTTN_Aig12_197	TTNI71_193	30.380	79	55	0	16	94	13	91	5.46e-11	46.6
bflTTN_Aig12_197	TTNA54_196	28.723	94	67	0	1	94	1	94	5.51e-11	46.6
bflTTN_Aig12_197	TTNA142_194	27.957	93	65	1	2	94	2	92	6.15e-11	46.2
bflTTN_Aig12_197	TTNI72_193	28.421	95	65	1	1	95	1	92	6.63e-11	46.2
bflTTN_Aig12_197	TTNA101_192	27.381	84	61	0	11	94	7	90	7.63e-11	46.2
bflTTN_Aig12_197	TTNA15_1104	26.733	101	66	2	2	94	1	101	1.06e-10	45.8
bflTTN_Aig12_197	TTNA57_195	28.723	94	65	1	5	96	2	95	1.89e-10	45.1
bflTTN_Aig12_197	TTNA153_193	29.032	93	64	1	2	94	1	91	2.00e-10	45.1
bflTTN_Aig12_197	TTNI58_194	27.083	96	68	1	1	96	1	94	3.04e-10	44.7
bflTTN_Aig12_197	TTNI45_193	29.851	67	47	0	24	90	21	87	4.93e-10	43.9
bflTTN_Aig12_197	TTNI40_193	24.211	95	69	1	1	95	1	92	6.51e-10	43.5
bflTTN_Aig12_197	TTNA68_195	27.381	84	59	1	5	86	2	85	6.92e-10	43.5
bflTTN_Aig12_197	TTNI30_194	23.377	77	59	0	19	95	17	93	1.06e-09	43.1
bflTTN_Aig12_197	TTNI57_193	26.667	90	65	1	6	95	4	92	1.22e-09	43.1
bflTTN_Aig12_197	TTNI33_193	28.378	74	53	0	12	85	9	82	1.24e-09	43.1
bflTTN_Aig12_197	TTNA168_194	33.333	96	59	3	2	95	1	93	1.44e-09	42.7
bflTTN_Aig12_197	TTNI35_193	27.500	80	58	0	16	95	13	92	1.67e-09	42.7
bflTTN_Aig12_197	TTNA90_192	25.641	78	58	0	16	93	12	89	2.09e-09	42.4
bflTTN_Aig12_197	TTNA134_195	27.160	81	59	0	16	96	15	95	2.27e-09	42.4
bflTTN_Aig12_197	TTNM10_195	25.773	97	67	2	1	95	1	94	2.32e-09	42.4
bflTTN_Aig12_197	TTNI29_193	29.333	75	53	0	21	95	18	92	3.10e-09	42.0
bflTTN_Aig12_197	TTNI63_193	27.368	95	66	1	1	95	1	92	3.20e-09	42.0
bflTTN_Aig12_197	TTNI43_193	26.316	95	67	1	1	95	1	92	4.10e-09	41.6
bflTTN_Aig12_197	TTNI79_193	26.316	95	67	1	1	95	1	92	5.52e-09	41.2
bflTTN_Aig12_197	TTNI77_193	23.158	95	70	1	1	95	1	92	6.08e-09	41.2
bflTTN_Aig12_197	TTNI54_193	29.870	77	54	0	8	84	5	81	7.94e-09	40.8
bflTTN_Aig12_197	TTNA165_196	26.923	78	56	1	19	95	18	95	9.34e-09	40.8
bflTTN_Aig12_197	TTNA22_194	25.000	88	64	1	2	89	2	87	1.08e-08	40.4
bflTTN_Aig12_197	TTNI67_193	28.125	96	64	3	1	95	1	92	1.35e-08	40.4
bflTTN_Aig12_197	TTNI1_194	28.125	96	65	2	2	96	2	94	1.70e-08	40.0
bflTTN_Aig12_197	TTNI31_193	28.889	90	61	2	1	90	1	87	1.71e-08	40.0
bflTTN_Aig12_197	TTNI42_194	26.506	83	61	0	13	95	11	93	1.86e-08	40.0
bflTTN_Aig12_197	TTNI59_193	27.027	74	54	0	19	92	16	89	2.28e-08	39.7
bflTTN_Aig12_197	TTNI69_193	26.866	67	49	0	19	85	16	82	2.43e-08	39.7
bflTTN_Aig12_197	TTNI39_193	24.051	79	60	0	16	94	13	91	3.10e-08	39.3
bflTTN_Aig12_197	TTNI100_188	32.099	81	50	2	14	94	11	86	4.76e-08	38.9
bflTTN_Aig12_197	TTNI41_193	26.250	80	59	0	16	95	13	92	7.10e-08	38.5
bflTTN_Aig12_197	TTNI75_193	24.211	95	69	1	1	95	1	92	8.69e-08	38.1
bflTTN_Aig12_197	TTNI53_193	27.368	95	66	1	1	95	1	92	8.97e-08	38.1
bflTTN_Aig12_197	TTNI73_193	26.042	96	68	1	1	96	1	93	1.02e-07	38.1
bflTTN_Aig12_197	TTNA169_1100	29.897	97	65	2	1	94	2	98	1.04e-07	38.1
bflTTN_Aig12_197	TTNI55_193	24.211	95	69	1	1	95	1	92	1.18e-07	37.7
bflTTN_Aig12_197	TTNA145_195	28.571	84	60	0	13	96	12	95	1.26e-07	37.7
bflTTN_Aig12_197	TTNM7_192	26.087	69	51	0	27	95	23	91	1.50e-07	37.4
bflTTN_Aig12_197	TTNI16_194	27.473	91	60	3	8	94	4	92	1.65e-07	37.4
bflTTN_Aig12_197	TTNI36_194	24.691	81	61	0	15	95	13	93	1.76e-07	37.4
bflTTN_Aig12_197	TTNI14_192	24.211	95	69	1	1	95	1	92	2.98e-07	36.6
bflTTN_Aig12_197	TTNI25_195	26.042	96	65	3	1	94	1	92	3.87e-07	36.6
bflTTN_Aig12_197	TTNI64_193	28.947	76	53	1	9	84	7	81	4.58e-07	36.2
bflTTN_Aig12_197	TTNI76_193	24.468	94	68	1	1	94	1	91	5.20e-07	36.2
bflTTN_Aig12_197	TTNI62_193	28.125	96	64	3	1	95	1	92	5.72e-07	36.2
bflTTN_Aig12_197	TTNZ9_193	27.500	80	57	1	16	95	12	90	6.09e-07	35.8
bflTTN_Aig12_197	TTNI47_193	26.027	73	54	0	22	94	19	91	7.44e-07	35.8
bflTTN_Aig12_197	TTNM9_196	26.582	79	58	0	16	94	13	91	7.90e-07	35.8
bflTTN_Aig12_197	TTNM1_192	27.869	61	44	0	36	96	32	92	8.31e-07	35.4
bflTTN_Aig12_197	TTNI15_191	25.263	95	67	2	1	95	1	91	8.89e-07	35.4
bflTTN_Aig12_197	TTNI99_188	31.373	51	35	0	32	82	28	78	1.26e-06	35.0
bflTTN_Aig12_197	TTNM8_193	31.667	60	39	1	14	73	12	69	1.40e-06	35.0
bflTTN_Aig12_197	TTNZ5_193	23.077	91	68	2	6	95	4	93	1.71e-06	34.7
bflTTN_Aig12_197	TTNI94_187	34.483	58	37	1	22	79	19	75	1.76e-06	34.7
bflTTN_Aig12_197	TTNI27_194	24.419	86	65	0	9	94	6	91	2.28e-06	34.3
bflTTN_Aig12_197	TTNI24_192	22.667	75	58	0	16	90	12	86	2.70e-06	34.3
bflTTN_Aig12_197	TTNI80_194	24.638	69	51	1	27	94	24	92	3.13e-06	34.3
bflTTN_Aig12_197	TTNI49_193	22.388	67	52	0	19	85	16	82	3.92e-06	33.9
bflTTN_Aig12_197	TTNI65_193	18.750	96	75	1	1	96	1	93	8.51e-06	32.7
bflTTN_Aig12_197	TTNI52_193	28.571	77	55	0	19	95	16	92	9.26e-06	32.7
bflTTN_Aig12_197	TTNI81_190	25.758	66	43	2	31	94	27	88	1.13e-05	32.7
bflTTN_Aig12_197	TTNI90_187	29.630	54	38	0	36	89	31	84	1.35e-05	32.3
bflTTN_Aig12_197	TTNZ4_195	27.273	77	54	1	19	93	16	92	1.43e-05	32.3
bflTTN_Aig12_197	TTNI106_194	28.846	52	37	0	30	81	28	79	2.12e-05	32.0
bflTTN_Aig12_197	TTNI44_193	22.222	72	56	0	24	95	21	92	2.32e-05	31.6
bflTTN_Aig12_197	TTNI96_188	27.381	84	60	1	8	91	5	87	2.77e-05	31.6
bflTTN_Aig12_197	TTNI17_194	27.368	95	66	2	2	96	2	93	2.84e-05	31.6
bflTTN_Aig12_197	TTNI28_193	20.988	81	64	0	14	94	11	91	3.17e-05	31.6
bflTTN_Aig12_197	TTNI88_187	31.818	44	30	0	36	79	31	74	3.47e-05	31.2
bflTTN_Aig12_197	TTNI66_193	23.684	76	58	0	19	94	16	91	3.55e-05	31.2
bflTTN_Aig12_197	TTNZ8_195	26.667	75	53	1	23	95	19	93	1.11e-04	30.0
bflTTN_Aig12_197	TTNM4_193	25.263	95	68	1	2	96	2	93	1.15e-04	30.0
bflTTN_Aig12_197	TTNI5_188	27.941	68	48	1	10	77	8	74	1.20e-04	29.6
bflTTN_Aig12_197	TTNI68_194	23.881	67	51	0	15	81	13	79	1.25e-04	29.6
bflTTN_Aig12_197	TTNZ7_195	23.171	82	61	1	16	95	12	93	1.52e-04	29.6
bflTTN_Aig12_197	TTNZ7_195	31.579	19	13	0	8	26	35	53	9.6	16.2
bflTTN_Aig12_197	TTNI2_191	25.287	87	63	2	9	95	7	91	1.91e-04	29.3
bflTTN_Aig12_197	TTNI37_193	22.973	74	57	0	22	95	19	92	2.05e-04	29.3
bflTTN_Aig12_197	TTNI97_188	26.923	52	38	0	36	87	32	83	2.33e-04	28.9
bflTTN_Aig12_197	TTNI101_193	30.000	60	41	1	37	95	33	92	2.60e-04	28.9
bflTTN_Aig12_197	TTNI9_187	30.000	60	38	1	36	95	32	87	5.54e-04	28.1
bflTTN_Aig12_197	TTNI4_189	24.615	65	42	2	15	79	18	75	6.43e-04	27.7
bflTTN_Aig12_197	TTNM2_195	28.788	66	44	1	32	94	28	93	6.49e-04	27.7
bflTTN_Aig12_197	TTNI56_193	21.739	92	69	1	1	92	1	89	0.001	27.3
bflTTN_Aig12_197	TTNI91_188	25.843	89	62	2	3	91	3	87	0.001	27.3
bflTTN_Aig12_197	TTNA4_1121	21.818	110	57	2	14	94	10	119	0.001	27.3
bflTTN_Aig12_197	TTNI70_194	24.211	95	68	2	1	94	1	92	0.001	26.9
bflTTN_Aig12_197	TTNI12_187	28.125	64	42	1	32	95	28	87	0.002	26.9
bflTTN_Aig12_197	TTNI6_187	32.203	59	36	1	36	94	32	86	0.002	26.6
bflTTN_Aig12_197	TTNI104_188	27.500	40	29	0	36	75	32	71	0.002	26.6
bflTTN_Aig12_197	TTNI103_188	30.435	46	32	0	36	81	32	77	0.002	26.2
bflTTN_Aig12_197	TTNI32_193	21.053	95	72	1	1	95	1	92	0.002	26.6
bflTTN_Aig12_197	TTNI105_190	21.127	71	53	1	14	84	11	78	0.002	26.2
bflTTN_Aig12_197	TTNI98_188	25.926	81	57	2	8	86	5	84	0.005	25.4
bflTTN_Aig12_197	TTNI38_193	23.750	80	60	1	16	95	14	92	0.006	25.4
bflTTN_Aig12_197	TTNI83_193	28.571	42	30	0	36	77	32	73	0.013	24.3
bflTTN_Aig12_197	TTNI84_196	24.138	58	44	0	38	95	38	95	0.024	23.5
bflTTN_Aig12_197	TTNI102_188	21.667	60	43	1	35	94	31	86	0.030	23.1
bflTTN_Aig12_197	TTNI3_187	25.641	39	29	0	37	75	33	71	0.037	23.1
bflTTN_Aig12_197	TTNM6_194	19.672	61	48	1	36	95	33	93	0.045	22.7
bflTTN_Aig12_197	TTNI93_188	25.424	59	40	1	36	94	32	86	0.094	21.9
bflTTN_Aig12_197	TTNI7_187	23.913	46	35	0	37	82	33	78	0.15	21.2
bflTTN_Aig12_197	TTNI85_192	31.250	48	32	1	36	82	32	79	0.15	21.6
bflTTN_Aig12_197	TTNI95_188	25.000	44	33	0	38	81	34	77	0.19	21.2
bflTTN_Aig12_197	TTNI82_188	22.388	67	51	1	9	75	6	71	0.24	20.8
bflTTN_Aig12_197	TTNI87_188	17.333	75	61	1	8	82	5	78	2.6	17.7
bflTTN_Aig12_197	TTNI11_187	42.857	14	8	0	66	79	12	25	4.9	16.9
bflTTN_Aig13_194	TTNA65_194	48.913	92	47	0	1	92	2	93	9.97e-32	99.0
bflTTN_Aig13_194	TTNA109_194	47.826	92	48	0	1	92	2	93	4.37e-31	97.4
bflTTN_Aig13_194	TTNA153_193	48.913	92	47	0	1	92	1	92	2.49e-29	93.2
bflTTN_Aig13_194	TTNA76_194	43.011	93	51	2	1	92	2	93	9.68e-28	89.0
bflTTN_Aig13_194	TTNA87_194	40.217	92	55	0	1	92	2	93	1.72e-25	83.2
bflTTN_Aig13_194	TTNA142_194	40.217	92	55	0	1	92	2	93	2.03e-25	83.2
bflTTN_Aig13_194	TTNA160_193	39.785	93	56	0	1	93	1	93	4.73e-25	82.0
bflTTN_Aig13_194	TTNA54_196	42.553	94	52	1	1	92	2	95	4.86e-25	82.4
bflTTN_Aig13_194	TTNA43_195	41.935	93	53	1	1	92	2	94	9.41e-25	81.6
bflTTN_Aig13_194	TTNA98_194	40.217	92	55	0	1	92	2	93	8.14e-24	79.0
bflTTN_Aig13_194	TTNA120_193	39.130	92	56	0	1	92	1	92	1.28e-22	75.9
bflTTN_Aig13_194	TTNA131_197	36.842	95	57	2	1	92	2	96	2.54e-21	72.8
bflTTN_Aig13_194	TTNA22_194	36.957	92	58	0	1	92	2	93	9.37e-21	71.2
bflTTN_Aig13_194	TTNA83_196	36.170	94	58	1	1	92	2	95	1.18e-19	68.6
bflTTN_Aig13_194	TTNA116_196	34.043	94	60	1	1	92	2	95	2.06e-19	68.2
bflTTN_Aig13_194	TTNA57_195	31.579	95	63	1	1	93	1	95	9.22e-19	66.2
bflTTN_Aig13_194	TTNA36_196	37.234	94	57	1	1	92	2	95	9.56e-19	66.2
bflTTN_Aig13_194	TTNA90_192	39.744	78	45	1	14	89	11	88	2.46e-18	65.1
bflTTN_Aig13_194	TTNA32_196	36.170	94	58	1	1	92	2	95	3.38e-18	64.7
bflTTN_Aig13_194	TTNA8_195	37.634	93	57	1	1	92	2	94	5.03e-18	64.3
bflTTN_Aig13_194	TTNI107_196	36.170	94	58	1	1	92	2	95	6.07e-18	64.3
bflTTN_Aig13_194	TTNA149_197	39.583	96	53	3	1	92	2	96	6.36e-18	64.3
bflTTN_Aig13_194	TTNA29_194	34.783	92	60	0	1	92	2	93	9.23e-18	63.5
bflTTN_Aig13_194	TTNA94_195	31.915	94	62	1	1	92	1	94	2.00e-17	62.8
bflTTN_Aig13_194	TTNA72_196	32.979	94	61	1	1	92	2	95	5.76e-17	61.6
bflTTN_Aig13_194	TTNA79_193	37.234	94	54	2	1	92	2	92	9.32e-17	61.2
bflTTN_Aig13_194	TTNA50_196	30.928	97	59	2	1	92	2	95	1.39e-16	60.8
bflTTN_Aig13_194	TTNA105_197	32.632	95	61	1	1	92	2	96	2.47e-16	60.1
bflTTN_Aig13_194	TTNA15_1104	32.353	102	59	1	1	92	1	102	4.40e-16	59.7
bflTTN_Aig13_194	TTNA145_195	36.842	95	58	1	1	93	1	95	6.13e-16	58.9
bflTTN_Aig13_194	TTNA127_195	31.915	94	62	1	1	92	1	94	7.45e-16	58.9
bflTTN_Aig13_194	TTNA101_192	34.940	83	52	1	12	92	9	91	1.65e-15	57.8
bflTTN_Aig13_194	TTNA61_197	36.458	96	56	3	1	92	2	96	3.23e-15	57.4
bflTTN_Aig13_194	TTNA156_195	32.979	94	61	1	1	92	1	94	3.55e-15	57.0
bflTTN_Aig13_194	TTNA1_193	33.735	83	53	1	13	93	11	93	3.33e-14	54.7
bflTTN_Aig13_194	TTNA39_196	30.435	92	60	1	5	92	4	95	3.46e-14	54.7
bflTTN_Aig13_194	TTNA68_195	31.915	94	62	1	1	92	1	94	6.00e-14	53.9
bflTTN_Aig13_194	TTNA134_195	31.579	95	63	1	1	93	1	95	1.67e-13	52.8
bflTTN_Aig13_194	TTNI105_190	31.250	80	54	1	13	92	11	89	9.82e-13	50.8
bflTTN_Aig13_194	TTNA112_192	28.916	83	57	1	12	92	9	91	1.11e-12	50.8
bflTTN_Aig13_194	TTNM10_195	26.136	88	61	1	8	91	6	93	1.21e-12	50.8
bflTTN_Aig13_194	TTNA123_196	28.723	94	65	1	1	92	2	95	3.83e-12	49.3
bflTTN_Aig13_194	TTNA138_196	32.099	81	53	1	13	91	14	94	4.27e-12	49.3
bflTTN_Aig13_194	TTNA11_1103	29.703	101	62	3	1	92	2	102	9.95e-12	48.5
bflTTN_Aig13_194	TTNA46_192	29.070	86	59	1	9	92	6	91	1.03e-11	48.1
bflTTN_Aig13_194	TTNI33_193	29.762	84	53	2	13	92	11	92	1.44e-11	47.8
bflTTN_Aig13_194	TTNA25_194	26.882	93	64	2	1	91	2	92	2.32e-11	47.4
bflTTN_Aig13_194	TTNA165_196	31.579	95	60	3	1	91	1	94	3.23e-11	47.0
bflTTN_Aig13_194	TTNM5_194	27.711	83	58	1	11	91	9	91	3.56e-11	47.0
bflTTN_Aig13_194	TTNI61_193	29.630	81	55	1	13	91	11	91	1.13e-10	45.4
bflTTN_Aig13_194	TTNI14_192	33.333	81	52	1	13	91	11	91	1.44e-10	45.1
bflTTN_Aig13_194	TTNI51_193	29.630	81	55	1	13	91	11	91	2.96e-10	44.3
bflTTN_Aig13_194	TTNM3_193	29.630	81	52	2	15	91	12	91	3.63e-10	44.3
bflTTN_Aig13_194	TTNZ4_195	31.579	76	48	2	18	89	16	91	5.10e-10	43.9
bflTTN_Aig13_194	TTNI74_193	25.926	81	58	1	14	92	12	92	8.38e-10	43.1
bflTTN_Aig13_194	TTNZ2_194	29.885	87	55	2	11	93	9	93	9.62e-10	43.1
bflTTN_Aig13_194	TTNI39_193	28.916	83	57	1	12	92	10	92	9.74e-10	43.1
bflTTN_Aig13_194	TTNI76_193	29.577	71	48	1	18	86	16	86	2.72e-09	42.0
bflTTN_Aig13_194	TTNI16_194	27.059	85	58	1	11	91	8	92	3.47e-09	41.6
bflTTN_Aig13_194	TTNM2_195	28.125	96	61	2	1	91	1	93	3.66e-09	41.6
bflTTN_Aig13_194	TTNI71_193	25.301	83	60	1	11	91	9	91	9.81e-09	40.4
bflTTN_Aig13_194	TTNM9_196	28.736	87	60	1	8	92	6	92	1.11e-08	40.4
bflTTN_Aig13_194	TTNZ6_195	31.915	94	58	3	1	91	1	91	1.75e-08	40.0
bflTTN_Aig13_194	TTNZ1_195	24.706	85	60	1	11	91	8	92	3.89e-08	38.9
bflTTN_Aig13_194	TTNA164_192	28.378	74	51	1	11	82	8	81	4.66e-08	38.9
bflTTN_Aig13_194	TTNI59_193	28.000	75	52	1	18	90	16	90	6.39e-08	38.5
bflTTN_Aig13_194	TTNM7_192	25.000	80	58	1	14	91	11	90	9.92e-08	37.7
bflTTN_Aig13_194	TTNI25_195	25.882	85	60	1	11	92	9	93	2.06e-07	37.0
bflTTN_Aig13_194	TTNM4_193	25.926	81	58	1	15	93	13	93	2.60e-07	37.0
bflTTN_Aig13_194	TTNI17_194	26.966	89	51	2	13	93	11	93	3.70e-07	36.6
bflTTN_Aig13_194	TTNI106_194	28.421	95	65	2	1	93	1	94	7.13e-07	35.8
bflTTN_Aig13_194	TTNI24_192	27.160	81	53	2	15	91	12	90	9.58e-07	35.4
bflTTN_Aig13_194	TTNI64_193	24.390	82	60	1	13	92	11	92	1.07e-06	35.0
bflTTN_Aig13_194	TTNI49_193	24.658	73	53	1	21	91	19	91	1.08e-06	35.0
bflTTN_Aig13_194	TTNA169_1100	27.273	77	51	2	18	89	22	98	1.12e-06	35.4
bflTTN_Aig13_194	TTNZ7_195	28.235	85	57	2	11	91	8	92	1.39e-06	35.0
bflTTN_Aig13_194	TTNZ3_195	26.506	83	59	1	11	91	9	91	1.63e-06	34.7
bflTTN_Aig13_194	TTNI65_193	30.137	73	45	2	18	86	16	86	3.27e-06	33.9
bflTTN_Aig13_194	TTNI45_193	22.093	86	61	2	11	92	9	92	3.48e-06	33.9
bflTTN_Aig13_194	TTNI54_193	25.714	70	50	1	14	81	12	81	4.77e-06	33.5
bflTTN_Aig13_194	TTNI58_194	23.256	86	62	2	9	91	8	92	6.30e-06	33.1
bflTTN_Aig13_194	TTNI58_194	58.333	12	5	0	6	17	83	94	3.1	17.7
bflTTN_Aig13_194	TTNA4_1121	25.217	115	55	2	9	92	6	120	7.58e-06	33.5
bflTTN_Aig13_194	TTNI28_193	26.923	78	51	2	8	81	6	81	1.29e-05	32.3
bflTTN_Aig13_194	TTNA18_199	23.404	94	63	2	9	93	6	99	1.45e-05	32.3
bflTTN_Aig13_194	TTNI80_194	27.941	68	46	2	27	91	25	92	3.61e-05	31.2
bflTTN_Aig13_194	TTNI15_191	25.000	76	54	2	18	91	16	90	6.40e-05	30.4
bflTTN_Aig13_194	TTNI34_193	26.471	68	48	1	21	86	19	86	7.00e-05	30.4
bflTTN_Aig13_194	TTNI50_194	28.571	70	47	1	12	78	10	79	8.55e-05	30.0
bflTTN_Aig13_194	TTNA168_194	24.419	86	59	2	11	91	8	92	1.14e-04	29.6
bflTTN_Aig13_194	TTNI66_193	22.973	74	55	1	18	89	16	89	1.69e-04	29.3
bflTTN_Aig13_194	TTNZ9_193	22.892	83	57	2	13	91	10	89	1.82e-04	29.3
bflTTN_Aig13_194	TTNI46_193	25.352	71	51	1	18	86	16	86	2.33e-04	28.9
bflTTN_Aig13_194	TTNI77_193	22.078	77	56	2	18	90	16	92	2.75e-04	28.9
bflTTN_Aig13_194	TTNI69_193	25.000	72	48	2	18	85	16	85	2.89e-04	28.9
bflTTN_Aig13_194	TTNI72_193	22.078	77	58	1	17	91	15	91	3.05e-04	28.9
bflTTN_Aig13_194	TTNI37_193	25.333	75	50	2	21	91	19	91	3.17e-04	28.5
bflTTN_Aig13_194	TTNI1_194	25.000	80	48	2	11	90	9	76	3.35e-04	28.5
bflTTN_Aig13_194	TTNI75_193	25.926	81	54	2	15	91	13	91	4.51e-04	28.1
bflTTN_Aig13_194	TTNI73_193	20.732	82	61	2	13	91	11	91	4.60e-04	28.1
bflTTN_Aig13_194	TTNI30_194	23.684	76	56	1	18	91	17	92	4.85e-04	28.1
bflTTN_Aig13_194	TTNI63_193	18.280	93	71	2	1	91	2	91	5.59e-04	28.1
bflTTN_Aig13_194	TTNI48_194	26.582	79	56	1	15	91	14	92	5.72e-04	28.1
bflTTN_Aig13_194	TTNI53_193	21.951	82	60	2	13	92	11	90	6.01e-04	27.7
bflTTN_Aig13_194	TTNI55_193	23.377	77	53	2	13	85	11	85	6.39e-04	27.7
bflTTN_Aig13_194	TTNI31_193	26.562	64	41	2	23	82	21	82	7.08e-04	27.7
bflTTN_Aig13_194	TTNI85_192	26.667	75	50	2	8	79	7	79	7.52e-04	27.7
bflTTN_Aig13_194	TTNI56_193	20.000	75	58	1	17	89	15	89	8.43e-04	27.3
bflTTN_Aig13_194	TTNZ5_193	27.778	36	26	0	11	46	9	44	0.001	27.3
bflTTN_Aig13_194	TTNI43_193	23.944	71	52	1	21	89	19	89	0.001	26.9
bflTTN_Aig13_194	TTNI42_194	21.951	82	60	2	13	91	12	92	0.001	26.9
bflTTN_Aig13_194	TTNI57_193	24.706	85	56	3	12	91	10	91	0.003	26.2
bflTTN_Aig13_194	TTNI44_193	29.310	58	39	1	26	81	24	81	0.003	25.8
bflTTN_Aig13_194	TTNI29_193	29.508	61	37	2	35	91	33	91	0.005	25.4
bflTTN_Aig13_194	TTNI70_194	19.277	83	64	1	13	92	11	93	0.018	23.9
bflTTN_Aig13_194	TTNI102_188	30.000	40	26	1	35	72	32	71	0.021	23.5
bflTTN_Aig13_194	TTNI84_196	32.353	34	23	0	58	91	61	94	0.026	23.5
bflTTN_Aig13_194	TTNI4_189	32.692	52	30	3	37	85	34	83	0.027	23.5
bflTTN_Aig13_194	TTNI32_193	21.053	76	56	2	13	85	11	85	0.030	23.1
bflTTN_Aig13_194	TTNI47_193	22.388	67	50	1	27	91	25	91	0.034	23.1
bflTTN_Aig13_194	TTNI91_188	24.051	79	53	3	15	91	13	86	0.044	22.7
bflTTN_Aig13_194	TTNI79_193	22.892	83	48	3	12	91	22	91	0.076	22.3
bflTTN_Aig13_194	TTNI62_193	18.182	77	59	2	18	91	16	91	0.10	21.9
bflTTN_Aig13_194	TTNM6_194	26.562	64	40	3	34	93	32	92	0.15	21.2
bflTTN_Aig13_194	TTNI36_194	18.987	79	62	1	15	91	14	92	0.21	20.8
bflTTN_Aig13_194	TTNI68_194	25.316	79	57	1	15	91	14	92	0.23	20.8
bflTTN_Aig13_194	TTNM1_192	33.333	24	16	0	39	62	12	35	0.39	20.0
bflTTN_Aig13_194	TTNI8_188	30.303	66	40	2	11	72	9	72	0.39	20.0
bflTTN_Aig13_194	TTNI101_193	30.233	43	23	2	39	75	14	55	0.50	20.0
bflTTN_Aig13_194	TTNZ8_195	35.294	17	11	0	29	45	28	44	0.54	19.6
bflTTN_Aig13_194	TTNI2_191	22.642	53	35	2	28	76	26	76	1.2	18.9
bflTTN_Aig13_194	TTNI98_188	28.125	32	22	1	13	44	11	41	1.3	18.5
bflTTN_Aig13_194	TTNI60_194	26.531	49	31	1	49	92	45	93	1.4	18.5
bflTTN_Aig13_194	TTNI83_193	31.579	19	13	0	59	77	58	76	9.8	16.2
bflTTN_Aig14_196	TTNA83_196	39.362	94	57	0	1	94	2	95	4.26e-22	74.7
bflTTN_Aig14_196	TTNA116_196	38.298	94	58	0	1	94	2	95	6.15e-21	72.0
bflTTN_Aig14_196	TTNA50_196	36.170	94	60	0	1	94	2	95	6.78e-21	72.0
bflTTN_Aig14_196	TTNA94_195	38.298	94	58	0	1	94	1	94	1.31e-20	71.2
bflTTN_Aig14_196	TTNA36_196	32.979	94	63	0	1	94	2	95	2.62e-20	70.5
bflTTN_Aig14_196	TTNA105_197	36.842	95	59	1	1	94	2	96	3.08e-19	67.8
bflTTN_Aig14_196	TTNA131_197	35.789	95	60	1	1	94	2	96	9.54e-19	66.2
bflTTN_Aig14_196	TTNA72_196	38.298	94	58	0	1	94	2	95	1.13e-18	66.2
bflTTN_Aig14_196	TTNA32_196	37.234	94	59	0	1	94	2	95	1.25e-18	66.2
bflTTN_Aig14_196	TTNA109_194	36.170	94	58	1	1	94	2	93	6.69e-18	64.3
bflTTN_Aig14_196	TTNI107_196	35.106	94	61	0	1	94	2	95	1.41e-17	63.5
bflTTN_Aig14_196	TTNA61_197	35.789	95	60	1	1	94	2	96	2.21e-17	62.8
bflTTN_Aig14_196	TTNA65_194	34.043	94	60	1	1	94	2	93	2.55e-17	62.8
bflTTN_Aig14_196	TTNA160_193	34.737	95	60	1	1	95	1	93	3.30e-17	62.4
bflTTN_Aig14_196	TTNA76_194	33.684	95	59	2	1	94	2	93	2.41e-16	60.1
bflTTN_Aig14_196	TTNA98_194	31.915	94	62	1	1	94	2	93	3.00e-16	60.1
bflTTN_Aig14_196	TTNA87_194	33.684	95	59	2	1	94	2	93	3.49e-16	59.7
bflTTN_Aig14_196	TTNA54_196	30.851	94	65	0	1	94	2	95	4.75e-16	59.3
bflTTN_Aig14_196	TTNA43_195	36.170	94	59	1	1	94	2	94	5.28e-16	59.3
bflTTN_Aig14_196	TTNA153_193	31.183	93	62	1	1	93	1	91	7.13e-16	58.9
bflTTN_Aig14_196	TTNA1_193	33.684	95	60	1	1	95	2	93	7.94e-16	58.9
bflTTN_Aig14_196	TTNA39_196	36.957	92	56	1	5	94	4	95	8.72e-16	58.9
bflTTN_Aig14_196	TTNA90_192	37.500	80	50	0	15	94	12	91	1.13e-15	58.5
bflTTN_Aig14_196	TTNA8_195	32.979	94	62	1	1	94	2	94	2.87e-15	57.4
bflTTN_Aig14_196	TTNA142_194	31.633	98	57	3	1	94	2	93	3.26e-15	57.4
bflTTN_Aig14_196	TTNA15_1104	30.392	102	63	1	1	94	1	102	3.80e-15	57.4
bflTTN_Aig14_196	TTNA101_192	36.145	83	53	0	12	94	9	91	8.52e-15	56.2
bflTTN_Aig14_196	TTNA22_194	30.851	94	63	1	1	94	2	93	9.84e-15	56.2
bflTTN_Aig14_196	TTNA68_195	30.952	84	58	0	1	84	1	84	1.11e-14	55.8
bflTTN_Aig14_196	TTNA127_195	29.787	94	66	0	1	94	1	94	1.21e-14	55.8
bflTTN_Aig14_196	TTNA46_192	34.091	88	58	0	7	94	4	91	1.74e-14	55.5
bflTTN_Aig14_196	TTNA120_193	29.787	94	64	1	1	94	1	92	6.39e-14	53.9
bflTTN_Aig14_196	TTNA112_192	37.500	80	50	0	15	94	12	91	8.83e-14	53.5
bflTTN_Aig14_196	TTNA11_1103	35.000	100	58	3	1	93	2	101	9.31e-14	53.9
bflTTN_Aig14_196	TTNZ1_195	36.364	88	48	3	11	92	8	93	1.04e-13	53.5
bflTTN_Aig14_196	TTNA123_196	32.979	94	63	0	1	94	2	95	1.35e-13	53.1
bflTTN_Aig14_196	TTNA145_195	32.632	95	64	0	1	95	1	95	2.77e-12	49.7
bflTTN_Aig14_196	TTNA149_197	30.526	95	65	1	1	94	2	96	3.33e-12	49.7
bflTTN_Aig14_196	TTNA138_196	30.864	81	56	0	13	93	14	94	4.22e-12	49.3
bflTTN_Aig14_196	TTNI45_193	25.301	83	62	0	12	94	10	92	7.97e-12	48.5
bflTTN_Aig14_196	TTNA79_193	30.588	85	57	1	9	91	7	91	1.47e-11	47.8
bflTTN_Aig14_196	TTNA29_194	31.915	94	62	1	1	94	2	93	1.97e-11	47.8
bflTTN_Aig14_196	TTNA134_195	27.368	95	69	0	1	95	1	95	8.13e-11	46.2
bflTTN_Aig14_196	TTNI51_193	26.582	79	58	0	15	93	13	91	8.23e-11	45.8
bflTTN_Aig14_196	TTNI80_194	26.136	88	64	1	7	93	5	92	1.18e-10	45.4
bflTTN_Aig14_196	TTNA156_195	25.532	94	70	0	1	94	1	94	2.30e-10	44.7
bflTTN_Aig14_196	TTNM10_195	25.263	95	66	2	1	93	2	93	8.59e-10	43.5
bflTTN_Aig14_196	TTNA57_195	30.435	69	48	0	27	95	27	95	8.97e-10	43.5
bflTTN_Aig14_196	TTNI79_193	29.730	74	52	0	13	86	11	84	1.99e-09	42.4
bflTTN_Aig14_196	TTNA25_194	26.596	94	67	1	1	94	2	93	2.91e-09	42.0
bflTTN_Aig14_196	TTNI71_193	24.096	83	63	0	11	93	9	91	2.95e-09	42.0
bflTTN_Aig14_196	TTNI17_194	26.316	95	67	1	1	95	2	93	3.17e-09	42.0
bflTTN_Aig14_196	TTNA4_1121	25.641	117	58	2	7	94	4	120	1.46e-08	40.8
bflTTN_Aig14_196	TTNI64_193	25.000	80	60	0	15	94	13	92	2.95e-08	39.3
bflTTN_Aig14_196	TTNI14_192	27.711	83	60	0	11	93	9	91	3.22e-08	39.3
bflTTN_Aig14_196	TTNI1_194	27.941	68	48	1	27	93	25	92	3.27e-08	39.3
bflTTN_Aig14_196	TTNI59_193	25.333	75	56	0	18	92	16	90	3.39e-08	39.3
bflTTN_Aig14_196	TTNZ2_194	27.273	88	60	2	11	96	9	94	3.84e-08	38.9
bflTTN_Aig14_196	TTNI28_193	31.579	57	39	0	27	83	25	81	4.47e-08	38.9
bflTTN_Aig14_196	TTNZ3_195	25.301	83	58	2	13	93	11	91	7.55e-08	38.5
bflTTN_Aig14_196	TTNI16_194	28.947	76	50	2	15	87	12	86	1.06e-07	37.7
bflTTN_Aig14_196	TTNM2_195	28.947	76	45	2	15	87	18	87	1.13e-07	37.7
bflTTN_Aig14_196	TTNI63_193	29.762	84	57	1	11	92	9	92	2.08e-07	37.0
bflTTN_Aig14_196	TTNM5_194	24.675	77	50	1	20	88	10	86	2.85e-07	37.0
bflTTN_Aig14_196	TTNA18_199	25.773	97	63	3	7	95	4	99	6.47e-07	35.8
bflTTN_Aig14_196	TTNI30_194	21.127	71	56	0	18	88	17	87	7.37e-07	35.8
bflTTN_Aig14_196	TTNI75_193	24.138	87	66	0	7	93	5	91	7.97e-07	35.4
bflTTN_Aig14_196	TTNI33_193	26.744	86	59	2	11	94	9	92	8.58e-07	35.4
bflTTN_Aig14_196	TTNI32_193	24.000	75	57	0	13	87	11	85	9.24e-07	35.4
bflTTN_Aig14_196	TTNZ6_195	26.923	78	54	2	18	93	15	91	9.85e-07	35.4
bflTTN_Aig14_196	TTNI24_192	21.519	79	62	0	15	93	12	90	1.25e-06	35.0
bflTTN_Aig14_196	TTNI42_194	24.691	81	61	0	13	93	12	92	2.11e-06	34.7
bflTTN_Aig14_196	TTNI58_194	18.824	85	69	0	9	93	8	92	2.92e-06	34.3
bflTTN_Aig14_196	TTNI35_193	28.750	80	55	1	15	92	13	92	3.23e-06	33.9
bflTTN_Aig14_196	TTNI69_193	25.714	70	52	0	18	87	16	85	3.48e-06	33.9
bflTTN_Aig14_196	TTNI74_193	20.000	80	64	0	15	94	13	92	5.82e-06	33.5
bflTTN_Aig14_196	TTNI49_193	23.288	73	56	0	21	93	19	91	6.00e-06	33.1
bflTTN_Aig14_196	TTNM9_196	22.500	80	62	0	15	94	13	92	6.15e-06	33.5
bflTTN_Aig14_196	TTNZ4_195	24.658	73	53	1	18	88	16	88	6.19e-06	33.1
bflTTN_Aig14_196	TTNI29_193	32.258	62	32	3	37	93	35	91	6.20e-06	33.1
bflTTN_Aig14_196	TTNA164_192	26.667	75	49	2	13	84	10	81	7.45e-06	33.1
bflTTN_Aig14_196	TTNI37_193	26.761	71	50	2	19	88	17	86	1.06e-05	32.7
bflTTN_Aig14_196	TTNI61_193	21.687	83	65	0	11	93	9	91	1.67e-05	32.0
bflTTN_Aig14_196	TTNI82_188	26.761	71	50	2	11	81	9	77	1.76e-05	32.0
bflTTN_Aig14_196	TTNI44_193	21.951	82	62	1	12	93	12	91	2.04e-05	32.0
bflTTN_Aig14_196	TTNI39_193	27.059	85	58	2	12	94	10	92	2.59e-05	31.6
bflTTN_Aig14_196	TTNZ7_195	23.529	85	63	1	11	93	8	92	3.39e-05	31.2
bflTTN_Aig14_196	TTNI57_193	20.732	82	65	0	12	93	10	91	3.62e-05	31.2
bflTTN_Aig14_196	TTNM3_193	22.222	81	60	2	15	93	12	91	6.15e-05	30.4
bflTTN_Aig14_196	TTNI66_193	22.535	71	55	0	18	88	16	86	8.93e-05	30.0
bflTTN_Aig14_196	TTNI54_193	20.000	80	64	0	15	94	13	92	9.51e-05	30.0
bflTTN_Aig14_196	TTNI96_188	27.500	80	55	2	13	92	11	87	1.12e-04	29.6
bflTTN_Aig14_196	TTNI78_194	19.767	86	67	1	9	92	8	93	1.41e-04	29.6
bflTTN_Aig14_196	TTNM1_192	43.750	32	16	1	63	92	60	91	1.42e-04	29.6
bflTTN_Aig14_196	TTNA169_1100	30.233	86	55	3	2	83	4	88	2.11e-04	29.3
bflTTN_Aig14_196	TTNI105_190	24.468	94	65	2	1	94	2	89	2.16e-04	29.3
bflTTN_Aig14_196	TTNI41_193	31.429	70	45	2	26	92	23	92	2.73e-04	28.9
bflTTN_Aig14_196	TTNM4_193	18.519	81	66	0	15	95	13	93	2.96e-04	28.9
bflTTN_Aig14_196	TTNI94_187	26.230	61	44	1	21	81	19	78	3.24e-04	28.5
bflTTN_Aig14_196	TTNZ5_193	28.947	76	51	2	15	88	13	87	3.60e-04	28.5
bflTTN_Aig14_196	TTNI25_195	24.638	69	51	1	27	94	25	93	3.73e-04	28.5
bflTTN_Aig14_196	TTNI67_193	21.951	82	64	0	12	93	10	91	3.79e-04	28.5
bflTTN_Aig14_196	TTNI73_193	21.918	73	57	0	15	87	13	85	4.04e-04	28.5
bflTTN_Aig14_196	TTNI55_193	18.391	87	71	0	7	93	5	91	4.29e-04	28.5
bflTTN_Aig14_196	TTNA168_194	25.000	76	51	2	22	93	19	92	4.52e-04	28.1
bflTTN_Aig14_196	TTNI4_189	30.233	43	24	2	37	76	34	73	6.36e-04	27.7
bflTTN_Aig14_196	TTNI106_194	23.750	80	57	1	15	90	14	93	9.00e-04	27.3
bflTTN_Aig14_196	TTNI70_194	23.077	78	59	1	18	94	16	93	9.00e-04	27.3
bflTTN_Aig14_196	TTNI65_193	23.529	68	48	2	18	83	16	81	0.001	27.3
bflTTN_Aig14_196	TTNI77_193	17.105	76	63	0	18	93	16	91	0.001	27.3
bflTTN_Aig14_196	TTNI15_191	27.586	87	56	4	7	89	5	88	0.001	27.3
bflTTN_Aig14_196	TTNI36_194	25.287	87	61	3	9	93	8	92	0.001	26.9
bflTTN_Aig14_196	TTNI2_191	22.619	84	49	2	11	86	9	84	0.001	26.9
bflTTN_Aig14_196	TTNI40_193	27.778	54	37	2	36	88	34	86	0.002	26.9
bflTTN_Aig14_196	TTNI5_188	24.286	70	53	0	7	76	5	74	0.002	26.6
bflTTN_Aig14_196	TTNI62_193	21.053	76	60	0	18	93	16	91	0.002	26.6
bflTTN_Aig14_196	TTNM6_194	25.926	54	39	1	37	89	35	88	0.002	26.6
bflTTN_Aig14_196	TTNM7_192	20.968	62	49	0	28	89	25	86	0.002	26.6
bflTTN_Aig14_196	TTNI27_194	21.918	73	57	0	11	83	9	81	0.002	26.6
bflTTN_Aig14_196	TTNI89_188	28.333	60	42	1	11	70	9	67	0.002	26.6
bflTTN_Aig14_196	TTNI84_196	22.472	89	64	2	6	92	10	95	0.002	26.6
bflTTN_Aig14_196	TTNI48_194	20.000	80	64	0	14	93	13	92	0.003	26.2
bflTTN_Aig14_196	TTNI56_193	18.310	71	58	0	18	88	16	86	0.003	26.2
bflTTN_Aig14_196	TTNZ9_193	27.273	44	32	0	7	50	4	47	0.003	26.2
bflTTN_Aig14_196	TTNI34_193	23.188	69	53	0	20	88	18	86	0.004	25.8
bflTTN_Aig14_196	TTNI53_193	26.744	86	57	4	11	92	9	92	0.005	25.4
bflTTN_Aig14_196	TTNI38_193	22.368	76	59	0	18	93	16	91	0.006	25.4
bflTTN_Aig14_196	TTNI50_194	23.750	80	56	2	7	83	5	82	0.007	25.0
bflTTN_Aig14_196	TTNI47_193	20.270	74	59	0	20	93	18	91	0.009	24.6
bflTTN_Aig14_196	TTNI76_193	22.500	80	58	1	9	88	11	86	0.011	24.6
bflTTN_Aig14_196	TTNI102_188	23.913	46	35	0	36	81	33	78	0.013	24.3
bflTTN_Aig14_196	TTNI90_187	27.778	72	48	3	21	92	19	86	0.022	23.5
bflTTN_Aig14_196	TTNI12_187	23.438	64	47	1	29	92	26	87	0.023	23.5
bflTTN_Aig14_196	TTNI103_188	18.519	54	44	0	23	76	20	73	0.024	23.5
bflTTN_Aig14_196	TTNI68_194	19.403	67	54	0	14	80	13	79	0.027	23.5
bflTTN_Aig14_196	TTNI46_193	17.105	76	63	0	18	93	16	91	0.030	23.5
bflTTN_Aig14_196	TTNI8_188	19.565	46	37	0	32	77	30	75	0.070	22.3
bflTTN_Aig14_196	TTNI3_187	19.512	41	33	0	36	76	33	73	0.085	21.9
bflTTN_Aig14_196	TTNI26_191	24.528	53	38	2	36	87	31	82	0.086	21.9
bflTTN_Aig14_196	TTNI60_194	20.513	78	61	1	18	94	16	93	0.11	21.6
bflTTN_Aig14_196	TTNI9_187	20.000	55	43	1	20	74	18	71	0.12	21.6
bflTTN_Aig14_196	TTNI31_193	18.421	76	61	1	8	83	7	81	0.13	21.6
bflTTN_Aig14_196	TTNI11_187	23.636	55	36	1	24	78	27	75	0.18	21.2
bflTTN_Aig14_196	TTNI87_188	21.429	70	54	1	11	80	9	77	0.26	20.8
bflTTN_Aig14_196	TTNI43_193	14.493	69	59	0	23	91	21	89	0.29	20.4
bflTTN_Aig14_196	TTNI85_192	24.719	89	61	4	8	94	7	91	0.42	20.0
bflTTN_Aig14_196	TTNZ8_195	24.242	66	48	1	29	92	28	93	0.46	20.0
bflTTN_Aig14_196	TTNI98_188	54.545	11	5	0	35	45	32	42	1.6	18.5
bflTTN_Aig14_196	TTNI100_188	20.339	59	46	1	18	76	16	73	1.7	18.5
bflTTN_Aig14_196	TTNI86_190	21.053	57	43	1	23	77	20	76	1.7	18.5
bflTTN_Aig14_196	TTNI88_187	25.806	62	42	1	32	89	13	74	1.8	18.1
bflTTN_Aig14_196	TTNI13_190	23.404	47	28	2	37	78	34	77	2.4	18.1
bflTTN_Aig14_196	TTNI83_193	20.588	68	53	1	11	78	9	75	3.1	17.7
bflTTN_Aig14_196	TTNI10_187	18.571	70	56	1	20	89	18	86	4.7	16.9
bflTTN_Aig14_196	TTNI81_190	20.000	40	32	0	37	76	36	75	8.7	16.5
bflTTN_Aig14_196	TTNI97_188	19.118	68	54	1	11	78	9	75	9.9	16.2
bflTTN_Aig15_196	TTNA116_196	39.326	89	54	0	1	89	2	90	7.85e-23	76.6
bflTTN_Aig15_196	TTNA142_194	41.860	86	48	1	1	86	2	85	3.06e-20	70.1
bflTTN_Aig15_196	TTNA131_197	42.857	84	48	0	1	84	2	85	5.70e-20	69.3
bflTTN_Aig15_196	TTNA79_193	41.111	90	49	1	4	93	6	91	2.34e-19	67.8
bflTTN_Aig15_196	TTNA61_197	35.106	94	60	1	1	93	2	95	3.04e-19	67.8
bflTTN_Aig15_196	TTNA25_194	33.708	89	59	0	5	93	4	92	4.71e-19	67.0
bflTTN_Aig15_196	TTNA68_195	32.979	94	63	0	1	94	1	94	7.62e-19	66.6
bflTTN_Aig15_196	TTNA153_193	34.831	89	56	1	1	89	1	87	7.82e-19	66.6
bflTTN_Aig15_196	TTNI107_196	36.264	91	58	0	1	91	2	92	1.53e-18	65.9
bflTTN_Aig15_196	TTNA98_194	31.183	93	62	1	1	93	2	92	1.34e-17	63.5
bflTTN_Aig15_196	TTNA83_196	33.333	93	62	0	1	93	2	94	2.59e-17	62.8
bflTTN_Aig15_196	TTNA15_1104	28.713	101	64	1	1	93	1	101	2.81e-17	62.8
bflTTN_Aig15_196	TTNA109_194	32.584	89	58	1	1	89	2	88	6.21e-17	61.6
bflTTN_Aig15_196	TTNA50_196	33.333	93	62	0	1	93	2	94	8.55e-17	61.2
bflTTN_Aig15_196	TTNA65_194	31.461	89	59	1	1	89	2	88	2.24e-16	60.1
bflTTN_Aig15_196	TTNA149_197	31.325	83	57	0	11	93	13	95	2.99e-16	60.1
bflTTN_Aig15_196	TTNA39_196	38.824	85	50	2	2	84	1	85	3.54e-16	59.7
bflTTN_Aig15_196	TTNA120_193	34.043	94	58	2	1	92	1	92	1.70e-15	58.2
bflTTN_Aig15_196	TTNA76_194	32.584	89	58	1	1	89	2	88	2.02e-15	57.8
bflTTN_Aig15_196	TTNA46_192	27.957	93	63	1	1	93	2	90	2.32e-15	57.8
bflTTN_Aig15_196	TTNA36_196	32.979	94	61	1	1	92	2	95	2.72e-15	57.4
bflTTN_Aig15_196	TTNA156_195	36.559	93	59	0	1	93	1	93	3.88e-15	57.0
bflTTN_Aig15_196	TTNA101_192	35.000	80	52	0	14	93	11	90	4.59e-15	57.0
bflTTN_Aig15_196	TTNA87_194	32.584	89	58	1	1	89	2	88	8.27e-15	56.2
bflTTN_Aig15_196	TTNA90_192	30.380	79	55	0	14	92	11	89	2.00e-14	55.1
bflTTN_Aig15_196	TTNM7_192	30.864	81	56	0	14	94	11	91	2.80e-14	54.7
bflTTN_Aig15_196	TTNA145_195	34.524	84	55	0	12	95	12	95	2.91e-14	55.1
bflTTN_Aig15_196	TTNA32_196	35.484	93	60	0	1	93	2	94	2.94e-14	55.1
bflTTN_Aig15_196	TTNA22_194	32.941	85	55	1	1	85	2	84	3.31e-14	54.7
bflTTN_Aig15_196	TTNA94_195	31.395	86	59	0	1	86	1	86	3.77e-14	54.7
bflTTN_Aig15_196	TTNA127_195	29.670	91	64	0	1	91	1	91	3.85e-14	54.7
bflTTN_Aig15_196	TTNA105_197	32.184	87	58	1	1	86	2	88	7.63e-14	53.9
bflTTN_Aig15_196	TTNA57_195	31.507	73	50	0	23	95	23	95	7.95e-14	53.9
bflTTN_Aig15_196	TTNA72_196	31.183	93	64	0	1	93	2	94	9.99e-14	53.5
bflTTN_Aig15_196	TTNI106_194	37.500	72	45	0	9	80	8	79	1.19e-13	53.1
bflTTN_Aig15_196	TTNI39_193	31.646	79	54	0	13	91	11	89	1.71e-13	52.8
bflTTN_Aig15_196	TTNA123_196	27.957	93	67	0	1	93	2	94	2.56e-13	52.4
bflTTN_Aig15_196	TTNA112_192	32.911	79	53	0	15	93	12	90	3.80e-13	52.0
bflTTN_Aig15_196	TTNA29_194	31.183	93	62	1	1	93	2	92	4.06e-13	52.0
bflTTN_Aig15_196	TTNA8_195	29.670	91	63	1	1	91	2	91	8.75e-13	51.2
bflTTN_Aig15_196	TTNA54_196	31.325	83	53	2	5	85	6	86	1.96e-12	50.1
bflTTN_Aig15_196	TTNA160_193	25.263	95	69	1	1	95	1	93	4.91e-12	49.3
bflTTN_Aig15_196	TTNA43_195	29.213	89	62	1	1	89	2	89	5.47e-12	48.9
bflTTN_Aig15_196	TTNM10_195	29.474	95	62	2	1	93	2	93	8.78e-12	48.5
bflTTN_Aig15_196	TTNA1_193	27.907	86	61	1	10	95	9	93	1.19e-11	48.1
bflTTN_Aig15_196	TTNA138_196	26.596	94	69	0	1	94	2	95	1.20e-11	48.1
bflTTN_Aig15_196	TTNM5_194	30.488	82	57	0	13	94	11	92	3.71e-11	47.0
bflTTN_Aig15_196	TTNA134_195	25.263	95	71	0	1	95	1	95	5.77e-11	46.6
bflTTN_Aig15_196	TTNZ3_195	28.571	84	56	2	13	94	11	92	1.17e-10	45.4
bflTTN_Aig15_196	TTNA169_1100	32.258	93	60	2	2	91	4	96	2.41e-10	45.1
bflTTN_Aig15_196	TTNI51_193	30.667	75	52	0	13	87	11	85	4.68e-10	43.9
bflTTN_Aig15_196	TTNA165_196	25.263	95	70	1	1	94	1	95	5.30e-10	43.9
bflTTN_Aig15_196	TTNI64_193	25.000	72	54	0	13	84	11	82	8.81e-10	43.1
bflTTN_Aig15_196	TTNI54_193	26.761	71	52	0	14	84	12	82	1.19e-09	43.1
bflTTN_Aig15_196	TTNA164_192	28.736	87	61	1	9	95	7	92	1.83e-09	42.4
bflTTN_Aig15_196	TTNZ4_195	29.870	77	52	1	18	92	16	92	2.07e-09	42.4
bflTTN_Aig15_196	TTNI74_193	22.500	80	62	0	14	93	12	91	2.10e-09	42.4
bflTTN_Aig15_196	TTNI33_193	25.974	77	57	0	11	87	9	85	2.43e-09	42.0
bflTTN_Aig15_196	TTNA11_1103	32.609	92	48	3	11	91	13	101	3.83e-09	42.0
bflTTN_Aig15_196	TTNI77_193	24.324	74	56	0	18	91	16	89	5.97e-09	41.2
bflTTN_Aig15_196	TTNI58_194	23.457	81	62	0	15	95	14	94	8.74e-09	40.8
bflTTN_Aig15_196	TTNI48_194	22.500	80	62	0	15	94	14	93	9.73e-09	40.4
bflTTN_Aig15_196	TTNI44_193	28.788	66	47	0	29	94	27	92	1.01e-08	40.4
bflTTN_Aig15_196	TTNI61_193	28.049	82	59	0	13	94	11	92	1.17e-08	40.4
bflTTN_Aig15_196	TTNI47_193	29.333	75	53	0	19	93	17	91	1.33e-08	40.4
bflTTN_Aig15_196	TTNZ1_195	25.287	87	61	2	13	96	10	95	1.34e-08	40.4
bflTTN_Aig15_196	TTNZ2_194	26.744	86	59	2	13	96	11	94	1.49e-08	40.0
bflTTN_Aig15_196	TTNI73_193	31.579	76	48	1	24	95	18	93	1.53e-08	40.0
bflTTN_Aig15_196	TTNI57_193	26.829	82	60	0	13	94	11	92	1.79e-08	40.0
bflTTN_Aig15_196	TTNM3_193	29.630	81	56	1	15	94	12	92	3.18e-08	39.3
bflTTN_Aig15_196	TTNI71_193	26.829	82	60	0	13	94	11	92	7.93e-08	38.1
bflTTN_Aig15_196	TTNI34_193	24.176	91	68	1	4	94	3	92	8.19e-08	38.1
bflTTN_Aig15_196	TTNZ7_195	27.711	83	57	2	4	84	2	83	8.22e-08	38.1
bflTTN_Aig15_196	TTNI17_194	27.368	95	66	2	1	95	2	93	8.42e-08	38.1
bflTTN_Aig15_196	TTNI67_193	27.273	77	56	0	18	94	16	92	9.40e-08	38.1
bflTTN_Aig15_196	TTNI14_192	23.944	71	54	0	13	83	11	81	9.63e-08	38.1
bflTTN_Aig15_196	TTNA18_199	29.787	94	59	2	9	95	6	99	9.68e-08	38.1
bflTTN_Aig15_196	TTNI40_193	22.078	77	60	0	18	94	16	92	1.06e-07	37.7
bflTTN_Aig15_196	TTNI36_194	25.000	80	60	0	15	94	14	93	1.64e-07	37.4
bflTTN_Aig15_196	TTNI32_193	27.381	84	60	1	11	94	10	92	2.10e-07	37.0
bflTTN_Aig15_196	TTNI105_190	20.988	81	61	1	13	93	11	88	2.32e-07	37.0
bflTTN_Aig15_196	TTNI30_194	19.481	77	62	0	18	94	17	93	2.33e-07	37.0
bflTTN_Aig15_196	TTNZ6_195	26.250	80	56	2	18	95	15	93	3.25e-07	36.6
bflTTN_Aig15_196	TTNI50_194	25.610	82	60	1	13	93	11	92	3.83e-07	36.6
bflTTN_Aig15_196	TTNI79_193	26.761	71	52	0	13	83	11	81	5.87e-07	35.8
bflTTN_Aig15_196	TTNI12_187	36.957	46	29	0	31	76	28	73	6.75e-07	35.8
bflTTN_Aig15_196	TTNM9_196	25.316	79	59	0	15	93	13	91	9.39e-07	35.4
bflTTN_Aig15_196	TTNI75_193	21.951	82	64	0	13	94	11	92	1.03e-06	35.4
bflTTN_Aig15_196	TTNI65_193	21.795	78	61	0	18	95	16	93	1.05e-06	35.4
bflTTN_Aig15_196	TTNI53_193	30.667	75	48	1	24	94	18	92	1.15e-06	35.0
bflTTN_Aig15_196	TTNM2_195	26.506	83	58	1	14	93	11	93	1.32e-06	35.0
bflTTN_Aig15_196	TTNI70_194	26.190	84	60	2	11	93	10	92	1.52e-06	35.0
bflTTN_Aig15_196	TTNI42_194	20.482	83	66	0	12	94	11	93	1.54e-06	35.0
bflTTN_Aig15_196	TTNI43_193	30.435	92	51	3	9	94	8	92	1.95e-06	34.7
bflTTN_Aig15_196	TTNI55_193	27.273	66	48	0	18	83	16	81	4.07e-06	33.9
bflTTN_Aig15_196	TTNI16_194	24.691	81	59	2	15	93	12	92	4.94e-06	33.5
bflTTN_Aig15_196	TTNI1_194	25.000	84	60	2	14	95	12	94	8.34e-06	33.1
bflTTN_Aig15_196	TTNI25_195	21.591	88	66	2	9	93	5	92	9.60e-06	32.7
bflTTN_Aig15_196	TTNI27_194	24.051	79	60	0	15	93	13	91	1.06e-05	32.7
bflTTN_Aig15_196	TTNI24_192	21.429	70	55	0	15	84	12	81	1.12e-05	32.7
bflTTN_Aig15_196	TTNI28_193	23.457	81	62	0	13	93	11	91	1.17e-05	32.3
bflTTN_Aig15_196	TTNI49_193	18.293	82	67	0	8	89	6	87	1.22e-05	32.3
bflTTN_Aig15_196	TTNI76_193	26.582	79	54	1	19	93	13	91	1.56e-05	32.3
bflTTN_Aig15_196	TTNI38_193	28.571	77	55	0	18	94	16	92	1.73e-05	32.0
bflTTN_Aig15_196	TTNI72_193	24.359	78	59	0	17	94	15	92	1.80e-05	32.0
bflTTN_Aig15_196	TTNZ9_193	25.532	94	66	2	1	94	1	90	1.84e-05	32.0
bflTTN_Aig15_196	TTNI68_194	22.727	66	51	0	15	80	14	79	2.14e-05	32.0
bflTTN_Aig15_196	TTNI46_193	25.758	66	49	0	18	83	16	81	3.44e-05	31.2
bflTTN_Aig15_196	TTNI66_193	24.359	78	55	2	18	93	16	91	5.10e-05	30.8
bflTTN_Aig15_196	TTNA4_1121	22.414	116	57	3	1	87	2	113	6.82e-05	30.8
bflTTN_Aig15_196	TTNI35_193	28.235	85	58	1	10	94	11	92	7.34e-05	30.4
bflTTN_Aig15_196	TTNI37_193	30.303	66	42	2	28	91	26	89	7.73e-05	30.4
bflTTN_Aig15_196	TTNI62_193	26.744	86	62	1	9	94	8	92	9.91e-05	30.0
bflTTN_Aig15_196	TTNI59_193	24.242	66	50	0	18	83	16	81	1.04e-04	30.0
bflTTN_Aig15_196	TTNI60_194	32.787	61	32	1	42	93	32	92	1.22e-04	29.6
bflTTN_Aig15_196	TTNI4_189	22.222	45	35	0	34	78	31	75	1.26e-04	29.6
bflTTN_Aig15_196	TTNI7_187	31.250	48	33	0	31	78	28	75	2.18e-04	28.9
bflTTN_Aig15_196	TTNI82_188	23.529	68	51	1	13	80	11	77	2.43e-04	28.9
bflTTN_Aig15_196	TTNI69_193	23.288	73	52	2	18	88	16	86	3.32e-04	28.5
bflTTN_Aig15_196	TTNI56_193	25.000	76	53	2	18	91	16	89	4.04e-04	28.5
bflTTN_Aig15_196	TTNZ5_193	26.027	73	51	2	18	89	16	86	6.02e-04	28.1
bflTTN_Aig15_196	TTNI45_193	20.312	64	51	0	28	91	26	89	8.11e-04	27.7
bflTTN_Aig15_196	TTNI63_193	21.429	84	66	0	11	94	9	92	0.001	26.9
bflTTN_Aig15_196	TTNI80_194	27.273	66	47	1	29	93	27	92	0.002	26.6
bflTTN_Aig15_196	TTNI78_194	26.667	60	40	2	37	94	36	93	0.002	26.2
bflTTN_Aig15_196	TTNI84_196	25.000	88	62	2	10	94	9	95	0.003	26.2
bflTTN_Aig15_196	TTNI31_193	27.273	55	36	2	36	88	34	86	0.004	25.8
bflTTN_Aig15_196	TTNM6_194	21.667	60	46	1	36	94	34	93	0.005	25.4
bflTTN_Aig15_196	TTNM1_192	26.923	52	36	1	46	95	41	92	0.006	25.4
bflTTN_Aig15_196	TTNI100_188	24.590	61	45	1	18	78	16	75	0.007	25.0
bflTTN_Aig15_196	TTNI29_193	25.000	52	39	0	36	87	34	85	0.009	24.6
bflTTN_Aig15_196	TTNI52_193	32.609	46	29	1	51	94	47	92	0.010	24.6
bflTTN_Aig15_196	TTNI96_188	23.077	78	59	1	13	90	11	87	0.011	24.6
bflTTN_Aig15_196	TTNI94_187	26.190	42	31	0	37	78	34	75	0.012	24.3
bflTTN_Aig15_196	TTNI91_188	20.513	78	61	1	13	90	11	87	0.014	24.3
bflTTN_Aig15_196	TTNI81_190	21.429	56	41	1	21	76	23	75	0.015	24.3
bflTTN_Aig15_196	TTNI102_188	21.053	57	41	1	37	93	34	86	0.015	23.9
bflTTN_Aig15_196	TTNI13_190	27.273	44	30	1	35	76	32	75	0.026	23.5
bflTTN_Aig15_196	TTNI99_188	22.222	45	35	0	30	74	27	71	0.029	23.1
bflTTN_Aig15_196	TTNI5_188	28.571	42	30	0	37	78	35	76	0.044	22.7
bflTTN_Aig15_196	TTNI88_187	23.729	59	41	2	37	95	33	87	0.074	22.3
bflTTN_Aig15_196	TTNI15_191	19.672	61	49	0	34	94	31	91	0.085	21.9
bflTTN_Aig15_196	TTNA168_194	22.857	70	50	2	28	94	25	93	0.16	21.2
bflTTN_Aig15_196	TTNI85_192	40.000	20	12	0	61	80	59	78	0.20	21.2
bflTTN_Aig15_196	TTNI90_187	20.000	80	54	1	10	89	16	85	0.21	20.8
bflTTN_Aig15_196	TTNI9_187	25.862	58	39	1	37	94	34	87	0.22	20.8
bflTTN_Aig15_196	TTNI6_187	25.000	40	30	0	37	76	34	73	0.23	20.8
bflTTN_Aig15_196	TTNZ8_195	24.242	66	50	0	29	94	28	93	0.28	20.8
bflTTN_Aig15_196	TTNI89_188	32.258	31	20	1	14	44	12	41	0.36	20.4
bflTTN_Aig15_196	TTNI10_187	17.021	47	39	0	35	81	32	78	0.85	19.2
bflTTN_Aig15_196	TTNI11_187	21.505	93	65	3	3	94	2	87	0.94	19.2
bflTTN_Aig15_196	TTNI83_193	23.913	46	35	0	36	81	33	78	1.3	18.9
bflTTN_Aig15_196	TTNM8_193	18.667	75	59	1	9	83	8	80	1.7	18.5
bflTTN_Aig15_196	TTNI92_187	20.690	58	42	1	37	94	34	87	6.7	16.5
bflTTN_Aig15_196	TTNI3_187	37.500	24	13	1	67	90	40	61	8.9	16.2
bflTTN_Aig16_195	TTNA65_194	54.945	91	41	0	3	93	3	93	1.35e-36	111
bflTTN_Aig16_195	TTNA109_194	44.086	93	52	0	1	93	1	93	3.82e-29	92.8
bflTTN_Aig16_195	TTNA76_194	41.935	93	54	0	1	93	1	93	5.02e-29	92.4
bflTTN_Aig16_195	TTNA87_194	45.055	91	50	0	3	93	3	93	3.53e-27	87.8
bflTTN_Aig16_195	TTNA142_194	43.956	91	51	0	3	93	3	93	7.11e-27	87.0
bflTTN_Aig16_195	TTNA43_195	41.489	94	54	1	1	93	1	94	1.32e-26	86.3
bflTTN_Aig16_195	TTNA54_196	46.316	95	49	1	1	93	1	95	3.01e-26	85.5
bflTTN_Aig16_195	TTNA153_193	44.444	90	50	0	3	92	2	91	9.06e-25	81.6
bflTTN_Aig16_195	TTNA131_197	40.426	94	53	2	3	93	3	96	4.22e-23	77.4
bflTTN_Aig16_195	TTNA98_194	38.462	91	56	0	3	93	3	93	6.16e-23	77.0
bflTTN_Aig16_195	TTNA160_193	40.217	92	55	0	3	94	2	93	3.19e-22	75.1
bflTTN_Aig16_195	TTNA94_195	38.043	92	55	1	4	93	3	94	5.51e-20	69.3
bflTTN_Aig16_195	TTNA57_195	37.805	82	49	1	15	94	14	95	1.12e-18	66.2
bflTTN_Aig16_195	TTNA120_193	34.483	87	57	0	7	93	6	92	1.45e-18	65.9
bflTTN_Aig16_195	TTNA22_194	36.264	91	58	0	3	93	3	93	3.12e-18	65.1
bflTTN_Aig16_195	TTNA83_196	35.789	95	59	1	1	93	1	95	1.26e-17	63.5
bflTTN_Aig16_195	TTNA116_196	34.737	95	60	1	1	93	1	95	8.00e-17	61.2
bflTTN_Aig16_195	TTNA15_1104	32.584	89	50	1	15	93	14	102	9.98e-17	61.2
bflTTN_Aig16_195	TTNA29_194	36.559	93	59	0	1	93	1	93	2.49e-16	60.1
bflTTN_Aig16_195	TTNA149_197	36.458	96	58	2	1	93	1	96	2.59e-16	60.1
bflTTN_Aig16_195	TTNA46_192	32.500	80	52	1	16	93	12	91	2.61e-15	57.4
bflTTN_Aig16_195	TTNA39_196	35.165	91	55	1	7	93	5	95	8.85e-15	56.2
bflTTN_Aig16_195	TTNA90_192	34.409	93	56	2	3	93	2	91	9.28e-15	56.2
bflTTN_Aig16_195	TTNA1_193	37.805	82	49	1	15	94	12	93	9.60e-15	55.8
bflTTN_Aig16_195	TTNA32_196	32.632	95	62	1	1	93	1	95	1.32e-14	55.8
bflTTN_Aig16_195	TTNA101_192	32.941	85	55	1	11	93	7	91	1.43e-14	55.5
bflTTN_Aig16_195	TTNA8_195	35.106	94	60	1	1	93	1	94	5.05e-14	54.3
bflTTN_Aig16_195	TTNA36_196	34.043	94	58	2	1	90	1	94	5.22e-14	54.3
bflTTN_Aig16_195	TTNI107_196	34.831	89	56	1	7	93	7	95	5.51e-14	54.3
bflTTN_Aig16_195	TTNA68_195	32.500	80	52	1	15	92	14	93	5.68e-14	53.9
bflTTN_Aig16_195	TTNA105_197	36.585	82	49	1	15	93	15	96	9.89e-14	53.5
bflTTN_Aig16_195	TTNA79_193	34.884	86	54	1	10	93	7	92	1.05e-13	53.5
bflTTN_Aig16_195	TTNA165_196	36.364	77	46	2	19	92	18	94	2.40e-13	52.4
bflTTN_Aig16_195	TTNA127_195	35.870	92	53	3	7	93	4	94	2.53e-13	52.4
bflTTN_Aig16_195	TTNA72_196	33.696	92	59	1	4	93	4	95	3.50e-13	52.0
bflTTN_Aig16_195	TTNA138_196	33.684	95	59	2	1	92	1	94	3.90e-13	52.0
bflTTN_Aig16_195	TTNM10_195	28.395	81	54	1	16	92	13	93	5.10e-13	51.6
bflTTN_Aig16_195	TTNA25_194	32.500	80	52	1	16	93	14	93	5.15e-13	51.6
bflTTN_Aig16_195	TTNA145_195	36.250	80	49	1	17	94	16	95	6.13e-13	51.6
bflTTN_Aig16_195	TTNA123_196	35.294	85	51	2	12	93	12	95	1.67e-12	50.4
bflTTN_Aig16_195	TTNA61_197	34.568	81	50	2	16	93	16	96	9.17e-12	48.5
bflTTN_Aig16_195	TTNA50_196	32.653	98	58	2	1	93	1	95	1.31e-11	48.1
bflTTN_Aig16_195	TTNA169_1100	34.328	67	41	2	19	82	22	88	4.44e-11	46.6
bflTTN_Aig16_195	TTNI105_190	34.177	79	51	1	15	93	12	89	6.38e-11	46.2
bflTTN_Aig16_195	TTNM5_194	30.667	75	50	1	12	84	9	83	3.02e-10	44.7
bflTTN_Aig16_195	TTNI32_193	29.730	74	50	1	15	86	12	85	3.05e-10	44.3
bflTTN_Aig16_195	TTNA18_199	30.612	98	59	1	6	94	2	99	4.59e-10	44.3
bflTTN_Aig16_195	TTNI48_194	28.235	85	59	1	10	92	8	92	1.07e-09	43.1
bflTTN_Aig16_195	TTNA112_192	28.235	85	59	1	11	93	7	91	1.51e-09	42.7
bflTTN_Aig16_195	TTNI74_193	32.500	80	52	1	16	93	13	92	1.77e-09	42.4
bflTTN_Aig16_195	TTNM4_193	27.059	85	60	1	12	94	9	93	2.77e-09	42.0
bflTTN_Aig16_195	TTNA11_1103	28.235	85	51	2	16	92	17	99	6.07e-09	41.2
bflTTN_Aig16_195	TTNA134_195	30.864	81	54	1	16	94	15	95	8.03e-09	40.8
bflTTN_Aig16_195	TTNI36_194	26.506	83	57	2	13	91	11	93	5.89e-08	38.5
bflTTN_Aig16_195	TTNI106_194	29.333	75	51	1	22	94	20	94	1.76e-07	37.4
bflTTN_Aig16_195	TTNI73_193	26.582	79	56	1	16	92	13	91	1.88e-07	37.4
bflTTN_Aig16_195	TTNA156_195	29.412	85	56	2	12	93	11	94	2.43e-07	37.0
bflTTN_Aig16_195	TTNM9_196	29.762	84	57	1	12	93	9	92	2.52e-07	37.0
bflTTN_Aig16_195	TTNI58_194	21.333	75	57	1	13	85	11	85	3.11e-07	36.6
bflTTN_Aig16_195	TTNI25_195	30.435	69	45	1	28	93	25	93	3.67e-07	36.6
bflTTN_Aig16_195	TTNM1_192	30.769	65	43	1	32	94	28	92	5.33e-07	36.2
bflTTN_Aig16_195	TTNI30_194	27.536	69	48	1	19	85	17	85	6.88e-07	35.8
bflTTN_Aig16_195	TTNZ2_194	23.256	86	64	1	11	94	8	93	7.48e-07	35.8
bflTTN_Aig16_195	TTNI63_193	30.380	79	53	1	16	92	13	91	9.58e-07	35.4
bflTTN_Aig16_195	TTNI54_193	31.429	70	46	1	16	83	13	82	1.10e-06	35.0
bflTTN_Aig16_195	TTNI39_193	33.333	72	44	3	26	93	21	92	1.32e-06	35.0
bflTTN_Aig16_195	TTNI55_193	31.944	72	43	2	19	86	16	85	1.75e-06	34.7
bflTTN_Aig16_195	TTNZ1_195	22.368	76	55	1	15	86	11	86	1.96e-06	34.7
bflTTN_Aig16_195	TTNI17_194	21.918	73	55	1	16	86	13	85	2.36e-06	34.3
bflTTN_Aig16_195	TTNZ6_195	25.352	71	48	2	19	85	15	84	2.63e-06	34.3
bflTTN_Aig16_195	TTNI68_194	24.638	69	50	1	13	79	11	79	2.79e-06	34.3
bflTTN_Aig16_195	TTNI53_193	31.148	61	40	1	28	86	25	85	3.43e-06	33.9
bflTTN_Aig16_195	TTNZ3_195	27.160	81	55	2	16	92	13	93	3.53e-06	33.9
bflTTN_Aig16_195	TTNI64_193	28.750	80	55	1	16	93	13	92	5.00e-06	33.5
bflTTN_Aig16_195	TTNA164_192	32.353	68	42	3	19	83	15	81	5.77e-06	33.1
bflTTN_Aig16_195	TTNI16_194	22.472	89	61	2	1	85	1	85	6.53e-06	33.1
bflTTN_Aig16_195	TTNA4_1121	29.310	116	50	4	10	93	5	120	9.75e-06	33.1
bflTTN_Aig16_195	TTNI38_193	32.143	84	50	4	13	91	11	92	1.67e-05	32.0
bflTTN_Aig16_195	TTNI28_193	30.303	66	44	1	19	82	16	81	1.89e-05	32.0
bflTTN_Aig16_195	TTNI44_193	25.806	62	44	1	28	87	25	86	1.91e-05	32.0
bflTTN_Aig16_195	TTNZ7_195	25.926	81	56	1	16	92	12	92	2.23e-05	32.0
bflTTN_Aig16_195	TTNI14_192	26.582	79	56	1	16	92	13	91	2.25e-05	31.6
bflTTN_Aig16_195	TTNI80_194	26.316	76	53	1	20	92	17	92	2.65e-05	31.6
bflTTN_Aig16_195	TTNI1_194	28.205	78	53	1	12	86	9	86	2.88e-05	31.6
bflTTN_Aig16_195	TTNI99_188	37.778	45	26	1	31	73	27	71	2.93e-05	31.2
bflTTN_Aig16_195	TTNI59_193	25.333	75	54	1	19	91	16	90	3.65e-05	31.2
bflTTN_Aig16_195	TTNI42_194	25.000	80	58	1	15	92	13	92	4.75e-05	30.8
bflTTN_Aig16_195	TTNI40_193	23.881	67	49	1	19	83	16	82	6.95e-05	30.4
bflTTN_Aig16_195	TTNI43_193	28.169	71	49	1	22	90	19	89	1.44e-04	29.6
bflTTN_Aig16_195	TTNI67_193	32.353	68	42	2	28	92	25	91	1.73e-04	29.3
bflTTN_Aig16_195	TTNI75_193	25.000	80	56	2	16	91	13	92	2.70e-04	28.9
bflTTN_Aig16_195	TTNI61_193	24.051	79	58	1	16	92	13	91	2.72e-04	28.9
bflTTN_Aig16_195	TTNM7_192	27.397	73	51	2	16	86	12	84	3.11e-04	28.5
bflTTN_Aig16_195	TTNM3_193	24.691	81	56	2	16	92	12	91	3.42e-04	28.5
bflTTN_Aig16_195	TTNI49_193	23.288	73	54	1	22	92	19	91	3.45e-04	28.5
bflTTN_Aig16_195	TTNI12_187	26.000	50	35	1	30	77	26	75	3.85e-04	28.5
bflTTN_Aig16_195	TTNI70_194	25.641	78	55	2	19	93	16	93	4.61e-04	28.1
bflTTN_Aig16_195	TTNI51_193	25.000	72	52	1	16	85	13	84	5.72e-04	28.1
bflTTN_Aig16_195	TTNI29_193	30.508	59	39	1	36	92	33	91	6.02e-04	28.1
bflTTN_Aig16_195	TTNI45_193	23.529	68	50	2	28	93	25	92	0.001	26.9
bflTTN_Aig16_195	TTNI72_193	25.000	68	49	2	18	83	15	82	0.002	26.9
bflTTN_Aig16_195	TTNZ4_195	27.273	77	52	3	14	86	11	87	0.002	26.6
bflTTN_Aig16_195	TTNZ9_193	24.051	79	58	2	6	82	1	79	0.002	26.2
bflTTN_Aig16_195	TTNM2_195	22.222	72	51	1	19	85	15	86	0.002	26.2
bflTTN_Aig16_195	TTNI24_192	29.167	72	45	3	16	83	12	81	0.003	25.8
bflTTN_Aig16_195	TTNI69_193	22.727	66	49	1	19	82	16	81	0.004	25.4
bflTTN_Aig16_195	TTNI57_193	26.761	71	48	2	16	83	13	82	0.005	25.4
bflTTN_Aig16_195	TTNI50_194	23.457	81	59	1	16	93	13	93	0.006	25.4
bflTTN_Aig16_195	TTNI71_193	24.051	79	58	1	16	92	13	91	0.007	25.0
bflTTN_Aig16_195	TTNI66_193	26.230	61	43	1	28	86	25	85	0.007	25.0
bflTTN_Aig16_195	TTNI41_193	24.675	77	56	1	12	86	9	85	0.013	24.3
bflTTN_Aig16_195	TTNI65_193	22.857	70	52	1	19	86	16	85	0.017	23.9
bflTTN_Aig16_195	TTNI77_193	18.841	69	54	1	19	85	16	84	0.018	23.9
bflTTN_Aig16_195	TTNI31_193	26.761	71	49	2	15	83	13	82	0.036	23.1
bflTTN_Aig16_195	TTNM6_194	23.810	63	43	2	35	94	32	92	0.044	22.7
bflTTN_Aig16_195	TTNI34_193	26.027	73	51	2	16	86	14	85	0.045	22.7
bflTTN_Aig16_195	TTNI86_190	27.027	74	47	3	12	80	9	80	0.054	22.7
bflTTN_Aig16_195	TTNI35_193	28.986	69	47	1	16	82	13	81	0.054	22.7
bflTTN_Aig16_195	TTNZ5_193	24.286	70	50	2	16	82	13	82	0.054	22.7
bflTTN_Aig16_195	TTNI92_187	26.667	45	31	1	38	80	34	78	0.072	22.3
bflTTN_Aig16_195	TTNI88_187	25.610	82	41	3	22	86	2	80	0.084	21.9
bflTTN_Aig16_195	TTNI37_193	27.778	72	46	3	24	92	21	89	0.16	21.2
bflTTN_Aig16_195	TTNI47_193	25.000	60	43	1	28	85	25	84	0.40	20.0
bflTTN_Aig16_195	TTNA168_194	20.988	81	60	2	16	92	12	92	0.43	20.0
bflTTN_Aig16_195	TTNI85_192	63.636	11	4	0	69	79	68	78	0.56	19.6
bflTTN_Aig16_195	TTNI33_193	21.250	80	61	1	16	93	13	92	0.66	19.6
bflTTN_Aig16_195	TTNI6_187	50.000	14	7	0	64	77	62	75	1.3	18.9
bflTTN_Aig16_195	TTNI102_188	27.273	44	30	2	36	77	32	75	3.8	17.3
bflTTN_Aig16_195	TTNI101_193	42.857	14	8	0	22	35	2	15	6.1	16.9
bflTTN_Aig16_195	TTNI26_191	37.500	16	10	0	71	86	68	83	7.0	16.5
bflTTN_Aig16_195	TTNI13_190	28.571	21	15	0	69	89	69	89	7.1	16.5
bflTTN_Aig17_196	TTNA120_193	37.234	94	57	1	1	94	1	92	4.71e-18	64.7
bflTTN_Aig17_196	TTNA1_193	33.684	95	60	1	1	95	2	93	9.25e-18	63.9
bflTTN_Aig17_196	TTNA68_195	35.484	93	60	0	1	93	1	93	4.08e-17	62.0
bflTTN_Aig17_196	TTNA94_195	35.106	94	61	0	1	94	1	94	7.41e-17	61.6
bflTTN_Aig17_196	TTNA57_195	31.579	95	65	0	1	95	1	95	1.38e-16	60.8
bflTTN_Aig17_196	TTNA156_195	30.851	94	65	0	1	94	1	94	2.39e-16	60.1
bflTTN_Aig17_196	TTNA65_194	32.979	94	61	1	1	94	2	93	6.69e-16	58.9
bflTTN_Aig17_196	TTNA134_195	32.632	95	64	0	1	95	1	95	9.18e-16	58.5
bflTTN_Aig17_196	TTNA83_196	30.851	94	65	0	1	94	2	95	1.05e-15	58.5
bflTTN_Aig17_196	TTNA90_192	35.000	80	52	0	15	94	12	91	3.50e-15	57.0
bflTTN_Aig17_196	TTNA50_196	36.170	94	60	0	1	94	2	95	3.93e-15	57.0
bflTTN_Aig17_196	TTNA101_192	33.333	84	56	0	11	94	8	91	5.06e-15	56.6
bflTTN_Aig17_196	TTNA131_197	32.632	95	63	1	1	94	2	96	5.22e-15	57.0
bflTTN_Aig17_196	TTNA123_196	30.851	94	65	0	1	94	2	95	8.57e-15	56.2
bflTTN_Aig17_196	TTNA142_194	31.915	94	62	1	1	94	2	93	1.38e-14	55.8
bflTTN_Aig17_196	TTNA116_196	32.143	84	57	0	11	94	12	95	1.73e-14	55.5
bflTTN_Aig17_196	TTNM10_195	35.802	81	50	1	15	93	13	93	3.21e-14	54.7
bflTTN_Aig17_196	TTNA153_193	32.258	93	61	1	1	93	1	91	1.84e-13	52.8
bflTTN_Aig17_196	TTNA98_194	31.633	98	57	2	1	94	2	93	2.70e-13	52.4
bflTTN_Aig17_196	TTNA43_195	31.579	95	62	2	1	94	2	94	1.55e-12	50.4
bflTTN_Aig17_196	TTNA32_196	34.409	93	57	3	3	94	6	95	1.60e-12	50.4
bflTTN_Aig17_196	TTNA76_194	27.660	94	66	1	1	94	2	93	2.66e-12	49.7
bflTTN_Aig17_196	TTNA87_194	29.787	94	64	1	1	94	2	93	3.48e-12	49.7
bflTTN_Aig17_196	TTNA149_197	28.090	89	64	0	6	94	8	96	4.13e-12	49.3
bflTTN_Aig17_196	TTNA72_196	33.333	84	56	0	11	94	12	95	5.41e-12	48.9
bflTTN_Aig17_196	TTNI32_193	36.471	85	54	0	9	93	7	91	6.22e-12	48.9
bflTTN_Aig17_196	TTNZ3_195	34.409	93	58	2	1	93	2	91	7.72e-12	48.5
bflTTN_Aig17_196	TTNI106_194	29.474	95	66	1	1	95	1	94	9.37e-12	48.5
bflTTN_Aig17_196	TTNA145_195	28.421	95	68	0	1	95	1	95	1.37e-11	48.1
bflTTN_Aig17_196	TTNA105_197	30.526	95	65	1	1	94	2	96	1.84e-11	47.8
bflTTN_Aig17_196	TTNA54_196	30.120	83	58	0	12	94	13	95	2.12e-11	47.4
bflTTN_Aig17_196	TTNA160_193	27.368	95	67	1	1	95	1	93	2.39e-11	47.4
bflTTN_Aig17_196	TTNA112_192	31.325	83	57	0	12	94	9	91	2.44e-11	47.4
bflTTN_Aig17_196	TTNA39_196	34.375	96	59	3	1	94	2	95	2.93e-11	47.4
bflTTN_Aig17_196	TTNA109_194	25.532	94	68	1	1	94	2	93	4.36e-11	46.6
bflTTN_Aig17_196	TTNI107_196	30.435	92	62	1	3	94	6	95	4.50e-11	46.6
bflTTN_Aig17_196	TTNA127_195	23.404	94	72	0	1	94	1	94	6.42e-11	46.2
bflTTN_Aig17_196	TTNA11_1103	32.967	91	54	2	1	84	2	92	8.13e-11	46.2
bflTTN_Aig17_196	TTNA169_1100	31.169	77	52	1	18	93	22	98	1.25e-10	45.8
bflTTN_Aig17_196	TTNA165_196	27.273	77	55	1	18	93	18	94	3.45e-10	44.3
bflTTN_Aig17_196	TTNA79_193	28.571	84	60	0	11	94	9	92	5.16e-10	43.9
bflTTN_Aig17_196	TTNI48_194	29.730	74	52	0	14	87	13	86	9.38e-10	43.1
bflTTN_Aig17_196	TTNA25_194	29.787	94	64	1	1	94	2	93	1.02e-09	43.1
bflTTN_Aig17_196	TTNI58_194	26.250	80	59	0	14	93	13	92	1.62e-09	42.7
bflTTN_Aig17_196	TTNA36_196	26.882	93	66	1	1	91	2	94	3.19e-09	42.0
bflTTN_Aig17_196	TTNI72_193	27.632	76	55	0	18	93	16	91	4.02e-09	41.6
bflTTN_Aig17_196	TTNI55_193	29.870	77	52	1	18	92	16	92	4.07e-09	41.6
bflTTN_Aig17_196	TTNI52_193	31.343	67	46	0	18	84	16	82	6.57e-09	41.2
bflTTN_Aig17_196	TTNA138_196	26.882	93	68	0	1	93	2	94	7.49e-09	40.8
bflTTN_Aig17_196	TTNA18_199	28.431	102	62	3	1	95	2	99	7.75e-09	40.8
bflTTN_Aig17_196	TTNI80_194	32.895	76	50	1	19	93	17	92	8.11e-09	40.8
bflTTN_Aig17_196	TTNA46_192	25.000	84	63	0	11	94	8	91	8.24e-09	40.8
bflTTN_Aig17_196	TTNM9_196	28.750	80	57	0	15	94	13	92	1.29e-08	40.4
bflTTN_Aig17_196	TTNA15_1104	25.532	94	58	2	11	94	11	102	1.39e-08	40.4
bflTTN_Aig17_196	TTNI45_193	32.000	75	49	2	21	94	19	92	1.48e-08	40.0
bflTTN_Aig17_196	TTNM7_192	29.577	71	50	0	23	93	20	90	1.55e-08	40.0
bflTTN_Aig17_196	TTNZ2_194	25.882	85	63	0	12	96	10	94	2.73e-08	39.3
bflTTN_Aig17_196	TTNI105_190	30.488	82	54	1	13	94	11	89	3.11e-08	39.3
bflTTN_Aig17_196	TTNM3_193	30.000	80	55	1	15	93	12	91	3.15e-08	39.3
bflTTN_Aig17_196	TTNA29_194	30.000	80	54	1	15	94	16	93	3.64e-08	39.3
bflTTN_Aig17_196	TTNI12_187	37.705	61	37	1	29	89	26	85	6.26e-08	38.5
bflTTN_Aig17_196	TTNI1_194	28.169	71	50	1	18	87	16	86	8.70e-08	38.1
bflTTN_Aig17_196	TTNI39_193	30.000	80	56	0	15	94	13	92	9.01e-08	38.1
bflTTN_Aig17_196	TTNM5_194	23.529	85	65	0	9	93	7	91	9.47e-08	38.1
bflTTN_Aig17_196	TTNA61_197	30.588	85	58	1	1	84	2	86	1.31e-07	37.7
bflTTN_Aig17_196	TTNA8_195	32.990	97	58	4	1	94	2	94	1.47e-07	37.7
bflTTN_Aig17_196	TTNI73_193	24.706	85	64	0	9	93	7	91	3.57e-07	36.6
bflTTN_Aig17_196	TTNI49_193	25.000	76	57	0	18	93	16	91	5.06e-07	36.2
bflTTN_Aig17_196	TTNZ4_195	33.333	81	49	3	14	91	13	91	8.06e-07	35.8
bflTTN_Aig17_196	TTNI59_193	25.333	75	56	0	18	92	16	90	9.34e-07	35.4
bflTTN_Aig17_196	TTNI71_193	24.706	85	64	0	9	93	7	91	9.84e-07	35.4
bflTTN_Aig17_196	TTNI51_193	25.316	79	59	0	9	87	7	85	1.08e-06	35.4
bflTTN_Aig17_196	TTNI42_194	27.381	84	55	2	13	93	12	92	1.40e-06	35.0
bflTTN_Aig17_196	TTNI67_193	26.042	96	62	2	1	93	2	91	1.44e-06	35.0
bflTTN_Aig17_196	TTNI35_193	28.571	77	53	2	18	93	16	91	2.82e-06	34.3
bflTTN_Aig17_196	TTNI77_193	26.596	94	64	2	1	92	2	92	3.13e-06	33.9
bflTTN_Aig17_196	TTNI69_193	25.352	71	53	0	18	88	16	86	3.48e-06	33.9
bflTTN_Aig17_196	TTNM4_193	24.691	81	61	0	15	95	13	93	3.67e-06	33.9
bflTTN_Aig17_196	TTNI65_193	27.273	77	54	1	18	92	16	92	6.07e-06	33.1
bflTTN_Aig17_196	TTNI36_194	25.352	71	53	0	14	84	13	83	6.70e-06	33.1
bflTTN_Aig17_196	TTNI63_193	27.381	84	59	2	11	93	9	91	6.74e-06	33.1
bflTTN_Aig17_196	TTNA22_194	24.468	94	69	1	1	94	2	93	7.28e-06	33.1
bflTTN_Aig17_196	TTNI24_192	30.556	72	50	0	22	93	19	90	8.18e-06	32.7
bflTTN_Aig17_196	TTNI43_193	28.571	70	48	2	19	87	17	85	9.92e-06	32.7
bflTTN_Aig17_196	TTNI57_193	25.806	93	66	1	1	93	2	91	1.84e-05	32.0
bflTTN_Aig17_196	TTNI68_194	28.750	80	57	0	14	93	13	92	1.86e-05	32.0
bflTTN_Aig17_196	TTNI30_194	28.767	73	46	2	18	87	17	86	2.07e-05	32.0
bflTTN_Aig17_196	TTNI34_193	29.032	62	44	0	23	84	21	82	2.11e-05	32.0
bflTTN_Aig17_196	TTNZ5_193	29.577	71	45	2	18	85	16	84	2.39e-05	31.6
bflTTN_Aig17_196	TTNI53_193	26.744	86	57	2	11	93	9	91	2.57e-05	31.6
bflTTN_Aig17_196	TTNI25_195	26.087	69	50	1	27	94	25	93	3.22e-05	31.6
bflTTN_Aig17_196	TTNI64_193	24.638	69	52	0	15	83	13	81	3.51e-05	31.2
bflTTN_Aig17_196	TTNI33_193	23.256	86	66	0	9	94	7	92	4.10e-05	31.2
bflTTN_Aig17_196	TTNI44_193	23.684	76	56	1	8	83	8	81	4.89e-05	30.8
bflTTN_Aig17_196	TTNI79_193	23.611	72	55	0	13	84	11	82	6.41e-05	30.4
bflTTN_Aig17_196	TTNM2_195	22.785	79	58	1	18	93	15	93	7.69e-05	30.4
bflTTN_Aig17_196	TTNI75_193	24.658	73	55	0	15	87	13	85	7.73e-05	30.4
bflTTN_Aig17_196	TTNI16_194	24.419	86	61	2	11	93	8	92	7.83e-05	30.4
bflTTN_Aig17_196	TTNA168_194	27.907	86	56	2	12	93	9	92	8.57e-05	30.0
bflTTN_Aig17_196	TTNZ7_195	25.843	89	50	3	15	93	12	94	1.29e-04	29.6
bflTTN_Aig17_196	TTNZ6_195	32.787	61	40	1	27	86	24	84	1.52e-04	29.6
bflTTN_Aig17_196	TTNZ6_195	54.545	11	5	0	86	96	17	27	4.9	16.9
bflTTN_Aig17_196	TTNA164_192	30.000	70	47	2	16	84	13	81	2.04e-04	29.3
bflTTN_Aig17_196	TTNI74_193	26.374	91	59	2	4	94	10	92	2.15e-04	29.3
bflTTN_Aig17_196	TTNI31_193	22.535	71	55	0	18	88	16	86	2.67e-04	28.9
bflTTN_Aig17_196	TTNI40_193	23.684	76	58	0	18	93	16	91	4.47e-04	28.1
bflTTN_Aig17_196	TTNI37_193	27.273	66	48	0	20	85	18	83	4.76e-04	28.1
bflTTN_Aig17_196	TTNZ9_193	29.851	67	46	1	27	93	24	89	5.44e-04	28.1
bflTTN_Aig17_196	TTNA4_1121	19.643	112	61	2	12	94	9	120	8.59e-04	27.7
bflTTN_Aig17_196	TTNI82_188	22.222	81	60	2	13	93	11	88	0.001	27.3
bflTTN_Aig17_196	TTNI4_189	29.412	51	36	0	36	86	33	83	0.001	27.3
bflTTN_Aig17_196	TTNI14_192	25.000	80	58	2	15	93	13	91	0.001	27.3
bflTTN_Aig17_196	TTNI56_193	22.973	74	57	0	18	91	16	89	0.002	26.6
bflTTN_Aig17_196	TTNI78_194	28.358	67	48	0	18	84	17	83	0.002	26.6
bflTTN_Aig17_196	TTNI29_193	29.630	54	38	0	34	87	32	85	0.002	26.2
bflTTN_Aig17_196	TTNI3_187	27.500	40	29	0	37	76	34	73	0.003	25.8
bflTTN_Aig17_196	TTNI3_187	55.556	9	4	0	71	79	44	52	9.6	16.2
bflTTN_Aig17_196	TTNI99_188	30.435	46	32	0	31	76	28	73	0.005	25.4
bflTTN_Aig17_196	TTNZ1_195	22.581	93	52	2	12	93	9	92	0.006	25.4
bflTTN_Aig17_196	TTNI66_193	20.000	70	56	0	18	87	16	85	0.008	25.0
bflTTN_Aig17_196	TTNI17_194	26.667	60	42	1	35	92	33	92	0.011	24.6
bflTTN_Aig17_196	TTNI9_187	21.951	41	32	0	35	75	32	72	0.023	23.5
bflTTN_Aig17_196	TTNI5_188	30.882	68	38	4	29	93	26	87	0.025	23.5
bflTTN_Aig17_196	TTNZ8_195	25.758	66	47	1	29	92	28	93	0.041	23.1
bflTTN_Aig17_196	TTNI92_187	27.660	47	34	0	34	80	31	77	0.081	21.9
bflTTN_Aig17_196	TTNI38_193	22.500	80	59	2	15	92	14	92	0.082	21.9
bflTTN_Aig17_196	TTNI6_187	25.000	44	33	0	35	78	32	75	0.14	21.6
bflTTN_Aig17_196	TTNI41_193	21.918	73	57	0	15	87	13	85	0.17	21.2
bflTTN_Aig17_196	TTNI104_188	21.277	47	37	0	34	80	31	77	0.35	20.4
bflTTN_Aig17_196	TTNI90_187	23.214	56	43	0	23	78	19	74	0.36	20.4
bflTTN_Aig17_196	TTNI47_193	20.896	67	53	0	27	93	25	91	0.42	20.0
bflTTN_Aig17_196	TTNI96_188	20.408	49	39	0	32	80	29	77	0.42	20.0
bflTTN_Aig17_196	TTNI85_192	35.000	20	13	0	61	80	59	78	0.55	19.6
bflTTN_Aig17_196	TTNI94_187	25.532	47	35	0	32	78	29	75	1.6	18.5
bflTTN_Aig17_196	TTNI10_187	33.333	21	14	0	60	80	57	77	1.9	18.1
bflTTN_Aig17_196	TTNM6_194	20.635	63	47	2	35	96	33	93	3.8	17.3
bflTTN_Aig17_196	TTNI84_196	22.500	40	31	0	37	76	38	77	4.4	17.3
bflTTN_Aig17_196	TTNI83_193	43.478	23	11	1	73	93	3	25	4.6	17.3
bflTTN_Aig17_196	TTNI60_194	21.795	78	60	1	18	94	16	93	4.9	16.9
bflTTN_Aig18_197	TTNA83_196	44.211	95	50	2	1	93	2	95	3.49e-20	70.1
bflTTN_Aig18_197	TTNA149_197	37.895	95	59	0	1	95	2	96	2.52e-18	65.5
bflTTN_Aig18_197	TTNA46_192	34.524	84	55	0	12	95	8	91	2.89e-16	60.1
bflTTN_Aig18_197	TTNA8_195	41.176	85	48	2	1	85	2	84	1.25e-15	58.5
bflTTN_Aig18_197	TTNA61_197	38.542	96	57	2	1	95	2	96	1.41e-15	58.2
bflTTN_Aig18_197	TTNA94_195	36.842	95	57	2	1	93	1	94	8.30e-15	56.2
bflTTN_Aig18_197	TTNI107_196	33.684	95	62	1	1	95	2	95	3.04e-14	55.1
bflTTN_Aig18_197	TTNA105_197	35.417	96	58	3	1	93	2	96	5.96e-14	54.3
bflTTN_Aig18_197	TTNA142_194	38.144	97	51	4	1	93	2	93	1.87e-13	52.8
bflTTN_Aig18_197	TTNA101_192	29.545	88	62	0	8	95	4	91	1.90e-13	52.8
bflTTN_Aig18_197	TTNA116_196	34.737	95	59	2	1	93	2	95	2.15e-13	52.8
bflTTN_Aig18_197	TTNA29_194	32.632	95	61	2	1	95	2	93	1.71e-12	50.4
bflTTN_Aig18_197	TTNA50_196	31.579	95	64	1	1	95	2	95	2.74e-12	50.1
bflTTN_Aig18_197	TTNA36_196	35.106	94	56	2	1	90	2	94	3.02e-12	49.7
bflTTN_Aig18_197	TTNI80_194	38.806	67	40	1	29	94	26	92	4.09e-12	49.3
bflTTN_Aig18_197	TTNA1_193	35.417	96	58	1	1	96	2	93	5.07e-12	49.3
bflTTN_Aig18_197	TTNA72_196	34.737	95	59	2	1	93	2	95	7.71e-12	48.9
bflTTN_Aig18_197	TTNA120_193	30.526	95	61	3	1	93	1	92	1.49e-11	47.8
bflTTN_Aig18_197	TTNA131_197	34.375	96	59	2	1	93	2	96	1.50e-11	48.1
bflTTN_Aig18_197	TTNA39_196	34.940	83	48	2	14	90	12	94	1.94e-11	47.8
bflTTN_Aig18_197	TTNA145_195	31.818	88	60	0	9	96	8	95	1.97e-11	47.8
bflTTN_Aig18_197	TTNA11_1103	31.000	100	63	2	1	94	2	101	2.11e-11	47.8
bflTTN_Aig18_197	TTNA57_195	35.821	67	43	0	30	96	29	95	3.09e-11	47.0
bflTTN_Aig18_197	TTNA109_194	34.375	96	56	4	1	93	2	93	4.65e-11	46.6
bflTTN_Aig18_197	TTNA22_194	27.381	84	58	2	1	84	2	82	6.49e-11	46.2
bflTTN_Aig18_197	TTNA32_196	30.526	95	65	1	1	95	2	95	7.05e-11	46.2
bflTTN_Aig18_197	TTNA68_195	31.884	69	47	0	18	86	17	85	9.64e-11	45.8
bflTTN_Aig18_197	TTNA153_193	40.741	81	44	2	14	92	13	91	1.11e-10	45.8
bflTTN_Aig18_197	TTNA25_194	29.412	85	57	1	1	85	2	83	2.18e-10	45.1
bflTTN_Aig18_197	TTNA123_196	28.049	82	59	0	14	95	14	95	2.50e-10	44.7
bflTTN_Aig18_197	TTNA112_192	28.750	80	57	0	16	95	12	91	6.05e-10	43.9
bflTTN_Aig18_197	TTNA65_194	32.632	95	59	3	1	93	2	93	6.50e-10	43.5
bflTTN_Aig18_197	TTNA138_196	31.646	79	54	0	16	94	16	94	6.91e-10	43.5
bflTTN_Aig18_197	TTNA79_193	27.273	88	64	0	8	95	5	92	9.57e-10	43.1
bflTTN_Aig18_197	TTNA90_192	26.667	90	66	0	6	95	2	91	1.00e-09	43.1
bflTTN_Aig18_197	TTNA156_195	26.316	95	69	1	1	95	1	94	1.23e-09	43.1
bflTTN_Aig18_197	TTNZ2_194	26.829	82	60	0	16	97	13	94	1.87e-09	42.4
bflTTN_Aig18_197	TTNM7_192	31.343	67	46	0	28	94	24	90	2.28e-09	42.4
bflTTN_Aig18_197	TTNA76_194	32.632	95	59	3	1	93	2	93	8.18e-09	40.8
bflTTN_Aig18_197	TTNA127_195	24.390	82	62	0	14	95	13	94	2.41e-08	39.7
bflTTN_Aig18_197	TTNA87_194	29.474	95	64	2	1	95	2	93	2.96e-08	39.3
bflTTN_Aig18_197	TTNI106_194	32.979	94	57	3	1	90	1	92	4.25e-08	38.9
bflTTN_Aig18_197	TTNA54_196	30.928	97	60	4	1	93	2	95	5.06e-08	38.9
bflTTN_Aig18_197	TTNA98_194	31.313	99	55	4	1	93	2	93	5.85e-08	38.5
bflTTN_Aig18_197	TTNM10_195	26.506	83	57	2	14	92	11	93	1.16e-07	37.7
bflTTN_Aig18_197	TTNA160_193	28.866	97	64	3	1	96	1	93	3.59e-07	36.6
bflTTN_Aig18_197	TTNM9_196	26.250	80	59	0	16	95	13	92	3.74e-07	36.6
bflTTN_Aig18_197	TTNM5_194	25.333	75	56	0	10	84	7	81	9.74e-07	35.4
bflTTN_Aig18_197	TTNI32_193	30.508	59	40	1	29	87	27	84	1.09e-06	35.4
bflTTN_Aig18_197	TTNI85_192	38.889	54	32	1	41	93	38	91	1.83e-06	34.7
bflTTN_Aig18_197	TTNA4_1121	28.000	100	43	3	14	84	10	109	2.17e-06	35.0
bflTTN_Aig18_197	TTNZ6_195	29.851	67	44	3	30	94	26	91	2.22e-06	34.7
bflTTN_Aig18_197	TTNI14_192	24.096	83	63	0	12	94	9	91	2.59e-06	34.3
bflTTN_Aig18_197	TTNA15_1104	23.301	103	70	3	1	95	1	102	4.05e-06	33.9
bflTTN_Aig18_197	TTNZ4_195	29.870	77	52	1	19	93	16	92	4.31e-06	33.9
bflTTN_Aig18_197	TTNA165_196	26.087	69	50	1	19	86	18	86	5.01e-06	33.5
bflTTN_Aig18_197	TTNI25_195	29.851	67	46	1	30	95	27	93	9.64e-06	32.7
bflTTN_Aig18_197	TTNA164_192	27.273	66	46	2	30	94	26	90	1.03e-05	32.7
bflTTN_Aig18_197	TTNI82_188	28.814	59	41	1	33	91	30	87	1.08e-05	32.7
bflTTN_Aig18_197	TTNM3_193	25.926	81	59	1	15	94	11	91	1.12e-05	32.7
bflTTN_Aig18_197	TTNA18_199	25.806	93	56	2	14	96	10	99	1.39e-05	32.3
bflTTN_Aig18_197	TTNI16_194	25.882	85	61	2	12	94	8	92	2.58e-05	31.6
bflTTN_Aig18_197	TTNZ3_195	23.171	82	63	0	13	94	10	91	3.54e-05	31.2
bflTTN_Aig18_197	TTNI78_194	25.610	82	59	2	14	94	12	92	4.35e-05	31.2
bflTTN_Aig18_197	TTNI43_193	23.810	63	48	0	30	92	27	89	5.62e-05	30.8
bflTTN_Aig18_197	TTNI79_193	28.049	82	57	2	14	94	11	91	5.79e-05	30.8
bflTTN_Aig18_197	TTNZ9_193	25.806	93	66	3	6	97	2	92	7.20e-05	30.4
bflTTN_Aig18_197	TTNI13_190	44.828	29	16	0	62	90	60	88	7.36e-05	30.4
bflTTN_Aig18_197	TTNI49_193	28.333	60	43	0	29	88	26	85	8.07e-05	30.4
bflTTN_Aig18_197	TTNI33_193	28.571	84	56	3	14	95	11	92	1.53e-04	29.6
bflTTN_Aig18_197	TTNI65_193	25.000	68	51	0	19	86	16	83	1.83e-04	29.3
bflTTN_Aig18_197	TTNI10_187	31.034	58	39	1	33	90	30	86	1.85e-04	29.3
bflTTN_Aig18_197	TTNI96_188	26.923	78	56	1	14	91	11	87	2.29e-04	28.9
bflTTN_Aig18_197	TTNI75_193	27.027	74	54	0	14	87	11	84	2.39e-04	28.9
bflTTN_Aig18_197	TTNI39_193	25.000	84	59	3	14	95	11	92	2.41e-04	28.9
bflTTN_Aig18_197	TTNI55_193	25.676	74	55	0	14	87	11	84	2.44e-04	28.9
bflTTN_Aig18_197	TTNI88_187	29.091	55	39	0	36	90	31	85	2.86e-04	28.9
bflTTN_Aig18_197	TTNA169_1100	29.167	72	48	2	16	84	17	88	2.97e-04	28.9
bflTTN_Aig18_197	TTNI6_187	32.609	46	29	1	45	88	41	86	3.90e-04	28.5
bflTTN_Aig18_197	TTNI73_193	20.000	85	68	0	10	94	7	91	6.41e-04	27.7
bflTTN_Aig18_197	TTNI48_194	21.839	87	67	1	8	94	7	92	7.88e-04	27.7
bflTTN_Aig18_197	TTNI51_193	26.087	69	51	0	16	84	13	81	0.001	27.3
bflTTN_Aig18_197	TTNI37_193	27.397	73	52	1	20	92	18	89	0.001	26.9
bflTTN_Aig18_197	TTNI70_194	25.000	56	42	0	29	84	27	82	0.001	26.9
bflTTN_Aig18_197	TTNI29_193	31.915	47	23	1	57	94	45	91	0.002	26.6
bflTTN_Aig18_197	TTNI54_193	22.857	70	52	2	16	84	13	81	0.002	26.6
bflTTN_Aig18_197	TTNI35_193	28.571	70	49	1	25	94	23	91	0.002	26.6
bflTTN_Aig18_197	TTNI36_194	28.358	67	45	2	29	94	28	92	0.003	26.2
bflTTN_Aig18_197	TTNI27_194	31.579	57	38	1	38	94	36	91	0.003	26.2
bflTTN_Aig18_197	TTNI69_193	28.814	59	42	0	30	88	27	85	0.004	25.8
bflTTN_Aig18_197	TTNI12_187	24.194	62	47	0	30	91	26	87	0.004	25.8
bflTTN_Aig18_197	TTNI3_187	33.333	33	22	0	45	77	41	73	0.004	25.4
bflTTN_Aig18_197	TTNI3_187	30.303	33	20	1	56	88	31	60	1.7	18.5
bflTTN_Aig18_197	TTNI45_193	21.839	87	66	2	10	95	7	92	0.004	25.8
bflTTN_Aig18_197	TTNI57_193	25.000	76	57	0	9	84	6	81	0.006	25.4
bflTTN_Aig18_197	TTNI53_193	20.988	81	64	0	14	94	11	91	0.007	25.0
bflTTN_Aig18_197	TTNI105_190	27.273	44	30	1	52	93	46	89	0.008	24.6
bflTTN_Aig18_197	TTNI71_193	25.581	86	60	3	10	92	7	91	0.009	24.6
bflTTN_Aig18_197	TTNZ5_193	25.000	92	64	3	5	94	4	92	0.009	24.6
bflTTN_Aig18_197	TTNI77_193	28.571	56	39	1	29	84	27	81	0.009	24.6
bflTTN_Aig18_197	TTNI72_193	31.034	58	37	2	29	85	27	82	0.009	24.6
bflTTN_Aig18_197	TTNI97_188	28.302	53	37	1	38	90	35	86	0.013	24.3
bflTTN_Aig18_197	TTNI40_193	28.070	57	40	1	28	84	26	81	0.014	24.3
bflTTN_Aig18_197	TTNI24_192	24.286	70	53	0	15	84	11	80	0.014	24.3
bflTTN_Aig18_197	TTNI94_187	23.171	82	59	2	13	91	7	87	0.015	24.3
bflTTN_Aig18_197	TTNI50_194	23.684	76	57	1	10	84	7	82	0.021	23.9
bflTTN_Aig18_197	TTNI102_188	31.111	45	31	0	35	79	31	75	0.022	23.5
bflTTN_Aig18_197	TTNI9_187	29.545	44	30	1	33	76	30	72	0.030	23.1
bflTTN_Aig18_197	TTNI44_193	26.667	60	43	1	25	84	23	81	0.036	23.1
bflTTN_Aig18_197	TTNI15_191	31.429	35	24	0	53	87	49	83	0.039	23.1
bflTTN_Aig18_197	TTNI63_193	20.482	83	66	0	12	94	9	91	0.048	22.7
bflTTN_Aig18_197	TTNI104_188	25.714	35	26	0	56	90	52	86	0.067	22.3
bflTTN_Aig18_197	TTNI68_194	22.642	53	41	0	29	81	27	79	0.077	22.3
bflTTN_Aig18_197	TTNI84_196	34.211	38	25	0	57	94	57	94	0.083	21.9
bflTTN_Aig18_197	TTNI67_193	22.807	57	44	0	36	92	33	89	0.11	21.9
bflTTN_Aig18_197	TTNI90_187	27.419	62	44	1	30	91	26	86	0.12	21.6
bflTTN_Aig18_197	TTNI26_191	25.424	59	42	2	38	95	33	90	0.14	21.6
bflTTN_Aig18_197	TTNM6_194	20.588	34	27	0	60	93	58	91	0.17	21.2
bflTTN_Aig18_197	TTNI17_194	25.532	47	35	0	50	96	47	93	0.18	21.2
bflTTN_Aig18_197	TTNI100_188	33.333	33	22	0	45	77	41	73	0.27	20.8
bflTTN_Aig18_197	TTNI52_193	28.814	59	39	2	28	85	26	82	0.40	20.0
bflTTN_Aig18_197	TTNI31_193	23.188	69	52	1	16	84	14	81	0.42	20.0
bflTTN_Aig18_197	TTNI83_193	19.048	42	34	0	38	79	34	75	1.1	18.9
bflTTN_Aig18_197	TTNI62_193	50.000	16	8	0	70	85	67	82	1.4	18.5
bflTTN_Aig18_197	TTNI60_194	34.615	26	17	0	71	96	38	63	3.0	17.7
bflTTN_Aig18_197	TTNI60_194	21.212	66	45	4	21	84	22	82	8.7	16.5
bflTTN_Aig18_197	TTNI2_191	62.500	8	3	0	14	21	40	47	5.4	16.9
bflTTN_Aig18_197	TTNI4_189	50.000	16	8	0	38	53	73	88	5.5	16.9
bflTTN_Aig19_194	TTNA65_194	48.913	92	47	0	1	92	2	93	5.40e-32	99.8
bflTTN_Aig19_194	TTNA142_194	48.352	91	47	0	1	91	2	92	3.67e-31	97.8
bflTTN_Aig19_194	TTNA153_193	42.391	92	53	0	1	92	1	92	4.12e-27	87.4
bflTTN_Aig19_194	TTNA43_195	43.011	93	52	1	1	92	2	94	1.22e-26	86.3
bflTTN_Aig19_194	TTNA120_193	40.217	92	55	0	1	92	1	92	7.07e-26	84.3
bflTTN_Aig19_194	TTNA54_196	45.161	93	49	1	1	91	2	94	5.79e-25	82.0
bflTTN_Aig19_194	TTNA76_194	40.217	92	55	0	1	92	2	93	9.06e-25	81.6
bflTTN_Aig19_194	TTNA109_194	40.217	92	55	0	1	92	2	93	2.40e-24	80.5
bflTTN_Aig19_194	TTNA29_194	42.391	92	53	0	1	92	2	93	1.18e-23	78.6
bflTTN_Aig19_194	TTNA160_193	39.785	93	56	0	1	93	1	93	2.75e-23	77.8
bflTTN_Aig19_194	TTNA87_194	34.783	92	60	0	1	92	2	93	4.82e-23	77.0
bflTTN_Aig19_194	TTNA98_194	38.043	92	57	0	1	92	2	93	7.63e-23	76.6
bflTTN_Aig19_194	TTNA131_197	39.759	83	48	1	1	81	2	84	8.98e-21	71.6
bflTTN_Aig19_194	TTNA32_196	37.234	94	57	1	1	92	2	95	1.23e-20	71.2
bflTTN_Aig19_194	TTNA149_197	37.895	95	56	2	1	92	2	96	1.28e-17	63.5
bflTTN_Aig19_194	TTNA22_194	36.145	83	53	0	1	83	2	84	1.75e-17	63.2
bflTTN_Aig19_194	TTNA8_195	37.634	93	57	1	1	92	2	94	1.22e-16	60.8
bflTTN_Aig19_194	TTNA116_196	29.787	94	64	1	1	92	2	95	1.76e-16	60.5
bflTTN_Aig19_194	TTNA50_196	34.043	94	60	1	1	92	2	95	1.88e-16	60.5
bflTTN_Aig19_194	TTNA15_1104	34.314	102	57	2	1	92	1	102	2.45e-16	60.5
bflTTN_Aig19_194	TTNA61_197	34.884	86	53	2	1	83	2	87	6.35e-16	58.9
bflTTN_Aig19_194	TTNA68_195	39.759	83	48	1	1	81	1	83	8.30e-16	58.9
bflTTN_Aig19_194	TTNA79_193	41.333	75	42	1	9	81	7	81	8.63e-16	58.5
bflTTN_Aig19_194	TTNA72_196	33.735	83	53	1	1	81	2	84	1.04e-15	58.5
bflTTN_Aig19_194	TTNA83_196	32.258	93	61	1	1	91	2	94	1.42e-15	58.2
bflTTN_Aig19_194	TTNA138_196	34.409	93	59	1	1	91	2	94	2.02e-15	57.8
bflTTN_Aig19_194	TTNA90_192	40.000	75	43	1	12	84	9	83	3.13e-15	57.4
bflTTN_Aig19_194	TTNA145_195	38.947	95	56	1	1	93	1	95	3.91e-15	57.0
bflTTN_Aig19_194	TTNA94_195	30.851	94	63	1	1	92	1	94	3.91e-15	57.0
bflTTN_Aig19_194	TTNA127_195	34.615	78	49	1	16	91	16	93	4.31e-15	57.0
bflTTN_Aig19_194	TTNI107_196	36.170	94	58	1	1	92	2	95	1.18e-14	55.8
bflTTN_Aig19_194	TTNA39_196	36.585	82	48	1	5	82	4	85	1.35e-14	55.8
bflTTN_Aig19_194	TTNA36_196	35.106	94	59	1	1	92	2	95	1.35e-14	55.8
bflTTN_Aig19_194	TTNA101_192	39.726	73	42	1	14	84	11	83	2.25e-14	55.1
bflTTN_Aig19_194	TTNA46_192	34.615	78	49	1	9	84	6	83	3.96e-14	54.3
bflTTN_Aig19_194	TTNA112_192	38.158	76	45	1	12	85	9	84	4.51e-14	54.3
bflTTN_Aig19_194	TTNM5_194	37.333	75	45	1	11	83	9	83	7.28e-14	53.9
bflTTN_Aig19_194	TTNA57_195	28.421	95	66	1	1	93	1	95	7.36e-14	53.9
bflTTN_Aig19_194	TTNA105_197	29.474	95	64	1	1	92	2	96	9.44e-13	50.8
bflTTN_Aig19_194	TTNA123_196	30.952	84	56	1	1	82	2	85	1.13e-11	48.1
bflTTN_Aig19_194	TTNA25_194	31.765	85	54	2	1	83	2	84	1.13e-11	48.1
bflTTN_Aig19_194	TTNA1_193	32.530	83	54	1	13	93	11	93	1.57e-11	47.8
bflTTN_Aig19_194	TTNA134_195	30.000	80	54	1	1	78	1	80	2.32e-11	47.4
bflTTN_Aig19_194	TTNI105_190	32.394	71	47	1	11	81	9	78	8.63e-11	45.8
bflTTN_Aig19_194	TTNA11_1103	29.213	89	55	1	12	92	14	102	1.60e-10	45.4
bflTTN_Aig19_194	TTNI14_192	30.588	85	53	2	11	91	9	91	5.35e-10	43.9
bflTTN_Aig19_194	TTNI74_193	27.500	80	56	1	14	91	12	91	7.22e-10	43.5
bflTTN_Aig19_194	TTNZ3_195	25.301	83	60	1	11	91	9	91	1.13e-09	43.1
bflTTN_Aig19_194	TTNA165_196	29.412	85	57	2	1	82	1	85	2.73e-09	42.0
bflTTN_Aig19_194	TTNA156_195	26.190	84	60	1	1	82	1	84	2.95e-09	42.0
bflTTN_Aig19_194	TTNI106_194	35.135	74	46	1	7	78	6	79	5.21e-09	41.2
bflTTN_Aig19_194	TTNZ2_194	25.882	85	61	1	11	93	9	93	6.05e-09	41.2
bflTTN_Aig19_194	TTNI76_193	30.435	69	46	1	18	84	16	84	7.59e-09	40.8
bflTTN_Aig19_194	TTNI16_194	32.143	84	53	2	12	91	9	92	9.78e-09	40.4
bflTTN_Aig19_194	TTNI25_195	32.143	84	54	1	11	91	9	92	1.32e-08	40.0
bflTTN_Aig19_194	TTNA18_199	27.660	94	59	1	9	93	6	99	5.80e-08	38.5
bflTTN_Aig19_194	TTNI64_193	27.160	81	57	1	13	91	11	91	6.00e-08	38.5
bflTTN_Aig19_194	TTNI54_193	33.929	56	35	1	36	89	34	89	1.05e-07	37.7
bflTTN_Aig19_194	TTNM4_193	31.507	73	48	1	11	81	9	81	1.18e-07	37.7
bflTTN_Aig19_194	TTNZ4_195	34.286	70	38	2	18	81	16	83	1.19e-07	37.7
bflTTN_Aig19_194	TTNM10_195	23.469	98	62	3	1	91	2	93	1.56e-07	37.4
bflTTN_Aig19_194	TTNI66_193	26.087	69	49	1	18	84	16	84	2.12e-07	37.0
bflTTN_Aig19_194	TTNI78_194	31.343	67	44	1	18	82	17	83	2.75e-07	36.6
bflTTN_Aig19_194	TTNI50_194	32.000	75	48	2	12	83	10	84	6.49e-07	35.8
bflTTN_Aig19_194	TTNM3_193	28.090	89	58	2	9	91	3	91	9.73e-07	35.4
bflTTN_Aig19_194	TTNI39_193	24.096	83	61	1	12	92	10	92	1.27e-06	35.0
bflTTN_Aig19_194	TTNI48_194	24.706	85	62	1	9	91	8	92	3.39e-06	33.9
bflTTN_Aig19_194	TTNI55_193	25.926	81	58	1	13	91	11	91	3.59e-06	33.9
bflTTN_Aig19_194	TTNI61_193	27.160	81	57	1	13	91	11	91	4.44e-06	33.5
bflTTN_Aig19_194	TTNM9_196	26.316	76	54	1	8	81	6	81	1.03e-05	32.7
bflTTN_Aig19_194	TTNM2_195	27.397	73	48	1	14	81	11	83	1.13e-05	32.7
bflTTN_Aig19_194	TTNI51_193	25.926	81	58	1	13	91	11	91	1.21e-05	32.3
bflTTN_Aig19_194	TTNI58_194	22.353	85	64	1	9	91	8	92	1.40e-05	32.3
bflTTN_Aig19_194	TTNI58_194	58.333	12	5	0	6	17	83	94	4.8	16.9
bflTTN_Aig19_194	TTNI45_193	24.719	89	53	2	11	91	9	91	1.77e-05	32.0
bflTTN_Aig19_194	TTNZ1_195	23.077	78	56	1	11	84	8	85	1.84e-05	32.0
bflTTN_Aig19_194	TTNI1_194	37.500	40	25	0	11	50	9	48	2.35e-05	31.6
bflTTN_Aig19_194	TTNI17_194	22.353	85	64	1	11	93	9	93	2.48e-05	31.6
bflTTN_Aig19_194	TTNA4_1121	23.077	104	49	2	9	81	6	109	3.09e-05	31.6
bflTTN_Aig19_194	TTNI56_193	21.739	69	52	1	18	84	16	84	5.40e-05	30.8
bflTTN_Aig19_194	TTNI36_194	21.176	85	65	1	9	91	8	92	5.41e-05	30.8
bflTTN_Aig19_194	TTNI49_193	25.373	67	48	1	27	91	25	91	9.66e-05	30.0
bflTTN_Aig19_194	TTNI12_187	34.091	44	27	1	31	72	28	71	1.35e-04	29.6
bflTTN_Aig19_194	TTNI30_194	21.951	82	62	1	12	91	11	92	1.36e-04	29.6
bflTTN_Aig19_194	TTNA164_192	24.658	73	53	2	11	81	8	80	1.55e-04	29.6
bflTTN_Aig19_194	TTNM7_192	28.169	71	49	1	14	82	11	81	1.60e-04	29.3
bflTTN_Aig19_194	TTNI28_193	25.974	77	55	1	8	82	6	82	1.84e-04	29.3
bflTTN_Aig19_194	TTNI67_193	24.390	82	60	1	12	91	10	91	1.99e-04	29.3
bflTTN_Aig19_194	TTNA168_194	28.571	77	49	2	11	82	8	83	2.06e-04	29.3
bflTTN_Aig19_194	TTNI69_193	22.857	70	52	1	18	85	16	85	2.10e-04	29.3
bflTTN_Aig19_194	TTNI71_193	21.687	83	63	1	11	91	9	91	2.45e-04	28.9
bflTTN_Aig19_194	TTNI73_193	22.222	81	61	1	13	91	11	91	2.98e-04	28.9
bflTTN_Aig19_194	TTNI27_194	22.222	72	54	1	13	82	11	82	3.11e-04	28.5
bflTTN_Aig19_194	TTNI63_193	24.390	82	60	1	12	91	10	91	3.14e-04	28.5
bflTTN_Aig19_194	TTNI75_193	22.785	79	59	1	15	91	13	91	4.32e-04	28.1
bflTTN_Aig19_194	TTNI44_193	25.352	71	51	1	23	91	21	91	5.95e-04	27.7
bflTTN_Aig19_194	TTNI47_193	24.658	73	53	1	21	91	19	91	6.73e-04	27.7
bflTTN_Aig19_194	TTNI65_193	22.388	67	50	1	18	82	16	82	8.43e-04	27.3
bflTTN_Aig19_194	TTNI37_193	29.310	58	39	1	27	82	25	82	8.43e-04	27.3
bflTTN_Aig19_194	TTNA169_1100	25.373	67	47	2	18	81	22	88	0.001	27.3
bflTTN_Aig19_194	TTNI33_193	24.675	77	56	1	13	87	11	87	0.001	27.3
bflTTN_Aig19_194	TTNZ9_193	28.169	71	48	2	13	81	10	79	0.001	26.9
bflTTN_Aig19_194	TTNI59_193	22.667	75	56	1	18	90	16	90	0.001	26.9
bflTTN_Aig19_194	TTNI43_193	23.288	73	54	1	21	91	19	91	0.002	26.6
bflTTN_Aig19_194	TTNI42_194	20.988	81	62	1	13	91	12	92	0.003	26.2
bflTTN_Aig19_194	TTNI24_192	22.222	81	57	2	15	91	12	90	0.003	25.8
bflTTN_Aig19_194	TTNI32_193	22.973	74	55	1	13	84	11	84	0.007	25.0
bflTTN_Aig19_194	TTNI72_193	22.059	68	51	1	17	82	15	82	0.010	24.6
bflTTN_Aig19_194	TTNI34_193	26.000	50	35	1	36	83	34	83	0.011	24.6
bflTTN_Aig19_194	TTNI80_194	25.806	62	43	1	23	81	21	82	0.011	24.3
bflTTN_Aig19_194	TTNI85_192	50.000	22	11	0	59	80	59	80	0.014	24.3
bflTTN_Aig19_194	TTNI68_194	21.176	85	65	1	9	91	8	92	0.017	23.9
bflTTN_Aig19_194	TTNI70_194	20.290	69	52	1	18	83	16	84	0.018	23.9
bflTTN_Aig19_194	TTNI3_187	26.000	50	32	2	37	84	34	80	0.020	23.9
bflTTN_Aig19_194	TTNZ7_195	23.529	85	61	2	11	91	8	92	0.021	23.9
bflTTN_Aig19_194	TTNI31_193	22.917	48	35	1	36	81	34	81	0.022	23.5
bflTTN_Aig19_194	TTNI99_188	28.889	45	30	1	30	72	27	71	0.029	23.1
bflTTN_Aig19_194	TTNI4_189	27.907	43	29	1	36	76	33	75	0.034	23.1
bflTTN_Aig19_194	TTNI53_193	22.222	81	61	1	13	91	11	91	0.034	23.1
bflTTN_Aig19_194	TTNZ5_193	18.667	75	58	1	11	82	9	83	0.043	22.7
bflTTN_Aig19_194	TTNI79_193	20.988	81	62	1	13	91	11	91	0.053	22.7
bflTTN_Aig19_194	TTNI6_187	25.000	64	45	2	11	72	9	71	0.12	21.6
bflTTN_Aig19_194	TTNI38_193	22.368	76	57	1	18	91	16	91	0.18	21.2
bflTTN_Aig19_194	TTNI102_188	28.070	57	38	2	21	75	19	74	0.19	20.8
bflTTN_Aig19_194	TTNI81_190	25.714	70	48	3	14	80	12	80	0.37	20.0
bflTTN_Aig19_194	TTNI96_188	33.333	21	14	0	58	78	57	77	0.65	19.6
bflTTN_Aig19_194	TTNI7_187	27.273	44	30	1	31	72	28	71	0.68	19.2
bflTTN_Aig19_194	TTNI87_188	83.333	6	1	0	30	35	42	47	1.2	18.9
bflTTN_Aig19_194	TTNI82_188	35.000	20	13	0	59	78	58	77	1.6	18.5
bflTTN_Aig19_194	TTNI83_193	29.268	41	27	1	36	74	33	73	2.3	18.1
bflTTN_Aig19_194	TTNI5_188	23.810	42	30	1	37	76	35	76	6.7	16.5
bflTTN_Aig20_196	TTNA57_195	33.684	95	63	0	1	95	1	95	7.55e-22	74.3
bflTTN_Aig20_196	TTNA145_195	38.947	95	58	0	1	95	1	95	2.49e-19	67.8
bflTTN_Aig20_196	TTNA68_195	36.905	84	53	0	1	84	1	84	1.12e-18	66.2
bflTTN_Aig20_196	TTNA123_196	29.787	94	66	0	1	94	2	95	1.91e-16	60.5
bflTTN_Aig20_196	TTNA79_193	34.524	84	55	0	11	94	9	92	4.52e-16	59.3
bflTTN_Aig20_196	TTNA94_195	32.979	94	63	0	1	94	1	94	6.49e-16	58.9
bflTTN_Aig20_196	TTNA83_196	32.979	94	63	0	1	94	2	95	1.09e-15	58.5
bflTTN_Aig20_196	TTNA90_192	33.750	80	53	0	15	94	12	91	3.21e-15	57.4
bflTTN_Aig20_196	TTNA105_197	33.684	95	62	1	1	94	2	96	4.68e-15	57.0
bflTTN_Aig20_196	TTNA1_193	27.368	95	66	2	1	95	2	93	5.53e-15	56.6
bflTTN_Aig20_196	TTNA120_193	28.723	94	65	1	1	94	1	92	1.39e-14	55.8
bflTTN_Aig20_196	TTNA101_192	32.143	84	57	0	11	94	8	91	1.42e-14	55.5
bflTTN_Aig20_196	TTNA98_194	31.915	94	62	1	1	94	2	93	1.86e-14	55.5
bflTTN_Aig20_196	TTNA127_195	27.660	94	68	0	1	94	1	94	8.96e-14	53.5
bflTTN_Aig20_196	TTNA134_195	33.333	96	62	2	1	95	1	95	1.35e-13	53.1
bflTTN_Aig20_196	TTNA112_192	32.530	83	56	0	12	94	9	91	2.81e-13	52.4
bflTTN_Aig20_196	TTNA142_194	28.723	94	65	1	1	94	2	93	4.06e-13	52.0
bflTTN_Aig20_196	TTNA160_193	31.250	96	62	2	1	95	1	93	4.43e-13	52.0
bflTTN_Aig20_196	TTNA25_194	33.333	84	56	0	11	94	10	93	4.53e-13	52.0
bflTTN_Aig20_196	TTNA50_196	28.723	94	67	0	1	94	2	95	4.58e-13	52.0
bflTTN_Aig20_196	TTNM5_194	31.707	82	56	0	12	93	10	91	5.87e-13	51.6
bflTTN_Aig20_196	TTNA131_197	28.736	87	62	0	1	87	2	88	7.86e-13	51.2
bflTTN_Aig20_196	TTNA156_195	25.532	94	70	0	1	94	1	94	1.05e-12	50.8
bflTTN_Aig20_196	TTNA109_194	26.596	94	67	1	1	94	2	93	6.16e-12	48.9
bflTTN_Aig20_196	TTNA165_196	31.169	77	52	1	18	93	18	94	8.97e-12	48.5
bflTTN_Aig20_196	TTNA72_196	30.952	84	58	0	11	94	12	95	1.01e-11	48.5
bflTTN_Aig20_196	TTNA116_196	27.381	84	61	0	11	94	12	95	1.29e-11	48.1
bflTTN_Aig20_196	TTNA36_196	27.660	94	68	0	1	94	2	95	1.50e-11	47.8
bflTTN_Aig20_196	TTNA65_194	28.723	94	65	1	1	94	2	93	1.54e-11	47.8
bflTTN_Aig20_196	TTNA87_194	29.787	94	64	1	1	94	2	93	2.31e-11	47.4
bflTTN_Aig20_196	TTNA149_197	24.138	87	66	0	8	94	10	96	2.89e-11	47.4
bflTTN_Aig20_196	TTNA153_193	25.532	94	66	2	1	93	1	91	2.93e-11	47.0
bflTTN_Aig20_196	TTNM10_195	29.670	91	61	2	5	93	4	93	3.44e-11	47.0
bflTTN_Aig20_196	TTNA76_194	27.660	94	66	1	1	94	2	93	3.92e-11	47.0
bflTTN_Aig20_196	TTNI106_194	27.368	95	68	1	1	95	1	94	7.31e-11	46.2
bflTTN_Aig20_196	TTNI107_196	26.829	82	60	0	13	94	14	95	1.72e-10	45.1
bflTTN_Aig20_196	TTNA39_196	30.208	96	63	2	1	94	2	95	1.86e-10	45.1
bflTTN_Aig20_196	TTNA8_195	25.532	94	69	1	1	94	2	94	3.04e-10	44.7
bflTTN_Aig20_196	TTNA43_195	29.787	94	65	1	1	94	2	94	3.21e-10	44.7
bflTTN_Aig20_196	TTNA32_196	26.596	94	69	0	1	94	2	95	7.96e-10	43.5
bflTTN_Aig20_196	TTNA138_196	25.301	83	62	0	11	93	12	94	8.22e-10	43.5
bflTTN_Aig20_196	TTNA11_1103	27.000	100	66	2	1	93	2	101	1.52e-09	42.7
bflTTN_Aig20_196	TTNA54_196	25.532	94	70	0	1	94	2	95	1.85e-09	42.4
bflTTN_Aig20_196	TTNA169_1100	29.167	72	50	1	23	93	27	98	2.20e-09	42.4
bflTTN_Aig20_196	TTNZ3_195	31.944	72	49	0	13	84	11	82	3.10e-09	42.0
bflTTN_Aig20_196	TTNA22_194	29.787	94	64	1	1	94	2	93	3.21e-09	42.0
bflTTN_Aig20_196	TTNA46_192	23.810	84	64	0	11	94	8	91	6.31e-09	41.2
bflTTN_Aig20_196	TTNI64_193	27.500	80	58	0	15	94	13	92	4.15e-08	38.9
bflTTN_Aig20_196	TTNA29_194	32.500	80	52	1	15	94	16	93	2.82e-07	37.0
bflTTN_Aig20_196	TTNZ2_194	24.706	85	64	0	12	96	10	94	3.67e-07	36.6
bflTTN_Aig20_196	TTNI74_193	25.000	80	60	0	15	94	13	92	3.69e-07	36.6
bflTTN_Aig20_196	TTNA18_199	24.272	103	65	3	1	95	2	99	4.11e-07	36.6
bflTTN_Aig20_196	TTNA61_197	24.211	95	71	1	1	94	2	96	4.24e-07	36.6
bflTTN_Aig20_196	TTNI54_193	27.711	83	58	1	1	83	1	81	6.80e-07	35.8
bflTTN_Aig20_196	TTNM3_193	29.630	81	54	2	15	92	12	92	1.09e-06	35.4
bflTTN_Aig20_196	TTNA15_1104	21.277	94	62	2	11	94	11	102	1.15e-06	35.4
bflTTN_Aig20_196	TTNI80_194	27.711	83	59	1	12	93	10	92	1.36e-06	35.0
bflTTN_Aig20_196	TTNA4_1121	22.321	112	58	2	12	94	9	120	2.09e-06	35.0
bflTTN_Aig20_196	TTNZ7_195	22.619	84	63	1	12	93	9	92	2.91e-06	34.3
bflTTN_Aig20_196	TTNI78_194	31.579	76	50	2	10	84	9	83	8.34e-06	33.1
bflTTN_Aig20_196	TTNI105_190	26.506	83	56	2	13	94	11	89	9.09e-06	32.7
bflTTN_Aig20_196	TTNM9_196	25.000	80	60	0	15	94	13	92	1.48e-05	32.3
bflTTN_Aig20_196	TTNI57_193	22.581	93	69	3	1	93	2	91	4.14e-05	31.2
bflTTN_Aig20_196	TTNI67_193	22.581	93	69	1	1	93	2	91	5.37e-05	30.8
bflTTN_Aig20_196	TTNZ1_195	25.676	74	53	1	12	83	9	82	9.36e-05	30.0
bflTTN_Aig20_196	TTNI39_193	25.301	83	62	0	12	94	10	92	1.31e-04	29.6
bflTTN_Aig20_196	TTNI1_194	23.944	71	53	1	15	84	13	83	1.36e-04	29.6
bflTTN_Aig20_196	TTNI77_193	23.656	93	68	3	1	93	2	91	1.63e-04	29.6
bflTTN_Aig20_196	TTNI58_194	24.286	70	53	0	14	83	13	82	1.77e-04	29.3
bflTTN_Aig20_196	TTNI44_193	18.391	87	69	1	1	87	1	85	1.86e-04	29.3
bflTTN_Aig20_196	TTNZ4_195	26.667	75	51	2	17	88	15	88	2.21e-04	29.3
bflTTN_Aig20_196	TTNI45_193	27.059	85	58	3	12	94	10	92	2.41e-04	28.9
bflTTN_Aig20_196	TTNI55_193	22.857	70	54	0	18	87	16	85	2.70e-04	28.9
bflTTN_Aig20_196	TTNM7_192	21.739	69	54	0	25	93	22	90	4.24e-04	28.5
bflTTN_Aig20_196	TTNI59_193	21.333	75	59	0	17	91	15	89	5.66e-04	28.1
bflTTN_Aig20_196	TTNM4_193	22.093	86	65	1	10	95	10	93	7.03e-04	27.7
bflTTN_Aig20_196	TTNI32_193	30.357	56	38	1	30	85	29	83	8.45e-04	27.7
bflTTN_Aig20_196	TTNI72_193	21.053	76	60	0	18	93	16	91	0.002	26.9
bflTTN_Aig20_196	TTNI94_187	26.667	75	52	2	17	90	15	87	0.002	26.6
bflTTN_Aig20_196	TTNI43_193	20.253	79	63	0	13	91	11	89	0.002	26.6
bflTTN_Aig20_196	TTNI33_193	22.353	85	66	0	10	94	8	92	0.002	26.6
bflTTN_Aig20_196	TTNI12_187	29.167	48	34	0	29	76	26	73	0.003	25.8
bflTTN_Aig20_196	TTNI30_194	23.188	69	53	0	23	91	22	90	0.004	25.8
bflTTN_Aig20_196	TTNI16_194	24.390	82	56	3	5	83	4	82	0.005	25.4
bflTTN_Aig20_196	TTNI14_192	23.810	84	60	3	1	83	1	81	0.009	24.6
bflTTN_Aig20_196	TTNI4_189	26.667	75	52	2	1	75	1	72	0.009	24.6
bflTTN_Aig20_196	TTNI37_193	20.833	72	57	0	13	84	11	82	0.011	24.6
bflTTN_Aig20_196	TTNI35_193	21.519	79	62	0	15	93	13	91	0.013	24.3
bflTTN_Aig20_196	TTNZ5_193	24.658	73	50	2	15	84	13	83	0.016	24.3
bflTTN_Aig20_196	TTNM1_192	22.667	75	57	1	21	95	19	92	0.019	23.9
bflTTN_Aig20_196	TTNI79_193	20.988	81	64	0	13	93	11	91	0.020	23.9
bflTTN_Aig20_196	TTNI69_193	20.588	68	54	0	17	84	15	82	0.024	23.5
bflTTN_Aig20_196	TTNI73_193	23.288	73	56	0	11	83	9	81	0.025	23.5
bflTTN_Aig20_196	TTNI25_195	20.482	83	65	1	13	94	11	93	0.029	23.5
bflTTN_Aig20_196	TTNI5_188	25.806	62	46	0	13	74	11	72	0.044	22.7
bflTTN_Aig20_196	TTNI48_194	22.500	80	62	0	14	93	13	92	0.048	22.7
bflTTN_Aig20_196	TTNI75_193	20.779	77	61	0	11	87	9	85	0.050	22.7
bflTTN_Aig20_196	TTNZ9_193	20.225	89	70	1	8	96	5	92	0.074	22.3
bflTTN_Aig20_196	TTNI65_193	17.910	67	55	0	18	84	16	82	0.092	21.9
bflTTN_Aig20_196	TTNI99_188	25.000	60	45	0	19	78	16	75	0.10	21.9
bflTTN_Aig20_196	TTNI36_194	20.270	74	59	0	14	87	13	86	0.11	21.9
bflTTN_Aig20_196	TTNI51_193	18.280	93	74	1	1	93	1	91	0.11	21.6
bflTTN_Aig20_196	TTNI63_193	22.353	85	66	0	9	93	7	91	0.14	21.6
bflTTN_Aig20_196	TTNI62_193	19.737	76	61	0	18	93	16	91	0.15	21.2
bflTTN_Aig20_196	TTNA164_192	24.561	57	41	2	29	84	26	81	0.17	21.2
bflTTN_Aig20_196	TTNI53_193	29.310	58	35	2	29	83	27	81	0.20	21.2
bflTTN_Aig20_196	TTNM2_195	22.388	67	49	2	30	93	27	93	0.23	20.8
bflTTN_Aig20_196	TTNI29_193	36.364	33	21	0	61	93	59	91	0.25	20.8
bflTTN_Aig20_196	TTNA168_194	23.457	81	48	2	12	84	9	83	0.26	20.8
bflTTN_Aig20_196	TTNI49_193	20.968	62	49	0	23	84	21	82	0.29	20.4
bflTTN_Aig20_196	TTNI34_193	32.143	28	19	0	60	87	58	85	0.43	20.0
bflTTN_Aig20_196	TTNI38_193	23.810	63	47	1	31	93	30	91	0.44	20.0
bflTTN_Aig20_196	TTNI41_193	29.167	72	47	3	15	84	13	82	0.55	19.6
bflTTN_Aig20_196	TTNI82_188	21.333	75	51	3	13	82	11	82	0.57	19.6
bflTTN_Aig20_196	TTNI52_193	18.571	70	57	0	18	87	16	85	0.63	19.6
bflTTN_Aig20_196	TTNI68_194	21.875	64	48	1	17	80	18	79	0.96	19.2
bflTTN_Aig20_196	TTNI3_187	23.188	69	46	1	14	75	4	72	1.1	18.9
bflTTN_Aig20_196	TTNI83_193	21.429	42	33	0	35	76	32	73	1.2	18.9
bflTTN_Aig20_196	TTNI13_190	25.000	20	15	0	56	75	55	74	1.4	18.5
bflTTN_Aig20_196	TTNI17_194	21.311	61	48	0	35	95	33	93	1.4	18.5
bflTTN_Aig20_196	TTNI31_193	18.182	66	54	0	18	83	16	81	1.4	18.5
bflTTN_Aig20_196	TTNI42_194	25.000	24	18	0	70	93	69	92	1.7	18.5
bflTTN_Aig20_196	TTNI24_192	23.438	64	43	2	23	83	20	80	2.0	18.1
bflTTN_Aig20_196	TTNI56_193	19.298	57	46	0	35	91	33	89	3.1	17.7
bflTTN_Aig20_196	TTNI28_193	24.138	87	52	5	12	91	12	91	4.1	17.3
bflTTN_Aig20_196	TTNI90_187	38.889	18	11	0	61	78	57	74	9.2	16.2
bflTTN_Aig21_196	TTNA149_197	45.833	96	51	1	1	95	2	97	6.99e-25	82.0
bflTTN_Aig21_196	TTNA72_196	46.316	95	51	0	1	95	2	96	7.84e-25	81.6
bflTTN_Aig21_196	TTNA83_196	41.053	95	56	0	1	95	2	96	1.30e-24	81.3
bflTTN_Aig21_196	TTNA105_197	43.750	96	53	1	1	95	2	97	7.31e-23	77.0
bflTTN_Aig21_196	TTNI107_196	38.947	95	58	0	1	95	2	96	1.40e-22	76.3
bflTTN_Aig21_196	TTNA61_197	42.708	96	54	1	1	95	2	97	1.00e-21	73.9
bflTTN_Aig21_196	TTNA46_192	40.000	95	53	1	1	95	2	92	1.80e-21	73.2
bflTTN_Aig21_196	TTNA116_196	34.737	95	62	0	1	95	2	96	2.05e-21	73.2
bflTTN_Aig21_196	TTNA109_194	38.947	95	56	1	1	95	2	94	4.80e-21	72.0
bflTTN_Aig21_196	TTNA94_195	36.842	95	60	0	1	95	1	95	7.70e-21	71.6
bflTTN_Aig21_196	TTNA36_196	37.895	95	59	0	1	95	2	96	1.17e-20	71.2
bflTTN_Aig21_196	TTNA39_196	42.708	96	53	1	2	95	1	96	1.79e-20	70.9
bflTTN_Aig21_196	TTNA98_194	36.842	95	58	1	1	95	2	94	3.30e-20	70.1
bflTTN_Aig21_196	TTNA22_194	38.947	95	56	1	1	95	2	94	3.60e-20	70.1
bflTTN_Aig21_196	TTNA68_195	43.956	91	47	3	5	91	3	93	2.21e-19	67.8
bflTTN_Aig21_196	TTNA142_194	38.947	95	56	1	1	95	2	94	2.45e-19	67.8
bflTTN_Aig21_196	TTNA65_194	35.789	95	59	1	1	95	2	94	8.47e-19	66.6
bflTTN_Aig21_196	TTNA32_196	31.579	95	65	0	1	95	2	96	1.79e-18	65.9
bflTTN_Aig21_196	TTNA101_192	40.244	82	49	0	14	95	11	92	1.90e-18	65.5
bflTTN_Aig21_196	TTNA43_195	37.500	96	57	2	1	95	2	95	3.20e-18	65.1
bflTTN_Aig21_196	TTNA29_194	31.579	95	63	1	1	95	2	94	4.88e-18	64.3
bflTTN_Aig21_196	TTNA79_193	35.106	94	56	1	2	95	5	93	5.98e-18	64.3
bflTTN_Aig21_196	TTNA8_195	34.737	95	61	1	1	95	2	95	8.81e-18	63.9
bflTTN_Aig21_196	TTNA76_194	36.842	95	58	1	1	95	2	94	2.72e-17	62.8
bflTTN_Aig21_196	TTNA87_194	36.842	95	58	1	1	95	2	94	3.53e-17	62.4
bflTTN_Aig21_196	TTNA120_193	35.789	95	59	1	1	95	1	93	4.28e-17	62.0
bflTTN_Aig21_196	TTNA50_196	38.947	95	58	0	1	95	2	96	1.01e-16	61.2
bflTTN_Aig21_196	TTNA153_193	38.947	95	56	1	1	95	1	93	1.43e-16	60.8
bflTTN_Aig21_196	TTNA131_197	36.458	96	60	1	1	95	2	97	2.33e-16	60.5
bflTTN_Aig21_196	TTNA25_194	35.789	95	59	1	1	95	2	94	2.93e-16	60.1
bflTTN_Aig21_196	TTNA57_195	40.000	75	43	1	19	91	19	93	9.28e-16	58.5
bflTTN_Aig21_196	TTNA127_195	36.842	95	60	0	1	95	1	95	1.84e-15	57.8
bflTTN_Aig21_196	TTNA165_196	30.851	94	62	2	1	91	1	94	2.81e-15	57.4
bflTTN_Aig21_196	TTNA54_196	35.789	95	61	0	1	95	2	96	8.30e-15	56.2
bflTTN_Aig21_196	TTNA123_196	32.632	95	64	0	1	95	2	96	9.66e-15	56.2
bflTTN_Aig21_196	TTNA160_193	34.043	94	60	1	1	94	1	92	1.65e-14	55.5
bflTTN_Aig21_196	TTNA138_196	30.526	95	66	0	1	95	2	96	1.95e-14	55.5
bflTTN_Aig21_196	TTNA145_195	37.805	82	51	0	13	94	13	94	2.79e-14	55.1
bflTTN_Aig21_196	TTNM10_195	34.737	95	55	3	1	91	2	93	8.04e-14	53.9
bflTTN_Aig21_196	TTNA156_195	29.474	95	67	0	1	95	1	95	1.15e-13	53.5
bflTTN_Aig21_196	TTNA90_192	31.707	82	56	0	14	95	11	92	1.60e-13	52.8
bflTTN_Aig21_196	TTNA11_1103	35.955	89	51	3	13	95	15	103	2.16e-13	52.8
bflTTN_Aig21_196	TTNA112_192	33.333	81	54	0	15	95	12	92	2.29e-13	52.4
bflTTN_Aig21_196	TTNA15_1104	27.184	103	67	3	1	95	1	103	5.63e-13	51.6
bflTTN_Aig21_196	TTNI33_193	34.118	85	56	0	11	95	9	93	2.07e-12	50.1
bflTTN_Aig21_196	TTNZ1_195	35.870	92	51	2	7	93	4	92	2.26e-12	50.1
bflTTN_Aig21_196	TTNA1_193	29.787	94	63	1	1	94	2	92	5.83e-12	48.9
bflTTN_Aig21_196	TTNZ3_195	28.235	85	57	1	12	92	10	94	1.19e-11	48.1
bflTTN_Aig21_196	TTNA18_199	28.723	94	58	2	9	94	6	98	1.78e-11	47.8
bflTTN_Aig21_196	TTNA4_1121	29.032	124	55	3	1	95	2	121	2.05e-11	48.1
bflTTN_Aig21_196	TTNI14_192	30.108	93	62	1	1	93	2	91	2.93e-11	47.0
bflTTN_Aig21_196	TTNI80_194	30.952	84	57	1	11	93	9	92	4.23e-11	46.6
bflTTN_Aig21_196	TTNA164_192	30.263	76	53	0	13	88	10	85	2.60e-10	44.7
bflTTN_Aig21_196	TTNA134_195	31.325	83	57	0	12	94	12	94	2.76e-10	44.7
bflTTN_Aig21_196	TTNI79_193	29.348	92	64	1	4	95	3	93	5.10e-10	43.9
bflTTN_Aig21_196	TTNI63_193	27.711	83	60	0	11	93	9	91	1.19e-09	43.1
bflTTN_Aig21_196	TTNI53_193	26.506	83	61	0	11	93	9	91	1.71e-09	42.7
bflTTN_Aig21_196	TTNZ7_195	30.120	83	56	1	13	93	10	92	1.88e-09	42.4
bflTTN_Aig21_196	TTNI73_193	26.506	83	61	0	11	93	9	91	2.38e-09	42.4
bflTTN_Aig21_196	TTNI71_193	30.952	84	56	1	11	92	9	92	2.68e-09	42.0
bflTTN_Aig21_196	TTNM9_196	31.325	83	55	1	14	94	12	94	3.12e-09	42.0
bflTTN_Aig21_196	TTNI45_193	26.506	83	61	0	13	95	11	93	3.28e-09	42.0
bflTTN_Aig21_196	TTNI55_193	32.000	75	51	0	11	85	9	83	3.94e-09	41.6
bflTTN_Aig21_196	TTNM3_193	29.885	87	60	1	8	93	5	91	5.09e-09	41.2
bflTTN_Aig21_196	TTNI51_193	28.916	83	59	0	13	95	11	93	7.23e-09	40.8
bflTTN_Aig21_196	TTNZ5_193	29.670	91	60	3	5	93	4	92	7.31e-09	40.8
bflTTN_Aig21_196	TTNI58_194	27.957	93	65	1	1	93	2	92	8.03e-09	40.8
bflTTN_Aig21_196	TTNI64_193	30.120	83	58	0	13	95	11	93	9.15e-09	40.8
bflTTN_Aig21_196	TTNI59_193	32.432	74	50	0	18	91	16	89	9.96e-09	40.4
bflTTN_Aig21_196	TTNI77_193	25.556	90	66	1	4	93	3	91	1.12e-08	40.4
bflTTN_Aig21_196	TTNZ9_193	26.042	96	67	2	1	96	1	92	1.17e-08	40.4
bflTTN_Aig21_196	TTNI106_194	29.167	72	51	0	9	80	8	79	1.75e-08	40.0
bflTTN_Aig21_196	TTNI16_194	27.160	81	57	1	15	93	12	92	2.03e-08	39.7
bflTTN_Aig21_196	TTNI40_193	29.885	87	61	0	7	93	5	91	2.54e-08	39.7
bflTTN_Aig21_196	TTNI43_193	27.848	79	57	0	13	91	11	89	3.54e-08	39.3
bflTTN_Aig21_196	TTNI105_190	27.059	85	59	1	11	95	9	90	3.80e-08	38.9
bflTTN_Aig21_196	TTNI74_193	26.136	88	64	1	8	95	7	93	4.61e-08	38.9
bflTTN_Aig21_196	TTNM7_192	27.711	83	60	0	11	93	8	90	4.99e-08	38.9
bflTTN_Aig21_196	TTNI61_193	27.059	85	62	0	11	95	9	93	7.68e-08	38.1
bflTTN_Aig21_196	TTNA169_1100	27.848	79	56	1	18	95	22	100	7.88e-08	38.5
bflTTN_Aig21_196	TTNI75_193	29.412	85	60	0	11	95	9	93	8.19e-08	38.1
bflTTN_Aig21_196	TTNI49_193	30.556	72	50	0	13	84	11	82	1.03e-07	37.7
bflTTN_Aig21_196	TTNI57_193	28.395	81	58	0	13	93	11	91	1.23e-07	37.7
bflTTN_Aig21_196	TTNI30_194	26.316	76	56	0	18	93	17	92	1.53e-07	37.4
bflTTN_Aig21_196	TTNI81_190	29.231	65	42	1	31	95	30	90	2.22e-07	37.0
bflTTN_Aig21_196	TTNZ6_195	33.824	68	44	1	27	93	24	91	2.22e-07	37.0
bflTTN_Aig21_196	TTNI1_194	30.588	85	55	3	1	84	2	83	3.67e-07	36.6
bflTTN_Aig21_196	TTNI99_188	31.746	63	42	1	13	75	11	72	3.80e-07	36.2
bflTTN_Aig21_196	TTNI36_194	27.273	77	56	0	8	84	7	83	4.21e-07	36.2
bflTTN_Aig21_196	TTNZ4_195	26.087	69	49	1	18	84	16	84	6.67e-07	35.8
bflTTN_Aig21_196	TTNI37_193	28.395	81	58	0	13	93	11	91	9.74e-07	35.4
bflTTN_Aig21_196	TTNI69_193	31.343	67	46	0	18	84	16	82	1.01e-06	35.4
bflTTN_Aig21_196	TTNI65_193	32.143	84	56	1	11	94	9	91	1.06e-06	35.4
bflTTN_Aig21_196	TTNM4_193	28.235	85	58	1	1	85	2	83	1.39e-06	35.0
bflTTN_Aig21_196	TTNM2_195	26.506	83	58	2	14	93	11	93	1.41e-06	35.0
bflTTN_Aig21_196	TTNM5_194	20.988	81	64	0	13	93	11	91	1.66e-06	34.7
bflTTN_Aig21_196	TTNI32_193	30.882	68	47	0	17	84	15	82	1.76e-06	34.7
bflTTN_Aig21_196	TTNI39_193	28.916	83	59	0	13	95	11	93	2.19e-06	34.3
bflTTN_Aig21_196	TTNI27_194	25.882	85	63	0	11	95	9	93	2.75e-06	34.3
bflTTN_Aig21_196	TTNZ2_194	26.667	75	55	0	11	85	9	83	2.92e-06	34.3
bflTTN_Aig21_196	TTNI72_193	26.437	87	64	0	7	93	5	91	3.13e-06	33.9
bflTTN_Aig21_196	TTNI44_193	30.137	73	51	0	11	83	9	81	3.78e-06	33.9
bflTTN_Aig21_196	TTNI78_194	24.419	86	65	0	8	93	7	92	4.50e-06	33.5
bflTTN_Aig21_196	TTNI48_194	22.581	93	70	1	1	93	2	92	4.50e-06	33.5
bflTTN_Aig21_196	TTNI25_195	28.090	89	61	2	9	94	5	93	4.86e-06	33.5
bflTTN_Aig21_196	TTNI35_193	30.380	79	55	0	15	93	13	91	6.53e-06	33.1
bflTTN_Aig21_196	TTNI67_193	27.160	81	59	0	13	93	11	91	7.40e-06	33.1
bflTTN_Aig21_196	TTNI92_187	24.359	78	58	1	13	90	11	87	8.41e-06	32.7
bflTTN_Aig21_196	TTNI24_192	28.378	74	53	0	15	88	12	85	8.53e-06	32.7
bflTTN_Aig21_196	TTNI12_187	32.653	49	33	0	30	78	27	75	2.72e-05	31.6
bflTTN_Aig21_196	TTNI54_193	23.171	82	63	0	14	95	12	93	3.62e-05	31.2
bflTTN_Aig21_196	TTNI29_193	31.325	83	57	0	11	93	9	91	3.97e-05	31.2
bflTTN_Aig21_196	TTNI97_188	25.301	83	61	1	7	89	5	86	4.06e-05	31.2
bflTTN_Aig21_196	TTNI82_188	26.506	83	60	1	8	90	6	87	5.44e-05	30.8
bflTTN_Aig21_196	TTNI102_188	31.818	44	30	0	35	78	32	75	5.56e-05	30.8
bflTTN_Aig21_196	TTNI28_193	22.892	83	64	0	13	95	11	93	1.38e-04	29.6
bflTTN_Aig21_196	TTNM1_192	22.059	68	52	1	18	84	14	81	1.46e-04	29.6
bflTTN_Aig21_196	TTNI104_188	20.732	82	64	1	8	89	6	86	1.59e-04	29.3
bflTTN_Aig21_196	TTNI4_189	29.268	41	29	0	37	77	34	74	2.31e-04	28.9
bflTTN_Aig21_196	TTNI17_194	23.404	94	65	2	1	90	2	92	4.30e-04	28.5
bflTTN_Aig21_196	TTNI42_194	23.684	76	58	0	18	93	17	92	4.34e-04	28.5
bflTTN_Aig21_196	TTNI85_192	27.632	76	52	2	9	83	8	81	4.95e-04	28.1
bflTTN_Aig21_196	TTNI76_193	25.316	79	59	0	7	85	5	83	5.44e-04	28.1
bflTTN_Aig21_196	TTNI31_193	26.027	73	54	0	11	83	9	81	6.61e-04	27.7
bflTTN_Aig21_196	TTNI34_193	25.806	62	46	0	23	84	21	82	6.74e-04	27.7
bflTTN_Aig21_196	TTNI6_187	22.222	45	35	0	34	78	31	75	6.87e-04	27.7
bflTTN_Aig21_196	TTNI15_191	25.974	77	55	2	7	83	6	80	7.08e-04	27.7
bflTTN_Aig21_196	TTNA168_194	25.610	82	56	3	8	84	2	83	8.63e-04	27.3
bflTTN_Aig21_196	TTNI96_188	24.359	78	58	1	13	90	11	87	0.001	27.3
bflTTN_Aig21_196	TTNI46_193	25.000	76	57	0	18	93	16	91	0.001	27.3
bflTTN_Aig21_196	TTNI47_193	25.758	66	49	0	19	84	17	82	0.001	27.3
bflTTN_Aig21_196	TTNI62_193	25.287	87	60	2	8	90	7	92	0.002	26.9
bflTTN_Aig21_196	TTNI88_187	27.273	44	32	0	32	75	28	71	0.002	26.2
bflTTN_Aig21_196	TTNI100_188	18.824	85	64	2	11	95	9	88	0.003	25.8
bflTTN_Aig21_196	TTNI68_194	22.222	54	42	0	27	80	26	79	0.005	25.4
bflTTN_Aig21_196	TTNI26_191	25.000	92	60	2	4	94	7	90	0.007	25.0
bflTTN_Aig21_196	TTNI83_193	22.727	44	34	0	35	78	32	75	0.007	25.0
bflTTN_Aig21_196	TTNI10_187	26.415	53	39	0	37	89	34	86	0.007	25.0
bflTTN_Aig21_196	TTNI52_193	26.437	87	59	2	8	90	7	92	0.008	25.0
bflTTN_Aig21_196	TTNI103_188	18.750	80	64	1	11	90	9	87	0.009	24.6
bflTTN_Aig21_196	TTNI41_193	28.169	71	51	0	15	85	13	83	0.011	24.6
bflTTN_Aig21_196	TTNI101_193	21.176	85	60	1	4	88	8	85	0.017	23.9
bflTTN_Aig21_196	TTNI9_187	19.048	63	50	1	13	75	11	72	0.018	23.9
bflTTN_Aig21_196	TTNI60_194	30.488	82	50	3	18	95	16	94	0.035	23.1
bflTTN_Aig21_196	TTNI7_187	23.377	77	58	1	14	90	12	87	0.040	22.7
bflTTN_Aig21_196	TTNI56_193	22.667	75	58	0	18	92	16	90	0.047	22.7
bflTTN_Aig21_196	TTNI3_187	27.083	48	34	1	34	81	31	77	0.058	22.3
bflTTN_Aig21_196	TTNZ8_195	25.373	67	50	0	29	95	28	94	0.076	22.3
bflTTN_Aig21_196	TTNI66_193	21.795	78	60	1	8	85	7	83	0.088	21.9
bflTTN_Aig21_196	TTNI84_196	25.424	59	41	2	18	75	20	76	0.11	21.9
bflTTN_Aig21_196	TTNI13_190	30.000	30	21	0	49	78	48	77	0.17	21.2
bflTTN_Aig21_196	TTNI94_187	19.444	72	57	1	19	90	17	87	0.19	21.2
bflTTN_Aig21_196	TTNI93_188	18.182	55	45	0	35	89	32	86	0.20	21.2
bflTTN_Aig21_196	TTNI90_187	24.675	77	56	2	14	90	12	86	0.23	20.8
bflTTN_Aig21_196	TTNI11_187	18.519	54	44	0	37	90	34	87	0.40	20.0
bflTTN_Aig21_196	TTNI86_190	23.913	46	33	1	33	76	30	75	0.50	20.0
bflTTN_Aig21_196	TTNI70_194	19.048	84	67	1	13	95	11	94	0.60	19.6
bflTTN_Aig21_196	TTNI8_188	25.000	40	30	0	35	74	33	72	0.73	19.2
bflTTN_Aig21_196	TTNM8_193	18.987	79	60	2	12	90	11	85	0.74	19.2
bflTTN_Aig21_196	TTNI5_188	24.286	70	52	1	7	76	6	74	0.98	18.9
bflTTN_Aig21_196	TTNI38_193	19.481	77	58	1	18	90	16	92	1.4	18.5
bflTTN_Aig22_193	TTNA65_194	45.556	90	48	1	2	91	5	93	5.52e-25	82.0
bflTTN_Aig22_193	TTNA160_193	46.250	80	43	0	12	91	13	92	8.61e-24	79.0
bflTTN_Aig22_193	TTNA98_194	44.444	90	49	1	2	91	5	93	2.34e-22	75.5
bflTTN_Aig22_193	TTNA76_194	43.333	90	50	1	2	91	5	93	2.44e-21	72.8
bflTTN_Aig22_193	TTNA109_194	44.444	90	49	1	2	91	5	93	1.34e-20	70.9
bflTTN_Aig22_193	TTNA87_194	40.000	80	48	0	12	91	14	93	1.52e-19	68.2
bflTTN_Aig22_193	TTNA153_193	40.244	82	49	0	9	90	10	91	2.73e-19	67.4
bflTTN_Aig22_193	TTNA142_194	38.462	78	48	0	14	91	16	93	2.05e-18	65.5
bflTTN_Aig22_193	TTNA54_196	39.785	93	53	2	1	91	4	95	9.15e-18	63.9
bflTTN_Aig22_193	TTNA29_194	37.079	89	55	1	3	91	6	93	9.63e-17	61.2
bflTTN_Aig22_193	TTNA22_194	36.667	90	56	1	2	91	5	93	4.60e-16	59.3
bflTTN_Aig22_193	TTNA120_193	32.530	83	56	0	9	91	10	92	3.77e-15	57.0
bflTTN_Aig22_193	TTNA57_195	35.135	74	46	1	20	91	21	94	6.16e-15	56.6
bflTTN_Aig22_193	TTNA46_192	33.735	83	53	1	11	91	9	91	1.21e-14	55.8
bflTTN_Aig22_193	TTNA83_196	32.967	91	58	2	3	91	6	95	1.29e-14	55.8
bflTTN_Aig22_193	TTNA127_195	34.940	83	50	2	12	91	13	94	1.34e-14	55.5
bflTTN_Aig22_193	TTNA131_197	34.043	94	58	3	2	91	3	96	1.64e-14	55.5
bflTTN_Aig22_193	TTNA43_195	34.066	91	58	2	2	91	5	94	3.06e-14	54.7
bflTTN_Aig22_193	TTNA72_196	32.941	85	55	1	9	91	11	95	5.56e-14	53.9
bflTTN_Aig22_193	TTNA138_196	31.646	79	52	1	14	90	16	94	1.39e-13	53.1
bflTTN_Aig22_193	TTNA149_197	33.333	93	60	1	1	91	4	96	1.93e-13	52.8
bflTTN_Aig22_193	TTNI106_194	31.522	92	61	1	3	92	3	94	2.34e-13	52.4
bflTTN_Aig22_193	TTNA123_196	37.931	87	46	2	10	91	12	95	2.55e-13	52.4
bflTTN_Aig22_193	TTNA112_192	34.524	84	53	1	10	91	8	91	6.81e-13	51.2
bflTTN_Aig22_193	TTNA1_193	30.952	84	56	1	10	91	9	92	8.55e-13	50.8
bflTTN_Aig22_193	TTNA145_195	34.091	88	56	1	6	91	7	94	9.64e-13	50.8
bflTTN_Aig22_193	TTNA8_195	36.264	91	56	2	2	91	5	94	1.60e-12	50.4
bflTTN_Aig22_193	TTNA101_192	32.099	81	53	1	13	91	11	91	2.74e-12	49.7
bflTTN_Aig22_193	TTNA116_196	31.707	82	54	1	12	91	14	95	6.71e-12	48.9
bflTTN_Aig22_193	TTNA94_195	28.571	91	62	2	3	91	5	94	7.24e-12	48.5
bflTTN_Aig22_193	TTNA15_1104	27.660	94	58	1	8	91	9	102	7.29e-12	48.9
bflTTN_Aig22_193	TTNI105_190	30.952	84	57	1	8	91	7	89	1.26e-11	47.8
bflTTN_Aig22_193	TTNM10_195	28.916	83	55	1	12	90	11	93	1.97e-11	47.4
bflTTN_Aig22_193	TTNA79_193	35.714	84	52	1	10	91	9	92	2.91e-11	47.0
bflTTN_Aig22_193	TTNA50_196	34.737	95	53	3	3	91	4	95	3.76e-11	47.0
bflTTN_Aig22_193	TTNA36_196	35.366	82	51	1	12	91	14	95	4.28e-11	46.6
bflTTN_Aig22_193	TTNA156_195	28.409	88	61	1	6	91	7	94	5.31e-11	46.2
bflTTN_Aig22_193	TTNA90_192	30.435	92	60	2	2	91	2	91	6.74e-11	46.2
bflTTN_Aig22_193	TTNM5_194	30.864	81	54	1	12	90	11	91	7.33e-11	45.8
bflTTN_Aig22_193	TTNA25_194	28.235	85	59	1	9	91	9	93	1.49e-10	45.1
bflTTN_Aig22_193	TTNA32_196	30.435	92	61	2	2	91	5	95	2.71e-10	44.7
bflTTN_Aig22_193	TTNA105_197	30.851	94	61	2	1	91	4	96	3.11e-10	44.3
bflTTN_Aig22_193	TTNA68_195	30.435	92	61	2	2	90	2	93	8.64e-10	43.1
bflTTN_Aig22_193	TTNA61_197	30.435	92	60	3	3	91	6	96	1.29e-09	42.7
bflTTN_Aig22_193	TTNA39_196	29.762	84	55	2	12	91	12	95	2.24e-09	42.4
bflTTN_Aig22_193	TTNA165_196	29.870	77	51	2	17	90	18	94	2.33e-09	42.4
bflTTN_Aig22_193	TTNI61_193	28.395	81	56	1	12	90	11	91	2.97e-09	42.0
bflTTN_Aig22_193	TTNI107_196	30.488	82	55	1	12	91	14	95	7.24e-09	40.8
bflTTN_Aig22_193	TTNZ2_194	28.000	75	52	1	10	82	9	83	4.27e-08	38.9
bflTTN_Aig22_193	TTNA11_1103	27.957	93	59	1	6	90	9	101	7.94e-08	38.5
bflTTN_Aig22_193	TTNM7_192	25.000	80	58	1	13	90	11	90	8.77e-08	38.1
bflTTN_Aig22_193	TTNZ3_195	31.944	72	47	1	11	80	10	81	1.02e-07	37.7
bflTTN_Aig22_193	TTNI14_192	28.395	81	56	1	12	90	11	91	1.06e-07	37.7
bflTTN_Aig22_193	TTNI74_193	27.160	81	57	1	13	91	12	92	1.58e-07	37.4
bflTTN_Aig22_193	TTNA18_199	29.897	97	58	4	5	91	2	98	4.25e-07	36.2
bflTTN_Aig22_193	TTNZ6_195	25.974	77	54	2	17	90	15	91	1.03e-06	35.4
bflTTN_Aig22_193	TTNI64_193	24.691	81	59	1	13	91	12	92	1.20e-06	35.0
bflTTN_Aig22_193	TTNI39_193	23.171	82	61	1	12	91	11	92	1.84e-06	34.7
bflTTN_Aig22_193	TTNA134_195	26.506	83	59	1	11	91	12	94	2.16e-06	34.3
bflTTN_Aig22_193	TTNI33_193	24.390	82	60	1	12	91	11	92	3.39e-06	33.9
bflTTN_Aig22_193	TTNI17_194	28.395	81	54	3	5	81	2	82	5.41e-06	33.5
bflTTN_Aig22_193	TTNA169_1100	25.373	67	47	1	17	80	22	88	1.33e-05	32.3
bflTTN_Aig22_193	TTNA4_1121	26.606	109	49	2	14	91	12	120	1.98e-05	32.3
bflTTN_Aig22_193	TTNM4_193	30.263	76	47	3	10	82	11	83	3.55e-05	31.2
bflTTN_Aig22_193	TTNI16_194	26.027	73	50	1	14	82	12	84	6.71e-05	30.4
bflTTN_Aig22_193	TTNI59_193	22.368	76	57	1	17	90	16	91	1.05e-04	30.0
bflTTN_Aig22_193	TTNI73_193	21.519	79	60	1	14	90	13	91	1.24e-04	29.6
bflTTN_Aig22_193	TTNI71_193	20.482	83	64	1	10	90	9	91	1.37e-04	29.6
bflTTN_Aig22_193	TTNI25_195	24.359	78	56	1	17	91	16	93	1.39e-04	29.6
bflTTN_Aig22_193	TTNI53_193	25.424	59	42	1	26	82	25	83	2.05e-04	29.3
bflTTN_Aig22_193	TTNI51_193	21.918	73	55	1	12	82	11	83	5.25e-04	28.1
bflTTN_Aig22_193	TTNI69_193	20.548	73	56	1	10	80	9	81	5.41e-04	28.1
bflTTN_Aig22_193	TTNI55_193	26.923	78	51	3	17	90	16	91	8.17e-04	27.3
bflTTN_Aig22_193	TTNI30_194	21.212	66	50	1	17	80	17	82	0.001	27.3
bflTTN_Aig22_193	TTNZ1_195	23.529	85	61	1	10	90	8	92	0.001	27.3
bflTTN_Aig22_193	TTNI48_194	24.051	79	58	1	14	90	14	92	0.002	26.6
bflTTN_Aig22_193	TTNI45_193	20.732	82	63	1	12	91	11	92	0.002	26.6
bflTTN_Aig22_193	TTNI54_193	28.571	49	33	1	35	81	34	82	0.002	26.2
bflTTN_Aig22_193	TTNI50_194	27.907	86	57	2	10	91	9	93	0.002	26.2
bflTTN_Aig22_193	TTNI1_194	34.146	41	21	1	13	53	12	46	0.003	26.2
bflTTN_Aig22_193	TTNI12_187	26.087	46	32	1	28	71	26	71	0.003	25.8
bflTTN_Aig22_193	TTNI76_193	23.810	84	60	2	5	84	2	85	0.003	25.8
bflTTN_Aig22_193	TTNI36_194	18.841	69	54	1	14	80	14	82	0.004	25.8
bflTTN_Aig22_193	TTNI63_193	23.457	81	60	1	12	90	11	91	0.007	25.0
bflTTN_Aig22_193	TTNI65_193	22.727	66	49	1	17	80	16	81	0.008	24.6
bflTTN_Aig22_193	TTNI43_193	21.538	65	49	1	26	88	25	89	0.009	24.6
bflTTN_Aig22_193	TTNI56_193	25.882	85	57	3	5	84	2	85	0.010	24.6
bflTTN_Aig22_193	TTNZ8_195	29.091	55	37	1	28	80	28	82	0.012	24.3
bflTTN_Aig22_193	TTNI58_194	21.429	70	53	1	15	82	15	84	0.014	24.3
bflTTN_Aig22_193	TTNI66_193	24.286	70	51	1	17	84	16	85	0.015	24.3
bflTTN_Aig22_193	TTNI72_193	20.513	78	58	2	16	89	15	92	0.018	23.9
bflTTN_Aig22_193	TTNI85_192	50.000	22	11	0	58	79	59	80	0.018	23.9
bflTTN_Aig22_193	TTNI75_193	24.390	82	58	2	12	90	11	91	0.019	23.9
bflTTN_Aig22_193	TTNZ7_195	22.353	85	60	2	12	90	10	94	0.027	23.5
bflTTN_Aig22_193	TTNZ9_193	21.250	80	62	1	12	90	10	89	0.044	22.7
bflTTN_Aig22_193	TTNM2_195	22.078	77	55	1	10	81	8	84	0.049	22.7
bflTTN_Aig22_193	TTNI44_193	22.807	57	42	1	26	80	25	81	0.061	22.3
bflTTN_Aig22_193	TTNI67_193	22.449	49	36	1	35	81	34	82	0.16	21.2
bflTTN_Aig22_193	TTNM1_192	26.531	49	34	1	35	81	33	81	0.26	20.8
bflTTN_Aig22_193	TTNI42_194	18.519	81	64	1	12	90	12	92	0.30	20.4
bflTTN_Aig22_193	TTNI32_193	19.403	67	52	2	16	80	15	81	0.32	20.4
bflTTN_Aig22_193	TTNI24_192	22.857	70	52	1	14	81	12	81	0.51	19.6
bflTTN_Aig22_193	TTNI37_193	26.230	61	39	2	26	82	25	83	0.56	19.6
bflTTN_Aig22_193	TTNI15_191	20.000	85	56	2	18	90	6	90	1.00	18.9
bflTTN_Aig22_193	TTNI90_187	32.258	31	19	1	58	88	57	85	1.0	18.9
bflTTN_Aig22_193	TTNI31_193	17.647	68	54	1	17	82	16	83	1.3	18.9
bflTTN_Aig22_193	TTNI4_189	23.256	43	31	1	35	75	33	75	1.4	18.5
bflTTN_Aig22_193	TTNI10_187	27.907	43	23	1	43	77	35	77	4.0	17.3
bflTTN_Aig22_193	TTNI38_193	17.143	70	55	2	13	80	13	81	4.4	17.3
bflTTN_Aig22_193	TTNI102_188	24.444	45	34	0	39	83	39	83	4.5	16.9
bflTTN_Aig22_193	TTNI87_188	66.667	6	2	0	29	34	42	47	5.2	16.9
bflTTN_Aig22_193	TTNI79_193	18.310	71	56	1	12	80	11	81	6.2	16.9
bflTTN_Aig22_193	TTNI101_193	66.667	9	3	0	19	27	1	9	7.1	16.5
bflTTN_Aig23_196	TTNA57_195	37.895	95	59	0	1	95	1	95	2.77e-22	75.5
bflTTN_Aig23_196	TTNA145_195	37.895	95	59	0	1	95	1	95	4.79e-16	59.3
bflTTN_Aig23_196	TTNA1_193	28.421	95	65	1	1	95	2	93	2.59e-15	57.4
bflTTN_Aig23_196	TTNA156_195	29.787	94	66	0	1	94	1	94	8.56e-15	56.2
bflTTN_Aig23_196	TTNA90_192	32.500	80	54	0	13	92	10	89	2.16e-14	55.1
bflTTN_Aig23_196	TTNA68_195	30.952	84	58	0	1	84	1	84	7.62e-14	53.9
bflTTN_Aig23_196	TTNA134_195	30.208	96	65	2	1	95	1	95	8.31e-14	53.5
bflTTN_Aig23_196	TTNA79_193	29.268	82	58	0	13	94	11	92	8.75e-14	53.5
bflTTN_Aig23_196	TTNA101_192	28.049	82	59	0	13	94	10	91	1.12e-13	53.1
bflTTN_Aig23_196	TTNA123_196	30.851	94	65	0	1	94	2	95	1.93e-13	52.8
bflTTN_Aig23_196	TTNA98_194	32.184	87	57	1	1	87	2	86	5.93e-13	51.6
bflTTN_Aig23_196	TTNA109_194	34.483	87	55	1	1	87	2	86	1.09e-12	50.8
bflTTN_Aig23_196	TTNI106_194	31.579	95	64	1	1	95	1	94	2.80e-12	49.7
bflTTN_Aig23_196	TTNA131_197	31.325	83	57	0	1	83	2	84	5.71e-12	48.9
bflTTN_Aig23_196	TTNA112_192	28.571	84	60	0	11	94	8	91	6.78e-12	48.9
bflTTN_Aig23_196	TTNA160_193	28.421	95	66	1	1	95	1	93	3.68e-11	47.0
bflTTN_Aig23_196	TTNM10_195	33.333	84	54	1	12	93	10	93	3.83e-11	47.0
bflTTN_Aig23_196	TTNA142_194	30.851	94	63	1	1	94	2	93	5.35e-11	46.6
bflTTN_Aig23_196	TTNA76_194	29.885	87	59	1	1	87	2	86	6.43e-11	46.2
bflTTN_Aig23_196	TTNM5_194	33.708	89	57	1	5	93	5	91	6.71e-11	46.2
bflTTN_Aig23_196	TTNA54_196	31.183	93	62	1	1	93	2	92	8.76e-11	45.8
bflTTN_Aig23_196	TTNA65_194	29.885	87	59	1	1	87	2	86	1.04e-10	45.8
bflTTN_Aig23_196	TTNA87_194	29.885	87	59	1	1	87	2	86	1.33e-10	45.4
bflTTN_Aig23_196	TTNA46_192	25.287	87	65	0	8	94	5	91	1.44e-10	45.4
bflTTN_Aig23_196	TTNA120_193	25.581	86	62	1	1	86	1	84	1.96e-10	45.1
bflTTN_Aig23_196	TTNA94_195	31.081	74	51	0	13	86	13	86	2.07e-10	45.1
bflTTN_Aig23_196	TTNA149_197	26.316	95	69	1	1	94	2	96	2.47e-10	44.7
bflTTN_Aig23_196	TTNA83_196	23.404	94	72	0	1	94	2	95	6.03e-10	43.9
bflTTN_Aig23_196	TTNA50_196	28.723	94	67	0	1	94	2	95	1.26e-09	43.1
bflTTN_Aig23_196	TTNA25_194	31.081	74	51	0	21	94	20	93	1.42e-09	42.7
bflTTN_Aig23_196	TTNA138_196	25.926	81	60	0	13	93	14	94	2.04e-09	42.4
bflTTN_Aig23_196	TTNA116_196	26.667	75	55	0	13	87	14	88	3.33e-09	42.0
bflTTN_Aig23_196	TTNI45_193	34.247	73	46	2	17	88	15	86	4.24e-09	41.6
bflTTN_Aig23_196	TTNI1_194	27.586	87	60	2	8	93	8	92	5.02e-09	41.2
bflTTN_Aig23_196	TTNI107_196	28.000	75	54	0	13	87	14	88	8.33e-09	40.8
bflTTN_Aig23_196	TTNA105_197	29.333	75	52	1	13	86	14	88	2.76e-08	39.7
bflTTN_Aig23_196	TTNI67_193	27.957	93	64	2	1	93	2	91	2.86e-08	39.3
bflTTN_Aig23_196	TTNA127_195	21.277	94	74	0	1	94	1	94	3.06e-08	39.3
bflTTN_Aig23_196	TTNA153_193	24.138	87	64	1	1	87	1	85	4.11e-08	38.9
bflTTN_Aig23_196	TTNA165_196	31.429	70	47	1	19	87	19	88	4.38e-08	38.9
bflTTN_Aig23_196	TTNI77_193	27.632	76	53	1	12	87	12	85	6.15e-08	38.5
bflTTN_Aig23_196	TTNA29_194	27.660	94	66	1	1	94	2	93	9.17e-08	38.1
bflTTN_Aig23_196	TTNA18_199	24.510	102	66	2	1	95	2	99	1.79e-07	37.4
bflTTN_Aig23_196	TTNI72_193	30.263	76	51	2	19	93	17	91	1.95e-07	37.4
bflTTN_Aig23_196	TTNA32_196	23.656	93	71	0	1	93	2	94	3.49e-07	36.6
bflTTN_Aig23_196	TTNI43_193	30.263	76	47	2	19	91	17	89	3.53e-07	36.6
bflTTN_Aig23_196	TTNI64_193	27.273	77	56	0	12	88	10	86	4.70e-07	36.2
bflTTN_Aig23_196	TTNI48_194	25.000	80	60	0	14	93	13	92	5.31e-07	36.2
bflTTN_Aig23_196	TTNZ1_195	28.571	91	51	2	11	93	8	92	7.89e-07	35.8
bflTTN_Aig23_196	TTNA43_195	29.213	89	58	3	1	87	2	87	9.34e-07	35.4
bflTTN_Aig23_196	TTNI80_194	30.233	86	57	2	9	93	9	92	9.39e-07	35.4
bflTTN_Aig23_196	TTNA72_196	27.160	81	59	0	14	94	15	95	1.17e-06	35.0
bflTTN_Aig23_196	TTNM1_192	31.746	63	41	2	34	95	31	92	1.23e-06	35.0
bflTTN_Aig23_196	TTNI82_188	30.864	81	53	2	11	91	9	86	1.26e-06	35.0
bflTTN_Aig23_196	TTNZ3_195	28.571	84	58	2	11	93	9	91	1.48e-06	35.0
bflTTN_Aig23_196	TTNI55_193	28.788	66	47	0	22	87	20	85	1.56e-06	34.7
bflTTN_Aig23_196	TTNI58_194	23.750	80	61	0	14	93	13	92	1.71e-06	34.7
bflTTN_Aig23_196	TTNA169_1100	28.571	63	44	1	22	83	26	88	1.94e-06	34.7
bflTTN_Aig23_196	TTNM7_192	26.374	91	61	3	5	93	4	90	2.23e-06	34.3
bflTTN_Aig23_196	TTNI105_190	25.287	87	56	2	11	94	9	89	2.95e-06	33.9
bflTTN_Aig23_196	TTNI79_193	26.667	60	44	0	34	93	32	91	3.00e-06	34.3
bflTTN_Aig23_196	TTNI76_193	28.814	59	42	0	35	93	33	91	3.07e-06	33.9
bflTTN_Aig23_196	TTNI44_193	28.571	70	48	1	14	83	14	81	3.23e-06	33.9
bflTTN_Aig23_196	TTNI74_193	22.619	84	65	0	11	94	9	92	3.74e-06	33.9
bflTTN_Aig23_196	TTNI37_193	34.722	72	44	3	14	84	13	82	3.74e-06	33.9
bflTTN_Aig23_196	TTNM3_193	27.160	81	56	2	15	93	12	91	6.60e-06	33.1
bflTTN_Aig23_196	TTNI32_193	27.778	90	57	1	4	93	10	91	7.64e-06	33.1
bflTTN_Aig23_196	TTNI57_193	23.810	84	62	1	10	93	10	91	7.72e-06	33.1
bflTTN_Aig23_196	TTNM9_196	21.250	80	63	0	15	94	13	92	8.87e-06	32.7
bflTTN_Aig23_196	TTNA8_195	28.767	73	49	2	23	93	22	93	1.22e-05	32.3
bflTTN_Aig23_196	TTNZ5_193	25.000	84	62	1	11	93	9	92	1.76e-05	32.0
bflTTN_Aig23_196	TTNI59_193	23.188	69	53	0	19	87	17	85	2.26e-05	31.6
bflTTN_Aig23_196	TTNI34_193	26.744	86	61	1	8	93	8	91	2.26e-05	31.6
bflTTN_Aig23_196	TTNI30_194	25.352	71	53	0	23	93	22	92	2.74e-05	31.6
bflTTN_Aig23_196	TTNA15_1104	21.875	96	66	3	8	94	7	102	2.96e-05	31.6
bflTTN_Aig23_196	TTNI65_193	20.213	94	71	3	1	93	1	91	3.16e-05	31.2
bflTTN_Aig23_196	TTNI36_194	23.750	80	61	0	14	93	13	92	3.34e-05	31.2
bflTTN_Aig23_196	TTNI81_190	26.966	89	54	3	6	94	12	89	5.26e-05	30.8
bflTTN_Aig23_196	TTNI35_193	24.000	75	57	0	19	93	17	91	6.41e-05	30.4
bflTTN_Aig23_196	TTNI49_193	21.429	70	55	0	18	87	16	85	8.14e-05	30.4
bflTTN_Aig23_196	TTNI75_193	27.273	66	48	0	22	87	20	85	8.31e-05	30.4
bflTTN_Aig23_196	TTNA61_197	25.758	66	49	0	29	94	31	96	2.28e-04	29.3
bflTTN_Aig23_196	TTNI51_193	27.692	65	47	0	23	87	21	85	2.67e-04	28.9
bflTTN_Aig23_196	TTNZ7_195	24.419	86	61	2	11	93	8	92	2.91e-04	28.9
bflTTN_Aig23_196	TTNA36_196	29.310	58	37	2	29	84	30	85	2.95e-04	28.9
bflTTN_Aig23_196	TTNA22_194	25.581	86	60	3	1	85	2	84	3.19e-04	28.9
bflTTN_Aig23_196	TTNA11_1103	29.032	62	38	2	29	84	31	92	3.42e-04	28.9
bflTTN_Aig23_196	TTNI69_193	28.169	71	47	3	19	87	17	85	3.53e-04	28.5
bflTTN_Aig23_196	TTNI54_193	26.389	72	53	0	12	83	10	81	4.76e-04	28.1
bflTTN_Aig23_196	TTNI33_193	26.389	72	53	0	23	94	21	92	6.88e-04	27.7
bflTTN_Aig23_196	TTNI66_193	23.333	60	46	0	34	93	32	91	8.63e-04	27.3
bflTTN_Aig23_196	TTNI24_192	29.688	64	39	2	23	83	20	80	0.001	26.9
bflTTN_Aig23_196	TTNI52_193	27.778	72	50	2	23	93	21	91	0.001	26.9
bflTTN_Aig23_196	TTNA39_196	24.324	74	54	1	13	84	12	85	0.001	26.9
bflTTN_Aig23_196	TTNZ4_195	26.667	75	53	1	15	87	13	87	0.002	26.9
bflTTN_Aig23_196	TTNI40_193	25.000	72	52	2	23	93	21	91	0.002	26.9
bflTTN_Aig23_196	TTNI25_195	21.739	69	49	2	29	94	27	93	0.002	26.6
bflTTN_Aig23_196	TTNZ9_193	25.974	77	54	2	17	93	16	89	0.002	26.2
bflTTN_Aig23_196	TTNZ6_195	25.641	78	55	2	17	93	16	91	0.002	26.2
bflTTN_Aig23_196	TTNM6_194	22.857	70	53	1	16	84	14	83	0.003	25.8
bflTTN_Aig23_196	TTNI27_194	21.951	82	62	1	12	93	12	91	0.005	25.4
bflTTN_Aig23_196	TTNI53_193	28.358	67	44	2	29	93	27	91	0.005	25.4
bflTTN_Aig23_196	TTNI94_187	23.529	68	51	1	11	78	9	75	0.006	25.0
bflTTN_Aig23_196	TTNI4_189	23.077	52	40	0	36	87	33	84	0.006	25.0
bflTTN_Aig23_196	TTNI68_194	21.875	64	48	1	17	80	18	79	0.007	25.0
bflTTN_Aig23_196	TTNI47_193	24.615	65	49	0	29	93	27	91	0.007	25.0
bflTTN_Aig23_196	TTNI3_187	24.638	69	45	1	15	76	5	73	0.007	25.0
bflTTN_Aig23_196	TTNI42_194	25.000	84	57	3	13	93	12	92	0.008	25.0
bflTTN_Aig23_196	TTNI29_193	32.258	62	36	2	35	93	33	91	0.008	25.0
bflTTN_Aig23_196	TTNM4_193	22.727	88	66	1	8	95	8	93	0.010	24.6
bflTTN_Aig23_196	TTNA168_194	26.667	75	53	2	15	87	12	86	0.010	24.6
bflTTN_Aig23_196	TTNI15_191	32.727	55	35	2	34	87	31	84	0.012	24.3
bflTTN_Aig23_196	TTNI16_194	21.739	69	50	2	28	93	25	92	0.012	24.3
bflTTN_Aig23_196	TTNI71_193	21.538	65	51	0	23	87	21	85	0.013	24.3
bflTTN_Aig23_196	TTNA4_1121	23.529	51	33	1	15	65	12	56	0.013	24.6
bflTTN_Aig23_196	TTNI99_188	25.000	48	36	0	31	78	28	75	0.018	23.9
bflTTN_Aig23_196	TTNI99_188	36.364	22	14	0	72	93	2	23	1.1	18.9
bflTTN_Aig23_196	TTNI73_193	25.758	66	47	2	29	93	27	91	0.019	23.9
bflTTN_Aig23_196	TTNI86_190	22.449	49	36	1	33	79	30	78	0.019	23.9
bflTTN_Aig23_196	TTNI63_193	30.303	66	44	2	29	93	27	91	0.020	23.9
bflTTN_Aig23_196	TTNI78_194	24.359	78	57	2	17	93	16	92	0.024	23.5
bflTTN_Aig23_196	TTNM2_195	24.242	66	38	2	31	96	28	81	0.025	23.5
bflTTN_Aig23_196	TTNI62_193	21.127	71	56	0	23	93	21	91	0.025	23.5
bflTTN_Aig23_196	TTNI14_192	26.316	57	40	2	28	83	26	81	0.027	23.5
bflTTN_Aig23_196	TTNI56_193	22.414	58	45	0	34	91	32	89	0.034	23.1
bflTTN_Aig23_196	TTNI61_193	19.178	73	59	0	21	93	19	91	0.054	22.7
bflTTN_Aig23_196	TTNA164_192	22.785	79	59	1	15	93	14	90	0.059	22.3
bflTTN_Aig23_196	TTNI46_193	21.250	80	61	2	8	87	8	85	0.075	22.3
bflTTN_Aig23_196	TTNZ8_195	22.472	89	66	1	5	93	7	92	0.080	22.3
bflTTN_Aig23_196	TTNI85_192	26.667	60	43	1	35	93	32	91	0.082	21.9
bflTTN_Aig23_196	TTNI28_193	16.667	66	55	0	29	94	27	92	0.24	20.8
bflTTN_Aig23_196	TTNI17_194	25.397	63	43	2	35	95	33	93	0.24	20.8
bflTTN_Aig23_196	TTNI96_188	21.538	65	48	1	17	81	17	78	0.44	20.0
bflTTN_Aig23_196	TTNI9_187	19.444	72	49	2	4	75	10	72	0.64	19.6
bflTTN_Aig23_196	TTNI7_187	24.359	78	50	2	1	78	7	75	0.65	19.6
bflTTN_Aig23_196	TTNI12_187	23.913	46	35	0	31	76	28	73	0.83	19.2
bflTTN_Aig23_196	TTNI84_196	22.093	86	64	1	11	93	9	94	1.1	18.9
bflTTN_Aig23_196	TTNM8_193	25.373	67	48	1	10	76	9	73	1.3	18.9
bflTTN_Aig23_196	TTNI31_193	18.033	61	50	0	23	83	21	81	2.7	17.7
bflTTN_Aig23_196	TTNI13_190	31.250	16	11	0	61	76	60	75	2.8	17.7
bflTTN_Aig23_196	TTNI5_188	37.500	16	10	0	61	76	59	74	9.4	16.2
bflTTN_Aig23_196	TTNI97_188	66.667	9	3	0	51	59	4	12	9.9	16.2
bflTTN_Aig24_198	TTNA36_196	38.554	83	50	1	14	96	14	95	1.37e-20	71.2
bflTTN_Aig24_198	TTNA101_192	32.584	89	59	1	8	96	4	91	4.42e-18	64.7
bflTTN_Aig24_198	TTNA149_197	32.292	96	64	1	1	96	2	96	1.45e-16	60.8
bflTTN_Aig24_198	TTNI107_196	32.292	96	63	2	1	96	2	95	3.55e-16	59.7
bflTTN_Aig24_198	TTNA1_193	35.955	89	56	1	9	97	6	93	3.98e-16	59.7
bflTTN_Aig24_198	TTNA79_193	33.333	87	57	1	7	93	4	89	1.33e-15	58.2
bflTTN_Aig24_198	TTNA123_196	37.179	78	48	1	16	93	16	92	8.05e-15	56.2
bflTTN_Aig24_198	TTNA39_196	37.647	85	46	4	14	93	12	94	3.70e-14	54.7
bflTTN_Aig24_198	TTNA8_195	37.500	96	57	3	1	96	2	94	4.64e-14	54.3
bflTTN_Aig24_198	TTNA90_192	31.646	79	53	1	15	93	11	88	6.60e-14	53.9
bflTTN_Aig24_198	TTNZ9_193	31.707	82	54	1	14	95	10	89	2.55e-13	52.4
bflTTN_Aig24_198	TTNA72_196	30.208	96	65	2	1	96	2	95	3.73e-13	52.0
bflTTN_Aig24_198	TTNA94_195	29.167	96	66	2	1	96	1	94	4.88e-13	52.0
bflTTN_Aig24_198	TTNA116_196	27.551	98	65	3	1	96	2	95	1.41e-12	50.8
bflTTN_Aig24_198	TTNA61_197	32.990	97	62	3	1	96	2	96	1.58e-12	50.4
bflTTN_Aig24_198	TTNA83_196	30.208	96	65	2	1	96	2	95	1.84e-12	50.4
bflTTN_Aig24_198	TTNA138_196	32.927	82	54	1	14	95	14	94	4.31e-12	49.3
bflTTN_Aig24_198	TTNA50_196	27.711	83	59	1	14	96	14	95	1.03e-11	48.5
bflTTN_Aig24_198	TTNA156_195	35.714	84	45	2	21	96	12	94	1.15e-11	48.1
bflTTN_Aig24_198	TTNA153_193	30.120	83	55	1	14	96	13	92	1.38e-11	48.1
bflTTN_Aig24_198	TTNA68_195	29.348	92	63	2	5	95	3	93	1.44e-11	48.1
bflTTN_Aig24_198	TTNI51_193	28.421	95	64	2	1	95	1	91	1.57e-11	47.8
bflTTN_Aig24_198	TTNA57_195	29.670	91	56	2	7	97	13	95	1.58e-11	47.8
bflTTN_Aig24_198	TTNI58_194	30.682	88	57	3	8	95	7	90	1.71e-11	47.8
bflTTN_Aig24_198	TTNA76_194	32.292	96	61	2	1	96	2	93	2.54e-11	47.4
bflTTN_Aig24_198	TTNM3_193	23.750	80	61	0	16	95	12	91	2.96e-11	47.4
bflTTN_Aig24_198	TTNA145_195	31.461	89	60	1	9	97	8	95	3.43e-11	47.0
bflTTN_Aig24_198	TTNA25_194	28.421	95	64	2	1	95	2	92	6.54e-11	46.2
bflTTN_Aig24_198	TTNA54_196	28.916	83	58	1	14	96	14	95	1.13e-10	45.8
bflTTN_Aig24_198	TTNA65_194	27.711	83	57	2	14	96	14	93	2.27e-10	45.1
bflTTN_Aig24_198	TTNA15_1104	27.619	105	64	3	1	96	1	102	2.60e-10	45.1
bflTTN_Aig24_198	TTNA98_194	23.958	96	69	2	1	96	2	93	4.14e-10	44.3
bflTTN_Aig24_198	TTNA109_194	31.579	76	49	1	21	96	21	93	5.13e-10	43.9
bflTTN_Aig24_198	TTNA160_193	28.866	97	65	3	1	97	1	93	5.47e-10	43.9
bflTTN_Aig24_198	TTNM10_195	27.711	83	59	1	14	95	11	93	5.82e-10	43.9
bflTTN_Aig24_198	TTNI24_192	32.584	89	56	3	9	94	4	91	5.97e-10	43.9
bflTTN_Aig24_198	TTNA105_197	30.952	84	56	2	14	96	14	96	6.66e-10	43.9
bflTTN_Aig24_198	TTNA11_1103	24.510	102	70	3	1	96	2	102	6.94e-10	43.9
bflTTN_Aig24_198	TTNA87_194	28.125	96	65	2	1	96	2	93	8.94e-10	43.5
bflTTN_Aig24_198	TTNA32_196	23.958	96	71	2	1	96	2	95	9.01e-10	43.5
bflTTN_Aig24_198	TTNA112_192	27.273	77	55	1	20	96	16	91	1.05e-09	43.1
bflTTN_Aig24_198	TTNA127_195	28.205	78	55	1	19	96	18	94	1.34e-09	43.1
bflTTN_Aig24_198	TTNA164_192	31.343	67	45	1	19	85	15	80	1.55e-09	42.7
bflTTN_Aig24_198	TTNA142_194	28.125	96	65	3	1	96	2	93	2.04e-09	42.4
bflTTN_Aig24_198	TTNI74_193	30.588	85	58	1	12	96	9	92	4.08e-09	41.6
bflTTN_Aig24_198	TTNI14_192	25.610	82	60	1	14	95	11	91	4.91e-09	41.6
bflTTN_Aig24_198	TTNA165_196	32.292	96	62	3	1	95	1	94	5.24e-09	41.6
bflTTN_Aig24_198	TTNA29_194	25.000	96	68	2	1	96	2	93	5.92e-09	41.2
bflTTN_Aig24_198	TTNM7_192	26.250	80	58	1	16	95	12	90	6.61e-09	41.2
bflTTN_Aig24_198	TTNA4_1121	21.552	116	63	2	9	96	5	120	6.98e-09	41.6
bflTTN_Aig24_198	TTNZ2_194	30.233	86	59	1	12	97	9	93	1.16e-08	40.4
bflTTN_Aig24_198	TTNI61_193	25.263	95	67	2	1	95	1	91	1.25e-08	40.4
bflTTN_Aig24_198	TTNZ4_195	24.051	79	59	1	16	93	13	91	1.66e-08	40.0
bflTTN_Aig24_198	TTNZ1_195	31.707	82	51	3	12	90	8	87	4.45e-08	38.9
bflTTN_Aig24_198	TTNI45_193	23.158	95	67	3	1	93	1	91	5.20e-08	38.9
bflTTN_Aig24_198	TTNI1_194	25.714	70	52	0	16	85	13	82	6.21e-08	38.5
bflTTN_Aig24_198	TTNA18_199	26.087	92	58	3	14	97	10	99	7.94e-08	38.5
bflTTN_Aig24_198	TTNI76_193	33.333	75	45	2	20	90	13	86	9.12e-08	38.1
bflTTN_Aig24_198	TTNA46_192	24.706	85	63	1	12	96	8	91	1.06e-07	38.1
bflTTN_Aig24_198	TTNM5_194	26.744	86	62	1	10	95	7	91	1.07e-07	38.1
bflTTN_Aig24_198	TTNA131_197	26.804	97	68	3	1	96	2	96	1.08e-07	38.1
bflTTN_Aig24_198	TTNM9_196	27.160	81	58	1	16	96	13	92	1.35e-07	37.7
bflTTN_Aig24_198	TTNA134_195	24.706	85	63	1	13	97	12	95	1.55e-07	37.7
bflTTN_Aig24_198	TTNZ6_195	23.077	91	66	2	7	95	3	91	2.00e-07	37.4
bflTTN_Aig24_198	TTNZ7_195	27.160	81	58	1	16	95	12	92	2.20e-07	37.4
bflTTN_Aig24_198	TTNI36_194	24.706	85	61	2	1	85	1	82	2.41e-07	37.0
bflTTN_Aig24_198	TTNI42_194	26.190	84	57	3	14	95	12	92	2.48e-07	37.0
bflTTN_Aig24_198	TTNA169_1100	21.795	78	61	0	18	95	21	98	4.05e-07	36.6
bflTTN_Aig24_198	TTNI16_194	22.353	85	65	1	12	95	8	92	4.53e-07	36.2
bflTTN_Aig24_198	TTNI71_193	23.158	95	69	2	1	95	1	91	4.96e-07	36.2
bflTTN_Aig24_198	TTNI102_188	37.500	56	34	1	36	91	32	86	5.33e-07	36.2
bflTTN_Aig24_198	TTNI25_195	29.487	78	54	1	9	85	5	82	6.19e-07	35.8
bflTTN_Aig24_198	TTNI33_193	19.792	96	73	2	1	96	1	92	7.64e-07	35.8
bflTTN_Aig24_198	TTNA120_193	23.958	96	69	3	1	96	1	92	8.05e-07	35.8
bflTTN_Aig24_198	TTNA22_194	25.000	96	68	3	1	96	2	93	8.27e-07	35.8
bflTTN_Aig24_198	TTNZ5_193	29.412	85	54	3	5	87	4	84	1.13e-06	35.4
bflTTN_Aig24_198	TTNZ3_195	21.795	78	60	1	18	95	15	91	1.41e-06	35.0
bflTTN_Aig24_198	TTNI77_193	25.974	77	56	1	19	95	16	91	1.91e-06	34.7
bflTTN_Aig24_198	TTNI100_188	29.268	82	56	2	10	91	7	86	1.93e-06	34.7
bflTTN_Aig24_198	TTNI43_193	22.973	74	56	1	22	95	19	91	2.64e-06	34.3
bflTTN_Aig24_198	TTNI79_193	19.444	72	57	1	14	85	11	81	2.67e-06	34.3
bflTTN_Aig24_198	TTNI48_194	25.641	78	57	1	16	93	14	90	3.08e-06	34.3
bflTTN_Aig24_198	TTNA43_195	25.532	94	65	3	5	96	4	94	3.58e-06	33.9
bflTTN_Aig24_198	TTNI34_193	30.000	70	48	1	21	90	18	86	4.75e-06	33.5
bflTTN_Aig24_198	TTNI53_193	23.171	82	62	1	14	95	11	91	5.45e-06	33.5
bflTTN_Aig24_198	TTNI80_194	27.536	69	48	2	28	95	25	92	6.89e-06	33.1
bflTTN_Aig24_198	TTNI69_193	24.051	79	59	1	7	85	4	81	1.05e-05	32.7
bflTTN_Aig24_198	TTNI27_194	20.732	82	64	1	14	95	11	91	1.82e-05	32.0
bflTTN_Aig24_198	TTNI75_193	25.556	90	65	2	7	95	3	91	2.05e-05	32.0
bflTTN_Aig24_198	TTNI49_193	27.778	72	47	2	26	95	23	91	2.35e-05	32.0
bflTTN_Aig24_198	TTNI73_193	22.093	86	66	1	10	95	7	91	2.64e-05	31.6
bflTTN_Aig24_198	TTNM2_195	31.429	70	44	2	19	85	15	83	2.86e-05	31.6
bflTTN_Aig24_198	TTNI105_190	21.951	82	60	2	14	95	11	88	3.45e-05	31.2
bflTTN_Aig24_198	TTNI59_193	25.641	78	57	1	18	95	15	91	4.17e-05	31.2
bflTTN_Aig24_198	TTNI91_188	28.947	76	46	4	19	91	16	86	4.77e-05	30.8
bflTTN_Aig24_198	TTNI55_193	29.577	71	49	1	19	89	16	85	5.02e-05	30.8
bflTTN_Aig24_198	TTNI39_193	20.988	81	63	1	16	96	13	92	5.13e-05	30.8
bflTTN_Aig24_198	TTNI64_193	23.171	82	60	2	14	93	11	91	5.23e-05	30.8
bflTTN_Aig24_198	TTNI57_193	21.519	79	61	1	7	85	4	81	1.07e-04	30.0
bflTTN_Aig24_198	TTNI99_188	25.397	63	45	2	14	76	11	71	1.98e-04	29.3
bflTTN_Aig24_198	TTNI97_188	37.931	29	18	0	30	58	26	54	2.36e-04	28.9
bflTTN_Aig24_198	TTNI106_194	29.630	81	46	3	21	97	21	94	3.13e-04	28.9
bflTTN_Aig24_198	TTNI30_194	26.866	67	48	1	19	85	17	82	3.44e-04	28.5
bflTTN_Aig24_198	TTNI63_193	19.048	84	67	1	12	95	9	91	6.22e-04	28.1
bflTTN_Aig24_198	TTNI81_190	24.675	77	52	2	11	81	9	85	6.79e-04	27.7
bflTTN_Aig24_198	TTNM6_194	20.339	59	47	0	35	93	32	90	7.96e-04	27.7
bflTTN_Aig24_198	TTNI26_191	27.941	68	47	1	18	85	14	79	8.18e-04	27.7
bflTTN_Aig24_198	TTNI10_187	27.273	77	48	2	22	91	11	86	0.001	27.3
bflTTN_Aig24_198	TTNI44_193	25.000	80	55	3	8	86	7	82	0.001	26.9
bflTTN_Aig24_198	TTNI66_193	26.667	75	50	3	20	90	13	86	0.001	26.9
bflTTN_Aig24_198	TTNA168_194	47.368	19	10	0	28	46	24	42	0.001	26.9
bflTTN_Aig24_198	TTNI90_187	24.561	57	42	1	36	92	31	86	0.002	26.6
bflTTN_Aig24_198	TTNI103_188	25.714	70	39	3	30	96	26	85	0.002	26.2
bflTTN_Aig24_198	TTNI17_194	22.222	72	55	1	14	85	11	81	0.003	26.2
bflTTN_Aig24_198	TTNI84_196	32.500	40	26	1	37	76	37	75	0.004	25.8
bflTTN_Aig24_198	TTNI94_187	31.111	45	30	1	36	80	32	75	0.005	25.4
bflTTN_Aig24_198	TTNI31_193	21.429	70	54	1	16	85	13	81	0.005	25.4
bflTTN_Aig24_198	TTNI50_194	22.989	87	63	3	10	93	7	92	0.005	25.4
bflTTN_Aig24_198	TTNI56_193	24.324	74	51	3	21	90	14	86	0.008	25.0
bflTTN_Aig24_198	TTNI37_193	22.059	68	52	1	28	95	25	91	0.011	24.6
bflTTN_Aig24_198	TTNI65_193	23.881	67	50	1	19	85	16	81	0.012	24.6
bflTTN_Aig24_198	TTNI67_193	18.987	79	63	1	7	85	4	81	0.012	24.6
bflTTN_Aig24_198	TTNI85_192	26.506	83	39	3	25	86	1	82	0.019	23.9
bflTTN_Aig24_198	TTNM4_193	20.253	79	62	1	19	97	16	93	0.020	23.9
bflTTN_Aig24_198	TTNM1_192	30.769	52	33	2	35	85	31	80	0.028	23.5
bflTTN_Aig24_198	TTNZ8_195	24.490	49	35	1	7	53	3	51	0.030	23.5
bflTTN_Aig24_198	TTNI46_193	18.987	79	63	1	7	85	4	81	0.041	23.1
bflTTN_Aig24_198	TTNI104_188	26.415	53	38	1	35	87	31	82	0.042	22.7
bflTTN_Aig24_198	TTNI70_194	20.253	79	61	2	19	96	16	93	0.049	22.7
bflTTN_Aig24_198	TTNI72_193	20.253	79	60	2	18	95	15	91	0.054	22.7
bflTTN_Aig24_198	TTNI95_188	31.373	51	26	2	29	72	18	66	0.056	22.7
bflTTN_Aig24_198	TTNI60_194	21.622	74	54	3	19	90	16	87	0.061	22.3
bflTTN_Aig24_198	TTNI7_187	25.926	81	53	3	9	86	8	84	0.062	22.3
bflTTN_Aig24_198	TTNI88_187	32.500	40	25	1	33	72	28	65	0.076	22.3
bflTTN_Aig24_198	TTNI96_188	27.907	86	48	4	14	96	11	85	0.095	21.9
bflTTN_Aig24_198	TTNI92_187	26.000	50	34	2	38	85	34	82	0.11	21.9
bflTTN_Aig24_198	TTNI28_193	26.667	60	43	1	26	85	23	81	0.14	21.6
bflTTN_Aig24_198	TTNI68_194	22.059	68	50	2	16	82	14	79	0.15	21.6
bflTTN_Aig24_198	TTNI32_193	22.368	76	43	1	19	78	16	91	0.21	20.8
bflTTN_Aig24_198	TTNI13_190	39.394	33	16	2	63	94	60	89	0.25	20.8
bflTTN_Aig24_198	TTNI38_193	17.391	69	56	1	18	86	15	82	0.29	20.8
bflTTN_Aig24_198	TTNI83_193	30.435	23	16	0	36	58	32	54	0.43	20.0
bflTTN_Aig24_198	TTNI47_193	15.476	84	70	1	7	90	4	86	0.46	20.0
bflTTN_Aig24_198	TTNI89_188	39.130	23	14	0	36	58	32	54	1.0	18.9
bflTTN_Aig24_198	TTNI2_191	28.000	25	18	0	18	42	15	39	1.2	18.9
bflTTN_Aig24_198	TTNI8_188	26.829	41	29	1	36	76	33	72	1.5	18.5
bflTTN_Aig24_198	TTNI93_188	30.435	23	16	0	36	58	32	54	2.5	18.1
bflTTN_Aig24_198	TTNI82_188	27.778	36	24	2	14	49	11	44	2.7	17.7
bflTTN_Aig24_198	TTNI3_187	30.952	42	21	2	35	76	38	71	5.5	16.9
bflTTN_Aig25_194	TTNA65_194	38.043	92	57	0	1	92	2	93	6.00e-24	79.3
bflTTN_Aig25_194	TTNA160_193	33.333	93	62	0	1	93	1	93	1.70e-21	73.2
bflTTN_Aig25_194	TTNA142_194	34.783	92	60	0	1	92	2	93	1.31e-20	70.9
bflTTN_Aig25_194	TTNA120_193	33.696	92	61	0	1	92	1	92	2.21e-20	70.5
bflTTN_Aig25_194	TTNA98_194	33.696	92	61	0	1	92	2	93	2.50e-20	70.1
bflTTN_Aig25_194	TTNA83_196	35.106	94	59	1	1	92	2	95	1.42e-19	68.6
bflTTN_Aig25_194	TTNA153_193	37.037	81	51	0	11	91	11	91	1.67e-18	65.5
bflTTN_Aig25_194	TTNA87_194	31.522	92	63	0	1	92	2	93	5.97e-18	64.3
bflTTN_Aig25_194	TTNA116_196	31.915	94	62	1	1	92	2	95	4.02e-17	62.0
bflTTN_Aig25_194	TTNA94_195	30.851	94	63	1	1	92	1	94	6.13e-17	61.6
bflTTN_Aig25_194	TTNA22_194	32.609	92	62	0	1	92	2	93	1.12e-16	60.8
bflTTN_Aig25_194	TTNA127_195	30.851	94	63	1	1	92	1	94	1.56e-16	60.5
bflTTN_Aig25_194	TTNA76_194	28.261	92	66	0	1	92	2	93	2.54e-16	60.1
bflTTN_Aig25_194	TTNA109_194	30.435	92	64	0	1	92	2	93	4.56e-16	59.3
bflTTN_Aig25_194	TTNA57_195	33.333	75	48	1	21	93	21	95	3.44e-15	57.0
bflTTN_Aig25_194	TTNA105_197	32.632	95	61	1	1	92	2	96	4.77e-15	57.0
bflTTN_Aig25_194	TTNA138_196	31.183	93	62	1	1	91	2	94	6.25e-15	56.6
bflTTN_Aig25_194	TTNA68_195	35.065	77	48	1	17	91	17	93	6.51e-15	56.6
bflTTN_Aig25_194	TTNA46_192	32.500	80	52	1	15	92	12	91	7.71e-15	56.2
bflTTN_Aig25_194	TTNA101_192	31.325	83	55	1	12	92	9	91	1.22e-14	55.8
bflTTN_Aig25_194	TTNA131_197	30.526	95	63	2	1	92	2	96	2.06e-14	55.1
bflTTN_Aig25_194	TTNA149_197	33.750	80	51	1	15	92	17	96	4.16e-14	54.3
bflTTN_Aig25_194	TTNA72_196	31.915	94	62	1	1	92	2	95	5.75e-14	53.9
bflTTN_Aig25_194	TTNA1_193	35.897	78	48	1	18	93	16	93	6.38e-14	53.9
bflTTN_Aig25_194	TTNA54_196	29.670	91	62	1	4	92	5	95	6.83e-14	53.9
bflTTN_Aig25_194	TTNI106_194	34.783	92	57	2	5	93	3	94	1.01e-13	53.5
bflTTN_Aig25_194	TTNA43_195	31.183	93	63	1	1	92	2	94	1.15e-13	53.1
bflTTN_Aig25_194	TTNA29_194	26.087	92	68	0	1	92	2	93	1.42e-13	53.1
bflTTN_Aig25_194	TTNA61_197	28.421	95	65	2	1	92	2	96	1.56e-13	53.1
bflTTN_Aig25_194	TTNA15_1104	28.431	102	63	2	1	92	1	102	4.64e-13	52.0
bflTTN_Aig25_194	TTNA8_195	27.957	93	66	1	1	92	2	94	5.93e-13	51.6
bflTTN_Aig25_194	TTNA156_195	31.579	95	61	2	1	92	1	94	8.84e-13	50.8
bflTTN_Aig25_194	TTNA90_192	30.120	83	56	1	9	89	6	88	1.76e-12	50.1
bflTTN_Aig25_194	TTNA169_1100	34.146	82	49	3	15	91	17	98	1.80e-12	50.4
bflTTN_Aig25_194	TTNA32_196	26.596	94	67	1	1	92	2	95	2.57e-12	49.7
bflTTN_Aig25_194	TTNA79_193	31.325	83	55	1	12	92	10	92	3.33e-12	49.3
bflTTN_Aig25_194	TTNA50_196	29.787	94	64	1	1	92	2	95	3.67e-12	49.3
bflTTN_Aig25_194	TTNI105_190	29.412	85	59	1	8	92	6	89	1.18e-11	48.1
bflTTN_Aig25_194	TTNA112_192	28.916	83	57	1	12	92	9	91	2.08e-11	47.4
bflTTN_Aig25_194	TTNA123_196	32.941	85	55	1	10	92	11	95	2.19e-11	47.4
bflTTN_Aig25_194	TTNI107_196	28.723	94	65	1	1	92	2	95	9.46e-11	45.8
bflTTN_Aig25_194	TTNA165_196	29.487	78	52	2	17	91	17	94	9.67e-11	45.8
bflTTN_Aig25_194	TTNA11_1103	28.000	100	63	2	1	91	2	101	1.80e-10	45.1
bflTTN_Aig25_194	TTNA145_195	35.000	80	50	1	16	93	16	95	1.86e-10	45.1
bflTTN_Aig25_194	TTNM10_195	26.316	95	63	2	1	91	2	93	3.47e-10	44.3
bflTTN_Aig25_194	TTNM5_194	32.877	73	47	1	11	81	9	81	7.68e-10	43.5
bflTTN_Aig25_194	TTNI39_193	25.882	85	61	1	10	92	8	92	9.64e-10	43.1
bflTTN_Aig25_194	TTNA18_199	28.889	90	55	1	13	93	10	99	1.13e-09	43.1
bflTTN_Aig25_194	TTNI74_193	28.750	80	55	1	15	92	13	92	2.34e-09	42.0
bflTTN_Aig25_194	TTNA36_196	26.596	94	67	1	1	92	2	95	6.09e-09	41.2
bflTTN_Aig25_194	TTNI61_193	24.691	81	59	1	13	91	11	91	7.84e-09	40.8
bflTTN_Aig25_194	TTNI14_192	29.114	79	54	1	15	91	13	91	1.64e-08	40.0
bflTTN_Aig25_194	TTNI25_195	27.586	87	56	2	11	92	9	93	6.49e-08	38.5
bflTTN_Aig25_194	TTNA25_194	23.171	82	61	1	13	92	12	93	6.51e-08	38.5
bflTTN_Aig25_194	TTNA134_195	24.691	81	59	1	15	93	15	95	7.14e-08	38.5
bflTTN_Aig25_194	TTNA39_196	28.916	83	53	3	13	89	12	94	9.17e-08	38.1
bflTTN_Aig25_194	TTNI55_193	28.378	74	51	1	13	84	11	84	1.22e-07	37.7
bflTTN_Aig25_194	TTNZ3_195	27.907	86	60	1	8	91	6	91	2.20e-07	37.0
bflTTN_Aig25_194	TTNZ2_194	22.353	85	64	1	11	93	9	93	3.51e-07	36.6
bflTTN_Aig25_194	TTNI59_193	23.913	92	65	2	1	90	2	90	1.07e-06	35.0
bflTTN_Aig25_194	TTNZ6_195	25.000	84	58	2	12	91	9	91	1.87e-06	34.7
bflTTN_Aig25_194	TTNI75_193	27.632	76	53	1	13	86	11	86	5.59e-06	33.5
bflTTN_Aig25_194	TTNI45_193	23.529	85	63	2	10	92	8	92	6.27e-06	33.1
bflTTN_Aig25_194	TTNM7_192	23.611	72	53	1	22	91	19	90	2.00e-05	32.0
bflTTN_Aig25_194	TTNI71_193	20.482	83	64	1	11	91	9	91	2.32e-05	31.6
bflTTN_Aig25_194	TTNI51_193	25.610	82	57	2	13	91	11	91	3.17e-05	31.2
bflTTN_Aig25_194	TTNI30_194	26.667	90	60	2	4	91	7	92	3.43e-05	31.2
bflTTN_Aig25_194	TTNI49_193	23.288	73	54	1	21	91	19	91	4.03e-05	31.2
bflTTN_Aig25_194	TTNZ5_193	22.989	87	64	2	8	91	6	92	6.58e-05	30.4
bflTTN_Aig25_194	TTNI65_193	22.535	71	53	1	18	86	16	86	6.79e-05	30.4
bflTTN_Aig25_194	TTNI48_194	22.785	79	59	1	15	91	14	92	7.32e-05	30.4
bflTTN_Aig25_194	TTNI43_193	22.222	81	61	1	11	89	9	89	1.06e-04	30.0
bflTTN_Aig25_194	TTNI58_194	22.368	76	57	1	18	91	17	92	1.31e-04	29.6
bflTTN_Aig25_194	TTNI12_187	24.194	62	45	1	29	88	26	87	1.48e-04	29.3
bflTTN_Aig25_194	TTNI72_193	22.078	77	58	1	17	91	15	91	2.08e-04	29.3
bflTTN_Aig25_194	TTNI64_193	22.535	71	53	1	13	81	11	81	3.14e-04	28.5
bflTTN_Aig25_194	TTNA4_1121	35.484	31	20	0	12	42	9	39	3.39e-04	28.9
bflTTN_Aig25_194	TTNI76_193	24.359	78	57	1	11	86	9	86	4.84e-04	28.1
bflTTN_Aig25_194	TTNI76_193	35.000	20	13	0	2	21	61	80	9.7	16.2
bflTTN_Aig25_194	TTNI69_193	21.429	84	61	2	1	82	2	82	6.33e-04	27.7
bflTTN_Aig25_194	TTNI78_194	25.000	68	49	1	18	83	17	84	7.39e-04	27.7
bflTTN_Aig25_194	TTNA164_192	23.256	86	59	3	7	86	1	85	8.42e-04	27.3
bflTTN_Aig25_194	TTNZ7_195	25.000	88	58	3	11	91	8	94	8.45e-04	27.3
bflTTN_Aig25_194	TTNI33_193	20.000	85	66	1	10	92	8	92	8.52e-04	27.3
bflTTN_Aig25_194	TTNZ1_195	17.949	78	60	1	11	84	8	85	0.002	26.6
bflTTN_Aig25_194	TTNA168_194	25.000	68	45	2	29	91	26	92	0.002	26.6
bflTTN_Aig25_194	TTNZ9_193	22.222	81	60	2	13	91	10	89	0.003	25.8
bflTTN_Aig25_194	TTNI16_194	21.429	84	62	1	12	91	9	92	0.003	25.8
bflTTN_Aig25_194	TTNI1_194	27.500	40	29	0	11	50	9	48	0.004	25.8
bflTTN_Aig25_194	TTNI44_193	26.230	61	43	1	23	81	21	81	0.005	25.4
bflTTN_Aig25_194	TTNI42_194	19.753	81	63	1	13	91	12	92	0.007	25.0
bflTTN_Aig25_194	TTNM2_195	20.988	81	59	1	16	91	13	93	0.007	25.0
bflTTN_Aig25_194	TTNI50_194	23.529	68	49	1	8	72	6	73	0.008	25.0
bflTTN_Aig25_194	TTNI52_193	22.388	67	50	1	18	82	16	82	0.008	24.6
bflTTN_Aig25_194	TTNI73_193	22.222	81	61	1	13	91	11	91	0.010	24.6
bflTTN_Aig25_194	TTNI28_193	23.684	76	56	1	8	81	6	81	0.012	24.3
bflTTN_Aig25_194	TTNZ8_195	22.619	84	61	2	12	91	9	92	0.016	23.9
bflTTN_Aig25_194	TTNI54_193	23.188	69	51	1	15	81	13	81	0.016	23.9
bflTTN_Aig25_194	TTNM3_193	22.353	85	55	2	14	91	11	91	0.017	23.9
bflTTN_Aig25_194	TTNI36_194	22.353	85	60	2	4	86	7	87	0.033	23.1
bflTTN_Aig25_194	TTNI41_193	28.358	67	44	3	22	84	18	84	0.043	22.7
bflTTN_Aig25_194	TTNZ4_195	25.610	82	53	3	14	89	12	91	0.13	21.6
bflTTN_Aig25_194	TTNM9_196	23.529	34	26	0	8	41	6	39	0.17	21.2
bflTTN_Aig25_194	TTNI80_194	19.697	66	50	1	29	91	27	92	0.28	20.4
bflTTN_Aig25_194	TTNI68_194	25.000	72	52	1	22	91	21	92	0.35	20.4
bflTTN_Aig25_194	TTNI37_193	23.810	63	46	2	29	89	27	89	0.62	19.6
bflTTN_Aig25_194	TTNM1_192	26.230	61	43	1	35	93	32	92	2.0	18.1
bflTTN_Aig25_194	TTNI85_192	46.667	15	8	0	65	79	65	79	2.1	18.1
bflTTN_Aig25_194	TTNI99_188	22.222	45	33	1	30	72	27	71	2.4	17.7
bflTTN_Aig25_194	TTNI47_193	22.581	62	46	1	27	86	25	86	2.6	17.7
bflTTN_Aig25_194	TTNI63_193	20.732	82	63	1	12	91	10	91	5.1	16.9
bflTTN_Aig26_196	TTNA57_195	33.333	93	62	0	3	95	3	95	2.03e-18	65.5
bflTTN_Aig26_196	TTNA1_193	32.979	94	60	1	2	95	3	93	3.15e-18	65.1
bflTTN_Aig26_196	TTNA156_195	34.409	93	61	0	2	94	2	94	3.42e-18	65.1
bflTTN_Aig26_196	TTNA94_195	32.143	84	57	0	11	94	11	94	7.40e-18	63.9
bflTTN_Aig26_196	TTNA145_195	37.234	94	59	0	2	95	2	95	1.05e-16	61.2
bflTTN_Aig26_196	TTNA83_196	30.952	84	58	0	11	94	12	95	5.35e-16	59.3
bflTTN_Aig26_196	TTNA68_195	36.264	91	58	0	3	93	3	93	8.24e-16	58.9
bflTTN_Aig26_196	TTNA112_192	35.632	87	56	0	8	94	5	91	2.98e-15	57.4
bflTTN_Aig26_196	TTNA98_194	32.609	92	60	1	3	94	4	93	5.08e-15	56.6
bflTTN_Aig26_196	TTNA90_192	35.065	77	50	0	15	91	12	88	5.17e-15	56.6
bflTTN_Aig26_196	TTNA101_192	33.333	87	58	0	8	94	5	91	5.77e-15	56.6
bflTTN_Aig26_196	TTNA123_196	30.435	92	64	0	3	94	4	95	9.25e-15	56.2
bflTTN_Aig26_196	TTNA134_195	35.106	94	59	2	3	95	3	95	1.47e-14	55.5
bflTTN_Aig26_196	TTNA65_194	31.522	92	61	1	3	94	4	93	3.34e-14	54.7
bflTTN_Aig26_196	TTNA79_193	30.000	80	56	0	15	94	13	92	6.06e-14	53.9
bflTTN_Aig26_196	TTNA131_197	32.258	93	62	1	3	94	4	96	6.70e-14	53.9
bflTTN_Aig26_196	TTNA109_194	31.707	82	54	1	13	94	14	93	9.45e-14	53.5
bflTTN_Aig26_196	TTNI106_194	37.895	95	56	2	2	95	2	94	2.67e-13	52.4
bflTTN_Aig26_196	TTNA76_194	31.707	82	54	1	13	94	14	93	3.89e-13	52.0
bflTTN_Aig26_196	TTNA32_196	29.348	92	63	1	3	94	6	95	1.21e-12	50.8
bflTTN_Aig26_196	TTNA142_194	30.435	92	62	1	3	94	4	93	2.71e-12	49.7
bflTTN_Aig26_196	TTNA25_194	28.571	84	60	0	11	94	10	93	2.74e-12	49.7
bflTTN_Aig26_196	TTNA149_197	29.787	94	65	1	1	94	4	96	5.47e-12	48.9
bflTTN_Aig26_196	TTNA120_193	29.268	82	56	1	13	94	13	92	1.49e-11	47.8
bflTTN_Aig26_196	TTNA46_192	26.190	84	62	0	11	94	8	91	1.87e-11	47.8
bflTTN_Aig26_196	TTNI105_190	31.395	86	50	2	12	94	10	89	2.13e-11	47.4
bflTTN_Aig26_196	TTNM10_195	28.571	91	62	2	5	93	4	93	3.37e-11	47.0
bflTTN_Aig26_196	TTNA105_197	28.235	85	60	1	11	94	12	96	6.01e-11	46.6
bflTTN_Aig26_196	TTNI79_193	30.864	81	56	0	13	93	11	91	8.23e-11	45.8
bflTTN_Aig26_196	TTNA116_196	25.000	84	63	0	11	94	12	95	1.12e-10	45.8
bflTTN_Aig26_196	TTNA160_193	30.120	83	56	1	13	95	13	93	1.44e-10	45.4
bflTTN_Aig26_196	TTNA72_196	28.571	84	60	0	11	94	12	95	3.34e-10	44.3
bflTTN_Aig26_196	TTNA54_196	29.268	82	58	0	13	94	14	95	3.80e-10	44.3
bflTTN_Aig26_196	TTNA50_196	25.000	92	69	0	3	94	4	95	7.08e-10	43.5
bflTTN_Aig26_196	TTNA87_194	26.250	80	57	1	15	94	16	93	7.10e-10	43.5
bflTTN_Aig26_196	TTNA43_195	32.258	93	60	2	3	94	4	94	8.32e-10	43.5
bflTTN_Aig26_196	TTNA165_196	31.169	77	52	1	18	93	18	94	8.40e-10	43.5
bflTTN_Aig26_196	TTNZ3_195	25.926	81	60	0	13	93	11	91	8.87e-10	43.5
bflTTN_Aig26_196	TTNZ1_195	31.183	93	50	2	9	93	6	92	1.01e-09	43.1
bflTTN_Aig26_196	TTNA138_196	28.916	83	59	0	11	93	12	94	1.04e-09	43.1
bflTTN_Aig26_196	TTNA29_194	32.500	80	52	1	15	94	16	93	1.12e-09	43.1
bflTTN_Aig26_196	TTNI32_193	31.169	77	53	0	11	87	9	85	3.21e-09	42.0
bflTTN_Aig26_196	TTNI71_193	26.506	83	61	0	11	93	9	91	5.14e-09	41.2
bflTTN_Aig26_196	TTNA61_197	23.529	85	64	1	11	94	12	96	6.17e-09	41.2
bflTTN_Aig26_196	TTNI39_193	26.596	94	66	1	1	94	2	92	7.01e-09	40.8
bflTTN_Aig26_196	TTNM5_194	29.630	81	57	0	13	93	11	91	3.76e-08	39.3
bflTTN_Aig26_196	TTNA127_195	25.758	66	49	0	29	94	29	94	4.73e-08	38.9
bflTTN_Aig26_196	TTNI45_193	25.610	82	61	0	13	94	11	92	7.06e-08	38.5
bflTTN_Aig26_196	TTNA8_195	32.000	75	48	2	22	94	21	94	7.31e-08	38.5
bflTTN_Aig26_196	TTNA153_193	24.176	91	67	1	3	93	3	91	1.19e-07	37.7
bflTTN_Aig26_196	TTNI63_193	28.916	83	59	0	11	93	9	91	1.83e-07	37.4
bflTTN_Aig26_196	TTNA15_1104	26.596	94	57	2	11	94	11	102	2.87e-07	37.0
bflTTN_Aig26_196	TTNA39_196	28.571	84	58	1	13	94	12	95	2.98e-07	37.0
bflTTN_Aig26_196	TTNI64_193	25.000	80	60	0	15	94	13	92	3.15e-07	36.6
bflTTN_Aig26_196	TTNZ2_194	25.610	82	61	0	15	96	13	94	3.20e-07	36.6
bflTTN_Aig26_196	TTNI73_193	25.301	83	62	0	11	93	9	91	3.32e-07	36.6
bflTTN_Aig26_196	TTNI70_194	25.000	92	60	2	4	94	10	93	3.63e-07	36.6
bflTTN_Aig26_196	TTNI69_193	25.352	71	53	0	17	87	15	85	3.85e-07	36.6
bflTTN_Aig26_196	TTNI58_194	23.750	80	61	0	14	93	13	92	4.68e-07	36.2
bflTTN_Aig26_196	TTNI27_194	26.027	73	52	1	12	84	12	82	6.92e-07	35.8
bflTTN_Aig26_196	TTNI48_194	25.000	80	60	0	14	93	13	92	8.27e-07	35.4
bflTTN_Aig26_196	TTNI30_194	27.692	65	47	0	29	93	28	92	9.59e-07	35.4
bflTTN_Aig26_196	TTNI37_193	30.159	63	44	0	29	91	27	89	1.01e-06	35.4
bflTTN_Aig26_196	TTNI59_193	23.684	76	58	0	17	92	15	90	1.11e-06	35.0
bflTTN_Aig26_196	TTNM9_196	25.000	80	60	0	15	94	13	92	1.34e-06	35.0
bflTTN_Aig26_196	TTNI107_196	23.913	92	68	1	3	94	6	95	2.02e-06	34.7
bflTTN_Aig26_196	TTNA11_1103	27.957	93	61	1	7	93	9	101	2.92e-06	34.3
bflTTN_Aig26_196	TTNA36_196	27.160	81	59	0	3	83	4	84	3.21e-06	33.9
bflTTN_Aig26_196	TTNI80_194	30.303	66	45	1	29	93	27	92	3.21e-06	33.9
bflTTN_Aig26_196	TTNM1_192	25.424	59	44	0	37	95	34	92	4.36e-06	33.5
bflTTN_Aig26_196	TTNI55_193	27.692	65	47	0	29	93	27	91	5.08e-06	33.5
bflTTN_Aig26_196	TTNI56_193	29.333	75	51	1	22	96	20	92	5.52e-06	33.5
bflTTN_Aig26_196	TTNI54_193	26.250	80	51	2	4	83	10	81	7.10e-06	33.1
bflTTN_Aig26_196	TTNI61_193	24.096	83	63	0	11	93	9	91	9.13e-06	32.7
bflTTN_Aig26_196	TTNZ9_193	25.000	68	50	1	29	96	26	92	1.06e-05	32.7
bflTTN_Aig26_196	TTNI49_193	20.779	77	61	0	17	93	15	91	1.24e-05	32.3
bflTTN_Aig26_196	TTNI53_193	27.397	73	53	0	15	87	13	85	1.33e-05	32.3
bflTTN_Aig26_196	TTNI16_194	26.866	67	47	1	29	93	26	92	1.68e-05	32.0
bflTTN_Aig26_196	TTNI51_193	26.316	76	54	1	18	91	16	91	1.82e-05	32.0
bflTTN_Aig26_196	TTNM3_193	26.250	80	58	1	15	93	12	91	1.88e-05	32.0
bflTTN_Aig26_196	TTNI82_188	26.027	73	53	1	12	84	10	81	2.34e-05	31.6
bflTTN_Aig26_196	TTNM7_192	23.944	71	54	0	23	93	20	90	3.25e-05	31.2
bflTTN_Aig26_196	TTNI35_193	25.581	86	56	1	8	93	14	91	3.81e-05	31.2
bflTTN_Aig26_196	TTNI76_193	25.926	54	40	0	34	87	32	85	4.28e-05	31.2
bflTTN_Aig26_196	TTNI43_193	25.316	79	59	0	13	91	11	89	4.65e-05	30.8
bflTTN_Aig26_196	TTNI1_194	27.027	74	53	1	15	87	13	86	5.17e-05	30.8
bflTTN_Aig26_196	TTNI94_187	22.989	87	58	2	4	90	10	87	6.14e-05	30.4
bflTTN_Aig26_196	TTNA18_199	24.719	89	58	2	15	95	12	99	7.93e-05	30.4
bflTTN_Aig26_196	TTNI33_193	21.250	80	63	0	15	94	13	92	8.75e-05	30.0
bflTTN_Aig26_196	TTNI65_193	25.000	76	57	0	9	84	7	82	1.04e-04	30.0
bflTTN_Aig26_196	TTNA164_192	23.288	73	56	0	12	84	9	81	1.07e-04	30.0
bflTTN_Aig26_196	TTNI72_193	23.377	77	57	1	18	92	16	92	1.09e-04	30.0
bflTTN_Aig26_196	TTNI36_194	22.535	71	55	0	14	84	13	83	1.13e-04	30.0
bflTTN_Aig26_196	TTNI75_193	25.301	83	62	0	11	93	9	91	1.35e-04	29.6
bflTTN_Aig26_196	TTNI47_193	25.424	59	44	0	29	87	27	85	1.50e-04	29.6
bflTTN_Aig26_196	TTNI44_193	29.091	55	39	0	29	83	27	81	1.56e-04	29.6
bflTTN_Aig26_196	TTNI78_194	27.451	51	37	0	34	84	33	83	1.67e-04	29.6
bflTTN_Aig26_196	TTNI12_187	32.609	46	31	0	31	76	28	73	1.70e-04	29.3
bflTTN_Aig26_196	TTNI25_195	27.536	69	45	2	29	94	27	93	1.91e-04	29.3
bflTTN_Aig26_196	TTNI40_193	25.000	48	36	0	36	83	34	81	1.96e-04	29.3
bflTTN_Aig26_196	TTNA22_194	28.261	92	64	2	3	94	4	93	3.29e-04	28.5
bflTTN_Aig26_196	TTNM4_193	23.077	65	50	0	31	95	29	93	3.53e-04	28.5
bflTTN_Aig26_196	TTNI83_193	30.000	40	28	0	37	76	34	73	3.79e-04	28.5
bflTTN_Aig26_196	TTNA4_1121	23.853	109	54	3	15	94	12	120	4.85e-04	28.5
bflTTN_Aig26_196	TTNI68_194	20.896	67	53	0	14	80	13	79	6.09e-04	28.1
bflTTN_Aig26_196	TTNI31_193	25.532	47	35	0	37	83	35	81	6.88e-04	27.7
bflTTN_Aig26_196	TTNI66_193	25.490	51	38	0	37	87	35	85	0.001	27.3
bflTTN_Aig26_196	TTNI81_190	20.833	48	38	0	29	76	28	75	0.001	26.9
bflTTN_Aig26_196	TTNA168_194	25.926	81	58	2	15	93	12	92	0.001	26.9
bflTTN_Aig26_196	TTNI24_192	24.051	79	60	0	15	93	12	90	0.002	26.9
bflTTN_Aig26_196	TTNZ5_193	25.352	71	52	1	15	84	13	83	0.002	26.9
bflTTN_Aig26_196	TTNI57_193	24.561	57	43	0	37	93	35	91	0.002	26.2
bflTTN_Aig26_196	TTNM2_195	19.403	67	51	1	30	93	27	93	0.003	26.2
bflTTN_Aig26_196	TTNZ7_195	24.096	83	61	1	13	93	10	92	0.003	26.2
bflTTN_Aig26_196	TTNI96_188	24.419	86	58	3	9	92	7	87	0.003	25.8
bflTTN_Aig26_196	TTNI99_188	27.083	48	35	0	31	78	28	75	0.003	25.8
bflTTN_Aig26_196	TTNI98_188	22.449	49	38	0	36	84	33	81	0.004	25.8
bflTTN_Aig26_196	TTNI41_193	26.667	60	44	0	34	93	32	91	0.005	25.4
bflTTN_Aig26_196	TTNI86_190	20.408	49	37	1	33	79	30	78	0.005	25.4
bflTTN_Aig26_196	TTNI11_187	23.404	47	36	0	29	75	26	72	0.005	25.4
bflTTN_Aig26_196	TTNA169_1100	25.641	78	55	2	17	91	21	98	0.006	25.4
bflTTN_Aig26_196	TTNI100_188	22.388	67	49	1	12	78	12	75	0.007	25.0
bflTTN_Aig26_196	TTNI101_193	26.000	50	37	0	35	84	32	81	0.007	25.0
bflTTN_Aig26_196	TTNI42_194	17.647	85	70	0	9	93	8	92	0.007	25.0
bflTTN_Aig26_196	TTNI34_193	24.000	50	38	0	36	85	34	83	0.007	25.0
bflTTN_Aig26_196	TTNI50_194	26.531	49	35	1	36	83	34	82	0.009	24.6
bflTTN_Aig26_196	TTNI77_193	22.826	92	66	3	3	92	4	92	0.010	24.6
bflTTN_Aig26_196	TTNI60_194	22.807	57	43	1	28	83	26	82	0.010	24.6
bflTTN_Aig26_196	TTNI38_193	25.000	52	39	0	34	85	32	83	0.012	24.3
bflTTN_Aig26_196	TTNI62_193	23.529	51	39	0	37	87	35	85	0.012	24.3
bflTTN_Aig26_196	TTNI52_193	20.896	67	53	0	18	84	16	82	0.017	23.9
bflTTN_Aig26_196	TTNI90_187	22.535	71	45	2	4	74	10	70	0.017	23.9
bflTTN_Aig26_196	TTNI84_196	25.862	58	41	1	37	92	38	95	0.017	23.9
bflTTN_Aig26_196	TTNI67_193	33.333	33	22	0	61	93	59	91	0.018	23.9
bflTTN_Aig26_196	TTNI4_189	26.190	42	31	0	37	78	34	75	0.019	23.9
bflTTN_Aig26_196	TTNI7_187	25.926	54	40	0	31	84	28	81	0.020	23.9
bflTTN_Aig26_196	TTNI3_187	25.000	40	30	0	36	75	33	72	0.026	23.5
bflTTN_Aig26_196	TTNZ6_195	25.373	67	47	2	29	93	26	91	0.031	23.5
bflTTN_Aig26_196	TTNZ6_195	50.000	12	6	0	85	96	16	27	1.9	18.5
bflTTN_Aig26_196	TTNZ4_195	27.692	65	45	1	29	91	27	91	0.059	22.3
bflTTN_Aig26_196	TTNI102_188	30.233	43	30	0	34	76	31	73	0.089	21.9
bflTTN_Aig26_196	TTNI14_192	19.753	81	65	0	13	93	11	91	0.090	21.9
bflTTN_Aig26_196	TTNI9_187	17.241	58	45	1	21	78	21	75	0.14	21.6
bflTTN_Aig26_196	TTNI29_193	33.333	36	24	0	58	93	56	91	0.18	21.2
bflTTN_Aig26_196	TTNI92_187	19.608	51	41	0	34	84	31	81	0.31	20.4
bflTTN_Aig26_196	TTNZ8_195	21.053	57	45	0	29	85	28	84	0.57	19.6
bflTTN_Aig26_196	TTNI5_188	20.000	70	56	0	9	78	7	76	0.57	19.6
bflTTN_Aig26_196	TTNI104_188	23.077	39	30	0	36	74	33	71	0.70	19.6
bflTTN_Aig26_196	TTNI85_192	36.000	25	16	0	56	80	54	78	2.4	18.1
bflTTN_Aig26_196	TTNI88_187	20.930	43	34	0	37	79	33	75	4.7	16.9
bflTTN_Aig27_196	TTNA83_196	38.298	94	58	0	1	94	2	95	7.75e-22	74.3
bflTTN_Aig27_196	TTNA156_195	30.851	94	65	0	1	94	1	94	5.23e-18	64.3
bflTTN_Aig27_196	TTNA149_197	34.831	89	58	0	6	94	8	96	6.90e-17	61.6
bflTTN_Aig27_196	TTNA68_195	29.032	93	66	0	1	93	1	93	1.23e-16	60.8
bflTTN_Aig27_196	TTNA36_196	31.915	94	64	0	1	94	2	95	1.39e-16	60.8
bflTTN_Aig27_196	TTNA94_195	30.851	94	65	0	1	94	1	94	2.10e-16	60.5
bflTTN_Aig27_196	TTNA105_197	33.684	95	62	1	1	94	2	96	5.60e-16	59.3
bflTTN_Aig27_196	TTNI107_196	35.366	82	53	0	13	94	14	95	8.44e-16	58.9
bflTTN_Aig27_196	TTNA57_195	31.868	91	56	1	5	95	11	95	1.30e-15	58.2
bflTTN_Aig27_196	TTNA50_196	32.979	94	63	0	1	94	2	95	6.68e-15	56.6
bflTTN_Aig27_196	TTNA101_192	27.660	94	65	1	1	94	1	91	1.27e-14	55.8
bflTTN_Aig27_196	TTNA46_192	36.905	84	53	0	11	94	8	91	1.58e-14	55.5
bflTTN_Aig27_196	TTNA79_193	29.762	84	59	0	11	94	9	92	1.58e-14	55.5
bflTTN_Aig27_196	TTNA72_196	32.979	94	63	0	1	94	2	95	8.59e-14	53.5
bflTTN_Aig27_196	TTNA1_193	33.684	95	60	2	1	95	2	93	9.75e-14	53.5
bflTTN_Aig27_196	TTNA131_197	29.474	95	66	1	1	94	2	96	2.91e-13	52.4
bflTTN_Aig27_196	TTNA153_193	34.409	93	59	1	1	93	1	91	3.53e-13	52.0
bflTTN_Aig27_196	TTNA61_197	31.579	95	64	1	1	94	2	96	4.16e-13	52.0
bflTTN_Aig27_196	TTNI79_193	32.099	81	55	0	13	93	11	91	7.27e-13	51.2
bflTTN_Aig27_196	TTNA90_192	24.176	91	66	1	1	91	1	88	2.44e-12	50.1
bflTTN_Aig27_196	TTNA138_196	32.632	95	60	2	1	93	2	94	5.71e-12	48.9
bflTTN_Aig27_196	TTNI51_193	33.333	81	54	0	13	93	11	91	1.68e-11	47.8
bflTTN_Aig27_196	TTNA164_192	31.646	79	54	0	13	91	10	88	1.73e-11	47.8
bflTTN_Aig27_196	TTNA134_195	30.263	76	53	0	1	76	1	76	2.44e-11	47.4
bflTTN_Aig27_196	TTNA22_194	30.851	94	63	1	1	94	2	93	3.06e-11	47.0
bflTTN_Aig27_196	TTNA123_196	23.404	94	72	0	1	94	2	95	3.79e-11	47.0
bflTTN_Aig27_196	TTNA127_195	24.468	94	71	0	1	94	1	94	4.65e-11	46.6
bflTTN_Aig27_196	TTNA116_196	24.468	94	71	0	1	94	2	95	6.21e-11	46.2
bflTTN_Aig27_196	TTNA142_194	29.787	94	64	1	1	94	2	93	6.43e-11	46.2
bflTTN_Aig27_196	TTNA145_195	27.368	95	69	0	1	95	1	95	7.46e-11	46.2
bflTTN_Aig27_196	TTNA39_196	30.952	84	56	1	13	94	12	95	9.64e-11	45.8
bflTTN_Aig27_196	TTNM9_196	25.301	83	62	0	12	94	10	92	1.01e-10	45.8
bflTTN_Aig27_196	TTNA8_195	30.851	94	64	1	1	94	2	94	1.12e-10	45.8
bflTTN_Aig27_196	TTNA54_196	30.851	94	65	0	1	94	2	95	1.43e-10	45.4
bflTTN_Aig27_196	TTNA25_194	27.660	94	66	1	1	94	2	93	2.21e-10	45.1
bflTTN_Aig27_196	TTNA120_193	27.059	85	60	1	10	94	10	92	3.66e-10	44.3
bflTTN_Aig27_196	TTNI53_193	26.316	76	56	0	18	93	16	91	6.32e-10	43.5
bflTTN_Aig27_196	TTNA109_194	23.404	94	70	1	1	94	2	93	7.10e-10	43.5
bflTTN_Aig27_196	TTNA160_193	28.421	95	66	1	1	95	1	93	8.26e-10	43.5
bflTTN_Aig27_196	TTNI73_193	27.711	83	60	0	11	93	9	91	3.28e-09	42.0
bflTTN_Aig27_196	TTNA87_194	25.773	97	64	2	1	94	2	93	3.42e-09	42.0
bflTTN_Aig27_196	TTNA11_1103	32.584	89	54	2	11	93	13	101	4.45e-09	41.6
bflTTN_Aig27_196	TTNI80_194	28.571	91	56	2	4	93	10	92	1.15e-08	40.4
bflTTN_Aig27_196	TTNA112_192	24.468	94	68	1	1	94	1	91	1.95e-08	39.7
bflTTN_Aig27_196	TTNA165_196	22.340	94	72	1	1	93	1	94	2.31e-08	39.7
bflTTN_Aig27_196	TTNI44_193	32.759	58	39	0	26	83	24	81	3.05e-08	39.3
bflTTN_Aig27_196	TTNM2_195	25.316	79	56	1	18	93	15	93	3.13e-08	39.3
bflTTN_Aig27_196	TTNA18_199	22.581	93	65	1	10	95	7	99	3.18e-08	39.3
bflTTN_Aig27_196	TTNI55_193	30.882	68	47	0	18	85	16	83	4.76e-08	38.9
bflTTN_Aig27_196	TTNI57_193	29.870	77	54	0	17	93	15	91	4.92e-08	38.9
bflTTN_Aig27_196	TTNA32_196	21.277	94	74	0	1	94	2	95	5.41e-08	38.9
bflTTN_Aig27_196	TTNA29_194	28.750	80	55	1	15	94	16	93	7.03e-08	38.5
bflTTN_Aig27_196	TTNM5_194	29.231	65	46	0	12	76	10	74	9.07e-08	38.1
bflTTN_Aig27_196	TTNI27_194	25.000	76	57	0	18	93	16	91	1.04e-07	38.1
bflTTN_Aig27_196	TTNA65_194	20.213	94	73	1	1	94	2	93	1.13e-07	37.7
bflTTN_Aig27_196	TTNI70_194	28.205	78	55	1	18	94	16	93	1.20e-07	37.7
bflTTN_Aig27_196	TTNA76_194	23.404	94	70	1	1	94	2	93	1.25e-07	37.7
bflTTN_Aig27_196	TTNA98_194	21.277	94	72	1	1	94	2	93	1.85e-07	37.4
bflTTN_Aig27_196	TTNI33_193	25.641	78	58	0	17	94	15	92	2.08e-07	37.0
bflTTN_Aig27_196	TTNI17_194	23.596	89	68	0	7	95	5	93	2.23e-07	37.0
bflTTN_Aig27_196	TTNI58_194	21.795	78	61	0	16	93	15	92	2.62e-07	37.0
bflTTN_Aig27_196	TTNA43_195	25.263	95	68	2	1	94	2	94	3.19e-07	36.6
bflTTN_Aig27_196	TTNI48_194	24.359	78	59	0	16	93	15	92	3.83e-07	36.6
bflTTN_Aig27_196	TTNI45_193	24.615	65	49	0	21	85	19	83	4.32e-07	36.2
bflTTN_Aig27_196	TTNI96_188	29.487	78	54	1	13	90	11	87	4.36e-07	36.2
bflTTN_Aig27_196	TTNI1_194	27.027	74	53	1	12	84	10	83	4.44e-07	36.2
bflTTN_Aig27_196	TTNA15_1104	24.038	104	67	3	1	94	1	102	6.73e-07	35.8
bflTTN_Aig27_196	TTNM10_195	20.482	83	64	1	13	93	11	93	7.98e-07	35.8
bflTTN_Aig27_196	TTNI83_193	29.310	58	40	1	35	91	32	89	8.05e-07	35.4
bflTTN_Aig27_196	TTNZ7_195	26.190	84	60	1	12	93	9	92	8.59e-07	35.4
bflTTN_Aig27_196	TTNI63_193	22.353	85	66	0	9	93	7	91	1.38e-06	35.0
bflTTN_Aig27_196	TTNZ2_194	23.810	84	64	0	12	95	10	93	1.39e-06	35.0
bflTTN_Aig27_196	TTNZ3_195	22.222	81	63	0	13	93	11	91	1.48e-06	35.0
bflTTN_Aig27_196	TTNA4_1121	25.862	116	57	3	8	94	5	120	1.53e-06	35.4
bflTTN_Aig27_196	TTNI14_192	25.926	81	60	0	13	93	11	91	1.67e-06	34.7
bflTTN_Aig27_196	TTNZ1_195	25.263	95	61	2	1	93	6	92	2.01e-06	34.7
bflTTN_Aig27_196	TTNI30_194	27.869	61	44	0	18	78	17	77	2.37e-06	34.3
bflTTN_Aig27_196	TTNI75_193	24.675	77	58	0	18	94	16	92	2.38e-06	34.3
bflTTN_Aig27_196	TTNI43_193	27.273	55	40	0	20	74	18	72	2.68e-06	34.3
bflTTN_Aig27_196	TTNM4_193	21.519	79	62	0	17	95	15	93	3.63e-06	33.9
bflTTN_Aig27_196	TTNI25_195	28.767	73	51	1	23	94	21	93	3.82e-06	33.9
bflTTN_Aig27_196	TTNI61_193	24.096	83	63	0	11	93	9	91	4.12e-06	33.9
bflTTN_Aig27_196	TTNI67_193	24.675	77	58	0	18	94	16	92	5.82e-06	33.5
bflTTN_Aig27_196	TTNI50_194	23.944	71	53	1	11	80	9	79	5.91e-06	33.5
bflTTN_Aig27_196	TTNI71_193	23.684	76	58	0	18	93	16	91	7.88e-06	33.1
bflTTN_Aig27_196	TTNI65_193	27.273	66	48	0	18	83	16	81	7.88e-06	33.1
bflTTN_Aig27_196	TTNI40_193	23.684	76	58	0	18	93	16	91	8.31e-06	32.7
bflTTN_Aig27_196	TTNZ6_195	25.000	88	61	3	13	96	8	94	1.23e-05	32.3
bflTTN_Aig27_196	TTNI81_190	29.310	58	37	1	37	94	36	89	1.38e-05	32.3
bflTTN_Aig27_196	TTNI77_193	25.000	76	57	0	18	93	16	91	1.40e-05	32.3
bflTTN_Aig27_196	TTNI16_194	24.286	70	51	1	18	85	15	84	1.83e-05	32.0
bflTTN_Aig27_196	TTNI69_193	25.758	66	49	0	18	83	16	81	2.91e-05	31.6
bflTTN_Aig27_196	TTNA169_1100	25.974	77	56	1	18	93	22	98	3.00e-05	31.6
bflTTN_Aig27_196	TTNI36_194	26.087	69	51	0	15	83	14	82	3.52e-05	31.2
bflTTN_Aig27_196	TTNZ4_195	29.577	71	44	2	18	84	16	84	4.26e-05	31.2
bflTTN_Aig27_196	TTNI37_193	23.596	89	66	1	7	93	3	91	4.89e-05	30.8
bflTTN_Aig27_196	TTNI49_193	27.143	70	50	1	14	83	13	81	6.21e-05	30.4
bflTTN_Aig27_196	TTNI59_193	26.471	68	46	2	18	83	16	81	9.03e-05	30.0
bflTTN_Aig27_196	TTNI99_188	19.737	76	60	1	6	80	2	77	1.06e-04	30.0
bflTTN_Aig27_196	TTNI32_193	21.918	73	57	0	11	83	9	81	1.21e-04	29.6
bflTTN_Aig27_196	TTNI24_192	30.000	70	44	1	18	82	15	84	1.32e-04	29.6
bflTTN_Aig27_196	TTNM1_192	21.311	61	48	0	35	95	32	92	1.75e-04	29.3
bflTTN_Aig27_196	TTNI106_194	26.866	67	49	0	29	95	28	94	1.93e-04	29.3
bflTTN_Aig27_196	TTNZ5_193	26.190	84	57	3	14	93	10	92	2.00e-04	29.3
bflTTN_Aig27_196	TTNM7_192	19.718	71	57	0	23	93	20	90	2.15e-04	29.3
bflTTN_Aig27_196	TTNM3_193	23.188	69	52	1	16	83	13	81	2.62e-04	28.9
bflTTN_Aig27_196	TTNZ9_193	23.377	77	58	1	18	94	15	90	4.57e-04	28.1
bflTTN_Aig27_196	TTNI104_188	26.415	53	39	0	34	86	31	83	5.33e-04	28.1
bflTTN_Aig27_196	TTNI39_193	20.690	58	46	0	37	94	35	92	6.09e-04	28.1
bflTTN_Aig27_196	TTNI6_187	26.667	45	33	0	34	78	31	75	6.80e-04	27.7
bflTTN_Aig27_196	TTNI92_187	23.256	43	33	0	37	79	34	76	8.11e-04	27.3
bflTTN_Aig27_196	TTNI76_193	22.807	57	44	0	35	91	33	89	8.11e-04	27.7
bflTTN_Aig27_196	TTNM8_193	22.059	68	51	1	13	80	12	77	0.001	27.3
bflTTN_Aig27_196	TTNI94_187	25.424	59	40	1	35	93	32	86	0.001	27.3
bflTTN_Aig27_196	TTNI68_194	20.370	54	43	0	27	80	26	79	0.001	27.3
bflTTN_Aig27_196	TTNI90_187	29.688	64	40	2	30	93	27	85	0.001	26.9
bflTTN_Aig27_196	TTNI72_193	18.182	77	63	0	17	93	15	91	0.002	26.9
bflTTN_Aig27_196	TTNI64_193	19.512	82	66	0	13	94	11	92	0.002	26.9
bflTTN_Aig27_196	TTNI35_193	25.758	66	49	0	18	83	16	81	0.002	26.6
bflTTN_Aig27_196	TTNI47_193	27.451	51	37	0	27	77	25	75	0.002	26.6
bflTTN_Aig27_196	TTNI82_188	22.535	71	50	2	13	81	11	78	0.003	26.2
bflTTN_Aig27_196	TTNI12_187	29.167	48	32	1	33	78	28	75	0.004	25.8
bflTTN_Aig27_196	TTNI4_189	23.913	46	35	0	36	81	33	78	0.004	25.8
bflTTN_Aig27_196	TTNI10_187	26.923	52	33	2	32	83	30	76	0.004	25.8
bflTTN_Aig27_196	TTNI38_193	18.310	71	58	0	23	93	21	91	0.006	25.4
bflTTN_Aig27_196	TTNI84_196	33.333	39	26	0	37	75	38	76	0.006	25.4
bflTTN_Aig27_196	TTNI78_194	26.923	78	51	3	11	85	10	84	0.008	25.0
bflTTN_Aig27_196	TTNI34_193	22.449	49	38	0	35	83	33	81	0.009	24.6
bflTTN_Aig27_196	TTNI11_187	21.739	69	45	2	10	78	16	75	0.009	24.6
bflTTN_Aig27_196	TTNI52_193	21.212	66	52	0	18	83	16	81	0.009	24.6
bflTTN_Aig27_196	TTNI60_194	25.676	74	53	2	11	83	10	82	0.010	24.6
bflTTN_Aig27_196	TTNM6_194	18.644	59	47	1	34	91	32	90	0.011	24.6
bflTTN_Aig27_196	TTNI86_190	23.810	63	46	1	29	89	26	88	0.013	24.3
bflTTN_Aig27_196	TTNI74_193	15.476	84	71	0	11	94	9	92	0.014	24.3
bflTTN_Aig27_196	TTNI62_193	21.212	66	52	0	18	83	16	81	0.016	24.3
bflTTN_Aig27_196	TTNI42_194	16.049	81	68	0	13	93	12	92	0.035	23.1
bflTTN_Aig27_196	TTNI13_190	29.787	47	31	2	34	78	31	77	0.036	23.1
bflTTN_Aig27_196	TTNI88_187	23.913	46	35	0	34	79	30	75	0.040	22.7
bflTTN_Aig27_196	TTNI97_188	22.222	45	35	0	37	81	34	78	0.042	22.7
bflTTN_Aig27_196	TTNI9_187	25.000	64	47	1	23	86	21	83	0.046	22.7
bflTTN_Aig27_196	TTNI93_188	20.755	53	42	0	37	89	34	86	0.050	22.7
bflTTN_Aig27_196	TTNI56_193	18.889	90	72	1	4	93	3	91	0.056	22.7
bflTTN_Aig27_196	TTNI105_190	23.256	86	51	3	20	94	8	89	0.057	22.3
bflTTN_Aig27_196	TTNA168_194	20.000	95	62	3	2	93	9	92	0.065	22.3
bflTTN_Aig27_196	TTNI89_188	25.000	52	39	0	35	86	32	83	0.091	21.9
bflTTN_Aig27_196	TTNI85_192	25.000	64	38	2	27	80	15	78	0.091	21.9
bflTTN_Aig27_196	TTNI28_193	20.833	72	57	0	12	83	10	81	0.11	21.9
bflTTN_Aig27_196	TTNI103_188	18.605	43	35	0	34	76	31	73	0.11	21.6
bflTTN_Aig27_196	TTNI100_188	20.779	77	56	2	18	94	16	87	0.12	21.6
bflTTN_Aig27_196	TTNI54_193	16.667	78	60	1	18	90	16	93	0.12	21.6
bflTTN_Aig27_196	TTNI31_193	22.807	57	44	0	18	74	16	72	0.18	21.2
bflTTN_Aig27_196	TTNI66_193	22.388	67	48	3	27	91	25	89	0.23	20.8
bflTTN_Aig27_196	TTNI29_193	23.729	59	45	0	35	93	33	91	0.24	20.8
bflTTN_Aig27_196	TTNI3_187	33.333	18	12	0	59	76	56	73	0.26	20.8
bflTTN_Aig27_196	TTNI102_188	19.048	42	34	0	37	78	34	75	0.29	20.4
bflTTN_Aig27_196	TTNI15_191	25.490	51	35	2	45	93	41	90	0.31	20.4
bflTTN_Aig27_196	TTNZ8_195	23.636	55	42	0	29	83	28	82	0.41	20.0
bflTTN_Aig27_196	TTNI98_188	18.182	44	36	0	37	80	34	77	0.78	19.2
bflTTN_Aig27_196	TTNI5_188	22.917	48	34	1	32	76	27	74	1.1	18.9
bflTTN_Aig27_196	TTNI46_193	16.418	67	56	0	18	84	16	82	1.1	18.9
bflTTN_Aig27_196	TTNI91_188	27.451	51	33	3	33	80	28	77	3.1	17.7
bflTTN_Aig27_196	TTNI7_187	19.512	41	33	0	37	77	34	74	8.7	16.2
bflTTN_Aig28_194	TTNA109_194	43.478	92	52	0	1	92	2	93	2.60e-26	85.5
bflTTN_Aig28_194	TTNA142_194	40.217	92	55	0	1	92	2	93	5.13e-25	82.0
bflTTN_Aig28_194	TTNA65_194	38.043	92	57	0	1	92	2	93	4.72e-24	79.7
bflTTN_Aig28_194	TTNA98_194	39.130	92	56	0	1	92	2	93	1.50e-23	78.6
bflTTN_Aig28_194	TTNA87_194	33.696	92	61	0	1	92	2	93	5.68e-22	74.3
bflTTN_Aig28_194	TTNA160_193	37.634	93	58	0	1	93	1	93	6.38e-22	74.3
bflTTN_Aig28_194	TTNA43_195	38.710	93	56	1	1	92	2	94	2.41e-21	72.8
bflTTN_Aig28_194	TTNA76_194	34.783	92	60	0	1	92	2	93	3.75e-21	72.4
bflTTN_Aig28_194	TTNA153_193	35.870	92	59	0	1	92	1	92	4.12e-21	72.4
bflTTN_Aig28_194	TTNA120_193	33.696	92	61	0	1	92	1	92	5.41e-21	72.0
bflTTN_Aig28_194	TTNA116_196	36.170	94	58	1	1	92	2	95	4.74e-20	69.7
bflTTN_Aig28_194	TTNA29_194	38.043	92	57	0	1	92	2	93	6.31e-20	69.3
bflTTN_Aig28_194	TTNA15_1104	33.333	102	58	1	1	92	1	102	1.49e-19	68.6
bflTTN_Aig28_194	TTNA32_196	38.298	94	56	2	1	92	2	95	1.82e-17	63.2
bflTTN_Aig28_194	TTNA149_197	37.895	95	56	2	1	92	2	96	2.20e-17	62.8
bflTTN_Aig28_194	TTNA105_197	32.632	95	61	1	1	92	2	96	1.14e-15	58.5
bflTTN_Aig28_194	TTNA8_195	36.559	93	58	1	1	92	2	94	1.61e-15	58.2
bflTTN_Aig28_194	TTNA46_192	34.146	82	52	1	13	92	10	91	1.73e-15	57.8
bflTTN_Aig28_194	TTNA131_197	35.106	94	56	2	1	89	2	95	1.88e-15	57.8
bflTTN_Aig28_194	TTNA54_196	34.043	94	60	1	1	92	2	95	2.31e-15	57.8
bflTTN_Aig28_194	TTNA22_194	29.348	92	65	0	1	92	2	93	3.04e-15	57.4
bflTTN_Aig28_194	TTNA127_195	29.787	94	64	1	1	92	1	94	4.76e-15	57.0
bflTTN_Aig28_194	TTNA83_196	30.851	94	63	1	1	92	2	95	2.12e-14	55.1
bflTTN_Aig28_194	TTNA72_196	35.106	94	59	1	1	92	2	95	4.02e-14	54.3
bflTTN_Aig28_194	TTNA50_196	31.915	94	62	2	1	92	2	95	9.55e-14	53.5
bflTTN_Aig28_194	TTNA36_196	26.596	94	67	1	1	92	2	95	6.90e-13	51.2
bflTTN_Aig28_194	TTNA94_195	27.660	94	66	1	1	92	1	94	8.38e-13	51.2
bflTTN_Aig28_194	TTNA39_196	31.522	92	59	2	5	92	4	95	1.71e-12	50.4
bflTTN_Aig28_194	TTNI107_196	30.526	95	62	2	1	92	2	95	5.47e-12	48.9
bflTTN_Aig28_194	TTNA57_195	32.000	75	49	1	21	93	21	95	8.15e-12	48.5
bflTTN_Aig28_194	TTNA61_197	30.526	95	63	2	1	92	2	96	1.99e-11	47.8
bflTTN_Aig28_194	TTNA68_195	33.333	93	60	1	1	91	1	93	2.61e-11	47.4
bflTTN_Aig28_194	TTNA156_195	29.787	94	64	1	1	92	1	94	5.02e-11	46.6
bflTTN_Aig28_194	TTNA1_193	34.615	78	49	2	18	93	16	93	1.35e-10	45.4
bflTTN_Aig28_194	TTNA145_195	31.579	95	63	1	1	93	1	95	1.39e-10	45.4
bflTTN_Aig28_194	TTNA11_1103	30.682	88	53	2	13	92	15	102	1.84e-10	45.1
bflTTN_Aig28_194	TTNA138_196	32.051	78	51	1	16	91	17	94	3.28e-10	44.3
bflTTN_Aig28_194	TTNA112_192	30.488	82	53	2	15	92	10	91	4.71e-10	43.9
bflTTN_Aig28_194	TTNA18_199	29.787	94	57	2	9	93	6	99	5.52e-10	43.9
bflTTN_Aig28_194	TTNI105_190	28.571	77	54	1	16	92	14	89	2.74e-09	42.0
bflTTN_Aig28_194	TTNM10_195	25.000	88	62	1	8	91	6	93	3.39e-09	41.6
bflTTN_Aig28_194	TTNA90_192	28.947	76	52	1	16	89	13	88	4.41e-09	41.6
bflTTN_Aig28_194	TTNA165_196	26.596	94	66	2	1	91	1	94	1.64e-08	40.0
bflTTN_Aig28_194	TTNI74_193	26.136	88	61	2	9	92	5	92	1.54e-07	37.4
bflTTN_Aig28_194	TTNA101_192	28.750	80	55	1	15	92	12	91	2.55e-07	37.0
bflTTN_Aig28_194	TTNZ1_195	29.167	72	45	2	18	84	15	85	2.71e-07	37.0
bflTTN_Aig28_194	TTNA79_193	28.205	78	54	1	17	92	15	92	2.77e-07	36.6
bflTTN_Aig28_194	TTNI14_192	27.160	81	57	1	13	91	11	91	2.84e-07	36.6
bflTTN_Aig28_194	TTNI33_193	22.619	84	63	1	11	92	9	92	3.14e-07	36.6
bflTTN_Aig28_194	TTNA25_194	27.381	84	57	2	1	82	2	83	3.78e-07	36.6
bflTTN_Aig28_194	TTNA123_196	27.368	95	65	3	1	92	2	95	4.39e-07	36.2
bflTTN_Aig28_194	TTNA134_195	27.551	98	63	2	1	93	1	95	7.72e-07	35.4
bflTTN_Aig28_194	TTNI65_193	29.333	75	50	2	18	89	16	90	7.88e-07	35.4
bflTTN_Aig28_194	TTNI61_193	26.316	76	54	1	18	91	16	91	7.97e-07	35.4
bflTTN_Aig28_194	TTNZ3_195	26.966	89	62	2	5	91	4	91	1.41e-06	35.0
bflTTN_Aig28_194	TTNZ6_195	24.675	77	55	1	18	91	15	91	1.50e-06	35.0
bflTTN_Aig28_194	TTNI45_193	25.333	75	54	2	20	92	18	92	1.53e-06	34.7
bflTTN_Aig28_194	TTNI106_194	26.966	89	63	1	7	93	6	94	2.99e-06	33.9
bflTTN_Aig28_194	TTNI75_193	26.829	82	58	1	13	92	11	92	3.45e-06	33.9
bflTTN_Aig28_194	TTNM9_196	27.273	88	56	3	8	89	6	91	9.07e-06	32.7
bflTTN_Aig28_194	TTNI51_193	27.632	76	53	1	18	91	16	91	1.09e-05	32.7
bflTTN_Aig28_194	TTNI39_193	25.758	66	47	1	18	81	16	81	1.39e-05	32.3
bflTTN_Aig28_194	TTNI43_193	26.761	71	50	1	21	89	19	89	1.71e-05	32.0
bflTTN_Aig28_194	TTNZ4_195	24.675	77	54	1	14	86	12	88	2.39e-05	31.6
bflTTN_Aig28_194	TTNZ9_193	26.829	82	57	2	13	92	10	90	3.11e-05	31.2
bflTTN_Aig28_194	TTNI76_193	28.947	76	52	1	11	84	9	84	3.75e-05	31.2
bflTTN_Aig28_194	TTNI12_187	30.000	70	35	3	28	86	16	82	5.06e-05	30.8
bflTTN_Aig28_194	TTNI50_194	27.941	68	46	1	17	81	15	82	5.19e-05	30.8
bflTTN_Aig28_194	TTNA169_1100	24.706	85	59	3	2	81	4	88	6.42e-05	30.4
bflTTN_Aig28_194	TTNI37_193	32.258	62	40	1	23	82	21	82	8.89e-05	30.0
bflTTN_Aig28_194	TTNI48_194	24.675	77	56	1	17	91	16	92	9.01e-05	30.0
bflTTN_Aig28_194	TTNI55_193	23.377	77	57	2	18	92	16	92	9.08e-05	30.0
bflTTN_Aig28_194	TTNI25_195	24.359	78	56	1	18	92	16	93	1.04e-04	30.0
bflTTN_Aig28_194	TTNM5_194	24.658	73	53	1	11	81	9	81	1.20e-04	29.6
bflTTN_Aig28_194	TTNI58_194	25.641	78	54	2	18	91	17	94	1.24e-04	29.6
bflTTN_Aig28_194	TTNI49_193	27.957	93	63	2	1	91	1	91	1.28e-04	29.6
bflTTN_Aig28_194	TTNI16_194	22.892	83	60	2	13	91	10	92	1.66e-04	29.3
bflTTN_Aig28_194	TTNI71_193	24.691	81	57	2	13	89	11	91	1.82e-04	29.3
bflTTN_Aig28_194	TTNM7_192	26.154	65	46	1	22	84	19	83	1.87e-04	29.3
bflTTN_Aig28_194	TTNI52_193	26.866	67	47	1	18	82	16	82	1.91e-04	29.3
bflTTN_Aig28_194	TTNI64_193	23.864	88	63	2	9	92	5	92	3.45e-04	28.5
bflTTN_Aig28_194	TTNA4_1121	26.829	123	55	4	1	92	2	120	4.68e-04	28.5
bflTTN_Aig28_194	TTNA168_194	27.273	77	48	3	13	84	12	85	4.84e-04	28.1
bflTTN_Aig28_194	TTNA164_192	26.471	68	48	2	18	83	15	82	5.58e-04	28.1
bflTTN_Aig28_194	TTNI66_193	23.188	69	51	1	18	84	16	84	0.001	27.3
bflTTN_Aig28_194	TTNI1_194	22.857	70	51	1	18	84	16	85	0.001	26.9
bflTTN_Aig28_194	TTNI44_193	27.119	59	41	1	25	81	23	81	0.002	26.9
bflTTN_Aig28_194	TTNI73_193	23.377	77	55	2	18	90	16	92	0.002	26.6
bflTTN_Aig28_194	TTNI72_193	22.059	68	51	1	17	82	15	82	0.002	26.6
bflTTN_Aig28_194	TTNI69_193	26.087	69	49	1	18	84	16	84	0.002	26.6
bflTTN_Aig28_194	TTNI54_193	22.727	88	64	2	9	92	5	92	0.002	26.6
bflTTN_Aig28_194	TTNI32_193	24.286	70	51	1	17	84	15	84	0.002	26.6
bflTTN_Aig28_194	TTNI63_193	28.571	77	51	3	18	90	16	92	0.002	26.2
bflTTN_Aig28_194	TTNM3_193	26.471	68	47	1	27	91	24	91	0.003	26.2
bflTTN_Aig28_194	TTNI56_193	23.077	78	50	3	13	84	11	84	0.003	25.8
bflTTN_Aig28_194	TTNI80_194	20.833	72	54	1	23	91	21	92	0.003	25.8
bflTTN_Aig28_194	TTNI59_193	28.000	75	52	1	18	90	16	90	0.004	25.8
bflTTN_Aig28_194	TTNI85_192	27.632	76	50	2	8	80	7	80	0.004	25.8
bflTTN_Aig28_194	TTNI28_193	24.706	85	58	4	1	82	1	82	0.005	25.4
bflTTN_Aig28_194	TTNM2_195	23.188	69	48	1	18	81	15	83	0.008	24.6
bflTTN_Aig28_194	TTNI15_191	23.529	68	51	1	18	84	16	83	0.012	24.3
bflTTN_Aig28_194	TTNI30_194	25.373	67	48	1	18	82	17	83	0.015	24.3
bflTTN_Aig28_194	TTNI47_193	26.087	69	49	1	25	91	23	91	0.023	23.5
bflTTN_Aig28_194	TTNI100_188	20.548	73	55	2	18	88	16	87	0.032	23.1
bflTTN_Aig28_194	TTNI68_194	26.389	72	51	1	22	91	21	92	0.038	23.1
bflTTN_Aig28_194	TTNI40_193	24.000	75	54	2	9	81	8	81	0.039	23.1
bflTTN_Aig28_194	TTNI99_188	25.455	55	38	2	21	73	19	72	0.059	22.3
bflTTN_Aig28_194	TTNI67_193	20.690	58	44	1	37	92	35	92	0.059	22.3
bflTTN_Aig28_194	TTNZ5_193	20.455	88	66	2	2	86	1	87	0.068	22.3
bflTTN_Aig28_194	TTNI27_194	21.053	76	58	1	18	91	16	91	0.10	21.9
bflTTN_Aig28_194	TTNI82_188	26.829	41	30	0	47	87	46	86	0.11	21.6
bflTTN_Aig28_194	TTNI60_194	22.388	67	49	1	18	81	16	82	0.11	21.6
bflTTN_Aig28_194	TTNI70_194	20.896	67	50	1	18	81	16	82	0.14	21.6
bflTTN_Aig28_194	TTNZ7_195	24.706	85	60	2	11	91	8	92	0.21	20.8
bflTTN_Aig28_194	TTNI62_193	20.000	80	60	2	7	82	3	82	0.44	20.0
bflTTN_Aig28_194	TTNI24_192	19.718	71	55	1	23	91	20	90	0.49	20.0
bflTTN_Aig28_194	TTNI7_187	20.339	59	45	1	31	87	28	86	0.63	19.6
bflTTN_Aig28_194	TTNI13_190	20.690	58	42	1	34	87	31	88	2.0	18.1
bflTTN_Aig28_194	TTNI86_190	22.222	63	34	2	33	93	30	79	9.5	16.2
bflTTN_Aig29_197	TTNA1_193	42.553	94	51	1	3	96	3	93	2.17e-24	80.5
bflTTN_Aig29_197	TTNA57_195	38.710	93	57	0	4	96	3	95	1.59e-22	75.9
bflTTN_Aig29_197	TTNA123_196	38.947	95	58	0	1	95	1	95	4.12e-21	72.4
bflTTN_Aig29_197	TTNA145_195	39.130	92	56	0	5	96	4	95	1.71e-20	70.9
bflTTN_Aig29_197	TTNA149_197	33.333	96	63	1	1	95	1	96	8.93e-20	68.9
bflTTN_Aig29_197	TTNA109_194	35.789	95	59	1	1	95	1	93	1.78e-18	65.5
bflTTN_Aig29_197	TTNA98_194	31.522	92	61	1	4	95	4	93	1.78e-16	60.5
bflTTN_Aig29_197	TTNM10_195	37.363	91	54	2	6	94	4	93	4.08e-16	59.7
bflTTN_Aig29_197	TTNA68_195	31.868	91	62	0	4	94	3	93	4.31e-16	59.7
bflTTN_Aig29_197	TTNA90_192	39.189	74	45	0	19	92	15	88	9.44e-16	58.5
bflTTN_Aig29_197	TTNA112_192	36.782	87	55	0	9	95	5	91	1.17e-15	58.5
bflTTN_Aig29_197	TTNA79_193	36.364	77	49	0	19	95	16	92	2.46e-15	57.8
bflTTN_Aig29_197	TTNA76_194	31.579	95	63	1	1	95	1	93	4.92e-15	57.0
bflTTN_Aig29_197	TTNA83_196	30.526	95	66	0	1	95	1	95	1.01e-14	56.2
bflTTN_Aig29_197	TTNA101_192	29.885	87	61	0	9	95	5	91	1.40e-14	55.8
bflTTN_Aig29_197	TTNA131_197	29.032	93	65	1	4	95	4	96	1.94e-14	55.5
bflTTN_Aig29_197	TTNA116_196	28.421	95	68	0	1	95	1	95	6.42e-14	53.9
bflTTN_Aig29_197	TTNA46_192	28.736	87	62	0	9	95	5	91	1.15e-13	53.1
bflTTN_Aig29_197	TTNA54_196	32.927	82	55	0	14	95	14	95	1.44e-13	53.1
bflTTN_Aig29_197	TTNA25_194	29.762	84	59	0	12	95	10	93	1.69e-13	52.8
bflTTN_Aig29_197	TTNA65_194	30.488	82	55	1	14	95	14	93	1.91e-13	52.8
bflTTN_Aig29_197	TTNA87_194	30.435	92	62	1	4	95	4	93	2.72e-13	52.4
bflTTN_Aig29_197	TTNA156_195	24.731	93	70	0	3	95	2	94	4.94e-13	51.6
bflTTN_Aig29_197	TTNA94_195	29.348	92	65	0	4	95	3	94	5.10e-13	51.6
bflTTN_Aig29_197	TTNA32_196	25.263	95	71	0	1	95	1	95	6.54e-13	51.6
bflTTN_Aig29_197	TTNA120_193	26.087	92	66	1	4	95	3	92	1.17e-12	50.8
bflTTN_Aig29_197	TTNA50_196	28.421	95	68	0	1	95	1	95	1.44e-12	50.4
bflTTN_Aig29_197	TTNA142_194	27.174	92	65	1	4	95	4	93	2.38e-12	50.1
bflTTN_Aig29_197	TTNA105_197	31.765	85	57	1	12	95	12	96	2.83e-12	49.7
bflTTN_Aig29_197	TTNI106_194	31.034	87	54	1	16	96	8	94	4.60e-12	49.3
bflTTN_Aig29_197	TTNA134_195	21.505	93	73	0	4	96	3	95	1.16e-11	48.1
bflTTN_Aig29_197	TTNA61_197	27.059	85	61	1	12	95	12	96	2.65e-11	47.4
bflTTN_Aig29_197	TTNA160_193	26.506	83	59	1	14	96	13	93	4.22e-11	46.6
bflTTN_Aig29_197	TTNI45_193	29.730	74	52	0	22	95	19	92	5.89e-11	46.2
bflTTN_Aig29_197	TTNI55_193	30.263	76	53	0	19	94	16	91	7.30e-11	46.2
bflTTN_Aig29_197	TTNI105_190	32.558	86	49	3	13	95	10	89	1.47e-10	45.4
bflTTN_Aig29_197	TTNZ4_195	34.177	79	50	1	16	92	13	91	1.85e-10	45.1
bflTTN_Aig29_197	TTNA72_196	27.381	84	61	0	12	95	12	95	2.06e-10	45.1
bflTTN_Aig29_197	TTNA8_195	30.526	95	65	1	1	95	1	94	2.56e-10	44.7
bflTTN_Aig29_197	TTNA153_193	30.864	81	54	1	14	94	13	91	3.35e-10	44.3
bflTTN_Aig29_197	TTNA43_195	27.083	96	67	2	1	95	1	94	3.84e-10	44.3
bflTTN_Aig29_197	TTNI32_193	31.169	77	53	0	12	88	9	85	6.31e-10	43.9
bflTTN_Aig29_197	TTNA15_1104	24.468	94	59	2	12	95	11	102	1.22e-09	43.1
bflTTN_Aig29_197	TTNA165_196	24.675	77	57	1	19	94	18	94	1.40e-09	42.7
bflTTN_Aig29_197	TTNI70_194	30.769	78	53	1	19	95	16	93	2.72e-09	42.0
bflTTN_Aig29_197	TTNI80_194	32.941	85	54	2	11	94	10	92	3.96e-09	41.6
bflTTN_Aig29_197	TTNI74_193	26.190	84	62	0	12	95	9	92	5.13e-09	41.2
bflTTN_Aig29_197	TTNZ3_195	22.222	81	63	0	14	94	11	91	5.86e-09	41.2
bflTTN_Aig29_197	TTNA22_194	25.000	92	67	1	4	95	4	93	6.00e-09	41.2
bflTTN_Aig29_197	TTNA138_196	26.506	83	61	0	12	94	12	94	1.56e-08	40.0
bflTTN_Aig29_197	TTNA18_199	25.962	104	64	3	1	96	1	99	1.71e-08	40.0
bflTTN_Aig29_197	TTNA169_1100	25.000	72	53	1	24	94	27	98	2.23e-08	39.7
bflTTN_Aig29_197	TTNA127_195	21.739	92	72	0	4	95	3	94	2.68e-08	39.7
bflTTN_Aig29_197	TTNI65_193	28.750	80	55	1	6	85	5	82	3.41e-08	39.3
bflTTN_Aig29_197	TTNA29_194	28.421	95	66	1	1	95	1	93	3.82e-08	39.3
bflTTN_Aig29_197	TTNA36_196	24.211	95	72	0	1	95	1	95	4.01e-08	39.3
bflTTN_Aig29_197	TTNI77_193	31.579	95	60	3	1	93	1	92	4.09e-08	38.9
bflTTN_Aig29_197	TTNI79_193	28.235	85	58	1	1	85	1	82	5.99e-08	38.5
bflTTN_Aig29_197	TTNI75_193	31.343	67	46	0	28	94	25	91	6.59e-08	38.5
bflTTN_Aig29_197	TTNZ1_195	27.273	88	60	2	10	94	6	92	7.76e-08	38.5
bflTTN_Aig29_197	TTNI37_193	35.211	71	45	1	15	85	13	82	8.88e-08	38.1
bflTTN_Aig29_197	TTNA4_1121	25.688	109	52	3	16	95	12	120	1.19e-07	38.1
bflTTN_Aig29_197	TTNI33_193	25.610	82	61	0	14	95	11	92	1.52e-07	37.4
bflTTN_Aig29_197	TTNI43_193	27.397	73	53	0	20	92	17	89	1.82e-07	37.4
bflTTN_Aig29_197	TTNA11_1103	26.966	89	59	2	12	94	13	101	1.92e-07	37.4
bflTTN_Aig29_197	TTNM5_194	27.586	87	51	2	14	94	11	91	2.69e-07	37.0
bflTTN_Aig29_197	TTNI58_194	25.000	80	60	0	15	94	13	92	2.80e-07	37.0
bflTTN_Aig29_197	TTNI27_194	25.610	82	59	1	13	94	12	91	3.43e-07	36.6
bflTTN_Aig29_197	TTNI59_193	21.053	76	60	0	18	93	15	90	3.67e-07	36.6
bflTTN_Aig29_197	TTNI76_193	30.000	70	49	0	19	88	16	85	5.36e-07	36.2
bflTTN_Aig29_197	TTNI73_193	27.692	65	47	0	30	94	27	91	7.21e-07	35.8
bflTTN_Aig29_197	TTNI54_193	27.273	66	48	0	19	84	16	81	9.58e-07	35.4
bflTTN_Aig29_197	TTNI69_193	27.941	68	49	0	18	85	15	82	1.31e-06	35.0
bflTTN_Aig29_197	TTNI49_193	20.779	77	61	0	18	94	15	91	1.56e-06	35.0
bflTTN_Aig29_197	TTNA39_196	25.000	84	61	1	14	95	12	95	1.56e-06	35.0
bflTTN_Aig29_197	TTNI107_196	23.171	82	63	0	14	95	14	95	1.89e-06	34.7
bflTTN_Aig29_197	TTNI30_194	30.769	65	45	0	30	94	28	92	2.26e-06	34.3
bflTTN_Aig29_197	TTNI64_193	23.188	69	53	0	16	84	13	81	2.89e-06	34.3
bflTTN_Aig29_197	TTNI57_193	26.190	84	60	1	11	94	10	91	3.68e-06	33.9
bflTTN_Aig29_197	TTNZ9_193	27.941	68	48	1	30	97	26	92	5.04e-06	33.5
bflTTN_Aig29_197	TTNM1_192	28.571	63	45	0	34	96	30	92	9.61e-06	32.7
bflTTN_Aig29_197	TTNI72_193	23.684	76	58	0	19	94	16	91	1.17e-05	32.7
bflTTN_Aig29_197	TTNI42_194	21.176	85	67	0	10	94	8	92	1.23e-05	32.3
bflTTN_Aig29_197	TTNI34_193	27.692	65	47	0	24	88	21	85	1.51e-05	32.3
bflTTN_Aig29_197	TTNI39_193	24.211	95	69	1	1	95	1	92	1.63e-05	32.3
bflTTN_Aig29_197	TTNI44_193	31.429	70	46	1	15	84	14	81	2.27e-05	32.0
bflTTN_Aig29_197	TTNI94_187	26.744	86	54	2	5	90	10	86	3.85e-05	31.2
bflTTN_Aig29_197	TTNM7_192	26.154	65	48	0	30	94	26	90	4.05e-05	31.2
bflTTN_Aig29_197	TTNI36_194	27.027	74	54	0	15	88	13	86	4.48e-05	31.2
bflTTN_Aig29_197	TTNI25_195	25.316	79	58	1	18	95	15	93	4.79e-05	30.8
bflTTN_Aig29_197	TTNI53_193	27.692	65	47	0	30	94	27	91	4.91e-05	30.8
bflTTN_Aig29_197	TTNI63_193	24.096	83	63	0	12	94	9	91	5.44e-05	30.8
bflTTN_Aig29_197	TTNI12_187	30.435	46	32	0	32	77	28	73	9.05e-05	30.0
bflTTN_Aig29_197	TTNI78_194	28.000	75	54	0	11	85	9	83	1.06e-04	30.0
bflTTN_Aig29_197	TTNI67_193	28.723	94	64	3	1	94	1	91	1.08e-04	30.0
bflTTN_Aig29_197	TTNI4_189	30.233	43	30	0	37	79	33	75	1.09e-04	30.0
bflTTN_Aig29_197	TTNI68_194	23.881	67	51	0	15	81	13	79	1.10e-04	30.0
bflTTN_Aig29_197	TTNI81_190	25.333	75	54	2	12	85	10	83	1.50e-04	29.6
bflTTN_Aig29_197	TTNM9_196	23.750	80	61	0	16	95	13	92	1.54e-04	29.6
bflTTN_Aig29_197	TTNI50_194	29.545	88	59	2	9	95	8	93	1.67e-04	29.6
bflTTN_Aig29_197	TTNZ7_195	24.096	83	59	2	16	94	12	94	2.14e-04	29.3
bflTTN_Aig29_197	TTNM4_193	24.615	65	49	0	32	96	29	93	2.65e-04	28.9
bflTTN_Aig29_197	TTNI71_193	20.482	83	66	0	12	94	9	91	4.08e-04	28.5
bflTTN_Aig29_197	TTNZ2_194	18.072	83	68	0	14	96	11	93	4.13e-04	28.5
bflTTN_Aig29_197	TTNM2_195	22.727	66	48	1	32	94	28	93	4.40e-04	28.5
bflTTN_Aig29_197	TTNM3_193	21.519	79	61	1	17	94	13	91	5.01e-04	28.1
bflTTN_Aig29_197	TTNI61_193	20.482	83	66	0	12	94	9	91	5.85e-04	28.1
bflTTN_Aig29_197	TTNI51_193	24.242	66	50	0	19	84	16	81	5.85e-04	28.1
bflTTN_Aig29_197	TTNI48_194	20.000	80	64	0	15	94	13	92	8.46e-04	27.7
bflTTN_Aig29_197	TTNI99_188	33.333	45	30	0	32	76	28	72	0.001	27.3
bflTTN_Aig29_197	TTNZ6_195	24.051	79	57	2	18	94	14	91	0.001	26.9
bflTTN_Aig29_197	TTNM6_194	26.829	82	57	2	17	97	14	93	0.001	26.9
bflTTN_Aig29_197	TTNI66_193	22.388	67	52	0	19	85	16	82	0.002	26.9
bflTTN_Aig29_197	TTNI38_193	27.119	59	43	0	36	94	33	91	0.002	26.6
bflTTN_Aig29_197	TTNZ5_193	24.615	65	48	1	18	81	15	79	0.002	26.6
bflTTN_Aig29_197	TTNA164_192	26.027	73	52	1	16	88	14	84	0.002	26.2
bflTTN_Aig29_197	TTNI17_194	30.000	50	33	2	36	84	33	81	0.003	26.2
bflTTN_Aig29_197	TTNI31_193	21.212	66	52	0	19	84	16	81	0.004	25.8
bflTTN_Aig29_197	TTNI16_194	20.779	77	59	1	10	84	6	82	0.004	25.8
bflTTN_Aig29_197	TTNI56_193	26.087	69	48	2	29	97	27	92	0.004	25.8
bflTTN_Aig29_197	TTNI52_193	21.429	70	55	0	19	88	16	85	0.006	25.4
bflTTN_Aig29_197	TTNI14_192	21.212	66	52	0	29	94	26	91	0.006	25.0
bflTTN_Aig29_197	TTNI60_194	24.590	61	45	1	36	95	33	93	0.007	25.0
bflTTN_Aig29_197	TTNI62_193	22.368	76	59	0	19	94	16	91	0.007	25.0
bflTTN_Aig29_197	TTNI5_188	21.176	85	63	1	10	94	7	87	0.008	24.6
bflTTN_Aig29_197	TTNI40_193	18.182	77	63	0	18	94	15	91	0.009	24.6
bflTTN_Aig29_197	TTNA168_194	28.049	82	53	3	7	85	5	83	0.010	24.6
bflTTN_Aig29_197	TTNI83_193	24.590	61	43	1	17	77	16	73	0.011	24.6
bflTTN_Aig29_197	TTNI47_193	24.615	65	49	0	30	94	27	91	0.011	24.6
bflTTN_Aig29_197	TTNI102_188	31.707	41	28	0	38	78	34	74	0.016	23.9
bflTTN_Aig29_197	TTNI103_188	24.490	49	37	0	33	81	29	77	0.034	23.1
bflTTN_Aig29_197	TTNI1_194	29.412	34	24	0	18	51	15	48	0.036	23.1
bflTTN_Aig29_197	TTNI100_188	26.506	83	54	2	13	95	12	87	0.048	22.7
bflTTN_Aig29_197	TTNI98_188	23.913	46	35	0	34	79	30	75	0.052	22.7
bflTTN_Aig29_197	TTNI9_187	24.286	70	51	2	10	79	8	75	0.054	22.7
bflTTN_Aig29_197	TTNI3_187	23.256	43	33	0	38	80	34	76	0.055	22.7
bflTTN_Aig29_197	TTNI90_187	31.034	87	39	3	5	80	10	86	0.062	22.3
bflTTN_Aig29_197	TTNI29_193	37.500	24	15	0	71	94	68	91	0.093	21.9
bflTTN_Aig29_197	TTNI85_192	66.667	12	4	0	70	81	67	78	0.10	21.9
bflTTN_Aig29_197	TTNI88_187	26.667	45	33	0	36	80	31	75	0.13	21.6
bflTTN_Aig29_197	TTNI24_192	23.636	55	42	0	30	84	26	80	0.19	21.2
bflTTN_Aig29_197	TTNI11_187	25.000	40	30	0	38	77	34	73	0.30	20.4
bflTTN_Aig29_197	TTNI41_193	21.212	66	52	0	29	94	26	91	0.39	20.4
bflTTN_Aig29_197	TTNI6_187	23.810	42	32	0	36	77	32	73	0.48	20.0
bflTTN_Aig29_197	TTNI84_196	27.451	51	35	1	37	87	37	85	0.54	20.0
bflTTN_Aig29_197	TTNM8_193	25.397	63	45	1	11	73	9	69	0.91	19.2
bflTTN_Aig29_197	TTNI96_188	21.739	46	36	0	36	81	32	77	1.0	18.9
bflTTN_Aig29_197	TTNI7_187	22.917	48	37	0	32	79	28	75	4.4	17.3
bflTTN_Aig29_197	TTNZ8_195	20.000	65	52	0	30	94	28	92	4.7	17.3
bflTTN_Aig29_197	TTNI28_193	18.182	66	54	0	30	95	27	92	5.3	16.9
bflTTN_Aig29_197	TTNI8_188	20.968	62	49	0	14	75	11	72	5.6	16.9
bflTTN_Aig29_197	TTNI10_187	20.000	45	36	0	38	82	34	78	6.3	16.9
bflTTN_Aig30_196	TTNA36_196	41.489	94	55	0	1	94	2	95	4.30e-25	82.4
bflTTN_Aig30_196	TTNA39_196	40.217	92	53	1	5	94	4	95	4.64e-22	74.7
bflTTN_Aig30_196	TTNA105_197	36.458	96	58	2	1	94	2	96	1.08e-19	68.9
bflTTN_Aig30_196	TTNA83_196	32.979	94	63	0	1	94	2	95	4.90e-19	67.0
bflTTN_Aig30_196	TTNA94_195	29.787	94	66	0	1	94	1	94	7.65e-17	61.6
bflTTN_Aig30_196	TTNA72_196	31.915	94	64	0	1	94	2	95	1.77e-16	60.5
bflTTN_Aig30_196	TTNI107_196	36.170	94	60	0	1	94	2	95	2.35e-16	60.1
bflTTN_Aig30_196	TTNA116_196	30.851	94	65	0	1	94	2	95	2.53e-16	60.1
bflTTN_Aig30_196	TTNA149_197	36.842	95	59	1	1	94	2	96	5.08e-16	59.3
bflTTN_Aig30_196	TTNA8_195	36.170	94	59	1	1	94	2	94	5.17e-16	59.3
bflTTN_Aig30_196	TTNA109_194	30.851	94	63	1	1	94	2	93	6.13e-16	59.3
bflTTN_Aig30_196	TTNA65_194	32.653	98	56	2	1	94	2	93	6.48e-16	58.9
bflTTN_Aig30_196	TTNA101_192	35.106	94	58	1	1	94	1	91	7.59e-16	58.9
bflTTN_Aig30_196	TTNA22_194	30.851	94	63	1	1	94	2	93	1.51e-15	58.2
bflTTN_Aig30_196	TTNA61_197	34.737	95	61	1	1	94	2	96	1.93e-15	57.8
bflTTN_Aig30_196	TTNA50_196	30.851	94	65	0	1	94	2	95	3.31e-15	57.4
bflTTN_Aig30_196	TTNA15_1104	32.353	102	61	2	1	94	1	102	4.99e-15	57.0
bflTTN_Aig30_196	TTNA87_194	28.723	94	65	1	1	94	2	93	5.60e-15	56.6
bflTTN_Aig30_196	TTNA76_194	29.787	94	64	1	1	94	2	93	6.66e-15	56.6
bflTTN_Aig30_196	TTNA46_192	35.366	82	53	0	13	94	10	91	8.07e-15	56.2
bflTTN_Aig30_196	TTNA11_1103	32.967	91	54	2	1	84	2	92	4.42e-14	54.7
bflTTN_Aig30_196	TTNA32_196	30.851	94	65	0	1	94	2	95	4.54e-14	54.3
bflTTN_Aig30_196	TTNA57_195	33.824	68	45	0	27	94	27	94	4.84e-14	54.3
bflTTN_Aig30_196	TTNA98_194	28.723	94	65	1	1	94	2	93	7.37e-14	53.9
bflTTN_Aig30_196	TTNA25_194	29.787	94	64	1	1	94	2	93	9.86e-14	53.5
bflTTN_Aig30_196	TTNA131_197	27.957	93	66	1	1	93	2	93	1.25e-13	53.1
bflTTN_Aig30_196	TTNA79_193	34.043	94	59	1	1	94	2	92	1.77e-13	52.8
bflTTN_Aig30_196	TTNA18_199	27.957	93	60	1	9	94	6	98	5.00e-13	52.0
bflTTN_Aig30_196	TTNA127_195	28.723	94	67	0	1	94	1	94	6.33e-13	51.6
bflTTN_Aig30_196	TTNA138_196	29.032	93	66	0	1	93	2	94	9.96e-13	50.8
bflTTN_Aig30_196	TTNA153_193	31.183	93	62	1	1	93	1	91	1.14e-12	50.8
bflTTN_Aig30_196	TTNA145_195	28.723	94	67	0	1	94	1	94	1.50e-12	50.4
bflTTN_Aig30_196	TTNA160_193	29.787	94	64	1	1	94	1	92	1.73e-12	50.4
bflTTN_Aig30_196	TTNA120_193	27.660	94	66	1	1	94	1	92	3.22e-12	49.7
bflTTN_Aig30_196	TTNI16_194	32.530	83	54	1	13	93	10	92	4.81e-12	49.3
bflTTN_Aig30_196	TTNA123_196	28.750	80	57	0	15	94	16	95	9.88e-12	48.5
bflTTN_Aig30_196	TTNI14_192	27.160	81	59	0	13	93	11	91	1.23e-11	48.1
bflTTN_Aig30_196	TTNA68_195	32.895	76	51	0	18	93	18	93	1.32e-11	48.1
bflTTN_Aig30_196	TTNZ7_195	35.955	89	52	4	8	93	6	92	1.59e-11	47.8
bflTTN_Aig30_196	TTNA156_195	26.596	94	69	0	1	94	1	94	3.52e-11	47.0
bflTTN_Aig30_196	TTNA1_193	27.778	90	64	1	5	94	4	92	4.14e-11	46.6
bflTTN_Aig30_196	TTNA90_192	28.395	81	58	0	14	94	11	91	5.13e-11	46.6
bflTTN_Aig30_196	TTNZ3_195	27.059	85	61	1	9	93	8	91	7.54e-11	46.2
bflTTN_Aig30_196	TTNA54_196	26.596	94	69	0	1	94	2	95	8.76e-11	45.8
bflTTN_Aig30_196	TTNA4_1121	24.348	115	58	2	9	94	6	120	9.38e-11	46.6
bflTTN_Aig30_196	TTNI106_194	28.421	95	67	1	1	95	1	94	1.74e-10	45.1
bflTTN_Aig30_196	TTNA142_194	24.468	94	69	1	1	94	2	93	2.14e-10	45.1
bflTTN_Aig30_196	TTNI80_194	33.824	68	44	1	27	93	25	92	3.77e-10	44.3
bflTTN_Aig30_196	TTNA43_195	26.804	97	64	2	1	94	2	94	4.47e-10	44.3
bflTTN_Aig30_196	TTNI79_193	28.395	81	58	0	13	93	11	91	5.10e-10	43.9
bflTTN_Aig30_196	TTNA165_196	32.432	74	47	2	21	93	23	94	7.31e-10	43.5
bflTTN_Aig30_196	TTNM5_194	25.926	81	60	0	13	93	11	91	7.65e-10	43.5
bflTTN_Aig30_196	TTNA112_192	25.532	94	67	1	1	94	1	91	2.57e-09	42.0
bflTTN_Aig30_196	TTNI25_195	30.337	89	57	3	9	94	5	91	2.81e-09	42.0
bflTTN_Aig30_196	TTNI24_192	35.088	57	37	0	27	83	24	80	2.92e-09	42.0
bflTTN_Aig30_196	TTNM9_196	34.940	83	50	2	14	94	12	92	2.93e-09	42.0
bflTTN_Aig30_196	TTNA164_192	27.848	79	56	1	8	86	6	83	3.51e-09	41.6
bflTTN_Aig30_196	TTNI33_193	26.190	84	62	0	11	94	9	92	4.11e-09	41.6
bflTTN_Aig30_196	TTNI45_193	26.667	75	55	0	20	94	18	92	6.10e-09	41.2
bflTTN_Aig30_196	TTNA169_1100	32.353	68	45	1	17	83	21	88	1.04e-08	40.8
bflTTN_Aig30_196	TTNZ2_194	24.691	81	61	0	13	93	11	91	1.57e-08	40.0
bflTTN_Aig30_196	TTNI58_194	26.744	86	63	0	8	93	7	92	1.94e-08	39.7
bflTTN_Aig30_196	TTNM7_192	29.577	71	48	1	25	93	20	90	2.61e-08	39.3
bflTTN_Aig30_196	TTNI30_194	28.947	76	54	0	18	93	17	92	2.70e-08	39.3
bflTTN_Aig30_196	TTNZ1_195	27.143	70	49	1	26	93	23	92	3.03e-08	39.3
bflTTN_Aig30_196	TTNA134_195	30.488	82	57	0	13	94	13	94	4.30e-08	38.9
bflTTN_Aig30_196	TTNI49_193	30.769	65	45	0	27	91	25	89	6.55e-08	38.5
bflTTN_Aig30_196	TTNM10_195	25.301	83	60	1	13	93	11	93	7.16e-08	38.5
bflTTN_Aig30_196	TTNZ6_195	28.750	80	56	1	18	96	15	94	7.39e-08	38.5
bflTTN_Aig30_196	TTNI75_193	26.471	68	50	0	26	93	24	91	8.02e-08	38.1
bflTTN_Aig30_196	TTNI57_193	28.788	66	47	0	18	83	16	81	8.02e-08	38.1
bflTTN_Aig30_196	TTNI1_194	32.394	71	47	1	14	83	12	82	1.04e-07	38.1
bflTTN_Aig30_196	TTNI65_193	26.316	76	56	0	18	93	16	91	1.47e-07	37.4
bflTTN_Aig30_196	TTNI74_193	26.437	87	63	1	8	94	7	92	1.60e-07	37.4
bflTTN_Aig30_196	TTNI15_191	27.059	85	60	2	9	93	8	90	1.68e-07	37.4
bflTTN_Aig30_196	TTNA29_194	26.596	94	67	1	1	94	2	93	1.99e-07	37.4
bflTTN_Aig30_196	TTNI105_190	28.049	82	56	1	13	94	11	89	2.06e-07	37.0
bflTTN_Aig30_196	TTNI64_193	27.586	87	62	1	8	94	7	92	2.63e-07	37.0
bflTTN_Aig30_196	TTNI36_194	26.744	86	63	0	8	93	7	92	2.97e-07	36.6
bflTTN_Aig30_196	TTNI51_193	27.160	81	57	1	13	93	11	89	2.98e-07	36.6
bflTTN_Aig30_196	TTNI59_193	25.333	75	56	0	17	91	15	89	5.68e-07	35.8
bflTTN_Aig30_196	TTNI55_193	26.761	71	52	0	18	88	16	86	1.04e-06	35.4
bflTTN_Aig30_196	TTNI67_193	33.898	59	37	2	26	83	24	81	1.20e-06	35.0
bflTTN_Aig30_196	TTNI78_194	21.839	87	66	1	8	94	7	91	1.66e-06	34.7
bflTTN_Aig30_196	TTNM3_193	25.316	79	58	1	16	93	13	91	1.67e-06	34.7
bflTTN_Aig30_196	TTNI29_193	30.508	59	41	0	35	93	33	91	2.08e-06	34.7
bflTTN_Aig30_196	TTNI63_193	26.250	80	57	1	11	90	9	86	2.43e-06	34.3
bflTTN_Aig30_196	TTNZ9_193	26.316	76	55	1	18	93	15	89	3.86e-06	33.9
bflTTN_Aig30_196	TTNI73_193	29.688	64	43	1	27	90	25	86	4.67e-06	33.5
bflTTN_Aig30_196	TTNI28_193	31.507	73	48	2	13	84	11	82	5.18e-06	33.5
bflTTN_Aig30_196	TTNI69_193	25.000	68	51	0	17	84	15	82	5.70e-06	33.5
bflTTN_Aig30_196	TTNM4_193	27.632	76	55	0	18	93	16	91	7.10e-06	33.1
bflTTN_Aig30_196	TTNI50_194	26.190	84	59	3	13	94	11	93	1.18e-05	32.3
bflTTN_Aig30_196	TTNI94_187	27.907	43	31	0	35	77	32	74	3.84e-05	31.2
bflTTN_Aig30_196	TTNI48_194	23.256	86	66	0	8	93	7	92	5.86e-05	30.8
bflTTN_Aig30_196	TTNI40_193	27.907	86	61	1	8	93	7	91	5.90e-05	30.8
bflTTN_Aig30_196	TTNI76_193	28.571	70	48	1	21	88	17	86	6.61e-05	30.4
bflTTN_Aig30_196	TTNI60_194	25.000	88	64	2	8	94	7	93	8.25e-05	30.4
bflTTN_Aig30_196	TTNI41_193	28.814	59	42	0	35	93	33	91	9.41e-05	30.0
bflTTN_Aig30_196	TTNI32_193	22.078	77	59	1	8	84	7	82	9.51e-05	30.0
bflTTN_Aig30_196	TTNI44_193	28.070	57	41	0	27	83	25	81	1.01e-04	30.0
bflTTN_Aig30_196	TTNI100_188	24.390	82	57	2	13	94	11	87	1.14e-04	29.6
bflTTN_Aig30_196	TTNI39_193	20.732	82	65	0	13	94	11	92	1.19e-04	29.6
bflTTN_Aig30_196	TTNI37_193	23.944	71	54	0	23	93	21	91	1.47e-04	29.6
bflTTN_Aig30_196	TTNI70_194	25.000	88	64	2	8	94	7	93	1.57e-04	29.6
bflTTN_Aig30_196	TTNI66_193	28.049	82	54	2	8	87	7	85	1.63e-04	29.6
bflTTN_Aig30_196	TTNI56_193	22.368	76	59	0	18	93	16	91	1.88e-04	29.3
bflTTN_Aig30_196	TTNI61_193	25.926	81	58	1	13	93	11	89	1.94e-04	29.3
bflTTN_Aig30_196	TTNM2_195	26.471	68	45	2	31	93	28	95	2.21e-04	29.3
bflTTN_Aig30_196	TTNI77_193	22.727	66	51	0	18	83	16	81	2.22e-04	29.3
bflTTN_Aig30_196	TTNM6_194	26.415	53	38	1	34	85	32	84	2.39e-04	28.9
bflTTN_Aig30_196	TTNA168_194	26.087	69	49	1	27	93	24	92	2.81e-04	28.9
bflTTN_Aig30_196	TTNZ5_193	28.378	74	42	3	19	85	15	84	3.22e-04	28.5
bflTTN_Aig30_196	TTNI53_193	22.059	68	51	1	27	94	25	90	3.64e-04	28.5
bflTTN_Aig30_196	TTNI31_193	28.986	69	49	0	15	83	13	81	3.99e-04	28.5
bflTTN_Aig30_196	TTNI85_192	21.951	82	61	2	9	89	8	87	4.07e-04	28.5
bflTTN_Aig30_196	TTNI90_187	29.688	64	40	2	30	93	27	85	4.15e-04	28.1
bflTTN_Aig30_196	TTNI5_188	25.806	62	42	1	32	93	30	87	4.38e-04	28.1
bflTTN_Aig30_196	TTNI38_193	22.078	77	60	0	17	93	15	91	4.81e-04	28.1
bflTTN_Aig30_196	TTNZ4_195	22.059	68	51	1	26	91	24	91	5.02e-04	28.1
bflTTN_Aig30_196	TTNI43_193	23.333	60	46	0	26	85	24	83	6.95e-04	27.7
bflTTN_Aig30_196	TTNI102_188	26.923	52	38	0	35	86	32	83	7.33e-04	27.7
bflTTN_Aig30_196	TTNM8_193	22.222	81	61	1	13	93	12	90	7.47e-04	27.7
bflTTN_Aig30_196	TTNI26_191	32.258	62	37	3	34	91	29	89	8.51e-04	27.3
bflTTN_Aig30_196	TTNI12_187	21.053	57	45	0	29	85	26	82	0.001	27.3
bflTTN_Aig30_196	TTNI42_194	30.263	76	49	3	12	85	11	84	0.001	26.9
bflTTN_Aig30_196	TTNI6_187	25.000	48	36	0	34	81	31	78	0.002	26.6
bflTTN_Aig30_196	TTNI47_193	23.529	68	50	1	27	94	25	90	0.002	26.6
bflTTN_Aig30_196	TTNI99_188	24.444	45	34	0	30	74	27	71	0.002	26.2
bflTTN_Aig30_196	TTNI27_194	19.753	81	65	0	13	93	11	91	0.003	26.2
bflTTN_Aig30_196	TTNI7_187	27.273	55	37	1	31	82	28	82	0.003	25.8
bflTTN_Aig30_196	TTNI82_188	23.729	59	43	1	32	88	27	85	0.004	25.8
bflTTN_Aig30_196	TTNI81_190	27.273	44	32	0	31	74	30	73	0.004	25.8
bflTTN_Aig30_196	TTNI17_194	22.500	80	61	1	4	83	3	81	0.004	25.4
bflTTN_Aig30_196	TTNI72_193	23.881	67	51	0	27	93	25	91	0.005	25.4
bflTTN_Aig30_196	TTNI4_189	23.684	38	29	0	37	74	34	71	0.009	24.6
bflTTN_Aig30_196	TTNI54_193	26.531	49	36	0	35	83	33	81	0.011	24.6
bflTTN_Aig30_196	TTNI104_188	23.077	52	40	0	34	85	31	82	0.012	24.3
bflTTN_Aig30_196	TTNI34_193	21.667	60	47	0	34	93	32	91	0.015	24.3
bflTTN_Aig30_196	TTNI68_194	25.926	54	40	0	27	80	26	79	0.017	23.9
bflTTN_Aig30_196	TTNI103_188	19.608	51	41	0	35	85	32	82	0.018	23.9
bflTTN_Aig30_196	TTNI96_188	25.000	72	52	2	9	80	8	77	0.023	23.5
bflTTN_Aig30_196	TTNZ8_195	22.892	83	62	1	13	93	10	92	0.026	23.5
bflTTN_Aig30_196	TTNI35_193	23.729	59	45	0	35	93	33	91	0.027	23.5
bflTTN_Aig30_196	TTNI62_193	23.256	86	65	1	8	93	7	91	0.039	23.1
bflTTN_Aig30_196	TTNI71_193	25.373	67	48	1	27	93	25	89	0.047	22.7
bflTTN_Aig30_196	TTNI46_193	21.053	76	60	0	18	93	16	91	0.050	22.7
bflTTN_Aig30_196	TTNI52_193	20.896	67	53	0	27	93	25	91	0.053	22.7
bflTTN_Aig30_196	TTNI10_187	22.222	81	47	1	21	85	2	82	0.077	21.9
bflTTN_Aig30_196	TTNI92_187	19.565	46	37	0	35	80	32	77	0.080	21.9
bflTTN_Aig30_196	TTNI89_188	25.926	54	40	0	35	88	32	85	0.14	21.2
bflTTN_Aig30_196	TTNI88_187	22.619	84	60	2	4	85	1	81	0.15	21.2
bflTTN_Aig30_196	TTNI8_188	26.389	72	52	1	3	74	2	72	0.25	20.8
bflTTN_Aig30_196	TTNI9_187	25.333	75	50	3	2	74	1	71	0.45	20.0
bflTTN_Aig30_196	TTNI84_196	24.138	58	42	1	36	91	37	94	0.47	20.0
bflTTN_Aig30_196	TTNI86_190	23.529	51	37	1	29	77	26	76	1.8	18.1
bflTTN_Aig30_196	TTNI83_193	24.444	45	34	0	35	79	32	76	2.1	18.1
bflTTN_Aig30_196	TTNI101_193	27.586	29	21	0	52	80	25	53	3.0	17.7
bflTTN_Aig30_196	TTNM1_192	18.000	50	41	0	34	83	31	80	5.0	16.9
bflTTN_Aig31_193	TTNA120_193	40.217	92	54	1	1	91	1	92	6.42e-23	76.6
bflTTN_Aig31_193	TTNA65_194	40.860	93	52	2	1	91	2	93	2.01e-22	75.5
bflTTN_Aig31_193	TTNA142_194	39.130	92	55	1	1	91	2	93	1.37e-21	73.6
bflTTN_Aig31_193	TTNA98_194	38.043	92	56	1	1	91	2	93	1.45e-21	73.2
bflTTN_Aig31_193	TTNA87_194	38.043	92	56	1	1	91	2	93	1.30e-18	65.9
bflTTN_Aig31_193	TTNA131_197	41.053	95	52	3	1	91	2	96	4.06e-18	64.7
bflTTN_Aig31_193	TTNA153_193	36.957	92	55	2	1	90	1	91	5.56e-18	64.3
bflTTN_Aig31_193	TTNA109_194	36.559	93	56	2	1	91	2	93	7.34e-17	61.2
bflTTN_Aig31_193	TTNA160_193	34.409	93	60	1	1	92	1	93	8.80e-17	61.2
bflTTN_Aig31_193	TTNA101_192	40.476	84	47	2	11	91	8	91	1.55e-16	60.5
bflTTN_Aig31_193	TTNA76_194	35.484	93	57	2	1	91	2	93	2.02e-16	60.1
bflTTN_Aig31_193	TTNA54_196	35.556	90	55	2	5	91	6	95	9.15e-16	58.5
bflTTN_Aig31_193	TTNA127_195	36.170	94	57	2	1	91	1	94	3.36e-15	57.0
bflTTN_Aig31_193	TTNA116_196	35.106	94	58	2	1	91	2	95	4.46e-15	57.0
bflTTN_Aig31_193	TTNA83_196	36.170	94	57	2	1	91	2	95	7.58e-15	56.2
bflTTN_Aig31_193	TTNA29_194	34.783	92	59	1	1	91	2	93	3.30e-14	54.7
bflTTN_Aig31_193	TTNA149_197	34.568	81	50	1	14	91	16	96	6.47e-14	53.9
bflTTN_Aig31_193	TTNA112_192	33.750	80	50	2	15	91	12	91	1.07e-13	53.1
bflTTN_Aig31_193	TTNA57_195	38.667	75	43	2	21	92	21	95	1.47e-13	53.1
bflTTN_Aig31_193	TTNA79_193	38.272	81	47	2	14	91	12	92	2.36e-13	52.4
bflTTN_Aig31_193	TTNA43_195	34.409	93	59	2	1	91	2	94	5.04e-13	51.6
bflTTN_Aig31_193	TTNA138_196	32.258	93	60	1	1	90	2	94	5.15e-13	51.6
bflTTN_Aig31_193	TTNI107_196	35.106	94	58	2	1	91	2	95	9.74e-13	50.8
bflTTN_Aig31_193	TTNA68_195	36.471	85	51	2	9	90	9	93	2.21e-12	50.1
bflTTN_Aig31_193	TTNA1_193	35.897	78	47	2	18	92	16	93	2.83e-12	49.7
bflTTN_Aig31_193	TTNA145_195	36.585	82	49	1	14	92	14	95	6.64e-12	48.9
bflTTN_Aig31_193	TTNA94_195	31.915	94	61	2	1	91	1	94	1.11e-11	48.1
bflTTN_Aig31_193	TTNA72_196	34.043	94	59	1	1	91	2	95	1.81e-11	47.8
bflTTN_Aig31_193	TTNA90_192	28.916	83	56	2	12	91	9	91	2.67e-11	47.0
bflTTN_Aig31_193	TTNA39_196	34.940	83	49	3	14	91	13	95	2.75e-11	47.0
bflTTN_Aig31_193	TTNA36_196	35.802	81	49	1	14	91	15	95	2.84e-11	47.0
bflTTN_Aig31_193	TTNI105_190	28.571	77	55	0	15	91	13	89	7.76e-11	45.8
bflTTN_Aig31_193	TTNA105_197	32.955	88	55	2	8	91	9	96	7.80e-11	45.8
bflTTN_Aig31_193	TTNA15_1104	33.333	87	47	3	16	91	16	102	4.19e-10	44.3
bflTTN_Aig31_193	TTNA46_192	28.723	94	60	2	1	91	2	91	1.62e-09	42.4
bflTTN_Aig31_193	TTNA25_194	26.316	76	53	2	8	80	7	82	1.95e-09	42.4
bflTTN_Aig31_193	TTNA22_194	32.051	78	52	1	15	91	16	93	2.02e-09	42.4
bflTTN_Aig31_193	TTNA61_197	32.632	95	60	3	1	91	2	96	2.28e-09	42.4
bflTTN_Aig31_193	TTNA134_195	28.049	82	56	1	14	92	14	95	3.95e-09	41.6
bflTTN_Aig31_193	TTNI58_194	27.711	83	55	2	12	90	11	92	6.97e-09	40.8
bflTTN_Aig31_193	TTNI64_193	25.926	81	57	2	14	91	12	92	7.06e-09	40.8
bflTTN_Aig31_193	TTNA32_196	28.750	80	54	2	15	91	16	95	7.88e-09	40.8
bflTTN_Aig31_193	TTNM2_195	25.000	80	52	2	12	84	9	87	2.00e-08	39.7
bflTTN_Aig31_193	TTNZ3_195	29.268	82	53	2	14	90	12	93	2.06e-08	39.7
bflTTN_Aig31_193	TTNA156_195	33.333	90	54	3	5	91	8	94	2.93e-08	39.3
bflTTN_Aig31_193	TTNA169_1100	34.328	67	40	2	18	80	22	88	3.17e-08	39.3
bflTTN_Aig31_193	TTNA50_196	29.787	94	63	2	1	91	2	95	4.38e-08	38.9
bflTTN_Aig31_193	TTNI16_194	28.395	81	53	1	15	90	12	92	5.94e-08	38.5
bflTTN_Aig31_193	TTNA165_196	30.882	68	43	2	17	80	17	84	1.03e-07	37.7
bflTTN_Aig31_193	TTNM4_193	24.706	85	61	1	11	92	9	93	2.37e-07	37.0
bflTTN_Aig31_193	TTNM5_194	27.027	74	51	2	11	81	9	82	2.49e-07	37.0
bflTTN_Aig31_193	TTNM10_195	28.049	82	54	2	14	90	12	93	2.50e-07	37.0
bflTTN_Aig31_193	TTNA8_195	26.882	93	66	2	1	91	2	94	2.56e-07	37.0
bflTTN_Aig31_193	TTNI51_193	25.926	81	55	2	14	90	12	91	2.75e-07	36.6
bflTTN_Aig31_193	TTNI14_192	28.767	73	49	1	14	83	12	84	7.23e-07	35.4
bflTTN_Aig31_193	TTNA123_196	27.500	80	55	2	15	91	16	95	1.47e-06	35.0
bflTTN_Aig31_193	TTNI48_194	25.610	82	58	1	12	90	11	92	2.62e-06	34.3
bflTTN_Aig31_193	TTNA11_1103	27.059	85	53	2	15	90	17	101	2.90e-06	34.3
bflTTN_Aig31_193	TTNI65_193	28.947	76	48	3	18	88	16	90	3.22e-06	33.9
bflTTN_Aig31_193	TTNI74_193	23.457	81	59	2	14	91	12	92	4.02e-06	33.5
bflTTN_Aig31_193	TTNZ6_195	20.652	92	65	2	3	90	4	91	4.41e-06	33.5
bflTTN_Aig31_193	TTNI61_193	24.691	81	58	1	13	90	11	91	6.18e-06	33.1
bflTTN_Aig31_193	TTNI106_194	27.586	87	60	1	9	92	8	94	7.19e-06	33.1
bflTTN_Aig31_193	TTNI39_193	21.250	80	60	2	15	91	13	92	7.70e-06	32.7
bflTTN_Aig31_193	TTNI55_193	23.684	76	55	1	18	90	16	91	1.03e-05	32.7
bflTTN_Aig31_193	TTNI54_193	21.951	82	61	2	13	91	11	92	1.54e-05	32.0
bflTTN_Aig31_193	TTNI75_193	24.051	79	57	1	15	90	13	91	1.94e-05	32.0
bflTTN_Aig31_193	TTNM9_196	27.381	84	58	1	11	91	9	92	2.62e-05	31.6
bflTTN_Aig31_193	TTNI49_193	22.222	81	59	3	13	90	12	91	2.88e-05	31.6
bflTTN_Aig31_193	TTNI30_194	27.778	72	47	2	18	85	17	87	3.04e-05	31.2
bflTTN_Aig31_193	TTNI25_195	28.205	78	52	2	18	91	16	93	3.76e-05	31.2
bflTTN_Aig31_193	TTNI59_193	25.926	81	45	3	18	89	16	90	3.85e-05	31.2
bflTTN_Aig31_193	TTNZ2_194	19.481	77	59	1	11	84	9	85	7.76e-05	30.4
bflTTN_Aig31_193	TTNI45_193	21.591	88	64	2	8	91	6	92	8.16e-05	30.0
bflTTN_Aig31_193	TTNI33_193	23.457	81	57	2	15	91	13	92	2.23e-04	28.9
bflTTN_Aig31_193	TTNI78_194	30.189	53	34	1	35	84	34	86	2.95e-04	28.9
bflTTN_Aig31_193	TTNZ4_195	22.368	76	54	2	13	83	11	86	4.37e-04	28.1
bflTTN_Aig31_193	TTNA164_192	26.761	71	49	2	14	81	11	81	4.54e-04	28.1
bflTTN_Aig31_193	TTNI43_193	20.000	85	64	2	7	88	6	89	4.93e-04	28.1
bflTTN_Aig31_193	TTNZ7_195	26.882	93	61	4	5	90	2	94	6.87e-04	27.7
bflTTN_Aig31_193	TTNZ5_193	25.316	79	53	3	11	84	9	86	8.69e-04	27.3
bflTTN_Aig31_193	TTNI69_193	22.535	71	50	2	18	84	16	85	0.001	27.3
bflTTN_Aig31_193	TTNA18_199	24.211	95	62	2	8	92	5	99	0.001	26.9
bflTTN_Aig31_193	TTNI67_193	28.571	56	33	2	34	84	32	85	0.001	26.9
bflTTN_Aig31_193	TTNI1_194	22.727	88	55	3	6	91	2	78	0.001	26.9
bflTTN_Aig31_193	TTNI17_194	21.951	82	61	2	14	92	12	93	0.002	26.6
bflTTN_Aig31_193	TTNM3_193	21.519	79	58	1	16	90	13	91	0.004	25.8
bflTTN_Aig31_193	TTNA4_1121	35.484	31	20	0	12	42	9	39	0.004	25.8
bflTTN_Aig31_193	TTNI60_194	26.250	80	51	3	18	91	16	93	0.005	25.4
bflTTN_Aig31_193	TTNI29_193	26.136	88	52	3	15	90	5	91	0.007	25.0
bflTTN_Aig31_193	TTNI12_187	30.435	46	27	3	31	71	26	71	0.008	24.6
bflTTN_Aig31_193	TTNI50_194	28.000	75	46	3	12	80	10	82	0.008	24.6
bflTTN_Aig31_193	TTNZ1_195	23.729	59	40	2	31	84	28	86	0.009	24.6
bflTTN_Aig31_193	TTNI37_193	26.667	60	37	3	31	85	29	86	0.011	24.3
bflTTN_Aig31_193	TTNI44_193	25.424	59	41	1	29	84	27	85	0.014	24.3
bflTTN_Aig31_193	TTNI73_193	26.667	60	41	2	28	84	26	85	0.016	23.9
bflTTN_Aig31_193	TTNI24_192	21.519	79	59	1	15	90	12	90	0.017	23.9
bflTTN_Aig31_193	TTNI40_193	24.359	78	55	2	10	84	9	85	0.018	23.9
bflTTN_Aig31_193	TTNM7_192	18.947	95	69	3	1	90	1	92	0.022	23.5
bflTTN_Aig31_193	TTNI68_194	19.178	73	51	2	12	84	11	75	0.044	22.7
bflTTN_Aig31_193	TTNI71_193	21.250	80	58	2	15	90	13	91	0.054	22.7
bflTTN_Aig31_193	TTNI70_194	21.795	78	57	2	18	91	16	93	0.057	22.3
bflTTN_Aig31_193	TTNI53_193	37.500	16	10	0	69	84	70	85	0.16	21.2
bflTTN_Aig31_193	TTNI57_193	20.779	77	58	1	17	90	15	91	0.21	20.8
bflTTN_Aig31_193	TTNI47_193	20.588	68	47	2	28	90	26	91	0.24	20.8
bflTTN_Aig31_193	TTNI34_193	19.048	63	48	2	22	81	20	82	0.43	20.0
bflTTN_Aig31_193	TTNI32_193	17.143	70	55	1	17	83	15	84	0.46	20.0
bflTTN_Aig31_193	TTNZ9_193	20.732	82	57	4	2	80	3	79	0.56	19.6
bflTTN_Aig31_193	TTNI79_193	24.138	87	50	3	1	83	10	84	0.68	19.6
bflTTN_Aig31_193	TTNA168_194	15.000	60	46	1	29	83	26	85	1.6	18.5
bflTTN_Aig31_193	TTNI89_188	28.125	32	22	1	13	44	11	41	1.6	18.5
bflTTN_Aig31_193	TTNI84_196	31.373	51	23	3	36	84	37	77	2.8	17.7
bflTTN_Aig31_193	TTNM6_194	27.778	18	13	0	34	51	32	49	4.6	16.9
bflTTN_Aig31_193	TTNI5_188	26.531	49	30	2	33	75	28	76	9.9	16.2
bflTTN_Aig32_197	TTNA57_195	35.484	93	60	0	4	96	3	95	3.95e-18	64.7
bflTTN_Aig32_197	TTNA90_192	35.065	77	50	0	19	95	15	91	5.37e-14	54.3
bflTTN_Aig32_197	TTNA1_193	30.851	94	62	2	3	96	3	93	6.68e-14	53.9
bflTTN_Aig32_197	TTNA98_194	27.174	92	65	1	4	95	4	93	1.29e-13	53.1
bflTTN_Aig32_197	TTNA94_195	29.762	84	59	0	12	95	11	94	2.02e-13	52.8
bflTTN_Aig32_197	TTNA68_195	31.325	83	57	0	3	85	2	84	5.33e-13	51.6
bflTTN_Aig32_197	TTNA83_196	27.368	95	69	0	1	95	1	95	6.13e-13	51.6
bflTTN_Aig32_197	TTNA105_197	32.941	85	56	1	12	95	12	96	1.90e-12	50.4
bflTTN_Aig32_197	TTNA138_196	35.714	84	52	2	12	94	12	94	4.55e-12	49.3
bflTTN_Aig32_197	TTNA79_193	32.468	77	52	0	19	95	16	92	4.96e-12	49.3
bflTTN_Aig32_197	TTNA149_197	27.083	96	69	1	1	95	1	96	6.42e-12	48.9
bflTTN_Aig32_197	TTNA112_192	33.750	80	53	0	16	95	12	91	7.71e-12	48.5
bflTTN_Aig32_197	TTNA65_194	27.957	93	65	1	3	95	3	93	9.88e-12	48.5
bflTTN_Aig32_197	TTNA109_194	28.421	95	66	1	1	95	1	93	1.39e-11	48.1
bflTTN_Aig32_197	TTNA145_195	32.609	92	62	0	5	96	4	95	2.14e-11	47.4
bflTTN_Aig32_197	TTNA101_192	31.250	80	55	0	16	95	12	91	2.87e-11	47.0
bflTTN_Aig32_197	TTNA50_196	27.368	95	69	0	1	95	1	95	3.02e-11	47.4
bflTTN_Aig32_197	TTNA87_194	27.957	93	65	1	3	95	3	93	3.75e-11	47.0
bflTTN_Aig32_197	TTNA25_194	33.333	84	56	0	12	95	10	93	3.91e-11	47.0
bflTTN_Aig32_197	TTNA142_194	27.174	92	65	1	4	95	4	93	4.00e-11	47.0
bflTTN_Aig32_197	TTNA156_195	29.032	93	66	0	3	95	2	94	4.55e-11	46.6
bflTTN_Aig32_197	TTNA54_196	32.632	95	64	0	1	95	1	95	6.69e-11	46.2
bflTTN_Aig32_197	TTNA72_196	30.952	84	58	0	12	95	12	95	1.05e-10	45.8
bflTTN_Aig32_197	TTNA134_195	29.474	95	65	2	3	96	2	95	1.43e-10	45.4
bflTTN_Aig32_197	TTNA120_193	28.261	92	64	1	5	96	4	93	1.67e-10	45.1
bflTTN_Aig32_197	TTNI32_193	36.364	77	49	0	12	88	9	85	8.70e-10	43.5
bflTTN_Aig32_197	TTNM10_195	30.769	91	60	2	6	94	4	93	1.17e-09	43.1
bflTTN_Aig32_197	TTNI106_194	29.032	93	60	1	10	96	2	94	1.29e-09	42.7
bflTTN_Aig32_197	TTNA43_195	27.368	95	68	1	1	95	1	94	1.34e-09	42.7
bflTTN_Aig32_197	TTNA116_196	27.381	84	61	0	12	95	12	95	1.68e-09	42.7
bflTTN_Aig32_197	TTNA153_193	30.000	80	52	2	16	94	15	91	2.18e-09	42.4
bflTTN_Aig32_197	TTNA160_193	25.806	93	65	2	5	96	4	93	3.04e-09	42.0
bflTTN_Aig32_197	TTNA131_197	26.882	93	67	1	4	95	4	96	3.46e-09	42.0
bflTTN_Aig32_197	TTNA29_194	30.526	95	64	1	1	95	1	93	3.63e-09	41.6
bflTTN_Aig32_197	TTNA76_194	27.083	96	66	2	1	95	1	93	4.18e-09	41.6
bflTTN_Aig32_197	TTNA127_195	21.739	92	72	0	4	95	3	94	4.64e-09	41.6
bflTTN_Aig32_197	TTNA123_196	25.263	95	71	0	1	95	1	95	7.23e-09	41.2
bflTTN_Aig32_197	TTNI107_196	25.610	82	61	0	14	95	14	95	1.01e-08	40.8
bflTTN_Aig32_197	TTNZ3_195	29.851	67	47	0	18	84	15	81	1.10e-08	40.4
bflTTN_Aig32_197	TTNI55_193	30.263	76	53	0	19	94	16	91	1.43e-08	40.0
bflTTN_Aig32_197	TTNM5_194	29.870	77	54	0	14	90	11	87	1.62e-08	40.0
bflTTN_Aig32_197	TTNZ2_194	23.810	84	64	0	14	97	11	94	3.74e-08	39.3
bflTTN_Aig32_197	TTNA15_1104	25.000	100	65	3	4	95	5	102	4.11e-08	39.3
bflTTN_Aig32_197	TTNA32_196	24.211	95	72	0	1	95	1	95	5.01e-08	38.9
bflTTN_Aig32_197	TTNA39_196	31.034	87	58	1	11	95	9	95	9.76e-08	38.1
bflTTN_Aig32_197	TTNA18_199	25.962	104	64	3	1	96	1	99	2.20e-07	37.4
bflTTN_Aig32_197	TTNM4_193	28.205	78	56	0	19	96	16	93	2.61e-07	37.0
bflTTN_Aig32_197	TTNI105_190	30.588	85	50	3	14	95	11	89	3.52e-07	36.6
bflTTN_Aig32_197	TTNA169_1100	26.923	78	56	1	18	94	21	98	4.48e-07	36.6
bflTTN_Aig32_197	TTNA165_196	26.866	67	48	1	19	84	18	84	6.20e-07	35.8
bflTTN_Aig32_197	TTNM9_196	26.250	80	59	0	16	95	13	92	7.73e-07	35.8
bflTTN_Aig32_197	TTNA46_192	21.951	82	64	0	14	95	10	91	1.24e-06	35.0
bflTTN_Aig32_197	TTNI70_194	26.923	78	56	1	19	95	16	93	1.58e-06	35.0
bflTTN_Aig32_197	TTNA8_195	28.378	74	50	2	24	95	22	94	1.77e-06	34.7
bflTTN_Aig32_197	TTNA22_194	22.826	92	69	1	4	95	4	93	1.77e-06	34.7
bflTTN_Aig32_197	TTNA36_196	25.000	84	63	0	1	84	1	84	2.54e-06	34.3
bflTTN_Aig32_197	TTNA61_197	27.907	86	59	3	12	95	12	96	3.42e-06	33.9
bflTTN_Aig32_197	TTNI75_193	28.571	70	50	0	19	88	16	85	3.64e-06	33.9
bflTTN_Aig32_197	TTNI33_193	25.882	85	63	0	11	95	8	92	4.74e-06	33.5
bflTTN_Aig32_197	TTNA11_1103	26.374	91	60	3	1	84	1	91	5.48e-06	33.5
bflTTN_Aig32_197	TTNI51_193	27.143	70	51	0	19	88	16	85	5.48e-06	33.5
bflTTN_Aig32_197	TTNZ9_193	27.500	80	56	2	5	84	2	79	6.03e-06	33.5
bflTTN_Aig32_197	TTNI42_194	26.190	84	62	0	11	94	9	92	9.59e-06	32.7
bflTTN_Aig32_197	TTNI58_194	21.250	80	63	0	15	94	13	92	1.03e-05	32.7
bflTTN_Aig32_197	TTNI80_194	28.421	95	57	2	1	94	8	92	1.09e-05	32.7
bflTTN_Aig32_197	TTNI43_193	27.536	69	50	0	20	88	17	85	1.79e-05	32.0
bflTTN_Aig32_197	TTNI73_193	28.814	59	42	0	30	88	27	85	2.00e-05	32.0
bflTTN_Aig32_197	TTNZ6_195	28.378	74	52	1	18	90	14	87	3.09e-05	31.6
bflTTN_Aig32_197	TTNZ6_195	50.000	12	6	0	86	97	16	27	6.5	16.9
bflTTN_Aig32_197	TTNM1_192	26.667	75	54	1	22	96	19	92	3.13e-05	31.6
bflTTN_Aig32_197	TTNI74_193	25.610	82	57	3	16	95	13	92	3.24e-05	31.2
bflTTN_Aig32_197	TTNI39_193	26.316	95	67	1	1	95	1	92	6.10e-05	30.8
bflTTN_Aig32_197	TTNI64_193	24.675	77	58	0	19	95	16	92	6.49e-05	30.4
bflTTN_Aig32_197	TTNI57_193	28.571	91	62	2	4	94	4	91	9.83e-05	30.0
bflTTN_Aig32_197	TTNI72_193	21.053	76	60	0	19	94	16	91	1.02e-04	30.0
bflTTN_Aig32_197	TTNZ7_195	23.457	81	60	1	16	94	12	92	1.11e-04	30.0
bflTTN_Aig32_197	TTNI67_193	26.596	94	66	1	1	94	1	91	1.33e-04	29.6
bflTTN_Aig32_197	TTNI76_193	22.414	58	45	0	35	92	32	89	1.35e-04	29.6
bflTTN_Aig32_197	TTNZ1_195	23.596	89	54	2	14	94	10	92	1.67e-04	29.6
bflTTN_Aig32_197	TTNM2_195	27.273	66	45	1	32	94	28	93	2.12e-04	29.3
bflTTN_Aig32_197	TTNI44_193	27.273	55	40	0	30	84	27	81	2.16e-04	29.3
bflTTN_Aig32_197	TTNI17_194	27.869	61	44	0	36	96	33	93	2.18e-04	29.3
bflTTN_Aig32_197	TTNI65_193	24.242	66	50	0	19	84	16	81	2.60e-04	28.9
bflTTN_Aig32_197	TTNI59_193	26.316	76	56	0	18	93	15	90	4.17e-04	28.5
bflTTN_Aig32_197	TTNI54_193	28.571	70	46	3	19	86	16	83	4.71e-04	28.1
bflTTN_Aig32_197	TTNZ4_195	30.769	78	46	3	16	88	13	87	5.57e-04	28.1
bflTTN_Aig32_197	TTNI78_194	29.730	74	52	0	11	84	9	82	6.04e-04	28.1
bflTTN_Aig32_197	TTNI79_193	24.324	74	56	0	14	87	11	84	7.55e-04	27.7
bflTTN_Aig32_197	TTNI69_193	23.944	71	54	0	18	88	15	85	7.71e-04	27.7
bflTTN_Aig32_197	TTNA164_192	25.000	56	42	0	30	85	26	81	7.94e-04	27.7
bflTTN_Aig32_197	TTNI25_195	25.373	67	49	1	30	95	27	93	7.97e-04	27.7
bflTTN_Aig32_197	TTNI1_194	25.000	72	53	1	18	88	15	86	8.55e-04	27.7
bflTTN_Aig32_197	TTNI66_193	22.642	53	41	0	36	88	33	85	8.63e-04	27.7
bflTTN_Aig32_197	TTNM3_193	25.301	83	53	3	17	94	13	91	0.001	27.3
bflTTN_Aig32_197	TTNI56_193	21.053	57	45	0	36	92	33	89	0.001	27.3
bflTTN_Aig32_197	TTNI77_193	25.424	59	44	0	36	94	33	91	0.001	27.3
bflTTN_Aig32_197	TTNA168_194	29.825	57	38	2	30	84	26	82	0.001	26.9
bflTTN_Aig32_197	TTNI85_192	33.333	54	35	1	36	88	32	85	0.001	26.9
bflTTN_Aig32_197	TTNI61_193	27.273	77	54	2	19	94	16	91	0.002	26.9
bflTTN_Aig32_197	TTNI63_193	26.374	91	58	3	1	88	1	85	0.002	26.9
bflTTN_Aig32_197	TTNI37_193	28.571	70	49	1	15	84	13	81	0.002	26.9
bflTTN_Aig32_197	TTNI30_194	21.918	73	57	0	19	91	17	89	0.003	26.2
bflTTN_Aig32_197	TTNI48_194	21.622	74	58	0	15	88	13	86	0.003	26.2
bflTTN_Aig32_197	TTNI94_187	30.000	60	41	1	18	77	15	73	0.003	26.2
bflTTN_Aig32_197	TTNI53_193	26.667	60	44	0	29	88	26	85	0.003	26.2
bflTTN_Aig32_197	TTNI81_190	24.490	49	37	0	30	78	28	76	0.004	25.8
bflTTN_Aig32_197	TTNI71_193	22.368	76	59	0	19	94	16	91	0.004	25.8
bflTTN_Aig32_197	TTNI68_194	26.923	52	38	0	30	81	28	79	0.004	25.8
bflTTN_Aig32_197	TTNI83_193	29.310	58	38	2	36	90	32	89	0.004	25.4
bflTTN_Aig32_197	TTNI16_194	25.000	60	43	1	30	87	26	85	0.005	25.4
bflTTN_Aig32_197	TTNI60_194	26.027	73	53	1	24	95	21	93	0.005	25.4
bflTTN_Aig32_197	TTNM7_192	27.273	66	46	2	30	94	26	90	0.006	25.4
bflTTN_Aig32_197	TTNI50_194	30.000	50	34	1	36	84	33	82	0.007	25.0
bflTTN_Aig32_197	TTNA4_1121	23.423	111	56	2	14	95	10	120	0.007	25.4
bflTTN_Aig32_197	TTNI31_193	23.529	85	62	1	1	85	1	82	0.010	24.6
bflTTN_Aig32_197	TTNI99_188	33.333	45	30	0	32	76	28	72	0.015	24.3
bflTTN_Aig32_197	TTNI24_192	26.471	68	44	3	30	94	26	90	0.015	24.3
bflTTN_Aig32_197	TTNI35_193	27.941	68	45	2	19	84	16	81	0.018	23.9
bflTTN_Aig32_197	TTNI14_192	23.077	65	50	0	30	94	27	91	0.020	23.9
bflTTN_Aig32_197	TTNI27_194	21.429	56	44	0	29	84	26	81	0.022	23.9
bflTTN_Aig32_197	TTNI96_188	28.846	52	34	1	22	73	21	69	0.023	23.5
bflTTN_Aig32_197	TTNI45_193	25.263	95	68	1	1	95	1	92	0.028	23.5
bflTTN_Aig32_197	TTNI5_188	23.377	77	58	1	3	79	1	76	0.029	23.5
bflTTN_Aig32_197	TTNI36_194	22.857	70	54	0	15	84	13	82	0.032	23.1
bflTTN_Aig32_197	TTNM6_194	24.138	58	43	1	36	92	33	90	0.038	23.1
bflTTN_Aig32_197	TTNI82_188	23.438	64	48	1	14	77	11	73	0.041	22.7
bflTTN_Aig32_197	TTNI49_193	23.077	65	50	0	24	88	21	85	0.043	22.7
bflTTN_Aig32_197	TTNI40_193	23.077	52	40	0	35	86	32	83	0.044	22.7
bflTTN_Aig32_197	TTNI15_191	26.000	50	37	0	36	85	32	81	0.058	22.3
bflTTN_Aig32_197	TTNI12_187	29.787	47	33	0	32	78	28	74	0.067	22.3
bflTTN_Aig32_197	TTNZ5_193	34.783	23	15	0	18	40	15	37	0.069	22.3
bflTTN_Aig32_197	TTNI8_188	22.581	62	48	0	14	75	11	72	0.16	21.2
bflTTN_Aig32_197	TTNI29_193	38.889	18	11	0	71	88	68	85	0.20	21.2
bflTTN_Aig32_197	TTNI10_187	26.562	64	38	4	21	81	20	77	0.37	20.4
bflTTN_Aig32_197	TTNI38_193	27.451	51	37	0	36	86	33	83	0.64	19.6
bflTTN_Aig32_197	TTNI3_187	24.390	82	52	2	13	87	2	80	0.77	19.2
bflTTN_Aig32_197	TTNI88_187	26.415	53	36	1	36	88	31	80	0.78	19.2
bflTTN_Aig32_197	TTNI9_187	38.095	21	13	0	59	79	55	75	0.90	19.2
bflTTN_Aig32_197	TTNI97_188	26.190	42	31	0	36	77	32	73	0.95	19.2
bflTTN_Aig32_197	TTNI41_193	30.000	30	21	0	60	89	57	86	0.97	19.2
bflTTN_Aig32_197	TTNI86_190	55.556	9	4	0	33	41	29	37	1.2	18.9
bflTTN_Aig32_197	TTNI84_196	28.571	49	34	1	32	79	31	79	1.3	18.9
bflTTN_Aig32_197	TTNI98_188	22.917	48	37	0	32	79	28	75	1.4	18.5
bflTTN_Aig32_197	TTNI101_193	18.310	71	57	1	16	86	13	82	1.6	18.5
bflTTN_Aig32_197	TTNI46_193	50.000	14	7	0	71	84	68	81	2.2	18.1
bflTTN_Aig32_197	TTNI47_193	20.339	59	47	0	30	88	27	85	5.1	16.9
bflTTN_Aig32_197	TTNI100_188	20.968	62	46	1	18	79	17	75	7.7	16.5
bflTTN_Aig32_197	TTNI11_187	25.373	67	43	2	22	88	21	80	8.2	16.5
bflTTN_Aig32_197	TTNM8_193	35.000	20	13	0	11	30	9	28	8.4	16.5
bflTTN_Aig33_197	TTNA32_196	33.684	95	62	1	2	95	1	95	1.31e-14	55.8
bflTTN_Aig33_197	TTNA149_197	30.303	99	61	2	2	95	1	96	1.81e-14	55.5
bflTTN_Aig33_197	TTNA105_197	30.526	95	64	2	3	95	2	96	3.18e-14	54.7
bflTTN_Aig33_197	TTNM5_194	31.707	82	56	0	13	94	10	91	3.65e-14	54.7
bflTTN_Aig33_197	TTNA94_195	33.735	83	54	1	3	84	1	83	3.65e-14	54.7
bflTTN_Aig33_197	TTNA68_195	34.615	78	51	0	17	94	16	93	3.65e-14	54.7
bflTTN_Aig33_197	TTNZ1_195	31.868	91	60	1	6	94	2	92	3.94e-14	54.7
bflTTN_Aig33_197	TTNA83_196	29.474	95	66	1	2	95	1	95	6.15e-14	54.3
bflTTN_Aig33_197	TTNA116_196	30.952	84	57	1	2	84	1	84	7.55e-14	53.9
bflTTN_Aig33_197	TTNA46_192	29.787	94	63	1	2	95	1	91	1.20e-13	53.1
bflTTN_Aig33_197	TTNZ9_193	32.099	81	54	1	14	94	10	89	1.29e-13	53.1
bflTTN_Aig33_197	TTNI51_193	32.927	82	54	1	3	84	1	81	1.69e-13	52.8
bflTTN_Aig33_197	TTNM10_195	27.368	95	65	2	2	94	1	93	2.04e-13	52.8
bflTTN_Aig33_197	TTNA57_195	32.051	78	53	0	17	94	16	93	2.56e-13	52.4
bflTTN_Aig33_197	TTNI14_192	29.630	81	57	0	14	94	11	91	3.68e-13	52.0
bflTTN_Aig33_197	TTNA50_196	29.474	95	66	1	2	95	1	95	4.84e-13	52.0
bflTTN_Aig33_197	TTNA36_196	30.526	95	65	1	2	95	1	95	7.29e-13	51.2
bflTTN_Aig33_197	TTNA131_197	28.750	80	55	1	11	90	11	88	8.66e-13	51.2
bflTTN_Aig33_197	TTNA61_197	30.526	95	64	2	3	95	2	96	9.04e-13	51.2
bflTTN_Aig33_197	TTNI53_193	33.333	96	60	2	2	97	1	92	1.55e-12	50.4
bflTTN_Aig33_197	TTNI107_196	30.952	84	58	0	12	95	12	95	1.62e-12	50.4
bflTTN_Aig33_197	TTNI16_194	31.034	87	56	2	6	90	2	86	1.67e-12	50.4
bflTTN_Aig33_197	TTNA25_194	31.915	94	61	2	2	94	1	92	2.26e-12	50.1
bflTTN_Aig33_197	TTNI64_193	27.848	79	57	0	6	84	3	81	3.83e-12	49.3
bflTTN_Aig33_197	TTNZ6_195	34.615	78	50	1	18	94	14	91	6.78e-12	48.9
bflTTN_Aig33_197	TTNA156_195	27.660	94	67	1	3	95	1	94	9.67e-12	48.5
bflTTN_Aig33_197	TTNI63_193	28.125	96	65	2	2	97	1	92	1.55e-11	47.8
bflTTN_Aig33_197	TTNI80_194	34.940	83	53	1	13	94	10	92	1.79e-11	47.8
bflTTN_Aig33_197	TTNM9_196	29.630	81	57	0	15	95	12	92	2.07e-11	47.8
bflTTN_Aig33_197	TTNA164_192	26.250	80	59	0	13	92	9	88	2.17e-11	47.4
bflTTN_Aig33_197	TTNA109_194	28.421	95	65	2	2	95	1	93	2.29e-11	47.4
bflTTN_Aig33_197	TTNA39_196	30.952	84	56	1	14	95	12	95	2.52e-11	47.4
bflTTN_Aig33_197	TTNA15_1104	29.412	102	63	3	3	95	1	102	4.75e-11	47.0
bflTTN_Aig33_197	TTNI39_193	25.532	94	68	1	2	95	1	92	5.29e-11	46.6
bflTTN_Aig33_197	TTNZ3_195	27.957	93	65	1	2	94	1	91	6.55e-11	46.2
bflTTN_Aig33_197	TTNI99_188	36.986	73	45	1	7	79	4	75	6.79e-11	46.2
bflTTN_Aig33_197	TTNA138_196	28.723	94	66	1	2	94	1	94	9.43e-11	45.8
bflTTN_Aig33_197	TTNA4_1121	25.439	114	56	3	11	95	7	120	1.04e-10	46.2
bflTTN_Aig33_197	TTNM7_192	25.882	85	63	0	10	94	6	90	1.06e-10	45.8
bflTTN_Aig33_197	TTNI74_193	26.966	89	63	1	7	95	4	90	1.39e-10	45.4
bflTTN_Aig33_197	TTNA153_193	27.059	85	60	1	11	95	10	92	2.14e-10	45.1
bflTTN_Aig33_197	TTNA123_196	27.368	95	68	1	2	95	1	95	2.34e-10	45.1
bflTTN_Aig33_197	TTNA98_194	30.588	85	57	1	11	95	11	93	3.81e-10	44.3
bflTTN_Aig33_197	TTNA22_194	36.620	71	43	1	14	84	14	82	3.85e-10	44.3
bflTTN_Aig33_197	TTNA1_193	27.957	93	65	1	3	95	2	92	3.89e-10	44.3
bflTTN_Aig33_197	TTNI24_192	29.487	78	55	0	7	84	3	80	5.10e-10	43.9
bflTTN_Aig33_197	TTNA127_195	25.610	82	61	0	14	95	13	94	8.95e-10	43.5
bflTTN_Aig33_197	TTNI73_193	28.125	96	65	2	2	97	1	92	1.03e-09	43.1
bflTTN_Aig33_197	TTNA101_192	26.250	80	59	0	16	95	12	91	1.25e-09	42.7
bflTTN_Aig33_197	TTNA101_192	45.455	11	6	0	14	24	58	68	8.4	16.5
bflTTN_Aig33_197	TTNI36_194	25.610	82	61	0	3	84	1	82	1.32e-09	42.7
bflTTN_Aig33_197	TTNA142_194	30.435	69	46	1	16	84	16	82	1.44e-09	42.7
bflTTN_Aig33_197	TTNA29_194	28.421	95	65	2	2	95	1	93	1.47e-09	42.7
bflTTN_Aig33_197	TTNA90_192	27.273	77	56	0	16	92	12	88	1.71e-09	42.7
bflTTN_Aig33_197	TTNA160_193	27.273	88	62	1	8	95	7	92	1.74e-09	42.7
bflTTN_Aig33_197	TTNZ4_195	33.766	77	49	1	18	92	15	91	1.75e-09	42.7
bflTTN_Aig33_197	TTNI58_194	28.378	74	51	1	17	90	15	86	1.94e-09	42.4
bflTTN_Aig33_197	TTNI32_193	31.325	83	55	1	2	84	1	81	2.53e-09	42.0
bflTTN_Aig33_197	TTNA72_196	26.437	87	64	0	9	95	9	95	2.86e-09	42.0
bflTTN_Aig33_197	TTNA79_193	33.333	57	38	0	30	86	27	83	3.04e-09	42.0
bflTTN_Aig33_197	TTNI54_193	24.051	79	60	0	6	84	3	81	4.37e-09	41.6
bflTTN_Aig33_197	TTNI59_193	25.000	92	67	1	2	93	1	90	5.02e-09	41.2
bflTTN_Aig33_197	TTNI82_188	28.571	84	59	1	6	89	3	85	5.07e-09	41.2
bflTTN_Aig33_197	TTNI71_193	26.829	82	60	0	13	94	10	91	6.21e-09	41.2
bflTTN_Aig33_197	TTNI79_193	24.731	93	68	1	2	94	1	91	6.76e-09	41.2
bflTTN_Aig33_197	TTNI67_193	23.864	88	67	0	7	94	4	91	6.76e-09	41.2
bflTTN_Aig33_197	TTNA8_195	28.421	95	66	2	2	95	1	94	1.08e-08	40.4
bflTTN_Aig33_197	TTNA65_194	28.986	69	47	1	16	84	16	82	1.15e-08	40.4
bflTTN_Aig33_197	TTNI76_193	27.473	91	64	1	2	92	1	89	1.22e-08	40.4
bflTTN_Aig33_197	TTNI45_193	24.731	93	69	1	3	95	1	92	1.76e-08	40.0
bflTTN_Aig33_197	TTNI49_193	28.358	67	48	0	28	94	25	91	1.82e-08	40.0
bflTTN_Aig33_197	TTNA169_1100	25.287	87	64	1	9	94	12	98	2.81e-08	39.7
bflTTN_Aig33_197	TTNA18_199	26.471	102	63	3	2	95	1	98	2.88e-08	39.7
bflTTN_Aig33_197	TTNI37_193	29.487	78	55	0	7	84	4	81	3.27e-08	39.3
bflTTN_Aig33_197	TTNZ7_195	25.000	84	61	1	13	94	9	92	4.52e-08	38.9
bflTTN_Aig33_197	TTNI55_193	26.316	76	56	0	19	94	16	91	4.90e-08	38.9
bflTTN_Aig33_197	TTNI75_193	27.957	93	65	1	2	94	1	91	5.22e-08	38.9
bflTTN_Aig33_197	TTNI77_193	23.656	93	69	1	2	94	1	91	5.33e-08	38.9
bflTTN_Aig33_197	TTNI66_193	25.275	91	66	1	2	92	1	89	5.45e-08	38.5
bflTTN_Aig33_197	TTNM4_193	28.947	76	54	0	19	94	16	91	6.25e-08	38.5
bflTTN_Aig33_197	TTNI17_194	27.778	72	52	0	13	84	10	81	1.20e-07	37.7
bflTTN_Aig33_197	TTNI57_193	23.864	88	67	0	7	94	4	91	1.21e-07	37.7
bflTTN_Aig33_197	TTNA43_195	27.059	85	58	3	2	84	1	83	1.35e-07	37.7
bflTTN_Aig33_197	TTNI43_193	30.588	85	53	3	2	84	1	81	1.49e-07	37.4
bflTTN_Aig33_197	TTNA168_194	26.667	90	64	2	7	94	3	92	1.99e-07	37.4
bflTTN_Aig33_197	TTNM3_193	27.778	90	62	2	7	94	3	91	2.01e-07	37.4
bflTTN_Aig33_197	TTNM3_193	62.500	8	3	0	2	9	29	36	9.3	16.2
bflTTN_Aig33_197	TTNI42_194	22.785	79	61	0	16	94	14	92	2.50e-07	37.0
bflTTN_Aig33_197	TTNA11_1103	23.301	103	69	3	2	95	1	102	2.86e-07	37.0
bflTTN_Aig33_197	TTNA120_193	26.761	71	50	1	11	81	10	78	3.55e-07	36.6
bflTTN_Aig33_197	TTNI83_193	30.137	73	50	1	5	77	2	73	3.55e-07	36.6
bflTTN_Aig33_197	TTNI61_193	27.848	79	55	1	16	94	13	89	3.99e-07	36.6
bflTTN_Aig33_197	TTNI31_193	25.301	83	60	1	2	84	1	81	4.30e-07	36.2
bflTTN_Aig33_197	TTNA87_194	24.390	82	60	1	14	95	14	93	5.28e-07	36.2
bflTTN_Aig33_197	TTNA76_194	25.263	95	68	2	2	95	1	93	5.40e-07	36.2
bflTTN_Aig33_197	TTNI100_188	26.506	83	56	2	13	95	10	87	5.47e-07	35.8
bflTTN_Aig33_197	TTNI69_193	26.506	83	59	1	2	84	1	81	5.48e-07	36.2
bflTTN_Aig33_197	TTNI72_193	25.806	93	67	1	2	94	1	91	5.90e-07	35.8
bflTTN_Aig33_197	TTNI33_193	21.951	82	64	0	14	95	11	92	6.15e-07	35.8
bflTTN_Aig33_197	TTNM2_195	26.582	79	55	1	19	94	15	93	6.63e-07	35.8
bflTTN_Aig33_197	TTNZ5_193	26.667	90	65	1	6	94	3	92	6.98e-07	35.8
bflTTN_Aig33_197	TTNI103_188	31.818	66	44	1	16	81	13	77	7.06e-07	35.8
bflTTN_Aig33_197	TTNI65_193	27.273	66	48	0	19	84	16	81	8.90e-07	35.4
bflTTN_Aig33_197	TTNM1_192	26.667	60	44	0	35	94	31	90	1.47e-06	35.0
bflTTN_Aig33_197	TTNI78_194	27.059	85	61	1	2	86	1	84	1.55e-06	35.0
bflTTN_Aig33_197	TTNA145_195	27.778	72	52	0	14	85	13	84	2.25e-06	34.7
bflTTN_Aig33_197	TTNI25_195	24.211	95	67	3	2	95	1	91	2.66e-06	34.3
bflTTN_Aig33_197	TTNI106_194	25.316	79	59	0	3	81	1	79	2.73e-06	34.3
bflTTN_Aig33_197	TTNI30_194	24.242	66	50	0	19	84	17	82	2.79e-06	34.3
bflTTN_Aig33_197	TTNI12_187	31.507	73	49	1	5	77	2	73	2.80e-06	34.3
bflTTN_Aig33_197	TTNI56_193	24.176	91	67	1	2	92	1	89	2.89e-06	34.3
bflTTN_Aig33_197	TTNI27_194	23.944	71	54	0	14	84	11	81	3.30e-06	33.9
bflTTN_Aig33_197	TTNA112_192	27.273	55	40	0	30	84	26	80	3.44e-06	33.9
bflTTN_Aig33_197	TTNA134_195	22.892	83	58	1	12	94	11	87	3.53e-06	33.9
bflTTN_Aig33_197	TTNA165_196	22.078	77	59	1	19	94	18	94	3.94e-06	33.9
bflTTN_Aig33_197	TTNI44_193	25.000	84	61	1	2	85	1	82	4.84e-06	33.5
bflTTN_Aig33_197	TTNZ2_194	23.656	93	69	1	2	94	1	91	4.96e-06	33.5
bflTTN_Aig33_197	TTNI34_193	23.864	88	67	0	7	94	4	91	6.76e-06	33.1
bflTTN_Aig33_197	TTNI40_193	23.656	93	69	1	2	94	1	91	8.43e-06	33.1
bflTTN_Aig33_197	TTNI97_188	28.571	77	54	1	5	81	2	77	8.66e-06	32.7
bflTTN_Aig33_197	TTNI48_194	21.875	96	72	2	2	97	1	93	1.12e-05	32.7
bflTTN_Aig33_197	TTNI84_196	27.500	80	49	3	19	93	20	95	1.30e-05	32.3
bflTTN_Aig33_197	TTNI6_187	25.373	67	49	1	9	75	6	71	1.53e-05	32.0
bflTTN_Aig33_197	TTNI9_187	28.571	91	60	2	4	94	1	86	1.99e-05	32.0
bflTTN_Aig33_197	TTNI104_188	28.947	76	49	2	19	94	16	86	2.22e-05	31.6
bflTTN_Aig33_197	TTNI2_191	19.753	81	65	0	5	85	2	82	3.35e-05	31.2
bflTTN_Aig33_197	TTNI28_193	22.892	83	62	1	2	84	1	81	3.55e-05	31.2
bflTTN_Aig33_197	TTNI1_194	24.719	89	65	2	7	94	5	92	4.53e-05	31.2
bflTTN_Aig33_197	TTNI68_194	19.697	66	53	0	16	81	14	79	5.35e-05	30.8
bflTTN_Aig33_197	TTNI10_187	26.582	79	57	1	4	82	1	78	7.35e-05	30.4
bflTTN_Aig33_197	TTNA54_196	20.000	85	68	0	11	95	11	95	7.81e-05	30.4
bflTTN_Aig33_197	TTNI38_193	25.806	93	67	1	2	94	1	91	1.18e-04	30.0
bflTTN_Aig33_197	TTNI70_194	23.158	95	70	2	2	95	1	93	1.34e-04	29.6
bflTTN_Aig33_197	TTNI60_194	25.000	96	67	3	2	95	1	93	2.27e-04	29.3
bflTTN_Aig33_197	TTNI60_194	75.000	8	2	0	59	66	87	94	8.7	16.5
bflTTN_Aig33_197	TTNI50_194	23.810	84	63	1	13	95	10	93	2.50e-04	28.9
bflTTN_Aig33_197	TTNI52_193	23.656	93	69	1	2	94	1	91	3.25e-04	28.9
bflTTN_Aig33_197	TTNI98_188	22.892	83	61	2	5	85	2	83	3.99e-04	28.5
bflTTN_Aig33_197	TTNI105_190	26.190	84	57	2	13	95	10	89	4.23e-04	28.5
bflTTN_Aig33_197	TTNI26_191	27.848	79	54	2	17	94	13	89	0.001	27.3
bflTTN_Aig33_197	TTNI41_193	24.638	69	52	0	26	94	23	91	0.001	27.3
bflTTN_Aig33_197	TTNI62_193	28.421	95	62	4	2	94	1	91	0.002	26.9
bflTTN_Aig33_197	TTNI15_191	25.974	77	56	1	18	94	15	90	0.002	26.9
bflTTN_Aig33_197	TTNI101_193	23.188	69	52	1	16	84	13	80	0.002	26.6
bflTTN_Aig33_197	TTNI102_188	26.923	52	38	0	36	87	32	83	0.002	26.6
bflTTN_Aig33_197	TTNI8_188	24.000	75	57	0	5	79	2	76	0.002	26.2
bflTTN_Aig33_197	TTNI47_193	21.687	83	63	1	2	84	1	81	0.003	26.2
bflTTN_Aig33_197	TTNI13_190	30.303	66	45	1	11	75	8	73	0.003	26.2
bflTTN_Aig33_197	TTNI4_189	22.667	75	57	1	5	79	2	75	0.003	26.2
bflTTN_Aig33_197	TTNI89_188	28.947	76	51	2	16	90	13	86	0.003	25.8
bflTTN_Aig33_197	TTNI35_193	22.917	96	70	2	2	97	1	92	0.004	25.8
bflTTN_Aig33_197	TTNI96_188	23.188	69	52	1	13	81	10	77	0.004	25.8
bflTTN_Aig33_197	TTNI85_192	28.070	57	40	1	35	90	31	87	0.004	25.8
bflTTN_Aig33_197	TTNI7_187	29.688	64	44	1	16	79	13	75	0.005	25.4
bflTTN_Aig33_197	TTNI86_190	25.000	68	48	2	15	80	12	78	0.006	25.4
bflTTN_Aig33_197	TTNI81_190	22.667	75	55	2	5	77	2	75	0.006	25.0
bflTTN_Aig33_197	TTNM8_193	19.753	81	63	1	14	94	12	90	0.022	23.9
bflTTN_Aig33_197	TTNI88_187	20.000	45	36	0	36	80	31	75	0.093	21.9
bflTTN_Aig33_197	TTNI3_187	22.222	90	65	2	5	94	2	86	0.11	21.6
bflTTN_Aig33_197	TTNI29_193	22.449	49	38	0	36	84	33	81	0.13	21.6
bflTTN_Aig33_197	TTNI90_187	20.000	40	32	0	36	75	31	70	0.48	20.0
bflTTN_Aig33_197	TTNI94_187	17.241	58	47	1	18	75	15	71	0.76	19.2
bflTTN_Aig34_194	TTNA65_194	49.451	91	46	0	1	91	2	92	5.04e-31	97.4
bflTTN_Aig34_194	TTNA160_193	46.237	93	50	0	1	93	1	93	2.06e-28	90.9
bflTTN_Aig34_194	TTNA109_194	43.956	91	51	0	1	91	2	92	7.31e-27	86.7
bflTTN_Aig34_194	TTNA142_194	40.659	91	54	0	1	91	2	92	1.20e-26	86.3
bflTTN_Aig34_194	TTNA76_194	39.560	91	55	0	1	91	2	92	5.12e-26	84.7
bflTTN_Aig34_194	TTNA87_194	38.462	91	56	0	1	91	2	92	1.61e-25	83.6
bflTTN_Aig34_194	TTNA153_193	41.304	92	54	0	1	92	1	92	2.99e-25	82.8
bflTTN_Aig34_194	TTNA98_194	40.659	91	54	0	1	91	2	92	7.78e-25	81.6
bflTTN_Aig34_194	TTNA54_196	40.860	93	53	1	1	91	2	94	2.98e-23	77.8
bflTTN_Aig34_194	TTNA131_197	37.234	94	56	2	1	91	2	95	3.33e-21	72.4
bflTTN_Aig34_194	TTNA22_194	37.363	91	57	0	1	91	2	92	2.42e-20	70.5
bflTTN_Aig34_194	TTNA120_193	34.066	91	60	0	1	91	1	91	2.60e-20	70.1
bflTTN_Aig34_194	TTNA29_194	38.043	92	57	0	1	92	2	93	3.99e-20	69.7
bflTTN_Aig34_194	TTNA43_195	35.484	93	59	1	1	92	2	94	6.54e-20	69.3
bflTTN_Aig34_194	TTNA32_196	35.484	93	58	1	1	91	2	94	8.86e-19	66.2
bflTTN_Aig34_194	TTNA8_195	36.559	93	58	1	1	92	2	94	9.84e-19	66.2
bflTTN_Aig34_194	TTNA83_196	36.559	93	57	1	1	91	2	94	9.18e-18	63.9
bflTTN_Aig34_194	TTNA116_196	35.106	94	59	1	1	92	2	95	1.94e-17	62.8
bflTTN_Aig34_194	TTNA72_196	34.409	93	59	1	1	91	2	94	4.44e-17	62.0
bflTTN_Aig34_194	TTNA149_197	37.234	94	56	2	1	91	2	95	5.90e-17	61.6
bflTTN_Aig34_194	TTNA57_195	33.333	75	48	1	21	93	21	95	1.45e-16	60.8
bflTTN_Aig34_194	TTNA94_195	32.258	93	61	1	1	91	1	93	2.02e-16	60.5
bflTTN_Aig34_194	TTNA15_1104	30.693	101	60	1	1	91	1	101	1.43e-15	58.5
bflTTN_Aig34_194	TTNA36_196	36.047	86	53	1	1	84	2	87	2.68e-15	57.4
bflTTN_Aig34_194	TTNA50_196	31.579	95	61	2	1	92	2	95	4.56e-15	57.0
bflTTN_Aig34_194	TTNA145_195	34.737	95	60	1	1	93	1	95	4.76e-15	57.0
bflTTN_Aig34_194	TTNA127_195	29.787	94	62	2	1	91	1	93	5.24e-15	56.6
bflTTN_Aig34_194	TTNA112_192	34.409	93	56	2	1	91	1	90	7.96e-15	56.2
bflTTN_Aig34_194	TTNA68_195	33.333	96	58	3	1	92	1	94	1.99e-14	55.1
bflTTN_Aig34_194	TTNA46_192	33.333	69	44	1	15	81	12	80	2.74e-14	54.7
bflTTN_Aig34_194	TTNA1_193	33.333	78	50	1	18	93	16	93	3.06e-14	54.7
bflTTN_Aig34_194	TTNA105_197	32.979	94	60	1	1	91	2	95	4.68e-14	54.3
bflTTN_Aig34_194	TTNA123_196	31.183	93	62	1	1	91	2	94	1.54e-13	53.1
bflTTN_Aig34_194	TTNA90_192	32.500	80	52	1	12	89	9	88	1.26e-12	50.4
bflTTN_Aig34_194	TTNI106_194	34.409	93	56	3	1	89	1	92	1.60e-12	50.4
bflTTN_Aig34_194	TTNI107_196	32.979	94	61	1	1	92	2	95	2.55e-12	49.7
bflTTN_Aig34_194	TTNA61_197	30.851	94	62	2	1	91	2	95	3.16e-12	49.7
bflTTN_Aig34_194	TTNA156_195	25.532	94	68	1	1	92	1	94	4.97e-12	48.9
bflTTN_Aig34_194	TTNI105_190	33.766	77	50	1	15	91	13	88	6.94e-12	48.5
bflTTN_Aig34_194	TTNA138_196	26.882	93	66	1	1	91	2	94	1.15e-11	48.1
bflTTN_Aig34_194	TTNA79_193	31.765	85	56	1	9	91	7	91	1.44e-11	47.8
bflTTN_Aig34_194	TTNA101_192	30.380	79	53	1	15	91	12	90	1.70e-11	47.8
bflTTN_Aig34_194	TTNA39_196	32.099	81	51	1	5	81	4	84	1.79e-11	47.8
bflTTN_Aig34_194	TTNA11_1103	29.703	101	62	2	1	92	2	102	5.54e-11	46.6
bflTTN_Aig34_194	TTNA165_196	26.596	94	66	2	1	91	1	94	1.57e-10	45.1
bflTTN_Aig34_194	TTNA25_194	30.108	93	61	2	1	91	2	92	2.74e-10	44.7
bflTTN_Aig34_194	TTNM5_194	28.916	83	57	1	11	91	9	91	4.17e-10	44.3
bflTTN_Aig34_194	TTNA169_1100	28.235	85	56	2	2	81	4	88	2.18e-09	42.4
bflTTN_Aig34_194	TTNA134_195	25.263	95	69	1	1	93	1	95	3.39e-09	41.6
bflTTN_Aig34_194	TTNI61_193	29.630	81	55	1	13	91	11	91	4.17e-09	41.6
bflTTN_Aig34_194	TTNZ3_195	29.545	88	58	2	7	91	5	91	9.55e-09	40.4
bflTTN_Aig34_194	TTNM10_195	22.105	95	67	2	1	91	2	93	1.39e-08	40.0
bflTTN_Aig34_194	TTNI74_193	25.316	79	57	1	15	91	13	91	1.13e-07	37.7
bflTTN_Aig34_194	TTNA18_199	29.787	94	55	3	7	89	4	97	2.25e-07	37.0
bflTTN_Aig34_194	TTNM7_192	28.986	69	47	1	15	81	12	80	4.11e-07	36.2
bflTTN_Aig34_194	TTNI39_193	21.951	82	62	1	12	91	10	91	1.27e-06	35.0
bflTTN_Aig34_194	TTNI25_195	22.619	84	62	1	11	91	9	92	1.47e-06	35.0
bflTTN_Aig34_194	TTNI76_193	27.027	74	52	1	11	82	9	82	2.91e-06	33.9
bflTTN_Aig34_194	TTNI64_193	25.000	72	52	1	13	82	11	82	3.67e-06	33.9
bflTTN_Aig34_194	TTNI51_193	25.926	81	58	1	13	91	11	91	4.12e-06	33.5
bflTTN_Aig34_194	TTNI33_193	25.352	71	51	1	13	81	11	81	4.21e-06	33.5
bflTTN_Aig34_194	TTNI30_194	19.737	76	59	1	18	91	17	92	7.61e-06	33.1
bflTTN_Aig34_194	TTNI55_193	30.137	73	45	3	13	81	11	81	7.98e-06	32.7
bflTTN_Aig34_194	TTNI75_193	28.767	73	48	2	13	82	11	82	8.24e-06	32.7
bflTTN_Aig34_194	TTNI54_193	28.235	85	57	2	9	89	5	89	1.03e-05	32.7
bflTTN_Aig34_194	TTNM2_195	25.287	87	57	2	1	82	1	84	1.30e-05	32.3
bflTTN_Aig34_194	TTNI65_193	25.758	66	47	1	18	81	16	81	1.38e-05	32.3
bflTTN_Aig34_194	TTNI71_193	25.000	84	59	3	11	91	9	91	1.48e-05	32.3
bflTTN_Aig34_194	TTNM3_193	23.457	81	59	1	14	91	11	91	2.71e-05	31.6
bflTTN_Aig34_194	TTNI69_193	25.758	66	47	1	18	81	16	81	3.45e-05	31.2
bflTTN_Aig34_194	TTNI14_192	23.810	84	60	2	11	91	9	91	4.80e-05	30.8
bflTTN_Aig34_194	TTNI58_194	25.758	66	47	1	18	81	17	82	5.53e-05	30.8
bflTTN_Aig34_194	TTNI12_187	30.435	46	30	1	29	72	26	71	7.77e-05	30.0
bflTTN_Aig34_194	TTNZ1_195	26.667	60	40	1	27	82	24	83	7.81e-05	30.4
bflTTN_Aig34_194	TTNI44_193	28.070	57	39	1	27	81	25	81	8.71e-05	30.0
bflTTN_Aig34_194	TTNI16_194	22.619	84	61	2	12	91	9	92	9.10e-05	30.0
bflTTN_Aig34_194	TTNA4_1121	40.000	35	21	0	7	41	4	38	1.67e-04	29.6
bflTTN_Aig34_194	TTNI73_193	19.753	81	63	1	13	91	11	91	2.21e-04	28.9
bflTTN_Aig34_194	TTNI49_193	23.684	76	56	1	18	91	16	91	3.41e-04	28.5
bflTTN_Aig34_194	TTNI66_193	26.866	67	45	2	18	81	16	81	3.74e-04	28.5
bflTTN_Aig34_194	TTNI85_192	26.316	76	51	2	8	80	7	80	6.45e-04	27.7
bflTTN_Aig34_194	TTNI67_193	25.000	96	52	4	3	91	9	91	7.38e-04	27.7
bflTTN_Aig34_194	TTNI77_193	22.414	58	43	1	36	91	34	91	7.93e-04	27.7
bflTTN_Aig34_194	TTNI34_193	29.231	65	44	1	22	84	20	84	8.18e-04	27.7
bflTTN_Aig34_194	TTNZ4_195	26.667	75	47	3	14	82	12	84	8.89e-04	27.3
bflTTN_Aig34_194	TTNI45_193	18.072	83	66	1	11	91	9	91	0.001	26.9
bflTTN_Aig34_194	TTNI36_194	20.000	75	58	1	9	81	8	82	0.001	26.9
bflTTN_Aig34_194	TTNM9_196	21.795	78	59	1	7	82	5	82	0.001	26.9
bflTTN_Aig34_194	TTNI59_193	22.368	76	57	1	18	91	16	91	0.002	26.6
bflTTN_Aig34_194	TTNI43_193	20.548	73	56	1	21	91	19	91	0.002	26.6
bflTTN_Aig34_194	TTNI72_193	16.883	77	62	1	17	91	15	91	0.003	26.2
bflTTN_Aig34_194	TTNI1_194	31.429	35	24	0	11	45	9	43	0.003	26.2
bflTTN_Aig34_194	TTNI50_194	25.610	82	56	2	7	84	5	85	0.003	25.8
bflTTN_Aig34_194	TTNZ9_193	23.457	81	59	2	13	91	10	89	0.004	25.8
bflTTN_Aig34_194	TTNI80_194	23.864	88	64	2	7	91	5	92	0.006	25.4
bflTTN_Aig34_194	TTNI53_193	20.833	72	55	1	13	82	11	82	0.006	25.0
bflTTN_Aig34_194	TTNI29_193	29.508	61	39	2	34	91	32	91	0.009	24.6
bflTTN_Aig34_194	TTNI63_193	19.512	82	64	1	12	91	10	91	0.009	24.6
bflTTN_Aig34_194	TTNI37_193	28.814	59	36	2	27	81	25	81	0.010	24.6
bflTTN_Aig34_194	TTNI70_194	19.481	77	59	1	18	91	16	92	0.012	24.3
bflTTN_Aig34_194	TTNI56_193	23.881	67	47	2	18	81	16	81	0.017	23.9
bflTTN_Aig34_194	TTNZ5_193	21.053	38	30	0	14	51	12	49	0.042	22.7
bflTTN_Aig34_194	TTNI47_193	24.561	57	41	1	27	81	25	81	0.062	22.3
bflTTN_Aig34_194	TTNI40_193	17.105	76	61	1	18	91	16	91	0.068	22.3
bflTTN_Aig34_194	TTNI68_194	20.833	72	55	1	22	91	21	92	0.071	22.3
bflTTN_Aig34_194	TTNI57_193	22.414	58	43	1	36	91	34	91	0.076	22.3
bflTTN_Aig34_194	TTNA164_192	21.739	69	52	2	18	84	15	83	0.086	21.9
bflTTN_Aig34_194	TTNI99_188	27.869	61	42	1	30	88	27	87	0.13	21.6
bflTTN_Aig34_194	TTNM1_192	23.529	68	49	2	18	82	14	81	0.16	21.2
bflTTN_Aig34_194	TTNI5_188	35.294	34	18	1	58	91	58	87	0.23	20.8
bflTTN_Aig34_194	TTNI15_191	22.667	75	57	1	18	91	16	90	0.35	20.4
bflTTN_Aig34_194	TTNA168_194	17.333	75	58	2	11	81	8	82	0.62	19.6
bflTTN_Aig34_194	TTNI42_194	19.403	67	52	1	27	91	26	92	0.62	19.6
bflTTN_Aig34_194	TTNI28_193	16.883	77	62	1	7	81	5	81	0.64	19.6
bflTTN_Aig34_194	TTNZ7_195	19.540	87	64	2	11	91	8	94	1.2	18.9
bflTTN_Aig34_194	TTNI38_193	19.118	68	49	2	18	81	16	81	1.4	18.5
bflTTN_Aig34_194	TTNI100_188	50.000	10	5	0	37	46	34	43	1.4	18.5
bflTTN_Aig34_194	TTNI32_193	15.942	69	56	1	17	83	15	83	1.5	18.5
bflTTN_Aig34_194	TTNI87_188	66.667	6	2	0	30	35	42	47	6.3	16.5
bflTTN_Aig34_194	TTNI102_188	20.455	44	33	1	34	75	31	74	7.3	16.5
bflTTN_Aig35_197	TTNA134_195	33.333	96	63	1	1	96	1	95	1.71e-18	65.9
bflTTN_Aig35_197	TTNA57_195	32.292	96	64	1	1	96	1	95	7.92e-17	61.6
bflTTN_Aig35_197	TTNA1_193	31.111	90	61	1	7	96	5	93	1.13e-13	53.5
bflTTN_Aig35_197	TTNA90_192	26.582	79	57	1	12	90	9	86	4.01e-13	52.0
bflTTN_Aig35_197	TTNA79_193	34.118	85	53	2	11	95	9	90	5.80e-13	51.6
bflTTN_Aig35_197	TTNA145_195	31.250	96	65	1	1	96	1	95	1.67e-12	50.4
bflTTN_Aig35_197	TTNA156_195	29.885	87	60	1	1	87	1	86	9.16e-12	48.5
bflTTN_Aig35_197	TTNA120_193	32.632	95	61	2	1	95	1	92	2.57e-11	47.4
bflTTN_Aig35_197	TTNA101_192	29.412	85	59	1	11	95	8	91	2.66e-11	47.4
bflTTN_Aig35_197	TTNA153_193	25.532	94	67	1	1	94	1	91	3.30e-11	47.0
bflTTN_Aig35_197	TTNA131_197	32.955	88	52	3	1	85	2	85	4.59e-11	46.6
bflTTN_Aig35_197	TTNA112_192	29.213	89	62	1	7	95	4	91	7.31e-11	46.2
bflTTN_Aig35_197	TTNM10_195	28.916	83	58	1	13	94	11	93	1.65e-10	45.4
bflTTN_Aig35_197	TTNA160_193	20.833	96	73	1	1	96	1	93	1.69e-10	45.1
bflTTN_Aig35_197	TTNA68_195	26.596	94	68	1	1	94	1	93	1.70e-10	45.1
bflTTN_Aig35_197	TTNI105_190	28.395	81	48	2	18	95	16	89	8.73e-10	43.1
bflTTN_Aig35_197	TTNA18_199	26.214	103	64	3	1	96	2	99	1.32e-09	43.1
bflTTN_Aig35_197	TTNA11_1103	34.146	82	49	2	8	84	10	91	1.63e-09	42.7
bflTTN_Aig35_197	TTNA165_196	27.941	68	47	2	18	84	18	84	2.49e-09	42.4
bflTTN_Aig35_197	TTNA25_194	28.235	85	60	1	11	95	10	93	3.10e-09	42.0
bflTTN_Aig35_197	TTNA87_194	26.316	95	67	2	1	95	2	93	3.30e-09	42.0
bflTTN_Aig35_197	TTNA83_196	28.421	95	67	1	1	95	2	95	4.03e-09	41.6
bflTTN_Aig35_197	TTNA54_196	27.381	84	60	1	12	95	13	95	5.60e-09	41.2
bflTTN_Aig35_197	TTNA15_1104	21.739	92	65	1	11	95	11	102	9.13e-09	40.8
bflTTN_Aig35_197	TTNA76_194	27.368	95	66	2	1	95	2	93	9.90e-09	40.8
bflTTN_Aig35_197	TTNA123_196	25.263	95	68	2	1	95	2	93	1.62e-08	40.0
bflTTN_Aig35_197	TTNA98_194	26.316	95	67	2	1	95	2	93	1.96e-08	40.0
bflTTN_Aig35_197	TTNA50_196	24.211	95	71	1	1	95	2	95	2.43e-08	39.7
bflTTN_Aig35_197	TTNI55_193	29.870	77	53	1	18	94	16	91	2.82e-08	39.3
bflTTN_Aig35_197	TTNA65_194	27.586	87	60	2	1	87	2	85	3.70e-08	39.3
bflTTN_Aig35_197	TTNA142_194	23.000	100	64	2	1	95	2	93	5.97e-08	38.5
bflTTN_Aig35_197	TTNA149_197	22.727	88	67	1	8	95	10	96	6.10e-08	38.5
bflTTN_Aig35_197	TTNA105_197	32.955	88	49	4	9	95	18	96	7.38e-08	38.5
bflTTN_Aig35_197	TTNM5_194	26.506	83	60	1	12	94	10	91	7.62e-08	38.5
bflTTN_Aig35_197	TTNM9_196	28.049	82	58	1	14	95	12	92	8.15e-08	38.1
bflTTN_Aig35_197	TTNA127_195	21.053	95	74	1	1	95	1	94	8.81e-08	38.1
bflTTN_Aig35_197	TTNA94_195	31.034	87	51	3	9	95	17	94	1.37e-07	37.7
bflTTN_Aig35_197	TTNI106_194	26.316	76	55	1	21	96	20	94	3.89e-07	36.6
bflTTN_Aig35_197	TTNM4_193	26.582	79	57	1	18	96	16	93	4.44e-07	36.2
bflTTN_Aig35_197	TTNA169_1100	26.923	78	55	2	18	94	22	98	6.82e-07	35.8
bflTTN_Aig35_197	TTNI70_194	27.848	79	55	2	18	95	16	93	7.89e-07	35.8
bflTTN_Aig35_197	TTNA22_194	20.000	95	73	1	1	95	2	93	8.40e-07	35.4
bflTTN_Aig35_197	TTNA46_192	20.455	88	69	1	8	95	5	91	1.18e-06	35.0
bflTTN_Aig35_197	TTNA36_196	25.000	96	69	2	1	95	2	95	1.29e-06	35.0
bflTTN_Aig35_197	TTNA39_196	28.125	96	66	3	1	95	2	95	3.51e-06	33.9
bflTTN_Aig35_197	TTNA116_196	25.882	85	62	1	11	95	12	95	3.78e-06	33.9
bflTTN_Aig35_197	TTNM3_193	26.190	84	54	2	15	94	12	91	4.22e-06	33.9
bflTTN_Aig35_197	TTNZ4_195	30.488	82	50	3	15	92	13	91	4.44e-06	33.9
bflTTN_Aig35_197	TTNA32_196	23.810	84	61	2	13	95	14	95	5.86e-06	33.5
bflTTN_Aig35_197	TTNA43_195	23.762	101	63	2	1	95	2	94	7.74e-06	33.1
bflTTN_Aig35_197	TTNA109_194	24.138	87	63	2	1	87	2	85	7.78e-06	33.1
bflTTN_Aig35_197	TTNZ6_195	24.096	83	63	0	12	94	9	91	9.14e-06	32.7
bflTTN_Aig35_197	TTNM2_195	25.316	79	57	1	18	94	15	93	1.76e-05	32.0
bflTTN_Aig35_197	TTNI74_193	26.316	76	55	1	13	88	11	85	2.32e-05	31.6
bflTTN_Aig35_197	TTNI64_193	21.687	83	64	1	13	95	11	92	2.89e-05	31.6
bflTTN_Aig35_197	TTNI77_193	36.842	38	24	0	57	94	54	91	2.92e-05	31.6
bflTTN_Aig35_197	TTNZ2_194	20.690	87	68	1	11	97	9	94	3.60e-05	31.2
bflTTN_Aig35_197	TTNA72_196	31.081	74	50	1	11	84	12	84	3.94e-05	31.2
bflTTN_Aig35_197	TTNI69_193	29.333	75	51	2	14	88	13	85	4.07e-05	31.2
bflTTN_Aig35_197	TTNI1_194	25.000	76	57	0	14	89	12	87	4.53e-05	31.2
bflTTN_Aig35_197	TTNM1_192	28.378	74	51	2	16	88	12	84	4.89e-05	30.8
bflTTN_Aig35_197	TTNM1_192	31.818	22	15	0	71	92	13	34	5.4	16.9
bflTTN_Aig35_197	TTNI72_193	27.536	69	49	1	18	86	16	83	5.79e-05	30.8
bflTTN_Aig35_197	TTNA138_196	27.381	84	60	1	11	94	12	94	7.19e-05	30.4
bflTTN_Aig35_197	TTNI17_194	24.194	62	46	1	35	96	33	93	9.17e-05	30.0
bflTTN_Aig35_197	TTNI75_193	25.714	70	51	1	18	87	16	84	1.02e-04	30.0
bflTTN_Aig35_197	TTNI49_193	24.691	81	59	2	14	94	13	91	1.27e-04	29.6
bflTTN_Aig35_197	TTNI80_194	25.758	66	49	0	29	94	27	92	1.37e-04	29.6
bflTTN_Aig35_197	TTNZ3_195	22.222	81	62	1	14	94	12	91	1.57e-04	29.6
bflTTN_Aig35_197	TTNI32_193	28.235	85	52	3	4	88	10	85	1.77e-04	29.3
bflTTN_Aig35_197	TTNZ7_195	23.333	90	54	2	13	94	10	92	3.14e-04	28.9
bflTTN_Aig35_197	TTNI107_196	19.355	93	72	2	3	95	6	95	3.21e-04	28.9
bflTTN_Aig35_197	TTNI59_193	22.667	75	57	1	17	91	15	88	3.29e-04	28.5
bflTTN_Aig35_197	TTNI96_188	25.926	81	50	3	1	81	7	77	4.34e-04	28.1
bflTTN_Aig35_197	TTNI51_193	22.472	89	54	2	13	94	11	91	5.50e-04	28.1
bflTTN_Aig35_197	TTNI24_192	26.562	64	32	2	29	85	26	81	5.54e-04	28.1
bflTTN_Aig35_197	TTNI82_188	30.645	62	41	2	14	75	12	71	5.79e-04	28.1
bflTTN_Aig35_197	TTNI27_194	25.000	64	47	1	32	94	28	91	5.80e-04	28.1
bflTTN_Aig35_197	TTNI25_195	26.667	60	44	0	29	88	27	86	5.80e-04	28.1
bflTTN_Aig35_197	TTNI37_193	30.000	70	47	2	15	84	14	81	6.54e-04	27.7
bflTTN_Aig35_197	TTNI76_193	25.455	55	40	1	34	88	32	85	7.71e-04	27.7
bflTTN_Aig35_197	TTNA164_192	25.333	75	55	1	14	88	11	84	8.44e-04	27.7
bflTTN_Aig35_197	TTNI67_193	24.468	94	67	2	1	94	2	91	8.90e-04	27.3
bflTTN_Aig35_197	TTNI65_193	25.000	56	41	1	29	84	27	81	0.001	27.3
bflTTN_Aig35_197	TTNI50_194	24.324	74	56	0	11	84	9	82	0.001	26.9
bflTTN_Aig35_197	TTNI58_194	21.519	79	61	1	16	94	15	92	0.002	26.6
bflTTN_Aig35_197	TTNI33_193	40.000	25	15	0	71	95	68	92	0.002	26.6
bflTTN_Aig35_197	TTNI33_193	41.667	12	7	0	74	85	47	58	3.8	17.3
bflTTN_Aig35_197	TTNI79_193	22.222	81	62	1	14	94	12	91	0.003	26.2
bflTTN_Aig35_197	TTNI57_193	20.213	94	71	2	1	94	2	91	0.004	25.8
bflTTN_Aig35_197	TTNI16_194	23.188	69	50	2	28	94	25	92	0.004	25.8
bflTTN_Aig35_197	TTNZ1_195	26.667	75	50	3	17	88	14	86	0.004	25.8
bflTTN_Aig35_197	TTNI12_187	29.167	48	33	1	31	78	28	74	0.005	25.4
bflTTN_Aig35_197	TTNI73_193	23.077	78	59	1	11	88	9	85	0.006	25.4
bflTTN_Aig35_197	TTNI43_193	22.857	70	53	1	19	88	17	85	0.006	25.4
bflTTN_Aig35_197	TTNA8_195	26.667	60	42	2	27	86	28	85	0.007	25.0
bflTTN_Aig35_197	TTNI53_193	26.761	71	51	1	18	88	16	85	0.008	25.0
bflTTN_Aig35_197	TTNA168_194	30.233	43	23	2	1	41	1	38	0.009	24.6
bflTTN_Aig35_197	TTNI54_193	26.389	72	50	2	14	84	12	81	0.010	24.6
bflTTN_Aig35_197	TTNA29_194	22.353	85	55	2	15	95	16	93	0.010	24.6
bflTTN_Aig35_197	TTNI44_193	25.862	58	42	1	29	86	27	83	0.010	24.6
bflTTN_Aig35_197	TTNI30_194	19.481	77	61	1	12	88	11	86	0.013	24.3
bflTTN_Aig35_197	TTNI45_193	22.857	70	49	2	28	95	26	92	0.014	24.3
bflTTN_Aig35_197	TTNI56_193	25.352	71	52	1	18	88	16	85	0.019	23.9
bflTTN_Aig35_197	TTNM6_194	25.641	78	56	2	16	92	14	90	0.026	23.5
bflTTN_Aig35_197	TTNI94_187	26.984	63	44	2	13	75	11	71	0.040	23.1
bflTTN_Aig35_197	TTNI39_193	20.253	79	62	1	17	95	15	92	0.044	22.7
bflTTN_Aig35_197	TTNI36_194	21.429	70	54	1	15	84	14	82	0.046	22.7
bflTTN_Aig35_197	TTNZ9_193	31.707	41	20	1	17	57	14	46	0.051	22.7
bflTTN_Aig35_197	TTNM7_192	30.303	33	23	0	62	94	58	90	0.055	22.7
bflTTN_Aig35_197	TTNZ5_193	26.923	26	19	0	12	37	10	35	0.075	22.3
bflTTN_Aig35_197	TTNI63_193	27.143	70	46	2	23	88	17	85	0.081	21.9
bflTTN_Aig35_197	TTNI71_193	20.930	86	59	2	9	94	15	91	0.088	21.9
bflTTN_Aig35_197	TTNI81_190	25.000	48	35	1	31	78	30	76	0.12	21.6
bflTTN_Aig35_197	TTNA4_1121	16.364	55	39	1	12	66	9	56	0.14	21.6
bflTTN_Aig35_197	TTNI86_190	26.154	65	34	3	33	97	30	80	0.15	21.6
bflTTN_Aig35_197	TTNI41_193	29.412	34	24	0	59	92	56	89	0.16	21.2
bflTTN_Aig35_197	TTNI35_193	23.881	67	50	1	18	84	16	81	0.16	21.2
bflTTN_Aig35_197	TTNI104_188	33.333	30	20	0	62	91	58	87	0.17	21.2
bflTTN_Aig35_197	TTNI61_193	20.238	84	66	1	11	94	9	91	0.25	20.8
bflTTN_Aig35_197	TTNI28_193	21.795	78	60	1	18	95	16	92	0.28	20.8
bflTTN_Aig35_197	TTNI60_194	30.667	75	49	3	11	84	10	82	0.42	20.0
bflTTN_Aig35_197	TTNI78_194	37.037	27	17	0	58	84	56	82	0.66	19.6
bflTTN_Aig35_197	TTNI92_187	34.783	23	15	0	71	93	52	74	0.79	19.2
bflTTN_Aig35_197	TTNI42_194	19.101	89	57	2	13	94	12	92	0.86	19.2
bflTTN_Aig35_197	TTNI34_193	50.000	14	7	0	44	57	7	20	1.0	18.9
bflTTN_Aig35_197	TTNI14_192	25.000	24	18	0	14	37	12	35	1.2	18.9
bflTTN_Aig35_197	TTNI101_193	32.000	25	17	0	61	85	57	81	7.5	16.5
bflTTN_Aig35_197	TTNI83_193	19.565	46	36	1	35	80	32	76	8.3	16.5
bflTTN_Aig35_197	TTNI48_194	21.687	83	62	2	15	97	14	93	8.3	16.5
bflTTN_Aig35_197	TTNI103_188	45.455	11	6	0	71	81	52	62	9.4	16.2
bflTTN_Aig36_195	TTNA149_197	36.842	95	58	2	1	93	2	96	7.51e-17	61.6
bflTTN_Aig36_195	TTNA83_196	38.298	94	57	1	1	93	2	95	7.94e-15	56.2
bflTTN_Aig36_195	TTNA36_196	36.170	94	59	1	1	93	2	95	1.49e-14	55.5
bflTTN_Aig36_195	TTNA8_195	35.714	98	49	3	1	90	2	93	2.20e-13	52.8
bflTTN_Aig36_195	TTNA72_196	34.043	94	61	1	1	93	2	95	2.45e-13	52.4
bflTTN_Aig36_195	TTNA29_194	31.183	93	63	1	1	93	2	93	6.33e-13	51.2
bflTTN_Aig36_195	TTNA94_195	37.234	94	58	1	1	93	1	94	1.05e-12	50.8
bflTTN_Aig36_195	TTNA22_194	33.721	86	50	2	1	83	2	83	1.55e-12	50.4
bflTTN_Aig36_195	TTNI107_196	32.979	94	62	1	1	93	2	95	3.30e-12	49.7
bflTTN_Aig36_195	TTNA61_197	32.632	95	62	2	1	93	2	96	5.30e-12	48.9
bflTTN_Aig36_195	TTNA105_197	33.684	95	61	2	1	93	2	96	9.17e-12	48.5
bflTTN_Aig36_195	TTNA43_195	30.526	95	62	2	1	93	2	94	1.35e-11	48.1
bflTTN_Aig36_195	TTNA116_196	32.632	95	61	2	1	93	2	95	1.69e-11	47.8
bflTTN_Aig36_195	TTNA11_1103	36.264	91	50	3	1	83	2	92	1.05e-10	45.8
bflTTN_Aig36_195	TTNA46_192	31.169	77	52	1	18	93	15	91	1.14e-10	45.4
bflTTN_Aig36_195	TTNA120_193	26.804	97	62	2	1	93	1	92	3.40e-10	44.3
bflTTN_Aig36_195	TTNA25_194	28.723	94	64	2	1	93	2	93	5.38e-10	43.9
bflTTN_Aig36_195	TTNA90_192	31.250	80	54	1	15	93	12	91	5.95e-10	43.5
bflTTN_Aig36_195	TTNA112_192	27.273	88	57	2	7	93	10	91	1.25e-09	42.7
bflTTN_Aig36_195	TTNI14_192	30.263	76	52	1	18	92	16	91	1.56e-09	42.7
bflTTN_Aig36_195	TTNA32_196	30.851	94	64	1	1	93	2	95	1.72e-09	42.7
bflTTN_Aig36_195	TTNA142_194	27.957	93	66	1	1	93	2	93	2.17e-09	42.4
bflTTN_Aig36_195	TTNA109_194	25.532	94	67	2	1	93	2	93	3.50e-09	41.6
bflTTN_Aig36_195	TTNA65_194	26.882	93	67	1	1	93	2	93	4.67e-09	41.6
bflTTN_Aig36_195	TTNA50_196	27.660	94	67	1	1	93	2	95	4.96e-09	41.2
bflTTN_Aig36_195	TTNI58_194	31.884	69	46	1	27	94	26	94	8.14e-09	40.8
bflTTN_Aig36_195	TTNA164_192	28.767	73	51	1	23	94	20	92	8.91e-09	40.8
bflTTN_Aig36_195	TTNI48_194	26.866	67	48	1	27	92	26	92	1.39e-08	40.0
bflTTN_Aig36_195	TTNI51_193	26.582	79	57	1	15	92	13	91	1.48e-08	40.0
bflTTN_Aig36_195	TTNA127_195	27.143	70	50	1	25	93	25	94	1.51e-08	40.0
bflTTN_Aig36_195	TTNA98_194	28.723	94	64	2	1	93	2	93	1.77e-08	40.0
bflTTN_Aig36_195	TTNI16_194	32.394	71	45	1	25	92	22	92	2.29e-08	39.7
bflTTN_Aig36_195	TTNZ1_195	30.667	75	47	2	25	95	22	95	2.48e-08	39.7
bflTTN_Aig36_195	TTNA57_195	30.769	78	53	1	18	94	18	95	2.68e-08	39.3
bflTTN_Aig36_195	TTNA79_193	31.818	66	44	1	29	93	27	92	5.21e-08	38.5
bflTTN_Aig36_195	TTNM7_192	27.941	68	48	1	28	94	25	92	7.66e-08	38.1
bflTTN_Aig36_195	TTNI106_194	27.957	93	65	2	4	94	2	94	8.02e-08	38.1
bflTTN_Aig36_195	TTNA101_192	32.353	68	45	1	27	93	24	91	9.99e-08	37.7
bflTTN_Aig36_195	TTNA68_195	27.586	58	41	1	27	83	27	84	1.08e-07	37.7
bflTTN_Aig36_195	TTNI64_193	26.966	89	58	2	6	93	10	92	1.26e-07	37.7
bflTTN_Aig36_195	TTNA76_194	25.510	98	62	2	1	93	2	93	1.33e-07	37.7
bflTTN_Aig36_195	TTNI61_193	27.848	79	56	1	15	92	13	91	1.41e-07	37.4
bflTTN_Aig36_195	TTNM10_195	26.471	68	47	1	18	82	16	83	1.51e-07	37.4
bflTTN_Aig36_195	TTNI99_188	40.426	47	27	1	30	75	27	73	1.84e-07	37.0
bflTTN_Aig36_195	TTNZ4_195	28.125	64	43	1	23	83	21	84	1.91e-07	37.4
bflTTN_Aig36_195	TTNI78_194	30.137	73	50	1	21	92	20	92	1.91e-07	37.4
bflTTN_Aig36_195	TTNA87_194	24.731	93	69	1	1	93	2	93	2.00e-07	37.4
bflTTN_Aig36_195	TTNA39_196	31.944	72	46	1	25	93	24	95	2.22e-07	37.0
bflTTN_Aig36_195	TTNI74_193	22.472	89	62	2	6	93	10	92	2.53e-07	37.0
bflTTN_Aig36_195	TTNA131_197	22.472	89	68	1	1	88	2	90	2.76e-07	37.0
bflTTN_Aig36_195	TTNZ9_193	25.000	68	51	0	25	92	22	89	2.87e-07	36.6
bflTTN_Aig36_195	TTNM9_196	35.294	68	43	1	27	93	25	92	2.93e-07	36.6
bflTTN_Aig36_195	TTNA145_195	28.205	78	55	1	18	94	18	95	2.94e-07	36.6
bflTTN_Aig36_195	TTNA54_196	30.000	70	44	2	27	93	28	95	3.77e-07	36.6
bflTTN_Aig36_195	TTNI71_193	27.536	69	49	1	25	92	23	91	4.58e-07	36.2
bflTTN_Aig36_195	TTNZ7_195	29.333	75	50	2	21	92	18	92	5.60e-07	36.2
bflTTN_Aig36_195	TTNZ3_195	29.851	67	46	1	27	92	25	91	6.43e-07	35.8
bflTTN_Aig36_195	TTNI40_193	25.000	72	53	1	22	92	20	91	9.58e-07	35.4
bflTTN_Aig36_195	TTNA4_1121	27.642	123	55	3	1	93	2	120	9.97e-07	35.8
bflTTN_Aig36_195	TTNI33_193	26.829	82	57	2	14	93	12	92	1.13e-06	35.0
bflTTN_Aig36_195	TTNI36_194	29.577	71	49	1	23	92	22	92	1.36e-06	35.0
bflTTN_Aig36_195	TTNA138_196	32.394	71	47	1	23	92	24	94	1.42e-06	35.0
bflTTN_Aig36_195	TTNI43_193	28.767	73	49	2	22	92	20	91	1.68e-06	34.7
bflTTN_Aig36_195	TTNI25_195	27.143	70	47	2	27	93	25	93	1.84e-06	34.7
bflTTN_Aig36_195	TTNA160_193	30.882	68	46	1	27	94	27	93	1.92e-06	34.7
bflTTN_Aig36_195	TTNA18_199	25.926	81	52	1	22	94	19	99	2.98e-06	34.3
bflTTN_Aig36_195	TTNA134_195	29.851	67	46	1	29	94	29	95	5.26e-06	33.5
bflTTN_Aig36_195	TTNA153_193	26.136	88	54	2	1	83	1	82	5.73e-06	33.5
bflTTN_Aig36_195	TTNI45_193	21.333	75	58	1	20	93	18	92	5.79e-06	33.1
bflTTN_Aig36_195	TTNA156_195	24.000	100	63	2	1	93	1	94	1.35e-05	32.3
bflTTN_Aig36_195	TTNZ6_195	28.723	94	51	3	15	94	2	93	1.58e-05	32.3
bflTTN_Aig36_195	TTNA169_1100	30.882	68	43	2	28	91	32	99	1.71e-05	32.3
bflTTN_Aig36_195	TTNA15_1104	24.510	102	68	2	1	93	1	102	1.78e-05	32.3
bflTTN_Aig36_195	TTNA1_193	27.692	65	46	1	31	94	29	93	1.81e-05	32.0
bflTTN_Aig36_195	TTNA123_196	32.857	70	42	3	27	93	28	95	1.99e-05	32.0
bflTTN_Aig36_195	TTNA165_196	23.404	94	70	2	1	92	1	94	3.35e-05	31.2
bflTTN_Aig36_195	TTNM5_194	24.138	58	43	1	29	85	27	84	3.81e-05	31.2
bflTTN_Aig36_195	TTNI85_192	29.688	64	42	2	32	93	29	91	4.66e-05	30.8
bflTTN_Aig36_195	TTNM3_193	26.471	68	48	2	27	92	24	91	6.60e-05	30.4
bflTTN_Aig36_195	TTNI30_194	18.310	71	57	1	23	92	22	92	6.69e-05	30.4
bflTTN_Aig36_195	TTNI100_188	38.095	42	25	1	37	77	34	75	7.58e-05	30.4
bflTTN_Aig36_195	TTNI28_193	24.051	79	59	1	16	93	14	92	8.20e-05	30.4
bflTTN_Aig36_195	TTNI17_194	29.032	62	40	2	34	94	32	90	1.11e-04	30.0
bflTTN_Aig36_195	TTNI80_194	24.286	70	51	1	25	92	23	92	1.19e-04	29.6
bflTTN_Aig36_195	TTNI53_193	29.630	81	54	2	14	92	12	91	1.61e-04	29.6
bflTTN_Aig36_195	TTNI59_193	24.138	87	55	2	15	90	3	89	2.46e-04	28.9
bflTTN_Aig36_195	TTNI49_193	24.286	70	52	1	14	82	12	81	2.61e-04	28.9
bflTTN_Aig36_195	TTNZ2_194	28.358	67	47	1	27	92	25	91	2.82e-04	28.9
bflTTN_Aig36_195	TTNI54_193	28.000	50	35	1	35	83	33	82	3.71e-04	28.5
bflTTN_Aig36_195	TTNI63_193	25.301	83	61	1	11	92	9	91	4.65e-04	28.1
bflTTN_Aig36_195	TTNI67_193	28.358	67	47	1	27	92	25	91	4.80e-04	28.1
bflTTN_Aig36_195	TTNI37_193	28.395	81	55	2	7	84	3	83	5.84e-04	28.1
bflTTN_Aig36_195	TTNI105_190	25.352	71	51	1	15	85	13	81	6.05e-04	27.7
bflTTN_Aig36_195	TTNA168_194	26.667	60	39	2	27	82	24	82	6.21e-04	27.7
bflTTN_Aig36_195	TTNI65_193	21.918	73	56	1	11	82	9	81	6.40e-04	27.7
bflTTN_Aig36_195	TTNI88_187	29.167	48	33	1	32	78	28	75	6.80e-04	27.7
bflTTN_Aig36_195	TTNI24_192	25.806	62	45	1	23	83	20	81	8.88e-04	27.3
bflTTN_Aig36_195	TTNZ5_193	29.508	61	39	2	27	84	25	84	0.001	27.3
bflTTN_Aig36_195	TTNM2_195	20.732	82	59	2	16	92	13	93	0.001	27.3
bflTTN_Aig36_195	TTNI42_194	24.286	70	50	2	25	92	24	92	0.001	27.3
bflTTN_Aig36_195	TTNI77_193	22.500	80	61	1	14	92	12	91	0.001	26.9
bflTTN_Aig36_195	TTNI76_193	24.096	83	61	2	4	85	3	84	0.002	26.9
bflTTN_Aig36_195	TTNM4_193	31.148	61	37	3	27	84	25	83	0.002	26.6
bflTTN_Aig36_195	TTNI68_194	26.786	56	40	1	25	79	24	79	0.002	26.6
bflTTN_Aig36_195	TTNI55_193	25.000	76	56	1	14	88	12	87	0.002	26.6
bflTTN_Aig36_195	TTNI44_193	22.034	59	45	1	25	82	23	81	0.003	26.2
bflTTN_Aig36_195	TTNI60_194	25.000	84	59	3	13	93	11	93	0.003	26.2
bflTTN_Aig36_195	TTNI29_193	23.377	77	58	1	17	92	15	91	0.003	26.2
bflTTN_Aig36_195	TTNI75_193	23.611	72	52	2	23	92	21	91	0.004	25.8
bflTTN_Aig36_195	TTNI50_194	26.829	82	56	3	15	93	13	93	0.006	25.4
bflTTN_Aig36_195	TTNI70_194	25.000	80	56	3	17	93	15	93	0.006	25.0
bflTTN_Aig36_195	TTNI31_193	25.000	64	45	2	23	84	21	83	0.006	25.0
bflTTN_Aig36_195	TTNI83_193	28.000	50	32	2	47	92	42	91	0.007	25.0
bflTTN_Aig36_195	TTNI39_193	25.000	36	27	0	58	93	57	92	0.009	24.6
bflTTN_Aig36_195	TTNI1_194	25.714	70	50	1	27	94	25	94	0.010	24.6
bflTTN_Aig36_195	TTNI56_193	19.178	73	58	1	14	85	12	84	0.010	24.6
bflTTN_Aig36_195	TTNI47_193	26.087	69	50	1	25	92	23	91	0.012	24.3
bflTTN_Aig36_195	TTNI72_193	26.866	67	48	1	27	92	25	91	0.012	24.3
bflTTN_Aig36_195	TTNI62_193	23.881	67	50	1	27	92	25	91	0.013	24.3
bflTTN_Aig36_195	TTNI104_188	24.074	54	40	1	34	86	31	84	0.013	24.3
bflTTN_Aig36_195	TTNI15_191	27.273	66	46	2	19	83	17	81	0.015	24.3
bflTTN_Aig36_195	TTNI82_188	29.630	54	37	1	37	89	34	87	0.017	23.9
bflTTN_Aig36_195	TTNI3_187	31.507	73	38	3	16	77	4	75	0.023	23.5
bflTTN_Aig36_195	TTNM8_193	29.412	51	35	1	33	82	30	80	0.042	22.7
bflTTN_Aig36_195	TTNI52_193	23.881	67	50	1	27	92	25	91	0.042	22.7
bflTTN_Aig36_195	TTNI57_193	20.000	80	63	1	14	92	12	91	0.052	22.7
bflTTN_Aig36_195	TTNI6_187	28.070	57	37	2	18	73	18	71	0.055	22.3
bflTTN_Aig36_195	TTNI73_193	20.000	85	67	1	11	94	9	93	0.069	22.3
bflTTN_Aig36_195	TTNI69_193	24.658	73	50	2	25	94	23	93	0.17	21.2
bflTTN_Aig36_195	TTNI89_188	23.333	60	33	2	35	87	32	85	0.18	21.2
bflTTN_Aig36_195	TTNI94_187	27.536	69	42	3	6	73	10	71	0.18	21.2
bflTTN_Aig36_195	TTNI102_188	29.032	62	31	3	37	93	34	87	0.23	20.8
bflTTN_Aig36_195	TTNI5_188	28.070	57	36	2	37	92	35	87	0.27	20.4
bflTTN_Aig36_195	TTNI32_193	25.424	59	43	1	25	82	23	81	0.38	20.0
bflTTN_Aig36_195	TTNI81_190	22.917	48	36	1	31	77	30	77	0.47	20.0
bflTTN_Aig36_195	TTNI66_193	28.000	25	18	0	60	84	59	83	0.80	19.2
bflTTN_Aig36_195	TTNI7_187	21.667	60	46	1	31	89	28	87	0.90	19.2
bflTTN_Aig36_195	TTNI93_188	19.608	51	40	1	37	86	34	84	4.0	17.3
bflTTN_Aig36_195	TTNI8_188	24.444	45	20	1	37	81	35	65	9.7	16.2
bflTTN_Aig37_199	TTNA142_194	37.113	97	56	1	1	97	2	93	5.61e-24	79.7
bflTTN_Aig37_199	TTNA120_193	34.021	97	59	1	1	97	1	92	1.06e-22	76.6
bflTTN_Aig37_199	TTNA98_194	35.052	97	58	1	1	97	2	93	2.12e-22	75.9
bflTTN_Aig37_199	TTNA65_194	35.052	97	58	1	1	97	2	93	8.09e-21	71.6
bflTTN_Aig37_199	TTNA153_193	36.458	96	56	1	1	96	1	91	4.31e-20	69.7
bflTTN_Aig37_199	TTNA109_194	35.052	97	58	2	1	97	2	93	1.14e-19	68.9
bflTTN_Aig37_199	TTNA87_194	31.959	97	61	2	1	97	2	93	8.73e-19	66.6
bflTTN_Aig37_199	TTNA116_196	30.928	97	64	1	1	97	2	95	1.06e-17	63.9
bflTTN_Aig37_199	TTNA29_194	35.052	97	58	1	1	97	2	93	1.70e-17	63.2
bflTTN_Aig37_199	TTNA72_196	34.021	97	61	2	1	97	2	95	3.57e-17	62.4
bflTTN_Aig37_199	TTNA105_197	28.866	97	67	1	1	97	2	96	1.12e-16	61.2
bflTTN_Aig37_199	TTNA54_196	31.959	97	63	2	1	97	2	95	2.26e-16	60.5
bflTTN_Aig37_199	TTNA76_194	29.897	97	63	1	1	97	2	93	5.18e-16	59.3
bflTTN_Aig37_199	TTNA131_197	30.612	98	64	3	1	97	2	96	7.29e-16	59.3
bflTTN_Aig37_199	TTNA36_196	30.928	97	64	1	1	97	2	95	3.11e-15	57.4
bflTTN_Aig37_199	TTNA149_197	32.653	98	62	3	1	97	2	96	5.29e-15	57.0
bflTTN_Aig37_199	TTNA160_193	30.612	98	63	1	1	98	1	93	1.15e-14	55.8
bflTTN_Aig37_199	TTNA83_196	28.866	97	66	2	1	97	2	95	9.17e-14	53.9
bflTTN_Aig37_199	TTNA22_194	26.804	97	66	1	1	97	2	93	9.66e-14	53.5
bflTTN_Aig37_199	TTNA127_195	25.773	97	69	2	1	97	1	94	3.42e-13	52.4
bflTTN_Aig37_199	TTNA43_195	27.835	97	66	2	1	97	2	94	3.81e-13	52.0
bflTTN_Aig37_199	TTNA50_196	28.866	97	66	1	1	97	2	95	6.61e-13	51.6
bflTTN_Aig37_199	TTNA39_196	25.806	93	68	1	5	97	4	95	1.45e-12	50.8
bflTTN_Aig37_199	TTNA94_195	25.773	97	69	1	1	97	1	94	1.50e-12	50.4
bflTTN_Aig37_199	TTNA57_195	25.000	100	68	2	1	98	1	95	2.28e-12	50.1
bflTTN_Aig37_199	TTNA1_193	29.630	81	54	1	18	98	16	93	3.02e-12	49.7
bflTTN_Aig37_199	TTNA8_195	26.804	97	67	1	1	97	2	94	8.39e-12	48.5
bflTTN_Aig37_199	TTNA32_196	23.711	97	71	2	1	97	2	95	2.51e-11	47.4
bflTTN_Aig37_199	TTNA61_197	25.510	98	69	2	1	97	2	96	2.91e-11	47.4
bflTTN_Aig37_199	TTNA138_196	28.235	85	58	1	12	96	13	94	3.39e-11	47.0
bflTTN_Aig37_199	TTNA68_195	28.409	88	56	2	1	86	1	83	1.93e-10	45.1
bflTTN_Aig37_199	TTNA15_1104	25.234	107	65	2	1	97	1	102	2.28e-10	45.1
bflTTN_Aig37_199	TTNA165_196	29.545	88	58	2	1	87	1	85	2.71e-10	44.7
bflTTN_Aig37_199	TTNM5_194	25.581	86	61	1	11	96	9	91	3.44e-10	44.7
bflTTN_Aig37_199	TTNA46_192	23.750	80	58	1	8	87	5	81	5.29e-10	43.9
bflTTN_Aig37_199	TTNA112_192	25.610	82	58	1	16	97	13	91	2.10e-09	42.4
bflTTN_Aig37_199	TTNI107_196	28.866	97	66	2	1	97	2	95	3.75e-09	42.0
bflTTN_Aig37_199	TTNA25_194	28.090	89	55	3	1	87	2	83	4.02e-09	41.6
bflTTN_Aig37_199	TTNA90_192	28.750	80	54	1	18	97	15	91	4.54e-09	41.6
bflTTN_Aig37_199	TTNZ3_195	26.744	86	60	1	11	96	9	91	1.28e-08	40.4
bflTTN_Aig37_199	TTNA145_195	23.469	98	72	1	1	98	1	95	1.67e-08	40.0
bflTTN_Aig37_199	TTNA101_192	27.381	84	58	1	14	97	11	91	2.02e-08	39.7
bflTTN_Aig37_199	TTNA79_193	24.444	90	65	1	8	97	6	92	3.08e-08	39.3
bflTTN_Aig37_199	TTNI36_194	30.952	84	51	2	15	96	14	92	3.48e-08	39.3
bflTTN_Aig37_199	TTNA123_196	22.680	97	72	2	1	97	2	95	2.72e-07	37.0
bflTTN_Aig37_199	TTNM10_195	23.596	89	65	2	9	96	7	93	3.75e-07	36.6
bflTTN_Aig37_199	TTNA11_1103	25.316	79	56	1	12	87	14	92	2.25e-06	34.7
bflTTN_Aig37_199	TTNA134_195	20.238	84	64	1	1	84	1	81	4.08e-06	33.9
bflTTN_Aig37_199	TTNI55_193	24.051	79	57	1	18	96	16	91	9.22e-06	32.7
bflTTN_Aig37_199	TTNI65_193	26.042	96	60	3	1	96	7	91	9.42e-06	32.7
bflTTN_Aig37_199	TTNI69_193	25.676	74	51	2	14	87	13	82	1.17e-05	32.7
bflTTN_Aig37_199	TTNA169_1100	23.188	69	51	1	18	86	22	88	1.30e-05	32.7
bflTTN_Aig37_199	TTNI59_193	27.160	81	55	2	15	95	14	90	1.62e-05	32.3
bflTTN_Aig37_199	TTNZ4_195	24.324	74	55	1	18	91	16	88	2.19e-05	32.0
bflTTN_Aig37_199	TTNI43_193	23.944	71	51	1	21	91	19	86	6.59e-05	30.4
bflTTN_Aig37_199	TTNI14_192	26.744	86	60	2	11	96	9	91	7.36e-05	30.4
bflTTN_Aig37_199	TTNA164_192	35.294	34	22	0	11	44	8	41	1.12e-04	30.0
bflTTN_Aig37_199	TTNI75_193	27.848	79	54	2	18	96	16	91	1.48e-04	29.6
bflTTN_Aig37_199	TTNA4_1121	23.932	117	63	3	7	97	4	120	2.37e-04	29.3
bflTTN_Aig37_199	TTNA18_199	24.419	86	59	3	18	98	15	99	3.13e-04	28.9
bflTTN_Aig37_199	TTNM7_192	24.590	61	43	1	31	91	28	85	5.01e-04	28.1
bflTTN_Aig37_199	TTNI106_194	30.909	55	31	2	31	83	30	79	6.97e-04	27.7
bflTTN_Aig37_199	TTNI30_194	21.622	74	55	1	18	91	17	87	8.82e-04	27.7
bflTTN_Aig37_199	TTNI105_190	23.750	80	55	2	18	97	16	89	8.86e-04	27.3
bflTTN_Aig37_199	TTNI74_193	24.419	86	58	2	14	97	12	92	0.001	27.3
bflTTN_Aig37_199	TTNI48_194	25.301	83	55	2	16	96	15	92	0.001	27.3
bflTTN_Aig37_199	TTNZ2_194	21.053	76	57	2	11	86	9	81	0.001	26.9
bflTTN_Aig37_199	TTNI61_193	25.000	84	60	2	13	96	11	91	0.002	26.9
bflTTN_Aig37_199	TTNZ6_195	23.864	88	63	2	11	96	6	91	0.002	26.9
bflTTN_Aig37_199	TTNM2_195	21.591	88	62	3	1	86	1	83	0.002	26.6
bflTTN_Aig37_199	TTNI100_188	21.053	76	56	2	18	93	16	87	0.002	26.6
bflTTN_Aig37_199	TTNZ1_195	16.250	80	64	2	18	97	15	91	0.004	25.8
bflTTN_Aig37_199	TTNI54_193	23.656	93	66	3	7	97	3	92	0.004	25.8
bflTTN_Aig37_199	TTNI99_188	26.389	72	45	3	19	88	17	82	0.005	25.4
bflTTN_Aig37_199	TTNI17_194	22.093	86	64	1	13	98	11	93	0.005	25.4
bflTTN_Aig37_199	TTNM9_196	21.839	87	65	1	11	97	9	92	0.008	25.0
bflTTN_Aig37_199	TTNM3_193	26.316	57	40	1	31	87	28	82	0.009	24.6
bflTTN_Aig37_199	TTNI39_193	21.250	80	60	2	18	97	16	92	0.013	24.3
bflTTN_Aig37_199	TTNI25_195	24.138	58	42	1	29	86	27	82	0.017	24.3
bflTTN_Aig37_199	TTNI12_187	24.490	49	34	1	29	77	26	71	0.019	23.9
bflTTN_Aig37_199	TTNZ9_193	22.973	74	45	2	18	87	15	80	0.022	23.9
bflTTN_Aig37_199	TTNI45_193	18.391	87	68	2	11	97	9	92	0.028	23.5
bflTTN_Aig37_199	TTNZ7_195	23.684	76	57	1	11	86	8	82	0.030	23.5
bflTTN_Aig37_199	TTNI71_193	24.638	69	49	2	18	86	16	81	0.034	23.1
bflTTN_Aig37_199	TTNZ5_193	24.138	29	22	0	18	46	16	44	0.038	23.1
bflTTN_Aig37_199	TTNI85_192	24.719	89	62	3	9	97	8	91	0.065	22.3
bflTTN_Aig37_199	TTNI33_193	22.826	92	66	3	8	97	4	92	0.067	22.3
bflTTN_Aig37_199	TTNA168_194	23.684	76	53	3	23	95	20	93	0.23	20.8
bflTTN_Aig37_199	TTNI56_193	21.622	74	55	1	18	91	16	86	0.32	20.4
bflTTN_Aig37_199	TTNM1_192	22.340	94	66	4	5	95	2	91	0.33	20.4
bflTTN_Aig37_199	TTNI40_193	22.973	74	54	1	18	91	16	86	0.44	20.0
bflTTN_Aig37_199	TTNI44_193	19.753	81	54	2	7	87	13	82	0.58	19.6
bflTTN_Aig37_199	TTNI89_188	30.303	33	22	1	14	46	12	43	0.78	19.2
bflTTN_Aig37_199	TTNI32_193	22.535	71	52	2	17	87	15	82	0.80	19.2
bflTTN_Aig37_199	TTNZ8_195	25.373	67	45	2	31	95	30	93	0.94	19.2
bflTTN_Aig37_199	TTNI80_194	55.556	9	4	0	31	39	29	37	0.96	19.2
bflTTN_Aig37_199	TTNI16_194	20.290	69	54	1	18	86	15	82	1.9	18.5
bflTTN_Aig37_199	TTNI63_193	18.919	74	57	1	18	91	16	86	2.7	17.7
bflTTN_Aig37_199	TTNI86_190	26.786	56	36	2	29	82	26	78	2.7	17.7
bflTTN_Aig37_199	TTNI1_194	25.926	81	44	4	25	95	19	93	3.5	17.7
bflTTN_Aig37_199	TTNI31_193	23.188	69	50	2	18	86	16	81	3.5	17.7
bflTTN_Aig37_199	TTNI24_192	35.000	20	13	0	18	37	15	34	9.0	16.5
bflTTN_Aig37_199	TTNI47_193	30.435	23	16	0	27	49	25	47	9.6	16.2
bflTTN_Aig38_197	TTNA101_192	34.483	87	57	0	9	95	5	91	3.38e-19	67.4
bflTTN_Aig38_197	TTNA1_193	35.955	89	57	0	8	96	5	93	1.63e-18	65.9
bflTTN_Aig38_197	TTNA57_195	35.484	93	60	0	4	96	3	95	5.02e-17	62.0
bflTTN_Aig38_197	TTNA79_193	33.684	95	60	1	1	95	1	92	6.04e-15	56.6
bflTTN_Aig38_197	TTNA83_196	33.333	84	56	0	12	95	12	95	1.13e-14	55.8
bflTTN_Aig38_197	TTNA145_195	36.957	92	58	0	5	96	4	95	1.46e-14	55.8
bflTTN_Aig38_197	TTNA68_195	30.769	91	63	0	4	94	3	93	1.61e-14	55.5
bflTTN_Aig38_197	TTNA50_196	29.474	95	67	0	1	95	1	95	2.91e-14	55.1
bflTTN_Aig38_197	TTNA90_192	30.120	83	58	0	13	95	9	91	1.39e-13	53.1
bflTTN_Aig38_197	TTNI106_194	32.258	93	62	1	4	96	3	94	3.04e-13	52.4
bflTTN_Aig38_197	TTNA134_195	30.435	92	64	0	5	96	4	95	7.69e-13	51.2
bflTTN_Aig38_197	TTNA153_193	30.769	91	56	3	8	94	4	91	1.18e-12	50.8
bflTTN_Aig38_197	TTNA156_195	28.261	92	66	0	4	95	3	94	1.24e-12	50.8
bflTTN_Aig38_197	TTNA123_196	31.579	95	65	0	1	95	1	95	1.71e-12	50.4
bflTTN_Aig38_197	TTNA94_195	30.952	84	58	0	12	95	11	94	3.79e-12	49.7
bflTTN_Aig38_197	TTNA98_194	31.250	80	53	1	16	95	16	93	4.00e-12	49.3
bflTTN_Aig38_197	TTNA54_196	30.769	91	60	1	8	95	5	95	4.18e-12	49.3
bflTTN_Aig38_197	TTNA87_194	30.000	80	54	1	16	95	16	93	5.83e-12	48.9
bflTTN_Aig38_197	TTNA18_199	28.155	103	63	2	1	96	1	99	6.15e-12	48.9
bflTTN_Aig38_197	TTNA76_194	30.769	91	58	2	8	95	5	93	6.71e-12	48.9
bflTTN_Aig38_197	TTNA112_192	32.955	88	59	0	8	95	4	91	7.47e-12	48.5
bflTTN_Aig38_197	TTNA149_197	28.736	87	62	0	9	95	10	96	9.77e-12	48.5
bflTTN_Aig38_197	TTNM5_194	31.765	85	58	0	10	94	7	91	1.14e-11	48.1
bflTTN_Aig38_197	TTNM10_195	34.091	88	55	2	9	94	7	93	1.90e-11	47.8
bflTTN_Aig38_197	TTNM10_195	33.333	27	18	0	71	97	14	40	5.7	16.9
bflTTN_Aig38_197	TTNI107_196	25.610	82	61	0	14	95	14	95	3.15e-11	47.0
bflTTN_Aig38_197	TTNI59_193	26.316	76	56	0	18	93	15	90	3.92e-11	47.0
bflTTN_Aig38_197	TTNZ1_195	35.366	82	49	2	16	93	12	93	7.14e-11	46.2
bflTTN_Aig38_197	TTNA109_194	31.818	66	43	1	30	95	30	93	7.22e-11	46.2
bflTTN_Aig38_197	TTNA25_194	28.571	84	60	0	12	95	10	93	9.14e-11	45.8
bflTTN_Aig38_197	TTNA160_193	25.532	94	66	2	4	96	3	93	1.01e-10	45.8
bflTTN_Aig38_197	TTNA138_196	31.325	83	57	0	12	94	12	94	1.05e-10	45.8
bflTTN_Aig38_197	TTNI70_194	31.395	86	57	2	11	95	9	93	1.48e-10	45.4
bflTTN_Aig38_197	TTNI44_193	33.333	57	38	0	28	84	25	81	1.60e-10	45.4
bflTTN_Aig38_197	TTNA46_192	27.586	87	63	0	9	95	5	91	2.36e-10	44.7
bflTTN_Aig38_197	TTNA120_193	30.435	92	62	1	4	95	3	92	2.40e-10	44.7
bflTTN_Aig38_197	TTNA116_196	28.235	85	59	2	12	95	12	95	4.18e-10	44.3
bflTTN_Aig38_197	TTNI49_193	25.676	74	55	0	21	94	18	91	4.62e-10	43.9
bflTTN_Aig38_197	TTNA65_194	26.087	92	66	1	4	95	4	93	5.72e-10	43.9
bflTTN_Aig38_197	TTNM9_196	28.049	82	57	2	15	95	12	92	5.76e-10	43.9
bflTTN_Aig38_197	TTNI45_193	26.744	86	63	0	10	95	7	92	8.15e-10	43.5
bflTTN_Aig38_197	TTNA131_197	28.750	80	56	1	17	95	17	96	1.80e-09	42.7
bflTTN_Aig38_197	TTNA165_196	27.273	77	55	1	19	94	18	94	2.14e-09	42.4
bflTTN_Aig38_197	TTNA61_197	25.882	85	62	1	12	95	12	96	2.95e-09	42.0
bflTTN_Aig38_197	TTNA36_196	25.263	95	71	0	1	95	1	95	6.17e-09	41.2
bflTTN_Aig38_197	TTNZ3_195	31.429	70	48	0	15	84	12	81	6.80e-09	41.2
bflTTN_Aig38_197	TTNI32_193	29.114	79	56	0	10	88	7	85	8.55e-09	40.8
bflTTN_Aig38_197	TTNI79_193	27.500	80	58	0	15	94	12	91	1.59e-08	40.0
bflTTN_Aig38_197	TTNA15_1104	23.656	93	63	1	11	95	10	102	1.60e-08	40.4
bflTTN_Aig38_197	TTNI53_193	30.000	70	49	0	19	88	16	85	2.43e-08	39.7
bflTTN_Aig38_197	TTNI69_193	26.761	71	52	0	18	88	15	85	5.28e-08	38.9
bflTTN_Aig38_197	TTNA11_1103	26.087	92	62	2	9	94	10	101	6.08e-08	38.9
bflTTN_Aig38_197	TTNI75_193	29.114	79	56	0	16	94	13	91	7.65e-08	38.1
bflTTN_Aig38_197	TTNI55_193	29.870	77	52	2	19	94	16	91	8.15e-08	38.1
bflTTN_Aig38_197	TTNI64_193	21.951	82	64	0	14	95	11	92	8.24e-08	38.1
bflTTN_Aig38_197	TTNA39_196	29.885	87	59	1	11	95	9	95	9.86e-08	38.1
bflTTN_Aig38_197	TTNI105_190	24.675	77	55	1	19	95	16	89	1.12e-07	37.7
bflTTN_Aig38_197	TTNI63_193	26.596	94	66	1	1	94	1	91	1.19e-07	37.7
bflTTN_Aig38_197	TTNI25_195	34.783	69	44	1	28	95	25	93	1.40e-07	37.7
bflTTN_Aig38_197	TTNA142_194	27.711	83	58	1	13	95	13	93	1.92e-07	37.4
bflTTN_Aig38_197	TTNA43_195	32.323	99	58	4	1	95	1	94	1.95e-07	37.4
bflTTN_Aig38_197	TTNZ6_195	28.736	87	61	1	9	94	5	91	2.10e-07	37.4
bflTTN_Aig38_197	TTNZ6_195	50.000	12	6	0	86	97	16	27	4.1	17.3
bflTTN_Aig38_197	TTNM3_193	22.500	80	61	1	16	94	12	91	2.40e-07	37.0
bflTTN_Aig38_197	TTNA105_197	28.235	85	60	1	12	95	12	96	3.84e-07	36.6
bflTTN_Aig38_197	TTNI42_194	23.596	89	58	2	11	94	9	92	4.10e-07	36.6
bflTTN_Aig38_197	TTNI24_192	23.750	80	59	2	16	94	12	90	4.14e-07	36.2
bflTTN_Aig38_197	TTNI73_193	24.706	85	64	0	10	94	7	91	4.73e-07	36.2
bflTTN_Aig38_197	TTNI82_188	28.750	80	54	2	15	94	12	88	6.55e-07	35.8
bflTTN_Aig38_197	TTNZ2_194	23.810	84	64	0	13	96	10	93	7.03e-07	35.8
bflTTN_Aig38_197	TTNA127_195	25.758	66	49	0	30	95	29	94	8.02e-07	35.8
bflTTN_Aig38_197	TTNZ9_193	24.719	89	66	1	9	97	5	92	9.28e-07	35.4
bflTTN_Aig38_197	TTNA29_194	28.916	83	51	2	16	95	16	93	9.84e-07	35.4
bflTTN_Aig38_197	TTNA72_196	27.381	84	61	0	12	95	12	95	1.04e-06	35.4
bflTTN_Aig38_197	TTNI58_194	24.051	79	60	0	16	94	14	92	1.41e-06	35.0
bflTTN_Aig38_197	TTNA22_194	25.000	84	61	1	12	95	12	93	1.74e-06	34.7
bflTTN_Aig38_197	TTNI30_194	23.750	80	61	0	13	92	11	90	1.91e-06	34.7
bflTTN_Aig38_197	TTNI16_194	29.412	68	44	2	30	94	26	92	1.91e-06	34.7
bflTTN_Aig38_197	TTNI27_194	23.636	55	42	0	30	84	27	81	2.24e-06	34.7
bflTTN_Aig38_197	TTNI67_193	26.596	94	66	1	1	94	1	91	2.52e-06	34.3
bflTTN_Aig38_197	TTNI51_193	22.785	79	61	0	10	88	7	85	2.69e-06	34.3
bflTTN_Aig38_197	TTNI80_194	27.368	95	58	2	1	94	8	92	2.94e-06	34.3
bflTTN_Aig38_197	TTNA169_1100	24.675	77	55	2	19	92	22	98	4.59e-06	33.9
bflTTN_Aig38_197	TTNI50_194	28.947	76	53	1	10	84	7	82	5.81e-06	33.5
bflTTN_Aig38_197	TTNI77_193	29.474	95	62	3	1	93	1	92	6.42e-06	33.1
bflTTN_Aig38_197	TTNI60_194	36.000	50	31	1	36	84	33	82	8.20e-06	33.1
bflTTN_Aig38_197	TTNI36_194	26.087	69	51	0	16	84	14	82	8.38e-06	33.1
bflTTN_Aig38_197	TTNA8_195	24.390	82	61	1	14	95	14	94	9.54e-06	32.7
bflTTN_Aig38_197	TTNI35_193	26.667	60	42	1	36	93	33	92	1.04e-05	32.7
bflTTN_Aig38_197	TTNA164_192	29.577	71	50	0	15	85	11	81	1.06e-05	32.7
bflTTN_Aig38_197	TTNI43_193	22.222	72	56	0	21	92	18	89	1.32e-05	32.3
bflTTN_Aig38_197	TTNI1_194	28.000	75	53	1	15	88	12	86	1.35e-05	32.3
bflTTN_Aig38_197	TTNI74_193	21.429	84	66	0	12	95	9	92	1.42e-05	32.3
bflTTN_Aig38_197	TTNI38_193	30.612	49	34	0	36	84	33	81	1.44e-05	32.3
bflTTN_Aig38_197	TTNI65_193	22.727	66	51	0	19	84	16	81	1.88e-05	32.0
bflTTN_Aig38_197	TTNI48_194	22.785	79	61	0	16	94	14	92	2.30e-05	32.0
bflTTN_Aig38_197	TTNI14_192	26.190	84	54	2	15	94	12	91	2.36e-05	31.6
bflTTN_Aig38_197	TTNM1_192	32.787	61	39	1	35	93	31	91	2.56e-05	31.6
bflTTN_Aig38_197	TTNI57_193	24.444	90	62	3	8	93	5	92	3.01e-05	31.6
bflTTN_Aig38_197	TTNI37_193	22.059	68	53	0	21	88	18	85	3.07e-05	31.6
bflTTN_Aig38_197	TTNZ7_195	23.457	81	60	1	16	94	12	92	3.97e-05	31.2
bflTTN_Aig38_197	TTNM7_192	25.000	72	52	1	25	94	21	92	5.83e-05	30.8
bflTTN_Aig38_197	TTNI39_193	22.500	80	62	0	16	95	13	92	1.14e-04	30.0
bflTTN_Aig38_197	TTNI33_193	23.256	86	66	0	10	95	7	92	1.70e-04	29.3
bflTTN_Aig38_197	TTNA4_1121	21.429	112	59	2	13	95	9	120	2.68e-04	29.3
bflTTN_Aig38_197	TTNI101_193	23.944	71	53	1	16	86	13	82	3.92e-04	28.5
bflTTN_Aig38_197	TTNI54_193	24.286	70	53	0	15	84	12	81	3.96e-04	28.5
bflTTN_Aig38_197	TTNI68_194	27.907	86	55	1	9	94	14	92	3.96e-04	28.5
bflTTN_Aig38_197	TTNI76_193	26.027	73	48	1	23	89	14	86	6.15e-04	28.1
bflTTN_Aig38_197	TTNI56_193	24.286	70	53	0	19	88	16	85	6.82e-04	27.7
bflTTN_Aig38_197	TTNI66_193	28.571	56	36	3	35	88	32	85	7.63e-04	27.7
bflTTN_Aig38_197	TTNI81_190	22.414	58	45	0	29	86	27	84	8.68e-04	27.3
bflTTN_Aig38_197	TTNI71_193	17.647	85	70	0	10	94	7	91	0.001	27.3
bflTTN_Aig38_197	TTNI78_194	25.556	90	65	1	6	93	4	93	0.001	27.3
bflTTN_Aig38_197	TTNM2_195	20.253	79	60	1	19	94	15	93	0.001	27.3
bflTTN_Aig38_197	TTNZ5_193	21.591	88	65	3	2	88	2	86	0.001	26.9
bflTTN_Aig38_197	TTNI12_187	32.692	52	33	2	29	79	25	75	0.002	26.6
bflTTN_Aig38_197	TTNM4_193	22.727	88	68	0	9	96	6	93	0.002	26.6
bflTTN_Aig38_197	TTNI72_193	22.078	77	58	1	19	93	16	92	0.003	26.2
bflTTN_Aig38_197	TTNI61_193	20.930	86	66	2	10	94	7	91	0.004	25.8
bflTTN_Aig38_197	TTNI47_193	21.687	83	58	2	13	88	3	85	0.007	25.0
bflTTN_Aig38_197	TTNI94_187	26.190	42	31	0	36	77	32	73	0.008	25.0
bflTTN_Aig38_197	TTNZ4_195	23.377	77	57	1	18	92	15	91	0.014	24.3
bflTTN_Aig38_197	TTNI40_193	20.339	59	47	0	36	94	33	91	0.015	24.3
bflTTN_Aig38_197	TTNI41_193	23.529	68	51	1	28	94	24	91	0.017	23.9
bflTTN_Aig38_197	TTNI17_194	24.390	82	62	0	15	96	12	93	0.035	23.1
bflTTN_Aig38_197	TTNI62_193	30.556	36	23	1	60	93	57	92	0.050	22.7
bflTTN_Aig38_197	TTNI11_187	21.429	42	33	0	38	79	34	75	0.052	22.7
bflTTN_Aig38_197	TTNA168_194	20.000	85	62	3	14	94	10	92	0.055	22.7
bflTTN_Aig38_197	TTNI84_196	25.000	56	40	1	37	90	37	92	0.077	22.3
bflTTN_Aig38_197	TTNI52_193	34.615	26	17	0	60	85	57	82	0.078	22.3
bflTTN_Aig38_197	TTNI31_193	17.308	52	43	0	35	86	32	83	0.081	21.9
bflTTN_Aig38_197	TTNI28_193	18.182	77	63	0	19	95	16	92	0.10	21.9
bflTTN_Aig38_197	TTNI104_188	21.429	56	44	0	35	90	31	86	0.12	21.6
bflTTN_Aig38_197	TTNM6_194	20.732	82	62	2	17	97	14	93	0.17	21.2
bflTTN_Aig38_197	TTNI88_187	21.333	75	44	1	21	80	1	75	0.17	21.2
bflTTN_Aig38_197	TTNI46_193	28.571	28	20	0	61	88	58	85	0.29	20.4
bflTTN_Aig38_197	TTNI83_193	25.000	44	33	0	36	79	32	75	0.50	20.0
bflTTN_Aig38_197	TTNI89_188	23.077	78	57	2	15	92	12	86	0.52	20.0
bflTTN_Aig38_197	TTNI96_188	26.866	67	48	1	15	81	12	77	0.58	19.6
bflTTN_Aig38_197	TTNI92_187	18.182	44	36	0	38	81	34	77	1.0	18.9
bflTTN_Aig38_197	TTNI4_189	20.513	39	31	0	38	76	34	72	1.3	18.9
bflTTN_Aig38_197	TTNI6_187	40.000	25	11	1	62	86	58	78	2.6	17.7
bflTTN_Aig38_197	TTNI85_192	35.000	20	13	0	62	81	59	78	2.7	17.7
bflTTN_Aig38_197	TTNI90_187	18.182	44	36	0	36	79	31	74	3.2	17.7
bflTTN_Aig38_197	TTNI99_188	20.000	50	40	0	29	78	25	74	4.9	16.9
bflTTN_Aig38_197	TTNI9_187	28.571	42	28	2	36	76	32	72	5.5	16.9
bflTTN_Aig38_197	TTNI95_188	24.561	57	39	3	38	93	34	87	7.4	16.5
bflTTN_Aig39_197	TTNA149_197	42.105	95	54	1	1	94	1	95	1.52e-21	73.6
bflTTN_Aig39_197	TTNA36_196	36.170	94	60	0	1	94	1	94	4.45e-19	67.4
bflTTN_Aig39_197	TTNA116_196	31.915	94	64	0	1	94	1	94	2.74e-18	65.1
bflTTN_Aig39_197	TTNA131_197	34.043	94	59	1	2	92	2	95	2.81e-17	62.8
bflTTN_Aig39_197	TTNA83_196	32.979	94	63	0	1	94	1	94	6.39e-17	61.6
bflTTN_Aig39_197	TTNI107_196	39.785	93	56	0	2	94	2	94	1.20e-16	61.2
bflTTN_Aig39_197	TTNA46_192	29.787	94	62	1	1	94	1	90	1.27e-16	60.8
bflTTN_Aig39_197	TTNA142_194	34.409	93	59	1	2	94	2	92	1.57e-16	60.8
bflTTN_Aig39_197	TTNA32_196	31.915	94	64	0	1	94	1	94	2.54e-16	60.1
bflTTN_Aig39_197	TTNA57_195	33.696	92	55	3	7	92	2	93	7.57e-16	58.9
bflTTN_Aig39_197	TTNA109_194	31.915	94	62	1	1	94	1	92	1.74e-15	58.2
bflTTN_Aig39_197	TTNA22_194	30.108	93	63	1	2	94	2	92	1.96e-15	57.8
bflTTN_Aig39_197	TTNA145_195	34.375	96	61	2	2	96	1	95	3.77e-14	54.7
bflTTN_Aig39_197	TTNA94_195	30.108	93	65	0	2	94	1	93	4.25e-14	54.7
bflTTN_Aig39_197	TTNA43_195	32.632	95	61	2	1	94	1	93	6.41e-14	53.9
bflTTN_Aig39_197	TTNA156_195	31.183	93	64	0	2	94	1	93	6.55e-14	53.9
bflTTN_Aig39_197	TTNA79_193	31.915	94	61	1	1	94	1	91	9.75e-14	53.5
bflTTN_Aig39_197	TTNA50_196	29.787	94	66	0	1	94	1	94	1.04e-13	53.5
bflTTN_Aig39_197	TTNA76_194	30.851	94	63	1	1	94	1	92	1.31e-13	53.1
bflTTN_Aig39_197	TTNA61_197	35.106	94	60	1	2	94	2	95	1.41e-13	53.1
bflTTN_Aig39_197	TTNA25_194	30.851	94	63	1	1	94	1	92	3.49e-13	52.0
bflTTN_Aig39_197	TTNA65_194	30.108	93	63	1	2	94	2	92	5.27e-13	51.6
bflTTN_Aig39_197	TTNA105_197	31.915	94	63	1	2	94	2	95	5.75e-13	51.6
bflTTN_Aig39_197	TTNA8_195	30.851	94	64	1	1	94	1	93	7.77e-13	51.2
bflTTN_Aig39_197	TTNA68_195	30.380	79	55	0	17	95	16	94	9.74e-13	50.8
bflTTN_Aig39_197	TTNA98_194	31.183	93	62	1	2	94	2	92	1.78e-12	50.4
bflTTN_Aig39_197	TTNA134_195	33.333	84	56	0	13	96	12	95	1.90e-12	50.4
bflTTN_Aig39_197	TTNA72_196	31.183	93	64	0	2	94	2	94	2.26e-12	50.1
bflTTN_Aig39_197	TTNA127_195	26.882	93	68	0	2	94	1	93	4.60e-12	49.3
bflTTN_Aig39_197	TTNA1_193	29.787	94	65	1	3	96	1	93	5.12e-12	49.3
bflTTN_Aig39_197	TTNA153_193	29.032	93	64	1	2	94	1	91	6.85e-12	48.9
bflTTN_Aig39_197	TTNA87_194	30.108	93	63	1	2	94	2	92	7.80e-12	48.5
bflTTN_Aig39_197	TTNI51_193	35.802	81	52	0	14	94	11	91	1.12e-11	48.1
bflTTN_Aig39_197	TTNA90_192	27.160	81	59	0	12	92	8	88	1.59e-11	47.8
bflTTN_Aig39_197	TTNA120_193	30.851	94	61	2	2	94	1	91	2.87e-11	47.4
bflTTN_Aig39_197	TTNA18_199	29.167	96	61	1	8	96	4	99	3.05e-11	47.4
bflTTN_Aig39_197	TTNA101_192	28.916	83	59	0	12	94	8	90	3.88e-11	47.0
bflTTN_Aig39_197	TTNA160_193	30.526	95	64	1	2	96	1	93	5.77e-11	46.2
bflTTN_Aig39_197	TTNA15_1104	23.762	101	69	2	2	94	1	101	7.45e-11	46.2
bflTTN_Aig39_197	TTNM10_195	24.742	97	68	2	1	95	1	94	1.22e-10	45.4
bflTTN_Aig39_197	TTNM9_196	30.263	76	53	0	19	94	16	91	2.20e-10	45.1
bflTTN_Aig39_197	TTNA29_194	30.303	99	57	2	1	94	1	92	3.21e-10	44.7
bflTTN_Aig39_197	TTNA39_196	30.851	94	63	1	3	94	1	94	4.86e-10	43.9
bflTTN_Aig39_197	TTNA165_196	27.368	95	68	1	2	95	1	95	7.37e-10	43.5
bflTTN_Aig39_197	TTNA54_196	28.866	97	63	4	1	94	1	94	7.77e-10	43.5
bflTTN_Aig39_197	TTNZ3_195	29.474	95	64	2	1	95	1	92	1.18e-09	43.1
bflTTN_Aig39_197	TTNI14_192	25.610	82	61	0	14	95	11	92	2.74e-09	42.0
bflTTN_Aig39_197	TTNI53_193	28.571	77	55	0	19	95	16	92	3.04e-09	42.0
bflTTN_Aig39_197	TTNZ6_195	26.250	80	58	1	19	97	15	94	3.37e-09	42.0
bflTTN_Aig39_197	TTNZ4_195	28.947	76	52	1	19	92	16	91	8.24e-09	40.8
bflTTN_Aig39_197	TTNI71_193	32.468	77	52	0	19	95	16	92	1.23e-08	40.4
bflTTN_Aig39_197	TTNA169_1100	26.804	97	68	2	1	94	2	98	1.23e-08	40.4
bflTTN_Aig39_197	TTNI45_193	28.090	89	56	1	6	94	11	91	1.50e-08	40.0
bflTTN_Aig39_197	TTNM1_192	32.203	59	40	0	38	96	34	92	1.77e-08	40.0
bflTTN_Aig39_197	TTNI73_193	24.706	85	64	0	12	96	9	93	1.92e-08	40.0
bflTTN_Aig39_197	TTNA112_192	24.359	78	59	0	17	94	13	90	2.46e-08	39.7
bflTTN_Aig39_197	TTNI74_193	27.160	81	59	0	12	92	9	89	3.34e-08	39.3
bflTTN_Aig39_197	TTNI61_193	30.488	82	57	0	14	95	11	92	3.56e-08	39.3
bflTTN_Aig39_197	TTNA11_1103	28.713	101	65	3	1	94	1	101	4.52e-08	39.3
bflTTN_Aig39_197	TTNA123_196	27.368	95	67	2	1	94	1	94	4.55e-08	38.9
bflTTN_Aig39_197	TTNI39_193	29.577	71	50	0	24	94	21	91	4.60e-08	38.9
bflTTN_Aig39_197	TTNI91_188	28.986	69	46	1	25	90	18	86	4.92e-08	38.5
bflTTN_Aig39_197	TTNI33_193	29.870	77	54	0	18	94	15	91	5.93e-08	38.5
bflTTN_Aig39_197	TTNA164_192	26.506	83	61	0	14	96	10	92	6.98e-08	38.5
bflTTN_Aig39_197	TTNI54_193	28.571	70	50	0	15	84	12	81	2.97e-07	36.6
bflTTN_Aig39_197	TTNI43_193	26.667	75	55	0	21	95	18	92	3.63e-07	36.6
bflTTN_Aig39_197	TTNZ2_194	26.506	83	61	0	14	96	11	93	4.61e-07	36.2
bflTTN_Aig39_197	TTNI106_194	30.137	73	51	0	22	94	20	92	5.17e-07	36.2
bflTTN_Aig39_197	TTNA138_196	21.053	95	75	0	1	95	1	95	5.88e-07	36.2
bflTTN_Aig39_197	TTNM3_193	25.000	80	59	1	17	95	13	92	6.77e-07	35.8
bflTTN_Aig39_197	TTNI80_194	29.851	67	46	1	29	94	26	92	7.41e-07	35.8
bflTTN_Aig39_197	TTNI64_193	28.395	81	54	1	14	90	11	91	7.60e-07	35.8
bflTTN_Aig39_197	TTNI79_193	21.951	82	64	0	14	95	11	92	1.06e-06	35.4
bflTTN_Aig39_197	TTNM4_193	26.582	79	58	0	18	96	15	93	1.69e-06	34.7
bflTTN_Aig39_197	TTNI4_189	33.333	42	28	0	38	79	34	75	2.74e-06	34.3
bflTTN_Aig39_197	TTNI105_190	24.691	81	58	2	14	94	11	88	3.30e-06	33.9
bflTTN_Aig39_197	TTNI75_193	27.273	77	56	0	19	95	16	92	5.78e-06	33.5
bflTTN_Aig39_197	TTNM7_192	27.273	66	48	0	30	95	26	91	5.81e-06	33.5
bflTTN_Aig39_197	TTNI25_195	28.788	66	46	1	30	94	27	92	7.19e-06	33.1
bflTTN_Aig39_197	TTNI58_194	25.000	96	70	1	1	96	1	94	8.64e-06	32.7
bflTTN_Aig39_197	TTNM5_194	23.171	82	63	0	14	95	11	92	8.73e-06	32.7
bflTTN_Aig39_197	TTNI70_194	29.851	67	46	1	19	84	16	82	8.92e-06	32.7
bflTTN_Aig39_197	TTNA4_1121	24.138	116	59	3	8	94	4	119	1.00e-05	33.1
bflTTN_Aig39_197	TTNZ9_193	25.974	77	56	1	19	95	15	90	1.03e-05	32.7
bflTTN_Aig39_197	TTNI50_194	28.378	74	52	1	12	84	9	82	1.16e-05	32.7
bflTTN_Aig39_197	TTNI44_193	29.333	75	45	1	10	84	15	81	1.47e-05	32.3
bflTTN_Aig39_197	TTNI48_194	25.263	95	69	1	1	95	1	93	2.38e-05	31.6
bflTTN_Aig39_197	TTNM2_195	24.731	93	66	3	5	94	2	93	3.29e-05	31.6
bflTTN_Aig39_197	TTNI24_192	25.000	72	54	0	24	95	20	91	3.36e-05	31.2
bflTTN_Aig39_197	TTNI46_193	25.974	77	57	0	13	89	10	86	3.48e-05	31.2
bflTTN_Aig39_197	TTNI46_193	77.778	9	2	0	85	93	54	62	9.3	16.2
bflTTN_Aig39_197	TTNI92_187	25.000	60	44	1	33	91	28	87	3.50e-05	31.2
bflTTN_Aig39_197	TTNI42_194	23.377	77	59	0	19	95	17	93	3.57e-05	31.2
bflTTN_Aig39_197	TTNI57_193	25.641	78	58	0	18	95	15	92	3.90e-05	31.2
bflTTN_Aig39_197	TTNI10_187	30.189	53	37	0	38	90	34	86	4.46e-05	30.8
bflTTN_Aig39_197	TTNI12_187	26.984	63	46	0	29	91	25	87	4.50e-05	30.8
bflTTN_Aig39_197	TTNI55_193	25.974	77	57	0	19	95	16	92	4.81e-05	30.8
bflTTN_Aig39_197	TTNI27_194	22.368	76	59	0	19	94	16	91	5.13e-05	30.8
bflTTN_Aig39_197	TTNI1_194	26.582	79	57	1	19	96	16	94	5.87e-05	30.8
bflTTN_Aig39_197	TTNI100_188	23.611	72	54	1	19	90	16	86	7.69e-05	30.4
bflTTN_Aig39_197	TTNI16_194	20.513	78	60	1	19	94	15	92	8.62e-05	30.4
bflTTN_Aig39_197	TTNZ1_195	24.051	79	58	1	19	95	15	93	9.78e-05	30.0
bflTTN_Aig39_197	TTNI77_193	19.481	77	62	0	19	95	16	92	1.02e-04	30.0
bflTTN_Aig39_197	TTNI81_190	30.508	59	41	0	32	90	30	88	1.54e-04	29.6
bflTTN_Aig39_197	TTNI63_193	23.377	77	59	0	19	95	16	92	1.60e-04	29.6
bflTTN_Aig39_197	TTNI67_193	23.377	77	59	0	19	95	16	92	2.39e-04	28.9
bflTTN_Aig39_197	TTNI35_193	25.974	77	57	0	19	95	16	92	2.46e-04	28.9
bflTTN_Aig39_197	TTNI94_187	24.590	61	46	0	31	91	27	87	3.14e-04	28.5
bflTTN_Aig39_197	TTNI69_193	24.242	66	50	0	19	84	16	81	3.64e-04	28.5
bflTTN_Aig39_197	TTNI99_188	25.000	60	45	0	31	90	27	86	3.91e-04	28.5
bflTTN_Aig39_197	TTNI78_194	26.471	68	50	0	19	86	17	84	4.09e-04	28.5
bflTTN_Aig39_197	TTNI76_193	28.378	74	53	0	19	92	16	89	4.86e-04	28.1
bflTTN_Aig39_197	TTNI17_194	28.814	59	42	0	38	96	35	93	8.73e-04	27.7
bflTTN_Aig39_197	TTNI40_193	24.675	77	58	0	19	95	16	92	0.001	27.3
bflTTN_Aig39_197	TTNI95_188	26.415	53	39	0	38	90	34	86	0.001	27.3
bflTTN_Aig39_197	TTNI9_187	31.818	44	30	0	48	91	44	87	0.001	26.9
bflTTN_Aig39_197	TTNI60_194	28.358	67	47	1	19	84	16	82	0.002	26.6
bflTTN_Aig39_197	TTNI11_187	25.714	70	49	1	22	91	21	87	0.003	26.2
bflTTN_Aig39_197	TTNI96_188	25.641	78	57	1	13	90	10	86	0.005	25.4
bflTTN_Aig39_197	TTNI97_188	24.528	53	40	0	38	90	34	86	0.006	25.4
bflTTN_Aig39_197	TTNI15_191	25.862	58	43	0	38	95	34	91	0.006	25.4
bflTTN_Aig39_197	TTNI3_187	20.896	67	46	1	20	79	9	75	0.008	25.0
bflTTN_Aig39_197	TTNI3_187	39.130	23	10	1	73	91	54	76	5.1	16.9
bflTTN_Aig39_197	TTNI34_193	29.167	72	51	0	24	95	21	92	0.008	25.0
bflTTN_Aig39_197	TTNI6_187	30.000	40	28	0	38	77	34	73	0.009	24.6
bflTTN_Aig39_197	TTNI88_187	27.586	58	42	0	33	90	28	85	0.011	24.6
bflTTN_Aig39_197	TTNI47_193	25.000	68	51	0	22	89	19	86	0.018	23.9
bflTTN_Aig39_197	TTNI5_188	26.316	57	42	0	35	91	32	88	0.020	23.9
bflTTN_Aig39_197	TTNI86_190	23.810	63	46	1	30	90	26	88	0.022	23.5
bflTTN_Aig39_197	TTNI26_191	22.785	79	58	2	17	94	13	89	0.026	23.5
bflTTN_Aig39_197	TTNI28_193	21.951	82	64	0	13	94	10	91	0.033	23.1
bflTTN_Aig39_197	TTNI82_188	22.785	79	60	1	14	92	11	88	0.035	23.1
bflTTN_Aig39_197	TTNI104_188	19.643	56	45	0	35	90	31	86	0.050	22.7
bflTTN_Aig39_197	TTNI41_193	21.212	66	52	0	22	87	19	84	0.051	22.7
bflTTN_Aig39_197	TTNI90_187	24.638	69	52	0	23	91	18	86	0.059	22.3
bflTTN_Aig39_197	TTNZ8_195	24.242	66	50	0	30	95	28	93	0.064	22.3
bflTTN_Aig39_197	TTNI85_192	41.176	34	19	1	60	92	57	90	0.064	22.3
bflTTN_Aig39_197	TTNI8_188	27.273	55	40	0	37	91	34	88	0.066	22.3
bflTTN_Aig39_197	TTNI52_193	20.779	77	61	0	19	95	16	92	0.073	22.3
bflTTN_Aig39_197	TTNI72_193	19.231	78	63	0	18	95	15	92	0.075	22.3
bflTTN_Aig39_197	TTNI7_187	26.667	60	44	0	32	91	28	87	0.079	21.9
bflTTN_Aig39_197	TTNM8_193	25.333	75	54	1	10	84	8	80	0.080	22.3
bflTTN_Aig39_197	TTNA168_194	24.390	82	58	3	16	95	14	93	0.093	21.9
bflTTN_Aig39_197	TTNI102_188	34.483	29	19	0	62	90	58	86	0.11	21.6
bflTTN_Aig39_197	TTNI102_188	32.000	25	13	1	69	89	50	74	8.9	16.2
bflTTN_Aig39_197	TTNI13_190	26.667	45	31	1	49	93	47	89	0.30	20.4
bflTTN_Aig39_197	TTNI103_188	33.333	30	20	0	62	91	58	87	0.40	20.0
bflTTN_Aig39_197	TTNM6_194	23.529	34	26	0	59	92	57	90	0.66	19.6
bflTTN_Aig39_197	TTNM6_194	23.077	39	30	0	16	54	36	74	7.7	16.5
bflTTN_Aig39_197	TTNI38_193	34.783	23	15	0	73	95	70	92	1.5	18.5
bflTTN_Aig39_197	TTNI84_196	21.667	60	47	0	36	95	36	95	1.6	18.5
bflTTN_Aig40_198	TTNA149_197	42.105	95	54	1	2	95	1	95	1.49e-21	73.6
bflTTN_Aig40_198	TTNA36_196	36.170	94	60	0	2	95	1	94	4.71e-19	67.4
bflTTN_Aig40_198	TTNA116_196	31.915	94	64	0	2	95	1	94	2.84e-18	65.1
bflTTN_Aig40_198	TTNA131_197	34.043	94	59	1	3	93	2	95	2.67e-17	62.8
bflTTN_Aig40_198	TTNA83_196	32.979	94	63	0	2	95	1	94	7.14e-17	61.6
bflTTN_Aig40_198	TTNI107_196	39.785	93	56	0	3	95	2	94	1.24e-16	61.2
bflTTN_Aig40_198	TTNA46_192	29.787	94	62	1	2	95	1	90	1.24e-16	60.8
bflTTN_Aig40_198	TTNA142_194	34.409	93	59	1	3	95	2	92	1.64e-16	60.8
bflTTN_Aig40_198	TTNA32_196	31.915	94	64	0	2	95	1	94	2.71e-16	60.1
bflTTN_Aig40_198	TTNA57_195	33.696	92	55	3	8	93	2	93	7.91e-16	58.9
bflTTN_Aig40_198	TTNA109_194	31.915	94	62	1	2	95	1	92	1.72e-15	58.2
bflTTN_Aig40_198	TTNA22_194	30.108	93	63	1	3	95	2	92	2.12e-15	57.8
bflTTN_Aig40_198	TTNA145_195	34.375	96	61	2	3	97	1	95	3.62e-14	54.7
bflTTN_Aig40_198	TTNA94_195	30.108	93	65	0	3	95	1	93	5.00e-14	54.3
bflTTN_Aig40_198	TTNA43_195	32.632	95	61	2	2	95	1	93	6.28e-14	53.9
bflTTN_Aig40_198	TTNA156_195	31.183	93	64	0	3	95	1	93	7.15e-14	53.9
bflTTN_Aig40_198	TTNA79_193	31.915	94	61	1	2	95	1	91	9.65e-14	53.5
bflTTN_Aig40_198	TTNA50_196	29.787	94	66	0	2	95	1	94	1.04e-13	53.5
bflTTN_Aig40_198	TTNA76_194	30.851	94	63	1	2	95	1	92	1.47e-13	53.1
bflTTN_Aig40_198	TTNA61_197	35.106	94	60	1	3	95	2	95	1.61e-13	53.1
bflTTN_Aig40_198	TTNA25_194	30.851	94	63	1	2	95	1	92	3.81e-13	52.0
bflTTN_Aig40_198	TTNA65_194	30.108	93	63	1	3	95	2	92	4.93e-13	51.6
bflTTN_Aig40_198	TTNA105_197	31.915	94	63	1	3	95	2	95	6.07e-13	51.6
bflTTN_Aig40_198	TTNA8_195	30.851	94	64	1	2	95	1	93	7.85e-13	51.2
bflTTN_Aig40_198	TTNA68_195	30.380	79	55	0	18	96	16	94	9.13e-13	51.2
bflTTN_Aig40_198	TTNA98_194	31.183	93	62	1	3	95	2	92	1.76e-12	50.4
bflTTN_Aig40_198	TTNA134_195	33.333	84	56	0	14	97	12	95	1.96e-12	50.4
bflTTN_Aig40_198	TTNA72_196	31.183	93	64	0	3	95	2	94	2.60e-12	50.1
bflTTN_Aig40_198	TTNA127_195	26.882	93	68	0	3	95	1	93	5.06e-12	49.3
bflTTN_Aig40_198	TTNA1_193	29.787	94	65	1	4	97	1	93	5.46e-12	48.9
bflTTN_Aig40_198	TTNA153_193	29.032	93	64	1	3	95	1	91	7.30e-12	48.9
bflTTN_Aig40_198	TTNA87_194	30.108	93	63	1	3	95	2	92	8.05e-12	48.5
bflTTN_Aig40_198	TTNI51_193	35.802	81	52	0	15	95	11	91	1.02e-11	48.5
bflTTN_Aig40_198	TTNA90_192	27.160	81	59	0	13	93	8	88	1.60e-11	47.8
bflTTN_Aig40_198	TTNA18_199	29.167	96	61	1	9	97	4	99	2.95e-11	47.4
bflTTN_Aig40_198	TTNA120_193	30.851	94	61	2	3	95	1	91	2.96e-11	47.4
bflTTN_Aig40_198	TTNA101_192	28.916	83	59	0	13	95	8	90	3.87e-11	47.0
bflTTN_Aig40_198	TTNA160_193	30.526	95	64	1	3	97	1	93	5.88e-11	46.6
bflTTN_Aig40_198	TTNA15_1104	23.762	101	69	2	3	95	1	101	7.94e-11	46.2
bflTTN_Aig40_198	TTNM10_195	24.742	97	68	2	2	96	1	94	1.24e-10	45.4
bflTTN_Aig40_198	TTNM9_196	30.263	76	53	0	20	95	16	91	2.10e-10	45.1
bflTTN_Aig40_198	TTNA29_194	30.303	99	57	2	2	95	1	92	3.56e-10	44.3
bflTTN_Aig40_198	TTNA39_196	30.851	94	63	1	4	95	1	94	5.75e-10	43.9
bflTTN_Aig40_198	TTNA54_196	28.866	97	63	4	2	95	1	94	7.92e-10	43.5
bflTTN_Aig40_198	TTNA165_196	27.368	95	68	1	3	96	1	95	8.18e-10	43.5
bflTTN_Aig40_198	TTNZ3_195	29.474	95	64	2	2	96	1	92	1.14e-09	43.1
bflTTN_Aig40_198	TTNI14_192	25.610	82	61	0	15	96	11	92	2.94e-09	42.0
bflTTN_Aig40_198	TTNI53_193	28.571	77	55	0	20	96	16	92	3.16e-09	42.0
bflTTN_Aig40_198	TTNZ6_195	26.250	80	58	1	20	98	15	94	3.28e-09	42.0
bflTTN_Aig40_198	TTNZ4_195	28.947	76	52	1	20	93	16	91	8.57e-09	40.8
bflTTN_Aig40_198	TTNI71_193	32.468	77	52	0	20	96	16	92	1.20e-08	40.4
bflTTN_Aig40_198	TTNA169_1100	26.531	98	69	2	1	95	1	98	1.22e-08	40.4
bflTTN_Aig40_198	TTNI45_193	28.090	89	56	1	7	95	11	91	1.36e-08	40.4
bflTTN_Aig40_198	TTNM1_192	32.203	59	40	0	39	97	34	92	1.76e-08	40.0
bflTTN_Aig40_198	TTNI73_193	24.706	85	64	0	13	97	9	93	2.04e-08	39.7
bflTTN_Aig40_198	TTNA112_192	24.359	78	59	0	18	95	13	90	2.59e-08	39.7
bflTTN_Aig40_198	TTNI74_193	27.160	81	59	0	13	93	9	89	3.51e-08	39.3
bflTTN_Aig40_198	TTNI61_193	30.488	82	57	0	15	96	11	92	3.51e-08	39.3
bflTTN_Aig40_198	TTNA123_196	27.368	95	67	2	2	95	1	94	4.48e-08	38.9
bflTTN_Aig40_198	TTNA11_1103	28.713	101	65	3	2	95	1	101	4.80e-08	38.9
bflTTN_Aig40_198	TTNI39_193	29.577	71	50	0	25	95	21	91	4.93e-08	38.9
bflTTN_Aig40_198	TTNI91_188	28.986	69	46	1	26	91	18	86	5.39e-08	38.5
bflTTN_Aig40_198	TTNI33_193	29.870	77	54	0	19	95	15	91	6.36e-08	38.5
bflTTN_Aig40_198	TTNA164_192	26.506	83	61	0	15	97	10	92	7.02e-08	38.5
bflTTN_Aig40_198	TTNI54_193	28.571	70	50	0	16	85	12	81	2.95e-07	37.0
bflTTN_Aig40_198	TTNI43_193	26.667	75	55	0	22	96	18	92	3.57e-07	36.6
bflTTN_Aig40_198	TTNZ2_194	26.506	83	61	0	15	97	11	93	5.26e-07	36.2
bflTTN_Aig40_198	TTNI106_194	30.137	73	51	0	23	95	20	92	5.48e-07	36.2
bflTTN_Aig40_198	TTNA138_196	21.053	95	75	0	2	96	1	95	6.30e-07	35.8
bflTTN_Aig40_198	TTNM3_193	25.000	80	59	1	18	96	13	92	7.02e-07	35.8
bflTTN_Aig40_198	TTNI80_194	29.851	67	46	1	30	95	26	92	7.76e-07	35.8
bflTTN_Aig40_198	TTNI64_193	28.395	81	54	1	15	91	11	91	8.49e-07	35.4
bflTTN_Aig40_198	TTNI79_193	21.951	82	64	0	15	96	11	92	1.15e-06	35.4
bflTTN_Aig40_198	TTNM4_193	26.582	79	58	0	19	97	15	93	1.65e-06	34.7
bflTTN_Aig40_198	TTNI4_189	33.333	42	28	0	39	80	34	75	2.69e-06	34.3
bflTTN_Aig40_198	TTNI105_190	24.691	81	58	2	15	95	11	88	3.34e-06	33.9
bflTTN_Aig40_198	TTNM7_192	27.273	66	48	0	31	96	26	91	5.83e-06	33.5
bflTTN_Aig40_198	TTNI75_193	27.273	77	56	0	20	96	16	92	6.44e-06	33.1
bflTTN_Aig40_198	TTNI25_195	28.788	66	46	1	31	95	27	92	7.60e-06	33.1
bflTTN_Aig40_198	TTNM5_194	23.171	82	63	0	15	96	11	92	8.15e-06	33.1
bflTTN_Aig40_198	TTNI58_194	25.000	96	70	1	2	97	1	94	9.14e-06	32.7
bflTTN_Aig40_198	TTNI70_194	29.851	67	46	1	20	85	16	82	9.53e-06	32.7
bflTTN_Aig40_198	TTNZ9_193	25.974	77	56	1	20	96	15	90	1.08e-05	32.7
bflTTN_Aig40_198	TTNA4_1121	24.138	116	59	3	9	95	4	119	1.12e-05	33.1
bflTTN_Aig40_198	TTNI50_194	28.378	74	52	1	13	85	9	82	1.26e-05	32.3
bflTTN_Aig40_198	TTNI44_193	29.333	75	45	1	11	85	15	81	1.60e-05	32.3
bflTTN_Aig40_198	TTNI48_194	25.263	95	69	1	2	96	1	93	2.54e-05	31.6
bflTTN_Aig40_198	TTNM2_195	24.731	93	66	3	6	95	2	93	3.44e-05	31.2
bflTTN_Aig40_198	TTNI24_192	25.000	72	54	0	25	96	20	91	3.51e-05	31.2
bflTTN_Aig40_198	TTNI92_187	25.000	60	44	1	34	92	28	87	3.59e-05	31.2
bflTTN_Aig40_198	TTNI46_193	25.974	77	57	0	14	90	10	86	3.60e-05	31.2
bflTTN_Aig40_198	TTNI46_193	77.778	9	2	0	86	94	54	62	9.1	16.5
bflTTN_Aig40_198	TTNI42_194	23.377	77	59	0	20	96	17	93	4.14e-05	31.2
bflTTN_Aig40_198	TTNI57_193	25.641	78	58	0	19	96	15	92	4.17e-05	31.2
bflTTN_Aig40_198	TTNI12_187	26.984	63	46	0	30	92	25	87	4.61e-05	30.8
bflTTN_Aig40_198	TTNI10_187	30.189	53	37	0	39	91	34	86	4.75e-05	30.8
bflTTN_Aig40_198	TTNI55_193	25.974	77	57	0	20	96	16	92	5.02e-05	30.8
bflTTN_Aig40_198	TTNI27_194	22.368	76	59	0	20	95	16	91	5.25e-05	30.8
bflTTN_Aig40_198	TTNI1_194	26.582	79	57	1	20	97	16	94	6.33e-05	30.8
bflTTN_Aig40_198	TTNI100_188	23.611	72	54	1	20	91	16	86	8.28e-05	30.4
bflTTN_Aig40_198	TTNI16_194	20.513	78	60	1	20	95	15	92	9.38e-05	30.0
bflTTN_Aig40_198	TTNI77_193	19.481	77	62	0	20	96	16	92	1.09e-04	30.0
bflTTN_Aig40_198	TTNZ1_195	24.051	79	58	1	20	96	15	93	1.12e-04	30.0
bflTTN_Aig40_198	TTNI63_193	23.377	77	59	0	20	96	16	92	1.65e-04	29.6
bflTTN_Aig40_198	TTNI81_190	30.508	59	41	0	33	91	30	88	1.69e-04	29.3
bflTTN_Aig40_198	TTNI67_193	23.377	77	59	0	20	96	16	92	2.57e-04	28.9
bflTTN_Aig40_198	TTNI35_193	25.974	77	57	0	20	96	16	92	2.65e-04	28.9
bflTTN_Aig40_198	TTNI94_187	24.590	61	46	0	32	92	27	87	3.56e-04	28.5
bflTTN_Aig40_198	TTNI69_193	24.242	66	50	0	20	85	16	81	3.65e-04	28.5
bflTTN_Aig40_198	TTNI78_194	26.471	68	50	0	20	87	17	84	4.22e-04	28.5
bflTTN_Aig40_198	TTNI99_188	25.000	60	45	0	32	91	27	86	4.38e-04	28.1
bflTTN_Aig40_198	TTNI76_193	28.378	74	53	0	20	93	16	89	5.07e-04	28.1
bflTTN_Aig40_198	TTNI17_194	28.814	59	42	0	39	97	35	93	8.91e-04	27.7
bflTTN_Aig40_198	TTNI95_188	26.415	53	39	0	39	91	34	86	0.001	27.3
bflTTN_Aig40_198	TTNI40_193	24.675	77	58	0	20	96	16	92	0.001	27.3
bflTTN_Aig40_198	TTNI9_187	31.818	44	30	0	49	92	44	87	0.001	26.9
bflTTN_Aig40_198	TTNI60_194	28.358	67	47	1	20	85	16	82	0.002	26.6
bflTTN_Aig40_198	TTNI11_187	25.714	70	49	1	23	92	21	87	0.003	25.8
bflTTN_Aig40_198	TTNI96_188	25.641	78	57	1	14	91	10	86	0.005	25.4
bflTTN_Aig40_198	TTNI97_188	24.528	53	40	0	39	91	34	86	0.006	25.4
bflTTN_Aig40_198	TTNI15_191	25.862	58	43	0	39	96	34	91	0.006	25.0
bflTTN_Aig40_198	TTNI3_187	20.896	67	46	1	21	80	9	75	0.008	24.6
bflTTN_Aig40_198	TTNI3_187	39.130	23	10	1	74	92	54	76	5.1	16.9
bflTTN_Aig40_198	TTNI34_193	29.167	72	51	0	25	96	21	92	0.008	25.0
bflTTN_Aig40_198	TTNI6_187	30.000	40	28	0	39	78	34	73	0.009	24.6
bflTTN_Aig40_198	TTNI88_187	27.586	58	42	0	34	91	28	85	0.011	24.3
bflTTN_Aig40_198	TTNI47_193	25.000	68	51	0	23	90	19	86	0.020	23.9
bflTTN_Aig40_198	TTNI5_188	26.316	57	42	0	36	92	32	88	0.020	23.9
bflTTN_Aig40_198	TTNI86_190	23.810	63	46	1	31	91	26	88	0.025	23.5
bflTTN_Aig40_198	TTNI26_191	22.785	79	58	2	18	95	13	89	0.028	23.5
bflTTN_Aig40_198	TTNI82_188	22.785	79	60	1	15	93	11	88	0.034	23.1
bflTTN_Aig40_198	TTNI28_193	21.951	82	64	0	14	95	10	91	0.037	23.1
bflTTN_Aig40_198	TTNI104_188	19.643	56	45	0	36	91	31	86	0.050	22.7
bflTTN_Aig40_198	TTNI41_193	21.212	66	52	0	23	88	19	84	0.058	22.7
bflTTN_Aig40_198	TTNI90_187	24.638	69	52	0	24	92	18	86	0.059	22.3
bflTTN_Aig40_198	TTNI85_192	41.176	34	19	1	61	93	57	90	0.068	22.3
bflTTN_Aig40_198	TTNZ8_195	24.242	66	50	0	31	96	28	93	0.070	22.3
bflTTN_Aig40_198	TTNI8_188	27.273	55	40	0	38	92	34	88	0.072	22.3
bflTTN_Aig40_198	TTNI52_193	20.779	77	61	0	20	96	16	92	0.078	22.3
bflTTN_Aig40_198	TTNI7_187	26.667	60	44	0	33	92	28	87	0.078	21.9
bflTTN_Aig40_198	TTNI72_193	19.231	78	63	0	19	96	15	92	0.079	22.3
bflTTN_Aig40_198	TTNM8_193	25.333	75	54	1	11	85	8	80	0.090	21.9
bflTTN_Aig40_198	TTNA168_194	24.390	82	58	3	17	96	14	93	0.094	21.9
bflTTN_Aig40_198	TTNI102_188	34.483	29	19	0	63	91	58	86	0.11	21.6
bflTTN_Aig40_198	TTNI102_188	32.000	25	13	1	70	90	50	74	8.6	16.5
bflTTN_Aig40_198	TTNI13_190	26.667	45	31	1	50	94	47	89	0.32	20.4
bflTTN_Aig40_198	TTNI103_188	33.333	30	20	0	63	92	58	87	0.41	20.0
bflTTN_Aig40_198	TTNM6_194	23.529	34	26	0	60	93	57	90	0.65	19.6
bflTTN_Aig40_198	TTNM6_194	23.077	39	30	0	17	55	36	74	7.7	16.5
bflTTN_Aig40_198	TTNI84_196	21.667	60	47	0	37	96	36	95	1.6	18.5
bflTTN_Aig40_198	TTNI38_193	34.783	23	15	0	74	96	70	92	1.6	18.5
bflTTN_Aig41_194	TTNA65_194	48.913	92	47	0	2	93	2	93	2.80e-32	100
bflTTN_Aig41_194	TTNA109_194	47.312	93	49	0	1	93	1	93	3.33e-29	92.8
bflTTN_Aig41_194	TTNA76_194	43.011	93	53	0	1	93	1	93	5.05e-29	92.4
bflTTN_Aig41_194	TTNA29_194	45.161	93	51	0	1	93	1	93	1.58e-27	88.6
bflTTN_Aig41_194	TTNA87_194	41.304	92	54	0	2	93	2	93	1.29e-26	86.3
bflTTN_Aig41_194	TTNA43_195	44.681	94	51	1	1	93	1	94	5.15e-26	84.7
bflTTN_Aig41_194	TTNA54_196	46.316	95	49	1	1	93	1	95	5.35e-26	84.7
bflTTN_Aig41_194	TTNA142_194	40.217	92	55	0	2	93	2	93	1.06e-25	84.0
bflTTN_Aig41_194	TTNA98_194	39.130	92	56	0	2	93	2	93	8.21e-25	81.6
bflTTN_Aig41_194	TTNA160_193	40.217	92	55	0	2	93	1	92	6.44e-24	79.3
bflTTN_Aig41_194	TTNA153_193	41.758	91	53	0	2	92	1	91	6.04e-23	77.0
bflTTN_Aig41_194	TTNA120_193	38.043	92	57	0	2	93	1	92	4.55e-22	74.7
bflTTN_Aig41_194	TTNA116_196	36.842	95	58	1	1	93	1	95	9.76e-21	71.2
bflTTN_Aig41_194	TTNA72_196	40.426	94	54	1	2	93	2	95	5.22e-20	69.3
bflTTN_Aig41_194	TTNA83_196	35.789	95	59	1	1	93	1	95	1.64e-19	68.2
bflTTN_Aig41_194	TTNA149_197	38.542	96	56	2	1	93	1	96	4.29e-19	67.0
bflTTN_Aig41_194	TTNA32_196	33.684	95	61	1	1	93	1	95	5.55e-19	67.0
bflTTN_Aig41_194	TTNA131_197	37.895	95	56	2	2	93	2	96	3.39e-18	65.1
bflTTN_Aig41_194	TTNA105_197	37.895	95	56	1	2	93	2	96	1.85e-17	63.2
bflTTN_Aig41_194	TTNA22_194	35.870	92	59	0	2	93	2	93	2.30e-17	62.8
bflTTN_Aig41_194	TTNA50_196	35.789	95	59	1	1	93	1	95	4.02e-17	62.0
bflTTN_Aig41_194	TTNA145_195	39.362	94	55	1	2	93	1	94	6.91e-17	61.6
bflTTN_Aig41_194	TTNA94_195	31.915	94	62	1	2	93	1	94	8.49e-17	61.2
bflTTN_Aig41_194	TTNA57_195	37.838	74	44	1	22	93	21	94	8.97e-17	61.2
bflTTN_Aig41_194	TTNA123_196	37.895	95	57	1	1	93	1	95	4.68e-16	59.3
bflTTN_Aig41_194	TTNA46_192	36.585	82	50	1	14	93	10	91	1.26e-15	58.2
bflTTN_Aig41_194	TTNA138_196	34.043	94	60	1	1	92	1	94	2.11e-15	57.8
bflTTN_Aig41_194	TTNA101_192	36.145	83	51	1	13	93	9	91	2.61e-15	57.4
bflTTN_Aig41_194	TTNA8_195	32.979	94	62	1	1	93	1	94	8.09e-15	56.2
bflTTN_Aig41_194	TTNA61_197	32.632	95	61	2	2	93	2	96	4.44e-14	54.3
bflTTN_Aig41_194	TTNA1_193	36.585	82	50	1	14	93	11	92	5.92e-14	53.9
bflTTN_Aig41_194	TTNA112_192	36.905	84	51	1	12	93	8	91	6.37e-14	53.9
bflTTN_Aig41_194	TTNA39_196	33.696	92	57	1	6	93	4	95	9.05e-14	53.5
bflTTN_Aig41_194	TTNI107_196	36.170	94	58	1	2	93	2	95	9.76e-14	53.5
bflTTN_Aig41_194	TTNA90_192	35.000	80	50	1	13	90	9	88	3.68e-13	52.0
bflTTN_Aig41_194	TTNA127_195	30.435	92	60	2	6	93	3	94	4.93e-13	51.6
bflTTN_Aig41_194	TTNA79_193	37.895	95	54	2	1	93	1	92	5.15e-13	51.6
bflTTN_Aig41_194	TTNA36_196	32.143	84	55	1	1	82	1	84	6.06e-13	51.6
bflTTN_Aig41_194	TTNA15_1104	26.471	102	65	1	2	93	1	102	1.53e-12	50.4
bflTTN_Aig41_194	TTNA68_195	37.349	83	50	1	2	82	1	83	1.73e-12	50.4
bflTTN_Aig41_194	TTNA156_195	29.787	94	64	1	2	93	1	94	2.74e-12	49.7
bflTTN_Aig41_194	TTNA25_194	28.421	95	64	2	1	93	1	93	4.23e-12	49.3
bflTTN_Aig41_194	TTNA165_196	30.851	94	62	2	2	92	1	94	1.09e-11	48.1
bflTTN_Aig41_194	TTNM10_195	28.125	96	62	3	1	92	1	93	9.68e-11	45.8
bflTTN_Aig41_194	TTNA11_1103	30.693	101	61	2	1	92	1	101	2.51e-10	45.1
bflTTN_Aig41_194	TTNA134_195	30.000	80	54	1	2	79	1	80	3.32e-10	44.3
bflTTN_Aig41_194	TTNI105_190	29.268	82	57	1	12	93	9	89	1.29e-09	42.7
bflTTN_Aig41_194	TTNZ3_195	29.762	84	55	2	12	92	9	91	1.59e-09	42.7
bflTTN_Aig41_194	TTNI106_194	36.000	75	46	1	21	93	19	93	2.08e-09	42.4
bflTTN_Aig41_194	TTNI14_192	25.926	81	58	1	14	92	11	91	7.29e-09	40.8
bflTTN_Aig41_194	TTNM5_194	28.767	73	50	1	12	82	9	81	7.34e-09	40.8
bflTTN_Aig41_194	TTNI76_193	30.263	76	51	1	12	85	9	84	1.09e-08	40.4
bflTTN_Aig41_194	TTNI66_193	32.857	70	43	2	19	85	16	84	2.18e-08	39.7
bflTTN_Aig41_194	TTNI63_193	26.829	82	58	1	13	92	10	91	1.50e-07	37.4
bflTTN_Aig41_194	TTNI64_193	24.691	81	59	1	15	93	12	92	2.54e-07	37.0
bflTTN_Aig41_194	TTNI54_193	31.667	60	39	1	36	93	33	92	2.98e-07	36.6
bflTTN_Aig41_194	TTNI48_194	26.596	94	65	2	1	92	1	92	4.25e-07	36.2
bflTTN_Aig41_194	TTNI44_193	35.938	64	37	2	24	84	21	83	4.95e-07	36.2
bflTTN_Aig41_194	TTNI59_193	30.303	66	44	1	28	91	25	90	5.16e-07	36.2
bflTTN_Aig41_194	TTNM7_192	28.169	71	49	1	15	83	11	81	5.83e-07	35.8
bflTTN_Aig41_194	TTNZ1_195	26.923	78	53	1	12	85	8	85	7.17e-07	35.8
bflTTN_Aig41_194	TTNI25_195	24.706	85	61	1	12	93	9	93	7.72e-07	35.4
bflTTN_Aig41_194	TTNA169_1100	29.897	97	61	4	1	90	2	98	8.18e-07	35.8
bflTTN_Aig41_194	TTNI74_193	25.926	81	58	1	15	93	12	92	8.49e-07	35.4
bflTTN_Aig41_194	TTNI71_193	24.096	83	61	1	12	92	9	91	9.14e-07	35.4
bflTTN_Aig41_194	TTNI17_194	26.316	76	54	1	12	85	9	84	1.32e-06	35.0
bflTTN_Aig41_194	TTNZ2_194	26.316	76	54	1	12	85	9	84	1.43e-06	35.0
bflTTN_Aig41_194	TTNI49_193	28.358	67	46	1	28	92	25	91	1.65e-06	34.7
bflTTN_Aig41_194	TTNM3_193	28.750	80	54	1	16	92	12	91	1.83e-06	34.7
bflTTN_Aig41_194	TTNA18_199	25.806	93	60	2	10	93	6	98	2.14e-06	34.7
bflTTN_Aig41_194	TTNI56_193	30.000	70	45	2	19	85	16	84	2.38e-06	34.3
bflTTN_Aig41_194	TTNI67_193	24.390	82	60	1	13	92	10	91	2.44e-06	34.3
bflTTN_Aig41_194	TTNZ6_195	27.273	77	53	2	19	92	15	91	2.82e-06	34.3
bflTTN_Aig41_194	TTNI77_193	25.974	77	53	2	19	91	16	92	3.48e-06	33.9
bflTTN_Aig41_194	TTNI33_193	25.610	82	59	1	14	93	11	92	4.63e-06	33.5
bflTTN_Aig41_194	TTNI69_193	25.714	70	50	1	19	86	16	85	5.36e-06	33.5
bflTTN_Aig41_194	TTNI57_193	24.390	82	60	1	13	92	10	91	6.47e-06	33.1
bflTTN_Aig41_194	TTNI61_193	30.488	82	53	3	14	92	11	91	6.89e-06	33.1
bflTTN_Aig41_194	TTNI30_194	20.270	74	57	1	19	90	17	90	7.93e-06	33.1
bflTTN_Aig41_194	TTNI36_194	23.684	76	56	1	10	83	8	83	8.90e-06	32.7
bflTTN_Aig41_194	TTNZ9_193	31.429	70	47	1	14	82	10	79	9.15e-06	32.7
bflTTN_Aig41_194	TTNI16_194	22.619	84	61	1	13	92	9	92	9.28e-06	32.7
bflTTN_Aig41_194	TTNI12_187	34.783	46	28	1	30	73	26	71	1.05e-05	32.3
bflTTN_Aig41_194	TTNI45_193	21.429	84	64	1	12	93	9	92	1.73e-05	32.0
bflTTN_Aig41_194	TTNI53_193	26.230	61	43	1	28	86	25	85	1.75e-05	32.0
bflTTN_Aig41_194	TTNA4_1121	22.609	115	58	2	10	93	6	120	1.91e-05	32.3
bflTTN_Aig41_194	TTNI58_194	21.176	85	65	1	10	92	8	92	2.28e-05	31.6
bflTTN_Aig41_194	TTNI58_194	58.333	12	5	0	7	18	83	94	7.0	16.5
bflTTN_Aig41_194	TTNI51_193	29.167	72	47	2	14	82	11	81	2.47e-05	31.6
bflTTN_Aig41_194	TTNM4_193	24.658	73	53	1	12	82	9	81	2.69e-05	31.6
bflTTN_Aig41_194	TTNI73_193	20.253	79	61	1	16	92	13	91	3.79e-05	31.2
bflTTN_Aig41_194	TTNZ5_193	26.667	45	32	1	3	47	1	44	6.44e-05	30.4
bflTTN_Aig41_194	TTNI34_193	26.154	65	46	1	22	84	19	83	2.23e-04	28.9
bflTTN_Aig41_194	TTNM2_195	27.397	73	48	1	15	82	11	83	2.54e-04	28.9
bflTTN_Aig41_194	TTNI80_194	27.778	72	49	2	24	92	21	92	3.15e-04	28.5
bflTTN_Aig41_194	TTNI43_193	22.388	67	50	1	28	92	25	91	3.34e-04	28.5
bflTTN_Aig41_194	TTNZ7_195	27.059	85	58	1	12	92	8	92	3.68e-04	28.5
bflTTN_Aig41_194	TTNI79_193	20.988	81	62	1	14	92	11	91	4.89e-04	28.1
bflTTN_Aig41_194	TTNI68_194	25.758	66	47	1	16	79	14	79	6.47e-04	27.7
bflTTN_Aig41_194	TTNZ4_195	29.412	68	44	1	19	82	16	83	7.86e-04	27.7
bflTTN_Aig41_194	TTNM6_194	26.923	52	35	1	35	83	32	83	8.27e-04	27.7
bflTTN_Aig41_194	TTNI41_193	28.846	52	35	1	36	85	33	84	0.001	27.3
bflTTN_Aig41_194	TTNI28_193	23.810	84	62	1	12	93	9	92	0.001	27.3
bflTTN_Aig41_194	TTNA164_192	20.548	73	56	1	12	82	8	80	0.001	27.3
bflTTN_Aig41_194	TTNI32_193	26.761	71	48	2	18	85	15	84	0.002	26.6
bflTTN_Aig41_194	TTNI99_188	32.653	49	31	1	31	77	27	75	0.002	26.6
bflTTN_Aig41_194	TTNI99_188	58.333	12	5	0	47	58	7	18	4.6	16.9
bflTTN_Aig41_194	TTNM9_196	22.989	87	65	1	9	93	6	92	0.002	26.6
bflTTN_Aig41_194	TTNI65_193	22.388	67	50	1	19	83	16	82	0.002	26.2
bflTTN_Aig41_194	TTNI55_193	35.484	62	34	3	28	85	25	84	0.003	26.2
bflTTN_Aig41_194	TTNI1_194	37.143	35	22	0	12	46	9	43	0.004	25.8
bflTTN_Aig41_194	TTNI50_194	26.316	76	51	2	13	84	10	84	0.006	25.0
bflTTN_Aig41_194	TTNI42_194	19.753	81	63	1	14	92	12	92	0.007	25.0
bflTTN_Aig41_194	TTNI47_193	20.896	67	51	1	22	86	19	85	0.007	25.0
bflTTN_Aig41_194	TTNI37_193	26.154	65	46	1	28	90	25	89	0.009	24.6
bflTTN_Aig41_194	TTNI10_187	22.642	53	39	1	38	88	34	86	0.014	24.3
bflTTN_Aig41_194	TTNI100_188	24.561	57	40	2	19	73	16	71	0.023	23.5
bflTTN_Aig41_194	TTNI38_193	21.795	78	56	3	10	84	8	83	0.030	23.1
bflTTN_Aig41_194	TTNI2_191	23.333	60	44	1	30	87	27	86	0.033	23.1
bflTTN_Aig41_194	TTNI85_192	27.632	76	50	2	9	81	7	80	0.036	23.1
bflTTN_Aig41_194	TTNI24_192	24.638	69	50	1	26	92	22	90	0.036	23.1
bflTTN_Aig41_194	TTNI75_193	27.778	72	48	2	14	82	11	81	0.041	22.7
bflTTN_Aig41_194	TTNA168_194	26.230	61	39	2	28	83	24	83	0.043	22.7
bflTTN_Aig41_194	TTNI29_193	25.806	93	43	3	3	92	22	91	0.059	22.3
bflTTN_Aig41_194	TTNI40_193	21.277	94	53	3	10	92	8	91	0.080	21.9
bflTTN_Aig41_194	TTNM1_192	29.630	54	34	2	35	85	31	83	0.10	21.6
bflTTN_Aig41_194	TTNI81_190	30.435	46	30	1	32	75	30	75	0.23	20.8
bflTTN_Aig41_194	TTNI98_188	31.250	32	21	1	34	64	30	61	0.27	20.4
bflTTN_Aig41_194	TTNI89_188	30.000	40	27	1	15	54	12	50	0.42	20.0
bflTTN_Aig41_194	TTNI7_187	29.545	44	29	1	32	73	28	71	0.65	19.6
bflTTN_Aig41_194	TTNI72_193	16.176	68	55	1	18	83	15	82	0.87	19.2
bflTTN_Aig41_194	TTNI96_188	28.169	71	46	3	12	79	9	77	0.90	19.2
bflTTN_Aig41_194	TTNI60_194	26.415	53	34	2	36	84	33	84	1.1	18.9
bflTTN_Aig41_194	TTNI102_188	24.390	41	29	1	38	76	34	74	1.2	18.9
bflTTN_Aig41_194	TTNI5_188	25.000	44	31	1	36	77	33	76	1.4	18.5
bflTTN_Aig41_194	TTNZ8_195	28.571	56	38	1	30	83	28	83	1.8	18.1
bflTTN_Aig41_194	TTNI84_196	25.424	59	40	2	37	91	37	95	3.2	17.7
bflTTN_Aig42_196	TTNA1_193	44.211	95	50	2	1	95	2	93	1.74e-23	78.2
bflTTN_Aig42_196	TTNA57_195	30.526	95	66	0	1	95	1	95	3.81e-16	59.7
bflTTN_Aig42_196	TTNA134_195	31.579	95	65	0	1	95	1	95	4.35e-16	59.7
bflTTN_Aig42_196	TTNA101_192	29.545	88	62	0	7	94	4	91	8.37e-13	51.2
bflTTN_Aig42_196	TTNM5_194	33.333	81	54	0	13	93	11	91	1.28e-12	50.8
bflTTN_Aig42_196	TTNA25_194	30.851	94	63	1	1	94	2	93	1.42e-12	50.4
bflTTN_Aig42_196	TTNA138_196	30.108	93	65	0	1	93	2	94	2.05e-12	50.1
bflTTN_Aig42_196	TTNA76_194	30.851	94	63	1	1	94	2	93	2.10e-12	50.1
bflTTN_Aig42_196	TTNA112_192	29.545	88	62	0	7	94	4	91	3.02e-12	49.7
bflTTN_Aig42_196	TTNA98_194	32.979	94	61	1	1	94	2	93	4.09e-12	49.3
bflTTN_Aig42_196	TTNA68_195	32.632	95	60	2	1	93	1	93	4.18e-12	49.3
bflTTN_Aig42_196	TTNM10_195	28.571	91	62	2	5	93	4	93	1.01e-11	48.5
bflTTN_Aig42_196	TTNA149_197	25.843	89	66	0	6	94	8	96	1.35e-11	48.1
bflTTN_Aig42_196	TTNA87_194	28.723	94	65	1	1	94	2	93	1.50e-11	47.8
bflTTN_Aig42_196	TTNA165_196	32.394	71	47	1	18	87	18	88	2.12e-11	47.4
bflTTN_Aig42_196	TTNA18_199	26.471	102	64	2	1	95	2	99	3.54e-11	47.0
bflTTN_Aig42_196	TTNA50_196	29.787	94	66	0	1	94	2	95	5.12e-11	46.6
bflTTN_Aig42_196	TTNA145_195	32.632	95	64	0	1	95	1	95	5.64e-11	46.6
bflTTN_Aig42_196	TTNI107_196	29.268	82	58	0	13	94	14	95	9.64e-11	45.8
bflTTN_Aig42_196	TTNA54_196	29.268	82	58	0	13	94	14	95	1.27e-10	45.4
bflTTN_Aig42_196	TTNA142_194	29.787	94	64	1	1	94	2	93	1.42e-10	45.4
bflTTN_Aig42_196	TTNA94_195	33.333	84	56	0	11	94	11	94	1.44e-10	45.4
bflTTN_Aig42_196	TTNA120_193	28.723	94	65	1	1	94	1	92	2.31e-10	44.7
bflTTN_Aig42_196	TTNA131_197	26.316	95	69	1	1	94	2	96	3.49e-10	44.3
bflTTN_Aig42_196	TTNA105_197	32.632	95	63	1	1	94	2	96	3.56e-10	44.3
bflTTN_Aig42_196	TTNA90_192	28.049	82	59	0	13	94	10	91	4.21e-10	44.3
bflTTN_Aig42_196	TTNA156_195	28.723	94	65	1	1	94	1	92	4.52e-10	44.3
bflTTN_Aig42_196	TTNA160_193	24.211	95	70	1	1	95	1	93	7.42e-10	43.5
bflTTN_Aig42_196	TTNA127_195	23.404	94	72	0	1	94	1	94	1.05e-09	43.1
bflTTN_Aig42_196	TTNA32_196	24.468	94	71	0	1	94	2	95	1.18e-09	43.1
bflTTN_Aig42_196	TTNA123_196	26.596	94	69	0	1	94	2	95	1.22e-09	43.1
bflTTN_Aig42_196	TTNA109_194	27.660	94	66	1	1	94	2	93	1.96e-09	42.4
bflTTN_Aig42_196	TTNI105_190	29.412	85	51	2	13	94	11	89	2.00e-09	42.4
bflTTN_Aig42_196	TTNA46_192	23.171	82	63	0	13	94	10	91	2.69e-09	42.0
bflTTN_Aig42_196	TTNA153_193	31.183	93	62	1	1	93	1	91	3.32e-09	42.0
bflTTN_Aig42_196	TTNA83_196	26.596	94	69	0	1	94	2	95	3.79e-09	41.6
bflTTN_Aig42_196	TTNA79_193	27.381	84	61	0	11	94	9	92	4.72e-09	41.6
bflTTN_Aig42_196	TTNA15_1104	22.340	94	61	2	11	94	11	102	7.10e-09	41.2
bflTTN_Aig42_196	TTNI55_193	27.632	76	55	0	18	93	16	91	8.31e-09	40.8
bflTTN_Aig42_196	TTNA61_197	29.167	96	65	2	1	94	2	96	2.03e-08	39.7
bflTTN_Aig42_196	TTNI79_193	28.571	84	57	1	1	84	2	82	4.57e-08	38.9
bflTTN_Aig42_196	TTNA65_194	23.404	94	70	1	1	94	2	93	4.75e-08	38.9
bflTTN_Aig42_196	TTNI106_194	23.762	101	64	2	1	95	1	94	7.99e-08	38.1
bflTTN_Aig42_196	TTNA39_196	30.208	96	63	2	1	94	2	95	1.35e-07	37.7
bflTTN_Aig42_196	TTNZ2_194	26.190	84	62	0	13	96	11	94	1.39e-07	37.7
bflTTN_Aig42_196	TTNA8_195	25.532	94	69	1	1	94	2	94	1.54e-07	37.4
bflTTN_Aig42_196	TTNA72_196	28.571	84	60	0	11	94	12	95	1.83e-07	37.4
bflTTN_Aig42_196	TTNA116_196	29.762	84	59	0	11	94	12	95	1.99e-07	37.4
bflTTN_Aig42_196	TTNI27_194	26.984	63	46	0	31	93	29	91	2.26e-07	37.0
bflTTN_Aig42_196	TTNA11_1103	29.670	91	57	3	1	84	2	92	2.33e-07	37.4
bflTTN_Aig42_196	TTNI63_193	25.301	83	61	1	5	87	4	85	2.74e-07	37.0
bflTTN_Aig42_196	TTNI70_194	29.070	86	59	2	10	94	9	93	3.83e-07	36.6
bflTTN_Aig42_196	TTNM4_193	32.308	65	44	0	31	95	29	93	3.85e-07	36.6
bflTTN_Aig42_196	TTNI65_193	24.590	61	46	0	31	91	29	89	7.17e-07	35.8
bflTTN_Aig42_196	TTNI58_194	24.051	79	60	0	15	93	14	92	1.22e-06	35.0
bflTTN_Aig42_196	TTNI45_193	21.250	80	63	0	15	94	13	92	1.58e-06	34.7
bflTTN_Aig42_196	TTNI25_195	29.870	77	49	2	23	94	17	93	2.36e-06	34.3
bflTTN_Aig42_196	TTNI53_193	25.333	75	56	0	13	87	11	85	2.36e-06	34.3
bflTTN_Aig42_196	TTNI77_193	27.368	95	62	4	1	92	2	92	2.38e-06	34.3
bflTTN_Aig42_196	TTNI73_193	22.078	77	60	0	11	87	9	85	2.54e-06	34.3
bflTTN_Aig42_196	TTNI69_193	26.316	76	55	1	9	84	8	82	3.52e-06	33.9
bflTTN_Aig42_196	TTNI42_194	24.706	85	64	0	9	93	8	92	3.84e-06	33.9
bflTTN_Aig42_196	TTNI75_193	26.582	79	58	0	15	93	13	91	4.16e-06	33.9
bflTTN_Aig42_196	TTNA169_1100	24.324	74	55	1	21	93	25	98	5.40e-06	33.5
bflTTN_Aig42_196	TTNA22_194	20.213	94	73	1	1	94	2	93	5.49e-06	33.5
bflTTN_Aig42_196	TTNA36_196	23.404	94	72	0	1	94	2	95	6.28e-06	33.1
bflTTN_Aig42_196	TTNI43_193	23.529	68	52	0	20	87	18	85	9.22e-06	32.7
bflTTN_Aig42_196	TTNI59_193	22.727	88	67	1	5	92	4	90	9.72e-06	32.7
bflTTN_Aig42_196	TTNI41_193	30.508	59	41	0	35	93	33	91	9.72e-06	32.7
bflTTN_Aig42_196	TTNA4_1121	26.126	111	53	3	13	94	10	120	1.25e-05	32.7
bflTTN_Aig42_196	TTNI12_187	28.571	56	40	0	31	86	28	83	1.58e-05	32.0
bflTTN_Aig42_196	TTNI81_190	26.316	57	42	0	30	86	29	85	2.31e-05	31.6
bflTTN_Aig42_196	TTNA43_195	22.340	94	72	1	1	94	2	94	3.05e-05	31.6
bflTTN_Aig42_196	TTNA29_194	25.926	81	56	2	15	94	16	93	3.08e-05	31.6
bflTTN_Aig42_196	TTNI31_193	25.000	52	39	0	34	85	32	83	4.19e-05	31.2
bflTTN_Aig42_196	TTNI57_193	26.882	93	65	3	1	93	2	91	4.23e-05	31.2
bflTTN_Aig42_196	TTNZ3_195	20.988	81	64	0	13	93	11	91	4.26e-05	31.2
bflTTN_Aig42_196	TTNI49_193	21.348	89	69	1	5	93	4	91	4.60e-05	30.8
bflTTN_Aig42_196	TTNM2_195	24.051	79	55	2	18	91	15	93	5.75e-05	30.8
bflTTN_Aig42_196	TTNI76_193	26.761	71	48	2	21	87	15	85	7.57e-05	30.4
bflTTN_Aig42_196	TTNI30_194	20.968	62	49	0	23	84	22	83	8.87e-05	30.0
bflTTN_Aig42_196	TTNI67_193	28.333	60	43	0	34	93	32	91	1.32e-04	29.6
bflTTN_Aig42_196	TTNI72_193	25.397	63	47	0	31	93	29	91	1.39e-04	29.6
bflTTN_Aig42_196	TTNM1_192	27.869	61	42	1	34	92	31	91	1.66e-04	29.3
bflTTN_Aig42_196	TTNZ1_195	26.374	91	61	3	9	96	6	93	1.93e-04	29.3
bflTTN_Aig42_196	TTNI103_188	25.000	56	42	0	31	86	28	83	2.51e-04	28.9
bflTTN_Aig42_196	TTNI44_193	26.316	57	42	0	31	87	29	85	2.67e-04	28.9
bflTTN_Aig42_196	TTNA164_192	28.378	74	50	2	11	83	9	80	3.05e-04	28.9
bflTTN_Aig42_196	TTNI32_193	22.388	67	52	0	18	84	16	82	3.39e-04	28.5
bflTTN_Aig42_196	TTNZ4_195	28.571	63	43	2	31	91	29	91	3.97e-04	28.5
bflTTN_Aig42_196	TTNI78_194	29.412	51	36	0	35	85	34	84	5.44e-04	28.1
bflTTN_Aig42_196	TTNM9_196	20.732	82	65	0	13	94	11	92	5.63e-04	28.1
bflTTN_Aig42_196	TTNI83_193	23.256	43	33	0	35	77	32	74	6.09e-04	28.1
bflTTN_Aig42_196	TTNI11_187	29.825	57	36	1	37	93	34	86	6.33e-04	27.7
bflTTN_Aig42_196	TTNI35_193	20.930	86	60	1	8	93	14	91	6.54e-04	27.7
bflTTN_Aig42_196	TTNI3_187	25.974	77	50	1	12	81	2	78	6.67e-04	27.7
bflTTN_Aig42_196	TTNI4_189	28.571	42	30	0	37	78	34	75	7.05e-04	27.7
bflTTN_Aig42_196	TTNI50_194	31.148	61	41	1	35	94	33	93	7.48e-04	27.7
bflTTN_Aig42_196	TTNI14_192	23.457	81	62	0	13	93	11	91	8.97e-04	27.3
bflTTN_Aig42_196	TTNI80_194	25.000	64	47	1	31	93	29	92	0.001	27.3
bflTTN_Aig42_196	TTNI51_193	21.333	75	59	0	13	87	11	85	0.001	27.3
bflTTN_Aig42_196	TTNI37_193	29.091	55	39	0	31	85	29	83	0.001	27.3
bflTTN_Aig42_196	TTNI17_194	18.072	83	68	0	13	95	11	93	0.001	26.9
bflTTN_Aig42_196	TTNI48_194	22.857	70	54	0	15	84	14	83	0.002	26.6
bflTTN_Aig42_196	TTNI56_193	24.138	58	44	0	34	91	32	89	0.002	26.6
bflTTN_Aig42_196	TTNI34_193	23.529	51	39	0	34	84	32	82	0.002	26.6
bflTTN_Aig42_196	TTNI36_194	21.519	79	60	1	9	87	10	86	0.002	26.6
bflTTN_Aig42_196	TTNI39_193	23.171	82	63	0	13	94	11	92	0.002	26.2
bflTTN_Aig42_196	TTNI40_193	25.000	76	53	2	19	93	19	91	0.002	26.2
bflTTN_Aig42_196	TTNI66_193	23.944	71	50	2	21	87	15	85	0.003	26.2
bflTTN_Aig42_196	TTNI86_190	31.579	57	35	2	33	86	30	85	0.003	26.2
bflTTN_Aig42_196	TTNI33_193	44.000	25	14	0	70	94	68	92	0.003	26.2
bflTTN_Aig42_196	TTNI16_194	28.788	66	43	2	31	93	28	92	0.005	25.4
bflTTN_Aig42_196	TTNI24_192	23.810	63	48	0	31	93	28	90	0.006	25.0
bflTTN_Aig42_196	TTNI9_187	22.727	44	34	0	35	78	32	75	0.007	25.0
bflTTN_Aig42_196	TTNI74_193	21.951	82	64	0	13	94	11	92	0.007	25.0
bflTTN_Aig42_196	TTNI82_188	24.658	73	54	1	13	85	11	82	0.009	24.6
bflTTN_Aig42_196	TTNI60_194	23.077	78	59	1	18	94	16	93	0.010	24.6
bflTTN_Aig42_196	TTNM7_192	20.635	63	50	0	31	93	28	90	0.011	24.6
bflTTN_Aig42_196	TTNI99_188	25.397	63	43	1	31	93	28	86	0.012	24.3
bflTTN_Aig42_196	TTNI38_193	23.729	59	45	0	35	93	33	91	0.013	24.3
bflTTN_Aig42_196	TTNI62_193	22.034	59	46	0	35	93	33	91	0.013	24.3
bflTTN_Aig42_196	TTNI61_193	19.753	81	65	0	13	93	11	91	0.014	24.3
bflTTN_Aig42_196	TTNI100_188	28.333	60	39	1	35	94	32	87	0.020	23.9
bflTTN_Aig42_196	TTNI54_193	24.490	49	37	0	35	83	33	81	0.025	23.5
bflTTN_Aig42_196	TTNI71_193	18.987	79	64	0	15	93	13	91	0.031	23.1
bflTTN_Aig42_196	TTNZ5_193	19.231	78	62	1	17	93	15	92	0.033	23.1
bflTTN_Aig42_196	TTNZ7_195	24.658	73	53	1	13	83	10	82	0.036	23.1
bflTTN_Aig42_196	TTNI88_187	24.000	50	38	0	37	86	33	82	0.039	23.1
bflTTN_Aig42_196	TTNI29_193	37.500	24	15	0	70	93	68	91	0.039	23.1
bflTTN_Aig42_196	TTNI68_194	23.810	63	48	0	31	93	30	92	0.043	22.7
bflTTN_Aig42_196	TTNI94_187	23.810	42	32	0	35	76	32	73	0.045	22.7
bflTTN_Aig42_196	TTNZ6_195	24.615	65	46	2	31	93	28	91	0.054	22.7
bflTTN_Aig42_196	TTNI2_191	22.917	48	37	0	31	78	29	76	0.056	22.7
bflTTN_Aig42_196	TTNA168_194	27.273	66	44	2	31	93	28	92	0.063	22.3
bflTTN_Aig42_196	TTNZ9_193	20.000	65	51	1	29	93	26	89	0.077	22.3
bflTTN_Aig42_196	TTNI85_192	45.000	20	11	0	61	80	59	78	0.081	21.9
bflTTN_Aig42_196	TTNI1_194	20.732	82	64	1	13	93	11	92	0.088	21.9
bflTTN_Aig42_196	TTNI52_193	23.333	60	44	1	35	92	33	92	0.11	21.9
bflTTN_Aig42_196	TTNM3_193	21.250	80	62	1	15	93	12	91	0.13	21.6
bflTTN_Aig42_196	TTNI15_191	20.000	50	40	0	34	83	31	80	0.15	21.6
bflTTN_Aig42_196	TTNI7_187	24.138	58	44	0	29	86	26	83	0.29	20.4
bflTTN_Aig42_196	TTNI13_190	33.333	33	18	1	61	93	60	88	0.32	20.4
bflTTN_Aig42_196	TTNI47_193	18.644	59	48	0	26	84	24	82	0.39	20.0
bflTTN_Aig42_196	TTNI84_196	22.034	59	44	1	36	94	37	93	0.65	19.6
bflTTN_Aig42_196	TTNI96_188	23.684	38	29	0	35	72	32	69	0.65	19.6
bflTTN_Aig42_196	TTNI5_188	15.909	44	37	0	35	78	33	76	0.84	19.2
bflTTN_Aig42_196	TTNM8_193	18.987	79	62	1	13	91	12	88	1.1	18.9
bflTTN_Aig42_196	TTNI28_193	28.000	25	18	0	70	94	68	92	1.5	18.5
bflTTN_Aig42_196	TTNI90_187	19.178	73	49	1	4	76	10	72	7.2	16.5
bflTTN_Aig43_197	TTNA149_197	38.542	96	58	1	1	95	1	96	1.85e-19	68.2
bflTTN_Aig43_197	TTNA83_196	36.842	95	60	0	1	95	1	95	1.56e-18	65.9
bflTTN_Aig43_197	TTNA72_196	37.234	94	59	0	2	95	2	95	3.19e-18	65.1
bflTTN_Aig43_197	TTNA116_196	34.737	95	62	0	1	95	1	95	2.21e-17	62.8
bflTTN_Aig43_197	TTNA94_195	35.106	94	61	0	2	95	1	94	2.73e-17	62.8
bflTTN_Aig43_197	TTNA46_192	33.684	95	59	1	1	95	1	91	1.30e-16	60.8
bflTTN_Aig43_197	TTNA109_194	33.684	95	61	1	1	95	1	93	4.39e-16	59.7
bflTTN_Aig43_197	TTNM10_195	31.325	83	55	1	14	94	11	93	4.80e-16	59.3
bflTTN_Aig43_197	TTNI53_193	31.034	87	60	0	8	94	5	91	1.04e-15	58.5
bflTTN_Aig43_197	TTNA142_194	35.106	94	59	1	2	95	2	93	2.77e-15	57.4
bflTTN_Aig43_197	TTNA36_196	32.990	97	61	3	1	95	1	95	3.65e-15	57.4
bflTTN_Aig43_197	TTNA50_196	32.632	95	64	0	1	95	1	95	3.81e-15	57.4
bflTTN_Aig43_197	TTNA105_197	35.789	95	60	1	2	95	2	96	1.18e-14	55.8
bflTTN_Aig43_197	TTNI73_193	28.736	87	62	0	8	94	5	91	2.01e-14	55.5
bflTTN_Aig43_197	TTNA156_195	30.851	94	65	0	2	95	1	94	3.14e-14	54.7
bflTTN_Aig43_197	TTNI40_193	28.571	84	57	1	1	84	1	81	7.77e-14	53.9
bflTTN_Aig43_197	TTNI63_193	28.090	89	62	1	9	97	6	92	2.10e-13	52.8
bflTTN_Aig43_197	TTNA54_196	30.526	95	66	0	1	95	1	95	2.30e-13	52.8
bflTTN_Aig43_197	TTNI32_193	35.065	77	50	0	8	84	5	81	2.32e-13	52.4
bflTTN_Aig43_197	TTNI107_196	32.979	94	63	0	2	95	2	95	2.42e-13	52.8
bflTTN_Aig43_197	TTNA153_193	35.714	84	52	1	11	94	10	91	2.84e-13	52.4
bflTTN_Aig43_197	TTNA87_194	31.915	94	62	1	2	95	2	93	2.91e-13	52.4
bflTTN_Aig43_197	TTNI44_193	34.884	86	53	1	1	86	1	83	3.17e-13	52.4
bflTTN_Aig43_197	TTNA76_194	30.526	95	64	1	1	95	1	93	8.20e-13	51.2
bflTTN_Aig43_197	TTNA127_195	28.723	94	67	0	2	95	1	94	9.13e-13	51.2
bflTTN_Aig43_197	TTNA131_197	31.325	83	57	0	2	84	2	84	1.52e-12	50.4
bflTTN_Aig43_197	TTNA164_192	33.333	66	44	0	19	84	15	80	1.62e-12	50.4
bflTTN_Aig43_197	TTNA22_194	29.787	94	64	1	2	95	2	93	1.80e-12	50.4
bflTTN_Aig43_197	TTNA8_195	31.579	95	64	1	1	95	1	94	2.01e-12	50.1
bflTTN_Aig43_197	TTNI43_193	32.292	96	58	3	1	94	1	91	2.07e-12	50.1
bflTTN_Aig43_197	TTNM7_192	30.303	66	46	0	29	94	25	90	2.80e-12	49.7
bflTTN_Aig43_197	TTNI74_193	30.769	91	63	0	5	95	2	92	3.12e-12	49.7
bflTTN_Aig43_197	TTNA25_194	29.474	95	65	1	1	95	1	93	5.47e-12	48.9
bflTTN_Aig43_197	TTNI99_188	32.584	89	57	2	5	93	2	87	9.88e-12	48.1
bflTTN_Aig43_197	TTNA57_195	32.353	68	46	0	28	95	27	94	1.09e-11	48.1
bflTTN_Aig43_197	TTNI49_193	36.986	73	46	0	14	86	11	83	1.16e-11	48.1
bflTTN_Aig43_197	TTNI79_193	28.395	81	58	0	14	94	11	91	1.60e-11	47.8
bflTTN_Aig43_197	TTNA138_196	31.250	96	62	2	1	94	1	94	1.80e-11	47.8
bflTTN_Aig43_197	TTNI36_194	28.169	71	51	0	16	86	14	84	2.12e-11	47.4
bflTTN_Aig43_197	TTNA79_193	29.762	84	59	0	12	95	9	92	4.13e-11	46.6
bflTTN_Aig43_197	TTNI51_193	33.333	66	44	0	19	84	16	81	4.27e-11	46.6
bflTTN_Aig43_197	TTNI58_194	33.708	89	53	3	1	88	1	84	4.75e-11	46.6
bflTTN_Aig43_197	TTNA39_196	30.435	92	62	1	6	95	4	95	4.79e-11	46.6
bflTTN_Aig43_197	TTNA29_194	33.684	95	61	1	1	95	1	93	7.62e-11	46.2
bflTTN_Aig43_197	TTNA65_194	27.660	94	66	1	2	95	2	93	8.04e-11	46.2
bflTTN_Aig43_197	TTNA101_192	27.381	84	61	0	12	95	8	91	8.40e-11	45.8
bflTTN_Aig43_197	TTNI76_193	33.333	66	44	0	27	92	24	89	8.77e-11	45.8
bflTTN_Aig43_197	TTNI55_193	26.596	94	66	1	1	94	1	91	1.84e-10	45.1
bflTTN_Aig43_197	TTNI67_193	25.610	82	61	0	13	94	10	91	1.90e-10	45.1
bflTTN_Aig43_197	TTNI70_194	28.125	96	65	2	1	95	1	93	2.04e-10	45.1
bflTTN_Aig43_197	TTNI30_194	29.870	77	54	0	16	92	14	90	2.09e-10	45.1
bflTTN_Aig43_197	TTNZ3_195	27.381	84	58	1	1	84	1	81	2.11e-10	45.1
bflTTN_Aig43_197	TTNI68_194	29.268	82	54	2	1	81	1	79	2.13e-10	45.1
bflTTN_Aig43_197	TTNA61_197	34.737	95	61	1	2	95	2	96	2.47e-10	44.7
bflTTN_Aig43_197	TTNI14_192	27.660	94	65	1	1	94	1	91	2.62e-10	44.7
bflTTN_Aig43_197	TTNM1_192	33.333	63	42	0	32	94	28	90	3.50e-10	44.3
bflTTN_Aig43_197	TTNI64_193	28.571	91	65	0	5	95	2	92	4.20e-10	44.3
bflTTN_Aig43_197	TTNI48_194	29.474	95	63	2	1	94	1	92	4.77e-10	43.9
bflTTN_Aig43_197	TTNI39_193	27.711	83	60	0	13	95	10	92	5.04e-10	43.9
bflTTN_Aig43_197	TTNA90_192	29.870	77	54	0	19	95	15	91	5.32e-10	43.9
bflTTN_Aig43_197	TTNI33_193	22.727	88	68	0	8	95	5	92	5.37e-10	43.9
bflTTN_Aig43_197	TTNA68_195	33.824	68	43	1	28	93	27	94	6.70e-10	43.5
bflTTN_Aig43_197	TTNA123_196	29.474	95	67	0	1	95	1	95	7.61e-10	43.5
bflTTN_Aig43_197	TTNA120_193	30.000	80	54	1	2	81	1	78	8.07e-10	43.5
bflTTN_Aig43_197	TTNA18_199	27.451	102	63	2	1	95	1	98	8.51e-10	43.5
bflTTN_Aig43_197	TTNA169_1100	27.835	97	67	2	1	94	2	98	9.55e-10	43.5
bflTTN_Aig43_197	TTNI80_194	26.506	83	60	1	13	94	10	92	1.04e-09	43.1
bflTTN_Aig43_197	TTNI50_194	27.083	96	66	2	1	95	1	93	1.42e-09	42.7
bflTTN_Aig43_197	TTNI38_193	24.706	85	61	1	1	85	1	82	1.47e-09	42.7
bflTTN_Aig43_197	TTNI69_193	31.507	73	50	0	14	86	11	83	1.52e-09	42.7
bflTTN_Aig43_197	TTNZ7_195	29.670	91	62	1	6	94	2	92	1.74e-09	42.7
bflTTN_Aig43_197	TTNA43_195	29.167	96	65	2	1	95	1	94	2.37e-09	42.4
bflTTN_Aig43_197	TTNA160_193	25.532	94	68	1	2	95	1	92	2.91e-09	42.0
bflTTN_Aig43_197	TTNI106_194	25.581	86	64	0	11	96	9	94	3.00e-09	42.0
bflTTN_Aig43_197	TTNI75_193	31.169	77	53	0	8	84	5	81	3.31e-09	42.0
bflTTN_Aig43_197	TTNI60_194	26.042	96	67	2	1	95	1	93	3.96e-09	41.6
bflTTN_Aig43_197	TTNI65_193	30.137	73	51	0	12	84	9	81	4.66e-09	41.6
bflTTN_Aig43_197	TTNM3_193	31.325	83	54	2	14	94	10	91	5.02e-09	41.2
bflTTN_Aig43_197	TTNA32_196	27.368	95	69	0	1	95	1	95	5.04e-09	41.6
bflTTN_Aig43_197	TTNI37_193	29.577	71	50	0	14	84	11	81	5.24e-09	41.2
bflTTN_Aig43_197	TTNI77_193	24.691	81	61	0	14	94	11	91	5.46e-09	41.2
bflTTN_Aig43_197	TTNI62_193	23.404	94	69	1	1	94	1	91	6.35e-09	41.2
bflTTN_Aig43_197	TTNI28_193	23.377	77	59	0	19	95	16	92	1.06e-08	40.4
bflTTN_Aig43_197	TTNI78_194	26.027	73	54	0	12	84	10	82	1.16e-08	40.4
bflTTN_Aig43_197	TTNI52_193	24.468	94	68	1	1	94	1	91	1.19e-08	40.4
bflTTN_Aig43_197	TTNI47_193	27.536	69	50	0	26	94	23	91	1.19e-08	40.4
bflTTN_Aig43_197	TTNI35_193	24.468	94	68	1	1	94	1	91	1.26e-08	40.4
bflTTN_Aig43_197	TTNM9_196	31.250	80	55	0	16	95	13	92	1.26e-08	40.4
bflTTN_Aig43_197	TTNA98_194	25.532	94	68	1	2	95	2	93	1.41e-08	40.0
bflTTN_Aig43_197	TTNI17_194	25.000	84	60	1	1	84	1	81	1.45e-08	40.0
bflTTN_Aig43_197	TTNI45_193	26.374	91	67	0	5	95	2	92	1.62e-08	40.0
bflTTN_Aig43_197	TTNI59_193	33.333	81	50	2	14	92	11	89	1.66e-08	40.0
bflTTN_Aig43_197	TTNI85_192	36.364	77	46	3	11	86	9	83	1.85e-08	40.0
bflTTN_Aig43_197	TTNI72_193	22.340	94	70	1	1	94	1	91	2.05e-08	39.7
bflTTN_Aig43_197	TTNA145_195	35.294	68	44	0	28	95	27	94	2.26e-08	39.7
bflTTN_Aig43_197	TTNI61_193	27.848	79	57	0	16	94	13	91	2.62e-08	39.7
bflTTN_Aig43_197	TTNZ1_195	29.333	75	51	1	12	84	8	82	2.89e-08	39.3
bflTTN_Aig43_197	TTNA4_1121	27.419	124	55	5	2	95	2	120	4.26e-08	39.7
bflTTN_Aig43_197	TTNI71_193	24.444	90	68	0	5	94	2	91	4.36e-08	38.9
bflTTN_Aig43_197	TTNA1_193	26.882	93	67	1	3	95	1	92	5.17e-08	38.9
bflTTN_Aig43_197	TTNI54_193	25.974	77	57	0	19	95	16	92	5.74e-08	38.5
bflTTN_Aig43_197	TTNM5_194	24.051	79	60	0	16	94	13	91	7.54e-08	38.5
bflTTN_Aig43_197	TTNA11_1103	28.155	103	65	3	1	95	1	102	8.34e-08	38.5
bflTTN_Aig43_197	TTNA134_195	30.159	63	44	0	19	81	18	80	1.21e-07	37.7
bflTTN_Aig43_197	TTNI56_193	23.913	92	67	1	1	92	1	89	1.62e-07	37.4
bflTTN_Aig43_197	TTNA15_1104	22.549	102	71	2	2	95	1	102	2.29e-07	37.4
bflTTN_Aig43_197	TTNM8_193	30.000	70	47	1	16	85	14	81	3.33e-07	36.6
bflTTN_Aig43_197	TTNM6_194	23.656	93	67	2	1	92	1	90	3.46e-07	36.6
bflTTN_Aig43_197	TTNI83_193	41.463	41	24	0	36	76	32	72	3.67e-07	36.6
bflTTN_Aig43_197	TTNI57_193	21.951	82	64	0	13	94	10	91	6.56e-07	35.8
bflTTN_Aig43_197	TTNI34_193	30.645	62	43	0	28	89	25	86	7.36e-07	35.8
bflTTN_Aig43_197	TTNM4_193	28.788	66	47	0	19	84	16	81	9.48e-07	35.4
bflTTN_Aig43_197	TTNI16_194	21.333	75	57	1	12	84	8	82	1.01e-06	35.4
bflTTN_Aig43_197	TTNI31_193	23.810	84	61	1	1	84	1	81	1.12e-06	35.4
bflTTN_Aig43_197	TTNA112_192	29.091	55	39	0	30	84	26	80	2.12e-06	34.7
bflTTN_Aig43_197	TTNI27_194	23.944	71	54	0	14	84	11	81	2.31e-06	34.3
bflTTN_Aig43_197	TTNI46_193	25.000	88	62	2	1	88	1	84	2.39e-06	34.3
bflTTN_Aig43_197	TTNZ9_193	24.419	86	64	1	12	97	8	92	2.52e-06	34.3
bflTTN_Aig43_197	TTNI25_195	26.761	71	47	2	28	95	25	93	2.95e-06	34.3
bflTTN_Aig43_197	TTNM2_195	26.582	79	55	1	19	94	15	93	5.54e-06	33.5
bflTTN_Aig43_197	TTNI82_188	30.882	68	46	1	14	81	11	77	7.32e-06	33.1
bflTTN_Aig43_197	TTNI29_193	30.508	59	41	0	36	94	33	91	1.06e-05	32.7
bflTTN_Aig43_197	TTNI66_193	27.174	92	64	2	1	92	1	89	1.15e-05	32.7
bflTTN_Aig43_197	TTNZ4_195	24.390	82	56	2	15	92	12	91	1.28e-05	32.3
bflTTN_Aig43_197	TTNA165_196	25.974	77	56	1	19	94	18	94	2.03e-05	32.0
bflTTN_Aig43_197	TTNI24_192	25.974	77	57	0	8	84	4	80	2.85e-05	31.6
bflTTN_Aig43_197	TTNI42_194	20.253	79	63	0	16	94	14	92	3.32e-05	31.2
bflTTN_Aig43_197	TTNZ5_193	25.301	83	61	1	13	94	10	92	4.47e-05	31.2
bflTTN_Aig43_197	TTNI103_188	22.034	59	46	0	23	81	19	77	7.53e-05	30.4
bflTTN_Aig43_197	TTNI103_188	29.167	24	17	0	56	79	2	25	7.4	16.5
bflTTN_Aig43_197	TTNI41_193	22.535	71	55	0	24	94	21	91	1.92e-04	29.3
bflTTN_Aig43_197	TTNI97_188	25.424	59	44	0	23	81	19	77	2.41e-04	28.9
bflTTN_Aig43_197	TTNI84_196	25.862	58	43	0	23	80	23	80	3.98e-04	28.5
bflTTN_Aig43_197	TTNI2_191	23.377	77	51	1	9	85	14	82	4.41e-04	28.5
bflTTN_Aig43_197	TTNI88_187	31.915	47	32	0	35	81	30	76	4.41e-04	28.1
bflTTN_Aig43_197	TTNI102_188	27.083	48	35	0	38	85	34	81	0.001	27.3
bflTTN_Aig43_197	TTNI90_187	28.814	59	38	1	36	94	31	85	0.002	26.6
bflTTN_Aig43_197	TTNI6_187	22.917	48	37	0	35	82	31	78	0.003	26.2
bflTTN_Aig43_197	TTNI105_190	23.750	80	52	2	19	95	16	89	0.003	25.8
bflTTN_Aig43_197	TTNI12_187	26.667	60	44	0	23	82	19	78	0.008	24.6
bflTTN_Aig43_197	TTNI100_188	22.727	66	50	1	14	79	11	75	0.008	25.0
bflTTN_Aig43_197	TTNA168_194	24.615	65	45	2	23	84	19	82	0.026	23.5
bflTTN_Aig43_197	TTNI1_194	30.357	56	38	1	30	84	27	82	0.028	23.5
bflTTN_Aig43_197	TTNZ8_195	22.222	63	49	0	30	92	28	90	0.062	22.3
bflTTN_Aig43_197	TTNZ6_195	20.290	69	54	1	17	84	13	81	0.075	22.3
bflTTN_Aig43_197	TTNI26_191	22.785	79	58	2	18	95	14	90	0.20	21.2
bflTTN_Aig43_197	TTNI86_190	25.641	39	29	0	17	55	13	51	0.30	20.4
bflTTN_Aig43_197	TTNI94_187	22.222	54	42	0	24	77	20	73	0.34	20.4
bflTTN_Aig43_197	TTNI98_188	20.000	60	48	0	22	81	18	77	0.34	20.4
bflTTN_Aig43_197	TTNI104_188	18.000	50	41	0	35	84	31	80	0.53	19.6
bflTTN_Aig43_197	TTNI91_188	22.500	80	57	2	14	91	11	87	0.54	19.6
bflTTN_Aig43_197	TTNI95_188	18.919	74	49	2	13	86	10	72	0.83	19.2
bflTTN_Aig43_197	TTNI15_191	20.408	49	39	0	36	84	32	80	2.5	18.1
bflTTN_Aig43_197	TTNI81_190	32.000	25	15	1	32	56	30	52	2.7	17.7
bflTTN_Aig43_197	TTNI93_188	29.412	34	23	1	63	95	43	76	2.8	17.7
bflTTN_Aig44_196	TTNA142_194	46.237	93	49	1	2	94	2	93	2.35e-29	93.2
bflTTN_Aig44_196	TTNA65_194	44.086	93	51	1	2	94	2	93	2.42e-27	88.2
bflTTN_Aig44_196	TTNA160_193	47.872	94	48	1	2	95	1	93	4.44e-27	87.4
bflTTN_Aig44_196	TTNA109_194	41.489	94	54	1	1	94	1	93	1.20e-25	84.0
bflTTN_Aig44_196	TTNA76_194	37.234	94	58	1	1	94	1	93	5.72e-25	82.0
bflTTN_Aig44_196	TTNA87_194	39.785	93	55	1	2	94	2	93	1.23e-24	81.3
bflTTN_Aig44_196	TTNA116_196	41.667	96	53	2	1	94	1	95	3.74e-24	80.1
bflTTN_Aig44_196	TTNA98_194	39.785	93	55	1	2	94	2	93	5.49e-23	77.0
bflTTN_Aig44_196	TTNA43_195	36.170	94	60	0	1	94	1	94	5.57e-23	77.0
bflTTN_Aig44_196	TTNA120_193	37.634	93	57	1	2	94	1	92	6.09e-22	74.3
bflTTN_Aig44_196	TTNA29_194	39.362	94	56	1	1	94	1	93	2.44e-21	72.8
bflTTN_Aig44_196	TTNA153_193	40.217	92	54	1	2	93	1	91	2.71e-21	72.8
bflTTN_Aig44_196	TTNA54_196	39.583	96	55	2	1	94	1	95	5.11e-21	72.0
bflTTN_Aig44_196	TTNA83_196	42.708	96	52	2	1	94	1	95	4.05e-20	69.7
bflTTN_Aig44_196	TTNA149_197	39.583	96	56	2	1	94	1	96	4.58e-20	69.7
bflTTN_Aig44_196	TTNA105_197	40.625	96	53	2	2	94	2	96	2.42e-19	67.8
bflTTN_Aig44_196	TTNA57_195	33.684	95	62	1	2	95	1	95	4.28e-19	67.4
bflTTN_Aig44_196	TTNA131_197	36.842	95	58	2	2	94	2	96	9.23e-19	66.2
bflTTN_Aig44_196	TTNA94_195	36.170	94	59	1	2	94	1	94	1.25e-17	63.5
bflTTN_Aig44_196	TTNA32_196	31.959	97	61	2	1	94	1	95	2.06e-16	60.5
bflTTN_Aig44_196	TTNA68_195	37.349	83	51	1	2	83	1	83	3.31e-16	59.7
bflTTN_Aig44_196	TTNA8_195	31.915	94	64	0	1	94	1	94	4.39e-16	59.7
bflTTN_Aig44_196	TTNA145_195	36.264	91	57	1	6	95	5	95	9.80e-16	58.5
bflTTN_Aig44_196	TTNA22_194	34.409	93	60	1	2	94	2	93	1.16e-15	58.5
bflTTN_Aig44_196	TTNA46_192	32.632	95	59	2	1	94	1	91	1.24e-15	58.2
bflTTN_Aig44_196	TTNA123_196	34.021	97	59	2	1	94	1	95	1.30e-15	58.5
bflTTN_Aig44_196	TTNA127_195	37.500	88	50	3	10	94	9	94	2.60e-15	57.4
bflTTN_Aig44_196	TTNA72_196	36.842	95	57	2	2	94	2	95	6.00e-15	56.6
bflTTN_Aig44_196	TTNA15_1104	26.471	102	66	1	2	94	1	102	7.52e-15	56.6
bflTTN_Aig44_196	TTNA50_196	32.292	96	62	2	1	94	1	95	8.04e-15	56.2
bflTTN_Aig44_196	TTNA61_197	34.694	98	56	3	2	94	2	96	2.35e-14	55.1
bflTTN_Aig44_196	TTNA1_193	33.735	83	54	1	14	95	11	93	7.60e-14	53.9
bflTTN_Aig44_196	TTNA112_192	33.750	80	52	1	16	94	12	91	1.02e-13	53.5
bflTTN_Aig44_196	TTNA79_193	34.091	88	55	2	9	94	6	92	3.68e-13	52.0
bflTTN_Aig44_196	TTNA36_196	32.143	84	56	1	1	83	1	84	4.84e-13	51.6
bflTTN_Aig44_196	TTNA156_195	30.851	94	64	1	2	94	1	94	7.20e-13	51.2
bflTTN_Aig44_196	TTNA39_196	31.183	93	61	2	5	94	3	95	1.09e-12	50.8
bflTTN_Aig44_196	TTNZ3_195	33.684	95	57	3	1	93	1	91	3.30e-12	49.7
bflTTN_Aig44_196	TTNA25_194	31.579	95	62	2	1	94	1	93	9.57e-12	48.5
bflTTN_Aig44_196	TTNA90_192	34.177	79	49	2	15	91	11	88	1.24e-11	48.1
bflTTN_Aig44_196	TTNA138_196	30.526	95	63	2	1	93	1	94	1.59e-11	47.8
bflTTN_Aig44_196	TTNA101_192	31.707	82	53	2	15	94	11	91	1.97e-11	47.4
bflTTN_Aig44_196	TTNM10_195	27.711	83	57	1	14	93	11	93	5.29e-11	46.6
bflTTN_Aig44_196	TTNA134_195	27.368	95	68	1	2	95	1	95	3.65e-10	44.3
bflTTN_Aig44_196	TTNI106_194	34.483	87	56	1	10	95	8	94	4.02e-10	44.3
bflTTN_Aig44_196	TTNM5_194	31.507	73	49	1	12	83	9	81	7.25e-10	43.5
bflTTN_Aig44_196	TTNI107_196	27.660	94	67	1	2	94	2	95	2.27e-09	42.4
bflTTN_Aig44_196	TTNI105_190	33.333	81	52	2	14	94	11	89	2.55e-09	42.0
bflTTN_Aig44_196	TTNA18_199	31.183	93	56	2	11	95	7	99	5.94e-09	41.2
bflTTN_Aig44_196	TTNA169_1100	34.328	67	42	2	19	83	22	88	2.23e-08	39.7
bflTTN_Aig44_196	TTNA165_196	27.500	80	52	3	18	93	17	94	7.85e-08	38.1
bflTTN_Aig44_196	TTNI74_193	31.818	66	44	1	30	94	27	92	1.79e-07	37.4
bflTTN_Aig44_196	TTNI54_193	27.778	90	62	2	8	94	3	92	7.17e-07	35.8
bflTTN_Aig44_196	TTNI14_192	23.404	94	68	2	1	93	1	91	8.26e-07	35.4
bflTTN_Aig44_196	TTNM7_192	26.250	80	58	1	15	93	11	90	8.53e-07	35.4
bflTTN_Aig44_196	TTNI51_193	27.273	77	51	2	14	87	11	85	1.01e-06	35.4
bflTTN_Aig44_196	TTNM3_193	27.778	90	60	3	9	93	2	91	1.18e-06	35.0
bflTTN_Aig44_196	TTNA11_1103	27.586	87	56	2	14	93	15	101	1.32e-06	35.0
bflTTN_Aig44_196	TTNZ1_195	26.667	75	52	1	12	83	8	82	2.12e-06	34.7
bflTTN_Aig44_196	TTNA4_1121	23.276	116	59	2	9	94	5	120	5.63e-06	33.9
bflTTN_Aig44_196	TTNZ6_195	24.359	78	55	2	19	93	15	91	6.66e-06	33.1
bflTTN_Aig44_196	TTNI25_195	21.429	98	68	3	1	94	1	93	8.04e-06	33.1
bflTTN_Aig44_196	TTNI39_193	25.610	82	60	1	14	94	11	92	9.32e-06	32.7
bflTTN_Aig44_196	TTNI61_193	26.506	83	56	2	14	93	11	91	9.52e-06	32.7
bflTTN_Aig44_196	TTNI33_193	22.892	83	63	1	13	94	10	92	2.49e-05	31.6
bflTTN_Aig44_196	TTNI44_193	30.159	63	43	1	24	85	21	83	3.26e-05	31.2
bflTTN_Aig44_196	TTNI55_193	28.169	71	46	2	19	86	16	84	3.54e-05	31.2
bflTTN_Aig44_196	TTNI30_194	23.958	96	66	3	1	93	1	92	4.61e-05	30.8
bflTTN_Aig44_196	TTNA164_192	23.944	71	53	1	14	83	10	80	4.68e-05	30.8
bflTTN_Aig44_196	TTNZ4_195	20.455	88	64	2	2	86	2	86	5.19e-05	30.8
bflTTN_Aig44_196	TTNZ2_194	22.353	85	60	3	1	83	1	81	8.16e-05	30.4
bflTTN_Aig44_196	TTNI45_193	23.529	68	51	1	28	94	25	92	1.07e-04	30.0
bflTTN_Aig44_196	TTNI42_194	23.404	94	69	2	1	93	1	92	1.47e-04	29.6
bflTTN_Aig44_196	TTNI80_194	23.611	72	53	1	24	93	21	92	1.70e-04	29.3
bflTTN_Aig44_196	TTNI59_193	26.316	76	53	2	19	92	16	90	1.79e-04	29.3
bflTTN_Aig44_196	TTNI99_188	38.776	49	29	1	31	78	27	75	1.80e-04	29.3
bflTTN_Aig44_196	TTNI17_194	23.864	88	66	1	9	95	6	93	1.97e-04	29.3
bflTTN_Aig44_196	TTNM2_195	23.958	96	66	3	2	93	1	93	2.35e-04	29.3
bflTTN_Aig44_196	TTNM9_196	21.429	84	65	1	12	94	9	92	2.61e-04	28.9
bflTTN_Aig44_196	TTNI64_193	26.316	76	53	2	11	83	6	81	3.02e-04	28.9
bflTTN_Aig44_196	TTNI78_194	26.471	68	47	2	19	84	17	83	4.21e-04	28.5
bflTTN_Aig44_196	TTNZ7_195	24.138	87	61	2	12	93	8	94	5.07e-04	28.1
bflTTN_Aig44_196	TTNI16_194	20.988	81	61	1	16	93	12	92	5.17e-04	28.1
bflTTN_Aig44_196	TTNI73_193	22.500	80	59	2	16	93	13	91	6.15e-04	28.1
bflTTN_Aig44_196	TTNI43_193	22.105	95	68	3	1	93	1	91	6.74e-04	27.7
bflTTN_Aig44_196	TTNZ9_193	27.711	83	57	1	2	84	1	80	8.71e-04	27.3
bflTTN_Aig44_196	TTNI53_193	22.727	88	64	2	1	87	1	85	0.001	27.3
bflTTN_Aig44_196	TTNI63_193	24.691	81	60	1	14	93	11	91	0.001	27.3
bflTTN_Aig44_196	TTNI50_194	25.676	74	53	1	14	85	11	84	0.001	26.9
bflTTN_Aig44_196	TTNI58_194	23.158	95	68	3	1	93	1	92	0.003	25.8
bflTTN_Aig44_196	TTNI49_193	22.388	67	51	1	28	93	25	91	0.004	25.4
bflTTN_Aig44_196	TTNI48_194	26.733	101	57	5	1	93	1	92	0.005	25.4
bflTTN_Aig44_196	TTNI77_193	23.256	86	61	3	12	92	7	92	0.006	25.4
bflTTN_Aig44_196	TTNA168_194	22.785	79	56	2	12	86	8	85	0.006	25.0
bflTTN_Aig44_196	TTNI76_193	27.143	70	48	2	19	86	16	84	0.008	25.0
bflTTN_Aig44_196	TTNI65_193	24.638	69	47	2	19	84	16	82	0.008	25.0
bflTTN_Aig44_196	TTNI28_193	21.622	74	55	2	12	83	9	81	0.009	24.6
bflTTN_Aig44_196	TTNI69_193	22.535	71	52	2	19	87	16	85	0.018	23.9
bflTTN_Aig44_196	TTNI1_194	27.632	76	49	2	15	86	12	85	0.019	23.9
bflTTN_Aig44_196	TTNI1_194	31.579	19	13	0	9	27	35	53	5.2	16.9
bflTTN_Aig44_196	TTNI70_194	16.667	84	66	2	14	94	11	93	0.022	23.5
bflTTN_Aig44_196	TTNI47_193	23.881	67	50	1	22	87	19	85	0.024	23.5
bflTTN_Aig44_196	TTNI60_194	20.253	79	59	2	19	94	16	93	0.024	23.5
bflTTN_Aig44_196	TTNI71_193	19.753	81	64	1	14	93	11	91	0.028	23.5
bflTTN_Aig44_196	TTNI85_192	50.000	20	10	0	61	80	59	78	0.028	23.5
bflTTN_Aig44_196	TTNZ5_193	28.000	25	18	0	19	43	16	40	0.032	23.1
bflTTN_Aig44_196	TTNI57_193	25.352	71	52	1	14	83	11	81	0.035	23.1
bflTTN_Aig44_196	TTNI41_193	37.931	29	18	0	56	84	54	82	0.038	23.1
bflTTN_Aig44_196	TTNI67_193	20.988	81	63	1	14	93	11	91	0.052	22.7
bflTTN_Aig44_196	TTNI75_193	23.377	77	46	2	14	83	11	81	0.058	22.3
bflTTN_Aig44_196	TTNI72_193	20.588	68	53	1	18	84	15	82	0.068	22.3
bflTTN_Aig44_196	TTNI37_193	25.373	67	45	2	28	91	25	89	0.11	21.6
bflTTN_Aig44_196	TTNI32_193	20.548	73	56	2	18	88	15	87	0.12	21.6
bflTTN_Aig44_196	TTNI100_188	27.586	58	38	3	19	74	16	71	0.13	21.6
bflTTN_Aig44_196	TTNI96_188	25.000	64	48	0	14	77	11	74	0.15	21.2
bflTTN_Aig44_196	TTNI36_194	20.833	72	52	2	16	84	14	83	0.16	21.2
bflTTN_Aig44_196	TTNI34_193	25.000	72	47	2	15	85	18	83	0.17	21.2
bflTTN_Aig44_196	TTNI79_193	20.833	72	56	1	14	84	11	82	0.44	20.0
bflTTN_Aig44_196	TTNI90_187	36.364	33	17	1	61	93	57	85	0.47	20.0
bflTTN_Aig44_196	TTNI10_187	21.622	37	29	0	45	81	42	78	0.61	19.6
bflTTN_Aig44_196	TTNI24_192	25.000	36	27	0	58	93	55	90	0.85	19.2
bflTTN_Aig44_196	TTNI38_193	23.188	69	50	2	19	85	16	83	0.88	19.2
bflTTN_Aig44_196	TTNI9_187	23.810	63	44	2	14	74	11	71	1.5	18.5
bflTTN_Aig44_196	TTNM6_194	22.951	61	43	2	37	95	34	92	1.6	18.5
bflTTN_Aig44_196	TTNI68_194	21.250	80	60	2	16	93	14	92	5.0	16.9
bflTTN_Aig45_196	TTNA50_196	32.979	94	63	0	1	94	2	95	4.76e-17	62.0
bflTTN_Aig45_196	TTNA57_195	31.579	95	65	0	1	95	1	95	3.57e-16	59.7
bflTTN_Aig45_196	TTNA68_195	32.258	93	63	0	1	93	1	93	4.35e-16	59.7
bflTTN_Aig45_196	TTNA1_193	32.632	95	61	1	1	95	2	93	1.04e-15	58.5
bflTTN_Aig45_196	TTNA153_193	30.851	94	61	2	1	93	1	91	1.61e-15	58.2
bflTTN_Aig45_196	TTNA123_196	31.915	94	64	0	1	94	2	95	2.55e-15	57.8
bflTTN_Aig45_196	TTNA11_1103	35.484	93	52	2	7	93	9	99	1.57e-14	55.8
bflTTN_Aig45_196	TTNA149_197	27.957	93	66	1	2	94	5	96	3.70e-14	54.7
bflTTN_Aig45_196	TTNI107_196	32.292	96	61	2	1	94	2	95	4.79e-14	54.3
bflTTN_Aig45_196	TTNA156_195	31.915	94	64	0	1	94	1	94	4.94e-14	54.3
bflTTN_Aig45_196	TTNM5_194	39.759	83	48	2	12	93	10	91	1.08e-13	53.5
bflTTN_Aig45_196	TTNA134_195	30.526	95	66	0	1	95	1	95	1.38e-13	53.1
bflTTN_Aig45_196	TTNA142_194	33.333	96	58	2	1	94	2	93	1.47e-13	53.1
bflTTN_Aig45_196	TTNM10_195	33.735	83	53	1	13	93	11	93	3.10e-13	52.4
bflTTN_Aig45_196	TTNA94_195	29.787	94	66	0	1	94	1	94	3.24e-13	52.4
bflTTN_Aig45_196	TTNA160_193	29.167	96	64	2	1	95	1	93	3.81e-13	52.0
bflTTN_Aig45_196	TTNA83_196	27.660	94	68	0	1	94	2	95	4.44e-13	52.0
bflTTN_Aig45_196	TTNA98_194	35.106	94	59	1	1	94	2	93	7.05e-13	51.2
bflTTN_Aig45_196	TTNA46_192	31.034	87	60	0	8	94	5	91	8.19e-13	51.2
bflTTN_Aig45_196	TTNA61_197	31.579	95	64	1	1	94	2	96	1.18e-12	50.8
bflTTN_Aig45_196	TTNA39_196	35.417	96	58	3	1	94	2	95	2.33e-12	50.1
bflTTN_Aig45_196	TTNA32_196	26.882	93	66	1	2	94	5	95	2.39e-12	50.1
bflTTN_Aig45_196	TTNA145_195	32.632	95	64	0	1	95	1	95	5.07e-12	49.3
bflTTN_Aig45_196	TTNA109_194	27.660	94	66	1	1	94	2	93	5.24e-12	48.9
bflTTN_Aig45_196	TTNI106_194	31.579	95	64	1	1	95	1	94	1.08e-11	48.1
bflTTN_Aig45_196	TTNA127_195	23.404	94	72	0	1	94	1	94	1.17e-11	48.1
bflTTN_Aig45_196	TTNA120_193	28.723	94	65	1	1	94	1	92	1.21e-11	48.1
bflTTN_Aig45_196	TTNA76_194	28.723	94	65	1	1	94	2	93	1.59e-11	47.8
bflTTN_Aig45_196	TTNA87_194	28.723	94	65	1	1	94	2	93	1.61e-11	47.8
bflTTN_Aig45_196	TTNA22_194	32.979	94	61	1	1	94	2	93	1.89e-11	47.8
bflTTN_Aig45_196	TTNA131_197	34.343	99	56	4	1	94	2	96	2.10e-11	47.8
bflTTN_Aig45_196	TTNA90_192	27.711	83	60	0	12	94	9	91	2.69e-11	47.4
bflTTN_Aig45_196	TTNA18_199	27.451	102	63	2	1	95	2	99	3.02e-11	47.4
bflTTN_Aig45_196	TTNA138_196	28.723	94	65	2	1	93	2	94	3.12e-11	47.0
bflTTN_Aig45_196	TTNA54_196	29.787	94	66	0	1	94	2	95	4.00e-11	47.0
bflTTN_Aig45_196	TTNA65_194	30.526	95	62	2	1	94	2	93	5.35e-11	46.6
bflTTN_Aig45_196	TTNA36_196	30.851	94	65	0	1	94	2	95	6.99e-11	46.2
bflTTN_Aig45_196	TTNA169_1100	31.169	77	52	1	18	93	22	98	9.29e-11	45.8
bflTTN_Aig45_196	TTNA25_194	32.143	84	57	0	11	94	10	93	1.06e-10	45.8
bflTTN_Aig45_196	TTNZ2_194	28.235	85	61	0	12	96	10	94	1.25e-10	45.4
bflTTN_Aig45_196	TTNA72_196	28.723	94	67	0	1	94	2	95	1.30e-10	45.4
bflTTN_Aig45_196	TTNA116_196	29.167	96	64	3	1	94	2	95	2.45e-10	44.7
bflTTN_Aig45_196	TTNA105_197	29.474	95	66	1	1	94	2	96	3.92e-10	44.3
bflTTN_Aig45_196	TTNA101_192	27.586	87	63	0	8	94	5	91	8.54e-10	43.1
bflTTN_Aig45_196	TTNA15_1104	25.490	102	68	2	1	94	1	102	9.60e-10	43.5
bflTTN_Aig45_196	TTNI59_193	29.333	75	53	0	17	91	15	89	9.91e-10	43.1
bflTTN_Aig45_196	TTNA8_195	29.032	93	63	2	2	94	5	94	2.00e-09	42.4
bflTTN_Aig45_196	TTNI55_193	31.429	70	48	0	18	87	16	85	2.51e-09	42.0
bflTTN_Aig45_196	TTNA43_195	31.959	97	59	3	1	94	2	94	3.13e-09	42.0
bflTTN_Aig45_196	TTNA79_193	26.437	87	64	0	8	94	6	92	8.77e-09	40.8
bflTTN_Aig45_196	TTNI64_193	28.049	82	59	0	13	94	11	92	1.79e-08	40.0
bflTTN_Aig45_196	TTNZ7_195	27.907	86	56	2	12	93	9	92	2.09e-08	39.7
bflTTN_Aig45_196	TTNI51_193	29.630	81	57	0	13	93	11	91	3.21e-08	39.3
bflTTN_Aig45_196	TTNA29_194	29.592	98	59	2	1	94	2	93	3.24e-08	39.3
bflTTN_Aig45_196	TTNI49_193	28.767	73	52	0	21	93	19	91	5.89e-08	38.5
bflTTN_Aig45_196	TTNA165_196	24.675	77	57	1	18	93	18	94	7.93e-08	38.1
bflTTN_Aig45_196	TTNI75_193	29.487	78	55	0	11	88	9	86	8.36e-08	38.1
bflTTN_Aig45_196	TTNI79_193	24.706	85	64	0	9	93	7	91	1.48e-07	37.4
bflTTN_Aig45_196	TTNI73_193	29.487	78	55	0	11	88	9	86	1.70e-07	37.4
bflTTN_Aig45_196	TTNI77_193	27.957	93	64	1	1	93	2	91	1.72e-07	37.4
bflTTN_Aig45_196	TTNI63_193	30.120	83	58	0	11	93	9	91	2.15e-07	37.0
bflTTN_Aig45_196	TTNZ3_195	28.395	81	58	0	13	93	11	91	2.39e-07	37.0
bflTTN_Aig45_196	TTNI61_193	30.952	84	56	2	11	93	9	91	2.77e-07	37.0
bflTTN_Aig45_196	TTNM9_196	28.916	83	59	0	12	94	10	92	4.99e-07	36.2
bflTTN_Aig45_196	TTNI67_193	27.957	93	64	1	1	93	2	91	6.59e-07	35.8
bflTTN_Aig45_196	TTNI54_193	29.167	72	51	0	14	85	12	83	8.76e-07	35.4
bflTTN_Aig45_196	TTNI74_193	25.926	81	60	0	14	94	12	92	1.01e-06	35.4
bflTTN_Aig45_196	TTNI58_194	30.488	82	57	0	12	93	11	92	1.08e-06	35.4
bflTTN_Aig45_196	TTNZ1_195	30.000	80	54	1	11	88	8	87	1.28e-06	35.0
bflTTN_Aig45_196	TTNI30_194	29.577	71	50	0	18	88	17	87	1.43e-06	35.0
bflTTN_Aig45_196	TTNI45_193	26.506	83	61	0	12	94	10	92	1.52e-06	35.0
bflTTN_Aig45_196	TTNA164_192	27.778	72	52	0	13	84	10	81	1.57e-06	34.7
bflTTN_Aig45_196	TTNI57_193	27.835	97	59	3	1	93	2	91	2.79e-06	34.3
bflTTN_Aig45_196	TTNI53_193	26.923	78	57	0	11	88	9	86	3.00e-06	34.3
bflTTN_Aig45_196	TTNA112_192	24.096	83	63	0	12	94	9	91	3.12e-06	33.9
bflTTN_Aig45_196	TTNI65_193	28.788	66	47	0	18	83	16	81	3.20e-06	33.9
bflTTN_Aig45_196	TTNI80_194	28.916	83	58	1	12	93	10	92	3.21e-06	33.9
bflTTN_Aig45_196	TTNM3_193	28.571	84	51	2	15	93	12	91	4.03e-06	33.9
bflTTN_Aig45_196	TTNI39_193	29.762	84	57	2	12	94	10	92	5.35e-06	33.5
bflTTN_Aig45_196	TTNZ6_195	23.077	78	59	1	17	93	14	91	6.06e-06	33.5
bflTTN_Aig45_196	TTNI70_194	24.359	78	58	1	18	94	16	93	6.84e-06	33.1
bflTTN_Aig45_196	TTNI14_192	23.457	81	62	0	13	93	11	91	6.92e-06	33.1
bflTTN_Aig45_196	TTNZ5_193	28.358	67	47	1	15	80	13	79	9.62e-06	32.7
bflTTN_Aig45_196	TTNI82_188	29.167	72	50	1	9	80	7	77	9.89e-06	32.7
bflTTN_Aig45_196	TTNI32_193	24.675	77	58	0	11	87	9	85	1.01e-05	32.7
bflTTN_Aig45_196	TTNI17_194	27.273	88	64	0	8	95	6	93	1.20e-05	32.3
bflTTN_Aig45_196	TTNI15_191	28.916	83	57	2	11	93	10	90	1.26e-05	32.3
bflTTN_Aig45_196	TTNI27_194	26.866	67	49	0	27	93	25	91	1.28e-05	32.3
bflTTN_Aig45_196	TTNI71_193	27.711	83	60	0	11	93	9	91	1.30e-05	32.3
bflTTN_Aig45_196	TTNA4_1121	25.000	112	55	2	12	94	9	120	2.16e-05	32.3
bflTTN_Aig45_196	TTNI69_193	25.333	75	56	0	13	87	11	85	3.13e-05	31.6
bflTTN_Aig45_196	TTNI44_193	28.814	59	42	0	27	85	25	83	3.58e-05	31.2
bflTTN_Aig45_196	TTNI24_192	27.778	90	55	2	13	92	2	91	4.00e-05	31.2
bflTTN_Aig45_196	TTNI56_193	26.761	71	52	0	18	88	16	86	4.28e-05	31.2
bflTTN_Aig45_196	TTNI76_193	26.761	71	52	0	18	88	16	86	4.74e-05	30.8
bflTTN_Aig45_196	TTNM2_195	26.667	90	60	3	1	87	1	87	4.98e-05	30.8
bflTTN_Aig45_196	TTNI66_193	25.352	71	53	0	18	88	16	86	5.43e-05	30.8
bflTTN_Aig45_196	TTNZ9_193	27.632	76	54	1	8	83	5	79	6.41e-05	30.4
bflTTN_Aig45_196	TTNI25_195	25.301	83	61	1	13	94	11	93	6.65e-05	30.4
bflTTN_Aig45_196	TTNI105_190	24.419	86	56	2	12	94	10	89	1.22e-04	29.6
bflTTN_Aig45_196	TTNI28_193	25.424	59	44	0	27	85	25	83	1.47e-04	29.6
bflTTN_Aig45_196	TTNI1_194	27.273	77	55	1	12	87	10	86	1.52e-04	29.6
bflTTN_Aig45_196	TTNI88_187	29.787	47	33	0	35	81	31	77	1.79e-04	29.3
bflTTN_Aig45_196	TTNI48_194	25.316	79	59	0	15	93	14	92	1.89e-04	29.3
bflTTN_Aig45_196	TTNI81_190	32.143	56	35	1	21	76	23	75	2.82e-04	28.9
bflTTN_Aig45_196	TTNI47_193	27.381	84	54	1	12	88	3	86	2.96e-04	28.9
bflTTN_Aig45_196	TTNI37_193	25.352	71	53	0	13	83	11	81	3.25e-04	28.5
bflTTN_Aig45_196	TTNI36_194	26.087	69	49	1	17	85	18	84	4.53e-04	28.1
bflTTN_Aig45_196	TTNM1_192	24.194	62	47	0	34	95	31	92	0.001	27.3
bflTTN_Aig45_196	TTNZ4_195	26.667	75	51	2	17	88	15	88	0.001	26.9
bflTTN_Aig45_196	TTNI31_193	26.866	67	49	0	18	84	16	82	0.002	26.9
bflTTN_Aig45_196	TTNM7_192	18.750	80	65	0	14	93	11	90	0.005	25.4
bflTTN_Aig45_196	TTNI68_194	28.125	64	44	1	17	80	18	79	0.005	25.4
bflTTN_Aig45_196	TTNI40_193	22.892	83	61	1	11	93	12	91	0.005	25.4
bflTTN_Aig45_196	TTNI35_193	25.000	80	58	2	15	93	13	91	0.005	25.4
bflTTN_Aig45_196	TTNI16_194	22.353	85	62	2	12	93	9	92	0.005	25.4
bflTTN_Aig45_196	TTNI78_194	19.231	78	63	0	11	88	10	87	0.005	25.4
bflTTN_Aig45_196	TTNI43_193	26.250	80	57	2	13	91	11	89	0.006	25.4
bflTTN_Aig45_196	TTNI33_193	24.390	82	62	0	13	94	11	92	0.006	25.4
bflTTN_Aig45_196	TTNI72_193	18.421	76	62	0	18	93	16	91	0.011	24.6
bflTTN_Aig45_196	TTNI60_194	27.174	92	58	4	4	94	10	93	0.012	24.3
bflTTN_Aig45_196	TTNI62_193	19.718	71	57	0	18	88	16	86	0.012	24.3
bflTTN_Aig45_196	TTNI4_189	28.571	42	30	0	36	77	33	74	0.014	24.3
bflTTN_Aig45_196	TTNI96_188	24.638	69	51	1	12	80	10	77	0.016	23.9
bflTTN_Aig45_196	TTNI38_193	19.697	66	53	0	18	83	16	81	0.017	23.9
bflTTN_Aig45_196	TTNI104_188	27.451	51	37	0	34	84	31	81	0.021	23.5
bflTTN_Aig45_196	TTNM4_193	24.691	81	61	0	15	95	13	93	0.026	23.5
bflTTN_Aig45_196	TTNA168_194	25.000	84	61	2	12	93	9	92	0.026	23.5
bflTTN_Aig45_196	TTNI101_193	27.143	70	50	1	15	84	13	81	0.032	23.1
bflTTN_Aig45_196	TTNI34_193	22.581	62	48	0	27	88	25	86	0.043	22.7
bflTTN_Aig45_196	TTNI11_187	26.316	57	38	1	37	93	34	86	0.050	22.7
bflTTN_Aig45_196	TTNI83_193	31.818	44	30	0	35	78	32	75	0.058	22.3
bflTTN_Aig45_196	TTNI94_187	20.968	62	48	1	17	78	15	75	0.063	22.3
bflTTN_Aig45_196	TTNI42_194	20.732	82	63	2	13	93	12	92	0.14	21.6
bflTTN_Aig45_196	TTNI9_187	20.635	63	49	1	13	75	11	72	0.15	21.2
bflTTN_Aig45_196	TTNI3_187	42.857	21	12	0	61	81	58	78	0.19	21.2
bflTTN_Aig45_196	TTNI100_188	21.538	65	50	1	12	76	10	73	0.30	20.4
bflTTN_Aig45_196	TTNI50_194	24.324	74	55	1	11	83	9	82	0.36	20.4
bflTTN_Aig45_196	TTNI85_192	40.000	20	12	0	61	80	59	78	0.36	20.4
bflTTN_Aig45_196	TTNI99_188	24.444	45	34	0	31	75	28	72	0.38	20.0
bflTTN_Aig45_196	TTNM8_193	22.535	71	53	1	13	83	12	80	0.40	20.0
bflTTN_Aig45_196	TTNI41_193	23.188	69	53	0	15	83	13	81	0.42	20.0
bflTTN_Aig45_196	TTNI5_188	20.988	81	60	1	13	93	11	87	0.56	19.6
bflTTN_Aig45_196	TTNM6_194	27.119	59	40	2	34	89	32	90	0.71	19.6
bflTTN_Aig45_196	TTNI2_191	21.875	64	50	0	12	75	10	73	1.1	18.9
bflTTN_Aig45_196	TTNI13_190	33.333	18	12	0	61	78	60	77	4.3	17.3
bflTTN_Aig45_196	TTNI84_196	28.205	39	28	0	37	75	38	76	4.5	17.3
bflTTN_Aig45_196	TTNI90_187	30.303	33	19	1	61	93	57	85	5.1	16.9
bflTTN_Aig45_196	TTNZ8_195	30.000	30	21	0	35	64	64	93	5.5	16.9
bflTTN_Aig45_196	TTNI12_187	25.000	48	36	0	31	78	28	75	5.7	16.9
bflTTN_Aig45_196	TTNI87_188	50.000	10	5	0	84	93	16	25	6.8	16.5
bflTTN_Aig46_195	TTNA36_196	40.000	95	55	1	1	93	1	95	2.06e-21	73.2
bflTTN_Aig46_195	TTNA83_196	38.947	95	56	1	1	93	1	95	5.87e-21	72.0
bflTTN_Aig46_195	TTNA94_195	35.556	90	58	0	4	93	5	94	5.76e-20	69.3
bflTTN_Aig46_195	TTNI107_196	40.000	90	54	0	4	93	6	95	5.50e-19	67.0
bflTTN_Aig46_195	TTNA39_196	37.234	94	57	1	2	93	2	95	8.72e-18	63.9
bflTTN_Aig46_195	TTNA46_192	32.258	93	61	1	1	93	1	91	3.14e-17	62.4
bflTTN_Aig46_195	TTNA149_197	35.417	96	59	1	1	93	1	96	4.27e-17	62.0
bflTTN_Aig46_195	TTNA105_197	35.165	91	58	1	4	93	6	96	1.69e-16	60.5
bflTTN_Aig46_195	TTNA105_197	44.444	18	10	0	3	20	60	77	3.8	17.3
bflTTN_Aig46_195	TTNA68_195	39.773	88	50	3	2	86	1	88	4.15e-16	59.7
bflTTN_Aig46_195	TTNA116_196	29.474	95	65	1	1	93	1	95	9.19e-16	58.5
bflTTN_Aig46_195	TTNA72_196	34.066	91	60	0	3	93	5	95	9.39e-16	58.5
bflTTN_Aig46_195	TTNA22_194	38.462	91	54	1	3	93	5	93	2.86e-15	57.4
bflTTN_Aig46_195	TTNA79_193	35.484	93	59	1	1	93	1	92	5.29e-15	56.6
bflTTN_Aig46_195	TTNA25_194	31.183	93	64	0	1	93	1	93	5.30e-15	56.6
bflTTN_Aig46_195	TTNA160_193	38.043	92	55	1	3	94	4	93	6.43e-15	56.6
bflTTN_Aig46_195	TTNA8_195	36.905	84	50	2	1	82	1	83	7.84e-15	56.2
bflTTN_Aig46_195	TTNA123_196	32.632	95	62	1	1	93	1	95	9.04e-15	56.2
bflTTN_Aig46_195	TTNA109_194	33.684	95	59	2	1	93	1	93	1.26e-14	55.8
bflTTN_Aig46_195	TTNA50_196	33.684	95	61	1	1	93	1	95	2.27e-14	55.1
bflTTN_Aig46_195	TTNA57_195	29.474	95	65	1	2	94	1	95	5.62e-14	54.3
bflTTN_Aig46_195	TTNA98_194	29.787	94	62	2	2	93	2	93	3.31e-13	52.0
bflTTN_Aig46_195	TTNA65_194	30.769	91	61	1	3	93	5	93	4.62e-13	51.6
bflTTN_Aig46_195	TTNA145_195	30.120	83	58	0	12	94	13	95	4.83e-13	51.6
bflTTN_Aig46_195	TTNA76_194	29.474	95	63	2	1	93	1	93	6.60e-13	51.2
bflTTN_Aig46_195	TTNA127_195	31.111	90	62	0	4	93	5	94	7.52e-13	51.2
bflTTN_Aig46_195	TTNA1_193	29.032	93	65	1	2	94	2	93	8.10e-13	51.2
bflTTN_Aig46_195	TTNA54_196	31.959	97	60	3	1	93	1	95	1.16e-12	50.8
bflTTN_Aig46_195	TTNI106_194	32.979	94	62	1	2	94	1	94	2.41e-12	50.1
bflTTN_Aig46_195	TTNA142_194	29.474	95	61	3	2	93	2	93	4.05e-12	49.3
bflTTN_Aig46_195	TTNA61_197	33.333	90	57	2	4	90	6	95	4.27e-12	49.3
bflTTN_Aig46_195	TTNM10_195	25.532	94	67	2	1	92	1	93	5.65e-12	48.9
bflTTN_Aig46_195	TTNA18_199	26.733	101	65	2	1	94	1	99	5.89e-12	48.9
bflTTN_Aig46_195	TTNA11_1103	31.683	101	60	3	1	92	1	101	8.94e-12	48.5
bflTTN_Aig46_195	TTNA101_192	28.261	92	65	1	2	93	1	91	9.38e-12	48.5
bflTTN_Aig46_195	TTNA101_192	54.545	11	5	0	85	95	17	27	5.3	16.9
bflTTN_Aig46_195	TTNA32_196	31.959	97	60	3	1	93	1	95	1.37e-11	48.1
bflTTN_Aig46_195	TTNA138_196	28.723	94	65	1	1	92	1	94	1.46e-11	47.8
bflTTN_Aig46_195	TTNA165_196	30.233	86	59	1	8	92	9	94	1.66e-11	47.8
bflTTN_Aig46_195	TTNA120_193	31.111	90	60	1	4	93	5	92	1.91e-11	47.8
bflTTN_Aig46_195	TTNA156_195	26.596	94	67	1	2	93	1	94	2.06e-11	47.4
bflTTN_Aig46_195	TTNA87_194	30.000	90	61	1	4	93	6	93	2.55e-11	47.4
bflTTN_Aig46_195	TTNI14_192	22.826	92	70	1	1	92	1	91	2.87e-11	47.0
bflTTN_Aig46_195	TTNA153_193	31.707	82	50	2	5	82	2	81	6.94e-11	46.2
bflTTN_Aig46_195	TTNA134_195	29.474	95	65	1	2	94	1	95	9.98e-11	45.8
bflTTN_Aig46_195	TTNA131_197	28.916	83	57	1	2	82	2	84	1.29e-10	45.4
bflTTN_Aig46_195	TTNA169_1100	31.169	77	52	1	17	92	22	98	2.08e-10	45.1
bflTTN_Aig46_195	TTNA43_195	32.292	96	60	3	1	93	1	94	2.80e-10	44.7
bflTTN_Aig46_195	TTNA112_192	29.348	92	64	1	2	93	1	91	2.87e-10	44.7
bflTTN_Aig46_195	TTNI79_193	27.174	92	66	1	1	92	1	91	7.36e-10	43.5
bflTTN_Aig46_195	TTNI51_193	29.630	81	57	0	12	92	11	91	2.36e-09	42.0
bflTTN_Aig46_195	TTNI48_194	26.087	92	68	0	1	92	1	92	3.25e-09	42.0
bflTTN_Aig46_195	TTNA15_1104	25.510	98	65	2	4	93	5	102	3.27e-09	42.0
bflTTN_Aig46_195	TTNM9_196	23.750	80	61	0	14	93	13	92	4.32e-09	41.6
bflTTN_Aig46_195	TTNI58_194	26.087	92	68	0	1	92	1	92	5.37e-09	41.2
bflTTN_Aig46_195	TTNI1_194	29.268	82	56	2	2	82	2	82	1.05e-08	40.4
bflTTN_Aig46_195	TTNA29_194	30.000	100	56	3	1	93	1	93	1.07e-08	40.4
bflTTN_Aig46_195	TTNZ3_195	26.087	92	67	1	1	92	1	91	1.23e-08	40.4
bflTTN_Aig46_195	TTNI16_194	24.706	85	62	1	10	92	8	92	1.73e-08	40.0
bflTTN_Aig46_195	TTNI53_193	27.907	86	61	1	1	86	1	85	2.27e-08	39.7
bflTTN_Aig46_195	TTNA90_192	27.273	77	56	0	14	90	12	88	3.31e-08	39.3
bflTTN_Aig46_195	TTNZ7_195	26.506	83	59	1	12	92	10	92	4.55e-08	38.9
bflTTN_Aig46_195	TTNM4_193	22.581	93	71	1	2	94	2	93	5.49e-08	38.5
bflTTN_Aig46_195	TTNI55_193	28.409	88	60	3	1	87	1	86	9.24e-08	38.1
bflTTN_Aig46_195	TTNZ2_194	26.316	95	69	1	1	95	1	94	9.92e-08	38.1
bflTTN_Aig46_195	TTNA164_192	24.242	66	50	0	17	82	15	80	1.37e-07	37.7
bflTTN_Aig46_195	TTNA4_1121	20.661	121	65	3	2	93	2	120	7.30e-07	36.2
bflTTN_Aig46_195	TTNI42_194	26.596	94	65	2	1	92	1	92	9.34e-07	35.4
bflTTN_Aig46_195	TTNM3_193	20.988	81	63	1	13	92	11	91	1.18e-06	35.0
bflTTN_Aig46_195	TTNM7_192	25.806	62	46	0	21	82	19	80	1.42e-06	35.0
bflTTN_Aig46_195	TTNI80_194	26.667	75	54	1	19	92	18	92	1.50e-06	35.0
bflTTN_Aig46_195	TTNI80_194	20.690	29	23	0	6	34	60	88	7.6	16.5
bflTTN_Aig46_195	TTNI32_193	24.390	82	61	1	1	82	1	81	1.86e-06	34.7
bflTTN_Aig46_195	TTNI75_193	25.610	82	59	2	2	82	1	81	2.50e-06	34.3
bflTTN_Aig46_195	TTNI30_194	25.610	82	61	0	1	82	1	82	2.51e-06	34.3
bflTTN_Aig46_195	TTNI73_193	21.739	92	71	1	1	92	1	91	2.78e-06	34.3
bflTTN_Aig46_195	TTNM5_194	20.988	81	64	0	12	92	11	91	3.04e-06	33.9
bflTTN_Aig46_195	TTNM2_195	22.340	94	69	2	2	92	1	93	4.01e-06	33.9
bflTTN_Aig46_195	TTNI40_193	26.829	82	59	1	1	82	1	81	5.67e-06	33.5
bflTTN_Aig46_195	TTNI50_194	24.419	86	63	2	1	85	1	85	5.82e-06	33.5
bflTTN_Aig46_195	TTNZ9_193	22.892	83	63	1	10	92	8	89	6.10e-06	33.1
bflTTN_Aig46_195	TTNI65_193	24.691	81	61	0	2	82	1	81	6.43e-06	33.1
bflTTN_Aig46_195	TTNZ1_195	29.167	72	45	2	17	84	15	84	1.12e-05	32.7
bflTTN_Aig46_195	TTNI44_193	27.381	84	58	2	1	83	1	82	1.26e-05	32.3
bflTTN_Aig46_195	TTNI99_188	29.032	62	43	1	12	73	11	71	1.67e-05	32.0
bflTTN_Aig46_195	TTNI27_194	20.482	83	66	0	10	92	9	91	1.98e-05	32.0
bflTTN_Aig46_195	TTNI68_194	21.519	79	62	0	1	79	1	79	2.41e-05	31.6
bflTTN_Aig46_195	TTNI24_192	27.500	80	54	1	14	89	12	91	3.24e-05	31.2
bflTTN_Aig46_195	TTNZ6_195	24.675	77	57	1	17	92	15	91	3.79e-05	31.2
bflTTN_Aig46_195	TTNI71_193	24.658	73	55	0	10	82	9	81	4.49e-05	30.8
bflTTN_Aig46_195	TTNI12_187	26.316	57	42	0	28	84	26	82	6.80e-05	30.4
bflTTN_Aig46_195	TTNI17_194	23.171	82	62	1	1	82	1	81	8.06e-05	30.4
bflTTN_Aig46_195	TTNI36_194	24.242	66	50	0	17	82	17	82	8.40e-05	30.4
bflTTN_Aig46_195	TTNI33_193	23.171	82	63	0	12	93	11	92	8.64e-05	30.0
bflTTN_Aig46_195	TTNI70_194	19.149	94	74	2	1	93	1	93	9.51e-05	30.0
bflTTN_Aig46_195	TTNI15_191	21.739	92	70	2	1	92	1	90	1.67e-04	29.3
bflTTN_Aig46_195	TTNI61_193	24.096	83	63	0	10	92	9	91	1.77e-04	29.3
bflTTN_Aig46_195	TTNI28_193	26.744	86	61	2	1	86	1	84	1.86e-04	29.3
bflTTN_Aig46_195	TTNI63_193	19.565	92	73	1	1	92	1	91	2.06e-04	29.3
bflTTN_Aig46_195	TTNI77_193	21.277	94	69	2	1	92	1	91	2.08e-04	29.3
bflTTN_Aig46_195	TTNI54_193	23.457	81	62	0	2	82	1	81	2.15e-04	29.3
bflTTN_Aig46_195	TTNI72_193	18.478	92	74	1	1	92	1	91	2.70e-04	28.9
bflTTN_Aig46_195	TTNI49_193	27.692	65	43	2	20	82	19	81	2.72e-04	28.9
bflTTN_Aig46_195	TTNI74_193	23.171	82	62	1	1	82	1	81	2.87e-04	28.9
bflTTN_Aig46_195	TTNI29_193	34.426	61	36	2	34	92	33	91	3.28e-04	28.5
bflTTN_Aig46_195	TTNZ4_195	23.529	68	50	1	17	82	16	83	3.50e-04	28.5
bflTTN_Aig46_195	TTNI64_193	21.127	71	56	0	12	82	11	81	3.87e-04	28.5
bflTTN_Aig46_195	TTNI25_195	24.096	83	61	2	1	82	1	82	4.26e-04	28.5
bflTTN_Aig46_195	TTNI59_193	21.622	74	58	0	17	90	16	89	4.80e-04	28.1
bflTTN_Aig46_195	TTNI59_193	39.130	23	14	0	1	23	29	51	5.7	16.9
bflTTN_Aig46_195	TTNI92_187	31.373	51	33	1	34	82	32	82	5.65e-04	27.7
bflTTN_Aig46_195	TTNI100_188	28.125	64	45	1	12	75	11	73	6.82e-04	27.7
bflTTN_Aig46_195	TTNI35_193	23.913	92	69	1	1	92	1	91	7.09e-04	27.7
bflTTN_Aig46_195	TTNI105_190	26.087	92	64	2	2	93	2	89	8.07e-04	27.7
bflTTN_Aig46_195	TTNI69_193	24.242	66	50	0	17	82	16	81	0.001	27.3
bflTTN_Aig46_195	TTNI67_193	21.951	82	63	1	1	82	1	81	0.001	27.3
bflTTN_Aig46_195	TTNI37_193	26.984	63	46	0	20	82	19	81	0.001	27.3
bflTTN_Aig46_195	TTNI78_194	17.857	84	69	0	1	84	1	84	0.001	27.3
bflTTN_Aig46_195	TTNI56_193	23.810	84	63	1	1	84	1	83	0.001	26.9
bflTTN_Aig46_195	TTNI83_193	27.083	48	35	0	31	78	29	76	0.001	26.9
bflTTN_Aig46_195	TTNI38_193	22.892	83	63	1	1	83	1	82	0.002	26.9
bflTTN_Aig46_195	TTNI60_194	19.149	94	74	2	1	93	1	93	0.002	26.6
bflTTN_Aig46_195	TTNI102_188	23.636	55	42	0	34	88	32	86	0.003	26.2
bflTTN_Aig46_195	TTNI81_190	26.087	46	34	0	30	75	30	75	0.003	25.8
bflTTN_Aig46_195	TTNA168_194	26.984	63	44	2	22	82	20	82	0.005	25.4
bflTTN_Aig46_195	TTNI45_193	18.919	74	60	0	20	93	19	92	0.005	25.4
bflTTN_Aig46_195	TTNI34_193	23.881	67	51	0	19	85	18	84	0.005	25.4
bflTTN_Aig46_195	TTNI43_193	20.000	90	71	1	1	90	1	89	0.006	25.4
bflTTN_Aig46_195	TTNM8_193	17.073	82	66	1	11	92	11	90	0.006	25.0
bflTTN_Aig46_195	TTNI39_193	20.732	82	65	0	12	93	11	92	0.008	25.0
bflTTN_Aig46_195	TTNI57_193	23.457	81	61	1	2	82	2	81	0.011	24.6
bflTTN_Aig46_195	TTNI62_193	20.732	82	64	1	1	82	1	81	0.018	23.9
bflTTN_Aig46_195	TTNI41_193	23.913	92	69	1	1	92	1	91	0.024	23.5
bflTTN_Aig46_195	TTNI52_193	19.512	82	65	1	1	82	1	81	0.049	22.7
bflTTN_Aig46_195	TTNZ5_193	20.732	82	63	2	4	84	4	84	0.064	22.3
bflTTN_Aig46_195	TTNI4_189	18.421	38	31	0	36	73	34	71	0.067	22.3
bflTTN_Aig46_195	TTNI6_187	20.833	48	38	0	33	80	31	78	0.069	22.3
bflTTN_Aig46_195	TTNI76_193	19.048	84	67	1	1	84	1	83	0.080	21.9
bflTTN_Aig46_195	TTNM1_192	22.449	49	38	0	34	82	32	80	0.090	21.9
bflTTN_Aig46_195	TTNI82_188	20.225	89	69	2	2	90	2	88	0.11	21.6
bflTTN_Aig46_195	TTNI104_188	19.643	56	45	0	33	88	31	86	0.14	21.2
bflTTN_Aig46_195	TTNI26_191	20.290	69	52	2	15	82	13	79	0.14	21.6
bflTTN_Aig46_195	TTNI97_188	22.500	80	57	2	14	93	13	87	0.32	20.4
bflTTN_Aig46_195	TTNI31_193	19.512	82	65	1	1	82	1	81	0.35	20.4
bflTTN_Aig46_195	TTNI9_187	21.818	55	42	1	19	73	18	71	0.37	20.0
bflTTN_Aig46_195	TTNI85_192	21.250	80	60	2	1	79	1	78	0.48	20.0
bflTTN_Aig46_195	TTNI103_188	17.544	57	47	0	28	84	26	82	0.53	19.6
bflTTN_Aig46_195	TTNZ8_195	27.273	55	40	0	28	82	28	82	0.67	19.6
bflTTN_Aig46_195	TTNI94_187	26.667	30	20	1	60	87	58	87	0.84	19.2
bflTTN_Aig46_195	TTNI88_187	20.930	43	34	0	31	73	28	70	0.90	19.2
bflTTN_Aig46_195	TTNI66_193	20.238	84	66	1	1	84	1	83	0.98	18.9
bflTTN_Aig46_195	TTNI90_187	23.077	91	63	2	2	92	2	85	1.3	18.9
bflTTN_Aig46_195	TTNI11_187	18.571	70	54	1	19	88	20	86	1.7	18.5
bflTTN_Aig46_195	TTNI96_188	23.171	82	56	2	14	95	13	87	1.8	18.1
bflTTN_Aig46_195	TTNI7_187	23.333	60	46	0	30	89	28	87	2.3	18.1
bflTTN_Aig46_195	TTNI84_196	23.729	59	43	1	35	91	37	95	2.7	17.7
bflTTN_Aig46_195	TTNM6_194	24.242	33	25	0	4	36	58	90	7.3	16.5
bflTTN_Aig46_195	TTNI47_193	21.687	83	62	3	1	82	1	81	7.5	16.5
bflTTN_Aig46_195	TTNI8_188	37.500	16	10	0	58	73	57	72	8.6	16.2
bflTTN_Aig47_194	TTNA65_194	46.739	92	49	0	1	92	2	93	2.00e-30	95.9
bflTTN_Aig47_194	TTNA98_194	48.913	92	47	0	1	92	2	93	2.08e-29	93.2
bflTTN_Aig47_194	TTNA160_193	47.312	93	49	0	1	93	1	93	7.24e-28	89.4
bflTTN_Aig47_194	TTNA109_194	43.478	92	52	0	1	92	2	93	5.27e-27	87.0
bflTTN_Aig47_194	TTNA87_194	39.130	92	56	0	1	92	2	93	5.53e-26	84.7
bflTTN_Aig47_194	TTNA142_194	41.304	92	54	0	1	92	2	93	8.10e-26	84.3
bflTTN_Aig47_194	TTNA54_196	41.489	94	53	1	1	92	2	95	1.45e-24	81.3
bflTTN_Aig47_194	TTNA120_193	34.783	92	60	0	1	92	1	92	6.10e-24	79.3
bflTTN_Aig47_194	TTNA153_193	39.560	91	55	0	1	91	1	91	2.07e-23	78.2
bflTTN_Aig47_194	TTNA76_194	34.783	92	60	0	1	92	2	93	4.67e-23	77.0
bflTTN_Aig47_194	TTNA43_195	35.484	93	59	1	1	92	2	94	8.73e-22	73.9
bflTTN_Aig47_194	TTNA131_197	34.737	95	59	2	1	92	2	96	4.10e-21	72.4
bflTTN_Aig47_194	TTNA22_194	38.043	92	57	0	1	92	2	93	1.68e-19	68.2
bflTTN_Aig47_194	TTNA29_194	35.870	92	59	0	1	92	2	93	1.81e-19	68.2
bflTTN_Aig47_194	TTNA116_196	35.106	94	59	1	1	92	2	95	9.18e-18	63.9
bflTTN_Aig47_194	TTNA36_196	40.426	94	54	1	1	92	2	95	2.05e-17	62.8
bflTTN_Aig47_194	TTNA1_193	34.737	95	57	2	1	93	2	93	2.27e-17	62.8
bflTTN_Aig47_194	TTNA57_195	31.579	95	63	1	1	93	1	95	6.54e-17	61.6
bflTTN_Aig47_194	TTNA127_195	31.915	94	62	1	1	92	1	94	1.24e-16	60.8
bflTTN_Aig47_194	TTNA32_196	30.851	94	63	1	1	92	2	95	2.17e-16	60.5
bflTTN_Aig47_194	TTNA145_195	35.789	95	59	1	1	93	1	95	3.13e-16	59.7
bflTTN_Aig47_194	TTNA149_197	33.684	95	60	2	1	92	2	96	6.29e-16	59.3
bflTTN_Aig47_194	TTNA105_197	36.842	95	57	1	1	92	2	96	6.93e-16	58.9
bflTTN_Aig47_194	TTNA46_192	32.955	88	57	1	7	92	4	91	1.15e-15	58.2
bflTTN_Aig47_194	TTNA138_196	30.108	93	63	1	1	91	2	94	1.23e-15	58.5
bflTTN_Aig47_194	TTNA15_1104	29.412	102	62	1	1	92	1	102	1.28e-15	58.5
bflTTN_Aig47_194	TTNA83_196	34.043	94	60	1	1	92	2	95	5.20e-15	56.6
bflTTN_Aig47_194	TTNA8_195	32.258	93	62	1	1	92	2	94	5.42e-15	56.6
bflTTN_Aig47_194	TTNA50_196	29.474	95	63	2	1	92	2	95	7.51e-15	56.2
bflTTN_Aig47_194	TTNA72_196	28.723	94	65	1	1	92	2	95	9.95e-15	55.8
bflTTN_Aig47_194	TTNA39_196	31.522	92	59	1	5	92	4	95	1.35e-14	55.8
bflTTN_Aig47_194	TTNA94_195	31.915	94	62	1	1	92	1	94	2.14e-14	55.1
bflTTN_Aig47_194	TTNA156_195	34.043	94	60	1	1	92	1	94	4.88e-14	54.3
bflTTN_Aig47_194	TTNI107_196	35.106	94	59	1	1	92	2	95	6.83e-14	53.9
bflTTN_Aig47_194	TTNA11_1103	32.000	100	59	2	1	91	2	101	7.41e-14	53.9
bflTTN_Aig47_194	TTNA101_192	33.750	80	51	1	15	92	12	91	2.96e-13	52.0
bflTTN_Aig47_194	TTNA68_195	31.183	93	62	1	1	91	1	93	7.05e-13	51.2
bflTTN_Aig47_194	TTNA79_193	32.558	86	56	1	9	92	7	92	7.12e-13	51.2
bflTTN_Aig47_194	TTNA61_197	30.526	95	63	2	1	92	2	96	3.19e-12	49.7
bflTTN_Aig47_194	TTNA112_192	28.723	94	62	2	1	92	1	91	3.71e-12	49.3
bflTTN_Aig47_194	TTNA123_196	31.915	94	62	1	1	92	2	95	1.44e-11	47.8
bflTTN_Aig47_194	TTNI74_193	35.443	79	47	2	15	89	13	91	1.68e-11	47.8
bflTTN_Aig47_194	TTNA25_194	30.851	94	61	2	1	92	2	93	1.99e-11	47.4
bflTTN_Aig47_194	TTNA18_199	30.928	97	56	3	7	93	4	99	4.17e-11	47.0
bflTTN_Aig47_194	TTNI106_194	32.632	95	61	2	1	93	1	94	5.08e-11	46.6
bflTTN_Aig47_194	TTNA90_192	31.250	80	53	1	15	92	12	91	4.05e-10	43.9
bflTTN_Aig47_194	TTNM10_195	27.273	88	60	1	8	91	6	93	3.02e-09	42.0
bflTTN_Aig47_194	TTNZ3_195	31.915	94	57	3	1	91	2	91	3.73e-09	41.6
bflTTN_Aig47_194	TTNA169_1100	34.783	69	38	3	18	81	22	88	5.41e-09	41.2
bflTTN_Aig47_194	TTNI105_190	30.000	80	55	1	13	92	11	89	3.03e-08	39.3
bflTTN_Aig47_194	TTNA165_196	28.571	77	52	2	18	91	18	94	6.81e-08	38.5
bflTTN_Aig47_194	TTNA134_195	27.711	83	58	1	13	93	13	95	7.69e-08	38.1
bflTTN_Aig47_194	TTNM5_194	25.301	83	60	1	11	91	9	91	8.31e-08	38.1
bflTTN_Aig47_194	TTNZ1_195	27.907	86	56	2	11	90	8	93	1.09e-07	37.7
bflTTN_Aig47_194	TTNI14_192	28.947	76	52	1	11	84	9	84	2.18e-07	37.0
bflTTN_Aig47_194	TTNI54_193	31.667	60	39	1	35	92	33	92	6.05e-07	35.8
bflTTN_Aig47_194	TTNA4_1121	26.087	115	54	2	9	92	6	120	1.13e-06	35.4
bflTTN_Aig47_194	TTNI55_193	26.923	78	51	3	18	91	16	91	2.76e-06	34.3
bflTTN_Aig47_194	TTNI64_193	27.500	80	56	1	15	92	13	92	2.79e-06	34.3
bflTTN_Aig47_194	TTNI65_193	28.000	75	51	2	18	89	16	90	4.48e-06	33.5
bflTTN_Aig47_194	TTNI58_194	27.059	85	60	1	9	91	8	92	5.05e-06	33.5
bflTTN_Aig47_194	TTNI25_195	26.190	84	57	2	11	89	9	92	1.14e-05	32.3
bflTTN_Aig47_194	TTNI66_193	30.986	71	45	2	18	85	16	85	1.18e-05	32.3
bflTTN_Aig47_194	TTNI61_193	24.691	81	59	1	13	91	11	91	1.81e-05	32.0
bflTTN_Aig47_194	TTNI33_193	25.610	82	59	1	13	92	11	92	3.38e-05	31.2
bflTTN_Aig47_194	TTNI51_193	21.739	92	58	3	12	91	2	91	4.29e-05	30.8
bflTTN_Aig47_194	TTNM3_193	25.974	77	54	1	18	91	15	91	7.53e-05	30.4
bflTTN_Aig47_194	TTNI39_193	21.687	83	63	1	12	92	10	92	8.10e-05	30.4
bflTTN_Aig47_194	TTNI30_194	19.481	77	58	2	18	90	17	93	1.03e-04	30.0
bflTTN_Aig47_194	TTNI45_193	19.048	84	66	1	11	92	9	92	1.46e-04	29.6
bflTTN_Aig47_194	TTNZ5_193	23.944	71	51	1	18	85	16	86	1.52e-04	29.6
bflTTN_Aig47_194	TTNI49_193	22.368	76	57	1	18	91	16	91	1.99e-04	29.3
bflTTN_Aig47_194	TTNM7_192	22.059	68	51	1	22	87	19	86	2.60e-04	28.9
bflTTN_Aig47_194	TTNI41_193	33.333	60	36	2	35	90	33	92	3.34e-04	28.5
bflTTN_Aig47_194	TTNI12_187	27.586	58	38	2	35	90	32	87	5.47e-04	28.1
bflTTN_Aig47_194	TTNI69_193	22.857	70	52	1	18	85	16	85	5.54e-04	28.1
bflTTN_Aig47_194	TTNI16_194	25.926	81	56	2	15	91	12	92	5.96e-04	28.1
bflTTN_Aig47_194	TTNI42_194	22.222	81	61	1	13	91	12	92	8.36e-04	27.3
bflTTN_Aig47_194	TTNI59_193	22.667	75	56	1	18	90	16	90	0.001	27.3
bflTTN_Aig47_194	TTNZ7_195	23.529	85	61	2	11	91	8	92	0.001	27.3
bflTTN_Aig47_194	TTNM4_193	26.374	91	62	3	7	93	4	93	0.001	26.9
bflTTN_Aig47_194	TTNI44_193	29.825	57	38	1	27	81	25	81	0.001	26.9
bflTTN_Aig47_194	TTNI76_193	25.714	70	50	1	18	85	16	85	0.001	26.9
bflTTN_Aig47_194	TTNI32_193	23.171	82	59	2	13	90	11	92	0.002	26.6
bflTTN_Aig47_194	TTNZ4_195	20.779	77	55	2	18	88	16	92	0.003	26.2
bflTTN_Aig47_194	TTNI75_193	24.390	82	58	2	13	91	11	91	0.003	25.8
bflTTN_Aig47_194	TTNI56_193	25.352	71	49	2	18	85	16	85	0.004	25.8
bflTTN_Aig47_194	TTNM9_196	27.586	87	59	2	7	89	5	91	0.004	25.8
bflTTN_Aig47_194	TTNM2_195	21.875	96	67	2	1	91	1	93	0.005	25.4
bflTTN_Aig47_194	TTNI99_188	35.088	57	25	3	30	79	27	78	0.008	24.6
bflTTN_Aig47_194	TTNI63_193	26.471	68	46	2	27	90	25	92	0.010	24.6
bflTTN_Aig47_194	TTNI48_194	22.727	88	60	3	9	90	8	93	0.010	24.6
bflTTN_Aig47_194	TTNI53_193	26.471	68	46	2	27	90	25	92	0.011	24.6
bflTTN_Aig47_194	TTNI36_194	21.591	88	61	3	9	91	8	92	0.013	24.3
bflTTN_Aig47_194	TTNA164_192	21.918	73	55	2	11	81	8	80	0.015	24.3
bflTTN_Aig47_194	TTNI84_196	31.148	61	34	3	36	90	37	95	0.015	24.3
bflTTN_Aig47_194	TTNI85_192	35.294	34	21	1	59	92	59	91	0.016	23.9
bflTTN_Aig47_194	TTNI47_193	23.881	67	49	1	27	91	25	91	0.017	23.9
bflTTN_Aig47_194	TTNI73_193	21.311	61	46	1	27	85	25	85	0.022	23.5
bflTTN_Aig47_194	TTNI78_194	32.353	34	21	1	59	90	60	93	0.034	23.1
bflTTN_Aig47_194	TTNI43_193	23.288	73	50	3	21	89	19	89	0.043	22.7
bflTTN_Aig47_194	TTNI37_193	23.810	63	42	2	27	85	25	85	0.046	22.7
bflTTN_Aig47_194	TTNI80_194	22.059	68	50	1	27	91	25	92	0.046	22.7
bflTTN_Aig47_194	TTNA168_194	22.500	80	56	2	11	85	8	86	0.057	22.3
bflTTN_Aig47_194	TTNI67_193	24.590	61	42	2	34	90	32	92	0.069	22.3
bflTTN_Aig47_194	TTNI57_193	22.951	61	43	2	34	90	32	92	0.18	21.2
bflTTN_Aig47_194	TTNI68_194	21.250	80	61	1	14	91	13	92	0.18	21.2
bflTTN_Aig47_194	TTNI71_193	21.687	83	59	2	11	87	9	91	0.24	20.8
bflTTN_Aig47_194	TTNI1_194	28.571	28	20	0	18	45	16	43	0.28	20.4
bflTTN_Aig47_194	TTNI50_194	21.795	78	58	1	7	81	5	82	0.40	20.0
bflTTN_Aig47_194	TTNI2_191	23.077	65	47	2	29	90	27	91	0.42	20.0
bflTTN_Aig47_194	TTNZ9_193	35.000	20	13	0	18	37	15	34	0.78	19.2
bflTTN_Aig47_194	TTNZ9_193	28.571	21	15	0	34	54	71	91	3.0	17.7
bflTTN_Aig47_194	TTNM6_194	17.544	57	44	1	34	87	32	88	1.1	18.9
bflTTN_Aig47_194	TTNI28_193	17.073	82	66	1	7	86	5	86	1.3	18.9
bflTTN_Aig47_194	TTNI72_193	16.418	67	54	1	18	82	16	82	1.4	18.5
bflTTN_Aig47_194	TTNI24_192	46.154	13	7	0	25	37	22	34	2.2	18.1
bflTTN_Aig47_194	TTNI40_193	21.212	66	50	1	18	81	16	81	2.8	17.7
bflTTN_Aig47_194	TTNI79_193	66.667	9	3	0	15	23	25	33	6.2	16.9
bflTTN_Aig48_197	TTNA57_195	37.500	96	58	2	2	96	1	95	2.35e-20	70.5
bflTTN_Aig48_197	TTNA1_193	40.625	96	52	3	2	96	2	93	3.13e-20	70.1
bflTTN_Aig48_197	TTNA98_194	37.234	94	57	1	2	95	2	93	1.75e-17	63.2
bflTTN_Aig48_197	TTNA109_194	33.684	95	61	1	1	95	1	93	6.28e-16	59.3
bflTTN_Aig48_197	TTNA101_192	33.333	87	58	0	9	95	5	91	9.75e-16	58.5
bflTTN_Aig48_197	TTNA94_195	32.979	94	63	0	2	95	1	94	1.69e-15	58.2
bflTTN_Aig48_197	TTNA134_195	32.632	95	64	0	2	96	1	95	1.88e-15	58.2
bflTTN_Aig48_197	TTNA123_196	31.579	95	65	0	1	95	1	95	4.39e-15	57.0
bflTTN_Aig48_197	TTNA131_197	35.354	99	55	4	2	95	2	96	5.06e-15	57.0
bflTTN_Aig48_197	TTNA76_194	34.375	96	59	2	1	95	1	93	8.19e-15	56.2
bflTTN_Aig48_197	TTNA156_195	30.851	94	65	0	2	95	1	94	8.21e-15	56.2
bflTTN_Aig48_197	TTNA68_195	33.333	93	62	0	2	94	1	93	2.08e-14	55.5
bflTTN_Aig48_197	TTNA83_196	29.474	95	67	0	1	95	1	95	2.18e-14	55.5
bflTTN_Aig48_197	TTNA90_192	39.286	84	43	2	16	95	12	91	3.93e-14	54.7
bflTTN_Aig48_197	TTNA153_193	35.106	94	57	2	2	94	1	91	4.62e-14	54.3
bflTTN_Aig48_197	TTNA18_199	30.097	103	61	2	1	96	1	99	7.73e-14	53.9
bflTTN_Aig48_197	TTNM10_195	33.333	96	59	3	1	94	1	93	7.96e-14	53.9
bflTTN_Aig48_197	TTNA142_194	32.323	99	55	2	2	95	2	93	1.29e-13	53.1
bflTTN_Aig48_197	TTNA87_194	28.723	94	65	1	2	95	2	93	6.06e-13	51.6
bflTTN_Aig48_197	TTNA43_195	33.333	99	57	2	1	95	1	94	6.13e-13	51.6
bflTTN_Aig48_197	TTNA50_196	30.526	95	66	0	1	95	1	95	1.07e-12	50.8
bflTTN_Aig48_197	TTNA120_193	32.632	95	60	2	2	95	1	92	1.30e-12	50.4
bflTTN_Aig48_197	TTNI45_193	34.146	82	54	0	14	95	11	92	1.32e-12	50.4
bflTTN_Aig48_197	TTNI106_194	32.632	95	63	1	2	96	1	94	1.50e-12	50.4
bflTTN_Aig48_197	TTNA116_196	29.592	98	63	3	1	95	1	95	1.84e-12	50.4
bflTTN_Aig48_197	TTNA54_196	34.694	98	58	2	1	95	1	95	2.36e-12	50.1
bflTTN_Aig48_197	TTNA32_196	31.250	96	64	2	1	95	1	95	5.23e-12	49.3
bflTTN_Aig48_197	TTNA25_194	28.421	95	66	1	1	95	1	93	6.71e-12	48.9
bflTTN_Aig48_197	TTNA145_195	29.474	95	67	0	2	96	1	95	7.97e-12	48.5
bflTTN_Aig48_197	TTNA72_196	32.632	95	62	2	2	95	2	95	8.77e-12	48.5
bflTTN_Aig48_197	TTNA8_195	33.663	101	54	4	1	95	1	94	1.36e-11	48.1
bflTTN_Aig48_197	TTNA79_193	28.750	80	57	0	16	95	13	92	1.73e-11	47.8
bflTTN_Aig48_197	TTNA46_192	27.368	95	65	1	1	95	1	91	1.79e-11	47.8
bflTTN_Aig48_197	TTNZ3_195	32.927	82	53	2	14	94	11	91	2.19e-11	47.4
bflTTN_Aig48_197	TTNA149_197	28.125	96	68	1	1	95	1	96	2.21e-11	47.8
bflTTN_Aig48_197	TTNA138_196	30.526	95	64	2	1	94	1	94	2.99e-11	47.4
bflTTN_Aig48_197	TTNA22_194	29.787	94	64	1	2	95	2	93	5.35e-11	46.6
bflTTN_Aig48_197	TTNA160_193	25.263	95	69	1	2	96	1	93	7.15e-11	46.2
bflTTN_Aig48_197	TTNA112_192	33.333	87	58	0	9	95	5	91	7.55e-11	46.2
bflTTN_Aig48_197	TTNA65_194	28.723	94	65	2	2	95	2	93	9.75e-11	45.8
bflTTN_Aig48_197	TTNM9_196	33.750	80	53	0	16	95	13	92	1.33e-10	45.4
bflTTN_Aig48_197	TTNI59_193	31.169	77	53	0	18	94	15	91	2.09e-10	45.1
bflTTN_Aig48_197	TTNA127_195	29.474	95	65	2	2	95	1	94	5.71e-10	43.9
bflTTN_Aig48_197	TTNA165_196	25.974	77	56	1	19	94	18	94	6.84e-10	43.5
bflTTN_Aig48_197	TTNA36_196	28.421	95	68	0	1	95	1	95	6.99e-10	43.5
bflTTN_Aig48_197	TTNA105_197	26.316	95	69	1	2	95	2	96	9.82e-10	43.1
bflTTN_Aig48_197	TTNI39_193	35.802	81	50	2	16	95	13	92	1.53e-09	42.7
bflTTN_Aig48_197	TTNI107_196	31.579	95	63	2	2	95	2	95	2.03e-09	42.4
bflTTN_Aig48_197	TTNI77_193	33.684	95	58	3	1	93	1	92	3.04e-09	42.0
bflTTN_Aig48_197	TTNA169_1100	29.870	77	53	1	19	94	22	98	3.29e-09	42.0
bflTTN_Aig48_197	TTNA61_197	28.421	95	67	1	2	95	2	96	3.81e-09	41.6
bflTTN_Aig48_197	TTNM3_193	28.571	84	51	2	16	94	12	91	4.10e-09	41.6
bflTTN_Aig48_197	TTNI105_190	30.120	83	55	1	13	95	10	89	7.74e-09	40.8
bflTTN_Aig48_197	TTNI55_193	28.866	97	60	4	1	94	1	91	1.27e-08	40.4
bflTTN_Aig48_197	TTNA15_1104	26.471	102	67	2	2	95	1	102	1.90e-08	40.0
bflTTN_Aig48_197	TTNZ7_195	28.916	83	57	1	14	94	10	92	8.36e-08	38.1
bflTTN_Aig48_197	TTNZ2_194	26.190	84	58	3	16	97	13	94	9.23e-08	38.1
bflTTN_Aig48_197	TTNZ1_195	29.474	95	49	3	10	94	6	92	1.35e-07	37.7
bflTTN_Aig48_197	TTNM5_194	29.885	87	56	4	10	94	8	91	1.76e-07	37.4
bflTTN_Aig48_197	TTNI16_194	24.138	87	64	1	10	94	6	92	1.82e-07	37.4
bflTTN_Aig48_197	TTNI65_193	29.412	85	57	2	1	85	1	82	2.16e-07	37.0
bflTTN_Aig48_197	TTNI49_193	27.273	77	56	0	18	94	15	91	3.87e-07	36.6
bflTTN_Aig48_197	TTNI27_194	28.049	82	57	1	13	94	12	91	4.56e-07	36.2
bflTTN_Aig48_197	TTNI32_193	29.487	78	53	2	12	88	9	85	4.58e-07	36.2
bflTTN_Aig48_197	TTNI51_193	31.169	77	49	3	19	92	16	91	5.09e-07	36.2
bflTTN_Aig48_197	TTNA11_1103	29.126	103	64	4	1	95	1	102	5.15e-07	36.2
bflTTN_Aig48_197	TTNA29_194	30.303	99	59	2	1	95	1	93	5.34e-07	36.2
bflTTN_Aig48_197	TTNI24_192	32.000	75	45	2	23	94	19	90	6.05e-07	35.8
bflTTN_Aig48_197	TTNI69_193	28.169	71	51	0	18	88	15	85	8.01e-07	35.8
bflTTN_Aig48_197	TTNI25_195	30.137	73	38	2	30	95	27	93	9.39e-07	35.4
bflTTN_Aig48_197	TTNI30_194	25.676	74	55	0	19	92	17	90	1.04e-06	35.4
bflTTN_Aig48_197	TTNZ4_195	28.571	77	53	2	18	92	15	91	1.26e-06	35.0
bflTTN_Aig48_197	TTNA4_1121	23.684	114	58	1	11	95	7	120	1.39e-06	35.4
bflTTN_Aig48_197	TTNI58_194	23.750	80	61	0	15	94	13	92	1.45e-06	35.0
bflTTN_Aig48_197	TTNI79_193	31.034	87	57	1	1	87	1	84	1.54e-06	35.0
bflTTN_Aig48_197	TTNI33_193	26.136	88	64	1	9	95	5	92	2.50e-06	34.3
bflTTN_Aig48_197	TTNI35_193	27.632	76	55	0	19	94	16	91	4.36e-06	33.5
bflTTN_Aig48_197	TTNA39_196	28.090	89	52	2	14	95	12	95	5.98e-06	33.5
bflTTN_Aig48_197	TTNI75_193	23.457	81	62	0	14	94	11	91	7.43e-06	33.1
bflTTN_Aig48_197	TTNI70_194	25.641	78	57	1	19	95	16	93	8.64e-06	32.7
bflTTN_Aig48_197	TTNI37_193	29.487	78	54	1	15	92	13	89	1.27e-05	32.3
bflTTN_Aig48_197	TTNI80_194	26.829	82	59	1	14	94	11	92	1.30e-05	32.3
bflTTN_Aig48_197	TTNI1_194	25.333	75	53	2	16	88	13	86	1.93e-05	32.0
bflTTN_Aig48_197	TTNI64_193	22.500	80	62	0	16	95	13	92	2.00e-05	32.0
bflTTN_Aig48_197	TTNI67_193	29.474	95	62	3	1	94	1	91	2.34e-05	31.6
bflTTN_Aig48_197	TTNI63_193	24.096	83	63	0	12	94	9	91	2.95e-05	31.6
bflTTN_Aig48_197	TTNI94_187	25.287	87	56	2	5	91	10	87	3.73e-05	31.2
bflTTN_Aig48_197	TTNZ6_195	27.848	79	54	2	18	94	14	91	4.23e-05	31.2
bflTTN_Aig48_197	TTNZ6_195	46.667	15	8	0	83	97	13	27	1.4	18.5
bflTTN_Aig48_197	TTNI78_194	32.911	79	49	3	18	93	16	93	4.26e-05	31.2
bflTTN_Aig48_197	TTNI74_193	25.882	85	61	2	12	95	9	92	5.56e-05	30.8
bflTTN_Aig48_197	TTNI43_193	30.000	80	54	2	14	92	11	89	5.85e-05	30.8
bflTTN_Aig48_197	TTNA164_192	25.000	72	54	0	13	84	9	80	6.41e-05	30.4
bflTTN_Aig48_197	TTNI14_192	26.506	83	57	2	14	94	11	91	6.47e-05	30.4
bflTTN_Aig48_197	TTNI44_193	30.000	70	47	1	15	84	14	81	6.70e-05	30.4
bflTTN_Aig48_197	TTNI54_193	27.536	69	50	0	16	84	13	81	8.33e-05	30.4
bflTTN_Aig48_197	TTNI72_193	21.053	76	60	0	19	94	16	91	8.59e-05	30.4
bflTTN_Aig48_197	TTNI42_194	23.656	93	55	3	10	94	8	92	9.86e-05	30.0
bflTTN_Aig48_197	TTNI76_193	25.714	70	52	0	19	88	16	85	1.43e-04	29.6
bflTTN_Aig48_197	TTNA168_194	24.390	82	58	2	16	94	12	92	1.68e-04	29.6
bflTTN_Aig48_197	TTNI53_193	24.286	70	53	0	19	88	16	85	1.94e-04	29.3
bflTTN_Aig48_197	TTNI57_193	28.713	101	53	5	2	94	2	91	2.13e-04	29.3
bflTTN_Aig48_197	TTNI36_194	26.761	71	52	0	15	85	13	83	2.63e-04	28.9
bflTTN_Aig48_197	TTNI38_193	27.536	69	48	2	19	86	16	83	2.73e-04	28.9
bflTTN_Aig48_197	TTNI34_193	30.769	52	34	2	36	86	33	83	2.85e-04	28.9
bflTTN_Aig48_197	TTNM7_192	25.352	71	53	0	24	94	20	90	3.46e-04	28.5
bflTTN_Aig48_197	TTNI52_193	25.373	67	50	0	19	85	16	82	3.76e-04	28.5
bflTTN_Aig48_197	TTNM1_192	22.892	83	63	1	15	96	10	92	5.06e-04	28.1
bflTTN_Aig48_197	TTNI41_193	24.658	73	55	0	22	94	19	91	6.61e-04	27.7
bflTTN_Aig48_197	TTNI73_193	20.482	83	66	0	12	94	9	91	0.001	27.3
bflTTN_Aig48_197	TTNZ8_195	25.758	66	49	0	20	85	18	83	0.001	27.3
bflTTN_Aig48_197	TTNZ8_195	54.545	11	5	0	55	65	83	93	1.6	18.5
bflTTN_Aig48_197	TTNI48_194	24.691	81	59	2	15	94	13	92	0.001	26.9
bflTTN_Aig48_197	TTNI92_187	24.658	73	54	1	10	82	7	78	0.002	26.9
bflTTN_Aig48_197	TTNI82_188	27.273	66	47	1	13	78	10	74	0.002	26.6
bflTTN_Aig48_197	TTNI17_194	23.864	88	67	0	9	96	6	93	0.008	25.0
bflTTN_Aig48_197	TTNI62_193	23.881	67	51	0	19	85	16	82	0.009	24.6
bflTTN_Aig48_197	TTNZ5_193	37.500	24	15	0	16	39	13	36	0.009	24.6
bflTTN_Aig48_197	TTNI12_187	30.909	55	36	2	32	85	28	81	0.011	24.6
bflTTN_Aig48_197	TTNI66_193	22.535	71	53	2	19	88	16	85	0.012	24.6
bflTTN_Aig48_197	TTNI13_190	40.000	30	18	0	62	91	60	89	0.017	23.9
bflTTN_Aig48_197	TTNM2_195	23.711	97	66	4	2	94	1	93	0.017	23.9
bflTTN_Aig48_197	TTNI40_193	21.795	78	59	2	18	94	15	91	0.025	23.5
bflTTN_Aig48_197	TTNZ9_193	34.615	26	17	0	14	39	10	35	0.025	23.5
bflTTN_Aig48_197	TTNI31_193	23.810	84	61	1	1	84	1	81	0.025	23.5
bflTTN_Aig48_197	TTNI6_187	35.000	40	19	1	46	85	49	81	0.029	23.1
bflTTN_Aig48_197	TTNI9_187	26.866	67	47	2	10	76	8	72	0.030	23.1
bflTTN_Aig48_197	TTNI99_188	23.404	47	36	0	32	78	28	74	0.048	22.7
bflTTN_Aig48_197	TTNI47_193	22.034	59	46	0	30	88	27	85	0.058	22.7
bflTTN_Aig48_197	TTNI15_191	24.419	86	62	2	10	93	7	91	0.065	22.3
bflTTN_Aig48_197	TTNI90_187	23.333	90	55	3	5	94	10	85	0.12	21.6
bflTTN_Aig48_197	TTNI68_194	24.691	81	59	2	15	94	13	92	0.13	21.6
bflTTN_Aig48_197	TTNI56_193	23.944	71	52	2	19	88	16	85	0.14	21.6
bflTTN_Aig48_197	TTNI3_187	23.944	71	45	3	15	77	4	73	0.19	21.2
bflTTN_Aig48_197	TTNI83_193	22.727	66	50	1	14	79	11	75	0.23	20.8
bflTTN_Aig48_197	TTNI26_191	26.761	71	48	4	16	84	11	79	0.25	20.8
bflTTN_Aig48_197	TTNI96_188	27.778	72	47	2	10	79	7	75	0.37	20.4
bflTTN_Aig48_197	TTNI4_189	36.364	22	14	0	56	77	52	73	0.42	20.0
bflTTN_Aig48_197	TTNI5_188	23.529	68	52	0	10	77	7	74	0.49	20.0
bflTTN_Aig48_197	TTNI10_187	34.483	29	19	0	62	90	58	86	0.49	20.0
bflTTN_Aig48_197	TTNI81_190	19.565	46	37	0	32	77	30	75	0.55	19.6
bflTTN_Aig48_197	TTNI11_187	24.000	75	48	2	5	79	10	75	0.61	19.6
bflTTN_Aig48_197	TTNI104_188	21.429	70	54	1	10	79	7	75	0.62	19.6
bflTTN_Aig48_197	TTNI50_194	27.907	86	56	5	1	84	1	82	0.74	19.2
bflTTN_Aig48_197	TTNI7_187	52.941	17	8	0	62	78	58	74	1.4	18.5
bflTTN_Aig48_197	TTNM8_193	18.033	61	48	1	13	73	11	69	1.6	18.5
bflTTN_Aig48_197	TTNI97_188	21.429	70	54	1	10	79	7	75	1.8	18.5
bflTTN_Aig48_197	TTNI88_187	25.676	74	52	2	3	76	1	71	2.3	18.1
bflTTN_Aig48_197	TTNI85_192	33.333	30	18	1	61	88	58	87	2.3	18.1
bflTTN_Aig48_197	TTNI84_196	50.000	16	6	1	71	86	71	84	6.6	16.9
bflTTN_Aig49_195	TTNA72_196	38.554	83	51	0	1	83	2	84	2.14e-19	68.2
bflTTN_Aig49_195	TTNA83_196	37.634	93	58	0	1	93	2	94	4.19e-19	67.4
bflTTN_Aig49_195	TTNA105_197	35.106	94	60	1	1	93	2	95	2.88e-18	65.1
bflTTN_Aig49_195	TTNA165_196	35.714	84	53	1	1	83	1	84	2.76e-17	62.8
bflTTN_Aig49_195	TTNA153_193	37.634	93	56	1	1	93	1	91	8.02e-17	61.2
bflTTN_Aig49_195	TTNA94_195	31.183	93	64	0	1	93	1	93	1.86e-16	60.5
bflTTN_Aig49_195	TTNA101_192	38.554	83	48	1	1	83	1	80	1.91e-16	60.5
bflTTN_Aig49_195	TTNA142_194	30.108	93	63	1	1	93	2	92	2.96e-16	60.1
bflTTN_Aig49_195	TTNA61_197	37.234	94	56	2	1	91	2	95	4.55e-16	59.7
bflTTN_Aig49_195	TTNA79_193	38.028	71	44	0	14	84	12	82	9.13e-16	58.5
bflTTN_Aig49_195	TTNA116_196	30.108	93	65	0	1	93	2	94	1.45e-15	58.2
bflTTN_Aig49_195	TTNA98_194	33.333	93	60	1	1	93	2	92	1.83e-15	57.8
bflTTN_Aig49_195	TTNA32_196	34.043	94	60	2	1	93	2	94	3.56e-15	57.4
bflTTN_Aig49_195	TTNA138_196	34.146	82	50	2	15	94	16	95	7.69e-15	56.2
bflTTN_Aig49_195	TTNA36_196	30.952	84	58	0	1	84	2	85	8.56e-15	56.2
bflTTN_Aig49_195	TTNM10_195	29.487	78	53	1	18	93	16	93	1.82e-14	55.5
bflTTN_Aig49_195	TTNA149_197	34.043	94	61	1	1	93	2	95	2.45e-14	55.1
bflTTN_Aig49_195	TTNA76_194	32.979	94	59	2	1	93	2	92	3.45e-14	54.7
bflTTN_Aig49_195	TTNA8_195	33.735	83	54	1	1	83	2	83	4.73e-14	54.3
bflTTN_Aig49_195	TTNA46_192	30.588	85	59	0	9	93	6	90	5.42e-14	53.9
bflTTN_Aig49_195	TTNI107_196	33.735	83	55	0	1	83	2	84	6.01e-14	53.9
bflTTN_Aig49_195	TTNA22_194	29.762	84	57	1	1	84	2	83	1.25e-13	53.1
bflTTN_Aig49_195	TTNI51_193	30.000	80	56	0	14	93	12	91	1.55e-13	52.8
bflTTN_Aig49_195	TTNA65_194	29.762	84	57	1	1	84	2	83	1.87e-13	52.8
bflTTN_Aig49_195	TTNA109_194	32.530	83	54	1	1	83	2	82	2.15e-13	52.8
bflTTN_Aig49_195	TTNA127_195	34.409	93	57	1	1	89	1	93	2.29e-13	52.4
bflTTN_Aig49_195	TTNA29_194	30.108	93	63	2	1	93	2	92	3.03e-13	52.4
bflTTN_Aig49_195	TTNA134_195	34.146	82	54	0	14	95	14	95	4.20e-13	52.0
bflTTN_Aig49_195	TTNA25_194	36.145	83	51	1	1	83	2	82	4.99e-13	51.6
bflTTN_Aig49_195	TTNA131_197	29.070	86	61	0	1	86	2	87	6.83e-13	51.2
bflTTN_Aig49_195	TTNA90_192	29.577	71	50	0	14	84	11	81	7.76e-13	51.2
bflTTN_Aig49_195	TTNA87_194	31.915	94	60	2	1	93	2	92	8.47e-13	51.2
bflTTN_Aig49_195	TTNA112_192	32.000	75	51	0	19	93	16	90	1.72e-12	50.1
bflTTN_Aig49_195	TTNA50_196	27.957	93	67	0	1	93	2	94	2.52e-12	50.1
bflTTN_Aig49_195	TTNM3_193	33.333	78	51	1	18	94	15	92	3.06e-12	49.7
bflTTN_Aig49_195	TTNA68_195	32.468	77	52	0	18	94	18	94	4.27e-12	49.3
bflTTN_Aig49_195	TTNI14_192	27.160	81	59	0	14	94	12	92	5.47e-12	48.9
bflTTN_Aig49_195	TTNA39_196	32.941	85	55	1	2	84	1	85	6.09e-12	48.9
bflTTN_Aig49_195	TTNI28_193	28.750	80	57	0	14	93	12	91	7.16e-12	48.5
bflTTN_Aig49_195	TTNA145_195	31.707	82	56	0	14	95	14	95	7.72e-12	48.5
bflTTN_Aig49_195	TTNA120_193	30.000	80	54	1	1	80	1	78	9.58e-12	48.5
bflTTN_Aig49_195	TTNI71_193	29.114	79	56	0	15	93	13	91	9.58e-12	48.5
bflTTN_Aig49_195	TTNI16_194	33.333	78	50	1	18	93	15	92	1.25e-11	48.1
bflTTN_Aig49_195	TTNA160_193	28.421	95	66	1	1	95	1	93	1.41e-11	47.8
bflTTN_Aig49_195	TTNA123_196	28.571	91	63	1	5	93	4	94	1.93e-11	47.8
bflTTN_Aig49_195	TTNA164_192	26.761	71	52	0	14	84	11	81	2.29e-11	47.4
bflTTN_Aig49_195	TTNA43_195	27.835	97	61	2	1	93	2	93	8.05e-11	45.8
bflTTN_Aig49_195	TTNA57_195	27.632	76	55	0	20	95	20	95	9.36e-11	45.8
bflTTN_Aig49_195	TTNI1_194	27.083	96	66	2	1	95	2	94	1.23e-10	45.4
bflTTN_Aig49_195	TTNI61_193	28.916	83	59	0	11	93	9	91	1.24e-10	45.4
bflTTN_Aig49_195	TTNI30_194	26.316	76	56	0	18	93	17	92	1.31e-10	45.4
bflTTN_Aig49_195	TTNI17_194	24.211	95	69	1	1	95	2	93	1.86e-10	45.1
bflTTN_Aig49_195	TTNA1_193	28.421	95	65	2	2	95	1	93	2.26e-10	44.7
bflTTN_Aig49_195	TTNI44_193	28.571	84	60	0	11	94	9	92	2.31e-10	44.7
bflTTN_Aig49_195	TTNA54_196	29.032	93	66	0	1	93	2	94	3.61e-10	44.3
bflTTN_Aig49_195	TTNI48_194	24.419	86	65	0	8	93	7	92	7.11e-10	43.5
bflTTN_Aig49_195	TTNZ8_195	31.081	74	51	0	21	94	20	93	8.70e-10	43.5
bflTTN_Aig49_195	TTNI72_193	27.907	86	61	1	8	93	7	91	9.72e-10	43.1
bflTTN_Aig49_195	TTNI40_193	27.907	86	61	1	8	93	7	91	9.72e-10	43.1
bflTTN_Aig49_195	TTNZ2_194	28.235	85	61	0	11	95	9	93	1.14e-09	43.1
bflTTN_Aig49_195	TTNI25_195	32.353	68	45	1	27	93	25	92	1.15e-09	43.1
bflTTN_Aig49_195	TTNM2_195	27.083	96	64	2	1	93	1	93	1.19e-09	43.1
bflTTN_Aig49_195	TTNM4_193	24.211	95	69	1	1	95	2	93	1.27e-09	42.7
bflTTN_Aig49_195	TTNI49_193	27.536	69	50	0	23	91	21	89	1.38e-09	42.7
bflTTN_Aig49_195	TTNZ3_195	23.810	84	63	1	12	94	9	92	3.57e-09	41.6
bflTTN_Aig49_195	TTNI59_193	27.027	74	54	0	18	91	16	89	4.21e-09	41.6
bflTTN_Aig49_195	TTNZ6_195	27.500	80	55	2	18	95	15	93	4.23e-09	41.6
bflTTN_Aig49_195	TTNA156_195	25.610	82	59	1	4	83	2	83	4.61e-09	41.6
bflTTN_Aig49_195	TTNI78_194	28.788	66	47	0	18	83	17	82	5.09e-09	41.2
bflTTN_Aig49_195	TTNA169_1100	32.468	77	51	1	18	93	22	98	5.22e-09	41.6
bflTTN_Aig49_195	TTNI79_193	26.389	72	53	0	14	85	12	83	5.27e-09	41.2
bflTTN_Aig49_195	TTNZ7_195	31.868	91	57	3	8	94	6	95	5.59e-09	41.2
bflTTN_Aig49_195	TTNI34_193	28.205	78	56	0	17	94	15	92	5.92e-09	41.2
bflTTN_Aig49_195	TTNM5_194	25.926	81	60	0	14	94	12	92	6.72e-09	40.8
bflTTN_Aig49_195	TTNI57_193	28.889	90	63	1	5	94	4	92	9.27e-09	40.4
bflTTN_Aig49_195	TTNI54_193	27.941	68	49	0	18	85	16	83	1.02e-08	40.4
bflTTN_Aig49_195	TTNZ1_195	26.087	69	49	1	18	84	15	83	1.06e-08	40.4
bflTTN_Aig49_195	TTNI67_193	24.719	89	66	1	7	94	4	92	1.48e-08	40.0
bflTTN_Aig49_195	TTNA168_194	32.000	75	47	2	23	94	20	93	2.37e-08	39.7
bflTTN_Aig49_195	TTNI45_193	25.352	71	53	0	23	93	21	91	2.50e-08	39.7
bflTTN_Aig49_195	TTNA15_1104	22.826	92	63	2	1	84	1	92	4.65e-08	38.9
bflTTN_Aig49_195	TTNI62_193	24.138	87	65	1	8	94	7	92	4.78e-08	38.9
bflTTN_Aig49_195	TTNI55_193	27.941	68	49	0	16	83	14	81	5.26e-08	38.5
bflTTN_Aig49_195	TTNI69_193	25.974	77	57	0	18	94	16	92	5.67e-08	38.5
bflTTN_Aig49_195	TTNM9_196	25.000	76	57	0	18	93	16	91	6.86e-08	38.5
bflTTN_Aig49_195	TTNM7_192	22.619	84	65	0	11	94	8	91	6.96e-08	38.5
bflTTN_Aig49_195	TTNZ5_193	28.205	78	55	1	18	94	16	93	9.24e-08	38.1
bflTTN_Aig49_195	TTNI24_192	26.250	80	59	0	15	94	12	91	1.05e-07	37.7
bflTTN_Aig49_195	TTNI74_193	23.750	80	61	0	14	93	12	91	1.14e-07	37.7
bflTTN_Aig49_195	TTNI29_193	30.508	59	41	0	35	93	33	91	1.27e-07	37.7
bflTTN_Aig49_195	TTNI33_193	24.051	79	60	0	15	93	13	91	1.35e-07	37.7
bflTTN_Aig49_195	TTNI36_194	20.930	86	68	0	8	93	7	92	1.62e-07	37.4
bflTTN_Aig49_195	TTNI64_193	22.500	80	62	0	14	93	12	91	2.37e-07	37.0
bflTTN_Aig49_195	TTNI37_193	31.034	87	49	2	1	83	2	81	3.66e-07	36.6
bflTTN_Aig49_195	TTNI58_194	23.684	76	58	0	18	93	17	92	4.19e-07	36.2
bflTTN_Aig49_195	TTNI70_194	24.138	87	64	2	8	93	7	92	5.28e-07	36.2
bflTTN_Aig49_195	TTNI46_193	22.078	77	60	0	17	93	15	91	6.42e-07	35.8
bflTTN_Aig49_195	TTNA11_1103	33.333	72	42	2	18	83	20	91	6.76e-07	35.8
bflTTN_Aig49_195	TTNI77_193	19.101	89	71	1	5	93	4	91	8.01e-07	35.4
bflTTN_Aig49_195	TTNI80_194	27.536	69	49	1	27	94	25	93	8.67e-07	35.4
bflTTN_Aig49_195	TTNI42_194	23.377	77	59	0	18	94	17	93	9.64e-07	35.4
bflTTN_Aig49_195	TTNI75_193	22.500	80	62	0	15	94	13	92	9.89e-07	35.4
bflTTN_Aig49_195	TTNI106_194	25.275	91	63	2	4	89	2	92	1.09e-06	35.0
bflTTN_Aig49_195	TTNI99_188	26.761	71	51	1	19	89	17	86	1.25e-06	35.0
bflTTN_Aig49_195	TTNI68_194	21.918	73	57	0	8	80	7	79	1.31e-06	35.0
bflTTN_Aig49_195	TTNM6_194	26.596	94	61	3	1	91	2	90	1.97e-06	34.7
bflTTN_Aig49_195	TTNI65_193	26.866	67	49	0	17	83	15	81	2.13e-06	34.3
bflTTN_Aig49_195	TTNI27_194	21.519	79	62	0	15	93	13	91	2.15e-06	34.3
bflTTN_Aig49_195	TTNI60_194	25.287	87	63	2	8	93	7	92	2.38e-06	34.3
bflTTN_Aig49_195	TTNZ4_195	25.000	76	55	1	18	91	16	91	4.59e-06	33.5
bflTTN_Aig49_195	TTNI38_193	25.000	60	45	0	35	94	33	92	5.11e-06	33.5
bflTTN_Aig49_195	TTNI76_193	28.767	73	50	1	12	84	12	82	5.33e-06	33.5
bflTTN_Aig49_195	TTNA4_1121	25.410	122	58	4	1	93	2	119	5.48e-06	33.9
bflTTN_Aig49_195	TTNI53_193	21.053	76	60	0	18	93	16	91	6.04e-06	33.1
bflTTN_Aig49_195	TTNI52_193	22.472	89	68	1	7	94	4	92	6.50e-06	33.1
bflTTN_Aig49_195	TTNM1_192	21.875	64	50	0	32	95	29	92	8.41e-06	32.7
bflTTN_Aig49_195	TTNI39_193	25.000	76	57	0	18	93	16	91	8.45e-06	32.7
bflTTN_Aig49_195	TTNI4_189	31.034	58	39	1	18	75	16	72	1.02e-05	32.7
bflTTN_Aig49_195	TTNZ9_193	25.974	77	56	1	18	94	15	90	1.18e-05	32.3
bflTTN_Aig49_195	TTNI63_193	25.000	76	57	0	18	93	16	91	1.50e-05	32.3
bflTTN_Aig49_195	TTNA18_199	25.532	94	63	2	9	95	6	99	1.50e-05	32.3
bflTTN_Aig49_195	TTNI56_193	23.881	67	51	0	17	83	15	81	5.30e-05	30.8
bflTTN_Aig49_195	TTNI12_187	29.412	51	36	0	28	78	25	75	9.49e-05	30.0
bflTTN_Aig49_195	TTNI73_193	18.987	79	64	0	15	93	13	91	1.20e-04	29.6
bflTTN_Aig49_195	TTNI47_193	26.667	90	61	3	7	93	4	91	2.46e-04	28.9
bflTTN_Aig49_195	TTNI41_193	27.397	73	53	0	22	94	20	92	3.83e-04	28.5
bflTTN_Aig49_195	TTNI26_191	26.984	63	45	1	32	93	27	89	6.25e-04	27.7
bflTTN_Aig49_195	TTNI94_187	26.389	72	48	2	23	94	21	87	0.001	26.9
bflTTN_Aig49_195	TTNI31_193	23.750	80	61	0	11	90	9	88	0.001	26.9
bflTTN_Aig49_195	TTNI85_192	28.767	73	49	2	9	80	8	78	0.002	26.9
bflTTN_Aig49_195	TTNI2_191	28.000	75	46	3	10	83	14	81	0.002	26.6
bflTTN_Aig49_195	TTNI32_193	20.513	78	61	1	7	83	4	81	0.002	26.6
bflTTN_Aig49_195	TTNI50_194	22.222	81	62	1	14	93	12	92	0.003	26.2
bflTTN_Aig49_195	TTNI102_188	32.609	46	29	2	37	81	34	78	0.004	25.8
bflTTN_Aig49_195	TTNI83_193	25.000	44	33	0	35	78	32	75	0.005	25.4
bflTTN_Aig49_195	TTNI66_193	20.896	67	53	0	17	83	15	81	0.009	24.6
bflTTN_Aig49_195	TTNI43_193	20.270	74	55	2	22	93	20	91	0.011	24.6
bflTTN_Aig49_195	TTNI100_188	23.729	59	44	1	18	76	16	73	0.012	24.3
bflTTN_Aig49_195	TTNI90_187	25.424	59	40	1	37	95	33	87	0.020	23.9
bflTTN_Aig49_195	TTNI11_187	30.000	90	50	5	6	94	10	87	0.050	22.7
bflTTN_Aig49_195	TTNI7_187	26.829	41	30	0	37	77	34	74	0.066	22.3
bflTTN_Aig49_195	TTNI84_196	26.230	61	42	2	17	76	19	77	0.081	21.9
bflTTN_Aig49_195	TTNI15_191	19.481	77	61	1	18	94	16	91	0.12	21.6
bflTTN_Aig49_195	TTNI81_190	22.727	44	34	0	31	74	30	73	0.13	21.6
bflTTN_Aig49_195	TTNI82_188	22.222	72	49	1	6	77	10	74	0.20	20.8
bflTTN_Aig49_195	TTNI9_187	23.077	39	30	0	37	75	34	72	0.23	20.8
bflTTN_Aig49_195	TTNI88_187	19.643	56	45	0	35	90	31	86	0.28	20.4
bflTTN_Aig49_195	TTNI101_193	21.250	80	56	2	6	85	10	82	0.30	20.4
bflTTN_Aig49_195	TTNI96_188	20.339	59	46	1	14	72	12	69	0.42	20.0
bflTTN_Aig49_195	TTNI103_188	16.667	42	35	0	35	76	32	73	0.69	19.6
bflTTN_Aig49_195	TTNI6_187	17.778	45	37	0	34	78	31	75	1.2	18.9
bflTTN_Aig49_195	TTNI8_188	20.755	53	42	0	37	89	35	87	1.7	18.5
bflTTN_Aig49_195	TTNI97_188	19.118	68	54	1	11	78	9	75	2.1	18.1
bflTTN_Aig49_195	TTNI92_187	20.455	44	35	0	37	80	34	77	3.5	17.3
KbflTTN_Aig50_195	TTNA142_194	47.826	92	48	0	2	93	2	93	1.96e-31	98.6
KbflTTN_Aig50_195	TTNA65_194	44.565	92	51	0	2	93	2	93	1.63e-30	96.3
KbflTTN_Aig50_195	TTNA98_194	46.739	92	49	0	2	93	2	93	3.66e-29	92.8
KbflTTN_Aig50_195	TTNA160_193	46.237	93	50	0	2	94	1	93	4.73e-29	92.4
KbflTTN_Aig50_195	TTNA76_194	43.011	93	53	0	1	93	1	93	2.20e-28	90.9
KbflTTN_Aig50_195	TTNA87_194	44.565	92	51	0	2	93	2	93	4.78e-28	89.7
KbflTTN_Aig50_195	TTNA54_196	44.211	95	51	1	1	93	1	95	1.02e-27	89.0
KbflTTN_Aig50_195	TTNA109_194	43.011	93	53	0	1	93	1	93	2.02e-27	88.2
KbflTTN_Aig50_195	TTNA153_193	43.956	91	51	0	2	92	1	91	3.65e-26	85.1
KbflTTN_Aig50_195	TTNA120_193	41.304	92	54	0	2	93	1	92	9.97e-26	84.0
KbflTTN_Aig50_195	TTNA43_195	38.298	94	57	1	1	93	1	94	2.82e-24	80.5
KbflTTN_Aig50_195	TTNA83_196	38.947	95	56	1	1	93	1	95	2.99e-22	75.1
KbflTTN_Aig50_195	TTNA29_194	40.860	93	55	0	1	93	1	93	4.74e-22	74.7
KbflTTN_Aig50_195	TTNA116_196	36.842	95	58	1	1	93	1	95	4.99e-22	74.7
KbflTTN_Aig50_195	TTNA131_197	37.895	95	56	2	2	93	2	96	3.89e-21	72.4
KbflTTN_Aig50_195	TTNA72_196	35.106	94	59	1	2	93	2	95	2.33e-19	67.8
KbflTTN_Aig50_195	TTNA22_194	33.696	92	61	0	2	93	2	93	1.17e-18	65.9
KbflTTN_Aig50_195	TTNA145_195	37.895	95	57	1	2	94	1	95	1.76e-18	65.5
KbflTTN_Aig50_195	TTNA32_196	33.684	95	61	1	1	93	1	95	2.42e-18	65.5
KbflTTN_Aig50_195	TTNA57_195	38.667	75	44	1	22	94	21	95	4.15e-18	64.7
KbflTTN_Aig50_195	TTNA149_197	37.500	96	57	2	1	93	1	96	4.60e-18	64.7
KbflTTN_Aig50_195	TTNA36_196	36.842	95	58	1	1	93	1	95	1.23e-17	63.5
KbflTTN_Aig50_195	TTNA8_195	35.106	94	60	1	1	93	1	94	5.51e-17	61.6
KbflTTN_Aig50_195	TTNA50_196	32.632	95	62	1	1	93	1	95	9.41e-17	61.2
KbflTTN_Aig50_195	TTNA94_195	30.851	94	63	1	2	93	1	94	2.05e-16	60.5
KbflTTN_Aig50_195	TTNA105_197	33.684	95	60	1	2	93	2	96	2.11e-16	60.5
KbflTTN_Aig50_195	TTNA123_196	37.895	95	57	1	1	93	1	95	2.29e-16	60.1
KbflTTN_Aig50_195	TTNA68_195	34.409	93	59	1	2	92	1	93	3.13e-16	59.7
KbflTTN_Aig50_195	TTNA127_195	30.851	94	63	1	2	93	1	94	6.69e-16	58.9
KbflTTN_Aig50_195	TTNA79_193	35.789	95	56	2	1	93	1	92	7.19e-16	58.9
KbflTTN_Aig50_195	TTNA156_195	35.106	94	59	1	2	93	1	94	7.62e-16	58.9
KbflTTN_Aig50_195	TTNA15_1104	30.392	102	61	1	2	93	1	102	4.19e-15	57.4
KbflTTN_Aig50_195	TTNA46_192	36.585	82	50	1	14	93	10	91	6.15e-15	56.6
KbflTTN_Aig50_195	TTNA90_192	32.099	81	53	1	15	93	11	91	9.22e-14	53.5
KbflTTN_Aig50_195	TTNA25_194	31.579	95	61	2	1	93	1	93	1.12e-13	53.1
KbflTTN_Aig50_195	TTNA138_196	30.851	94	63	1	1	92	1	94	1.23e-13	53.1
KbflTTN_Aig50_195	TTNI107_196	30.851	94	63	1	2	93	2	95	1.46e-13	53.1
KbflTTN_Aig50_195	TTNA61_197	34.737	95	59	2	2	93	2	96	1.85e-13	52.8
KbflTTN_Aig50_195	TTNA101_192	33.735	83	53	1	13	93	9	91	3.52e-13	52.0
KbflTTN_Aig50_195	TTNA112_192	31.325	83	55	1	13	93	9	91	2.86e-12	49.7
KbflTTN_Aig50_195	TTNA1_193	28.916	83	57	1	14	94	11	93	3.06e-12	49.7
KbflTTN_Aig50_195	TTNA134_195	27.368	95	67	1	2	94	1	95	3.30e-11	47.0
KbflTTN_Aig50_195	TTNA39_196	27.957	93	61	2	6	93	4	95	9.66e-11	45.8
KbflTTN_Aig50_195	TTNM5_194	26.437	87	62	1	8	92	5	91	1.86e-10	45.1
KbflTTN_Aig50_195	TTNI105_190	28.235	85	60	1	9	93	6	89	2.78e-10	44.7
KbflTTN_Aig50_195	TTNA165_196	28.723	94	64	2	2	92	1	94	3.01e-10	44.7
KbflTTN_Aig50_195	TTNM10_195	27.711	83	56	1	14	92	11	93	3.82e-10	44.3
KbflTTN_Aig50_195	TTNA169_1100	34.286	70	43	2	26	92	29	98	3.13e-09	42.0
KbflTTN_Aig50_195	TTNI25_195	27.083	96	64	2	1	93	1	93	3.28e-09	42.0
KbflTTN_Aig50_195	TTNI74_193	29.630	81	55	1	15	93	12	92	5.21e-09	41.2
KbflTTN_Aig50_195	TTNM7_192	29.870	77	52	1	8	82	4	80	5.34e-09	41.2
KbflTTN_Aig50_195	TTNI106_194	27.368	95	66	2	2	94	1	94	8.68e-09	40.8
KbflTTN_Aig50_195	TTNA11_1103	25.743	101	66	2	1	92	1	101	1.42e-08	40.4
KbflTTN_Aig50_195	TTNZ3_195	27.711	83	58	1	12	92	9	91	7.82e-08	38.1
KbflTTN_Aig50_195	TTNI76_193	28.235	85	56	2	1	83	1	82	1.73e-07	37.4
KbflTTN_Aig50_195	TTNI61_193	27.160	81	57	1	14	92	11	91	1.86e-07	37.4
KbflTTN_Aig50_195	TTNZ2_194	23.958	96	68	2	1	94	1	93	2.02e-07	37.0
KbflTTN_Aig50_195	TTNI39_193	22.892	83	62	1	13	93	10	92	5.31e-07	36.2
KbflTTN_Aig50_195	TTNI14_192	43.750	32	18	0	14	45	11	42	9.43e-07	35.4
KbflTTN_Aig50_195	TTNI49_193	28.358	67	46	1	28	92	25	91	2.90e-06	34.3
KbflTTN_Aig50_195	TTNM3_193	27.848	79	54	1	17	92	13	91	3.22e-06	33.9
KbflTTN_Aig50_195	TTNI54_193	30.508	59	39	1	37	93	34	92	3.36e-06	33.9
KbflTTN_Aig50_195	TTNI77_193	23.404	94	67	2	1	92	1	91	4.27e-06	33.5
KbflTTN_Aig50_195	TTNI51_193	25.926	81	58	1	14	92	11	91	1.14e-05	32.3
KbflTTN_Aig50_195	TTNZ1_195	25.000	76	53	1	12	83	8	83	1.36e-05	32.3
KbflTTN_Aig50_195	TTNI67_193	22.340	94	68	2	1	92	1	91	1.52e-05	32.3
KbflTTN_Aig50_195	TTNI50_194	26.804	97	63	3	1	93	1	93	2.04e-05	32.0
KbflTTN_Aig50_195	TTNM9_196	25.000	88	64	1	8	93	5	92	2.48e-05	31.6
KbflTTN_Aig50_195	TTNI59_193	28.788	66	45	1	28	91	25	90	2.56e-05	31.6
KbflTTN_Aig50_195	TTNI66_193	28.788	66	45	1	19	82	16	81	4.83e-05	30.8
KbflTTN_Aig50_195	TTNI71_193	22.892	83	62	1	12	92	9	91	5.70e-05	30.8
KbflTTN_Aig50_195	TTNM2_195	25.000	96	64	3	2	92	1	93	5.92e-05	30.8
KbflTTN_Aig50_195	TTNI64_193	23.457	81	60	1	15	93	12	92	7.63e-05	30.4
KbflTTN_Aig50_195	TTNI44_193	26.230	61	43	1	24	82	21	81	9.58e-05	30.0
KbflTTN_Aig50_195	TTNI58_194	23.810	84	60	2	1	82	1	82	1.17e-04	30.0
KbflTTN_Aig50_195	TTNI69_193	25.758	66	47	1	19	82	16	81	1.27e-04	29.6
KbflTTN_Aig50_195	TTNI34_193	31.250	64	42	1	23	84	20	83	1.34e-04	29.6
KbflTTN_Aig50_195	TTNI73_193	20.213	94	70	2	1	92	1	91	1.56e-04	29.6
KbflTTN_Aig50_195	TTNI33_193	21.951	82	62	1	14	93	11	92	1.71e-04	29.3
KbflTTN_Aig50_195	TTNI48_194	21.277	94	70	2	1	92	1	92	1.75e-04	29.3
KbflTTN_Aig50_195	TTNI65_193	25.758	66	47	1	19	82	16	81	1.96e-04	29.3
KbflTTN_Aig50_195	TTNI36_194	20.270	74	57	1	16	87	14	87	2.18e-04	29.3
KbflTTN_Aig50_195	TTNA18_199	23.301	103	66	2	1	94	1	99	2.48e-04	28.9
KbflTTN_Aig50_195	TTNI17_194	21.839	87	66	1	10	94	7	93	2.99e-04	28.9
KbflTTN_Aig50_195	TTNI53_193	24.706	85	59	2	1	83	1	82	3.28e-04	28.5
KbflTTN_Aig50_195	TTNI1_194	22.667	75	55	1	12	83	9	83	3.87e-04	28.5
KbflTTN_Aig50_195	TTNZ7_195	24.138	87	60	2	12	92	8	94	4.39e-04	28.5
KbflTTN_Aig50_195	TTNA4_1121	22.222	117	60	2	8	93	4	120	4.83e-04	28.5
KbflTTN_Aig50_195	TTNM4_193	22.785	79	59	1	18	94	15	93	4.95e-04	28.1
KbflTTN_Aig50_195	TTNI75_193	22.353	85	61	2	1	83	1	82	6.81e-04	27.7
KbflTTN_Aig50_195	TTNI85_192	27.632	76	50	3	9	81	7	80	7.23e-04	27.7
KbflTTN_Aig50_195	TTNI68_194	23.611	72	53	1	23	92	21	92	8.11e-04	27.7
KbflTTN_Aig50_195	TTNI43_193	22.388	67	50	1	28	92	25	91	0.001	27.3
KbflTTN_Aig50_195	TTNI45_193	19.048	84	66	1	12	93	9	92	0.001	27.3
KbflTTN_Aig50_195	TTNI63_193	22.340	94	68	2	1	92	1	91	0.001	27.3
KbflTTN_Aig50_195	TTNI46_193	21.429	84	61	2	1	82	1	81	0.001	26.9
KbflTTN_Aig50_195	TTNI16_194	21.176	85	63	1	12	92	8	92	0.002	26.9
KbflTTN_Aig50_195	TTNA164_192	24.324	74	54	2	12	83	8	81	0.002	26.6
KbflTTN_Aig50_195	TTNI80_194	26.389	72	50	2	24	92	21	92	0.002	26.6
KbflTTN_Aig50_195	TTNZ5_193	27.907	43	29	1	12	52	9	51	0.002	26.6
KbflTTN_Aig50_195	TTNI30_194	20.833	96	68	3	1	92	1	92	0.002	26.6
KbflTTN_Aig50_195	TTNI55_193	29.070	86	52	4	1	82	1	81	0.003	26.2
KbflTTN_Aig50_195	TTNZ4_195	26.087	69	47	1	19	83	16	84	0.003	26.2
KbflTTN_Aig50_195	TTNI56_193	23.810	84	59	2	1	82	1	81	0.003	25.8
KbflTTN_Aig50_195	TTNI28_193	23.810	84	59	2	1	82	1	81	0.004	25.4
KbflTTN_Aig50_195	TTNI79_193	20.238	84	62	2	1	82	1	81	0.004	25.4
KbflTTN_Aig50_195	TTNZ9_193	22.368	76	58	1	8	82	4	79	0.007	25.0
KbflTTN_Aig50_195	TTNI6_187	33.333	54	32	3	38	87	34	87	0.008	24.6
KbflTTN_Aig50_195	TTNI72_193	16.883	77	62	1	18	92	15	91	0.018	23.9
KbflTTN_Aig50_195	TTNI42_194	20.619	97	67	3	1	92	1	92	0.030	23.5
KbflTTN_Aig50_195	TTNI32_193	26.374	91	52	4	1	84	1	83	0.054	22.7
KbflTTN_Aig50_195	TTNI41_193	23.404	47	34	1	38	82	35	81	0.060	22.3
KbflTTN_Aig50_195	TTNI99_188	31.111	45	29	1	31	73	27	71	0.069	22.3
KbflTTN_Aig50_195	TTNM6_194	19.672	61	44	2	37	94	34	92	0.071	22.3
KbflTTN_Aig50_195	TTNI37_193	28.070	57	39	1	28	82	25	81	0.12	21.6
KbflTTN_Aig50_195	TTNI11_187	29.577	71	39	3	5	73	10	71	0.13	21.6
KbflTTN_Aig50_195	TTNI47_193	22.222	63	47	1	22	82	19	81	0.26	20.8
KbflTTN_Aig50_195	TTNI96_188	24.286	70	50	2	12	79	9	77	0.33	20.4
KbflTTN_Aig50_195	TTNI31_193	20.408	49	37	1	37	83	34	82	0.36	20.4
KbflTTN_Aig50_195	TTNA168_194	22.222	18	14	0	28	45	24	41	0.53	19.6
KbflTTN_Aig50_195	TTNI15_191	21.053	76	57	2	19	92	16	90	0.65	19.6
KbflTTN_Aig50_195	TTNI102_188	23.377	77	48	2	2	76	7	74	0.78	19.2
KbflTTN_Aig50_195	TTNM1_192	26.531	49	34	1	37	83	33	81	1.3	18.9
KbflTTN_Aig50_195	TTNI3_187	22.449	49	33	2	38	84	34	79	3.3	17.3
KbflTTN_Aig50_195	TTNI82_188	24.000	50	36	1	32	79	28	77	4.1	17.3
KbflTTN_Aig50_195	TTNI83_193	42.857	14	8	0	60	73	58	71	6.3	16.9
KbflTTN_Aig50_195	TTNI10_187	27.907	43	23	1	45	79	35	77	7.1	16.5
KbflTTN_Aig50_195	TTNI87_188	28.571	21	15	0	60	80	58	78	8.0	16.5
bflTTN_Aig51_196	TTNA131_197	35.789	95	59	2	2	94	2	96	4.72e-17	62.0
bflTTN_Aig51_196	TTNA98_194	34.043	94	59	2	2	94	2	93	4.84e-17	62.0
bflTTN_Aig51_196	TTNA120_193	34.043	94	59	2	2	94	1	92	6.76e-17	61.6
bflTTN_Aig51_196	TTNA142_194	37.234	94	56	2	2	94	2	93	1.84e-16	60.5
bflTTN_Aig51_196	TTNA57_195	32.632	95	63	1	2	95	1	95	6.85e-16	58.9
bflTTN_Aig51_196	TTNA1_193	34.043	94	60	2	2	95	2	93	1.44e-15	58.2
bflTTN_Aig51_196	TTNA94_195	35.294	85	55	0	10	94	10	94	1.41e-14	55.8
bflTTN_Aig51_196	TTNA68_195	35.484	93	59	1	2	93	1	93	3.01e-14	54.7
bflTTN_Aig51_196	TTNA149_197	32.143	84	57	0	11	94	13	96	3.21e-14	54.7
bflTTN_Aig51_196	TTNA109_194	29.474	95	64	2	1	94	1	93	4.02e-14	54.7
bflTTN_Aig51_196	TTNA50_196	32.632	95	63	1	1	94	1	95	4.35e-14	54.3
bflTTN_Aig51_196	TTNA76_194	28.421	95	65	2	1	94	1	93	6.54e-14	53.9
bflTTN_Aig51_196	TTNA83_196	36.047	86	53	2	10	94	11	95	9.78e-14	53.5
bflTTN_Aig51_196	TTNA87_194	30.769	91	60	2	4	94	6	93	3.31e-13	52.0
bflTTN_Aig51_196	TTNA145_195	32.632	95	63	1	2	95	1	95	3.69e-13	52.0
bflTTN_Aig51_196	TTNA153_193	30.108	93	62	2	2	93	1	91	1.32e-12	50.4
bflTTN_Aig51_196	TTNA65_194	31.034	87	58	1	8	94	9	93	1.45e-12	50.4
bflTTN_Aig51_196	TTNM10_195	28.916	83	57	1	13	93	11	93	2.05e-12	50.1
bflTTN_Aig51_196	TTNA160_193	27.907	86	60	1	10	95	10	93	3.52e-12	49.7
bflTTN_Aig51_196	TTNA25_194	32.941	85	56	1	1	85	1	84	4.81e-12	49.3
bflTTN_Aig51_196	TTNA54_196	31.579	95	64	1	1	94	1	95	7.08e-12	48.9
bflTTN_Aig51_196	TTNA90_192	28.750	80	57	0	15	94	12	91	1.25e-11	48.1
bflTTN_Aig51_196	TTNA112_192	31.250	80	55	0	15	94	12	91	1.55e-11	47.8
bflTTN_Aig51_196	TTNI106_194	29.787	94	66	0	2	95	1	94	1.62e-11	47.8
bflTTN_Aig51_196	TTNA134_195	29.474	95	66	1	2	95	1	95	5.18e-11	46.6
bflTTN_Aig51_196	TTNA127_195	28.723	94	66	1	2	94	1	94	6.08e-11	46.2
bflTTN_Aig51_196	TTNA101_192	29.762	84	59	0	11	94	8	91	7.81e-11	45.8
bflTTN_Aig51_196	TTNA123_196	30.526	95	65	1	1	94	1	95	1.92e-10	45.1
bflTTN_Aig51_196	TTNI45_193	33.333	66	44	0	29	94	27	92	6.06e-10	43.9
bflTTN_Aig51_196	TTNA105_197	31.395	86	58	1	10	94	11	96	1.75e-09	42.7
bflTTN_Aig51_196	TTNA46_192	27.907	86	58	3	11	94	8	91	4.68e-09	41.6
bflTTN_Aig51_196	TTNM5_194	29.268	82	58	0	12	93	10	91	4.81e-09	41.6
bflTTN_Aig51_196	TTNA116_196	24.468	94	71	0	1	94	2	95	5.16e-09	41.2
bflTTN_Aig51_196	TTNA61_197	30.108	93	63	2	3	94	5	96	6.04e-09	41.2
bflTTN_Aig51_196	TTNA156_195	28.723	94	66	1	2	94	1	94	7.28e-09	40.8
bflTTN_Aig51_196	TTNI39_193	28.916	83	59	0	12	94	10	92	1.26e-08	40.4
bflTTN_Aig51_196	TTNA32_196	30.928	97	62	4	1	94	1	95	1.58e-08	40.0
bflTTN_Aig51_196	TTNA79_193	27.660	94	66	1	1	94	1	92	4.15e-08	38.9
bflTTN_Aig51_196	TTNA169_1100	30.137	73	50	1	22	93	26	98	5.80e-08	38.9
bflTTN_Aig51_196	TTNI51_193	28.049	82	51	1	13	86	3	84	6.35e-08	38.5
bflTTN_Aig51_196	TTNA72_196	30.233	86	58	2	10	94	11	95	7.52e-08	38.5
bflTTN_Aig51_196	TTNA43_195	27.273	99	62	3	1	94	1	94	1.23e-07	37.7
bflTTN_Aig51_196	TTNA22_194	24.419	86	63	1	9	94	10	93	1.46e-07	37.7
bflTTN_Aig51_196	TTNA18_199	27.619	105	60	3	1	95	1	99	1.62e-07	37.4
bflTTN_Aig51_196	TTNI105_190	26.829	82	57	1	13	94	11	89	2.02e-07	37.0
bflTTN_Aig51_196	TTNI67_193	27.957	93	65	2	1	93	1	91	2.22e-07	37.0
bflTTN_Aig51_196	TTNI77_193	25.532	94	66	2	1	93	1	91	2.74e-07	37.0
bflTTN_Aig51_196	TTNZ3_195	26.596	94	65	4	1	93	1	91	3.54e-07	36.6
bflTTN_Aig51_196	TTNA39_196	27.368	95	66	2	2	94	2	95	7.00e-07	35.8
bflTTN_Aig51_196	TTNM2_195	29.412	85	55	2	12	93	11	93	7.65e-07	35.8
bflTTN_Aig51_196	TTNA11_1103	28.261	92	58	2	1	84	1	92	9.72e-07	35.4
bflTTN_Aig51_196	TTNI42_194	23.457	81	62	0	13	93	12	92	1.80e-06	34.7
bflTTN_Aig51_196	TTNI70_194	27.835	97	63	3	1	94	1	93	2.23e-06	34.3
bflTTN_Aig51_196	TTNA36_196	23.158	95	72	1	1	94	1	95	3.38e-06	33.9
bflTTN_Aig51_196	TTNA165_196	25.000	68	50	1	18	84	18	85	3.49e-06	33.9
bflTTN_Aig51_196	TTNI58_194	25.000	80	60	0	14	93	13	92	3.80e-06	33.9
bflTTN_Aig51_196	TTNI24_192	31.746	63	43	0	31	93	28	90	6.78e-06	33.1
bflTTN_Aig51_196	TTNI74_193	27.941	68	49	0	27	94	25	92	8.66e-06	32.7
bflTTN_Aig51_196	TTNZ4_195	30.769	78	50	2	17	91	15	91	1.01e-05	32.7
bflTTN_Aig51_196	TTNI80_194	26.506	83	50	2	12	93	20	92	1.22e-05	32.3
bflTTN_Aig51_196	TTNI63_193	27.907	86	60	1	1	86	1	84	1.51e-05	32.3
bflTTN_Aig51_196	TTNI82_188	27.941	68	48	1	13	80	11	77	1.59e-05	32.0
bflTTN_Aig51_196	TTNI27_194	22.857	70	54	0	24	93	22	91	1.79e-05	32.0
bflTTN_Aig51_196	TTNI34_193	30.769	52	36	0	34	85	32	83	2.20e-05	32.0
bflTTN_Aig51_196	TTNA29_194	27.500	80	56	1	15	94	16	93	3.48e-05	31.2
bflTTN_Aig51_196	TTNZ2_194	22.093	86	65	2	12	96	10	94	4.11e-05	31.2
bflTTN_Aig51_196	TTNI16_194	23.684	76	52	2	24	93	17	92	5.12e-05	30.8
bflTTN_Aig51_196	TTNI14_192	25.610	82	59	2	13	93	11	91	5.47e-05	30.8
bflTTN_Aig51_196	TTNM7_192	26.984	63	46	0	31	93	28	90	6.80e-05	30.4
bflTTN_Aig51_196	TTNI107_196	20.000	80	64	0	15	94	16	95	7.48e-05	30.4
bflTTN_Aig51_196	TTNI65_193	24.074	54	41	0	31	84	29	82	9.51e-05	30.0
bflTTN_Aig51_196	TTNI29_193	30.508	59	41	0	35	93	33	91	1.02e-04	30.0
bflTTN_Aig51_196	TTNI44_193	20.833	72	55	1	12	83	12	81	1.13e-04	30.0
bflTTN_Aig51_196	TTNA8_195	23.256	86	64	2	1	85	1	85	1.62e-04	29.6
bflTTN_Aig51_196	TTNM9_196	22.500	80	62	0	15	94	13	92	1.82e-04	29.3
bflTTN_Aig51_196	TTNI73_193	25.301	83	62	0	11	93	9	91	1.82e-04	29.3
bflTTN_Aig51_196	TTNI69_193	21.429	70	55	0	17	86	15	84	2.39e-04	28.9
bflTTN_Aig51_196	TTNM3_193	24.390	82	57	2	15	93	12	91	2.67e-04	28.9
bflTTN_Aig51_196	TTNI25_195	24.615	65	48	1	31	94	29	93	3.89e-04	28.5
bflTTN_Aig51_196	TTNA164_192	22.368	76	58	1	8	83	6	80	5.00e-04	28.1
bflTTN_Aig51_196	TTNA168_194	25.926	81	58	2	15	93	12	92	5.01e-04	28.1
bflTTN_Aig51_196	TTNZ1_195	26.667	75	53	1	11	83	8	82	6.29e-04	28.1
bflTTN_Aig51_196	TTNA138_196	21.649	97	69	3	1	93	1	94	0.001	27.3
bflTTN_Aig51_196	TTNZ7_195	19.048	84	66	1	12	93	9	92	0.001	27.3
bflTTN_Aig51_196	TTNI72_193	22.727	66	51	0	28	93	26	91	0.001	26.9
bflTTN_Aig51_196	TTNI32_193	26.866	67	45	1	24	86	18	84	0.001	26.9
bflTTN_Aig51_196	TTNI48_194	20.548	73	58	0	14	86	13	85	0.001	26.9
bflTTN_Aig51_196	TTNI1_194	25.000	80	59	1	15	93	13	92	0.001	26.9
bflTTN_Aig51_196	TTNI61_193	19.753	81	65	0	13	93	11	91	0.002	26.9
bflTTN_Aig51_196	TTNI54_193	30.000	50	33	2	35	83	33	81	0.002	26.6
bflTTN_Aig51_196	TTNM1_192	30.645	62	43	0	34	95	31	92	0.002	26.2
bflTTN_Aig51_196	TTNI49_193	19.355	93	73	1	1	93	1	91	0.003	26.2
bflTTN_Aig51_196	TTNI96_188	23.188	69	50	1	12	80	12	77	0.003	25.8
bflTTN_Aig51_196	TTNI47_193	25.610	82	57	1	16	93	10	91	0.004	25.8
bflTTN_Aig51_196	TTNA15_1104	17.895	95	66	2	10	94	10	102	0.004	25.8
bflTTN_Aig51_196	TTNI40_193	23.729	59	45	0	35	93	33	91	0.007	25.0
bflTTN_Aig51_196	TTNI17_194	26.230	61	45	0	35	95	33	93	0.007	25.0
bflTTN_Aig51_196	TTNI78_194	22.368	76	59	0	9	84	8	83	0.009	24.6
bflTTN_Aig51_196	TTNZ9_193	25.397	63	46	1	31	93	28	89	0.009	24.6
bflTTN_Aig51_196	TTNI59_193	20.652	92	71	1	1	92	1	90	0.017	23.9
bflTTN_Aig51_196	TTNI38_193	25.773	97	62	3	1	93	1	91	0.021	23.9
bflTTN_Aig51_196	TTNM4_193	23.881	67	51	0	29	95	27	93	0.037	23.1
bflTTN_Aig51_196	TTNI85_192	47.619	21	11	0	60	80	58	78	0.039	23.1
bflTTN_Aig51_196	TTNI83_193	26.087	69	47	2	9	76	8	73	0.040	23.1
bflTTN_Aig51_196	TTNI57_193	24.444	90	39	2	4	93	31	91	0.043	22.7
bflTTN_Aig51_196	TTNA4_1121	20.000	40	32	0	9	48	6	45	0.084	22.3
bflTTN_Aig51_196	TTNI4_189	23.810	42	32	0	37	78	34	75	0.11	21.6
bflTTN_Aig51_196	TTNZ5_193	27.941	68	44	2	22	84	16	83	0.13	21.6
bflTTN_Aig51_196	TTNI90_187	21.667	60	47	0	22	81	18	77	0.17	21.2
bflTTN_Aig51_196	TTNI90_187	35.000	20	13	0	74	93	4	23	5.7	16.9
bflTTN_Aig51_196	TTNI37_193	22.581	93	41	2	2	92	29	92	0.21	20.8
bflTTN_Aig51_196	TTNI94_187	23.636	55	42	0	35	89	32	86	0.23	20.8
bflTTN_Aig51_196	TTNI86_190	20.408	49	37	1	33	79	30	78	0.29	20.4
bflTTN_Aig51_196	TTNI12_187	21.429	56	44	0	29	84	26	81	0.71	19.2
bflTTN_Aig51_196	TTNI99_188	20.833	48	38	0	29	76	26	73	0.83	19.2
bflTTN_Aig51_196	TTNI8_188	33.333	30	20	0	35	64	33	62	0.97	18.9
bflTTN_Aig51_196	TTNI28_193	13.793	58	50	0	37	94	35	92	1.00	18.9
bflTTN_Aig51_196	TTNM8_193	29.268	41	29	0	30	70	27	67	1.1	18.9
bflTTN_Aig51_196	TTNI3_187	22.581	31	24	0	49	79	46	76	1.1	18.9
bflTTN_Aig51_196	TTNI43_193	25.455	55	27	1	46	86	30	84	1.2	18.9
bflTTN_Aig51_196	TTNI6_187	22.000	50	39	0	35	84	32	81	1.8	18.1
bflTTN_Aig51_196	TTNI100_188	29.412	34	21	1	19	52	19	49	2.2	18.1
bflTTN_Aig51_196	TTNI33_193	36.364	22	14	0	72	93	59	80	3.4	17.7
bflTTN_Aig51_196	TTNI30_194	33.333	21	10	1	3	23	59	75	4.3	17.3
bflTTN_Aig51_196	TTNI68_194	23.077	65	50	0	29	93	28	92	4.7	17.3
bflTTN_Aig51_196	TTNI64_193	66.667	9	3	0	51	59	4	12	5.0	16.9
bflTTN_Aig51_196	TTNI87_188	23.636	55	39	1	12	66	12	63	5.1	16.9
bflTTN_Aig51_196	TTNI2_191	18.868	53	43	0	29	81	27	79	5.5	16.9
bflTTN_Aig52_197	TTNA79_193	37.895	95	56	1	1	95	1	92	7.46e-18	63.9
bflTTN_Aig52_197	TTNA83_196	32.632	95	64	0	1	95	1	95	2.89e-16	60.1
bflTTN_Aig52_197	TTNA36_196	29.474	95	67	0	1	95	1	95	7.26e-16	58.9
bflTTN_Aig52_197	TTNA76_194	31.579	95	63	1	1	95	1	93	1.92e-15	57.8
bflTTN_Aig52_197	TTNA149_197	29.167	96	67	1	1	95	1	96	4.03e-15	57.0
bflTTN_Aig52_197	TTNA101_192	31.183	93	61	1	3	95	2	91	5.71e-15	56.6
bflTTN_Aig52_197	TTNA29_194	33.684	95	61	1	1	95	1	93	6.12e-15	56.6
bflTTN_Aig52_197	TTNI107_196	31.183	93	64	0	3	95	3	95	1.61e-14	55.5
bflTTN_Aig52_197	TTNA65_194	34.783	92	58	1	4	95	4	93	2.17e-14	55.1
bflTTN_Aig52_197	TTNA109_194	32.632	95	62	1	1	95	1	93	3.65e-14	54.7
bflTTN_Aig52_197	TTNA32_196	30.526	95	66	0	1	95	1	95	4.16e-14	54.7
bflTTN_Aig52_197	TTNA25_194	32.632	95	62	1	1	95	1	93	5.21e-14	54.3
bflTTN_Aig52_197	TTNA57_195	32.051	78	53	0	19	96	18	95	1.57e-13	53.1
bflTTN_Aig52_197	TTNA145_195	39.241	79	48	0	18	96	17	95	1.91e-13	52.8
bflTTN_Aig52_197	TTNA39_196	37.363	91	53	2	6	92	4	94	2.00e-13	52.8
bflTTN_Aig52_197	TTNA94_195	28.261	92	66	0	4	95	3	94	3.65e-13	52.0
bflTTN_Aig52_197	TTNA8_195	33.333	84	55	1	1	84	1	83	1.60e-12	50.4
bflTTN_Aig52_197	TTNA61_197	32.979	94	62	1	3	95	3	96	1.73e-12	50.4
bflTTN_Aig52_197	TTNA18_199	29.474	95	60	1	9	96	5	99	2.31e-12	50.1
bflTTN_Aig52_197	TTNA68_195	40.351	57	34	0	28	84	27	83	3.51e-12	49.7
bflTTN_Aig52_197	TTNA116_196	26.316	95	70	0	1	95	1	95	3.67e-12	49.7
bflTTN_Aig52_197	TTNM9_196	39.706	68	41	0	28	95	25	92	3.79e-12	49.7
bflTTN_Aig52_197	TTNA156_195	32.258	93	63	0	3	95	2	94	4.13e-12	49.3
bflTTN_Aig52_197	TTNA72_196	27.174	92	67	0	4	95	4	95	8.50e-12	48.5
bflTTN_Aig52_197	TTNA50_196	26.316	95	70	0	1	95	1	95	1.11e-11	48.1
bflTTN_Aig52_197	TTNA127_195	28.261	92	66	0	4	95	3	94	1.19e-11	48.1
bflTTN_Aig52_197	TTNA160_193	31.522	92	61	1	5	96	4	93	1.38e-11	48.1
bflTTN_Aig52_197	TTNA105_197	27.473	91	65	1	6	95	6	96	1.86e-11	47.8
bflTTN_Aig52_197	TTNA142_194	30.435	92	62	1	4	95	4	93	1.86e-11	47.8
bflTTN_Aig52_197	TTNA1_193	31.343	67	46	0	30	96	27	93	3.71e-11	47.0
bflTTN_Aig52_197	TTNA123_196	29.545	88	55	1	15	95	8	95	4.90e-11	46.6
bflTTN_Aig52_197	TTNA153_193	28.571	91	63	1	4	94	3	91	5.07e-11	46.6
bflTTN_Aig52_197	TTNA43_195	33.673	98	58	3	1	95	1	94	7.61e-11	46.2
bflTTN_Aig52_197	TTNI58_194	31.081	74	51	0	21	94	19	92	9.24e-11	45.8
bflTTN_Aig52_197	TTNA54_196	27.835	97	66	2	1	95	1	95	9.73e-11	45.8
bflTTN_Aig52_197	TTNA46_192	26.744	86	63	0	10	95	6	91	1.03e-10	45.8
bflTTN_Aig52_197	TTNA22_194	28.261	92	64	1	4	95	4	93	1.26e-10	45.4
bflTTN_Aig52_197	TTNA120_193	31.111	90	60	1	6	95	5	92	1.39e-10	45.4
bflTTN_Aig52_197	TTNA112_192	29.032	93	61	2	3	95	2	89	1.64e-10	45.1
bflTTN_Aig52_197	TTNA87_194	31.522	92	61	2	4	95	4	93	5.84e-10	43.9
bflTTN_Aig52_197	TTNA11_1103	33.010	103	56	5	1	94	1	99	6.25e-10	43.9
bflTTN_Aig52_197	TTNI74_193	28.090	89	58	1	7	95	10	92	8.60e-10	43.5
bflTTN_Aig52_197	TTNA90_192	26.471	68	50	0	28	95	24	91	1.18e-09	43.1
bflTTN_Aig52_197	TTNA131_197	29.787	94	65	1	3	95	3	96	1.20e-09	43.1
bflTTN_Aig52_197	TTNM10_195	28.000	75	52	1	22	94	19	93	1.65e-09	42.7
bflTTN_Aig52_197	TTNI79_193	32.394	71	48	0	24	94	21	91	2.14e-09	42.4
bflTTN_Aig52_197	TTNI30_194	28.395	81	57	1	14	94	13	92	2.58e-09	42.0
bflTTN_Aig52_197	TTNA138_196	32.468	77	48	2	20	94	20	94	3.12e-09	42.0
bflTTN_Aig52_197	TTNI61_193	30.137	73	51	0	22	94	19	91	4.41e-09	41.6
bflTTN_Aig52_197	TTNA98_194	23.656	93	69	1	3	95	3	93	9.70e-09	40.8
bflTTN_Aig52_197	TTNA164_192	26.230	61	45	0	24	84	20	80	1.08e-08	40.4
bflTTN_Aig52_197	TTNI51_193	29.630	81	57	0	14	94	11	91	1.59e-08	40.0
bflTTN_Aig52_197	TTNM7_192	27.273	77	56	0	18	94	14	90	3.39e-08	39.3
bflTTN_Aig52_197	TTNA15_1104	25.510	98	65	2	6	95	5	102	4.87e-08	38.9
bflTTN_Aig52_197	TTNI36_194	28.169	71	51	0	24	94	22	92	6.10e-08	38.5
bflTTN_Aig52_197	TTNI25_195	33.333	69	45	1	28	95	25	93	7.52e-08	38.5
bflTTN_Aig52_197	TTNI45_193	26.389	72	53	0	24	95	21	92	1.05e-07	38.1
bflTTN_Aig52_197	TTNI33_193	27.778	72	52	0	24	95	21	92	1.09e-07	37.7
bflTTN_Aig52_197	TTNA165_196	23.864	88	66	1	8	94	7	94	1.37e-07	37.7
bflTTN_Aig52_197	TTNI44_193	27.273	66	48	0	20	85	17	82	1.56e-07	37.4
bflTTN_Aig52_197	TTNI29_193	37.288	59	37	0	36	94	33	91	1.81e-07	37.4
bflTTN_Aig52_197	TTNA134_195	28.788	66	45	1	30	95	29	92	1.81e-07	37.4
bflTTN_Aig52_197	TTNA4_1121	22.609	115	60	3	10	95	6	120	1.92e-07	37.7
bflTTN_Aig52_197	TTNI106_194	29.851	67	47	0	29	95	27	93	2.09e-07	37.4
bflTTN_Aig52_197	TTNI48_194	28.169	71	51	0	24	94	22	92	2.44e-07	37.0
bflTTN_Aig52_197	TTNI54_193	30.882	68	46	1	17	84	15	81	3.06e-07	36.6
bflTTN_Aig52_197	TTNI14_192	22.535	71	55	0	24	94	21	91	3.31e-07	36.6
bflTTN_Aig52_197	TTNI43_193	31.169	77	49	2	20	94	17	91	3.33e-07	36.6
bflTTN_Aig52_197	TTNM5_194	30.769	65	45	0	30	94	27	91	4.15e-07	36.6
bflTTN_Aig52_197	TTNA169_1100	30.882	68	46	1	28	94	31	98	4.25e-07	36.6
bflTTN_Aig52_197	TTNI40_193	23.944	71	54	0	24	94	21	91	4.44e-07	36.2
bflTTN_Aig52_197	TTNI102_188	30.909	55	38	0	36	90	32	86	4.48e-07	36.2
bflTTN_Aig52_197	TTNZ3_195	28.767	73	48	2	24	94	21	91	4.84e-07	36.2
bflTTN_Aig52_197	TTNZ6_195	31.884	69	44	2	28	94	24	91	5.60e-07	36.2
bflTTN_Aig52_197	TTNI27_194	29.851	67	47	0	28	94	25	91	9.34e-07	35.4
bflTTN_Aig52_197	TTNI42_194	26.761	71	52	0	24	94	22	92	1.27e-06	35.0
bflTTN_Aig52_197	TTNI53_193	25.352	71	53	0	24	94	21	91	1.30e-06	35.0
bflTTN_Aig52_197	TTNZ1_195	29.870	77	52	1	20	94	16	92	1.46e-06	35.0
bflTTN_Aig52_197	TTNI80_194	30.882	68	46	1	28	94	25	92	1.50e-06	35.0
bflTTN_Aig52_197	TTNI77_193	22.535	71	55	0	24	94	21	91	1.61e-06	34.7
bflTTN_Aig52_197	TTNI73_193	22.535	71	55	0	24	94	21	91	1.76e-06	34.7
bflTTN_Aig52_197	TTNM2_195	31.429	70	45	1	28	94	24	93	1.92e-06	34.7
bflTTN_Aig52_197	TTNI63_193	25.352	71	53	0	24	94	21	91	2.89e-06	34.3
bflTTN_Aig52_197	TTNI78_194	24.706	85	64	0	10	94	8	92	3.00e-06	34.3
bflTTN_Aig52_197	TTNI67_193	25.373	67	50	0	28	94	25	91	3.21e-06	33.9
bflTTN_Aig52_197	TTNI64_193	26.154	65	48	0	20	84	17	81	3.21e-06	33.9
bflTTN_Aig52_197	TTNZ7_195	27.059	85	60	1	12	94	8	92	3.60e-06	33.9
bflTTN_Aig52_197	TTNI47_193	23.684	76	58	0	19	94	16	91	3.80e-06	33.9
bflTTN_Aig52_197	TTNI16_194	24.638	69	50	1	28	94	24	92	4.20e-06	33.9
bflTTN_Aig52_197	TTNI1_194	29.870	77	51	2	12	87	11	85	5.40e-06	33.5
bflTTN_Aig52_197	TTNM3_193	27.536	69	47	2	28	94	24	91	6.91e-06	33.1
bflTTN_Aig52_197	TTNI105_190	31.250	64	41	2	32	95	29	89	8.66e-06	32.7
bflTTN_Aig52_197	TTNI76_193	26.582	79	54	1	9	87	10	84	1.01e-05	32.7
bflTTN_Aig52_197	TTNI37_193	30.882	68	45	2	28	94	25	91	1.36e-05	32.3
bflTTN_Aig52_197	TTNI39_193	23.611	72	55	0	24	95	21	92	1.64e-05	32.3
bflTTN_Aig52_197	TTNI57_193	23.944	71	54	0	24	94	21	91	1.73e-05	32.0
bflTTN_Aig52_197	TTNI17_194	28.000	50	36	0	35	84	32	81	1.93e-05	32.0
bflTTN_Aig52_197	TTNI59_193	30.986	71	45	3	24	92	21	89	2.55e-05	31.6
bflTTN_Aig52_197	TTNI49_193	23.611	72	55	0	23	94	20	91	2.71e-05	31.6
bflTTN_Aig52_197	TTNZ4_195	24.658	73	49	2	24	92	21	91	3.19e-05	31.6
bflTTN_Aig52_197	TTNI60_194	24.324	74	53	2	24	95	21	93	3.53e-05	31.2
bflTTN_Aig52_197	TTNZ9_193	25.333	75	55	1	20	94	16	89	3.99e-05	31.2
bflTTN_Aig52_197	TTNI70_194	26.027	73	53	1	24	95	21	93	4.58e-05	30.8
bflTTN_Aig52_197	TTNZ2_194	27.059	85	62	0	12	96	9	93	6.12e-05	30.8
bflTTN_Aig52_197	TTNI41_193	28.788	66	43	2	24	87	21	84	7.67e-05	30.4
bflTTN_Aig52_197	TTNI71_193	22.892	83	64	0	12	94	9	91	8.50e-05	30.4
bflTTN_Aig52_197	TTNI72_193	24.706	85	63	1	10	94	8	91	8.77e-05	30.0
bflTTN_Aig52_197	TTNI66_193	25.926	81	52	3	9	87	10	84	8.86e-05	30.0
bflTTN_Aig52_197	TTNI31_193	27.419	62	43	2	24	84	21	81	9.33e-05	30.0
bflTTN_Aig52_197	TTNI100_188	26.667	60	40	1	36	95	32	87	1.04e-04	30.0
bflTTN_Aig52_197	TTNI24_192	26.230	61	45	0	24	84	20	80	1.13e-04	30.0
bflTTN_Aig52_197	TTNI99_188	27.273	44	32	0	32	75	28	71	1.14e-04	29.6
bflTTN_Aig52_197	TTNI4_189	27.083	48	35	0	31	78	27	74	1.38e-04	29.6
bflTTN_Aig52_197	TTNI38_193	22.973	74	57	0	21	94	18	91	1.41e-04	29.6
bflTTN_Aig52_197	TTNI69_193	22.535	71	55	0	24	94	21	91	1.96e-04	29.3
bflTTN_Aig52_197	TTNM4_193	29.688	64	43	1	32	93	29	92	3.22e-04	28.9
bflTTN_Aig52_197	TTNI26_191	29.730	74	47	3	24	95	20	90	3.48e-04	28.5
bflTTN_Aig52_197	TTNI50_194	29.688	64	42	2	24	85	21	83	3.88e-04	28.5
bflTTN_Aig52_197	TTNM1_192	24.194	62	47	0	35	96	31	92	6.14e-04	28.1
bflTTN_Aig52_197	TTNI68_194	27.778	54	39	0	28	81	26	79	6.49e-04	27.7
bflTTN_Aig52_197	TTNI104_188	25.000	56	42	0	35	90	31	86	7.04e-04	27.7
bflTTN_Aig52_197	TTNI12_187	27.083	48	35	0	32	79	28	75	0.001	27.3
bflTTN_Aig52_197	TTNA168_194	26.506	83	59	1	14	94	10	92	0.001	26.9
bflTTN_Aig52_197	TTNI34_193	25.758	66	49	0	19	84	16	81	0.001	26.9
bflTTN_Aig52_197	TTNI90_187	28.814	59	38	1	36	94	31	85	0.001	26.9
bflTTN_Aig52_197	TTNZ5_193	22.414	58	44	1	28	84	25	82	0.001	26.9
bflTTN_Aig52_197	TTNM6_194	22.222	63	48	1	31	92	28	90	0.002	26.9
bflTTN_Aig52_197	TTNM8_193	22.581	62	48	0	33	94	29	90	0.002	26.6
bflTTN_Aig52_197	TTNI75_193	22.222	72	56	0	23	94	20	91	0.003	26.2
bflTTN_Aig52_197	TTNI35_193	26.667	75	49	1	20	94	23	91	0.003	26.2
bflTTN_Aig52_197	TTNI15_191	29.508	61	41	2	35	94	31	90	0.004	25.8
bflTTN_Aig52_197	TTNI55_193	23.077	65	50	0	23	87	20	84	0.005	25.4
bflTTN_Aig52_197	TTNI96_188	28.261	46	33	0	36	81	32	77	0.005	25.4
bflTTN_Aig52_197	TTNI83_193	28.889	45	32	0	36	80	32	76	0.007	25.0
bflTTN_Aig52_197	TTNI28_193	20.588	68	54	0	28	95	25	92	0.010	24.6
bflTTN_Aig52_197	TTNI56_193	22.989	87	59	4	9	93	10	90	0.012	24.3
bflTTN_Aig52_197	TTNI32_193	20.896	67	53	0	18	84	15	81	0.012	24.3
bflTTN_Aig52_197	TTNI65_193	19.672	61	49	0	24	84	21	81	0.012	24.3
bflTTN_Aig52_197	TTNI62_193	17.333	75	62	0	20	94	17	91	0.020	23.9
bflTTN_Aig52_197	TTNI85_192	31.250	48	32	1	35	81	31	78	0.023	23.5
bflTTN_Aig52_197	TTNI92_187	26.087	46	30	2	38	81	34	77	0.063	22.3
bflTTN_Aig52_197	TTNI94_187	23.729	59	44	1	24	82	21	78	0.086	21.9
bflTTN_Aig52_197	TTNZ8_195	21.538	65	51	0	30	94	28	92	0.14	21.6
bflTTN_Aig52_197	TTNI81_190	19.298	57	45	1	19	75	18	73	0.15	21.2
bflTTN_Aig52_197	TTNI82_188	23.529	51	39	0	31	81	27	77	0.26	20.8
bflTTN_Aig52_197	TTNI88_187	25.000	40	30	0	36	75	31	70	0.50	20.0
bflTTN_Aig52_197	TTNI97_188	23.913	46	35	0	36	81	32	77	0.57	19.6
bflTTN_Aig52_197	TTNI52_193	25.397	63	43	2	24	84	21	81	1.3	18.9
bflTTN_Aig52_197	TTNI6_187	22.222	45	35	0	35	79	31	75	1.7	18.5
bflTTN_Aig52_197	TTNI93_188	28.846	52	34	1	36	87	32	80	2.1	18.1
bflTTN_Aig52_197	TTNI9_187	22.500	40	31	0	36	75	32	71	2.7	17.7
bflTTN_Aig52_197	TTNI5_188	24.074	54	38	1	25	75	19	72	4.5	17.3
bflTTN_Aig52_197	TTNI7_187	18.966	58	47	0	18	75	14	71	7.4	16.5
bflTTN_Aig53_194	TTNA87_194	45.161	93	51	0	1	93	2	94	1.35e-30	96.3
bflTTN_Aig53_194	TTNA109_194	48.387	93	48	0	1	93	2	94	3.31e-30	95.1
bflTTN_Aig53_194	TTNA65_194	46.237	93	50	0	1	93	2	94	4.21e-30	95.1
bflTTN_Aig53_194	TTNA76_194	46.237	93	50	0	1	93	2	94	4.88e-29	92.4
bflTTN_Aig53_194	TTNA153_193	43.011	93	53	0	1	93	1	93	1.37e-26	86.3
bflTTN_Aig53_194	TTNA142_194	39.785	93	56	0	1	93	2	94	1.94e-26	85.9
bflTTN_Aig53_194	TTNA98_194	40.860	93	55	0	1	93	2	94	3.38e-26	85.1
bflTTN_Aig53_194	TTNA160_193	44.565	92	51	0	1	92	1	92	2.14e-24	80.5
bflTTN_Aig53_194	TTNA120_193	36.559	93	59	0	1	93	1	93	3.00e-23	77.8
bflTTN_Aig53_194	TTNA54_196	41.053	95	54	1	1	93	2	96	4.23e-23	77.4
bflTTN_Aig53_194	TTNA22_194	37.634	93	58	0	1	93	2	94	2.62e-22	75.1
bflTTN_Aig53_194	TTNA43_195	40.426	94	55	1	1	93	2	95	8.18e-22	73.9
bflTTN_Aig53_194	TTNA57_195	42.708	96	49	2	1	92	1	94	1.82e-19	68.2
bflTTN_Aig53_194	TTNA29_194	37.634	93	58	0	1	93	2	94	5.88e-19	66.6
bflTTN_Aig53_194	TTNA149_197	43.299	97	50	3	1	93	2	97	1.37e-18	65.9
bflTTN_Aig53_194	TTNA8_195	35.106	94	60	1	1	93	2	95	5.03e-18	64.3
bflTTN_Aig53_194	TTNA145_195	38.298	94	56	1	1	92	1	94	1.32e-17	63.2
bflTTN_Aig53_194	TTNA127_195	35.789	95	59	1	1	93	1	95	1.94e-17	62.8
bflTTN_Aig53_194	TTNA131_197	32.292	96	62	2	1	93	2	97	2.47e-17	62.8
bflTTN_Aig53_194	TTNA15_1104	33.981	103	58	2	1	93	1	103	3.67e-17	62.4
bflTTN_Aig53_194	TTNA156_195	36.842	95	58	1	1	93	1	95	1.37e-16	60.8
bflTTN_Aig53_194	TTNA36_196	34.737	95	60	1	1	93	2	96	3.98e-16	59.7
bflTTN_Aig53_194	TTNA72_196	33.684	95	61	1	1	93	2	96	1.58e-15	58.2
bflTTN_Aig53_194	TTNA105_197	34.375	96	60	1	1	93	2	97	5.68e-15	56.6
bflTTN_Aig53_194	TTNA83_196	33.684	95	61	1	1	93	2	96	7.27e-15	56.2
bflTTN_Aig53_194	TTNA116_196	29.474	95	65	1	1	93	2	96	1.62e-14	55.5
bflTTN_Aig53_194	TTNA68_195	37.895	95	57	1	1	93	1	95	1.80e-14	55.5
bflTTN_Aig53_194	TTNA123_196	38.144	97	54	3	1	93	2	96	5.21e-14	54.3
bflTTN_Aig53_194	TTNA32_196	30.526	95	64	1	1	93	2	96	5.50e-14	54.3
bflTTN_Aig53_194	TTNA46_192	32.584	89	58	1	7	93	4	92	8.92e-14	53.5
bflTTN_Aig53_194	TTNA50_196	35.417	96	58	2	1	93	2	96	9.66e-14	53.5
bflTTN_Aig53_194	TTNI107_196	33.684	95	61	1	1	93	2	96	4.88e-13	51.6
bflTTN_Aig53_194	TTNA90_192	37.209	86	48	3	12	93	9	92	5.03e-13	51.6
bflTTN_Aig53_194	TTNA101_192	34.940	83	50	2	14	93	11	92	6.38e-13	51.2
bflTTN_Aig53_194	TTNA39_196	33.333	93	58	1	5	93	4	96	6.40e-13	51.2
bflTTN_Aig53_194	TTNA61_197	35.417	96	59	3	1	93	2	97	4.60e-12	49.3
bflTTN_Aig53_194	TTNA94_195	28.421	95	66	1	1	93	1	95	6.43e-12	48.9
bflTTN_Aig53_194	TTNA138_196	28.421	95	66	1	1	93	2	96	3.76e-11	47.0
bflTTN_Aig53_194	TTNA25_194	31.579	95	61	2	1	93	2	94	4.19e-11	46.6
bflTTN_Aig53_194	TTNA79_193	29.885	87	59	1	9	93	7	93	1.31e-10	45.4
bflTTN_Aig53_194	TTNI105_190	31.579	76	51	1	18	93	16	90	1.42e-10	45.1
bflTTN_Aig53_194	TTNA112_192	29.474	95	62	2	1	93	1	92	2.69e-10	44.7
bflTTN_Aig53_194	TTNA1_193	32.468	77	50	1	18	92	16	92	3.83e-10	44.3
bflTTN_Aig53_194	TTNM10_195	26.506	83	57	1	13	91	11	93	1.25e-08	40.4
bflTTN_Aig53_194	TTNI14_192	31.325	83	55	1	11	91	9	91	1.69e-08	40.0
bflTTN_Aig53_194	TTNZ3_195	31.325	83	55	2	11	91	9	91	1.70e-08	40.0
bflTTN_Aig53_194	TTNI85_192	31.765	85	51	3	8	88	7	88	3.65e-08	38.9
bflTTN_Aig53_194	TTNA165_196	26.042	96	68	2	1	93	1	96	1.54e-07	37.4
bflTTN_Aig53_194	TTNI74_193	29.268	82	56	1	14	93	12	93	1.59e-07	37.4
bflTTN_Aig53_194	TTNA134_195	30.000	80	54	1	1	78	1	80	2.39e-07	37.0
bflTTN_Aig53_194	TTNI99_188	38.235	68	36	3	21	83	19	85	3.34e-07	36.6
bflTTN_Aig53_194	TTNA11_1103	27.451	102	65	3	1	93	2	103	3.73e-07	36.6
bflTTN_Aig53_194	TTNM7_192	27.419	62	43	1	22	81	19	80	4.97e-07	36.2
bflTTN_Aig53_194	TTNI55_193	30.380	79	51	2	18	93	16	93	5.11e-07	36.2
bflTTN_Aig53_194	TTNI48_194	28.571	77	52	2	16	89	15	91	5.42e-07	35.8
bflTTN_Aig53_194	TTNI64_193	28.750	80	55	1	16	93	14	93	7.24e-07	35.8
bflTTN_Aig53_194	TTNI106_194	34.426	61	38	1	20	78	19	79	8.45e-07	35.4
bflTTN_Aig53_194	TTNZ2_194	26.027	73	52	1	11	81	9	81	8.81e-07	35.4
bflTTN_Aig53_194	TTNZ6_195	26.744	86	58	2	11	91	6	91	9.24e-07	35.4
bflTTN_Aig53_194	TTNI45_193	30.263	76	51	2	20	93	18	93	1.15e-06	35.0
bflTTN_Aig53_194	TTNI59_193	28.947	76	52	1	18	91	16	91	2.82e-06	34.3
bflTTN_Aig53_194	TTNA169_1100	28.235	85	58	2	12	93	16	100	3.01e-06	34.3
bflTTN_Aig53_194	TTNI70_194	26.582	79	55	1	18	93	16	94	3.77e-06	33.9
bflTTN_Aig53_194	TTNM9_196	27.778	90	59	2	7	92	5	92	4.40e-06	33.5
bflTTN_Aig53_194	TTNM5_194	24.138	87	64	1	7	91	5	91	4.70e-06	33.5
bflTTN_Aig53_194	TTNI66_193	31.944	72	45	2	18	86	16	86	7.58e-06	33.1
bflTTN_Aig53_194	TTNI16_194	27.632	76	50	3	18	88	15	90	1.14e-05	32.3
bflTTN_Aig53_194	TTNZ1_195	33.333	60	34	2	27	81	24	82	1.22e-05	32.3
bflTTN_Aig53_194	TTNI30_194	30.667	75	49	2	18	89	17	91	1.23e-05	32.3
bflTTN_Aig53_194	TTNI39_193	25.641	78	56	1	18	93	16	93	1.88e-05	32.0
bflTTN_Aig53_194	TTNI49_193	26.984	63	44	1	21	81	19	81	2.25e-05	31.6
bflTTN_Aig53_194	TTNI44_193	28.571	84	49	3	9	89	15	90	2.60e-05	31.6
bflTTN_Aig53_194	TTNI58_194	29.487	78	53	1	16	91	15	92	2.64e-05	31.6
bflTTN_Aig53_194	TTNM3_193	27.848	79	54	1	16	91	13	91	2.86e-05	31.6
bflTTN_Aig53_194	TTNI61_193	26.506	83	59	1	13	93	11	93	5.57e-05	30.8
bflTTN_Aig53_194	TTNA4_1121	23.729	118	59	3	7	93	4	121	5.57e-05	31.2
bflTTN_Aig53_194	TTNI36_194	23.077	78	57	2	15	89	14	91	6.39e-05	30.4
bflTTN_Aig53_194	TTNA18_199	25.510	98	58	3	7	92	4	98	6.68e-05	30.4
bflTTN_Aig53_194	TTNI25_195	24.138	87	62	2	11	93	9	95	8.66e-05	30.0
bflTTN_Aig53_194	TTNI28_193	22.472	89	67	1	7	93	5	93	9.17e-05	30.0
bflTTN_Aig53_194	TTNI56_193	27.778	72	48	2	18	86	16	86	9.96e-05	30.0
bflTTN_Aig53_194	TTNI60_194	28.750	80	52	2	18	93	16	94	1.13e-04	30.0
bflTTN_Aig53_194	TTNI65_193	29.333	75	49	2	18	89	16	89	1.32e-04	29.6
bflTTN_Aig53_194	TTNI76_193	30.986	71	47	1	18	86	16	86	1.45e-04	29.6
bflTTN_Aig53_194	TTNZ4_195	26.562	64	43	1	27	86	25	88	1.45e-04	29.6
bflTTN_Aig53_194	TTNI12_187	31.250	48	31	1	29	74	26	73	2.34e-04	28.9
bflTTN_Aig53_194	TTNI68_194	27.119	59	41	1	22	78	21	79	2.70e-04	28.9
bflTTN_Aig53_194	TTNI50_194	27.059	85	59	1	12	93	10	94	2.93e-04	28.9
bflTTN_Aig53_194	TTNI78_194	26.667	75	52	2	18	89	17	91	3.56e-04	28.5
bflTTN_Aig53_194	TTNI102_188	27.381	84	50	3	1	82	7	81	5.83e-04	27.7
bflTTN_Aig53_194	TTNI69_193	25.758	66	47	1	18	81	16	81	5.89e-04	28.1
bflTTN_Aig53_194	TTNM4_193	22.388	67	50	1	17	81	15	81	6.46e-04	27.7
bflTTN_Aig53_194	TTNI51_193	27.381	84	57	2	13	93	11	93	6.66e-04	27.7
bflTTN_Aig53_194	TTNM2_195	24.419	86	57	2	1	81	1	83	7.55e-04	27.7
bflTTN_Aig53_194	TTNZ7_195	25.333	75	52	2	11	81	8	82	7.95e-04	27.7
bflTTN_Aig53_194	TTNI43_193	26.984	63	44	1	21	81	19	81	8.09e-04	27.7
bflTTN_Aig53_194	TTNA164_192	28.767	73	50	2	11	81	8	80	8.87e-04	27.3
bflTTN_Aig53_194	TTNI54_193	25.641	78	56	1	18	93	16	93	0.001	27.3
bflTTN_Aig53_194	TTNI33_193	22.785	79	59	1	17	93	15	93	0.002	26.9
bflTTN_Aig53_194	TTNI41_193	30.303	66	43	2	29	91	26	91	0.002	26.6
bflTTN_Aig53_194	TTNI31_193	23.377	77	56	2	18	92	16	91	0.003	26.2
bflTTN_Aig53_194	TTNI17_194	22.222	81	61	1	13	91	11	91	0.005	25.4
bflTTN_Aig53_194	TTNI73_193	26.316	57	40	1	27	81	25	81	0.010	24.6
bflTTN_Aig53_194	TTNI75_193	29.167	72	47	2	23	91	21	91	0.011	24.3
bflTTN_Aig53_194	TTNI37_193	25.000	68	49	1	21	86	19	86	0.013	24.3
bflTTN_Aig53_194	TTNI34_193	28.125	64	44	1	22	83	20	83	0.017	23.9
bflTTN_Aig53_194	TTNI34_193	41.667	24	12	1	42	63	70	93	1.7	18.5
bflTTN_Aig53_194	TTNI71_193	22.353	85	64	1	11	93	9	93	0.020	23.9
bflTTN_Aig53_194	TTNI72_193	23.881	67	49	1	17	81	15	81	0.022	23.5
bflTTN_Aig53_194	TTNZ5_193	30.435	23	16	0	18	40	16	38	0.022	23.5
bflTTN_Aig53_194	TTNI47_193	22.388	67	50	1	27	91	25	91	0.022	23.5
bflTTN_Aig53_194	TTNI42_194	20.988	81	62	1	13	91	12	92	0.024	23.5
bflTTN_Aig53_194	TTNI63_193	27.273	66	46	2	18	81	16	81	0.032	23.1
bflTTN_Aig53_194	TTNI80_194	25.862	58	40	1	27	81	25	82	0.041	22.7
bflTTN_Aig53_194	TTNI32_193	28.169	71	45	2	11	81	17	81	0.053	22.7
bflTTN_Aig53_194	TTNI29_193	30.000	60	38	2	35	91	33	91	0.067	22.3
bflTTN_Aig53_194	TTNI53_193	25.000	68	47	2	27	92	25	90	0.075	22.3
bflTTN_Aig53_194	TTNI40_193	25.758	66	47	2	18	81	16	81	0.087	21.9
bflTTN_Aig53_194	TTNI57_193	22.388	67	50	1	17	81	15	81	0.14	21.6
bflTTN_Aig53_194	TTNI24_192	29.412	34	24	0	58	91	57	90	0.14	21.6
bflTTN_Aig53_194	TTNI1_194	21.429	84	54	2	11	94	9	80	0.15	21.2
bflTTN_Aig53_194	TTNI38_193	36.364	22	14	0	70	91	70	91	0.20	21.2
bflTTN_Aig53_194	TTNI15_191	30.303	66	43	3	18	81	16	80	0.24	20.8
bflTTN_Aig53_194	TTNI13_190	40.000	25	14	1	59	82	60	84	0.30	20.4
bflTTN_Aig53_194	TTNZ9_193	26.471	68	45	3	18	82	15	80	0.30	20.4
bflTTN_Aig53_194	TTNA168_194	31.818	22	15	0	23	44	20	41	0.48	20.0
bflTTN_Aig53_194	TTNI46_193	21.053	76	58	1	18	91	16	91	0.50	20.0
bflTTN_Aig53_194	TTNI26_191	26.027	73	51	2	23	92	18	90	0.68	19.6
bflTTN_Aig53_194	TTNI35_193	23.611	72	52	2	18	86	16	87	0.69	19.6
bflTTN_Aig53_194	TTNI62_193	25.000	76	55	1	18	91	16	91	1.00	18.9
bflTTN_Aig53_194	TTNI10_187	33.333	21	14	0	59	79	58	78	1.0	18.9
bflTTN_Aig53_194	TTNI84_196	39.394	33	18	1	59	89	62	94	1.2	18.9
bflTTN_Aig53_194	TTNI5_188	43.750	16	9	0	59	74	59	74	1.5	18.5
bflTTN_Aig53_194	TTNI9_187	46.667	15	8	0	59	73	58	72	1.5	18.5
bflTTN_Aig53_194	TTNI89_188	41.176	17	10	0	34	50	31	47	1.7	18.5
bflTTN_Aig53_194	TTNI88_187	42.857	14	8	0	59	72	57	70	2.0	18.1
bflTTN_Aig53_194	TTNI7_187	28.947	38	25	1	37	72	34	71	6.7	16.5
bflTTN_Aig54_196	TTNA145_195	42.105	95	54	1	2	95	1	95	2.29e-17	62.8
bflTTN_Aig54_196	TTNA131_197	37.500	88	54	1	2	88	2	89	2.71e-17	62.8
bflTTN_Aig54_196	TTNA101_192	36.782	87	54	1	9	94	5	91	8.94e-17	61.2
bflTTN_Aig54_196	TTNA116_196	38.947	95	57	1	1	94	1	95	9.64e-17	61.2
bflTTN_Aig54_196	TTNA65_194	34.409	93	60	1	2	94	2	93	1.06e-16	61.2
bflTTN_Aig54_196	TTNA149_197	34.375	96	61	2	1	94	1	96	1.74e-16	60.5
bflTTN_Aig54_196	TTNA98_194	33.333	93	61	1	2	94	2	93	3.53e-16	59.7
bflTTN_Aig54_196	TTNA134_195	32.632	95	63	1	2	95	1	95	3.81e-16	59.7
bflTTN_Aig54_196	TTNA83_196	37.895	95	58	1	1	94	1	95	6.43e-16	59.3
bflTTN_Aig54_196	TTNA68_195	37.363	91	56	1	2	91	1	91	1.03e-15	58.5
bflTTN_Aig54_196	TTNA112_192	35.443	79	50	1	17	94	13	91	1.57e-15	58.2
bflTTN_Aig54_196	TTNA123_196	31.579	95	64	1	1	94	1	95	1.58e-15	58.2
bflTTN_Aig54_196	TTNA120_193	34.409	93	60	1	2	94	1	92	1.72e-15	58.2
bflTTN_Aig54_196	TTNA160_193	31.915	94	63	1	2	95	1	93	3.29e-15	57.4
bflTTN_Aig54_196	TTNA90_192	37.500	80	49	1	16	94	12	91	4.03e-15	57.0
bflTTN_Aig54_196	TTNA57_195	29.474	95	66	1	2	95	1	95	4.62e-15	57.0
bflTTN_Aig54_196	TTNA79_193	39.744	78	46	1	18	94	15	92	6.30e-15	56.6
bflTTN_Aig54_196	TTNA50_196	28.866	97	64	3	1	94	1	95	3.58e-14	54.7
bflTTN_Aig54_196	TTNA87_194	33.333	93	61	1	2	94	2	93	4.48e-14	54.3
bflTTN_Aig54_196	TTNA142_194	32.258	93	62	1	2	94	2	93	6.20e-14	53.9
bflTTN_Aig54_196	TTNA127_195	36.709	79	49	1	17	94	16	94	9.66e-14	53.5
bflTTN_Aig54_196	TTNA54_196	32.292	96	62	2	1	94	1	95	1.20e-13	53.1
bflTTN_Aig54_196	TTNA109_194	30.851	94	64	1	1	94	1	93	1.62e-13	52.8
bflTTN_Aig54_196	TTNA46_192	32.927	82	54	1	14	94	10	91	2.78e-13	52.4
bflTTN_Aig54_196	TTNA8_195	28.723	94	67	0	1	94	1	94	6.68e-13	51.2
bflTTN_Aig54_196	TTNA156_195	34.043	94	61	1	2	94	1	94	7.77e-13	51.2
bflTTN_Aig54_196	TTNA1_193	31.325	83	56	1	14	95	11	93	8.93e-13	50.8
bflTTN_Aig54_196	TTNA105_197	34.737	95	60	1	2	94	2	96	2.17e-12	50.1
bflTTN_Aig54_196	TTNA94_195	31.915	94	63	1	2	94	1	94	1.15e-11	48.1
bflTTN_Aig54_196	TTNA76_194	27.368	95	66	2	1	94	1	93	1.37e-11	48.1
bflTTN_Aig54_196	TTNA61_197	32.558	86	56	2	11	94	11	96	2.01e-11	47.8
bflTTN_Aig54_196	TTNA22_194	31.183	93	63	1	2	94	2	93	2.19e-11	47.4
bflTTN_Aig54_196	TTNA32_196	30.928	97	62	2	1	94	1	95	2.55e-11	47.4
bflTTN_Aig54_196	TTNI33_193	30.952	84	53	2	14	94	11	92	8.23e-11	45.8
bflTTN_Aig54_196	TTNA72_196	31.707	82	55	1	14	94	14	95	4.71e-10	43.9
bflTTN_Aig54_196	TTNA153_193	29.487	78	54	1	14	91	13	89	6.81e-10	43.5
bflTTN_Aig54_196	TTNA29_194	29.487	78	54	1	17	94	17	93	7.02e-10	43.5
bflTTN_Aig54_196	TTNA4_1121	29.310	116	52	4	9	94	5	120	1.21e-09	43.5
bflTTN_Aig54_196	TTNI105_190	30.556	72	44	2	14	83	11	78	1.34e-09	42.7
bflTTN_Aig54_196	TTNA36_196	28.421	95	67	1	1	94	1	95	1.70e-09	42.7
bflTTN_Aig54_196	TTNA39_196	29.885	87	56	2	12	94	10	95	1.93e-09	42.4
bflTTN_Aig54_196	TTNI107_196	32.143	84	56	1	12	94	12	95	1.97e-09	42.4
bflTTN_Aig54_196	TTNZ4_195	25.974	77	54	1	19	92	16	92	2.20e-09	42.4
bflTTN_Aig54_196	TTNI106_194	30.526	95	64	2	2	95	1	94	4.56e-09	41.6
bflTTN_Aig54_196	TTNA15_1104	26.667	90	57	1	14	94	13	102	6.73e-09	41.2
bflTTN_Aig54_196	TTNA43_195	28.155	103	56	2	1	94	1	94	7.43e-09	40.8
bflTTN_Aig54_196	TTNM10_195	30.208	96	61	3	1	93	1	93	7.51e-09	40.8
bflTTN_Aig54_196	TTNA11_1103	28.261	92	58	3	1	84	1	92	4.68e-08	38.9
bflTTN_Aig54_196	TTNI77_193	27.835	97	60	3	1	93	1	91	6.55e-08	38.5
bflTTN_Aig54_196	TTNI64_193	29.114	79	55	1	17	94	14	92	7.29e-08	38.5
bflTTN_Aig54_196	TTNI74_193	27.848	79	56	1	17	94	14	92	1.33e-07	37.7
bflTTN_Aig54_196	TTNA169_1100	30.488	82	55	2	12	91	15	96	2.27e-07	37.4
bflTTN_Aig54_196	TTNI49_193	28.767	73	47	2	22	91	19	89	3.25e-07	36.6
bflTTN_Aig54_196	TTNA138_196	23.171	82	62	1	13	93	13	94	1.48e-06	35.0
bflTTN_Aig54_196	TTNI55_193	28.000	75	49	2	16	87	13	85	2.12e-06	34.7
bflTTN_Aig54_196	TTNA25_194	26.667	75	54	1	11	84	9	83	2.99e-06	34.3
bflTTN_Aig54_196	TTNI59_193	26.087	92	64	2	1	91	1	89	3.17e-06	33.9
bflTTN_Aig54_196	TTNZ3_195	23.171	82	50	2	19	93	16	91	3.33e-06	33.9
bflTTN_Aig54_196	TTNA18_199	25.243	103	65	3	1	95	1	99	3.93e-06	33.9
bflTTN_Aig54_196	TTNZ1_195	22.989	87	64	1	10	93	6	92	5.34e-06	33.5
bflTTN_Aig54_196	TTNI69_193	25.641	78	53	2	19	93	16	91	5.35e-06	33.5
bflTTN_Aig54_196	TTNI45_193	22.667	75	55	2	22	94	19	92	6.60e-06	33.1
bflTTN_Aig54_196	TTNI41_193	29.730	74	51	1	21	93	18	91	8.05e-06	33.1
bflTTN_Aig54_196	TTNI58_194	23.750	80	60	1	15	93	13	92	8.70e-06	32.7
bflTTN_Aig54_196	TTNI16_194	25.287	87	62	2	10	93	6	92	9.86e-06	32.7
bflTTN_Aig54_196	TTNI76_193	26.316	76	55	1	19	93	16	91	1.39e-05	32.3
bflTTN_Aig54_196	TTNI80_194	28.767	73	50	2	23	93	20	92	1.66e-05	32.0
bflTTN_Aig54_196	TTNI67_193	27.174	92	57	3	1	88	1	86	1.76e-05	32.0
bflTTN_Aig54_196	TTNA165_196	33.333	66	42	2	30	93	29	94	1.90e-05	32.0
bflTTN_Aig54_196	TTNM7_192	27.536	69	49	1	26	93	22	90	2.56e-05	31.6
bflTTN_Aig54_196	TTNM3_193	24.000	75	55	1	16	88	12	86	3.70e-05	31.2
bflTTN_Aig54_196	TTNI43_193	26.582	79	45	2	22	93	19	91	4.89e-05	30.8
bflTTN_Aig54_196	TTNM9_196	22.078	77	59	1	19	94	16	92	5.89e-05	30.8
bflTTN_Aig54_196	TTNI65_193	26.437	87	59	2	10	93	7	91	6.68e-05	30.4
bflTTN_Aig54_196	TTNI30_194	27.848	79	50	3	19	93	17	92	8.60e-05	30.4
bflTTN_Aig54_196	TTNM2_195	25.532	94	58	3	9	93	5	95	9.17e-05	30.0
bflTTN_Aig54_196	TTNI73_193	25.758	66	48	1	19	83	16	81	9.22e-05	30.0
bflTTN_Aig54_196	TTNI79_193	23.404	94	68	2	1	93	1	91	1.13e-04	30.0
bflTTN_Aig54_196	TTNI39_193	24.051	79	55	2	19	94	16	92	1.28e-04	29.6
bflTTN_Aig54_196	TTNI29_193	29.032	62	43	1	33	93	30	91	1.61e-04	29.6
bflTTN_Aig54_196	TTNM5_194	24.706	85	62	2	10	93	8	91	1.74e-04	29.3
bflTTN_Aig54_196	TTNZ8_195	27.692	65	46	1	30	93	28	92	1.78e-04	29.3
bflTTN_Aig54_196	TTNI72_193	20.833	72	56	1	18	88	15	86	1.92e-04	29.3
bflTTN_Aig54_196	TTNI54_193	25.974	77	56	1	19	94	16	92	2.04e-04	29.3
bflTTN_Aig54_196	TTNI25_195	30.435	69	42	3	30	94	27	93	2.18e-04	29.3
bflTTN_Aig54_196	TTNI70_194	21.795	78	59	1	19	94	16	93	2.34e-04	28.9
bflTTN_Aig54_196	TTNI36_194	24.359	78	58	1	17	93	15	92	2.73e-04	28.9
bflTTN_Aig54_196	TTNI57_193	27.500	80	51	2	18	93	15	91	2.99e-04	28.9
bflTTN_Aig54_196	TTNI44_193	28.125	64	45	1	23	85	20	83	3.35e-04	28.5
bflTTN_Aig54_196	TTNI51_193	25.882	85	56	3	12	93	9	89	3.49e-04	28.5
bflTTN_Aig54_196	TTNZ7_195	24.359	78	56	1	17	91	13	90	4.58e-04	28.1
bflTTN_Aig54_196	TTNI14_192	25.373	67	49	1	28	93	25	91	5.89e-04	28.1
bflTTN_Aig54_196	TTNI75_193	26.829	82	47	3	19	93	16	91	6.09e-04	28.1
bflTTN_Aig54_196	TTNI24_192	26.027	73	49	2	19	88	15	85	6.33e-04	27.7
bflTTN_Aig54_196	TTNI47_193	29.851	67	46	1	28	93	25	91	6.88e-04	27.7
bflTTN_Aig54_196	TTNI37_193	24.675	77	53	2	20	93	17	91	8.80e-04	27.3
bflTTN_Aig54_196	TTNA164_192	28.571	77	53	2	14	88	10	86	0.001	27.3
bflTTN_Aig54_196	TTNI50_194	21.519	79	60	1	18	94	15	93	0.001	27.3
bflTTN_Aig54_196	TTNI27_194	19.737	76	60	1	19	93	16	91	0.001	27.3
bflTTN_Aig54_196	TTNI42_194	19.753	81	64	1	14	93	12	92	0.001	26.9
bflTTN_Aig54_196	TTNI61_193	21.622	74	57	1	19	91	16	89	0.002	26.6
bflTTN_Aig54_196	TTNI71_193	26.506	83	54	4	14	91	11	91	0.002	26.2
bflTTN_Aig54_196	TTNI48_194	19.512	82	61	2	15	93	13	92	0.004	25.8
bflTTN_Aig54_196	TTNI62_193	20.253	79	62	1	16	93	13	91	0.004	25.8
bflTTN_Aig54_196	TTNZ5_193	35.714	28	18	0	19	46	16	43	0.004	25.8
bflTTN_Aig54_196	TTNM1_192	24.096	83	61	2	15	95	10	92	0.005	25.4
bflTTN_Aig54_196	TTNI53_193	22.368	76	58	1	19	93	16	91	0.006	25.4
bflTTN_Aig54_196	TTNI63_193	23.881	67	50	1	19	84	16	82	0.010	24.6
bflTTN_Aig54_196	TTNI28_193	25.000	84	55	3	14	94	14	92	0.013	24.3
bflTTN_Aig54_196	TTNI12_187	27.660	47	33	1	32	77	28	74	0.016	23.9
bflTTN_Aig54_196	TTNI78_194	21.250	80	54	2	19	93	17	92	0.019	23.9
bflTTN_Aig54_196	TTNI94_187	27.778	54	34	2	36	88	32	81	0.027	23.5
bflTTN_Aig54_196	TTNI32_193	23.171	82	48	3	14	87	11	85	0.028	23.5
bflTTN_Aig54_196	TTNI31_193	21.212	66	51	1	19	83	16	81	0.048	22.7
bflTTN_Aig54_196	TTNI52_193	20.000	75	56	2	12	85	12	83	0.083	21.9
bflTTN_Aig54_196	TTNI60_194	22.222	81	55	3	19	94	16	93	0.15	21.6
bflTTN_Aig54_196	TTNI46_193	25.641	78	51	3	19	91	16	91	0.16	21.2
bflTTN_Aig54_196	TTNI81_190	26.316	57	36	3	24	77	23	76	0.28	20.4
bflTTN_Aig54_196	TTNI40_193	23.684	76	55	2	19	91	16	91	0.28	20.8
bflTTN_Aig54_196	TTNA168_194	26.087	23	17	0	23	45	19	41	0.30	20.4
bflTTN_Aig54_196	TTNZ9_193	23.188	69	47	2	28	93	24	89	0.40	20.0
bflTTN_Aig54_196	TTNI68_194	24.074	54	36	2	1	51	1	52	0.71	19.6
bflTTN_Aig54_196	TTNI93_188	28.571	42	29	1	36	76	32	73	0.73	19.2
bflTTN_Aig54_196	TTNM6_194	22.581	62	40	2	36	92	33	91	1.1	18.9
bflTTN_Aig54_196	TTNI89_188	28.571	28	20	0	32	59	28	55	1.8	18.5
bflTTN_Aig54_196	TTNI38_193	24.691	81	49	4	11	88	15	86	1.8	18.5
bflTTN_Aig54_196	TTNI17_194	38.889	18	11	0	70	87	17	34	1.9	18.1
bflTTN_Aig54_196	TTNI5_188	24.444	45	33	1	35	78	32	76	2.0	18.1
bflTTN_Aig54_196	TTNI11_187	37.037	27	16	1	54	80	12	37	2.4	18.1
bflTTN_Aig54_196	TTNI100_188	36.364	11	7	0	36	46	32	42	3.2	17.7
bflTTN_Aig54_196	TTNI82_188	30.435	46	27	2	32	74	28	71	7.6	16.5
bflTTN_Aig55_193	TTNA149_197	49.367	79	40	0	14	92	19	97	2.50e-24	80.5
bflTTN_Aig55_193	TTNA142_194	43.038	79	43	1	14	92	18	94	1.18e-21	73.6
bflTTN_Aig55_193	TTNA98_194	32.911	79	51	1	14	92	18	94	5.20e-19	67.0
bflTTN_Aig55_193	TTNA105_197	42.500	80	45	1	14	92	18	97	7.36e-19	66.6
bflTTN_Aig55_193	TTNA116_196	37.975	79	49	0	14	92	18	96	2.74e-18	65.1
bflTTN_Aig55_193	TTNA109_194	40.506	79	45	1	14	92	18	94	5.70e-18	64.3
bflTTN_Aig55_193	TTNA65_194	37.975	79	47	1	14	92	18	94	1.91e-17	62.8
bflTTN_Aig55_193	TTNA120_193	37.975	79	47	1	14	92	17	93	2.26e-17	62.8
bflTTN_Aig55_193	TTNA68_195	39.241	79	48	0	14	92	17	95	3.63e-17	62.0
bflTTN_Aig55_193	TTNA87_194	40.506	79	45	1	14	92	18	94	4.80e-17	62.0
bflTTN_Aig55_193	TTNA39_196	41.975	81	45	1	14	92	16	96	8.31e-17	61.2
bflTTN_Aig55_193	TTNA61_197	45.000	80	43	1	14	92	18	97	1.84e-16	60.5
bflTTN_Aig55_193	TTNA94_195	35.443	79	51	0	14	92	17	95	2.06e-16	60.1
bflTTN_Aig55_193	TTNA83_196	36.709	79	50	0	14	92	18	96	3.41e-16	59.7
bflTTN_Aig55_193	TTNA22_194	36.709	79	48	1	14	92	18	94	3.43e-16	59.7
bflTTN_Aig55_193	TTNA76_194	36.842	76	46	1	17	92	21	94	1.11e-15	58.5
bflTTN_Aig55_193	TTNA32_196	35.443	79	51	0	14	92	18	96	1.48e-15	58.2
bflTTN_Aig55_193	TTNA79_193	33.750	80	53	0	13	92	14	93	2.31e-15	57.4
bflTTN_Aig55_193	TTNA160_193	40.260	77	44	1	15	91	18	92	3.13e-15	57.4
bflTTN_Aig55_193	TTNA153_193	34.177	79	50	1	14	92	17	93	3.81e-15	57.0
bflTTN_Aig55_193	TTNA57_195	36.111	72	46	0	20	91	23	94	4.22e-15	57.0
bflTTN_Aig55_193	TTNA131_197	36.250	80	50	1	14	92	18	97	5.98e-15	56.6
bflTTN_Aig55_193	TTNA36_196	35.897	78	50	0	15	92	19	96	7.26e-15	56.2
bflTTN_Aig55_193	TTNI107_196	37.975	79	49	0	14	92	18	96	2.34e-14	55.1
bflTTN_Aig55_193	TTNA54_196	38.272	81	46	2	14	92	18	96	3.34e-14	54.7
bflTTN_Aig55_193	TTNA25_194	37.179	78	49	0	15	92	17	94	4.56e-14	54.3
bflTTN_Aig55_193	TTNA8_195	36.842	95	56	2	1	92	2	95	4.72e-14	54.3
bflTTN_Aig55_193	TTNI64_193	33.333	78	52	0	15	92	16	93	4.81e-14	54.3
bflTTN_Aig55_193	TTNA127_195	31.646	79	54	0	14	92	17	95	5.80e-14	53.9
bflTTN_Aig55_193	TTNA165_196	31.169	77	52	1	5	80	8	84	6.98e-14	53.9
bflTTN_Aig55_193	TTNA112_192	30.380	79	55	0	14	92	14	92	8.72e-14	53.5
bflTTN_Aig55_193	TTNA145_195	35.897	78	50	0	14	91	17	94	1.01e-13	53.5
bflTTN_Aig55_193	TTNA101_192	34.177	79	52	0	14	92	14	92	1.17e-13	53.1
bflTTN_Aig55_193	TTNA43_195	40.741	81	43	2	14	92	18	95	1.55e-13	52.8
bflTTN_Aig55_193	TTNA90_192	30.435	92	64	0	1	92	1	92	8.64e-13	50.8
bflTTN_Aig55_193	TTNA134_195	33.766	77	51	0	15	91	18	94	1.36e-12	50.4
bflTTN_Aig55_193	TTNA29_194	34.615	78	49	1	15	92	19	94	2.74e-12	49.7
bflTTN_Aig55_193	TTNA50_196	31.646	79	54	0	14	92	18	96	4.36e-12	49.3
bflTTN_Aig55_193	TTNA1_193	29.670	91	64	0	1	91	2	92	4.36e-12	49.3
bflTTN_Aig55_193	TTNA72_196	34.177	79	52	0	14	92	18	96	7.24e-12	48.5
bflTTN_Aig55_193	TTNA15_1104	31.034	87	52	1	14	92	17	103	7.45e-12	48.9
bflTTN_Aig55_193	TTNA156_195	29.670	91	63	1	2	92	6	95	1.75e-11	47.8
bflTTN_Aig55_193	TTNA4_1121	27.103	107	49	2	15	92	15	121	2.70e-11	47.8
bflTTN_Aig55_193	TTNI39_193	30.108	93	64	1	1	92	1	93	4.67e-11	46.6
bflTTN_Aig55_193	TTNI54_193	27.957	93	66	1	1	92	1	93	5.55e-11	46.2
bflTTN_Aig55_193	TTNA123_196	30.380	79	55	0	14	92	18	96	9.17e-11	45.8
bflTTN_Aig55_193	TTNA46_192	30.000	90	61	1	3	92	5	92	9.61e-11	45.8
bflTTN_Aig55_193	TTNI51_193	29.032	93	65	1	1	92	1	93	1.01e-09	43.1
bflTTN_Aig55_193	TTNM10_195	23.596	89	64	2	4	90	7	93	1.04e-09	43.1
bflTTN_Aig55_193	TTNI106_194	28.049	82	59	0	10	91	12	93	2.00e-09	42.4
bflTTN_Aig55_193	TTNI70_194	30.108	93	64	1	1	92	2	94	3.52e-09	41.6
bflTTN_Aig55_193	TTNA169_1100	25.000	72	53	1	10	80	17	88	5.48e-09	41.2
bflTTN_Aig55_193	TTNI105_190	29.487	78	52	1	15	92	16	90	5.99e-09	40.8
bflTTN_Aig55_193	TTNI74_193	26.923	78	57	0	15	92	16	93	1.15e-08	40.4
bflTTN_Aig55_193	TTNI53_193	24.096	83	63	0	1	83	2	84	1.24e-08	40.0
bflTTN_Aig55_193	TTNM5_194	19.767	86	67	1	5	90	8	91	2.79e-08	39.3
bflTTN_Aig55_193	TTNI45_193	27.957	93	66	1	1	92	1	93	3.42e-08	38.9
bflTTN_Aig55_193	TTNM9_196	28.916	83	55	2	1	81	2	82	4.19e-08	38.9
bflTTN_Aig55_193	TTNI43_193	22.500	80	62	0	1	80	2	81	9.82e-08	37.7
bflTTN_Aig55_193	TTNZ1_195	24.638	69	50	1	15	81	15	83	1.24e-07	37.7
bflTTN_Aig55_193	TTNI50_194	27.536	69	49	1	13	80	14	82	1.54e-07	37.4
bflTTN_Aig55_193	TTNI44_193	30.357	56	39	0	25	80	26	81	2.20e-07	37.0
bflTTN_Aig55_193	TTNI69_193	30.986	71	49	0	10	80	11	81	2.27e-07	37.0
bflTTN_Aig55_193	TTNI49_193	25.352	71	53	0	10	80	11	81	2.27e-07	37.0
bflTTN_Aig55_193	TTNZ3_195	20.000	80	64	0	1	80	2	81	2.93e-07	36.6
bflTTN_Aig55_193	TTNI59_193	29.412	68	48	0	13	80	14	81	2.96e-07	36.6
bflTTN_Aig55_193	TTNI80_194	28.205	78	53	2	5	81	8	83	4.55e-07	36.2
bflTTN_Aig55_193	TTNZ9_193	24.051	79	57	2	2	80	4	79	4.97e-07	36.2
bflTTN_Aig55_193	TTNA138_196	25.926	81	56	2	14	92	18	96	5.22e-07	36.2
bflTTN_Aig55_193	TTNI33_193	24.731	93	69	1	1	92	1	93	6.69e-07	35.8
bflTTN_Aig55_193	TTNA18_199	32.292	96	50	4	6	91	8	98	6.77e-07	35.8
bflTTN_Aig55_193	TTNI14_192	22.500	80	62	0	1	80	2	81	7.71e-07	35.4
bflTTN_Aig55_193	TTNM3_193	25.926	81	51	2	15	90	15	91	1.06e-06	35.0
bflTTN_Aig55_193	TTNI79_193	23.077	78	60	0	15	92	16	93	1.31e-06	35.0
bflTTN_Aig55_193	TTNI40_193	23.457	81	62	0	1	81	2	82	1.96e-06	34.7
bflTTN_Aig55_193	TTNI73_193	20.482	83	66	0	1	83	2	84	2.64e-06	34.3
bflTTN_Aig55_193	TTNI12_187	29.167	48	34	0	26	73	26	73	3.69e-06	33.5
bflTTN_Aig55_193	TTNI60_194	25.316	79	58	1	15	92	16	94	4.82e-06	33.5
bflTTN_Aig55_193	TTNZ4_195	30.137	73	45	2	13	81	14	84	5.11e-06	33.5
bflTTN_Aig55_193	TTNA11_1103	25.882	85	57	2	14	92	19	103	5.43e-06	33.5
bflTTN_Aig55_193	TTNI77_193	20.988	81	64	0	10	90	11	91	6.24e-06	33.1
bflTTN_Aig55_193	TTNI71_193	27.273	88	62	1	5	92	8	93	9.11e-06	32.7
bflTTN_Aig55_193	TTNI102_188	33.333	48	32	0	31	78	31	78	1.09e-05	32.3
bflTTN_Aig55_193	TTNM7_192	30.357	56	39	0	26	81	26	81	1.25e-05	32.3
bflTTN_Aig55_193	TTNI76_193	26.744	86	57	2	1	83	2	84	1.40e-05	32.3
bflTTN_Aig55_193	TTNI55_193	26.250	80	59	0	1	80	2	81	1.78e-05	32.0
bflTTN_Aig55_193	TTNI57_193	22.892	83	64	0	8	90	9	91	1.94e-05	32.0
bflTTN_Aig55_193	TTNI32_193	21.429	70	55	0	13	82	14	83	2.15e-05	31.6
bflTTN_Aig55_193	TTNZ6_195	21.739	92	69	3	1	90	1	91	2.33e-05	31.6
bflTTN_Aig55_193	TTNI61_193	26.136	88	63	1	5	92	8	93	2.91e-05	31.6
bflTTN_Aig55_193	TTNI58_194	22.826	92	69	1	1	90	1	92	3.71e-05	31.2
bflTTN_Aig55_193	TTNI47_193	18.889	90	73	0	1	90	2	91	6.16e-05	30.4
bflTTN_Aig55_193	TTNI25_195	25.610	82	60	1	1	81	2	83	7.02e-05	30.4
bflTTN_Aig55_193	TTNI78_194	22.535	71	55	0	10	80	12	82	9.07e-05	30.0
bflTTN_Aig55_193	TTNI41_193	28.395	81	57	1	1	80	1	81	9.24e-05	30.0
bflTTN_Aig55_193	TTNI27_194	24.051	79	59	1	3	80	3	81	1.05e-04	30.0
bflTTN_Aig55_193	TTNI75_193	21.739	92	72	0	1	92	2	93	1.06e-04	30.0
bflTTN_Aig55_193	TTNI72_193	24.359	78	57	1	13	88	14	91	1.15e-04	29.6
bflTTN_Aig55_193	TTNI81_190	28.261	46	33	0	28	73	30	75	1.15e-04	29.6
bflTTN_Aig55_193	TTNI31_193	25.000	68	51	0	13	80	14	81	1.52e-04	29.6
bflTTN_Aig55_193	TTNI36_194	20.732	82	63	1	1	80	1	82	2.06e-04	29.3
bflTTN_Aig55_193	TTNI63_193	20.000	75	60	0	9	83	10	84	2.12e-04	29.3
bflTTN_Aig55_193	TTNI37_193	23.750	80	61	0	1	80	2	81	2.95e-04	28.9
bflTTN_Aig55_193	TTNZ5_193	26.316	38	28	0	13	50	14	51	3.74e-04	28.5
bflTTN_Aig55_193	TTNI17_194	23.729	59	45	0	32	90	33	91	5.31e-04	28.1
bflTTN_Aig55_193	TTNI35_193	21.250	80	63	0	1	80	2	81	7.15e-04	27.7
bflTTN_Aig55_193	TTNI62_193	18.750	80	65	0	1	80	2	81	7.84e-04	27.7
bflTTN_Aig55_193	TTNA164_192	24.390	82	60	2	1	81	1	81	8.16e-04	27.3
bflTTN_Aig55_193	TTNZ7_195	25.641	78	56	1	15	90	15	92	0.001	27.3
bflTTN_Aig55_193	TTNM6_194	26.000	50	36	1	32	80	33	82	0.001	27.3
bflTTN_Aig55_193	TTNM4_193	30.882	68	41	3	18	83	21	84	0.001	26.9
bflTTN_Aig55_193	TTNI34_193	24.658	73	55	0	10	82	11	83	0.001	26.9
bflTTN_Aig55_193	TTNI38_193	18.889	90	73	0	1	90	2	91	0.002	26.6
bflTTN_Aig55_193	TTNI65_193	21.687	83	65	0	1	83	2	84	0.002	26.6
bflTTN_Aig55_193	TTNI99_188	31.111	45	31	0	27	71	27	71	0.002	26.2
bflTTN_Aig55_193	TTNI4_189	28.571	42	30	0	34	75	34	75	0.002	26.2
bflTTN_Aig55_193	TTNI30_194	22.059	68	53	0	13	80	15	82	0.003	26.2
bflTTN_Aig55_193	TTNI11_187	27.869	61	41	1	11	71	14	71	0.003	26.2
bflTTN_Aig55_193	TTNI48_194	19.403	67	54	0	14	80	16	82	0.003	26.2
bflTTN_Aig55_193	TTNI42_194	21.053	76	60	0	15	90	17	92	0.003	25.8
bflTTN_Aig55_193	TTNI16_194	18.841	69	54	1	15	81	15	83	0.005	25.4
bflTTN_Aig55_193	TTNM2_195	19.444	72	55	1	15	83	15	86	0.006	25.4
bflTTN_Aig55_193	TTNI56_193	21.951	82	60	2	1	80	2	81	0.006	25.0
bflTTN_Aig55_193	TTNI67_193	18.644	59	48	0	32	90	33	91	0.010	24.6
bflTTN_Aig55_193	TTNI86_190	26.415	53	37	1	26	76	26	78	0.010	24.6
bflTTN_Aig55_193	TTNI100_188	20.290	69	52	1	5	73	8	73	0.010	24.6
bflTTN_Aig55_193	TTNI1_194	26.316	57	41	1	26	81	27	83	0.011	24.3
bflTTN_Aig55_193	TTNI68_194	22.642	53	41	0	25	77	27	79	0.012	24.3
bflTTN_Aig55_193	TTNI8_188	22.449	49	38	0	32	80	33	81	0.014	23.9
bflTTN_Aig55_193	TTNI6_187	28.947	38	27	0	34	71	34	71	0.015	23.9
bflTTN_Aig55_193	TTNI5_188	20.635	63	50	0	13	75	14	76	0.037	23.1
bflTTN_Aig55_193	TTNI29_193	22.581	93	66	2	1	90	2	91	0.046	22.7
bflTTN_Aig55_193	TTNI85_192	31.111	45	30	1	34	77	34	78	0.047	22.7
bflTTN_Aig55_193	TTNI92_187	23.404	47	36	0	31	77	31	77	0.050	22.7
bflTTN_Aig55_193	TTNI24_192	19.753	81	65	0	1	81	1	81	0.11	21.6
bflTTN_Aig55_193	TTNI104_188	20.588	68	53	1	10	77	11	77	0.12	21.6
bflTTN_Aig55_193	TTNI84_196	22.000	50	39	0	33	82	37	86	0.13	21.6
bflTTN_Aig55_193	TTNI82_188	21.053	57	44	1	15	71	16	71	0.13	21.6
bflTTN_Aig55_193	TTNI3_187	19.048	42	34	0	34	75	34	75	0.18	21.2
bflTTN_Aig55_193	TTNZ8_195	24.390	41	22	1	26	57	28	68	0.72	19.2
bflTTN_Aig55_193	TTNI88_187	23.684	38	29	0	34	71	33	70	0.75	19.2
bflTTN_Aig55_193	TTNI9_187	18.182	55	44	1	17	71	18	71	0.78	19.2
bflTTN_Aig55_193	TTNI94_187	22.222	45	35	0	27	71	27	71	0.88	19.2
bflTTN_Aig55_193	TTNA168_194	22.414	58	41	2	26	80	26	82	1.1	18.9
bflTTN_Aig55_193	TTNI90_187	23.404	47	36	0	32	78	31	77	1.3	18.5
bflTTN_Aig55_193	TTNI7_187	22.727	44	34	0	28	71	28	71	1.3	18.5
bflTTN_Aig55_193	TTNI26_191	25.806	62	43	2	32	91	30	90	1.6	18.5
bflTTN_Aig55_193	TTNI28_193	18.750	80	65	0	1	80	2	81	2.4	18.1
bflTTN_Aig55_193	TTNI103_188	11.538	52	46	0	26	77	26	77	3.1	17.7
bflTTN_Aig55_193	TTNI89_188	29.412	17	12	0	63	79	23	39	3.9	17.3
bflTTN_Aig55_193	TTNI93_188	28.947	38	25	2	34	70	34	70	4.9	16.9
bflTTN_Aig56_195	TTNA87_194	45.745	94	50	1	1	94	2	94	6.67e-29	92.0
bflTTN_Aig56_195	TTNA76_194	43.617	94	52	1	1	94	2	94	3.91e-26	85.1
bflTTN_Aig56_195	TTNA65_194	43.617	94	52	1	1	94	2	94	4.23e-26	85.1
bflTTN_Aig56_195	TTNA98_194	37.234	94	58	1	1	94	2	94	1.39e-25	83.6
bflTTN_Aig56_195	TTNA109_194	45.745	94	50	1	1	94	2	94	2.30e-25	83.2
bflTTN_Aig56_195	TTNA153_193	41.489	94	54	1	1	94	1	93	3.08e-24	80.1
bflTTN_Aig56_195	TTNA43_195	38.298	94	58	0	1	94	2	95	3.29e-23	77.8
bflTTN_Aig56_195	TTNA142_194	35.106	94	60	1	1	94	2	94	4.95e-23	77.0
bflTTN_Aig56_195	TTNA120_193	35.106	94	60	1	1	94	1	93	8.60e-22	73.9
bflTTN_Aig56_195	TTNA160_193	38.710	93	56	1	1	93	1	92	2.85e-21	72.8
bflTTN_Aig56_195	TTNA36_196	39.583	96	55	2	1	94	2	96	3.88e-21	72.4
bflTTN_Aig56_195	TTNA54_196	38.542	96	56	2	1	94	2	96	1.48e-20	70.9
bflTTN_Aig56_195	TTNA8_195	38.298	94	58	0	1	94	2	95	3.61e-20	70.1
bflTTN_Aig56_195	TTNA72_196	34.737	95	61	1	1	94	2	96	2.96e-19	67.8
bflTTN_Aig56_195	TTNA105_197	36.458	96	59	1	1	94	2	97	1.03e-18	66.2
bflTTN_Aig56_195	TTNA127_195	38.947	95	57	1	1	94	1	95	1.24e-18	65.9
bflTTN_Aig56_195	TTNA131_197	39.175	97	55	3	1	94	2	97	1.75e-18	65.9
bflTTN_Aig56_195	TTNA149_197	36.458	96	59	2	1	94	2	97	2.04e-18	65.5
bflTTN_Aig56_195	TTNA57_195	37.805	82	48	2	14	93	14	94	1.27e-17	63.5
bflTTN_Aig56_195	TTNA83_196	33.333	96	61	2	1	94	2	96	2.70e-17	62.8
bflTTN_Aig56_195	TTNA116_196	33.684	95	62	1	1	94	2	96	5.65e-17	61.6
bflTTN_Aig56_195	TTNA22_194	35.106	94	60	1	1	94	2	94	8.40e-17	61.2
bflTTN_Aig56_195	TTNA39_196	37.634	93	55	2	5	94	4	96	9.83e-17	61.2
bflTTN_Aig56_195	TTNA94_195	31.579	95	64	1	1	94	1	95	1.01e-16	61.2
bflTTN_Aig56_195	TTNA50_196	35.714	98	56	2	1	94	2	96	3.39e-16	59.7
bflTTN_Aig56_195	TTNA156_195	35.789	95	60	1	1	94	1	95	4.63e-16	59.3
bflTTN_Aig56_195	TTNA15_1104	27.184	103	66	1	1	94	1	103	3.37e-15	57.4
bflTTN_Aig56_195	TTNI107_196	37.895	95	58	1	1	94	2	96	3.41e-15	57.4
bflTTN_Aig56_195	TTNA1_193	35.106	94	57	2	1	93	2	92	3.82e-15	57.0
bflTTN_Aig56_195	TTNA101_192	33.333	81	53	1	15	94	12	92	4.30e-15	57.0
bflTTN_Aig56_195	TTNA32_196	32.632	95	63	1	1	94	2	96	6.53e-15	56.6
bflTTN_Aig56_195	TTNA145_195	30.851	94	64	1	1	93	1	94	7.06e-14	53.9
bflTTN_Aig56_195	TTNA46_192	30.952	84	55	2	13	94	10	92	9.22e-14	53.5
bflTTN_Aig56_195	TTNA29_194	32.979	94	62	1	1	94	2	94	1.49e-13	53.1
bflTTN_Aig56_195	TTNA138_196	30.526	95	65	1	1	94	2	96	2.61e-13	52.4
bflTTN_Aig56_195	TTNA90_192	35.802	81	51	1	15	94	12	92	3.60e-13	52.0
bflTTN_Aig56_195	TTNA61_197	33.333	96	62	2	1	94	2	97	6.61e-13	51.6
bflTTN_Aig56_195	TTNA79_193	36.782	87	54	1	9	94	7	93	3.55e-12	49.3
bflTTN_Aig56_195	TTNA68_195	28.125	96	66	2	1	94	1	95	1.08e-11	48.1
bflTTN_Aig56_195	TTNI105_190	30.488	82	55	1	13	94	11	90	2.32e-11	47.4
bflTTN_Aig56_195	TTNA25_194	30.526	95	63	2	1	94	2	94	2.81e-11	47.0
bflTTN_Aig56_195	TTNA123_196	32.292	96	62	2	1	94	2	96	3.75e-11	47.0
bflTTN_Aig56_195	TTNA112_192	29.630	81	56	1	15	94	12	92	1.13e-10	45.4
bflTTN_Aig56_195	TTNM10_195	30.526	95	60	2	1	92	2	93	1.65e-10	45.1
bflTTN_Aig56_195	TTNM5_194	27.711	83	59	1	11	92	9	91	9.60e-10	43.1
bflTTN_Aig56_195	TTNA4_1121	29.661	118	53	3	7	94	4	121	1.82e-09	43.1
bflTTN_Aig56_195	TTNA165_196	28.866	97	65	3	1	94	1	96	2.88e-09	42.0
bflTTN_Aig56_195	TTNA11_1103	30.392	102	63	3	1	94	2	103	5.46e-09	41.6
bflTTN_Aig56_195	TTNI14_192	30.337	89	45	3	13	92	11	91	5.63e-09	41.2
bflTTN_Aig56_195	TTNA169_1100	27.835	97	64	3	3	94	5	100	5.75e-09	41.2
bflTTN_Aig56_195	TTNI45_193	27.273	88	57	2	11	94	9	93	1.51e-08	40.0
bflTTN_Aig56_195	TTNA18_199	25.263	95	63	1	7	93	4	98	4.25e-08	38.9
bflTTN_Aig56_195	TTNM7_192	32.051	78	40	3	22	92	19	90	4.75e-08	38.9
bflTTN_Aig56_195	TTNI25_195	29.851	67	45	1	29	93	27	93	8.16e-08	38.1
bflTTN_Aig56_195	TTNA134_195	33.803	71	40	2	13	79	13	80	1.83e-07	37.4
bflTTN_Aig56_195	TTNI61_193	27.711	83	59	1	13	94	11	93	2.09e-07	37.0
bflTTN_Aig56_195	TTNI39_193	28.395	81	57	1	15	94	13	93	2.11e-07	37.0
bflTTN_Aig56_195	TTNI80_194	29.412	68	46	1	27	92	25	92	3.25e-07	36.6
bflTTN_Aig56_195	TTNI106_194	27.368	95	65	3	1	93	1	93	6.39e-07	35.8
bflTTN_Aig56_195	TTNI27_194	27.160	81	58	1	15	94	13	93	7.02e-07	35.8
bflTTN_Aig56_195	TTNI12_187	35.417	48	30	1	29	75	26	73	2.13e-06	34.3
bflTTN_Aig56_195	TTNA164_192	29.577	71	49	1	13	82	10	80	2.73e-06	34.3
bflTTN_Aig56_195	TTNZ4_195	27.632	76	52	1	18	90	16	91	3.32e-06	33.9
bflTTN_Aig56_195	TTNM9_196	27.778	90	60	2	7	93	5	92	4.38e-06	33.5
bflTTN_Aig56_195	TTNZ6_195	25.000	76	51	3	18	90	15	87	5.55e-06	33.5
bflTTN_Aig56_195	TTNI59_193	25.000	76	56	1	18	92	16	91	7.61e-06	33.1
bflTTN_Aig56_195	TTNI33_193	23.810	84	63	1	12	94	10	93	1.22e-05	32.3
bflTTN_Aig56_195	TTNI85_192	31.081	74	47	2	8	79	7	78	1.32e-05	32.3
bflTTN_Aig56_195	TTNI51_193	30.488	82	54	2	15	94	13	93	1.99e-05	32.0
bflTTN_Aig56_195	TTNZ3_195	28.571	77	54	1	7	82	5	81	7.06e-05	30.4
bflTTN_Aig56_195	TTNZ1_195	26.744	86	58	2	11	93	8	91	8.69e-05	30.0
bflTTN_Aig56_195	TTNI73_193	29.412	68	45	2	27	92	25	91	8.73e-05	30.0
bflTTN_Aig56_195	TTNI70_194	22.785	79	59	1	18	94	16	94	1.09e-04	30.0
bflTTN_Aig56_195	TTNZ7_195	27.397	73	50	1	13	82	10	82	1.25e-04	29.6
bflTTN_Aig56_195	TTNI102_188	33.962	53	34	1	37	88	34	86	1.47e-04	29.6
bflTTN_Aig56_195	TTNI71_193	25.926	81	59	1	15	94	13	93	1.59e-04	29.6
bflTTN_Aig56_195	TTNI49_193	20.548	73	57	1	21	92	19	91	1.64e-04	29.3
bflTTN_Aig56_195	TTNI4_189	30.233	43	29	1	36	77	33	75	1.90e-04	29.3
bflTTN_Aig56_195	TTNI74_193	24.691	81	60	1	15	94	13	93	2.22e-04	29.3
bflTTN_Aig56_195	TTNI30_194	25.974	77	54	2	18	92	17	92	2.39e-04	28.9
bflTTN_Aig56_195	TTNI50_194	28.571	91	61	2	7	94	5	94	2.65e-04	28.9
bflTTN_Aig56_195	TTNI16_194	24.691	81	56	2	15	90	12	92	3.39e-04	28.5
bflTTN_Aig56_195	TTNI42_194	23.171	82	62	1	12	92	11	92	5.67e-04	28.1
bflTTN_Aig56_195	TTNI64_193	27.160	81	52	3	15	90	13	91	6.40e-04	27.7
bflTTN_Aig56_195	TTNI65_193	24.324	74	49	2	18	87	16	86	6.95e-04	27.7
bflTTN_Aig56_195	TTNM4_193	27.957	93	61	3	1	90	2	91	0.001	27.3
bflTTN_Aig56_195	TTNI48_194	43.750	32	17	1	14	45	13	43	0.001	26.9
bflTTN_Aig56_195	TTNI55_193	25.926	81	53	3	18	94	16	93	0.002	26.9
bflTTN_Aig56_195	TTNM3_193	23.750	80	59	1	15	92	12	91	0.002	26.9
bflTTN_Aig56_195	TTNZ9_193	25.610	82	57	2	13	92	10	89	0.002	26.6
bflTTN_Aig56_195	TTNI43_193	24.176	91	55	3	9	92	8	91	0.002	26.2
bflTTN_Aig56_195	TTNI60_194	21.951	82	56	2	18	94	16	94	0.003	26.2
bflTTN_Aig56_195	TTNI58_194	24.419	86	62	2	9	92	8	92	0.004	25.8
bflTTN_Aig56_195	TTNI76_193	24.359	78	44	2	18	87	16	86	0.004	25.4
bflTTN_Aig56_195	TTNI32_193	26.389	72	50	2	13	82	11	81	0.006	25.0
bflTTN_Aig56_195	TTNI79_193	22.892	83	63	1	13	94	11	93	0.006	25.0
bflTTN_Aig56_195	TTNI66_193	21.622	74	51	2	18	87	16	86	0.006	25.0
bflTTN_Aig56_195	TTNI31_193	29.167	72	45	3	14	82	13	81	0.008	25.0
bflTTN_Aig56_195	TTNI36_194	21.053	76	47	2	14	82	13	82	0.009	24.6
bflTTN_Aig56_195	TTNZ5_193	26.087	46	28	1	18	63	16	55	0.009	24.6
bflTTN_Aig56_195	TTNI63_193	26.829	82	57	2	13	92	11	91	0.010	24.6
bflTTN_Aig56_195	TTNI72_193	23.457	81	53	3	17	91	15	92	0.010	24.6
bflTTN_Aig56_195	TTNA168_194	20.988	81	61	1	15	92	12	92	0.010	24.6
bflTTN_Aig56_195	TTNI69_193	22.727	66	50	1	18	82	16	81	0.010	24.6
bflTTN_Aig56_195	TTNI99_188	34.000	50	30	2	30	77	27	75	0.015	23.9
bflTTN_Aig56_195	TTNM2_195	23.188	69	49	1	18	82	15	83	0.017	23.9
bflTTN_Aig56_195	TTNI53_193	27.536	69	45	3	27	93	25	90	0.020	23.9
bflTTN_Aig56_195	TTNI1_194	37.037	27	17	0	15	41	13	39	0.025	23.5
bflTTN_Aig56_195	TTNI78_194	26.316	76	55	1	18	92	17	92	0.034	23.1
bflTTN_Aig56_195	TTNI94_187	26.190	42	30	1	35	75	32	73	0.036	23.1
bflTTN_Aig56_195	TTNI44_193	50.000	16	8	0	71	86	70	85	0.047	22.7
bflTTN_Aig56_195	TTNI13_190	29.787	47	26	2	34	75	31	75	0.075	22.3
bflTTN_Aig56_195	TTNI34_193	26.984	63	45	1	21	82	19	81	0.078	21.9
bflTTN_Aig56_195	TTNI29_193	44.000	25	12	1	69	91	68	92	0.089	21.9
bflTTN_Aig56_195	TTNI77_193	25.806	62	39	2	35	92	33	91	0.093	21.9
bflTTN_Aig56_195	TTNI28_193	22.785	79	58	2	18	94	16	93	0.12	21.6
bflTTN_Aig56_195	TTNI54_193	26.531	49	35	1	35	82	33	81	0.14	21.6
bflTTN_Aig56_195	TTNI24_192	23.529	85	52	2	15	92	12	90	0.16	21.2
bflTTN_Aig56_195	TTNM6_194	20.339	59	45	1	34	90	32	90	0.16	21.2
bflTTN_Aig56_195	TTNI68_194	27.941	68	46	2	14	79	13	79	0.17	21.2
bflTTN_Aig56_195	TTNI10_187	25.455	55	40	1	36	89	33	87	0.17	21.2
bflTTN_Aig56_195	TTNI47_193	20.968	62	48	1	27	87	25	86	0.18	21.2
bflTTN_Aig56_195	TTNI75_193	24.051	79	53	3	13	87	11	86	0.22	20.8
bflTTN_Aig56_195	TTNI38_193	31.148	61	37	3	35	91	33	92	0.24	20.8
bflTTN_Aig56_195	TTNI52_193	20.833	72	44	2	18	82	16	81	0.28	20.4
bflTTN_Aig56_195	TTNI7_187	28.205	39	27	1	37	74	34	72	0.56	19.6
bflTTN_Aig56_195	TTNZ8_195	33.333	48	22	3	21	58	12	59	0.60	19.6
bflTTN_Aig56_195	TTNI46_193	20.588	68	49	2	18	82	16	81	0.66	19.6
bflTTN_Aig56_195	TTNI37_193	32.000	25	15	1	69	91	68	92	0.74	19.2
bflTTN_Aig56_195	TTNI84_196	28.889	45	27	2	37	78	38	80	1.1	18.9
bflTTN_Aig56_195	TTNI101_193	23.750	80	44	3	20	82	1	80	2.9	17.7
bflTTN_Aig56_195	TTNI97_188	28.261	46	32	1	35	79	32	77	3.3	17.7
bflTTN_Aig56_195	TTNI90_187	66.667	9	3	0	35	43	31	39	3.4	17.3
bflTTN_Aig56_195	TTNI2_191	22.581	31	24	0	13	43	11	41	4.7	16.9
bflTTN_Aig56_195	TTNI67_193	35.294	17	11	0	66	82	65	81	4.8	16.9
bflTTN_Aig56_195	TTNI3_187	100.000	6	0	0	71	76	45	50	7.2	16.5
bflTTN_Aig56_195	TTNI62_193	21.212	66	51	1	18	82	16	81	7.4	16.5
bflTTN_Aig56_195	TTNI9_187	25.000	16	12	0	59	74	57	72	8.8	16.2
bflTTN_Aig57_193	TTNA79_193	40.217	92	55	0	1	92	2	93	5.39e-21	72.0
bflTTN_Aig57_193	TTNA101_192	32.609	92	62	0	1	92	1	92	1.40e-20	70.9
bflTTN_Aig57_193	TTNA68_195	38.750	80	49	0	13	92	16	95	2.99e-19	67.4
bflTTN_Aig57_193	TTNA149_197	29.213	89	63	0	4	92	9	97	2.60e-18	65.1
bflTTN_Aig57_193	TTNA83_196	39.506	81	49	0	12	92	16	96	4.61e-18	64.3
bflTTN_Aig57_193	TTNA134_195	36.765	68	43	0	12	79	15	82	4.00e-17	62.0
bflTTN_Aig57_193	TTNA127_195	31.579	95	62	1	1	92	1	95	4.14e-17	62.0
bflTTN_Aig57_193	TTNA90_192	29.348	92	65	0	1	92	1	92	1.96e-16	60.1
bflTTN_Aig57_193	TTNA120_193	35.802	81	50	1	12	92	15	93	2.10e-16	60.1
bflTTN_Aig57_193	TTNA50_196	34.118	85	56	0	8	92	12	96	9.77e-16	58.5
bflTTN_Aig57_193	TTNA94_195	35.484	93	55	3	1	90	1	91	3.08e-15	57.4
bflTTN_Aig57_193	TTNA46_192	34.568	81	53	0	12	92	12	92	5.04e-15	56.6
bflTTN_Aig57_193	TTNA36_196	38.272	81	50	0	12	92	16	96	1.00e-14	55.8
bflTTN_Aig57_193	TTNA57_195	28.736	87	62	0	5	91	8	94	1.03e-14	55.8
bflTTN_Aig57_193	TTNA131_197	37.037	81	50	1	13	92	17	97	2.44e-14	55.1
bflTTN_Aig57_193	TTNA123_196	34.568	81	53	0	12	92	16	96	2.87e-14	54.7
bflTTN_Aig57_193	TTNA156_195	30.682	88	61	0	5	92	8	95	3.03e-14	54.7
bflTTN_Aig57_193	TTNI107_196	32.099	81	55	0	12	92	16	96	3.64e-14	54.7
bflTTN_Aig57_193	TTNA112_192	29.348	92	65	0	1	92	1	92	5.02e-14	53.9
bflTTN_Aig57_193	TTNA116_196	33.333	81	54	0	12	92	16	96	5.87e-14	53.9
bflTTN_Aig57_193	TTNA25_194	33.333	81	54	0	12	92	14	94	6.38e-14	53.9
bflTTN_Aig57_193	TTNA142_194	29.474	95	62	2	1	92	2	94	1.55e-13	52.8
bflTTN_Aig57_193	TTNA72_196	32.099	81	55	0	12	92	16	96	1.01e-12	50.8
bflTTN_Aig57_193	TTNA160_193	31.461	89	55	2	7	91	6	92	1.33e-12	50.4
bflTTN_Aig57_193	TTNA65_194	30.864	81	54	1	12	92	16	94	1.96e-12	50.1
bflTTN_Aig57_193	TTNA61_197	30.488	82	56	1	12	92	16	97	3.37e-12	49.7
bflTTN_Aig57_193	TTNA138_196	27.368	95	66	1	1	92	2	96	3.67e-12	49.3
bflTTN_Aig57_193	TTNA145_195	31.034	87	58	1	5	91	8	92	6.72e-12	48.5
bflTTN_Aig57_193	TTNA105_197	36.145	83	50	3	12	92	16	97	7.24e-12	48.5
bflTTN_Aig57_193	TTNA54_196	30.864	81	56	0	12	92	16	96	8.51e-12	48.5
bflTTN_Aig57_193	TTNA22_194	33.333	81	52	1	12	92	16	94	2.85e-11	47.0
bflTTN_Aig57_193	TTNA98_194	29.630	81	55	1	12	92	16	94	4.10e-11	46.6
bflTTN_Aig57_193	TTNA18_199	28.889	90	57	1	9	91	9	98	7.45e-11	46.2
bflTTN_Aig57_193	TTNA1_193	26.374	91	67	0	1	91	2	92	9.40e-11	45.8
bflTTN_Aig57_193	TTNA87_194	30.488	82	55	1	11	92	15	94	1.51e-10	45.1
bflTTN_Aig57_193	TTNZ2_194	35.443	79	51	0	12	90	13	91	1.87e-10	45.1
bflTTN_Aig57_193	TTNA153_193	26.316	95	65	2	1	92	1	93	2.32e-10	44.7
bflTTN_Aig57_193	TTNI72_193	27.273	77	56	0	14	90	15	91	2.42e-10	44.7
bflTTN_Aig57_193	TTNI64_193	25.352	71	53	0	10	80	11	81	5.90e-10	43.5
bflTTN_Aig57_193	TTNM10_195	28.261	92	64	1	1	90	2	93	6.54e-10	43.5
bflTTN_Aig57_193	TTNI61_193	30.864	81	56	0	12	92	13	93	6.63e-10	43.5
bflTTN_Aig57_193	TTNI106_194	31.081	74	51	0	18	91	20	93	7.70e-10	43.5
bflTTN_Aig57_193	TTNA8_195	31.707	82	55	1	11	92	15	95	7.76e-10	43.5
bflTTN_Aig57_193	TTNM7_192	27.536	69	50	0	22	90	22	90	8.41e-10	43.1
bflTTN_Aig57_193	TTNA32_196	28.395	81	58	0	12	92	16	96	1.02e-09	43.1
bflTTN_Aig57_193	TTNA109_194	32.099	81	53	1	12	92	16	94	1.12e-09	43.1
bflTTN_Aig57_193	TTNI43_193	31.579	76	46	3	16	88	17	89	1.82e-09	42.4
bflTTN_Aig57_193	TTNA76_194	27.160	81	57	1	12	92	16	94	1.85e-09	42.4
bflTTN_Aig57_193	TTNA39_196	28.421	95	65	2	1	92	2	96	2.83e-09	42.0
bflTTN_Aig57_193	TTNA169_1100	31.646	79	53	1	15	92	22	100	4.24e-09	41.6
bflTTN_Aig57_193	TTNM5_194	25.000	80	60	0	12	91	13	92	4.31e-09	41.6
bflTTN_Aig57_193	TTNI51_193	27.160	81	59	0	12	92	13	93	5.02e-09	41.2
bflTTN_Aig57_193	TTNI55_193	30.000	80	54	1	11	88	12	91	7.06e-09	40.8
bflTTN_Aig57_193	TTNA165_196	25.000	84	62	1	10	92	13	96	1.10e-08	40.4
bflTTN_Aig57_193	TTNM9_196	25.000	80	60	0	12	91	13	92	1.42e-08	40.0
bflTTN_Aig57_193	TTNA11_1103	27.451	102	64	2	1	92	2	103	1.50e-08	40.0
bflTTN_Aig57_193	TTNI73_193	29.114	79	56	0	12	90	13	91	1.62e-08	40.0
bflTTN_Aig57_193	TTNI59_193	26.250	80	59	0	1	80	2	81	1.95e-08	39.7
bflTTN_Aig57_193	TTNA43_195	29.630	81	56	1	12	92	16	95	5.55e-08	38.5
bflTTN_Aig57_193	TTNI74_193	21.687	83	65	0	10	92	11	93	7.21e-08	38.1
bflTTN_Aig57_193	TTNI58_194	22.785	79	61	0	12	90	14	92	8.17e-08	38.1
bflTTN_Aig57_193	TTNA15_1104	24.176	91	57	3	12	92	15	103	8.92e-08	38.1
bflTTN_Aig57_193	TTNI39_193	28.395	81	58	0	12	92	13	93	9.61e-08	37.7
bflTTN_Aig57_193	TTNI105_190	30.108	93	60	2	1	92	2	90	1.08e-07	37.7
bflTTN_Aig57_193	TTNI49_193	22.222	81	63	0	1	81	2	82	1.15e-07	37.7
bflTTN_Aig57_193	TTNI63_193	25.556	90	67	0	1	90	2	91	1.82e-07	37.4
bflTTN_Aig57_193	TTNI31_193	27.273	66	48	0	15	80	16	81	3.33e-07	36.6
bflTTN_Aig57_193	TTNI99_188	36.538	52	33	0	27	78	27	78	4.19e-07	36.2
bflTTN_Aig57_193	TTNI53_193	27.381	84	57	2	11	92	12	93	5.19e-07	35.8
bflTTN_Aig57_193	TTNI54_193	23.288	73	56	0	8	80	9	81	5.77e-07	35.8
bflTTN_Aig57_193	TTNA164_192	22.368	76	59	0	13	88	13	88	5.92e-07	35.8
bflTTN_Aig57_193	TTNI77_193	25.000	76	57	0	15	90	16	91	6.55e-07	35.8
bflTTN_Aig57_193	TTNI69_193	23.750	80	61	0	1	80	2	81	7.67e-07	35.4
bflTTN_Aig57_193	TTNI40_193	25.758	66	49	0	15	80	16	81	7.75e-07	35.4
bflTTN_Aig57_193	TTNM4_193	23.333	90	69	0	1	90	2	91	7.84e-07	35.4
bflTTN_Aig57_193	TTNI65_193	27.586	58	42	0	24	81	25	82	9.38e-07	35.4
bflTTN_Aig57_193	TTNI76_193	23.077	78	60	0	11	88	12	89	1.45e-06	34.7
bflTTN_Aig57_193	TTNI79_193	22.826	92	71	0	1	92	2	93	1.54e-06	34.7
bflTTN_Aig57_193	TTNI75_193	25.714	70	52	0	11	80	12	81	2.40e-06	34.3
bflTTN_Aig57_193	TTNI78_194	29.231	65	46	0	24	88	26	90	2.76e-06	34.3
bflTTN_Aig57_193	TTNI62_193	24.324	74	55	1	15	88	16	88	2.87e-06	33.9
bflTTN_Aig57_193	TTNZ4_195	25.000	68	49	1	15	80	16	83	3.50e-06	33.9
bflTTN_Aig57_193	TTNI16_194	28.767	73	50	1	12	82	12	84	3.71e-06	33.9
bflTTN_Aig57_193	TTNM2_195	28.986	69	46	1	15	80	15	83	3.89e-06	33.9
bflTTN_Aig57_193	TTNI12_187	31.034	58	40	0	26	83	26	83	3.89e-06	33.5
bflTTN_Aig57_193	TTNZ3_195	24.242	66	50	0	15	80	16	81	4.60e-06	33.5
bflTTN_Aig57_193	TTNM3_193	25.275	91	67	1	1	90	1	91	5.22e-06	33.5
bflTTN_Aig57_193	TTNI33_193	25.610	82	61	0	11	92	12	93	7.08e-06	33.1
bflTTN_Aig57_193	TTNI71_193	24.390	82	62	0	11	92	12	93	7.70e-06	32.7
bflTTN_Aig57_193	TTNI46_193	22.727	66	51	0	15	80	16	81	9.60e-06	32.7
bflTTN_Aig57_193	TTNI80_194	27.941	68	48	1	24	90	25	92	9.74e-06	32.7
bflTTN_Aig57_193	TTNZ5_193	25.610	82	60	1	10	90	11	92	1.01e-05	32.7
bflTTN_Aig57_193	TTNZ7_195	25.610	82	59	1	11	90	11	92	1.26e-05	32.3
bflTTN_Aig57_193	TTNI48_194	20.253	79	63	0	12	90	14	92	1.32e-05	32.3
bflTTN_Aig57_193	TTNA29_194	24.390	82	60	1	11	92	15	94	1.64e-05	32.0
bflTTN_Aig57_193	TTNZ6_195	23.171	82	60	2	1	80	1	81	1.89e-05	32.0
bflTTN_Aig57_193	TTNI30_194	24.051	79	60	0	3	81	5	83	2.42e-05	31.6
bflTTN_Aig57_193	TTNA4_1121	20.536	112	60	3	10	92	10	121	4.30e-05	31.2
bflTTN_Aig57_193	TTNI14_192	22.388	67	52	0	24	90	25	91	4.99e-05	30.8
bflTTN_Aig57_193	TTNI81_190	21.429	84	57	1	2	85	13	87	5.91e-05	30.4
bflTTN_Aig57_193	TTNI27_194	21.739	92	72	0	1	92	2	93	6.11e-05	30.4
bflTTN_Aig57_193	TTNI37_193	25.758	66	49	0	17	82	18	83	6.69e-05	30.4
bflTTN_Aig57_193	TTNI41_193	30.508	59	41	0	24	82	25	83	7.27e-05	30.4
bflTTN_Aig57_193	TTNI52_193	21.127	71	55	1	15	85	16	85	9.33e-05	30.0
bflTTN_Aig57_193	TTNI32_193	23.881	67	51	0	14	80	15	81	1.63e-04	29.3
bflTTN_Aig57_193	TTNZ9_193	28.571	70	49	1	24	93	24	92	1.69e-04	29.3
bflTTN_Aig57_193	TTNI34_193	26.230	61	45	0	20	80	21	81	2.30e-04	28.9
bflTTN_Aig57_193	TTNI42_194	21.111	90	71	0	3	92	5	94	3.27e-04	28.5
bflTTN_Aig57_193	TTNI25_195	23.881	67	50	1	15	80	16	82	3.52e-04	28.5
bflTTN_Aig57_193	TTNI24_192	21.429	70	55	0	11	80	11	80	4.58e-04	28.1
bflTTN_Aig57_193	TTNZ1_195	23.457	81	60	1	12	90	12	92	5.05e-04	28.1
bflTTN_Aig57_193	TTNI35_193	20.988	81	64	0	12	92	13	93	5.82e-04	27.7
bflTTN_Aig57_193	TTNI68_194	22.807	57	44	0	21	77	23	79	6.13e-04	27.7
bflTTN_Aig57_193	TTNI1_194	25.676	74	53	1	12	85	13	84	0.001	27.3
bflTTN_Aig57_193	TTNI94_187	21.622	74	53	2	17	90	18	86	0.001	27.3
bflTTN_Aig57_193	TTNI45_193	19.178	73	59	0	20	92	21	93	0.001	27.3
bflTTN_Aig57_193	TTNI70_194	24.658	73	53	2	15	86	16	87	0.001	26.9
bflTTN_Aig57_193	TTNI83_193	31.111	45	31	0	32	76	32	76	0.002	26.6
bflTTN_Aig57_193	TTNA168_194	36.667	30	19	0	12	41	12	41	0.002	26.6
bflTTN_Aig57_193	TTNI60_194	27.451	51	36	1	31	80	32	82	0.002	26.2
bflTTN_Aig57_193	TTNI57_193	26.087	69	51	0	12	80	13	81	0.002	26.2
bflTTN_Aig57_193	TTNI84_196	25.581	43	32	0	34	76	38	80	0.003	26.2
bflTTN_Aig57_193	TTNI56_193	22.667	75	52	1	20	88	15	89	0.005	25.4
bflTTN_Aig57_193	TTNI4_189	27.500	40	29	0	33	72	33	72	0.005	25.4
bflTTN_Aig57_193	TTNI86_190	28.571	63	43	1	26	86	26	88	0.005	25.4
bflTTN_Aig57_193	TTNI17_194	26.531	49	36	0	32	80	33	81	0.005	25.4
bflTTN_Aig57_193	TTNI44_193	22.807	57	44	0	24	80	25	81	0.007	25.0
bflTTN_Aig57_193	TTNI67_193	20.290	69	55	0	24	92	25	93	0.007	25.0
bflTTN_Aig57_193	TTNI36_194	18.841	69	56	0	12	80	14	82	0.008	24.6
bflTTN_Aig57_193	TTNM1_192	24.490	49	37	0	32	80	32	80	0.009	24.6
bflTTN_Aig57_193	TTNI2_191	30.769	52	34	2	25	75	26	76	0.009	24.6
bflTTN_Aig57_193	TTNI38_193	24.359	78	58	1	3	80	5	81	0.010	24.6
bflTTN_Aig57_193	TTNI50_194	25.333	75	54	2	12	85	13	86	0.015	24.3
bflTTN_Aig57_193	TTNI15_191	30.612	49	31	1	42	90	45	90	0.016	23.9
bflTTN_Aig57_193	TTNI29_193	25.000	60	45	0	31	90	32	91	0.018	23.9
bflTTN_Aig57_193	TTNI85_192	45.455	22	12	0	57	78	58	79	0.019	23.9
bflTTN_Aig57_193	TTNI92_187	27.451	51	36	1	21	71	22	71	0.021	23.5
bflTTN_Aig57_193	TTNI11_187	21.951	41	32	0	34	74	34	74	0.033	23.1
bflTTN_Aig57_193	TTNI9_187	21.311	61	47	1	15	75	16	75	0.034	23.1
bflTTN_Aig57_193	TTNI103_188	22.917	48	37	0	26	73	26	73	0.037	23.1
bflTTN_Aig57_193	TTNI66_193	18.919	74	60	0	15	88	16	89	0.052	22.7
bflTTN_Aig57_193	TTNI90_187	30.000	40	28	0	32	71	31	70	0.055	22.3
bflTTN_Aig57_193	TTNI28_193	22.414	58	45	0	24	81	25	82	0.088	21.9
bflTTN_Aig57_193	TTNI47_193	21.818	55	43	0	26	80	27	81	0.13	21.6
bflTTN_Aig57_193	TTNI3_187	23.636	55	38	1	34	88	34	84	0.18	21.2
bflTTN_Aig57_193	TTNM8_193	19.318	88	69	1	3	90	5	90	0.41	20.0
bflTTN_Aig57_193	TTNI101_193	25.532	47	35	0	34	80	34	80	0.43	20.0
bflTTN_Aig57_193	TTNI5_188	20.000	65	52	0	11	75	12	76	0.48	20.0
bflTTN_Aig57_193	TTNI13_190	30.435	23	15	1	53	74	54	76	0.70	19.2
bflTTN_Aig57_193	TTNI102_188	27.907	43	31	0	31	73	31	73	0.82	19.2
bflTTN_Aig57_193	TTNI88_187	21.429	42	33	0	31	72	30	71	0.97	18.9
bflTTN_Aig57_193	TTNI100_188	21.311	61	44	1	32	92	32	88	1.2	18.9
bflTTN_Aig57_193	TTNI7_187	22.000	50	39	0	34	83	34	83	1.9	18.1
bflTTN_Aig57_193	TTNI98_188	20.833	48	38	0	26	73	26	73	2.4	18.1
bflTTN_Aig57_193	TTNI6_187	19.643	56	44	1	17	72	18	72	7.2	16.5
bflTTN_Aig58P_196	TTNA109_194	42.105	95	53	1	1	95	2	94	1.63e-22	75.9
bflTTN_Aig58P_196	TTNA153_193	40.000	95	55	1	1	95	1	93	5.05e-21	72.0
bflTTN_Aig58P_196	TTNA76_194	37.895	95	57	1	1	95	2	94	1.08e-20	71.2
bflTTN_Aig58P_196	TTNA160_193	38.298	94	56	1	1	94	1	92	1.42e-20	70.9
bflTTN_Aig58P_196	TTNA65_194	36.842	95	58	1	1	95	2	94	5.63e-20	69.3
bflTTN_Aig58P_196	TTNA87_194	35.789	95	59	1	1	95	2	94	1.67e-19	68.2
bflTTN_Aig58P_196	TTNA54_196	37.895	95	59	0	1	95	2	96	3.87e-18	64.7
bflTTN_Aig58P_196	TTNA98_194	34.737	95	60	1	1	95	2	94	2.01e-17	62.8
bflTTN_Aig58P_196	TTNA90_192	38.272	81	50	0	15	95	12	92	3.59e-17	62.4
bflTTN_Aig58P_196	TTNA112_192	38.272	81	50	0	15	95	12	92	1.66e-16	60.5
bflTTN_Aig58P_196	TTNA127_195	32.632	95	64	0	1	95	1	95	2.01e-16	60.5
bflTTN_Aig58P_196	TTNA46_192	37.349	83	52	0	13	95	10	92	3.12e-16	59.7
bflTTN_Aig58P_196	TTNA72_196	34.737	95	62	0	1	95	2	96	5.07e-16	59.3
bflTTN_Aig58P_196	TTNA142_194	32.632	95	62	1	1	95	2	94	5.69e-16	59.3
bflTTN_Aig58P_196	TTNA131_197	35.417	96	61	1	1	95	2	97	6.17e-16	59.3
bflTTN_Aig58P_196	TTNA156_195	30.526	95	66	0	1	95	1	95	6.49e-16	58.9
bflTTN_Aig58P_196	TTNA43_195	37.500	96	57	2	1	95	2	95	8.33e-16	58.9
bflTTN_Aig58P_196	TTNA32_196	31.579	95	65	0	1	95	2	96	1.03e-15	58.5
bflTTN_Aig58P_196	TTNA8_195	35.789	95	60	1	1	95	2	95	1.82e-15	58.2
bflTTN_Aig58P_196	TTNA101_192	34.066	91	57	1	8	95	2	92	5.52e-15	56.6
bflTTN_Aig58P_196	TTNA145_195	39.362	94	57	0	1	94	1	94	7.52e-15	56.2
bflTTN_Aig58P_196	TTNA57_195	32.500	80	54	0	15	94	15	94	1.38e-14	55.8
bflTTN_Aig58P_196	TTNA79_193	37.037	81	51	0	15	95	13	93	2.49e-14	55.1
bflTTN_Aig58P_196	TTNA120_193	30.526	95	64	1	1	95	1	93	8.02e-14	53.5
bflTTN_Aig58P_196	TTNA165_196	35.227	88	56	1	9	95	9	96	8.50e-14	53.5
bflTTN_Aig58P_196	TTNA123_196	33.721	86	51	2	13	95	14	96	1.15e-13	53.5
bflTTN_Aig58P_196	TTNA94_195	29.474	95	67	0	1	95	1	95	1.62e-13	53.1
bflTTN_Aig58P_196	TTNA22_194	33.684	95	61	1	1	95	2	94	1.64e-13	52.8
bflTTN_Aig58P_196	TTNA83_196	29.474	95	67	0	1	95	2	96	2.94e-13	52.4
bflTTN_Aig58P_196	TTNA61_197	28.125	96	68	1	1	95	2	97	6.40e-13	51.6
bflTTN_Aig58P_196	TTNA29_194	32.967	91	59	2	5	95	6	94	1.07e-12	50.8
bflTTN_Aig58P_196	TTNA50_196	31.579	95	65	0	1	95	2	96	1.24e-12	50.8
bflTTN_Aig58P_196	TTNA68_195	36.047	86	55	0	10	95	10	95	1.44e-12	50.4
bflTTN_Aig58P_196	TTNA36_196	32.632	95	64	0	1	95	2	96	1.67e-12	50.4
bflTTN_Aig58P_196	TTNA116_196	29.474	95	67	0	1	95	2	96	1.75e-12	50.4
bflTTN_Aig58P_196	TTNA149_197	33.333	96	63	1	1	95	2	97	2.99e-12	49.7
bflTTN_Aig58P_196	TTNA105_197	33.333	96	63	1	1	95	2	97	3.55e-12	49.7
bflTTN_Aig58P_196	TTNI51_193	35.366	82	51	1	12	91	10	91	1.15e-11	48.1
bflTTN_Aig58P_196	TTNA1_193	32.468	77	52	0	18	94	16	92	1.31e-11	48.1
bflTTN_Aig58P_196	TTNM10_195	32.184	87	57	1	7	91	5	91	1.44e-11	48.1
bflTTN_Aig58P_196	TTNI16_194	32.530	83	52	2	13	91	10	92	1.52e-11	47.8
bflTTN_Aig58P_196	TTNA138_196	29.474	95	67	0	1	95	2	96	1.36e-10	45.4
bflTTN_Aig58P_196	TTNA134_195	31.707	82	56	0	13	94	13	94	2.51e-10	44.7
bflTTN_Aig58P_196	TTNI74_193	32.500	80	52	1	15	92	13	92	2.74e-10	44.7
bflTTN_Aig58P_196	TTNA39_196	30.108	93	63	1	5	95	4	96	2.88e-10	44.7
bflTTN_Aig58P_196	TTNI107_196	28.571	91	65	0	5	95	6	96	4.42e-10	44.3
bflTTN_Aig58P_196	TTNA15_1104	28.889	90	54	2	15	95	15	103	5.63e-10	43.9
bflTTN_Aig58P_196	TTNZ1_195	31.250	80	49	2	18	93	15	92	7.01e-10	43.5
bflTTN_Aig58P_196	TTNI33_193	28.916	83	59	0	13	95	11	93	1.18e-09	43.1
bflTTN_Aig58P_196	TTNI71_193	30.864	81	54	1	13	91	11	91	9.15e-09	40.8
bflTTN_Aig58P_196	TTNI45_193	26.667	75	55	0	21	95	19	93	9.96e-09	40.4
bflTTN_Aig58P_196	TTNA11_1103	30.337	89	56	2	13	95	15	103	1.37e-08	40.4
bflTTN_Aig58P_196	TTNI63_193	27.711	83	60	0	13	95	11	93	1.53e-08	40.0
bflTTN_Aig58P_196	TTNI79_193	29.670	91	63	1	5	95	4	93	1.75e-08	40.0
bflTTN_Aig58P_196	TTNI39_193	31.707	82	54	1	13	92	11	92	2.29e-08	39.7
bflTTN_Aig58P_196	TTNI106_194	30.233	86	60	0	9	94	8	93	2.97e-08	39.3
bflTTN_Aig58P_196	TTNA25_194	26.316	95	68	1	1	95	2	94	4.70e-08	38.9
bflTTN_Aig58P_196	TTNI61_193	31.765	85	52	3	11	91	9	91	5.13e-08	38.9
bflTTN_Aig58P_196	TTNI73_193	28.049	82	59	0	12	93	10	91	5.83e-08	38.5
bflTTN_Aig58P_196	TTNM4_193	28.767	73	52	0	11	83	9	81	6.55e-08	38.5
bflTTN_Aig58P_196	TTNM7_192	25.333	75	56	0	19	93	16	90	9.14e-08	38.1
bflTTN_Aig58P_196	TTNI75_193	28.736	87	58	3	11	95	9	93	1.09e-07	37.7
bflTTN_Aig58P_196	TTNZ2_194	28.049	82	59	0	15	96	13	94	1.21e-07	37.7
bflTTN_Aig58P_196	TTNA164_192	27.397	73	53	0	11	83	8	80	1.47e-07	37.4
bflTTN_Aig58P_196	TTNI24_192	28.395	81	52	3	15	91	12	90	1.50e-07	37.4
bflTTN_Aig58P_196	TTNI43_193	25.882	85	63	0	11	95	9	93	1.63e-07	37.4
bflTTN_Aig58P_196	TTNZ6_195	29.885	87	56	3	11	93	6	91	1.76e-07	37.4
bflTTN_Aig58P_196	TTNM5_194	25.000	84	63	0	11	94	9	92	3.37e-07	36.6
bflTTN_Aig58P_196	TTNI77_193	28.049	82	57	1	12	91	10	91	3.61e-07	36.6
bflTTN_Aig58P_196	TTNI105_190	28.395	81	55	1	15	95	13	90	4.81e-07	36.2
bflTTN_Aig58P_196	TTNI40_193	26.374	91	66	1	5	95	4	93	5.01e-07	36.2
bflTTN_Aig58P_196	TTNI28_193	24.719	89	65	1	9	95	5	93	5.57e-07	36.2
bflTTN_Aig58P_196	TTNI72_193	28.947	76	52	1	18	91	16	91	5.63e-07	35.8
bflTTN_Aig58P_196	TTNI27_194	24.390	82	60	1	12	91	10	91	7.77e-07	35.8
bflTTN_Aig58P_196	TTNM9_196	26.190	84	62	0	11	94	9	92	1.08e-06	35.4
bflTTN_Aig58P_196	TTNI30_194	28.205	78	52	2	18	93	17	92	1.11e-06	35.4
bflTTN_Aig58P_196	TTNZ3_195	22.892	83	64	0	11	93	9	91	1.28e-06	35.0
bflTTN_Aig58P_196	TTNZ7_195	31.461	89	58	2	7	93	5	92	2.94e-06	34.3
bflTTN_Aig58P_196	TTNI25_195	24.706	85	63	1	11	94	9	93	2.97e-06	34.3
bflTTN_Aig58P_196	TTNA169_1100	27.500	80	55	2	18	95	22	100	1.10e-05	32.7
bflTTN_Aig58P_196	TTNI1_194	26.923	78	56	1	18	94	16	93	1.48e-05	32.3
bflTTN_Aig58P_196	TTNA168_194	28.395	81	54	2	11	88	8	87	1.62e-05	32.0
bflTTN_Aig58P_196	TTNI54_193	26.087	69	51	0	15	83	13	81	1.66e-05	32.0
bflTTN_Aig58P_196	TTNZ9_193	31.944	72	48	1	12	83	9	79	2.26e-05	31.6
bflTTN_Aig58P_196	TTNI14_192	27.381	84	59	2	11	93	9	91	2.56e-05	31.6
bflTTN_Aig58P_196	TTNI29_193	30.588	85	53	4	11	91	9	91	3.26e-05	31.2
bflTTN_Aig58P_196	TTNZ4_195	25.000	84	59	2	9	88	5	88	3.28e-05	31.2
bflTTN_Aig58P_196	TTNA18_199	21.277	94	67	1	8	94	5	98	4.17e-05	31.2
bflTTN_Aig58P_196	TTNI46_193	24.675	77	56	1	17	91	15	91	4.36e-05	31.2
bflTTN_Aig58P_196	TTNI78_194	21.839	87	68	0	9	95	8	94	5.34e-05	30.8
bflTTN_Aig58P_196	TTNI36_194	27.473	91	64	1	3	91	2	92	6.99e-05	30.4
bflTTN_Aig58P_196	TTNI80_194	23.810	84	63	1	11	93	9	92	1.07e-04	30.0
bflTTN_Aig58P_196	TTNI48_194	26.506	83	57	2	15	95	14	94	1.23e-04	29.6
bflTTN_Aig58P_196	TTNI65_193	24.096	83	59	2	13	93	11	91	2.04e-04	29.3
bflTTN_Aig58P_196	TTNI35_193	25.000	76	55	1	18	91	16	91	3.64e-04	28.5
bflTTN_Aig58P_196	TTNM3_193	24.096	83	60	2	13	93	10	91	4.86e-04	28.1
bflTTN_Aig58P_196	TTNA4_1121	22.414	116	61	2	9	95	6	121	7.39e-04	28.1
bflTTN_Aig58P_196	TTNI44_193	31.579	57	39	0	27	83	25	81	8.89e-04	27.3
bflTTN_Aig58P_196	TTNI17_194	23.288	73	56	0	11	83	9	81	0.001	27.3
bflTTN_Aig58P_196	TTNI37_193	28.916	83	53	4	11	89	9	89	0.001	27.3
bflTTN_Aig58P_196	TTNI52_193	27.848	79	51	3	17	91	15	91	0.001	26.9
bflTTN_Aig58P_196	TTNI84_196	33.898	59	33	3	37	91	38	94	0.002	26.2
bflTTN_Aig58P_196	TTNI5_188	25.000	80	60	0	11	90	9	88	0.003	26.2
bflTTN_Aig58P_196	TTNI53_193	22.989	87	63	2	11	95	9	93	0.006	25.4
bflTTN_Aig58P_196	TTNI94_187	25.000	52	38	1	23	74	21	71	0.007	25.0
bflTTN_Aig58P_196	TTNI3_187	21.569	51	40	0	35	85	32	82	0.008	25.0
bflTTN_Aig58P_196	TTNI41_193	25.000	76	55	2	21	95	19	93	0.009	24.6
bflTTN_Aig58P_196	TTNI47_193	19.481	77	62	0	19	95	17	93	0.012	24.3
bflTTN_Aig58P_196	TTNI32_193	24.359	78	59	0	18	95	16	93	0.018	23.9
bflTTN_Aig58P_196	TTNI11_187	24.138	58	42	1	34	91	31	86	0.019	23.9
bflTTN_Aig58P_196	TTNI90_187	25.641	39	29	0	36	74	32	70	0.025	23.5
bflTTN_Aig58P_196	TTNI99_188	22.727	66	50	1	13	78	11	75	0.032	23.1
bflTTN_Aig58P_196	TTNZ8_195	23.529	68	52	0	29	96	28	95	0.087	21.9
bflTTN_Aig58P_196	TTNI12_187	21.739	46	36	0	29	74	26	71	0.096	21.9
bflTTN_Aig58P_196	TTNM8_193	25.490	51	38	0	22	72	19	69	0.10	21.9
bflTTN_Aig58P_196	TTNI31_193	21.333	75	59	0	11	85	9	83	0.13	21.6
bflTTN_Aig58P_196	TTNM1_192	24.242	33	25	0	61	93	58	90	0.14	21.6
bflTTN_Aig58P_196	TTNZ5_193	22.892	83	57	3	14	91	12	92	0.17	21.2
bflTTN_Aig58P_196	TTNI82_188	26.389	72	52	1	13	84	11	81	0.20	20.8
bflTTN_Aig58P_196	TTNI103_188	23.913	46	35	0	29	74	26	71	0.25	20.8
bflTTN_Aig58P_196	TTNI102_188	26.829	41	30	0	34	74	31	71	0.28	20.4
bflTTN_Aig58P_196	TTNI9_187	20.588	68	51	2	9	74	5	71	0.32	20.4
bflTTN_Aig58P_196	TTNI87_188	31.818	22	14	1	30	50	42	63	0.80	19.2
bflTTN_Aig58P_196	TTNI7_187	21.818	55	43	0	31	85	28	82	0.93	19.2
bflTTN_Aig58P_196	TTNM2_195	24.194	62	35	2	17	78	14	63	1.2	18.9
bflTTN_Aig58P_196	TTNI97_188	25.714	35	25	1	15	49	13	46	3.2	17.7
bflTTN_Aig58P_196	TTNI8_188	27.907	43	31	0	36	78	34	76	5.7	16.9
bflTTN_Aig58P_196	TTNI100_188	25.714	35	22	1	61	95	58	88	7.0	16.5
bflTTN_Aig58P_196	TTNI88_187	29.730	37	18	2	62	90	39	75	8.8	16.2
bflTTN_Aig59_1100	TTNI39_193	39.189	74	45	0	15	88	16	89	8.03e-14	53.9
bflTTN_Aig59_1100	TTNA131_197	30.263	76	53	0	10	85	14	89	7.77e-12	48.9
bflTTN_Aig59_1100	TTNI53_193	30.682	88	61	0	1	88	2	89	1.02e-11	48.5
bflTTN_Aig59_1100	TTNA1_193	29.545	88	62	0	1	88	2	89	1.98e-11	47.8
bflTTN_Aig59_1100	TTNM7_192	26.136	88	65	0	1	88	1	88	4.25e-11	47.0
bflTTN_Aig59_1100	TTNI58_194	30.769	78	54	0	11	88	13	90	5.09e-11	46.6
bflTTN_Aig59_1100	TTNZ9_193	26.136	88	64	1	1	88	1	87	5.15e-11	46.6
bflTTN_Aig59_1100	TTNA164_192	28.090	89	64	0	1	89	1	89	6.39e-11	46.2
bflTTN_Aig59_1100	TTNA156_195	28.571	84	59	1	7	89	9	92	2.80e-10	44.7
bflTTN_Aig59_1100	TTNA32_196	30.864	81	56	0	8	88	12	92	3.35e-10	44.7
bflTTN_Aig59_1100	TTNA90_192	32.000	75	51	0	15	89	15	89	1.84e-09	42.7
bflTTN_Aig59_1100	TTNI30_194	30.263	76	53	0	14	89	16	91	2.79e-09	42.0
bflTTN_Aig59_1100	TTNI47_193	25.843	89	66	0	1	89	2	90	4.71e-09	41.6
bflTTN_Aig59_1100	TTNI41_193	28.409	88	63	0	1	88	2	89	5.29e-09	41.6
bflTTN_Aig59_1100	TTNZ1_195	31.395	86	53	3	8	89	8	91	5.50e-09	41.6
bflTTN_Aig59_1100	TTNZ2_194	26.667	75	55	0	15	89	16	90	5.94e-09	41.2
bflTTN_Aig59_1100	TTNA138_196	29.787	94	57	3	1	88	2	92	1.30e-08	40.4
bflTTN_Aig59_1100	TTNM5_194	27.711	83	60	0	2	84	3	85	1.55e-08	40.0
bflTTN_Aig59_1100	TTNM4_193	28.378	74	53	0	15	88	16	89	2.16e-08	39.7
bflTTN_Aig59_1100	TTNI71_193	26.744	86	63	0	3	88	4	89	2.48e-08	39.7
bflTTN_Aig59_1100	TTNA79_193	26.667	75	55	0	15	89	16	90	6.04e-08	38.5
bflTTN_Aig59_1100	TTNI73_193	25.000	88	66	0	1	88	2	89	1.38e-07	37.7
bflTTN_Aig59_1100	TTNI76_193	30.303	66	46	0	24	89	25	90	1.78e-07	37.4
bflTTN_Aig59_1100	TTNI24_192	31.081	74	51	0	15	88	15	88	4.24e-07	36.6
bflTTN_Aig59_1100	TTNI28_193	26.966	89	65	0	1	89	2	90	4.32e-07	36.6
bflTTN_Aig59_1100	TTNI15_191	24.176	91	68	1	1	91	2	91	4.94e-07	36.2
bflTTN_Aig59_1100	TTNM9_196	26.966	89	65	0	1	89	2	90	5.90e-07	36.2
bflTTN_Aig59_1100	TTNA134_195	25.333	75	56	0	15	89	18	92	6.12e-07	36.2
bflTTN_Aig59_1100	TTNA112_192	29.730	74	52	0	16	89	16	89	8.07e-07	35.8
bflTTN_Aig59_1100	TTNI48_194	22.785	79	61	0	11	89	13	91	1.04e-06	35.4
bflTTN_Aig59_1100	TTNI16_194	27.848	79	49	2	15	88	15	90	1.22e-06	35.4
bflTTN_Aig59_1100	TTNA25_194	25.758	66	49	0	15	80	17	82	1.28e-06	35.0
bflTTN_Aig59_1100	TTNI33_193	26.087	69	51	0	15	83	16	84	1.30e-06	35.0
bflTTN_Aig59_1100	TTNI25_195	27.848	79	56	1	12	89	13	91	1.77e-06	34.7
bflTTN_Aig59_1100	TTNI74_193	24.242	66	50	0	24	89	25	90	1.81e-06	34.7
bflTTN_Aig59_1100	TTNI27_194	27.632	76	55	0	13	88	14	89	1.82e-06	34.7
bflTTN_Aig59_1100	TTNA15_1104	22.917	96	63	3	3	88	5	99	3.06e-06	34.3
bflTTN_Aig59_1100	TTNI51_193	24.324	74	56	0	15	88	16	89	3.53e-06	33.9
bflTTN_Aig59_1100	TTNI75_193	26.761	71	52	0	15	85	16	86	4.40e-06	33.9
bflTTN_Aig59_1100	TTNI17_194	24.419	86	65	0	1	86	2	87	4.76e-06	33.5
bflTTN_Aig59_1100	TTNZ6_195	24.731	93	67	2	1	91	1	92	4.94e-06	33.5
bflTTN_Aig59_1100	TTNI65_193	26.667	75	55	0	15	89	16	90	7.43e-06	33.1
bflTTN_Aig59_1100	TTNI90_187	31.579	57	37	1	32	88	31	85	8.33e-06	32.7
bflTTN_Aig59_1100	TTNI49_193	27.869	61	44	0	23	83	24	84	1.13e-05	32.7
bflTTN_Aig59_1100	TTNI45_193	27.419	62	45	0	25	86	26	87	1.23e-05	32.7
bflTTN_Aig59_1100	TTNI69_193	25.676	74	55	0	15	88	16	89	1.42e-05	32.3
bflTTN_Aig59_1100	TTNI36_194	24.000	75	57	0	15	89	17	91	1.44e-05	32.3
bflTTN_Aig59_1100	TTNM2_195	22.078	77	57	1	15	88	15	91	1.46e-05	32.3
bflTTN_Aig59_1100	TTNZ4_195	29.032	93	64	1	1	91	2	94	1.57e-05	32.3
bflTTN_Aig59_1100	TTNA116_196	21.053	76	60	0	11	86	15	90	1.80e-05	32.3
bflTTN_Aig59_1100	TTNM3_193	25.641	78	57	1	12	88	12	89	2.17e-05	32.0
bflTTN_Aig59_1100	TTNI61_193	22.989	87	67	0	2	88	3	89	2.22e-05	32.0
bflTTN_Aig59_1100	TTNI68_194	25.373	67	50	0	11	77	13	79	2.25e-05	32.0
bflTTN_Aig59_1100	TTNA46_192	21.348	89	70	0	1	89	1	89	2.38e-05	32.0
bflTTN_Aig59_1100	TTNI105_190	21.951	82	61	2	1	82	2	80	2.38e-05	31.6
bflTTN_Aig59_1100	TTNI66_193	27.143	70	51	0	20	89	21	90	2.79e-05	31.6
bflTTN_Aig59_1100	TTNA101_192	24.000	75	57	0	15	89	15	89	4.82e-05	30.8
bflTTN_Aig59_1100	TTNI34_193	24.658	73	55	0	19	91	20	92	4.99e-05	30.8
bflTTN_Aig59_1100	TTNI56_193	27.273	66	48	0	23	88	24	89	5.09e-05	30.8
bflTTN_Aig59_1100	TTNA76_194	28.788	66	45	1	19	84	23	86	5.44e-05	30.8
bflTTN_Aig59_1100	TTNI77_193	23.256	86	64	1	3	88	6	89	6.60e-05	30.8
bflTTN_Aig59_1100	TTNI54_193	20.000	75	60	0	14	88	15	89	7.24e-05	30.4
bflTTN_Aig59_1100	TTNI37_193	26.389	72	53	0	17	88	18	89	8.37e-05	30.4
bflTTN_Aig59_1100	TTNI31_193	27.778	72	52	0	15	86	16	87	8.46e-05	30.4
bflTTN_Aig59_1100	TTNI63_193	24.096	83	63	0	6	88	7	89	8.63e-05	30.4
bflTTN_Aig59_1100	TTNI42_194	24.211	95	59	4	1	88	2	90	9.12e-05	30.4
bflTTN_Aig59_1100	TTNA123_196	25.333	75	56	0	15	89	19	93	1.43e-04	29.6
bflTTN_Aig59_1100	TTNI14_192	25.000	88	66	0	1	88	2	89	1.49e-04	29.6
bflTTN_Aig59_1100	TTNA57_195	25.287	87	60	3	7	89	9	94	1.55e-04	29.6
bflTTN_Aig59_1100	TTNZ5_193	29.577	71	42	2	15	85	16	78	1.57e-04	29.6
bflTTN_Aig59_1100	TTNA127_195	24.324	74	56	0	15	88	18	91	1.61e-04	29.6
bflTTN_Aig59_1100	TTNI2_191	25.490	51	38	0	8	58	9	59	1.88e-04	29.3
bflTTN_Aig59_1100	TTNI35_193	22.727	88	68	0	1	88	2	89	1.91e-04	29.3
bflTTN_Aig59_1100	TTNI79_193	25.676	74	55	0	15	88	16	89	2.74e-04	28.9
bflTTN_Aig59_1100	TTNA50_196	25.397	63	47	0	26	88	30	92	2.99e-04	28.9
bflTTN_Aig59_1100	TTNI6_187	21.429	70	54	1	2	71	3	71	3.78e-04	28.5
bflTTN_Aig59_1100	TTNI83_193	30.357	56	38	1	34	88	34	89	4.22e-04	28.5
bflTTN_Aig59_1100	TTNI64_193	21.538	65	51	0	24	88	25	89	4.39e-04	28.5
bflTTN_Aig59_1100	TTNA142_194	26.027	73	52	1	11	83	15	85	4.88e-04	28.5
bflTTN_Aig59_1100	TTNI104_188	17.143	70	57	1	2	71	3	71	5.44e-04	28.1
bflTTN_Aig59_1100	TTNI55_193	26.923	78	53	3	13	89	14	88	7.79e-04	27.7
bflTTN_Aig59_1100	TTNI57_193	22.973	74	57	0	15	88	16	89	7.87e-04	27.7
bflTTN_Aig59_1100	TTNI1_194	22.989	87	66	1	1	86	2	88	0.001	27.3
bflTTN_Aig59_1100	TTNI26_191	22.222	90	65	3	1	88	1	87	0.001	27.3
bflTTN_Aig59_1100	TTNM8_193	36.842	38	22	1	16	51	16	53	0.001	26.9
bflTTN_Aig59_1100	TTNA94_195	20.930	86	65	1	1	83	1	86	0.002	26.9
bflTTN_Aig59_1100	TTNA153_193	21.622	74	56	1	15	88	18	89	0.002	26.6
bflTTN_Aig59_1100	TTNA87_194	24.286	70	51	1	15	84	19	86	0.002	26.6
bflTTN_Aig59_1100	TTNI9_187	21.839	87	63	2	2	88	3	84	0.002	26.2
bflTTN_Aig59_1100	TTNI97_188	38.095	21	13	0	32	52	32	52	0.002	26.2
bflTTN_Aig59_1100	TTNA83_196	21.505	93	66	3	1	88	2	92	0.003	26.6
bflTTN_Aig59_1100	TTNZ3_195	20.000	85	68	0	1	85	2	86	0.003	26.2
bflTTN_Aig59_1100	TTNA168_194	25.714	35	25	1	17	50	17	51	0.003	26.2
bflTTN_Aig59_1100	TTNA8_195	27.027	74	53	1	15	88	19	91	0.003	26.2
bflTTN_Aig59_1100	TTNI3_187	26.667	45	33	0	32	76	32	76	0.004	25.8
bflTTN_Aig59_1100	TTNA72_196	40.625	32	19	0	10	41	14	45	0.004	25.8
bflTTN_Aig59_1100	TTNI103_188	25.333	75	55	1	8	82	9	82	0.004	25.8
bflTTN_Aig59_1100	TTNI98_188	30.000	60	41	1	16	75	17	75	0.007	25.0
bflTTN_Aig59_1100	TTNI67_193	22.368	76	59	0	13	88	14	89	0.009	25.0
bflTTN_Aig59_1100	TTNM1_192	21.519	79	61	1	11	88	10	88	0.010	24.6
bflTTN_Aig59_1100	TTNI100_188	25.581	86	57	3	7	90	8	88	0.013	24.3
bflTTN_Aig59_1100	TTNI106_194	30.909	55	38	0	25	79	27	81	0.014	24.3
bflTTN_Aig59_1100	TTNI40_193	21.875	64	50	0	25	88	26	89	0.015	24.3
bflTTN_Aig59_1100	TTNI101_193	23.636	55	42	0	32	86	32	86	0.016	24.3
bflTTN_Aig59_1100	TTNA68_195	21.918	73	57	0	10	82	13	85	0.018	23.9
bflTTN_Aig59_1100	TTNI82_188	21.429	70	54	1	8	77	9	77	0.020	23.9
bflTTN_Aig59_1100	TTNA145_195	26.866	67	34	1	12	63	15	81	0.021	23.9
bflTTN_Aig59_1100	TTNA109_194	27.273	66	46	1	19	84	23	86	0.026	23.5
bflTTN_Aig59_1100	TTNI72_193	20.270	74	59	0	15	88	16	89	0.033	23.1
bflTTN_Aig59_1100	TTNA65_194	20.000	75	58	1	10	84	14	86	0.034	23.1
bflTTN_Aig59_1100	TTNM10_195	20.000	90	70	1	1	88	2	91	0.050	22.7
bflTTN_Aig59_1100	TTNI107_196	18.919	74	60	0	15	88	19	92	0.067	22.3
bflTTN_Aig59_1100	TTNI8_188	24.658	73	51	1	16	88	17	85	0.087	21.9
bflTTN_Aig59_1100	TTNI81_190	23.913	46	35	0	26	71	28	73	0.13	21.6
bflTTN_Aig59_1100	TTNZ8_195	25.676	74	53	1	18	89	18	91	0.14	21.6
bflTTN_Aig59_1100	TTNA43_195	25.000	72	53	1	10	81	14	84	0.18	21.2
bflTTN_Aig59_1100	TTNA18_199	23.171	82	54	3	15	88	15	95	0.25	20.8
bflTTN_Aig59_1100	TTNI94_187	28.205	39	28	0	33	71	33	71	0.28	20.8
bflTTN_Aig59_1100	TTNI10_187	24.528	53	40	0	34	86	34	86	0.28	20.8
bflTTN_Aig59_1100	TTNI11_187	20.455	88	66	1	1	88	1	84	0.35	20.4
bflTTN_Aig59_1100	TTNA165_196	21.795	78	60	1	8	84	11	88	0.38	20.4
bflTTN_Aig59_1100	TTNI5_188	21.739	69	54	0	3	71	4	72	0.42	20.0
bflTTN_Aig59_1100	TTNA61_197	22.222	63	49	0	26	88	31	93	0.44	20.0
bflTTN_Aig59_1100	TTNI102_188	28.333	60	41	1	31	90	31	88	0.45	20.0
bflTTN_Aig59_1100	TTNA4_1121	34.146	41	24	1	44	84	76	113	0.48	20.0
bflTTN_Aig59_1100	TTNI13_190	41.667	12	7	0	30	41	30	41	0.71	19.6
bflTTN_Aig59_1100	TTNI80_194	20.930	86	52	1	7	76	8	93	0.72	19.6
bflTTN_Aig59_1100	TTNI99_188	27.273	22	16	0	28	49	28	49	1.1	18.9
bflTTN_Aig59_1100	TTNZ7_195	41.176	17	10	0	68	84	55	71	1.2	18.9
bflTTN_Aig59_1100	TTNA160_193	20.000	70	54	1	19	88	22	89	1.3	18.9
bflTTN_Aig59_1100	TTNI92_187	19.231	78	61	2	1	77	1	77	2.3	18.1
bflTTN_Aig59_1100	TTNI52_193	15.152	33	28	0	15	47	16	48	4.7	17.3
bflTTN_Aig60_187	TTNA160_193	41.772	79	44	1	7	85	16	92	1.98e-18	65.1
bflTTN_Aig60_187	TTNA112_192	37.333	75	47	0	12	86	18	92	5.74e-18	63.9
bflTTN_Aig60_187	TTNA98_194	37.500	80	48	1	7	86	17	94	7.63e-16	58.5
bflTTN_Aig60_187	TTNA79_193	42.857	77	42	1	8	82	15	91	8.22e-16	58.5
bflTTN_Aig60_187	TTNA65_194	41.250	80	45	1	7	86	17	94	1.27e-15	58.2
bflTTN_Aig60_187	TTNA120_193	33.750	80	51	2	7	86	16	93	1.66e-15	57.8
bflTTN_Aig60_187	TTNA101_192	35.000	80	52	0	7	86	13	92	5.86e-15	56.2
bflTTN_Aig60_187	TTNA131_197	38.889	72	44	0	3	74	13	84	7.49e-15	56.2
bflTTN_Aig60_187	TTNA153_193	32.500	80	52	1	7	86	16	93	2.41e-14	54.7
bflTTN_Aig60_187	TTNA57_195	35.135	74	44	1	12	81	21	94	4.06e-14	54.3
bflTTN_Aig60_187	TTNA87_194	33.750	80	51	1	7	86	17	94	7.28e-14	53.5
bflTTN_Aig60_187	TTNA134_195	36.364	66	42	0	7	72	16	81	1.38e-13	52.8
bflTTN_Aig60_187	TTNA142_194	28.750	80	55	1	7	86	17	94	2.64e-13	52.0
bflTTN_Aig60_187	TTNA36_196	32.941	85	57	0	2	86	12	96	2.64e-13	52.0
bflTTN_Aig60_187	TTNA46_192	29.070	86	61	0	1	86	7	92	4.94e-13	51.2
bflTTN_Aig60_187	TTNA76_194	34.568	81	49	2	7	86	17	94	5.34e-13	51.2
bflTTN_Aig60_187	TTNA116_196	29.412	85	60	0	2	86	12	96	6.35e-13	51.2
bflTTN_Aig60_187	TTNA90_192	29.487	78	55	0	9	86	15	92	8.31e-13	50.8
bflTTN_Aig60_187	TTNA1_193	31.169	77	53	0	9	85	16	92	1.85e-12	50.1
bflTTN_Aig60_187	TTNA127_195	30.120	83	58	0	4	86	13	95	1.91e-12	50.1
bflTTN_Aig60_187	TTNA149_197	31.765	85	58	0	2	86	13	97	2.76e-12	49.7
bflTTN_Aig60_187	TTNA72_196	31.765	85	58	0	2	86	12	96	2.91e-12	49.3
bflTTN_Aig60_187	TTNA83_196	32.941	85	57	0	2	86	12	96	3.08e-12	49.3
bflTTN_Aig60_187	TTNA138_196	33.750	80	53	0	7	86	17	96	4.16e-12	48.9
bflTTN_Aig60_187	TTNA105_197	35.714	70	44	1	18	86	28	97	1.52e-11	47.8
bflTTN_Aig60_187	TTNA68_195	36.620	71	45	0	4	74	13	83	2.44e-11	47.0
bflTTN_Aig60_187	TTNA22_194	31.765	85	56	1	2	86	12	94	2.50e-11	47.0
bflTTN_Aig60_187	TTNA109_194	35.000	80	50	1	7	86	17	94	2.75e-11	47.0
bflTTN_Aig60_187	TTNA145_195	31.646	79	54	0	7	85	16	94	1.54e-10	45.1
bflTTN_Aig60_187	TTNA32_196	31.250	80	55	0	7	86	17	96	1.77e-10	44.7
bflTTN_Aig60_187	TTNA94_195	30.588	85	59	0	2	86	11	95	2.22e-10	44.7
bflTTN_Aig60_187	TTNA39_196	30.488	82	55	1	7	86	15	96	2.58e-10	44.3
bflTTN_Aig60_187	TTNM10_195	32.895	76	49	1	1	74	8	83	2.67e-10	44.3
bflTTN_Aig60_187	TTNA54_196	30.000	80	56	0	7	86	17	96	3.79e-10	43.9
bflTTN_Aig60_187	TTNA156_195	25.316	79	59	0	8	86	17	95	6.10e-10	43.5
bflTTN_Aig60_187	TTNA169_1100	28.235	85	60	1	3	86	16	100	9.26e-10	43.1
bflTTN_Aig60_187	TTNA123_196	31.325	83	55	1	3	85	13	93	9.97e-10	42.7
bflTTN_Aig60_187	TTNA8_195	32.530	83	55	1	4	86	14	95	1.17e-09	42.7
bflTTN_Aig60_187	TTNA165_196	26.250	80	56	2	6	84	15	92	1.50e-09	42.4
bflTTN_Aig60_187	TTNA25_194	30.588	85	59	0	2	86	10	94	2.14e-09	42.0
bflTTN_Aig60_187	TTNI107_196	32.500	80	54	0	7	86	17	96	3.89e-09	41.2
bflTTN_Aig60_187	TTNI74_193	36.842	57	36	0	18	74	25	81	6.01e-09	40.8
bflTTN_Aig60_187	TTNI39_193	30.986	71	49	0	16	86	23	93	7.37e-09	40.4
bflTTN_Aig60_187	TTNA29_194	32.500	80	52	1	7	86	17	94	1.18e-08	40.0
bflTTN_Aig60_187	TTNA61_197	36.620	71	45	0	16	86	27	97	1.84e-08	39.7
bflTTN_Aig60_187	TTNZ2_194	29.412	68	48	0	7	74	14	81	4.38e-08	38.5
bflTTN_Aig60_187	TTNI25_195	32.143	56	37	1	20	74	27	82	5.63e-08	38.5
bflTTN_Aig60_187	TTNI106_194	28.000	75	52	2	12	85	20	93	6.29e-08	38.1
bflTTN_Aig60_187	TTNM5_194	27.027	74	54	0	1	74	8	81	7.87e-08	38.1
bflTTN_Aig60_187	TTNA43_195	29.630	81	54	2	7	86	17	95	8.01e-08	38.1
bflTTN_Aig60_187	TTNZ6_195	30.233	86	57	2	1	84	7	91	8.63e-08	37.7
bflTTN_Aig60_187	TTNA50_196	26.866	67	49	0	20	86	30	96	4.09e-07	36.2
bflTTN_Aig60_187	TTNI27_194	25.641	78	58	0	9	86	16	93	5.68e-07	35.8
bflTTN_Aig60_187	TTNZ9_193	27.586	87	62	1	1	87	7	92	6.48e-07	35.4
bflTTN_Aig60_187	TTNI105_190	28.571	77	48	2	9	81	16	89	6.79e-07	35.4
bflTTN_Aig60_187	TTNI51_193	29.231	65	46	0	22	86	29	93	8.82e-07	35.0
bflTTN_Aig60_187	TTNI45_193	27.692	65	47	0	22	86	29	93	1.22e-06	34.7
bflTTN_Aig60_187	TTNI54_193	36.000	50	32	0	25	74	32	81	1.74e-06	34.3
bflTTN_Aig60_187	TTNI14_192	25.316	79	57	2	7	84	14	91	2.13e-06	34.3
bflTTN_Aig60_187	TTNI61_193	29.231	65	46	0	22	86	29	93	2.19e-06	34.3
bflTTN_Aig60_187	TTNI7_187	31.148	61	42	0	20	80	26	86	2.59e-06	33.9
bflTTN_Aig60_187	TTNM7_192	25.373	67	50	0	8	74	14	80	2.90e-06	33.9
bflTTN_Aig60_187	TTNI12_187	31.915	47	32	0	20	66	26	72	3.80e-06	33.5
bflTTN_Aig60_187	TTNA15_1104	25.806	93	61	2	2	86	11	103	4.76e-06	33.5
bflTTN_Aig60_187	TTNI102_188	29.825	57	40	0	25	81	31	87	1.13e-05	32.3
bflTTN_Aig60_187	TTNM4_193	25.000	76	57	0	9	84	16	91	1.18e-05	32.3
bflTTN_Aig60_187	TTNI103_188	26.230	61	45	0	20	80	26	86	1.27e-05	32.0
bflTTN_Aig60_187	TTNI30_194	28.788	66	47	0	9	74	17	82	1.32e-05	32.0
bflTTN_Aig60_187	TTNI4_189	34.884	43	28	0	27	69	33	75	1.39e-05	32.0
bflTTN_Aig60_187	TTNI71_193	22.093	86	67	0	1	86	8	93	1.62e-05	32.0
bflTTN_Aig60_187	TTNZ3_195	26.984	63	46	0	22	84	29	91	1.97e-05	31.6
bflTTN_Aig60_187	TTNI33_193	26.154	65	48	0	22	86	29	93	1.98e-05	31.6
bflTTN_Aig60_187	TTNI16_194	24.706	85	62	1	2	84	8	92	2.14e-05	31.6
bflTTN_Aig60_187	TTNI90_187	30.909	55	38	0	14	68	19	73	2.15e-05	31.6
bflTTN_Aig60_187	TTNI46_193	27.869	61	38	1	25	79	32	92	2.20e-05	31.6
bflTTN_Aig60_187	TTNA11_1103	24.176	91	63	1	2	86	13	103	2.75e-05	31.6
bflTTN_Aig60_187	TTNM2_195	28.986	69	46	1	9	74	15	83	2.85e-05	31.2
bflTTN_Aig60_187	TTNI47_193	29.333	75	45	3	6	74	9	81	3.67e-05	30.8
bflTTN_Aig60_187	TTNI94_187	32.653	49	33	0	20	68	26	74	3.91e-05	30.8
bflTTN_Aig60_187	TTNM3_193	28.125	64	45	1	22	84	28	91	4.04e-05	30.8
bflTTN_Aig60_187	TTNI55_193	22.892	83	64	0	2	84	9	91	4.30e-05	30.8
bflTTN_Aig60_187	TTNI58_194	20.253	79	63	0	6	84	14	92	4.40e-05	30.8
bflTTN_Aig60_187	TTNA4_1121	24.779	113	56	3	3	86	9	121	4.46e-05	31.2
bflTTN_Aig60_187	TTNI99_188	31.481	54	37	0	20	73	26	79	4.79e-05	30.4
bflTTN_Aig60_187	TTNI34_193	27.692	65	47	0	10	74	17	81	4.82e-05	30.8
bflTTN_Aig60_187	TTNI73_193	24.324	74	56	0	1	74	8	81	5.19e-05	30.4
bflTTN_Aig60_187	TTNI29_193	30.000	60	42	0	25	84	32	91	2.25e-04	28.9
bflTTN_Aig60_187	TTNI98_188	27.869	61	42	1	20	78	26	86	2.30e-04	28.9
bflTTN_Aig60_187	TTNI69_193	24.324	74	56	0	1	74	8	81	2.55e-04	28.9
bflTTN_Aig60_187	TTNI38_193	21.687	83	65	0	2	84	9	91	2.55e-04	28.9
bflTTN_Aig60_187	TTNZ4_195	25.000	68	49	1	9	74	16	83	2.81e-04	28.5
bflTTN_Aig60_187	TTNI36_194	28.169	71	45	3	7	74	15	82	3.24e-04	28.5
bflTTN_Aig60_187	TTNI1_194	28.571	56	39	1	20	74	27	82	3.35e-04	28.5
bflTTN_Aig60_187	TTNI42_194	25.397	63	47	0	22	84	30	92	3.38e-04	28.5
bflTTN_Aig60_187	TTNI44_193	23.214	56	43	0	20	75	27	82	4.42e-04	28.1
bflTTN_Aig60_187	TTNI53_193	28.125	64	40	1	11	74	24	81	4.47e-04	28.1
bflTTN_Aig60_187	TTNI84_196	32.787	61	35	3	27	83	37	95	4.86e-04	28.1
bflTTN_Aig60_187	TTNI41_193	28.333	60	43	0	25	84	32	91	5.06e-04	27.7
bflTTN_Aig60_187	TTNI88_187	27.451	51	37	0	23	73	28	78	5.16e-04	27.7
bflTTN_Aig60_187	TTNI70_194	27.273	66	46	2	23	86	29	94	6.22e-04	27.7
bflTTN_Aig60_187	TTNI59_193	24.390	82	62	0	1	82	8	89	6.41e-04	27.7
bflTTN_Aig60_187	TTNI97_188	28.571	56	40	0	26	81	32	87	7.44e-04	27.3
bflTTN_Aig60_187	TTNI97_188	25.000	28	21	0	8	35	51	78	7.4	16.5
bflTTN_Aig60_187	TTNZ5_193	30.769	65	42	2	22	83	29	93	7.57e-04	27.3
bflTTN_Aig60_187	TTNI49_193	22.973	74	57	0	1	74	8	81	7.88e-04	27.3
bflTTN_Aig60_187	TTNI72_193	22.857	70	54	0	5	74	12	81	8.74e-04	27.3
bflTTN_Aig60_187	TTNI92_187	32.692	52	34	1	23	73	28	79	8.86e-04	27.3
bflTTN_Aig60_187	TTNI35_193	21.622	74	58	0	1	74	8	81	0.001	27.3
bflTTN_Aig60_187	TTNI79_193	26.230	61	45	0	26	86	33	93	0.001	27.3
bflTTN_Aig60_187	TTNI68_194	28.000	50	36	0	22	71	30	79	0.001	26.9
bflTTN_Aig60_187	TTNI32_193	32.075	53	35	1	23	74	29	81	0.001	26.9
bflTTN_Aig60_187	TTNI85_192	31.481	54	36	1	23	75	29	82	0.001	26.9
bflTTN_Aig60_187	TTNA164_192	21.212	66	52	0	9	74	15	80	0.001	26.9
bflTTN_Aig60_187	TTNZ7_195	23.810	84	62	1	3	84	9	92	0.001	26.9
bflTTN_Aig60_187	TTNI3_187	28.302	53	38	0	28	80	34	86	0.002	26.6
bflTTN_Aig60_187	TTNM6_194	32.000	50	33	1	26	74	33	82	0.002	26.6
bflTTN_Aig60_187	TTNI80_194	29.870	77	49	2	13	84	16	92	0.002	26.6
bflTTN_Aig60_187	TTNI24_192	29.630	54	36	2	22	74	28	80	0.002	26.6
bflTTN_Aig60_187	TTNI63_193	26.250	80	47	2	1	74	8	81	0.003	25.8
bflTTN_Aig60_187	TTNI65_193	19.672	61	49	0	22	82	29	89	0.003	25.8
bflTTN_Aig60_187	TTNM9_196	25.676	74	55	0	1	74	8	81	0.003	25.8
bflTTN_Aig60_187	TTNI17_194	27.119	59	43	0	26	84	33	91	0.003	25.8
bflTTN_Aig60_187	TTNI101_193	23.404	47	36	0	28	74	34	80	0.004	25.8
bflTTN_Aig60_187	TTNI82_188	22.973	74	56	1	7	80	14	86	0.004	25.4
bflTTN_Aig60_187	TTNI10_187	33.962	53	35	0	28	80	34	86	0.004	25.4
bflTTN_Aig60_187	TTNI43_193	28.302	53	38	0	22	74	29	81	0.004	25.4
bflTTN_Aig60_187	TTNI50_194	27.451	51	36	1	26	75	33	83	0.005	25.0
bflTTN_Aig60_187	TTNI77_193	28.571	49	35	0	26	74	33	81	0.007	25.0
bflTTN_Aig60_187	TTNI67_193	34.615	52	28	3	26	74	33	81	0.007	25.0
bflTTN_Aig60_187	TTNI60_194	23.810	63	47	1	25	86	32	94	0.007	24.6
bflTTN_Aig60_187	TTNI78_194	28.333	60	41	1	25	82	33	92	0.010	24.3
bflTTN_Aig60_187	TTNI48_194	17.647	68	56	0	7	74	15	82	0.011	24.3
bflTTN_Aig60_187	TTNI62_193	26.000	50	37	0	25	74	32	81	0.015	23.9
bflTTN_Aig60_187	TTNI28_193	22.034	59	46	0	28	86	35	93	0.016	23.9
bflTTN_Aig60_187	TTNZ1_195	25.455	55	39	1	22	74	28	82	0.018	23.9
bflTTN_Aig60_187	TTNI40_193	24.000	50	38	0	25	74	32	81	0.018	23.9
bflTTN_Aig60_187	TTNA18_199	25.287	87	52	4	9	85	15	98	0.020	23.5
bflTTN_Aig60_187	TTNI75_193	22.222	63	49	0	22	84	29	91	0.022	23.5
bflTTN_Aig60_187	TTNI13_190	28.814	59	35	3	13	66	18	74	0.030	23.1
bflTTN_Aig60_187	TTNI57_193	28.571	49	35	0	26	74	33	81	0.032	23.1
bflTTN_Aig60_187	TTNI31_193	24.490	49	37	0	26	74	33	81	0.033	23.1
bflTTN_Aig60_187	TTNI11_187	26.415	53	39	0	28	80	34	86	0.040	22.7
bflTTN_Aig60_187	TTNI100_188	30.000	30	21	0	52	81	58	87	0.048	22.3
bflTTN_Aig60_187	TTNI86_190	32.075	53	34	1	20	70	26	78	0.052	22.3
bflTTN_Aig60_187	TTNA168_194	43.750	16	9	0	20	35	26	41	0.064	22.3
bflTTN_Aig60_187	TTNI96_188	28.205	39	28	0	26	64	32	70	0.091	21.6
bflTTN_Aig60_187	TTNI76_193	30.357	56	32	4	23	74	29	81	0.12	21.6
bflTTN_Aig60_187	TTNI37_193	27.273	55	36	2	22	74	29	81	0.12	21.6
bflTTN_Aig60_187	TTNI15_191	28.571	49	35	0	26	74	32	80	0.14	21.2
bflTTN_Aig60_187	TTNI81_190	22.727	44	34	0	22	65	30	73	0.19	20.8
bflTTN_Aig60_187	TTNI9_187	26.190	42	31	0	26	67	32	73	0.30	20.4
bflTTN_Aig60_187	TTNZ8_195	24.528	53	40	0	22	74	30	82	0.35	20.0
bflTTN_Aig60_187	TTNM1_192	21.429	70	54	1	6	74	11	80	0.63	19.2
bflTTN_Aig60_187	TTNI2_191	43.750	16	9	0	20	35	27	42	0.96	18.9
bflTTN_Aig60_187	TTNI104_188	25.000	40	30	0	26	65	32	71	1.0	18.9
bflTTN_Aig60_187	TTNI26_191	31.250	32	22	0	43	74	48	79	1.3	18.5
bflTTN_Aig60_187	TTNI56_193	18.367	49	40	0	26	74	33	81	2.2	18.1
bflTTN_Aig60_187	TTNM8_193	20.312	64	51	0	13	76	19	82	2.4	17.7
bflTTN_Aig60_187	TTNI6_187	24.390	41	31	0	26	66	32	72	2.5	17.7
bflTTN_Aig60_187	TTNI83_193	24.390	41	31	0	26	66	32	72	2.9	17.7
bflTTN_Aig60_187	TTNI52_193	18.293	82	63	2	7	84	10	91	2.9	17.7
bflTTN_Aig60_187	TTNI91_188	27.586	29	21	0	52	80	58	86	3.2	17.3
bflTTN_Aig60_187	TTNI5_188	26.829	41	30	0	25	65	32	72	3.4	17.3
bflTTN_Aig60_187	TTNI66_193	23.077	52	34	2	26	74	33	81	4.1	17.3
bflTTN_Aig60_187	TTNI8_188	37.500	24	7	1	26	49	33	48	5.4	16.9
bflTTN_AMig1_194	TTNZ2_194	25.532	94	69	1	1	94	2	94	6.30e-11	46.2
bflTTN_AMig1_194	TTNI69_193	26.374	91	66	1	1	91	2	91	9.39e-11	45.8
bflTTN_AMig1_194	TTNI27_194	27.473	91	65	1	1	91	2	91	1.75e-10	45.1
bflTTN_AMig1_194	TTNI57_193	29.670	91	63	1	1	91	2	91	5.07e-10	43.9
bflTTN_AMig1_194	TTNI16_194	27.174	92	66	1	1	91	1	92	1.17e-09	43.1
bflTTN_AMig1_194	TTNI67_193	28.571	91	64	1	1	91	2	91	1.72e-09	42.4
bflTTN_AMig1_194	TTNI79_193	26.374	91	66	1	1	91	2	91	2.72e-09	42.0
bflTTN_AMig1_194	TTNI53_193	23.077	91	69	1	1	91	2	91	3.23e-09	41.6
bflTTN_AMig1_194	TTNI34_193	33.962	53	35	0	39	91	39	91	4.50e-09	41.6
bflTTN_AMig1_194	TTNI73_193	26.374	91	66	1	1	91	2	91	6.00e-09	41.2
bflTTN_AMig1_194	TTNI65_193	30.769	91	62	1	1	91	2	91	8.45e-09	40.8
bflTTN_AMig1_194	TTNA164_192	28.090	89	63	1	1	89	1	88	1.08e-08	40.4
bflTTN_AMig1_194	TTNM7_192	28.571	91	64	1	1	91	1	90	1.48e-08	40.0
bflTTN_AMig1_194	TTNI77_193	29.870	77	53	1	15	91	16	91	1.71e-08	40.0
bflTTN_AMig1_194	TTNZ6_195	30.435	92	62	2	1	91	1	91	1.29e-07	37.7
bflTTN_AMig1_194	TTNI42_194	25.000	92	67	2	1	91	2	92	1.34e-07	37.7
bflTTN_AMig1_194	TTNI100_188	28.889	90	58	3	3	92	4	87	2.85e-07	36.6
bflTTN_AMig1_194	TTNZ3_195	23.656	93	66	2	1	91	2	91	3.05e-07	36.6
bflTTN_AMig1_194	TTNI71_193	28.889	90	61	2	3	90	4	92	3.57e-07	36.6
bflTTN_AMig1_194	TTNI75_193	27.473	91	65	1	1	91	2	91	3.60e-07	36.6
bflTTN_AMig1_194	TTNI41_193	24.176	91	68	1	1	91	2	91	4.45e-07	36.2
bflTTN_AMig1_194	TTNI49_193	33.333	45	30	0	40	84	40	84	4.90e-07	36.2
bflTTN_AMig1_194	TTNI37_193	32.000	50	34	0	42	91	42	91	5.16e-07	36.2
bflTTN_AMig1_194	TTNI63_193	20.879	91	71	1	1	91	2	91	7.80e-07	35.4
bflTTN_AMig1_194	TTNI35_193	25.275	91	67	1	1	91	2	91	8.14e-07	35.4
bflTTN_AMig1_194	TTNI82_188	29.670	91	58	2	1	91	2	86	9.44e-07	35.4
bflTTN_AMig1_194	TTNI31_193	19.753	81	64	1	1	81	2	81	1.04e-06	35.4
bflTTN_AMig1_194	TTNA168_194	27.957	93	64	3	1	91	1	92	1.09e-06	35.0
bflTTN_AMig1_194	TTNI24_192	30.435	92	61	2	1	91	1	90	1.13e-06	35.0
bflTTN_AMig1_194	TTNZ1_195	26.882	93	61	3	1	89	1	90	1.25e-06	35.0
bflTTN_AMig1_194	TTNI17_194	25.806	93	68	1	1	93	2	93	3.39e-06	33.9
bflTTN_AMig1_194	TTNI32_193	28.261	92	63	2	1	91	2	91	3.52e-06	33.9
bflTTN_AMig1_194	TTNI46_193	27.027	74	51	1	21	91	18	91	4.34e-06	33.5
bflTTN_AMig1_194	TTNI84_196	25.000	92	67	1	2	91	3	94	5.43e-06	33.5
bflTTN_AMig1_194	TTNI9_187	24.658	73	53	1	2	74	3	73	6.15e-06	33.1
bflTTN_AMig1_194	TTNI98_188	29.545	88	52	4	3	85	4	86	6.65e-06	33.1
bflTTN_AMig1_194	TTNA32_196	28.395	81	57	1	12	92	16	95	7.59e-06	33.1
bflTTN_AMig1_194	TTNI39_193	24.096	83	62	1	10	92	11	92	9.34e-06	32.7
bflTTN_AMig1_194	TTNI80_194	24.719	89	67	0	3	91	4	92	9.48e-06	32.7
bflTTN_AMig1_194	TTNI43_193	19.780	91	72	1	1	91	2	91	1.21e-05	32.3
bflTTN_AMig1_194	TTNM4_193	24.731	93	69	1	1	93	2	93	1.25e-05	32.3
bflTTN_AMig1_194	TTNI48_194	21.505	93	69	3	1	91	2	92	1.47e-05	32.3
bflTTN_AMig1_194	TTNI59_193	28.000	50	36	0	40	89	40	89	1.66e-05	32.0
bflTTN_AMig1_194	TTNI70_194	21.739	92	72	0	1	92	2	93	1.70e-05	32.0
bflTTN_AMig1_194	TTNZ9_193	25.275	91	66	2	1	91	1	89	1.71e-05	32.0
bflTTN_AMig1_194	TTNI3_187	32.468	77	38	3	3	73	4	72	2.06e-05	31.6
bflTTN_AMig1_194	TTNI72_193	30.189	53	37	0	39	91	39	91	2.47e-05	31.6
bflTTN_AMig1_194	TTNI6_187	24.138	87	62	2	2	86	3	87	3.47e-05	31.2
bflTTN_AMig1_194	TTNM1_192	25.926	54	40	0	40	93	39	92	3.78e-05	31.2
bflTTN_AMig1_194	TTNA50_196	27.778	54	39	0	39	92	42	95	3.82e-05	31.2
bflTTN_AMig1_194	TTNI66_193	24.719	89	66	1	1	89	2	89	6.12e-05	30.4
bflTTN_AMig1_194	TTNI28_193	23.158	95	66	2	1	92	2	92	6.38e-05	30.4
bflTTN_AMig1_194	TTNZ8_195	30.189	53	37	0	39	91	40	92	7.73e-05	30.4
bflTTN_AMig1_194	TTNI14_192	25.275	91	67	1	1	91	2	91	9.14e-05	30.0
bflTTN_AMig1_194	TTNI26_191	24.706	85	60	2	9	92	9	90	9.50e-05	30.0
bflTTN_AMig1_194	TTNI38_193	23.077	91	69	1	1	91	2	91	1.09e-04	30.0
bflTTN_AMig1_194	TTNI56_193	22.222	90	69	1	1	90	2	90	1.30e-04	29.6
bflTTN_AMig1_194	TTNM3_193	25.000	92	67	2	1	91	1	91	1.36e-04	29.6
bflTTN_AMig1_194	TTNZ4_195	28.571	91	62	2	1	89	2	91	1.51e-04	29.6
bflTTN_AMig1_194	TTNI55_193	23.077	91	69	1	1	91	2	91	1.52e-04	29.6
bflTTN_AMig1_194	TTNI40_193	28.846	52	37	0	40	91	40	91	1.89e-04	29.3
bflTTN_AMig1_194	TTNA61_197	21.053	95	72	1	1	92	2	96	1.97e-04	29.3
bflTTN_AMig1_194	TTNI25_195	23.656	93	69	2	1	92	2	93	2.24e-04	29.3
bflTTN_AMig1_194	TTNI29_193	26.389	72	50	1	23	91	20	91	2.95e-04	28.9
bflTTN_AMig1_194	TTNA36_196	23.457	81	61	1	12	92	16	95	4.96e-04	28.1
bflTTN_AMig1_194	TTNI107_196	29.412	51	36	0	42	92	45	95	6.35e-04	27.7
bflTTN_AMig1_194	TTNI54_193	27.778	54	39	0	39	92	39	92	0.001	26.9
bflTTN_AMig1_194	TTNI103_188	30.556	72	48	1	3	74	4	73	0.001	26.9
bflTTN_AMig1_194	TTNI97_188	29.730	74	50	1	3	76	4	75	0.002	26.6
bflTTN_AMig1_194	TTNI36_194	21.127	71	55	1	12	82	14	83	0.002	26.6
bflTTN_AMig1_194	TTNI76_193	22.472	89	68	1	1	89	2	89	0.002	26.6
bflTTN_AMig1_194	TTNI62_193	21.978	91	70	1	1	91	2	91	0.002	26.6
bflTTN_AMig1_194	TTNI52_193	31.111	45	31	0	47	91	47	91	0.002	26.6
bflTTN_AMig1_194	TTNI51_193	25.000	80	59	1	12	91	13	91	0.002	26.6
bflTTN_AMig1_194	TTNA1_193	23.729	59	45	0	35	93	35	93	0.002	26.2
bflTTN_AMig1_194	TTNI58_194	22.917	96	64	5	1	91	2	92	0.002	26.2
bflTTN_AMig1_194	TTNA101_192	31.481	54	35	1	39	92	38	89	0.002	26.2
bflTTN_AMig1_194	TTNI10_187	24.000	75	49	2	2	73	3	72	0.002	26.2
bflTTN_AMig1_194	TTNI96_188	29.730	74	50	2	3	76	4	75	0.003	26.2
bflTTN_AMig1_194	TTNM9_196	19.565	92	73	1	1	92	2	92	0.003	26.2
bflTTN_AMig1_194	TTNI99_188	23.377	77	57	1	3	79	4	78	0.003	25.8
bflTTN_AMig1_194	TTNI47_193	21.978	91	70	1	1	91	2	91	0.004	25.8
bflTTN_AMig1_194	TTNI30_194	33.333	33	22	0	59	91	60	92	0.004	25.8
bflTTN_AMig1_194	TTNA98_194	25.532	47	35	0	46	92	47	93	0.004	25.4
bflTTN_AMig1_194	TTNM2_195	25.000	80	56	2	15	91	15	93	0.007	25.0
bflTTN_AMig1_194	TTNA90_192	25.862	58	43	0	35	92	34	91	0.007	25.0
bflTTN_AMig1_194	TTNI89_188	23.077	91	64	2	2	92	3	87	0.008	24.6
bflTTN_AMig1_194	TTNI12_187	24.719	89	61	3	3	91	4	86	0.009	24.6
bflTTN_AMig1_194	TTNA18_199	34.615	26	17	0	68	93	74	99	0.009	24.6
bflTTN_AMig1_194	TTNI13_190	27.907	43	31	0	42	84	43	85	0.011	24.3
bflTTN_AMig1_194	TTNA112_192	24.074	54	41	0	39	92	38	91	0.012	24.3
bflTTN_AMig1_194	TTNI33_193	17.582	91	74	1	2	92	3	92	0.013	24.3
bflTTN_AMig1_194	TTNI104_188	25.714	70	50	1	3	72	4	71	0.016	23.9
bflTTN_AMig1_194	TTNI78_194	18.478	92	73	2	1	91	2	92	0.018	23.9
bflTTN_AMig1_194	TTNI74_193	40.000	25	15	0	68	92	68	92	0.019	23.9
bflTTN_AMig1_194	TTNI11_187	30.189	53	33	1	39	91	38	86	0.023	23.5
bflTTN_AMig1_194	TTNI45_193	24.074	54	41	0	39	92	39	92	0.027	23.5
bflTTN_AMig1_194	TTNA39_196	28.571	35	25	0	58	92	61	95	0.029	23.5
bflTTN_AMig1_194	TTNA76_194	22.951	61	44	1	32	92	36	93	0.037	23.1
bflTTN_AMig1_194	TTNA156_195	22.414	58	45	0	35	92	37	94	0.045	22.7
bflTTN_AMig1_194	TTNA156_195	32.432	37	13	1	27	63	71	95	3.7	17.3
bflTTN_AMig1_194	TTNI94_187	32.353	68	39	4	25	91	25	86	0.053	22.7
bflTTN_AMig1_194	TTNM10_195	32.258	31	21	0	61	91	63	93	0.062	22.3
bflTTN_AMig1_194	TTNZ5_193	26.437	87	58	3	8	91	9	92	0.075	22.3
bflTTN_AMig1_194	TTNI44_193	29.268	41	29	0	42	82	42	82	0.078	21.9
bflTTN_AMig1_194	TTNA94_195	32.000	25	17	0	68	92	70	94	0.086	21.9
bflTTN_AMig1_194	TTNA46_192	21.739	92	71	1	1	92	1	91	0.096	21.9
bflTTN_AMig1_194	TTNA57_195	23.077	52	40	0	42	93	44	95	0.099	21.9
bflTTN_AMig1_194	TTNA25_194	18.750	48	39	0	45	92	46	93	0.099	21.9
bflTTN_AMig1_194	TTNA123_196	36.000	25	16	0	68	92	71	95	0.11	21.6
bflTTN_AMig1_194	TTNA4_1121	26.316	38	28	0	55	92	83	120	0.15	21.6
bflTTN_AMig1_194	TTNA87_194	30.000	30	21	0	63	92	64	93	0.16	21.2
bflTTN_AMig1_194	TTNI61_193	21.250	80	62	1	2	81	3	81	0.16	21.2
bflTTN_AMig1_194	TTNA145_195	20.339	59	47	0	35	93	37	95	0.16	21.2
bflTTN_AMig1_194	TTNI68_194	36.111	36	20	1	59	91	57	92	0.20	21.2
bflTTN_AMig1_194	TTNI5_188	22.619	84	60	2	8	91	9	87	0.20	20.8
bflTTN_AMig1_194	TTNI2_191	25.275	91	62	4	3	91	4	90	0.29	20.4
bflTTN_AMig1_194	TTNI102_188	26.882	93	58	5	2	92	3	87	0.32	20.4
bflTTN_AMig1_194	TTNA153_193	28.571	28	20	0	64	91	64	91	0.44	20.0
bflTTN_AMig1_194	TTNA79_193	28.000	25	18	0	68	92	68	92	0.54	19.6
bflTTN_AMig1_194	TTNI4_189	19.540	87	64	2	3	85	4	88	0.70	19.2
bflTTN_AMig1_194	TTNI64_193	29.412	34	24	0	59	92	59	92	0.71	19.2
bflTTN_AMig1_194	TTNI101_193	24.390	41	31	0	47	87	46	86	0.83	19.2
bflTTN_AMig1_194	TTNZ7_195	18.085	94	72	2	1	91	1	92	0.84	19.2
bflTTN_AMig1_194	TTNA149_197	28.000	25	18	0	68	92	72	96	0.95	19.2
bflTTN_AMig1_194	TTNI86_190	19.444	72	58	0	3	74	4	75	1.00	18.9
bflTTN_AMig1_194	TTNI7_187	41.667	24	10	1	68	91	67	86	1.2	18.9
bflTTN_AMig1_194	TTNA11_1103	43.750	16	9	0	68	83	78	93	1.4	18.5
bflTTN_AMig1_194	TTNA65_194	41.667	12	7	0	52	63	83	94	2.0	18.1
bflTTN_AMig1_194	TTNA142_194	24.000	25	19	0	68	92	69	93	2.6	17.7
bflTTN_AMig1_194	TTNM5_194	31.034	29	19	1	7	34	31	59	3.3	17.7
bflTTN_AMig1_194	TTNA72_196	42.857	14	8	0	68	81	71	84	4.6	17.3
bflTTN_AMig1_194	TTNI88_187	30.769	52	32	2	42	93	40	87	4.6	16.9
bflTTN_AMig1_194	TTNI85_192	32.432	37	16	1	46	73	37	73	6.7	16.5
bflTTN_AMig1_194	TTNA127_195	85.714	7	1	0	57	63	89	95	6.9	16.5
bflTTN_AMig1_194	TTNI105_190	30.435	23	10	1	47	63	68	90	8.7	16.2
bflTTN_AMig1_194	TTNA120_193	20.588	34	27	0	59	92	59	92	9.7	16.2
bflTTN_AMig2_197	TTNA50_196	35.106	94	60	1	1	94	2	94	7.08e-20	69.3
bflTTN_AMig2_197	TTNA169_1100	35.052	97	59	3	2	95	4	99	1.64e-18	65.9
bflTTN_AMig2_197	TTNA87_194	41.489	94	52	1	1	94	2	92	6.49e-18	64.3
bflTTN_AMig2_197	TTNA98_194	35.106	94	58	1	1	94	2	92	6.86e-18	64.3
bflTTN_AMig2_197	TTNM10_195	37.113	97	57	2	1	96	2	95	3.05e-17	62.4
bflTTN_AMig2_197	TTNA153_193	32.979	94	60	1	1	94	1	91	3.72e-17	62.4
bflTTN_AMig2_197	TTNA76_194	35.106	94	58	1	1	94	2	92	1.70e-15	58.2
bflTTN_AMig2_197	TTNA65_194	29.787	94	63	1	1	94	2	92	4.32e-15	57.0
bflTTN_AMig2_197	TTNA131_197	32.632	95	62	2	1	94	2	95	5.34e-15	57.0
bflTTN_AMig2_197	TTNA109_194	36.842	95	55	3	1	94	2	92	1.21e-14	55.8
bflTTN_AMig2_197	TTNA160_193	32.979	94	60	1	1	94	1	91	1.45e-14	55.5
bflTTN_AMig2_197	TTNA127_195	28.723	94	66	1	1	94	1	93	5.75e-14	54.3
bflTTN_AMig2_197	TTNA46_192	35.106	94	56	2	1	94	2	90	1.12e-13	53.5
bflTTN_AMig2_197	TTNA90_192	32.911	79	52	1	14	92	11	88	1.58e-13	53.1
bflTTN_AMig2_197	TTNZ2_194	33.333	84	55	1	11	94	9	91	3.00e-13	52.4
bflTTN_AMig2_197	TTNA112_192	33.696	92	57	2	1	92	1	88	3.38e-13	52.0
bflTTN_AMig2_197	TTNA142_194	27.660	94	65	1	1	94	2	92	8.56e-13	51.2
bflTTN_AMig2_197	TTNA83_196	30.851	94	64	1	1	94	2	94	1.04e-12	50.8
bflTTN_AMig2_197	TTNA120_193	29.787	94	63	1	1	94	1	91	1.11e-12	50.8
bflTTN_AMig2_197	TTNI51_193	30.120	83	57	1	13	95	11	92	1.40e-12	50.4
bflTTN_AMig2_197	TTNI71_193	29.032	93	61	2	3	95	5	92	1.45e-12	50.4
bflTTN_AMig2_197	TTNI69_193	34.043	94	58	2	6	96	1	93	2.05e-12	50.1
bflTTN_AMig2_197	TTNZ3_195	33.333	84	55	1	11	94	9	91	2.07e-12	50.1
bflTTN_AMig2_197	TTNA68_195	32.979	94	62	1	1	94	1	93	2.54e-12	50.1
bflTTN_AMig2_197	TTNA156_195	31.522	92	62	1	1	92	1	91	3.12e-12	49.7
bflTTN_AMig2_197	TTNA54_196	32.979	94	62	1	1	94	2	94	3.51e-12	49.7
bflTTN_AMig2_197	TTNA43_195	32.979	94	61	1	1	94	2	93	5.71e-12	48.9
bflTTN_AMig2_197	TTNA168_194	29.670	91	62	2	5	94	3	92	7.71e-12	48.5
bflTTN_AMig2_197	TTNM5_194	29.762	84	58	1	11	94	9	91	1.07e-11	48.1
bflTTN_AMig2_197	TTNI77_193	35.065	77	49	1	18	94	16	91	1.16e-11	48.1
bflTTN_AMig2_197	TTNA57_195	34.722	72	46	1	23	94	23	93	1.84e-11	47.8
bflTTN_AMig2_197	TTNA105_197	28.723	94	67	0	1	94	2	95	4.26e-11	47.0
bflTTN_AMig2_197	TTNA116_196	25.532	94	69	1	1	94	2	94	5.00e-11	46.6
bflTTN_AMig2_197	TTNM3_193	28.090	89	62	2	7	94	4	91	8.13e-11	45.8
bflTTN_AMig2_197	TTNA101_192	32.979	94	57	3	1	94	1	88	1.86e-10	45.1
bflTTN_AMig2_197	TTNI59_193	32.468	77	51	1	17	93	15	90	2.21e-10	45.1
bflTTN_AMig2_197	TTNA138_196	30.851	94	64	1	1	94	2	94	2.27e-10	45.1
bflTTN_AMig2_197	TTNA72_196	29.787	94	65	1	1	94	2	94	4.50e-10	44.3
bflTTN_AMig2_197	TTNI107_196	28.723	94	66	1	1	94	2	94	5.58e-10	43.9
bflTTN_AMig2_197	TTNI61_193	29.032	93	61	2	3	95	5	92	6.80e-10	43.5
bflTTN_AMig2_197	TTNM7_192	31.081	74	50	1	23	96	20	92	9.49e-10	43.1
bflTTN_AMig2_197	TTNA1_193	29.787	94	62	2	1	94	2	91	1.67e-09	42.7
bflTTN_AMig2_197	TTNI72_193	32.143	84	56	1	11	94	9	91	1.71e-09	42.7
bflTTN_AMig2_197	TTNI67_193	30.488	82	56	1	13	94	11	91	1.82e-09	42.4
bflTTN_AMig2_197	TTNM2_195	33.750	80	51	1	18	95	15	94	2.27e-09	42.4
bflTTN_AMig2_197	TTNA164_192	26.667	75	54	1	11	85	8	81	3.50e-09	41.6
bflTTN_AMig2_197	TTNA61_197	28.421	95	66	2	1	94	2	95	3.73e-09	42.0
bflTTN_AMig2_197	TTNZ7_195	32.184	87	56	2	11	94	8	94	3.87e-09	41.6
bflTTN_AMig2_197	TTNA32_196	25.532	94	69	1	1	94	2	94	4.53e-09	41.6
bflTTN_AMig2_197	TTNA36_196	26.596	94	66	2	1	92	2	94	5.09e-09	41.6
bflTTN_AMig2_197	TTNI25_195	29.670	91	62	1	6	94	2	92	5.50e-09	41.2
bflTTN_AMig2_197	TTNA123_196	27.660	94	67	1	1	94	2	94	5.97e-09	41.2
bflTTN_AMig2_197	TTNI33_193	26.829	82	59	1	13	94	11	91	7.61e-09	40.8
bflTTN_AMig2_197	TTNA79_193	30.233	86	59	1	9	94	7	91	8.83e-09	40.8
bflTTN_AMig2_197	TTNZ6_195	27.500	80	58	0	18	97	15	94	9.98e-09	40.8
bflTTN_AMig2_197	TTNI49_193	28.205	78	55	1	17	94	15	91	1.01e-08	40.4
bflTTN_AMig2_197	TTNA149_197	30.526	95	64	2	1	94	2	95	1.41e-08	40.4
bflTTN_AMig2_197	TTNZ1_195	26.966	89	60	2	11	96	8	94	1.68e-08	40.0
bflTTN_AMig2_197	TTNI57_193	30.488	82	56	1	13	94	11	91	2.01e-08	39.7
bflTTN_AMig2_197	TTNA29_194	28.723	94	64	1	1	94	2	92	2.55e-08	39.7
bflTTN_AMig2_197	TTNI75_193	30.588	85	52	2	13	94	11	91	2.76e-08	39.3
bflTTN_AMig2_197	TTNI45_193	27.586	87	62	1	8	94	6	91	2.97e-08	39.3
bflTTN_AMig2_197	TTNI39_193	26.829	82	59	1	13	94	11	91	3.27e-08	39.3
bflTTN_AMig2_197	TTNI55_193	35.821	67	42	1	18	84	16	81	4.65e-08	38.9
bflTTN_AMig2_197	TTNA25_194	30.000	90	56	3	8	94	7	92	4.93e-08	38.9
bflTTN_AMig2_197	TTNA94_195	23.404	94	71	1	1	94	1	93	6.15e-08	38.5
bflTTN_AMig2_197	TTNZ4_195	32.468	77	49	2	18	92	16	91	7.13e-08	38.5
bflTTN_AMig2_197	TTNI37_193	28.049	82	58	1	11	92	9	89	7.65e-08	38.1
bflTTN_AMig2_197	TTNI14_192	22.619	84	64	1	11	94	9	91	8.63e-08	38.1
bflTTN_AMig2_197	TTNA15_1104	24.691	81	52	3	23	94	21	101	1.02e-07	38.1
bflTTN_AMig2_197	TTNI30_194	29.487	78	48	2	18	92	17	90	1.34e-07	37.7
bflTTN_AMig2_197	TTNI74_193	27.778	90	61	2	6	92	1	89	1.57e-07	37.4
bflTTN_AMig2_197	TTNI58_194	25.926	81	59	1	16	96	15	94	2.25e-07	37.0
bflTTN_AMig2_197	TTNA134_195	24.731	93	67	2	1	92	1	91	2.79e-07	37.0
bflTTN_AMig2_197	TTNA8_195	27.660	94	66	1	1	94	2	93	4.04e-07	36.6
bflTTN_AMig2_197	TTNI79_193	30.120	83	55	2	13	94	11	91	5.90e-07	35.8
bflTTN_AMig2_197	TTNI16_194	25.287	87	60	2	11	94	8	92	6.00e-07	35.8
bflTTN_AMig2_197	TTNA22_194	25.532	94	67	1	1	94	2	92	6.32e-07	35.8
bflTTN_AMig2_197	TTNA145_195	31.915	94	63	1	1	94	1	93	6.70e-07	35.8
bflTTN_AMig2_197	TTNA11_1103	26.136	88	58	3	13	94	15	101	8.80e-07	35.8
bflTTN_AMig2_197	TTNM9_196	28.395	81	57	1	14	94	12	91	9.64e-07	35.4
bflTTN_AMig2_197	TTNI62_193	30.380	79	54	1	11	89	9	86	1.90e-06	34.7
bflTTN_AMig2_197	TTNI35_193	29.870	77	53	1	18	94	16	91	2.42e-06	34.3
bflTTN_AMig2_197	TTNI47_193	29.167	72	50	1	23	94	21	91	2.47e-06	34.3
bflTTN_AMig2_197	TTNI106_194	25.000	96	70	2	1	96	1	94	2.79e-06	34.3
bflTTN_AMig2_197	TTNI54_193	28.767	73	51	1	14	86	12	83	2.80e-06	34.3
bflTTN_AMig2_197	TTNI65_193	29.851	67	46	1	18	84	16	81	3.28e-06	33.9
bflTTN_AMig2_197	TTNI80_194	30.882	68	47	0	27	94	25	92	4.61e-06	33.5
bflTTN_AMig2_197	TTNI34_193	28.571	63	44	1	23	85	21	82	5.10e-06	33.5
bflTTN_AMig2_197	TTNI27_194	31.250	64	43	1	31	94	29	91	5.40e-06	33.5
bflTTN_AMig2_197	TTNI36_194	26.250	80	58	1	7	86	6	84	6.87e-06	33.1
bflTTN_AMig2_197	TTNI52_193	31.884	69	46	1	18	86	16	83	7.75e-06	33.1
bflTTN_AMig2_197	TTNI29_193	29.167	72	50	1	23	94	21	91	8.17e-06	33.1
bflTTN_AMig2_197	TTNA18_199	23.656	93	65	1	8	94	5	97	8.20e-06	33.1
bflTTN_AMig2_197	TTNA165_196	24.211	95	70	2	1	94	1	94	9.88e-06	32.7
bflTTN_AMig2_197	TTNI53_193	27.273	77	55	1	18	94	16	91	1.48e-05	32.3
bflTTN_AMig2_197	TTNA39_196	24.211	95	67	3	1	92	2	94	1.94e-05	32.0
bflTTN_AMig2_197	TTNI66_193	24.390	82	61	1	11	92	9	89	2.23e-05	32.0
bflTTN_AMig2_197	TTNI1_194	25.610	82	61	0	15	96	13	94	2.72e-05	31.6
bflTTN_AMig2_197	TTNI64_193	25.676	74	54	1	13	86	11	83	3.27e-05	31.2
bflTTN_AMig2_197	TTNA4_1121	32.432	37	25	0	9	45	6	42	3.32e-05	31.6
bflTTN_AMig2_197	TTNI63_193	27.273	88	63	1	7	94	5	91	3.34e-05	31.2
bflTTN_AMig2_197	TTNI73_193	26.190	84	61	1	13	96	11	93	3.82e-05	31.2
bflTTN_AMig2_197	TTNI70_194	27.273	77	54	1	18	92	16	92	5.58e-05	30.8
bflTTN_AMig2_197	TTNI46_193	22.222	72	55	1	18	89	16	86	5.73e-05	30.8
bflTTN_AMig2_197	TTNI43_193	27.778	90	48	2	11	92	9	89	6.91e-05	30.4
bflTTN_AMig2_197	TTNI44_193	32.308	65	43	1	20	84	18	81	8.07e-05	30.4
bflTTN_AMig2_197	TTNI24_192	24.691	81	60	1	14	94	11	90	9.60e-05	30.0
bflTTN_AMig2_197	TTNI42_194	23.656	93	65	3	6	94	2	92	9.86e-05	30.0
bflTTN_AMig2_197	TTNI50_194	24.000	75	55	1	18	90	16	90	1.10e-04	30.0
bflTTN_AMig2_197	TTNI17_194	29.897	97	62	3	1	95	2	94	1.18e-04	30.0
bflTTN_AMig2_197	TTNI40_193	24.706	85	61	2	11	94	9	91	1.30e-04	29.6
bflTTN_AMig2_197	TTNI84_196	31.507	73	45	2	22	94	27	94	1.38e-04	29.6
bflTTN_AMig2_197	TTNZ9_193	22.222	90	52	2	13	94	10	89	2.22e-04	29.3
bflTTN_AMig2_197	TTNI76_193	24.000	75	56	1	18	92	16	89	2.29e-04	29.3
bflTTN_AMig2_197	TTNI82_188	26.829	82	56	3	13	94	11	88	2.46e-04	28.9
bflTTN_AMig2_197	TTNI32_193	29.577	71	49	1	18	88	16	85	2.62e-04	28.9
bflTTN_AMig2_197	TTNI15_191	25.000	60	44	1	35	94	32	90	3.86e-04	28.5
bflTTN_AMig2_197	TTNZ5_193	27.586	87	57	3	11	94	9	92	4.04e-04	28.5
bflTTN_AMig2_197	TTNI41_193	26.866	67	47	2	29	94	26	91	4.21e-04	28.5
bflTTN_AMig2_197	TTNI105_190	25.974	77	53	1	18	94	16	88	4.98e-04	28.1
bflTTN_AMig2_197	TTNI2_191	31.250	48	32	1	29	76	27	73	5.05e-04	28.1
bflTTN_AMig2_197	TTNI85_192	31.250	48	33	0	35	82	32	79	0.001	27.3
bflTTN_AMig2_197	TTNM6_194	29.688	64	41	3	32	94	30	90	0.001	27.3
bflTTN_AMig2_197	TTNI104_188	30.159	63	37	3	35	96	32	88	0.002	26.6
bflTTN_AMig2_197	TTNM1_192	25.424	59	43	1	30	88	27	84	0.002	26.6
bflTTN_AMig2_197	TTNI60_194	25.373	67	50	0	18	84	16	82	0.002	26.6
bflTTN_AMig2_197	TTNZ8_195	23.288	73	54	2	22	94	22	92	0.003	25.8
bflTTN_AMig2_197	TTNI28_193	21.739	69	53	1	18	86	16	83	0.005	25.4
bflTTN_AMig2_197	TTNI99_188	25.714	70	50	2	14	82	10	78	0.017	23.9
bflTTN_AMig2_197	TTNI83_193	25.333	75	51	3	6	77	1	73	0.026	23.5
bflTTN_AMig2_197	TTNI68_194	22.388	67	51	1	15	81	14	79	0.029	23.5
bflTTN_AMig2_197	TTNI90_187	29.032	62	39	2	35	96	31	87	0.036	23.1
bflTTN_AMig2_197	TTNI9_187	25.758	66	47	2	11	76	9	72	0.037	23.1
bflTTN_AMig2_197	TTNI78_194	23.596	89	67	1	4	92	3	90	0.049	22.7
bflTTN_AMig2_197	TTNI100_188	20.290	69	53	2	11	79	9	75	0.054	22.7
bflTTN_AMig2_197	TTNI88_187	33.333	45	29	1	35	79	31	74	0.11	21.6
bflTTN_AMig2_197	TTNI10_187	31.707	41	27	1	37	77	34	73	0.18	21.2
bflTTN_AMig2_197	TTNI5_188	28.358	67	47	1	11	77	9	74	0.22	20.8
bflTTN_AMig2_197	TTNM8_193	27.692	65	44	2	12	76	11	72	0.23	20.8
bflTTN_AMig2_197	TTNI13_190	22.667	75	46	3	9	77	7	75	0.34	20.4
bflTTN_AMig2_197	TTNI97_188	22.388	67	50	2	15	81	13	77	0.36	20.4
bflTTN_AMig2_197	TTNI48_194	17.722	79	62	2	15	92	14	90	0.40	20.0
bflTTN_AMig2_197	TTNI6_187	28.889	45	28	1	51	95	47	87	0.40	20.0
bflTTN_AMig2_197	TTNI3_187	29.630	27	19	0	51	77	47	73	0.41	20.0
bflTTN_AMig2_197	TTNI87_188	32.143	28	17	1	56	83	54	79	1.2	18.9
bflTTN_AMig2_197	TTNI98_188	27.083	48	34	1	35	82	32	78	1.3	18.5
bflTTN_AMig2_197	TTNI103_188	24.444	45	33	1	35	79	32	75	2.2	18.1
bflTTN_AMig2_197	TTNI94_187	27.869	61	42	2	19	79	17	75	2.9	17.7
bflTTN_AMig2_197	TTNI96_188	22.535	71	53	2	11	81	9	77	3.9	17.3
bflTTN_AMig2_197	TTNI12_187	26.000	50	34	2	29	77	26	73	7.0	16.5
bflTTN_AMig2_197	TTNI102_188	26.190	42	28	2	35	75	32	71	8.4	16.5
bflTTN_Mig1_199	TTNZ4_195	34.783	46	30	0	38	83	36	81	4.25e-08	38.9
bflTTN_Mig1_199	TTNI65_193	29.167	96	53	4	1	96	11	91	2.08e-06	34.7
bflTTN_Mig1_199	TTNZ3_195	26.506	83	47	2	1	83	11	79	3.59e-06	33.9
bflTTN_Mig1_199	TTNM1_192	39.623	53	29	2	44	96	41	90	4.80e-06	33.5
bflTTN_Mig1_199	TTNM1_192	50.000	8	4	0	75	82	18	25	7.9	16.5
bflTTN_Mig1_199	TTNM7_192	37.736	53	30	2	44	96	41	90	8.44e-06	33.1
bflTTN_Mig1_199	TTNI58_194	29.787	94	51	3	3	96	14	92	1.01e-05	32.7
bflTTN_Mig1_199	TTNM2_195	28.866	97	57	3	2	98	11	95	1.16e-05	32.7
bflTTN_Mig1_199	TTNI75_193	26.374	91	52	3	6	96	16	91	3.57e-05	31.2
bflTTN_Mig1_199	TTNI32_193	35.000	60	35	2	37	96	36	91	4.49e-05	31.2
bflTTN_Mig1_199	TTNM6_194	37.838	37	22	1	44	80	42	77	4.84e-05	30.8
bflTTN_Mig1_199	TTNI103_188	36.000	50	29	2	44	93	41	87	5.25e-05	30.8
bflTTN_Mig1_199	TTNA109_194	29.630	54	25	1	42	82	26	79	7.11e-05	30.4
bflTTN_Mig1_199	TTNI55_193	23.750	80	47	2	3	82	13	78	1.23e-04	30.0
bflTTN_Mig1_199	TTNI52_193	23.750	80	47	3	3	82	13	78	1.78e-04	29.3
bflTTN_Mig1_199	TTNI100_188	36.667	60	31	3	38	97	35	87	1.86e-04	29.3
bflTTN_Mig1_199	TTNA43_195	26.923	78	40	3	6	82	19	80	2.06e-04	29.3
bflTTN_Mig1_199	TTNZ6_195	30.303	99	43	5	4	98	13	89	3.27e-04	28.9
bflTTN_Mig1_199	TTNA120_193	36.364	44	23	1	55	98	51	89	3.50e-04	28.5
bflTTN_Mig1_199	TTNI83_193	34.615	52	30	2	44	94	41	89	4.09e-04	28.5
bflTTN_Mig1_199	TTNI48_194	24.675	77	44	2	6	82	17	79	5.80e-04	28.1
bflTTN_Mig1_199	TTNI25_195	31.373	51	34	1	48	98	45	94	7.05e-04	27.7
bflTTN_Mig1_199	TTNA76_194	26.316	76	40	4	7	82	20	79	7.34e-04	27.7
bflTTN_Mig1_199	TTNA76_194	33.333	21	14	0	46	66	69	89	2.5	18.1
bflTTN_Mig1_199	TTNA87_194	42.857	28	16	0	55	82	52	79	8.13e-04	27.7
bflTTN_Mig1_199	TTNA87_194	20.312	64	41	1	6	59	19	82	1.5	18.5
bflTTN_Mig1_199	TTNI6_187	35.294	51	28	3	40	88	37	84	8.80e-04	27.3
bflTTN_Mig1_199	TTNZ5_193	35.897	39	24	1	44	82	42	79	0.001	27.3
bflTTN_Mig1_199	TTNI68_194	24.658	73	41	2	10	82	21	79	0.001	27.3
bflTTN_Mig1_199	TTNI46_193	45.455	22	12	0	61	82	57	78	0.001	26.9
bflTTN_Mig1_199	TTNI46_193	28.205	39	27	1	21	59	44	81	0.20	21.2
bflTTN_Mig1_199	TTNI72_193	25.000	80	46	4	3	82	13	78	0.001	26.9
bflTTN_Mig1_199	TTNI77_193	26.506	83	47	3	1	83	11	79	0.002	26.6
bflTTN_Mig1_199	TTNI98_188	34.146	41	25	2	44	84	41	79	0.003	26.2
bflTTN_Mig1_199	TTNI88_187	45.455	22	12	0	63	84	57	78	0.004	25.8
bflTTN_Mig1_199	TTNI106_194	37.209	43	25	1	41	83	40	80	0.004	25.8
bflTTN_Mig1_199	TTNI9_187	29.268	41	27	1	40	80	37	75	0.004	25.8
bflTTN_Mig1_199	TTNI82_188	45.000	20	11	0	63	82	58	77	0.005	25.4
bflTTN_Mig1_199	TTNA46_192	50.000	20	10	0	63	82	58	77	0.006	25.4
bflTTN_Mig1_199	TTNI34_193	27.397	73	39	3	10	82	20	78	0.006	25.4
bflTTN_Mig1_199	TTNZ1_195	36.842	38	23	1	59	96	56	92	0.007	25.0
bflTTN_Mig1_199	TTNA1_193	26.506	83	47	4	1	83	11	79	0.010	24.6
bflTTN_Mig1_199	TTNA142_194	35.484	31	20	0	62	92	59	89	0.011	24.6
bflTTN_Mig1_199	TTNI28_193	37.143	35	21	1	63	97	59	92	0.012	24.6
bflTTN_Mig1_199	TTNA131_197	45.000	20	11	0	63	82	62	81	0.018	23.9
bflTTN_Mig1_199	TTNI36_194	23.256	43	31	1	41	83	40	80	0.020	23.9
bflTTN_Mig1_199	TTNM5_194	24.390	82	48	3	1	82	11	78	0.020	23.9
bflTTN_Mig1_199	TTNM9_196	34.211	38	24	1	62	99	58	94	0.022	23.9
bflTTN_Mig1_199	TTNM9_196	28.571	28	20	0	35	62	57	84	0.26	20.8
bflTTN_Mig1_199	TTNA112_192	20.270	74	47	1	10	71	19	92	0.027	23.5
bflTTN_Mig1_199	TTNI24_192	34.146	41	25	1	42	82	39	77	0.033	23.1
bflTTN_Mig1_199	TTNA11_1103	35.714	28	18	0	56	83	62	89	0.036	23.1
bflTTN_Mig1_199	TTNI54_193	47.619	21	11	0	63	83	59	79	0.047	22.7
bflTTN_Mig1_199	TTNI85_192	52.381	21	10	0	62	82	58	78	0.048	22.7
bflTTN_Mig1_199	TTNI74_193	45.000	20	11	0	63	82	59	78	0.050	22.7
bflTTN_Mig1_199	TTNI74_193	33.333	24	16	0	37	60	59	82	0.22	20.8
bflTTN_Mig1_199	TTNA164_192	34.043	47	26	3	49	94	46	88	0.052	22.7
bflTTN_Mig1_199	TTNI40_193	25.862	58	40	2	39	96	37	91	0.058	22.7
bflTTN_Mig1_199	TTNI37_193	45.455	22	12	0	61	82	57	78	0.063	22.3
bflTTN_Mig1_199	TTNI47_193	29.545	44	29	1	39	82	37	78	0.066	22.3
bflTTN_Mig1_199	TTNI89_188	29.630	54	33	1	12	65	38	86	0.068	22.3
bflTTN_Mig1_199	TTNM4_193	30.909	55	35	2	42	96	40	91	0.077	22.3
bflTTN_Mig1_199	TTNI97_188	43.478	23	12	1	57	78	51	73	0.080	22.3
bflTTN_Mig1_199	TTNI38_193	38.095	21	13	0	62	82	58	78	0.087	21.9
bflTTN_Mig1_199	TTNI99_188	35.714	28	17	1	63	89	58	85	0.098	21.9
bflTTN_Mig1_199	TTNI79_193	31.034	29	20	0	54	82	50	78	0.10	21.9
bflTTN_Mig1_199	TTNI4_189	30.435	69	36	4	23	80	8	75	0.10	21.9
bflTTN_Mig1_199	TTNI4_189	30.303	33	19	1	35	63	56	88	3.7	17.3
bflTTN_Mig1_199	TTNI71_193	31.707	41	24	2	44	83	42	79	0.10	21.9
bflTTN_Mig1_199	TTNI45_193	42.857	21	12	0	62	82	58	78	0.10	21.9
bflTTN_Mig1_199	TTNI39_193	25.641	78	44	3	5	82	15	78	0.10	21.9
bflTTN_Mig1_199	TTNA169_1100	22.917	96	60	4	1	96	17	98	0.11	21.9
bflTTN_Mig1_199	TTNA168_194	32.500	40	26	1	44	83	42	80	0.12	21.6
bflTTN_Mig1_199	TTNA168_194	30.000	30	21	0	33	62	56	85	0.14	21.6
bflTTN_Mig1_199	TTNI78_194	19.512	82	52	2	1	82	12	79	0.13	21.6
bflTTN_Mig1_199	TTNA153_193	38.095	21	13	0	63	83	59	79	0.13	21.6
bflTTN_Mig1_199	TTNA153_193	22.222	72	46	2	1	62	13	84	7.2	16.5
bflTTN_Mig1_199	TTNI17_194	45.000	20	11	0	63	82	59	78	0.13	21.6
bflTTN_Mig1_199	TTNI2_191	31.429	35	22	1	46	80	44	76	0.14	21.6
bflTTN_Mig1_199	TTNA29_194	50.000	20	10	0	63	82	60	79	0.14	21.6
bflTTN_Mig1_199	TTNI5_188	23.958	96	54	3	1	96	11	87	0.14	21.6
bflTTN_Mig1_199	TTNI105_190	34.615	26	16	1	72	97	65	89	0.15	21.6
bflTTN_Mig1_199	TTNI35_193	40.000	25	15	0	62	86	58	82	0.15	21.6
bflTTN_Mig1_199	TTNA98_194	24.675	77	42	3	6	82	19	79	0.17	21.2
bflTTN_Mig1_199	TTNA98_194	35.000	20	13	0	46	65	69	88	2.3	18.1
bflTTN_Mig1_199	TTNI53_193	28.205	39	26	1	44	82	42	78	0.17	21.2
bflTTN_Mig1_199	TTNI10_187	32.075	53	29	4	29	77	23	72	0.18	21.2
bflTTN_Mig1_199	TTNI62_193	20.732	82	51	3	1	82	11	78	0.19	21.2
bflTTN_Mig1_199	TTNI27_194	40.000	35	20	1	62	96	58	91	0.19	21.2
bflTTN_Mig1_199	TTNZ7_195	45.000	20	10	1	40	59	8	26	0.21	21.2
bflTTN_Mig1_199	TTNZ7_195	27.273	22	16	0	4	25	51	72	7.9	16.5
bflTTN_Mig1_199	TTNA8_195	33.333	42	26	1	43	82	39	80	0.22	20.8
bflTTN_Mig1_199	TTNA149_197	39.130	23	14	0	60	82	60	82	0.24	20.8
bflTTN_Mig1_199	TTNA149_197	21.127	71	44	2	1	59	15	85	7.9	16.5
bflTTN_Mig1_199	TTNI67_193	23.077	39	28	1	44	82	42	78	0.25	20.8
bflTTN_Mig1_199	TTNI29_193	22.500	40	29	1	44	83	42	79	0.25	20.8
bflTTN_Mig1_199	TTNA72_196	24.675	77	44	2	6	82	19	81	0.25	20.8
bflTTN_Mig1_199	TTNA57_195	38.095	21	13	0	62	82	60	80	0.26	20.8
bflTTN_Mig1_199	TTNI96_188	38.889	18	11	0	35	52	56	73	0.26	20.8
bflTTN_Mig1_199	TTNM10_195	40.000	25	14	1	62	86	60	83	0.34	20.4
bflTTN_Mig1_199	TTNI43_193	29.310	58	35	3	29	82	23	78	0.38	20.4
bflTTN_Mig1_199	TTNI70_194	28.571	21	15	0	62	82	59	79	0.39	20.4
bflTTN_Mig1_199	TTNI64_193	40.000	15	9	0	69	83	65	79	0.40	20.4
bflTTN_Mig1_199	TTNI101_193	31.429	35	24	0	62	96	57	91	0.44	20.0
bflTTN_Mig1_199	TTNI92_187	34.375	32	21	0	35	66	56	87	0.47	20.0
bflTTN_Mig1_199	TTNI60_194	36.667	30	12	1	60	82	50	79	0.47	20.0
bflTTN_Mig1_199	TTNI30_194	35.000	20	13	0	63	82	60	79	0.61	19.6
bflTTN_Mig1_199	TTNI31_193	36.364	22	14	0	61	82	57	78	0.61	19.6
bflTTN_Mig1_199	TTNA145_195	63.636	11	4	0	72	82	70	80	0.68	19.6
bflTTN_Mig1_199	TTNI44_193	36.364	22	14	0	62	83	58	79	0.69	19.6
bflTTN_Mig1_199	TTNA54_196	43.750	16	9	0	67	82	66	81	0.73	19.6
bflTTN_Mig1_199	TTNI41_193	26.667	75	39	3	10	82	18	78	0.82	19.2
bflTTN_Mig1_199	TTNA101_192	58.333	12	5	0	71	82	66	77	0.82	19.2
bflTTN_Mig1_199	TTNI104_188	28.261	46	29	2	39	83	36	78	0.84	19.2
bflTTN_Mig1_199	TTNA18_199	25.641	78	51	2	5	82	14	84	0.84	19.2
bflTTN_Mig1_199	TTNA50_196	22.989	87	43	3	1	82	14	81	0.86	19.2
bflTTN_Mig1_199	TTNA90_192	42.857	21	12	0	62	82	57	77	1.0	19.2
bflTTN_Mig1_199	TTNA94_195	29.630	27	19	0	40	66	64	90	1.1	18.9
bflTTN_Mig1_199	TTNA94_195	19.481	77	48	2	6	82	18	80	6.5	16.9
bflTTN_Mig1_199	TTNI57_193	40.000	20	12	0	63	82	59	78	1.1	18.9
bflTTN_Mig1_199	TTNI73_193	29.412	34	23	1	63	96	59	91	1.2	18.9
bflTTN_Mig1_199	TTNI51_193	26.829	82	44	4	1	82	13	78	1.3	18.9
bflTTN_Mig1_199	TTNA65_194	40.000	20	12	0	63	82	60	79	1.3	18.9
bflTTN_Mig1_199	TTNI94_187	43.750	16	9	0	63	78	58	73	1.4	18.5
bflTTN_Mig1_199	TTNA83_196	21.918	73	45	1	6	66	19	91	1.6	18.5
bflTTN_Mig1_199	TTNI56_193	20.833	72	50	3	29	96	23	91	1.7	18.5
bflTTN_Mig1_199	TTNA156_195	40.000	20	12	0	63	82	61	80	1.7	18.5
bflTTN_Mig1_199	TTNI15_191	32.353	34	22	1	63	96	58	90	1.9	18.5
bflTTN_Mig1_199	TTNI84_196	38.889	18	11	0	63	80	62	79	2.0	18.5
bflTTN_Mig1_199	TTNA160_193	33.333	21	14	0	63	83	59	79	2.1	18.1
bflTTN_Mig1_199	TTNI76_193	55.556	9	4	0	74	82	70	78	2.1	18.1
bflTTN_Mig1_199	TTNI80_194	35.294	34	21	1	63	96	60	92	2.2	18.1
bflTTN_Mig1_199	TTNI50_194	36.364	11	7	0	72	82	69	79	2.4	18.1
bflTTN_Mig1_199	TTNA25_194	39.130	23	12	1	62	82	57	79	2.5	18.1
bflTTN_Mig1_199	TTNI90_187	28.571	77	39	3	2	78	12	72	2.5	18.1
bflTTN_Mig1_199	TTNI7_187	50.000	18	9	0	63	80	58	75	2.9	17.7
bflTTN_Mig1_199	TTNI7_187	37.500	16	10	0	59	74	38	53	8.3	16.5
bflTTN_Mig1_199	TTNI1_194	26.923	52	30	2	13	62	40	85	3.2	17.7
bflTTN_Mig1_199	TTNI1_194	50.000	10	5	0	63	72	60	69	7.9	16.5
bflTTN_Mig1_199	TTNI81_190	25.926	54	27	3	11	52	23	75	3.6	17.3
bflTTN_Mig1_199	TTNA123_196	22.222	36	28	0	36	71	61	96	3.8	17.3
bflTTN_Mig1_199	TTNI93_188	31.579	19	13	0	35	53	56	74	4.3	17.3
bflTTN_Mig1_199	TTNM8_193	25.455	55	38	2	42	96	39	90	4.6	17.3
bflTTN_Mig1_199	TTNZ9_193	24.000	25	19	0	1	25	10	34	6.6	16.9
bflTTN_Mig1_199	TTNI63_193	45.455	11	6	0	72	82	68	78	7.4	16.5
bflTTN_Mig1_199	TTNI33_193	45.455	11	6	0	72	82	68	78	8.1	16.5
bflTTN_Mig2_193	TTNM2_195	34.043	94	59	1	1	91	1	94	3.96e-17	62.0
bflTTN_Mig2_193	TTNM7_192	34.444	90	59	0	1	90	1	90	4.57e-17	62.0
bflTTN_Mig2_193	TTNZ2_194	31.522	92	63	0	1	92	2	93	7.64e-15	56.2
bflTTN_Mig2_193	TTNZ3_195	32.222	90	61	0	1	90	2	91	1.01e-14	55.8
bflTTN_Mig2_193	TTNI15_191	31.111	90	61	1	1	90	2	90	2.66e-13	52.4
bflTTN_Mig2_193	TTNI34_193	31.111	90	62	0	1	90	2	91	8.37e-13	50.8
bflTTN_Mig2_193	TTNI29_193	41.892	74	41	1	20	93	21	92	1.35e-12	50.4
bflTTN_Mig2_193	TTNM4_193	32.609	92	62	0	1	92	2	93	1.60e-12	50.4
bflTTN_Mig2_193	TTNM1_192	36.250	80	50	1	14	92	13	92	1.16e-11	48.1
bflTTN_Mig2_193	TTNM5_194	26.966	89	65	0	2	90	3	91	3.07e-11	47.0
bflTTN_Mig2_193	TTNI30_194	36.842	76	46	1	15	90	17	90	3.38e-11	47.0
bflTTN_Mig2_193	TTNI14_192	28.889	90	64	0	1	90	2	91	5.55e-11	46.2
bflTTN_Mig2_193	TTNI31_193	28.395	81	58	0	1	81	2	82	5.61e-11	46.2
bflTTN_Mig2_193	TTNM6_194	33.750	80	48	3	17	93	16	93	8.25e-11	45.8
bflTTN_Mig2_193	TTNI101_193	28.889	90	62	2	2	90	3	91	1.27e-10	45.4
bflTTN_Mig2_193	TTNA168_194	34.783	92	58	2	1	90	1	92	1.43e-10	45.1
bflTTN_Mig2_193	TTNM10_195	27.174	92	65	1	1	90	2	93	2.17e-10	44.7
bflTTN_Mig2_193	TTNZ4_195	32.955	88	56	2	3	88	5	91	2.24e-10	44.7
bflTTN_Mig2_193	TTNI97_188	31.765	85	53	2	6	90	7	86	2.25e-10	44.7
bflTTN_Mig2_193	TTNI17_194	28.261	92	66	0	1	92	2	93	3.63e-10	44.3
bflTTN_Mig2_193	TTNA1_193	25.000	92	69	0	1	92	2	93	5.41e-10	43.9
bflTTN_Mig2_193	TTNI43_193	28.889	90	62	1	1	90	2	89	5.41e-10	43.9
bflTTN_Mig2_193	TTNI71_193	30.864	81	56	0	11	91	12	92	6.63e-10	43.5
bflTTN_Mig2_193	TTNA164_192	28.409	88	63	0	1	88	1	88	9.67e-10	43.1
bflTTN_Mig2_193	TTNI37_193	38.095	63	37	1	31	93	32	92	1.33e-09	42.7
bflTTN_Mig2_193	TTNI40_193	26.374	91	65	1	1	91	2	90	1.82e-09	42.4
bflTTN_Mig2_193	TTNI68_194	30.556	72	49	1	1	71	2	73	2.25e-09	42.4
bflTTN_Mig2_193	TTNI28_193	27.941	68	49	0	13	80	14	81	2.35e-09	42.0
bflTTN_Mig2_193	TTNI46_193	27.160	81	59	0	1	81	2	82	2.37e-09	42.0
bflTTN_Mig2_193	TTNA138_196	26.582	79	58	0	12	90	16	94	2.60e-09	42.0
bflTTN_Mig2_193	TTNI98_188	28.571	70	49	1	3	72	4	72	2.87e-09	41.6
bflTTN_Mig2_193	TTNZ9_193	27.711	83	59	1	11	93	11	92	2.97e-09	42.0
bflTTN_Mig2_193	TTNA50_196	29.032	93	58	1	6	90	2	94	3.08e-09	42.0
bflTTN_Mig2_193	TTNI82_188	27.273	77	46	3	6	75	2	75	4.32e-09	41.2
bflTTN_Mig2_193	TTNI3_187	32.857	70	46	1	3	72	4	72	7.71e-09	40.8
bflTTN_Mig2_193	TTNI36_194	31.081	74	49	1	14	87	16	87	8.18e-09	40.8
bflTTN_Mig2_193	TTNI65_193	28.409	88	63	0	1	88	2	89	9.13e-09	40.4
bflTTN_Mig2_193	TTNZ1_195	25.000	92	67	1	1	90	1	92	9.37e-09	40.4
bflTTN_Mig2_193	TTNA90_192	24.419	86	64	1	4	88	3	88	9.55e-09	40.4
bflTTN_Mig2_193	TTNI1_194	30.108	93	64	1	1	92	2	94	9.92e-09	40.4
bflTTN_Mig2_193	TTNA29_194	29.268	82	56	2	9	90	13	92	1.44e-08	40.0
bflTTN_Mig2_193	TTNA43_195	31.250	80	52	2	12	90	16	93	1.53e-08	40.0
bflTTN_Mig2_193	TTNI16_194	24.731	93	68	1	1	91	1	93	1.57e-08	40.0
bflTTN_Mig2_193	TTNM9_196	21.111	90	71	0	1	90	2	91	1.91e-08	39.7
bflTTN_Mig2_193	TTNI51_193	34.211	76	48	1	15	90	16	89	1.99e-08	39.7
bflTTN_Mig2_193	TTNZ5_193	30.000	80	55	1	12	90	13	92	1.99e-08	39.7
bflTTN_Mig2_193	TTNI26_191	25.275	91	65	2	1	90	1	89	2.09e-08	39.7
bflTTN_Mig2_193	TTNI48_194	26.374	91	64	2	1	90	2	90	3.07e-08	39.3
bflTTN_Mig2_193	TTNI4_189	31.507	73	49	1	3	75	4	75	3.11e-08	39.3
bflTTN_Mig2_193	TTNM3_193	35.294	68	41	2	24	90	24	89	3.32e-08	39.3
bflTTN_Mig2_193	TTNA36_196	25.316	79	59	0	12	90	16	94	3.54e-08	39.3
bflTTN_Mig2_193	TTNI80_194	30.337	89	45	2	11	90	12	92	3.72e-08	38.9
bflTTN_Mig2_193	TTNI96_188	36.111	72	45	1	3	74	4	74	4.26e-08	38.9
bflTTN_Mig2_193	TTNI33_193	36.923	65	37	2	29	91	28	90	4.76e-08	38.9
bflTTN_Mig2_193	TTNI69_193	30.137	73	49	1	14	86	15	85	4.81e-08	38.5
bflTTN_Mig2_193	TTNI84_196	30.769	78	53	1	13	90	18	94	5.02e-08	38.9
bflTTN_Mig2_193	TTNI27_194	27.778	90	62	1	2	91	6	92	6.19e-08	38.5
bflTTN_Mig2_193	TTNI100_188	27.869	61	43	1	11	71	12	71	6.31e-08	38.1
bflTTN_Mig2_193	TTNI24_192	23.333	90	69	0	1	90	1	90	7.39e-08	38.1
bflTTN_Mig2_193	TTNI58_194	26.882	93	67	1	1	92	2	94	8.89e-08	38.1
bflTTN_Mig2_193	TTNI42_194	28.947	76	54	0	15	90	17	92	9.58e-08	38.1
bflTTN_Mig2_193	TTNI89_188	26.966	89	60	2	2	90	3	86	1.37e-07	37.4
bflTTN_Mig2_193	TTNI61_193	27.500	80	58	0	12	91	13	92	1.57e-07	37.4
bflTTN_Mig2_193	TTNI45_193	30.986	71	47	1	20	90	21	89	1.90e-07	37.0
bflTTN_Mig2_193	TTNA101_192	24.444	90	68	0	1	90	1	90	2.59e-07	36.6
bflTTN_Mig2_193	TTNI88_187	26.667	90	60	2	3	92	4	87	2.67e-07	36.6
bflTTN_Mig2_193	TTNI66_193	28.409	88	63	0	1	88	2	89	3.66e-07	36.6
bflTTN_Mig2_193	TTNI76_193	29.032	93	62	2	1	91	2	92	3.82e-07	36.2
bflTTN_Mig2_193	TTNI79_193	26.250	80	54	1	6	80	2	81	6.48e-07	35.8
bflTTN_Mig2_193	TTNA127_195	24.731	93	67	1	1	90	1	93	7.52e-07	35.4
bflTTN_Mig2_193	TTNI75_193	28.889	90	64	0	1	90	2	91	7.92e-07	35.4
bflTTN_Mig2_193	TTNI86_190	29.167	72	48	2	3	72	4	74	8.92e-07	35.4
bflTTN_Mig2_193	TTNA32_196	26.250	80	57	1	12	91	16	93	1.12e-06	35.0
bflTTN_Mig2_193	TTNZ8_195	30.137	73	49	1	18	90	22	92	1.20e-06	35.0
bflTTN_Mig2_193	TTNI49_193	26.761	71	52	0	20	90	21	91	1.27e-06	35.0
bflTTN_Mig2_193	TTNI32_193	27.778	90	65	0	1	90	2	91	1.64e-06	34.7
bflTTN_Mig2_193	TTNI56_193	28.409	88	63	0	1	88	2	89	1.69e-06	34.7
bflTTN_Mig2_193	TTNA131_197	36.842	57	36	0	30	86	34	90	1.73e-06	34.7
bflTTN_Mig2_193	TTNI10_187	28.986	69	46	2	20	88	21	86	1.76e-06	34.7
bflTTN_Mig2_193	TTNI5_188	25.000	88	62	1	3	90	4	87	1.85e-06	34.3
bflTTN_Mig2_193	TTNI59_193	25.333	75	56	0	14	88	15	89	1.86e-06	34.7
bflTTN_Mig2_193	TTNI77_193	27.632	76	55	0	15	90	16	91	1.94e-06	34.7
bflTTN_Mig2_193	TTNI54_193	33.333	78	52	0	3	80	4	81	2.18e-06	34.3
bflTTN_Mig2_193	TTNA15_1104	26.190	84	54	2	15	90	18	101	2.26e-06	34.7
bflTTN_Mig2_193	TTNI103_188	25.714	70	51	1	3	72	4	72	2.48e-06	34.3
bflTTN_Mig2_193	TTNA116_196	23.656	93	68	1	1	90	2	94	3.10e-06	33.9
bflTTN_Mig2_193	TTNI9_187	30.000	50	34	1	24	73	25	73	3.46e-06	33.9
bflTTN_Mig2_193	TTNI2_191	32.000	50	34	0	31	80	32	81	3.47e-06	33.9
bflTTN_Mig2_193	TTNA72_196	33.333	66	44	0	15	80	19	84	3.51e-06	33.9
bflTTN_Mig2_193	TTNI8_188	32.203	59	36	1	32	90	33	87	4.78e-06	33.5
bflTTN_Mig2_193	TTNA156_195	22.093	86	67	0	5	90	8	93	5.61e-06	33.5
bflTTN_Mig2_193	TTNI73_193	24.444	90	66	1	1	90	2	89	7.08e-06	33.1
bflTTN_Mig2_193	TTNA169_1100	22.826	92	70	1	1	91	8	99	7.67e-06	33.1
bflTTN_Mig2_193	TTNI90_187	28.169	71	49	2	1	71	2	70	1.05e-05	32.3
bflTTN_Mig2_193	TTNI67_193	29.577	71	50	0	20	90	21	91	1.18e-05	32.3
bflTTN_Mig2_193	TTNA79_193	30.645	62	43	0	29	90	30	91	1.25e-05	32.3
bflTTN_Mig2_193	TTNA57_195	27.027	74	54	0	19	92	22	95	1.26e-05	32.3
bflTTN_Mig2_193	TTNA112_192	26.984	63	44	1	30	90	28	90	1.27e-05	32.3
bflTTN_Mig2_193	TTNI62_193	26.374	91	65	1	1	91	2	90	1.29e-05	32.3
bflTTN_Mig2_193	TTNI99_188	30.769	65	44	1	7	71	8	71	1.98e-05	31.6
bflTTN_Mig2_193	TTNI13_190	34.426	61	34	3	34	92	34	90	2.33e-05	31.6
bflTTN_Mig2_193	TTNI41_193	21.111	90	71	0	1	90	2	91	3.47e-05	31.2
bflTTN_Mig2_193	TTNZ6_195	26.923	78	56	1	14	90	14	91	3.96e-05	31.2
bflTTN_Mig2_193	TTNI83_193	31.148	61	41	1	32	91	32	92	4.02e-05	31.2
bflTTN_Mig2_193	TTNI35_193	24.444	90	68	0	1	90	2	91	4.41e-05	30.8
bflTTN_Mig2_193	TTNI104_188	24.138	58	42	1	31	88	31	86	5.07e-05	30.8
bflTTN_Mig2_193	TTNI55_193	24.444	90	68	0	1	90	2	91	5.11e-05	30.8
bflTTN_Mig2_193	TTNA153_193	28.750	80	53	2	12	90	15	91	5.16e-05	30.8
bflTTN_Mig2_193	TTNI92_187	19.231	78	60	2	3	79	4	79	5.60e-05	30.4
bflTTN_Mig2_193	TTNA65_194	26.582	79	56	1	12	90	16	92	5.86e-05	30.4
bflTTN_Mig2_193	TTNI39_193	26.250	80	57	1	11	90	12	89	6.98e-05	30.4
bflTTN_Mig2_193	TTNI57_193	25.556	90	62	1	6	90	2	91	8.41e-05	30.0
bflTTN_Mig2_193	TTNI85_192	31.579	76	49	2	12	86	14	87	8.65e-05	30.0
bflTTN_Mig2_193	TTNI72_193	23.656	93	69	1	1	93	2	92	9.05e-05	30.0
bflTTN_Mig2_193	TTNI74_193	32.203	59	38	1	32	90	33	89	1.26e-04	29.6
bflTTN_Mig2_193	TTNA105_197	26.250	80	58	1	12	90	16	95	1.35e-04	29.6
bflTTN_Mig2_193	TTNI25_195	27.473	91	65	1	1	90	2	92	1.69e-04	29.3
bflTTN_Mig2_193	TTNI52_193	20.988	81	64	0	1	81	2	82	2.83e-04	28.9
bflTTN_Mig2_193	TTNA39_196	23.457	81	60	1	12	90	14	94	2.84e-04	28.9
bflTTN_Mig2_193	TTNI12_187	30.000	40	28	0	32	71	32	71	2.90e-04	28.5
bflTTN_Mig2_193	TTNI70_194	23.457	81	61	1	1	80	2	82	2.98e-04	28.9
bflTTN_Mig2_193	TTNI38_193	28.571	49	35	0	32	80	33	81	3.66e-04	28.5
bflTTN_Mig2_193	TTNI107_196	24.051	79	60	0	12	90	16	94	3.83e-04	28.5
bflTTN_Mig2_193	TTNA46_192	27.500	80	57	1	1	80	2	80	3.93e-04	28.5
bflTTN_Mig2_193	TTNA123_196	23.864	88	63	2	5	90	9	94	5.38e-04	28.1
bflTTN_Mig2_193	TTNA98_194	24.051	79	58	1	12	90	16	92	5.89e-04	27.7
bflTTN_Mig2_193	TTNI63_193	29.412	68	45	2	24	90	24	89	6.25e-04	27.7
bflTTN_Mig2_193	TTNI53_193	25.000	68	50	1	24	90	24	91	6.32e-04	27.7
bflTTN_Mig2_193	TTNI81_190	26.829	41	30	0	31	71	33	73	8.74e-04	27.3
bflTTN_Mig2_193	TTNA18_199	23.158	95	54	2	11	92	11	99	8.89e-04	27.3
bflTTN_Mig2_193	TTNI102_188	24.658	73	54	1	2	74	3	74	0.001	27.3
bflTTN_Mig2_193	TTNA25_194	22.951	61	47	0	30	90	32	92	0.001	27.3
bflTTN_Mig2_193	TTNA68_195	27.869	61	44	0	30	90	33	93	0.001	27.3
bflTTN_Mig2_193	TTNI60_194	23.077	91	69	1	1	90	2	92	0.001	26.9
bflTTN_Mig2_193	TTNA134_195	27.083	48	35	0	30	77	33	80	0.002	26.6
bflTTN_Mig2_193	TTNA109_194	24.658	73	53	1	18	90	22	92	0.002	26.6
bflTTN_Mig2_193	TTNA83_196	22.581	93	69	2	1	90	2	94	0.002	26.6
bflTTN_Mig2_193	TTNI94_187	30.769	39	18	2	20	50	21	58	0.003	26.2
bflTTN_Mig2_193	TTNA11_1103	24.419	86	59	2	11	90	16	101	0.004	25.8
bflTTN_Mig2_193	TTNA87_194	23.810	84	54	2	11	90	15	92	0.004	25.8
bflTTN_Mig2_193	TTNA76_194	28.378	74	47	3	19	90	23	92	0.004	25.4
bflTTN_Mig2_193	TTNA61_197	27.451	51	37	0	30	80	35	85	0.005	25.4
bflTTN_Mig2_193	TTNI105_190	25.000	60	42	1	31	90	32	88	0.007	25.0
bflTTN_Mig2_193	TTNA142_194	24.051	79	58	1	12	90	16	92	0.008	25.0
bflTTN_Mig2_193	TTNI64_193	25.333	75	56	0	7	81	8	82	0.008	24.6
bflTTN_Mig2_193	TTNA4_1121	20.183	109	58	2	11	90	11	119	0.012	24.6
bflTTN_Mig2_193	TTNA145_195	25.397	63	47	0	30	92	33	95	0.018	23.9
bflTTN_Mig2_193	TTNI106_194	26.230	61	45	0	30	90	32	92	0.023	23.5
bflTTN_Mig2_193	TTNI7_187	25.758	66	48	1	6	71	7	71	0.030	23.1
bflTTN_Mig2_193	TTNI78_194	20.339	59	47	0	32	90	34	92	0.035	23.1
bflTTN_Mig2_193	TTNI44_193	26.531	49	36	0	32	80	33	81	0.085	21.9
bflTTN_Mig2_193	TTNI47_193	26.230	61	45	0	31	91	32	92	0.087	21.9
bflTTN_Mig2_193	TTNA54_196	25.000	76	57	0	15	90	19	94	0.11	21.6
bflTTN_Mig2_193	TTNI6_187	22.500	40	31	0	32	71	32	71	0.20	20.8
bflTTN_Mig2_193	TTNI50_194	21.505	93	68	2	1	90	2	92	0.29	20.4
bflTTN_Mig2_193	TTNA120_193	24.590	61	44	1	30	90	33	91	0.53	19.6
bflTTN_Mig2_193	TTNA149_197	21.519	79	62	0	12	90	17	95	1.4	18.5
bflTTN_Mig2_193	TTNM8_193	29.787	47	26	1	19	65	19	58	1.8	18.5
bflTTN_Mig3_194	TTNM3_193	38.710	93	57	0	1	93	1	93	6.78e-20	68.9
bflTTN_Mig3_194	TTNZ2_194	38.043	92	56	1	1	92	2	92	2.15e-18	65.5
bflTTN_Mig3_194	TTNZ6_195	32.967	91	61	0	1	91	1	91	8.68e-17	61.2
bflTTN_Mig3_194	TTNI24_192	34.783	92	59	1	1	92	1	91	1.53e-16	60.5
bflTTN_Mig3_194	TTNM7_192	32.609	92	61	1	1	92	1	91	3.07e-15	57.4
bflTTN_Mig3_194	TTNI72_193	35.870	92	58	1	1	92	2	92	1.42e-14	55.5
bflTTN_Mig3_194	TTNI25_195	34.066	91	60	0	1	91	2	92	1.67e-14	55.5
bflTTN_Mig3_194	TTNI55_193	32.609	92	61	1	1	92	2	92	3.71e-14	54.3
bflTTN_Mig3_194	TTNA138_196	35.897	78	49	1	15	92	19	95	7.70e-14	53.9
bflTTN_Mig3_194	TTNI1_194	31.034	87	60	0	6	92	7	93	7.93e-14	53.5
bflTTN_Mig3_194	TTNZ1_195	32.632	95	63	1	1	94	1	95	1.16e-13	53.1
bflTTN_Mig3_194	TTNA18_199	34.884	86	46	3	14	91	14	97	4.68e-13	52.0
bflTTN_Mig3_194	TTNA36_196	33.766	77	50	1	15	91	19	94	6.98e-13	51.2
bflTTN_Mig3_194	TTNI65_193	30.435	92	63	1	1	92	2	92	1.04e-12	50.8
bflTTN_Mig3_194	TTNI16_194	32.609	92	61	1	1	91	1	92	1.33e-12	50.4
bflTTN_Mig3_194	TTNZ5_193	30.337	89	62	0	3	91	4	92	2.80e-12	49.7
bflTTN_Mig3_194	TTNA101_192	41.892	74	41	2	10	82	9	81	3.52e-12	49.3
bflTTN_Mig3_194	TTNI75_193	29.348	92	64	1	1	92	2	92	3.71e-12	49.3
bflTTN_Mig3_194	TTNA116_196	32.353	68	45	1	15	82	19	85	4.61e-12	49.3
bflTTN_Mig3_194	TTNI14_192	31.765	85	57	1	7	91	8	91	4.97e-12	48.9
bflTTN_Mig3_194	TTNA164_192	29.213	89	62	1	1	89	1	88	5.13e-12	48.9
bflTTN_Mig3_194	TTNI62_193	31.522	92	62	1	1	92	2	92	5.13e-12	48.9
bflTTN_Mig3_194	TTNI71_193	33.333	84	55	1	8	91	9	91	5.19e-12	48.9
bflTTN_Mig3_194	TTNI52_193	31.522	92	62	1	1	92	2	92	7.09e-12	48.5
bflTTN_Mig3_194	TTNA32_196	32.941	85	56	1	7	91	11	94	7.89e-12	48.5
bflTTN_Mig3_194	TTNI51_193	32.468	77	51	1	15	91	16	91	9.59e-12	48.1
bflTTN_Mig3_194	TTNI45_193	35.294	68	43	1	24	91	25	91	1.19e-11	48.1
bflTTN_Mig3_194	TTNA50_196	38.961	77	46	1	15	91	19	94	1.20e-11	48.1
bflTTN_Mig3_194	TTNM5_194	33.750	80	52	1	14	93	15	93	3.31e-11	47.0
bflTTN_Mig3_194	TTNZ4_195	35.065	77	49	1	14	89	15	91	3.52e-11	47.0
bflTTN_Mig3_194	TTNZ9_193	33.721	86	55	1	8	93	8	91	3.53e-11	47.0
bflTTN_Mig3_194	TTNA168_194	30.435	92	63	1	1	91	1	92	4.01e-11	46.6
bflTTN_Mig3_194	TTNA105_197	32.468	77	52	0	15	91	19	95	4.46e-11	46.6
bflTTN_Mig3_194	TTNI77_193	31.522	92	62	1	1	92	2	92	1.07e-10	45.4
bflTTN_Mig3_194	TTNI34_193	31.522	92	62	1	1	92	2	92	1.49e-10	45.1
bflTTN_Mig3_194	TTNA46_192	33.333	75	49	1	8	82	8	81	1.68e-10	45.1
bflTTN_Mig3_194	TTNI58_194	27.957	93	65	2	1	92	2	93	1.77e-10	45.1
bflTTN_Mig3_194	TTNA153_193	34.615	78	46	2	15	91	18	91	1.83e-10	45.1
bflTTN_Mig3_194	TTNI80_194	33.750	80	53	0	12	91	13	92	1.97e-10	45.1
bflTTN_Mig3_194	TTNA1_193	29.348	92	62	2	1	91	2	91	2.24e-10	44.7
bflTTN_Mig3_194	TTNZ3_195	22.826	92	70	1	1	92	2	92	3.74e-10	44.3
bflTTN_Mig3_194	TTNA94_195	32.468	77	51	1	15	91	18	93	4.74e-10	43.9
bflTTN_Mig3_194	TTNI41_193	33.784	74	48	1	19	92	20	92	7.06e-10	43.5
bflTTN_Mig3_194	TTNI15_191	32.258	93	57	3	1	91	2	90	7.24e-10	43.5
bflTTN_Mig3_194	TTNI46_193	28.261	92	65	1	1	92	2	92	7.95e-10	43.5
bflTTN_Mig3_194	TTNA72_196	40.299	67	39	1	15	81	19	84	1.06e-09	43.1
bflTTN_Mig3_194	TTNI78_194	28.916	83	57	2	1	82	2	83	1.09e-09	43.1
bflTTN_Mig3_194	TTNM10_195	30.000	80	55	1	14	92	15	94	1.25e-09	42.7
bflTTN_Mig3_194	TTNA57_195	31.250	80	54	1	12	91	15	93	1.46e-09	42.7
bflTTN_Mig3_194	TTNM2_195	33.684	95	57	3	1	91	1	93	2.10e-09	42.4
bflTTN_Mig3_194	TTNI83_193	32.000	75	47	3	3	76	4	75	2.34e-09	42.0
bflTTN_Mig3_194	TTNI33_193	27.907	86	61	1	6	91	7	91	2.34e-09	42.0
bflTTN_Mig3_194	TTNI40_193	27.174	92	66	1	1	92	2	92	3.71e-09	41.6
bflTTN_Mig3_194	TTNZ8_195	31.915	94	61	2	1	92	1	93	5.60e-09	41.2
bflTTN_Mig3_194	TTNI97_188	34.211	76	48	2	3	78	4	77	6.13e-09	40.8
bflTTN_Mig3_194	TTNI30_194	31.325	83	55	2	1	82	2	83	8.52e-09	40.8
bflTTN_Mig3_194	TTNA29_194	31.081	74	48	1	9	82	13	83	8.79e-09	40.8
bflTTN_Mig3_194	TTNI48_194	25.806	93	67	2	1	92	2	93	1.00e-08	40.4
bflTTN_Mig3_194	TTNA8_195	35.897	78	46	2	15	91	19	93	1.01e-08	40.4
bflTTN_Mig3_194	TTNM6_194	30.909	55	38	0	32	86	33	87	1.16e-08	40.4
bflTTN_Mig3_194	TTNA83_196	28.571	77	54	1	15	91	19	94	1.46e-08	40.0
bflTTN_Mig3_194	TTNA79_193	30.488	82	54	2	1	81	2	81	1.71e-08	40.0
bflTTN_Mig3_194	TTNA142_194	31.169	77	50	1	15	91	19	92	3.40e-08	39.3
bflTTN_Mig3_194	TTNI68_194	31.183	93	62	2	1	92	2	93	3.75e-08	38.9
bflTTN_Mig3_194	TTNI39_193	29.114	79	55	1	13	91	14	91	3.88e-08	38.9
bflTTN_Mig3_194	TTNA160_193	27.059	85	57	2	8	92	11	90	3.92e-08	38.9
bflTTN_Mig3_194	TTNI29_193	31.522	92	62	1	1	92	2	92	4.45e-08	38.9
bflTTN_Mig3_194	TTNI76_193	31.461	89	60	1	1	89	2	89	4.85e-08	38.9
bflTTN_Mig3_194	TTNA165_196	31.395	86	53	3	8	91	11	92	5.23e-08	38.5
bflTTN_Mig3_194	TTNA131_197	32.468	77	51	1	12	88	16	91	5.61e-08	38.5
bflTTN_Mig3_194	TTNA98_194	29.870	77	51	1	15	91	19	92	6.65e-08	38.5
bflTTN_Mig3_194	TTNM9_196	27.473	91	65	1	1	91	2	91	6.89e-08	38.5
bflTTN_Mig3_194	TTNA134_195	33.824	68	40	2	15	80	18	82	7.45e-08	38.1
bflTTN_Mig3_194	TTNA68_195	33.803	71	44	2	12	81	15	83	7.94e-08	38.1
bflTTN_Mig3_194	TTNI27_194	26.374	91	66	1	1	91	2	91	8.95e-08	38.1
bflTTN_Mig3_194	TTNA54_196	32.468	77	51	1	15	91	19	94	9.88e-08	38.1
bflTTN_Mig3_194	TTNA22_194	28.571	77	52	1	15	91	19	92	1.05e-07	37.7
bflTTN_Mig3_194	TTNA127_195	25.532	94	66	2	1	91	1	93	1.08e-07	37.7
bflTTN_Mig3_194	TTNI69_193	29.268	82	57	1	1	82	2	82	1.28e-07	37.7
bflTTN_Mig3_194	TTNI44_193	29.348	92	64	1	1	92	2	92	1.39e-07	37.4
bflTTN_Mig3_194	TTNA90_192	31.343	67	45	1	15	81	15	80	1.52e-07	37.4
bflTTN_Mig3_194	TTNA11_1103	27.660	94	63	1	3	91	8	101	1.96e-07	37.4
bflTTN_Mig3_194	TTNZ7_195	26.829	82	59	1	1	81	1	82	2.13e-07	37.0
bflTTN_Mig3_194	TTNI79_193	24.468	94	66	2	1	92	2	92	2.33e-07	37.0
bflTTN_Mig3_194	TTNI38_193	25.000	92	68	1	1	92	2	92	2.80e-07	36.6
bflTTN_Mig3_194	TTNI37_193	30.137	73	50	1	20	92	21	92	3.17e-07	36.6
bflTTN_Mig3_194	TTNA109_194	32.000	75	48	1	17	91	21	92	3.86e-07	36.2
bflTTN_Mig3_194	TTNA123_196	30.263	76	50	2	11	85	15	88	4.21e-07	36.2
bflTTN_Mig3_194	TTNA169_1100	23.529	85	65	0	7	91	14	98	4.35e-07	36.2
bflTTN_Mig3_194	TTNA39_196	28.571	84	58	2	1	82	2	85	6.36e-07	35.8
bflTTN_Mig3_194	TTNI66_193	29.213	89	62	1	1	89	2	89	6.73e-07	35.8
bflTTN_Mig3_194	TTNI36_194	20.253	79	62	1	14	92	16	93	7.29e-07	35.8
bflTTN_Mig3_194	TTNI70_194	24.176	91	69	0	1	91	2	92	7.52e-07	35.8
bflTTN_Mig3_194	TTNI42_194	25.641	78	57	1	15	92	17	93	8.01e-07	35.4
bflTTN_Mig3_194	TTNI56_193	28.261	92	65	1	1	92	2	92	8.31e-07	35.4
bflTTN_Mig3_194	TTNA149_197	31.944	72	48	1	20	91	25	95	9.34e-07	35.4
bflTTN_Mig3_194	TTNI67_193	25.000	92	68	1	1	92	2	92	1.02e-06	35.4
bflTTN_Mig3_194	TTNI32_193	26.087	92	67	1	1	92	2	92	1.04e-06	35.4
bflTTN_Mig3_194	TTNA25_194	34.118	85	39	3	15	91	17	92	1.05e-06	35.4
bflTTN_Mig3_194	TTNA65_194	32.051	78	48	2	15	91	19	92	1.18e-06	35.0
bflTTN_Mig3_194	TTNA76_194	35.526	76	44	2	17	91	21	92	1.56e-06	34.7
bflTTN_Mig3_194	TTNA15_1104	26.190	84	55	1	15	91	18	101	1.71e-06	34.7
bflTTN_Mig3_194	TTNI82_188	25.275	91	62	3	1	91	2	86	2.39e-06	34.3
bflTTN_Mig3_194	TTNI91_188	32.911	79	47	3	15	93	16	88	2.86e-06	33.9
bflTTN_Mig3_194	TTNI61_193	27.941	68	48	1	24	91	25	91	3.07e-06	33.9
bflTTN_Mig3_194	TTNI57_193	27.174	92	66	1	1	92	2	92	3.87e-06	33.9
bflTTN_Mig3_194	TTNI47_193	27.473	91	65	1	1	91	2	91	4.12e-06	33.5
bflTTN_Mig3_194	TTNM4_193	26.374	91	66	1	1	91	2	91	4.16e-06	33.5
bflTTN_Mig3_194	TTNA120_193	29.870	77	51	1	15	91	18	91	6.34e-06	33.1
bflTTN_Mig3_194	TTNI59_193	23.913	92	69	1	1	92	2	92	6.89e-06	33.1
bflTTN_Mig3_194	TTNI60_194	26.374	91	67	0	1	91	2	92	7.53e-06	33.1
bflTTN_Mig3_194	TTNI98_188	29.630	81	46	3	3	81	11	82	8.84e-06	32.7
bflTTN_Mig3_194	TTNI50_194	24.176	91	69	0	1	91	2	92	9.28e-06	32.7
bflTTN_Mig3_194	TTNI28_193	26.374	91	66	1	1	91	2	91	9.34e-06	32.7
bflTTN_Mig3_194	TTNA87_194	28.571	77	52	1	15	91	19	92	9.99e-06	32.7
bflTTN_Mig3_194	TTNI94_187	24.176	91	63	3	1	91	2	86	2.36e-05	31.6
bflTTN_Mig3_194	TTNA61_197	33.803	71	41	3	15	82	19	86	2.67e-05	31.6
bflTTN_Mig3_194	TTNI107_196	26.866	67	48	1	15	81	19	84	3.34e-05	31.2
bflTTN_Mig3_194	TTNI35_193	32.787	61	40	1	32	92	33	92	4.71e-05	30.8
bflTTN_Mig3_194	TTNI54_193	26.582	79	57	1	3	81	4	81	5.29e-05	30.8
bflTTN_Mig3_194	TTNI95_188	29.070	86	55	3	7	92	8	87	6.60e-05	30.4
bflTTN_Mig3_194	TTNI99_188	25.275	91	62	3	2	92	3	87	1.27e-04	29.6
bflTTN_Mig3_194	TTNA156_195	26.027	73	53	1	11	83	14	85	1.32e-04	29.6
bflTTN_Mig3_194	TTNA43_195	32.911	79	47	3	15	92	19	92	1.47e-04	29.6
bflTTN_Mig3_194	TTNI49_193	24.658	73	54	1	20	92	21	92	1.82e-04	29.3
bflTTN_Mig3_194	TTNI101_193	27.273	55	39	1	33	87	33	86	1.85e-04	29.3
bflTTN_Mig3_194	TTNA112_192	31.579	57	38	1	26	82	26	81	1.97e-04	29.3
bflTTN_Mig3_194	TTNI31_193	28.395	81	57	1	1	81	2	81	1.99e-04	29.3
bflTTN_Mig3_194	TTNI43_193	23.656	93	68	2	1	92	2	92	3.05e-04	28.9
bflTTN_Mig3_194	TTNI90_187	27.473	91	59	3	1	91	2	85	4.73e-04	28.1
bflTTN_Mig3_194	TTNI53_193	24.359	78	58	1	15	92	16	92	5.83e-04	28.1
bflTTN_Mig3_194	TTNI64_193	26.966	89	64	1	3	91	4	91	6.66e-04	27.7
bflTTN_Mig3_194	TTNM1_192	29.508	61	42	1	32	92	32	91	0.001	27.3
bflTTN_Mig3_194	TTNA4_1121	23.729	118	59	4	2	91	5	119	0.001	27.3
bflTTN_Mig3_194	TTNI74_193	23.077	91	65	2	3	91	4	91	0.001	27.3
bflTTN_Mig3_194	TTNI103_188	26.316	76	54	2	3	78	4	77	0.001	26.9
bflTTN_Mig3_194	TTNI86_190	30.909	55	29	2	30	79	30	80	0.001	26.9
bflTTN_Mig3_194	TTNI105_190	26.562	64	43	1	28	91	29	88	0.001	26.9
bflTTN_Mig3_194	TTNI81_190	28.358	67	43	2	25	91	27	88	0.002	26.2
bflTTN_Mig3_194	TTNI7_187	31.818	66	36	3	28	91	28	86	0.003	26.2
bflTTN_Mig3_194	TTNI17_194	39.394	33	20	0	59	91	59	91	0.005	25.4
bflTTN_Mig3_194	TTNI63_193	23.656	93	70	1	1	93	2	93	0.006	25.0
bflTTN_Mig3_194	TTNI12_187	25.610	82	59	2	3	84	4	83	0.006	25.0
bflTTN_Mig3_194	TTNI4_189	25.373	67	48	2	7	73	8	72	0.007	25.0
bflTTN_Mig3_194	TTNI84_196	27.907	43	30	1	31	73	35	76	0.021	23.9
bflTTN_Mig3_194	TTNI10_187	26.923	78	51	3	14	91	15	86	0.022	23.5
bflTTN_Mig3_194	TTNI73_193	23.913	92	69	1	1	92	2	92	0.034	23.1
bflTTN_Mig3_194	TTNI100_188	28.205	78	50	3	14	91	15	86	0.034	23.1
bflTTN_Mig3_194	TTNI85_192	30.000	60	41	1	32	91	32	90	0.041	22.7
bflTTN_Mig3_194	TTNI9_187	28.571	42	29	1	32	73	32	72	0.043	22.7
bflTTN_Mig3_194	TTNI8_188	29.545	44	30	1	32	75	33	75	0.076	21.9
bflTTN_Mig3_194	TTNI88_187	30.303	33	23	0	50	82	48	80	0.084	21.9
bflTTN_Mig3_194	TTNI88_187	44.444	18	10	0	8	25	67	84	1.8	18.1
bflTTN_Mig3_194	TTNI2_191	26.667	45	33	0	3	47	4	48	0.087	21.9
bflTTN_Mig3_194	TTNI89_188	36.111	36	22	1	7	42	8	42	0.14	21.2
bflTTN_Mig3_194	TTNI93_188	30.556	36	24	1	7	42	8	42	0.34	20.4
bflTTN_Mig3_194	TTNI13_190	28.571	42	27	2	34	73	34	74	0.38	20.0
bflTTN_Mig3_194	TTNI6_187	44.444	18	10	0	59	76	58	75	0.52	19.6
bflTTN_Mig3_194	TTNI106_194	40.000	20	12	0	59	78	60	79	0.65	19.6
bflTTN_Mig3_194	TTNA145_195	33.333	21	14	0	61	81	63	83	0.88	19.2
bflTTN_Mig3_194	TTNI104_188	45.000	20	10	1	37	56	62	80	1.1	18.9
bflTTN_Mig3_194	TTNI102_188	29.787	47	28	2	32	76	32	75	1.3	18.9
bflTTN_Mig3_194	TTNI92_187	42.105	19	11	0	43	61	67	85	4.4	17.3
bflTTN_Mig4_193	TTNI79_193	33.333	90	60	0	1	90	2	91	1.50e-17	63.2
bflTTN_Mig4_193	TTNI56_193	34.444	90	59	0	1	90	2	91	1.18e-16	60.8
bflTTN_Mig4_193	TTNM7_192	33.333	90	60	0	1	90	1	90	1.82e-16	60.5
bflTTN_Mig4_193	TTNI66_193	32.955	88	59	0	1	88	2	89	3.07e-16	59.7
bflTTN_Mig4_193	TTNI76_193	34.091	88	58	0	1	88	2	89	7.99e-16	58.5
bflTTN_Mig4_193	TTNI34_193	33.333	90	60	0	1	90	2	91	8.43e-16	58.5
bflTTN_Mig4_193	TTNZ5_193	34.831	89	57	1	3	90	4	92	1.06e-15	58.5
bflTTN_Mig4_193	TTNM4_193	32.222	90	61	0	1	90	2	91	1.13e-14	55.8
bflTTN_Mig4_193	TTNI68_194	33.333	78	51	1	1	77	2	79	1.34e-14	55.5
bflTTN_Mig4_193	TTNI43_193	31.111	90	62	0	1	90	2	91	3.55e-14	54.7
bflTTN_Mig4_193	TTNI28_193	28.889	90	64	0	1	90	2	91	4.92e-14	54.3
bflTTN_Mig4_193	TTNI59_193	32.099	81	55	0	1	81	2	82	6.11e-14	53.9
bflTTN_Mig4_193	TTNI37_193	27.778	90	65	0	1	90	2	91	6.95e-14	53.9
bflTTN_Mig4_193	TTNI58_194	30.769	91	62	1	1	90	2	92	1.04e-13	53.1
bflTTN_Mig4_193	TTNI32_193	30.000	90	63	0	1	90	2	91	1.32e-13	53.1
bflTTN_Mig4_193	TTNI27_194	30.000	90	63	0	1	90	2	91	1.64e-13	52.8
bflTTN_Mig4_193	TTNI69_193	25.000	92	69	0	1	92	2	93	2.78e-13	52.4
bflTTN_Mig4_193	TTNI36_194	30.000	80	55	1	3	81	4	83	5.49e-13	51.6
bflTTN_Mig4_193	TTNI31_193	28.750	80	57	0	1	80	2	81	5.55e-13	51.6
bflTTN_Mig4_193	TTNI77_193	28.889	90	64	0	1	90	2	91	5.61e-13	51.6
bflTTN_Mig4_193	TTNI30_194	31.707	82	55	1	1	81	2	83	6.60e-13	51.2
bflTTN_Mig4_193	TTNI46_193	30.000	90	63	0	1	90	2	91	8.73e-13	50.8
bflTTN_Mig4_193	TTNI14_192	31.111	90	62	0	1	90	2	91	1.07e-12	50.8
bflTTN_Mig4_193	TTNZ3_195	28.889	90	64	0	1	90	2	91	1.50e-12	50.4
bflTTN_Mig4_193	TTNI51_193	33.333	81	54	0	2	82	3	83	1.96e-12	50.1
bflTTN_Mig4_193	TTNZ2_194	29.032	93	66	0	1	93	2	94	1.96e-12	50.1
bflTTN_Mig4_193	TTNI72_193	28.889	90	64	0	1	90	2	91	2.31e-12	49.7
bflTTN_Mig4_193	TTNI16_194	30.435	92	62	1	1	90	1	92	2.74e-12	49.7
bflTTN_Mig4_193	TTNZ9_193	32.099	81	54	1	12	92	12	91	3.88e-12	49.3
bflTTN_Mig4_193	TTNI103_188	32.955	88	54	2	3	90	4	86	3.95e-12	49.3
bflTTN_Mig4_193	TTNI40_193	27.778	90	65	0	1	90	2	91	5.36e-12	48.9
bflTTN_Mig4_193	TTNI65_193	24.444	90	68	0	1	90	2	91	7.90e-12	48.5
bflTTN_Mig4_193	TTNI24_192	26.087	92	68	0	1	92	1	92	9.39e-12	48.1
bflTTN_Mig4_193	TTNI67_193	30.000	90	63	0	1	90	2	91	1.16e-11	48.1
bflTTN_Mig4_193	TTNI57_193	30.000	90	63	0	1	90	2	91	1.26e-11	48.1
bflTTN_Mig4_193	TTNM2_195	28.723	94	64	1	1	91	1	94	1.54e-11	47.8
bflTTN_Mig4_193	TTNZ1_195	30.526	95	64	1	1	93	1	95	2.17e-11	47.4
bflTTN_Mig4_193	TTNI48_194	25.610	82	60	1	1	81	2	83	2.64e-11	47.0
bflTTN_Mig4_193	TTNZ7_195	29.474	95	65	1	1	93	1	95	2.91e-11	47.0
bflTTN_Mig4_193	TTNM9_196	28.889	90	64	0	1	90	2	91	3.30e-11	47.0
bflTTN_Mig4_193	TTNI55_193	27.059	85	62	0	1	85	2	86	3.89e-11	46.6
bflTTN_Mig4_193	TTNA164_192	25.000	88	66	0	1	88	1	88	4.02e-11	46.6
bflTTN_Mig4_193	TTNI71_193	32.500	80	54	0	12	91	13	92	5.55e-11	46.2
bflTTN_Mig4_193	TTNM10_195	32.877	73	47	1	11	81	12	84	5.97e-11	46.2
bflTTN_Mig4_193	TTNI17_194	32.222	90	61	0	1	90	2	91	9.59e-11	45.8
bflTTN_Mig4_193	TTNZ4_195	33.333	84	50	2	1	80	2	83	1.02e-10	45.8
bflTTN_Mig4_193	TTNA90_192	29.577	71	50	0	10	80	10	80	1.13e-10	45.4
bflTTN_Mig4_193	TTNM5_194	31.507	73	50	0	8	80	9	81	1.16e-10	45.4
bflTTN_Mig4_193	TTNI75_193	26.667	90	66	0	1	90	2	91	1.30e-10	45.4
bflTTN_Mig4_193	TTNI33_193	30.986	71	49	0	12	82	13	83	1.40e-10	45.4
bflTTN_Mig4_193	TTNA1_193	30.488	82	57	0	1	82	2	83	1.56e-10	45.1
bflTTN_Mig4_193	TTNA50_196	30.000	80	56	0	11	90	15	94	2.03e-10	45.1
bflTTN_Mig4_193	TTNA112_192	36.842	57	36	0	25	81	25	81	2.97e-10	44.3
bflTTN_Mig4_193	TTNI53_193	26.667	90	66	0	1	90	2	91	3.20e-10	44.3
bflTTN_Mig4_193	TTNI45_193	36.232	69	44	0	22	90	23	91	4.46e-10	43.9
bflTTN_Mig4_193	TTNI52_193	28.889	90	64	0	1	90	2	91	5.65e-10	43.5
bflTTN_Mig4_193	TTNI44_193	27.500	80	58	0	1	80	2	81	5.65e-10	43.5
bflTTN_Mig4_193	TTNI50_194	32.051	78	52	1	1	77	2	79	6.14e-10	43.5
bflTTN_Mig4_193	TTNI70_194	28.571	91	64	1	1	90	2	92	6.28e-10	43.5
bflTTN_Mig4_193	TTNA168_194	32.609	92	60	2	1	90	1	92	6.92e-10	43.5
bflTTN_Mig4_193	TTNA134_195	29.870	77	51	1	11	84	14	90	8.55e-10	43.1
bflTTN_Mig4_193	TTNI82_188	29.412	85	59	1	1	85	2	85	8.83e-10	43.1
bflTTN_Mig4_193	TTNI1_194	29.032	93	65	1	1	92	2	94	1.43e-09	42.7
bflTTN_Mig4_193	TTNI42_194	28.916	83	58	1	1	82	2	84	1.46e-09	42.7
bflTTN_Mig4_193	TTNI25_195	27.660	94	67	1	1	93	2	95	2.01e-09	42.4
bflTTN_Mig4_193	TTNI62_193	28.889	90	64	0	1	90	2	91	2.11e-09	42.4
bflTTN_Mig4_193	TTNI73_193	28.049	82	59	0	1	82	2	83	2.16e-09	42.4
bflTTN_Mig4_193	TTNZ8_195	27.368	95	67	1	1	93	1	95	2.41e-09	42.0
bflTTN_Mig4_193	TTNA101_192	23.171	82	63	0	1	82	1	82	2.73e-09	42.0
bflTTN_Mig4_193	TTNA131_197	31.818	66	45	0	15	80	19	84	2.82e-09	42.0
bflTTN_Mig4_193	TTNI38_193	25.556	90	67	0	1	90	2	91	3.49e-09	41.6
bflTTN_Mig4_193	TTNI84_196	47.917	48	23	1	34	81	38	83	4.34e-09	41.6
bflTTN_Mig4_193	TTNI63_193	30.000	90	63	0	1	90	2	91	4.56e-09	41.2
bflTTN_Mig4_193	TTNA79_193	27.711	83	60	0	1	83	2	84	5.24e-09	41.2
bflTTN_Mig4_193	TTNM3_193	29.670	91	63	1	1	90	1	91	5.53e-09	41.2
bflTTN_Mig4_193	TTNI64_193	26.136	88	65	0	3	90	4	91	6.49e-09	40.8
bflTTN_Mig4_193	TTNA61_197	30.435	69	48	0	22	90	27	95	7.29e-09	40.8
bflTTN_Mig4_193	TTNA25_194	37.500	56	35	0	26	81	28	83	7.67e-09	40.8
bflTTN_Mig4_193	TTNI49_193	25.926	81	60	0	1	81	2	82	9.13e-09	40.4
bflTTN_Mig4_193	TTNI2_191	35.135	74	46	2	3	75	4	76	1.26e-08	40.0
bflTTN_Mig4_193	TTNI29_193	26.667	90	66	0	1	90	2	91	1.31e-08	40.0
bflTTN_Mig4_193	TTNI61_193	30.556	72	50	0	11	82	12	83	1.35e-08	40.0
bflTTN_Mig4_193	TTNI54_193	30.769	78	54	0	3	80	4	81	1.35e-08	40.0
bflTTN_Mig4_193	TTNM6_194	30.986	71	46	2	18	85	17	87	1.37e-08	40.0
bflTTN_Mig4_193	TTNI78_194	30.952	84	57	1	1	83	2	85	1.38e-08	40.0
bflTTN_Mig4_193	TTNZ6_195	29.268	82	55	2	1	80	1	81	1.98e-08	39.7
bflTTN_Mig4_193	TTNA32_196	30.233	86	59	1	6	90	9	94	2.29e-08	39.7
bflTTN_Mig4_193	TTNI107_196	26.923	78	57	0	5	82	9	86	2.44e-08	39.7
bflTTN_Mig4_193	TTNI100_188	28.409	88	58	2	3	90	4	86	3.29e-08	38.9
bflTTN_Mig4_193	TTNI7_187	30.864	81	55	1	2	82	3	82	4.13e-08	38.9
bflTTN_Mig4_193	TTNA72_196	32.895	76	49	1	9	82	11	86	5.47e-08	38.5
bflTTN_Mig4_193	TTNI60_194	27.160	81	58	1	1	80	2	82	8.70e-08	38.1
bflTTN_Mig4_193	TTNI98_188	32.955	88	54	2	3	90	4	86	9.37e-08	37.7
bflTTN_Mig4_193	TTNI15_191	26.667	90	65	1	1	90	2	90	1.04e-07	37.7
bflTTN_Mig4_193	TTNI85_192	36.364	77	45	3	3	77	4	78	1.27e-07	37.7
bflTTN_Mig4_193	TTNA57_195	31.579	57	39	0	25	81	28	84	2.07e-07	37.0
bflTTN_Mig4_193	TTNA138_196	32.759	58	39	0	25	82	29	86	2.08e-07	37.0
bflTTN_Mig4_193	TTNI96_188	32.000	75	50	1	3	77	4	77	2.44e-07	36.6
bflTTN_Mig4_193	TTNI74_193	24.359	78	59	0	3	80	4	81	2.58e-07	37.0
bflTTN_Mig4_193	TTNI97_188	30.986	71	48	1	3	73	4	73	3.02e-07	36.6
bflTTN_Mig4_193	TTNA127_195	23.656	93	68	1	1	90	1	93	3.82e-07	36.2
bflTTN_Mig4_193	TTNA11_1103	30.137	73	45	1	15	81	20	92	4.12e-07	36.6
bflTTN_Mig4_193	TTNI99_188	30.337	89	57	2	2	90	3	86	6.08e-07	35.8
bflTTN_Mig4_193	TTNA156_195	24.286	70	53	0	12	81	15	84	8.44e-07	35.4
bflTTN_Mig4_193	TTNI94_187	27.778	90	60	2	1	90	2	86	9.83e-07	35.0
bflTTN_Mig4_193	TTNA105_197	35.088	57	36	1	26	81	30	86	1.17e-06	35.0
bflTTN_Mig4_193	TTNI90_187	28.261	92	60	2	1	92	2	87	1.24e-06	35.0
bflTTN_Mig4_193	TTNA123_196	26.582	79	56	1	5	81	7	85	1.45e-06	35.0
bflTTN_Mig4_193	TTNI12_187	22.500	80	61	1	3	82	4	82	1.67e-06	34.7
bflTTN_Mig4_193	TTNA116_196	28.571	63	45	0	19	81	23	85	2.10e-06	34.3
bflTTN_Mig4_193	TTNI39_193	24.051	79	60	0	12	90	13	91	3.09e-06	33.9
bflTTN_Mig4_193	TTNA68_195	28.070	57	41	0	26	82	29	85	4.41e-06	33.5
bflTTN_Mig4_193	TTNA94_195	25.974	77	56	1	6	81	8	84	4.50e-06	33.5
bflTTN_Mig4_193	TTNA149_197	28.169	71	51	0	11	81	16	86	6.69e-06	33.1
bflTTN_Mig4_193	TTNI26_191	30.645	62	42	1	31	91	29	90	9.02e-06	32.7
bflTTN_Mig4_193	TTNA36_196	25.000	72	54	0	11	82	15	86	1.02e-05	32.7
bflTTN_Mig4_193	TTNI4_189	35.088	57	35	2	34	90	34	88	1.39e-05	32.3
bflTTN_Mig4_193	TTNA65_194	24.658	73	53	1	8	80	12	82	1.56e-05	32.0
bflTTN_Mig4_193	TTNI47_193	25.926	81	60	0	1	81	2	82	1.78e-05	32.0
bflTTN_Mig4_193	TTNA76_194	32.759	58	35	2	25	81	29	83	1.96e-05	32.0
bflTTN_Mig4_193	TTNA18_199	31.034	87	51	3	12	90	12	97	2.02e-05	32.0
bflTTN_Mig4_193	TTNM1_192	25.641	78	57	1	14	90	13	90	2.21e-05	31.6
bflTTN_Mig4_193	TTNA29_194	29.730	74	50	1	8	81	12	83	2.47e-05	31.6
bflTTN_Mig4_193	TTNI80_194	32.099	81	52	3	12	90	13	92	3.75e-05	31.2
bflTTN_Mig4_193	TTNI41_193	22.222	90	70	0	1	90	2	91	3.94e-05	31.2
bflTTN_Mig4_193	TTNA142_194	25.676	74	53	1	8	81	12	83	4.38e-05	30.8
bflTTN_Mig4_193	TTNA54_196	26.667	75	54	1	7	80	10	84	4.84e-05	30.8
bflTTN_Mig4_193	TTNA109_194	26.667	60	42	1	22	81	26	83	5.45e-05	30.8
bflTTN_Mig4_193	TTNA43_195	32.051	78	45	3	7	80	10	83	8.91e-05	30.0
bflTTN_Mig4_193	TTNA153_193	25.714	70	50	1	11	80	14	81	9.05e-05	30.0
bflTTN_Mig4_193	TTNA46_192	23.750	80	61	0	11	90	11	90	9.31e-05	30.0
bflTTN_Mig4_193	TTNI9_187	24.658	73	54	1	3	75	4	75	1.32e-04	29.6
bflTTN_Mig4_193	TTNA120_193	24.675	77	55	2	7	82	9	83	1.33e-04	29.6
bflTTN_Mig4_193	TTNA87_194	28.070	57	39	1	25	81	29	83	1.52e-04	29.6
bflTTN_Mig4_193	TTNI81_190	23.457	81	61	1	3	82	4	84	1.76e-04	29.3
bflTTN_Mig4_193	TTNI83_193	27.143	70	50	1	3	72	4	72	2.12e-04	29.3
bflTTN_Mig4_193	TTNI10_187	28.395	81	55	3	3	82	4	82	2.76e-04	28.9
bflTTN_Mig4_193	TTNA83_196	21.622	74	56	1	9	80	11	84	4.66e-04	28.1
bflTTN_Mig4_193	TTNA145_195	29.231	65	44	1	18	80	19	83	5.21e-04	28.1
bflTTN_Mig4_193	TTNI8_188	25.581	86	60	1	5	90	6	87	5.77e-04	27.7
bflTTN_Mig4_193	TTNA8_195	25.316	79	58	1	12	90	16	93	6.73e-04	27.7
bflTTN_Mig4_193	TTNA15_1104	27.632	76	43	2	25	90	28	101	8.18e-04	27.7
bflTTN_Mig4_193	TTNI88_187	29.885	87	45	4	3	82	4	81	8.60e-04	27.3
bflTTN_Mig4_193	TTNI35_193	23.750	80	61	0	1	80	2	81	8.87e-04	27.3
bflTTN_Mig4_193	TTNI3_187	20.988	81	53	2	3	78	4	78	8.97e-04	27.3
bflTTN_Mig4_193	TTNA160_193	24.194	62	45	1	19	80	22	81	0.001	27.3
bflTTN_Mig4_193	TTNI106_194	24.074	54	41	0	26	79	28	81	0.001	26.9
bflTTN_Mig4_193	TTNI92_187	21.348	89	65	2	2	90	3	86	0.005	25.4
bflTTN_Mig4_193	TTNA98_194	23.684	76	55	2	7	81	10	83	0.005	25.4
bflTTN_Mig4_193	TTNA39_196	20.430	93	71	2	1	90	2	94	0.005	25.4
bflTTN_Mig4_193	TTNA169_1100	26.866	67	48	1	26	91	33	99	0.007	25.0
bflTTN_Mig4_193	TTNI6_187	25.000	60	41	1	32	91	32	87	0.012	24.3
bflTTN_Mig4_193	TTNI102_188	29.167	48	24	2	32	74	32	74	0.012	24.3
bflTTN_Mig4_193	TTNI104_188	20.238	84	62	2	10	92	9	88	0.016	23.9
bflTTN_Mig4_193	TTNI11_187	30.000	40	28	0	33	72	33	72	0.019	23.9
bflTTN_Mig4_193	TTNA165_196	22.414	58	44	1	26	82	29	86	0.037	23.1
bflTTN_Mig4_193	TTNA22_194	21.818	55	41	1	26	80	30	82	0.049	22.7
bflTTN_Mig4_193	TTNA4_1121	33.333	27	18	0	15	41	15	41	0.051	22.7
bflTTN_Mig4_193	TTNI5_188	23.810	42	32	0	7	48	8	49	0.058	22.3
bflTTN_Mig4_193	TTNM8_193	20.652	92	65	1	10	93	2	93	0.064	22.3
bflTTN_Mig4_193	TTNI13_190	32.075	53	33	2	34	84	34	85	0.074	21.9
bflTTN_Mig4_193	TTNI87_188	25.490	51	38	0	33	83	33	83	0.093	21.9
bflTTN_Mig4_193	TTNI89_188	34.286	35	22	1	3	37	4	37	0.28	20.4
bflTTN_Mig4_193	TTNI105_190	25.397	63	28	2	28	82	29	80	0.57	19.6
bflTTN_Mig5_191	TTNA79_193	32.500	80	52	1	1	78	2	81	1.51e-12	50.1
bflTTN_Mig5_191	TTNI88_187	31.325	83	57	0	3	85	4	86	5.83e-12	48.5
bflTTN_Mig5_191	TTNZ2_194	34.444	90	57	1	1	88	2	91	7.56e-12	48.5
bflTTN_Mig5_191	TTNI79_193	32.530	83	54	1	1	81	2	84	1.91e-11	47.4
bflTTN_Mig5_191	TTNA50_196	28.395	81	56	1	10	88	14	94	2.34e-11	47.4
bflTTN_Mig5_191	TTNM3_193	28.571	91	62	2	1	88	1	91	2.53e-11	47.0
bflTTN_Mig5_191	TTNI58_194	32.258	93	60	2	1	90	2	94	1.45e-10	45.1
bflTTN_Mig5_191	TTNI16_194	27.174	92	63	2	1	88	1	92	1.59e-10	45.1
bflTTN_Mig5_191	TTNZ3_195	28.889	90	62	1	1	88	2	91	1.77e-10	45.1
bflTTN_Mig5_191	TTNI48_194	32.558	86	55	2	1	83	2	87	2.84e-10	44.3
bflTTN_Mig5_191	TTNI1_194	33.333	93	59	2	1	90	2	94	2.91e-10	44.3
bflTTN_Mig5_191	TTNI24_192	27.174	92	65	1	1	90	1	92	9.70e-10	43.1
bflTTN_Mig5_191	TTNI4_189	32.812	64	42	1	7	69	8	71	9.74e-10	42.7
bflTTN_Mig5_191	TTNA112_192	27.848	79	55	1	10	86	10	88	1.51e-09	42.4
bflTTN_Mig5_191	TTNI100_188	31.429	70	47	1	3	71	4	73	1.65e-09	42.4
bflTTN_Mig5_191	TTNA116_196	30.380	79	53	1	12	88	16	94	1.89e-09	42.4
bflTTN_Mig5_191	TTNI26_191	28.090	89	63	1	1	88	1	89	1.99e-09	42.4
bflTTN_Mig5_191	TTNI74_193	26.744	86	61	1	3	86	4	89	2.31e-09	42.0
bflTTN_Mig5_191	TTNI54_193	30.380	79	53	1	2	78	3	81	2.38e-09	42.0
bflTTN_Mig5_191	TTNI54_193	38.095	21	13	0	65	85	14	34	4.5	16.9
bflTTN_Mig5_191	TTNI75_193	28.889	90	62	1	1	88	2	91	2.41e-09	42.0
bflTTN_Mig5_191	TTNA90_192	26.744	86	57	2	1	84	5	86	2.80e-09	42.0
bflTTN_Mig5_191	TTNI97_188	33.735	83	54	1	3	84	4	86	3.11e-09	41.6
bflTTN_Mig5_191	TTNI65_193	27.174	92	65	1	1	90	2	93	4.78e-09	41.2
bflTTN_Mig5_191	TTNA94_195	31.579	76	50	1	15	88	18	93	4.80e-09	41.2
bflTTN_Mig5_191	TTNI30_194	31.395	86	56	2	1	83	2	87	5.30e-09	41.2
bflTTN_Mig5_191	TTNM7_192	26.087	92	66	1	1	90	1	92	1.03e-08	40.4
bflTTN_Mig5_191	TTNI98_188	31.325	83	54	2	3	82	4	86	1.24e-08	40.0
bflTTN_Mig5_191	TTNA101_192	26.136	88	63	1	1	86	1	88	1.39e-08	40.0
bflTTN_Mig5_191	TTNA105_197	29.870	77	51	2	15	88	19	95	1.43e-08	40.0
bflTTN_Mig5_191	TTNI57_193	30.000	90	61	1	1	88	2	91	1.80e-08	39.7
bflTTN_Mig5_191	TTNZ6_195	29.787	94	61	3	1	90	1	93	1.84e-08	39.7
bflTTN_Mig5_191	TTNM4_193	28.889	90	62	1	1	88	2	91	2.27e-08	39.7
bflTTN_Mig5_191	TTNI15_191	24.719	89	66	1	1	88	2	90	3.73e-08	38.9
bflTTN_Mig5_191	TTNI59_193	25.843	89	64	1	1	87	2	90	4.04e-08	38.9
bflTTN_Mig5_191	TTNM9_196	26.667	90	64	1	1	88	2	91	4.13e-08	38.9
bflTTN_Mig5_191	TTNA32_196	33.333	60	40	0	29	88	35	94	5.16e-08	38.5
bflTTN_Mig5_191	TTNM5_194	30.233	86	58	1	5	88	6	91	7.96e-08	38.1
bflTTN_Mig5_191	TTNI25_195	27.473	91	63	2	1	88	2	92	9.70e-08	37.7
bflTTN_Mig5_191	TTNI70_194	26.374	91	64	2	1	88	2	92	1.20e-07	37.7
bflTTN_Mig5_191	TTNI67_193	25.556	90	65	1	1	88	2	91	1.59e-07	37.4
bflTTN_Mig5_191	TTNI94_187	24.719	89	62	2	1	88	2	86	2.02e-07	37.0
bflTTN_Mig5_191	TTNI56_193	27.273	88	62	1	1	86	2	89	2.10e-07	37.0
bflTTN_Mig5_191	TTNA46_192	26.829	82	58	1	9	88	9	90	2.16e-07	37.0
bflTTN_Mig5_191	TTNI78_194	24.719	89	64	2	1	86	2	90	2.16e-07	37.0
bflTTN_Mig5_191	TTNI11_187	28.571	84	59	1	2	84	3	86	2.86e-07	36.6
bflTTN_Mig5_191	TTNI103_188	27.711	83	59	1	3	84	4	86	3.31e-07	36.2
bflTTN_Mig5_191	TTNA36_196	27.632	76	53	1	15	88	19	94	4.09e-07	36.2
bflTTN_Mig5_191	TTNI45_193	27.419	62	45	0	27	88	30	91	4.81e-07	36.2
bflTTN_Mig5_191	TTNI66_193	26.136	88	63	1	1	86	2	89	6.00e-07	35.8
bflTTN_Mig5_191	TTNA61_197	31.250	48	33	0	32	79	39	86	6.20e-07	35.8
bflTTN_Mig5_191	TTNA134_195	22.973	74	55	1	15	86	18	91	6.75e-07	35.8
bflTTN_Mig5_191	TTNI46_193	26.667	90	64	1	1	88	2	91	7.42e-07	35.4
bflTTN_Mig5_191	TTNI69_193	25.000	92	67	1	1	90	2	93	7.66e-07	35.4
bflTTN_Mig5_191	TTNI3_187	27.941	68	48	1	3	69	4	71	7.78e-07	35.4
bflTTN_Mig5_191	TTNI77_193	24.444	90	66	1	1	88	2	91	8.88e-07	35.4
bflTTN_Mig5_191	TTNI29_193	26.087	69	51	0	20	88	23	91	1.19e-06	35.0
bflTTN_Mig5_191	TTNI55_193	25.301	83	60	1	1	81	2	84	1.33e-06	35.0
bflTTN_Mig5_191	TTNI10_187	26.744	86	58	2	4	88	5	86	1.53e-06	34.7
bflTTN_Mig5_191	TTNZ1_195	28.421	95	64	2	1	91	1	95	1.78e-06	34.7
bflTTN_Mig5_191	TTNI28_193	19.318	88	69	1	1	86	2	89	1.80e-06	34.7
bflTTN_Mig5_191	TTNI36_194	33.333	54	36	0	30	83	34	87	1.87e-06	34.7
bflTTN_Mig5_191	TTNI38_193	25.556	90	65	1	1	88	2	91	1.92e-06	34.3
bflTTN_Mig5_191	TTNI40_193	27.778	90	63	1	1	88	2	91	2.99e-06	33.9
bflTTN_Mig5_191	TTNI9_187	29.231	65	45	1	6	69	7	71	3.02e-06	33.9
bflTTN_Mig5_191	TTNI82_188	25.000	76	56	1	1	75	2	77	3.45e-06	33.5
bflTTN_Mig5_191	TTNI72_193	26.667	90	64	1	1	88	2	91	3.54e-06	33.9
bflTTN_Mig5_191	TTNA153_193	29.870	77	48	3	15	88	18	91	3.58e-06	33.9
bflTTN_Mig5_191	TTNM2_195	27.957	93	62	2	1	88	1	93	3.61e-06	33.9
bflTTN_Mig5_191	TTNA138_196	24.051	79	58	1	12	88	16	94	4.62e-06	33.5
bflTTN_Mig5_191	TTNI33_193	26.316	76	54	1	15	88	16	91	5.56e-06	33.1
bflTTN_Mig5_191	TTNI14_192	21.111	90	69	1	1	88	2	91	6.15e-06	33.1
bflTTN_Mig5_191	TTNI107_196	27.160	81	57	1	10	88	14	94	6.66e-06	33.1
bflTTN_Mig5_191	TTNI51_193	24.719	89	65	1	2	88	3	91	6.72e-06	33.1
bflTTN_Mig5_191	TTNA131_197	29.333	75	48	2	15	84	19	93	6.76e-06	33.1
bflTTN_Mig5_191	TTNM10_195	22.826	92	67	2	1	88	2	93	8.10e-06	32.7
bflTTN_Mig5_191	TTNI32_193	26.506	83	59	1	1	81	2	84	8.65e-06	32.7
bflTTN_Mig5_191	TTNA8_195	34.426	61	37	2	29	88	35	93	9.68e-06	32.7
bflTTN_Mig5_191	TTNA145_195	26.316	76	54	1	15	88	18	93	1.25e-05	32.3
bflTTN_Mig5_191	TTNI34_193	31.461	89	57	3	1	86	2	89	1.39e-05	32.3
bflTTN_Mig5_191	TTNA68_195	23.684	76	56	1	15	88	18	93	1.47e-05	32.0
bflTTN_Mig5_191	TTNI76_193	27.273	88	62	1	1	86	2	89	1.52e-05	32.0
bflTTN_Mig5_191	TTNI101_193	33.333	66	43	1	20	85	23	87	1.88e-05	32.0
bflTTN_Mig5_191	TTNI104_188	26.786	56	41	0	30	85	32	87	1.96e-05	31.6
bflTTN_Mig5_191	TTNI99_188	31.429	70	45	2	2	69	3	71	2.04e-05	31.6
bflTTN_Mig5_191	TTNA164_192	26.087	92	66	1	1	90	1	92	2.26e-05	31.6
bflTTN_Mig5_191	TTNA98_194	27.632	76	51	2	15	88	19	92	2.55e-05	31.6
bflTTN_Mig5_191	TTNM6_194	24.138	58	43	1	30	86	33	90	3.25e-05	31.2
bflTTN_Mig5_191	TTNI39_193	24.138	87	64	1	4	88	5	91	4.07e-05	30.8
bflTTN_Mig5_191	TTNI49_193	24.444	90	66	1	1	88	2	91	5.02e-05	30.8
bflTTN_Mig5_191	TTNA1_193	24.444	90	66	1	1	88	2	91	5.18e-05	30.8
bflTTN_Mig5_191	TTNA156_195	26.667	75	53	1	12	84	15	89	6.21e-05	30.4
bflTTN_Mig5_191	TTNA18_199	39.216	51	30	1	38	88	48	97	6.53e-05	30.4
bflTTN_Mig5_191	TTNI90_187	23.864	88	65	1	1	88	2	87	6.58e-05	30.4
bflTTN_Mig5_191	TTNI43_193	25.882	85	61	1	1	83	2	86	6.93e-05	30.4
bflTTN_Mig5_191	TTNI64_193	27.536	69	48	1	3	69	4	72	7.69e-05	30.0
bflTTN_Mig5_191	TTNI64_193	42.857	21	12	0	65	85	14	34	4.2	17.3
bflTTN_Mig5_191	TTNA39_196	27.273	99	55	4	1	88	2	94	8.51e-05	30.0
bflTTN_Mig5_191	TTNA72_196	28.788	66	45	1	15	78	19	84	8.68e-05	30.0
bflTTN_Mig5_191	TTNI83_193	27.397	73	50	2	3	73	4	75	1.33e-04	29.6
bflTTN_Mig5_191	TTNA169_1100	25.974	77	54	2	15	88	22	98	1.53e-04	29.6
bflTTN_Mig5_191	TTNZ4_195	24.638	69	50	1	20	86	23	91	1.55e-04	29.3
bflTTN_Mig5_191	TTNA83_196	36.364	33	21	0	56	88	62	94	1.57e-04	29.3
bflTTN_Mig5_191	TTNA123_196	18.919	74	58	1	15	86	19	92	2.55e-04	28.9
bflTTN_Mig5_191	TTNA149_197	25.000	76	55	1	15	88	20	95	2.58e-04	28.9
bflTTN_Mig5_191	TTNA168_194	27.174	92	63	3	1	88	1	92	2.59e-04	28.9
bflTTN_Mig5_191	TTNA87_194	30.263	76	49	2	15	88	19	92	2.70e-04	28.9
bflTTN_Mig5_191	TTNI31_193	24.138	87	64	1	1	85	2	88	3.53e-04	28.5
bflTTN_Mig5_191	TTNZ8_195	25.556	90	63	2	1	86	1	90	4.22e-04	28.1
bflTTN_Mig5_191	TTNI96_188	31.429	70	47	1	7	75	8	77	4.25e-04	28.1
bflTTN_Mig5_191	TTNI68_194	27.848	79	55	1	12	88	14	92	5.29e-04	28.1
bflTTN_Mig5_191	TTNI6_187	24.359	78	56	2	9	83	10	87	6.76e-04	27.7
bflTTN_Mig5_191	TTNM8_193	25.000	60	45	0	8	67	10	69	0.001	27.3
bflTTN_Mig5_191	TTNA11_1103	31.481	54	31	2	32	79	39	92	0.001	27.3
bflTTN_Mig5_191	TTNI17_194	26.667	90	64	1	1	88	2	91	0.001	27.3
bflTTN_Mig5_191	TTNI12_187	22.892	83	63	1	3	84	4	86	0.001	26.9
bflTTN_Mig5_191	TTNI42_194	40.000	25	15	0	64	88	68	92	0.002	26.6
bflTTN_Mig5_191	TTNI37_193	21.176	85	65	1	1	83	2	86	0.002	26.2
bflTTN_Mig5_191	TTNA76_194	32.353	34	23	0	55	88	59	92	0.002	26.2
bflTTN_Mig5_191	TTNI61_193	23.529	85	63	1	6	88	7	91	0.003	25.8
bflTTN_Mig5_191	TTNA109_194	31.507	73	44	3	19	88	23	92	0.006	25.0
bflTTN_Mig5_191	TTNA25_194	25.806	62	46	0	27	88	31	92	0.007	25.0
bflTTN_Mig5_191	TTNA4_1121	30.303	33	23	0	56	88	87	119	0.008	25.0
bflTTN_Mig5_191	TTNI91_188	19.718	71	56	1	15	84	16	86	0.008	24.6
bflTTN_Mig5_191	TTNA142_194	22.368	76	55	2	15	88	19	92	0.010	24.6
bflTTN_Mig5_191	TTNI52_193	22.222	90	68	1	1	88	2	91	0.010	24.6
bflTTN_Mig5_191	TTNA57_195	24.658	73	51	3	19	88	22	93	0.012	24.3
bflTTN_Mig5_191	TTNI41_193	22.222	90	68	1	1	88	2	91	0.014	24.3
bflTTN_Mig5_191	TTNM1_192	21.212	66	52	0	23	88	25	90	0.015	23.9
bflTTN_Mig5_191	TTNI102_188	34.783	46	28	2	29	73	31	75	0.016	23.9
bflTTN_Mig5_191	TTNA65_194	22.368	76	55	2	15	88	19	92	0.016	23.9
bflTTN_Mig5_191	TTNA29_194	39.394	33	20	0	56	88	60	92	0.016	23.9
bflTTN_Mig5_191	TTNI8_188	24.615	65	47	1	7	69	8	72	0.019	23.5
bflTTN_Mig5_191	TTNI84_196	28.571	42	30	0	28	69	34	75	0.021	23.5
bflTTN_Mig5_191	TTNI44_193	18.750	80	63	1	1	78	2	81	0.031	23.1
bflTTN_Mig5_191	TTNI2_191	25.000	40	30	0	30	69	33	72	0.031	23.1
bflTTN_Mig5_191	TTNA43_195	33.333	33	22	0	56	88	61	93	0.046	22.7
bflTTN_Mig5_191	TTNI93_188	22.892	83	63	1	3	84	4	86	0.046	22.7
bflTTN_Mig5_191	TTNI13_190	30.303	66	30	3	32	90	34	90	0.049	22.7
bflTTN_Mig5_191	TTNA54_196	27.273	55	32	1	34	88	48	94	0.076	21.9
bflTTN_Mig5_191	TTNI47_193	22.034	59	46	0	30	88	33	91	0.080	21.9
bflTTN_Mig5_191	TTNI80_194	36.364	33	21	0	56	88	60	92	0.081	21.9
bflTTN_Mig5_191	TTNI35_193	21.111	90	69	1	1	88	2	91	0.14	21.2
bflTTN_Mig5_191	TTNA160_193	23.288	73	50	3	19	88	22	91	0.17	21.2
bflTTN_Mig5_191	TTNA127_195	14.474	76	63	1	15	88	18	93	0.27	20.4
bflTTN_Mig5_191	TTNA165_196	23.529	68	49	2	15	79	18	85	0.32	20.4
bflTTN_Mig5_191	TTNI5_188	29.851	67	45	1	5	69	6	72	0.51	19.6
bflTTN_Mig5_191	TTNI81_190	33.333	30	19	1	19	48	48	76	0.77	19.2
bflTTN_Mig5_191	TTNI81_190	19.643	56	42	1	17	69	18	73	1.3	18.5
bflTTN_Mig5_191	TTNI73_193	19.355	62	50	0	29	90	32	93	0.95	18.9
bflTTN_Mig5_191	TTNA120_193	37.500	16	10	0	56	71	59	74	2.8	17.7
bflTTN_Mig5_191	TTNI106_194	31.429	35	24	0	56	90	60	94	3.4	17.3
bflTTN_Mig5_191	TTNI95_188	20.270	74	58	1	12	84	13	86	4.0	17.3
bflTTN_Mig5_191	TTNI7_187	17.857	84	68	1	2	84	3	86	4.2	17.3
bflTTN_Mig5_191	TTNI53_193	18.644	59	48	0	30	88	33	91	8.7	16.2
bflTTN_Mig6_193	TTNM5_194	36.471	85	54	0	6	90	7	91	2.66e-23	77.8
bflTTN_Mig6_193	TTNI57_193	37.778	90	56	0	1	90	2	91	3.17e-17	62.4
bflTTN_Mig6_193	TTNI46_193	34.444	90	59	0	1	90	2	91	8.52e-17	61.2
bflTTN_Mig6_193	TTNI72_193	33.333	90	60	0	1	90	2	91	3.00e-15	57.4
bflTTN_Mig6_193	TTNI34_193	33.750	80	53	0	1	80	2	81	5.16e-15	56.6
bflTTN_Mig6_193	TTNM7_192	36.986	73	46	0	18	90	18	90	5.56e-15	56.6
bflTTN_Mig6_193	TTNA164_192	33.333	87	56	1	6	90	4	90	1.48e-14	55.5
bflTTN_Mig6_193	TTNI49_193	26.250	80	59	0	1	80	2	81	1.58e-14	55.5
bflTTN_Mig6_193	TTNI80_194	35.955	89	56	1	3	90	4	92	1.82e-14	55.5
bflTTN_Mig6_193	TTNI27_194	32.222	90	61	0	1	90	2	91	1.92e-14	55.1
bflTTN_Mig6_193	TTNI69_193	26.250	80	59	0	1	80	2	81	3.02e-14	54.7
bflTTN_Mig6_193	TTNI77_193	37.037	81	51	0	1	81	2	82	4.51e-14	54.3
bflTTN_Mig6_193	TTNI40_193	32.222	90	61	0	1	90	2	91	8.00e-14	53.5
bflTTN_Mig6_193	TTNZ6_195	31.868	91	61	1	1	90	1	91	1.47e-13	53.1
bflTTN_Mig6_193	TTNI28_193	32.500	80	54	0	1	80	2	81	1.57e-13	52.8
bflTTN_Mig6_193	TTNI65_193	30.263	76	53	0	15	90	16	91	1.92e-13	52.8
bflTTN_Mig6_193	TTNI43_193	28.750	80	57	0	1	80	2	81	2.19e-13	52.4
bflTTN_Mig6_193	TTNZ9_193	25.806	93	68	1	1	93	1	92	3.52e-13	52.0
bflTTN_Mig6_193	TTNI67_193	32.099	81	55	0	1	81	2	82	4.06e-13	51.6
bflTTN_Mig6_193	TTNZ1_195	34.409	93	57	2	1	90	1	92	7.04e-13	51.2
bflTTN_Mig6_193	TTNI52_193	32.222	90	59	1	1	88	2	91	8.10e-13	50.8
bflTTN_Mig6_193	TTNI59_193	26.250	80	59	0	1	80	2	81	1.01e-12	50.8
bflTTN_Mig6_193	TTNI58_194	29.670	91	63	1	1	90	2	92	1.65e-12	50.1
bflTTN_Mig6_193	TTNM9_196	30.000	90	63	0	1	90	2	91	1.80e-12	50.1
bflTTN_Mig6_193	TTNI75_193	30.000	90	63	0	1	90	2	91	2.16e-12	50.1
bflTTN_Mig6_193	TTNI24_192	29.630	81	57	0	1	81	1	81	6.94e-12	48.5
bflTTN_Mig6_193	TTNI31_193	28.395	81	58	0	1	81	2	82	2.15e-11	47.4
bflTTN_Mig6_193	TTNZ2_194	26.882	93	68	0	1	93	2	94	4.38e-11	46.6
bflTTN_Mig6_193	TTNI71_193	25.556	90	67	0	2	91	3	92	4.57e-11	46.6
bflTTN_Mig6_193	TTNA168_194	31.522	92	61	2	1	90	1	92	6.31e-11	46.2
bflTTN_Mig6_193	TTNZ5_193	32.500	80	51	2	3	80	4	82	6.59e-11	46.2
bflTTN_Mig6_193	TTNZ3_195	30.000	90	63	0	1	90	2	91	6.65e-11	46.2
bflTTN_Mig6_193	TTNI35_193	28.889	90	64	0	1	90	2	91	8.72e-11	45.8
bflTTN_Mig6_193	TTNZ4_195	28.889	90	62	1	1	88	2	91	9.08e-11	45.8
bflTTN_Mig6_193	TTNI25_195	37.681	69	42	1	14	81	15	83	1.66e-10	45.1
bflTTN_Mig6_193	TTNI10_187	32.911	79	50	2	11	89	12	87	2.03e-10	44.7
bflTTN_Mig6_193	TTNI30_194	33.333	66	44	0	15	80	17	82	2.34e-10	44.7
bflTTN_Mig6_193	TTNI48_194	30.303	66	46	0	15	80	17	82	2.39e-10	44.7
bflTTN_Mig6_193	TTNA83_196	30.952	84	55	1	1	81	2	85	3.25e-10	44.3
bflTTN_Mig6_193	TTNI3_187	33.333	75	47	2	3	76	4	76	3.51e-10	44.3
bflTTN_Mig6_193	TTNA32_196	27.632	76	55	0	15	90	19	94	3.54e-10	44.3
bflTTN_Mig6_193	TTNA1_193	27.174	92	67	0	1	92	2	93	3.68e-10	44.3
bflTTN_Mig6_193	TTNI66_193	27.083	96	61	4	1	91	1	92	4.76e-10	43.9
bflTTN_Mig6_193	TTNA68_195	28.947	76	54	0	15	90	18	93	4.85e-10	43.9
bflTTN_Mig6_193	TTNI62_193	27.778	90	65	0	1	90	2	91	8.31e-10	43.1
bflTTN_Mig6_193	TTNA36_196	26.316	76	56	0	15	90	19	94	1.15e-09	43.1
bflTTN_Mig6_193	TTNM2_195	27.368	95	64	2	1	90	1	95	1.36e-09	42.7
bflTTN_Mig6_193	TTNI41_193	26.667	90	66	0	1	90	2	91	3.31e-09	41.6
bflTTN_Mig6_193	TTNA131_197	28.358	67	48	0	15	81	19	85	3.31e-09	42.0
bflTTN_Mig6_193	TTNI55_193	25.000	80	60	0	1	80	2	81	4.97e-09	41.2
bflTTN_Mig6_193	TTNI38_193	26.667	90	66	0	1	90	2	91	5.47e-09	41.2
bflTTN_Mig6_193	TTNA101_192	26.316	76	56	0	15	90	15	90	5.84e-09	41.2
bflTTN_Mig6_193	TTNI82_188	24.138	87	63	2	1	85	2	87	5.95e-09	40.8
bflTTN_Mig6_193	TTNI100_188	29.545	88	57	2	3	90	4	86	6.99e-09	40.8
bflTTN_Mig6_193	TTNI56_193	25.000	92	63	2	1	89	2	90	8.56e-09	40.8
bflTTN_Mig6_193	TTNI17_194	28.205	78	56	0	15	92	16	93	9.60e-09	40.4
bflTTN_Mig6_193	TTNI15_191	27.273	77	55	1	14	90	15	90	9.78e-09	40.4
bflTTN_Mig6_193	TTNI84_196	31.667	60	40	1	15	74	20	78	1.02e-08	40.4
bflTTN_Mig6_193	TTNA138_196	32.895	76	51	0	15	90	19	94	1.04e-08	40.4
bflTTN_Mig6_193	TTNM3_193	25.275	91	67	1	1	90	1	91	1.09e-08	40.4
bflTTN_Mig6_193	TTNI53_193	27.160	81	59	0	1	81	2	82	1.12e-08	40.4
bflTTN_Mig6_193	TTNI98_188	29.333	75	51	2	6	79	6	79	1.43e-08	40.0
bflTTN_Mig6_193	TTNI37_193	29.091	55	39	0	26	80	27	81	1.61e-08	40.0
bflTTN_Mig6_193	TTNI79_193	27.500	80	58	0	1	80	2	81	1.79e-08	39.7
bflTTN_Mig6_193	TTNI73_193	24.691	81	61	0	1	81	2	82	1.85e-08	39.7
bflTTN_Mig6_193	TTNI61_193	23.256	86	66	0	6	91	7	92	1.87e-08	39.7
bflTTN_Mig6_193	TTNI44_193	25.556	90	67	0	1	90	2	91	1.91e-08	39.7
bflTTN_Mig6_193	TTNI36_194	28.788	66	47	0	15	80	17	82	2.05e-08	39.7
bflTTN_Mig6_193	TTNI29_193	26.667	90	66	0	1	90	2	91	2.31e-08	39.7
bflTTN_Mig6_193	TTNI51_193	25.373	67	50	0	15	81	16	82	2.86e-08	39.3
bflTTN_Mig6_193	TTNI68_194	28.814	59	42	0	19	77	21	79	2.88e-08	39.3
bflTTN_Mig6_193	TTNI76_193	23.333	90	69	0	1	90	2	91	2.95e-08	39.3
bflTTN_Mig6_193	TTNA94_195	27.711	83	57	1	1	80	1	83	3.51e-08	39.3
bflTTN_Mig6_193	TTNA90_192	24.324	74	56	0	15	88	15	88	3.62e-08	38.9
bflTTN_Mig6_193	TTNI42_194	27.632	76	55	0	15	90	17	92	3.76e-08	38.9
bflTTN_Mig6_193	TTNA156_195	27.848	79	56	1	3	80	5	83	4.73e-08	38.9
bflTTN_Mig6_193	TTNI94_187	27.397	73	52	1	1	73	2	73	9.19e-08	37.7
bflTTN_Mig6_193	TTNI78_194	28.395	81	57	1	1	80	2	82	1.04e-07	37.7
bflTTN_Mig6_193	TTNA72_196	27.632	76	55	0	15	90	19	94	1.09e-07	37.7
bflTTN_Mig6_193	TTNI4_189	30.508	59	40	1	14	72	15	72	1.18e-07	37.7
bflTTN_Mig6_193	TTNA25_194	30.909	55	38	0	26	80	28	82	1.21e-07	37.7
bflTTN_Mig6_193	TTNM1_192	31.250	80	54	1	14	92	13	92	1.38e-07	37.4
bflTTN_Mig6_193	TTNI14_192	23.684	76	58	0	15	90	16	91	1.66e-07	37.4
bflTTN_Mig6_193	TTNZ8_195	28.261	92	64	1	1	90	1	92	2.20e-07	37.0
bflTTN_Mig6_193	TTNM4_193	23.913	92	70	0	1	92	2	93	2.52e-07	37.0
bflTTN_Mig6_193	TTNI90_187	26.027	73	52	1	1	73	2	72	2.90e-07	36.6
bflTTN_Mig6_193	TTNI1_194	26.374	91	66	1	1	90	2	92	3.53e-07	36.6
bflTTN_Mig6_193	TTNI63_193	23.750	80	61	0	1	80	2	81	3.78e-07	36.2
bflTTN_Mig6_193	TTNI64_193	25.843	89	66	0	2	90	3	91	4.02e-07	36.2
bflTTN_Mig6_193	TTNI39_193	24.051	79	60	0	2	80	3	81	4.38e-07	36.2
bflTTN_Mig6_193	TTNA112_192	27.397	73	51	2	19	90	19	90	4.45e-07	36.2
bflTTN_Mig6_193	TTNI16_194	29.114	79	52	2	15	90	15	92	4.74e-07	36.2
bflTTN_Mig6_193	TTNA123_196	23.684	76	58	0	15	90	19	94	5.22e-07	36.2
bflTTN_Mig6_193	TTNM10_195	26.087	92	66	1	1	90	2	93	7.60e-07	35.4
bflTTN_Mig6_193	TTNA61_197	29.762	84	55	2	1	80	2	85	8.10e-07	35.4
bflTTN_Mig6_193	TTNI33_193	27.632	76	55	0	15	90	16	91	9.28e-07	35.4
bflTTN_Mig6_193	TTNI45_193	24.000	75	57	0	6	80	7	81	9.99e-07	35.4
bflTTN_Mig6_193	TTNI74_193	30.882	68	47	0	14	81	15	82	1.03e-06	35.0
bflTTN_Mig6_193	TTNA98_194	30.000	80	46	3	15	90	19	92	1.05e-06	35.0
bflTTN_Mig6_193	TTNI104_188	20.988	81	63	1	7	87	8	87	1.17e-06	35.0
bflTTN_Mig6_193	TTNA57_195	22.785	79	61	0	14	92	17	95	1.30e-06	35.0
bflTTN_Mig6_193	TTNA116_196	27.273	66	48	0	15	80	19	84	1.31e-06	35.0
bflTTN_Mig6_193	TTNI83_193	28.889	90	60	3	3	89	4	92	1.52e-06	34.7
bflTTN_Mig6_193	TTNI54_193	29.487	78	55	0	3	80	4	81	1.69e-06	34.7
bflTTN_Mig6_193	TTNI12_187	27.778	72	49	2	6	75	5	75	1.74e-06	34.7
bflTTN_Mig6_193	TTNA79_193	24.691	81	61	0	1	81	2	82	2.07e-06	34.3
bflTTN_Mig6_193	TTNI9_187	24.691	81	58	2	6	86	7	84	2.13e-06	34.3
bflTTN_Mig6_193	TTNM6_194	27.119	59	40	2	18	73	17	75	2.41e-06	34.3
bflTTN_Mig6_193	TTNI32_193	25.000	80	60	0	1	80	2	81	2.50e-06	34.3
bflTTN_Mig6_193	TTNA153_193	28.947	76	52	1	15	90	18	91	3.19e-06	33.9
bflTTN_Mig6_193	TTNI97_188	29.688	64	44	1	14	77	15	77	3.63e-06	33.5
bflTTN_Mig6_193	TTNI2_191	27.027	74	52	2	2	74	3	75	3.65e-06	33.9
bflTTN_Mig6_193	TTNA39_196	26.923	78	55	1	15	90	17	94	4.25e-06	33.5
bflTTN_Mig6_193	TTNI92_187	25.000	64	47	1	14	77	15	77	5.80e-06	33.1
bflTTN_Mig6_193	TTNA165_196	25.974	77	56	1	15	90	18	94	6.06e-06	33.1
bflTTN_Mig6_193	TTNA105_197	27.660	94	64	2	1	90	2	95	6.76e-06	33.1
bflTTN_Mig6_193	TTNI5_188	24.675	77	54	1	14	90	15	87	6.76e-06	33.1
bflTTN_Mig6_193	TTNA169_1100	26.923	78	56	1	15	91	22	99	6.98e-06	33.1
bflTTN_Mig6_193	TTNA134_195	22.785	79	59	2	15	92	18	95	8.90e-06	32.7
bflTTN_Mig6_193	TTNI107_196	22.368	76	59	0	15	90	19	94	1.12e-05	32.3
bflTTN_Mig6_193	TTNI103_188	23.810	84	62	2	1	83	1	83	1.67e-05	32.0
bflTTN_Mig6_193	TTNI99_188	23.611	72	54	1	2	73	3	73	1.78e-05	32.0
bflTTN_Mig6_193	TTNI47_193	20.000	80	64	0	1	80	2	81	1.96e-05	32.0
bflTTN_Mig6_193	TTNA54_196	25.000	76	55	1	15	90	19	92	2.13e-05	32.0
bflTTN_Mig6_193	TTNI70_194	20.879	91	71	1	1	90	2	92	2.23e-05	31.6
bflTTN_Mig6_193	TTNA22_194	25.000	76	55	1	15	90	19	92	2.44e-05	31.6
bflTTN_Mig6_193	TTNI88_187	25.424	59	42	1	13	71	14	70	2.78e-05	31.2
bflTTN_Mig6_193	TTNA127_195	21.053	76	60	0	15	90	18	93	3.25e-05	31.2
bflTTN_Mig6_193	TTNA18_199	23.256	86	59	1	14	92	14	99	3.25e-05	31.2
bflTTN_Mig6_193	TTNI26_191	25.424	59	43	1	34	91	32	90	3.31e-05	31.2
bflTTN_Mig6_193	TTNA87_194	25.610	82	47	2	15	90	19	92	4.38e-05	30.8
bflTTN_Mig6_193	TTNA160_193	25.000	80	56	2	14	92	17	93	5.91e-05	30.4
bflTTN_Mig6_193	TTNI89_188	27.778	54	38	1	14	67	15	67	8.02e-05	30.0
bflTTN_Mig6_193	TTNI7_187	29.310	58	40	1	14	71	15	71	1.05e-04	29.6
bflTTN_Mig6_193	TTNZ7_195	22.727	88	54	3	1	80	1	82	1.08e-04	30.0
bflTTN_Mig6_193	TTNI96_188	23.810	63	47	1	15	77	16	77	1.77e-04	29.3
bflTTN_Mig6_193	TTNA145_195	25.641	78	58	0	15	92	18	95	3.49e-04	28.5
bflTTN_Mig6_193	TTNI106_194	23.881	67	51	0	26	92	28	94	5.42e-04	28.1
bflTTN_Mig6_193	TTNA29_194	24.242	66	48	1	15	80	19	82	5.48e-04	28.1
bflTTN_Mig6_193	TTNA142_194	24.096	83	61	1	8	90	12	92	0.001	27.3
bflTTN_Mig6_193	TTNA8_195	24.242	66	49	1	15	80	19	83	0.001	26.9
bflTTN_Mig6_193	TTNI60_194	23.077	91	69	1	1	90	2	92	0.003	26.2
bflTTN_Mig6_193	TTNA4_1121	33.333	30	20	0	15	44	15	44	0.003	26.2
bflTTN_Mig6_193	TTNI50_194	23.077	91	69	1	1	90	2	92	0.003	26.2
bflTTN_Mig6_193	TTNA43_195	32.759	58	34	3	26	81	30	84	0.003	26.2
bflTTN_Mig6_193	TTNM8_193	20.690	58	46	0	34	91	34	91	0.004	25.4
bflTTN_Mig6_193	TTNA149_197	21.212	66	52	0	15	80	20	85	0.006	25.4
bflTTN_Mig6_193	TTNI85_192	28.571	49	34	1	33	80	33	81	0.006	25.0
bflTTN_Mig6_193	TTNI8_188	26.667	45	32	1	28	71	28	72	0.007	25.0
bflTTN_Mig6_193	TTNA65_194	22.388	67	50	1	15	81	19	83	0.008	24.6
bflTTN_Mig6_193	TTNI11_187	24.444	45	34	0	34	78	34	78	0.008	24.6
bflTTN_Mig6_193	TTNI81_190	22.222	63	48	1	14	75	15	77	0.008	24.6
bflTTN_Mig6_193	TTNI81_190	27.660	47	31	1	17	63	46	89	5.1	16.9
bflTTN_Mig6_193	TTNA11_1103	25.581	86	58	2	3	82	8	93	0.009	24.6
bflTTN_Mig6_193	TTNA109_194	19.697	66	51	2	15	80	19	82	0.011	24.3
bflTTN_Mig6_193	TTNA120_193	25.000	76	53	2	15	90	18	89	0.012	24.3
bflTTN_Mig6_193	TTNA15_1104	21.429	84	58	2	15	90	18	101	0.034	23.1
bflTTN_Mig6_193	TTNI102_188	23.077	65	49	1	11	75	12	75	0.034	23.1
bflTTN_Mig6_193	TTNA76_194	26.316	57	40	1	24	80	28	82	0.048	22.7
bflTTN_Mig6_193	TTNI93_188	16.000	50	42	0	34	83	34	83	2.4	17.7
bflTTN_Mig7_193	TTNM7_192	38.462	91	56	0	1	91	1	91	3.21e-24	80.1
bflTTN_Mig7_193	TTNI43_193	32.967	91	61	0	1	91	2	92	4.74e-17	62.0
bflTTN_Mig7_193	TTNA168_194	35.484	93	58	2	1	91	1	93	4.95e-16	59.3
bflTTN_Mig7_193	TTNI37_193	34.066	91	60	0	1	91	2	92	5.01e-16	59.3
bflTTN_Mig7_193	TTNA164_192	32.967	91	61	0	1	91	1	91	3.32e-14	54.7
bflTTN_Mig7_193	TTNI53_193	28.571	91	65	0	1	91	2	92	3.33e-14	54.7
bflTTN_Mig7_193	TTNZ7_195	34.783	92	58	1	1	90	1	92	4.67e-14	54.3
bflTTN_Mig7_193	TTNI73_193	27.174	92	67	0	1	92	2	93	1.06e-12	50.8
bflTTN_Mig7_193	TTNI31_193	30.000	80	56	0	1	80	2	81	1.80e-12	50.1
bflTTN_Mig7_193	TTNI27_194	31.183	93	64	0	1	93	2	94	2.49e-12	49.7
bflTTN_Mig7_193	TTNZ3_195	27.473	91	66	0	1	91	2	92	3.67e-12	49.3
bflTTN_Mig7_193	TTNI14_192	29.670	91	64	0	1	91	2	92	4.97e-12	48.9
bflTTN_Mig7_193	TTNI69_193	29.348	92	65	0	1	92	2	93	5.53e-12	48.9
bflTTN_Mig7_193	TTNI80_194	30.337	89	61	1	3	90	4	92	9.38e-12	48.1
bflTTN_Mig7_193	TTNI59_193	30.769	91	63	0	1	91	2	92	1.37e-11	47.8
bflTTN_Mig7_193	TTNI79_193	31.868	91	62	0	1	91	2	92	1.89e-11	47.4
bflTTN_Mig7_193	TTNI29_193	29.670	91	64	0	1	91	2	92	3.89e-11	46.6
bflTTN_Mig7_193	TTNI49_193	31.944	72	49	0	20	91	21	92	4.15e-11	46.6
bflTTN_Mig7_193	TTNI75_193	28.571	91	65	0	1	91	2	92	5.49e-11	46.2
bflTTN_Mig7_193	TTNI30_194	29.032	93	63	2	1	91	2	93	7.99e-11	45.8
bflTTN_Mig7_193	TTNZ5_193	27.778	90	64	1	3	91	4	93	8.72e-11	45.8
bflTTN_Mig7_193	TTNM6_194	31.868	91	57	3	1	88	2	90	1.32e-10	45.4
bflTTN_Mig7_193	TTNA112_192	30.380	79	55	0	12	90	12	90	1.39e-10	45.4
bflTTN_Mig7_193	TTNZ2_194	27.957	93	65	2	1	92	2	93	1.87e-10	45.1
bflTTN_Mig7_193	TTNA1_193	29.032	93	64	1	2	92	1	93	1.89e-10	45.1
bflTTN_Mig7_193	TTNI17_194	29.787	94	64	2	1	93	2	94	2.17e-10	44.7
bflTTN_Mig7_193	TTNM3_193	35.227	88	54	2	1	87	1	86	2.66e-10	44.7
bflTTN_Mig7_193	TTNI40_193	28.571	91	65	0	1	91	2	92	2.72e-10	44.7
bflTTN_Mig7_193	TTNI77_193	28.261	92	64	2	1	91	2	92	3.27e-10	44.3
bflTTN_Mig7_193	TTNI55_193	25.275	91	68	0	1	91	2	92	4.97e-10	43.9
bflTTN_Mig7_193	TTNA116_196	29.032	93	61	2	1	88	2	94	9.30e-10	43.1
bflTTN_Mig7_193	TTNI48_194	26.087	92	67	1	1	91	2	93	1.10e-09	43.1
bflTTN_Mig7_193	TTNA57_195	31.250	80	55	0	13	92	16	95	1.70e-09	42.4
bflTTN_Mig7_193	TTNA50_196	29.114	79	56	0	12	90	16	94	2.31e-09	42.4
bflTTN_Mig7_193	TTNM9_196	25.556	90	67	0	1	90	2	91	2.57e-09	42.0
bflTTN_Mig7_193	TTNM2_195	25.806	93	66	1	1	90	1	93	2.60e-09	42.0
bflTTN_Mig7_193	TTNI57_193	28.571	91	65	0	1	91	2	92	3.34e-09	41.6
bflTTN_Mig7_193	TTNI63_193	33.333	66	44	0	26	91	27	92	3.53e-09	41.6
bflTTN_Mig7_193	TTNI34_193	27.473	91	66	0	1	91	2	92	4.76e-09	41.2
bflTTN_Mig7_193	TTNI58_194	30.851	94	62	2	1	92	2	94	4.85e-09	41.2
bflTTN_Mig7_193	TTNI99_188	32.877	73	48	1	3	75	4	75	4.86e-09	41.2
bflTTN_Mig7_193	TTNA145_195	32.500	80	54	0	13	92	16	95	6.88e-09	40.8
bflTTN_Mig7_193	TTNA29_194	30.864	81	54	1	10	90	14	92	7.05e-09	40.8
bflTTN_Mig7_193	TTNZ9_193	21.978	91	70	1	1	91	1	90	7.14e-09	40.8
bflTTN_Mig7_193	TTNM10_195	25.641	78	54	2	17	91	18	94	7.82e-09	40.8
bflTTN_Mig7_193	TTNI68_194	26.087	92	67	1	1	91	2	93	7.84e-09	40.8
bflTTN_Mig7_193	TTNI107_196	31.646	79	54	0	12	90	16	94	1.12e-08	40.4
bflTTN_Mig7_193	TTNI88_187	30.000	90	57	3	3	92	4	87	1.28e-08	40.0
bflTTN_Mig7_193	TTNM4_193	22.826	92	71	0	1	92	2	93	1.57e-08	40.0
bflTTN_Mig7_193	TTNM5_194	26.316	76	56	0	18	93	19	94	1.62e-08	40.0
bflTTN_Mig7_193	TTNI1_194	26.882	93	67	1	1	92	2	94	1.84e-08	39.7
bflTTN_Mig7_193	TTNZ4_195	28.889	90	62	1	1	88	2	91	2.39e-08	39.7
bflTTN_Mig7_193	TTNI65_193	28.261	92	66	0	1	92	2	93	2.51e-08	39.3
bflTTN_Mig7_193	TTNI28_193	23.333	90	69	0	1	90	2	91	2.77e-08	39.3
bflTTN_Mig7_193	TTNA32_196	30.380	79	55	0	12	90	16	94	2.77e-08	39.3
bflTTN_Mig7_193	TTNA90_192	32.857	70	47	0	19	88	19	88	2.93e-08	39.3
bflTTN_Mig7_193	TTNA101_192	29.114	79	56	0	12	90	12	90	3.29e-08	39.3
bflTTN_Mig7_193	TTNI32_193	29.167	72	51	0	20	91	21	92	4.19e-08	38.9
bflTTN_Mig7_193	TTNA25_194	30.986	71	49	0	20	90	22	92	6.96e-08	38.1
bflTTN_Mig7_193	TTNI35_193	30.769	91	63	0	1	91	2	92	7.06e-08	38.1
bflTTN_Mig7_193	TTNI97_188	32.584	89	55	2	2	90	3	86	7.41e-08	38.1
bflTTN_Mig7_193	TTNA46_192	27.907	86	60	1	7	90	5	90	8.31e-08	38.1
bflTTN_Mig7_193	TTNA72_196	28.916	83	56	1	1	80	2	84	1.06e-07	37.7
bflTTN_Mig7_193	TTNI71_193	30.233	86	56	2	8	89	7	92	1.09e-07	37.7
bflTTN_Mig7_193	TTNA68_195	31.429	70	48	0	13	82	16	85	1.40e-07	37.4
bflTTN_Mig7_193	TTNI100_188	28.235	85	54	3	8	90	7	86	1.42e-07	37.4
bflTTN_Mig7_193	TTNI46_193	27.473	91	66	0	1	91	2	92	1.53e-07	37.4
bflTTN_Mig7_193	TTNI36_194	25.556	90	66	1	3	91	4	93	2.12e-07	37.0
bflTTN_Mig7_193	TTNZ1_195	27.957	93	65	1	1	91	1	93	2.23e-07	37.0
bflTTN_Mig7_193	TTNI41_193	23.077	91	70	0	1	91	2	92	2.27e-07	37.0
bflTTN_Mig7_193	TTNI25_195	28.571	91	64	1	1	90	2	92	2.35e-07	37.0
bflTTN_Mig7_193	TTNA105_197	36.986	73	43	2	20	91	24	94	3.13e-07	36.6
bflTTN_Mig7_193	TTNI33_193	29.114	79	54	1	11	89	12	88	3.33e-07	36.6
bflTTN_Mig7_193	TTNM1_192	31.148	61	42	0	32	92	32	92	4.08e-07	36.2
bflTTN_Mig7_193	TTNM1_192	42.857	14	8	0	75	88	10	23	7.1	16.5
bflTTN_Mig7_193	TTNI2_191	29.348	92	58	4	3	91	4	91	4.19e-07	36.2
bflTTN_Mig7_193	TTNI56_193	21.978	91	71	0	1	91	2	92	4.20e-07	36.2
bflTTN_Mig7_193	TTNA142_194	31.250	80	51	2	12	91	16	91	4.50e-07	36.2
bflTTN_Mig7_193	TTNA109_194	26.582	79	56	1	12	90	16	92	5.11e-07	36.2
bflTTN_Mig7_193	TTNA36_196	24.051	79	60	0	12	90	16	94	9.24e-07	35.4
bflTTN_Mig7_193	TTNI72_193	25.275	91	68	0	1	91	2	92	1.02e-06	35.0
bflTTN_Mig7_193	TTNA83_196	29.167	72	51	0	19	90	23	94	1.13e-06	35.0
bflTTN_Mig7_193	TTNA149_197	27.848	79	57	0	12	90	17	95	1.78e-06	34.7
bflTTN_Mig7_193	TTNI76_193	25.556	90	67	0	1	90	2	91	1.92e-06	34.7
bflTTN_Mig7_193	TTNA79_193	26.667	90	66	0	1	90	2	91	2.27e-06	34.3
bflTTN_Mig7_193	TTNI64_193	28.205	78	56	0	3	80	4	81	2.61e-06	34.3
bflTTN_Mig7_193	TTNI98_188	29.545	88	57	2	3	90	4	86	2.82e-06	33.9
bflTTN_Mig7_193	TTNI47_193	26.667	90	66	0	1	90	2	91	2.93e-06	33.9
bflTTN_Mig7_193	TTNA123_196	29.630	81	53	2	12	90	16	94	3.07e-06	33.9
bflTTN_Mig7_193	TTNI24_192	24.176	91	69	0	1	91	1	91	4.00e-06	33.5
bflTTN_Mig7_193	TTNA94_195	26.667	90	63	1	1	90	7	93	5.67e-06	33.1
bflTTN_Mig7_193	TTNA131_197	30.909	55	38	0	26	80	30	84	7.12e-06	33.1
bflTTN_Mig7_193	TTNA127_195	24.359	78	59	0	13	90	16	93	8.62e-06	32.7
bflTTN_Mig7_193	TTNA43_195	27.143	70	48	2	12	80	16	83	8.81e-06	32.7
bflTTN_Mig7_193	TTNI10_187	27.160	81	58	1	3	83	4	83	1.24e-05	32.3
bflTTN_Mig7_193	TTNA39_196	25.926	81	58	1	12	90	14	94	1.55e-05	32.3
bflTTN_Mig7_193	TTNI103_188	25.000	76	56	1	2	77	3	77	1.58e-05	32.0
bflTTN_Mig7_193	TTNI103_188	34.615	26	17	0	57	82	7	32	0.28	20.4
bflTTN_Mig7_193	TTNA65_194	27.536	69	48	1	12	80	16	82	2.23e-05	31.6
bflTTN_Mig7_193	TTNI16_194	25.000	92	67	1	1	90	1	92	2.71e-05	31.6
bflTTN_Mig7_193	TTNZ8_195	24.731	93	68	1	1	91	1	93	2.87e-05	31.6
bflTTN_Mig7_193	TTNI74_193	23.596	89	68	0	2	90	3	91	3.74e-05	31.2
bflTTN_Mig7_193	TTNI86_190	26.761	71	49	2	7	75	8	77	4.15e-05	30.8
bflTTN_Mig7_193	TTNI62_193	27.957	93	63	3	1	91	2	92	5.27e-05	30.8
bflTTN_Mig7_193	TTNI106_194	21.250	80	63	0	11	90	13	92	6.18e-05	30.4
bflTTN_Mig7_193	TTNI45_193	23.944	71	54	0	20	90	21	91	6.76e-05	30.4
bflTTN_Mig7_193	TTNA138_196	21.250	80	63	0	12	91	16	95	7.18e-05	30.4
bflTTN_Mig7_193	TTNZ6_195	22.078	77	59	1	18	93	18	94	8.11e-05	30.4
bflTTN_Mig7_193	TTNI51_193	24.390	82	60	1	9	90	10	89	8.16e-05	30.0
bflTTN_Mig7_193	TTNI5_188	28.090	89	60	1	3	91	4	88	8.72e-05	30.0
bflTTN_Mig7_193	TTNI61_193	25.301	83	60	1	8	90	9	89	1.05e-04	30.0
bflTTN_Mig7_193	TTNA169_1100	23.684	76	55	2	17	90	24	98	1.21e-04	29.6
bflTTN_Mig7_193	TTNI92_187	27.536	69	49	1	3	71	4	71	1.25e-04	29.6
bflTTN_Mig7_193	TTNA8_195	27.500	80	57	1	11	90	15	93	1.38e-04	29.6
bflTTN_Mig7_193	TTNA61_197	26.316	76	56	0	15	90	20	95	1.72e-04	29.3
bflTTN_Mig7_193	TTNI104_188	26.190	42	31	0	31	72	31	72	1.73e-04	29.3
bflTTN_Mig7_193	TTNI44_193	22.500	80	62	0	1	80	2	81	1.99e-04	29.3
bflTTN_Mig7_193	TTNA22_194	27.536	69	48	1	12	80	16	82	2.17e-04	29.3
bflTTN_Mig7_193	TTNI52_193	21.978	91	71	0	1	91	2	92	2.66e-04	28.9
bflTTN_Mig7_193	TTNI52_193	34.783	23	15	0	71	93	4	26	4.4	17.3
bflTTN_Mig7_193	TTNI83_193	23.611	72	54	1	2	73	3	73	2.83e-04	28.9
bflTTN_Mig7_193	TTNA120_193	24.242	66	48	1	12	77	15	78	3.10e-04	28.5
bflTTN_Mig7_193	TTNA76_194	28.169	71	47	2	12	81	16	83	3.41e-04	28.5
bflTTN_Mig7_193	TTNI42_194	20.833	72	57	0	20	91	22	93	3.59e-04	28.5
bflTTN_Mig7_193	TTNA54_196	24.638	69	52	0	12	80	16	84	4.03e-04	28.5
bflTTN_Mig7_193	TTNA11_1103	24.419	86	59	1	11	90	16	101	6.02e-04	28.1
bflTTN_Mig7_193	TTNA11_1103	33.333	27	16	1	36	62	79	103	2.3	18.1
bflTTN_Mig7_193	TTNI81_190	26.984	63	42	1	28	90	30	88	8.39e-04	27.3
bflTTN_Mig7_193	TTNI54_193	26.531	49	36	0	32	80	33	81	0.001	27.3
bflTTN_Mig7_193	TTNI15_191	20.270	74	58	1	18	91	19	91	0.001	26.9
bflTTN_Mig7_193	TTNA98_194	27.500	80	54	2	12	91	16	91	0.001	26.9
bflTTN_Mig7_193	TTNI8_188	25.000	48	36	0	34	81	35	82	0.001	26.9
bflTTN_Mig7_193	TTNA160_193	22.105	95	69	2	1	92	1	93	0.001	26.9
bflTTN_Mig7_193	TTNI39_193	26.027	73	54	0	18	90	19	91	0.002	26.6
bflTTN_Mig7_193	TTNI50_194	21.978	91	70	1	1	90	2	92	0.002	26.6
bflTTN_Mig7_193	TTNI9_187	25.714	70	49	2	8	75	7	75	0.002	26.2
bflTTN_Mig7_193	TTNA165_196	23.529	68	51	1	16	82	19	86	0.003	26.2
bflTTN_Mig7_193	TTNA18_199	21.978	91	62	2	10	92	10	99	0.004	25.8
bflTTN_Mig7_193	TTNI38_193	25.000	60	45	0	32	91	33	92	0.005	25.4
bflTTN_Mig7_193	TTNI4_189	29.310	58	39	1	33	90	33	88	0.005	25.4
bflTTN_Mig7_193	TTNI85_192	26.471	68	47	2	20	86	22	87	0.006	25.0
bflTTN_Mig7_193	TTNA4_1121	22.936	109	55	2	11	90	11	119	0.007	25.4
bflTTN_Mig7_193	TTNA87_194	22.619	84	61	2	8	91	12	91	0.007	25.0
bflTTN_Mig7_193	TTNA153_193	36.000	25	16	0	12	36	15	39	0.007	25.0
bflTTN_Mig7_193	TTNI60_194	19.780	91	72	1	1	90	2	92	0.011	24.3
bflTTN_Mig7_193	TTNI70_194	24.390	82	59	3	1	80	2	82	0.017	23.9
bflTTN_Mig7_193	TTNA134_195	24.138	58	44	0	20	77	23	80	0.042	22.7
bflTTN_Mig7_193	TTNI6_187	25.000	60	41	1	31	90	31	86	0.049	22.7
bflTTN_Mig7_193	TTNI90_187	25.352	71	51	2	1	71	2	70	0.37	20.0
bflTTN_Mig7_193	TTNI87_188	30.000	60	34	3	34	91	34	87	0.47	20.0
bflTTN_Mig7_193	TTNI82_188	46.154	13	7	0	78	90	15	27	1.6	18.5
bflTTN_Mig7_193	TTNI93_188	22.472	89	64	2	2	90	3	86	4.4	17.3
bflTTN_Mig7_193	TTNI101_193	30.000	20	14	0	74	93	11	30	9.6	16.2
bflTTN_Mig8_193	TTNM8_193	37.647	85	52	1	10	93	9	93	1.68e-18	65.5
bflTTN_Mig8_193	TTNI24_192	33.333	87	57	1	6	92	7	92	2.35e-14	55.1
bflTTN_Mig8_193	TTNZ2_194	33.333	84	53	1	13	93	11	94	4.33e-13	51.6
bflTTN_Mig8_193	TTNI16_194	30.588	85	54	2	11	90	8	92	2.63e-12	49.7
bflTTN_Mig8_193	TTNI82_188	35.185	54	35	0	21	74	21	74	2.56e-11	47.0
bflTTN_Mig8_193	TTNA164_192	35.938	64	41	0	28	91	28	91	3.28e-11	47.0
bflTTN_Mig8_193	TTNZ3_195	28.750	80	54	1	15	91	13	92	4.23e-11	46.6
bflTTN_Mig8_193	TTNZ3_195	75.000	8	2	0	85	92	47	54	3.9	17.3
bflTTN_Mig8_193	TTNZ9_193	28.049	82	55	2	13	91	10	90	1.40e-09	42.7
bflTTN_Mig8_193	TTNA11_1103	31.034	87	51	3	13	90	15	101	2.29e-09	42.4
bflTTN_Mig8_193	TTNI14_192	32.468	77	44	1	15	91	24	92	5.03e-09	41.2
bflTTN_Mig8_193	TTNI40_193	26.506	83	58	1	12	91	10	92	9.84e-09	40.4
bflTTN_Mig8_193	TTNI58_194	32.051	78	50	2	18	92	17	94	1.01e-08	40.4
bflTTN_Mig8_193	TTNI67_193	29.870	77	51	1	18	91	16	92	1.71e-08	40.0
bflTTN_Mig8_193	TTNZ5_193	27.083	96	60	3	3	91	1	93	3.35e-08	39.3
bflTTN_Mig8_193	TTNI65_193	24.324	74	53	2	12	82	10	83	6.99e-08	38.1
bflTTN_Mig8_193	TTNA168_194	31.579	57	37	2	28	82	28	84	7.61e-08	38.1
bflTTN_Mig8_193	TTNI45_193	25.758	66	49	0	25	90	26	91	7.61e-08	38.1
bflTTN_Mig8_193	TTNI7_187	32.000	75	49	1	5	77	3	77	8.72e-08	37.7
bflTTN_Mig8_193	TTNI72_193	22.785	79	58	1	16	91	14	92	9.41e-08	38.1
bflTTN_Mig8_193	TTNI43_193	20.732	82	62	1	13	91	11	92	1.07e-07	37.7
bflTTN_Mig8_193	TTNI57_193	25.610	82	58	1	13	91	11	92	2.20e-07	37.0
bflTTN_Mig8_193	TTNI50_194	30.137	73	47	2	13	81	11	83	2.24e-07	37.0
bflTTN_Mig8_193	TTNM3_193	29.487	78	51	2	18	91	15	92	2.37e-07	37.0
bflTTN_Mig8_193	TTNI29_193	30.000	60	42	0	32	91	33	92	2.96e-07	36.6
bflTTN_Mig8_193	TTNI51_193	28.000	75	51	2	13	84	11	85	3.54e-07	36.6
bflTTN_Mig8_193	TTNI37_193	23.171	82	60	1	13	91	11	92	3.62e-07	36.6
bflTTN_Mig8_193	TTNM5_194	28.125	64	46	0	28	91	29	92	5.86e-07	35.8
bflTTN_Mig8_193	TTNI70_194	23.077	78	56	2	11	84	9	86	7.09e-07	35.8
bflTTN_Mig8_193	TTNI44_193	29.070	86	60	1	6	91	8	92	7.12e-07	35.8
bflTTN_Mig8_193	TTNI75_193	26.829	82	57	2	13	91	11	92	8.44e-07	35.4
bflTTN_Mig8_193	TTNI55_193	26.761	71	49	2	13	80	11	81	8.71e-07	35.4
bflTTN_Mig8_193	TTNI30_194	27.536	69	49	1	23	91	26	93	8.85e-07	35.4
bflTTN_Mig8_193	TTNA90_192	32.258	62	39	1	18	76	15	76	9.93e-07	35.4
bflTTN_Mig8_193	TTNM2_195	28.788	66	44	1	28	90	28	93	1.01e-06	35.4
bflTTN_Mig8_193	TTNI15_191	27.869	61	44	0	31	91	31	91	1.13e-06	35.0
bflTTN_Mig8_193	TTNA83_196	28.358	67	45	1	17	80	18	84	1.19e-06	35.0
bflTTN_Mig8_193	TTNA50_196	25.352	71	50	1	13	80	14	84	1.23e-06	35.0
bflTTN_Mig8_193	TTNA112_192	30.159	63	44	0	28	90	28	90	1.25e-06	35.0
bflTTN_Mig8_193	TTNI97_188	33.333	45	30	0	31	75	31	75	1.37e-06	34.7
bflTTN_Mig8_193	TTNI62_193	24.390	82	59	1	13	91	11	92	1.39e-06	35.0
bflTTN_Mig8_193	TTNI33_193	25.926	81	57	1	13	90	11	91	1.52e-06	34.7
bflTTN_Mig8_193	TTNI28_193	22.807	57	44	0	34	90	35	91	1.62e-06	34.7
bflTTN_Mig8_193	TTNM6_194	25.806	62	45	1	31	91	32	93	1.72e-06	34.7
bflTTN_Mig8_193	TTNI38_193	25.714	70	51	1	22	91	24	92	1.80e-06	34.7
bflTTN_Mig8_193	TTNI52_193	25.974	77	54	1	18	91	16	92	2.03e-06	34.3
bflTTN_Mig8_193	TTNI46_193	22.619	84	62	1	11	91	9	92	2.25e-06	34.3
bflTTN_Mig8_193	TTNA72_196	27.273	77	53	1	17	90	18	94	2.26e-06	34.3
bflTTN_Mig8_193	TTNI39_193	29.032	93	58	2	1	90	4	91	2.58e-06	34.3
bflTTN_Mig8_193	TTNI32_193	25.000	68	48	1	16	80	14	81	3.09e-06	33.9
bflTTN_Mig8_193	TTNI36_194	25.000	64	48	0	28	91	30	93	3.34e-06	33.9
bflTTN_Mig8_193	TTNI27_194	26.154	65	48	0	26	90	27	91	3.87e-06	33.9
bflTTN_Mig8_193	TTNI94_187	28.571	70	46	2	8	77	12	77	4.75e-06	33.5
bflTTN_Mig8_193	TTNI98_188	26.923	52	38	0	26	77	26	77	5.42e-06	33.1
bflTTN_Mig8_193	TTNI59_193	21.111	90	68	1	5	91	3	92	6.18e-06	33.1
bflTTN_Mig8_193	TTNI103_188	22.414	58	45	0	21	78	21	78	6.28e-06	33.1
bflTTN_Mig8_193	TTNA123_196	30.159	63	44	0	28	90	32	94	7.88e-06	33.1
bflTTN_Mig8_193	TTNM4_193	32.609	46	31	0	26	71	27	72	8.37e-06	32.7
bflTTN_Mig8_193	TTNI107_196	28.169	71	48	1	13	80	14	84	8.48e-06	32.7
bflTTN_Mig8_193	TTNI60_194	27.273	77	52	3	18	90	16	92	9.54e-06	32.7
bflTTN_Mig8_193	TTNA101_192	23.377	77	56	1	17	90	14	90	1.06e-05	32.3
bflTTN_Mig8_193	TTNI42_194	28.205	78	53	2	17	91	16	93	1.10e-05	32.3
bflTTN_Mig8_193	TTNI3_187	32.500	40	27	0	33	72	33	72	1.18e-05	32.3
bflTTN_Mig8_193	TTNZ1_195	28.571	84	55	3	15	93	12	95	1.18e-05	32.3
bflTTN_Mig8_193	TTNI31_193	29.825	57	39	1	29	84	29	85	1.51e-05	32.0
bflTTN_Mig8_193	TTNI35_193	22.500	80	59	1	15	91	13	92	1.69e-05	32.0
bflTTN_Mig8_193	TTNI48_194	23.750	80	58	2	15	91	14	93	1.79e-05	32.0
bflTTN_Mig8_193	TTNI81_190	30.769	52	36	0	20	71	22	73	2.33e-05	31.6
bflTTN_Mig8_193	TTNI9_187	26.667	60	40	1	32	91	32	87	2.53e-05	31.6
bflTTN_Mig8_193	TTNI77_193	22.951	61	47	0	31	91	32	92	2.62e-05	31.6
bflTTN_Mig8_193	TTNI6_187	21.569	51	40	0	26	76	26	76	2.84e-05	31.2
bflTTN_Mig8_193	TTNI17_194	28.571	42	30	0	32	73	33	74	3.67e-05	31.2
bflTTN_Mig8_193	TTNI96_188	34.211	38	25	0	32	69	32	69	4.24e-05	30.8
bflTTN_Mig8_193	TTNI11_187	28.169	71	46	2	10	75	5	75	4.41e-05	30.8
bflTTN_Mig8_193	TTNI49_193	20.482	83	63	1	5	84	3	85	4.55e-05	30.8
bflTTN_Mig8_193	TTNI90_187	25.397	63	46	1	16	77	14	76	4.69e-05	30.8
bflTTN_Mig8_193	TTNA138_196	21.795	78	58	1	17	91	18	95	4.69e-05	30.8
bflTTN_Mig8_193	TTNI10_187	35.897	39	25	0	34	72	34	72	5.32e-05	30.4
bflTTN_Mig8_193	TTNI84_196	32.500	40	27	0	34	73	38	77	6.02e-05	30.4
bflTTN_Mig8_193	TTNA79_193	23.188	69	50	1	15	80	13	81	6.10e-05	30.4
bflTTN_Mig8_193	TTNI68_194	27.083	48	35	0	28	75	30	77	7.22e-05	30.4
bflTTN_Mig8_193	TTNA156_195	27.692	65	44	1	13	74	13	77	8.73e-05	30.0
bflTTN_Mig8_193	TTNI104_188	26.786	56	41	0	31	86	31	86	9.78e-05	30.0
bflTTN_Mig8_193	TTNA105_197	27.536	69	44	3	17	80	18	85	1.09e-04	30.0
bflTTN_Mig8_193	TTNI99_188	25.455	55	41	0	20	74	20	74	1.13e-04	29.6
bflTTN_Mig8_193	TTNI71_193	22.368	76	56	2	12	84	10	85	1.19e-04	29.6
bflTTN_Mig8_193	TTNI93_188	25.455	55	41	0	21	75	21	75	1.39e-04	29.6
bflTTN_Mig8_193	TTNZ6_195	29.630	54	37	1	28	80	28	81	1.42e-04	29.6
bflTTN_Mig8_193	TTNI69_193	21.333	75	56	1	13	84	11	85	1.57e-04	29.3
bflTTN_Mig8_193	TTNI12_187	31.373	51	35	0	25	75	25	75	1.59e-04	29.3
bflTTN_Mig8_193	TTNA134_195	33.333	45	30	0	28	72	31	75	1.62e-04	29.3
bflTTN_Mig8_193	TTNI78_194	20.779	77	58	1	18	91	17	93	1.78e-04	29.3
bflTTN_Mig8_193	TTNZ8_195	26.531	49	36	0	32	80	34	82	2.00e-04	29.3
bflTTN_Mig8_193	TTNM10_195	27.273	55	38	1	28	80	29	83	3.11e-04	28.5
bflTTN_Mig8_193	TTNI79_193	21.918	73	54	1	11	80	9	81	3.33e-04	28.5
bflTTN_Mig8_193	TTNI66_193	26.000	50	37	0	31	80	32	81	3.51e-04	28.5
bflTTN_Mig8_193	TTNM9_196	24.242	66	47	1	18	80	16	81	4.20e-04	28.5
bflTTN_Mig8_193	TTNM7_192	20.312	64	51	0	28	91	28	91	4.54e-04	28.1
bflTTN_Mig8_193	TTNI34_193	23.214	56	42	1	20	75	22	76	5.53e-04	28.1
bflTTN_Mig8_193	TTNI26_191	25.333	75	54	2	18	90	15	89	5.62e-04	28.1
bflTTN_Mig8_193	TTNI56_193	22.078	77	57	1	18	91	16	92	6.12e-04	27.7
bflTTN_Mig8_193	TTNA1_193	19.048	84	65	1	10	90	8	91	6.51e-04	27.7
bflTTN_Mig8_193	TTNA32_196	23.438	64	49	0	27	90	31	94	6.53e-04	27.7
bflTTN_Mig8_193	TTNA68_195	27.083	48	35	0	28	75	31	78	8.79e-04	27.3
bflTTN_Mig8_193	TTNA4_1121	21.429	112	56	3	11	90	8	119	0.001	27.7
bflTTN_Mig8_193	TTNA127_195	25.862	58	40	1	17	71	17	74	0.001	27.3
bflTTN_Mig8_193	TTNA61_197	31.944	72	45	2	13	80	14	85	0.001	26.9
bflTTN_Mig8_193	TTNI80_194	29.231	65	43	2	28	90	29	92	0.001	26.9
bflTTN_Mig8_193	TTNZ7_195	23.529	68	48	2	28	91	28	95	0.001	26.9
bflTTN_Mig8_193	TTNI76_193	25.000	44	33	0	32	75	33	76	0.001	26.9
bflTTN_Mig8_193	TTNI8_188	21.739	69	51	1	6	71	4	72	0.001	26.9
bflTTN_Mig8_193	TTNA39_196	21.918	73	52	2	13	80	12	84	0.002	26.2
bflTTN_Mig8_193	TTNI85_192	27.536	69	48	2	6	72	5	73	0.003	26.2
bflTTN_Mig8_193	TTNI53_193	20.732	82	62	1	13	91	11	92	0.003	26.2
bflTTN_Mig8_193	TTNI4_189	23.333	60	46	0	20	79	20	79	0.003	25.8
bflTTN_Mig8_193	TTNI25_195	23.529	68	49	2	28	93	29	95	0.003	25.8
bflTTN_Mig8_193	TTNA36_196	32.857	70	36	4	18	80	19	84	0.004	25.8
bflTTN_Mig8_193	TTNA116_196	25.974	77	50	2	15	84	16	92	0.004	25.8
bflTTN_Mig8_193	TTNI13_190	24.359	78	47	3	6	75	4	77	0.004	25.8
bflTTN_Mig8_193	TTNA94_195	23.188	69	50	1	15	80	15	83	0.004	25.8
bflTTN_Mig8_193	TTNA165_196	20.000	65	51	1	28	91	31	95	0.004	25.4
bflTTN_Mig8_193	TTNI106_194	22.222	81	60	1	13	90	12	92	0.006	25.0
bflTTN_Mig8_193	TTNA149_197	28.814	59	39	1	17	72	19	77	0.006	25.0
bflTTN_Mig8_193	TTNI101_193	20.290	69	53	1	14	80	12	80	0.006	25.0
bflTTN_Mig8_193	TTNA131_197	25.000	44	33	0	28	71	32	75	0.006	25.0
bflTTN_Mig8_193	TTNI1_194	22.222	54	41	1	28	80	29	82	0.010	24.6
bflTTN_Mig8_193	TTNA153_193	28.358	67	43	2	17	80	17	81	0.011	24.3
bflTTN_Mig8_193	TTNA142_194	31.111	45	25	1	52	90	48	92	0.012	24.3
bflTTN_Mig8_193	TTNI74_193	26.829	82	45	4	18	90	16	91	0.012	24.3
bflTTN_Mig8_193	TTNI95_188	27.778	54	26	2	34	87	34	74	0.015	23.9
bflTTN_Mig8_193	TTNM1_192	22.000	50	39	0	31	80	31	80	0.016	23.9
bflTTN_Mig8_193	TTNI88_187	24.390	41	31	0	34	74	33	73	0.017	23.9
bflTTN_Mig8_193	TTNA18_199	23.077	91	54	3	13	90	10	97	0.019	23.9
bflTTN_Mig8_193	TTNZ4_195	26.316	76	47	3	1	72	5	75	0.023	23.5
bflTTN_Mig8_193	TTNI41_193	32.000	50	32	2	32	80	33	81	0.023	23.5
bflTTN_Mig8_193	TTNA169_1100	20.548	73	54	2	13	81	17	89	0.023	23.5
bflTTN_Mig8_193	TTNI83_193	22.727	44	34	0	32	75	32	75	0.026	23.5
bflTTN_Mig8_193	TTNI92_187	21.053	76	58	2	5	78	3	78	0.027	23.5
bflTTN_Mig8_193	TTNI47_193	24.324	74	53	1	14	84	12	85	0.031	23.1
bflTTN_Mig8_193	TTNA57_195	27.119	59	39	1	28	82	31	89	0.038	23.1
bflTTN_Mig8_193	TTNI73_193	18.667	75	58	1	13	84	11	85	0.044	22.7
bflTTN_Mig8_193	TTNA160_193	35.556	45	25	2	28	71	31	72	0.048	22.7
bflTTN_Mig8_193	TTNI5_188	23.188	69	50	1	6	71	4	72	0.059	22.3
bflTTN_Mig8_193	TTNI64_193	24.138	87	51	4	13	90	11	91	0.072	22.3
bflTTN_Mig8_193	TTNA65_194	24.528	53	38	1	28	80	32	82	0.082	21.9
bflTTN_Mig8_193	TTNA46_192	19.231	78	52	1	14	80	3	80	0.085	21.9
bflTTN_Mig8_193	TTNA109_194	25.000	60	42	2	21	80	26	82	0.086	21.9
bflTTN_Mig8_193	TTNI102_188	34.043	47	27	2	32	76	32	76	0.10	21.6
bflTTN_Mig8_193	TTNA87_194	24.528	53	38	1	28	80	32	82	0.16	21.2
bflTTN_Mig8_193	TTNI100_188	17.460	63	50	1	12	72	10	72	0.19	21.2
bflTTN_Mig8_193	TTNA145_195	27.273	77	51	2	17	90	17	91	0.20	20.8
bflTTN_Mig8_193	TTNI54_193	39.286	28	14	1	60	84	58	85	0.21	20.8
bflTTN_Mig8_193	TTNA76_194	22.222	54	38	2	28	80	32	82	0.26	20.8
bflTTN_Mig8_193	TTNA54_196	33.333	45	28	2	28	71	32	75	0.26	20.8
bflTTN_Mig8_193	TTNA43_195	25.926	54	37	2	28	80	32	83	0.38	20.0
bflTTN_Mig8_193	TTNA29_194	24.138	58	34	2	27	80	31	82	0.39	20.0
bflTTN_Mig8_193	TTNA120_193	29.412	51	24	2	28	73	31	74	0.65	19.6
bflTTN_Mig8_193	TTNI89_188	24.390	41	31	0	34	74	34	74	0.69	19.2
bflTTN_Mig8_193	TTNA25_194	24.000	50	26	2	28	71	30	73	0.88	19.2
bflTTN_Mig8_193	TTNI91_188	22.388	67	50	1	13	77	11	77	3.6	17.3
bflTTN_Mig8_193	TTNA98_194	29.091	55	33	3	28	80	32	82	4.0	17.3
bflTTN_Mig8_193	TTNA22_194	20.755	53	40	1	28	80	32	82	5.6	16.9
bflTTN_Mig8_193	TTNI86_190	21.277	47	35	1	30	74	30	76	7.3	16.5
bflTTN_Mig9_192	TTNI73_193	33.333	90	59	1	1	89	2	91	5.32e-15	56.6
bflTTN_Mig9_192	TTNI30_194	32.967	91	59	2	1	89	2	92	2.14e-14	55.1
bflTTN_Mig9_192	TTNI42_194	30.435	92	60	3	1	89	2	92	6.11e-14	53.9
bflTTN_Mig9_192	TTNI80_194	37.079	89	54	2	3	89	4	92	8.36e-14	53.5
bflTTN_Mig9_192	TTNI53_193	31.765	85	57	1	1	84	2	86	1.17e-13	53.1
bflTTN_Mig9_192	TTNI58_194	29.670	91	62	2	1	89	2	92	2.52e-13	52.4
bflTTN_Mig9_192	TTNM9_196	32.222	90	60	1	1	89	2	91	7.35e-13	51.2
bflTTN_Mig9_192	TTNI59_193	31.461	89	60	1	1	88	2	90	1.78e-12	50.1
bflTTN_Mig9_192	TTNI51_193	31.818	88	59	1	3	89	4	91	4.32e-12	49.3
bflTTN_Mig9_192	TTNI29_193	35.556	90	57	1	1	89	2	91	5.59e-12	48.9
bflTTN_Mig9_192	TTNI60_194	33.333	93	56	3	1	89	2	92	8.16e-12	48.5
bflTTN_Mig9_192	TTNI79_193	32.500	80	53	1	1	79	2	81	1.15e-11	48.1
bflTTN_Mig9_192	TTNI27_194	32.308	65	44	0	28	92	30	94	1.44e-11	47.8
bflTTN_Mig9_192	TTNI55_193	34.940	83	53	1	1	82	2	84	2.00e-11	47.4
bflTTN_Mig9_192	TTNI64_193	29.545	88	61	1	3	89	4	91	3.14e-11	47.0
bflTTN_Mig9_192	TTNI75_193	31.868	91	61	1	1	90	2	92	3.98e-11	46.6
bflTTN_Mig9_192	TTNI77_193	28.889	90	63	1	1	89	2	91	4.48e-11	46.6
bflTTN_Mig9_192	TTNI36_194	32.584	89	58	2	3	89	4	92	7.58e-11	45.8
bflTTN_Mig9_192	TTNI31_193	28.571	84	59	1	1	83	2	85	9.51e-11	45.8
bflTTN_Mig9_192	TTNA127_195	34.211	76	49	1	15	89	18	93	1.00e-10	45.8
bflTTN_Mig9_192	TTNI61_193	27.273	88	63	1	3	89	4	91	1.04e-10	45.4
bflTTN_Mig9_192	TTNI74_193	32.787	61	41	0	29	89	31	91	1.63e-10	45.1
bflTTN_Mig9_192	TTNI67_193	28.571	91	64	1	1	90	2	92	1.74e-10	45.1
bflTTN_Mig9_192	TTNI32_193	31.250	80	54	1	1	79	2	81	2.00e-10	44.7
bflTTN_Mig9_192	TTNA94_195	33.333	87	52	2	9	89	7	93	2.08e-10	44.7
bflTTN_Mig9_192	TTNI35_193	28.235	85	60	1	1	84	2	86	2.22e-10	44.7
bflTTN_Mig9_192	TTNI41_193	36.250	80	50	1	1	79	2	81	2.81e-10	44.3
bflTTN_Mig9_192	TTNA29_194	37.037	81	48	2	10	89	14	92	3.03e-10	44.3
bflTTN_Mig9_192	TTNI15_191	31.429	70	48	0	15	84	16	85	7.26e-10	43.5
bflTTN_Mig9_192	TTNA105_197	32.955	88	52	3	9	89	8	95	8.81e-10	43.1
bflTTN_Mig9_192	TTNI17_194	30.380	79	54	1	15	92	16	94	1.22e-09	42.7
bflTTN_Mig9_192	TTNI57_193	28.889	90	63	1	1	89	2	91	1.57e-09	42.4
bflTTN_Mig9_192	TTNI40_193	28.947	76	53	1	15	89	16	91	1.71e-09	42.4
bflTTN_Mig9_192	TTNI50_194	30.864	81	54	2	1	79	2	82	1.72e-09	42.4
bflTTN_Mig9_192	TTNI63_193	26.761	71	51	1	15	84	16	86	2.21e-09	42.0
bflTTN_Mig9_192	TTNI45_193	31.507	73	49	1	18	89	19	91	2.25e-09	42.0
bflTTN_Mig9_192	TTNI101_193	29.231	65	46	0	16	80	17	81	2.35e-09	42.0
bflTTN_Mig9_192	TTNI71_193	28.409	88	62	1	3	89	4	91	2.40e-09	42.0
bflTTN_Mig9_192	TTNI69_193	27.381	84	60	1	1	83	2	85	2.98e-09	42.0
bflTTN_Mig9_192	TTNA83_196	27.586	87	57	2	9	89	8	94	3.19e-09	42.0
bflTTN_Mig9_192	TTNI48_194	24.176	91	67	2	1	89	2	92	4.71e-09	41.2
bflTTN_Mig9_192	TTNI99_188	33.333	63	42	0	16	78	17	79	5.03e-09	41.2
bflTTN_Mig9_192	TTNA90_192	31.579	57	39	0	31	87	32	88	5.10e-09	41.2
bflTTN_Mig9_192	TTNI72_193	25.000	76	56	1	15	89	16	91	5.90e-09	41.2
bflTTN_Mig9_192	TTNI68_194	34.694	49	32	0	28	76	31	79	6.21e-09	40.8
bflTTN_Mig9_192	TTNM4_193	33.871	62	41	0	30	91	32	93	6.30e-09	40.8
bflTTN_Mig9_192	TTNI65_193	29.167	72	50	1	14	84	15	86	6.71e-09	40.8
bflTTN_Mig9_192	TTNI43_193	28.767	73	51	1	18	89	19	91	7.31e-09	40.8
bflTTN_Mig9_192	TTNI66_193	30.337	89	54	3	1	84	1	86	9.65e-09	40.4
bflTTN_Mig9_192	TTNI47_193	26.667	90	65	1	1	89	2	91	9.65e-09	40.4
bflTTN_Mig9_192	TTNI16_194	25.000	92	66	2	1	89	1	92	1.03e-08	40.4
bflTTN_Mig9_192	TTNI46_193	22.353	85	65	1	1	84	2	86	1.18e-08	40.4
bflTTN_Mig9_192	TTNZ3_195	31.395	86	52	3	11	89	8	93	1.21e-08	40.4
bflTTN_Mig9_192	TTNA112_192	33.898	59	37	1	31	89	32	88	1.55e-08	40.0
bflTTN_Mig9_192	TTNI38_193	26.667	90	65	1	1	89	2	91	1.61e-08	40.0
bflTTN_Mig9_192	TTNZ2_194	29.348	92	64	1	1	91	2	93	1.66e-08	40.0
bflTTN_Mig9_192	TTNI70_194	25.275	91	66	2	1	89	2	92	1.87e-08	39.7
bflTTN_Mig9_192	TTNI96_188	34.545	55	36	0	15	69	16	70	1.92e-08	39.7
bflTTN_Mig9_192	TTNA79_193	32.143	84	42	2	9	80	2	82	2.08e-08	39.7
bflTTN_Mig9_192	TTNI54_193	25.287	87	64	1	3	88	4	90	2.44e-08	39.3
bflTTN_Mig9_192	TTNI44_193	27.381	84	60	1	1	83	2	85	2.58e-08	39.3
bflTTN_Mig9_192	TTNI34_193	30.000	80	54	2	3	80	3	82	2.63e-08	39.3
bflTTN_Mig9_192	TTNI33_193	27.632	76	54	1	15	89	16	91	2.99e-08	39.3
bflTTN_Mig9_192	TTNI33_193	42.308	26	15	0	39	64	3	28	1.6	18.5
bflTTN_Mig9_192	TTNI39_193	27.632	76	54	1	15	89	16	91	3.78e-08	38.9
bflTTN_Mig9_192	TTNI52_193	23.077	91	69	1	1	90	2	92	3.82e-08	38.9
bflTTN_Mig9_192	TTNI24_192	25.275	91	67	1	1	90	1	91	4.22e-08	38.9
bflTTN_Mig9_192	TTNI104_188	26.389	72	53	0	2	73	3	74	4.46e-08	38.5
bflTTN_Mig9_192	TTNA72_196	38.806	67	38	3	15	79	19	84	6.57e-08	38.5
bflTTN_Mig9_192	TTNM10_195	28.261	92	63	2	1	89	2	93	7.58e-08	38.1
bflTTN_Mig9_192	TTNI90_187	33.333	57	37	1	16	72	17	72	7.70e-08	38.1
bflTTN_Mig9_192	TTNI78_194	24.176	91	67	2	1	89	2	92	7.85e-08	38.1
bflTTN_Mig9_192	TTNM3_193	28.571	91	55	3	9	89	1	91	9.34e-08	37.7
bflTTN_Mig9_192	TTNI76_193	30.000	80	51	1	10	84	7	86	9.75e-08	37.7
bflTTN_Mig9_192	TTNA25_194	35.821	67	42	1	14	79	16	82	1.03e-07	37.7
bflTTN_Mig9_192	TTNM7_192	33.333	57	38	0	33	89	34	90	1.05e-07	37.7
bflTTN_Mig9_192	TTNI56_193	29.412	85	59	1	1	84	2	86	1.19e-07	37.7
bflTTN_Mig9_192	TTNA1_193	34.426	61	40	0	31	91	33	93	1.27e-07	37.7
bflTTN_Mig9_192	TTNA101_192	27.632	76	43	1	26	89	15	90	1.55e-07	37.4
bflTTN_Mig9_192	TTNI62_193	24.176	91	68	1	1	90	2	92	2.12e-07	37.0
bflTTN_Mig9_192	TTNA156_195	33.333	57	38	0	33	89	37	93	3.88e-07	36.2
bflTTN_Mig9_192	TTNZ9_193	28.889	90	62	2	1	89	1	89	4.04e-07	36.2
bflTTN_Mig9_192	TTNA116_196	28.947	76	53	1	15	89	19	94	4.67e-07	36.2
bflTTN_Mig9_192	TTNA39_196	29.487	78	52	2	15	89	17	94	6.69e-07	35.8
bflTTN_Mig9_192	TTNA134_195	26.582	79	57	1	14	91	17	95	7.31e-07	35.4
bflTTN_Mig9_192	TTNI49_193	24.658	73	54	1	18	89	19	91	8.12e-07	35.4
bflTTN_Mig9_192	TTNI37_193	30.137	73	50	1	18	89	19	91	8.75e-07	35.4
bflTTN_Mig9_192	TTNA145_195	37.097	62	39	0	30	91	34	95	9.42e-07	35.4
bflTTN_Mig9_192	TTNI28_193	26.190	84	61	1	1	83	2	85	1.10e-06	35.0
bflTTN_Mig9_192	TTNM5_194	29.851	67	46	1	15	80	16	82	1.26e-06	35.0
bflTTN_Mig9_192	TTNA149_197	31.579	76	51	1	15	89	20	95	1.38e-06	35.0
bflTTN_Mig9_192	TTNA164_192	24.658	73	54	1	13	84	13	85	1.40e-06	34.7
bflTTN_Mig9_192	TTNA46_192	31.818	66	44	1	15	79	15	80	1.62e-06	34.7
bflTTN_Mig9_192	TTNA50_196	30.263	76	52	1	15	89	19	94	2.89e-06	33.9
bflTTN_Mig9_192	TTNZ4_195	30.682	88	56	3	1	84	2	88	3.27e-06	33.9
bflTTN_Mig9_192	TTNI84_196	31.148	61	42	0	14	74	19	79	3.68e-06	33.9
bflTTN_Mig9_192	TTNA138_196	27.273	77	55	1	15	90	19	95	4.84e-06	33.5
bflTTN_Mig9_192	TTNI81_190	28.261	46	33	0	28	73	31	76	7.40e-06	32.7
bflTTN_Mig9_192	TTNZ8_195	36.735	49	31	0	31	79	34	82	7.57e-06	33.1
bflTTN_Mig9_192	TTNI82_188	27.586	58	42	0	15	72	16	73	7.80e-06	32.7
bflTTN_Mig9_192	TTNA57_195	29.508	61	43	0	31	91	35	95	8.67e-06	32.7
bflTTN_Mig9_192	TTNA57_195	23.529	17	13	0	72	88	12	28	6.9	16.5
bflTTN_Mig9_192	TTNA36_196	29.870	77	53	1	14	89	18	94	1.04e-05	32.7
bflTTN_Mig9_192	TTNI83_193	25.862	58	43	0	16	73	17	74	1.32e-05	32.3
bflTTN_Mig9_192	TTNZ5_193	28.571	77	53	2	15	89	16	92	1.50e-05	32.0
bflTTN_Mig9_192	TTNA8_195	31.579	76	50	2	15	89	19	93	1.54e-05	32.0
bflTTN_Mig9_192	TTNI103_188	22.535	71	55	0	2	72	3	73	1.89e-05	32.0
bflTTN_Mig9_192	TTNA32_196	26.316	76	55	1	15	89	19	94	2.01e-05	32.0
bflTTN_Mig9_192	TTNI97_188	25.862	58	43	0	15	72	16	73	2.48e-05	31.6
bflTTN_Mig9_192	TTNI12_187	29.412	51	36	0	23	73	24	74	2.57e-05	31.6
bflTTN_Mig9_192	TTNI94_187	26.316	57	42	0	16	72	17	73	3.31e-05	31.2
bflTTN_Mig9_192	TTNI25_195	28.333	60	42	1	31	89	33	92	3.63e-05	31.2
bflTTN_Mig9_192	TTNI100_188	22.619	84	65	0	2	85	3	86	4.32e-05	30.8
bflTTN_Mig9_192	TTNI10_187	27.419	62	45	0	17	78	18	79	4.53e-05	30.8
bflTTN_Mig9_192	TTNI2_191	42.857	49	22	2	29	74	31	76	7.21e-05	30.4
bflTTN_Mig9_192	TTNM6_194	31.373	51	34	1	30	79	32	82	7.50e-05	30.4
bflTTN_Mig9_192	TTNA68_195	25.974	77	45	1	26	90	18	94	7.52e-05	30.4
bflTTN_Mig9_192	TTNA68_195	42.105	19	11	0	43	61	77	95	0.42	20.0
bflTTN_Mig9_192	TTNI107_196	27.632	76	54	1	15	89	19	94	9.57e-05	30.0
bflTTN_Mig9_192	TTNZ1_195	32.857	70	42	3	15	80	15	83	1.60e-04	29.3
bflTTN_Mig9_192	TTNI11_187	24.138	58	44	0	16	73	17	74	1.87e-04	29.3
bflTTN_Mig9_192	TTNA131_197	29.870	77	52	2	15	89	19	95	2.24e-04	28.9
bflTTN_Mig9_192	TTNA109_194	29.730	74	49	2	17	89	21	92	2.25e-04	28.9
bflTTN_Mig9_192	TTNM8_193	26.761	71	51	1	13	83	15	84	2.57e-04	28.9
bflTTN_Mig9_192	TTNI98_188	22.222	63	49	0	16	78	17	79	3.36e-04	28.5
bflTTN_Mig9_192	TTNI9_187	28.571	70	40	3	17	83	18	80	3.76e-04	28.5
bflTTN_Mig9_192	TTNM1_192	22.581	62	48	0	30	91	31	92	4.82e-04	28.1
bflTTN_Mig9_192	TTNM2_195	24.731	93	66	2	1	89	1	93	0.001	27.3
bflTTN_Mig9_192	TTNI102_188	30.909	55	38	0	16	70	17	71	0.001	26.9
bflTTN_Mig9_192	TTNA61_197	28.358	67	46	2	15	79	19	85	0.001	26.9
bflTTN_Mig9_192	TTNI7_187	30.357	56	39	0	23	78	24	79	0.002	26.2
bflTTN_Mig9_192	TTNA165_196	19.753	81	63	2	11	89	14	94	0.003	25.8
bflTTN_Mig9_192	TTNA54_196	26.316	76	55	1	15	89	19	94	0.004	25.4
bflTTN_Mig9_192	TTNI14_192	24.000	50	38	0	30	79	32	81	0.005	25.4
bflTTN_Mig9_192	TTNI89_188	23.438	64	49	0	3	66	4	67	0.006	25.0
bflTTN_Mig9_192	TTNI13_190	29.412	68	40	3	23	85	24	88	0.008	24.6
bflTTN_Mig9_192	TTNI26_191	27.869	61	43	1	30	89	29	89	0.012	24.3
bflTTN_Mig9_192	TTNA76_194	27.381	84	39	3	6	89	31	92	0.045	22.7
bflTTN_Mig9_192	TTNI91_188	21.538	65	51	0	14	78	15	79	0.055	22.3
bflTTN_Mig9_192	TTNI95_188	16.981	53	44	0	16	68	17	69	0.064	22.3
bflTTN_Mig9_192	TTNA4_1121	34.694	49	27	3	43	87	72	119	0.13	21.6
bflTTN_Mig9_192	TTNI6_187	18.182	55	45	0	16	70	17	71	0.13	21.6
bflTTN_Mig9_192	TTNI3_187	18.182	55	45	0	20	74	21	75	0.17	21.2
bflTTN_Mig9_192	TTNA43_195	27.059	85	39	3	6	89	31	93	0.35	20.4
bflTTN_Mig9_192	TTNI5_188	22.667	75	55	2	15	88	16	88	0.49	19.6
bflTTN_Mig9_192	TTNA11_1103	24.000	100	50	3	17	90	3	102	0.49	20.0
bflTTN_Mig9_192	TTNA65_194	21.429	84	44	2	6	89	31	92	0.74	19.2
bflTTN_Mig9_192	TTNI88_187	26.190	42	31	0	31	72	31	72	0.84	19.2
bflTTN_Mig10_1102	TTNM10_195	31.250	96	61	2	2	97	3	93	3.18e-14	55.1
bflTTN_Mig10_1102	TTNI45_193	31.633	98	60	2	1	98	2	92	7.49e-13	51.6
bflTTN_Mig10_1102	TTNM5_194	34.021	97	57	2	1	97	2	91	3.50e-12	49.7
bflTTN_Mig10_1102	TTNA57_195	32.558	86	51	2	14	99	17	95	4.48e-12	49.3
bflTTN_Mig10_1102	TTNA90_192	33.721	86	50	1	8	93	8	86	5.19e-11	46.6
bflTTN_Mig10_1102	TTNI80_194	26.374	91	61	1	7	97	8	92	5.89e-10	43.9
bflTTN_Mig10_1102	TTNA123_196	26.804	97	63	2	3	98	6	95	1.45e-09	43.1
bflTTN_Mig10_1102	TTNA79_193	30.769	91	54	2	8	98	9	90	1.64e-09	42.7
bflTTN_Mig10_1102	TTNA25_194	30.120	83	51	1	5	87	7	82	1.95e-09	42.7
bflTTN_Mig10_1102	TTNI59_193	31.183	93	53	2	5	95	6	89	3.08e-09	42.0
bflTTN_Mig10_1102	TTNI39_193	25.510	98	66	2	1	98	2	92	4.24e-09	41.6
bflTTN_Mig10_1102	TTNA105_197	27.660	94	62	2	5	98	9	96	5.60e-09	41.6
bflTTN_Mig10_1102	TTNI71_193	26.804	97	64	2	1	97	2	91	6.10e-09	41.2
bflTTN_Mig10_1102	TTNA98_194	32.000	75	38	2	26	98	30	93	1.98e-08	40.0
bflTTN_Mig10_1102	TTNA50_196	28.571	91	58	3	8	98	12	95	2.03e-08	40.0
bflTTN_Mig10_1102	TTNI16_194	27.778	90	60	2	8	97	8	92	3.09e-08	39.7
bflTTN_Mig10_1102	TTNZ2_194	32.258	93	54	3	9	100	10	94	3.12e-08	39.7
bflTTN_Mig10_1102	TTNI36_194	26.667	90	59	2	3	92	5	87	3.62e-08	39.3
bflTTN_Mig10_1102	TTNA160_193	27.083	96	61	2	4	99	7	93	4.40e-08	38.9
bflTTN_Mig10_1102	TTNZ3_195	30.769	78	47	1	10	87	11	81	6.81e-08	38.5
bflTTN_Mig10_1102	TTNI54_193	34.328	67	37	1	26	92	27	86	7.23e-08	38.5
bflTTN_Mig10_1102	TTNI74_193	30.137	73	44	2	26	98	27	92	8.84e-08	38.1
bflTTN_Mig10_1102	TTNA11_1103	29.114	79	55	1	9	87	14	91	9.96e-08	38.5
bflTTN_Mig10_1102	TTNI107_196	21.978	91	64	1	8	98	12	95	1.19e-07	38.1
bflTTN_Mig10_1102	TTNZ9_193	30.435	92	56	3	6	97	6	89	1.23e-07	37.7
bflTTN_Mig10_1102	TTNA138_196	25.806	93	62	2	5	97	9	94	1.35e-07	37.7
bflTTN_Mig10_1102	TTNI67_193	26.374	91	60	2	7	97	8	91	1.35e-07	37.7
bflTTN_Mig10_1102	TTNI51_193	28.866	97	62	3	1	97	2	91	1.41e-07	37.7
bflTTN_Mig10_1102	TTNA153_193	24.468	94	62	1	4	97	7	91	1.63e-07	37.7
bflTTN_Mig10_1102	TTNI33_193	23.469	98	68	2	1	98	2	92	1.63e-07	37.7
bflTTN_Mig10_1102	TTNI64_193	27.397	73	46	1	26	98	27	92	2.52e-07	37.0
bflTTN_Mig10_1102	TTNI49_193	23.913	92	63	1	6	97	7	91	3.24e-07	37.0
bflTTN_Mig10_1102	TTNI77_193	26.829	82	53	1	16	97	17	91	3.45e-07	36.6
bflTTN_Mig10_1102	TTNI37_193	25.301	83	55	1	10	92	11	86	3.45e-07	36.6
bflTTN_Mig10_1102	TTNI72_193	28.395	81	51	2	17	97	18	91	4.59e-07	36.6
bflTTN_Mig10_1102	TTNM9_196	28.261	92	59	1	7	98	8	92	4.78e-07	36.6
bflTTN_Mig10_1102	TTNA164_192	28.205	78	49	2	10	87	10	80	5.46e-07	36.2
bflTTN_Mig10_1102	TTNI61_193	25.773	97	65	2	1	97	2	91	5.61e-07	36.2
bflTTN_Mig10_1102	TTNI52_193	28.205	78	49	1	20	97	21	91	6.36e-07	36.2
bflTTN_Mig10_1102	TTNI69_193	24.706	85	57	1	7	91	8	85	6.99e-07	35.8
bflTTN_Mig10_1102	TTNM2_195	30.488	82	53	1	16	97	16	93	8.73e-07	35.8
bflTTN_Mig10_1102	TTNA18_199	25.000	88	66	0	12	99	12	99	9.51e-07	35.8
bflTTN_Mig10_1102	TTNI25_195	32.051	78	45	3	24	100	25	95	1.10e-06	35.4
bflTTN_Mig10_1102	TTNA29_194	26.506	83	52	1	16	98	20	93	1.15e-06	35.4
bflTTN_Mig10_1102	TTNI62_193	30.864	81	49	2	17	97	18	91	1.22e-06	35.4
bflTTN_Mig10_1102	TTNA116_196	21.277	94	67	1	5	98	9	95	1.28e-06	35.4
bflTTN_Mig10_1102	TTNZ5_193	26.531	98	60	4	1	97	6	92	1.34e-06	35.0
bflTTN_Mig10_1102	TTNI24_192	26.667	90	59	2	8	97	8	90	1.35e-06	35.0
bflTTN_Mig10_1102	TTNA168_194	27.500	80	51	3	9	87	9	82	1.44e-06	35.0
bflTTN_Mig10_1102	TTNA4_1121	23.009	113	65	3	8	98	8	120	1.60e-06	35.4
bflTTN_Mig10_1102	TTNA134_195	27.174	92	60	1	8	99	11	95	1.75e-06	35.0
bflTTN_Mig10_1102	TTNA101_192	28.571	77	48	2	11	87	11	80	1.75e-06	35.0
bflTTN_Mig10_1102	TTNA76_194	29.213	89	54	2	10	98	14	93	1.81e-06	35.0
bflTTN_Mig10_1102	TTNI57_193	23.077	91	63	2	7	97	8	91	2.52e-06	34.3
bflTTN_Mig10_1102	TTNA83_196	23.158	95	60	3	5	97	9	92	2.87e-06	34.3
bflTTN_Mig10_1102	TTNA68_195	27.174	92	60	2	6	97	9	93	2.92e-06	34.3
bflTTN_Mig10_1102	TTNA112_192	27.586	87	56	1	12	98	12	91	3.02e-06	34.3
bflTTN_Mig10_1102	TTNA54_196	30.864	81	49	1	18	98	22	95	3.32e-06	34.3
bflTTN_Mig10_1102	TTNZ4_195	26.744	86	54	2	12	95	13	91	3.41e-06	34.3
bflTTN_Mig10_1102	TTNA1_193	24.444	90	61	2	10	99	11	93	3.56e-06	33.9
bflTTN_Mig10_1102	TTNA39_196	22.472	89	64	1	10	98	12	95	4.09e-06	33.9
bflTTN_Mig10_1102	TTNA36_196	21.348	89	63	2	10	98	14	95	5.15e-06	33.5
bflTTN_Mig10_1102	TTNM7_192	27.586	87	54	3	11	95	11	90	5.60e-06	33.5
bflTTN_Mig10_1102	TTNI63_193	28.723	94	60	2	4	97	5	91	5.94e-06	33.5
bflTTN_Mig10_1102	TTNA131_197	25.000	80	53	1	8	87	12	84	6.30e-06	33.5
bflTTN_Mig10_1102	TTNZ7_195	24.211	95	65	2	5	97	5	94	6.31e-06	33.5
bflTTN_Mig10_1102	TTNM3_193	24.176	91	61	3	8	97	8	91	7.79e-06	33.1
bflTTN_Mig10_1102	TTNM4_193	28.571	84	53	2	16	99	17	93	8.82e-06	33.1
bflTTN_Mig10_1102	TTNA149_197	24.719	89	60	2	10	98	15	96	8.98e-06	33.1
bflTTN_Mig10_1102	TTNI41_193	26.882	93	61	2	5	97	6	91	1.55e-05	32.3
bflTTN_Mig10_1102	TTNI58_194	23.158	95	66	1	3	97	5	92	1.74e-05	32.3
bflTTN_Mig10_1102	TTNA145_195	32.500	80	47	1	20	99	23	95	1.82e-05	32.3
bflTTN_Mig10_1102	TTNA61_197	29.114	79	48	3	10	87	14	85	1.90e-05	32.3
bflTTN_Mig10_1102	TTNZ1_195	27.174	92	62	1	9	100	9	95	2.09e-05	32.0
bflTTN_Mig10_1102	TTNI105_190	37.209	43	27	0	56	98	47	89	2.11e-05	32.0
bflTTN_Mig10_1102	TTNI73_193	26.374	91	60	2	7	97	8	91	3.31e-05	31.6
bflTTN_Mig10_1102	TTNA43_195	28.916	83	47	3	18	98	22	94	4.45e-05	31.2
bflTTN_Mig10_1102	TTNA109_194	23.596	89	59	1	10	98	14	93	4.77e-05	31.2
bflTTN_Mig10_1102	TTNA46_192	22.826	92	64	1	7	98	7	91	5.41e-05	30.8
bflTTN_Mig10_1102	TTNI31_193	27.381	84	53	3	17	100	18	93	6.15e-05	30.8
bflTTN_Mig10_1102	TTNA32_196	29.333	75	46	2	24	98	28	95	6.47e-05	30.8
bflTTN_Mig10_1102	TTNI30_194	24.675	77	51	2	16	92	18	87	7.21e-05	30.4
bflTTN_Mig10_1102	TTNI27_194	26.923	78	50	2	20	97	21	91	7.99e-05	30.4
bflTTN_Mig10_1102	TTNI29_193	26.829	82	53	2	16	97	17	91	8.92e-05	30.4
bflTTN_Mig10_1102	TTNI42_194	26.316	76	49	2	22	97	24	92	1.04e-04	30.0
bflTTN_Mig10_1102	TTNI53_193	27.473	91	59	2	7	97	8	91	1.15e-04	30.0
bflTTN_Mig10_1102	TTNA142_194	25.610	82	50	2	18	98	22	93	1.16e-04	30.0
bflTTN_Mig10_1102	TTNA65_194	25.926	81	51	2	18	98	22	93	1.37e-04	30.0
bflTTN_Mig10_1102	TTNA169_1100	28.571	84	50	3	16	97	23	98	1.49e-04	29.6
bflTTN_Mig10_1102	TTNA127_195	23.404	94	65	2	5	98	8	94	1.72e-04	29.6
bflTTN_Mig10_1102	TTNA94_195	20.213	94	68	2	5	98	8	94	1.73e-04	29.6
bflTTN_Mig10_1102	TTNI47_193	25.000	80	53	1	18	97	19	91	1.80e-04	29.6
bflTTN_Mig10_1102	TTNI79_193	23.256	86	59	2	4	89	5	83	2.25e-04	29.3
bflTTN_Mig10_1102	TTNI14_192	22.222	90	59	2	10	97	11	91	2.30e-04	29.3
bflTTN_Mig10_1102	TTNA72_196	21.053	95	66	3	5	98	9	95	2.34e-04	29.3
bflTTN_Mig10_1102	TTNI35_193	30.000	50	35	0	48	97	42	91	2.42e-04	29.3
bflTTN_Mig10_1102	TTNI46_193	23.457	81	55	2	17	97	18	91	2.63e-04	28.9
bflTTN_Mig10_1102	TTNI34_193	23.750	80	54	2	18	97	19	91	2.74e-04	28.9
bflTTN_Mig10_1102	TTNI43_193	24.706	85	53	2	10	92	11	86	3.26e-04	28.9
bflTTN_Mig10_1102	TTNI60_194	33.333	39	25	1	61	98	55	93	3.89e-04	28.5
bflTTN_Mig10_1102	TTNI1_194	26.437	87	56	3	2	87	3	82	7.33e-04	27.7
bflTTN_Mig10_1102	TTNA15_1104	22.368	76	50	2	17	87	20	91	8.76e-04	27.7
bflTTN_Mig10_1102	TTNI70_194	40.000	25	15	0	74	98	69	93	0.001	27.3
bflTTN_Mig10_1102	TTNA87_194	26.596	94	60	2	5	98	9	93	0.001	27.3
bflTTN_Mig10_1102	TTNI78_194	25.316	79	52	1	13	91	15	86	0.002	26.9
bflTTN_Mig10_1102	TTNI48_194	20.000	90	65	2	3	92	5	87	0.002	26.6
bflTTN_Mig10_1102	TTNA120_193	27.692	65	38	2	20	84	23	78	0.002	26.6
bflTTN_Mig10_1102	TTNI28_193	21.739	92	65	2	7	98	8	92	0.003	26.2
bflTTN_Mig10_1102	TTNI85_192	52.000	25	11	1	74	98	68	91	0.004	25.8
bflTTN_Mig10_1102	TTNI68_194	23.077	78	52	2	7	84	10	79	0.005	25.8
bflTTN_Mig10_1102	TTNA156_195	27.143	70	44	2	18	87	21	83	0.007	25.0
bflTTN_Mig10_1102	TTNA22_194	22.222	81	54	2	18	98	22	93	0.013	24.6
bflTTN_Mig10_1102	TTNI75_193	25.882	85	42	3	10	87	11	81	0.013	24.3
bflTTN_Mig10_1102	TTNM8_193	22.105	95	65	3	1	95	3	88	0.022	23.9
bflTTN_Mig10_1102	TTNI40_193	21.250	80	56	1	18	97	19	91	0.023	23.9
bflTTN_Mig10_1102	TTNI55_193	24.658	73	46	3	16	87	17	81	0.024	23.9
bflTTN_Mig10_1102	TTNI99_188	20.000	75	52	2	8	82	9	75	0.028	23.5
bflTTN_Mig10_1102	TTNI44_193	21.622	74	51	1	24	97	25	91	0.041	23.1
bflTTN_Mig10_1102	TTNI100_188	29.487	78	43	4	7	82	8	75	0.046	22.7
bflTTN_Mig10_1102	TTNI106_194	26.866	67	42	2	18	84	20	79	0.050	22.7
bflTTN_Mig10_1102	TTNI15_191	26.667	75	47	3	13	87	14	80	0.057	22.7
bflTTN_Mig10_1102	TTNA165_196	26.744	86	49	3	4	87	11	84	0.059	22.7
bflTTN_Mig10_1102	TTNI94_187	27.692	65	39	3	14	78	15	71	0.069	22.3
bflTTN_Mig10_1102	TTNI6_187	26.087	69	43	3	10	78	11	71	0.075	22.3
bflTTN_Mig10_1102	TTNI65_193	19.118	68	48	1	20	87	21	81	0.084	22.3
bflTTN_Mig10_1102	TTNM6_194	28.333	60	35	3	29	87	30	82	0.095	21.9
bflTTN_Mig10_1102	TTNI76_193	27.273	77	45	3	15	87	12	81	0.12	21.9
bflTTN_Mig10_1102	TTNI2_191	30.000	60	34	3	28	86	29	81	0.12	21.6
bflTTN_Mig10_1102	TTNI7_187	27.778	72	44	4	11	82	12	75	0.22	20.8
bflTTN_Mig10_1102	TTNI98_188	22.667	75	50	3	8	82	9	75	0.27	20.8
bflTTN_Mig10_1102	TTNI101_193	27.419	62	38	2	26	87	26	80	0.59	19.6
bflTTN_Mig10_1102	TTNI104_188	26.531	49	29	1	31	79	31	72	0.65	19.6
bflTTN_Mig10_1102	TTNA8_195	21.978	91	61	2	8	97	12	93	1.4	18.9
bflTTN_Mig10_1102	TTNI81_190	27.586	29	21	0	52	80	47	75	2.3	18.1
bflTTN_Mig10_1102	TTNI88_187	28.947	38	27	0	48	85	40	77	6.8	16.9
bflTTN_Mig10_1102	TTNI4_189	22.388	67	44	3	12	78	13	71	8.1	16.5
