TTNZ1_195	olaTTNIg1_196	80.000	95	19	0	1	95	2	96	5.97e-55	157
TTNZ1_195	olaTTNIg5_198	34.409	93	60	1	1	93	2	93	1.07e-21	73.6
TTNZ1_195	olaTTNIg3_195	35.484	93	58	1	1	93	2	92	2.30e-18	65.1
TTNZ1_195	olaTTNIg7_195	28.421	95	68	0	1	95	1	95	1.66e-16	60.1
TTNZ1_195	olaTTNIg2_194	37.895	95	57	1	1	95	2	94	8.63e-16	58.2
TTNZ1_195	olaTTNIg21_195	32.258	93	61	1	1	93	2	92	9.28e-15	55.8
TTNZ1_195	olaTTNIg32_194	27.957	93	66	1	1	93	2	93	1.09e-14	55.5
TTNZ1_195	olaTTNIg23_194	33.684	95	61	1	1	95	1	93	5.30e-14	53.9
TTNZ1_195	olaTTNIg9_193	32.558	86	55	2	8	93	8	90	1.26e-13	52.8
TTNZ1_195	olaTTNIg41_196	38.043	92	52	2	3	92	4	92	2.21e-13	52.4
TTNZ1_195	olaTTNIg25_194	31.915	94	63	1	1	94	2	94	4.91e-13	51.2
TTNZ1_195	olaTTNIg108_193	31.579	95	61	3	1	94	1	92	6.29e-13	50.8
TTNZ1_195	olaTTNIg22_193	33.684	95	60	2	1	95	2	93	7.55e-13	50.8
TTNZ1_195	olaTTNIg40_194	30.108	93	63	1	1	93	1	91	1.52e-12	50.1
TTNZ1_195	olaTTNIg34_193	27.957	93	65	1	1	93	2	92	1.70e-12	49.7
TTNZ1_195	olaTTNIg110_194	31.183	93	64	0	1	93	1	93	2.88e-12	49.3
TTNZ1_195	olaTTNIg112_198	33.721	86	48	3	11	92	15	95	3.81e-12	48.9
TTNZ1_195	olaTTNIg10_194	32.990	97	58	2	1	94	2	94	7.19e-12	48.1
TTNZ1_195	olaTTNIg6_195	28.421	95	67	1	1	95	1	94	1.11e-11	47.8
TTNZ1_195	olaTTNIg24_194	30.108	93	63	1	1	93	1	91	1.74e-11	47.4
TTNZ1_195	olaTTNIg30_194	30.851	94	62	2	1	93	2	93	2.00e-11	47.0
TTNZ1_195	olaTTNIg116_195	35.000	80	49	2	4	83	6	82	3.98e-11	46.2
TTNZ1_195	olaTTNIg76_192	32.500	80	50	2	15	93	14	90	4.34e-11	46.2
TTNZ1_195	olaTTNIg43_297	35.165	91	55	3	3	92	5	92	5.25e-11	46.2
TTNZ1_195	olaTTNIg117_196	31.522	92	61	1	1	92	2	91	1.03e-10	45.4
TTNZ1_195	olaTTNIg95_197	28.205	78	54	1	8	85	12	87	1.15e-10	45.1
TTNZ1_195	olaTTNIg115_194	31.579	95	63	1	1	95	2	94	1.56e-10	44.7
TTNZ1_195	olaTTNIg29_192	27.957	93	65	1	1	93	1	91	1.65e-10	44.7
TTNZ1_195	olaTTNIg73_197	27.500	80	56	1	8	87	12	89	2.46e-10	44.3
TTNZ1_195	olaTTNIg74_196	25.843	89	65	1	1	88	1	89	3.12e-10	44.3
TTNZ1_195	olaTTNIg69_194	32.558	86	52	2	8	91	11	92	5.17e-10	43.5
TTNZ1_195	olaTTNIg71_194	27.500	80	54	1	13	92	16	91	8.11e-10	43.1
TTNZ1_195	olaTTNIg77_197	34.615	78	47	2	15	92	19	92	8.87e-10	43.1
TTNZ1_195	olaTTNIg64_193	26.437	87	62	1	1	87	1	85	1.22e-09	42.4
TTNZ1_195	olaTTNIg33_195	29.762	84	57	1	9	92	10	91	1.31e-09	42.4
TTNZ1_195	olaTTNIg27_192	31.522	92	61	1	1	92	1	90	1.60e-09	42.4
TTNZ1_195	olaTTNIg72_197	30.380	79	53	1	7	85	11	87	1.91e-09	42.0
TTNZ1_195	olaTTNIg36_194	27.660	94	65	2	1	93	2	93	3.86e-09	41.2
TTNZ1_195	olaTTNIg63_197	30.263	76	51	1	15	90	19	92	3.91e-09	41.2
TTNZ1_195	olaTTNIg89_196	22.826	92	66	2	1	92	7	93	4.01e-09	41.2
TTNZ1_195	olaTTNIg35_193	29.032	93	64	1	1	93	2	92	5.87e-09	40.8
TTNZ1_195	olaTTNIg91_193	23.762	101	57	2	1	92	1	90	5.93e-09	40.8
TTNZ1_195	olaTTNIg99_197	27.397	73	51	1	11	83	14	84	7.26e-09	40.4
TTNZ1_195	olaTTNIg98_196	33.333	81	50	3	15	93	18	96	7.36e-09	40.4
TTNZ1_195	olaTTNIg39_194	29.032	93	63	2	1	92	2	92	8.23e-09	40.4
TTNZ1_195	olaTTNIg67_1104	24.691	81	56	1	9	84	13	93	1.07e-08	40.4
TTNZ1_195	olaTTNIg52_188	30.000	90	54	5	3	90	4	86	1.09e-08	40.0
TTNZ1_195	olaTTNIg101_195	26.966	89	60	2	7	95	10	93	1.13e-08	40.0
TTNZ1_195	olaTTNIg54_189	32.895	76	46	3	3	77	5	76	1.14e-08	40.0
TTNZ1_195	olaTTNIg107_194	28.049	82	55	1	11	92	14	91	1.15e-08	40.0
TTNZ2_194	olaTTNIg2_194	78.723	94	20	0	1	94	1	94	8.13e-53	152
TTNZ2_194	olaTTNIg21_195	36.957	92	58	0	1	92	1	92	1.96e-23	77.8
TTNZ2_194	olaTTNIg3_195	38.462	91	56	0	2	92	2	92	2.16e-23	77.8
TTNZ2_194	olaTTNIg114_192	38.043	92	54	2	2	92	1	90	5.28e-19	66.2
TTNZ2_194	olaTTNIg1_196	42.105	95	53	1	2	94	2	96	8.01e-19	66.2
TTNZ2_194	olaTTNIg110_194	37.634	93	56	2	2	92	1	93	9.93e-18	63.2
TTNZ2_194	olaTTNIg10_194	34.409	93	60	1	2	93	2	94	1.08e-16	60.5
TTNZ2_194	olaTTNIg115_194	34.409	93	61	0	2	94	2	94	6.02e-16	58.5
TTNZ2_194	olaTTNIg24_194	31.868	91	62	0	2	92	1	91	2.19e-15	57.4
TTNZ2_194	olaTTNIg108_193	28.571	91	65	0	2	92	1	91	5.21e-15	56.2
TTNZ2_194	olaTTNIg29_192	32.979	94	57	2	2	92	1	91	2.91e-14	54.3
TTNZ2_194	olaTTNIg6_195	29.787	94	65	1	2	94	1	94	6.03e-14	53.5
TTNZ2_194	olaTTNIg35_193	32.609	92	62	0	1	92	1	92	6.15e-14	53.5
TTNZ2_194	olaTTNIg39_194	30.435	92	63	1	1	91	1	92	9.39e-14	53.1
TTNZ2_194	olaTTNIg76_192	27.381	84	61	0	9	92	7	90	1.74e-13	52.4
TTNZ2_194	olaTTNIg9_193	34.066	91	59	1	2	92	1	90	1.81e-13	52.4
TTNZ2_194	olaTTNIg30_194	31.183	93	63	1	1	92	1	93	2.46e-13	52.0
TTNZ2_194	olaTTNIg5_198	29.032	93	65	1	1	92	1	93	2.99e-13	52.0
TTNZ2_194	olaTTNIg23_194	30.108	93	65	0	2	94	1	93	7.98e-13	50.8
TTNZ2_194	olaTTNIg74_196	34.177	79	50	1	11	87	11	89	1.28e-12	50.1
TTNZ2_194	olaTTNIg88_193	27.778	90	65	0	2	91	1	90	1.91e-12	49.7
TTNZ2_194	olaTTNIg117_196	27.778	90	65	0	2	91	2	91	2.85e-12	49.3
TTNZ2_194	olaTTNIg98_196	28.090	89	61	1	1	89	6	91	5.32e-12	48.5
TTNZ2_194	olaTTNIg8_195	30.526	95	64	1	2	94	1	95	6.53e-12	48.5
TTNZ2_194	olaTTNIg36_194	30.435	92	63	1	2	92	2	93	8.19e-12	48.1
TTNZ2_194	olaTTNIg91_193	27.778	90	65	0	2	91	1	90	1.06e-11	47.8
TTNZ2_194	olaTTNIg107_194	32.099	81	53	1	13	93	15	93	1.21e-11	47.8
TTNZ2_194	olaTTNIg73_197	31.461	89	58	1	1	86	1	89	1.48e-11	47.4
TTNZ2_194	olaTTNIg22_193	34.043	94	61	1	1	94	1	93	1.82e-11	47.4
TTNZ2_194	olaTTNIg25_194	31.522	92	62	1	1	91	1	92	2.25e-11	47.0
TTNZ2_194	olaTTNIg113_197	32.979	94	60	1	1	91	1	94	3.04e-11	46.6
TTNZ2_194	olaTTNIg33_195	27.473	91	66	0	1	91	1	91	3.85e-11	46.2
TTNZ2_194	olaTTNIg64_193	26.087	92	68	0	2	93	1	92	5.75e-11	45.8
TTNZ2_194	olaTTNIg87_194	33.803	71	45	1	11	81	13	81	7.59e-11	45.4
TTNZ2_194	olaTTNIg72_197	27.586	87	60	1	1	84	1	87	8.07e-11	45.4
TTNZ2_194	olaTTNIg101_195	31.034	87	57	2	6	92	8	91	8.82e-11	45.4
TTNZ2_194	olaTTNIg38_193	27.473	91	66	0	1	91	1	91	9.03e-11	45.4
TTNZ2_194	olaTTNIg63_197	30.435	92	61	1	1	89	1	92	1.32e-10	45.1
TTNZ2_194	olaTTNIg40_194	29.670	91	64	0	2	92	1	91	2.47e-10	44.3
TTNZ2_194	olaTTNIg27_192	31.111	90	62	0	2	91	1	90	2.48e-10	44.3
TTNZ2_194	olaTTNIg7_195	28.421	95	66	1	2	94	1	95	2.84e-10	44.3
TTNZ2_194	olaTTNIg81_193	28.395	81	55	1	5	85	7	84	4.81e-10	43.5
TTNZ2_194	olaTTNIg43_297	28.571	91	63	2	4	93	5	94	7.75e-10	43.1
TTNZ2_194	olaTTNIg4_195	26.374	91	65	1	2	90	2	92	8.37e-10	42.7
TTNZ2_194	olaTTNIg66_196	33.333	75	49	1	11	85	14	87	8.91e-10	42.7
TTNZ2_194	olaTTNIg95_197	27.586	87	60	1	1	84	1	87	9.79e-10	42.7
TTNZ2_194	olaTTNIg32_194	29.032	93	65	1	1	92	1	93	1.08e-09	42.7
TTNZ2_194	olaTTNIg50_192	24.731	93	65	2	1	93	1	88	1.36e-09	42.4
TTNZ2_194	olaTTNIg67_1104	25.926	81	53	1	10	83	13	93	1.49e-09	42.4
TTNZ2_194	olaTTNIg77_197	30.120	83	56	1	9	91	12	92	2.20e-09	42.0
TTNZ3_195	olaTTNIg3_195	70.213	94	28	0	2	95	2	95	1.27e-51	149
TTNZ3_195	olaTTNIg2_194	41.304	92	54	0	1	92	1	92	3.03e-23	77.4
TTNZ3_195	olaTTNIg21_195	32.632	95	64	0	1	95	1	95	1.08e-17	63.2
TTNZ3_195	olaTTNIg1_196	37.634	93	54	2	2	91	2	93	2.39e-17	62.4
TTNZ3_195	olaTTNIg40_194	35.227	88	57	0	8	95	7	94	3.02e-17	62.0
TTNZ3_195	olaTTNIg39_194	35.000	80	50	1	16	95	17	94	1.39e-16	60.5
TTNZ3_195	olaTTNIg5_198	31.579	95	64	1	1	94	1	95	2.08e-16	60.1
TTNZ3_195	olaTTNIg110_194	33.684	95	59	2	2	93	1	94	2.53e-15	57.0
TTNZ3_195	olaTTNIg108_193	29.032	93	66	0	2	94	1	93	2.58e-15	57.0
TTNZ3_195	olaTTNIg36_194	32.609	92	61	1	2	92	2	93	5.95e-15	56.2
TTNZ3_195	olaTTNIg32_194	30.108	93	64	1	1	92	1	93	1.91e-14	55.1
TTNZ3_195	olaTTNIg30_194	31.183	93	63	1	1	92	1	93	2.11e-14	54.7
TTNZ3_195	olaTTNIg89_196	27.027	74	54	0	9	82	11	84	3.09e-14	54.3
TTNZ3_195	olaTTNIg95_197	28.723	94	62	2	1	89	1	94	3.27e-14	54.3
TTNZ3_195	olaTTNIg83_195	26.829	82	59	1	1	81	1	82	7.91e-14	53.1
TTNZ3_195	olaTTNIg9_193	29.787	94	65	1	2	95	1	93	8.24e-14	53.1
TTNZ3_195	olaTTNIg34_193	30.769	91	63	0	2	92	2	92	8.51e-14	53.1
TTNZ3_195	olaTTNIg29_192	30.851	94	63	1	2	95	1	92	1.01e-13	53.1
TTNZ3_195	olaTTNIg4_195	32.911	79	51	1	13	89	13	91	5.02e-13	51.2
TTNZ3_195	olaTTNIg101_195	31.765	85	57	1	8	92	10	93	5.18e-13	51.2
TTNZ3_195	olaTTNIg22_193	30.769	91	62	1	1	91	1	90	5.35e-13	51.2
TTNZ3_195	olaTTNIg24_194	28.723	94	67	0	2	95	1	94	1.01e-12	50.4
TTNZ3_195	olaTTNIg23_194	27.660	94	68	0	2	95	1	94	1.16e-12	50.4
TTNZ3_195	olaTTNIg74_196	30.108	93	62	2	2	91	1	93	1.77e-12	50.1
TTNZ3_195	olaTTNIg10_194	29.348	92	64	1	2	92	2	93	1.89e-12	49.7
TTNZ3_195	olaTTNIg41_196	31.034	87	59	1	10	95	10	96	2.58e-12	49.3
TTNZ3_195	olaTTNIg7_195	29.787	94	64	1	2	93	1	94	4.78e-12	48.9
TTNZ3_195	olaTTNIg112_198	32.941	85	56	1	8	91	11	95	4.88e-12	48.9
TTNZ3_195	olaTTNIg38_193	24.176	91	69	0	1	91	1	91	4.94e-12	48.5
TTNZ3_195	olaTTNIg94_193	26.250	80	59	0	12	91	11	90	1.58e-11	47.4
TTNZ3_195	olaTTNIg103_196	30.952	84	56	1	1	82	1	84	2.32e-11	47.0
TTNZ3_195	olaTTNIg116_195	28.421	95	68	0	1	95	1	95	2.40e-11	47.0
TTNZ3_195	olaTTNIg6_195	30.488	82	56	1	15	95	14	95	4.38e-11	46.2
TTNZ3_195	olaTTNIg14_188	30.337	89	58	1	4	92	4	88	5.82e-11	45.8
TTNZ3_195	olaTTNIg117_196	31.250	80	55	0	12	91	12	91	1.43e-10	45.1
TTNZ3_195	olaTTNIg70_195	27.174	92	66	1	1	91	1	92	1.62e-10	44.7
TTNZ3_195	olaTTNIg87_194	32.941	85	53	2	9	93	11	91	2.27e-10	44.3
TTNZ3_195	olaTTNIg113_197	30.851	94	62	2	1	91	1	94	3.08e-10	44.3
TTNZ3_195	olaTTNIg71_194	30.263	76	51	2	16	91	18	91	3.16e-10	43.9
TTNZ3_195	olaTTNIg115_194	27.778	90	65	0	2	91	2	91	3.23e-10	43.9
TTNZ3_195	olaTTNIg33_195	27.160	81	59	0	1	81	1	81	3.44e-10	43.9
TTNZ3_195	olaTTNIg77_197	30.120	83	58	0	9	91	12	94	3.98e-10	43.9
TTNZ3_195	olaTTNIg76_192	24.675	77	58	0	16	92	14	90	5.30e-10	43.5
TTNZ3_195	olaTTNIg73_197	27.381	84	58	1	1	81	1	84	5.72e-10	43.5
TTNZ3_195	olaTTNIg35_193	26.087	92	68	0	1	92	1	92	6.08e-10	43.1
TTNZ3_195	olaTTNIg91_193	28.767	73	52	0	12	84	11	83	6.77e-10	43.1
TTNZ3_195	olaTTNIg37_193	23.913	92	70	0	1	92	1	92	9.04e-10	42.7
TTNZ3_195	olaTTNIg42_192	30.137	73	50	1	1	72	3	75	9.06e-10	42.7
TTNZ3_195	olaTTNIg31_193	24.419	86	65	0	1	86	1	86	1.07e-09	42.7
TTNZ3_195	olaTTNIg106_196	25.000	76	57	0	9	84	11	86	1.38e-09	42.4
TTNZ4_195	olaTTNIg4_195	76.596	94	22	0	1	94	1	94	3.74e-54	155
TTNZ4_195	olaTTNIg6_195	31.915	94	63	1	2	95	1	93	1.64e-16	60.1
TTNZ4_195	olaTTNIg3_195	30.435	92	62	1	1	92	1	90	1.53e-14	55.1
TTNZ4_195	olaTTNIg41_196	33.333	90	57	2	3	91	3	90	4.23e-14	53.9
TTNZ4_195	olaTTNIg10_194	34.737	95	61	1	1	95	1	94	1.53e-13	52.8
TTNZ4_195	olaTTNIg113_197	35.065	77	49	1	16	91	16	92	2.07e-13	52.4
TTNZ4_195	olaTTNIg117_196	34.409	93	55	2	1	91	1	89	3.16e-13	52.0
TTNZ4_195	olaTTNIg21_195	32.927	82	53	1	11	92	11	90	5.77e-13	51.2
TTNZ4_195	olaTTNIg73_197	31.579	76	49	2	14	88	16	89	2.45e-11	47.0
TTNZ4_195	olaTTNIg5_198	30.108	93	64	1	2	94	2	93	3.00e-11	46.6
TTNZ4_195	olaTTNIg116_195	29.545	88	60	1	4	91	4	89	3.17e-11	46.6
TTNZ4_195	olaTTNIg1_196	31.915	94	60	3	1	92	1	92	1.00e-10	45.4
TTNZ4_195	olaTTNIg33_195	31.579	76	50	1	16	91	16	89	1.06e-10	45.4
TTNZ4_195	olaTTNIg9_193	31.111	90	59	1	2	91	1	87	1.07e-10	45.1
TTNZ4_195	olaTTNIg104_198	28.947	76	52	1	16	91	20	93	4.23e-10	43.9
TTNZ4_195	olaTTNIg36_194	25.000	92	66	2	1	91	1	90	1.27e-09	42.4
TTNZ4_195	olaTTNIg85_194	33.333	66	42	1	27	92	27	90	1.99e-09	42.0
TTNZ4_195	olaTTNIg2_194	26.087	92	64	2	2	92	2	90	2.17e-09	42.0
TTNZ4_195	olaTTNIg108_193	30.000	80	54	1	16	95	15	92	3.16e-09	41.6
TTNZ4_195	olaTTNIg87_194	29.213	89	56	2	2	87	1	85	5.79e-09	40.8
TTNZ4_195	olaTTNIg31_193	30.682	88	59	1	2	89	2	87	6.89e-09	40.4
TTNZ4_195	olaTTNIg23_194	33.333	75	48	1	21	95	20	92	7.17e-09	40.4
TTNZ4_195	olaTTNIg115_194	25.275	91	66	1	1	91	1	89	1.05e-08	40.0
TTNZ4_195	olaTTNIg105_194	34.667	75	45	1	13	87	15	85	2.12e-08	39.3
TTNZ4_195	olaTTNIg63_197	32.877	73	47	1	16	88	19	89	8.99e-08	37.7
TTNZ4_195	olaTTNIg8_195	29.032	93	62	2	2	92	1	91	9.26e-08	37.7
TTNZ4_195	olaTTNIg27_192	26.667	90	64	2	2	91	1	88	1.02e-07	37.4
TTNZ4_195	olaTTNIg77_197	28.947	76	52	1	12	87	15	88	1.27e-07	37.4
TTNZ4_195	olaTTNIg28_194	30.108	93	58	2	2	91	2	90	1.30e-07	37.4
TTNZ4_195	olaTTNIg24_194	26.374	91	65	1	2	92	1	89	1.53e-07	37.0
TTNZ4_195	olaTTNIg13_189	39.655	58	31	2	35	92	34	87	2.36e-07	36.6
TTNZ4_195	olaTTNIg114_192	30.000	90	54	3	8	91	1	87	2.43e-07	36.6
TTNZ4_195	olaTTNIg44_197	33.750	80	48	3	16	94	22	97	2.56e-07	36.6
TTNZ4_195	olaTTNIg67_1104	25.333	75	51	1	15	84	18	92	3.04e-07	36.6
TTNZ4_195	olaTTNIg82_196	31.765	85	53	2	2	83	1	83	3.21e-07	36.2
TTNZ4_195	olaTTNIg95_197	26.667	75	52	2	13	86	15	87	4.07e-07	35.8
TTNZ4_195	olaTTNIg7_195	27.059	85	62	0	2	86	1	85	7.19e-07	35.4
TTNZ4_195	olaTTNIg94_193	28.571	77	53	2	16	92	15	89	7.26e-07	35.4
TTNZ4_195	olaTTNIg29_192	26.667	90	64	1	2	91	1	88	1.08e-06	34.7
TTNZ4_195	olaTTNIg83_195	26.761	71	50	1	13	83	14	82	1.62e-06	34.3
TTNZ4_195	olaTTNIg88_193	31.944	72	45	2	25	94	24	93	1.84e-06	34.3
TTNZ4_195	olaTTNIg91_193	29.412	68	46	1	25	92	24	89	1.93e-06	34.3
TTNZ4_195	olaTTNIg110_194	31.429	70	46	2	23	91	22	90	1.96e-06	34.3
TTNZ4_195	olaTTNIg37_193	28.889	90	62	1	2	91	2	89	2.02e-06	34.3
TTNZ4_195	olaTTNIg30_194	31.081	74	49	1	15	88	16	87	2.75e-06	33.9
TTNZ4_195	olaTTNIg34_193	30.108	93	61	3	1	92	1	90	3.01e-06	33.5
TTNZ4_195	olaTTNIg100_195	31.579	57	33	2	27	81	29	81	3.78e-06	33.5
TTNZ4_195	olaTTNIg81_193	24.658	73	50	1	16	88	18	85	5.47e-06	33.1
TTNZ4_195	olaTTNIg98_196	30.137	73	49	1	16	88	18	88	6.34e-06	32.7
TTNZ4_195	olaTTNIg57_188	29.032	93	57	4	1	92	1	85	7.01e-06	32.7
TTNZ5_193	olaTTNIg5_198	72.222	90	25	0	4	93	4	93	9.92e-54	154
TTNZ5_193	olaTTNIg1_196	32.967	91	58	2	4	92	4	93	6.44e-18	63.5
TTNZ5_193	olaTTNIg3_195	31.818	88	59	1	6	93	6	92	1.11e-15	58.2
TTNZ5_193	olaTTNIg2_194	29.670	91	61	2	4	93	4	92	1.08e-14	55.5
TTNZ5_193	olaTTNIg40_194	33.333	90	59	1	4	93	3	91	5.83e-14	53.5
TTNZ5_193	olaTTNIg9_193	34.146	82	52	1	12	93	11	90	8.59e-14	53.1
TTNZ5_193	olaTTNIg21_195	32.955	88	56	2	7	93	7	92	8.89e-14	53.1
TTNZ5_193	olaTTNIg36_194	33.333	93	58	3	3	93	3	93	8.98e-14	53.1
TTNZ5_193	olaTTNIg4_195	33.735	83	54	1	12	93	12	94	1.09e-13	52.8
TTNZ5_193	olaTTNIg108_193	39.241	79	45	2	16	93	15	91	1.10e-12	50.4
TTNZ5_193	olaTTNIg114_192	32.222	90	59	1	4	93	3	90	2.04e-12	49.7
TTNZ5_193	olaTTNIg34_193	33.333	75	49	1	18	92	18	91	4.34e-12	48.9
TTNZ5_193	olaTTNIg6_195	29.114	79	56	0	15	93	14	92	1.22e-11	47.8
TTNZ5_193	olaTTNIg115_194	27.632	76	54	1	7	82	7	81	1.43e-11	47.4
TTNZ5_193	olaTTNIg60_187	31.183	93	56	4	2	93	2	87	8.60e-11	45.4
TTNZ5_193	olaTTNIg43_297	29.670	91	59	4	4	92	5	92	1.06e-10	45.1
TTNZ5_193	olaTTNIg33_195	29.070	86	60	1	7	92	7	91	1.17e-10	45.1
TTNZ5_193	olaTTNIg110_194	29.070	86	59	2	3	87	2	86	1.25e-10	45.1
TTNZ5_193	olaTTNIg24_194	30.769	91	60	2	4	93	3	91	1.51e-10	44.7
TTNZ5_193	olaTTNIg30_194	30.435	92	62	2	3	93	3	93	4.51e-10	43.5
TTNZ5_193	olaTTNIg72_197	32.895	76	50	1	8	83	11	85	7.04e-10	43.1
TTNZ5_193	olaTTNIg7_195	28.571	91	64	1	4	93	3	93	1.53e-09	42.4
TTNZ5_193	olaTTNIg23_194	28.736	87	61	1	7	93	6	91	2.18e-09	42.0
TTNZ5_193	olaTTNIg27_192	29.213	89	62	1	4	92	3	90	2.46e-09	41.6
TTNZ5_193	olaTTNIg77_197	27.381	84	60	1	9	92	12	94	4.15e-09	41.2
TTNZ5_193	olaTTNIg25_194	29.213	89	63	0	4	92	4	92	8.46e-09	40.4
TTNZ5_193	olaTTNIg32_194	28.571	91	63	2	4	93	4	93	1.46e-08	39.7
TTNZ5_193	olaTTNIg39_194	31.169	77	52	1	16	92	17	92	1.76e-08	39.3
TTNZ5_193	olaTTNIg44_197	31.250	96	56	5	4	93	6	97	1.96e-08	39.3
TTNZ5_193	olaTTNIg10_194	26.437	87	64	0	7	93	7	93	2.07e-08	39.3
TTNZ5_193	olaTTNIg38_193	26.374	91	64	3	3	92	3	91	2.12e-08	39.3
TTNZ5_193	olaTTNIg41_196	30.588	85	55	3	10	92	10	92	3.32e-08	38.9
TTNZ5_193	olaTTNIg19_391	29.851	67	45	2	8	74	8	72	5.31e-08	38.1
TTNZ5_193	olaTTNIg59_189	30.769	91	53	4	4	92	4	86	7.39e-08	37.7
TTNZ5_193	olaTTNIg95_197	32.836	67	44	1	16	82	19	84	1.14e-07	37.4
TTNZ5_193	olaTTNIg113_197	27.473	91	64	1	4	92	4	94	1.76e-07	37.0
TTNZ5_193	olaTTNIg64_193	27.778	90	62	2	4	93	3	89	4.28e-07	35.8
TTNZ5_193	olaTTNIg82_196	27.536	69	49	1	16	84	18	85	4.64e-07	35.8
TTNZ5_193	olaTTNIg67_1104	26.744	86	57	2	13	92	16	101	5.08e-07	35.8
TTNZ5_193	olaTTNIg35_193	25.275	91	67	1	3	93	3	92	5.34e-07	35.4
TTNZ5_193	olaTTNIg116_195	30.000	70	48	1	13	82	13	81	1.03e-06	34.7
TTNZ5_193	olaTTNIg117_196	29.885	87	54	3	9	93	9	90	1.28e-06	34.7
TTNZ5_193	olaTTNIg17_290	24.359	78	56	2	8	84	9	84	1.29e-06	34.7
TTNZ5_193	olaTTNIg66_196	27.473	91	61	3	4	92	6	93	1.54e-06	34.3
TTNZ5_193	olaTTNIg98_196	28.571	77	54	1	16	92	18	93	1.57e-06	34.3
TTNZ5_193	olaTTNIg103_196	30.000	80	53	2	6	83	6	84	1.79e-06	34.3
TTNZ5_193	olaTTNIg55_190	27.660	47	33	1	4	50	6	51	1.83e-06	34.3
TTNZ5_193	olaTTNIg73_197	27.536	69	49	1	16	84	19	86	2.12e-06	33.9
TTNZ5_193	olaTTNIg97_197	32.394	71	43	2	16	84	19	86	3.16e-06	33.5
TTNZ5_193	olaTTNIg89_196	26.190	84	61	1	9	92	11	93	4.09e-06	33.1
TTNZ6_195	olaTTNIg6_195	80.000	95	19	0	1	95	1	95	2.09e-59	168
TTNZ6_195	olaTTNIg4_195	35.484	93	59	1	1	92	2	94	1.06e-14	55.5
TTNZ6_195	olaTTNIg108_193	35.802	81	49	2	15	94	15	93	1.12e-14	55.5
TTNZ6_195	olaTTNIg9_193	34.737	95	60	1	1	95	1	93	1.68e-14	55.1
TTNZ6_195	olaTTNIg5_198	32.609	92	62	0	1	92	2	93	1.78e-14	55.1
TTNZ6_195	olaTTNIg1_196	35.106	94	60	1	1	93	2	95	1.27e-13	52.8
TTNZ6_195	olaTTNIg113_197	33.333	93	60	1	1	91	2	94	4.22e-13	51.6
TTNZ6_195	olaTTNIg33_195	31.183	93	58	3	1	88	1	92	5.47e-13	51.2
TTNZ6_195	olaTTNIg115_194	31.868	91	61	1	1	91	2	91	9.28e-13	50.4
TTNZ6_195	olaTTNIg116_195	31.183	93	61	2	4	95	5	95	5.21e-12	48.5
TTNZ6_195	olaTTNIg21_195	29.762	84	56	2	13	95	14	95	6.82e-12	48.5
TTNZ6_195	olaTTNIg23_194	35.366	82	50	2	15	95	15	94	8.83e-12	48.1
TTNZ6_195	olaTTNIg2_194	27.957	93	66	1	1	93	2	93	2.00e-11	47.0
TTNZ6_195	olaTTNIg114_192	32.609	92	60	1	1	92	1	90	7.44e-11	45.4
TTNZ6_195	olaTTNIg117_196	25.532	94	69	1	1	94	2	94	1.24e-10	45.1
TTNZ6_195	olaTTNIg36_194	31.818	88	56	3	1	86	2	87	1.28e-10	45.1
TTNZ6_195	olaTTNIg105_194	32.099	81	51	2	12	91	14	91	1.57e-10	44.7
TTNZ6_195	olaTTNIg10_194	32.911	79	53	0	15	93	16	94	2.19e-10	44.3
TTNZ6_195	olaTTNIg3_195	30.488	82	56	1	14	95	15	95	2.34e-10	44.3
TTNZ6_195	olaTTNIg106_196	33.735	83	44	3	8	81	3	83	2.89e-10	44.3
TTNZ6_195	olaTTNIg95_197	28.767	73	51	1	15	87	19	90	6.87e-10	43.1
TTNZ6_195	olaTTNIg27_192	30.769	91	62	1	1	91	1	90	1.32e-09	42.4
TTNZ6_195	olaTTNIg110_194	34.615	78	48	2	17	92	17	93	2.15e-09	42.0
TTNZ6_195	olaTTNIg72_197	29.870	77	53	1	15	91	19	94	3.41e-09	41.6
TTNZ6_195	olaTTNIg24_194	31.959	97	61	3	1	95	1	94	3.58e-09	41.2
TTNZ6_195	olaTTNIg89_196	26.389	72	50	2	15	85	18	87	9.71e-09	40.0
TTNZ6_195	olaTTNIg7_195	29.474	95	62	4	1	92	1	93	9.73e-09	40.0
TTNZ6_195	olaTTNIg76_192	24.719	89	64	2	4	91	3	89	1.20e-08	40.0
TTNZ6_195	olaTTNIg91_193	27.027	74	51	2	9	81	9	80	2.25e-08	39.3
TTNZ6_195	olaTTNIg73_197	27.273	77	55	1	15	91	19	94	2.36e-08	39.3
TTNZ6_195	olaTTNIg83_195	31.343	67	45	1	15	81	17	82	3.01e-08	38.9
TTNZ6_195	olaTTNIg98_196	24.658	73	54	1	15	87	18	89	3.63e-08	38.9
TTNZ6_195	olaTTNIg79_197	23.077	78	60	0	14	91	17	94	6.07e-08	38.1
TTNZ6_195	olaTTNIg101_195	25.263	95	66	2	1	92	1	93	1.02e-07	37.4
TTNZ6_195	olaTTNIg87_194	28.750	80	54	1	12	91	15	91	1.93e-07	37.0
TTNZ6_195	olaTTNIg39_194	27.174	92	65	2	1	91	2	92	3.96e-07	35.8
TTNZ6_195	olaTTNIg97_197	31.646	79	49	2	15	91	19	94	4.77e-07	35.8
TTNZ6_195	olaTTNnewIg_1104	28.409	88	55	4	12	91	15	102	9.16e-07	35.0
TTNZ6_195	olaTTNIg107_194	27.273	77	53	2	15	91	18	91	9.61e-07	35.0
TTNZ6_195	olaTTNIg44_197	35.484	62	37	2	32	92	38	97	1.41e-06	34.7
TTNZ6_195	olaTTNIg66_196	27.119	59	39	2	24	81	28	83	1.75e-06	34.3
TTNZ6_195	olaTTNIg38_193	28.261	92	63	3	1	91	2	91	1.89e-06	34.3
TTNZ6_195	olaTTNIg81_193	24.324	74	50	2	15	87	18	86	1.98e-06	34.3
TTNZ6_195	olaTTNIg41_196	27.660	94	66	2	3	95	4	96	2.27e-06	33.9
TTNZ6_195	olaTTNIg103_196	25.000	80	59	1	12	91	15	93	3.21e-06	33.5
TTNZ6_195	olaTTNIg90_195	33.333	69	39	3	15	81	19	82	3.90e-06	33.5
TTNZ6_195	olaTTNIg85_194	24.419	86	58	2	9	91	10	91	4.41e-06	33.1
TTNZ6_195	olaTTNIg35_193	29.032	93	63	2	1	92	2	92	4.82e-06	33.1
TTNZ6_195	olaTTNIg22_193	29.114	79	54	2	14	92	15	91	4.98e-06	33.1
TTNZ6_195	olaTTNIg54_189	34.177	79	43	4	7	78	2	78	6.05e-06	32.7
TTNZ7_195	olaTTNIg7_195	71.579	95	27	0	1	95	1	95	2.06e-51	148
TTNZ7_195	olaTTNIg1_196	26.316	95	70	0	1	95	2	96	8.95e-16	58.2
TTNZ7_195	olaTTNIg3_195	31.959	97	58	2	1	94	2	93	2.32e-15	57.4
TTNZ7_195	olaTTNIg36_194	32.632	95	59	3	1	94	2	92	2.37e-12	49.7
TTNZ7_195	olaTTNIg25_194	29.070	86	60	1	1	86	2	86	6.67e-12	48.5
TTNZ7_195	olaTTNIg2_194	26.316	95	68	1	1	95	2	94	3.98e-11	46.2
TTNZ7_195	olaTTNIg6_195	29.032	93	65	1	1	93	1	92	5.43e-11	46.2
TTNZ7_195	olaTTNIg63_197	28.571	91	63	2	2	92	6	94	7.81e-11	45.8
TTNZ7_195	olaTTNIg30_194	27.660	94	65	2	1	93	2	93	4.04e-10	43.9
TTNZ7_195	olaTTNIg114_192	29.474	95	62	3	1	95	1	90	5.24e-10	43.5
TTNZ7_195	olaTTNIg40_194	28.723	94	65	1	1	94	1	92	1.24e-09	42.4
TTNZ7_195	olaTTNIg5_198	31.915	94	61	2	1	93	2	93	1.56e-09	42.4
TTNZ7_195	olaTTNIg33_195	30.108	93	59	4	3	94	4	91	2.28e-09	42.0
TTNZ7_195	olaTTNIg110_194	30.526	95	64	2	1	94	1	94	7.02e-09	40.4
TTNZ7_195	olaTTNIg4_195	27.381	84	59	2	1	83	2	84	8.04e-09	40.4
TTNZ7_195	olaTTNIg74_196	29.032	93	65	1	1	92	1	93	2.25e-08	39.3
TTNZ7_195	olaTTNIg105_194	29.070	86	55	2	8	92	11	91	3.08e-08	38.9
TTNZ7_195	olaTTNIg115_194	24.390	82	60	1	1	82	2	81	7.84e-08	37.7
TTNZ7_195	olaTTNIg34_193	26.087	92	66	1	1	92	2	91	7.96e-08	37.7
TTNZ7_195	olaTTNIg87_194	36.000	75	44	2	8	82	11	81	9.20e-08	37.7
TTNZ7_195	olaTTNIg90_195	28.395	81	54	1	2	82	6	82	9.56e-08	37.7
TTNZ7_195	olaTTNIg38_193	26.596	94	65	3	1	94	2	91	1.22e-07	37.4
TTNZ7_195	olaTTNIg113_197	28.125	96	62	2	1	92	2	94	1.29e-07	37.4
TTNZ7_195	olaTTNIg100_195	29.268	82	54	2	10	90	13	91	1.52e-07	37.0
TTNZ7_195	olaTTNIg21_195	22.340	94	71	1	1	94	2	93	1.88e-07	37.0
TTNZ7_195	olaTTNIg82_196	32.000	75	49	1	8	82	11	83	2.10e-07	36.6
TTNZ7_195	olaTTNIg108_193	30.682	88	57	3	1	87	1	85	2.22e-07	36.6
TTNZ7_195	olaTTNIg23_194	20.000	95	74	1	1	95	1	93	2.36e-07	36.6
TTNZ7_195	olaTTNIg41_196	27.174	92	64	2	2	92	3	92	2.83e-07	36.6
TTNZ7_195	olaTTNIg17_290	32.184	87	53	2	7	93	9	89	2.94e-07	36.2
TTNZ7_195	olaTTNIg101_195	26.966	89	62	2	5	93	8	93	3.00e-07	36.2
TTNZ7_195	olaTTNIg66_196	27.473	91	62	2	3	92	6	93	5.27e-07	35.8
TTNZ7_195	olaTTNIg32_194	22.581	93	71	1	1	93	2	93	6.37e-07	35.4
TTNZ7_195	olaTTNIg81_193	23.596	89	63	1	4	92	7	90	7.11e-07	35.4
TTNZ7_195	olaTTNIg77_197	25.882	85	61	1	8	92	12	94	7.12e-07	35.4
TTNZ7_195	olaTTNIg72_197	26.667	90	62	2	4	92	8	94	8.69e-07	35.0
TTNZ7_195	olaTTNIg89_196	25.882	85	61	1	8	92	11	93	1.22e-06	34.7
TTNZ7_195	olaTTNIg111_1101	26.582	79	55	2	15	92	22	98	2.18e-06	34.3
TTNZ7_195	olaTTNIg98_196	25.000	88	64	1	5	92	8	93	4.13e-06	33.5
TTNZ7_195	olaTTNIg27_192	24.468	94	67	2	1	94	1	90	4.70e-06	33.1
TTNZ7_195	olaTTNIg95_197	29.762	84	57	1	2	85	6	87	4.80e-06	33.1
TTNZ7_195	olaTTNIg117_196	25.532	94	66	2	1	93	2	92	5.20e-06	33.1
TTNZ7_195	olaTTNIg64_193	27.059	85	60	1	8	92	8	90	6.88e-06	32.7
TTNZ7_195	olaTTNIg71_194	28.986	69	45	1	15	83	18	82	7.60e-06	32.7
TTNZ7_195	olaTTNIg97_197	28.767	73	50	1	10	82	14	84	9.18e-06	32.3
TTNZ8_195	olaTTNIg8_195	86.316	95	13	0	1	95	1	95	8.50e-64	179
TTNZ8_195	olaTTNIg27_192	31.915	94	62	1	1	94	1	92	2.24e-16	59.7
TTNZ8_195	olaTTNIg23_194	33.333	93	60	1	1	93	1	91	5.80e-12	48.5
TTNZ8_195	olaTTNIg110_194	30.526	95	62	2	1	93	1	93	1.70e-11	47.4
TTNZ8_195	olaTTNIg36_194	28.421	95	65	2	1	94	2	94	2.09e-11	47.0
TTNZ8_195	olaTTNIg3_195	35.135	74	46	1	20	93	21	92	2.25e-11	47.0
TTNZ8_195	olaTTNIg108_193	26.882	93	66	1	1	93	1	91	2.56e-11	47.0
TTNZ8_195	olaTTNIg4_195	28.125	96	65	2	1	94	2	95	1.69e-10	44.7
TTNZ8_195	olaTTNIg29_192	26.596	94	67	1	1	94	1	92	9.66e-10	42.7
TTNZ8_195	olaTTNIg40_194	26.882	93	66	1	1	93	1	91	1.15e-09	42.7
TTNZ8_195	olaTTNIg114_192	29.592	98	56	4	1	93	1	90	3.64e-09	41.2
TTNZ8_195	olaTTNIg34_193	28.723	94	65	1	1	94	2	93	5.45e-09	40.8
TTNZ8_195	olaTTNIg1_196	29.897	97	64	2	1	95	2	96	9.30e-09	40.4
TTNZ8_195	olaTTNIg30_194	25.532	94	69	1	1	94	2	94	1.20e-08	40.0
TTNZ8_195	olaTTNIg88_193	29.412	68	48	0	28	95	26	93	3.37e-08	38.9
TTNZ8_195	olaTTNIg31_193	28.421	95	65	2	1	95	2	93	4.21e-08	38.5
TTNZ8_195	olaTTNIg5_198	26.596	94	66	2	1	93	2	93	1.80e-07	37.0
TTNZ8_195	olaTTNIg117_196	30.000	90	59	2	1	90	2	87	1.89e-07	37.0
TTNZ8_195	olaTTNIg91_193	24.638	69	52	0	27	95	25	93	5.76e-07	35.4
TTNZ8_195	olaTTNIg25_194	27.957	93	64	2	1	92	2	92	6.50e-07	35.4
TTNZ8_195	olaTTNIg24_194	21.505	93	71	1	1	93	1	91	6.93e-07	35.4
TTNZ8_195	olaTTNIg41_196	25.000	92	66	2	2	92	3	92	1.53e-06	34.7
TTNZ8_195	olaTTNIg38_193	26.596	94	67	1	1	94	2	93	2.10e-06	33.9
TTNZ8_195	olaTTNIg21_195	28.788	66	47	0	28	93	27	92	3.37e-06	33.5
TTNZ8_195	olaTTNIg10_194	26.316	95	65	3	1	93	2	93	4.55e-06	33.1
TTNZ8_195	olaTTNIg33_195	24.444	90	66	1	5	94	6	93	4.57e-06	33.1
TTNZ8_195	olaTTNIg115_194	29.412	68	44	2	30	95	29	94	6.23e-06	32.7
TTNZ9_193	olaTTNIg9_193	77.419	93	21	0	1	93	1	93	3.25e-53	152
TTNZ9_193	olaTTNIg6_195	31.579	95	63	1	1	93	1	95	7.01e-16	58.5
TTNZ9_193	olaTTNIg116_195	34.043	94	57	2	3	93	4	95	1.54e-13	52.4
TTNZ9_193	olaTTNIg36_194	34.568	81	51	2	1	79	2	82	3.25e-13	51.6
TTNZ9_193	olaTTNIg53_190	39.706	68	39	2	10	76	13	79	5.63e-13	50.8
TTNZ9_193	olaTTNIg3_195	28.723	94	66	1	1	93	2	95	5.77e-13	51.2
TTNZ9_193	olaTTNIg115_194	30.000	90	62	1	1	89	2	91	8.06e-13	50.8
TTNZ9_193	olaTTNIg21_195	30.851	94	64	1	1	93	2	95	1.70e-12	49.7
TTNZ9_193	olaTTNIg24_194	28.736	87	61	1	8	93	8	94	2.46e-11	47.0
TTNZ9_193	olaTTNIg1_196	29.412	85	57	1	8	89	9	93	3.32e-11	46.6
TTNZ9_193	olaTTNIg5_198	28.261	92	64	1	1	90	2	93	6.58e-11	45.8
TTNZ9_193	olaTTNIg23_194	28.723	94	66	1	1	93	1	94	6.97e-11	45.8
TTNZ9_193	olaTTNIg108_193	33.803	71	46	1	15	84	15	85	7.53e-11	45.4
TTNZ9_193	olaTTNIg72_197	31.507	73	49	1	8	79	12	84	2.66e-10	44.3
TTNZ9_193	olaTTNIg2_194	28.571	91	64	1	1	90	2	92	3.34e-10	43.9
TTNZ9_193	olaTTNIg106_196	28.571	84	59	1	10	92	13	96	7.21e-10	43.1
TTNZ9_193	olaTTNIg22_193	27.778	90	63	2	1	89	2	90	9.78e-10	42.7
TTNZ9_193	olaTTNIg91_193	26.882	93	67	1	1	92	1	93	1.08e-09	42.7
TTNZ9_193	olaTTNIg83_195	26.582	79	57	1	15	92	17	95	1.77e-09	42.0
TTNZ9_193	olaTTNIg4_195	26.596	94	58	2	1	87	2	91	2.24e-09	42.0
TTNZ9_193	olaTTNIg76_192	28.571	91	63	2	1	90	1	90	3.36e-09	41.2
TTNZ9_193	olaTTNIg10_194	28.205	78	54	1	15	90	16	93	5.40e-09	40.8
TTNZ9_193	olaTTNIg59_189	38.095	63	37	2	8	69	9	70	5.52e-09	40.8
TTNZ9_193	olaTTNIg27_192	27.059	85	59	2	9	91	9	92	6.44e-09	40.4
TTNZ9_193	olaTTNIg114_192	29.762	84	55	2	10	91	10	91	1.20e-08	39.7
TTNZ9_193	olaTTNIg55_190	31.884	69	43	2	1	66	1	68	1.31e-08	39.7
TTNZ9_193	olaTTNIg30_194	28.358	67	47	1	14	79	16	82	2.76e-08	38.9
TTNZ9_193	olaTTNIg42_192	31.148	61	40	2	14	72	17	77	3.16e-08	38.9
TTNZ9_193	olaTTNIg117_196	23.913	92	69	1	1	91	2	93	1.40e-07	37.0
TTNZ9_193	olaTTNIg95_197	32.468	77	51	1	4	79	8	84	1.47e-07	37.0
TTNZ9_193	olaTTNIg44_197	30.769	78	50	3	15	90	22	97	1.88e-07	37.0
TTNZ9_193	olaTTNIg41_196	27.778	90	61	3	7	93	8	96	2.82e-07	36.2
TTNZ9_193	olaTTNIg110_194	25.974	77	54	2	17	90	17	93	3.17e-07	36.2
TTNZ9_193	olaTTNIg33_195	24.359	78	58	1	3	79	4	81	3.81e-07	35.8
TTNZ9_193	olaTTNIg73_197	22.892	83	63	1	8	89	12	94	5.18e-07	35.8
TTNZ9_193	olaTTNIg40_194	24.138	87	65	1	8	93	8	94	6.10e-07	35.4
TTNZ9_193	olaTTNIg101_195	28.235	85	61	0	6	90	9	93	6.13e-07	35.4
TTNZ9_193	olaTTNIg64_193	25.000	80	59	1	1	79	1	80	8.50e-07	35.0
TTNZ9_193	olaTTNIg71_194	28.358	67	47	1	13	79	16	81	1.19e-06	34.7
TTNZ9_193	olaTTNIg98_196	25.773	97	66	3	1	92	1	96	1.40e-06	34.7
TTNZ9_193	olaTTNIg113_197	29.268	82	54	1	15	92	16	97	2.43e-06	33.9
TTNZ9_193	olaTTNIg80_196	27.586	87	55	2	11	89	7	93	2.99e-06	33.5
TTNZ9_193	olaTTNIg74_196	26.437	87	59	3	10	92	11	96	3.39e-06	33.5
TTNZ9_193	olaTTNIg104_198	24.719	89	66	1	2	89	7	95	4.26e-06	33.1
TTNZ9_193	olaTTNIg31_193	28.947	76	53	1	10	84	11	86	4.53e-06	33.1
TTNZ9_193	olaTTNIg47_188	34.426	61	38	2	10	69	12	71	4.56e-06	33.1
TTNZ9_193	olaTTNIg79_197	25.641	78	56	2	14	89	17	94	6.05e-06	32.7
TTNZ9_193	olaTTNIg29_192	25.000	92	68	1	1	91	1	92	6.25e-06	32.7
TTNZ9_193	olaTTNIg82_196	22.078	77	59	1	15	90	18	94	6.49e-06	32.7
TTNI1_194	olaTTNIg10_194	73.404	94	25	0	1	94	1	94	5.15e-51	147
TTNI1_194	olaTTNIg2_194	36.559	93	58	1	2	94	2	93	8.91e-17	60.8
TTNI1_194	olaTTNIg3_195	30.108	93	64	1	1	93	1	92	1.13e-14	55.5
TTNI1_194	olaTTNIg115_194	34.043	94	61	1	1	94	1	93	2.04e-14	54.7
TTNI1_194	olaTTNIg1_196	34.694	98	57	2	1	94	1	95	6.43e-13	50.8
TTNI1_194	olaTTNIg25_194	32.258	93	63	0	2	94	2	94	1.84e-11	47.4
TTNI1_194	olaTTNIg113_197	33.333	93	60	1	2	92	2	94	2.35e-11	47.0
TTNI1_194	olaTTNIg9_193	32.609	92	60	1	2	93	1	90	8.65e-11	45.4
TTNI1_194	olaTTNIg21_195	32.609	92	61	1	2	93	2	92	1.44e-10	45.1
TTNI1_194	olaTTNIg108_193	30.108	93	64	1	2	94	1	92	2.85e-10	44.3
TTNI1_194	olaTTNIg30_194	31.183	93	62	2	2	93	2	93	5.18e-10	43.5
TTNI1_194	olaTTNIg76_192	28.723	94	61	3	2	93	1	90	1.04e-09	42.7
TTNI1_194	olaTTNIg5_198	25.806	93	69	0	2	94	2	94	1.76e-09	42.0
TTNI1_194	olaTTNIg6_195	29.032	93	66	0	2	94	1	93	4.30e-09	41.2
TTNI1_194	olaTTNIg73_197	35.135	74	43	2	12	83	15	85	1.32e-08	40.0
TTNI1_194	olaTTNIg4_195	30.435	92	63	1	1	91	1	92	1.74e-08	39.7
TTNI1_194	olaTTNIg110_194	25.806	93	68	1	2	93	1	93	2.93e-08	38.9
TTNI1_194	olaTTNIg63_197	29.333	75	52	1	12	86	15	88	3.26e-08	38.9
TTNI1_194	olaTTNIg24_194	26.087	92	67	1	2	93	1	91	4.94e-08	38.1
TTNI1_194	olaTTNIg100_195	23.377	77	58	1	16	92	18	93	6.02e-08	38.1
TTNI1_194	olaTTNIg98_196	29.577	71	49	1	16	86	18	87	7.65e-08	37.7
TTNI1_194	olaTTNIg85_194	25.000	92	68	1	1	92	1	91	1.05e-07	37.4
TTNI1_194	olaTTNIg23_194	29.032	93	65	1	2	94	1	92	1.35e-07	37.4
TTNI1_194	olaTTNIg106_196	25.373	67	49	1	16	82	18	83	2.75e-07	36.6
TTNI1_194	olaTTNIg114_192	29.670	91	61	2	4	93	2	90	3.11e-07	36.2
TTNI1_194	olaTTNIg91_193	31.915	47	32	0	2	48	1	47	3.56e-07	36.2
TTNI1_194	olaTTNIg99_197	33.803	71	46	1	13	83	15	84	7.30e-07	35.4
TTNI1_194	olaTTNIg32_194	28.261	92	66	0	2	93	2	93	7.58e-07	35.0
TTNI1_194	olaTTNIg36_194	30.120	83	56	2	1	82	1	82	8.24e-07	35.0
TTNI1_194	olaTTNIg97_197	27.848	79	54	2	13	91	16	91	2.11e-06	34.3
TTNI1_194	olaTTNIg101_195	25.806	93	64	2	1	93	6	93	2.66e-06	33.9
TTNI1_194	olaTTNIg117_196	24.468	94	70	1	1	94	1	93	2.88e-06	33.9
TTNI1_194	olaTTNIg79_197	26.582	79	56	2	15	92	17	94	3.72e-06	33.5
TTNI1_194	olaTTNIg116_195	25.275	91	65	2	4	93	4	92	5.00e-06	33.1
TTNI1_194	olaTTNIg89_196	28.378	74	52	1	9	82	11	83	5.87e-06	32.7
TTNI1_194	olaTTNIg7_195	24.510	102	58	2	2	93	1	93	6.63e-06	32.7
TTNI1_194	olaTTNIg82_196	25.641	78	57	1	16	93	18	94	8.20e-06	32.3
TTNI2_191	olaTTNIg11_191	68.889	90	28	0	2	91	2	91	8.83e-47	136
TTNI2_191	olaTTNIg44_197	37.234	94	55	2	2	91	4	97	1.44e-17	62.8
TTNI2_191	olaTTNIg20_187	40.000	75	44	1	1	75	1	74	4.21e-16	58.9
TTNI2_191	olaTTNIg55_190	39.726	73	43	1	2	74	4	75	7.59e-14	53.1
TTNI2_191	olaTTNIg43_297	35.135	74	47	1	2	75	3	75	9.07e-14	53.1
TTNI2_191	olaTTNIg108_193	31.461	89	59	2	3	90	2	89	4.64e-13	51.2
TTNI2_191	olaTTNIg60_187	35.227	88	53	2	4	91	4	87	7.19e-13	50.4
TTNI2_191	olaTTNIg54_189	32.877	73	48	1	2	74	3	74	1.20e-11	47.4
TTNI2_191	olaTTNIg52_188	32.955	88	55	2	4	91	4	87	1.39e-11	47.4
TTNI2_191	olaTTNIg61_188	38.182	55	34	0	21	75	21	75	4.81e-11	45.8
TTNI2_191	olaTTNIg19_391	32.558	86	54	2	5	90	5	86	9.69e-11	45.1
TTNI2_191	olaTTNIg33_195	39.216	51	31	0	26	76	26	76	3.21e-10	43.9
TTNI2_191	olaTTNIg27_192	39.655	58	34	1	18	74	16	73	8.28e-10	42.7
TTNI2_191	olaTTNIg1_196	32.979	94	54	5	3	90	3	93	1.30e-09	42.4
TTNI2_191	olaTTNIg59_189	31.461	89	57	2	2	90	2	86	1.55e-09	42.0
TTNI2_191	olaTTNIg56_189	31.765	85	55	2	4	88	4	85	1.94e-09	41.6
TTNI2_191	olaTTNIg53_190	32.558	86	47	2	2	87	4	78	2.25e-09	41.6
TTNI2_191	olaTTNIg51_488	33.708	89	51	3	4	90	1	83	2.40e-09	41.6
TTNI2_191	olaTTNIg18_389	33.333	72	45	1	20	91	19	87	2.42e-09	41.6
TTNI2_191	olaTTNIg50_192	30.000	90	59	2	2	91	2	87	1.49e-08	39.7
TTNI2_191	olaTTNIg57_188	31.707	82	50	2	9	90	11	86	1.50e-08	39.3
TTNI2_191	olaTTNIg47_188	32.222	90	57	2	2	91	3	88	3.61e-08	38.5
TTNI2_191	olaTTNIg31_193	30.682	88	57	3	4	89	4	89	4.90e-08	38.1
TTNI2_191	olaTTNIg48_188	28.889	90	58	3	2	90	2	86	6.29e-08	37.7
TTNI2_191	olaTTNIg116_195	31.034	87	53	5	3	86	3	85	6.48e-08	37.7
TTNI2_191	olaTTNIg34_193	32.877	73	45	3	4	74	4	74	6.81e-08	37.7
TTNI2_191	olaTTNIg30_194	22.078	77	59	1	4	79	4	80	7.46e-08	37.7
TTNI2_191	olaTTNIg16_189	30.588	85	55	2	6	90	7	87	1.46e-07	37.0
TTNI2_191	olaTTNIg23_194	25.000	88	63	3	6	91	5	91	1.96e-07	36.6
TTNI2_191	olaTTNIg46_189	33.333	87	54	2	4	90	5	87	2.67e-07	36.2
TTNI2_191	olaTTNIg5_198	41.935	31	17	1	21	50	20	50	2.85e-07	36.2
TTNI2_191	olaTTNIg9_193	30.556	72	45	4	15	85	14	81	4.36e-07	35.8
TTNI2_191	olaTTNIg22_193	27.941	68	48	1	8	75	8	74	6.80e-07	35.0
TTNI2_191	olaTTNIg36_194	26.415	53	39	0	29	81	30	82	1.03e-06	34.7
TTNI2_191	olaTTNIg42_192	26.316	76	53	2	2	75	4	78	2.28e-06	33.9
TTNI2_191	olaTTNIg17_290	31.507	73	46	2	20	91	20	89	2.57e-06	33.5
TTNI2_191	olaTTNIg35_193	29.670	91	61	3	2	91	4	92	2.77e-06	33.5
TTNI2_191	olaTTNIg49_187	31.818	88	55	3	4	91	4	86	3.42e-06	33.1
TTNI2_191	olaTTNIg15_187	35.714	42	27	0	21	62	20	61	8.96e-06	32.0
TTNI3_187	olaTTNIg12_189	51.163	86	42	0	2	87	3	88	2.48e-31	97.4
TTNI3_187	olaTTNIg43_297	38.356	73	45	0	2	74	3	75	2.69e-17	62.0
TTNI3_187	olaTTNIg19_391	32.911	79	53	0	6	84	6	84	1.26e-14	55.1
TTNI3_187	olaTTNIg57_188	33.333	84	56	0	1	84	1	84	2.35e-13	51.6
TTNI3_187	olaTTNIg54_189	32.941	85	57	0	2	86	3	87	6.64e-13	50.4
TTNI3_187	olaTTNIg55_190	35.714	70	45	0	2	71	4	73	2.60e-12	48.9
TTNI3_187	olaTTNIg20_187	33.784	74	49	0	1	74	1	74	8.01e-12	47.8
TTNI3_187	olaTTNIg47_188	27.711	83	60	0	4	86	5	87	2.03e-11	46.6
TTNI3_187	olaTTNIg13_189	27.059	85	62	0	2	86	2	86	2.21e-11	46.6
TTNI3_187	olaTTNIg22_193	29.577	71	50	0	4	74	4	74	1.20e-10	44.7
TTNI3_187	olaTTNIg44_197	31.868	91	56	2	2	86	4	94	1.33e-10	44.7
TTNI3_187	olaTTNIg59_189	27.711	83	60	0	2	84	2	84	9.40e-10	42.4
TTNI3_187	olaTTNIg56_189	29.885	87	60	1	1	86	1	87	1.00e-09	42.4
TTNI3_187	olaTTNIg16_189	31.325	83	53	2	6	86	7	87	3.18e-09	41.2
TTNI3_187	olaTTNIg14_188	25.287	87	64	1	2	87	2	88	3.27e-09	40.8
TTNI3_187	olaTTNIg30_194	34.722	72	43	3	4	72	4	74	5.46e-09	40.4
TTNI3_187	olaTTNIg61_188	28.235	85	61	0	2	86	3	87	6.87e-09	40.0
TTNI3_187	olaTTNIg51_488	28.395	81	58	0	4	84	1	81	9.95e-09	39.7
TTNI3_187	olaTTNIg18_389	21.687	83	65	0	2	84	2	84	9.27e-08	37.4
TTNI3_187	olaTTNIg60_187	24.096	83	63	0	2	84	2	84	1.19e-07	37.0
TTNI3_187	olaTTNIg50_192	26.506	83	61	0	2	84	2	84	1.32e-07	37.0
TTNI3_187	olaTTNIg49_187	32.353	68	45	1	4	71	4	70	1.44e-07	36.6
TTNI3_187	olaTTNIg58_193	25.676	74	55	0	2	75	2	75	1.76e-07	36.6
TTNI3_187	olaTTNIg11_191	26.136	88	61	2	1	84	1	88	1.79e-07	36.6
TTNI3_187	olaTTNIg42_192	29.545	88	58	2	2	86	4	90	2.16e-07	36.2
TTNI3_187	olaTTNIg17_290	24.138	87	65	1	1	86	2	88	2.62e-07	36.2
TTNI3_187	olaTTNIg48_188	26.506	83	61	0	2	84	2	84	7.77e-07	34.7
TTNI3_187	olaTTNIg34_193	28.986	69	48	1	4	71	4	72	1.83e-06	33.9
TTNI3_187	olaTTNIg108_193	27.941	68	48	1	6	72	5	72	2.45e-06	33.5
TTNI3_187	olaTTNIg115_194	32.653	49	33	0	31	79	32	80	2.60e-06	33.5
TTNI3_187	olaTTNIg46_189	24.096	83	63	0	4	86	5	87	2.82e-06	33.5
TTNI3_187	olaTTNIg27_192	30.000	70	48	1	4	72	3	72	6.24e-06	32.7
TTNI4_189	olaTTNIg13_189	55.814	86	38	0	1	86	1	86	8.61e-34	103
TTNI4_189	olaTTNIg12_189	32.530	83	56	0	1	83	2	84	4.33e-12	48.5
TTNI4_189	olaTTNIg54_189	31.818	88	58	1	1	88	2	87	5.26e-12	48.1
TTNI4_189	olaTTNIg17_290	31.461	89	58	2	1	88	2	88	5.68e-12	48.1
TTNI4_189	olaTTNIg20_187	33.803	71	47	0	2	72	2	72	8.19e-12	47.8
TTNI4_189	olaTTNIg19_391	27.778	72	52	0	2	73	2	73	1.41e-10	44.7
TTNI4_189	olaTTNIg47_188	31.034	87	58	1	2	88	3	87	8.44e-10	42.7
TTNI4_189	olaTTNIg15_187	26.027	73	54	0	1	73	1	73	1.50e-09	42.0
TTNI4_189	olaTTNIg50_192	29.545	88	60	1	1	88	1	86	1.63e-09	42.0
TTNI4_189	olaTTNIg2_194	31.818	88	55	2	1	87	1	84	2.03e-09	41.6
TTNI4_189	olaTTNIg116_195	30.000	80	55	1	1	79	1	80	2.34e-08	38.9
TTNI4_189	olaTTNIg56_189	28.916	83	54	1	6	88	6	83	3.47e-08	38.5
TTNI4_189	olaTTNIg64_193	29.333	75	51	2	10	82	9	83	4.52e-08	38.1
TTNI4_189	olaTTNIg18_389	27.160	81	59	0	2	82	2	82	4.71e-08	38.1
TTNI4_189	olaTTNIg95_197	32.727	55	33	1	34	88	38	88	5.62e-08	38.1
TTNI4_189	olaTTNIg52_188	32.759	58	39	0	15	72	15	72	5.81e-08	37.7
TTNI4_189	olaTTNIg16_189	31.507	73	50	0	3	75	4	76	6.70e-08	37.7
TTNI4_189	olaTTNIg55_190	28.736	87	60	1	2	88	4	88	7.62e-08	37.7
TTNI4_189	olaTTNIg59_189	29.577	71	50	0	2	72	2	72	8.88e-08	37.4
TTNI4_189	olaTTNIg48_188	24.138	87	64	1	2	88	2	86	1.07e-07	37.0
TTNI4_189	olaTTNIg42_192	23.288	73	54	1	1	71	3	75	1.36e-07	37.0
TTNI4_189	olaTTNIg57_188	24.324	74	56	0	10	83	10	83	1.44e-07	37.0
TTNI4_189	olaTTNIg21_195	30.137	73	50	1	1	72	1	73	1.94e-07	36.6
TTNI4_189	olaTTNIg98_196	29.730	74	51	1	16	88	18	91	2.27e-07	36.6
TTNI4_189	olaTTNIg76_192	35.000	40	26	0	34	73	33	72	3.14e-07	36.2
TTNI4_189	olaTTNIg60_187	25.000	72	54	0	1	72	1	72	4.37e-07	35.4
TTNI4_189	olaTTNIg53_190	26.027	73	54	0	2	74	4	76	4.70e-07	35.4
TTNI4_189	olaTTNIg14_188	29.333	75	52	1	2	75	2	76	4.79e-07	35.4
TTNI4_189	olaTTNIg72_197	30.137	73	44	2	10	75	7	79	7.70e-07	35.0
TTNI4_189	olaTTNIg92_196	27.273	55	40	0	34	88	37	91	9.07e-07	35.0
TTNI4_189	olaTTNIg43_297	21.127	71	56	0	2	72	3	73	1.07e-06	34.7
TTNI4_189	olaTTNIg80_196	36.585	41	26	0	34	74	37	77	1.33e-06	34.3
TTNI4_189	olaTTNIg91_193	36.585	41	26	0	34	74	34	74	1.38e-06	34.3
TTNI4_189	olaTTNIg27_192	29.310	58	40	1	16	72	15	72	1.51e-06	34.3
TTNI4_189	olaTTNIg85_194	30.909	55	38	0	34	88	35	89	1.94e-06	33.9
TTNI4_189	olaTTNIg51_488	22.727	66	51	0	4	69	1	66	2.73e-06	33.5
TTNI4_189	olaTTNIg24_194	27.536	69	49	1	4	71	3	71	3.22e-06	33.5
TTNI4_189	olaTTNIg33_195	26.316	76	55	1	1	75	1	76	5.35e-06	32.7
TTNI4_189	olaTTNIg36_194	33.962	53	31	1	33	85	35	83	6.30e-06	32.7
TTNI4_189	olaTTNIg100_195	28.571	42	30	0	34	75	37	78	6.60e-06	32.7
TTNI4_189	olaTTNIg39_194	28.070	57	40	1	16	71	17	73	8.73e-06	32.3
TTNI5_188	olaTTNIg14_188	53.409	88	41	0	1	88	1	88	4.97e-37	111
TTNI5_188	olaTTNIg17_290	30.682	88	61	0	1	88	2	89	1.01e-14	55.1
TTNI5_188	olaTTNIg57_188	29.885	87	60	1	1	87	1	86	2.69e-14	53.9
TTNI5_188	olaTTNIg53_190	32.184	87	58	1	1	87	3	88	1.55e-12	49.7
TTNI5_188	olaTTNIg20_187	29.885	87	60	1	2	88	2	87	1.88e-12	49.3
TTNI5_188	olaTTNIg22_193	34.831	89	53	2	4	88	4	91	1.08e-11	47.4
TTNI5_188	olaTTNIg54_189	32.558	86	57	1	2	87	3	87	1.55e-11	47.0
TTNI5_188	olaTTNIg18_389	27.273	88	63	1	1	88	1	87	2.26e-11	46.6
TTNI5_188	olaTTNIg19_391	31.034	87	59	1	1	87	1	86	6.03e-11	45.4
TTNI5_188	olaTTNIg16_189	35.802	81	51	1	7	87	8	87	8.08e-11	45.1
TTNI5_188	olaTTNIg59_189	33.735	83	52	2	2	84	2	81	1.12e-10	44.7
TTNI5_188	olaTTNIg3_195	28.090	89	60	1	4	88	4	92	1.90e-10	44.3
TTNI5_188	olaTTNIg47_188	35.802	81	51	1	8	88	9	88	2.37e-10	43.9
TTNI5_188	olaTTNIg55_190	29.070	86	60	1	2	87	4	88	2.39e-10	43.9
TTNI5_188	olaTTNIg56_189	33.333	81	41	3	9	86	6	76	8.21e-09	40.0
TTNI5_188	olaTTNIg60_187	31.034	87	59	1	2	88	2	87	8.98e-09	40.0
TTNI5_188	olaTTNIg50_192	31.081	74	48	2	2	74	2	73	9.46e-09	40.0
TTNI5_188	olaTTNIg49_187	27.586	87	57	2	4	88	4	86	1.64e-08	39.3
TTNI5_188	olaTTNIg5_198	23.457	81	61	1	3	82	3	83	2.13e-08	39.3
TTNI5_188	olaTTNIg106_196	35.714	70	41	2	7	74	9	76	3.70e-08	38.5
TTNI5_188	olaTTNIg61_188	26.744	86	62	1	2	87	3	87	4.51e-08	38.1
TTNI5_188	olaTTNIg43_297	24.051	79	58	2	2	80	3	79	4.88e-08	38.1
TTNI5_188	olaTTNIg42_192	25.000	88	63	2	2	87	4	90	9.19e-08	37.4
TTNI5_188	olaTTNIg24_194	28.986	69	49	0	4	72	3	71	1.02e-07	37.4
TTNI5_188	olaTTNIg46_189	25.000	84	62	1	4	87	5	87	1.60e-07	36.6
TTNI5_188	olaTTNIg52_188	24.096	83	62	1	6	88	6	87	2.62e-07	36.2
TTNI5_188	olaTTNIg41_196	28.916	83	54	2	10	87	10	92	4.16e-07	35.8
TTNI5_188	olaTTNIg37_193	23.596	89	64	1	4	88	4	92	7.98e-07	35.0
TTNI5_188	olaTTNIg58_193	28.169	71	50	1	4	74	4	73	9.06e-07	34.7
TTNI5_188	olaTTNIg12_189	19.767	86	68	1	2	87	3	87	2.04e-06	33.9
TTNI5_188	olaTTNIg34_193	25.758	66	49	0	7	72	7	72	3.12e-06	33.5
TTNI5_188	olaTTNIg51_488	30.120	83	57	1	5	87	2	83	3.25e-06	33.1
TTNI5_188	olaTTNIg23_194	23.596	89	64	1	4	88	3	91	3.55e-06	33.1
TTNI5_188	olaTTNIg31_193	25.714	70	52	0	8	77	8	77	5.33e-06	32.7
TTNI5_188	olaTTNIg27_192	30.000	70	46	2	3	72	5	71	6.02e-06	32.7
TTNI5_188	olaTTNIg9_193	28.049	82	54	2	11	88	10	90	7.87e-06	32.3
TTNI6_187	olaTTNIg15_187	47.059	85	45	0	2	86	2	86	3.37e-30	94.4
TTNI6_187	olaTTNIg20_187	34.118	85	56	0	2	86	2	86	1.10e-15	57.4
TTNI6_187	olaTTNIg19_391	32.941	85	57	0	2	86	2	86	5.56e-15	55.8
TTNI6_187	olaTTNIg18_389	35.294	85	55	0	2	86	2	86	7.59e-15	55.5
TTNI6_187	olaTTNIg17_290	34.884	86	55	1	2	86	3	88	8.40e-15	55.5
TTNI6_187	olaTTNIg50_192	31.765	85	58	0	2	86	2	86	1.28e-13	52.4
TTNI6_187	olaTTNIg61_188	31.395	86	59	0	2	87	3	88	1.51e-13	52.0
TTNI6_187	olaTTNIg12_189	32.530	83	56	0	2	84	3	85	7.02e-13	50.4
TTNI6_187	olaTTNIg53_190	30.588	85	59	0	2	86	4	88	3.97e-12	48.5
TTNI6_187	olaTTNIg51_488	29.268	82	58	0	5	86	2	83	2.47e-11	46.2
TTNI6_187	olaTTNIg55_190	36.047	86	53	2	2	86	4	88	7.89e-11	45.1
TTNI6_187	olaTTNIg43_297	25.000	92	64	1	1	87	2	93	3.10e-10	43.9
TTNI6_187	olaTTNIg42_192	26.437	87	62	1	2	86	4	90	5.47e-10	43.1
TTNI6_187	olaTTNIg14_188	33.721	86	56	1	2	86	2	87	6.67e-10	42.7
TTNI6_187	olaTTNIg59_189	25.287	87	65	0	1	87	1	87	1.56e-09	42.0
TTNI6_187	olaTTNIg54_189	30.588	85	59	0	2	86	3	87	2.53e-09	41.2
TTNI6_187	olaTTNIg60_187	30.380	79	55	0	8	86	8	86	2.54e-09	41.2
TTNI6_187	olaTTNIg58_193	30.137	73	51	0	1	73	1	73	2.76e-09	41.2
TTNI6_187	olaTTNIg52_188	37.500	80	48	2	8	86	8	86	4.19e-09	40.8
TTNI6_187	olaTTNIg46_189	28.571	84	60	0	4	87	5	88	5.07e-09	40.4
TTNI6_187	olaTTNIg44_197	29.487	78	51	1	2	75	4	81	1.22e-08	39.7
TTNI6_187	olaTTNIg49_187	29.114	79	55	1	8	86	8	85	3.29e-08	38.5
TTNI6_187	olaTTNIg57_188	32.877	73	49	0	14	86	14	86	4.33e-08	38.1
TTNI6_187	olaTTNIg13_189	29.545	88	60	1	1	86	1	88	6.01e-08	37.7
TTNI6_187	olaTTNIg3_195	21.918	73	56	1	4	75	4	76	8.18e-08	37.4
TTNI6_187	olaTTNIg48_188	25.581	86	64	0	1	86	1	86	9.05e-08	37.4
TTNI6_187	olaTTNIg108_193	31.667	60	37	1	31	86	31	90	1.65e-07	36.6
TTNI6_187	olaTTNIg47_188	27.711	83	58	2	5	86	6	87	4.52e-07	35.4
TTNI6_187	olaTTNIg106_196	40.000	40	24	0	34	73	37	76	1.78e-06	33.9
TTNI6_187	olaTTNIg22_193	22.222	72	56	0	4	75	4	75	7.82e-06	32.3
TTNI7_187	olaTTNIg16_189	61.628	86	33	0	1	86	2	87	9.89e-38	113
TTNI7_187	olaTTNIg20_187	33.333	84	56	0	4	87	4	87	4.39e-18	63.5
TTNI7_187	olaTTNIg54_189	38.554	83	51	0	4	86	5	87	5.78e-16	58.2
TTNI7_187	olaTTNIg55_190	38.554	83	51	0	4	86	6	88	7.47e-15	55.5
TTNI7_187	olaTTNIg19_391	31.325	83	57	0	4	86	4	86	1.63e-14	54.7
TTNI7_187	olaTTNIg59_189	35.897	78	50	0	7	84	7	84	1.23e-13	52.4
TTNI7_187	olaTTNIg60_187	32.143	84	57	0	4	87	4	87	8.25e-13	50.1
TTNI7_187	olaTTNIg52_188	31.250	80	55	0	8	87	8	87	1.80e-12	49.3
TTNI7_187	olaTTNIg13_189	31.325	83	55	1	7	87	7	89	4.42e-12	48.5
TTNI7_187	olaTTNIg44_197	36.986	73	42	1	4	72	6	78	7.41e-12	48.1
TTNI7_187	olaTTNIg46_189	30.864	81	56	0	4	84	5	85	1.37e-11	47.0
TTNI7_187	olaTTNIg47_188	31.250	80	55	0	8	87	9	88	4.61e-11	45.8
TTNI7_187	olaTTNIg12_189	32.530	83	56	0	4	86	5	87	8.70e-11	45.1
TTNI7_187	olaTTNIg15_187	31.325	83	57	0	4	86	4	86	1.12e-10	44.7
TTNI7_187	olaTTNIg14_188	31.765	85	57	1	4	87	4	88	4.58e-10	43.1
TTNI7_187	olaTTNIg57_188	30.120	83	57	1	4	86	5	86	6.67e-10	42.7
TTNI7_187	olaTTNIg56_189	30.952	84	57	1	4	86	4	87	1.01e-09	42.4
TTNI7_187	olaTTNIg53_190	27.711	83	60	0	4	86	6	88	1.54e-09	42.0
TTNI7_187	olaTTNIg49_187	31.250	80	54	1	8	87	8	86	4.43e-09	40.8
TTNI7_187	olaTTNIg17_290	28.235	85	60	1	4	87	5	89	1.04e-08	39.7
TTNI7_187	olaTTNIg50_192	25.926	81	60	0	7	87	7	87	1.14e-08	39.7
TTNI7_187	olaTTNIg117_196	33.333	63	41	1	11	72	11	73	5.98e-08	37.7
TTNI7_187	olaTTNIg11_191	31.944	72	46	1	19	87	20	91	1.27e-07	37.0
TTNI7_187	olaTTNIg23_194	30.682	88	54	3	6	87	5	91	1.30e-07	37.0
TTNI7_187	olaTTNIg106_196	27.451	51	37	0	25	75	28	78	3.14e-07	36.2
TTNI7_187	olaTTNIg108_193	26.190	84	61	1	3	85	2	85	6.68e-07	35.0
TTNI7_187	olaTTNIg4_195	35.135	74	40	4	4	72	5	75	9.68e-07	34.7
TTNI7_187	olaTTNIg48_188	23.810	84	64	0	3	86	3	86	1.19e-06	34.3
TTNI7_187	olaTTNIg42_192	27.059	85	60	1	4	86	6	90	3.46e-06	33.1
TTNI7_187	olaTTNIg43_297	26.087	69	51	0	4	72	5	73	4.08e-06	33.1
TTNI8_188	olaTTNIg17_290	65.909	88	30	0	1	88	2	89	1.43e-42	125
TTNI8_188	olaTTNIg19_391	37.931	87	53	1	1	87	1	86	1.51e-15	57.4
TTNI8_188	olaTTNIg20_187	29.885	87	60	1	2	88	2	87	4.01e-12	48.5
TTNI8_188	olaTTNIg60_187	34.568	81	52	1	8	88	8	87	8.93e-12	47.8
TTNI8_188	olaTTNIg50_192	36.232	69	41	2	7	74	7	73	1.44e-11	47.4
TTNI8_188	olaTTNIg43_297	31.325	83	54	2	2	82	3	84	3.94e-11	46.2
TTNI8_188	olaTTNIg42_192	29.213	89	60	2	1	87	3	90	1.53e-09	42.0
TTNI8_188	olaTTNIg58_193	32.000	75	50	1	2	76	2	75	2.94e-09	41.2
TTNI8_188	olaTTNIg47_188	32.530	83	55	1	6	88	7	88	3.41e-09	40.8
TTNI8_188	olaTTNIg12_189	26.437	87	63	1	1	87	2	87	1.33e-08	39.7
TTNI8_188	olaTTNIg57_188	30.380	79	54	1	9	87	9	86	1.35e-08	39.3
TTNI8_188	olaTTNIg61_188	27.273	88	61	2	1	88	2	86	1.63e-08	39.3
TTNI8_188	olaTTNIg16_189	28.571	84	59	1	4	87	5	87	2.03e-08	38.9
TTNI8_188	olaTTNIg55_190	32.394	71	47	1	2	72	4	73	7.72e-08	37.4
TTNI8_188	olaTTNIg59_189	25.000	84	62	1	2	85	2	84	7.75e-08	37.4
TTNI8_188	olaTTNIg54_189	26.437	87	63	1	1	87	2	87	9.52e-08	37.4
TTNI8_188	olaTTNIg13_189	26.667	90	63	2	1	88	1	89	1.74e-07	36.6
TTNI8_188	olaTTNIg18_389	32.184	87	58	1	2	88	2	87	1.72e-06	33.9
TTNI9_187	olaTTNIg18_389	55.172	87	39	0	1	87	1	87	8.48e-36	108
TTNI9_187	olaTTNIg61_188	38.554	83	51	0	2	84	3	85	1.84e-19	67.0
TTNI9_187	olaTTNIg57_188	33.721	86	57	0	1	86	1	86	6.21e-17	60.8
TTNI9_187	olaTTNIg20_187	34.884	86	56	0	2	87	2	87	1.63e-16	59.7
TTNI9_187	olaTTNIg19_391	38.372	86	53	0	1	86	1	86	3.63e-16	58.9
TTNI9_187	olaTTNIg17_290	34.483	87	56	1	2	87	3	89	1.26e-14	55.1
TTNI9_187	olaTTNIg15_187	35.294	85	55	0	2	86	2	86	5.02e-14	53.1
TTNI9_187	olaTTNIg44_197	34.043	94	54	2	2	87	4	97	1.62e-13	52.4
TTNI9_187	olaTTNIg59_189	31.765	85	58	0	2	86	2	86	3.59e-13	51.2
TTNI9_187	olaTTNIg53_190	31.325	83	56	1	5	86	6	88	8.63e-13	50.1
TTNI9_187	olaTTNIg14_188	31.818	88	59	1	1	87	1	88	9.92e-13	50.1
TTNI9_187	olaTTNIg11_191	38.667	75	45	1	2	75	2	76	1.08e-12	50.1
TTNI9_187	olaTTNIg54_189	32.143	84	50	1	2	85	3	79	2.23e-12	49.3
TTNI9_187	olaTTNIg12_189	30.120	83	58	0	2	84	3	85	2.03e-11	46.6
TTNI9_187	olaTTNIg43_297	22.222	90	65	1	2	86	3	92	2.23e-11	46.6
TTNI9_187	olaTTNIg2_194	28.090	89	59	2	4	87	4	92	1.05e-10	45.1
TTNI9_187	olaTTNIg60_187	27.848	79	57	0	9	87	9	87	1.20e-10	44.7
TTNI9_187	olaTTNIg51_488	29.268	82	58	0	5	86	2	83	4.85e-10	43.1
TTNI9_187	olaTTNIg48_188	28.235	85	61	0	2	86	2	86	1.23e-09	42.0
TTNI9_187	olaTTNIg116_195	30.137	73	50	1	4	75	4	76	1.91e-09	41.6
TTNI9_187	olaTTNIg49_187	32.099	81	54	1	7	87	7	86	3.32e-09	40.8
TTNI9_187	olaTTNIg47_188	31.429	70	47	1	9	77	10	79	3.46e-09	40.8
TTNI9_187	olaTTNIg46_189	33.824	68	45	0	17	84	18	85	5.35e-09	40.4
TTNI9_187	olaTTNIg13_189	27.500	80	56	1	10	87	10	89	6.29e-09	40.4
TTNI9_187	olaTTNIg42_192	26.437	87	62	1	2	86	4	90	9.37e-09	40.0
TTNI9_187	olaTTNIg35_193	30.380	79	50	2	14	87	14	92	1.10e-08	39.7
TTNI9_187	olaTTNIg108_193	29.885	87	56	2	6	87	5	91	3.99e-08	38.1
TTNI9_187	olaTTNIg50_192	29.032	62	44	0	10	71	10	71	8.37e-08	37.4
TTNI9_187	olaTTNIg22_193	26.761	71	52	0	4	74	4	74	1.61e-07	36.6
TTNI9_187	olaTTNIg24_194	30.233	86	53	3	7	87	8	91	2.03e-07	36.6
TTNI9_187	olaTTNIg55_190	28.049	82	52	1	2	83	4	78	2.87e-07	36.2
TTNI9_187	olaTTNIg39_194	31.461	89	55	3	4	86	4	92	7.16e-07	35.0
TTNI9_187	olaTTNIg52_188	27.160	81	59	0	7	87	7	87	1.23e-06	34.3
TTNI9_187	olaTTNIg27_192	31.325	83	52	2	8	86	9	90	1.58e-06	34.3
TTNI9_187	olaTTNIg115_194	37.209	43	27	0	32	74	33	75	2.89e-06	33.5
TTNI10_187	olaTTNIg19_391	75.581	86	21	0	1	86	1	86	8.86e-49	141
TTNI10_187	olaTTNIg20_187	42.353	85	49	0	2	86	2	86	1.75e-25	82.4
TTNI10_187	olaTTNIg17_290	44.048	84	46	1	4	86	5	88	4.15e-21	71.2
TTNI10_187	olaTTNIg55_190	37.647	85	53	0	2	86	4	88	1.33e-17	62.4
TTNI10_187	olaTTNIg16_189	32.530	83	56	0	4	86	5	87	7.02e-16	58.2
TTNI10_187	olaTTNIg59_189	36.047	86	55	0	2	87	2	87	7.44e-16	58.2
TTNI10_187	olaTTNIg15_187	34.118	85	56	0	2	86	2	86	1.16e-15	57.4
TTNI10_187	olaTTNIg42_192	34.483	87	53	2	4	87	6	91	9.41e-15	55.5
TTNI10_187	olaTTNIg50_192	29.412	85	60	0	2	86	2	86	1.02e-14	55.1
TTNI10_187	olaTTNIg12_189	34.118	85	56	0	2	86	3	87	1.90e-14	54.3
TTNI10_187	olaTTNIg43_297	31.081	74	51	0	2	75	3	76	2.00e-14	54.7
TTNI10_187	olaTTNIg47_188	39.080	87	49	4	2	86	3	87	2.16e-14	54.3
TTNI10_187	olaTTNIg18_389	36.047	86	55	0	1	86	1	86	2.48e-14	54.3
TTNI10_187	olaTTNIg54_189	31.395	86	59	0	2	87	3	88	6.32e-14	53.1
TTNI10_187	olaTTNIg51_488	32.099	81	55	0	6	86	3	83	1.14e-13	52.4
TTNI10_187	olaTTNIg44_197	36.250	80	47	1	2	77	4	83	7.27e-13	50.4
TTNI10_187	olaTTNIg53_190	26.744	86	63	0	1	86	3	88	1.71e-12	49.7
TTNI10_187	olaTTNIg27_192	37.805	82	46	2	11	87	10	91	1.92e-12	49.3
TTNI10_187	olaTTNIg13_189	32.895	76	51	0	8	83	8	83	3.06e-12	48.9
TTNI10_187	olaTTNIg57_188	33.333	78	52	0	9	86	9	86	4.42e-12	48.5
TTNI10_187	olaTTNIg61_188	24.138	87	66	0	1	87	2	88	1.60e-11	47.0
TTNI10_187	olaTTNIg56_189	33.333	69	46	0	3	71	3	71	4.97e-11	45.8
TTNI10_187	olaTTNIg11_191	34.286	70	45	1	4	72	4	73	5.24e-11	45.8
TTNI10_187	olaTTNIg48_188	28.235	85	61	0	2	86	2	86	1.59e-10	44.3
TTNI10_187	olaTTNIg108_193	31.250	80	54	1	4	82	3	82	1.33e-09	42.0
TTNI10_187	olaTTNIg52_188	27.059	85	62	0	2	86	2	86	2.56e-09	41.2
TTNI10_187	olaTTNIg49_187	27.848	79	56	1	8	86	8	85	5.73e-09	40.4
TTNI10_187	olaTTNIg60_187	30.435	69	46	1	8	76	8	74	1.08e-08	39.7
TTNI10_187	olaTTNIg46_189	28.916	83	59	0	4	86	5	87	1.50e-08	39.3
TTNI10_187	olaTTNIg3_195	25.714	70	51	1	4	72	4	73	2.21e-08	38.9
TTNI10_187	olaTTNIg2_194	31.250	64	43	1	24	86	24	87	4.87e-08	38.1
TTNI10_187	olaTTNIg113_197	34.426	61	33	2	33	86	34	94	1.00e-07	37.4
TTNI10_187	olaTTNIg115_194	33.708	89	54	3	4	87	4	92	1.55e-07	37.0
TTNI10_187	olaTTNIg110_194	30.952	84	53	3	8	87	7	89	2.79e-07	36.2
TTNI10_187	olaTTNIg58_193	31.579	76	52	0	2	77	2	77	2.83e-07	36.2
TTNI10_187	olaTTNIg14_188	28.358	67	47	1	21	86	21	87	4.47e-07	35.4
TTNI10_187	olaTTNIg36_194	35.593	59	30	2	34	86	36	92	5.98e-07	35.4
TTNI10_187	olaTTNIg6_195	32.051	78	47	3	15	86	14	91	7.20e-07	35.0
TTNI10_187	olaTTNIg95_197	27.869	61	43	1	18	77	21	81	1.78e-06	33.9
TTNI10_187	olaTTNIg31_193	28.571	84	55	2	3	83	3	84	2.30e-06	33.9
TTNI10_187	olaTTNIg21_195	28.049	82	58	1	3	83	3	84	3.19e-06	33.5
TTNI10_187	olaTTNIg39_194	29.630	54	38	0	34	87	36	89	3.24e-06	33.5
TTNI10_187	olaTTNIg64_193	27.397	73	45	1	22	86	14	86	5.13e-06	32.7
TTNI10_187	olaTTNIg33_195	29.825	57	36	1	34	86	35	91	9.82e-06	32.0
TTNI11_187	olaTTNIg20_187	36.047	86	55	0	2	87	2	87	5.09e-17	60.8
TTNI11_187	olaTTNIg59_189	36.709	79	50	0	8	86	8	86	1.32e-16	60.1
TTNI11_187	olaTTNIg15_187	32.558	86	58	0	1	86	1	86	1.60e-15	57.0
TTNI11_187	olaTTNIg17_290	33.333	87	57	1	2	87	3	89	1.68e-15	57.0
TTNI11_187	olaTTNIg19_391	34.118	85	56	0	2	86	2	86	6.27e-15	55.8
TTNI11_187	olaTTNIg11_191	37.778	90	52	2	2	87	2	91	9.71e-15	55.1
TTNI11_187	olaTTNIg50_192	29.885	87	61	0	1	87	1	87	4.61e-13	50.8
TTNI11_187	olaTTNIg53_190	27.059	85	62	0	2	86	4	88	1.39e-12	49.7
TTNI11_187	olaTTNIg43_297	30.000	90	58	1	2	86	3	92	2.31e-12	49.3
TTNI11_187	olaTTNIg61_188	28.571	84	60	0	1	84	2	85	1.08e-11	47.4
TTNI11_187	olaTTNIg18_389	30.233	86	60	0	2	87	2	87	1.94e-11	46.6
TTNI11_187	olaTTNIg55_190	29.412	85	60	0	2	86	4	88	1.77e-10	44.3
TTNI11_187	olaTTNIg44_197	31.579	95	57	2	1	87	3	97	1.83e-10	44.3
TTNI11_187	olaTTNIg13_189	28.090	89	62	1	1	87	1	89	3.57e-10	43.5
TTNI11_187	olaTTNIg42_192	29.545	88	60	1	1	86	3	90	6.29e-10	43.1
TTNI11_187	olaTTNIg58_193	33.333	72	48	0	2	73	2	73	1.61e-09	42.0
TTNI11_187	olaTTNIg47_188	35.714	84	52	2	5	87	6	88	3.04e-09	41.2
TTNI11_187	olaTTNIg54_189	29.070	86	61	0	1	86	2	87	8.15e-09	40.0
TTNI11_187	olaTTNIg51_488	24.051	79	60	0	8	86	5	83	2.22e-08	38.9
TTNI11_187	olaTTNIg12_189	25.000	84	63	0	1	84	2	85	3.00e-08	38.5
TTNI11_187	olaTTNIg22_193	30.769	91	58	2	1	87	2	91	4.64e-08	38.1
TTNI11_187	olaTTNIg60_187	27.586	87	63	0	1	87	1	87	8.79e-08	37.4
TTNI11_187	olaTTNIg46_189	27.160	81	59	0	4	84	5	85	1.10e-07	37.0
TTNI11_187	olaTTNIg27_192	29.730	74	47	2	18	86	17	90	1.62e-07	36.6
TTNI11_187	olaTTNIg33_195	32.000	75	50	1	1	74	1	75	2.96e-07	36.2
TTNI11_187	olaTTNIg48_188	25.316	79	59	0	8	86	8	86	8.92e-07	34.7
TTNI12_187	olaTTNIg20_187	58.140	86	36	0	2	87	2	87	5.65e-38	114
TTNI12_187	olaTTNIg59_189	35.294	85	55	0	2	86	2	86	3.87e-18	63.9
TTNI12_187	olaTTNIg42_192	36.145	83	51	1	6	86	8	90	3.04e-15	56.6
TTNI12_187	olaTTNIg43_297	35.165	91	54	1	1	86	2	92	4.53e-15	56.2
TTNI12_187	olaTTNIg16_189	30.120	83	58	0	4	86	5	87	8.93e-14	52.8
TTNI12_187	olaTTNIg44_197	38.298	94	50	3	2	87	4	97	9.83e-14	52.8
TTNI12_187	olaTTNIg18_389	34.884	86	56	0	2	87	2	87	2.10e-13	51.6
TTNI12_187	olaTTNIg53_190	30.233	86	60	0	1	86	3	88	3.47e-13	51.2
TTNI12_187	olaTTNIg19_391	29.268	82	58	0	6	87	6	87	5.90e-13	50.8
TTNI12_187	olaTTNIg50_192	33.721	86	57	0	2	87	2	87	7.03e-13	50.4
TTNI12_187	olaTTNIg11_191	34.444	90	55	3	2	87	2	91	9.31e-13	50.1
TTNI12_187	olaTTNIg47_188	35.714	84	54	0	4	87	5	88	2.69e-12	48.9
TTNI12_187	olaTTNIg57_188	30.952	84	58	0	3	86	3	86	2.01e-11	46.6
TTNI12_187	olaTTNIg55_190	41.667	60	34	1	1	60	3	61	2.14e-11	46.6
TTNI12_187	olaTTNIg17_290	28.736	87	61	1	2	87	3	89	5.65e-11	45.4
TTNI12_187	olaTTNIg60_187	29.412	85	60	0	3	87	3	87	3.46e-10	43.5
TTNI12_187	olaTTNIg13_189	30.682	88	59	2	2	87	2	89	4.20e-10	43.5
TTNI12_187	olaTTNIg23_194	32.184	87	54	2	6	87	5	91	4.30e-10	43.5
TTNI12_187	olaTTNIg54_189	32.432	74	50	0	2	75	3	76	1.25e-09	42.0
TTNI12_187	olaTTNIg51_488	31.325	83	57	0	4	86	1	83	1.55e-09	41.6
TTNI12_187	olaTTNIg12_189	28.916	83	59	0	2	84	3	85	2.67e-09	41.2
TTNI12_187	olaTTNIg46_189	30.380	79	55	0	6	84	7	85	4.37e-09	40.8
TTNI12_187	olaTTNIg27_192	26.136	88	60	2	4	86	3	90	5.98e-09	40.4
TTNI12_187	olaTTNIg15_187	28.235	85	61	0	2	86	2	86	7.60e-09	40.0
TTNI12_187	olaTTNIg61_188	27.711	83	60	0	2	84	3	85	7.81e-09	40.0
TTNI12_187	olaTTNIg36_194	28.378	74	51	2	4	75	4	77	1.61e-08	39.3
TTNI12_187	olaTTNIg3_195	22.785	79	57	2	8	82	8	86	1.82e-08	39.3
TTNI12_187	olaTTNIg52_188	25.000	84	63	0	4	87	4	87	2.68e-08	38.5
TTNI12_187	olaTTNIg117_196	27.692	65	46	1	12	75	12	76	3.51e-08	38.5
TTNI12_187	olaTTNIg56_189	29.268	82	58	0	4	85	4	85	6.01e-08	37.7
TTNI12_187	olaTTNIg14_188	25.926	81	59	1	8	87	8	88	6.03e-08	37.7
TTNI12_187	olaTTNIg106_196	30.612	49	34	0	25	73	28	76	6.44e-08	37.7
TTNI12_187	olaTTNIg116_195	29.851	67	46	1	9	74	9	75	6.54e-08	37.7
TTNI12_187	olaTTNIg48_188	27.059	85	62	0	2	86	2	86	8.76e-08	37.4
TTNI12_187	olaTTNIg22_193	29.412	68	48	0	8	75	8	75	1.50e-07	37.0
TTNI12_187	olaTTNIg91_193	31.429	70	47	1	13	81	12	81	2.89e-07	36.2
TTNI12_187	olaTTNIg82_196	29.310	58	41	0	26	83	29	86	5.50e-07	35.4
TTNI12_187	olaTTNIg2_194	28.090	89	59	3	4	87	4	92	5.55e-07	35.4
TTNI12_187	olaTTNIg35_193	35.484	62	36	1	30	87	31	92	9.48e-07	34.7
TTNI12_187	olaTTNIg87_194	32.203	59	38	1	28	86	31	87	9.53e-07	34.7
TTNI12_187	olaTTNIg33_195	27.143	70	50	1	11	79	11	80	9.78e-07	34.7
TTNI12_187	olaTTNIg58_193	25.758	66	49	0	8	73	8	73	1.03e-06	34.7
TTNI12_187	olaTTNIg40_194	30.000	70	48	1	3	71	2	71	1.37e-06	34.3
TTNI12_187	olaTTNIg74_196	28.070	57	37	2	27	81	30	84	2.01e-06	33.9
TTNI12_187	olaTTNIg39_194	32.609	46	30	1	26	71	29	73	2.52e-06	33.5
TTNI12_187	olaTTNIg4_195	34.146	82	48	3	12	87	12	93	3.29e-06	33.5
TTNI12_187	olaTTNIg76_192	24.490	49	37	0	27	75	26	74	3.32e-06	33.1
TTNI12_187	olaTTNIg30_194	23.611	72	53	2	4	73	4	75	3.42e-06	33.1
TTNI12_187	olaTTNIg31_193	26.250	80	56	2	4	81	4	82	4.52e-06	33.1
TTNI12_187	olaTTNIg95_197	34.783	46	30	0	28	73	32	77	6.78e-06	32.3
TTNI13_190	olaTTNIg20_187	41.250	80	45	1	9	88	9	86	1.74e-19	67.4
TTNI13_190	olaTTNIg19_391	35.556	90	56	1	1	90	1	88	1.58e-17	62.4
TTNI13_190	olaTTNIg16_189	31.395	86	54	2	6	88	4	87	9.13e-12	47.8
TTNI13_190	olaTTNIg18_389	29.885	87	59	1	2	88	2	86	3.46e-10	43.5
TTNI13_190	olaTTNIg44_197	35.593	59	36	1	19	77	25	81	1.91e-09	42.0
TTNI13_190	olaTTNIg61_188	37.288	59	33	2	20	77	21	76	1.11e-08	39.7
TTNI13_190	olaTTNIg59_189	28.750	80	55	1	10	89	10	87	2.12e-08	38.9
TTNI13_190	olaTTNIg14_188	28.090	89	59	3	2	88	2	87	6.38e-08	37.7
TTNI13_190	olaTTNIg13_189	24.000	75	55	1	2	76	2	74	6.85e-08	37.7
TTNI13_190	olaTTNIg15_187	23.864	88	65	1	1	88	1	86	1.75e-07	36.6
TTNI13_190	olaTTNIg12_189	34.783	69	37	4	22	86	21	85	5.57e-07	35.4
TTNI14_192	olaTTNIg21_195	60.870	92	36	0	1	92	1	92	1.90e-43	128
TTNI14_192	olaTTNIg2_194	38.043	92	57	0	1	92	1	92	4.47e-21	71.6
TTNI14_192	olaTTNIg108_193	35.165	91	59	0	2	92	1	91	6.60e-17	60.8
TTNI14_192	olaTTNIg24_194	28.571	91	65	0	2	92	1	91	9.78e-14	53.1
TTNI14_192	olaTTNIg114_192	33.696	92	58	2	2	92	1	90	3.50e-13	51.6
TTNI14_192	olaTTNIg3_195	29.670	91	64	0	2	92	2	92	3.55e-13	51.6
TTNI14_192	olaTTNIg23_194	28.571	91	65	0	2	92	1	91	4.59e-13	51.2
TTNI14_192	olaTTNIg113_197	31.915	94	61	1	1	91	1	94	2.61e-12	49.3
TTNI14_192	olaTTNIg27_192	30.000	90	63	0	2	91	1	90	6.97e-12	48.1
TTNI14_192	olaTTNIg41_196	29.545	88	61	1	5	91	5	92	1.07e-11	47.8
TTNI14_192	olaTTNIg9_193	28.571	91	64	1	2	92	1	90	1.38e-11	47.4
TTNI14_192	olaTTNIg6_195	30.380	79	52	2	16	92	15	92	1.42e-11	47.4
TTNI14_192	olaTTNIg110_194	32.258	93	61	2	2	92	1	93	1.62e-11	47.4
TTNI14_192	olaTTNIg5_198	31.915	94	61	2	1	92	1	93	1.93e-11	47.0
TTNI14_192	olaTTNIg1_196	32.979	94	57	3	2	91	2	93	4.99e-11	46.2
TTNI14_192	olaTTNIg99_197	31.884	69	47	0	13	81	15	83	5.09e-11	46.2
TTNI14_192	olaTTNIg26_192	34.409	93	54	4	2	91	1	89	5.76e-11	45.8
TTNI14_192	olaTTNIg4_195	34.211	76	48	1	16	89	16	91	7.28e-11	45.4
TTNI14_192	olaTTNIg22_193	26.087	92	67	1	1	92	1	91	7.70e-11	45.4
TTNI14_192	olaTTNIg35_193	29.348	92	65	0	1	92	1	92	1.11e-10	45.1
TTNI14_192	olaTTNIg91_193	24.444	90	68	0	2	91	1	90	1.76e-10	44.7
TTNI14_192	olaTTNIg117_196	26.667	90	66	0	2	91	2	91	2.39e-10	44.3
TTNI14_192	olaTTNIg89_196	20.548	73	58	0	9	81	11	83	6.99e-10	43.1
TTNI14_192	olaTTNIg8_195	27.957	93	65	1	2	92	1	93	1.32e-09	42.4
TTNI14_192	olaTTNIg106_196	33.784	74	49	0	11	84	13	86	1.42e-09	42.4
TTNI14_192	olaTTNIg36_194	25.000	92	68	1	2	92	2	93	1.74e-09	42.0
TTNI14_192	olaTTNIg54_189	28.571	77	54	1	1	77	2	77	3.98e-09	40.8
TTNI14_192	olaTTNIg73_197	26.596	94	66	1	1	91	1	94	4.07e-09	41.2
TTNI14_192	olaTTNIg25_194	29.032	93	63	2	1	91	1	92	5.90e-09	40.8
TTNI14_192	olaTTNIg75_195	51.724	29	14	0	9	37	11	39	7.28e-09	40.4
TTNI14_192	olaTTNIg55_190	30.851	94	56	4	1	91	1	88	8.75e-09	40.0
TTNI14_192	olaTTNIg39_194	26.087	92	67	1	1	91	1	92	2.10e-08	39.3
TTNI14_192	olaTTNIg33_195	23.077	91	70	0	1	91	1	91	2.38e-08	39.3
TTNI14_192	olaTTNIg103_196	28.916	83	59	0	9	91	11	93	3.12e-08	38.9
TTNI14_192	olaTTNIg44_197	29.474	95	64	1	1	92	3	97	3.93e-08	38.5
TTNI14_192	olaTTNIg40_194	31.081	74	51	0	8	81	7	80	5.59e-08	38.1
TTNI14_192	olaTTNIg69_194	27.160	81	57	1	11	91	13	91	7.44e-08	37.7
TTNI14_192	olaTTNIg87_194	32.877	73	45	2	11	82	13	82	7.68e-08	37.7
TTNI14_192	olaTTNIg47_188	30.435	69	47	1	8	76	9	76	7.84e-08	37.7
TTNI14_192	olaTTNIg115_194	23.333	90	69	0	2	91	2	91	8.19e-08	37.7
TTNI14_192	olaTTNIg66_196	25.316	79	58	1	13	91	16	93	8.75e-08	37.7
TTNI14_192	olaTTNIg10_194	25.000	92	68	1	2	92	2	93	1.16e-07	37.4
TTNI14_192	olaTTNIg111_1101	26.316	95	61	3	2	91	8	98	1.75e-07	37.0
TTNI14_192	olaTTNIg101_195	24.706	85	63	1	8	92	10	93	1.81e-07	37.0
TTNI14_192	olaTTNIg90_195	29.474	95	60	4	1	91	1	92	2.62e-07	36.2
TTNI14_192	olaTTNIg29_192	19.780	91	73	0	2	92	1	91	2.65e-07	36.2
TTNI14_192	olaTTNIg94_193	23.333	90	69	0	2	91	1	90	2.67e-07	36.2
TTNI14_192	olaTTNIg63_197	23.404	94	69	1	1	91	1	94	2.79e-07	36.2
TTNI14_192	olaTTNIg7_195	26.882	93	66	1	2	92	1	93	2.82e-07	36.2
TTNI14_192	olaTTNIg93_194	27.273	77	52	2	9	84	11	84	2.83e-07	36.2
TTNI15_191	olaTTNIg22_193	52.747	91	43	0	1	91	1	91	1.88e-37	113
TTNI15_191	olaTTNIg2_194	41.573	89	51	1	1	88	1	89	1.88e-20	70.1
TTNI15_191	olaTTNIg3_195	29.670	91	63	1	2	91	2	92	2.04e-15	57.4
TTNI15_191	olaTTNIg9_193	32.967	91	59	2	2	91	1	90	5.15e-14	53.5
TTNI15_191	olaTTNIg5_198	30.108	93	63	2	1	91	1	93	1.19e-13	52.8
TTNI15_191	olaTTNIg108_193	29.670	91	63	1	2	91	1	91	6.84e-13	50.8
TTNI15_191	olaTTNIg117_196	31.868	91	60	2	1	90	2	91	2.53e-12	49.3
TTNI15_191	olaTTNIg58_193	29.487	78	55	0	4	81	4	81	7.28e-12	48.1
TTNI15_191	olaTTNIg14_188	30.000	90	58	2	3	91	3	88	7.36e-12	48.1
TTNI15_191	olaTTNIg37_193	28.261	92	65	1	1	91	1	92	3.15e-11	46.6
TTNI15_191	olaTTNIg12_189	29.670	91	60	1	1	91	2	88	3.71e-11	46.2
TTNI15_191	olaTTNIg13_189	27.473	91	64	1	1	91	1	89	5.65e-11	45.8
TTNI15_191	olaTTNIg33_195	27.473	91	65	1	1	90	1	91	1.94e-10	44.3
TTNI15_191	olaTTNIg19_391	30.556	72	50	0	4	75	4	75	2.90e-10	43.9
TTNI15_191	olaTTNIg116_195	29.268	82	57	1	1	81	1	82	2.91e-10	43.9
TTNI15_191	olaTTNIg1_196	34.066	91	55	4	2	88	2	91	2.94e-10	43.9
TTNI15_191	olaTTNIg21_195	28.261	92	65	1	1	91	1	92	4.72e-10	43.5
TTNI15_191	olaTTNIg44_197	32.955	88	55	1	8	91	10	97	4.90e-10	43.5
TTNI15_191	olaTTNIg23_194	26.374	91	66	1	2	91	1	91	6.18e-10	43.1
TTNI15_191	olaTTNIg114_192	32.955	88	51	3	8	91	7	90	1.43e-09	42.0
TTNI15_191	olaTTNIg51_488	26.744	86	59	1	5	90	2	83	1.51e-09	42.0
TTNI15_191	olaTTNIg26_192	27.778	90	63	2	2	90	1	89	1.54e-09	42.0
TTNI15_191	olaTTNIg59_189	32.143	84	49	3	7	88	7	84	2.77e-09	41.2
TTNI15_191	olaTTNIg42_192	24.359	78	57	1	1	76	3	80	3.06e-09	41.2
TTNI15_191	olaTTNIg39_194	29.412	85	59	1	7	90	8	92	3.35e-09	41.2
TTNI15_191	olaTTNIg6_195	30.000	80	54	2	14	91	13	92	3.38e-09	41.2
TTNI15_191	olaTTNIg18_389	28.409	88	59	1	4	91	4	87	3.55e-09	41.2
TTNI15_191	olaTTNIg115_194	26.667	90	65	1	2	90	2	91	4.77e-09	40.8
TTNI15_191	olaTTNIg77_197	36.667	60	36	1	31	90	35	92	6.52e-09	40.4
TTNI15_191	olaTTNIg28_194	25.556	90	65	2	1	88	1	90	9.16e-09	40.0
TTNI15_191	olaTTNIg113_197	28.723	94	63	2	1	90	1	94	3.22e-08	38.9
TTNI15_191	olaTTNIg34_193	27.500	80	57	1	2	80	2	81	4.09e-08	38.5
TTNI15_191	olaTTNIg55_190	30.137	73	49	1	1	71	1	73	4.13e-08	38.5
TTNI15_191	olaTTNIg24_194	25.000	88	65	1	2	88	1	88	4.39e-08	38.5
TTNI15_191	olaTTNIg60_187	27.473	91	62	1	1	91	1	87	5.04e-08	38.1
TTNI15_191	olaTTNIg40_194	30.000	80	55	1	2	80	1	80	5.20e-08	38.1
TTNI15_191	olaTTNIg36_194	23.913	92	68	2	2	91	2	93	5.48e-08	38.1
TTNI15_191	olaTTNIg57_188	27.500	80	54	1	9	88	9	84	6.23e-08	37.7
TTNI15_191	olaTTNIg29_192	24.176	91	68	1	2	91	1	91	6.55e-08	37.7
TTNI15_191	olaTTNIg15_187	25.556	90	63	1	1	90	1	86	7.75e-08	37.4
TTNI15_191	olaTTNIg4_195	28.571	77	52	2	15	88	15	91	8.01e-08	37.7
TTNI15_191	olaTTNIg38_193	24.176	91	68	1	1	90	1	91	1.11e-07	37.4
TTNI15_191	olaTTNIg110_194	27.957	93	64	3	2	91	1	93	1.19e-07	37.4
TTNI15_191	olaTTNIg47_188	30.952	84	54	2	8	91	9	88	1.22e-07	37.0
TTNI15_191	olaTTNIg61_188	23.377	77	59	0	1	77	2	78	1.56e-07	37.0
TTNI15_191	olaTTNIg54_189	26.923	78	56	1	1	77	1	78	4.50e-07	35.4
TTNI15_191	olaTTNIg10_194	28.090	89	62	2	2	88	2	90	5.59e-07	35.4
TTNI15_191	olaTTNIg20_187	25.676	74	55	0	8	81	8	81	6.09e-07	35.0
TTNI15_191	olaTTNIg82_196	31.373	51	35	0	32	82	35	85	9.89e-07	34.7
TTNI15_191	olaTTNIg73_197	28.421	95	52	5	1	85	1	89	1.06e-06	34.7
TTNI16_194	olaTTNIg1_196	39.175	97	51	2	1	93	2	94	2.48e-20	70.1
TTNI16_194	olaTTNIg2_194	39.130	92	54	1	1	92	2	91	3.81e-20	69.3
TTNI16_194	olaTTNIg24_194	39.130	92	54	1	1	92	1	90	7.57e-20	68.6
TTNI16_194	olaTTNIg21_195	35.802	81	50	1	12	92	13	91	4.22e-16	58.9
TTNI16_194	olaTTNIg6_195	32.609	92	61	1	1	92	1	91	1.05e-15	58.2
TTNI16_194	olaTTNIg40_194	33.696	92	59	1	1	92	1	90	1.73e-15	57.4
TTNI16_194	olaTTNIg3_195	29.348	92	63	1	1	92	2	91	5.69e-15	56.2
TTNI16_194	olaTTNIg113_197	31.579	95	64	1	1	94	2	96	7.57e-15	55.8
TTNI16_194	olaTTNIg25_194	33.333	93	61	1	1	93	2	93	5.29e-14	53.5
TTNI16_194	olaTTNIg9_193	32.530	83	53	1	10	92	10	89	1.08e-13	52.8
TTNI16_194	olaTTNIg39_194	28.723	94	64	2	1	93	2	93	1.14e-13	52.8
TTNI16_194	olaTTNIg10_194	34.783	92	59	1	1	92	2	92	1.49e-12	50.1
TTNI16_194	olaTTNIg22_193	33.684	95	54	4	1	92	2	90	3.39e-12	48.9
TTNI16_194	olaTTNIg5_198	30.435	92	63	1	1	92	2	92	7.26e-12	48.1
TTNI16_194	olaTTNIg114_192	32.979	94	56	3	1	92	1	89	7.44e-12	48.1
TTNI16_194	olaTTNIg115_194	30.108	93	63	1	1	93	2	92	9.02e-12	48.1
TTNI16_194	olaTTNIg108_193	27.174	92	65	2	1	92	1	90	1.25e-11	47.8
TTNI16_194	olaTTNIg76_192	25.000	92	66	2	1	92	1	89	1.29e-11	47.4
TTNI16_194	olaTTNIg32_194	29.032	93	63	2	1	92	2	92	1.33e-11	47.4
TTNI16_194	olaTTNIg36_194	25.806	93	66	2	1	92	2	92	3.82e-11	46.2
TTNI16_194	olaTTNIg23_194	28.261	92	64	1	1	92	1	90	4.16e-11	46.2
TTNI16_194	olaTTNIg117_196	27.778	90	61	2	1	90	2	87	4.98e-11	46.2
TTNI16_194	olaTTNIg72_197	28.090	89	62	1	4	92	8	94	8.61e-11	45.4
TTNI16_194	olaTTNIg27_192	28.421	95	62	2	1	93	1	91	1.14e-10	45.1
TTNI16_194	olaTTNIg89_196	25.610	82	56	2	1	82	7	83	1.64e-10	44.7
TTNI16_194	olaTTNIg73_197	30.588	85	55	2	8	92	12	92	2.24e-10	44.3
TTNI16_194	olaTTNIg37_193	26.087	92	66	1	1	92	2	91	2.32e-10	44.3
TTNI16_194	olaTTNIg74_196	26.506	83	61	0	10	92	11	93	4.08e-10	43.9
TTNI16_194	olaTTNIg30_194	25.806	93	66	2	1	92	2	92	4.36e-10	43.5
TTNI16_194	olaTTNIg4_195	27.778	90	65	0	1	90	2	91	1.00e-09	42.7
TTNI16_194	olaTTNIg70_195	32.468	77	50	2	16	92	18	92	1.03e-09	42.7
TTNI16_194	olaTTNIg7_195	27.174	92	67	0	1	92	1	92	1.03e-09	42.7
TTNI16_194	olaTTNIg94_193	29.070	86	59	1	1	86	1	84	3.56e-09	41.2
TTNI16_194	olaTTNIg34_193	27.174	92	65	1	1	92	2	91	4.27e-09	41.2
TTNI16_194	olaTTNIg109_193	28.750	80	52	2	15	92	14	90	5.07e-09	40.8
TTNI16_194	olaTTNIg69_194	32.000	75	45	2	12	85	15	84	8.99e-09	40.0
TTNI16_194	olaTTNIg95_197	29.114	79	52	2	9	86	13	88	1.01e-08	40.0
TTNI16_194	olaTTNIg105_194	32.877	73	37	3	15	83	18	82	1.26e-08	39.7
TTNI16_194	olaTTNIg78_196	28.767	73	50	1	10	82	13	83	1.35e-08	39.7
TTNI16_194	olaTTNIg110_194	25.000	92	69	0	1	92	1	92	1.58e-08	39.7
TTNI16_194	olaTTNIg41_196	27.174	92	64	2	3	93	4	93	1.82e-08	39.7
TTNI16_194	olaTTNIg91_193	26.882	93	64	2	1	92	1	90	1.86e-08	39.3
TTNI16_194	olaTTNIg33_195	20.879	91	70	1	2	92	3	91	2.17e-08	39.3
TTNI16_194	olaTTNIg29_192	22.826	92	69	1	1	92	1	90	2.19e-08	39.3
TTNI16_194	olaTTNIg38_193	29.787	94	62	2	1	93	2	92	3.88e-08	38.5
TTNI16_194	olaTTNIg26_192	26.087	92	65	2	1	92	1	89	3.89e-08	38.5
TTNI16_194	olaTTNIg112_198	28.571	84	55	3	12	93	16	96	4.56e-08	38.5
TTNI16_194	olaTTNIg66_196	23.529	85	62	1	8	92	12	93	9.16e-08	37.7
TTNI16_194	olaTTNIg67_1104	25.610	82	56	1	8	84	12	93	1.33e-07	37.4
TTNI16_194	olaTTNIg101_195	26.829	82	54	3	1	82	7	82	1.68e-07	37.0
TTNI17_194	olaTTNIg23_194	38.462	91	56	0	2	92	1	91	9.89e-24	78.6
TTNI17_194	olaTTNIg108_193	32.258	93	63	0	2	94	1	93	2.66e-15	57.0
TTNI17_194	olaTTNIg38_193	29.670	91	64	0	1	91	1	91	8.55e-12	48.1
TTNI17_194	olaTTNIg53_190	42.857	63	35	1	8	70	10	71	1.92e-11	47.0
TTNI17_194	olaTTNIg44_197	33.766	77	50	1	16	92	22	97	9.58e-11	45.4
TTNI17_194	olaTTNIg22_193	30.435	92	63	1	1	92	1	91	1.07e-10	45.1
TTNI17_194	olaTTNIg52_188	30.233	86	55	2	7	92	7	87	2.80e-10	43.9
TTNI17_194	olaTTNIg9_193	29.670	91	63	1	2	92	1	90	2.88e-10	43.9
TTNI17_194	olaTTNIg20_187	31.884	69	46	1	7	75	7	74	4.04e-10	43.5
TTNI17_194	olaTTNIg43_297	30.682	88	59	2	7	93	8	94	4.59e-10	43.5
TTNI17_194	olaTTNIg116_195	30.000	90	59	2	4	91	4	91	6.83e-10	43.1
TTNI17_194	olaTTNIg29_192	29.670	91	64	0	2	92	1	91	1.12e-09	42.4
TTNI17_194	olaTTNIg2_194	29.032	93	66	0	1	93	1	93	1.42e-09	42.4
TTNI17_194	olaTTNIg30_194	29.885	87	60	1	1	86	1	87	1.97e-09	42.0
TTNI17_194	olaTTNIg32_194	23.656	93	70	1	1	92	1	93	2.32e-09	41.6
TTNI17_194	olaTTNIg21_195	29.348	92	65	0	1	92	1	92	3.25e-09	41.6
TTNI17_194	olaTTNIg11_191	31.395	86	56	3	8	92	8	91	6.30e-09	40.4
TTNI17_194	olaTTNIg115_194	25.806	93	69	0	1	93	1	93	9.38e-09	40.0
TTNI17_194	olaTTNIg36_194	24.731	93	69	1	1	92	1	93	1.32e-08	39.7
TTNI17_194	olaTTNIg51_488	29.762	84	54	2	8	91	5	83	2.05e-08	39.3
TTNI17_194	olaTTNIg112_198	29.268	82	57	1	13	93	16	97	2.77e-08	38.9
TTNI17_194	olaTTNIg74_196	25.806	93	66	2	2	91	1	93	3.60e-08	38.9
TTNI17_194	olaTTNIg28_194	31.522	92	61	2	2	91	1	92	7.55e-08	37.7
TTNI17_194	olaTTNIg8_195	29.032	93	64	1	2	92	1	93	1.39e-07	37.0
TTNI17_194	olaTTNIg39_194	26.506	83	61	0	9	91	10	92	1.67e-07	37.0
TTNI17_194	olaTTNIg49_187	29.545	88	56	2	6	93	6	87	2.36e-07	36.6
TTNI17_194	olaTTNIg42_192	26.966	89	60	2	4	91	6	90	2.60e-07	36.2
TTNI17_194	olaTTNIg55_190	28.571	84	55	2	8	91	10	88	3.11e-07	36.2
TTNI17_194	olaTTNIg117_196	23.077	91	70	0	1	91	1	91	3.66e-07	36.2
TTNI17_194	olaTTNIg41_196	28.916	83	58	1	10	91	10	92	8.33e-07	35.0
TTNI17_194	olaTTNIg27_192	27.848	79	57	0	13	91	12	90	9.06e-07	35.0
TTNI17_194	olaTTNIg31_193	24.719	89	67	0	1	89	1	89	1.66e-06	34.3
TTNI17_194	olaTTNIg13_189	30.588	85	56	2	8	92	8	89	2.21e-06	33.9
TTNI17_194	olaTTNIg24_194	27.473	91	66	0	2	92	1	91	2.34e-06	33.9
TTNI17_194	olaTTNIg60_187	29.070	86	56	2	7	92	7	87	2.55e-06	33.5
TTNI17_194	olaTTNIg19_391	29.762	84	54	2	8	91	8	86	2.61e-06	33.9
TTNI17_194	olaTTNIg3_195	25.000	92	69	0	1	92	1	92	2.90e-06	33.5
TTNI17_194	olaTTNIg59_189	27.174	92	62	2	3	94	3	89	4.47e-06	33.1
TTNI17_194	olaTTNIg17_290	30.435	92	60	1	1	92	2	89	5.17e-06	32.7
TTNI17_194	olaTTNIg73_197	22.222	81	63	0	11	91	14	94	5.54e-06	33.1
TTNI24_192	olaTTNIg24_194	35.165	91	59	0	1	91	1	91	1.33e-24	80.5
TTNI24_192	olaTTNIg108_193	39.024	82	50	0	1	82	1	82	4.03e-21	71.6
TTNI24_192	olaTTNIg21_195	34.066	91	60	0	1	91	2	92	8.75e-19	65.9
TTNI24_192	olaTTNIg2_194	30.769	91	63	0	1	91	2	92	1.11e-18	65.5
TTNI24_192	olaTTNIg6_195	31.183	93	63	1	1	92	1	93	6.47e-15	55.8
TTNI24_192	olaTTNIg3_195	28.571	91	65	0	1	91	2	92	1.11e-14	55.5
TTNI24_192	olaTTNIg113_197	31.183	93	61	1	1	90	2	94	6.72e-14	53.5
TTNI24_192	olaTTNIg5_198	33.333	93	61	1	1	92	2	94	8.69e-13	50.4
TTNI24_192	olaTTNIg25_194	31.522	92	60	2	1	90	2	92	1.15e-12	50.1
TTNI24_192	olaTTNIg10_194	29.787	94	63	2	1	92	2	94	1.79e-12	49.7
TTNI24_192	olaTTNIg9_193	34.615	78	50	1	15	92	15	91	2.50e-12	49.3
TTNI24_192	olaTTNIg44_197	41.818	55	32	0	34	88	40	94	3.07e-12	49.3
TTNI24_192	olaTTNIg37_193	28.889	90	64	0	1	90	2	91	3.42e-12	48.9
TTNI24_192	olaTTNIg4_195	35.556	90	56	1	1	88	2	91	4.34e-12	48.9
TTNI24_192	olaTTNIg36_194	30.435	92	63	1	1	91	2	93	4.99e-12	48.5
TTNI24_192	olaTTNIg23_194	28.261	92	66	0	1	92	1	92	5.44e-12	48.5
TTNI24_192	olaTTNIg110_194	33.708	89	52	3	1	85	1	86	9.33e-12	47.8
TTNI24_192	olaTTNIg33_195	26.136	88	65	0	3	90	4	91	1.11e-11	47.8
TTNI24_192	olaTTNIg27_192	28.889	90	64	0	1	90	1	90	2.01e-11	47.0
TTNI24_192	olaTTNIg32_194	28.261	92	65	1	1	91	2	93	2.57e-11	46.6
TTNI24_192	olaTTNIg116_195	32.500	80	54	0	12	91	13	92	1.87e-10	44.7
TTNI24_192	olaTTNIg47_188	44.186	43	24	0	30	72	31	73	2.55e-10	43.9
TTNI24_192	olaTTNIg26_192	34.426	61	39	1	31	90	29	89	4.58e-10	43.5
TTNI24_192	olaTTNIg41_196	28.090	89	63	1	3	90	4	92	2.39e-09	41.6
TTNI24_192	olaTTNIg67_1104	24.051	79	53	1	12	83	16	94	2.77e-09	41.6
TTNI24_192	olaTTNIg29_192	31.667	60	41	0	32	91	32	91	3.02e-09	41.2
TTNI24_192	olaTTNIg18_389	35.088	57	33	1	32	88	32	84	4.25e-09	40.8
TTNI24_192	olaTTNIg114_192	27.174	92	64	2	1	91	1	90	4.26e-09	40.8
TTNI24_192	olaTTNIg56_189	30.000	90	59	3	3	92	4	89	6.03e-09	40.4
TTNI24_192	olaTTNIg40_194	27.500	80	58	0	12	91	12	91	9.53e-09	40.0
TTNI24_192	olaTTNIg1_196	24.468	94	69	1	1	92	2	95	1.00e-08	40.0
TTNI24_192	olaTTNIg19_391	34.483	58	34	1	34	91	34	87	1.67e-08	39.3
TTNI24_192	olaTTNIg59_189	32.530	83	51	2	11	92	10	88	2.53e-08	38.9
TTNI24_192	olaTTNIg31_193	29.213	89	63	0	1	89	2	90	2.90e-08	38.9
TTNI24_192	olaTTNIg28_194	24.176	91	68	1	1	90	2	92	2.92e-08	38.9
TTNI24_192	olaTTNIg7_195	26.596	94	65	2	1	90	1	94	6.25e-08	38.1
TTNI24_192	olaTTNIg30_194	25.581	86	63	1	1	85	2	87	8.54e-08	37.7
TTNI24_192	olaTTNIg34_193	30.000	80	56	0	1	80	2	81	1.02e-07	37.4
TTNI24_192	olaTTNIg12_189	37.931	58	32	1	34	91	35	88	1.26e-07	37.0
TTNI24_192	olaTTNIg38_193	20.879	91	72	0	1	91	2	92	1.96e-07	36.6
TTNI24_192	olaTTNIg20_187	29.114	79	55	1	3	81	4	81	2.05e-07	36.6
TTNI24_192	olaTTNIg35_193	28.409	88	63	0	1	88	2	89	3.95e-07	35.8
TTNI24_192	olaTTNIg17_290	27.941	68	49	0	5	72	7	74	4.51e-07	35.8
TTNI24_192	olaTTNIg22_193	28.571	91	64	1	1	91	2	91	4.58e-07	35.8
TTNI24_192	olaTTNIg117_196	19.565	92	74	0	1	92	2	93	4.61e-07	35.8
TTNI24_192	olaTTNIg39_194	25.000	92	68	1	1	91	2	93	4.70e-07	35.8
TTNI24_192	olaTTNIg43_297	24.658	73	54	1	3	75	5	76	6.96e-07	35.4
TTNI24_192	olaTTNIg55_190	26.667	75	54	1	3	77	6	79	1.25e-06	34.7
TTNI24_192	olaTTNIg74_196	31.707	82	52	3	12	91	13	92	1.50e-06	34.3
TTNI24_192	olaTTNIg100_195	23.944	71	54	0	11	81	14	84	1.54e-06	34.3
TTNI25_195	olaTTNIg25_194	38.710	93	57	0	1	93	1	93	3.23e-22	74.7
TTNI25_195	olaTTNIg24_194	31.915	94	63	1	2	95	1	93	1.03e-16	60.8
TTNI25_195	olaTTNIg108_193	28.571	91	64	1	2	92	1	90	8.22e-15	55.8
TTNI25_195	olaTTNIg6_195	29.670	91	64	0	2	92	1	91	4.13e-14	53.9
TTNI25_195	olaTTNIg21_195	31.522	92	62	1	1	92	1	91	6.51e-14	53.5
TTNI25_195	olaTTNIg2_194	32.609	92	61	1	1	92	1	91	1.24e-13	52.8
TTNI25_195	olaTTNIg1_196	29.474	95	66	1	2	95	2	96	3.96e-13	51.6
TTNI25_195	olaTTNIg39_194	31.183	93	62	2	1	92	1	92	4.75e-13	51.2
TTNI25_195	olaTTNIg5_198	27.174	92	67	0	1	92	1	92	2.88e-12	49.3
TTNI25_195	olaTTNIg40_194	32.967	91	60	1	2	92	1	90	5.32e-12	48.5
TTNI25_195	olaTTNIg3_195	26.087	92	67	1	1	92	1	91	1.22e-11	47.8
TTNI25_195	olaTTNIg98_196	23.656	93	67	2	1	93	6	94	4.47e-11	46.2
TTNI25_195	olaTTNIg4_195	30.769	91	62	1	2	91	2	92	4.93e-11	46.2
TTNI25_195	olaTTNIg33_195	25.806	93	68	1	1	93	1	92	1.40e-10	45.1
TTNI25_195	olaTTNIg114_192	31.868	91	60	1	2	92	1	89	1.43e-10	45.1
TTNI25_195	olaTTNIg27_192	30.769	91	62	1	2	92	1	90	9.66e-10	42.7
TTNI25_195	olaTTNIg101_195	29.787	94	59	4	2	95	7	93	1.24e-09	42.4
TTNI25_195	olaTTNIg41_196	28.090	89	64	0	4	92	4	92	1.71e-09	42.4
TTNI25_195	olaTTNIg88_193	28.986	69	48	1	25	93	24	91	1.74e-09	42.0
TTNI25_195	olaTTNIg110_194	27.586	87	61	2	2	87	1	86	2.34e-09	42.0
TTNI25_195	olaTTNIg111_1101	27.473	91	66	0	2	92	8	98	3.30e-09	41.6
TTNI25_195	olaTTNIg71_194	32.500	80	47	3	16	93	18	92	3.62e-09	41.2
TTNI25_195	olaTTNIg28_194	25.806	93	69	0	1	93	1	93	4.43e-09	41.2
TTNI25_195	olaTTNIg95_197	26.042	96	67	2	1	93	1	95	4.45e-09	41.2
TTNI25_195	olaTTNIg38_193	26.087	92	67	1	1	92	1	91	4.74e-09	40.8
TTNI25_195	olaTTNIg8_195	30.108	93	62	2	2	92	1	92	5.59e-09	40.8
TTNI25_195	olaTTNIg89_196	28.235	85	60	1	9	93	11	94	6.61e-09	40.8
TTNI25_195	olaTTNIg36_194	27.174	92	65	2	2	92	2	92	8.59e-09	40.4
TTNI25_195	olaTTNIg31_193	29.545	88	61	1	1	88	1	87	1.22e-08	40.0
TTNI25_195	olaTTNIg113_197	30.208	96	63	2	1	93	1	95	1.45e-08	39.7
TTNI25_195	olaTTNIg115_194	28.723	94	66	1	2	95	2	94	1.91e-08	39.3
TTNI25_195	olaTTNIg35_193	28.261	92	65	1	1	92	1	91	1.96e-08	39.3
TTNI25_195	olaTTNIg44_197	32.292	96	59	3	1	92	3	96	2.39e-08	39.3
TTNI25_195	olaTTNIg72_197	30.435	69	47	1	25	93	28	95	4.61e-08	38.5
TTNI25_195	olaTTNIg7_195	24.211	95	71	1	2	95	1	95	4.70e-08	38.5
TTNI25_195	olaTTNIg10_194	28.571	91	65	0	2	92	2	92	5.47e-08	38.1
TTNI25_195	olaTTNIg76_192	27.778	72	51	1	21	92	19	89	5.87e-08	38.1
TTNI25_195	olaTTNIg105_194	31.034	87	54	3	7	92	8	89	7.68e-08	37.7
TTNI25_195	olaTTNIg30_194	27.957	93	65	2	1	92	1	92	7.84e-08	37.7
TTNI25_195	olaTTNIg70_195	26.866	67	48	1	27	93	28	93	1.02e-07	37.4
TTNI25_195	olaTTNIg94_193	31.507	73	49	1	21	93	20	91	1.13e-07	37.4
TTNI25_195	olaTTNIg34_193	28.571	91	64	1	2	92	2	91	1.18e-07	37.4
TTNI25_195	olaTTNIg99_197	31.579	57	38	1	27	83	29	84	1.30e-07	37.4
TTNI25_195	olaTTNIg96_194	32.836	67	42	1	27	93	29	92	1.32e-07	37.4
TTNI25_195	olaTTNIg77_197	28.235	85	60	1	9	93	12	95	1.36e-07	37.4
TTNI25_195	olaTTNIg103_196	32.000	75	50	1	11	85	13	86	1.45e-07	37.0
TTNI25_195	olaTTNIg9_193	28.049	82	57	1	9	90	8	87	1.52e-07	37.0
TTNI25_195	olaTTNIg29_192	26.374	91	66	1	2	92	1	90	1.68e-07	37.0
TTNI25_195	olaTTNIg107_194	27.536	69	47	2	25	93	27	92	1.70e-07	37.0
TTNI25_195	olaTTNIg87_194	25.882	85	60	1	9	93	11	92	2.33e-07	36.6
TTNI26_191	olaTTNIg26_192	44.444	90	50	0	1	90	1	90	7.35e-27	86.3
TTNI26_191	olaTTNIg24_194	29.885	87	55	3	5	89	8	90	1.51e-11	47.4
TTNI26_191	olaTTNIg22_193	28.889	90	62	2	1	89	2	90	4.16e-10	43.5
TTNI26_191	olaTTNIg113_197	33.684	95	57	4	1	90	2	95	8.29e-10	42.7
TTNI26_191	olaTTNIg108_193	31.148	61	41	1	29	89	31	90	2.08e-09	41.6
TTNI26_191	olaTTNIg21_195	31.169	77	50	2	15	89	16	91	5.53e-09	40.8
TTNI26_191	olaTTNIg2_194	28.571	91	62	2	1	89	2	91	7.89e-09	40.4
TTNI26_191	olaTTNIg14_188	32.584	89	53	3	3	89	4	87	3.61e-08	38.5
TTNI26_191	olaTTNIg30_194	29.268	82	55	2	10	89	12	92	1.03e-07	37.4
TTNI26_191	olaTTNIg23_194	35.000	60	38	1	30	89	32	90	1.09e-07	37.4
TTNI26_191	olaTTNIg112_198	25.000	96	64	3	1	89	1	95	7.52e-07	35.0
TTNI26_191	olaTTNIg56_189	28.000	75	51	3	14	87	15	87	2.36e-06	33.9
TTNI26_191	olaTTNIg34_193	33.333	60	39	1	30	89	33	91	2.46e-06	33.9
TTNI27_194	olaTTNIg27_192	53.261	92	43	0	2	93	1	92	8.82e-32	99.0
TTNI27_194	olaTTNIg36_194	35.106	94	60	1	1	93	1	94	4.20e-18	64.3
TTNI27_194	olaTTNIg108_193	34.409	93	61	0	2	94	1	93	4.68e-17	61.6
TTNI27_194	olaTTNIg29_192	29.348	92	65	0	2	93	1	92	1.19e-16	60.5
TTNI27_194	olaTTNIg40_194	31.111	90	62	0	2	91	1	90	5.33e-15	56.2
TTNI27_194	olaTTNIg33_195	31.111	90	62	0	4	93	4	93	7.55e-15	55.8
TTNI27_194	olaTTNIg24_194	33.333	90	60	0	2	91	1	90	8.13e-15	55.8
TTNI27_194	olaTTNIg35_193	41.667	60	35	0	34	93	34	93	6.02e-14	53.5
TTNI27_194	olaTTNIg23_194	30.000	90	63	0	2	91	1	90	2.48e-13	52.0
TTNI27_194	olaTTNIg44_197	37.179	78	48	1	14	91	20	96	5.13e-13	51.2
TTNI27_194	olaTTNIg115_194	31.522	92	63	0	1	92	1	92	5.18e-13	51.2
TTNI27_194	olaTTNIg21_195	28.889	90	64	0	2	91	2	91	9.79e-13	50.4
TTNI27_194	olaTTNIg31_193	28.261	92	66	0	2	93	2	93	3.39e-12	48.9
TTNI27_194	olaTTNIg22_193	31.522	92	62	1	2	93	2	92	5.27e-12	48.5
TTNI27_194	olaTTNIg32_194	29.032	93	65	1	2	93	2	94	1.61e-11	47.4
TTNI27_194	olaTTNIg39_194	30.337	89	62	0	5	93	6	94	1.70e-11	47.4
TTNI27_194	olaTTNIg117_196	29.348	92	65	0	1	92	1	92	2.00e-11	47.0
TTNI27_194	olaTTNIg116_195	30.769	91	63	0	4	94	4	94	2.85e-11	46.6
TTNI27_194	olaTTNIg11_191	36.486	74	45	2	18	91	19	90	3.87e-11	46.2
TTNI27_194	olaTTNIg30_194	25.806	93	68	1	2	93	2	94	1.53e-10	44.7
TTNI27_194	olaTTNIg113_197	32.500	80	51	1	15	91	15	94	2.01e-10	44.7
TTNI27_194	olaTTNIg9_193	30.588	85	58	1	9	93	8	91	2.25e-10	44.3
TTNI27_194	olaTTNIg38_193	26.087	92	68	0	2	93	2	93	2.94e-10	43.9
TTNI27_194	olaTTNIg25_194	31.522	92	62	1	2	92	2	93	3.03e-10	43.9
TTNI27_194	olaTTNIg34_193	23.656	93	71	0	1	93	1	93	4.47e-10	43.5
TTNI27_194	olaTTNIg20_187	33.333	60	39	1	19	78	19	77	2.32e-09	41.6
TTNI27_194	olaTTNIg10_194	30.435	92	63	1	1	91	1	92	2.42e-09	41.6
TTNI27_194	olaTTNIg41_196	31.579	76	51	1	19	93	19	94	3.73e-09	41.2
TTNI27_194	olaTTNIg59_189	31.034	87	55	2	8	94	8	89	6.13e-09	40.4
TTNI27_194	olaTTNIg110_194	27.957	93	63	2	2	91	1	92	1.15e-08	40.0
TTNI27_194	olaTTNIg112_198	30.000	90	62	1	4	92	7	96	1.21e-08	40.0
TTNI27_194	olaTTNIg98_196	28.421	95	65	1	2	93	1	95	3.24e-08	38.9
TTNI27_194	olaTTNIg28_194	29.474	95	62	2	2	93	2	94	4.44e-08	38.5
TTNI27_194	olaTTNIg3_195	25.275	91	68	0	1	91	1	91	5.35e-08	38.1
TTNI27_194	olaTTNIg4_195	28.571	91	63	1	1	89	1	91	7.28e-08	37.7
TTNI27_194	olaTTNIg2_194	25.556	90	67	0	2	91	2	91	9.94e-08	37.4
TTNI27_194	olaTTNIg58_193	32.184	87	57	2	8	93	8	93	1.10e-07	37.4
TTNI27_194	olaTTNIg8_195	23.404	94	70	1	2	93	1	94	1.47e-07	37.0
TTNI27_194	olaTTNIg53_190	24.000	75	56	1	4	78	6	79	1.77e-07	37.0
TTNI27_194	olaTTNIg46_189	32.895	76	44	3	19	93	20	89	1.84e-07	36.6
TTNI27_194	olaTTNIg72_197	27.273	88	64	0	6	93	9	96	2.08e-07	36.6
TTNI27_194	olaTTNIg5_198	25.806	93	64	2	2	91	2	92	3.66e-07	36.2
TTNI27_194	olaTTNIg74_196	28.421	95	65	2	2	93	1	95	3.98e-07	35.8
TTNI27_194	olaTTNIg1_196	23.404	94	70	1	1	92	1	94	7.27e-07	35.4
TTNI27_194	olaTTNIg83_195	27.273	66	48	0	16	81	17	82	7.38e-07	35.4
TTNI27_194	olaTTNIg16_189	28.409	88	58	2	4	91	5	87	7.82e-07	35.0
TTNI27_194	olaTTNIg73_197	24.706	85	64	0	9	93	12	96	9.21e-07	35.0
TTNI27_194	olaTTNIg43_297	29.545	88	60	2	6	92	7	93	1.03e-06	35.0
TTNI27_194	olaTTNIg6_195	28.261	92	63	2	2	91	1	91	1.08e-06	34.7
TTNI27_194	olaTTNIg55_190	30.682	88	56	2	6	93	8	90	1.09e-06	34.7
TTNI28_193	olaTTNIg28_194	37.234	94	58	1	1	93	1	94	1.92e-22	75.1
TTNI28_193	olaTTNIg27_192	35.870	92	59	0	2	93	1	92	1.19e-16	60.5
TTNI28_193	olaTTNIg1_196	33.696	92	59	1	2	91	2	93	4.49e-15	56.6
TTNI28_193	olaTTNIg39_194	31.522	92	62	1	1	91	1	92	1.97e-14	54.7
TTNI28_193	olaTTNIg32_194	34.783	92	59	1	1	91	1	92	5.52e-14	53.5
TTNI28_193	olaTTNIg30_194	29.348	92	64	1	1	91	1	92	1.06e-13	52.8
TTNI28_193	olaTTNIg38_193	29.670	91	64	0	1	91	1	91	1.10e-13	52.8
TTNI28_193	olaTTNIg33_195	27.957	93	67	0	1	93	1	93	1.39e-13	52.8
TTNI28_193	olaTTNIg25_194	29.032	93	65	1	1	92	1	93	1.66e-13	52.4
TTNI28_193	olaTTNIg40_194	32.222	90	61	0	2	91	1	90	2.71e-13	52.0
TTNI28_193	olaTTNIg2_194	30.769	91	63	0	1	91	1	91	2.71e-13	52.0
TTNI28_193	olaTTNIg117_196	31.111	90	60	1	2	91	2	89	3.75e-13	51.6
TTNI28_193	olaTTNIg21_195	29.670	91	64	0	1	91	1	91	5.71e-13	51.2
TTNI28_193	olaTTNIg116_195	30.864	81	56	0	1	81	1	81	6.09e-13	50.8
TTNI28_193	olaTTNIg113_197	28.421	95	65	1	1	92	1	95	9.69e-13	50.4
TTNI28_193	olaTTNIg23_194	30.000	90	63	0	2	91	1	90	9.89e-13	50.4
TTNI28_193	olaTTNIg8_195	30.851	94	63	1	2	93	1	94	3.43e-11	46.6
TTNI28_193	olaTTNIg114_192	31.169	77	50	2	16	91	15	89	1.24e-10	45.1
TTNI28_193	olaTTNIg36_194	29.670	91	63	1	2	91	2	92	2.00e-10	44.7
TTNI28_193	olaTTNIg108_193	26.667	90	66	0	2	91	1	90	2.20e-10	44.3
TTNI28_193	olaTTNIg44_197	32.468	77	51	1	15	91	21	96	2.89e-10	44.3
TTNI28_193	olaTTNIg24_194	24.444	90	68	0	2	91	1	90	5.36e-10	43.5
TTNI28_193	olaTTNIg5_198	27.174	92	66	1	1	91	1	92	5.49e-10	43.5
TTNI28_193	olaTTNIg4_195	30.488	82	55	1	2	81	2	83	9.64e-10	42.7
TTNI28_193	olaTTNIg9_193	28.395	81	57	1	2	82	1	80	1.88e-09	42.0
TTNI28_193	olaTTNIg47_188	32.857	70	46	1	4	73	5	73	2.59e-09	41.6
TTNI28_193	olaTTNIg29_192	23.333	90	69	0	2	91	1	90	3.47e-09	41.2
TTNI28_193	olaTTNIg41_196	30.000	90	60	2	4	91	4	92	3.47e-09	41.2
TTNI28_193	olaTTNIg43_297	27.397	73	52	1	4	76	5	76	6.83e-08	38.1
TTNI28_193	olaTTNIg112_198	28.571	77	54	1	16	91	19	95	7.14e-08	38.1
TTNI28_193	olaTTNIg22_193	27.160	81	58	1	1	81	1	80	9.30e-08	37.4
TTNI28_193	olaTTNIg73_197	32.530	83	52	1	10	92	13	91	2.45e-07	36.6
TTNI28_193	olaTTNIg88_193	28.571	84	60	0	10	93	9	92	2.74e-07	36.2
TTNI28_193	olaTTNIg52_188	28.049	82	57	2	4	84	4	84	2.98e-07	36.2
TTNI28_193	olaTTNIg77_197	25.882	85	58	1	9	93	17	96	4.52e-07	35.8
TTNI28_193	olaTTNIg72_197	23.958	96	70	1	1	93	1	96	6.53e-07	35.4
TTNI28_193	olaTTNIg20_187	28.409	88	58	2	4	91	4	86	9.12e-07	34.7
TTNI28_193	olaTTNIg35_193	26.374	91	67	0	1	91	1	91	1.14e-06	34.7
TTNI28_193	olaTTNIg17_290	29.851	67	47	0	9	75	10	76	1.74e-06	34.3
TTNI28_193	olaTTNIg31_193	25.610	82	61	0	1	82	1	82	1.84e-06	34.3
TTNI28_193	olaTTNIg10_194	29.348	92	62	2	2	91	2	92	2.07e-06	33.9
TTNI28_193	olaTTNIg6_195	27.160	81	58	1	2	81	1	81	3.04e-06	33.5
TTNI28_193	olaTTNIg101_195	32.051	78	42	3	9	81	11	82	3.27e-06	33.5
TTNI28_193	olaTTNIg76_192	25.882	85	62	1	8	92	6	89	3.94e-06	33.1
TTNI28_193	olaTTNIg34_193	21.111	90	71	0	2	91	2	91	4.21e-06	33.1
TTNI28_193	olaTTNIg69_194	26.027	73	52	1	9	81	11	81	8.45e-06	32.3
TTNI28_193	olaTTNIg37_193	21.348	89	70	0	1	89	1	89	8.96e-06	32.3
TTNI28_193	olaTTNIg3_195	22.500	80	62	0	2	81	2	81	9.32e-06	32.3
TTNI29_193	olaTTNIg29_192	51.087	92	45	0	2	93	1	92	5.11e-31	97.1
TTNI29_193	olaTTNIg36_194	34.409	93	60	1	2	93	2	94	3.01e-19	67.0
TTNI29_193	olaTTNIg38_193	32.609	92	62	0	2	93	2	93	1.04e-18	65.9
TTNI29_193	olaTTNIg39_194	33.333	93	61	1	2	93	2	94	4.24e-18	64.3
TTNI29_193	olaTTNIg32_194	34.409	93	60	1	2	93	2	94	1.12e-17	63.2
TTNI29_193	olaTTNIg40_194	32.967	91	61	0	2	92	1	91	4.63e-17	61.6
TTNI29_193	olaTTNIg34_193	33.696	92	61	0	2	93	2	93	4.24e-16	58.9
TTNI29_193	olaTTNIg30_194	35.484	93	59	1	2	93	2	94	1.02e-14	55.5
TTNI29_193	olaTTNIg27_192	32.609	92	62	0	2	93	1	92	1.07e-14	55.5
TTNI29_193	olaTTNIg3_195	30.851	94	63	1	2	93	2	95	3.25e-13	51.6
TTNI29_193	olaTTNIg31_193	30.435	92	64	0	2	93	2	93	4.35e-13	51.2
TTNI29_193	olaTTNIg24_194	26.374	91	67	0	2	92	1	91	8.88e-13	50.4
TTNI29_193	olaTTNIg28_194	32.258	93	62	1	2	93	2	94	1.52e-12	50.1
TTNI29_193	olaTTNIg8_195	29.787	94	64	1	2	93	1	94	3.50e-12	48.9
TTNI29_193	olaTTNIg33_195	32.394	71	48	0	21	91	21	91	1.21e-11	47.8
TTNI29_193	olaTTNIg5_198	35.000	60	38	1	33	91	33	92	5.97e-11	45.8
TTNI29_193	olaTTNIg2_194	27.473	91	66	0	2	92	2	92	1.40e-10	45.1
TTNI29_193	olaTTNIg113_197	31.183	93	61	1	2	91	2	94	1.49e-10	45.1
TTNI29_193	olaTTNIg1_196	30.851	94	59	2	2	91	2	93	1.68e-10	44.7
TTNI29_193	olaTTNIg37_193	25.000	92	69	0	2	93	2	93	8.42e-10	42.7
TTNI29_193	olaTTNIg20_187	30.682	88	56	2	4	91	4	86	1.65e-09	42.0
TTNI29_193	olaTTNIg44_197	30.435	92	59	2	4	91	6	96	1.82e-09	42.0
TTNI29_193	olaTTNIg114_192	31.868	91	59	2	2	91	1	89	2.77e-09	41.6
TTNI29_193	olaTTNIg23_194	26.374	91	67	0	2	92	1	91	2.79e-09	41.6
TTNI29_193	olaTTNIg112_198	32.857	70	46	1	23	91	26	95	2.94e-09	41.6
TTNI29_193	olaTTNIg4_195	31.915	94	62	1	2	93	2	95	3.71e-09	41.2
TTNI29_193	olaTTNIg108_193	21.111	90	71	0	2	91	1	90	1.37e-08	39.7
TTNI29_193	olaTTNIg116_195	25.000	72	54	0	21	92	21	92	1.70e-08	39.7
TTNI29_193	olaTTNIg56_189	31.325	83	56	1	2	84	2	83	2.08e-08	39.3
TTNI29_193	olaTTNIg35_193	33.333	63	42	0	31	93	31	93	3.54e-08	38.5
TTNI29_193	olaTTNIg6_195	37.931	58	35	1	35	91	34	91	9.13e-08	37.7
TTNI29_193	olaTTNIg26_192	35.000	60	38	1	33	91	30	89	2.16e-07	36.6
TTNI29_193	olaTTNIg21_195	26.374	91	67	0	2	92	2	92	2.72e-07	36.2
TTNI29_193	olaTTNIg88_193	31.343	67	46	0	15	81	14	80	3.05e-07	36.2
TTNI29_193	olaTTNIg9_193	26.087	92	67	1	2	93	1	91	4.02e-07	35.8
TTNI29_193	olaTTNIg55_190	29.670	91	59	2	3	93	5	90	4.77e-07	35.8
TTNI29_193	olaTTNIg52_188	25.275	91	63	2	3	93	3	88	5.07e-07	35.4
TTNI29_193	olaTTNIg85_194	30.303	66	42	2	30	93	30	93	6.10e-07	35.4
TTNI29_193	olaTTNIg22_193	24.444	90	67	1	2	91	2	90	9.86e-07	35.0
TTNI29_193	olaTTNIg72_197	33.871	62	41	0	32	93	35	96	1.81e-06	34.3
TTNI29_193	olaTTNIg41_196	36.066	61	38	1	32	91	32	92	4.69e-06	33.1
TTNI29_193	olaTTNIg74_196	39.344	61	35	1	33	91	33	93	7.20e-06	32.7
TTNI29_193	olaTTNIg15_187	35.088	57	33	1	35	91	34	86	9.24e-06	32.3
TTNI29_193	olaTTNIg19_391	31.507	73	41	3	21	91	21	86	9.88e-06	32.0
TTNI29_193	olaTTNIg70_195	33.871	62	37	2	32	91	33	92	9.92e-06	32.3
TTNI30_194	olaTTNIg36_194	44.086	93	52	0	2	94	2	94	5.56e-27	86.7
TTNI30_194	olaTTNIg30_194	37.234	94	59	0	1	94	1	94	1.31e-23	78.2
TTNI30_194	olaTTNIg40_194	34.783	92	59	1	2	93	1	91	5.15e-19	66.6
TTNI30_194	olaTTNIg39_194	31.915	94	64	0	1	94	1	94	1.58e-17	62.8
TTNI30_194	olaTTNIg38_193	31.915	94	63	1	1	94	1	93	6.01e-17	61.2
TTNI30_194	olaTTNIg32_194	29.474	95	65	2	1	94	1	94	6.30e-17	61.2
TTNI30_194	olaTTNIg1_196	30.108	93	62	2	2	92	2	93	8.47e-16	58.5
TTNI30_194	olaTTNIg29_192	30.108	93	64	1	2	94	1	92	2.71e-15	57.0
TTNI30_194	olaTTNIg34_193	36.842	76	48	0	19	94	18	93	3.60e-15	56.6
TTNI30_194	olaTTNIg21_195	31.183	93	63	1	1	93	1	92	4.44e-15	56.6
TTNI30_194	olaTTNIg27_192	32.258	93	62	1	2	94	1	92	1.28e-14	55.1
TTNI30_194	olaTTNIg22_193	32.927	82	53	2	1	82	1	80	1.27e-13	52.8
TTNI30_194	olaTTNIg28_194	32.632	95	62	2	1	94	1	94	1.58e-13	52.4
TTNI30_194	olaTTNIg33_195	29.348	92	64	1	1	92	1	91	3.71e-13	51.6
TTNI30_194	olaTTNIg108_193	29.348	92	64	1	2	93	1	91	4.80e-13	51.2
TTNI30_194	olaTTNIg3_195	31.169	77	53	0	17	93	16	92	7.56e-13	50.8
TTNI30_194	olaTTNIg37_193	30.851	94	64	1	1	94	1	93	1.34e-12	50.1
TTNI30_194	olaTTNIg35_193	32.979	94	62	1	1	94	1	93	1.34e-12	50.1
TTNI30_194	olaTTNIg5_198	26.596	94	67	2	1	93	1	93	3.21e-12	49.3
TTNI30_194	olaTTNIg2_194	27.957	93	66	1	1	93	1	92	3.81e-12	48.9
TTNI30_194	olaTTNIg9_193	28.261	92	58	2	10	94	1	91	4.68e-12	48.5
TTNI30_194	olaTTNIg8_195	30.526	95	63	2	2	94	1	94	7.27e-12	48.1
TTNI30_194	olaTTNIg31_193	34.043	94	61	1	1	94	1	93	1.29e-11	47.8
TTNI30_194	olaTTNIg23_194	32.468	77	52	0	17	93	15	91	2.85e-11	46.6
TTNI30_194	olaTTNIg25_194	24.731	93	68	2	1	92	1	92	1.43e-10	45.1
TTNI30_194	olaTTNIg113_197	31.646	79	51	2	17	92	16	94	1.15e-09	42.7
TTNI30_194	olaTTNIg112_198	27.273	77	55	1	17	92	19	95	1.53e-09	42.4
TTNI30_194	olaTTNIg44_197	29.167	96	64	2	1	93	3	97	1.67e-09	42.4
TTNI30_194	olaTTNIg98_196	31.034	87	56	1	10	92	7	93	2.01e-09	42.0
TTNI30_194	olaTTNIg4_195	32.292	96	60	3	2	94	2	95	3.43e-09	41.2
TTNI30_194	olaTTNIg89_196	24.731	93	62	3	2	92	7	93	3.77e-09	41.2
TTNI30_194	olaTTNIg91_193	29.268	82	58	0	11	92	9	90	4.14e-09	41.2
TTNI30_194	olaTTNIg24_194	21.739	92	71	1	2	93	1	91	5.16e-09	40.8
TTNI30_194	olaTTNIg88_193	32.308	65	44	0	28	92	26	90	7.68e-09	40.4
TTNI30_194	olaTTNIg86_197	25.316	79	55	1	8	82	6	84	1.24e-08	40.0
TTNI30_194	olaTTNIg100_195	26.667	75	55	0	17	91	18	92	1.51e-08	39.7
TTNI30_194	olaTTNIg117_196	25.556	90	58	2	10	92	2	89	2.35e-08	39.3
TTNI30_194	olaTTNIg56_189	39.535	43	26	0	33	75	31	73	2.85e-08	38.9
TTNI30_194	olaTTNIg72_197	23.684	76	58	0	17	92	19	94	2.90e-08	38.9
TTNI30_194	olaTTNIg95_197	26.596	94	67	1	1	92	1	94	3.55e-08	38.9
TTNI30_194	olaTTNIg10_194	25.806	93	67	2	2	93	2	93	5.32e-08	38.1
TTNI30_194	olaTTNIg116_195	28.571	84	55	3	1	82	1	81	6.62e-08	38.1
TTNI30_194	olaTTNIg115_194	28.788	66	47	0	17	82	16	81	9.84e-08	37.4
TTNI30_194	olaTTNIg52_188	27.059	85	57	2	10	94	9	88	1.18e-07	37.4
TTNI30_194	olaTTNIg114_192	26.582	79	55	2	17	94	15	91	1.50e-07	37.0
TTNI30_194	olaTTNIg110_194	34.722	72	44	3	19	88	17	87	1.60e-07	37.0
TTNI30_194	olaTTNIg90_195	29.333	75	48	2	17	91	19	88	1.65e-07	37.0
TTNI30_194	olaTTNIg41_196	26.667	75	54	1	19	92	18	92	3.12e-07	36.2
TTNI30_194	olaTTNIg76_192	26.923	78	57	0	17	94	14	91	4.71e-07	35.8
TTNI30_194	olaTTNIg82_196	26.866	67	49	0	17	83	18	84	5.82e-07	35.4
TTNI31_193	olaTTNIg31_193	51.852	81	39	0	1	81	1	81	5.07e-28	89.4
TTNI31_193	olaTTNIg37_193	36.559	93	59	0	1	93	1	93	6.20e-22	73.9
TTNI31_193	olaTTNIg35_193	31.183	93	64	0	1	93	1	93	3.59e-18	64.3
TTNI31_193	olaTTNIg36_194	35.484	93	59	1	2	93	2	94	5.82e-16	58.5
TTNI31_193	olaTTNIg33_195	28.409	88	63	0	1	88	1	88	1.40e-15	57.8
TTNI31_193	olaTTNIg39_194	30.208	96	62	2	1	93	1	94	2.72e-15	57.0
TTNI31_193	olaTTNIg9_193	35.165	91	54	2	2	92	1	86	3.09e-15	57.0
TTNI31_193	olaTTNIg29_192	31.522	92	63	0	2	93	1	92	1.16e-14	55.5
TTNI31_193	olaTTNIg34_193	32.609	92	62	0	2	93	2	93	1.62e-14	55.1
TTNI31_193	olaTTNIg30_194	29.787	94	65	1	1	93	1	94	1.73e-14	55.1
TTNI31_193	olaTTNIg2_194	30.435	92	64	0	1	92	1	92	1.89e-14	54.7
TTNI31_193	olaTTNIg32_194	30.851	94	64	1	1	93	1	94	2.85e-14	54.3
TTNI31_193	olaTTNIg22_193	34.091	88	57	1	1	88	1	87	3.77e-14	53.9
TTNI31_193	olaTTNIg38_193	29.032	93	66	0	1	93	1	93	7.15e-14	53.1
TTNI31_193	olaTTNIg40_194	30.769	91	63	0	2	92	1	91	8.98e-14	53.1
TTNI31_193	olaTTNIg28_194	31.395	86	58	1	1	85	1	86	1.37e-13	52.8
TTNI31_193	olaTTNIg27_192	30.435	92	64	0	2	93	1	92	2.13e-13	52.0
TTNI31_193	olaTTNIg24_194	31.111	90	61	1	2	91	1	89	1.14e-12	50.4
TTNI31_193	olaTTNIg108_193	29.268	82	58	0	2	83	1	82	3.28e-12	48.9
TTNI31_193	olaTTNIg44_197	34.409	93	52	3	1	87	3	92	2.76e-11	46.6
TTNI31_193	olaTTNIg55_190	35.526	76	46	2	1	74	1	75	2.63e-10	43.9
TTNI31_193	olaTTNIg21_195	24.211	95	66	2	1	92	1	92	3.03e-10	43.9
TTNI31_193	olaTTNIg54_189	33.784	74	48	1	1	74	2	74	7.15e-10	42.7
TTNI31_193	olaTTNIg5_198	26.190	84	61	1	1	83	1	84	9.39e-09	40.0
TTNI31_193	olaTTNIg117_196	25.610	82	61	0	2	83	2	83	1.05e-08	40.0
TTNI31_193	olaTTNIg3_195	22.500	80	62	0	2	81	2	81	1.72e-08	39.7
TTNI31_193	olaTTNIg11_191	31.579	76	48	3	3	76	3	76	1.88e-08	39.3
TTNI31_193	olaTTNIg4_195	27.660	94	65	2	2	93	2	94	2.04e-08	39.3
TTNI31_193	olaTTNIg72_197	28.571	84	57	1	1	81	1	84	2.82e-08	38.9
TTNI31_193	olaTTNIg1_196	23.913	92	68	1	2	91	2	93	4.61e-08	38.5
TTNI31_193	olaTTNIg115_194	24.138	87	66	0	2	88	2	88	4.80e-08	38.1
TTNI31_193	olaTTNIg112_198	30.357	56	39	0	32	87	36	91	7.86e-08	37.7
TTNI31_193	olaTTNIg23_194	26.829	82	58	2	2	82	1	81	1.27e-07	37.4
TTNI31_193	olaTTNIg57_188	29.167	72	50	1	1	72	1	71	2.04e-07	36.6
TTNI31_193	olaTTNIg20_187	27.711	83	59	1	4	86	4	85	2.35e-07	36.2
TTNI31_193	olaTTNIg116_195	28.049	82	58	1	2	82	1	82	3.90e-07	35.8
TTNI31_193	olaTTNIg14_188	27.273	77	54	2	8	83	8	83	1.71e-06	34.3
TTNI31_193	olaTTNIg49_187	28.169	71	49	1	4	74	4	72	3.45e-06	33.5
TTNI31_193	olaTTNIg17_290	26.829	82	56	1	6	87	7	84	4.31e-06	33.1
TTNI31_193	olaTTNIg58_193	23.077	91	68	2	4	93	4	93	5.04e-06	33.1
TTNI31_193	olaTTNIg85_194	24.528	53	40	0	33	85	33	85	7.69e-06	32.3
TTNI31_193	olaTTNIg70_195	24.194	62	47	0	20	81	21	82	7.97e-06	32.3
TTNI31_193	olaTTNIg76_192	27.027	74	54	0	9	82	7	80	9.70e-06	32.3
TTNI32_193	olaTTNIg32_194	45.745	94	50	1	1	93	1	94	1.03e-28	91.3
TTNI32_193	olaTTNIg39_194	38.298	94	57	1	1	93	1	94	7.57e-21	71.2
TTNI32_193	olaTTNIg34_193	36.957	92	58	0	2	93	2	93	1.18e-19	68.2
TTNI32_193	olaTTNIg38_193	32.258	93	63	0	1	93	1	93	2.75e-19	67.0
TTNI32_193	olaTTNIg1_196	38.043	92	55	1	2	91	2	93	1.81e-18	65.1
TTNI32_193	olaTTNIg30_194	31.915	94	63	1	1	93	1	94	7.31e-17	60.8
TTNI32_193	olaTTNIg36_194	38.298	94	55	3	2	93	2	94	1.40e-16	60.1
TTNI32_193	olaTTNIg22_193	32.584	89	59	1	1	89	1	88	6.70e-14	53.5
TTNI32_193	olaTTNIg35_193	33.333	93	62	0	1	93	1	93	2.51e-13	52.0
TTNI32_193	olaTTNIg40_194	30.769	91	63	0	2	92	1	91	3.89e-12	48.9
TTNI32_193	olaTTNIg89_196	31.169	77	53	0	15	91	17	93	5.10e-12	48.5
TTNI32_193	olaTTNIg3_195	27.473	91	66	0	2	92	2	92	5.27e-12	48.5
TTNI32_193	olaTTNIg31_193	31.765	85	58	0	1	85	1	85	1.02e-11	47.8
TTNI32_193	olaTTNIg28_194	30.851	94	64	1	1	93	1	94	4.30e-11	46.2
TTNI32_193	olaTTNIg23_194	25.275	91	68	0	2	92	1	91	8.46e-11	45.4
TTNI32_193	olaTTNIg44_197	32.292	96	60	2	1	92	3	97	1.49e-10	45.1
TTNI32_193	olaTTNIg29_192	29.348	92	65	0	2	93	1	92	3.01e-10	43.9
TTNI32_193	olaTTNIg37_193	22.581	93	72	0	1	93	1	93	6.04e-10	43.1
TTNI32_193	olaTTNIg72_197	32.184	87	56	1	1	84	1	87	6.53e-10	43.1
TTNI32_193	olaTTNIg21_195	26.087	92	68	0	1	92	1	92	7.22e-10	43.1
TTNI32_193	olaTTNIg5_198	30.108	93	64	1	1	92	1	93	1.74e-09	42.0
TTNI32_193	olaTTNIg73_197	30.952	84	55	1	1	81	1	84	2.21e-09	42.0
TTNI32_193	olaTTNIg111_1101	26.882	93	67	1	2	93	8	100	8.91e-09	40.4
TTNI32_193	olaTTNIg106_196	29.114	79	56	0	13	91	15	93	1.13e-08	40.0
TTNI32_193	olaTTNIg79_197	35.526	76	48	1	12	86	14	89	1.55e-08	39.7
TTNI32_193	olaTTNIg76_192	23.457	81	62	0	13	93	11	91	1.70e-08	39.3
TTNI32_193	olaTTNIg116_195	27.957	93	67	0	1	93	1	93	1.76e-08	39.3
TTNI32_193	olaTTNIg20_187	29.213	89	58	2	4	92	4	87	1.96e-08	39.3
TTNI32_193	olaTTNIg25_194	25.806	93	66	3	1	91	1	92	7.57e-08	37.7
TTNI32_193	olaTTNIg108_193	27.473	91	66	0	2	92	1	91	1.08e-07	37.4
TTNI32_193	olaTTNIg112_198	30.508	59	41	0	33	91	37	95	1.31e-07	37.4
TTNI32_193	olaTTNIg71_194	27.632	76	53	1	10	85	12	85	1.51e-07	37.0
TTNI32_193	olaTTNIg75_195	32.432	74	47	2	11	83	13	84	1.64e-07	37.0
TTNI32_193	olaTTNIg86_197	26.027	73	54	0	11	83	14	86	1.88e-07	37.0
TTNI32_193	olaTTNIg27_192	26.596	94	65	2	2	93	1	92	4.73e-07	35.8
TTNI32_193	olaTTNIg41_196	30.337	89	61	1	4	91	4	92	4.84e-07	35.8
TTNI32_193	olaTTNIg33_195	29.268	82	56	2	1	81	1	81	5.18e-07	35.8
TTNI32_193	olaTTNIg70_195	23.913	92	69	1	1	91	1	92	7.90e-07	35.0
TTNI32_193	olaTTNIg99_197	30.000	70	49	0	12	81	14	83	1.08e-06	34.7
TTNI32_193	olaTTNIg7_195	27.907	86	60	1	2	85	1	86	1.37e-06	34.7
TTNI32_193	olaTTNIg77_197	30.986	71	49	0	15	85	18	88	1.38e-06	34.7
TTNI32_193	olaTTNIg95_197	28.736	87	59	1	1	84	1	87	1.89e-06	34.3
TTNI32_193	olaTTNIg100_195	18.841	69	56	0	16	84	18	86	2.17e-06	33.9
TTNI32_193	olaTTNIg56_189	33.333	42	28	0	33	74	32	73	6.63e-06	32.7
TTNI32_193	olaTTNIg9_193	24.359	78	58	1	16	93	15	91	8.24e-06	32.3
TTNI32_193	olaTTNIg78_196	29.870	77	52	1	5	81	9	83	8.88e-06	32.3
TTNI32_193	olaTTNIg24_194	21.978	91	71	0	2	92	1	91	8.90e-06	32.3
TTNI32_193	olaTTNIg82_196	26.389	72	53	0	11	82	13	84	9.16e-06	32.3
TTNI33_193	olaTTNIg33_195	46.237	93	50	0	1	93	1	93	3.06e-32	100
TTNI33_193	olaTTNIg39_194	35.714	84	54	0	8	91	9	92	3.52e-18	64.3
TTNI33_193	olaTTNIg36_194	34.211	76	50	0	16	91	17	92	1.19e-15	57.8
TTNI33_193	olaTTNIg30_194	33.696	92	60	1	1	91	1	92	1.43e-15	57.8
TTNI33_193	olaTTNIg27_192	35.227	88	57	0	6	93	5	92	1.91e-15	57.4
TTNI33_193	olaTTNIg108_193	34.177	79	50	1	7	83	4	82	3.61e-14	53.9
TTNI33_193	olaTTNIg32_194	31.522	92	62	1	1	91	1	92	7.00e-14	53.5
TTNI33_193	olaTTNIg38_193	26.374	91	67	0	1	91	1	91	6.08e-13	50.8
TTNI33_193	olaTTNIg40_194	30.864	81	56	0	11	91	10	90	3.73e-12	48.9
TTNI33_193	olaTTNIg31_193	35.897	78	48	1	7	82	5	82	7.20e-12	48.1
TTNI33_193	olaTTNIg72_197	28.090	89	64	0	5	93	8	96	1.53e-11	47.4
TTNI33_193	olaTTNIg74_196	32.558	86	56	1	10	93	10	95	3.90e-11	46.2
TTNI33_193	olaTTNIg104_198	29.070	86	61	0	8	93	12	97	4.01e-11	46.2
TTNI33_193	olaTTNIg29_192	28.395	81	58	0	11	91	10	90	4.79e-11	46.2
TTNI33_193	olaTTNIg91_193	29.630	81	57	0	13	93	12	92	9.43e-11	45.4
TTNI33_193	olaTTNIg3_195	30.263	76	51	1	12	85	12	87	1.03e-10	45.4
TTNI33_193	olaTTNIg85_194	32.530	83	52	2	13	93	13	93	1.51e-10	44.7
TTNI33_193	olaTTNIg6_195	30.864	81	55	1	12	91	11	91	5.35e-10	43.5
TTNI33_193	olaTTNIg9_193	29.630	81	56	1	3	83	2	81	8.15e-10	42.7
TTNI33_193	olaTTNIg37_193	26.923	78	54	1	8	85	11	85	1.10e-09	42.4
TTNI33_193	olaTTNIg34_193	30.488	82	55	1	11	92	11	90	1.15e-09	42.4
TTNI33_193	olaTTNIg116_195	26.374	91	67	0	1	91	1	91	2.42e-09	41.6
TTNI33_193	olaTTNIg8_195	28.235	85	59	1	11	93	10	94	7.91e-09	40.4
TTNI33_193	olaTTNIg35_193	24.176	91	69	0	1	91	1	91	9.14e-09	40.0
TTNI33_193	olaTTNIg28_194	25.532	94	69	1	1	93	1	94	9.82e-09	40.0
TTNI33_193	olaTTNIg98_196	25.000	88	66	0	6	93	8	95	1.10e-08	40.0
TTNI33_193	olaTTNIg90_195	32.292	96	60	2	1	93	1	94	1.44e-08	39.7
TTNI33_193	olaTTNIg23_194	26.966	89	65	0	3	91	2	90	1.86e-08	39.3
TTNI33_193	olaTTNIg24_194	23.457	81	62	0	11	91	10	90	2.94e-08	38.9
TTNI33_193	olaTTNIg2_194	25.275	91	68	0	1	91	1	91	3.38e-08	38.9
TTNI33_193	olaTTNIg1_196	27.778	72	50	1	16	85	16	87	4.37e-08	38.5
TTNI33_193	olaTTNIg58_193	34.545	55	36	0	27	81	26	80	4.57e-08	38.5
TTNI33_193	olaTTNIg113_197	26.136	88	60	2	10	92	8	95	5.00e-08	38.5
TTNI33_193	olaTTNIg10_194	28.916	83	58	1	3	84	3	85	5.45e-08	38.1
TTNI33_193	olaTTNIg94_193	27.160	81	59	0	13	93	12	92	5.59e-08	38.1
TTNI33_193	olaTTNIg114_192	29.070	86	50	3	11	91	10	89	5.61e-08	38.1
TTNI33_193	olaTTNIg73_197	28.235	85	61	0	9	93	12	96	6.73e-08	38.1
TTNI33_193	olaTTNIg22_193	25.806	93	68	1	1	93	1	92	6.91e-08	37.7
TTNI33_193	olaTTNIg107_194	30.000	80	54	1	13	92	15	92	7.82e-08	37.7
TTNI33_193	olaTTNIg15_187	25.275	91	63	2	1	91	1	86	8.12e-08	37.7
TTNI33_193	olaTTNIg4_195	24.138	87	64	1	5	89	5	91	9.33e-08	37.7
TTNI33_193	olaTTNIg16_189	33.333	60	39	1	19	78	20	78	1.96e-07	36.6
TTNI33_193	olaTTNIg100_195	25.676	74	55	0	11	84	13	86	2.45e-07	36.6
TTNI33_193	olaTTNIg89_196	27.059	85	58	2	11	93	13	95	2.65e-07	36.6
TTNI33_193	olaTTNIg64_193	24.675	77	58	0	8	84	7	83	2.95e-07	36.2
TTNI33_193	olaTTNIg88_193	25.676	74	55	0	20	93	19	92	3.05e-07	36.2
TTNI33_193	olaTTNIg115_194	25.843	89	66	0	3	91	3	91	3.91e-07	35.8
TTNI33_193	olaTTNIg95_197	24.706	85	64	0	9	93	12	96	5.94e-07	35.4
TTNI33_193	olaTTNIg106_196	23.288	73	56	0	9	81	11	83	6.57e-07	35.4
TTNI33_193	olaTTNIg77_197	26.506	83	61	0	11	93	14	96	6.89e-07	35.4
TTNI34_193	olaTTNIg34_193	43.011	93	53	0	1	93	1	93	8.23e-31	96.3
TTNI34_193	olaTTNIg40_194	41.975	81	47	0	2	82	1	81	3.50e-22	74.7
TTNI34_193	olaTTNIg5_198	38.043	92	56	1	2	92	2	93	9.69e-18	63.2
TTNI34_193	olaTTNIg1_196	35.484	93	58	1	1	91	1	93	9.95e-18	63.2
TTNI34_193	olaTTNIg36_194	36.170	94	59	1	1	93	1	94	1.00e-17	63.2
TTNI34_193	olaTTNIg29_192	32.609	92	62	0	2	93	1	92	1.70e-17	62.4
TTNI34_193	olaTTNIg30_194	34.409	93	60	1	2	93	2	94	2.07e-17	62.4
TTNI34_193	olaTTNIg31_193	35.870	92	59	0	2	93	2	93	2.80e-17	62.0
TTNI34_193	olaTTNIg38_193	27.174	92	67	0	2	93	2	93	1.16e-16	60.5
TTNI34_193	olaTTNIg8_195	36.170	94	58	1	2	93	1	94	1.08e-15	58.2
TTNI34_193	olaTTNIg3_195	31.522	92	63	0	1	92	1	92	2.29e-15	57.4
TTNI34_193	olaTTNIg39_194	31.183	93	63	1	2	93	2	94	2.72e-15	57.0
TTNI34_193	olaTTNIg33_195	37.500	64	40	0	18	81	18	81	6.55e-15	55.8
TTNI34_193	olaTTNIg108_193	27.473	91	66	0	2	92	1	91	1.73e-14	55.1
TTNI34_193	olaTTNIg22_193	32.955	88	58	1	2	89	2	88	2.61e-14	54.3
TTNI34_193	olaTTNIg32_194	27.957	93	66	1	2	93	2	94	3.32e-14	54.3
TTNI34_193	olaTTNIg27_192	31.522	92	63	0	2	93	1	92	4.94e-14	53.5
TTNI34_193	olaTTNIg37_193	27.174	92	67	0	2	93	2	93	3.47e-13	51.6
TTNI34_193	olaTTNIg9_193	31.522	92	57	3	3	93	5	91	5.29e-13	51.2
TTNI34_193	olaTTNIg4_195	31.579	95	63	1	1	93	1	95	3.17e-12	49.3
TTNI34_193	olaTTNIg35_193	29.348	92	65	0	2	93	2	93	5.21e-12	48.5
TTNI34_193	olaTTNIg28_194	31.522	92	61	2	3	93	4	94	6.06e-12	48.5
TTNI34_193	olaTTNIg110_194	36.905	84	49	2	2	82	1	83	7.85e-12	48.1
TTNI34_193	olaTTNIg55_190	32.967	91	54	4	4	93	6	90	1.55e-11	47.4
TTNI34_193	olaTTNIg116_195	27.027	74	54	0	18	91	18	91	5.16e-11	46.2
TTNI34_193	olaTTNIg20_187	31.461	89	56	2	4	92	4	87	1.34e-10	44.7
TTNI34_193	olaTTNIg24_194	26.374	91	67	0	2	92	1	91	1.46e-10	44.7
TTNI34_193	olaTTNIg23_194	29.670	91	64	0	2	92	1	91	1.70e-10	44.7
TTNI34_193	olaTTNIg21_195	30.137	73	51	0	20	92	20	92	3.10e-10	43.9
TTNI34_193	olaTTNIg56_189	31.250	80	52	3	1	79	1	78	6.76e-10	43.1
TTNI34_193	olaTTNIg44_197	26.882	93	63	2	4	92	6	97	2.21e-09	42.0
TTNI34_193	olaTTNIg113_197	30.851	94	62	2	1	91	1	94	3.01e-09	41.6
TTNI34_193	olaTTNIg6_195	30.667	75	51	1	18	91	17	91	4.74e-09	40.8
TTNI34_193	olaTTNIg88_193	28.767	73	52	0	21	93	20	92	7.62e-09	40.4
TTNI34_193	olaTTNIg72_197	34.328	67	42	2	18	83	21	86	8.29e-09	40.4
TTNI34_193	olaTTNIg10_194	29.730	74	51	1	20	92	20	93	8.46e-09	40.4
TTNI34_193	olaTTNIg41_196	31.111	90	61	1	3	91	3	92	8.68e-09	40.4
TTNI34_193	olaTTNIg11_191	29.167	72	49	2	4	74	4	74	9.59e-09	40.0
TTNI34_193	olaTTNIg52_188	27.473	91	61	2	3	93	3	88	1.56e-08	39.3
TTNI34_193	olaTTNIg115_194	25.926	81	60	0	1	81	1	81	1.59e-08	39.7
TTNI34_193	olaTTNIg83_195	32.258	62	42	0	20	81	21	82	3.82e-08	38.5
TTNI34_193	olaTTNIg64_193	31.148	61	40	1	32	92	31	89	4.15e-08	38.5
TTNI34_193	olaTTNIg112_198	25.000	60	45	0	32	91	36	95	5.14e-08	38.1
TTNI34_193	olaTTNIg106_196	26.667	75	55	0	7	81	9	83	1.40e-07	37.0
TTNI34_193	olaTTNIg19_391	24.638	69	51	1	5	73	5	72	1.54e-07	37.0
TTNI34_193	olaTTNIg117_196	25.926	81	60	0	1	81	1	81	1.61e-07	37.0
TTNI34_193	olaTTNIg91_193	25.000	64	48	0	19	82	18	81	4.23e-07	35.8
TTNI34_193	olaTTNIg70_195	24.638	69	52	0	15	83	16	84	6.53e-07	35.4
TTNI34_193	olaTTNIg16_189	28.378	74	52	1	6	79	7	79	9.82e-07	34.7
TTNI34_193	olaTTNIg100_195	25.882	85	55	2	7	83	1	85	9.96e-07	35.0
TTNI35_193	olaTTNIg35_193	59.140	93	38	0	1	93	1	93	2.07e-36	110
TTNI35_193	olaTTNIg28_194	39.362	94	56	1	1	93	1	94	6.31e-19	66.2
TTNI35_193	olaTTNIg38_193	37.634	93	58	0	1	93	1	93	2.73e-18	64.7
TTNI35_193	olaTTNIg40_194	41.558	77	45	0	16	92	15	91	6.42e-16	58.5
TTNI35_193	olaTTNIg39_194	37.113	97	54	3	1	93	1	94	7.21e-15	55.8
TTNI35_193	olaTTNIg33_195	30.769	91	63	0	1	91	1	91	1.46e-14	55.1
TTNI35_193	olaTTNIg32_194	35.789	95	58	2	1	93	1	94	5.95e-14	53.5
TTNI35_193	olaTTNIg37_193	30.851	94	63	2	1	93	1	93	2.02e-13	52.0
TTNI35_193	olaTTNIg31_193	30.108	93	65	0	1	93	1	93	1.51e-12	50.1
TTNI35_193	olaTTNIg30_194	36.170	94	59	1	1	93	1	94	3.39e-12	48.9
TTNI35_193	olaTTNIg34_193	36.364	77	49	0	17	93	17	93	1.19e-11	47.8
TTNI35_193	olaTTNIg36_194	32.258	93	62	1	2	93	2	94	4.54e-11	46.2
TTNI35_193	olaTTNIg5_198	31.579	95	60	2	1	92	1	93	7.09e-11	45.8
TTNI35_193	olaTTNIg41_196	28.090	89	63	1	4	91	4	92	9.92e-11	45.4
TTNI35_193	olaTTNIg27_192	30.435	92	64	0	2	93	1	92	1.92e-10	44.7
TTNI35_193	olaTTNIg57_188	26.882	93	63	2	1	93	1	88	8.58e-10	42.7
TTNI35_193	olaTTNIg29_192	27.174	92	67	0	2	93	1	92	1.19e-09	42.4
TTNI35_193	olaTTNIg2_194	29.348	92	65	0	1	92	1	92	1.96e-09	42.0
TTNI35_193	olaTTNIg21_195	26.087	92	68	0	1	92	1	92	2.00e-09	42.0
TTNI35_193	olaTTNIg25_194	30.435	92	63	1	1	91	1	92	4.60e-09	40.8
TTNI35_193	olaTTNIg108_193	24.675	77	58	0	16	92	15	91	1.26e-08	39.7
TTNI35_193	olaTTNIg24_194	26.374	91	67	0	2	92	1	91	1.40e-08	39.7
TTNI35_193	olaTTNIg117_196	25.556	90	65	1	2	91	2	89	3.93e-08	38.5
TTNI35_193	olaTTNIg3_195	27.473	91	66	0	2	92	2	92	5.15e-08	38.1
TTNI35_193	olaTTNIg56_189	35.417	48	31	0	33	80	32	79	7.47e-08	37.7
TTNI35_193	olaTTNIg22_193	27.957	93	66	1	1	93	1	92	1.74e-07	37.0
TTNI35_193	olaTTNIg8_195	28.358	67	48	0	27	93	28	94	1.88e-07	37.0
TTNI35_193	olaTTNIg112_198	31.507	73	48	1	19	91	25	95	2.06e-07	36.6
TTNI35_193	olaTTNIg44_197	28.571	77	54	1	16	92	22	97	2.13e-07	36.6
TTNI35_193	olaTTNIg4_195	27.660	94	66	1	2	93	2	95	3.81e-07	35.8
TTNI35_193	olaTTNIg74_196	33.333	81	50	2	13	91	13	91	5.49e-07	35.4
TTNI35_193	olaTTNIg116_195	27.174	92	67	0	1	92	1	92	7.26e-07	35.4
TTNI35_193	olaTTNIg72_197	32.353	68	42	2	16	81	19	84	1.67e-06	34.3
TTNI35_193	olaTTNIg98_196	27.027	74	54	0	16	89	18	91	2.35e-06	33.9
TTNI35_193	olaTTNIg77_197	25.974	77	55	1	16	90	19	95	2.85e-06	33.9
TTNI35_193	olaTTNIg18_389	31.765	85	49	3	11	92	9	87	4.40e-06	33.1
TTNI35_193	olaTTNIg102_195	33.333	66	42	1	16	81	19	82	5.76e-06	32.7
TTNI36_194	olaTTNIg36_194	48.913	92	47	0	3	94	3	94	7.27e-30	94.0
TTNI36_194	olaTTNIg30_194	34.043	94	62	0	1	94	1	94	8.04e-22	73.6
TTNI36_194	olaTTNIg34_193	42.466	73	42	0	22	94	21	93	2.52e-21	72.4
TTNI36_194	olaTTNIg40_194	40.260	77	46	0	17	93	15	91	2.03e-20	70.1
TTNI36_194	olaTTNIg39_194	32.979	94	63	0	1	94	1	94	3.80e-19	67.0
TTNI36_194	olaTTNIg38_193	31.915	94	63	1	1	94	1	93	6.31e-19	66.2
TTNI36_194	olaTTNIg22_193	42.857	70	39	1	13	82	12	80	1.60e-17	62.8
TTNI36_194	olaTTNIg32_194	32.632	95	62	2	1	94	1	94	6.79e-16	58.5
TTNI36_194	olaTTNIg37_193	28.723	94	66	1	1	94	1	93	8.29e-15	55.8
TTNI36_194	olaTTNIg3_195	32.500	80	54	0	14	93	13	92	1.16e-14	55.5
TTNI36_194	olaTTNIg33_195	30.435	92	63	1	1	92	1	91	2.16e-14	54.7
TTNI36_194	olaTTNIg9_193	34.667	75	47	2	9	83	8	80	2.27e-14	54.7
TTNI36_194	olaTTNIg27_192	32.967	91	60	1	4	94	3	92	1.37e-13	52.8
TTNI36_194	olaTTNIg35_193	32.979	94	62	1	1	94	1	93	2.30e-13	52.0
TTNI36_194	olaTTNIg28_194	29.545	88	60	2	1	87	1	87	2.77e-13	52.0
TTNI36_194	olaTTNIg29_192	32.967	91	60	1	4	94	3	92	4.90e-13	51.2
TTNI36_194	olaTTNIg72_197	32.468	77	52	0	7	83	9	85	8.52e-13	50.8
TTNI36_194	olaTTNIg108_193	31.646	79	54	0	15	93	13	91	6.53e-12	48.1
TTNI36_194	olaTTNIg115_194	29.167	72	51	0	11	82	10	81	2.25e-11	47.0
TTNI36_194	olaTTNIg2_194	25.806	93	68	1	1	93	1	92	8.73e-11	45.4
TTNI36_194	olaTTNIg116_195	28.049	82	58	1	1	82	1	81	1.13e-10	45.1
TTNI36_194	olaTTNIg24_194	27.778	90	64	1	4	93	3	91	1.48e-10	44.7
TTNI36_194	olaTTNIg83_195	28.049	82	59	0	1	82	1	82	1.81e-10	44.7
TTNI36_194	olaTTNIg44_197	28.421	95	64	2	1	92	3	96	3.50e-10	43.9
TTNI36_194	olaTTNIg5_198	32.099	81	54	1	14	93	13	93	3.65e-10	43.9
TTNI36_194	olaTTNIg31_193	31.707	82	50	2	16	94	15	93	3.72e-10	43.9
TTNI36_194	olaTTNIg21_195	25.806	93	68	1	1	93	1	92	7.13e-10	43.1
TTNI36_194	olaTTNIg112_198	24.658	73	54	1	13	84	15	87	1.15e-09	42.7
TTNI36_194	olaTTNIg10_194	28.571	84	59	1	11	93	10	93	6.67e-09	40.4
TTNI36_194	olaTTNIg110_194	35.294	85	51	3	1	83	1	83	7.91e-09	40.4
TTNI36_194	olaTTNIg106_196	27.273	66	48	0	17	82	18	83	7.95e-09	40.4
TTNI36_194	olaTTNIg11_191	30.137	73	50	1	3	75	3	74	9.36e-09	40.0
TTNI36_194	olaTTNIg74_196	31.818	88	56	2	7	92	6	91	1.79e-08	39.7
TTNI36_194	olaTTNIg1_196	26.087	92	65	2	3	92	3	93	2.09e-08	39.3
TTNI36_194	olaTTNIg95_197	25.000	76	57	0	7	82	9	84	4.03e-08	38.5
TTNI36_194	olaTTNIg23_194	25.000	80	60	0	14	93	12	91	4.03e-08	38.5
TTNI36_194	olaTTNIg25_194	25.806	93	67	2	1	92	1	92	4.08e-08	38.5
TTNI36_194	olaTTNIg82_196	29.577	71	50	0	13	83	14	84	6.66e-08	38.1
TTNI36_194	olaTTNIg77_197	28.571	77	55	0	7	83	9	85	1.21e-07	37.4
TTNI36_194	olaTTNIg7_195	33.333	84	51	3	4	84	3	84	1.35e-07	37.4
TTNI36_194	olaTTNIg101_195	30.120	83	53	2	14	94	15	94	1.38e-07	37.4
TTNI36_194	olaTTNIg6_195	30.882	68	46	1	16	82	14	81	1.81e-07	37.0
TTNI36_194	olaTTNIg56_189	27.586	58	41	1	18	75	17	73	2.42e-07	36.6
TTNI36_194	olaTTNIg89_196	24.051	79	60	0	14	92	15	93	3.44e-07	36.2
TTNI36_194	olaTTNIg91_193	28.358	67	48	0	17	83	15	81	3.91e-07	35.8
TTNI36_194	olaTTNIg70_195	32.258	62	42	0	22	83	22	83	4.26e-07	35.8
TTNI36_194	olaTTNIg66_196	28.261	92	59	3	4	92	6	93	5.82e-07	35.4
TTNI36_194	olaTTNIg8_195	26.882	93	65	2	4	94	3	94	6.24e-07	35.4
TTNI36_194	olaTTNIg105_194	27.174	92	59	2	6	94	7	93	6.96e-07	35.4
TTNI36_194	olaTTNIg73_197	25.316	79	59	0	14	92	16	94	7.00e-07	35.4
TTNI37_193	olaTTNIg37_193	33.696	92	61	0	2	93	2	93	3.72e-22	74.3
TTNI37_193	olaTTNIg31_193	38.043	92	57	0	2	93	2	93	8.89e-22	73.6
TTNI37_193	olaTTNIg30_194	30.108	93	64	1	2	93	2	94	2.99e-18	64.7
TTNI37_193	olaTTNIg34_193	35.484	93	60	0	1	93	1	93	5.37e-18	63.9
TTNI37_193	olaTTNIg40_194	34.066	91	60	0	2	92	1	91	3.20e-17	62.0
TTNI37_193	olaTTNIg39_194	30.526	95	61	2	2	93	2	94	3.27e-16	59.3
TTNI37_193	olaTTNIg33_195	34.568	81	53	0	11	91	11	91	7.90e-16	58.5
TTNI37_193	olaTTNIg36_194	32.632	95	61	3	1	93	1	94	1.40e-14	55.1
TTNI37_193	olaTTNIg29_192	31.522	92	63	0	2	93	1	92	7.22e-14	53.1
TTNI37_193	olaTTNIg27_192	29.348	92	65	0	2	93	1	92	1.41e-12	50.1
TTNI37_193	olaTTNIg32_194	29.032	93	65	1	2	93	2	94	2.37e-12	49.3
TTNI37_193	olaTTNIg21_195	27.473	91	66	0	2	92	2	92	5.50e-12	48.5
TTNI37_193	olaTTNIg1_196	26.374	91	65	1	1	89	1	91	6.46e-12	48.5
TTNI37_193	olaTTNIg35_193	27.174	92	67	0	2	93	2	93	6.61e-12	48.1
TTNI37_193	olaTTNIg5_198	29.213	89	62	1	2	89	2	90	4.62e-11	46.2
TTNI37_193	olaTTNIg24_194	28.571	91	65	0	2	92	1	91	1.48e-10	44.7
TTNI37_193	olaTTNIg38_193	22.826	92	71	0	2	93	2	93	4.29e-10	43.5
TTNI37_193	olaTTNIg28_194	28.000	75	53	1	20	93	20	94	1.01e-09	42.7
TTNI37_193	olaTTNIg112_198	40.000	50	30	0	32	81	36	85	2.40e-09	41.6
TTNI37_193	olaTTNIg55_190	31.765	85	55	2	2	84	2	85	5.45e-09	40.8
TTNI37_193	olaTTNIg108_193	25.610	82	61	0	2	83	1	82	7.15e-09	40.4
TTNI37_193	olaTTNIg4_195	28.421	95	64	2	1	93	1	93	1.69e-08	39.7
TTNI37_193	olaTTNIg56_189	28.378	74	52	1	4	77	4	76	2.17e-08	39.3
TTNI37_193	olaTTNIg66_196	37.037	81	47	3	13	91	15	93	2.83e-08	38.9
TTNI37_193	olaTTNIg44_197	33.333	90	55	3	4	89	6	94	3.79e-08	38.5
TTNI37_193	olaTTNIg110_194	31.461	89	54	4	2	86	1	86	4.45e-08	38.5
TTNI37_193	olaTTNIg3_195	23.171	82	63	0	1	82	1	82	7.71e-08	37.7
TTNI37_193	olaTTNIg11_191	31.081	74	49	2	4	76	4	76	1.09e-07	37.4
TTNI37_193	olaTTNIg10_194	31.343	67	45	1	18	83	18	84	1.25e-07	37.4
TTNI37_193	olaTTNIg77_197	26.437	87	64	0	5	91	8	94	3.58e-07	36.2
TTNI37_193	olaTTNIg9_193	20.000	85	67	1	9	93	8	91	3.65e-07	35.8
TTNI37_193	olaTTNIg117_196	24.176	91	67	1	1	91	1	89	6.36e-07	35.4
TTNI37_193	olaTTNIg23_194	27.473	91	66	0	2	92	1	91	6.71e-07	35.4
TTNI37_193	olaTTNIg2_194	20.879	91	72	0	2	92	2	92	1.03e-06	34.7
TTNI37_193	olaTTNIg61_188	30.952	42	29	0	32	73	32	73	1.18e-06	34.7
TTNI37_193	olaTTNIg64_193	24.590	61	46	0	29	89	28	88	1.32e-06	34.7
TTNI37_193	olaTTNIg22_193	22.826	92	70	1	2	93	2	92	2.15e-06	33.9
TTNI37_193	olaTTNIg70_195	27.848	79	55	1	16	92	17	95	2.49e-06	33.9
TTNI37_193	olaTTNIg114_192	27.273	88	59	3	2	87	1	85	2.75e-06	33.5
TTNI37_193	olaTTNIg41_196	21.111	90	70	1	3	91	3	92	3.32e-06	33.5
TTNI37_193	olaTTNIg7_195	22.826	92	69	1	2	91	1	92	3.71e-06	33.5
TTNI37_193	olaTTNIg91_193	23.457	81	62	0	2	82	1	81	8.96e-06	32.3
TTNI37_193	olaTTNIg95_197	30.508	59	41	0	23	81	26	84	9.29e-06	32.3
TTNI38_193	olaTTNIg32_194	48.936	94	47	1	1	93	1	94	3.49e-35	107
TTNI38_193	olaTTNIg38_193	41.935	93	54	0	1	93	1	93	2.68e-30	95.1
TTNI38_193	olaTTNIg39_194	41.489	94	54	1	1	93	1	94	5.53e-22	73.9
TTNI38_193	olaTTNIg36_194	36.559	93	58	1	2	93	2	94	1.48e-19	67.8
TTNI38_193	olaTTNIg35_193	35.484	93	60	0	1	93	1	93	8.66e-18	63.2
TTNI38_193	olaTTNIg28_194	35.106	94	60	1	1	93	1	94	1.48e-17	62.8
TTNI38_193	olaTTNIg37_193	33.333	93	62	0	1	93	1	93	4.28e-17	61.6
TTNI38_193	olaTTNIg40_194	32.967	91	61	0	2	92	1	91	4.25e-16	58.9
TTNI38_193	olaTTNIg34_193	29.348	92	65	0	2	93	2	93	7.76e-15	55.8
TTNI38_193	olaTTNIg31_193	31.183	93	64	0	1	93	1	93	2.97e-14	54.3
TTNI38_193	olaTTNIg30_194	26.596	94	68	1	1	93	1	94	3.54e-14	54.3
TTNI38_193	olaTTNIg1_196	28.261	92	64	1	2	91	2	93	3.19e-13	51.6
TTNI38_193	olaTTNIg22_193	30.108	93	64	1	1	93	1	92	4.74e-13	51.2
TTNI38_193	olaTTNIg25_194	29.348	92	64	1	1	91	1	92	1.52e-12	50.1
TTNI38_193	olaTTNIg29_192	26.087	92	68	0	2	93	1	92	3.94e-12	48.9
TTNI38_193	olaTTNIg27_192	32.051	78	53	0	16	93	15	92	5.57e-11	45.8
TTNI38_193	olaTTNIg21_195	28.261	92	66	0	1	92	1	92	3.41e-10	43.9
TTNI38_193	olaTTNIg8_195	30.851	94	63	1	2	93	1	94	5.77e-10	43.1
TTNI38_193	olaTTNIg33_195	26.374	91	67	0	1	91	1	91	7.46e-10	43.1
TTNI38_193	olaTTNIg23_194	26.374	91	67	0	2	92	1	91	7.63e-10	43.1
TTNI38_193	olaTTNIg117_196	31.818	88	58	1	2	89	2	87	1.48e-09	42.4
TTNI38_193	olaTTNIg3_195	20.879	91	72	0	2	92	2	92	4.40e-09	41.2
TTNI38_193	olaTTNIg24_194	21.978	91	71	0	2	92	1	91	5.58e-09	40.8
TTNI38_193	olaTTNIg2_194	23.913	92	70	0	1	92	1	92	1.22e-08	40.0
TTNI38_193	olaTTNIg11_191	30.000	90	62	1	3	92	3	91	1.23e-08	39.7
TTNI38_193	olaTTNIg111_1101	25.806	93	68	1	2	93	8	100	3.08e-08	38.9
TTNI38_193	olaTTNIg70_195	29.688	64	45	0	21	84	22	85	3.09e-08	38.9
TTNI38_193	olaTTNIg74_196	26.882	93	65	2	2	91	1	93	3.46e-08	38.9
TTNI38_193	olaTTNIg44_197	28.571	77	54	1	16	92	22	97	1.64e-07	37.0
TTNI38_193	olaTTNIg100_195	28.571	63	45	0	16	78	18	80	2.47e-07	36.6
TTNI38_193	olaTTNIg5_198	25.806	93	68	1	1	92	1	93	2.77e-07	36.6
TTNI38_193	olaTTNIg108_193	25.000	80	60	0	2	81	1	80	4.61e-07	35.8
TTNI38_193	olaTTNIg113_197	25.532	94	67	2	1	91	1	94	1.97e-06	34.3
TTNI38_193	olaTTNIg18_389	25.843	89	61	2	4	92	4	87	6.29e-06	32.7
TTNI39_193	olaTTNIg33_195	44.086	93	52	0	1	93	1	93	1.75e-29	93.2
TTNI39_193	olaTTNIg35_193	36.264	91	58	0	1	91	1	91	5.27e-16	58.9
TTNI39_193	olaTTNIg72_197	33.333	81	54	0	13	93	16	96	2.95e-15	57.0
TTNI39_193	olaTTNIg30_194	33.784	74	49	0	15	88	16	89	1.05e-13	52.8
TTNI39_193	olaTTNIg36_194	32.895	76	51	0	16	91	17	92	6.15e-13	50.8
TTNI39_193	olaTTNIg39_194	26.923	78	57	0	14	91	15	92	6.42e-13	50.8
TTNI39_193	olaTTNIg27_192	31.325	83	57	0	9	91	8	90	6.77e-13	50.8
TTNI39_193	olaTTNIg40_194	30.864	81	56	0	11	91	10	90	1.13e-12	50.4
TTNI39_193	olaTTNIg31_193	31.034	87	60	0	1	87	1	87	4.53e-12	48.5
TTNI39_193	olaTTNIg1_196	28.571	91	63	1	3	91	3	93	6.67e-12	48.5
TTNI39_193	olaTTNIg108_193	30.556	72	50	0	16	87	15	86	1.71e-11	47.4
TTNI39_193	olaTTNIg22_193	31.183	93	62	2	1	93	2	92	3.40e-11	46.6
TTNI39_193	olaTTNIg62_195	33.735	83	54	1	11	92	12	94	1.13e-10	45.1
TTNI39_193	olaTTNIg24_194	30.488	82	55	2	11	91	10	90	1.13e-10	45.1
TTNI39_193	olaTTNIg116_195	29.268	82	58	0	1	82	1	82	2.94e-10	43.9
TTNI39_193	olaTTNIg38_193	30.263	76	53	0	16	91	16	91	5.54e-10	43.1
TTNI39_193	olaTTNIg34_193	29.032	62	44	0	20	81	20	81	5.54e-10	43.1
TTNI39_193	olaTTNIg107_194	32.500	80	52	1	13	92	15	92	8.05e-10	42.7
TTNI39_193	olaTTNIg17_290	28.049	82	55	1	10	91	11	88	8.56e-10	42.7
TTNI39_193	olaTTNIg37_193	24.390	82	62	0	10	91	10	91	1.55e-09	42.0
TTNI39_193	olaTTNIg6_195	31.579	76	51	1	10	84	9	84	1.63e-09	42.0
TTNI39_193	olaTTNIg85_194	28.395	81	58	0	13	93	13	93	1.82e-09	42.0
TTNI39_193	olaTTNIg32_194	28.261	92	65	1	1	91	1	92	2.16e-09	42.0
TTNI39_193	olaTTNIg5_198	27.174	92	66	1	1	91	1	92	2.25e-09	42.0
TTNI39_193	olaTTNIg2_194	26.374	91	67	0	1	91	1	91	3.13e-09	41.2
TTNI39_193	olaTTNIg102_195	30.769	78	52	1	16	93	19	94	4.74e-09	40.8
TTNI39_193	olaTTNIg19_391	30.769	65	42	1	18	79	14	78	5.77e-09	40.4
TTNI39_193	olaTTNIg13_189	31.111	90	61	1	1	90	1	89	5.89e-09	40.4
TTNI39_193	olaTTNIg95_197	27.160	81	59	0	13	93	16	96	7.22e-09	40.4
TTNI39_193	olaTTNIg29_192	26.316	76	56	0	16	91	15	90	8.87e-09	40.0
TTNI39_193	olaTTNIg104_198	27.381	84	61	0	10	93	14	97	1.15e-08	40.0
TTNI39_193	olaTTNIg98_196	31.646	79	52	2	16	93	18	95	1.30e-08	39.7
TTNI39_193	olaTTNIg99_197	28.986	69	49	0	13	81	15	83	1.67e-08	39.7
TTNI39_193	olaTTNIg114_192	28.571	84	55	3	10	91	9	89	1.70e-08	39.3
TTNI39_193	olaTTNIg44_197	32.955	88	54	2	4	91	14	96	2.59e-08	38.9
TTNI39_193	olaTTNIg100_195	22.667	75	58	0	10	84	12	86	4.12e-08	38.5
TTNI39_193	olaTTNIg115_194	29.545	88	62	0	4	91	4	91	7.66e-08	37.7
TTNI39_193	olaTTNIg70_195	27.397	73	53	0	21	93	22	94	7.79e-08	37.7
TTNI39_193	olaTTNIg11_191	32.787	61	40	1	31	91	31	90	8.79e-08	37.7
TTNI39_193	olaTTNIg96_194	27.160	81	57	1	13	93	15	93	1.04e-07	37.4
TTNI39_193	olaTTNIg58_193	35.484	62	39	1	33	93	32	93	1.08e-07	37.4
TTNI39_193	olaTTNIg20_187	33.333	63	41	1	11	73	11	72	1.17e-07	37.0
TTNI39_193	olaTTNIg75_195	28.395	81	57	1	13	93	15	94	1.27e-07	37.4
TTNI39_193	olaTTNIg16_189	39.535	43	26	0	34	76	34	76	1.69e-07	36.6
TTNI39_193	olaTTNIg15_187	26.374	91	62	2	1	91	1	86	1.69e-07	36.6
TTNI39_193	olaTTNIg64_193	21.111	90	71	0	3	92	2	91	1.76e-07	37.0
TTNI39_193	olaTTNIg9_193	21.951	82	63	1	10	91	9	89	1.98e-07	36.6
TTNI39_193	olaTTNIg3_195	24.390	82	60	1	12	91	12	93	2.20e-07	36.6
TTNI39_193	olaTTNIg113_197	28.421	95	65	1	1	92	1	95	2.23e-07	36.6
TTNI39_193	olaTTNIg112_198	26.250	80	54	2	13	89	16	93	2.77e-07	36.6
TTNI40_193	olaTTNIg34_193	45.652	92	50	0	2	93	2	93	1.70e-26	85.5
TTNI40_193	olaTTNIg40_194	39.560	91	55	0	2	92	1	91	1.14e-23	78.2
TTNI40_193	olaTTNIg39_194	39.362	94	56	1	1	93	1	94	2.05e-23	77.8
TTNI40_193	olaTTNIg38_193	35.484	93	60	0	1	93	1	93	4.47e-23	76.6
TTNI40_193	olaTTNIg32_194	38.298	94	57	1	1	93	1	94	8.01e-23	76.3
TTNI40_193	olaTTNIg30_194	36.170	94	59	1	1	93	1	94	1.62e-20	70.5
TTNI40_193	olaTTNIg36_194	39.785	93	55	1	2	93	2	94	3.56e-20	69.3
TTNI40_193	olaTTNIg37_193	33.333	93	62	0	1	93	1	93	9.45e-20	68.2
TTNI40_193	olaTTNIg28_194	36.170	94	59	1	1	93	1	94	1.99e-19	67.4
TTNI40_193	olaTTNIg33_195	34.066	91	60	0	1	91	1	91	8.40e-19	65.9
TTNI40_193	olaTTNIg35_193	34.409	93	61	0	1	93	1	93	1.30e-18	65.5
TTNI40_193	olaTTNIg3_195	33.696	92	59	2	2	92	2	92	1.24e-16	60.5
TTNI40_193	olaTTNIg1_196	32.609	92	60	1	2	91	2	93	4.22e-16	58.9
TTNI40_193	olaTTNIg22_193	32.258	93	62	1	1	93	1	92	6.84e-16	58.5
TTNI40_193	olaTTNIg29_192	32.609	92	62	0	2	93	1	92	7.05e-16	58.5
TTNI40_193	olaTTNIg5_198	34.409	93	60	1	1	92	1	93	7.95e-16	58.5
TTNI40_193	olaTTNIg31_193	30.864	81	56	0	1	81	1	81	1.72e-15	57.4
TTNI40_193	olaTTNIg27_192	32.609	92	62	0	2	93	1	92	3.61e-14	53.9
TTNI40_193	olaTTNIg108_193	30.769	91	63	0	2	92	1	91	2.27e-13	52.0
TTNI40_193	olaTTNIg2_194	28.261	92	66	0	1	92	1	92	4.31e-13	51.2
TTNI40_193	olaTTNIg24_194	30.769	91	63	0	2	92	1	91	1.25e-12	50.1
TTNI40_193	olaTTNIg44_197	36.082	97	55	3	1	92	3	97	2.82e-12	49.3
TTNI40_193	olaTTNIg21_195	28.261	92	66	0	1	92	1	92	3.04e-12	49.3
TTNI40_193	olaTTNIg7_195	29.032	93	64	1	2	92	1	93	6.26e-11	45.8
TTNI40_193	olaTTNIg25_194	29.348	92	64	1	1	91	1	92	7.60e-11	45.4
TTNI40_193	olaTTNIg72_197	25.532	94	67	1	1	91	1	94	2.12e-10	44.7
TTNI40_193	olaTTNIg8_195	27.660	94	66	1	2	93	1	94	2.78e-10	44.3
TTNI40_193	olaTTNIg117_196	27.273	88	62	1	2	89	2	87	5.23e-10	43.5
TTNI40_193	olaTTNIg23_194	28.261	92	64	2	2	92	1	91	1.39e-09	42.4
TTNI40_193	olaTTNIg9_193	26.250	80	58	1	14	93	13	91	1.45e-09	42.4
TTNI40_193	olaTTNIg42_192	28.767	73	51	1	1	72	3	75	3.02e-09	41.2
TTNI40_193	olaTTNIg11_191	30.263	76	49	3	3	76	3	76	3.29e-09	41.2
TTNI40_193	olaTTNIg58_193	36.066	61	38	1	34	93	33	93	9.85e-09	40.0
TTNI40_193	olaTTNIg52_188	24.444	90	63	2	4	93	4	88	1.23e-08	39.7
TTNI40_193	olaTTNIg74_196	30.108	93	60	3	2	91	1	91	1.37e-08	39.7
TTNI40_193	olaTTNIg20_187	29.213	89	58	2	4	92	4	87	1.53e-08	39.3
TTNI40_193	olaTTNIg64_193	34.483	58	36	1	35	92	34	89	1.97e-08	39.3
TTNI40_193	olaTTNIg116_195	25.000	92	69	0	1	92	1	92	1.98e-08	39.3
TTNI40_193	olaTTNIg41_196	31.343	67	44	2	27	91	26	92	3.54e-08	38.5
TTNI40_193	olaTTNIg114_192	27.660	94	63	4	2	93	1	91	4.03e-08	38.5
TTNI40_193	olaTTNIg110_194	27.907	86	52	2	2	81	1	82	4.22e-08	38.5
TTNI40_193	olaTTNIg4_195	28.723	94	65	1	2	93	2	95	6.17e-08	38.1
TTNI40_193	olaTTNIg82_196	33.333	66	44	0	16	81	18	83	6.69e-08	38.1
TTNI40_193	olaTTNIg76_192	25.758	66	49	0	16	81	14	79	8.95e-08	37.7
TTNI40_193	olaTTNIg54_189	30.263	76	52	1	1	76	2	76	1.10e-07	37.4
TTNI40_193	olaTTNIg56_189	25.000	80	59	1	1	80	1	79	1.33e-07	37.0
TTNI40_193	olaTTNIg89_196	27.059	85	57	2	2	85	7	87	1.63e-07	37.0
TTNI40_193	olaTTNIg95_197	27.059	85	59	1	1	82	1	85	1.69e-07	37.0
TTNI40_193	olaTTNIg43_297	23.288	73	55	1	4	76	5	76	1.95e-07	36.6
TTNI40_193	olaTTNIg66_196	23.684	76	57	1	16	91	19	93	2.17e-07	36.6
TTNI41_193	olaTTNIg35_193	46.237	93	50	0	1	93	1	93	7.39e-27	86.3
TTNI41_193	olaTTNIg38_193	33.333	93	62	0	1	93	1	93	7.44e-18	63.5
TTNI41_193	olaTTNIg28_194	31.915	94	63	1	1	93	1	94	3.81e-17	61.6
TTNI41_193	olaTTNIg39_194	30.851	94	64	1	1	93	1	94	1.05e-16	60.5
TTNI41_193	olaTTNIg34_193	30.435	92	64	0	2	93	2	93	3.72e-16	59.3
TTNI41_193	olaTTNIg117_196	31.111	90	60	1	2	91	2	89	5.00e-15	56.2
TTNI41_193	olaTTNIg31_193	32.258	93	63	0	1	93	1	93	3.04e-14	54.3
TTNI41_193	olaTTNIg40_194	37.838	74	46	0	19	92	18	91	3.99e-14	53.9
TTNI41_193	olaTTNIg30_194	29.787	94	65	1	1	93	1	94	1.07e-12	50.4
TTNI41_193	olaTTNIg33_195	32.099	81	55	0	1	81	1	81	1.81e-12	49.7
TTNI41_193	olaTTNIg21_195	30.435	92	64	0	1	92	1	92	4.15e-12	48.9
TTNI41_193	olaTTNIg32_194	28.723	94	66	1	1	93	1	94	2.68e-11	46.6
TTNI41_193	olaTTNIg37_193	28.125	96	63	3	1	93	1	93	2.56e-10	44.3
TTNI41_193	olaTTNIg27_192	27.174	92	67	0	2	93	1	92	2.28e-09	41.6
TTNI41_193	olaTTNIg36_194	26.882	93	67	1	2	93	2	94	4.51e-09	40.8
TTNI41_193	olaTTNIg108_193	27.536	69	49	1	24	92	24	91	8.13e-09	40.4
TTNI41_193	olaTTNIg29_192	24.000	75	57	0	19	93	18	92	9.67e-09	40.0
TTNI41_193	olaTTNIg41_196	27.778	90	64	1	3	91	3	92	2.10e-08	39.3
TTNI41_193	olaTTNIg8_195	31.343	67	46	0	27	93	28	94	2.75e-08	38.9
TTNI41_193	olaTTNIg4_195	26.596	94	67	1	2	93	2	95	5.85e-08	38.1
TTNI41_193	olaTTNIg22_193	26.966	89	64	1	1	89	1	88	9.81e-08	37.4
TTNI41_193	olaTTNIg3_195	24.176	91	69	0	2	92	2	92	1.43e-07	37.0
TTNI41_193	olaTTNIg1_196	29.348	92	63	1	2	91	2	93	2.03e-07	36.6
TTNI41_193	olaTTNIg64_193	37.931	58	34	1	35	92	34	89	2.11e-07	36.6
TTNI41_193	olaTTNIg115_194	32.203	59	40	0	33	91	33	91	2.65e-07	36.2
TTNI41_193	olaTTNIg10_194	26.882	93	65	2	2	92	2	93	2.94e-07	36.2
TTNI41_193	olaTTNIg57_188	22.222	90	65	2	4	93	4	88	4.76e-07	35.4
TTNI41_193	olaTTNIg95_197	37.705	61	37	1	24	84	28	87	1.01e-06	35.0
TTNI41_193	olaTTNIg70_195	32.258	62	42	0	21	82	22	83	1.27e-06	34.7
TTNI41_193	olaTTNIg5_198	24.731	93	69	1	1	92	1	93	1.67e-06	34.3
TTNI41_193	olaTTNIg52_188	29.630	81	56	1	3	83	3	82	1.94e-06	33.9
TTNI41_193	olaTTNIg98_196	28.395	81	55	1	8	85	7	87	2.45e-06	33.9
TTNI41_193	olaTTNIg24_194	24.590	61	46	0	32	92	31	91	2.48e-06	33.9
TTNI41_193	olaTTNIg60_187	26.667	60	40	1	33	92	32	87	2.54e-06	33.5
TTNI41_193	olaTTNIg112_198	23.729	59	45	0	33	91	37	95	3.08e-06	33.5
TTNI41_193	olaTTNIg72_197	26.389	72	53	0	13	84	16	87	3.78e-06	33.5
TTNI41_193	olaTTNIg49_187	26.966	89	59	2	4	92	4	86	4.22e-06	33.1
TTNI41_193	olaTTNIg116_195	22.826	92	71	0	1	92	1	92	5.52e-06	32.7
TTNI42_194	olaTTNIg36_194	37.634	93	58	0	2	94	2	94	1.80e-23	77.8
TTNI42_194	olaTTNIg39_194	35.106	94	61	0	1	94	1	94	4.09e-23	77.0
TTNI42_194	olaTTNIg30_194	34.043	94	62	0	1	94	1	94	1.58e-21	72.8
TTNI42_194	olaTTNIg1_196	36.559	93	56	2	2	92	2	93	7.60e-16	58.5
TTNI42_194	olaTTNIg9_193	29.032	93	64	2	2	94	1	91	9.18e-16	58.2
TTNI42_194	olaTTNIg29_192	32.258	93	62	1	2	94	1	92	6.45e-15	55.8
TTNI42_194	olaTTNIg40_194	27.174	92	66	1	2	93	1	91	1.23e-14	55.5
TTNI42_194	olaTTNIg3_195	36.170	94	53	2	8	94	2	95	1.61e-14	55.1
TTNI42_194	olaTTNIg34_193	34.211	76	50	0	19	94	18	93	1.95e-14	54.7
TTNI42_194	olaTTNIg108_193	33.750	80	53	0	5	84	3	82	2.54e-13	52.0
TTNI42_194	olaTTNIg28_194	31.579	95	63	2	1	94	1	94	2.95e-13	52.0
TTNI42_194	olaTTNIg38_193	28.723	94	66	1	1	94	1	93	3.70e-13	51.6
TTNI42_194	olaTTNIg5_198	30.851	94	63	2	1	93	1	93	7.65e-13	50.8
TTNI42_194	olaTTNIg115_194	35.526	76	49	0	17	92	16	91	1.25e-12	50.1
TTNI42_194	olaTTNIg27_192	32.258	93	62	1	2	94	1	92	2.06e-12	49.7
TTNI42_194	olaTTNIg33_195	28.261	92	65	1	1	92	1	91	9.73e-12	47.8
TTNI42_194	olaTTNIg4_195	36.264	91	55	2	2	90	2	91	1.45e-11	47.4
TTNI42_194	olaTTNIg117_196	30.769	91	62	1	2	92	2	91	1.46e-11	47.4
TTNI42_194	olaTTNIg23_194	30.435	92	63	1	2	93	1	91	2.62e-11	47.0
TTNI42_194	olaTTNIg2_194	31.183	93	63	1	1	93	1	92	4.78e-11	46.2
TTNI42_194	olaTTNIg37_193	26.596	94	68	1	1	94	1	93	5.22e-11	45.8
TTNI42_194	olaTTNIg24_194	27.660	94	63	3	2	93	1	91	7.04e-11	45.8
TTNI42_194	olaTTNIg6_195	30.435	92	62	2	2	92	1	91	7.42e-11	45.8
TTNI42_194	olaTTNIg72_197	25.926	81	60	0	12	92	14	94	2.05e-10	44.7
TTNI42_194	olaTTNIg35_193	29.787	94	65	1	1	94	1	93	3.72e-10	43.9
TTNI42_194	olaTTNIg101_195	32.530	83	55	1	12	94	13	94	5.40e-10	43.5
TTNI42_194	olaTTNIg32_194	28.125	96	65	3	1	94	1	94	6.70e-10	43.1
TTNI42_194	olaTTNIg22_193	27.660	94	66	2	1	94	1	92	7.97e-10	43.1
TTNI42_194	olaTTNIg21_195	27.957	93	66	1	1	93	1	92	9.73e-10	42.7
TTNI42_194	olaTTNIg114_192	29.762	84	48	3	15	93	13	90	1.52e-09	42.4
TTNI42_194	olaTTNIg116_195	23.404	94	71	1	1	94	1	93	1.75e-09	42.0
TTNI42_194	olaTTNIg25_194	29.897	97	58	3	1	92	1	92	2.52e-09	41.6
TTNI42_194	olaTTNIg44_197	27.083	96	66	2	1	93	3	97	2.94e-09	41.6
TTNI42_194	olaTTNIg8_195	31.579	95	62	2	2	94	1	94	3.02e-09	41.6
TTNI42_194	olaTTNIg83_195	26.087	92	68	0	1	92	1	92	8.78e-09	40.4
TTNI42_194	olaTTNIg112_198	29.630	81	56	1	13	92	15	95	1.03e-08	40.0
TTNI42_194	olaTTNIg31_193	25.532	94	69	1	1	94	1	93	1.20e-08	40.0
TTNI42_194	olaTTNIg73_197	26.596	94	67	1	1	92	1	94	2.22e-08	39.3
TTNI42_194	olaTTNIg55_190	28.767	73	51	1	7	79	8	79	5.28e-08	38.1
TTNI42_194	olaTTNIg42_192	30.137	73	42	2	10	73	3	75	7.93e-08	37.7
TTNI42_194	olaTTNIg77_197	24.691	81	61	0	12	92	14	94	8.93e-08	37.7
TTNI42_194	olaTTNIg113_197	31.646	79	51	2	17	92	16	94	1.15e-07	37.4
TTNI42_194	olaTTNIg74_196	28.571	84	58	1	11	92	10	93	2.50e-07	36.6
TTNI42_194	olaTTNIg104_198	21.429	84	66	0	9	92	12	95	3.16e-07	36.2
TTNI42_194	olaTTNIg110_194	27.381	84	59	1	12	93	10	93	5.41e-07	35.4
TTNI42_194	olaTTNIg95_197	25.556	90	65	1	1	88	1	90	7.00e-07	35.4
TTNI42_194	olaTTNIg70_195	29.730	74	48	3	12	83	12	83	9.02e-07	35.0
TTNI42_194	olaTTNIg63_197	25.926	81	60	0	12	92	14	94	9.21e-07	35.0
TTNI42_194	olaTTNIg107_194	28.049	82	57	1	11	92	12	91	1.01e-06	35.0
TTNI42_194	olaTTNIg94_193	29.870	77	50	2	14	88	12	86	1.33e-06	34.7
TTNI43_193	olaTTNIg37_193	43.011	93	53	0	1	93	1	93	3.41e-26	84.7
TTNI43_193	olaTTNIg36_194	38.710	93	56	1	2	93	2	94	7.01e-21	71.2
TTNI43_193	olaTTNIg31_193	37.634	93	58	0	1	93	1	93	2.34e-20	69.7
TTNI43_193	olaTTNIg39_194	39.583	96	53	2	1	93	1	94	1.30e-19	68.2
TTNI43_193	olaTTNIg30_194	37.234	94	58	1	1	93	1	94	2.85e-19	67.0
TTNI43_193	olaTTNIg34_193	38.043	92	57	0	2	93	2	93	2.46e-17	62.0
TTNI43_193	olaTTNIg40_194	30.769	91	63	0	2	92	1	91	1.60e-16	60.1
TTNI43_193	olaTTNIg2_194	29.348	92	65	0	1	92	1	92	2.87e-16	59.3
TTNI43_193	olaTTNIg38_193	26.882	93	68	0	1	93	1	93	1.94e-15	57.4
TTNI43_193	olaTTNIg29_192	32.609	92	62	0	2	93	1	92	2.16e-15	57.0
TTNI43_193	olaTTNIg22_193	32.258	93	62	1	1	93	1	92	4.71e-15	56.2
TTNI43_193	olaTTNIg35_193	30.108	93	65	0	1	93	1	93	6.46e-15	55.8
TTNI43_193	olaTTNIg33_195	29.670	91	64	0	1	91	1	91	1.75e-14	55.1
TTNI43_193	olaTTNIg24_194	34.043	94	60	1	2	93	1	94	1.85e-14	54.7
TTNI43_193	olaTTNIg27_192	31.522	92	63	0	2	93	1	92	3.49e-14	53.9
TTNI43_193	olaTTNIg9_193	30.435	92	63	1	2	93	1	91	1.63e-13	52.4
TTNI43_193	olaTTNIg32_194	27.083	96	65	2	1	93	1	94	3.77e-12	48.9
TTNI43_193	olaTTNIg58_193	33.721	86	53	2	8	90	8	92	3.98e-12	48.9
TTNI43_193	olaTTNIg44_197	33.684	95	54	4	1	89	3	94	7.92e-12	48.1
TTNI43_193	olaTTNIg110_194	32.955	88	56	3	2	87	1	87	9.73e-12	47.8
TTNI43_193	olaTTNIg72_197	31.915	94	61	2	1	91	1	94	2.79e-11	46.6
TTNI43_193	olaTTNIg108_193	28.049	82	59	0	2	83	1	82	3.55e-11	46.2
TTNI43_193	olaTTNIg3_195	25.581	86	64	0	1	86	1	86	1.06e-10	45.1
TTNI43_193	olaTTNIg115_194	30.882	68	47	0	17	84	17	84	2.30e-10	44.3
TTNI43_193	olaTTNIg28_194	26.596	94	68	1	1	93	1	94	2.67e-10	44.3
TTNI43_193	olaTTNIg117_196	25.882	85	63	0	2	86	2	86	3.19e-10	43.9
TTNI43_193	olaTTNIg74_196	29.670	91	61	2	2	89	1	91	4.31e-10	43.5
TTNI43_193	olaTTNIg77_197	27.160	81	59	0	9	89	12	92	6.32e-10	43.1
TTNI43_193	olaTTNIg60_187	31.081	74	50	1	1	74	1	73	7.55e-10	42.7
TTNI43_193	olaTTNIg113_197	26.596	94	66	1	1	91	1	94	9.70e-10	42.7
TTNI43_193	olaTTNIg54_189	33.735	83	54	1	1	83	2	83	9.86e-10	42.7
TTNI43_193	olaTTNIg21_195	23.913	92	70	0	1	92	1	92	1.81e-09	42.0
TTNI43_193	olaTTNIg55_190	35.526	76	46	2	1	74	1	75	2.06e-09	41.6
TTNI43_193	olaTTNIg64_193	25.000	88	66	0	2	89	1	88	2.16e-09	42.0
TTNI43_193	olaTTNIg4_195	26.667	90	64	1	2	89	2	91	3.06e-09	41.6
TTNI43_193	olaTTNIg11_191	37.333	75	45	2	3	76	3	76	5.50e-09	40.8
TTNI43_193	olaTTNIg61_188	27.059	85	52	2	10	85	2	85	7.47e-09	40.4
TTNI43_193	olaTTNIg5_198	25.000	92	64	2	1	89	1	90	9.39e-09	40.0
TTNI43_193	olaTTNIg91_193	24.096	83	63	0	2	84	1	83	1.01e-08	40.0
TTNI43_193	olaTTNIg50_192	29.167	72	50	1	1	72	1	71	1.15e-08	40.0
TTNI43_193	olaTTNIg114_192	27.586	87	60	2	2	87	1	85	1.70e-08	39.3
TTNI43_193	olaTTNIg104_198	32.911	79	53	0	11	89	15	93	3.19e-08	38.9
TTNI43_193	olaTTNIg66_196	32.609	92	58	3	1	89	1	91	3.77e-08	38.5
TTNI43_193	olaTTNIg41_196	25.843	89	65	1	4	91	4	92	4.15e-08	38.5
TTNI43_193	olaTTNIg98_196	26.190	84	59	1	11	91	10	93	7.84e-08	37.7
TTNI43_193	olaTTNIg116_195	25.926	81	60	0	1	81	1	81	8.13e-08	37.7
TTNI43_193	olaTTNIg82_196	27.273	66	48	0	17	82	19	84	1.04e-07	37.4
TTNI43_193	olaTTNIg71_194	30.137	73	49	1	17	89	19	89	1.13e-07	37.4
TTNI43_193	olaTTNIg23_194	20.879	91	72	0	2	92	1	91	1.43e-07	37.0
TTNI43_193	olaTTNIg73_197	28.169	71	51	0	19	89	22	92	1.62e-07	37.0
TTNI44_193	olaTTNIg32_194	47.872	94	48	1	1	93	1	94	5.79e-32	99.4
TTNI44_193	olaTTNIg38_193	33.333	93	62	0	1	93	1	93	1.17e-21	73.2
TTNI44_193	olaTTNIg1_196	38.043	92	55	1	2	91	2	93	7.44e-20	68.6
TTNI44_193	olaTTNIg40_194	35.165	91	59	0	2	92	1	91	1.30e-19	68.2
TTNI44_193	olaTTNIg30_194	37.895	95	56	2	1	93	1	94	1.67e-19	67.8
TTNI44_193	olaTTNIg34_193	33.696	92	61	0	2	93	2	93	3.24e-19	67.0
TTNI44_193	olaTTNIg36_194	41.053	95	51	4	2	93	2	94	7.24e-17	60.8
TTNI44_193	olaTTNIg28_194	32.979	94	62	1	1	93	1	94	1.30e-15	57.8
TTNI44_193	olaTTNIg35_193	33.333	93	62	0	1	93	1	93	1.37e-15	57.8
TTNI44_193	olaTTNIg39_194	31.915	94	63	1	1	93	1	94	1.98e-15	57.4
TTNI44_193	olaTTNIg3_195	29.670	91	64	0	2	92	2	92	3.74e-14	53.9
TTNI44_193	olaTTNIg25_194	35.870	92	58	1	1	91	1	92	3.95e-14	53.9
TTNI44_193	olaTTNIg33_195	26.374	91	67	0	1	91	1	91	3.91e-13	51.6
TTNI44_193	olaTTNIg22_193	28.049	82	58	1	1	82	1	81	2.16e-11	47.0
TTNI44_193	olaTTNIg10_194	32.609	92	61	1	2	92	2	93	2.83e-11	46.6
TTNI44_193	olaTTNIg27_192	31.169	77	53	0	17	93	16	92	3.22e-11	46.6
TTNI44_193	olaTTNIg21_195	29.348	92	65	0	1	92	1	92	2.22e-10	44.3
TTNI44_193	olaTTNIg41_196	32.911	79	52	1	4	81	4	82	2.27e-10	44.3
TTNI44_193	olaTTNIg5_198	31.707	82	55	1	1	81	1	82	8.33e-10	43.1
TTNI44_193	olaTTNIg117_196	30.986	71	47	1	21	91	21	89	1.77e-09	42.0
TTNI44_193	olaTTNIg23_194	29.670	91	64	0	2	92	1	91	3.20e-09	41.2
TTNI44_193	olaTTNIg113_197	30.526	95	61	3	1	91	1	94	4.15e-09	41.2
TTNI44_193	olaTTNIg31_193	27.160	81	59	0	1	81	1	81	4.87e-09	40.8
TTNI44_193	olaTTNIg29_192	23.913	92	70	0	2	93	1	92	5.91e-09	40.8
TTNI44_193	olaTTNIg70_195	26.866	67	49	0	15	81	16	82	8.17e-09	40.4
TTNI44_193	olaTTNIg100_195	29.688	64	45	0	27	90	29	92	1.41e-08	39.7
TTNI44_193	olaTTNIg112_198	32.203	59	40	0	33	91	37	95	1.44e-08	39.7
TTNI44_193	olaTTNIg95_197	27.381	84	58	2	1	81	1	84	3.00e-08	38.9
TTNI44_193	olaTTNIg24_194	24.176	91	69	0	2	92	1	91	4.55e-08	38.5
TTNI44_193	olaTTNIg101_195	29.487	78	44	2	21	93	23	94	5.49e-08	38.1
TTNI44_193	olaTTNIg37_193	20.430	93	74	0	1	93	1	93	1.16e-07	37.4
TTNI44_193	olaTTNIg2_194	26.087	92	68	0	1	92	1	92	1.22e-07	37.4
TTNI44_193	olaTTNIg44_197	32.990	97	58	3	1	92	3	97	1.82e-07	37.0
TTNI44_193	olaTTNIg77_197	30.667	75	47	1	7	81	15	84	3.06e-07	36.2
TTNI44_193	olaTTNIg7_195	27.368	95	65	2	2	92	1	95	3.19e-07	36.2
TTNI44_193	olaTTNIg87_194	29.851	67	45	1	25	91	27	91	6.64e-07	35.4
TTNI44_193	olaTTNIg8_195	26.596	94	67	1	2	93	1	94	6.89e-07	35.4
TTNI44_193	olaTTNIg42_192	31.507	73	49	1	1	72	3	75	7.14e-07	35.0
TTNI44_193	olaTTNIg116_195	23.656	93	71	0	1	93	1	93	7.34e-07	35.0
TTNI44_193	olaTTNIg89_196	23.913	92	63	2	2	91	7	93	1.00e-06	35.0
TTNI44_193	olaTTNIg69_194	33.898	59	37	1	25	83	27	83	1.08e-06	34.7
TTNI44_193	olaTTNIg108_193	23.077	91	70	0	2	92	1	91	1.86e-06	34.3
TTNI44_193	olaTTNIg103_196	24.096	83	61	1	1	81	1	83	2.66e-06	33.9
TTNI44_193	olaTTNIg105_194	25.974	77	55	1	17	93	19	93	3.06e-06	33.5
TTNI44_193	olaTTNIg84_195	33.333	57	36	1	25	81	28	82	3.27e-06	33.5
TTNI44_193	olaTTNIg72_197	23.810	84	61	1	1	81	1	84	3.37e-06	33.5
TTNI44_193	olaTTNIg63_197	27.381	84	58	1	1	81	1	84	3.44e-06	33.5
TTNI44_193	olaTTNIg50_192	27.848	79	56	1	1	79	1	78	4.02e-06	33.1
TTNI44_193	olaTTNIg110_194	26.829	82	58	2	2	81	1	82	4.51e-06	33.1
TTNI44_193	olaTTNIg73_197	35.088	57	37	0	25	81	28	84	9.29e-06	32.3
TTNI45_193	olaTTNIg33_195	38.710	93	57	0	1	93	1	93	2.82e-24	79.7
TTNI45_193	olaTTNIg36_194	37.838	74	46	0	18	91	19	92	6.48e-18	63.5
TTNI45_193	olaTTNIg3_195	31.818	88	60	0	4	91	4	91	2.56e-16	59.7
TTNI45_193	olaTTNIg116_195	40.244	82	47	2	1	81	1	81	6.69e-15	55.8
TTNI45_193	olaTTNIg40_194	31.325	83	57	0	9	91	8	90	9.76e-15	55.5
TTNI45_193	olaTTNIg108_193	31.944	72	49	0	18	89	17	88	4.39e-14	53.9
TTNI45_193	olaTTNIg30_194	30.233	86	59	1	1	85	1	86	6.78e-14	53.5
TTNI45_193	olaTTNIg28_194	31.579	95	62	2	1	93	1	94	1.43e-13	52.8
TTNI45_193	olaTTNIg117_196	30.120	83	58	0	9	91	9	91	3.08e-13	51.6
TTNI45_193	olaTTNIg38_193	25.275	91	68	0	1	91	1	91	4.45e-13	51.2
TTNI45_193	olaTTNIg29_192	36.486	74	47	0	18	91	17	90	5.28e-13	51.2
TTNI45_193	olaTTNIg39_194	33.803	71	47	0	21	91	22	92	9.89e-13	50.4
TTNI45_193	olaTTNIg34_193	34.375	64	42	0	19	82	19	82	1.16e-12	50.1
TTNI45_193	olaTTNIg32_194	30.435	92	63	1	1	91	1	92	3.42e-12	48.9
TTNI45_193	olaTTNIg98_196	30.137	73	51	0	21	93	23	95	3.61e-12	48.9
TTNI45_193	olaTTNIg76_192	33.333	60	40	0	19	78	17	76	6.54e-12	48.1
TTNI45_193	olaTTNIg64_193	27.907	86	62	0	7	92	6	91	1.55e-11	47.4
TTNI45_193	olaTTNIg72_197	34.211	76	48	2	19	93	22	96	1.87e-11	47.4
TTNI45_193	olaTTNIg22_193	26.882	93	67	1	1	93	1	92	8.20e-11	45.4
TTNI45_193	olaTTNIg24_194	28.395	81	58	0	11	91	10	90	1.25e-10	45.1
TTNI45_193	olaTTNIg41_196	30.682	88	60	1	5	91	5	92	1.28e-10	45.1
TTNI45_193	olaTTNIg10_194	31.111	90	61	1	3	91	3	92	1.74e-10	44.7
TTNI45_193	olaTTNIg5_198	29.348	92	64	1	1	91	1	92	2.14e-10	44.7
TTNI45_193	olaTTNIg58_193	30.435	92	62	2	3	93	3	93	2.33e-10	44.3
TTNI45_193	olaTTNIg27_192	28.916	83	59	0	11	93	10	92	2.56e-10	44.3
TTNI45_193	olaTTNIg2_194	27.473	91	66	0	1	91	1	91	3.04e-10	43.9
TTNI45_193	olaTTNIg35_193	28.571	91	65	0	1	91	1	91	3.21e-10	43.9
TTNI45_193	olaTTNIg8_195	31.183	93	62	1	3	93	2	94	5.64e-10	43.5
TTNI45_193	olaTTNIg66_196	29.870	77	53	1	17	93	20	95	1.13e-09	42.7
TTNI45_193	olaTTNIg74_196	28.916	83	57	1	13	93	13	95	2.60e-09	41.6
TTNI45_193	olaTTNIg9_193	26.966	89	64	1	3	91	2	89	3.85e-09	41.2
TTNI45_193	olaTTNIg1_196	27.059	85	60	1	9	91	9	93	3.94e-09	41.2
TTNI45_193	olaTTNIg17_290	27.711	83	56	1	9	91	10	88	4.23e-09	40.8
TTNI45_193	olaTTNIg113_197	29.851	67	44	1	29	92	29	95	8.03e-09	40.4
TTNI45_193	olaTTNIg25_194	26.882	93	67	1	1	92	1	93	1.07e-08	40.0
TTNI45_193	olaTTNIg12_189	29.762	84	57	2	1	84	2	83	1.61e-08	39.3
TTNI45_193	olaTTNIg84_195	31.944	72	41	2	25	93	28	94	2.09e-08	39.3
TTNI45_193	olaTTNIg71_194	30.667	75	50	2	19	93	21	93	2.56e-08	38.9
TTNI45_193	olaTTNIg20_187	30.120	83	53	2	9	91	9	86	2.70e-08	38.9
TTNI45_193	olaTTNIg81_193	31.884	69	44	2	25	93	27	92	2.71e-08	38.9
TTNI45_193	olaTTNIg114_192	30.120	83	55	2	10	91	9	89	3.26e-08	38.9
TTNI45_193	olaTTNIg11_191	33.333	75	48	2	6	79	6	79	4.31e-08	38.5
TTNI45_193	olaTTNIg59_189	27.586	87	58	2	3	89	3	84	4.38e-08	38.1
TTNI45_193	olaTTNIg31_193	25.714	70	52	0	21	90	21	90	4.47e-08	38.5
TTNI45_193	olaTTNIg23_194	25.843	89	66	0	3	91	2	90	5.01e-08	38.1
TTNI45_193	olaTTNIg52_188	31.169	77	48	2	15	91	15	86	6.18e-08	37.7
TTNI45_193	olaTTNIg91_193	26.667	75	55	0	19	93	18	92	6.91e-08	37.7
TTNI45_193	olaTTNIg85_194	24.000	75	57	0	19	93	19	93	7.66e-08	37.7
TTNI45_193	olaTTNIg73_197	24.176	91	61	1	11	93	6	96	7.89e-08	37.7
TTNI45_193	olaTTNIg19_391	29.870	77	53	1	3	79	3	78	8.31e-08	37.7
TTNI46_193	olaTTNIg38_193	39.785	93	56	0	1	93	1	93	2.45e-24	80.1
TTNI46_193	olaTTNIg34_193	39.130	92	56	0	2	93	2	93	7.80e-22	73.6
TTNI46_193	olaTTNIg39_194	41.489	94	54	1	1	93	1	94	1.13e-20	70.9
TTNI46_193	olaTTNIg35_193	39.785	93	56	0	1	93	1	93	4.71e-20	68.9
TTNI46_193	olaTTNIg40_194	34.066	91	60	0	2	92	1	91	2.42e-19	67.4
TTNI46_193	olaTTNIg33_195	37.363	91	57	0	1	91	1	91	1.55e-18	65.5
TTNI46_193	olaTTNIg29_192	33.696	92	61	0	2	93	1	92	2.82e-18	64.7
TTNI46_193	olaTTNIg32_194	30.851	94	64	1	1	93	1	94	1.45e-17	62.8
TTNI46_193	olaTTNIg37_193	31.183	93	64	0	1	93	1	93	4.01e-17	61.6
TTNI46_193	olaTTNIg27_192	34.783	92	60	0	2	93	1	92	5.67e-17	61.2
TTNI46_193	olaTTNIg108_193	31.868	91	62	0	2	92	1	91	1.01e-15	58.2
TTNI46_193	olaTTNIg31_193	30.108	93	65	0	1	93	1	93	1.65e-15	57.4
TTNI46_193	olaTTNIg24_194	30.769	91	63	0	2	92	1	91	1.65e-15	57.4
TTNI46_193	olaTTNIg30_194	28.723	94	66	1	1	93	1	94	7.86e-15	55.8
TTNI46_193	olaTTNIg36_194	35.106	94	58	2	2	93	2	94	9.05e-15	55.5
TTNI46_193	olaTTNIg44_197	33.333	96	59	2	1	92	3	97	3.71e-14	54.3
TTNI46_193	olaTTNIg28_194	29.787	94	65	1	1	93	1	94	2.59e-13	52.0
TTNI46_193	olaTTNIg5_198	31.183	93	63	1	1	92	1	93	4.31e-13	51.6
TTNI46_193	olaTTNIg2_194	27.174	92	67	0	1	92	1	92	4.94e-12	48.5
TTNI46_193	olaTTNIg72_197	32.895	76	51	0	16	91	19	94	1.05e-11	47.8
TTNI46_193	olaTTNIg8_195	28.723	94	65	1	2	93	1	94	1.34e-11	47.4
TTNI46_193	olaTTNIg116_195	27.273	77	56	0	16	92	16	92	1.14e-10	45.1
TTNI46_193	olaTTNIg55_190	35.789	95	54	3	1	93	1	90	1.55e-10	44.7
TTNI46_193	olaTTNIg113_197	25.532	94	67	1	1	91	1	94	2.03e-10	44.7
TTNI46_193	olaTTNIg21_195	27.174	92	67	0	1	92	1	92	5.35e-10	43.5
TTNI46_193	olaTTNIg56_189	26.667	90	62	2	4	93	4	89	6.08e-10	43.1
TTNI46_193	olaTTNIg19_391	36.620	71	40	2	21	91	21	86	1.76e-09	42.0
TTNI46_193	olaTTNIg25_194	28.261	92	65	1	1	91	1	92	2.35e-09	41.6
TTNI46_193	olaTTNIg3_195	22.340	94	71	1	2	93	2	95	2.58e-09	41.6
TTNI46_193	olaTTNIg54_189	31.081	74	50	1	1	74	2	74	3.38e-09	41.2
TTNI46_193	olaTTNIg10_194	25.000	92	68	1	2	92	2	93	5.23e-09	40.8
TTNI46_193	olaTTNIg22_193	25.926	81	59	1	1	81	1	80	1.23e-08	39.7
TTNI46_193	olaTTNIg1_196	23.913	92	68	1	2	91	2	93	1.72e-08	39.7
TTNI46_193	olaTTNIg4_195	28.409	88	59	2	2	86	2	88	3.09e-08	38.9
TTNI46_193	olaTTNIg100_195	28.125	64	46	0	15	78	17	80	3.33e-08	38.9
TTNI46_193	olaTTNIg11_191	32.000	75	49	2	3	76	3	76	4.22e-08	38.5
TTNI46_193	olaTTNIg115_194	23.457	81	62	0	2	82	2	82	8.60e-08	37.7
TTNI46_193	olaTTNIg52_188	30.986	71	48	1	4	74	4	73	9.17e-08	37.4
TTNI46_193	olaTTNIg95_197	27.273	66	48	0	16	81	19	84	1.05e-07	37.4
TTNI46_193	olaTTNIg89_196	26.250	80	56	1	2	81	7	83	1.35e-07	37.4
TTNI46_193	olaTTNIg98_196	32.836	67	43	2	16	81	18	83	4.17e-07	35.8
TTNI46_193	olaTTNIg110_194	25.581	86	54	2	2	81	1	82	5.37e-07	35.4
TTNI46_193	olaTTNIg23_194	23.077	91	70	0	2	92	1	91	6.10e-07	35.4
TTNI46_193	olaTTNIg47_188	32.143	56	37	1	21	76	22	76	6.61e-07	35.0
TTNI46_193	olaTTNIg46_189	29.310	58	40	1	21	78	22	78	8.76e-07	35.0
TTNI46_193	olaTTNIg83_195	25.758	66	49	0	16	81	17	82	1.69e-06	34.3
TTNI46_193	olaTTNIg58_193	29.114	79	54	2	16	93	16	93	1.69e-06	34.3
TTNI46_193	olaTTNIg9_193	29.114	79	51	2	14	92	13	86	3.45e-06	33.5
TTNI46_193	olaTTNIg20_187	29.213	89	58	2	4	92	4	87	4.26e-06	33.1
TTNI46_193	olaTTNIg106_196	21.212	66	52	0	16	81	18	83	6.84e-06	32.7
TTNI47_193	olaTTNIg35_193	43.011	93	53	0	1	93	1	93	5.62e-24	79.0
TTNI47_193	olaTTNIg33_195	30.769	91	63	0	1	91	1	91	9.52e-17	60.8
TTNI47_193	olaTTNIg38_193	31.183	93	64	0	1	93	1	93	1.10e-15	57.8
TTNI47_193	olaTTNIg40_194	37.838	74	46	0	18	91	17	90	2.93e-15	57.0
TTNI47_193	olaTTNIg36_194	29.167	96	61	3	2	93	2	94	1.27e-13	52.8
TTNI47_193	olaTTNIg39_194	31.250	96	61	2	1	93	1	94	1.87e-13	52.4
TTNI47_193	olaTTNIg32_194	28.421	95	65	2	1	93	1	94	2.46e-13	52.0
TTNI47_193	olaTTNIg30_194	29.870	77	54	0	17	93	18	94	2.46e-13	52.0
TTNI47_193	olaTTNIg28_194	30.851	94	64	1	1	93	1	94	2.86e-13	52.0
TTNI47_193	olaTTNIg27_192	35.065	77	50	0	17	93	16	92	1.46e-12	50.1
TTNI47_193	olaTTNIg34_193	30.682	88	60	1	7	93	6	93	3.40e-11	46.6
TTNI47_193	olaTTNIg117_196	26.374	91	67	0	2	92	2	92	6.46e-11	45.8
TTNI47_193	olaTTNIg1_196	29.268	82	56	1	13	92	13	94	7.58e-11	45.4
TTNI47_193	olaTTNIg37_193	23.656	93	71	0	1	93	1	93	8.94e-11	45.4
TTNI47_193	olaTTNIg31_193	27.957	93	67	0	1	93	1	93	2.00e-10	44.3
TTNI47_193	olaTTNIg25_194	30.137	73	50	1	21	92	21	93	1.84e-09	42.0
TTNI47_193	olaTTNIg57_188	27.957	93	62	2	1	93	1	88	2.88e-09	41.2
TTNI47_193	olaTTNIg44_197	38.596	57	35	0	35	91	40	96	4.02e-09	41.2
TTNI47_193	olaTTNIg21_195	27.473	91	66	0	1	91	1	91	5.81e-09	40.8
TTNI47_193	olaTTNIg11_191	31.343	67	44	1	27	93	27	91	1.15e-08	40.0
TTNI47_193	olaTTNIg108_193	28.767	73	51	1	21	93	20	91	1.99e-08	39.3
TTNI47_193	olaTTNIg66_196	32.394	71	47	1	23	93	26	95	2.77e-08	38.9
TTNI47_193	olaTTNIg29_192	27.869	61	44	0	33	93	32	92	3.86e-08	38.5
TTNI47_193	olaTTNIg101_195	29.870	77	49	2	19	93	21	94	9.53e-08	37.7
TTNI47_193	olaTTNIg4_195	28.723	94	65	1	2	93	2	95	9.63e-08	37.4
TTNI47_193	olaTTNIg24_194	27.027	74	54	0	18	91	17	90	1.64e-07	37.0
TTNI47_193	olaTTNIg112_198	29.508	61	43	0	32	92	36	96	1.85e-07	37.0
TTNI47_193	olaTTNIg84_195	30.435	69	46	1	25	93	28	94	2.07e-07	36.6
TTNI47_193	olaTTNIg5_198	31.522	92	62	1	1	91	1	92	2.62e-07	36.6
TTNI47_193	olaTTNIg23_194	28.767	73	52	0	19	91	18	90	2.65e-07	36.2
TTNI47_193	olaTTNIg52_188	31.148	61	38	1	33	93	32	88	3.93e-07	35.8
TTNI47_193	olaTTNIg2_194	26.374	91	67	0	1	91	1	91	4.13e-07	35.8
TTNI47_193	olaTTNIg3_195	27.027	74	54	0	18	91	18	91	4.61e-07	35.8
TTNI47_193	olaTTNIg46_189	32.051	78	49	3	3	78	3	78	6.58e-07	35.4
TTNI47_193	olaTTNIg41_196	26.374	91	66	1	4	93	4	94	1.07e-06	34.7
TTNI47_193	olaTTNIg64_193	27.869	61	44	0	26	86	25	85	1.80e-06	34.3
TTNI47_193	olaTTNIg114_192	32.000	75	48	2	18	91	17	89	2.21e-06	33.9
TTNI47_193	olaTTNIg99_197	29.412	85	53	1	4	88	13	90	2.67e-06	33.9
TTNI47_193	olaTTNIg63_197	27.143	70	51	0	17	86	20	89	3.70e-06	33.5
TTNI47_193	olaTTNIg10_194	29.730	74	51	1	19	91	19	92	3.93e-06	33.1
TTNI47_193	olaTTNIg113_197	25.263	95	66	2	1	91	1	94	4.76e-06	33.1
TTNI47_193	olaTTNIg43_297	30.952	42	29	0	33	74	33	74	5.55e-06	33.1
TTNI47_193	olaTTNIg74_196	27.632	76	53	1	18	91	18	93	7.51e-06	32.7
TTNI48_194	olaTTNIg36_194	43.011	93	53	0	2	94	2	94	2.16e-28	90.5
TTNI48_194	olaTTNIg30_194	40.426	94	56	0	1	94	1	94	2.78e-28	90.1
TTNI48_194	olaTTNIg34_193	42.553	94	51	2	2	94	2	93	3.31e-22	74.7
TTNI48_194	olaTTNIg39_194	34.043	94	62	0	1	94	1	94	8.38e-21	71.2
TTNI48_194	olaTTNIg40_194	33.696	92	60	1	2	93	1	91	4.90e-20	68.9
TTNI48_194	olaTTNIg3_195	34.737	95	59	2	2	94	2	95	1.85e-17	62.4
TTNI48_194	olaTTNIg38_193	29.787	94	65	1	1	94	1	93	6.15e-17	61.2
TTNI48_194	olaTTNIg27_192	34.568	81	53	0	14	94	12	92	1.74e-16	60.1
TTNI48_194	olaTTNIg33_195	31.868	91	62	0	2	92	1	91	1.52e-15	57.8
TTNI48_194	olaTTNIg28_194	29.474	95	65	2	1	94	1	94	3.13e-15	57.0
TTNI48_194	olaTTNIg22_193	28.889	90	62	2	1	90	1	88	4.72e-15	56.2
TTNI48_194	olaTTNIg37_193	29.787	94	65	1	1	94	1	93	9.14e-15	55.5
TTNI48_194	olaTTNIg32_194	29.474	95	65	2	1	94	1	94	6.71e-14	53.5
TTNI48_194	olaTTNIg9_193	26.882	93	66	2	2	94	1	91	1.43e-13	52.8
TTNI48_194	olaTTNIg115_194	32.143	84	56	1	2	85	2	84	2.59e-13	52.0
TTNI48_194	olaTTNIg35_193	30.851	94	64	1	1	94	1	93	4.04e-13	51.6
TTNI48_194	olaTTNIg24_194	25.000	92	68	1	2	93	1	91	4.91e-13	51.2
TTNI48_194	olaTTNIg10_194	29.032	93	64	2	2	93	2	93	7.56e-13	50.8
TTNI48_194	olaTTNIg2_194	25.806	93	68	1	1	93	1	92	1.81e-12	49.7
TTNI48_194	olaTTNIg5_198	28.723	94	65	2	1	93	1	93	4.33e-12	48.9
TTNI48_194	olaTTNIg31_193	28.723	94	66	1	1	94	1	93	5.04e-12	48.5
TTNI48_194	olaTTNIg1_196	27.957	93	64	2	2	92	2	93	1.18e-11	47.8
TTNI48_194	olaTTNIg77_197	28.723	94	65	1	1	92	1	94	2.53e-11	47.0
TTNI48_194	olaTTNIg23_194	26.087	92	67	1	2	93	1	91	3.43e-11	46.6
TTNI48_194	olaTTNIg113_197	28.421	95	64	3	1	92	1	94	3.81e-11	46.6
TTNI48_194	olaTTNIg72_197	25.581	86	64	0	7	92	9	94	4.57e-11	46.2
TTNI48_194	olaTTNIg29_192	27.957	93	66	1	2	94	1	92	1.08e-10	45.1
TTNI48_194	olaTTNIg112_198	27.381	84	60	1	10	92	12	95	1.45e-10	45.1
TTNI48_194	olaTTNIg25_194	27.957	93	65	2	1	92	1	92	2.20e-10	44.3
TTNI48_194	olaTTNIg4_195	26.316	95	67	2	2	94	2	95	4.17e-10	43.9
TTNI48_194	olaTTNIg44_197	29.167	96	64	2	1	93	3	97	4.68e-10	43.5
TTNI48_194	olaTTNIg76_192	26.882	93	66	1	2	94	1	91	5.85e-10	43.1
TTNI48_194	olaTTNIg104_198	25.263	95	68	1	1	92	1	95	5.97e-10	43.5
TTNI48_194	olaTTNIg116_195	25.610	82	60	1	1	82	1	81	6.34e-10	43.1
TTNI48_194	olaTTNIg108_193	26.582	79	58	0	15	93	13	91	1.24e-09	42.4
TTNI48_194	olaTTNIg8_195	30.526	95	63	2	2	94	1	94	1.56e-09	42.4
TTNI48_194	olaTTNIg74_196	29.032	93	62	2	2	92	1	91	6.63e-09	40.4
TTNI48_194	olaTTNIg95_197	21.277	94	72	1	1	92	1	94	7.51e-09	40.4
TTNI48_194	olaTTNIg21_195	22.581	93	71	1	1	93	1	92	1.21e-08	40.0
TTNI48_194	olaTTNIg83_195	25.714	70	52	0	13	82	13	82	1.77e-08	39.7
TTNI48_194	olaTTNIg99_197	28.000	75	54	0	8	82	9	83	4.30e-08	38.5
TTNI48_194	olaTTNIg70_195	26.316	95	64	4	1	91	1	93	6.34e-08	38.1
TTNI48_194	olaTTNIg66_196	28.866	97	60	4	1	92	1	93	7.18e-08	37.7
TTNI48_194	olaTTNIg42_192	26.027	73	53	1	2	73	3	75	7.29e-08	37.7
TTNI48_194	olaTTNIg6_195	27.174	92	65	2	2	92	1	91	1.06e-07	37.4
TTNI48_194	olaTTNIg102_195	27.586	87	61	1	8	94	10	94	1.47e-07	37.0
TTNI48_194	olaTTNIg106_196	22.785	79	61	0	14	92	15	93	1.57e-07	37.0
TTNI48_194	olaTTNIg82_196	25.352	71	53	0	13	83	14	84	1.62e-07	37.0
TTNI48_194	olaTTNIg89_196	23.077	91	66	1	2	92	7	93	1.94e-07	37.0
TTNI48_194	olaTTNIg63_197	26.190	84	62	0	7	90	9	92	2.71e-07	36.6
TTNI49_193	olaTTNIg31_193	40.860	93	55	0	1	93	1	93	1.06e-22	75.9
TTNI49_193	olaTTNIg37_193	34.409	93	61	0	1	93	1	93	9.35e-20	68.2
TTNI49_193	olaTTNIg38_193	30.108	93	65	0	1	93	1	93	2.71e-17	62.0
TTNI49_193	olaTTNIg39_194	34.043	94	61	1	1	93	1	94	4.84e-17	61.6
TTNI49_193	olaTTNIg40_194	35.714	84	53	1	9	92	9	91	1.29e-16	60.5
TTNI49_193	olaTTNIg34_193	34.043	94	58	2	2	93	2	93	1.10e-15	57.8
TTNI49_193	olaTTNIg33_195	34.286	70	46	0	20	89	20	89	2.89e-14	54.3
TTNI49_193	olaTTNIg27_192	31.522	92	63	0	2	93	1	92	3.00e-14	54.3
TTNI49_193	olaTTNIg108_193	36.066	61	39	0	21	81	20	80	2.51e-13	52.0
TTNI49_193	olaTTNIg28_194	29.787	94	65	1	1	93	1	94	3.22e-13	51.6
TTNI49_193	olaTTNIg30_194	28.723	94	66	1	1	93	1	94	1.70e-12	49.7
TTNI49_193	olaTTNIg36_194	31.507	73	50	0	21	93	22	94	4.29e-12	48.9
TTNI49_193	olaTTNIg35_193	25.806	93	69	0	1	93	1	93	3.74e-11	46.2
TTNI49_193	olaTTNIg29_192	30.120	83	58	0	11	93	10	92	5.17e-11	45.8
TTNI49_193	olaTTNIg44_197	38.028	71	41	2	21	91	27	94	7.10e-11	45.8
TTNI49_193	olaTTNIg3_195	25.532	94	62	2	8	93	2	95	7.27e-11	45.8
TTNI49_193	olaTTNIg112_198	41.509	53	31	0	32	84	36	88	2.28e-10	44.3
TTNI49_193	olaTTNIg21_195	33.333	66	44	0	19	84	19	84	3.48e-10	43.9
TTNI49_193	olaTTNIg9_193	27.473	91	63	2	2	92	1	88	5.09e-10	43.5
TTNI49_193	olaTTNIg4_195	28.049	82	57	1	2	81	2	83	1.46e-09	42.4
TTNI49_193	olaTTNIg49_187	40.351	57	32	1	18	74	18	72	1.48e-09	42.0
TTNI49_193	olaTTNIg22_193	29.348	92	58	2	8	93	2	92	2.03e-09	42.0
TTNI49_193	olaTTNIg32_194	26.596	94	68	1	1	93	1	94	3.56e-09	41.2
TTNI49_193	olaTTNIg5_198	26.506	83	60	1	1	82	1	83	4.41e-09	41.2
TTNI49_193	olaTTNIg55_190	31.250	80	52	2	1	78	1	79	5.88e-09	40.4
TTNI49_193	olaTTNIg73_197	34.921	63	41	0	19	81	22	84	1.47e-08	39.7
TTNI49_193	olaTTNIg24_194	29.474	95	63	3	2	93	1	94	1.94e-08	39.3
TTNI49_193	olaTTNIg103_196	28.169	71	51	0	21	91	23	93	3.18e-08	38.9
TTNI49_193	olaTTNIg77_197	28.767	73	52	0	19	91	22	94	3.52e-08	38.9
TTNI49_193	olaTTNIg88_193	32.500	80	50	2	2	81	5	80	5.65e-08	38.1
TTNI49_193	olaTTNIg54_189	29.114	79	54	2	1	78	1	78	6.73e-08	37.7
TTNI49_193	olaTTNIg23_194	29.762	84	56	2	13	93	11	94	2.36e-07	36.6
TTNI49_193	olaTTNIg1_196	22.785	79	59	1	11	87	11	89	2.54e-07	36.6
TTNI49_193	olaTTNIg52_188	28.947	76	49	2	18	93	18	88	2.92e-07	36.2
TTNI49_193	olaTTNIg106_196	25.287	87	64	1	4	89	5	91	3.31e-07	36.2
TTNI49_193	olaTTNIg91_193	28.947	76	54	0	14	89	13	88	3.61e-07	35.8
TTNI49_193	olaTTNIg114_192	26.087	92	65	2	2	92	1	90	4.39e-07	35.8
TTNI49_193	olaTTNIg116_195	23.611	72	55	0	21	92	21	92	4.52e-07	35.8
TTNI49_193	olaTTNIg20_187	35.088	57	36	1	20	76	20	75	5.72e-07	35.4
TTNI49_193	olaTTNIg113_197	28.090	89	59	3	1	85	1	88	5.76e-07	35.4
TTNI49_193	olaTTNIg2_194	24.658	73	55	0	15	87	15	87	8.03e-07	35.0
TTNI49_193	olaTTNIg95_197	29.730	74	47	1	12	85	20	88	1.05e-06	35.0
TTNI49_193	olaTTNIg110_194	28.571	84	50	3	8	82	1	83	1.22e-06	34.7
TTNI49_193	olaTTNIg70_195	23.188	69	53	0	21	89	22	90	1.30e-06	34.7
TTNI49_193	olaTTNIg84_195	31.343	67	44	1	25	91	28	92	1.49e-06	34.3
TTNI49_193	olaTTNIg98_196	22.472	89	65	1	7	91	5	93	2.11e-06	33.9
TTNI49_193	olaTTNIg42_192	28.333	60	42	1	15	73	17	76	2.33e-06	33.9
TTNI49_193	olaTTNIg111_1101	28.378	74	52	1	11	83	17	90	2.83e-06	33.9
TTNI49_193	olaTTNIg8_195	25.333	75	54	1	21	93	20	94	2.94e-06	33.5
TTNI49_193	olaTTNIg41_196	29.114	79	55	1	4	81	4	82	3.97e-06	33.5
TTNI50_194	olaTTNIg32_194	35.106	94	61	0	1	94	1	94	3.51e-23	77.0
TTNI50_194	olaTTNIg40_194	37.037	81	50	1	2	82	1	80	3.49e-18	64.3
TTNI50_194	olaTTNIg39_194	33.684	95	61	2	1	94	1	94	5.52e-18	63.9
TTNI50_194	olaTTNIg38_193	28.723	94	66	1	1	94	1	93	4.68e-17	61.6
TTNI50_194	olaTTNIg35_193	30.851	94	64	1	1	94	1	93	4.53e-16	58.9
TTNI50_194	olaTTNIg28_194	32.979	94	63	0	1	94	1	94	1.21e-15	57.8
TTNI50_194	olaTTNIg22_193	31.111	90	60	2	1	90	1	88	2.16e-15	57.4
TTNI50_194	olaTTNIg36_194	27.660	94	66	2	2	94	2	94	2.22e-12	49.7
TTNI50_194	olaTTNIg34_193	25.806	93	68	1	2	94	2	93	4.99e-12	48.5
TTNI50_194	olaTTNIg29_192	23.656	93	70	1	2	94	1	92	9.23e-12	47.8
TTNI50_194	olaTTNIg33_195	25.532	94	69	1	1	94	1	93	1.63e-11	47.4
TTNI50_194	olaTTNIg30_194	27.368	95	66	3	1	94	1	93	9.02e-11	45.4
TTNI50_194	olaTTNIg2_194	31.522	92	62	1	1	92	1	91	2.78e-10	44.3
TTNI50_194	olaTTNIg31_193	32.927	82	54	1	1	82	1	81	3.27e-10	43.9
TTNI50_194	olaTTNIg37_193	29.268	82	57	1	1	82	1	81	3.52e-09	41.2
TTNI50_194	olaTTNIg21_195	27.174	92	66	1	1	92	1	91	3.74e-09	41.2
TTNI50_194	olaTTNIg117_196	33.333	81	53	1	2	82	2	81	1.35e-08	39.7
TTNI50_194	olaTTNIg1_196	23.913	92	69	1	2	92	2	93	1.66e-08	39.7
TTNI50_194	olaTTNIg24_194	25.275	91	67	1	2	92	1	90	4.12e-08	38.5
TTNI50_194	olaTTNIg23_194	24.176	91	68	1	2	92	1	90	6.57e-08	38.1
TTNI50_194	olaTTNIg52_188	37.179	78	45	3	4	80	4	78	7.95e-08	37.7
TTNI50_194	olaTTNIg116_195	24.490	98	61	2	1	92	1	91	2.21e-07	36.6
TTNI50_194	olaTTNIg74_196	25.882	85	62	1	11	94	11	95	3.29e-07	36.2
TTNI50_194	olaTTNIg75_195	26.744	86	59	2	10	94	12	94	5.49e-07	35.4
TTNI50_194	olaTTNIg89_196	23.529	85	64	1	10	94	12	95	5.70e-07	35.4
TTNI50_194	olaTTNIg115_194	27.473	91	65	1	2	92	2	91	6.47e-07	35.4
TTNI50_194	olaTTNIg83_195	25.000	80	59	1	15	94	16	94	9.02e-07	35.0
TTNI50_194	olaTTNIg95_197	25.882	85	59	2	1	82	1	84	1.07e-06	35.0
TTNI50_194	olaTTNIg78_196	29.213	89	46	4	11	92	13	91	5.93e-06	32.7
TTNI50_194	olaTTNIg108_193	21.978	91	70	1	2	92	1	90	9.89e-06	32.3
TTNI51_193	olaTTNIg33_195	46.237	93	50	0	1	93	1	93	4.08e-28	89.7
TTNI51_193	olaTTNIg40_194	40.244	82	49	0	10	91	9	90	5.75e-20	68.9
TTNI51_193	olaTTNIg39_194	34.940	83	54	0	11	93	12	94	2.17e-16	59.7
TTNI51_193	olaTTNIg29_192	35.556	90	58	0	4	93	3	92	1.40e-15	57.8
TTNI51_193	olaTTNIg36_194	27.957	93	67	0	1	93	2	94	2.52e-15	57.0
TTNI51_193	olaTTNIg27_192	30.769	91	63	0	3	93	2	92	4.18e-15	56.6
TTNI51_193	olaTTNIg116_195	39.286	84	47	2	1	82	1	82	5.39e-15	56.2
TTNI51_193	olaTTNIg24_194	31.765	85	58	0	3	87	2	86	2.22e-14	54.7
TTNI51_193	olaTTNIg34_193	31.325	83	57	0	11	93	11	93	3.90e-14	53.9
TTNI51_193	olaTTNIg30_194	33.803	71	47	0	16	86	17	87	5.70e-14	53.5
TTNI51_193	olaTTNIg9_193	30.337	89	61	1	4	92	3	90	5.82e-14	53.5
TTNI51_193	olaTTNIg38_193	29.032	93	66	0	1	93	1	93	6.14e-14	53.5
TTNI51_193	olaTTNIg108_193	26.582	79	58	0	11	89	10	88	9.78e-14	53.1
TTNI51_193	olaTTNIg21_195	31.868	91	62	0	1	91	1	91	1.98e-13	52.4
TTNI51_193	olaTTNIg73_197	29.474	95	65	1	1	93	2	96	5.29e-13	51.2
TTNI51_193	olaTTNIg32_194	28.723	94	66	1	1	93	1	94	5.89e-13	50.8
TTNI51_193	olaTTNIg44_197	36.486	74	46	1	14	87	20	92	2.67e-12	49.3
TTNI51_193	olaTTNIg3_195	32.530	83	54	1	13	93	13	95	2.82e-12	49.3
TTNI51_193	olaTTNIg28_194	31.522	92	62	1	1	91	1	92	2.97e-12	49.3
TTNI51_193	olaTTNIg37_193	26.882	93	68	0	1	93	1	93	7.36e-12	48.1
TTNI51_193	olaTTNIg72_197	31.325	83	57	0	11	93	14	96	8.45e-12	48.1
TTNI51_193	olaTTNIg31_193	35.135	74	48	0	16	89	16	89	1.26e-11	47.4
TTNI51_193	olaTTNIg74_196	27.368	95	67	1	1	93	1	95	2.18e-11	47.0
TTNI51_193	olaTTNIg117_196	29.630	81	57	0	12	92	12	92	7.42e-11	45.8
TTNI51_193	olaTTNIg115_194	30.000	80	56	0	13	92	13	92	1.48e-10	44.7
TTNI51_193	olaTTNIg1_196	27.027	74	52	1	16	87	16	89	1.49e-10	44.7
TTNI51_193	olaTTNIg2_194	27.586	87	63	0	1	87	1	87	1.65e-10	44.7
TTNI51_193	olaTTNIg5_198	33.898	59	38	1	16	73	16	74	2.92e-10	44.3
TTNI51_193	olaTTNIg85_194	26.506	83	61	0	11	93	11	93	6.36e-10	43.1
TTNI51_193	olaTTNIg70_195	23.656	93	71	0	1	93	2	94	7.54e-10	43.1
TTNI51_193	olaTTNIg35_193	33.333	81	54	0	13	93	13	93	1.02e-09	42.7
TTNI51_193	olaTTNIg10_194	25.843	89	65	1	4	91	4	92	1.21e-09	42.4
TTNI51_193	olaTTNIg6_195	27.778	90	64	1	3	91	2	91	1.54e-09	42.4
TTNI51_193	olaTTNIg113_197	30.120	83	55	2	12	91	12	94	1.69e-09	42.0
TTNI51_193	olaTTNIg100_195	23.457	81	62	0	9	89	11	91	1.77e-09	42.0
TTNI51_193	olaTTNIg95_197	31.944	72	49	0	11	82	14	85	5.19e-09	40.8
TTNI51_193	olaTTNIg98_196	26.923	78	57	0	16	93	18	95	5.61e-09	40.8
TTNI51_193	olaTTNIg107_194	32.911	79	51	1	13	91	15	91	1.05e-08	40.0
TTNI51_193	olaTTNIg42_192	27.397	73	52	1	1	72	3	75	1.16e-08	40.0
TTNI51_193	olaTTNIg23_194	29.545	88	62	0	4	91	3	90	2.11e-08	39.3
TTNI51_193	olaTTNIg22_193	23.656	93	70	1	1	93	1	92	2.46e-08	38.9
TTNI51_193	olaTTNIg87_194	33.333	84	52	2	11	93	13	93	2.94e-08	38.9
TTNI51_193	olaTTNIg89_196	24.096	83	63	0	11	93	13	95	3.08e-08	38.9
TTNI51_193	olaTTNIg99_197	28.571	70	50	0	13	82	15	84	3.49e-08	38.9
TTNI51_193	olaTTNIg110_194	28.916	83	57	2	11	91	10	92	3.64e-08	38.5
TTNI51_193	olaTTNIg77_197	29.670	91	48	3	11	93	14	96	4.64e-08	38.5
TTNI51_193	olaTTNIg16_189	31.818	66	44	1	11	76	12	76	5.63e-08	38.1
TTNI51_193	olaTTNIg111_1101	27.848	79	56	1	16	93	22	100	5.82e-08	38.1
TTNI51_193	olaTTNIg62_195	28.049	82	58	1	11	91	12	93	7.87e-08	37.7
TTNI51_193	olaTTNIg71_194	32.468	77	50	1	15	91	17	91	9.27e-08	37.7
TTNI52_193	olaTTNIg32_194	38.298	94	57	1	1	93	1	94	2.72e-23	77.4
TTNI52_193	olaTTNIg34_193	36.957	92	58	0	2	93	2	93	1.27e-21	73.2
TTNI52_193	olaTTNIg40_194	34.066	91	60	0	2	92	1	91	4.43e-20	69.3
TTNI52_193	olaTTNIg35_193	35.484	93	60	0	1	93	1	93	2.87e-19	67.0
TTNI52_193	olaTTNIg38_193	32.258	93	63	0	1	93	1	93	3.40e-18	64.3
TTNI52_193	olaTTNIg31_193	31.183	93	64	0	1	93	1	93	4.15e-17	61.6
TTNI52_193	olaTTNIg33_195	30.769	91	63	0	1	91	1	91	2.47e-16	59.7
TTNI52_193	olaTTNIg39_194	32.979	94	62	1	1	93	1	94	3.00e-16	59.3
TTNI52_193	olaTTNIg30_194	29.787	94	65	1	1	93	1	94	1.70e-15	57.4
TTNI52_193	olaTTNIg108_193	26.374	91	67	0	2	92	1	91	1.94e-15	57.4
TTNI52_193	olaTTNIg36_194	31.183	93	63	1	2	93	2	94	7.77e-15	55.8
TTNI52_193	olaTTNIg5_198	33.333	93	61	1	1	92	1	93	1.08e-14	55.5
TTNI52_193	olaTTNIg3_195	30.769	91	63	0	2	92	2	92	2.95e-14	54.3
TTNI52_193	olaTTNIg37_193	26.882	93	68	0	1	93	1	93	5.28e-14	53.5
TTNI52_193	olaTTNIg28_194	26.596	94	68	1	1	93	1	94	3.43e-13	51.6
TTNI52_193	olaTTNIg44_197	31.250	96	61	2	1	92	3	97	1.27e-12	50.1
TTNI52_193	olaTTNIg2_194	31.522	92	63	0	1	92	1	92	3.04e-12	49.3
TTNI52_193	olaTTNIg29_192	29.348	92	65	0	2	93	1	92	1.16e-11	47.8
TTNI52_193	olaTTNIg115_194	30.000	90	63	0	2	91	2	91	4.69e-11	46.2
TTNI52_193	olaTTNIg23_194	27.473	91	66	0	2	92	1	91	4.79e-11	46.2
TTNI52_193	olaTTNIg22_193	28.395	81	57	1	1	81	1	80	5.17e-11	45.8
TTNI52_193	olaTTNIg24_194	25.275	91	68	0	2	92	1	91	9.73e-11	45.4
TTNI52_193	olaTTNIg113_197	28.723	94	64	1	1	91	1	94	1.87e-10	44.7
TTNI52_193	olaTTNIg27_192	30.435	92	64	0	2	93	1	92	2.98e-10	43.9
TTNI52_193	olaTTNIg1_196	27.957	93	63	2	2	91	2	93	4.80e-10	43.5
TTNI52_193	olaTTNIg116_195	26.316	76	56	0	16	91	16	91	1.18e-09	42.4
TTNI52_193	olaTTNIg4_195	25.610	82	59	1	2	81	2	83	4.39e-08	38.5
TTNI52_193	olaTTNIg61_188	25.641	78	57	1	1	78	2	78	1.01e-07	37.4
TTNI52_193	olaTTNIg8_195	23.404	94	70	1	2	93	1	94	1.09e-07	37.4
TTNI52_193	olaTTNIg76_192	26.984	63	46	0	16	78	14	76	1.60e-07	37.0
TTNI52_193	olaTTNIg14_188	28.235	85	57	1	8	92	8	88	5.02e-07	35.4
TTNI52_193	olaTTNIg7_195	26.596	94	65	2	2	92	1	93	5.29e-07	35.4
TTNI52_193	olaTTNIg41_196	30.000	70	48	1	23	91	23	92	5.49e-07	35.4
TTNI52_193	olaTTNIg110_194	27.711	83	58	2	2	82	1	83	1.01e-06	34.7
TTNI52_193	olaTTNIg21_195	25.000	92	69	0	1	92	1	92	1.03e-06	34.7
TTNI52_193	olaTTNIg6_195	27.273	77	55	1	16	91	15	91	1.55e-06	34.3
TTNI52_193	olaTTNIg114_192	27.174	92	64	2	2	92	1	90	1.88e-06	34.3
TTNI52_193	olaTTNIg54_189	28.049	82	58	1	1	82	2	82	3.40e-06	33.5
TTNI52_193	olaTTNIg89_196	21.429	84	63	1	2	85	7	87	3.84e-06	33.5
TTNI52_193	olaTTNIg20_187	27.632	76	54	1	3	78	3	77	4.73e-06	33.1
TTNI52_193	olaTTNIg77_197	25.882	85	60	1	1	82	1	85	4.81e-06	33.1
TTNI52_193	olaTTNIg112_198	25.000	64	48	0	28	91	32	95	5.14e-06	33.1
TTNI52_193	olaTTNIg105_194	26.923	78	55	1	16	93	18	93	5.22e-06	33.1
TTNI52_193	olaTTNIg72_197	22.340	94	70	1	1	91	1	94	5.51e-06	33.1
TTNI52_193	olaTTNIg25_194	26.263	99	58	3	1	91	1	92	7.69e-06	32.3
TTNI53_193	olaTTNIg35_193	45.161	93	51	0	1	93	1	93	3.69e-26	84.7
TTNI53_193	olaTTNIg30_194	40.426	94	55	1	1	93	1	94	1.41e-22	75.5
TTNI53_193	olaTTNIg32_194	34.737	95	59	2	1	93	1	94	1.48e-19	67.8
TTNI53_193	olaTTNIg36_194	32.258	93	62	1	2	93	2	94	8.94e-19	65.9
TTNI53_193	olaTTNIg39_194	36.170	94	59	1	1	93	1	94	1.06e-18	65.9
TTNI53_193	olaTTNIg33_195	28.571	91	65	0	1	91	1	91	1.78e-18	65.1
TTNI53_193	olaTTNIg38_193	33.333	93	62	0	1	93	1	93	2.33e-17	62.4
TTNI53_193	olaTTNIg37_193	26.882	93	68	0	1	93	1	93	2.11e-15	57.4
TTNI53_193	olaTTNIg40_194	29.670	91	64	0	2	92	1	91	4.77e-15	56.2
TTNI53_193	olaTTNIg28_194	32.979	94	62	1	1	93	1	94	8.30e-15	55.8
TTNI53_193	olaTTNIg27_192	31.522	92	63	0	2	93	1	92	3.50e-13	51.6
TTNI53_193	olaTTNIg29_192	26.087	92	68	0	2	93	1	92	3.54e-13	51.6
TTNI53_193	olaTTNIg9_193	30.435	92	63	1	2	93	1	91	5.29e-13	51.2
TTNI53_193	olaTTNIg1_196	30.435	92	62	1	2	91	2	93	6.22e-13	50.8
TTNI53_193	olaTTNIg21_195	26.087	92	68	0	1	92	1	92	6.36e-13	50.8
TTNI53_193	olaTTNIg41_196	31.461	89	60	1	4	91	4	92	7.01e-13	50.8
TTNI53_193	olaTTNIg25_194	31.522	92	62	1	1	91	1	92	9.48e-13	50.4
TTNI53_193	olaTTNIg34_193	28.261	92	66	0	2	93	2	93	1.44e-12	50.1
TTNI53_193	olaTTNIg24_194	27.473	91	66	0	2	92	1	91	1.57e-12	50.1
TTNI53_193	olaTTNIg112_198	36.667	60	38	0	32	91	36	95	4.43e-12	48.9
TTNI53_193	olaTTNIg5_198	29.032	93	65	1	1	92	1	93	2.18e-11	47.0
TTNI53_193	olaTTNIg31_193	25.806	93	69	0	1	93	1	93	3.55e-11	46.2
TTNI53_193	olaTTNIg23_194	25.275	91	68	0	2	92	1	91	5.63e-11	45.8
TTNI53_193	olaTTNIg4_195	28.723	94	65	1	2	93	2	95	1.95e-10	44.7
TTNI53_193	olaTTNIg2_194	26.087	92	68	0	1	92	1	92	1.45e-09	42.4
TTNI53_193	olaTTNIg117_196	29.167	96	56	2	2	91	2	91	1.85e-09	42.0
TTNI53_193	olaTTNIg108_193	25.610	82	61	0	2	83	1	82	2.28e-09	41.6
TTNI53_193	olaTTNIg22_193	24.731	93	69	1	1	93	1	92	2.46e-09	41.6
TTNI53_193	olaTTNIg113_197	30.380	79	52	2	16	91	16	94	5.53e-09	40.8
TTNI53_193	olaTTNIg76_192	19.767	86	69	0	8	93	6	91	2.06e-08	39.3
TTNI53_193	olaTTNIg44_197	27.586	58	42	0	34	91	39	96	2.43e-08	39.3
TTNI53_193	olaTTNIg73_197	26.966	89	62	1	1	86	1	89	2.56e-08	38.9
TTNI53_193	olaTTNIg3_195	26.087	92	68	0	1	92	1	92	7.39e-08	37.7
TTNI53_193	olaTTNIg64_193	24.444	90	68	0	2	91	1	90	9.20e-08	37.7
TTNI53_193	olaTTNIg6_195	27.473	91	65	1	2	91	1	91	1.04e-07	37.4
TTNI53_193	olaTTNIg10_194	26.923	78	56	1	16	92	16	93	1.85e-07	37.0
TTNI53_193	olaTTNIg72_197	25.532	94	67	1	1	91	1	94	2.23e-07	36.6
TTNI53_193	olaTTNIg61_188	25.882	85	62	1	1	85	2	85	4.10e-07	35.8
TTNI53_193	olaTTNIg86_197	25.882	85	60	1	1	82	1	85	4.33e-07	35.8
TTNI53_193	olaTTNIg20_187	28.090	89	59	2	4	92	4	87	4.48e-07	35.8
TTNI53_193	olaTTNIg106_196	24.691	81	61	0	11	91	13	93	5.49e-07	35.4
TTNI53_193	olaTTNIg116_195	25.610	82	61	0	1	82	1	82	5.64e-07	35.4
TTNI53_193	olaTTNIg11_191	29.688	64	44	1	29	92	29	91	9.15e-07	35.0
TTNI53_193	olaTTNIg57_188	26.596	94	62	3	1	93	1	88	1.01e-06	34.7
TTNI53_193	olaTTNIg84_195	31.343	67	44	1	25	91	28	92	1.02e-06	35.0
TTNI53_193	olaTTNIg77_197	23.457	81	62	0	11	91	14	94	2.70e-06	33.9
TTNI53_193	olaTTNIg75_195	30.667	75	49	2	11	84	13	85	3.27e-06	33.5
TTNI53_193	olaTTNIg104_198	26.027	73	54	0	9	81	13	85	3.75e-06	33.5
TTNI53_193	olaTTNIg115_194	26.087	69	51	0	16	84	16	84	5.16e-06	33.1
TTNI53_193	olaTTNIg18_389	30.000	80	43	2	22	92	12	87	5.26e-06	32.7
TTNI54_193	olaTTNIg33_195	36.559	93	59	0	1	93	1	93	8.40e-19	65.9
TTNI54_193	olaTTNIg39_194	35.106	94	60	1	1	93	1	94	2.03e-17	62.4
TTNI54_193	olaTTNIg27_192	34.444	90	59	0	4	93	3	92	1.47e-16	60.1
TTNI54_193	olaTTNIg35_193	29.032	93	66	0	1	93	1	93	3.33e-15	56.6
TTNI54_193	olaTTNIg38_193	29.032	93	66	0	1	93	1	93	4.92e-15	56.2
TTNI54_193	olaTTNIg29_192	33.333	90	60	0	4	93	3	92	6.69e-14	53.5
TTNI54_193	olaTTNIg37_193	32.258	93	63	0	1	93	1	93	4.69e-13	51.2
TTNI54_193	olaTTNIg32_194	34.737	95	59	3	1	93	1	94	1.93e-12	49.7
TTNI54_193	olaTTNIg31_193	31.183	93	64	0	1	93	1	93	4.83e-12	48.5
TTNI54_193	olaTTNIg36_194	30.851	94	63	2	1	93	2	94	9.63e-12	47.8
TTNI54_193	olaTTNIg40_194	30.120	83	58	0	8	90	7	89	5.22e-11	45.8
TTNI54_193	olaTTNIg4_195	33.750	80	51	1	4	81	4	83	2.94e-10	43.9
TTNI54_193	olaTTNIg30_194	27.907	86	61	1	1	85	1	86	1.60e-09	42.0
TTNI54_193	olaTTNIg100_195	28.571	77	55	0	16	92	18	94	2.42e-09	41.6
TTNI54_193	olaTTNIg25_194	26.136	88	64	1	1	87	1	88	3.84e-09	41.2
TTNI54_193	olaTTNIg34_193	30.769	78	54	0	4	81	4	81	5.71e-09	40.8
TTNI54_193	olaTTNIg77_197	30.864	81	56	0	13	93	16	96	6.29e-09	40.8
TTNI54_193	olaTTNIg103_196	26.506	83	59	1	1	81	1	83	8.06e-09	40.4
TTNI54_193	olaTTNIg2_194	27.586	87	63	0	1	87	1	87	8.55e-09	40.4
TTNI54_193	olaTTNIg28_194	25.532	94	69	1	1	93	1	94	9.02e-09	40.0
TTNI54_193	olaTTNIg72_197	27.160	81	59	0	13	93	16	96	9.73e-09	40.0
TTNI54_193	olaTTNIg85_194	30.303	66	46	0	16	81	16	81	1.10e-08	40.0
TTNI54_193	olaTTNIg21_195	25.287	87	65	0	1	87	1	87	1.11e-08	40.0
TTNI54_193	olaTTNIg19_391	42.500	40	23	0	34	73	33	72	1.66e-08	39.3
TTNI54_193	olaTTNIg91_193	29.333	75	53	0	7	81	6	80	2.05e-08	39.3
TTNI54_193	olaTTNIg22_193	30.864	81	55	1	1	81	1	80	2.39e-08	38.9
TTNI54_193	olaTTNIg116_195	26.829	82	60	0	1	82	1	82	2.78e-08	38.9
TTNI54_193	olaTTNIg95_197	30.000	70	49	0	13	82	16	85	5.33e-08	38.1
TTNI54_193	olaTTNIg44_197	29.545	88	56	3	1	84	3	88	6.87e-08	38.1
TTNI54_193	olaTTNIg75_195	33.803	71	44	2	12	81	14	82	8.30e-08	37.7
TTNI54_193	olaTTNIg23_194	27.381	84	61	0	4	87	3	86	8.98e-08	37.7
TTNI54_193	olaTTNIg88_193	29.333	75	53	0	8	82	7	81	1.31e-07	37.0
TTNI54_193	olaTTNIg64_193	27.397	73	53	0	9	81	8	80	6.39e-07	35.4
TTNI54_193	olaTTNIg71_194	27.381	84	59	1	10	93	12	93	6.92e-07	35.4
TTNI54_193	olaTTNIg24_194	22.353	85	66	0	3	87	2	86	9.81e-07	35.0
TTNI54_193	olaTTNIg81_193	30.864	81	53	1	13	93	15	92	1.17e-06	34.7
TTNI54_193	olaTTNIg94_193	27.143	70	51	0	12	81	11	80	1.35e-06	34.7
TTNI54_193	olaTTNIg83_195	27.536	69	50	0	13	81	14	82	1.40e-06	34.7
TTNI54_193	olaTTNIg108_193	21.519	79	62	0	3	81	2	80	1.46e-06	34.3
TTNI54_193	olaTTNIg76_192	22.535	71	55	0	12	82	10	80	1.85e-06	34.3
TTNI54_193	olaTTNIg93_194	30.488	82	55	1	12	93	14	93	2.01e-06	33.9
TTNI54_193	olaTTNIg102_195	30.986	71	47	1	11	81	14	82	2.08e-06	33.9
TTNI54_193	olaTTNIg70_195	25.333	75	54	1	17	89	18	92	2.15e-06	33.9
TTNI54_193	olaTTNIg98_196	32.075	53	35	1	29	81	32	83	2.20e-06	33.9
TTNI54_193	olaTTNIg82_196	24.658	73	50	1	16	88	18	85	6.22e-06	32.7
TTNI54_193	olaTTNIg78_196	22.222	81	63	0	13	93	15	95	6.29e-06	32.7
TTNI54_193	olaTTNIg42_192	27.473	91	56	2	1	90	3	84	6.31e-06	32.7
TTNI54_193	olaTTNIg105_194	27.160	81	57	1	13	93	15	93	6.93e-06	32.7
TTNI54_193	olaTTNIg74_196	28.571	84	58	1	12	93	12	95	7.75e-06	32.7
TTNI54_193	olaTTNIg13_189	34.783	46	30	0	34	79	33	78	7.93e-06	32.3
TTNI55_193	olaTTNIg28_194	35.106	94	60	1	1	93	1	94	6.48e-18	63.5
TTNI55_193	olaTTNIg32_194	35.106	94	60	1	1	93	1	94	1.40e-17	62.8
TTNI55_193	olaTTNIg40_194	32.979	94	61	1	2	93	1	94	1.63e-17	62.8
TTNI55_193	olaTTNIg3_195	30.769	91	63	0	2	92	2	92	2.91e-17	62.0
TTNI55_193	olaTTNIg34_193	32.609	92	62	0	2	93	2	93	3.48e-17	61.6
TTNI55_193	olaTTNIg38_193	30.108	93	65	0	1	93	1	93	1.23e-16	60.5
TTNI55_193	olaTTNIg31_193	32.258	93	63	0	1	93	1	93	3.84e-16	59.3
TTNI55_193	olaTTNIg39_194	28.723	94	66	1	1	93	1	94	1.31e-15	57.8
TTNI55_193	olaTTNIg30_194	31.915	94	63	1	1	93	1	94	2.66e-15	57.0
TTNI55_193	olaTTNIg36_194	32.258	93	62	1	2	93	2	94	5.99e-15	56.2
TTNI55_193	olaTTNIg22_193	27.957	93	66	1	1	93	1	92	1.07e-14	55.5
TTNI55_193	olaTTNIg29_192	26.087	92	68	0	2	93	1	92	2.81e-14	54.3
TTNI55_193	olaTTNIg24_194	28.723	94	65	1	2	93	1	94	4.26e-14	53.9
TTNI55_193	olaTTNIg108_193	27.473	91	66	0	2	92	1	91	3.70e-13	51.6
TTNI55_193	olaTTNIg87_194	35.897	78	48	1	16	93	18	93	3.24e-12	48.9
TTNI55_193	olaTTNIg9_193	28.261	92	65	1	2	93	1	91	8.02e-12	48.1
TTNI55_193	olaTTNIg106_196	28.986	69	49	0	16	84	18	86	9.32e-12	48.1
TTNI55_193	olaTTNIg113_197	32.584	89	57	2	1	86	1	89	2.70e-11	47.0
TTNI55_193	olaTTNIg56_189	28.889	90	60	2	4	93	4	89	3.19e-11	46.6
TTNI55_193	olaTTNIg82_196	29.630	81	57	0	13	93	15	95	3.65e-11	46.6
TTNI55_193	olaTTNIg21_195	29.348	92	65	0	1	92	1	92	4.30e-11	46.2
TTNI55_193	olaTTNIg23_194	26.374	91	67	0	2	92	1	91	5.81e-11	45.8
TTNI55_193	olaTTNIg1_196	30.233	86	58	1	2	85	2	87	6.25e-11	45.8
TTNI55_193	olaTTNIg44_197	34.848	66	42	1	14	79	20	84	7.57e-11	45.8
TTNI55_193	olaTTNIg27_192	25.926	81	60	0	2	82	1	81	1.88e-10	44.7
TTNI55_193	olaTTNIg76_192	28.571	84	58	1	9	90	7	90	3.46e-10	43.9
TTNI55_193	olaTTNIg74_196	26.882	93	65	2	2	91	1	93	4.36e-10	43.5
TTNI55_193	olaTTNIg2_194	26.087	92	68	0	1	92	1	92	4.76e-10	43.5
TTNI55_193	olaTTNIg33_195	23.457	81	62	0	1	81	1	81	7.14e-10	43.1
TTNI55_193	olaTTNIg4_195	28.409	88	61	1	2	87	2	89	1.03e-09	42.7
TTNI55_193	olaTTNIg10_194	25.000	92	68	1	2	92	2	93	1.65e-09	42.0
TTNI55_193	olaTTNIg5_198	29.670	91	62	2	1	89	1	91	1.69e-09	42.4
TTNI55_193	olaTTNIg55_190	28.395	81	55	2	1	79	1	80	1.74e-09	42.0
TTNI55_193	olaTTNIg35_193	24.731	93	70	0	1	93	1	93	2.73e-09	41.6
TTNI55_193	olaTTNIg111_1101	28.395	81	57	1	2	81	8	88	3.64e-09	41.2
TTNI55_193	olaTTNIg93_194	34.615	78	49	1	16	93	18	93	6.55e-09	40.4
TTNI55_193	olaTTNIg99_197	27.848	79	56	1	16	93	18	96	7.14e-09	40.4
TTNI55_193	olaTTNIg105_194	30.000	80	50	2	16	93	18	93	7.68e-09	40.4
TTNI55_193	olaTTNIg25_194	30.120	83	55	2	1	81	1	82	2.70e-08	38.9
TTNI55_193	olaTTNIg117_196	25.000	84	63	0	2	85	2	85	3.15e-08	38.9
TTNI55_193	olaTTNIg100_195	25.714	70	52	0	15	84	17	86	4.53e-08	38.5
TTNI55_193	olaTTNIg73_197	27.551	98	64	3	1	93	1	96	6.32e-08	38.1
TTNI55_193	olaTTNIg116_195	24.691	81	61	0	1	81	1	81	6.86e-08	37.7
TTNI55_193	olaTTNIg96_194	29.897	97	59	3	2	93	1	93	1.04e-07	37.4
TTNI55_193	olaTTNIg102_195	29.487	78	53	1	16	93	19	94	2.30e-07	36.6
TTNI55_193	olaTTNIg95_197	22.989	87	64	1	1	84	1	87	2.72e-07	36.6
TTNI55_193	olaTTNIg83_195	28.571	77	53	1	16	92	17	91	3.25e-07	36.2
TTNI55_193	olaTTNIg37_193	18.280	93	76	0	1	93	1	93	3.54e-07	36.2
TTNI55_193	olaTTNIg51_488	30.189	53	37	0	31	83	27	79	4.56e-07	35.4
TTNI55_193	olaTTNIg101_195	27.957	93	62	2	1	93	7	94	4.81e-07	35.8
TTNI56_193	olaTTNIg32_194	35.106	94	60	1	1	93	1	94	1.88e-21	72.8
TTNI56_193	olaTTNIg38_193	37.634	93	58	0	1	93	1	93	2.43e-21	72.4
TTNI56_193	olaTTNIg34_193	35.870	92	59	0	2	93	2	93	3.40e-21	72.0
TTNI56_193	olaTTNIg1_196	34.444	90	57	1	2	89	2	91	7.71e-15	55.8
TTNI56_193	olaTTNIg40_194	30.769	91	63	0	2	92	1	91	1.15e-14	55.5
TTNI56_193	olaTTNIg29_192	26.087	92	68	0	2	93	1	92	1.82e-14	54.7
TTNI56_193	olaTTNIg22_193	34.831	89	57	1	1	89	1	88	2.70e-14	54.3
TTNI56_193	olaTTNIg23_194	32.967	91	61	0	2	92	1	91	2.85e-14	54.3
TTNI56_193	olaTTNIg39_194	29.787	94	65	1	1	93	1	94	3.08e-14	54.3
TTNI56_193	olaTTNIg31_193	26.882	93	68	0	1	93	1	93	8.50e-14	53.1
TTNI56_193	olaTTNIg30_194	30.851	94	64	1	1	93	1	94	3.36e-13	51.6
TTNI56_193	olaTTNIg3_195	28.409	88	63	0	2	89	2	89	1.00e-12	50.4
TTNI56_193	olaTTNIg36_194	33.684	95	58	4	2	93	2	94	2.30e-12	49.3
TTNI56_193	olaTTNIg5_198	27.778	90	64	1	1	89	1	90	5.99e-12	48.5
TTNI56_193	olaTTNIg37_193	25.806	93	69	0	1	93	1	93	6.40e-12	48.1
TTNI56_193	olaTTNIg24_194	30.000	90	59	2	2	89	1	88	1.51e-11	47.4
TTNI56_193	olaTTNIg21_195	31.522	92	63	0	1	92	1	92	1.56e-11	47.4
TTNI56_193	olaTTNIg28_194	30.851	94	64	1	1	93	1	94	1.36e-10	45.1
TTNI56_193	olaTTNIg44_197	29.032	93	61	2	1	89	3	94	2.49e-10	44.3
TTNI56_193	olaTTNIg33_195	27.160	81	59	0	1	81	1	81	6.70e-10	43.1
TTNI56_193	olaTTNIg108_193	22.472	89	69	0	2	90	1	89	1.36e-09	42.4
TTNI56_193	olaTTNIg27_192	26.087	92	68	0	2	93	1	92	6.51e-09	40.4
TTNI56_193	olaTTNIg35_193	26.882	93	68	0	1	93	1	93	2.77e-08	38.9
TTNI56_193	olaTTNIg9_193	27.397	73	52	1	21	93	20	91	3.15e-08	38.9
TTNI56_193	olaTTNIg2_194	29.213	89	63	0	1	89	1	89	4.00e-08	38.5
TTNI56_193	olaTTNIg26_192	31.183	93	57	3	2	91	1	89	4.34e-08	38.5
TTNI56_193	olaTTNIg4_195	28.723	94	65	1	2	93	2	95	6.23e-08	38.1
TTNI56_193	olaTTNIg117_196	27.273	88	64	0	2	89	2	89	7.05e-08	37.7
TTNI56_193	olaTTNIg20_187	28.571	77	54	1	4	80	4	79	9.20e-08	37.4
TTNI56_193	olaTTNIg112_198	26.667	75	54	1	16	89	19	93	9.71e-08	37.7
TTNI56_193	olaTTNIg80_196	23.944	71	53	1	19	89	22	91	2.68e-07	36.6
TTNI56_193	olaTTNIg72_197	24.468	94	68	1	1	91	1	94	5.70e-07	35.4
TTNI56_193	olaTTNIg64_193	23.529	85	65	0	2	86	1	85	6.06e-07	35.4
TTNI56_193	olaTTNIg113_197	25.532	94	67	2	1	91	1	94	6.40e-07	35.4
TTNI56_193	olaTTNIg70_195	22.826	92	70	1	1	91	1	92	3.83e-06	33.5
TTNI56_193	olaTTNIg114_192	28.090	89	61	2	2	89	1	87	8.47e-06	32.3
TTNI57_193	olaTTNIg40_194	40.659	91	54	0	2	92	1	91	1.28e-24	80.9
TTNI57_193	olaTTNIg39_194	38.710	93	56	1	2	93	2	94	6.14e-20	68.9
TTNI57_193	olaTTNIg33_195	38.824	85	52	0	7	91	7	91	2.51e-19	67.4
TTNI57_193	olaTTNIg27_192	36.957	92	58	0	2	93	1	92	1.05e-18	65.5
TTNI57_193	olaTTNIg35_193	38.043	92	57	0	2	93	2	93	3.29e-18	64.3
TTNI57_193	olaTTNIg28_194	34.409	93	60	1	2	93	2	94	2.10e-16	59.7
TTNI57_193	olaTTNIg34_193	32.258	93	63	0	1	93	1	93	2.21e-16	59.7
TTNI57_193	olaTTNIg117_196	34.066	91	58	1	1	91	1	89	2.94e-15	57.0
TTNI57_193	olaTTNIg36_194	34.615	78	51	0	16	93	17	94	4.38e-15	56.6
TTNI57_193	olaTTNIg31_193	29.348	92	65	0	2	93	2	93	1.93e-14	54.7
TTNI57_193	olaTTNIg32_194	32.258	93	62	1	2	93	2	94	1.35e-13	52.8
TTNI57_193	olaTTNIg30_194	31.183	93	63	1	2	93	2	94	1.35e-13	52.8
TTNI57_193	olaTTNIg38_193	27.500	80	58	0	14	93	14	93	3.57e-12	48.9
TTNI57_193	olaTTNIg41_196	31.111	90	61	1	3	91	3	92	9.94e-12	47.8
TTNI57_193	olaTTNIg44_197	37.179	78	46	3	16	92	22	97	1.08e-11	47.8
TTNI57_193	olaTTNIg29_192	28.090	89	63	1	6	93	4	92	2.77e-11	46.6
TTNI57_193	olaTTNIg55_190	36.364	77	46	3	2	76	2	77	2.86e-11	46.6
TTNI57_193	olaTTNIg5_198	31.522	92	62	1	2	92	2	93	3.14e-11	46.6
TTNI57_193	olaTTNIg37_193	27.174	92	67	0	2	93	2	93	8.29e-11	45.4
TTNI57_193	olaTTNIg21_195	30.000	80	56	0	13	92	13	92	1.20e-10	45.1
TTNI57_193	olaTTNIg23_194	34.146	82	54	0	11	92	10	91	1.72e-10	44.7
TTNI57_193	olaTTNIg64_193	26.250	80	59	0	2	81	1	80	1.96e-10	44.7
TTNI57_193	olaTTNIg52_188	29.670	91	59	2	3	93	3	88	2.96e-10	43.9
TTNI57_193	olaTTNIg3_195	29.630	81	57	0	12	92	12	92	4.32e-10	43.5
TTNI57_193	olaTTNIg108_193	31.343	67	46	0	16	82	15	81	6.17e-10	43.1
TTNI57_193	olaTTNIg9_193	25.000	92	68	1	2	93	1	91	1.15e-09	42.4
TTNI57_193	olaTTNIg22_193	29.213	89	61	2	6	93	5	92	1.96e-09	42.0
TTNI57_193	olaTTNIg4_195	29.474	95	65	1	1	93	1	95	2.02e-09	42.0
TTNI57_193	olaTTNIg116_195	29.885	87	61	0	7	93	7	93	2.15e-09	42.0
TTNI57_193	olaTTNIg113_197	29.032	93	63	1	2	91	2	94	2.19e-09	42.0
TTNI57_193	olaTTNIg112_198	27.273	77	55	1	16	91	19	95	6.20e-09	40.8
TTNI57_193	olaTTNIg57_188	30.000	90	58	2	4	93	4	88	1.27e-08	39.7
TTNI57_193	olaTTNIg95_197	32.857	70	47	0	13	82	16	85	1.69e-08	39.7
TTNI57_193	olaTTNIg24_194	26.437	87	62	1	6	92	7	91	2.21e-08	39.3
TTNI57_193	olaTTNIg8_195	31.915	94	62	1	2	93	1	94	3.37e-08	38.9
TTNI57_193	olaTTNIg26_192	28.395	81	57	1	12	91	9	89	3.99e-08	38.5
TTNI57_193	olaTTNIg58_193	31.111	90	59	3	6	93	5	93	5.59e-08	38.1
TTNI57_193	olaTTNIg77_197	28.395	81	58	0	11	91	14	94	6.25e-08	38.1
TTNI57_193	olaTTNIg11_191	31.148	61	41	1	19	79	20	79	6.26e-08	38.1
TTNI57_193	olaTTNIg19_391	31.395	86	53	3	7	91	6	86	7.31e-08	37.7
TTNI57_193	olaTTNIg1_196	24.731	93	68	1	1	91	1	93	8.81e-08	37.7
TTNI57_193	olaTTNIg20_187	29.167	72	50	1	11	82	11	81	1.08e-07	37.4
TTNI57_193	olaTTNIg6_195	30.435	92	61	3	2	91	1	91	1.57e-07	37.0
TTNI57_193	olaTTNIg25_194	34.091	88	47	3	10	91	10	92	2.31e-07	36.6
TTNI57_193	olaTTNIg105_194	34.615	78	47	2	15	92	17	90	2.36e-07	36.6
TTNI57_193	olaTTNIg114_192	27.174	92	64	2	2	92	1	90	5.09e-07	35.4
TTNI57_193	olaTTNIg17_290	25.301	83	58	1	10	92	11	89	5.32e-07	35.4
TTNI57_193	olaTTNIg43_297	25.843	89	64	2	4	91	5	92	6.93e-07	35.4
TTNI57_193	olaTTNIg72_197	29.825	57	40	0	35	91	38	94	7.03e-07	35.4
TTNI57_193	olaTTNIg18_389	29.885	87	54	3	7	92	7	87	7.45e-07	35.0
TTNI58_194	olaTTNIg30_194	44.086	93	52	0	1	93	1	93	2.07e-28	90.5
TTNI58_194	olaTTNIg36_194	43.478	92	52	0	2	93	2	93	5.87e-27	86.7
TTNI58_194	olaTTNIg39_194	35.870	92	59	0	1	92	1	92	1.37e-23	78.2
TTNI58_194	olaTTNIg3_195	41.304	92	53	1	2	93	2	92	6.35e-22	73.9
TTNI58_194	olaTTNIg40_194	34.409	93	60	1	2	94	1	92	7.49e-20	68.6
TTNI58_194	olaTTNIg34_193	40.217	92	54	1	2	93	2	92	8.79e-20	68.6
TTNI58_194	olaTTNIg2_194	32.979	94	62	1	1	94	1	93	2.19e-17	62.4
TTNI58_194	olaTTNIg38_193	34.783	92	59	1	1	92	1	91	3.65e-17	61.6
TTNI58_194	olaTTNIg22_193	33.696	92	59	2	1	92	1	90	5.95e-16	58.5
TTNI58_194	olaTTNIg33_195	35.165	91	59	0	2	92	1	91	7.92e-16	58.5
TTNI58_194	olaTTNIg1_196	34.737	95	59	2	2	94	2	95	2.25e-15	57.4
TTNI58_194	olaTTNIg28_194	36.559	93	57	2	1	92	1	92	5.39e-15	56.2
TTNI58_194	olaTTNIg32_194	31.579	95	61	3	1	93	1	93	4.80e-14	53.9
TTNI58_194	olaTTNIg35_193	33.333	93	61	1	1	93	1	92	6.49e-14	53.5
TTNI58_194	olaTTNIg115_194	31.868	91	61	1	2	92	2	91	8.33e-14	53.1
TTNI58_194	olaTTNIg24_194	30.851	94	60	3	2	93	1	91	1.18e-13	52.8
TTNI58_194	olaTTNIg37_193	27.957	93	66	1	1	93	1	92	1.20e-13	52.8
TTNI58_194	olaTTNIg82_196	34.286	70	46	0	13	82	14	83	4.50e-13	51.2
TTNI58_194	olaTTNIg108_193	31.183	93	63	1	2	94	1	92	6.71e-13	50.8
TTNI58_194	olaTTNIg29_192	28.261	92	65	1	2	93	1	91	1.21e-12	50.1
TTNI58_194	olaTTNIg113_197	34.021	97	56	4	1	92	1	94	3.73e-12	48.9
TTNI58_194	olaTTNIg10_194	28.723	94	65	2	2	94	2	94	4.25e-12	48.9
TTNI58_194	olaTTNIg4_195	30.769	91	60	2	2	90	2	91	5.15e-12	48.5
TTNI58_194	olaTTNIg9_193	26.087	92	66	2	2	93	1	90	6.53e-12	48.1
TTNI58_194	olaTTNIg44_197	34.375	96	57	3	1	92	3	96	1.81e-11	47.4
TTNI58_194	olaTTNIg23_194	32.258	93	62	1	2	94	1	92	4.73e-11	46.2
TTNI58_194	olaTTNIg21_195	26.596	94	68	1	1	94	1	93	4.83e-11	46.2
TTNI58_194	olaTTNIg31_193	32.258	93	62	1	1	93	1	92	7.05e-11	45.8
TTNI58_194	olaTTNIg5_198	26.316	95	68	2	1	94	1	94	2.21e-10	44.7
TTNI58_194	olaTTNIg114_192	29.703	101	51	4	2	93	1	90	2.64e-10	44.3
TTNI58_194	olaTTNIg72_197	25.581	86	64	0	7	92	9	94	3.12e-10	43.9
TTNI58_194	olaTTNIg83_195	26.829	82	60	0	1	82	1	82	3.19e-10	43.9
TTNI58_194	olaTTNIg55_190	32.099	81	51	3	1	79	1	79	5.62e-10	43.1
TTNI58_194	olaTTNIg74_196	26.882	93	66	1	2	92	1	93	5.93e-10	43.5
TTNI58_194	olaTTNIg91_193	30.435	69	48	0	17	85	15	83	5.97e-10	43.1
TTNI58_194	olaTTNIg27_192	30.263	76	53	0	17	92	15	90	6.65e-10	43.1
TTNI58_194	olaTTNIg25_194	25.263	95	69	2	1	94	1	94	8.66e-10	42.7
TTNI58_194	olaTTNIg85_194	23.684	76	58	0	17	92	16	91	1.05e-09	42.7
TTNI58_194	olaTTNIg101_195	28.750	80	56	1	14	93	15	93	1.56e-09	42.4
TTNI58_194	olaTTNIg6_195	27.660	94	66	2	2	94	1	93	1.79e-09	42.0
TTNI58_194	olaTTNIg54_189	31.169	77	51	2	1	77	2	76	2.67e-09	41.6
TTNI58_194	olaTTNIg76_192	27.174	92	65	1	2	93	1	90	2.70e-09	41.6
TTNI58_194	olaTTNIg45_192	31.183	93	60	3	1	92	1	90	3.31e-09	41.2
TTNI58_194	olaTTNIg104_198	27.059	85	59	1	1	82	1	85	3.79e-09	41.2
TTNI58_194	olaTTNIg42_192	28.750	80	54	2	2	78	3	82	5.77e-09	40.8
TTNI58_194	olaTTNIg95_197	22.727	88	66	1	1	86	1	88	8.63e-09	40.4
TTNI58_194	olaTTNIg63_197	26.744	86	63	0	7	92	9	94	1.06e-08	40.0
TTNI58_194	olaTTNIg99_197	25.287	87	64	1	8	94	9	94	1.20e-08	40.0
TTNI58_194	olaTTNIg106_196	25.758	66	49	0	17	82	18	83	1.26e-08	40.0
TTNI58_194	olaTTNIg56_189	28.767	73	50	2	3	75	3	73	1.67e-08	39.3
TTNI59_193	olaTTNIg37_193	39.785	93	56	0	1	93	1	93	1.31e-24	80.5
TTNI59_193	olaTTNIg31_193	40.860	93	55	0	1	93	1	93	1.42e-23	78.2
TTNI59_193	olaTTNIg34_193	39.130	92	56	0	2	93	2	93	8.30e-20	68.6
TTNI59_193	olaTTNIg40_194	37.363	91	57	0	2	92	1	91	2.08e-19	67.4
TTNI59_193	olaTTNIg39_194	36.170	94	59	1	1	93	1	94	5.66e-19	66.2
TTNI59_193	olaTTNIg38_193	29.032	93	66	0	1	93	1	93	2.27e-18	64.7
TTNI59_193	olaTTNIg27_192	35.870	92	59	0	2	93	1	92	1.22e-17	62.8
TTNI59_193	olaTTNIg28_194	32.979	94	62	1	1	93	1	94	2.61e-17	62.0
TTNI59_193	olaTTNIg33_195	32.584	89	60	0	1	89	1	89	3.04e-17	62.0
TTNI59_193	olaTTNIg30_194	30.851	94	64	1	1	93	1	94	3.72e-15	56.6
TTNI59_193	olaTTNIg36_194	33.333	93	61	1	2	93	2	94	6.90e-15	55.8
TTNI59_193	olaTTNIg29_192	32.609	92	62	0	2	93	1	92	1.84e-14	54.7
TTNI59_193	olaTTNIg108_193	31.250	80	55	0	2	81	1	80	8.41e-14	53.1
TTNI59_193	olaTTNIg35_193	30.108	93	65	0	1	93	1	93	1.11e-13	52.8
TTNI59_193	olaTTNIg44_197	36.842	76	45	2	16	91	22	94	7.09e-13	50.8
TTNI59_193	olaTTNIg4_195	32.967	91	57	2	2	89	2	91	7.56e-13	50.8
TTNI59_193	olaTTNIg32_194	27.660	94	67	1	1	93	1	94	1.48e-12	50.1
TTNI59_193	olaTTNIg24_194	28.723	94	65	1	2	93	1	94	7.85e-12	48.1
TTNI59_193	olaTTNIg9_193	26.087	92	67	1	2	93	1	91	1.36e-11	47.4
TTNI59_193	olaTTNIg21_195	29.213	89	63	0	1	89	1	89	1.78e-11	47.4
TTNI59_193	olaTTNIg1_196	31.461	89	57	2	2	87	2	89	4.16e-11	46.2
TTNI59_193	olaTTNIg3_195	29.070	86	55	1	8	87	2	87	7.43e-11	45.4
TTNI59_193	olaTTNIg72_197	31.081	74	51	0	16	89	19	92	3.36e-10	43.9
TTNI59_193	olaTTNIg22_193	29.474	95	62	3	1	93	1	92	4.24e-10	43.5
TTNI59_193	olaTTNIg5_198	27.586	87	62	1	1	86	1	87	3.68e-09	41.2
TTNI59_193	olaTTNIg7_195	30.000	90	61	1	2	89	1	90	3.79e-09	41.2
TTNI59_193	olaTTNIg2_194	26.966	89	65	0	1	89	1	89	6.76e-09	40.4
TTNI59_193	olaTTNIg114_192	27.174	92	64	2	2	92	1	90	9.26e-09	40.0
TTNI59_193	olaTTNIg49_187	30.682	88	55	2	2	89	2	83	2.56e-08	38.9
TTNI59_193	olaTTNIg117_196	26.136	88	63	1	2	89	2	87	2.57e-08	38.9
TTNI59_193	olaTTNIg25_194	26.136	88	62	2	1	86	1	87	3.64e-08	38.5
TTNI59_193	olaTTNIg41_196	30.380	79	54	1	4	81	4	82	4.76e-08	38.5
TTNI59_193	olaTTNIg52_188	28.889	90	59	2	4	93	4	88	5.00e-08	38.1
TTNI59_193	olaTTNIg116_195	24.691	81	61	0	1	81	1	81	5.91e-08	38.1
TTNI59_193	olaTTNIg83_195	30.488	82	56	1	1	81	1	82	6.43e-08	38.1
TTNI59_193	olaTTNIg66_196	31.169	77	51	2	14	89	16	91	1.07e-07	37.4
TTNI59_193	olaTTNIg78_196	25.333	75	56	0	16	90	18	92	1.50e-07	37.0
TTNI59_193	olaTTNIg73_197	31.818	66	45	0	16	81	19	84	1.73e-07	37.0
TTNI59_193	olaTTNIg64_193	22.222	90	70	0	2	91	1	90	1.89e-07	36.6
TTNI59_193	olaTTNIg77_197	25.676	74	55	0	16	89	19	92	1.94e-07	37.0
TTNI59_193	olaTTNIg112_198	32.075	53	36	0	32	84	36	88	2.68e-07	36.6
TTNI59_193	olaTTNIg91_193	27.273	77	56	0	13	89	12	88	3.35e-07	36.2
TTNI59_193	olaTTNIg6_195	28.090	89	63	1	2	89	1	89	4.61e-07	35.8
TTNI59_193	olaTTNIg23_194	26.596	94	67	1	2	93	1	94	5.79e-07	35.4
TTNI59_193	olaTTNIg113_197	26.087	92	65	1	1	89	1	92	6.33e-07	35.4
TTNI59_193	olaTTNIg20_187	28.767	73	51	1	4	76	4	75	7.07e-07	35.0
TTNI59_193	olaTTNIg74_196	23.684	76	54	2	16	89	16	89	7.07e-07	35.4
TTNI59_193	olaTTNIg8_195	26.667	75	53	1	21	93	20	94	8.24e-07	35.0
TTNI59_193	olaTTNIg55_190	30.769	78	51	2	1	76	1	77	1.00e-06	34.7
TTNI59_193	olaTTNIg110_194	26.374	91	63	2	2	89	1	90	1.03e-06	34.7
TTNI60_194	olaTTNIg38_193	39.362	94	56	1	1	94	1	93	1.70e-27	88.2
TTNI60_194	olaTTNIg32_194	43.158	95	52	2	1	94	1	94	3.85e-26	84.7
TTNI60_194	olaTTNIg39_194	40.000	95	55	2	1	94	1	94	5.25e-21	71.6
TTNI60_194	olaTTNIg28_194	31.915	94	64	0	1	94	1	94	2.47e-17	62.4
TTNI60_194	olaTTNIg40_194	31.868	91	61	1	2	92	1	90	1.89e-16	60.1
TTNI60_194	olaTTNIg35_193	36.170	94	59	1	1	94	1	93	1.09e-15	58.2
TTNI60_194	olaTTNIg36_194	31.915	94	62	2	2	94	2	94	5.53e-14	53.5
TTNI60_194	olaTTNIg34_193	32.258	93	62	1	2	94	2	93	7.39e-14	53.1
TTNI60_194	olaTTNIg29_192	30.108	93	64	1	2	94	1	92	1.01e-12	50.4
TTNI60_194	olaTTNIg30_194	31.579	95	63	2	1	94	1	94	3.89e-12	48.9
TTNI60_194	olaTTNIg27_192	41.176	68	38	2	28	94	26	92	1.02e-11	47.8
TTNI60_194	olaTTNIg33_195	24.468	94	70	1	1	94	1	93	1.01e-10	45.4
TTNI60_194	olaTTNIg24_194	26.374	91	66	1	2	92	1	90	1.19e-10	45.1
TTNI60_194	olaTTNIg22_193	31.522	92	61	2	1	92	1	90	1.27e-10	45.1
TTNI60_194	olaTTNIg23_194	28.571	91	64	1	2	92	1	90	4.18e-10	43.5
TTNI60_194	olaTTNIg1_196	31.183	93	61	2	2	92	2	93	8.27e-10	43.1
TTNI60_194	olaTTNIg21_195	28.261	92	65	1	1	92	1	91	9.26e-09	40.0
TTNI60_194	olaTTNIg31_193	26.667	90	65	1	1	90	1	89	2.76e-08	38.9
TTNI60_194	olaTTNIg37_193	23.404	94	71	1	1	94	1	93	4.09e-08	38.5
TTNI60_194	olaTTNIg74_196	30.000	80	55	1	16	94	16	95	6.66e-08	38.1
TTNI60_194	olaTTNIg25_194	26.596	94	67	2	1	93	1	93	8.94e-08	37.7
TTNI60_194	olaTTNIg117_196	29.670	91	61	2	2	92	2	89	1.54e-07	37.0
TTNI60_194	olaTTNIg3_195	25.275	91	67	1	2	92	2	91	5.38e-07	35.4
TTNI60_194	olaTTNIg2_194	27.174	92	66	1	1	92	1	91	7.11e-07	35.4
TTNI60_194	olaTTNIg44_197	28.421	95	64	3	1	92	3	96	1.06e-06	35.0
TTNI60_194	olaTTNIg113_197	24.211	95	70	1	1	93	1	95	1.11e-06	34.7
TTNI60_194	olaTTNIg7_195	30.488	82	56	1	2	82	1	82	2.75e-06	33.9
TTNI61_193	olaTTNIg33_195	46.237	93	50	0	1	93	1	93	7.55e-27	86.3
TTNI61_193	olaTTNIg39_194	38.298	94	57	1	1	93	1	94	6.62e-20	68.6
TTNI61_193	olaTTNIg36_194	34.444	90	58	1	5	93	5	94	5.11e-17	61.2
TTNI61_193	olaTTNIg40_194	36.782	87	53	1	9	93	8	94	1.30e-16	60.5
TTNI61_193	olaTTNIg116_195	31.522	92	63	0	1	92	1	92	5.90e-16	58.5
TTNI61_193	olaTTNIg38_193	29.032	93	66	0	1	93	1	93	1.16e-15	57.8
TTNI61_193	olaTTNIg30_194	31.915	94	63	1	1	93	1	94	6.78e-14	53.5
TTNI61_193	olaTTNIg73_197	36.471	85	54	0	9	93	12	96	6.87e-14	53.5
TTNI61_193	olaTTNIg28_194	30.435	92	63	1	1	91	1	92	2.68e-13	52.0
TTNI61_193	olaTTNIg29_192	30.952	84	58	0	10	93	9	92	1.15e-12	50.1
TTNI61_193	olaTTNIg34_193	36.986	73	46	0	21	93	21	93	1.59e-12	49.7
TTNI61_193	olaTTNIg72_197	29.762	84	57	1	9	92	12	93	1.70e-12	50.1
TTNI61_193	olaTTNIg27_192	32.143	84	57	0	10	93	9	92	4.88e-12	48.5
TTNI61_193	olaTTNIg115_194	31.250	80	55	0	3	82	3	82	3.94e-11	46.2
TTNI61_193	olaTTNIg108_193	28.767	73	52	0	11	83	10	82	7.13e-11	45.4
TTNI61_193	olaTTNIg104_198	31.765	85	58	0	9	93	13	97	8.79e-11	45.4
TTNI61_193	olaTTNIg24_194	29.870	77	54	0	10	86	9	85	9.42e-11	45.4
TTNI61_193	olaTTNIg107_194	33.750	80	51	1	12	91	14	91	1.33e-10	45.1
TTNI61_193	olaTTNIg117_196	26.744	86	63	0	7	92	7	92	1.54e-10	44.7
TTNI61_193	olaTTNIg32_194	26.596	94	68	1	1	93	1	94	3.17e-10	43.9
TTNI61_193	olaTTNIg3_195	30.120	83	56	1	13	93	13	95	3.60e-10	43.9
TTNI61_193	olaTTNIg1_196	29.114	79	54	1	16	92	16	94	4.65e-10	43.5
TTNI61_193	olaTTNIg35_193	29.032	93	66	0	1	93	1	93	6.11e-10	43.1
TTNI61_193	olaTTNIg2_194	26.374	91	67	0	1	91	1	91	6.64e-10	43.1
TTNI61_193	olaTTNIg101_195	30.588	85	58	1	9	93	11	94	8.39e-10	42.7
TTNI61_193	olaTTNIg5_198	26.250	80	58	1	13	91	13	92	1.57e-09	42.4
TTNI61_193	olaTTNIg9_193	23.596	89	67	1	4	92	3	90	2.56e-09	41.6
TTNI61_193	olaTTNIg22_193	24.731	93	69	1	1	93	1	92	2.68e-09	41.6
TTNI61_193	olaTTNIg58_193	30.435	92	62	2	3	93	3	93	6.03e-09	40.8
TTNI61_193	olaTTNIg88_193	26.667	75	55	0	19	93	18	92	1.18e-08	40.0
TTNI61_193	olaTTNIg98_196	25.843	89	63	1	8	93	7	95	2.03e-08	39.3
TTNI61_193	olaTTNIg74_196	28.235	85	59	1	11	93	11	95	4.15e-08	38.5
TTNI61_193	olaTTNIg44_197	31.579	76	51	1	16	91	22	96	4.50e-08	38.5
TTNI61_193	olaTTNIg76_192	24.719	89	67	0	5	93	3	91	4.53e-08	38.5
TTNI61_193	olaTTNIg110_194	29.545	88	60	1	6	91	5	92	5.69e-08	38.1
TTNI61_193	olaTTNIg95_197	23.958	96	70	1	1	93	1	96	7.33e-08	37.7
TTNI61_193	olaTTNIg91_193	29.268	82	58	0	12	93	11	92	9.20e-08	37.7
TTNI61_193	olaTTNIg70_195	36.986	73	40	3	21	89	22	92	1.27e-07	37.4
TTNI61_193	olaTTNIg37_193	21.795	78	61	0	16	93	16	93	1.72e-07	37.0
TTNI61_193	olaTTNIg85_194	26.506	83	61	0	11	93	11	93	2.38e-07	36.6
TTNI61_193	olaTTNIg50_192	34.375	64	39	2	21	82	21	83	3.41e-07	36.2
TTNI61_193	olaTTNIg63_197	27.711	83	60	0	11	93	14	96	3.98e-07	35.8
TTNI61_193	olaTTNIg6_195	23.596	89	67	1	4	91	3	91	4.71e-07	35.8
TTNI61_193	olaTTNIg20_187	27.273	77	55	1	11	87	11	86	5.42e-07	35.4
TTNI61_193	olaTTNIg16_189	29.070	86	57	3	5	89	5	87	5.48e-07	35.4
TTNI61_193	olaTTNIg4_195	26.136	88	63	1	4	89	4	91	6.07e-07	35.4
TTNI61_193	olaTTNIg62_195	27.273	77	53	2	17	91	18	93	6.96e-07	35.4
TTNI61_193	olaTTNIg83_195	26.923	78	57	0	16	93	17	94	8.15e-07	35.0
TTNI61_193	olaTTNIg66_196	27.778	90	50	2	11	93	14	95	8.20e-07	35.0
TTNI61_193	olaTTNIg42_192	26.027	73	53	1	1	72	3	75	1.04e-06	34.7
TTNI62_193	olaTTNIg32_194	38.298	94	57	1	1	93	1	94	5.29e-24	79.3
TTNI62_193	olaTTNIg38_193	38.710	93	57	0	1	93	1	93	5.62e-24	79.0
TTNI62_193	olaTTNIg34_193	40.217	92	55	0	2	93	2	93	5.50e-23	76.6
TTNI62_193	olaTTNIg35_193	38.710	93	57	0	1	93	1	93	7.31e-22	73.6
TTNI62_193	olaTTNIg33_195	37.363	91	57	0	1	91	1	91	3.78e-21	72.0
TTNI62_193	olaTTNIg40_194	37.363	91	57	0	2	92	1	91	2.57e-20	69.7
TTNI62_193	olaTTNIg29_192	34.783	92	60	0	2	93	1	92	6.99e-19	66.2
TTNI62_193	olaTTNIg36_194	35.484	93	59	1	2	93	2	94	4.20e-17	61.6
TTNI62_193	olaTTNIg39_194	36.170	94	59	1	1	93	1	94	8.80e-17	60.8
TTNI62_193	olaTTNIg44_197	37.500	96	55	2	1	92	3	97	1.96e-16	60.1
TTNI62_193	olaTTNIg5_198	32.258	93	62	1	1	92	1	93	4.06e-16	59.3
TTNI62_193	olaTTNIg108_193	30.769	91	63	0	2	92	1	91	2.00e-15	57.4
TTNI62_193	olaTTNIg37_193	30.108	93	65	0	1	93	1	93	2.83e-15	57.0
TTNI62_193	olaTTNIg2_194	35.870	92	59	0	1	92	1	92	3.72e-15	56.6
TTNI62_193	olaTTNIg27_192	39.773	88	43	4	10	93	11	92	7.42e-15	55.8
TTNI62_193	olaTTNIg22_193	34.409	93	60	1	1	93	1	92	1.31e-14	55.1
TTNI62_193	olaTTNIg23_194	30.769	91	63	0	2	92	1	91	4.80e-14	53.9
TTNI62_193	olaTTNIg3_195	30.769	91	63	0	2	92	2	92	1.37e-13	52.8
TTNI62_193	olaTTNIg31_193	31.183	93	64	0	1	93	1	93	2.68e-13	52.0
TTNI62_193	olaTTNIg28_194	31.579	95	62	2	1	93	1	94	2.77e-13	52.0
TTNI62_193	olaTTNIg1_196	31.522	92	61	1	2	91	2	93	1.01e-12	50.4
TTNI62_193	olaTTNIg30_194	28.723	94	66	1	1	93	1	94	1.06e-12	50.4
TTNI62_193	olaTTNIg8_195	28.723	94	65	1	2	93	1	94	1.06e-12	50.4
TTNI62_193	olaTTNIg21_195	31.522	92	63	0	1	92	1	92	2.00e-12	49.7
TTNI62_193	olaTTNIg114_192	33.333	93	59	2	2	93	1	91	2.94e-12	49.3
TTNI62_193	olaTTNIg24_194	29.670	91	64	0	2	92	1	91	6.97e-11	45.8
TTNI62_193	olaTTNIg4_195	29.787	94	64	1	2	93	2	95	1.77e-09	42.0
TTNI62_193	olaTTNIg52_188	31.111	90	57	2	4	93	4	88	2.09e-09	41.6
TTNI62_193	olaTTNIg9_193	27.711	83	59	1	11	93	10	91	4.66e-09	40.8
TTNI62_193	olaTTNIg76_192	31.746	63	43	0	16	78	14	76	1.50e-08	39.7
TTNI62_193	olaTTNIg55_190	30.928	97	56	5	1	93	1	90	1.88e-08	39.3
TTNI62_193	olaTTNIg110_194	26.506	83	59	2	2	82	1	83	2.35e-08	39.3
TTNI62_193	olaTTNIg60_187	27.027	74	53	1	1	74	1	73	2.50e-08	38.9
TTNI62_193	olaTTNIg116_195	26.316	95	66	2	1	93	1	93	2.99e-08	38.9
TTNI62_193	olaTTNIg49_187	28.090	89	58	2	4	92	4	86	4.01e-08	38.5
TTNI62_193	olaTTNIg113_197	26.596	94	66	2	1	91	1	94	4.22e-08	38.5
TTNI62_193	olaTTNIg20_187	32.000	75	50	1	4	78	4	77	4.55e-08	38.1
TTNI62_193	olaTTNIg11_191	28.767	73	50	2	3	74	3	74	8.25e-08	37.7
TTNI62_193	olaTTNIg14_188	30.851	94	43	3	8	92	8	88	9.88e-08	37.4
TTNI62_193	olaTTNIg54_189	30.488	82	56	1	1	82	2	82	1.15e-07	37.4
TTNI62_193	olaTTNIg6_195	27.473	91	65	1	2	91	1	91	1.30e-07	37.4
TTNI62_193	olaTTNIg61_188	28.205	78	55	1	1	78	2	78	1.56e-07	37.0
TTNI62_193	olaTTNIg83_195	28.049	82	58	1	1	81	1	82	1.92e-07	36.6
TTNI62_193	olaTTNIg74_196	29.487	78	53	1	16	91	16	93	2.12e-07	36.6
TTNI62_193	olaTTNIg72_197	24.468	94	68	1	1	91	1	94	3.16e-07	36.2
TTNI62_193	olaTTNIg115_194	24.444	90	68	0	2	91	2	91	3.48e-07	36.2
TTNI62_193	olaTTNIg41_196	23.596	89	67	1	4	91	4	92	3.60e-07	36.2
TTNI62_193	olaTTNIg117_196	27.778	90	63	1	2	91	2	89	5.32e-07	35.4
TTNI62_193	olaTTNIg77_197	29.851	67	47	0	16	82	19	85	6.67e-07	35.4
TTNI62_193	olaTTNIg73_197	27.632	76	55	0	16	91	19	94	2.36e-06	33.9
TTNI63_193	olaTTNIg35_193	43.011	93	53	0	1	93	1	93	1.24e-24	80.9
TTNI63_193	olaTTNIg30_194	36.170	94	59	1	1	93	1	94	2.16e-18	64.7
TTNI63_193	olaTTNIg33_195	29.670	91	64	0	1	91	1	91	1.53e-17	62.8
TTNI63_193	olaTTNIg32_194	32.632	95	61	2	1	93	1	94	7.64e-17	60.8
TTNI63_193	olaTTNIg40_194	32.967	91	61	0	2	92	1	91	3.72e-15	56.6
TTNI63_193	olaTTNIg31_193	30.108	93	65	0	1	93	1	93	4.56e-15	56.2
TTNI63_193	olaTTNIg38_193	34.409	93	61	0	1	93	1	93	5.25e-15	56.2
TTNI63_193	olaTTNIg39_194	30.851	94	64	1	1	93	1	94	2.92e-13	51.6
TTNI63_193	olaTTNIg28_194	35.789	95	58	2	1	93	1	94	3.11e-13	51.6
TTNI63_193	olaTTNIg1_196	35.106	94	55	2	2	91	2	93	1.68e-12	50.1
TTNI63_193	olaTTNIg5_198	30.108	93	64	1	1	92	1	93	1.81e-12	49.7
TTNI63_193	olaTTNIg41_196	32.584	89	59	1	4	91	4	92	3.89e-12	48.9
TTNI63_193	olaTTNIg25_194	33.696	92	60	1	1	91	1	92	4.25e-12	48.9
TTNI63_193	olaTTNIg21_195	30.435	92	64	0	1	92	1	92	5.93e-12	48.5
TTNI63_193	olaTTNIg36_194	27.957	93	66	1	2	93	2	94	6.26e-12	48.5
TTNI63_193	olaTTNIg37_193	24.731	93	70	0	1	93	1	93	3.74e-11	46.2
TTNI63_193	olaTTNIg108_193	28.049	82	59	0	2	83	1	82	6.83e-11	45.8
TTNI63_193	olaTTNIg2_194	29.348	92	65	0	1	92	1	92	1.51e-10	44.7
TTNI63_193	olaTTNIg24_194	28.125	96	59	2	2	92	1	91	3.89e-10	43.9
TTNI63_193	olaTTNIg27_192	29.348	92	65	0	2	93	1	92	8.71e-10	42.7
TTNI63_193	olaTTNIg34_193	26.087	92	68	0	2	93	2	93	2.51e-09	41.6
TTNI63_193	olaTTNIg112_198	33.333	60	40	0	32	91	36	95	2.59e-09	41.6
TTNI63_193	olaTTNIg29_192	23.913	92	70	0	2	93	1	92	3.50e-09	41.2
TTNI63_193	olaTTNIg117_196	26.667	90	66	0	2	91	2	91	4.78e-09	40.8
TTNI63_193	olaTTNIg114_192	32.979	94	58	3	2	93	1	91	5.20e-09	40.8
TTNI63_193	olaTTNIg3_195	26.506	83	61	0	10	92	10	92	5.66e-08	38.1
TTNI63_193	olaTTNIg9_193	23.913	92	69	1	2	93	1	91	6.28e-08	38.1
TTNI63_193	olaTTNIg6_195	26.374	91	66	1	2	91	1	91	1.43e-07	37.0
TTNI63_193	olaTTNIg64_193	25.556	90	67	0	2	91	1	90	2.08e-07	36.6
TTNI63_193	olaTTNIg76_192	19.767	86	69	0	8	93	6	91	2.11e-07	36.6
TTNI63_193	olaTTNIg46_189	30.667	75	49	2	13	86	14	86	2.48e-07	36.2
TTNI63_193	olaTTNIg72_197	25.532	94	67	1	1	91	1	94	2.58e-07	36.6
TTNI63_193	olaTTNIg22_193	30.159	63	44	0	31	93	30	92	2.77e-07	36.2
TTNI63_193	olaTTNIg77_197	23.404	94	69	1	1	91	1	94	4.52e-07	35.8
TTNI63_193	olaTTNIg84_195	33.784	74	47	1	18	91	21	92	5.18e-07	35.8
TTNI63_193	olaTTNIg23_194	25.275	91	68	0	2	92	1	91	1.16e-06	34.7
TTNI63_193	olaTTNIg4_195	27.660	94	66	1	2	93	2	95	1.80e-06	34.3
TTNI63_193	olaTTNIg52_188	29.508	61	39	1	33	93	32	88	3.58e-06	33.1
TTNI63_193	olaTTNIg93_194	32.000	75	49	1	11	85	13	85	3.65e-06	33.5
TTNI63_193	olaTTNIg110_194	25.806	93	65	2	2	91	1	92	4.06e-06	33.1
TTNI63_193	olaTTNIg10_194	29.487	78	54	1	16	92	16	93	4.51e-06	33.1
TTNI63_193	olaTTNIg113_197	27.160	81	52	2	16	91	16	94	4.61e-06	33.1
TTNI63_193	olaTTNIg71_194	31.646	79	46	4	16	91	18	91	5.80e-06	32.7
TTNI63_193	olaTTNIg61_188	22.857	70	53	1	15	84	16	84	7.03e-06	32.3
TTNI64_193	olaTTNIg33_195	35.484	93	60	0	1	93	1	93	6.23e-20	68.9
TTNI64_193	olaTTNIg32_194	40.000	95	54	2	1	93	1	94	4.55e-19	66.6
TTNI64_193	olaTTNIg29_192	34.066	91	60	0	3	93	2	92	1.03e-17	63.2
TTNI64_193	olaTTNIg39_194	30.851	94	64	1	1	93	1	94	4.58e-16	58.9
TTNI64_193	olaTTNIg27_192	34.444	90	59	0	4	93	3	92	8.38e-16	58.2
TTNI64_193	olaTTNIg38_193	31.183	93	64	0	1	93	1	93	1.54e-15	57.8
TTNI64_193	olaTTNIg36_194	33.696	92	60	1	3	93	3	94	2.09e-15	57.4
TTNI64_193	olaTTNIg35_193	30.108	93	65	0	1	93	1	93	2.76e-14	54.3
TTNI64_193	olaTTNIg30_194	28.723	94	66	1	1	93	1	94	5.76e-14	53.5
TTNI64_193	olaTTNIg40_194	28.571	84	60	0	8	91	7	90	1.10e-12	50.4
TTNI64_193	olaTTNIg85_194	28.916	83	59	0	11	93	11	93	7.60e-12	48.1
TTNI64_193	olaTTNIg21_195	31.707	82	56	0	1	82	1	82	3.62e-11	46.6
TTNI64_193	olaTTNIg77_197	32.530	83	56	0	11	93	14	96	8.08e-11	45.4
TTNI64_193	olaTTNIg72_197	31.461	89	61	0	5	93	8	96	1.46e-10	45.1
TTNI64_193	olaTTNIg89_196	26.829	82	60	0	12	93	14	95	1.66e-10	44.7
TTNI64_193	olaTTNIg116_195	28.049	82	59	0	1	82	1	82	3.45e-10	43.9
TTNI64_193	olaTTNIg94_193	30.120	83	58	0	11	93	10	92	5.20e-10	43.5
TTNI64_193	olaTTNIg25_194	26.136	88	64	1	1	87	1	88	8.87e-10	42.7
TTNI64_193	olaTTNIg23_194	25.000	88	66	0	4	91	3	90	1.45e-09	42.4
TTNI64_193	olaTTNIg95_197	34.286	70	46	0	13	82	16	85	1.59e-09	42.4
TTNI64_193	olaTTNIg22_193	29.630	81	56	1	1	81	1	80	2.09e-09	42.0
TTNI64_193	olaTTNIg34_193	28.205	78	56	0	4	81	4	81	6.16e-09	40.4
TTNI64_193	olaTTNIg91_193	28.169	71	51	0	11	81	10	80	7.46e-09	40.4
TTNI64_193	olaTTNIg86_197	27.143	70	51	0	13	82	16	85	8.47e-09	40.4
TTNI64_193	olaTTNIg75_195	30.120	83	57	1	11	93	13	94	8.61e-09	40.4
TTNI64_193	olaTTNIg44_197	29.545	88	56	3	1	84	3	88	9.32e-09	40.0
TTNI64_193	olaTTNIg3_195	29.032	93	64	1	3	93	3	95	1.07e-08	40.0
TTNI64_193	olaTTNIg103_196	26.471	68	50	0	14	81	16	83	1.15e-08	40.0
TTNI64_193	olaTTNIg67_1104	30.000	90	56	1	11	93	14	103	1.21e-08	40.0
TTNI64_193	olaTTNIg64_193	31.944	72	49	0	10	81	9	80	1.36e-08	39.7
TTNI64_193	olaTTNIg70_195	25.000	72	52	1	20	89	21	92	1.39e-08	39.7
TTNI64_193	olaTTNIg66_196	29.630	81	56	1	13	93	16	95	1.59e-08	39.7
TTNI64_193	olaTTNIg100_195	23.457	81	62	0	12	92	14	94	1.76e-08	39.3
TTNI64_193	olaTTNIg73_197	27.711	83	60	0	11	93	14	96	2.62e-08	38.9
TTNI64_193	olaTTNIg82_196	29.412	68	48	0	14	81	16	83	3.02e-08	38.9
TTNI64_193	olaTTNIg7_195	25.556	90	65	1	4	91	3	92	3.44e-08	38.9
TTNI64_193	olaTTNIg31_193	26.882	93	68	0	1	93	1	93	3.93e-08	38.5
TTNI64_193	olaTTNIg76_192	25.352	71	53	0	12	82	10	80	4.83e-08	38.1
TTNI64_193	olaTTNIg71_194	28.571	84	58	1	10	93	12	93	5.34e-08	38.1
TTNI64_193	olaTTNIg63_197	29.213	89	63	0	5	93	8	96	8.96e-08	37.7
TTNI64_193	olaTTNIg81_193	32.099	81	52	1	13	93	15	92	9.20e-08	37.7
TTNI64_193	olaTTNIg88_193	28.000	75	54	0	8	82	7	81	1.23e-07	37.4
TTNI64_193	olaTTNIg28_194	24.468	94	70	1	1	93	1	94	1.63e-07	37.0
TTNI64_193	olaTTNIg1_196	26.437	87	62	1	3	87	3	89	2.10e-07	36.6
TTNI64_193	olaTTNIg113_197	28.421	95	65	2	1	92	1	95	2.53e-07	36.6
TTNI64_193	olaTTNIg74_196	30.208	96	63	3	1	93	1	95	3.52e-07	36.2
TTNI64_193	olaTTNIg108_193	22.500	80	62	0	3	82	2	81	6.06e-07	35.4
TTNI64_193	olaTTNIg84_195	31.343	67	44	1	27	93	30	94	7.26e-07	35.4
TTNI64_193	olaTTNIg41_196	30.986	71	47	2	13	82	14	83	1.29e-06	34.7
TTNI64_193	olaTTNIg105_194	28.395	81	56	1	13	93	15	93	1.53e-06	34.3
TTNI65_193	olaTTNIg34_193	35.165	91	59	0	2	92	2	92	4.46e-20	69.3
TTNI65_193	olaTTNIg3_195	31.868	91	62	0	2	92	2	92	1.35e-19	68.2
TTNI65_193	olaTTNIg22_193	38.202	89	54	1	1	89	1	88	2.66e-19	67.0
TTNI65_193	olaTTNIg40_194	37.037	81	51	0	2	82	1	81	9.04e-19	65.9
TTNI65_193	olaTTNIg30_194	36.559	93	58	1	1	92	1	93	6.77e-18	63.5
TTNI65_193	olaTTNIg1_196	34.043	94	60	1	2	93	2	95	8.46e-18	63.5
TTNI65_193	olaTTNIg31_193	35.955	89	57	0	1	89	1	89	1.17e-17	63.2
TTNI65_193	olaTTNIg36_194	38.043	92	56	1	2	92	2	93	1.42e-17	62.8
TTNI65_193	olaTTNIg108_193	32.609	92	62	0	2	93	1	92	6.07e-17	61.2
TTNI65_193	olaTTNIg29_192	32.558	86	58	0	2	87	1	86	2.83e-16	59.3
TTNI65_193	olaTTNIg32_194	35.484	93	59	1	1	92	1	93	3.77e-16	59.3
TTNI65_193	olaTTNIg38_193	27.473	91	66	0	1	91	1	91	1.35e-15	57.8
TTNI65_193	olaTTNIg39_194	27.174	92	66	1	1	91	1	92	2.45e-14	54.7
TTNI65_193	olaTTNIg33_195	30.435	92	63	1	1	91	1	92	8.07e-14	53.1
TTNI65_193	olaTTNIg28_194	31.522	92	62	1	1	91	1	92	1.09e-13	52.8
TTNI65_193	olaTTNIg5_198	29.787	94	65	1	1	93	1	94	1.53e-13	52.8
TTNI65_193	olaTTNIg24_194	29.670	91	64	0	2	92	1	91	3.51e-13	51.6
TTNI65_193	olaTTNIg2_194	26.882	93	68	0	1	93	1	93	1.37e-12	50.1
TTNI65_193	olaTTNIg9_193	29.762	84	58	1	9	92	8	90	3.28e-12	48.9
TTNI65_193	olaTTNIg44_197	34.118	85	54	2	8	92	15	97	3.35e-12	49.3
TTNI65_193	olaTTNIg55_190	31.183	93	57	3	1	91	1	88	4.94e-12	48.5
TTNI65_193	olaTTNIg110_194	31.111	90	60	2	2	89	1	90	3.11e-11	46.6
TTNI65_193	olaTTNIg4_195	30.769	91	61	1	2	90	2	92	4.25e-11	46.2
TTNI65_193	olaTTNIg113_197	31.915	94	61	1	1	91	1	94	5.15e-11	46.2
TTNI65_193	olaTTNIg23_194	28.261	92	66	0	2	93	1	92	6.13e-11	45.8
TTNI65_193	olaTTNIg35_193	27.174	92	67	0	1	92	1	92	6.20e-11	45.8
TTNI65_193	olaTTNIg21_195	27.174	92	67	0	1	92	1	92	1.72e-10	44.7
TTNI65_193	olaTTNIg27_192	25.556	90	67	0	2	91	1	90	1.72e-10	44.7
TTNI65_193	olaTTNIg37_193	22.826	92	71	0	1	92	1	92	3.81e-10	43.9
TTNI65_193	olaTTNIg10_194	27.957	93	66	1	2	93	2	94	3.88e-09	41.2
TTNI65_193	olaTTNIg41_196	30.000	90	62	1	3	91	3	92	1.87e-08	39.3
TTNI65_193	olaTTNIg8_195	26.882	93	66	1	2	92	1	93	2.58e-08	38.9
TTNI65_193	olaTTNIg73_197	29.730	74	52	0	16	89	19	92	2.64e-08	38.9
TTNI65_193	olaTTNIg76_192	26.374	91	66	1	2	92	1	90	3.82e-08	38.5
TTNI65_193	olaTTNIg49_187	26.667	90	60	2	4	93	4	87	4.55e-08	38.1
TTNI65_193	olaTTNIg117_196	21.591	88	69	0	2	89	2	89	1.79e-07	37.0
TTNI65_193	olaTTNIg99_197	30.303	66	46	0	16	81	18	83	1.90e-07	37.0
TTNI65_193	olaTTNIg87_194	29.870	77	50	2	16	92	18	90	2.07e-07	36.6
TTNI65_193	olaTTNIg11_191	26.389	72	51	2	4	74	4	74	2.89e-07	36.2
TTNI65_193	olaTTNIg116_195	26.582	79	54	2	16	92	16	92	2.90e-07	36.2
TTNI65_193	olaTTNIg54_189	27.632	76	54	1	1	76	2	76	3.89e-07	35.8
TTNI65_193	olaTTNIg56_189	27.273	88	60	2	4	91	4	87	4.35e-07	35.8
TTNI65_193	olaTTNIg106_196	22.353	85	66	0	7	91	9	93	5.15e-07	35.8
TTNI65_193	olaTTNIg78_196	24.242	66	50	0	16	81	18	83	1.11e-06	34.7
TTNI65_193	olaTTNIg91_193	25.000	76	57	0	16	91	15	90	1.23e-06	34.7
TTNI65_193	olaTTNIg85_194	26.316	76	56	0	16	91	16	91	1.32e-06	34.7
TTNI65_193	olaTTNIg112_198	22.785	79	60	1	16	93	19	97	1.46e-06	34.7
TTNI65_193	olaTTNIg59_189	30.000	90	54	4	4	91	4	86	1.72e-06	34.3
TTNI65_193	olaTTNIg20_187	27.273	77	55	1	4	80	4	79	2.19e-06	33.9
TTNI65_193	olaTTNIg64_193	24.359	78	59	0	9	86	8	85	2.22e-06	33.9
TTNI66_193	olaTTNIg34_193	39.130	92	56	0	2	93	2	93	3.63e-24	79.7
TTNI66_193	olaTTNIg38_193	32.258	93	63	0	1	93	1	93	2.31e-17	62.4
TTNI66_193	olaTTNIg32_194	29.787	94	65	1	1	93	1	94	4.49e-17	61.6
TTNI66_193	olaTTNIg39_194	35.106	94	60	1	1	93	1	94	1.10e-15	58.2
TTNI66_193	olaTTNIg40_194	32.222	90	61	0	2	91	1	90	3.60e-15	56.6
TTNI66_193	olaTTNIg1_196	32.258	93	61	1	2	92	2	94	9.27e-15	55.8
TTNI66_193	olaTTNIg22_193	32.258	93	62	1	1	93	1	92	5.63e-14	53.5
TTNI66_193	olaTTNIg31_193	27.586	87	63	0	1	87	1	87	6.70e-14	53.5
TTNI66_193	olaTTNIg29_192	25.000	92	69	0	2	93	1	92	4.40e-13	51.2
TTNI66_193	olaTTNIg21_195	35.484	93	56	2	1	91	1	91	8.51e-13	50.4
TTNI66_193	olaTTNIg44_197	32.632	95	59	2	1	91	3	96	1.31e-12	50.1
TTNI66_193	olaTTNIg24_194	29.348	92	61	2	2	91	1	90	2.82e-12	49.3
TTNI66_193	olaTTNIg3_195	25.556	90	67	0	2	91	2	91	1.21e-11	47.8
TTNI66_193	olaTTNIg30_194	29.787	94	65	1	1	93	1	94	2.62e-11	46.6
TTNI66_193	olaTTNIg108_193	26.667	90	66	0	2	91	1	90	4.69e-11	46.2
TTNI66_193	olaTTNIg23_194	31.111	90	62	0	2	91	1	90	8.74e-11	45.4
TTNI66_193	olaTTNIg27_192	27.174	92	67	0	2	93	1	92	1.17e-10	45.1
TTNI66_193	olaTTNIg4_195	34.375	96	57	2	2	93	2	95	1.23e-10	45.1
TTNI66_193	olaTTNIg5_198	28.261	92	65	1	1	91	1	92	1.86e-10	44.7
TTNI66_193	olaTTNIg28_194	32.979	94	62	1	1	93	1	94	3.00e-10	43.9
TTNI66_193	olaTTNIg33_195	29.630	81	57	0	1	81	1	81	3.10e-10	43.9
TTNI66_193	olaTTNIg36_194	31.579	95	60	4	2	93	2	94	3.31e-10	43.9
TTNI66_193	olaTTNIg37_193	22.581	93	72	0	1	93	1	93	9.47e-10	42.7
TTNI66_193	olaTTNIg9_193	28.378	74	52	1	16	89	15	87	1.98e-09	42.0
TTNI66_193	olaTTNIg117_196	27.473	91	66	0	2	92	2	92	4.48e-09	41.2
TTNI66_193	olaTTNIg26_192	29.670	91	61	2	2	91	1	89	9.36e-09	40.0
TTNI66_193	olaTTNIg8_195	28.723	94	65	1	2	93	1	94	3.23e-08	38.9
TTNI66_193	olaTTNIg114_192	32.967	91	54	3	2	89	1	87	3.82e-08	38.5
TTNI66_193	olaTTNIg112_198	28.205	78	55	1	16	92	19	96	4.07e-08	38.5
TTNI66_193	olaTTNIg94_193	25.000	76	57	0	16	91	15	90	1.25e-07	37.4
TTNI66_193	olaTTNIg64_193	30.909	55	38	0	32	86	31	85	2.69e-07	36.2
TTNI66_193	olaTTNIg2_194	23.077	91	70	0	1	91	1	91	1.46e-06	34.3
TTNI66_193	olaTTNIg35_193	24.731	93	70	0	1	93	1	93	1.50e-06	34.3
TTNI66_193	olaTTNIg20_187	27.500	80	51	3	4	80	4	79	2.10e-06	33.9
TTNI66_193	olaTTNIg69_194	28.070	57	39	1	25	81	27	81	5.00e-06	33.1
TTNI66_193	olaTTNIg73_197	25.352	71	53	0	16	86	19	89	6.45e-06	32.7
TTNI66_193	olaTTNIg87_194	32.787	61	39	1	25	85	27	85	8.19e-06	32.3
TTNI67_193	olaTTNIg40_194	40.860	93	51	2	2	92	1	91	5.71e-22	73.9
TTNI67_193	olaTTNIg39_194	40.426	94	55	1	1	93	1	94	7.91e-21	71.2
TTNI67_193	olaTTNIg32_194	39.362	94	56	1	1	93	1	94	1.55e-19	67.8
TTNI67_193	olaTTNIg33_195	35.165	91	59	0	1	91	1	91	1.09e-18	65.9
TTNI67_193	olaTTNIg35_193	35.484	93	60	0	1	93	1	93	1.82e-16	60.1
TTNI67_193	olaTTNIg34_193	29.348	92	65	0	2	93	2	93	1.86e-16	60.1
TTNI67_193	olaTTNIg28_194	31.915	94	63	1	1	93	1	94	1.29e-15	57.8
TTNI67_193	olaTTNIg27_192	29.348	92	65	0	2	93	1	92	4.00e-15	56.6
TTNI67_193	olaTTNIg36_194	32.979	94	61	2	1	93	2	94	4.38e-15	56.6
TTNI67_193	olaTTNIg5_198	33.333	93	61	1	1	92	1	93	1.65e-14	55.1
TTNI67_193	olaTTNIg29_192	31.183	93	62	2	2	93	1	92	4.20e-14	53.9
TTNI67_193	olaTTNIg38_193	29.032	93	66	0	1	93	1	93	4.79e-14	53.9
TTNI67_193	olaTTNIg37_193	29.032	93	66	0	1	93	1	93	2.76e-13	52.0
TTNI67_193	olaTTNIg44_197	32.911	79	52	1	14	92	20	97	5.77e-13	51.2
TTNI67_193	olaTTNIg30_194	29.787	94	65	1	1	93	1	94	8.06e-13	50.8
TTNI67_193	olaTTNIg22_193	29.487	78	54	1	16	93	16	92	1.87e-12	49.7
TTNI67_193	olaTTNIg117_196	30.682	88	59	1	2	89	2	87	2.22e-12	49.7
TTNI67_193	olaTTNIg3_195	31.169	77	53	0	16	92	16	92	9.02e-12	48.1
TTNI67_193	olaTTNIg6_195	29.670	91	63	1	2	91	1	91	3.18e-11	46.6
TTNI67_193	olaTTNIg31_193	27.160	81	59	0	1	81	1	81	3.51e-11	46.6
TTNI67_193	olaTTNIg4_195	31.915	94	62	1	2	93	2	95	4.83e-11	46.2
TTNI67_193	olaTTNIg108_193	31.507	73	50	0	10	82	9	81	8.94e-11	45.4
TTNI67_193	olaTTNIg41_196	30.000	90	62	1	3	91	3	92	1.49e-10	44.7
TTNI67_193	olaTTNIg113_197	29.787	94	63	2	1	91	1	94	2.12e-10	44.7
TTNI67_193	olaTTNIg24_194	29.032	93	63	2	1	92	1	91	3.07e-10	43.9
TTNI67_193	olaTTNIg23_194	30.682	88	60	1	6	92	4	91	3.07e-10	43.9
TTNI67_193	olaTTNIg112_198	29.333	75	52	1	16	89	19	93	5.21e-10	43.5
TTNI67_193	olaTTNIg55_190	32.051	78	50	3	1	76	1	77	5.57e-10	43.1
TTNI67_193	olaTTNIg95_197	31.343	67	46	0	16	82	19	85	5.93e-10	43.5
TTNI67_193	olaTTNIg11_191	33.333	75	46	3	19	92	20	91	7.92e-10	42.7
TTNI67_193	olaTTNIg21_195	33.333	72	48	0	21	92	21	92	1.16e-09	42.4
TTNI67_193	olaTTNIg9_193	25.000	92	68	1	2	93	1	91	3.85e-09	41.2
TTNI67_193	olaTTNIg64_193	31.250	80	55	0	2	81	1	80	4.06e-09	41.2
TTNI67_193	olaTTNIg105_194	31.461	89	58	2	5	93	8	93	4.09e-09	41.2
TTNI67_193	olaTTNIg116_195	24.706	85	64	0	7	91	7	91	1.17e-08	40.0
TTNI67_193	olaTTNIg72_197	26.882	93	60	1	9	93	4	96	1.64e-08	39.7
TTNI67_193	olaTTNIg2_194	23.913	92	70	0	1	92	1	92	2.94e-08	38.9
TTNI67_193	olaTTNIg1_196	23.864	88	64	2	7	91	6	93	3.15e-08	38.9
TTNI67_193	olaTTNIg18_389	27.586	87	56	3	7	92	7	87	7.67e-08	37.7
TTNI67_193	olaTTNIg20_187	32.877	73	46	2	12	82	10	81	7.76e-08	37.7
TTNI67_193	olaTTNIg15_187	31.183	93	54	4	2	91	1	86	9.83e-08	37.4
TTNI67_193	olaTTNIg25_194	30.851	94	60	2	1	91	1	92	2.16e-07	36.6
TTNI67_193	olaTTNIg52_188	32.787	61	37	1	33	93	32	88	2.65e-07	36.2
TTNI67_193	olaTTNIg83_195	28.986	69	49	0	13	81	14	82	4.24e-07	35.8
TTNI67_193	olaTTNIg58_193	27.711	83	58	2	12	93	12	93	1.47e-06	34.3
TTNI67_193	olaTTNIg101_195	30.208	96	56	3	1	93	7	94	2.10e-06	33.9
TTNI67_193	olaTTNIg97_197	30.120	83	55	1	2	81	2	84	2.33e-06	33.9
TTNI67_193	olaTTNIg10_194	24.138	87	65	1	7	92	7	93	2.96e-06	33.5
TTNI67_193	olaTTNIg8_195	26.596	94	67	1	2	93	1	94	3.87e-06	33.5
TTNI67_193	olaTTNIg100_195	21.333	75	59	0	10	84	12	86	4.03e-06	33.1
TTNI68_194	olaTTNIg36_194	45.161	93	51	0	2	94	2	94	4.80e-28	89.4
TTNI68_194	olaTTNIg30_194	35.106	94	61	0	1	94	1	94	3.25e-22	74.7
TTNI68_194	olaTTNIg39_194	39.362	94	57	0	1	94	1	94	1.30e-20	70.5
TTNI68_194	olaTTNIg40_194	35.789	95	58	2	2	94	1	94	3.38e-18	64.3
TTNI68_194	olaTTNIg38_193	32.979	94	62	1	1	94	1	93	1.82e-17	62.4
TTNI68_194	olaTTNIg3_195	31.522	92	62	1	2	93	2	92	2.02e-17	62.4
TTNI68_194	olaTTNIg34_193	34.409	93	60	1	2	94	2	93	3.38e-17	62.0
TTNI68_194	olaTTNIg22_193	31.915	94	62	2	1	94	1	92	1.42e-16	60.1
TTNI68_194	olaTTNIg9_193	32.258	93	61	2	2	94	1	91	6.85e-16	58.5
TTNI68_194	olaTTNIg27_192	35.484	93	59	1	2	94	1	92	5.88e-14	53.5
TTNI68_194	olaTTNIg23_194	31.522	92	62	1	2	93	1	91	1.18e-13	52.8
TTNI68_194	olaTTNIg32_194	30.526	95	64	2	1	94	1	94	1.46e-13	52.8
TTNI68_194	olaTTNIg28_194	32.632	95	62	2	1	94	1	94	1.72e-13	52.4
TTNI68_194	olaTTNIg5_198	33.333	93	60	2	1	92	1	92	4.56e-13	51.6
TTNI68_194	olaTTNIg2_194	30.108	93	64	1	1	93	1	92	5.12e-13	51.2
TTNI68_194	olaTTNIg29_192	27.957	93	66	1	2	94	1	92	6.85e-13	50.8
TTNI68_194	olaTTNIg35_193	34.000	100	53	2	1	94	1	93	1.34e-12	50.1
TTNI68_194	olaTTNIg31_193	30.851	94	64	1	1	94	1	93	1.37e-12	50.1
TTNI68_194	olaTTNIg115_194	30.769	91	62	1	2	92	2	91	1.93e-12	49.7
TTNI68_194	olaTTNIg21_195	30.612	98	57	4	1	93	1	92	1.97e-12	49.7
TTNI68_194	olaTTNIg1_196	27.957	93	64	2	2	92	2	93	5.04e-12	48.5
TTNI68_194	olaTTNIg4_195	29.670	91	61	2	2	90	2	91	1.94e-11	47.0
TTNI68_194	olaTTNIg37_193	27.660	94	67	1	1	94	1	93	5.33e-11	45.8
TTNI68_194	olaTTNIg33_195	29.348	92	64	1	1	92	1	91	8.09e-11	45.4
TTNI68_194	olaTTNIg95_197	27.586	87	61	1	1	85	1	87	4.53e-10	43.5
TTNI68_194	olaTTNIg108_193	37.313	67	42	0	24	90	22	88	6.29e-10	43.1
TTNI68_194	olaTTNIg10_194	26.882	93	66	2	2	93	2	93	9.96e-10	42.7
TTNI68_194	olaTTNIg117_196	28.261	92	63	2	2	92	2	91	1.62e-09	42.4
TTNI68_194	olaTTNIg83_195	25.000	92	69	0	1	92	1	92	1.83e-09	42.0
TTNI68_194	olaTTNIg44_197	31.959	97	58	3	1	92	3	96	2.11e-09	42.0
TTNI68_194	olaTTNIg114_192	32.258	93	59	3	2	93	1	90	3.38e-09	41.2
TTNI68_194	olaTTNIg56_189	28.723	94	62	3	1	94	1	89	3.44e-09	41.2
TTNI68_194	olaTTNIg76_192	25.676	74	55	0	21	94	18	91	3.85e-09	41.2
TTNI68_194	olaTTNIg8_195	30.526	95	63	2	2	94	1	94	4.20e-09	41.2
TTNI68_194	olaTTNIg116_195	25.882	85	59	2	11	93	10	92	5.21e-09	40.8
TTNI68_194	olaTTNIg101_195	30.233	86	49	2	14	94	15	94	1.02e-08	40.0
TTNI68_194	olaTTNIg82_196	24.390	82	62	0	13	94	14	95	1.23e-08	40.0
TTNI68_194	olaTTNIg11_191	31.944	72	48	1	4	75	4	74	1.25e-08	39.7
TTNI68_194	olaTTNIg64_193	30.159	63	44	0	30	92	28	90	1.60e-08	39.7
TTNI68_194	olaTTNIg104_198	21.839	87	68	0	6	92	9	95	3.11e-08	38.9
TTNI68_194	olaTTNIg55_190	27.907	86	58	3	1	84	1	84	3.92e-08	38.5
TTNI68_194	olaTTNIg74_196	26.882	93	66	1	2	92	1	93	4.70e-08	38.5
TTNI68_194	olaTTNIg42_192	26.250	80	56	2	2	78	3	82	8.02e-08	37.7
TTNI68_194	olaTTNIg77_197	25.532	94	68	1	1	92	1	94	8.47e-08	37.7
TTNI68_194	olaTTNIg72_197	25.581	86	64	0	7	92	9	94	1.38e-07	37.4
TTNI68_194	olaTTNIg102_195	34.328	67	42	1	28	94	30	94	1.48e-07	37.0
TTNI68_194	olaTTNIg20_187	27.778	90	59	3	4	93	4	87	1.53e-07	37.0
TTNI68_194	olaTTNIg99_197	30.120	83	57	1	13	94	14	96	1.55e-07	37.0
TTNI68_194	olaTTNIg24_194	23.913	92	69	1	2	93	1	91	3.58e-07	36.2
TTNI68_194	olaTTNIg87_194	30.556	72	48	1	21	92	22	91	3.98e-07	35.8
TTNI69_193	olaTTNIg31_193	46.429	84	45	0	1	84	1	84	9.71e-27	85.9
TTNI69_193	olaTTNIg40_194	34.783	92	60	0	2	93	1	92	9.70e-20	68.2
TTNI69_193	olaTTNIg37_193	31.522	92	63	0	1	92	1	92	1.38e-19	67.8
TTNI69_193	olaTTNIg27_192	32.222	90	61	0	2	91	1	90	8.79e-19	65.9
TTNI69_193	olaTTNIg39_194	33.696	92	60	1	1	91	1	92	2.93e-18	64.7
TTNI69_193	olaTTNIg34_193	35.165	91	59	0	2	92	2	92	4.32e-18	63.9
TTNI69_193	olaTTNIg33_195	31.868	91	62	0	1	91	1	91	4.50e-17	61.6
TTNI69_193	olaTTNIg30_194	29.070	86	60	1	1	85	1	86	1.78e-16	60.1
TTNI69_193	olaTTNIg36_194	31.522	92	62	1	2	92	2	93	7.31e-16	58.5
TTNI69_193	olaTTNIg108_193	31.522	92	63	0	2	93	1	92	1.94e-15	57.4
TTNI69_193	olaTTNIg38_193	27.174	92	67	0	1	92	1	92	3.48e-15	56.6
TTNI69_193	olaTTNIg35_193	29.348	92	65	0	1	92	1	92	3.59e-15	56.6
TTNI69_193	olaTTNIg29_192	29.670	91	64	0	2	92	1	91	2.97e-14	54.3
TTNI69_193	olaTTNIg28_194	32.558	86	57	1	1	85	1	86	3.50e-14	54.3
TTNI69_193	olaTTNIg112_198	37.705	61	38	0	33	93	37	97	2.88e-12	49.3
TTNI69_193	olaTTNIg9_193	28.000	75	53	1	8	82	7	80	4.63e-12	48.5
TTNI69_193	olaTTNIg32_194	26.882	93	67	1	1	92	1	93	8.65e-12	48.1
TTNI69_193	olaTTNIg21_195	27.174	92	67	0	1	92	1	92	1.06e-11	47.8
TTNI69_193	olaTTNIg5_198	29.032	93	65	1	1	92	1	93	1.17e-11	47.8
TTNI69_193	olaTTNIg2_194	24.731	93	70	0	1	93	1	93	1.88e-11	47.0
TTNI69_193	olaTTNIg4_195	32.927	82	53	1	2	81	2	83	1.74e-10	44.7
TTNI69_193	olaTTNIg3_195	29.412	68	48	0	15	82	15	82	2.13e-10	44.3
TTNI69_193	olaTTNIg114_192	28.261	92	63	2	2	92	1	90	6.45e-10	43.1
TTNI69_193	olaTTNIg44_197	29.870	77	53	1	16	92	22	97	7.43e-10	43.1
TTNI69_193	olaTTNIg8_195	27.957	93	65	1	2	92	1	93	8.30e-10	42.7
TTNI69_193	olaTTNIg1_196	24.468	94	69	1	2	93	2	95	8.64e-10	42.7
TTNI69_193	olaTTNIg49_187	30.435	92	58	2	2	93	2	87	9.66e-10	42.7
TTNI69_193	olaTTNIg55_190	33.333	78	49	2	1	76	1	77	1.87e-09	42.0
TTNI69_193	olaTTNIg23_194	28.261	92	66	0	2	93	1	92	3.13e-09	41.2
TTNI69_193	olaTTNIg91_193	30.986	71	49	0	14	84	13	83	7.62e-09	40.4
TTNI69_193	olaTTNIg113_197	30.380	79	52	1	16	91	16	94	8.47e-09	40.4
TTNI69_193	olaTTNIg24_194	21.978	91	71	0	2	92	1	91	1.08e-08	40.0
TTNI69_193	olaTTNIg72_197	28.409	88	60	1	1	85	1	88	1.32e-08	39.7
TTNI69_193	olaTTNIg110_194	30.588	85	53	3	2	82	1	83	3.10e-08	38.9
TTNI69_193	olaTTNIg73_197	31.818	66	45	0	16	81	19	84	4.31e-08	38.5
TTNI69_193	olaTTNIg43_297	34.247	73	47	1	4	76	5	76	5.24e-08	38.1
TTNI69_193	olaTTNIg22_193	26.374	91	66	1	1	91	1	90	5.83e-08	38.1
TTNI69_193	olaTTNIg11_191	32.203	59	39	1	21	79	22	79	8.16e-08	37.7
TTNI69_193	olaTTNIg25_194	26.596	94	68	1	1	93	1	94	8.98e-08	37.7
TTNI69_193	olaTTNIg117_196	23.750	80	61	0	2	81	2	81	1.09e-07	37.4
TTNI69_193	olaTTNIg77_197	30.000	70	49	0	16	85	19	88	2.07e-07	36.6
TTNI69_193	olaTTNIg94_193	27.273	77	55	1	16	91	15	91	2.32e-07	36.6
TTNI69_193	olaTTNIg52_188	26.966	89	60	2	4	92	4	87	2.68e-07	36.2
TTNI69_193	olaTTNIg57_188	24.638	69	51	1	4	72	4	71	3.81e-07	35.8
TTNI69_193	olaTTNIg99_197	31.818	66	45	0	16	81	18	83	5.70e-07	35.4
TTNI69_193	olaTTNIg74_196	25.000	84	60	2	2	82	1	84	7.61e-07	35.0
TTNI69_193	olaTTNIg116_195	22.222	81	63	0	1	81	1	81	8.15e-07	35.0
TTNI69_193	olaTTNIg106_196	23.944	71	54	0	11	81	13	83	8.37e-07	35.0
TTNI69_193	olaTTNIg54_189	28.571	77	53	2	1	76	1	76	8.89e-07	35.0
TTNI69_193	olaTTNIg61_188	28.571	63	44	1	16	78	17	78	9.37e-07	34.7
TTNI70_194	olaTTNIg32_194	44.211	95	51	2	1	94	1	94	5.72e-28	89.4
TTNI70_194	olaTTNIg38_193	34.043	94	61	1	1	94	1	93	5.96e-23	76.6
TTNI70_194	olaTTNIg39_194	34.737	95	60	2	1	94	1	94	3.46e-18	64.3
TTNI70_194	olaTTNIg22_193	39.130	92	54	2	1	92	1	90	4.10e-18	64.3
TTNI70_194	olaTTNIg28_194	34.043	94	62	0	1	94	1	94	6.08e-18	63.9
TTNI70_194	olaTTNIg35_193	34.043	94	61	1	1	94	1	93	2.63e-17	62.0
TTNI70_194	olaTTNIg40_194	27.473	91	65	1	2	92	1	90	1.34e-14	55.1
TTNI70_194	olaTTNIg34_193	29.032	93	65	1	2	94	2	93	2.48e-14	54.7
TTNI70_194	olaTTNIg33_195	29.787	94	65	1	1	94	1	93	4.96e-14	53.9
TTNI70_194	olaTTNIg30_194	28.736	87	60	2	1	86	1	86	1.30e-13	52.8
TTNI70_194	olaTTNIg36_194	27.660	94	66	2	2	94	2	94	1.10e-12	50.4
TTNI70_194	olaTTNIg29_192	25.806	93	68	1	2	94	1	92	1.34e-12	50.1
TTNI70_194	olaTTNIg37_193	26.596	94	68	1	1	94	1	93	1.39e-11	47.4
TTNI70_194	olaTTNIg31_193	33.735	83	52	2	1	82	1	81	1.67e-11	47.4
TTNI70_194	olaTTNIg21_195	26.829	82	59	1	1	82	1	81	1.97e-10	44.7
TTNI70_194	olaTTNIg1_196	26.882	93	65	2	2	92	2	93	4.04e-10	43.9
TTNI70_194	olaTTNIg24_194	26.374	91	66	1	2	92	1	90	1.83e-09	42.0
TTNI70_194	olaTTNIg23_194	27.473	91	65	1	2	92	1	90	2.84e-09	41.6
TTNI70_194	olaTTNIg27_192	25.806	93	68	1	2	94	1	92	3.97e-09	41.2
TTNI70_194	olaTTNIg52_188	36.264	91	52	3	4	94	4	88	1.12e-08	40.0
TTNI70_194	olaTTNIg2_194	25.000	92	68	1	1	92	1	91	1.62e-08	39.7
TTNI70_194	olaTTNIg100_195	28.986	69	48	1	11	79	13	80	3.35e-08	38.9
TTNI70_194	olaTTNIg3_195	25.263	95	68	2	2	94	2	95	1.48e-07	37.0
TTNI70_194	olaTTNIg90_195	23.810	84	61	1	11	94	14	94	1.51e-07	37.0
TTNI70_194	olaTTNIg113_197	23.158	95	71	1	1	93	1	95	2.31e-07	36.6
TTNI70_194	olaTTNIg87_194	22.785	79	58	1	16	94	18	93	5.94e-07	35.4
TTNI70_194	olaTTNIg25_194	22.581	93	72	0	1	93	1	93	1.74e-06	34.3
TTNI70_194	olaTTNIg64_193	26.027	73	53	1	10	82	9	80	2.05e-06	33.9
TTNI70_194	olaTTNIg44_197	29.167	96	62	3	1	92	3	96	3.57e-06	33.5
TTNI70_194	olaTTNIg84_195	27.632	76	52	1	19	94	22	94	3.77e-06	33.5
TTNI70_194	olaTTNIg41_196	32.836	67	44	1	27	92	26	92	9.20e-06	32.3
TTNI71_193	olaTTNIg33_195	50.538	93	46	0	1	93	1	93	3.29e-31	97.4
TTNI71_193	olaTTNIg39_194	39.362	94	56	1	1	93	1	94	1.95e-19	67.4
TTNI71_193	olaTTNIg34_193	36.559	93	58	1	2	93	1	93	2.37e-18	64.7
TTNI71_193	olaTTNIg30_194	37.931	87	53	1	1	86	1	87	7.54e-18	63.5
TTNI71_193	olaTTNIg38_193	33.333	93	62	0	1	93	1	93	1.76e-17	62.4
TTNI71_193	olaTTNIg116_195	36.957	92	58	0	1	92	1	92	8.82e-17	60.8
TTNI71_193	olaTTNIg40_194	37.037	81	51	0	11	91	10	90	1.62e-16	60.1
TTNI71_193	olaTTNIg36_194	31.183	93	64	0	1	93	2	94	7.63e-16	58.5
TTNI71_193	olaTTNIg27_192	36.145	83	53	0	11	93	10	92	1.14e-15	57.8
TTNI71_193	olaTTNIg22_193	31.183	93	63	1	1	93	1	92	2.35e-15	57.0
TTNI71_193	olaTTNIg72_197	31.765	85	58	0	9	93	12	96	1.50e-14	55.1
TTNI71_193	olaTTNIg28_194	32.609	92	61	1	1	91	1	92	2.32e-14	54.7
TTNI71_193	olaTTNIg6_195	32.955	88	58	1	5	91	4	91	8.80e-14	53.1
TTNI71_193	olaTTNIg35_193	35.484	93	60	0	1	93	1	93	3.66e-13	51.6
TTNI71_193	olaTTNIg2_194	29.670	91	64	0	1	91	1	91	3.99e-13	51.6
TTNI71_193	olaTTNIg3_195	30.108	93	63	1	3	93	3	95	1.93e-12	49.7
TTNI71_193	olaTTNIg9_193	26.966	89	64	1	4	92	3	90	2.97e-12	49.3
TTNI71_193	olaTTNIg24_194	29.630	81	57	0	11	91	10	90	1.13e-11	47.8
TTNI71_193	olaTTNIg1_196	29.348	92	63	1	3	92	3	94	4.48e-11	46.2
TTNI71_193	olaTTNIg115_194	29.213	89	63	0	4	92	4	92	5.87e-11	45.8
TTNI71_193	olaTTNIg5_198	28.571	84	59	1	9	91	9	92	9.18e-11	45.4
TTNI71_193	olaTTNIg44_197	35.227	88	52	2	4	91	14	96	1.02e-10	45.4
TTNI71_193	olaTTNIg32_194	28.723	94	66	1	1	93	1	94	1.16e-10	45.1
TTNI71_193	olaTTNIg29_192	28.916	83	59	0	11	93	10	92	1.22e-10	45.1
TTNI71_193	olaTTNIg43_297	31.034	87	58	2	7	92	8	93	2.08e-10	44.7
TTNI71_193	olaTTNIg110_194	35.227	88	55	2	6	91	5	92	2.56e-10	44.3
TTNI71_193	olaTTNIg23_194	28.409	88	63	0	4	91	3	90	5.30e-10	43.5
TTNI71_193	olaTTNIg4_195	32.584	89	56	2	4	89	4	91	6.28e-10	43.1
TTNI71_193	olaTTNIg50_192	33.824	68	44	1	11	78	11	77	7.18e-10	43.1
TTNI71_193	olaTTNIg10_194	30.337	89	61	1	4	91	4	92	1.01e-09	42.7
TTNI71_193	olaTTNIg117_196	26.744	86	63	0	7	92	7	92	1.03e-09	42.7
TTNI71_193	olaTTNIg95_197	30.769	78	54	0	5	82	8	85	1.23e-09	42.4
TTNI71_193	olaTTNIg31_193	33.333	72	48	0	10	81	10	81	1.29e-09	42.4
TTNI71_193	olaTTNIg108_193	26.866	67	49	0	16	82	15	81	2.14e-09	42.0
TTNI71_193	olaTTNIg73_197	28.235	85	61	0	9	93	12	96	2.46e-09	41.6
TTNI71_193	olaTTNIg107_194	32.911	79	51	1	13	91	15	91	3.38e-09	41.2
TTNI71_193	olaTTNIg112_198	28.395	81	57	1	13	92	16	96	3.88e-09	41.2
TTNI71_193	olaTTNIg114_192	32.530	83	53	2	10	91	9	89	8.41e-09	40.0
TTNI71_193	olaTTNIg21_195	26.374	91	67	0	1	91	1	91	9.18e-09	40.0
TTNI71_193	olaTTNIg76_192	25.581	86	64	0	8	93	6	91	1.28e-08	39.7
TTNI71_193	olaTTNIg37_193	21.505	93	73	0	1	93	1	93	1.36e-08	39.7
TTNI71_193	olaTTNIg98_196	25.843	89	63	1	8	93	7	95	1.39e-08	39.7
TTNI71_193	olaTTNIg17_290	39.655	58	31	1	34	91	35	88	1.97e-08	39.3
TTNI71_193	olaTTNIg42_192	29.730	74	51	1	1	73	3	76	2.99e-08	38.9
TTNI71_193	olaTTNIg25_194	30.851	94	60	3	1	91	1	92	4.85e-08	38.1
TTNI71_193	olaTTNIg54_189	31.481	54	36	1	20	73	21	73	5.21e-08	38.1
TTNI71_193	olaTTNIg41_196	28.090	89	63	1	5	92	5	93	6.01e-08	38.1
TTNI71_193	olaTTNIg19_391	30.435	92	53	3	1	92	7	87	6.10e-08	38.1
TTNI71_193	olaTTNIg74_196	29.412	85	58	1	11	93	11	95	9.00e-08	37.7
TTNI71_193	olaTTNIg113_197	33.333	81	47	3	16	91	16	94	1.06e-07	37.4
TTNI72_193	olaTTNIg34_193	42.391	92	53	0	2	93	2	93	4.17e-25	82.0
TTNI72_193	olaTTNIg33_195	36.264	91	58	0	1	91	1	91	1.27e-22	75.5
TTNI72_193	olaTTNIg40_194	36.264	91	58	0	2	92	1	91	1.61e-21	72.8
TTNI72_193	olaTTNIg35_193	40.860	93	55	0	1	93	1	93	2.10e-20	70.1
TTNI72_193	olaTTNIg108_193	32.222	90	61	0	2	91	1	90	2.66e-19	67.0
TTNI72_193	olaTTNIg39_194	39.362	94	56	1	1	93	1	94	2.82e-19	67.0
TTNI72_193	olaTTNIg36_194	34.409	93	60	1	2	93	2	94	5.36e-19	66.2
TTNI72_193	olaTTNIg30_194	34.043	94	61	1	1	93	1	94	6.17e-19	66.2
TTNI72_193	olaTTNIg38_193	33.333	93	62	0	1	93	1	93	1.59e-18	65.1
TTNI72_193	olaTTNIg32_194	32.979	94	62	1	1	93	1	94	1.94e-18	65.1
TTNI72_193	olaTTNIg5_198	34.783	92	59	1	1	91	1	92	3.89e-18	64.3
TTNI72_193	olaTTNIg37_193	31.183	93	64	0	1	93	1	93	1.56e-17	62.8
TTNI72_193	olaTTNIg1_196	32.609	92	60	1	2	91	2	93	2.19e-15	57.4
TTNI72_193	olaTTNIg3_195	32.967	91	61	0	2	92	2	92	2.31e-15	57.0
TTNI72_193	olaTTNIg2_194	31.522	92	63	0	1	92	1	92	1.77e-14	55.1
TTNI72_193	olaTTNIg27_192	32.609	92	62	0	2	93	1	92	4.29e-14	53.9
TTNI72_193	olaTTNIg23_194	28.571	91	65	0	2	92	1	91	5.64e-14	53.5
TTNI72_193	olaTTNIg31_193	29.268	82	58	0	1	82	1	82	1.20e-13	52.8
TTNI72_193	olaTTNIg24_194	29.670	91	64	0	2	92	1	91	1.43e-13	52.8
TTNI72_193	olaTTNIg8_195	29.787	94	64	1	2	93	1	94	2.11e-13	52.0
TTNI72_193	olaTTNIg44_197	35.417	96	55	3	1	91	3	96	2.68e-13	52.0
TTNI72_193	olaTTNIg4_195	31.915	94	62	1	2	93	2	95	2.92e-13	52.0
TTNI72_193	olaTTNIg22_193	31.868	91	61	1	1	91	1	90	4.64e-13	51.2
TTNI72_193	olaTTNIg6_195	32.967	91	60	1	2	91	1	91	4.07e-12	48.9
TTNI72_193	olaTTNIg72_197	26.042	96	68	1	1	93	1	96	6.19e-12	48.5
TTNI72_193	olaTTNIg113_197	28.723	94	64	1	1	91	1	94	5.67e-11	45.8
TTNI72_193	olaTTNIg28_194	27.660	94	67	1	1	93	1	94	6.90e-11	45.8
TTNI72_193	olaTTNIg115_194	28.889	90	64	0	2	91	2	91	7.36e-11	45.4
TTNI72_193	olaTTNIg110_194	31.325	83	55	2	2	82	1	83	8.37e-11	45.4
TTNI72_193	olaTTNIg116_195	26.923	78	57	0	16	93	16	93	1.48e-10	44.7
TTNI72_193	olaTTNIg77_197	26.596	94	66	1	1	91	1	94	2.57e-10	44.3
TTNI72_193	olaTTNIg21_195	28.261	92	66	0	1	92	1	92	2.72e-10	44.3
TTNI72_193	olaTTNIg29_192	26.087	92	68	0	2	93	1	92	2.98e-10	43.9
TTNI72_193	olaTTNIg9_193	26.250	80	58	1	14	93	13	91	1.07e-09	42.7
TTNI72_193	olaTTNIg11_191	31.507	73	48	2	3	74	3	74	2.24e-09	41.6
TTNI72_193	olaTTNIg55_190	30.769	78	51	2	1	76	1	77	2.90e-09	41.2
TTNI72_193	olaTTNIg76_192	21.519	79	62	0	15	93	13	91	4.58e-09	40.8
TTNI72_193	olaTTNIg10_194	29.032	93	64	2	1	92	2	93	8.28e-09	40.4
TTNI72_193	olaTTNIg54_189	28.049	82	58	1	1	82	2	82	8.96e-09	40.0
TTNI72_193	olaTTNIg83_195	31.343	67	46	0	15	81	16	82	9.18e-09	40.0
TTNI72_193	olaTTNIg89_196	23.333	90	66	1	2	91	7	93	1.19e-08	40.0
TTNI72_193	olaTTNIg82_196	27.941	68	49	0	15	82	17	84	2.39e-08	39.3
TTNI72_193	olaTTNIg41_196	31.429	70	47	1	23	91	23	92	2.68e-08	38.9
TTNI72_193	olaTTNIg114_192	31.868	91	59	2	2	91	1	89	2.81e-08	38.9
TTNI72_193	olaTTNIg52_188	29.670	91	57	3	4	93	4	88	3.03e-08	38.9
TTNI72_193	olaTTNIg14_188	27.059	85	58	1	8	92	8	88	3.33e-08	38.5
TTNI72_193	olaTTNIg60_187	25.676	74	54	1	1	74	1	73	3.49e-08	38.5
TTNI72_193	olaTTNIg56_189	27.957	93	63	2	1	93	1	89	3.70e-08	38.5
TTNI72_193	olaTTNIg7_195	27.381	84	59	1	2	83	1	84	1.03e-07	37.4
TTNI72_193	olaTTNIg106_196	27.397	73	53	0	9	81	11	83	1.39e-07	37.0
TTNI73_193	olaTTNIg35_193	44.565	92	51	0	1	92	1	92	2.29e-25	82.4
TTNI73_193	olaTTNIg30_194	38.710	93	56	1	1	92	1	93	6.29e-21	71.2
TTNI73_193	olaTTNIg36_194	39.130	92	55	1	2	92	2	93	3.09e-20	69.7
TTNI73_193	olaTTNIg33_195	29.670	91	64	0	1	91	1	91	1.14e-18	65.5
TTNI73_193	olaTTNIg32_194	35.106	94	58	2	1	92	1	93	1.94e-18	65.1
TTNI73_193	olaTTNIg39_194	34.783	92	59	1	1	91	1	92	2.69e-17	62.0
TTNI73_193	olaTTNIg38_193	30.769	91	63	0	1	91	1	91	8.97e-16	58.2
TTNI73_193	olaTTNIg28_194	33.333	93	59	2	1	91	1	92	2.52e-15	57.0
TTNI73_193	olaTTNIg41_196	31.461	89	60	1	4	91	4	92	2.11e-14	54.7
TTNI73_193	olaTTNIg40_194	28.571	91	65	0	2	92	1	91	5.70e-14	53.5
TTNI73_193	olaTTNIg37_193	22.826	92	71	0	1	92	1	92	2.43e-13	52.0
TTNI73_193	olaTTNIg24_194	29.670	91	64	0	2	92	1	91	3.51e-13	51.6
TTNI73_193	olaTTNIg25_194	29.787	94	65	1	1	93	1	94	8.88e-13	50.4
TTNI73_193	olaTTNIg1_196	32.292	96	59	2	2	93	2	95	1.01e-12	50.4
TTNI73_193	olaTTNIg5_198	30.108	93	64	1	1	92	1	93	2.61e-12	49.3
TTNI73_193	olaTTNIg27_192	27.778	90	65	0	2	91	1	90	5.21e-12	48.5
TTNI73_193	olaTTNIg21_195	28.261	92	66	0	1	92	1	92	1.12e-11	47.8
TTNI73_193	olaTTNIg34_193	28.571	91	65	0	2	92	2	92	2.59e-11	46.6
TTNI73_193	olaTTNIg112_198	34.426	61	40	0	33	93	37	97	4.15e-11	46.2
TTNI73_193	olaTTNIg117_196	26.136	88	65	0	2	89	2	89	5.55e-11	45.8
TTNI73_193	olaTTNIg2_194	24.731	93	70	0	1	93	1	93	9.73e-11	45.4
TTNI73_193	olaTTNIg76_192	24.706	85	64	0	8	92	6	90	1.56e-10	44.7
TTNI73_193	olaTTNIg9_193	28.571	91	64	1	2	92	1	90	1.76e-10	44.7
TTNI73_193	olaTTNIg4_195	30.000	90	61	1	2	89	2	91	3.72e-10	43.9
TTNI73_193	olaTTNIg23_194	25.000	92	69	0	2	93	1	92	7.01e-10	43.1
TTNI73_193	olaTTNIg10_194	30.108	93	64	1	2	93	2	94	1.25e-09	42.4
TTNI73_193	olaTTNIg29_192	23.077	91	70	0	2	92	1	91	1.27e-09	42.4
TTNI73_193	olaTTNIg116_195	28.261	92	66	0	1	92	1	92	7.11e-09	40.4
TTNI73_193	olaTTNIg31_193	23.457	81	62	0	1	81	1	81	7.23e-09	40.4
TTNI73_193	olaTTNIg71_194	33.333	78	50	2	14	91	16	91	8.10e-09	40.4
TTNI73_193	olaTTNIg6_195	29.032	93	65	1	2	93	1	93	1.48e-08	39.7
TTNI73_193	olaTTNIg113_197	28.261	92	63	2	1	89	1	92	1.62e-08	39.7
TTNI73_193	olaTTNIg44_197	30.508	59	41	0	34	92	39	97	1.82e-08	39.3
TTNI73_193	olaTTNIg18_389	30.769	91	56	3	3	92	3	87	1.90e-08	39.3
TTNI73_193	olaTTNIg22_193	29.670	91	63	1	1	91	1	90	2.05e-08	39.3
TTNI73_193	olaTTNIg3_195	24.176	91	69	0	2	92	2	92	2.30e-08	39.3
TTNI73_193	olaTTNIg108_193	22.826	92	71	0	2	93	1	92	2.65e-08	38.9
TTNI73_193	olaTTNIg56_189	36.842	76	42	2	14	84	8	82	4.83e-08	38.1
TTNI73_193	olaTTNIg72_197	23.404	94	69	1	1	91	1	94	1.22e-07	37.4
TTNI73_193	olaTTNIg64_193	26.582	79	58	0	13	91	12	90	1.45e-07	37.0
TTNI73_193	olaTTNIg100_195	23.457	81	60	1	11	91	13	91	2.04e-07	36.6
TTNI73_193	olaTTNIg73_197	26.923	78	57	0	9	86	12	89	2.18e-07	36.6
TTNI73_193	olaTTNIg86_197	29.167	72	47	2	13	82	16	85	1.13e-06	34.7
TTNI73_193	olaTTNIg77_197	20.988	81	64	0	11	91	14	94	1.17e-06	34.7
TTNI73_193	olaTTNIg84_195	28.358	67	46	1	25	91	28	92	1.70e-06	34.3
TTNI73_193	olaTTNIg106_196	26.761	71	52	0	11	81	13	83	2.32e-06	33.9
TTNI73_193	olaTTNIg95_197	26.136	88	62	1	1	85	1	88	2.88e-06	33.9
TTNI73_193	olaTTNIg61_188	21.176	85	66	1	1	85	2	85	3.40e-06	33.5
TTNI73_193	olaTTNIg115_194	24.096	83	63	0	2	84	2	84	4.80e-06	33.1
TTNI73_193	olaTTNIg11_191	24.324	74	56	0	3	76	3	76	4.99e-06	33.1
TTNI74_193	olaTTNIg36_194	41.304	92	51	3	4	93	4	94	3.58e-19	67.0
TTNI74_193	olaTTNIg37_193	33.333	93	62	0	1	93	1	93	1.28e-17	62.8
TTNI74_193	olaTTNIg33_195	30.108	93	65	0	1	93	1	93	1.97e-17	62.4
TTNI74_193	olaTTNIg39_194	30.851	94	64	1	1	93	1	94	1.33e-15	57.8
TTNI74_193	olaTTNIg27_192	31.111	90	62	0	4	93	3	92	5.08e-15	56.2
TTNI74_193	olaTTNIg29_192	30.000	90	63	0	4	93	3	92	1.05e-14	55.5
TTNI74_193	olaTTNIg23_194	30.337	89	62	0	3	91	2	90	4.49e-14	53.9
TTNI74_193	olaTTNIg35_193	27.957	93	67	0	1	93	1	93	1.16e-13	52.8
TTNI74_193	olaTTNIg38_193	24.731	93	70	0	1	93	1	93	1.44e-13	52.4
TTNI74_193	olaTTNIg32_194	32.632	95	61	2	1	93	1	94	2.13e-13	52.0
TTNI74_193	olaTTNIg40_194	31.461	89	61	0	3	91	2	90	2.43e-13	52.0
TTNI74_193	olaTTNIg116_195	29.670	91	64	0	1	91	1	91	2.43e-13	52.0
TTNI74_193	olaTTNIg30_194	30.851	94	64	1	1	93	1	94	6.22e-13	50.8
TTNI74_193	olaTTNIg25_194	25.806	93	68	1	1	92	1	93	7.39e-13	50.8
TTNI74_193	olaTTNIg85_194	27.907	86	62	0	8	93	8	93	1.63e-12	49.7
TTNI74_193	olaTTNIg77_197	34.568	81	53	0	13	93	16	96	1.83e-12	49.7
TTNI74_193	olaTTNIg44_197	28.723	94	64	2	1	91	3	96	4.99e-12	48.5
TTNI74_193	olaTTNIg88_193	30.233	86	60	0	8	93	7	92	6.47e-12	48.1
TTNI74_193	olaTTNIg81_193	35.821	67	40	1	27	93	29	92	2.30e-11	47.0
TTNI74_193	olaTTNIg31_193	34.568	81	53	0	1	81	1	81	2.80e-11	46.6
TTNI74_193	olaTTNIg91_193	31.034	87	60	0	7	93	6	92	2.89e-11	46.6
TTNI74_193	olaTTNIg75_195	29.762	84	56	2	11	93	13	94	5.56e-11	45.8
TTNI74_193	olaTTNIg4_195	28.090	89	62	1	4	90	4	92	2.64e-10	44.3
TTNI74_193	olaTTNIg71_194	30.120	83	56	2	10	92	12	92	2.76e-10	44.3
TTNI74_193	olaTTNIg94_193	25.287	87	65	0	7	93	6	92	6.58e-10	43.1
TTNI74_193	olaTTNIg2_194	24.176	91	69	0	1	91	1	91	7.39e-10	43.1
TTNI74_193	olaTTNIg24_194	22.727	88	68	0	4	91	3	90	1.15e-09	42.4
TTNI74_193	olaTTNIg34_193	26.667	90	66	0	4	93	4	93	1.39e-09	42.4
TTNI74_193	olaTTNIg82_196	31.579	76	50	1	16	89	18	93	4.07e-09	41.2
TTNI74_193	olaTTNIg76_192	28.750	80	57	0	12	91	10	89	4.20e-09	41.2
TTNI74_193	olaTTNIg108_193	22.727	88	67	1	6	93	5	91	5.36e-09	40.8
TTNI74_193	olaTTNIg22_193	25.843	89	65	1	1	89	1	88	8.13e-09	40.4
TTNI74_193	olaTTNIg20_187	33.333	72	47	1	3	74	3	73	8.88e-09	40.0
TTNI74_193	olaTTNIg89_196	24.390	82	62	0	12	93	14	95	8.96e-09	40.4
TTNI74_193	olaTTNIg1_196	21.111	90	69	1	4	91	4	93	1.06e-08	40.0
TTNI74_193	olaTTNIg103_196	30.303	66	46	0	16	81	18	83	1.09e-08	40.0
TTNI74_193	olaTTNIg28_194	24.211	95	69	2	1	93	1	94	1.28e-08	39.7
TTNI74_193	olaTTNIg64_193	28.767	73	52	0	9	81	8	80	1.70e-08	39.3
TTNI74_193	olaTTNIg95_197	28.395	81	58	0	13	93	16	96	1.86e-08	39.3
TTNI74_193	olaTTNIg84_195	32.353	68	42	2	27	93	30	94	2.50e-08	38.9
TTNI74_193	olaTTNIg7_195	25.843	89	64	1	3	89	2	90	2.93e-08	38.9
TTNI74_193	olaTTNIg107_194	26.829	82	58	1	11	92	13	92	5.06e-08	38.1
TTNI74_193	olaTTNIg21_195	21.978	91	71	0	1	91	1	91	7.47e-08	37.7
TTNI74_193	olaTTNIg5_198	23.913	92	69	1	1	91	1	92	7.94e-08	37.7
TTNI74_193	olaTTNIg93_194	30.488	82	55	1	12	93	14	93	1.01e-07	37.4
TTNI74_193	olaTTNIg113_197	28.421	95	65	2	1	92	1	95	1.08e-07	37.4
TTNI74_193	olaTTNIg3_195	25.287	87	65	0	5	91	5	91	1.13e-07	37.4
TTNI74_193	olaTTNIg100_195	25.926	81	60	0	12	92	14	94	1.37e-07	37.0
TTNI74_193	olaTTNIg59_189	32.308	65	40	1	29	93	28	88	2.03e-07	36.6
TTNI74_193	olaTTNIg102_195	28.916	83	57	1	11	93	14	94	2.07e-07	36.6
TTNI75_193	olaTTNIg3_195	35.165	91	59	0	2	92	2	92	2.01e-20	70.1
TTNI75_193	olaTTNIg32_194	35.106	94	60	1	1	93	1	94	2.07e-18	65.1
TTNI75_193	olaTTNIg34_193	32.609	92	62	0	2	93	2	93	5.37e-18	63.9
TTNI75_193	olaTTNIg28_194	38.947	95	55	2	1	93	1	94	1.10e-17	63.2
TTNI75_193	olaTTNIg30_194	35.106	94	60	1	1	93	1	94	1.45e-17	62.8
TTNI75_193	olaTTNIg36_194	33.333	93	61	1	2	93	2	94	3.17e-17	62.0
TTNI75_193	olaTTNIg38_193	31.183	93	64	0	1	93	1	93	5.15e-17	61.2
TTNI75_193	olaTTNIg39_194	28.723	94	66	1	1	93	1	94	4.49e-16	58.9
TTNI75_193	olaTTNIg22_193	31.183	93	63	1	1	93	1	92	4.52e-16	58.9
TTNI75_193	olaTTNIg40_194	30.769	91	63	0	2	92	1	91	5.34e-16	58.9
TTNI75_193	olaTTNIg24_194	29.032	93	62	2	2	92	1	91	9.25e-15	55.5
TTNI75_193	olaTTNIg108_193	29.032	93	62	2	2	92	1	91	4.25e-14	53.9
TTNI75_193	olaTTNIg23_194	31.868	91	62	0	2	92	1	91	4.90e-14	53.9
TTNI75_193	olaTTNIg2_194	29.348	92	65	0	1	92	1	92	1.65e-13	52.4
TTNI75_193	olaTTNIg4_195	34.043	94	60	1	2	93	2	95	1.72e-13	52.4
TTNI75_193	olaTTNIg21_195	32.609	92	62	0	1	92	1	92	2.35e-13	52.0
TTNI75_193	olaTTNIg31_193	29.032	93	66	0	1	93	1	93	2.53e-13	52.0
TTNI75_193	olaTTNIg51_488	35.556	90	53	3	4	93	1	85	2.65e-13	51.6
TTNI75_193	olaTTNIg29_192	28.261	92	66	0	2	93	1	92	7.47e-13	50.8
TTNI75_193	olaTTNIg33_195	26.374	91	67	0	1	91	1	91	8.88e-13	50.4
TTNI75_193	olaTTNIg10_194	29.032	93	63	2	2	92	2	93	9.08e-13	50.4
TTNI75_193	olaTTNIg27_192	28.261	92	66	0	2	93	1	92	1.87e-12	49.7
TTNI75_193	olaTTNIg9_193	28.261	92	65	1	2	93	1	91	3.14e-12	49.3
TTNI75_193	olaTTNIg44_197	31.250	96	61	2	1	92	3	97	4.73e-12	48.9
TTNI75_193	olaTTNIg76_192	24.706	85	64	0	9	93	7	91	1.25e-10	45.1
TTNI75_193	olaTTNIg55_190	30.526	95	59	3	1	93	1	90	1.28e-10	45.1
TTNI75_193	olaTTNIg117_196	26.667	90	66	0	2	91	2	91	1.37e-10	45.1
TTNI75_193	olaTTNIg106_196	30.986	71	49	0	11	81	13	83	3.63e-10	43.9
TTNI75_193	olaTTNIg37_193	22.581	93	72	0	1	93	1	93	1.47e-09	42.4
TTNI75_193	olaTTNIg1_196	27.174	92	65	1	2	91	2	93	1.61e-09	42.4
TTNI75_193	olaTTNIg56_189	30.556	72	49	1	4	75	4	74	2.37e-09	41.6
TTNI75_193	olaTTNIg41_196	30.435	92	59	3	3	91	3	92	4.29e-09	41.2
TTNI75_193	olaTTNIg5_198	25.806	93	68	1	1	92	1	93	6.07e-09	40.8
TTNI75_193	olaTTNIg35_193	25.806	93	69	0	1	93	1	93	7.23e-09	40.4
TTNI75_193	olaTTNIg74_196	26.882	93	65	2	2	91	1	93	7.80e-09	40.4
TTNI75_193	olaTTNIg110_194	24.731	93	68	1	2	92	1	93	8.46e-09	40.4
TTNI75_193	olaTTNIg116_195	26.263	99	61	2	1	93	1	93	9.48e-09	40.0
TTNI75_193	olaTTNIg113_197	28.723	94	64	1	1	91	1	94	1.66e-08	39.7
TTNI75_193	olaTTNIg99_197	30.263	76	53	0	13	88	15	90	3.07e-08	38.9
TTNI75_193	olaTTNIg25_194	27.174	92	66	1	1	91	1	92	3.84e-08	38.5
TTNI75_193	olaTTNIg53_190	28.169	71	50	1	8	78	10	79	4.42e-08	38.5
TTNI75_193	olaTTNIg11_191	27.778	72	50	2	4	74	4	74	4.74e-08	38.1
TTNI75_193	olaTTNIg104_198	26.506	83	61	0	9	91	13	95	8.64e-08	37.7
TTNI75_193	olaTTNIg111_1101	27.160	81	58	1	2	81	8	88	1.10e-07	37.4
TTNI75_193	olaTTNIg101_195	30.208	96	56	3	1	93	7	94	1.13e-07	37.4
TTNI75_193	olaTTNIg95_197	27.586	87	60	1	1	84	1	87	1.34e-07	37.4
TTNI75_193	olaTTNIg8_195	26.596	94	67	1	2	93	1	94	1.44e-07	37.0
TTNI75_193	olaTTNIg12_189	28.261	92	61	2	1	92	2	88	1.71e-07	36.6
TTNI75_193	olaTTNIg6_195	26.374	91	66	1	2	91	1	91	2.34e-07	36.6
TTNI75_193	olaTTNIg82_196	25.641	78	58	0	16	93	18	95	2.95e-07	36.2
TTNI76_193	olaTTNIg34_193	33.696	92	61	0	2	93	2	93	8.61e-22	73.6
TTNI76_193	olaTTNIg32_194	30.851	94	64	1	1	93	1	94	1.12e-17	63.2
TTNI76_193	olaTTNIg38_193	33.333	93	62	0	1	93	1	93	2.41e-17	62.0
TTNI76_193	olaTTNIg31_193	35.632	87	56	0	1	87	1	87	3.68e-17	61.6
TTNI76_193	olaTTNIg1_196	37.634	93	56	1	2	92	2	94	4.56e-17	61.6
TTNI76_193	olaTTNIg29_192	30.435	92	64	0	2	93	1	92	5.20e-17	61.2
TTNI76_193	olaTTNIg44_197	34.737	95	57	2	1	91	3	96	5.92e-16	58.9
TTNI76_193	olaTTNIg22_193	35.165	91	58	1	1	91	1	90	1.61e-15	57.4
TTNI76_193	olaTTNIg40_194	35.802	81	52	0	2	82	1	81	3.76e-15	56.6
TTNI76_193	olaTTNIg39_194	30.851	94	64	1	1	93	1	94	2.48e-14	54.7
TTNI76_193	olaTTNIg108_193	27.778	90	65	0	2	91	1	90	1.68e-13	52.4
TTNI76_193	olaTTNIg23_194	32.222	90	61	0	2	91	1	90	2.56e-13	52.0
TTNI76_193	olaTTNIg5_198	28.261	92	65	1	1	91	1	92	1.68e-12	50.1
TTNI76_193	olaTTNIg3_195	27.778	90	65	0	2	91	2	91	2.61e-12	49.3
TTNI76_193	olaTTNIg28_194	31.915	94	63	1	1	93	1	94	3.94e-12	48.9
TTNI76_193	olaTTNIg24_194	30.000	90	63	0	2	91	1	90	4.16e-12	48.9
TTNI76_193	olaTTNIg21_195	34.066	91	60	0	1	91	1	91	7.20e-12	48.1
TTNI76_193	olaTTNIg37_193	25.806	93	69	0	1	93	1	93	1.71e-11	47.4
TTNI76_193	olaTTNIg33_195	24.691	81	61	0	1	81	1	81	9.21e-11	45.4
TTNI76_193	olaTTNIg27_192	28.261	92	66	0	2	93	1	92	1.17e-10	45.1
TTNI76_193	olaTTNIg114_192	36.667	90	52	3	2	89	1	87	2.71e-10	44.3
TTNI76_193	olaTTNIg30_194	30.208	96	62	2	1	93	1	94	3.53e-10	43.9
TTNI76_193	olaTTNIg88_193	29.348	92	61	1	2	93	5	92	1.21e-09	42.4
TTNI76_193	olaTTNIg36_194	30.526	95	61	2	2	93	2	94	2.50e-09	41.6
TTNI76_193	olaTTNIg35_193	26.882	93	68	0	1	93	1	93	2.70e-09	41.6
TTNI76_193	olaTTNIg4_195	36.047	86	52	2	11	93	10	95	4.04e-09	41.2
TTNI76_193	olaTTNIg8_195	27.660	94	66	1	2	93	1	94	4.89e-09	40.8
TTNI76_193	olaTTNIg117_196	30.682	88	61	0	2	89	2	89	7.89e-09	40.4
TTNI76_193	olaTTNIg112_198	26.923	78	56	1	16	92	19	96	1.03e-08	40.0
TTNI76_193	olaTTNIg85_194	29.032	62	44	0	32	93	32	93	2.28e-08	39.3
TTNI76_193	olaTTNIg83_195	33.333	63	42	0	21	83	22	84	3.95e-08	38.5
TTNI76_193	olaTTNIg100_195	31.429	70	48	0	15	84	17	86	5.20e-08	38.1
TTNI76_193	olaTTNIg53_190	28.947	76	53	1	3	78	5	79	7.52e-08	37.7
TTNI76_193	olaTTNIg87_194	37.705	61	36	1	25	85	27	85	1.20e-07	37.4
TTNI76_193	olaTTNIg9_193	27.536	69	49	1	21	89	20	87	2.13e-07	36.6
TTNI76_193	olaTTNIg80_196	32.727	55	37	0	35	89	37	91	3.56e-07	36.2
TTNI76_193	olaTTNIg26_192	34.483	58	37	1	33	89	30	87	4.34e-07	35.8
TTNI76_193	olaTTNIg91_193	21.739	92	72	0	2	93	1	92	6.13e-07	35.4
TTNI76_193	olaTTNIg94_193	23.333	90	69	0	2	91	1	90	1.47e-06	34.3
TTNI76_193	olaTTNIg55_190	28.205	78	53	2	1	76	1	77	1.49e-06	34.3
TTNI76_193	olaTTNIg64_193	30.769	52	36	0	35	86	34	85	1.50e-06	34.3
TTNI76_193	olaTTNIg98_196	28.090	89	61	1	1	89	6	91	3.18e-06	33.5
TTNI76_193	olaTTNIg13_189	34.921	63	39	1	29	91	28	88	3.72e-06	33.1
TTNI76_193	olaTTNIg2_194	26.374	91	67	0	1	91	1	91	4.46e-06	33.1
TTNI76_193	olaTTNIg41_196	34.286	70	42	3	27	93	26	94	4.79e-06	33.1
TTNI76_193	olaTTNIg70_195	25.581	86	57	3	1	82	1	83	5.41e-06	33.1
TTNI76_193	olaTTNIg72_197	20.652	92	70	1	1	89	1	92	5.93e-06	32.7
TTNI76_193	olaTTNIg52_188	25.556	90	62	2	4	93	4	88	6.13e-06	32.7
TTNI77_193	olaTTNIg40_194	34.066	91	60	0	2	92	1	91	3.57e-23	77.0
TTNI77_193	olaTTNIg33_195	37.363	91	57	0	1	91	1	91	2.34e-21	72.4
TTNI77_193	olaTTNIg39_194	37.500	96	55	2	1	93	1	94	1.87e-20	70.1
TTNI77_193	olaTTNIg32_194	35.106	94	60	1	1	93	1	94	1.95e-19	67.4
TTNI77_193	olaTTNIg34_193	31.522	92	63	0	2	93	2	93	3.27e-19	67.0
TTNI77_193	olaTTNIg27_192	32.609	92	62	0	2	93	1	92	4.85e-18	63.9
TTNI77_193	olaTTNIg35_193	36.559	93	59	0	1	93	1	93	1.37e-17	62.8
TTNI77_193	olaTTNIg36_194	33.333	93	61	1	2	93	2	94	1.63e-17	62.8
TTNI77_193	olaTTNIg31_193	33.333	93	62	0	1	93	1	93	2.69e-16	59.7
TTNI77_193	olaTTNIg29_192	28.261	92	66	0	2	93	1	92	2.06e-15	57.4
TTNI77_193	olaTTNIg30_194	30.851	94	64	1	1	93	1	94	6.83e-15	55.8
TTNI77_193	olaTTNIg5_198	33.333	93	61	1	1	92	1	93	1.34e-14	55.5
TTNI77_193	olaTTNIg38_193	29.032	93	66	0	1	93	1	93	2.61e-14	54.3
TTNI77_193	olaTTNIg112_198	36.364	77	48	1	16	91	19	95	4.05e-14	53.9
TTNI77_193	olaTTNIg44_197	36.471	85	52	2	5	89	12	94	8.72e-14	53.1
TTNI77_193	olaTTNIg22_193	29.032	93	65	1	1	93	1	92	1.66e-13	52.4
TTNI77_193	olaTTNIg37_193	24.731	93	70	0	1	93	1	93	2.73e-12	49.3
TTNI77_193	olaTTNIg64_193	31.868	91	60	1	2	92	1	89	3.21e-12	48.9
TTNI77_193	olaTTNIg9_193	32.143	84	56	1	10	93	9	91	3.21e-12	48.9
TTNI77_193	olaTTNIg1_196	30.435	92	62	1	2	91	2	93	3.28e-12	49.3
TTNI77_193	olaTTNIg3_195	29.545	88	60	1	8	93	8	95	4.94e-12	48.5
TTNI77_193	olaTTNIg11_191	36.667	90	54	3	4	92	4	91	6.06e-12	48.1
TTNI77_193	olaTTNIg24_194	29.348	92	63	2	2	92	1	91	6.61e-12	48.1
TTNI77_193	olaTTNIg108_193	28.395	81	58	0	2	82	1	81	7.36e-12	48.1
TTNI77_193	olaTTNIg28_194	28.723	94	66	1	1	93	1	94	9.95e-12	47.8
TTNI77_193	olaTTNIg113_197	29.787	94	63	1	1	91	1	94	7.26e-11	45.8
TTNI77_193	olaTTNIg55_190	39.744	78	44	2	1	76	1	77	9.16e-11	45.4
TTNI77_193	olaTTNIg23_194	31.169	77	53	0	16	92	15	91	7.97e-10	42.7
TTNI77_193	olaTTNIg21_195	26.087	92	68	0	1	92	1	92	8.04e-10	43.1
TTNI77_193	olaTTNIg58_193	33.333	90	55	4	8	93	5	93	1.02e-09	42.7
TTNI77_193	olaTTNIg4_195	27.778	90	63	1	2	89	2	91	1.07e-09	42.7
TTNI77_193	olaTTNIg52_188	31.868	91	57	2	3	93	3	88	3.81e-09	41.2
TTNI77_193	olaTTNIg117_196	24.444	90	68	0	2	91	2	91	4.25e-09	41.2
TTNI77_193	olaTTNIg41_196	30.000	90	62	1	3	91	3	92	4.99e-09	40.8
TTNI77_193	olaTTNIg72_197	20.213	94	72	1	1	91	1	94	1.67e-08	39.7
TTNI77_193	olaTTNIg83_195	30.303	66	46	0	16	81	17	82	2.27e-08	39.3
TTNI77_193	olaTTNIg17_290	32.941	85	53	3	8	92	9	89	3.39e-08	38.5
TTNI77_193	olaTTNIg2_194	26.087	92	68	0	1	92	1	92	3.52e-08	38.5
TTNI77_193	olaTTNIg74_196	30.108	93	62	2	2	91	1	93	4.24e-08	38.5
TTNI77_193	olaTTNIg95_197	31.343	67	46	0	16	82	19	85	5.22e-08	38.1
TTNI77_193	olaTTNIg8_195	28.723	94	65	1	2	93	1	94	5.49e-08	38.1
TTNI77_193	olaTTNIg114_192	30.435	92	61	2	2	92	1	90	6.44e-08	38.1
TTNI77_193	olaTTNIg63_197	25.843	89	65	1	4	91	6	94	7.64e-08	37.7
TTNI77_193	olaTTNIg25_194	31.111	90	61	1	1	89	1	90	1.20e-07	37.4
TTNI77_193	olaTTNIg104_198	29.870	77	52	1	16	92	20	94	1.44e-07	37.0
TTNI77_193	olaTTNIg43_297	28.736	87	60	2	4	89	5	90	2.54e-07	36.6
TTNI77_193	olaTTNIg116_195	24.359	78	59	0	16	93	16	93	3.36e-07	36.2
TTNI77_193	olaTTNIg26_192	31.148	61	41	1	32	91	29	89	3.37e-07	36.2
TTNI77_193	olaTTNIg100_195	22.973	74	57	0	11	84	13	86	3.73e-07	35.8
TTNI77_193	olaTTNIg77_197	26.316	76	56	0	16	91	19	94	4.71e-07	35.8
TTNI78_194	olaTTNIg39_194	48.936	94	48	0	1	94	1	94	2.13e-33	102
TTNI78_194	olaTTNIg34_193	37.634	93	57	1	2	94	2	93	1.05e-19	68.2
TTNI78_194	olaTTNIg40_194	39.241	79	48	0	15	93	13	91	2.07e-18	65.1
TTNI78_194	olaTTNIg35_193	32.979	94	62	1	1	94	1	93	2.81e-17	62.0
TTNI78_194	olaTTNIg32_194	33.684	95	61	2	1	94	1	94	9.83e-17	60.8
TTNI78_194	olaTTNIg30_194	30.851	94	65	0	1	94	1	94	1.20e-16	60.5
TTNI78_194	olaTTNIg38_193	28.723	94	66	1	1	94	1	93	1.65e-16	60.1
TTNI78_194	olaTTNIg29_192	30.108	93	64	1	2	94	1	92	1.18e-15	57.8
TTNI78_194	olaTTNIg36_194	30.108	93	65	0	2	94	2	94	2.95e-14	54.3
TTNI78_194	olaTTNIg33_195	30.769	91	63	0	2	92	1	91	3.47e-14	54.3
TTNI78_194	olaTTNIg37_193	29.787	94	65	1	1	94	1	93	8.79e-14	53.1
TTNI78_194	olaTTNIg2_194	30.851	94	62	2	1	93	1	92	2.65e-13	52.0
TTNI78_194	olaTTNIg28_194	28.421	95	66	2	1	94	1	94	4.29e-12	48.9
TTNI78_194	olaTTNIg25_194	27.957	93	65	2	1	92	1	92	9.73e-12	47.8
TTNI78_194	olaTTNIg21_195	23.656	93	70	1	1	93	1	92	1.18e-11	47.8
TTNI78_194	olaTTNIg3_195	27.536	69	50	0	15	83	14	82	1.51e-11	47.4
TTNI78_194	olaTTNIg31_193	31.915	94	63	1	1	94	1	93	2.98e-11	46.6
TTNI78_194	olaTTNIg114_192	31.183	93	60	3	2	93	1	90	1.34e-10	45.1
TTNI78_194	olaTTNIg1_196	23.656	93	68	2	2	92	2	93	9.71e-10	42.7
TTNI78_194	olaTTNIg27_192	24.731	93	69	1	2	94	1	92	1.14e-09	42.4
TTNI78_194	olaTTNIg89_196	25.275	91	64	1	2	92	7	93	1.50e-09	42.4
TTNI78_194	olaTTNIg52_188	39.344	61	33	1	34	94	32	88	1.98e-09	42.0
TTNI78_194	olaTTNIg51_488	25.882	85	59	2	4	87	1	82	2.46e-09	41.6
TTNI78_194	olaTTNIg86_197	27.381	84	59	1	1	82	1	84	6.01e-09	40.8
TTNI78_194	olaTTNIg108_193	26.087	92	67	1	2	93	1	91	2.76e-08	38.9
TTNI78_194	olaTTNIg44_197	27.083	96	66	2	1	93	3	97	2.90e-08	38.9
TTNI78_194	olaTTNIg55_190	31.461	89	57	3	1	87	1	87	3.60e-08	38.5
TTNI78_194	olaTTNIg22_193	25.610	82	59	2	1	82	1	80	4.90e-08	38.1
TTNI78_194	olaTTNIg24_194	26.087	92	67	1	2	93	1	91	6.30e-08	38.1
TTNI78_194	olaTTNIg70_195	29.293	99	56	5	1	91	1	93	6.48e-08	38.1
TTNI78_194	olaTTNIg83_195	27.941	68	49	0	17	84	17	84	7.60e-08	37.7
TTNI78_194	olaTTNIg98_196	30.108	93	59	3	1	92	6	93	8.33e-08	37.7
TTNI78_194	olaTTNIg17_290	31.373	51	35	0	34	84	34	84	9.60e-08	37.4
TTNI78_194	olaTTNIg82_196	29.412	85	58	1	2	84	1	85	1.30e-07	37.4
TTNI78_194	olaTTNIg101_195	34.328	67	43	1	17	83	18	83	3.38e-07	36.2
TTNI78_194	olaTTNIg95_197	25.000	84	61	1	1	82	1	84	4.05e-07	35.8
TTNI78_194	olaTTNIg56_189	30.769	78	52	2	4	81	4	79	5.47e-07	35.4
TTNI78_194	olaTTNIg105_194	28.000	75	52	1	8	82	9	81	6.89e-07	35.4
TTNI78_194	olaTTNIg76_192	21.839	87	68	0	8	94	5	91	7.49e-07	35.0
TTNI78_194	olaTTNIg41_196	33.333	57	36	2	28	82	26	82	9.55e-07	35.0
TTNI78_194	olaTTNIg116_195	23.881	67	51	0	16	82	15	81	1.14e-06	34.7
TTNI78_194	olaTTNIg87_194	27.273	77	52	2	17	93	18	90	2.36e-06	33.9
TTNI78_194	olaTTNIg68_199	25.000	84	56	1	8	84	5	88	2.80e-06	33.9
TTNI78_194	olaTTNIg91_193	30.263	76	53	0	17	92	15	90	4.14e-06	33.1
TTNI78_194	olaTTNIg58_193	31.667	60	40	1	36	94	34	93	4.60e-06	33.1
TTNI78_194	olaTTNIg94_193	25.000	76	57	0	17	92	15	90	6.30e-06	32.7
TTNI78_194	olaTTNIg78_196	26.374	91	63	3	4	93	5	92	6.32e-06	32.7
TTNI78_194	olaTTNIg88_193	25.373	67	50	0	26	92	24	90	6.51e-06	32.7
TTNI78_194	olaTTNIg64_193	29.412	51	36	0	34	84	32	82	7.61e-06	32.7
TTNI78_194	olaTTNIg9_193	25.287	87	64	1	8	94	6	91	7.61e-06	32.7
TTNI79_193	olaTTNIg40_194	50.549	91	45	0	2	92	1	91	5.19e-32	99.4
TTNI79_193	olaTTNIg36_194	46.237	93	49	1	2	93	2	94	4.12e-22	74.3
TTNI79_193	olaTTNIg34_193	34.783	92	60	0	2	93	2	93	1.33e-21	73.2
TTNI79_193	olaTTNIg30_194	39.362	94	56	1	1	93	1	94	1.37e-21	73.2
TTNI79_193	olaTTNIg27_192	32.609	92	62	0	2	93	1	92	3.96e-17	61.6
TTNI79_193	olaTTNIg39_194	36.585	82	51	1	1	81	1	82	5.17e-17	61.2
TTNI79_193	olaTTNIg38_193	29.032	93	66	0	1	93	1	93	1.26e-16	60.5
TTNI79_193	olaTTNIg22_193	35.484	93	59	1	1	93	1	92	6.47e-16	58.5
TTNI79_193	olaTTNIg32_194	32.979	94	62	1	1	93	1	94	2.91e-14	54.3
TTNI79_193	olaTTNIg29_192	30.435	92	64	0	2	93	1	92	4.39e-14	53.9
TTNI79_193	olaTTNIg3_195	29.670	91	64	0	2	92	2	92	3.63e-13	51.6
TTNI79_193	olaTTNIg21_195	29.348	92	65	0	1	92	1	92	9.48e-13	50.4
TTNI79_193	olaTTNIg23_194	27.473	91	66	0	2	92	1	91	1.19e-12	50.1
TTNI79_193	olaTTNIg31_193	30.108	93	65	0	1	93	1	93	1.59e-12	49.7
TTNI79_193	olaTTNIg33_195	26.882	93	68	0	1	93	1	93	4.88e-12	48.5
TTNI79_193	olaTTNIg112_198	27.160	81	58	1	12	91	15	95	5.20e-12	48.5
TTNI79_193	olaTTNIg35_193	33.333	81	54	0	1	81	1	81	7.36e-12	48.1
TTNI79_193	olaTTNIg28_194	31.707	82	55	1	1	81	1	82	1.03e-11	47.8
TTNI79_193	olaTTNIg108_193	29.670	91	64	0	2	92	1	91	1.78e-11	47.0
TTNI79_193	olaTTNIg72_197	30.120	83	58	0	11	93	14	96	2.70e-11	47.0
TTNI79_193	olaTTNIg5_198	29.032	93	65	1	1	92	1	93	2.91e-11	46.6
TTNI79_193	olaTTNIg24_194	29.670	91	64	0	2	92	1	91	3.82e-11	46.2
TTNI79_193	olaTTNIg41_196	31.461	89	60	1	4	91	4	92	5.32e-11	45.8
TTNI79_193	olaTTNIg1_196	29.348	92	63	1	2	91	2	93	7.42e-11	45.8
TTNI79_193	olaTTNIg64_193	31.325	83	57	0	2	84	1	83	7.86e-11	45.4
TTNI79_193	olaTTNIg52_188	32.967	91	54	3	4	93	4	88	9.27e-11	45.1
TTNI79_193	olaTTNIg63_197	26.744	86	63	0	8	93	11	96	1.15e-10	45.1
TTNI79_193	olaTTNIg25_194	28.261	92	65	1	1	91	1	92	2.22e-10	44.3
TTNI79_193	olaTTNIg9_193	31.325	83	56	1	10	92	9	90	4.19e-10	43.5
TTNI79_193	olaTTNIg20_187	28.090	89	59	2	4	92	4	87	4.32e-10	43.5
TTNI79_193	olaTTNIg10_194	29.348	92	64	1	2	92	2	93	5.25e-10	43.5
TTNI79_193	olaTTNIg91_193	26.087	92	68	0	2	93	1	92	7.73e-10	43.1
TTNI79_193	olaTTNIg83_195	26.761	71	52	0	11	81	12	82	9.04e-10	42.7
TTNI79_193	olaTTNIg116_195	26.829	82	60	0	11	92	11	92	1.05e-09	42.7
TTNI79_193	olaTTNIg89_196	22.892	83	64	0	11	93	13	95	1.61e-09	42.4
TTNI79_193	olaTTNIg7_195	30.108	93	63	1	2	92	1	93	2.47e-09	41.6
TTNI79_193	olaTTNIg98_196	27.957	93	64	1	1	93	6	95	3.36e-09	41.2
TTNI79_193	olaTTNIg76_192	25.641	78	58	0	16	93	14	91	7.17e-09	40.4
TTNI79_193	olaTTNIg113_197	27.660	94	65	1	1	91	1	94	2.35e-08	39.3
TTNI79_193	olaTTNIg95_197	25.301	83	62	0	11	93	14	96	3.27e-08	38.9
TTNI79_193	olaTTNIg37_193	23.656	93	71	0	1	93	1	93	5.35e-08	38.1
TTNI79_193	olaTTNIg85_194	25.000	92	69	0	2	93	2	93	5.39e-08	38.1
TTNI79_193	olaTTNIg117_196	25.000	80	60	0	2	81	2	81	7.20e-08	37.7
TTNI79_193	olaTTNIg8_195	24.468	94	69	1	2	93	1	94	9.43e-08	37.7
TTNI79_193	olaTTNIg106_196	29.032	93	63	1	2	91	1	93	1.14e-07	37.4
TTNI79_193	olaTTNIg92_196	25.301	83	62	0	11	93	13	95	1.47e-07	37.0
TTNI79_193	olaTTNIg66_196	25.641	78	57	1	16	93	19	95	1.50e-07	37.0
TTNI79_193	olaTTNIg80_196	25.843	89	65	1	6	93	7	95	1.53e-07	37.0
TTNI79_193	olaTTNIg44_197	26.042	96	66	2	1	92	3	97	1.54e-07	37.0
TTNI79_193	olaTTNIg115_194	28.750	80	55	1	13	90	13	92	2.03e-07	36.6
TTNI80_194	olaTTNIg41_196	65.934	91	31	0	2	92	2	92	3.39e-46	135
TTNI80_194	olaTTNIg4_195	36.170	94	57	2	3	94	3	95	1.40e-13	52.8
TTNI80_194	olaTTNIg76_192	31.429	70	47	1	23	92	21	89	2.30e-11	47.0
TTNI80_194	olaTTNIg21_195	33.721	86	54	2	7	92	9	91	1.48e-10	45.1
TTNI80_194	olaTTNIg110_194	30.769	91	62	1	4	93	3	93	2.53e-10	44.3
TTNI80_194	olaTTNIg28_194	31.868	91	62	0	4	94	4	94	3.06e-10	43.9
TTNI80_194	olaTTNIg40_194	32.911	79	50	2	18	94	17	94	3.68e-10	43.9
TTNI80_194	olaTTNIg25_194	26.966	89	65	0	4	92	4	92	5.35e-10	43.5
TTNI80_194	olaTTNIg9_193	32.979	94	47	2	8	94	7	91	5.53e-10	43.5
TTNI80_194	olaTTNIg79_197	30.769	78	54	0	15	92	17	94	2.18e-09	42.0
TTNI80_194	olaTTNIg1_196	32.222	90	60	1	4	92	4	93	5.19e-09	40.8
TTNI80_194	olaTTNIg73_197	30.137	73	50	1	20	92	23	94	6.14e-09	40.8
TTNI80_194	olaTTNIg74_196	31.884	69	46	1	25	92	25	93	1.26e-08	40.0
TTNI80_194	olaTTNIg63_197	34.286	70	45	1	23	92	26	94	1.28e-08	40.0
TTNI80_194	olaTTNIg117_196	25.000	92	68	1	3	94	3	93	1.59e-08	39.7
TTNI80_194	olaTTNIg6_195	29.670	91	62	2	4	93	3	92	2.04e-08	39.3
TTNI80_194	olaTTNIg23_194	30.337	89	61	1	4	92	3	90	5.43e-08	38.1
TTNI80_194	olaTTNIg77_197	32.143	84	52	2	9	88	12	94	6.85e-08	38.1
TTNI80_194	olaTTNIg27_192	28.571	84	59	1	11	94	10	92	9.50e-08	37.4
TTNI80_194	olaTTNIg114_192	34.375	64	40	2	31	93	28	90	2.13e-07	36.6
TTNI80_194	olaTTNIg3_195	26.136	88	64	1	5	92	5	91	2.57e-07	36.6
TTNI80_194	olaTTNIg68_199	27.848	79	51	1	20	92	18	96	3.05e-07	36.2
TTNI80_194	olaTTNIg35_193	31.944	72	47	2	23	94	24	93	3.27e-07	36.2
TTNI80_194	olaTTNIg30_194	38.333	60	36	1	23	82	24	82	3.58e-07	36.2
TTNI80_194	olaTTNIg5_198	28.571	91	63	2	4	93	4	93	4.47e-07	35.8
TTNI80_194	olaTTNIg39_194	28.571	77	54	1	18	94	19	94	5.24e-07	35.8
TTNI80_194	olaTTNIg116_195	27.778	90	64	1	4	93	4	92	6.04e-07	35.4
TTNI80_194	olaTTNIg2_194	28.090	89	63	1	4	92	4	91	6.20e-07	35.4
TTNI80_194	olaTTNIg108_193	27.941	68	48	1	19	86	18	84	6.71e-07	35.4
TTNI80_194	olaTTNIg36_194	29.167	72	50	1	23	94	24	94	7.74e-07	35.0
TTNI80_194	olaTTNIg72_197	29.851	67	46	1	17	83	20	85	8.37e-07	35.0
TTNI80_194	olaTTNIg7_195	25.806	93	66	2	4	93	3	95	9.61e-07	35.0
TTNI80_194	olaTTNIg115_194	28.571	84	59	1	9	92	9	91	1.30e-06	34.7
TTNI80_194	olaTTNIg95_197	29.851	67	46	1	23	89	26	91	1.84e-06	34.3
TTNI80_194	olaTTNIg112_198	33.333	72	46	2	13	83	16	86	1.91e-06	34.3
TTNI80_194	olaTTNIg62_195	29.213	89	49	2	4	88	15	93	1.94e-06	34.3
TTNI80_194	olaTTNIg98_196	23.438	64	48	1	29	92	31	93	2.65e-06	33.9
TTNI80_194	olaTTNIg105_194	30.556	72	47	1	21	92	23	91	3.10e-06	33.5
TTNI80_194	olaTTNIg66_196	33.333	60	38	1	23	82	26	83	4.43e-06	33.1
TTNI80_194	olaTTNIg89_196	28.333	60	42	1	23	82	25	83	4.61e-06	33.1
TTNI80_194	olaTTNIg31_193	27.381	84	60	1	3	86	3	85	4.70e-06	33.1
TTNI80_194	olaTTNIg57_188	28.571	91	59	3	4	94	4	88	5.48e-06	32.7
TTNI80_194	olaTTNIg84_195	29.167	72	48	1	21	92	24	92	9.86e-06	32.3
TTNI81_190	olaTTNIg42_192	57.955	88	37	0	1	88	3	90	2.23e-40	120
TTNI81_190	olaTTNIg17_290	32.584	89	57	2	1	88	2	88	4.50e-16	58.5
TTNI81_190	olaTTNIg57_188	36.585	82	50	1	9	90	9	88	1.03e-14	55.1
TTNI81_190	olaTTNIg59_189	32.558	86	53	1	5	90	8	88	3.54e-14	53.9
TTNI81_190	olaTTNIg19_391	34.884	86	52	2	4	88	4	86	5.32e-13	50.8
TTNI81_190	olaTTNIg53_190	28.889	90	62	1	1	90	3	90	7.44e-13	50.4
TTNI81_190	olaTTNIg47_188	32.184	87	54	2	2	88	6	87	8.28e-13	50.4
TTNI81_190	olaTTNIg46_189	35.632	87	54	1	4	90	5	89	1.13e-12	50.1
TTNI81_190	olaTTNIg12_189	30.682	88	59	1	1	88	2	87	2.91e-12	48.9
TTNI81_190	olaTTNIg51_488	32.184	87	57	1	4	90	1	85	5.73e-12	48.1
TTNI81_190	olaTTNIg48_188	28.090	89	62	1	2	90	2	88	1.57e-11	47.0
TTNI81_190	olaTTNIg20_187	27.586	87	61	1	2	88	2	86	1.64e-11	47.0
TTNI81_190	olaTTNIg61_188	27.273	88	62	1	1	88	2	87	4.10e-10	43.5
TTNI81_190	olaTTNIg15_187	26.136	88	63	1	1	88	1	86	5.56e-10	43.1
TTNI81_190	olaTTNIg43_297	23.684	76	56	1	2	77	3	76	1.30e-09	42.4
TTNI81_190	olaTTNIg103_196	30.263	76	52	1	1	75	1	76	2.37e-09	41.6
TTNI81_190	olaTTNIg50_192	23.864	88	65	2	1	88	1	86	9.53e-09	40.0
TTNI81_190	olaTTNIg108_193	30.986	71	48	1	3	73	2	71	1.09e-08	40.0
TTNI81_190	olaTTNIg37_193	22.368	76	58	1	1	76	1	75	6.21e-08	37.7
TTNI81_190	olaTTNIg54_189	24.658	73	53	1	1	73	2	72	8.69e-08	37.4
TTNI81_190	olaTTNIg13_189	27.778	90	61	2	1	88	1	88	9.33e-08	37.4
TTNI81_190	olaTTNIg115_194	24.286	70	52	1	8	77	8	76	9.56e-08	37.4
TTNI81_190	olaTTNIg28_194	29.897	97	58	4	1	90	1	94	1.53e-07	37.0
TTNI81_190	olaTTNIg30_194	26.316	95	64	3	1	90	1	94	1.64e-07	37.0
TTNI81_190	olaTTNIg36_194	25.000	72	52	2	3	73	3	73	1.99e-07	36.6
TTNI81_190	olaTTNIg38_193	25.000	96	63	3	1	90	1	93	4.71e-07	35.4
TTNI81_190	olaTTNIg52_188	28.070	57	41	0	34	90	32	88	7.14e-07	35.0
TTNI81_190	olaTTNIg33_195	20.690	87	68	1	1	87	1	86	1.66e-06	34.3
TTNI81_190	olaTTNIg18_389	26.437	87	62	1	2	88	2	86	1.71e-06	33.9
TTNI81_190	olaTTNIg56_189	25.000	48	36	0	26	73	24	71	1.77e-06	33.9
TTNI81_190	olaTTNIg21_195	27.397	73	52	1	1	73	1	72	2.47e-06	33.9
TTNI81_190	olaTTNIg5_198	26.437	87	56	4	8	88	8	92	2.64e-06	33.9
TTNI81_190	olaTTNIg58_193	30.380	79	50	2	2	80	5	78	3.58e-06	33.1
TTNI81_190	olaTTNIg80_196	28.205	78	55	1	1	77	1	78	3.59e-06	33.5
TTNI81_190	olaTTNIg55_190	25.843	89	64	1	2	90	4	90	4.09e-06	33.1
TTNI81_190	olaTTNIg9_193	26.316	76	54	2	13	88	12	85	4.85e-06	33.1
TTNI81_190	olaTTNIg2_194	19.481	77	61	1	1	77	1	76	8.59e-06	32.3
TTNI81_190	olaTTNIg11_191	30.508	59	39	1	15	73	16	72	9.63e-06	32.0
TTNI81_190	olaTTNIg14_188	28.049	82	54	2	12	88	6	87	9.80e-06	32.0
TTNI82_188	olaTTNIg53_190	35.802	81	52	0	6	86	8	88	5.81e-17	60.8
TTNI82_188	olaTTNIg20_187	31.429	70	48	0	4	73	4	73	1.43e-13	52.4
TTNI82_188	olaTTNIg12_189	26.829	82	60	0	6	87	7	88	3.29e-13	51.2
TTNI82_188	olaTTNIg13_189	32.927	82	53	1	8	87	8	89	3.67e-13	51.2
TTNI82_188	olaTTNIg16_189	27.381	84	61	0	3	86	4	87	4.22e-13	50.8
TTNI82_188	olaTTNIg108_193	32.895	76	46	2	2	74	1	74	1.66e-12	49.7
TTNI82_188	olaTTNIg44_197	31.081	74	47	1	4	73	6	79	6.17e-12	48.1
TTNI82_188	olaTTNIg11_191	30.682	88	57	2	4	87	4	91	7.35e-12	47.8
TTNI82_188	olaTTNIg60_187	29.630	81	57	0	7	87	7	87	7.43e-12	47.8
TTNI82_188	olaTTNIg59_189	31.646	79	54	0	8	86	8	86	1.44e-11	47.0
TTNI82_188	olaTTNIg56_189	30.952	84	57	1	4	86	4	87	2.96e-11	46.2
TTNI82_188	olaTTNIg30_194	26.087	92	60	3	2	85	2	93	1.78e-10	44.3
TTNI82_188	olaTTNIg54_189	26.506	83	61	0	4	86	5	87	2.53e-10	43.9
TTNI82_188	olaTTNIg43_297	26.471	68	50	0	6	73	7	74	3.81e-10	43.5
TTNI82_188	olaTTNIg17_290	25.926	81	59	1	8	87	9	89	5.37e-10	43.1
TTNI82_188	olaTTNIg15_187	28.395	81	58	0	6	86	6	86	9.85e-10	42.4
TTNI82_188	olaTTNIg61_188	24.691	81	61	0	6	86	7	87	1.20e-09	42.0
TTNI82_188	olaTTNIg18_389	32.911	79	53	0	9	87	9	87	3.65e-09	40.8
TTNI82_188	olaTTNIg3_195	28.767	73	51	1	2	73	2	74	5.61e-09	40.4
TTNI82_188	olaTTNIg51_488	26.582	79	58	0	8	86	5	83	6.07e-09	40.4
TTNI82_188	olaTTNIg19_391	28.395	81	58	0	6	86	6	86	6.99e-09	40.0
TTNI82_188	olaTTNIg45_192	28.409	88	57	4	4	86	4	90	1.69e-08	39.3
TTNI82_188	olaTTNIg47_188	25.000	80	60	0	8	87	9	88	2.18e-08	38.9
TTNI82_188	olaTTNIg23_194	26.087	92	63	2	2	88	1	92	2.26e-08	38.9
TTNI82_188	olaTTNIg52_188	26.250	80	59	0	8	87	8	87	5.58e-08	37.7
TTNI82_188	olaTTNIg22_193	24.444	90	64	1	2	87	2	91	2.57e-07	36.2
TTNI82_188	olaTTNIg55_190	22.892	83	64	0	4	86	6	88	2.65e-07	36.2
TTNI82_188	olaTTNIg42_192	27.941	68	47	1	6	71	8	75	3.12e-07	35.8
TTNI82_188	olaTTNIg24_194	24.675	77	57	1	2	77	1	77	3.47e-07	35.8
TTNI82_188	olaTTNIg58_193	23.077	65	50	0	8	72	8	72	6.39e-07	35.0
TTNI82_188	olaTTNIg2_194	23.288	73	55	1	2	73	2	74	8.63e-07	35.0
TTNI82_188	olaTTNIg48_188	27.381	84	61	0	3	86	3	86	9.08e-07	34.7
TTNI82_188	olaTTNIg72_197	21.918	73	56	1	6	77	9	81	1.20e-06	34.7
TTNI82_188	olaTTNIg21_195	23.913	92	65	2	2	88	2	93	1.27e-06	34.3
TTNI82_188	olaTTNIg9_193	25.676	74	53	2	11	83	10	82	1.37e-06	34.3
TTNI82_188	olaTTNIg36_194	23.810	63	47	1	12	73	13	75	2.10e-06	33.9
TTNI82_188	olaTTNIg46_189	27.711	83	56	2	6	86	7	87	2.30e-06	33.5
TTNI82_188	olaTTNIg49_187	28.395	81	57	1	8	88	8	87	6.26e-06	32.3
TTNI82_188	olaTTNIg41_196	29.412	85	50	4	10	86	10	92	6.66e-06	32.7
TTNI82_188	olaTTNIg27_192	20.779	77	60	1	2	77	1	77	8.61e-06	32.3
TTNI83_193	olaTTNIg43_297	74.725	91	23	0	2	92	3	93	1.17e-48	141
TTNI83_193	olaTTNIg54_189	38.158	76	47	0	1	76	2	77	1.09e-19	68.2
TTNI83_193	olaTTNIg44_197	38.947	95	53	2	1	91	3	96	4.17e-19	66.6
TTNI83_193	olaTTNIg55_190	40.000	75	45	0	2	76	4	78	1.92e-17	62.4
TTNI83_193	olaTTNIg42_192	35.106	94	54	2	1	92	3	91	1.59e-16	60.1
TTNI83_193	olaTTNIg59_189	30.769	91	58	1	2	92	2	87	9.49e-16	58.2
TTNI83_193	olaTTNIg20_187	36.486	74	47	0	2	75	2	75	2.59e-15	57.0
TTNI83_193	olaTTNIg56_189	38.571	70	43	0	3	72	3	72	1.86e-14	54.7
TTNI83_193	olaTTNIg60_187	31.868	91	57	2	1	91	1	86	3.36e-14	53.9
TTNI83_193	olaTTNIg47_188	34.884	86	51	2	4	89	5	85	5.72e-14	53.5
TTNI83_193	olaTTNIg53_190	28.000	75	54	0	2	76	4	78	1.87e-13	52.0
TTNI83_193	olaTTNIg46_189	35.714	70	45	0	4	73	5	74	5.50e-13	50.8
TTNI83_193	olaTTNIg19_391	30.682	88	56	1	2	89	2	84	1.09e-12	50.1
TTNI83_193	olaTTNIg51_488	31.395	86	54	1	4	89	1	81	3.60e-12	48.9
TTNI83_193	olaTTNIg17_290	32.877	73	48	1	1	72	2	74	3.09e-11	46.6
TTNI83_193	olaTTNIg22_193	31.868	91	61	1	1	91	1	90	3.62e-11	46.2
TTNI83_193	olaTTNIg12_189	30.769	91	58	1	1	91	2	87	4.04e-11	46.2
TTNI83_193	olaTTNIg50_192	32.394	71	48	0	1	71	1	71	9.96e-11	45.1
TTNI83_193	olaTTNIg57_188	33.333	69	46	0	3	71	3	71	1.47e-10	44.7
TTNI83_193	olaTTNIg61_188	22.472	89	66	1	1	89	2	87	3.41e-10	43.9
TTNI83_193	olaTTNIg11_191	28.571	91	62	2	1	88	1	91	7.67e-10	42.7
TTNI83_193	olaTTNIg52_188	30.435	69	48	0	4	72	4	72	1.67e-09	42.0
TTNI83_193	olaTTNIg108_193	28.090	89	62	2	4	91	3	90	2.07e-09	42.0
TTNI83_193	olaTTNIg1_196	33.333	93	56	4	4	92	4	94	2.08e-09	42.0
TTNI83_193	olaTTNIg21_195	32.222	90	59	2	1	89	1	89	2.37e-09	41.6
TTNI83_193	olaTTNIg49_187	27.941	68	48	1	4	71	4	70	3.90e-09	40.8
TTNI83_193	olaTTNIg15_187	29.213	89	58	1	1	89	1	84	1.90e-08	39.3
TTNI83_193	olaTTNIg18_389	28.378	74	53	0	2	75	2	75	3.04e-08	38.5
TTNI83_193	olaTTNIg2_194	27.174	92	65	2	1	91	1	91	3.68e-08	38.5
TTNI83_193	olaTTNIg5_198	27.083	96	65	4	1	93	1	94	6.49e-08	38.1
TTNI83_193	olaTTNIg48_188	25.758	66	49	0	2	67	2	67	1.24e-07	37.0
TTNI83_193	olaTTNIg13_189	23.077	91	67	1	1	91	1	88	4.69e-07	35.8
TTNI83_193	olaTTNIg112_198	28.571	91	62	3	4	92	7	96	5.73e-07	35.4
TTNI83_193	olaTTNIg23_194	26.136	88	63	2	3	89	2	88	7.78e-07	35.0
TTNI83_193	olaTTNIg114_192	29.730	74	50	2	3	75	2	74	2.75e-06	33.5
TTNI83_193	olaTTNIg58_193	29.630	81	55	2	8	87	8	87	3.67e-06	33.5
TTNI83_193	olaTTNIg34_193	28.986	69	48	1	4	71	4	72	4.68e-06	33.1
TTNI83_193	olaTTNIg82_196	28.889	45	32	0	32	76	35	79	5.78e-06	32.7
TTNI83_193	olaTTNIg28_194	27.397	73	51	2	1	71	1	73	7.15e-06	32.7
TTNI83_193	olaTTNIg39_194	30.137	73	49	2	1	71	1	73	9.19e-06	32.3
TTNI84_196	olaTTNIg44_197	71.579	95	27	0	1	95	3	97	7.86e-52	149
TTNI84_196	olaTTNIg20_187	40.260	77	42	1	2	78	2	74	3.42e-15	56.6
TTNI84_196	olaTTNIg43_297	35.106	94	56	2	2	94	3	92	5.72e-15	56.2
TTNI84_196	olaTTNIg55_190	38.298	94	51	2	2	95	4	90	1.86e-14	54.7
TTNI84_196	olaTTNIg54_189	37.662	77	44	1	1	77	2	74	2.60e-14	54.3
TTNI84_196	olaTTNIg60_187	35.789	95	53	2	1	95	1	87	4.09e-14	53.9
TTNI84_196	olaTTNIg38_193	32.990	97	60	2	1	96	1	93	7.90e-14	53.1
TTNI84_196	olaTTNIg19_391	35.065	77	46	1	2	78	2	74	1.50e-12	50.1
TTNI84_196	olaTTNIg61_188	29.348	92	57	2	1	92	2	85	5.11e-11	45.8
TTNI84_196	olaTTNIg16_189	31.034	87	54	2	6	92	7	87	1.17e-10	45.1
TTNI84_196	olaTTNIg23_194	30.526	95	59	3	3	95	2	91	1.77e-10	44.7
TTNI84_196	olaTTNIg56_189	31.034	87	54	2	3	89	3	83	1.89e-10	44.7
TTNI84_196	olaTTNIg47_188	34.043	94	54	3	2	95	3	88	2.02e-10	44.3
TTNI84_196	olaTTNIg29_192	28.723	94	62	2	4	96	3	92	6.69e-10	43.1
TTNI84_196	olaTTNIg59_189	30.526	95	58	2	2	96	2	88	1.53e-09	42.4
TTNI84_196	olaTTNIg11_191	26.316	95	66	2	1	95	1	91	1.85e-09	42.0
TTNI84_196	olaTTNIg18_389	29.787	94	58	3	2	95	2	87	2.46e-09	41.6
TTNI84_196	olaTTNIg116_195	30.864	81	49	3	1	79	1	76	2.79e-09	41.6
TTNI84_196	olaTTNIg27_192	30.000	90	62	1	8	96	3	92	3.75e-09	41.2
TTNI84_196	olaTTNIg28_194	28.788	66	45	2	14	77	10	75	5.96e-09	40.8
TTNI84_196	olaTTNIg21_195	32.759	58	39	0	38	95	35	92	2.84e-08	38.9
TTNI84_196	olaTTNIg108_193	31.667	60	40	1	19	77	14	73	4.97e-08	38.5
TTNI84_196	olaTTNIg22_193	27.083	96	66	1	1	96	1	92	1.48e-07	37.0
TTNI84_196	olaTTNIg57_188	34.211	76	47	2	20	95	16	88	1.73e-07	37.0
TTNI84_196	olaTTNIg53_190	28.571	91	57	2	6	96	8	90	4.85e-07	35.8
TTNI84_196	olaTTNIg36_194	38.095	42	26	0	37	78	35	76	5.76e-07	35.4
TTNI84_196	olaTTNIg13_189	32.203	59	38	1	37	95	33	89	5.77e-07	35.4
TTNI84_196	olaTTNIg30_194	27.835	97	65	3	1	95	1	94	7.99e-07	35.0
TTNI84_196	olaTTNIg52_188	35.294	51	33	0	27	77	23	73	1.25e-06	34.7
TTNI84_196	olaTTNIg58_193	30.769	78	50	1	2	79	2	75	1.33e-06	34.7
TTNI84_196	olaTTNIg12_189	27.174	92	61	2	1	92	2	87	1.40e-06	34.7
TTNI84_196	olaTTNIg31_193	30.769	78	51	2	20	96	16	91	1.63e-06	34.3
TTNI84_196	olaTTNIg15_187	27.660	94	60	2	1	94	1	86	3.99e-06	33.1
TTNI84_196	olaTTNIg42_192	28.421	95	58	4	1	90	3	92	4.57e-06	33.1
TTNI84_196	olaTTNIg46_189	30.263	76	49	1	21	96	18	89	5.27e-06	33.1
TTNI85_192	olaTTNIg45_192	44.565	92	51	0	1	92	1	92	2.41e-31	97.8
TTNI85_192	olaTTNIg29_192	34.783	92	55	4	4	92	3	92	1.92e-08	39.3
TTNI85_192	olaTTNIg36_194	31.522	92	59	3	4	92	4	94	5.35e-08	38.1
TTNI85_192	olaTTNIg52_188	34.722	72	43	3	4	73	3	72	1.55e-06	34.3
TTNI86_190	olaTTNIg46_189	57.778	90	36	1	1	90	2	89	7.29e-38	114
TTNI86_190	olaTTNIg47_188	37.349	83	50	1	4	86	5	85	2.24e-16	59.3
TTNI86_190	olaTTNIg50_192	32.941	85	55	1	4	88	4	86	6.83e-13	50.8
TTNI86_190	olaTTNIg55_190	29.885	87	59	1	4	90	6	90	3.33e-11	46.2
TTNI86_190	olaTTNIg57_188	31.461	89	58	2	2	90	3	88	4.05e-11	46.2
TTNI86_190	olaTTNIg60_187	32.911	79	51	1	8	86	8	84	8.43e-11	45.1
TTNI86_190	olaTTNIg42_192	35.632	87	52	2	4	88	6	90	9.26e-11	45.1
TTNI86_190	olaTTNIg16_189	29.630	81	55	1	6	86	7	85	2.06e-09	41.6
TTNI86_190	olaTTNIg54_189	26.027	73	52	1	4	76	5	75	3.23e-09	41.2
TTNI86_190	olaTTNIg51_488	29.885	87	59	1	4	90	1	85	4.57e-09	40.8
TTNI86_190	olaTTNIg59_189	28.409	88	59	2	4	90	4	88	2.83e-08	38.9
TTNI86_190	olaTTNIg19_391	25.882	85	61	1	4	88	4	86	3.61e-08	38.5
TTNI86_190	olaTTNIg58_193	28.205	78	54	1	4	81	4	79	4.71e-08	38.1
TTNI86_190	olaTTNIg43_297	23.611	72	53	1	4	75	5	74	8.80e-08	37.7
TTNI86_190	olaTTNIg53_190	29.310	58	41	0	4	61	6	63	1.34e-07	37.0
TTNI86_190	olaTTNIg61_188	25.581	86	62	1	4	89	5	88	2.36e-07	36.2
TTNI86_190	olaTTNIg52_188	25.714	70	50	1	21	90	21	88	2.19e-06	33.9
TTNI86_190	olaTTNIg20_187	25.352	71	51	1	4	74	4	72	4.71e-06	32.7
TTNI87_188	olaTTNIg55_190	39.080	87	53	0	2	88	4	90	4.11e-16	58.9
TTNI87_188	olaTTNIg53_190	35.632	87	56	0	2	88	4	90	4.32e-13	51.2
TTNI87_188	olaTTNIg51_488	31.765	85	58	0	4	88	1	85	5.25e-12	48.1
TTNI87_188	olaTTNIg20_187	34.118	85	56	0	2	86	2	86	1.05e-11	47.4
TTNI87_188	olaTTNIg54_189	30.588	85	59	0	2	86	3	87	8.34e-11	45.1
TTNI87_188	olaTTNIg15_187	28.235	85	61	0	2	86	2	86	2.51e-10	43.9
TTNI87_188	olaTTNIg12_189	26.744	86	63	0	2	87	3	88	1.38e-09	42.0
TTNI87_188	olaTTNIg48_188	27.586	87	63	0	2	88	2	88	7.47e-09	40.0
TTNI87_188	olaTTNIg50_192	25.581	86	64	0	2	87	2	87	1.39e-08	39.7
TTNI87_188	olaTTNIg47_188	32.558	86	53	3	2	86	6	87	1.76e-08	39.3
TTNI87_188	olaTTNIg43_297	24.638	69	52	0	1	69	2	70	3.25e-08	38.5
TTNI87_188	olaTTNIg59_189	27.536	69	50	0	2	70	2	70	4.40e-08	38.1
TTNI87_188	olaTTNIg19_391	24.419	86	65	0	2	87	2	87	8.35e-08	37.4
TTNI87_188	olaTTNIg46_189	32.558	86	56	2	4	88	5	89	1.86e-07	36.6
TTNI87_188	olaTTNIg16_189	25.926	81	60	0	6	86	7	87	2.24e-07	36.2
TTNI87_188	olaTTNIg49_187	35.484	62	39	1	8	69	8	68	3.19e-07	35.8
TTNI87_188	olaTTNIg18_389	30.435	69	48	0	2	70	2	70	6.09e-07	35.0
TTNI87_188	olaTTNIg1_196	24.706	85	61	2	4	85	4	88	7.29e-07	35.0
TTNI87_188	olaTTNIg52_188	27.160	81	59	0	8	88	8	88	2.62e-06	33.5
TTNI87_188	olaTTNIg14_188	27.586	87	62	1	2	87	2	88	2.79e-06	33.5
TTNI88_187	olaTTNIg47_188	50.000	86	42	1	1	85	2	87	1.71e-29	92.8
TTNI88_187	olaTTNIg55_190	42.353	85	48	1	2	85	4	88	4.49e-19	66.2
TTNI88_187	olaTTNIg50_192	37.931	87	53	1	2	87	2	88	1.04e-18	65.5
TTNI88_187	olaTTNIg54_189	43.023	86	48	1	2	86	3	88	1.90e-18	64.7
TTNI88_187	olaTTNIg46_189	42.308	78	44	1	7	83	8	85	4.38e-15	56.2
TTNI88_187	olaTTNIg59_189	36.047	86	54	1	2	86	2	87	1.24e-14	55.1
TTNI88_187	olaTTNIg60_187	36.905	84	52	1	3	85	3	86	4.51e-14	53.5
TTNI88_187	olaTTNIg20_187	34.884	86	53	2	2	85	2	86	2.20e-13	51.6
TTNI88_187	olaTTNIg19_391	37.500	80	49	1	7	85	7	86	3.83e-13	51.2
TTNI88_187	olaTTNIg57_188	32.143	84	56	1	3	85	3	86	3.30e-12	48.5
TTNI88_187	olaTTNIg42_192	32.530	83	53	1	8	87	10	92	1.37e-11	47.4
TTNI88_187	olaTTNIg12_189	32.530	83	55	1	2	83	3	85	2.90e-11	46.2
TTNI88_187	olaTTNIg43_297	26.882	93	62	3	1	87	2	94	8.64e-11	45.4
TTNI88_187	olaTTNIg52_188	31.395	86	58	1	1	85	1	86	2.25e-10	43.9
TTNI88_187	olaTTNIg17_290	36.250	80	49	1	8	85	9	88	3.10e-10	43.5
TTNI88_187	olaTTNIg56_189	30.588	85	57	2	4	86	4	88	3.28e-10	43.5
TTNI88_187	olaTTNIg51_488	33.735	83	54	1	4	85	1	83	3.29e-10	43.5
TTNI88_187	olaTTNIg53_190	32.500	80	53	1	7	85	9	88	6.58e-10	42.7
TTNI88_187	olaTTNIg49_187	26.829	82	60	0	4	85	4	85	2.51e-09	41.2
TTNI88_187	olaTTNIg13_189	32.955	88	54	3	2	85	2	88	7.38e-09	40.0
TTNI88_187	olaTTNIg45_192	34.483	58	37	1	21	77	22	79	1.25e-08	39.7
TTNI88_187	olaTTNIg48_188	29.412	85	59	1	2	85	2	86	3.11e-08	38.5
TTNI88_187	olaTTNIg14_188	29.630	81	55	1	7	85	7	87	3.31e-08	38.5
TTNI88_187	olaTTNIg61_188	30.769	78	53	1	7	83	8	85	2.95e-07	35.8
TTNI88_187	olaTTNIg27_192	36.667	90	48	3	3	86	5	91	3.00e-07	35.8
TTNI88_187	olaTTNIg44_197	34.409	93	52	4	2	85	4	96	3.09e-07	36.2
TTNI88_187	olaTTNIg39_194	32.143	56	38	0	31	86	34	89	4.64e-07	35.4
TTNI88_187	olaTTNIg24_194	33.871	62	37	2	28	85	29	90	2.47e-06	33.5
TTNI88_187	olaTTNIg58_193	33.803	71	46	1	2	71	2	72	2.61e-06	33.5
TTNI88_187	olaTTNIg11_191	34.483	87	52	3	4	85	4	90	2.85e-06	33.5
TTNI88_187	olaTTNIg108_193	38.095	42	25	1	33	74	35	75	5.89e-06	32.7
TTNI88_187	olaTTNIg15_187	26.250	80	58	1	7	85	7	86	6.20e-06	32.3
TTNI89_188	olaTTNIg48_188	56.818	88	38	0	1	88	1	88	7.45e-35	106
TTNI89_188	olaTTNIg51_488	54.118	85	39	0	4	88	1	85	3.60e-30	94.4
TTNI89_188	olaTTNIg53_190	41.463	82	48	0	7	88	9	90	2.44e-18	64.3
TTNI89_188	olaTTNIg60_187	34.940	83	54	0	4	86	4	86	1.15e-14	55.1
TTNI89_188	olaTTNIg59_189	30.682	88	61	0	1	88	1	88	2.93e-14	53.9
TTNI89_188	olaTTNIg57_188	32.941	85	57	0	4	88	4	88	3.23e-14	53.9
TTNI89_188	olaTTNIg54_189	30.588	85	59	0	2	86	3	87	7.21e-14	53.1
TTNI89_188	olaTTNIg46_189	34.118	85	56	0	4	88	5	89	6.59e-13	50.4
TTNI89_188	olaTTNIg55_190	28.736	87	62	0	2	88	4	90	2.31e-12	49.3
TTNI89_188	olaTTNIg13_189	32.184	87	57	1	2	86	2	88	3.34e-12	48.9
TTNI89_188	olaTTNIg20_187	30.588	85	59	0	2	86	2	86	6.17e-11	45.4
TTNI89_188	olaTTNIg43_297	28.409	88	58	2	2	84	3	90	1.61e-10	44.7
TTNI89_188	olaTTNIg17_290	32.558	86	57	1	2	86	3	88	4.43e-10	43.1
TTNI89_188	olaTTNIg44_197	34.409	93	53	2	2	86	4	96	4.46e-10	43.5
TTNI89_188	olaTTNIg49_187	39.344	61	36	1	4	64	4	63	9.52e-10	42.4
TTNI89_188	olaTTNIg47_188	30.588	85	59	0	2	86	3	87	1.09e-09	42.4
TTNI89_188	olaTTNIg58_193	29.032	93	61	1	1	88	1	93	1.10e-09	42.4
TTNI89_188	olaTTNIg52_188	27.586	87	63	0	2	88	2	88	1.12e-09	42.4
TTNI89_188	olaTTNIg42_192	27.160	81	57	1	8	86	10	90	1.44e-09	42.0
TTNI89_188	olaTTNIg22_193	35.000	60	39	0	4	63	4	63	4.18e-09	40.8
TTNI89_188	olaTTNIg12_189	29.412	85	60	0	2	86	3	87	7.37e-09	40.0
TTNI89_188	olaTTNIg3_195	25.641	78	57	1	5	81	5	82	1.33e-08	39.7
TTNI89_188	olaTTNIg61_188	23.529	85	65	0	2	86	3	87	1.39e-08	39.3
TTNI89_188	olaTTNIg19_391	30.303	66	46	0	2	67	2	67	4.64e-08	38.1
TTNI89_188	olaTTNIg50_192	30.303	66	46	0	2	67	2	67	8.00e-08	37.4
TTNI89_188	olaTTNIg11_191	29.213	89	59	2	2	86	2	90	1.54e-07	36.6
TTNI89_188	olaTTNIg40_194	31.818	66	44	1	3	67	2	67	2.66e-07	36.2
TTNI89_188	olaTTNIg16_189	27.500	80	58	0	7	86	8	87	8.93e-07	34.7
TTNI89_188	olaTTNIg21_195	30.952	84	53	2	8	86	8	91	1.46e-06	34.3
TTNI89_188	olaTTNIg18_389	28.235	85	61	0	2	86	2	86	4.76e-06	32.7
TTNI89_188	olaTTNIg15_187	24.706	85	64	0	2	86	2	86	7.15e-06	32.3
TTNI90_187	olaTTNIg52_188	56.322	87	37	1	1	86	1	87	1.49e-33	102
TTNI90_187	olaTTNIg49_187	54.023	87	40	0	1	87	1	87	1.65e-33	102
TTNI90_187	olaTTNIg55_190	45.977	87	44	2	2	85	2	88	1.53e-19	67.4
TTNI90_187	olaTTNIg57_188	38.554	83	50	1	4	85	4	86	9.40e-17	60.5
TTNI90_187	olaTTNIg20_187	36.905	84	52	1	4	86	4	87	1.69e-15	57.0
TTNI90_187	olaTTNIg47_188	36.905	84	52	1	4	86	5	88	2.96e-15	56.6
TTNI90_187	olaTTNIg54_189	39.759	83	49	1	4	85	5	87	4.01e-15	56.2
TTNI90_187	olaTTNIg60_187	33.721	86	52	3	4	86	4	87	7.59e-14	52.8
TTNI90_187	olaTTNIg59_189	36.145	83	52	1	4	85	4	86	1.29e-13	52.4
TTNI90_187	olaTTNIg19_391	37.313	67	41	1	20	85	20	86	2.76e-13	51.6
TTNI90_187	olaTTNIg43_297	32.353	68	45	1	4	70	5	72	3.00e-13	51.6
TTNI90_187	olaTTNIg108_193	32.609	92	56	3	2	87	1	92	5.60e-13	50.8
TTNI90_187	olaTTNIg56_189	38.571	70	42	1	4	72	4	73	1.72e-12	49.3
TTNI90_187	olaTTNIg38_193	32.222	90	55	2	2	85	2	91	2.17e-12	49.3
TTNI90_187	olaTTNIg36_194	30.769	91	56	3	2	85	2	92	4.82e-12	48.5
TTNI90_187	olaTTNIg44_197	39.189	74	40	2	4	72	6	79	9.70e-12	47.8
TTNI90_187	olaTTNIg11_191	35.227	88	52	3	4	86	4	91	2.51e-11	46.6
TTNI90_187	olaTTNIg33_195	39.062	64	35	1	26	85	28	91	1.33e-10	44.7
TTNI90_187	olaTTNIg17_290	32.099	81	53	1	8	86	9	89	2.27e-10	43.9
TTNI90_187	olaTTNIg42_192	30.769	91	59	2	1	87	2	92	3.33e-10	43.5
TTNI90_187	olaTTNIg46_189	34.524	84	54	1	3	85	4	87	6.25e-10	42.7
TTNI90_187	olaTTNIg35_193	28.235	85	59	1	2	84	2	86	6.76e-10	42.7
TTNI90_187	olaTTNIg34_193	32.222	90	55	2	2	85	2	91	8.30e-10	42.7
TTNI90_187	olaTTNIg40_194	30.000	90	57	2	2	85	1	90	8.46e-09	40.0
TTNI90_187	olaTTNIg14_188	29.630	81	55	2	8	86	8	88	5.19e-08	37.7
TTNI90_187	olaTTNIg39_194	31.034	87	57	2	2	85	2	88	7.31e-08	37.7
TTNI90_187	olaTTNIg27_192	34.848	66	39	1	24	85	25	90	9.51e-08	37.4
TTNI90_187	olaTTNIg50_192	26.744	86	60	2	4	87	4	88	1.35e-07	37.0
TTNI90_187	olaTTNIg18_389	28.205	78	55	1	10	86	10	87	1.55e-07	36.6
TTNI90_187	olaTTNIg31_193	32.051	78	51	1	2	77	2	79	1.83e-07	36.6
TTNI90_187	olaTTNIg24_194	25.455	55	41	0	19	73	20	74	4.13e-07	35.8
TTNI90_187	olaTTNIg12_189	29.688	64	44	1	21	83	22	85	4.90e-07	35.4
TTNI90_187	olaTTNIg29_192	29.670	91	58	2	2	86	1	91	1.84e-06	33.9
TTNI90_187	olaTTNIg16_189	30.380	79	54	1	8	85	9	87	3.91e-06	33.1
TTNI90_187	olaTTNIg23_194	29.508	61	39	1	31	87	32	92	4.64e-06	32.7
TTNI90_187	olaTTNIg115_194	25.316	79	57	1	2	78	2	80	7.61e-06	32.3
TTNI90_187	olaTTNIg45_192	29.630	54	37	1	21	73	22	75	9.61e-06	32.0
TTNI90_187	olaTTNIg58_193	34.483	58	37	1	15	71	15	72	9.75e-06	32.0
TTNI91_188	olaTTNIg53_190	37.931	87	54	0	2	88	4	90	4.49e-15	56.2
TTNI91_188	olaTTNIg15_187	29.412	85	60	0	2	86	2	86	8.28e-12	47.8
TTNI91_188	olaTTNIg16_189	30.120	83	58	0	4	86	5	87	1.45e-10	44.7
TTNI91_188	olaTTNIg47_188	30.435	69	48	0	19	87	20	88	3.73e-10	43.5
TTNI91_188	olaTTNIg55_190	30.682	88	61	0	1	88	3	90	1.03e-09	42.4
TTNI91_188	olaTTNIg13_189	25.882	85	63	0	2	86	2	86	2.58e-09	41.2
TTNI91_188	olaTTNIg19_391	31.765	85	58	0	2	86	2	86	3.00e-09	41.2
TTNI91_188	olaTTNIg50_192	24.691	81	61	0	7	87	7	87	5.20e-09	40.4
TTNI91_188	olaTTNIg17_290	31.395	86	58	1	2	86	3	88	6.48e-09	40.4
TTNI91_188	olaTTNIg57_188	31.169	77	53	0	12	88	12	88	6.64e-09	40.4
TTNI91_188	olaTTNIg20_187	29.885	87	61	0	1	87	1	87	1.62e-08	39.3
TTNI91_188	olaTTNIg59_189	26.437	87	64	0	2	88	2	88	2.17e-08	38.9
TTNI91_188	olaTTNIg44_197	35.938	64	41	0	15	78	21	84	2.28e-08	38.9
TTNI91_188	olaTTNIg18_389	29.412	85	60	0	2	86	2	86	2.46e-08	38.9
TTNI91_188	olaTTNIg27_192	34.940	83	49	2	11	88	10	92	6.00e-08	37.7
TTNI91_188	olaTTNIg54_189	25.882	85	63	0	2	86	3	87	9.22e-08	37.4
TTNI91_188	olaTTNIg46_189	30.120	83	58	0	6	88	7	89	1.48e-07	36.6
TTNI91_188	olaTTNIg43_297	27.869	61	44	0	2	62	3	63	4.93e-07	35.4
TTNI91_188	olaTTNIg52_188	29.231	65	46	0	24	88	24	88	5.94e-07	35.0
TTNI91_188	olaTTNIg48_188	28.767	73	52	0	16	88	16	88	2.49e-06	33.5
TTNI91_188	olaTTNIg12_189	27.632	76	52	1	12	87	16	88	3.05e-06	33.5
TTNI91_188	olaTTNIg24_194	29.577	71	49	1	8	77	7	77	5.52e-06	32.7
TTNI91_188	olaTTNIg56_189	26.437	87	63	1	3	88	3	89	6.00e-06	32.7
TTNI91_188	olaTTNIg51_488	27.711	83	60	0	6	88	3	85	7.50e-06	32.3
TTNI92_187	olaTTNIg50_192	64.368	87	31	0	1	87	1	87	2.83e-44	130
TTNI92_187	olaTTNIg47_188	44.048	84	47	0	4	87	5	88	6.48e-24	78.6
TTNI92_187	olaTTNIg55_190	42.169	83	48	0	4	86	6	88	4.35e-21	71.2
TTNI92_187	olaTTNIg46_189	33.735	83	55	0	4	86	5	87	2.18e-16	59.3
TTNI92_187	olaTTNIg54_189	39.506	81	49	0	1	81	2	82	2.50e-16	59.3
TTNI92_187	olaTTNIg59_189	35.294	85	55	0	2	86	2	86	3.59e-16	58.9
TTNI92_187	olaTTNIg57_188	28.916	83	59	0	4	86	4	86	2.96e-15	56.6
TTNI92_187	olaTTNIg20_187	33.333	84	56	0	4	87	4	87	2.71e-14	53.9
TTNI92_187	olaTTNIg60_187	29.885	87	61	0	1	87	1	87	6.66e-14	53.1
TTNI92_187	olaTTNIg13_189	31.461	89	59	1	1	87	1	89	3.55e-13	51.2
TTNI92_187	olaTTNIg19_391	30.864	81	56	0	7	87	7	87	7.19e-12	47.8
TTNI92_187	olaTTNIg43_297	29.412	68	48	0	4	71	5	72	2.23e-11	46.6
TTNI92_187	olaTTNIg53_190	27.500	80	58	0	7	86	9	88	3.40e-11	46.2
TTNI92_187	olaTTNIg17_290	29.630	81	56	1	8	87	9	89	4.61e-11	45.8
TTNI92_187	olaTTNIg52_188	27.907	86	62	0	2	87	2	87	1.83e-10	44.3
TTNI92_187	olaTTNIg11_191	31.868	91	58	2	1	87	1	91	3.13e-10	43.5
TTNI92_187	olaTTNIg56_189	33.824	68	45	0	4	71	4	71	3.65e-10	43.5
TTNI92_187	olaTTNIg42_192	22.727	88	66	2	1	86	3	90	6.09e-10	43.1
TTNI92_187	olaTTNIg27_192	32.099	81	51	2	5	84	7	84	8.13e-10	42.7
TTNI92_187	olaTTNIg58_193	33.333	72	48	0	2	73	2	73	2.59e-09	41.2
TTNI92_187	olaTTNIg15_187	24.419	86	65	0	1	86	1	86	6.90e-09	40.0
TTNI92_187	olaTTNIg49_187	23.529	85	64	1	3	87	3	86	8.71e-09	40.0
TTNI92_187	olaTTNIg61_188	22.619	84	65	0	1	84	2	85	9.37e-09	39.7
TTNI92_187	olaTTNIg12_189	26.190	84	62	0	1	84	2	85	1.47e-08	39.3
TTNI92_187	olaTTNIg34_193	25.843	89	61	2	3	86	3	91	1.56e-08	39.3
TTNI92_187	olaTTNIg51_488	24.096	83	63	0	4	86	1	83	3.45e-08	38.1
TTNI92_187	olaTTNIg108_193	28.378	74	48	2	19	87	18	91	4.04e-08	38.1
TTNI92_187	olaTTNIg14_188	22.353	85	65	1	4	87	4	88	5.60e-08	37.7
TTNI92_187	olaTTNIg23_194	28.235	85	56	2	8	87	7	91	6.64e-08	37.7
TTNI92_187	olaTTNIg22_193	36.735	49	31	0	1	49	1	49	1.99e-07	36.6
TTNI92_187	olaTTNIg48_188	22.353	85	66	0	2	86	2	86	4.67e-07	35.4
TTNI92_187	olaTTNIg116_195	25.641	78	57	1	1	77	1	78	7.12e-07	35.0
TTNI92_187	olaTTNIg36_194	28.378	74	51	2	4	75	4	77	9.33e-07	34.7
TTNI92_187	olaTTNIg38_193	24.359	78	58	1	1	77	1	78	1.30e-06	34.3
TTNI92_187	olaTTNIg16_189	26.250	80	55	2	7	84	8	85	1.73e-06	33.9
TTNI92_187	olaTTNIg44_197	26.316	95	62	2	1	87	3	97	2.27e-06	33.9
TTNI92_187	olaTTNIg40_194	24.051	79	59	1	4	81	3	81	4.22e-06	33.1
TTNI93_188	olaTTNIg51_488	55.294	85	38	0	4	88	1	85	4.92e-33	101
TTNI93_188	olaTTNIg48_188	46.591	88	47	0	1	88	1	88	2.33e-28	89.7
TTNI93_188	olaTTNIg53_190	35.366	82	53	0	7	88	9	90	2.75e-18	64.3
TTNI93_188	olaTTNIg50_192	31.765	85	58	0	2	86	2	86	1.98e-13	52.0
TTNI93_188	olaTTNIg17_290	30.233	86	59	1	2	86	3	88	7.34e-13	50.4
TTNI93_188	olaTTNIg46_189	31.765	85	58	0	4	88	5	89	2.01e-12	49.3
TTNI93_188	olaTTNIg59_189	25.714	70	52	0	1	70	1	70	2.41e-12	49.3
TTNI93_188	olaTTNIg55_190	28.736	87	62	0	2	88	4	90	4.15e-12	48.5
TTNI93_188	olaTTNIg47_188	27.059	85	62	0	2	86	3	87	4.47e-12	48.5
TTNI93_188	olaTTNIg54_189	27.059	85	62	0	2	86	3	87	6.39e-12	48.1
TTNI93_188	olaTTNIg61_188	28.916	83	59	0	2	84	3	85	2.99e-11	46.2
TTNI93_188	olaTTNIg60_187	32.530	83	56	0	4	86	4	86	9.10e-11	45.1
TTNI93_188	olaTTNIg43_297	27.160	81	55	1	1	77	2	82	1.21e-10	45.1
TTNI93_188	olaTTNIg49_187	28.916	83	58	1	4	86	4	85	4.20e-10	43.1
TTNI93_188	olaTTNIg13_189	28.736	87	60	1	2	86	2	88	8.62e-10	42.7
TTNI93_188	olaTTNIg15_187	29.412	85	60	0	2	86	2	86	4.53e-09	40.8
TTNI93_188	olaTTNIg19_391	30.435	69	48	0	2	70	2	70	6.35e-09	40.4
TTNI93_188	olaTTNIg20_187	27.059	85	62	0	2	86	2	86	6.80e-09	40.0
TTNI93_188	olaTTNIg58_193	26.866	67	49	0	1	67	1	67	1.34e-08	39.7
TTNI93_188	olaTTNIg57_188	24.419	86	65	0	3	88	3	88	1.51e-08	39.3
TTNI93_188	olaTTNIg52_188	31.667	60	41	0	2	61	2	61	2.48e-08	38.9
TTNI93_188	olaTTNIg18_389	30.645	62	43	0	2	63	2	63	3.94e-08	38.1
TTNI93_188	olaTTNIg42_192	25.926	81	58	1	8	86	10	90	3.96e-08	38.5
TTNI93_188	olaTTNIg14_188	26.744	86	62	1	2	86	2	87	7.45e-08	37.4
TTNI93_188	olaTTNIg44_197	28.409	88	59	1	2	85	4	91	1.89e-07	36.6
TTNI93_188	olaTTNIg11_191	27.778	90	48	3	2	74	2	91	4.69e-07	35.4
TTNI93_188	olaTTNIg22_193	31.579	38	26	0	4	41	4	41	1.12e-06	34.7
TTNI93_188	olaTTNIg108_193	22.078	77	59	1	8	83	7	83	5.44e-06	32.7
TTNI94_187	olaTTNIg52_188	67.816	87	28	0	1	87	1	87	8.42e-42	123
TTNI94_187	olaTTNIg49_187	52.874	87	40	1	1	87	1	86	1.35e-31	97.8
TTNI94_187	olaTTNIg55_190	44.828	87	46	1	2	86	2	88	6.23e-22	73.6
TTNI94_187	olaTTNIg54_189	39.759	83	50	0	4	86	5	87	2.01e-19	67.0
TTNI94_187	olaTTNIg20_187	36.905	84	53	0	4	87	4	87	2.65e-17	61.6
TTNI94_187	olaTTNIg59_189	36.145	83	53	0	4	86	4	86	1.76e-15	57.0
TTNI94_187	olaTTNIg56_189	36.905	84	52	1	4	86	4	87	5.93e-14	53.1
TTNI94_187	olaTTNIg60_187	30.952	84	58	0	4	87	4	87	3.28e-13	51.2
TTNI94_187	olaTTNIg16_189	30.380	79	55	0	8	86	9	87	5.12e-13	50.8
TTNI94_187	olaTTNIg19_391	32.468	77	49	1	13	86	10	86	5.35e-13	50.8
TTNI94_187	olaTTNIg44_197	35.135	74	44	1	4	73	6	79	4.01e-12	48.5
TTNI94_187	olaTTNIg57_188	33.333	81	54	0	4	84	4	84	4.98e-12	48.1
TTNI94_187	olaTTNIg14_188	34.568	81	52	1	8	87	8	88	1.62e-11	47.0
TTNI94_187	olaTTNIg47_188	28.571	84	60	0	4	87	5	88	2.87e-11	46.2
TTNI94_187	olaTTNIg18_389	27.160	81	59	0	7	87	7	87	3.14e-10	43.5
TTNI94_187	olaTTNIg108_193	27.473	91	61	2	2	87	1	91	3.75e-10	43.5
TTNI94_187	olaTTNIg43_297	22.857	70	54	0	4	73	5	74	4.72e-10	43.5
TTNI94_187	olaTTNIg46_189	29.762	84	59	0	3	86	4	87	1.68e-09	41.6
TTNI94_187	olaTTNIg50_192	26.190	84	62	0	4	87	4	87	2.00e-09	41.6
TTNI94_187	olaTTNIg11_191	30.682	88	57	2	4	87	4	91	2.26e-09	41.6
TTNI94_187	olaTTNIg38_193	27.473	91	59	3	2	86	2	91	2.59e-09	41.2
TTNI94_187	olaTTNIg12_189	30.303	66	46	0	21	86	22	87	3.41e-09	40.8
TTNI94_187	olaTTNIg22_193	30.556	72	50	0	2	73	2	73	3.64e-09	40.8
TTNI94_187	olaTTNIg17_290	25.926	81	59	1	8	87	9	89	6.42e-09	40.4
TTNI94_187	olaTTNIg35_193	31.765	85	55	2	2	85	2	84	8.58e-09	40.0
TTNI94_187	olaTTNIg3_195	24.176	91	64	2	2	87	2	92	1.25e-08	39.7
TTNI94_187	olaTTNIg40_194	30.137	73	50	1	2	73	1	73	2.54e-08	38.9
TTNI94_187	olaTTNIg48_188	22.892	83	64	0	4	86	4	86	5.90e-08	37.7
TTNI94_187	olaTTNIg34_193	27.273	88	59	2	2	84	2	89	2.19e-07	36.2
TTNI94_187	olaTTNIg5_198	30.108	93	57	4	2	87	2	93	3.75e-07	35.8
TTNI94_187	olaTTNIg51_488	22.892	83	64	0	4	86	1	83	3.98e-07	35.4
TTNI94_187	olaTTNIg66_196	34.615	52	32	2	32	83	36	85	5.38e-07	35.4
TTNI94_187	olaTTNIg13_189	30.488	82	55	1	8	87	8	89	6.19e-07	35.0
TTNI94_187	olaTTNIg27_192	32.394	71	43	2	21	86	20	90	7.79e-07	35.0
TTNI94_187	olaTTNIg36_194	25.275	91	62	3	2	86	2	92	1.16e-06	34.7
TTNI94_187	olaTTNIg15_187	26.389	72	53	0	15	86	15	86	1.47e-06	34.3
TTNI94_187	olaTTNIg21_195	24.176	91	64	2	2	87	2	92	6.45e-06	32.7
TTNI95_188	olaTTNIg53_190	34.884	86	56	0	2	87	4	89	2.79e-15	56.6
TTNI95_188	olaTTNIg50_192	32.184	87	57	2	2	87	2	87	2.84e-12	48.9
TTNI95_188	olaTTNIg19_391	29.885	87	61	0	2	88	2	88	4.32e-11	45.8
TTNI95_188	olaTTNIg15_187	29.412	85	60	0	2	86	2	86	5.14e-11	45.8
TTNI95_188	olaTTNIg55_190	29.412	85	60	0	2	86	4	88	9.08e-11	45.1
TTNI95_188	olaTTNIg51_488	30.120	83	58	0	4	86	1	83	1.53e-10	44.3
TTNI95_188	olaTTNIg20_187	31.765	85	58	0	2	86	2	86	1.89e-10	44.3
TTNI95_188	olaTTNIg47_188	27.907	86	62	0	1	86	2	87	3.69e-10	43.5
TTNI95_188	olaTTNIg46_189	34.940	83	50	3	4	84	5	85	1.56e-09	42.0
TTNI95_188	olaTTNIg54_189	25.882	85	63	0	2	86	3	87	2.08e-09	41.6
TTNI95_188	olaTTNIg43_297	26.087	69	51	0	1	69	2	70	5.42e-09	40.8
TTNI95_188	olaTTNIg57_188	32.143	84	54	3	4	86	5	86	8.77e-09	40.0
TTNI95_188	olaTTNIg17_290	26.744	86	62	1	2	86	3	88	1.05e-08	39.7
TTNI95_188	olaTTNIg12_189	28.409	88	59	3	2	87	3	88	1.19e-08	39.7
TTNI95_188	olaTTNIg18_389	28.235	85	61	0	2	86	2	86	1.11e-07	37.0
TTNI95_188	olaTTNIg59_189	22.619	84	65	0	1	84	1	84	1.24e-07	37.0
TTNI95_188	olaTTNIg48_188	27.059	85	62	0	2	86	2	86	7.75e-07	35.0
TTNI95_188	olaTTNIg29_192	26.250	80	58	1	4	82	3	82	1.89e-06	33.9
TTNI95_188	olaTTNIg13_189	21.591	88	67	1	2	87	2	89	2.35e-06	33.5
TTNI95_188	olaTTNIg16_189	22.222	81	63	0	6	86	7	87	3.77e-06	33.1
TTNI95_188	olaTTNIg61_188	24.096	83	63	0	2	84	3	85	9.60e-06	32.0
TTNI96_188	olaTTNIg53_190	71.264	87	25	0	2	88	4	90	1.16e-43	128
TTNI96_188	olaTTNIg48_188	40.230	87	52	0	2	88	2	88	2.00e-20	69.7
TTNI96_188	olaTTNIg51_488	38.824	85	52	0	4	88	1	85	7.55e-18	63.2
TTNI96_188	olaTTNIg20_187	37.931	87	54	0	1	87	1	87	1.17e-16	60.1
TTNI96_188	olaTTNIg59_189	29.885	87	61	0	2	88	2	88	1.94e-15	57.0
TTNI96_188	olaTTNIg43_297	32.000	75	51	0	2	76	3	77	3.14e-15	56.6
TTNI96_188	olaTTNIg12_189	35.714	84	54	0	4	87	5	88	4.74e-15	56.2
TTNI96_188	olaTTNIg18_389	32.558	86	58	0	2	87	2	87	9.05e-14	52.8
TTNI96_188	olaTTNIg49_187	40.000	80	47	1	8	87	8	86	1.66e-13	52.0
TTNI96_188	olaTTNIg19_391	32.927	82	55	0	6	87	6	87	8.18e-13	50.4
TTNI96_188	olaTTNIg61_188	31.325	83	57	0	2	84	3	85	1.17e-12	50.1
TTNI96_188	olaTTNIg57_188	32.941	85	56	1	4	88	5	88	1.32e-12	49.7
TTNI96_188	olaTTNIg54_189	31.765	85	58	0	2	86	3	87	2.72e-12	48.9
TTNI96_188	olaTTNIg46_189	34.884	86	54	2	4	88	5	89	9.63e-12	47.8
TTNI96_188	olaTTNIg60_187	31.646	79	54	0	8	86	8	86	2.17e-11	46.6
TTNI96_188	olaTTNIg17_290	32.836	67	44	1	2	67	3	69	6.51e-11	45.4
TTNI96_188	olaTTNIg42_192	26.437	87	62	1	2	86	4	90	1.11e-10	45.1
TTNI96_188	olaTTNIg13_189	29.545	88	60	1	2	87	2	89	1.24e-10	44.7
TTNI96_188	olaTTNIg55_190	29.885	87	61	0	2	88	4	90	1.44e-10	44.7
TTNI96_188	olaTTNIg15_187	29.412	85	60	0	2	86	2	86	6.47e-10	42.7
TTNI96_188	olaTTNIg50_192	26.744	86	63	0	2	87	2	87	7.30e-10	42.7
TTNI96_188	olaTTNIg14_188	28.736	87	61	1	2	87	2	88	1.58e-09	42.0
TTNI96_188	olaTTNIg44_197	34.211	76	46	1	6	77	8	83	1.72e-09	42.0
TTNI96_188	olaTTNIg106_196	33.333	72	47	1	7	77	9	80	3.28e-09	41.2
TTNI96_188	olaTTNIg108_193	28.767	73	51	1	4	75	3	75	5.02e-09	40.8
TTNI96_188	olaTTNIg52_188	28.395	81	58	0	8	88	8	88	6.23e-09	40.4
TTNI96_188	olaTTNIg22_193	34.884	43	28	0	3	45	3	45	1.39e-08	39.7
TTNI96_188	olaTTNIg9_193	33.824	68	43	2	11	77	10	76	1.39e-08	39.7
TTNI96_188	olaTTNIg47_188	27.907	86	62	0	2	87	3	88	1.90e-08	38.9
TTNI96_188	olaTTNIg3_195	26.667	75	54	1	4	77	4	78	3.37e-08	38.5
TTNI96_188	olaTTNIg23_194	28.000	75	53	1	4	77	3	77	6.55e-08	37.7
TTNI96_188	olaTTNIg16_189	28.395	81	58	0	6	86	7	87	8.86e-08	37.4
TTNI96_188	olaTTNIg56_189	30.769	65	45	0	6	70	6	70	2.06e-07	36.6
TTNI96_188	olaTTNIg27_192	31.818	66	44	1	13	77	12	77	2.78e-07	36.2
TTNI96_188	olaTTNIg40_194	33.846	65	42	1	7	70	6	70	3.06e-07	36.2
TTNI96_188	olaTTNIg11_191	28.889	90	60	2	2	87	2	91	1.40e-06	34.3
TTNI96_188	olaTTNIg10_194	31.707	82	50	3	12	87	12	93	2.43e-06	33.5
TTNI96_188	olaTTNIg83_195	31.579	76	50	2	4	77	4	79	3.49e-06	33.1
TTNI96_188	olaTTNIg58_193	22.535	71	55	0	4	74	4	74	4.50e-06	33.1
TTNI97_188	olaTTNIg54_189	74.419	86	22	0	1	86	2	87	4.31e-47	137
TTNI97_188	olaTTNIg55_190	58.140	86	36	0	2	87	4	89	8.55e-31	95.9
TTNI97_188	olaTTNIg60_187	36.047	86	55	0	1	86	1	86	3.47e-19	66.6
TTNI97_188	olaTTNIg44_197	43.210	81	42	1	1	77	3	83	8.58e-19	65.9
TTNI97_188	olaTTNIg52_188	40.964	83	49	0	4	86	4	86	1.20e-17	62.8
TTNI97_188	olaTTNIg46_189	37.349	83	52	0	4	86	5	87	1.48e-17	62.4
TTNI97_188	olaTTNIg20_187	36.471	85	54	0	2	86	2	86	2.37e-16	59.3
TTNI97_188	olaTTNIg57_188	33.333	87	58	0	1	87	1	87	4.28e-16	58.5
TTNI97_188	olaTTNIg47_188	38.554	83	51	0	4	86	5	87	1.02e-15	57.8
TTNI97_188	olaTTNIg13_189	34.483	87	57	0	1	87	1	87	1.60e-15	57.4
TTNI97_188	olaTTNIg61_188	29.070	86	61	0	1	86	2	87	1.63e-15	57.4
TTNI97_188	olaTTNIg50_192	33.721	86	57	0	1	86	1	86	4.81e-15	56.2
TTNI97_188	olaTTNIg43_297	32.000	75	51	0	2	76	3	77	1.15e-14	55.1
TTNI97_188	olaTTNIg19_391	36.905	84	53	0	5	88	5	88	1.39e-14	54.7
TTNI97_188	olaTTNIg17_290	35.632	87	55	1	1	86	2	88	1.90e-14	54.7
TTNI97_188	olaTTNIg16_189	39.506	81	49	0	6	86	7	87	3.56e-14	53.9
TTNI97_188	olaTTNIg108_193	36.986	73	45	1	4	75	3	75	4.91e-14	53.5
TTNI97_188	olaTTNIg56_189	37.143	70	44	0	4	73	4	73	8.22e-14	52.8
TTNI97_188	olaTTNIg53_190	31.395	86	59	0	1	86	3	88	1.86e-13	52.0
TTNI97_188	olaTTNIg48_188	30.233	86	60	0	2	87	2	87	1.89e-13	52.0
TTNI97_188	olaTTNIg11_191	35.556	90	54	2	1	86	1	90	1.90e-13	52.0
TTNI97_188	olaTTNIg59_189	35.294	85	55	0	2	86	2	86	2.99e-13	51.6
TTNI97_188	olaTTNIg58_193	40.909	66	39	0	7	72	7	72	1.05e-12	50.1
TTNI97_188	olaTTNIg51_488	29.762	84	59	0	4	87	1	84	1.76e-12	49.3
TTNI97_188	olaTTNIg12_189	34.483	87	55	2	1	86	2	87	1.16e-11	47.4
TTNI97_188	olaTTNIg49_187	32.530	83	55	1	4	86	4	85	1.94e-11	46.6
TTNI97_188	olaTTNIg2_194	30.769	78	53	1	1	77	1	78	3.51e-11	46.2
TTNI97_188	olaTTNIg22_193	33.766	77	51	0	1	77	1	77	9.06e-11	45.1
TTNI97_188	olaTTNIg31_193	34.831	89	56	2	1	87	1	89	7.53e-10	42.7
TTNI97_188	olaTTNIg14_188	32.099	81	54	1	7	86	7	87	1.08e-09	42.4
TTNI97_188	olaTTNIg21_195	29.487	78	54	1	1	77	1	78	2.29e-09	41.6
TTNI97_188	olaTTNIg18_389	28.235	85	61	0	2	86	2	86	2.67e-09	41.2
TTNI97_188	olaTTNIg45_192	33.333	93	54	5	1	87	1	91	6.58e-09	40.4
TTNI97_188	olaTTNIg3_195	28.571	84	55	2	8	86	8	91	8.07e-09	40.0
TTNI97_188	olaTTNIg5_198	30.488	82	53	3	1	79	1	81	1.00e-08	40.0
TTNI97_188	olaTTNIg115_194	40.816	49	29	0	31	79	32	80	1.69e-08	39.3
TTNI97_188	olaTTNIg27_192	36.111	72	42	2	7	77	9	77	2.04e-08	38.9
TTNI97_188	olaTTNIg42_192	30.137	73	49	1	1	71	3	75	2.61e-08	38.9
TTNI97_188	olaTTNIg34_193	33.333	75	49	1	4	77	4	78	4.12e-08	38.1
TTNI97_188	olaTTNIg39_194	31.111	90	58	3	1	86	1	90	6.08e-08	37.7
TTNI97_188	olaTTNIg9_193	36.000	75	39	3	13	86	12	78	6.72e-08	37.7
TTNI97_188	olaTTNIg36_194	31.081	74	49	2	4	75	4	77	9.41e-08	37.4
TTNI97_188	olaTTNIg24_194	29.333	75	52	1	4	77	3	77	1.05e-07	37.4
TTNI97_188	olaTTNIg35_193	29.487	78	54	1	1	77	1	78	1.31e-07	37.0
TTNI97_188	olaTTNIg30_194	28.947	76	52	2	1	74	1	76	3.23e-07	35.8
TTNI97_188	olaTTNIg29_192	29.333	75	52	1	4	77	3	77	5.20e-06	32.7
TTNI97_188	olaTTNIg15_187	23.256	86	66	0	1	86	1	86	8.46e-06	32.0
TTNI98_188	olaTTNIg55_190	65.909	88	30	0	1	88	3	90	1.91e-45	132
TTNI98_188	olaTTNIg54_189	50.588	85	42	0	2	86	3	87	6.72e-28	88.6
TTNI98_188	olaTTNIg47_188	43.373	83	47	0	4	86	5	87	2.71e-22	74.3
TTNI98_188	olaTTNIg50_192	40.000	85	51	0	2	86	2	86	1.50e-21	72.8
TTNI98_188	olaTTNIg57_188	37.209	86	54	0	3	88	3	88	9.93e-19	65.5
TTNI98_188	olaTTNIg60_187	38.824	85	52	0	2	86	2	86	4.26e-18	63.9
TTNI98_188	olaTTNIg56_189	34.884	86	55	1	4	88	4	89	4.58e-18	63.5
TTNI98_188	olaTTNIg20_187	36.471	85	54	0	2	86	2	86	1.98e-17	62.0
TTNI98_188	olaTTNIg59_189	32.184	87	59	0	2	88	2	88	1.21e-16	60.1
TTNI98_188	olaTTNIg51_488	31.765	85	58	0	4	88	1	85	2.63e-16	59.3
TTNI98_188	olaTTNIg46_189	36.471	85	54	0	4	88	5	89	3.56e-16	58.9
TTNI98_188	olaTTNIg43_297	32.895	76	51	0	1	76	2	77	1.79e-15	57.4
TTNI98_188	olaTTNIg11_191	38.202	89	51	2	2	86	2	90	6.73e-15	55.8
TTNI98_188	olaTTNIg19_391	33.333	81	54	0	6	86	6	86	2.10e-14	54.3
TTNI98_188	olaTTNIg52_188	34.118	85	56	0	4	88	4	88	7.06e-14	53.1
TTNI98_188	olaTTNIg16_189	35.802	81	52	0	6	86	7	87	2.62e-13	51.6
TTNI98_188	olaTTNIg17_290	33.721	86	56	1	2	86	3	88	5.25e-13	50.8
TTNI98_188	olaTTNIg44_197	34.568	81	49	1	2	78	4	84	9.04e-13	50.4
TTNI98_188	olaTTNIg22_193	31.707	82	54	1	4	85	4	83	2.47e-12	49.3
TTNI98_188	olaTTNIg49_187	34.940	83	53	1	4	86	4	85	2.93e-12	48.9
TTNI98_188	olaTTNIg27_192	38.554	83	46	2	11	88	10	92	4.98e-12	48.5
TTNI98_188	olaTTNIg15_187	29.412	85	60	0	2	86	2	86	3.56e-11	46.2
TTNI98_188	olaTTNIg48_188	27.586	87	63	0	2	88	2	88	3.84e-11	45.8
TTNI98_188	olaTTNIg13_189	30.986	71	49	0	2	72	2	72	9.91e-11	45.1
TTNI98_188	olaTTNIg61_188	32.857	70	47	0	2	71	3	72	2.42e-10	43.9
TTNI98_188	olaTTNIg24_194	32.877	73	48	1	4	75	3	75	3.25e-10	43.9
TTNI98_188	olaTTNIg58_193	32.895	76	51	0	4	79	4	79	5.17e-10	43.1
TTNI98_188	olaTTNIg12_189	28.916	83	59	0	2	84	3	85	1.44e-09	42.0
TTNI98_188	olaTTNIg14_188	29.070	86	60	1	2	86	2	87	1.54e-09	42.0
TTNI98_188	olaTTNIg53_190	30.120	83	58	0	6	88	8	90	2.29e-09	41.6
TTNI98_188	olaTTNIg115_194	31.481	54	36	1	19	71	19	72	5.28e-09	40.8
TTNI98_188	olaTTNIg116_195	28.571	63	44	1	11	72	11	73	1.65e-08	39.3
TTNI98_188	olaTTNIg23_194	26.389	72	52	1	3	73	2	73	3.77e-08	38.5
TTNI98_188	olaTTNIg5_198	27.632	76	47	3	3	73	3	75	3.79e-08	38.5
TTNI98_188	olaTTNIg108_193	33.766	77	45	3	17	88	16	91	7.16e-08	37.7
TTNI98_188	olaTTNIg42_192	25.287	87	63	1	2	86	4	90	8.99e-08	37.4
TTNI98_188	olaTTNIg113_197	29.114	79	52	2	3	77	3	81	1.17e-07	37.4
TTNI98_188	olaTTNIg39_194	38.636	44	27	0	32	75	34	77	1.31e-07	37.0
TTNI98_188	olaTTNIg114_192	31.884	69	45	2	4	71	3	70	2.20e-07	36.2
TTNI98_188	olaTTNIg31_193	31.325	83	54	2	4	85	4	84	6.52e-07	35.0
TTNI98_188	olaTTNIg18_389	29.412	68	48	0	19	86	19	86	9.93e-07	34.7
TTNI98_188	olaTTNIg36_194	32.558	43	29	0	31	73	33	75	1.21e-06	34.7
TTNI98_188	olaTTNIg34_193	27.778	90	60	2	4	88	4	93	5.50e-06	32.7
TTNI98_188	olaTTNIg3_195	20.833	72	56	1	8	78	8	79	8.44e-06	32.3
TTNI98_188	olaTTNIg9_193	36.364	44	27	1	11	53	10	53	9.50e-06	32.0
TTNI99_188	olaTTNIg56_189	57.955	88	36	1	2	88	2	89	1.83e-36	110
TTNI99_188	olaTTNIg55_190	40.000	85	51	0	4	88	6	90	3.51e-20	68.9
TTNI99_188	olaTTNIg52_188	37.647	85	53	0	4	88	4	88	3.75e-18	63.9
TTNI99_188	olaTTNIg54_189	42.857	70	40	0	4	73	5	74	1.21e-16	60.1
TTNI99_188	olaTTNIg43_297	39.130	69	42	0	4	72	5	73	1.64e-16	60.1
TTNI99_188	olaTTNIg57_188	34.483	87	57	0	2	88	2	88	9.46e-16	57.8
TTNI99_188	olaTTNIg47_188	31.325	83	57	0	4	86	5	87	2.16e-15	57.0
TTNI99_188	olaTTNIg50_192	33.333	84	56	0	4	87	4	87	2.37e-14	54.3
TTNI99_188	olaTTNIg59_189	31.765	85	58	0	4	88	4	88	1.87e-13	52.0
TTNI99_188	olaTTNIg20_187	32.530	83	56	0	4	86	4	86	6.72e-13	50.4
TTNI99_188	olaTTNIg60_187	28.916	83	59	0	4	86	4	86	8.55e-12	47.8
TTNI99_188	olaTTNIg49_187	30.233	86	59	1	1	86	1	85	9.32e-12	47.8
TTNI99_188	olaTTNIg19_391	30.120	83	58	0	5	87	5	87	2.11e-10	44.3
TTNI99_188	olaTTNIg108_193	36.000	50	32	0	25	74	25	74	3.44e-10	43.5
TTNI99_188	olaTTNIg44_197	32.432	74	46	1	4	73	6	79	5.53e-10	43.1
TTNI99_188	olaTTNIg11_191	26.761	71	51	1	4	73	4	74	5.92e-09	40.4
TTNI99_188	olaTTNIg16_189	31.325	83	53	2	6	86	7	87	7.73e-09	40.0
TTNI99_188	olaTTNIg12_189	25.926	81	60	0	6	86	7	87	8.66e-09	40.0
TTNI99_188	olaTTNIg42_192	29.412	68	46	1	6	71	8	75	1.36e-08	39.7
TTNI99_188	olaTTNIg3_195	26.866	67	48	1	8	73	8	74	3.06e-08	38.5
TTNI99_188	olaTTNIg58_193	30.556	72	50	0	8	79	8	79	7.32e-08	37.7
TTNI99_188	olaTTNIg24_194	27.027	74	53	1	3	75	2	75	1.12e-07	37.4
TTNI99_188	olaTTNIg46_189	25.758	66	49	0	23	88	24	89	1.84e-07	36.6
TTNI99_188	olaTTNIg2_194	31.429	70	47	1	4	72	4	73	3.03e-07	36.2
TTNI99_188	olaTTNIg13_189	27.536	69	50	0	8	76	8	76	3.13e-07	35.8
TTNI99_188	olaTTNIg15_187	22.388	67	52	0	6	72	6	72	4.31e-07	35.4
TTNI99_188	olaTTNIg48_188	26.154	65	48	0	4	68	4	68	6.20e-07	35.0
TTNI99_188	olaTTNIg53_190	22.353	85	66	0	4	88	6	90	6.28e-07	35.0
TTNI99_188	olaTTNIg31_193	31.081	74	48	2	4	75	4	76	9.06e-07	34.7
TTNI99_188	olaTTNIg39_194	28.947	76	48	3	4	75	4	77	1.28e-06	34.3
TTNI99_188	olaTTNIg106_196	27.083	48	35	0	25	72	28	75	1.68e-06	34.3
TTNI99_188	olaTTNIg17_290	29.268	82	57	1	6	86	7	88	2.99e-06	33.5
TTNI99_188	olaTTNIg112_198	27.692	65	45	1	13	75	16	80	3.88e-06	33.1
TTNI99_188	olaTTNIg45_192	34.722	72	42	3	21	88	22	92	5.96e-06	32.7
TTNI99_188	olaTTNIg28_194	35.417	48	30	1	32	78	33	80	7.81e-06	32.3
TTNI99_188	olaTTNIg36_194	30.357	56	38	1	19	73	20	75	8.15e-06	32.3
TTNI99_188	olaTTNIg79_197	32.727	55	36	1	25	78	28	82	9.64e-06	32.3
TTNI100_188	olaTTNIg57_188	53.409	88	41	0	1	88	1	88	6.98e-36	108
TTNI100_188	olaTTNIg55_190	33.721	86	57	0	3	88	5	90	2.38e-17	62.0
TTNI100_188	olaTTNIg56_189	34.831	89	57	1	1	88	1	89	4.41e-17	61.2
TTNI100_188	olaTTNIg43_297	32.184	87	54	1	3	84	4	90	5.23e-16	58.5
TTNI100_188	olaTTNIg20_187	32.143	84	57	0	3	86	3	86	1.02e-14	55.1
TTNI100_188	olaTTNIg52_188	30.588	85	59	0	4	88	4	88	1.84e-14	54.7
TTNI100_188	olaTTNIg19_391	31.325	83	56	1	5	86	4	86	4.99e-14	53.5
TTNI100_188	olaTTNIg54_189	32.143	84	57	0	3	86	4	87	1.61e-13	52.0
TTNI100_188	olaTTNIg47_188	28.916	83	59	0	4	86	5	87	2.54e-13	51.6
TTNI100_188	olaTTNIg60_187	31.765	85	58	0	2	86	2	86	3.66e-13	51.2
TTNI100_188	olaTTNIg59_189	25.882	85	63	0	4	88	4	88	9.43e-12	47.8
TTNI100_188	olaTTNIg18_389	26.190	84	62	0	3	86	3	86	1.22e-11	47.4
TTNI100_188	olaTTNIg51_488	31.765	85	58	0	4	88	1	85	8.09e-11	45.1
TTNI100_188	olaTTNIg49_187	30.588	85	58	1	2	86	2	85	1.48e-10	44.7
TTNI100_188	olaTTNIg50_192	25.301	83	62	0	4	86	4	86	2.26e-10	44.3
TTNI100_188	olaTTNIg116_195	25.000	76	56	1	1	75	1	76	6.88e-10	43.1
TTNI100_188	olaTTNIg12_189	31.169	77	53	0	10	86	11	87	1.48e-09	42.0
TTNI100_188	olaTTNIg61_188	26.744	86	63	0	1	86	2	87	1.56e-09	42.0
TTNI100_188	olaTTNIg42_192	29.870	77	50	2	13	86	15	90	6.17e-09	40.4
TTNI100_188	olaTTNIg44_197	31.746	63	43	0	16	78	22	84	8.37e-09	40.0
TTNI100_188	olaTTNIg14_188	33.784	74	48	1	14	86	14	87	8.41e-09	40.0
TTNI100_188	olaTTNIg28_194	29.670	91	58	3	4	88	4	94	9.71e-09	40.0
TTNI100_188	olaTTNIg39_194	29.231	65	42	1	28	88	30	94	1.00e-08	40.0
TTNI100_188	olaTTNIg13_189	24.242	66	50	0	10	75	10	75	2.58e-08	38.9
TTNI100_188	olaTTNIg17_290	24.051	79	59	1	9	86	10	88	4.50e-08	38.1
TTNI100_188	olaTTNIg48_188	25.882	85	63	0	4	88	4	88	7.77e-08	37.4
TTNI100_188	olaTTNIg5_198	29.870	77	46	4	1	72	1	74	8.31e-08	37.7
TTNI100_188	olaTTNIg46_189	25.287	87	64	1	3	88	3	89	9.49e-08	37.4
TTNI100_188	olaTTNIg3_195	24.176	91	64	2	1	86	1	91	1.45e-07	37.0
TTNI100_188	olaTTNIg53_190	27.273	66	47	1	5	69	6	71	2.17e-07	36.2
TTNI100_188	olaTTNIg38_193	29.670	91	57	3	4	88	4	93	3.96e-07	35.8
TTNI100_188	olaTTNIg27_192	26.506	83	56	2	11	88	10	92	3.13e-06	33.5
TTNI100_188	olaTTNIg112_198	32.203	59	38	1	15	71	18	76	4.69e-06	33.1
TTNI100_188	olaTTNIg58_193	23.377	77	59	0	4	80	4	80	8.92e-06	32.3
TTNI101_193	olaTTNIg58_193	62.366	93	35	0	1	93	1	93	3.97e-44	130
TTNI101_193	olaTTNIg55_190	32.468	77	52	0	7	83	9	85	2.50e-13	52.0
TTNI101_193	olaTTNIg47_188	32.941	85	52	1	8	92	9	88	1.47e-12	49.7
TTNI101_193	olaTTNIg59_189	29.032	93	61	2	1	93	1	88	3.24e-12	48.9
TTNI101_193	olaTTNIg50_192	27.473	91	61	1	2	92	2	87	7.94e-12	48.1
TTNI101_193	olaTTNIg12_189	32.394	71	48	0	2	72	3	73	7.23e-11	45.4
TTNI101_193	olaTTNIg46_189	28.947	76	54	0	4	79	5	80	4.50e-10	43.5
TTNI101_193	olaTTNIg54_189	32.836	67	45	0	7	73	8	74	5.29e-10	43.1
TTNI101_193	olaTTNIg60_187	30.588	85	54	1	8	92	8	87	1.16e-09	42.4
TTNI101_193	olaTTNIg61_188	30.000	70	49	0	4	73	5	74	2.79e-09	41.2
TTNI101_193	olaTTNIg17_290	33.333	75	49	1	2	75	3	77	3.97e-09	41.2
TTNI101_193	olaTTNIg5_198	30.337	89	59	3	6	92	6	93	1.60e-08	39.7
TTNI101_193	olaTTNIg11_191	31.395	86	56	2	8	92	8	91	2.25e-08	39.3
TTNI101_193	olaTTNIg115_194	28.750	80	56	1	3	81	3	82	2.70e-08	38.9
TTNI101_193	olaTTNIg19_391	27.143	70	51	0	2	71	2	71	2.80e-08	38.9
TTNI101_193	olaTTNIg53_190	25.287	87	60	1	7	93	9	90	3.69e-08	38.5
TTNI101_193	olaTTNIg48_188	32.836	67	45	0	1	67	1	67	4.59e-08	38.1
TTNI101_193	olaTTNIg44_197	27.368	95	64	2	2	92	4	97	5.11e-08	38.1
TTNI101_193	olaTTNIg2_194	27.907	86	60	2	8	92	8	92	8.70e-08	37.7
TTNI101_193	olaTTNIg57_188	27.059	85	57	2	9	93	9	88	1.33e-07	37.0
TTNI101_193	olaTTNIg30_194	27.941	68	48	1	14	80	15	82	2.10e-07	36.6
TTNI101_193	olaTTNIg13_189	23.913	92	67	1	1	92	1	89	3.60e-07	35.8
TTNI101_193	olaTTNIg34_193	27.586	87	62	1	7	92	7	93	3.61e-07	35.8
TTNI101_193	olaTTNIg42_192	26.250	80	57	1	1	78	3	82	3.71e-07	35.8
TTNI101_193	olaTTNIg24_194	27.381	84	60	1	8	90	7	90	4.00e-07	35.8
TTNI101_193	olaTTNIg3_195	24.444	90	66	2	4	92	4	92	4.91e-07	35.8
TTNI101_193	olaTTNIg35_193	29.508	61	42	1	33	93	34	93	8.59e-07	35.0
TTNI101_193	olaTTNIg22_193	26.437	87	49	2	4	88	4	77	1.46e-06	34.3
TTNI101_193	olaTTNIg117_196	25.316	79	58	1	4	81	4	82	1.94e-06	34.3
TTNI101_193	olaTTNIg43_297	22.727	66	51	0	8	73	9	74	2.09e-06	33.9
TTNI101_193	olaTTNIg51_488	22.093	86	63	1	7	92	4	85	5.48e-06	32.7
TTNI101_193	olaTTNIg56_189	25.926	54	40	0	23	76	23	76	9.18e-06	32.3
TTNI102_188	olaTTNIg59_189	56.322	87	38	0	2	88	2	88	5.95e-34	103
TTNI102_188	olaTTNIg20_187	35.443	79	51	0	8	86	8	86	2.90e-17	61.6
TTNI102_188	olaTTNIg19_391	31.395	86	59	0	1	86	1	86	5.95e-15	55.8
TTNI102_188	olaTTNIg43_297	29.670	91	59	1	1	86	2	92	7.43e-14	53.1
TTNI102_188	olaTTNIg47_188	34.884	86	56	0	1	86	2	87	1.85e-13	52.0
TTNI102_188	olaTTNIg55_190	31.034	87	60	0	2	88	4	90	1.47e-12	49.7
TTNI102_188	olaTTNIg53_190	29.268	82	58	0	7	88	9	90	4.33e-12	48.5
TTNI102_188	olaTTNIg57_188	27.059	85	61	1	4	88	5	88	6.95e-11	45.4
TTNI102_188	olaTTNIg50_192	26.437	87	63	1	2	88	2	87	1.20e-10	44.7
TTNI102_188	olaTTNIg52_188	27.273	88	64	0	1	88	1	88	3.17e-10	43.5
TTNI102_188	olaTTNIg56_189	29.412	85	60	0	3	87	3	87	5.67e-10	43.1
TTNI102_188	olaTTNIg58_193	35.526	76	43	3	2	74	2	74	6.91e-10	42.7
TTNI102_188	olaTTNIg13_189	30.682	88	60	1	2	88	2	89	1.73e-09	41.6
TTNI102_188	olaTTNIg15_187	26.437	87	60	2	2	86	2	86	2.11e-09	41.6
TTNI102_188	olaTTNIg60_187	31.646	79	54	0	8	86	8	86	4.93e-09	40.4
TTNI102_188	olaTTNIg54_189	27.848	79	57	0	2	80	3	81	8.41e-09	40.0
TTNI102_188	olaTTNIg17_290	26.190	84	61	1	2	84	3	86	1.91e-08	38.9
TTNI102_188	olaTTNIg11_191	27.160	81	58	1	2	81	2	82	2.68e-08	38.9
TTNI102_188	olaTTNIg46_189	28.235	85	61	0	4	88	5	89	4.22e-08	38.1
TTNI102_188	olaTTNIg51_488	26.190	84	62	0	5	88	2	85	1.34e-07	37.0
TTNI102_188	olaTTNIg16_189	28.395	81	58	0	4	84	5	85	1.53e-07	36.6
TTNI102_188	olaTTNIg42_192	27.586	87	57	3	4	86	6	90	2.04e-07	36.6
TTNI102_188	olaTTNIg71_194	35.484	62	34	2	31	88	34	93	3.33e-07	35.8
TTNI102_188	olaTTNIg44_197	28.723	94	60	2	2	88	4	97	3.84e-07	35.8
TTNI102_188	olaTTNIg12_189	27.711	83	60	0	2	84	3	85	4.21e-07	35.4
TTNI102_188	olaTTNIg88_193	28.788	66	43	1	27	88	27	92	9.06e-07	34.7
TTNI102_188	olaTTNIg18_389	25.581	86	62	2	2	86	2	86	1.62e-06	33.9
TTNI102_188	olaTTNIg83_195	32.075	53	36	0	31	83	33	85	2.44e-06	33.9
TTNI102_188	olaTTNIg61_188	28.409	88	49	2	4	84	5	85	3.38e-06	33.1
TTNI102_188	olaTTNIg38_193	25.556	90	62	2	4	88	4	93	5.00e-06	32.7
TTNI102_188	olaTTNIg36_194	25.843	89	59	3	5	88	8	94	5.70e-06	32.7
TTNI102_188	olaTTNIg34_193	27.778	90	60	2	4	88	4	93	7.46e-06	32.3
TTNI103_188	olaTTNIg60_187	71.264	87	25	0	1	87	1	87	7.12e-45	131
TTNI103_188	olaTTNIg54_189	44.186	86	48	0	1	86	2	87	1.28e-21	72.8
TTNI103_188	olaTTNIg55_190	41.379	87	51	0	2	88	4	90	3.87e-19	66.6
TTNI103_188	olaTTNIg20_187	35.294	85	55	0	3	87	3	87	4.09e-19	66.2
TTNI103_188	olaTTNIg59_189	37.647	85	53	0	4	88	4	88	5.76e-18	63.5
TTNI103_188	olaTTNIg47_188	36.905	84	53	0	4	87	5	88	2.31e-17	62.0
TTNI103_188	olaTTNIg57_188	34.091	88	58	0	1	88	1	88	4.70e-17	61.2
TTNI103_188	olaTTNIg61_188	35.714	84	54	0	1	84	2	85	8.18e-17	60.5
TTNI103_188	olaTTNIg46_189	36.471	85	54	0	4	88	5	89	4.06e-16	58.9
TTNI103_188	olaTTNIg50_192	29.885	87	61	0	1	87	1	87	4.09e-16	58.9
TTNI103_188	olaTTNIg17_290	37.037	81	50	1	8	87	9	89	7.88e-16	58.2
TTNI103_188	olaTTNIg44_197	32.632	95	56	2	1	87	3	97	2.33e-14	54.3
TTNI103_188	olaTTNIg11_191	37.500	88	51	2	4	87	4	91	3.04e-14	53.9
TTNI103_188	olaTTNIg43_297	33.803	71	47	0	3	73	4	74	5.03e-14	53.5
TTNI103_188	olaTTNIg51_488	34.118	85	56	0	4	88	1	85	5.48e-14	53.1
TTNI103_188	olaTTNIg53_190	29.630	81	57	0	8	88	10	90	8.64e-13	50.4
TTNI103_188	olaTTNIg48_188	34.118	85	56	0	4	88	4	88	9.11e-13	50.1
TTNI103_188	olaTTNIg42_192	29.545	88	60	1	1	86	3	90	1.26e-12	50.1
TTNI103_188	olaTTNIg52_188	29.412	85	60	0	4	88	4	88	1.58e-12	49.7
TTNI103_188	olaTTNIg108_193	37.313	67	41	1	8	73	7	73	3.10e-12	48.9
TTNI103_188	olaTTNIg13_189	29.213	89	61	1	1	87	1	89	3.84e-12	48.5
TTNI103_188	olaTTNIg56_189	32.558	86	57	1	4	88	4	89	8.93e-12	47.8
TTNI103_188	olaTTNIg12_189	30.952	84	58	0	1	84	2	85	2.26e-11	46.6
TTNI103_188	olaTTNIg16_189	29.630	81	57	0	6	86	7	87	1.12e-10	44.7
TTNI103_188	olaTTNIg24_194	28.000	75	53	1	4	77	3	77	1.26e-10	44.7
TTNI103_188	olaTTNIg58_193	28.947	76	54	0	4	79	4	79	2.14e-10	44.3
TTNI103_188	olaTTNIg21_195	28.261	92	61	2	1	87	1	92	3.81e-10	43.5
TTNI103_188	olaTTNIg49_187	28.571	84	59	1	4	87	4	86	4.53e-10	43.1
TTNI103_188	olaTTNIg2_194	25.000	92	64	2	1	87	1	92	1.28e-09	42.4
TTNI103_188	olaTTNIg15_187	23.256	86	66	0	1	86	1	86	2.79e-09	41.2
TTNI103_188	olaTTNIg113_197	26.596	94	61	3	1	86	1	94	4.86e-09	40.8
TTNI103_188	olaTTNIg110_194	32.394	71	45	3	4	71	3	73	1.20e-08	39.7
TTNI103_188	olaTTNIg9_193	37.681	69	41	2	3	70	2	69	2.04e-08	39.3
TTNI103_188	olaTTNIg18_389	29.114	79	56	0	9	87	9	87	5.78e-08	37.7
TTNI103_188	olaTTNIg22_193	28.767	73	52	0	1	73	1	73	6.51e-08	37.7
TTNI103_188	olaTTNIg38_193	25.000	84	62	1	1	83	1	84	1.40e-07	37.0
TTNI103_188	olaTTNIg19_391	30.667	75	49	2	8	80	8	81	2.50e-07	36.2
TTNI103_188	olaTTNIg36_194	27.778	72	50	2	4	73	4	75	3.66e-07	35.8
TTNI103_188	olaTTNIg5_198	25.532	94	62	4	1	87	1	93	8.27e-07	35.0
TTNI103_188	olaTTNIg39_194	26.829	82	55	2	1	82	8	84	1.95e-06	33.9
TTNI103_188	olaTTNIg115_194	28.846	52	36	1	21	71	21	72	2.03e-06	33.9
TTNI103_188	olaTTNIg35_193	27.957	93	62	2	1	88	1	93	2.42e-06	33.5
TTNI103_188	olaTTNIg23_194	22.222	90	65	2	3	87	2	91	2.70e-06	33.5
TTNI103_188	olaTTNIg85_194	25.000	52	39	0	26	77	27	78	3.48e-06	33.1
TTNI103_188	olaTTNIg106_196	25.974	77	52	2	1	77	9	80	5.17e-06	32.7
TTNI104_188	olaTTNIg61_188	75.862	87	21	0	1	87	2	88	1.66e-52	150
TTNI104_188	olaTTNIg11_191	36.765	68	42	1	20	86	21	88	3.44e-13	51.2
TTNI104_188	olaTTNIg53_190	28.571	84	60	0	1	84	3	86	6.74e-13	50.4
TTNI104_188	olaTTNIg18_389	27.711	83	60	0	2	84	2	84	1.13e-12	50.1
TTNI104_188	olaTTNIg44_197	28.395	81	54	1	1	77	3	83	2.69e-12	49.3
TTNI104_188	olaTTNIg60_187	34.328	67	44	0	18	84	18	84	3.72e-12	48.5
TTNI104_188	olaTTNIg15_187	27.907	86	62	0	1	86	1	86	4.92e-11	45.8
TTNI104_188	olaTTNIg43_297	27.273	88	61	1	2	86	3	90	1.46e-10	44.7
TTNI104_188	olaTTNIg19_391	24.419	86	59	1	1	86	7	86	2.35e-10	43.9
TTNI104_188	olaTTNIg57_188	30.986	71	49	0	1	71	1	71	3.98e-10	43.5
TTNI104_188	olaTTNIg50_192	28.571	84	60	0	1	84	1	84	4.36e-10	43.5
TTNI104_188	olaTTNIg13_189	22.093	86	67	0	1	86	1	86	1.19e-09	42.4
TTNI104_188	olaTTNIg58_193	26.471	68	50	0	4	71	4	71	1.45e-09	42.0
TTNI104_188	olaTTNIg46_189	28.571	84	60	0	4	87	5	88	1.48e-09	42.0
TTNI104_188	olaTTNIg54_189	26.437	87	64	0	1	87	2	88	1.58e-09	42.0
TTNI104_188	olaTTNIg22_193	28.571	77	55	0	1	77	1	77	4.86e-09	40.8
TTNI104_188	olaTTNIg20_187	20.482	83	66	0	2	84	2	84	1.13e-08	39.7
TTNI104_188	olaTTNIg17_290	26.437	87	63	1	1	86	2	88	1.37e-08	39.3
TTNI104_188	olaTTNIg14_188	21.839	87	67	1	1	86	1	87	5.83e-08	37.7
TTNI104_188	olaTTNIg59_189	25.301	83	62	0	2	84	2	84	7.50e-08	37.4
TTNI104_188	olaTTNIg115_194	28.788	66	46	1	16	80	16	81	1.44e-07	37.0
TTNI104_188	olaTTNIg42_192	24.444	90	66	1	1	88	3	92	3.54e-07	35.8
TTNI104_188	olaTTNIg56_189	31.148	61	41	1	12	71	11	71	4.73e-07	35.4
TTNI104_188	olaTTNIg12_189	26.437	87	62	2	1	86	2	87	5.91e-07	35.0
TTNI104_188	olaTTNIg51_488	25.301	83	62	0	4	86	1	83	6.98e-07	35.0
TTNI104_188	olaTTNIg108_193	31.707	41	28	0	31	71	31	71	3.65e-06	33.1
TTNI104_188	olaTTNIg36_194	24.528	53	40	0	29	81	31	83	3.90e-06	33.1
TTNI104_188	olaTTNIg55_190	23.729	59	44	1	2	60	4	61	8.27e-06	32.3
TTNI105_190	olaTTNIg64_193	34.066	91	57	2	2	89	1	91	1.74e-14	54.7
TTNI105_190	olaTTNIg81_193	31.707	82	56	0	9	90	11	92	2.16e-14	54.7
TTNI105_190	olaTTNIg85_194	34.409	93	58	1	1	90	1	93	5.04e-14	53.5
TTNI105_190	olaTTNIg94_193	36.957	92	55	1	2	90	1	92	5.16e-13	50.8
TTNI105_190	olaTTNIg87_194	30.263	76	52	1	16	90	18	93	1.96e-11	47.0
TTNI105_190	olaTTNIg96_194	30.864	81	55	1	11	90	13	93	1.35e-10	44.7
TTNI105_190	olaTTNIg103_196	32.000	75	48	1	7	78	9	83	3.93e-10	43.5
TTNI105_190	olaTTNIg88_193	32.609	92	59	1	2	90	1	92	5.16e-10	43.1
TTNI105_190	olaTTNIg90_195	27.160	81	58	1	11	90	14	94	7.33e-10	43.1
TTNI105_190	olaTTNIg84_195	28.767	73	51	1	19	90	22	94	9.89e-10	42.7
TTNI105_190	olaTTNIg107_194	31.646	79	53	1	12	89	14	92	1.07e-09	42.4
TTNI105_190	olaTTNIg91_193	30.435	92	61	1	2	90	1	92	1.33e-09	42.4
TTNI105_190	olaTTNIg62_195	36.905	84	47	3	11	89	12	94	4.33e-09	40.8
TTNI105_190	olaTTNIg98_196	28.205	78	53	1	16	90	18	95	1.96e-08	39.3
TTNI105_190	olaTTNIg73_197	26.506	83	58	1	11	90	14	96	2.18e-08	39.3
TTNI105_190	olaTTNIg95_197	28.235	85	58	1	9	90	12	96	2.27e-08	39.3
TTNI105_190	olaTTNIg75_195	26.190	84	60	1	9	90	11	94	2.55e-08	38.9
TTNI105_190	olaTTNIg67_1104	29.730	74	42	2	27	90	30	103	3.59e-08	38.9
TTNI105_190	olaTTNIg100_195	29.851	67	44	1	13	76	15	81	4.48e-08	38.1
TTNI105_190	olaTTNIg117_196	24.176	91	66	1	1	88	1	91	4.91e-08	38.1
TTNI105_190	olaTTNIg93_194	26.582	79	57	1	13	90	15	93	5.99e-08	38.1
TTNI105_190	olaTTNIg70_195	22.892	83	61	1	11	90	12	94	1.38e-07	37.0
TTNI105_190	olaTTNIg116_195	25.000	88	63	1	4	88	4	91	1.84e-07	36.6
TTNI105_190	olaTTNIg102_195	24.419	86	64	1	6	90	9	94	1.98e-07	36.6
TTNI105_190	olaTTNIg72_197	22.353	85	63	1	9	90	12	96	5.41e-07	35.4
TTNI105_190	olaTTNIg33_195	27.381	84	58	2	10	90	10	93	2.07e-06	33.9
TTNI105_190	olaTTNIg71_194	22.892	83	63	1	9	90	11	93	4.58e-06	33.1
TTNI106_194	olaTTNIg62_195	63.158	95	34	1	1	94	1	95	8.28e-40	119
TTNI106_194	olaTTNIg106_196	29.474	95	66	1	1	94	1	95	9.93e-14	53.1
TTNI106_194	olaTTNIg100_195	31.868	91	61	1	1	90	1	91	1.26e-13	52.8
TTNI106_194	olaTTNIg107_194	40.506	79	37	2	20	94	21	93	9.90e-13	50.4
TTNI106_194	olaTTNIg82_196	36.986	73	46	0	20	92	21	93	2.50e-12	49.3
TTNI106_194	olaTTNIg64_193	29.787	94	64	1	1	94	1	92	2.76e-10	44.3
TTNI106_194	olaTTNIg103_196	32.258	93	62	1	1	92	1	93	3.99e-10	43.9
TTNI106_194	olaTTNIg95_197	34.091	88	53	2	3	90	6	88	5.10e-10	43.5
TTNI106_194	olaTTNIg89_196	39.286	56	34	0	28	83	29	84	1.23e-09	42.4
TTNI106_194	olaTTNIg87_194	36.667	60	36	1	20	79	21	78	2.55e-09	41.6
TTNI106_194	olaTTNIg63_197	31.818	66	45	0	28	93	30	95	4.01e-09	41.2
TTNI106_194	olaTTNIg73_197	29.885	87	61	0	7	93	9	95	5.01e-09	40.8
TTNI106_194	olaTTNIg77_197	27.660	94	67	1	1	93	2	95	1.80e-08	39.7
TTNI106_194	olaTTNIg81_193	35.526	76	42	2	20	93	21	91	2.85e-08	38.9
TTNI106_194	olaTTNIg109_193	30.303	66	45	1	28	92	25	90	6.74e-08	38.1
TTNI106_194	olaTTNIg104_198	30.303	66	46	0	28	93	31	96	7.19e-08	38.1
TTNI106_194	olaTTNIg84_195	31.081	74	49	1	20	93	22	93	1.33e-07	37.4
TTNI106_194	olaTTNIg102_195	31.250	80	52	2	1	79	2	79	1.50e-07	37.0
TTNI106_194	olaTTNIg90_195	26.596	94	66	2	1	93	2	93	1.83e-07	37.0
TTNI106_194	olaTTNIg70_195	26.882	93	67	1	1	93	2	93	2.10e-07	36.6
TTNI106_194	olaTTNIg75_195	34.146	82	48	3	1	79	1	79	4.54e-07	35.8
TTNI106_194	olaTTNIg69_194	31.183	93	57	3	1	88	1	91	4.81e-07	35.8
TTNI106_194	olaTTNIg72_197	27.660	94	67	1	1	93	2	95	4.89e-07	35.8
TTNI106_194	olaTTNIg111_1101	24.324	74	55	1	20	92	25	98	6.03e-07	35.4
TTNI106_194	olaTTNIg33_195	31.429	70	48	0	12	81	11	80	1.37e-06	34.7
TTNI106_194	olaTTNIg99_197	27.419	62	45	0	20	81	21	82	1.56e-06	34.3
TTNI106_194	olaTTNIg79_197	29.870	77	51	2	20	94	21	96	1.98e-06	34.3
TTNI106_194	olaTTNIg93_194	29.787	94	63	2	1	93	1	92	2.49e-06	33.9
TTNI106_194	olaTTNIg80_196	29.577	71	49	1	10	79	10	80	3.13e-06	33.5
TTNI106_194	olaTTNIg74_196	27.273	77	52	2	21	93	18	94	3.78e-06	33.5
TTNI106_194	olaTTNIg98_196	28.125	64	46	0	30	93	31	94	6.59e-06	32.7
TTNI106_194	olaTTNIg39_194	25.000	60	45	0	33	92	33	92	7.03e-06	32.7
TTNI106_194	olaTTNIg3_195	27.273	66	48	0	20	85	19	84	7.13e-06	32.7
TTNI106_194	olaTTNnewIg_1104	32.184	87	49	2	2	79	4	89	8.41e-06	32.7
TTNI107_196	olaTTNIg63_197	62.105	95	36	0	2	96	2	96	2.56e-44	130
TTNI107_196	olaTTNIg73_197	45.263	95	52	0	2	96	2	96	5.14e-23	77.0
TTNI107_196	olaTTNIg72_197	38.947	95	58	0	2	96	2	96	2.54e-20	70.1
TTNI107_196	olaTTNIg77_197	40.000	95	57	0	2	96	2	96	7.71e-20	68.9
TTNI107_196	olaTTNIg74_196	40.860	93	53	1	6	96	3	95	2.31e-19	67.4
TTNI107_196	olaTTNIg101_195	38.947	95	57	1	2	96	1	94	7.52e-19	66.2
TTNI107_196	olaTTNIg75_195	37.500	104	46	2	2	96	1	94	1.12e-18	65.9
TTNI107_196	olaTTNIg104_198	39.583	96	57	1	2	96	2	97	5.99e-18	63.9
TTNI107_196	olaTTNIg66_196	37.895	95	58	1	2	96	2	95	6.93e-18	63.9
TTNI107_196	olaTTNnewIg_1104	36.538	104	57	1	2	96	1	104	7.95e-17	61.2
TTNI107_196	olaTTNIg95_197	34.737	95	62	0	2	96	2	96	3.31e-16	59.7
TTNI107_196	olaTTNIg84_195	34.737	95	60	1	2	96	2	94	4.14e-16	59.3
TTNI107_196	olaTTNIg80_196	37.234	94	58	1	4	96	2	95	6.41e-16	58.9
TTNI107_196	olaTTNIg67_1104	34.444	90	52	2	14	96	14	103	7.09e-16	58.9
TTNI107_196	olaTTNIg93_194	34.737	95	60	1	2	96	1	93	2.73e-15	57.0
TTNI107_196	olaTTNIg94_193	36.145	83	53	0	14	96	10	92	3.94e-15	56.6
TTNI107_196	olaTTNIg81_193	34.737	95	59	1	2	96	1	92	5.39e-15	56.2
TTNI107_196	olaTTNIg96_194	35.789	95	59	1	2	96	1	93	5.76e-15	56.2
TTNI107_196	olaTTNIg98_196	33.684	95	63	0	2	96	1	95	8.63e-15	55.8
TTNI107_196	olaTTNIg90_195	32.632	95	62	1	2	96	2	94	1.30e-14	55.5
TTNI107_196	olaTTNIg87_194	34.737	95	60	1	2	96	1	93	1.61e-14	55.1
TTNI107_196	olaTTNIg83_195	33.333	81	54	0	16	96	14	94	2.63e-14	54.7
TTNI107_196	olaTTNIg78_196	31.579	95	65	0	2	96	1	95	2.96e-14	54.3
TTNI107_196	olaTTNIg103_196	32.099	81	55	0	14	94	13	93	3.26e-14	54.3
TTNI107_196	olaTTNIg89_196	30.526	95	66	0	2	96	1	95	5.14e-14	53.9
TTNI107_196	olaTTNIg70_195	34.247	73	48	0	24	96	22	94	1.43e-13	52.8
TTNI107_196	olaTTNIg86_197	34.737	95	62	0	2	96	2	96	1.65e-13	52.8
TTNI107_196	olaTTNIg82_196	33.750	80	53	0	17	96	16	95	2.16e-13	52.4
TTNI107_196	olaTTNIg88_193	30.233	86	60	0	11	96	7	92	2.33e-13	52.0
TTNI107_196	olaTTNIg97_197	33.333	84	56	0	1	84	1	84	1.12e-12	50.4
TTNI107_196	olaTTNIg105_194	33.333	96	60	3	2	96	1	93	1.56e-12	50.1
TTNI107_196	olaTTNIg91_193	33.735	83	55	0	14	96	10	92	2.37e-12	49.7
TTNI107_196	olaTTNIg71_194	31.579	95	63	1	2	96	1	93	1.66e-11	47.4
TTNI107_196	olaTTNIg109_193	31.250	96	61	2	2	96	1	92	3.17e-11	46.6
TTNI107_196	olaTTNIg69_194	30.526	95	64	1	2	96	1	93	4.72e-11	46.2
TTNI107_196	olaTTNIg7_195	34.884	86	54	1	11	94	7	92	9.08e-11	45.4
TTNI107_196	olaTTNIg106_196	31.707	82	56	0	14	95	13	94	1.20e-10	45.1
TTNI107_196	olaTTNIg30_194	32.468	77	51	1	9	84	6	82	1.31e-10	45.1
TTNI107_196	olaTTNIg107_194	29.474	95	63	2	2	95	1	92	1.55e-10	45.1
TTNI107_196	olaTTNIg102_195	28.421	95	66	1	2	96	2	94	4.88e-10	43.5
TTNI107_196	olaTTNIg76_192	25.610	82	61	0	15	96	10	91	4.91e-10	43.5
TTNI107_196	olaTTNIg79_197	31.250	80	54	1	17	95	16	95	6.16e-10	43.5
TTNI107_196	olaTTNIg99_197	27.473	91	65	1	7	96	6	96	4.25e-09	41.2
TTNI107_196	olaTTNIg38_193	25.000	88	64	1	8	93	5	92	4.53e-09	41.2
TTNI107_196	olaTTNIg68_199	28.421	95	61	1	8	95	3	97	6.82e-09	40.8
TTNI107_196	olaTTNIg2_194	30.526	95	60	3	2	94	1	91	9.23e-09	40.4
TTNI107_196	olaTTNIg100_195	22.785	79	61	0	14	92	13	91	1.11e-08	40.0
TTNI107_196	olaTTNIg64_193	27.273	77	56	0	19	95	15	91	1.89e-08	39.3
TTNI107_196	olaTTNIg85_194	26.437	87	64	0	10	96	7	93	3.68e-08	38.9
TTNI107_196	olaTTNIg62_195	29.762	84	58	1	13	95	11	94	3.82e-08	38.5
TTNA1_193	olaTTNIg64_193	57.609	92	39	0	2	93	1	92	2.92e-39	117
TTNA1_193	olaTTNIg94_193	36.264	91	58	0	2	92	1	91	1.27e-16	60.5
TTNA1_193	olaTTNIg96_194	37.778	90	53	2	4	92	5	92	1.63e-16	60.1
TTNA1_193	olaTTNIg107_194	35.165	91	56	2	4	93	5	93	4.02e-16	58.9
TTNA1_193	olaTTNIg85_194	29.670	91	64	0	2	92	2	92	3.72e-15	56.6
TTNA1_193	olaTTNIg103_196	33.708	89	59	0	5	93	7	95	3.77e-15	56.6
TTNA1_193	olaTTNIg81_193	35.556	90	54	2	4	92	5	91	4.77e-15	56.2
TTNA1_193	olaTTNIg91_193	26.374	91	67	0	2	92	1	91	6.11e-15	56.2
TTNA1_193	olaTTNIg72_197	29.787	94	63	1	2	92	2	95	6.64e-15	56.2
TTNA1_193	olaTTNIg83_195	34.524	84	54	1	10	92	10	93	1.08e-14	55.5
TTNA1_193	olaTTNIg98_196	34.043	94	59	2	2	92	1	94	1.20e-14	55.5
TTNA1_193	olaTTNIg70_195	33.696	92	60	1	2	92	2	93	2.73e-14	54.3
TTNA1_193	olaTTNIg79_197	32.292	96	61	3	2	93	1	96	6.37e-14	53.5
TTNA1_193	olaTTNIg95_197	35.366	82	53	0	11	92	14	95	6.65e-14	53.5
TTNA1_193	olaTTNIg102_195	32.292	96	56	3	2	92	2	93	8.52e-14	53.1
TTNA1_193	olaTTNIg82_196	32.099	81	55	0	11	91	13	93	1.07e-13	52.8
TTNA1_193	olaTTNIg62_195	35.789	95	58	2	2	93	1	95	1.26e-13	52.8
TTNA1_193	olaTTNIg89_196	32.941	85	57	0	8	92	10	94	1.53e-13	52.4
TTNA1_193	olaTTNIg100_195	32.051	78	53	0	16	93	18	95	1.77e-12	49.7
TTNA1_193	olaTTNIg71_194	32.143	84	55	1	9	92	11	92	1.91e-12	49.7
TTNA1_193	olaTTNIg84_195	33.333	90	57	2	4	92	6	93	2.94e-12	49.3
TTNA1_193	olaTTNIg87_194	33.333	90	57	2	4	92	5	92	2.94e-12	49.3
TTNA1_193	olaTTNIg66_196	36.585	82	51	1	11	92	14	94	9.62e-12	47.8
TTNA1_193	olaTTNIg67_1104	28.723	94	60	2	6	92	9	102	2.16e-11	47.4
TTNA1_193	olaTTNIg73_197	25.556	90	66	1	4	92	6	95	8.43e-11	45.4
TTNA1_193	olaTTNIg80_196	37.500	64	40	0	29	92	31	94	1.14e-10	45.1
TTNA1_193	olaTTNIg63_197	29.870	77	54	0	16	92	19	95	1.24e-10	45.1
TTNA1_193	olaTTNIg68_199	30.233	86	53	2	15	93	13	98	1.84e-10	44.7
TTNA1_193	olaTTNIg36_194	30.263	76	53	0	16	91	17	92	2.97e-10	43.9
TTNA1_193	olaTTNIg88_193	26.316	76	56	0	17	92	16	91	3.65e-10	43.9
TTNA1_193	olaTTNIg33_195	31.707	82	56	0	11	92	11	92	3.76e-10	43.9
TTNA1_193	olaTTNIg90_195	29.268	82	56	1	11	92	14	93	4.14e-10	43.5
TTNA1_193	olaTTNIg74_196	26.596	94	66	2	2	92	1	94	5.06e-10	43.5
TTNA1_193	olaTTNIg29_192	33.898	59	39	0	33	91	32	90	6.05e-10	43.1
TTNA1_193	olaTTNIg106_196	28.750	80	57	0	13	92	15	94	6.61e-10	43.1
TTNA1_193	olaTTNIg9_193	26.667	90	65	1	2	91	1	89	9.17e-10	42.7
TTNA1_193	olaTTNIg97_197	30.588	85	56	1	2	83	2	86	9.81e-10	42.7
TTNA1_193	olaTTNIg92_196	27.957	93	66	1	1	92	2	94	2.19e-09	42.0
TTNA1_193	olaTTNIg39_194	35.484	62	36	2	32	91	33	92	2.70e-09	41.6
TTNA1_193	olaTTNIg1_196	24.468	94	65	2	2	91	2	93	2.77e-09	41.6
TTNA1_193	olaTTNIg5_198	23.077	91	69	1	2	91	2	92	3.00e-09	41.6
TTNA1_193	olaTTNIg99_197	26.966	89	63	2	4	91	7	94	6.56e-09	40.4
TTNA1_193	olaTTNIg3_195	23.333	90	69	0	2	91	2	91	8.34e-09	40.4
TTNA1_193	olaTTNIg77_197	29.688	64	45	0	29	92	32	95	8.47e-09	40.4
TTNA1_193	olaTTNIg104_198	26.437	87	64	0	6	92	10	96	1.45e-08	39.7
TTNA1_193	olaTTNIg27_192	29.688	64	45	0	28	91	27	90	2.00e-08	39.3
TTNA1_193	olaTTNIg75_195	28.571	98	58	3	2	92	1	93	2.39e-08	39.3
TTNA1_193	olaTTNIg115_194	25.275	91	66	1	3	93	5	93	3.00e-08	38.9
TTNA1_193	olaTTNIg105_194	33.696	92	54	2	5	91	2	91	3.56e-08	38.5
TTNA1_193	olaTTNIg101_195	35.526	76	48	1	16	91	18	92	3.70e-08	38.5
TTNA4_1121	olaTTNIg73_197	29.661	118	54	2	4	121	8	96	7.91e-12	48.9
TTNA4_1121	olaTTNIg74_196	29.412	119	57	3	3	121	4	95	1.34e-10	45.8
TTNA4_1121	olaTTNIg68_199	27.731	119	64	3	2	120	1	97	2.09e-09	42.7
TTNA4_1121	olaTTNIg101_195	25.664	113	54	1	9	121	12	94	8.20e-09	41.2
TTNA4_1121	olaTTNIg66_196	28.448	116	53	3	6	121	10	95	1.43e-08	40.4
TTNA4_1121	olaTTNIg83_195	30.000	110	48	4	12	121	14	94	1.52e-08	40.4
TTNA4_1121	olaTTNIg76_192	35.714	42	27	0	2	43	1	42	1.72e-08	40.4
TTNA4_1121	olaTTNIg89_196	23.009	113	58	2	9	121	12	95	2.04e-08	40.0
TTNA4_1121	olaTTNIg95_197	26.087	115	56	3	7	121	11	96	4.66e-08	39.3
TTNA4_1121	olaTTNIg81_193	28.448	116	51	2	6	121	9	92	6.31e-08	38.9
TTNA4_1121	olaTTNIg71_194	28.037	107	46	3	15	121	18	93	1.23e-07	38.1
TTNA4_1121	olaTTNIg77_197	26.613	124	58	4	2	121	2	96	1.38e-07	38.1
TTNA4_1121	olaTTNIg70_195	25.000	116	58	3	6	121	8	94	1.43e-07	37.7
TTNA4_1121	olaTTNIg78_196	25.000	116	58	2	6	121	9	95	1.70e-07	37.7
TTNA4_1121	olaTTNIg63_197	26.271	118	58	2	4	121	8	96	2.16e-07	37.4
TTNA4_1121	olaTTNIg87_194	28.448	116	52	3	6	121	9	93	2.50e-07	37.4
TTNA4_1121	olaTTNIg39_194	23.423	111	54	3	9	119	11	90	3.49e-07	37.0
TTNA4_1121	olaTTNIg90_195	24.138	116	57	2	6	121	10	94	7.81e-07	35.8
TTNA4_1121	olaTTNIg67_1104	26.891	119	65	3	3	121	7	103	1.15e-06	35.8
TTNA8_195	olaTTNIg66_196	56.842	95	41	0	1	95	1	95	1.30e-36	111
TTNA8_195	olaTTNIg73_197	39.583	96	57	1	1	95	1	96	2.70e-20	69.7
TTNA8_195	olaTTNIg84_195	37.895	95	58	1	1	95	1	94	2.80e-20	69.7
TTNA8_195	olaTTNIg81_193	38.298	94	56	1	2	95	1	92	5.11e-20	68.9
TTNA8_195	olaTTNIg72_197	36.458	96	60	1	1	95	1	96	3.72e-19	67.0
TTNA8_195	olaTTNIg101_195	37.234	94	59	0	2	95	1	94	5.24e-19	66.6
TTNA8_195	olaTTNIg93_194	35.106	94	60	1	2	95	1	93	6.51e-18	63.9
TTNA8_195	olaTTNIg63_197	38.542	96	58	1	1	95	1	96	7.57e-18	63.5
TTNA8_195	olaTTNIg90_195	35.484	93	57	2	1	91	1	92	1.28e-17	63.2
TTNA8_195	olaTTNIg87_194	35.106	94	60	1	2	95	1	93	4.92e-17	61.6
TTNA8_195	olaTTNIg95_197	38.095	84	51	1	1	83	1	84	5.58e-17	61.6
TTNA8_195	olaTTNIg69_194	38.298	94	57	1	2	95	1	93	1.18e-16	60.5
TTNA8_195	olaTTNIg89_196	34.737	95	61	1	2	95	1	95	1.23e-16	60.5
TTNA8_195	olaTTNIg78_196	30.526	95	65	1	2	95	1	95	2.14e-16	60.1
TTNA8_195	olaTTNIg75_195	35.714	98	55	2	2	95	1	94	3.88e-16	59.3
TTNA8_195	olaTTNIg105_194	35.106	94	60	1	2	95	1	93	1.00e-15	58.2
TTNA8_195	olaTTNIg80_196	40.000	95	53	3	4	95	2	95	1.44e-15	57.8
TTNA8_195	olaTTNIg77_197	32.292	96	64	1	1	95	1	96	1.44e-14	55.5
TTNA8_195	olaTTNIg102_195	33.684	95	62	1	1	95	1	94	1.48e-14	55.1
TTNA8_195	olaTTNnewIg_1104	31.731	104	61	1	2	95	1	104	1.70e-14	55.5
TTNA8_195	olaTTNIg70_195	35.417	96	59	2	1	95	1	94	3.33e-14	54.3
TTNA8_195	olaTTNIg104_198	35.052	97	61	2	1	95	1	97	4.01e-14	54.3
TTNA8_195	olaTTNIg74_196	34.409	93	58	2	6	95	3	95	4.32e-14	53.9
TTNA8_195	olaTTNIg98_196	31.579	95	64	1	2	95	1	95	3.59e-13	51.6
TTNA8_195	olaTTNIg103_196	32.258	93	62	1	2	93	1	93	4.81e-13	51.2
TTNA8_195	olaTTNIg76_192	32.911	79	52	1	18	95	13	91	1.46e-12	50.1
TTNA8_195	olaTTNIg96_194	27.660	94	67	1	2	95	1	93	4.78e-12	48.9
TTNA8_195	olaTTNIg107_194	32.258	93	62	1	2	94	1	92	5.74e-12	48.5
TTNA8_195	olaTTNIg83_195	29.474	95	65	2	2	95	1	94	7.43e-12	48.1
TTNA8_195	olaTTNIg109_193	32.967	91	59	2	7	95	2	92	9.83e-12	47.8
TTNA8_195	olaTTNIg94_193	35.417	96	56	4	2	95	1	92	1.16e-11	47.8
TTNA8_195	olaTTNIg79_197	33.766	77	49	1	19	93	18	94	3.38e-11	46.6
TTNA8_195	olaTTNIg86_197	31.633	98	62	2	1	95	1	96	3.84e-11	46.6
TTNA8_195	olaTTNIg40_194	32.222	90	59	2	5	93	2	90	6.67e-11	45.8
TTNA8_195	olaTTNIg67_1104	28.889	90	56	2	14	95	14	103	1.55e-10	45.1
TTNA8_195	olaTTNIg91_193	35.714	70	44	1	16	84	12	81	1.66e-10	44.7
TTNA8_195	olaTTNIg62_195	31.868	91	59	2	6	93	3	93	3.91e-10	43.9
TTNA8_195	olaTTNIg88_193	35.065	77	49	1	20	95	16	92	4.86e-10	43.5
TTNA8_195	olaTTNIg99_197	28.395	81	57	1	4	83	3	83	4.98e-10	43.5
TTNA8_195	olaTTNIg100_195	28.235	85	60	1	2	85	1	85	7.75e-10	43.1
TTNA8_195	olaTTNIg71_194	29.787	94	65	1	2	95	1	93	8.93e-10	42.7
TTNA8_195	olaTTNIg106_196	30.120	83	57	1	2	83	1	83	1.74e-09	42.0
TTNA8_195	olaTTNIg3_195	26.027	73	49	2	15	84	12	82	2.46e-09	41.6
TTNA8_195	olaTTNIg92_196	30.526	95	65	1	2	95	1	95	1.16e-08	40.0
TTNA8_195	olaTTNIg38_193	31.646	79	53	1	16	93	13	91	2.78e-08	38.9
TTNA8_195	olaTTNIg6_195	33.824	68	41	2	19	83	15	81	6.59e-08	38.1
TTNA8_195	olaTTNIg85_194	30.120	83	57	1	14	95	11	93	8.36e-08	37.7
TTNA8_195	olaTTNIg82_196	30.952	84	57	1	2	84	1	84	8.38e-08	37.7
TTNA8_195	olaTTNIg23_194	25.926	81	59	1	14	93	10	90	4.94e-07	35.8
TTNA8_195	olaTTNIg68_199	27.723	101	61	3	2	94	1	97	6.08e-07	35.4
TTNA11_1103	olaTTNIg67_1104	38.835	103	62	1	2	103	1	103	4.35e-24	80.1
TTNA11_1103	olaTTNIg66_196	34.615	104	58	3	1	103	1	95	2.29e-15	57.8
TTNA11_1103	olaTTNIg82_196	35.922	103	57	3	2	103	1	95	4.15e-15	57.0
TTNA11_1103	olaTTNIg77_197	31.068	103	64	2	1	103	1	96	1.79e-14	55.5
TTNA11_1103	olaTTNIg83_195	35.165	91	53	1	13	103	10	94	9.71e-14	53.5
TTNA11_1103	olaTTNIg95_197	32.039	103	63	2	1	103	1	96	1.96e-13	52.8
TTNA11_1103	olaTTNIg74_196	34.615	104	57	4	2	103	1	95	2.04e-13	52.8
TTNA11_1103	olaTTNIg89_196	35.443	79	45	2	14	92	12	84	2.07e-13	52.8
TTNA11_1103	olaTTNIg73_197	30.097	103	65	2	1	103	1	96	2.57e-13	52.4
TTNA11_1103	olaTTNIg90_195	34.951	103	58	2	1	103	1	94	1.67e-12	50.1
TTNA11_1103	olaTTNIg72_197	32.075	106	59	3	1	103	1	96	2.48e-12	49.7
TTNA11_1103	olaTTNIg63_197	29.126	103	66	3	1	103	1	96	3.74e-12	49.3
TTNA11_1103	olaTTNIg81_193	26.471	102	65	2	2	103	1	92	6.22e-11	46.2
TTNA11_1103	olaTTNIg91_193	26.531	98	64	2	7	103	2	92	6.71e-11	46.2
TTNA11_1103	olaTTNIg3_195	32.558	86	52	2	16	101	12	91	6.77e-11	46.2
TTNA11_1103	olaTTNIg101_195	31.868	91	51	2	15	103	13	94	3.37e-10	44.3
TTNA11_1103	olaTTNIg69_194	32.353	102	60	3	2	103	1	93	3.75e-10	44.3
TTNA11_1103	olaTTNIg80_196	35.556	90	51	3	15	103	12	95	4.16e-10	43.9
TTNA11_1103	olaTTNIg105_194	32.222	90	53	1	14	103	12	93	7.35e-10	43.5
TTNA11_1103	olaTTNIg62_195	33.673	98	56	2	6	101	3	93	9.28e-10	43.1
TTNA11_1103	olaTTNIg87_194	32.584	89	52	2	15	103	13	93	1.09e-09	42.7
TTNA11_1103	olaTTNIg75_195	30.392	102	57	4	2	99	1	92	1.80e-09	42.4
TTNA11_1103	olaTTNIg64_193	29.787	94	60	2	8	101	3	90	2.14e-09	42.0
TTNA11_1103	olaTTNIg104_198	30.097	103	66	1	1	103	1	97	3.17e-09	42.0
TTNA11_1103	olaTTNnewIg_1104	29.464	112	61	4	2	103	1	104	3.85e-09	41.6
TTNA11_1103	olaTTNIg71_194	30.556	72	42	1	20	91	18	81	5.00e-09	41.2
TTNA11_1103	olaTTNIg107_194	29.000	100	62	2	2	101	1	91	5.93e-09	40.8
TTNA11_1103	olaTTNIg2_194	29.032	93	56	2	1	93	1	83	7.41e-09	40.8
TTNA11_1103	olaTTNIg102_195	29.126	103	64	2	1	103	1	94	1.30e-08	40.0
TTNA11_1103	olaTTNIg5_198	31.169	77	48	2	16	92	12	83	1.34e-08	40.0
TTNA11_1103	olaTTNIg84_195	26.214	103	67	2	1	103	1	94	2.16e-08	39.7
TTNA11_1103	olaTTNIg86_197	32.051	78	47	1	14	91	13	84	2.17e-08	39.7
TTNA11_1103	olaTTNIg70_195	31.731	104	60	3	1	103	1	94	2.25e-08	39.7
TTNA11_1103	olaTTNIg68_199	26.214	103	66	4	2	101	1	96	2.47e-08	39.7
TTNA11_1103	olaTTNIg94_193	25.490	102	66	2	2	103	1	92	3.89e-08	38.9
TTNA11_1103	olaTTNIg99_197	35.526	76	41	2	17	91	15	83	4.04e-08	38.9
TTNA11_1103	olaTTNIg79_197	30.952	84	53	2	18	101	16	94	4.35e-08	38.9
TTNA11_1103	olaTTNIg111_1101	34.118	85	49	4	20	103	22	100	4.92e-08	38.9
TTNA11_1103	olaTTNIg1_196	27.778	72	48	1	20	91	16	83	4.96e-08	38.5
TTNA11_1103	olaTTNIg115_194	26.437	87	58	1	7	93	3	83	7.23e-08	38.1
TTNA11_1103	olaTTNIg98_196	26.596	94	57	2	13	103	11	95	1.14e-07	37.7
TTNA11_1103	olaTTNIg97_197	29.630	81	49	2	13	92	12	85	1.56e-07	37.4
TTNA11_1103	olaTTNIg7_195	31.250	80	45	2	15	91	10	82	1.62e-07	37.4
TTNA11_1103	olaTTNIg108_193	30.380	79	49	1	13	91	8	80	2.60e-07	36.6
TTNA11_1103	olaTTNIg78_196	23.596	89	62	1	15	103	13	95	2.76e-07	36.6
TTNA11_1103	olaTTNIg92_196	34.066	91	54	2	13	103	11	95	3.14e-07	36.6
TTNA11_1103	olaTTNIg76_192	27.473	91	60	2	13	103	7	91	5.45e-07	35.8
TTNA11_1103	olaTTNIg103_196	30.000	80	46	3	15	92	13	84	6.82e-07	35.8
TTNA11_1103	olaTTNIg9_193	28.736	87	55	1	15	101	10	89	8.90e-07	35.4
TTNA11_1103	olaTTNIg100_195	26.136	88	57	3	14	101	12	91	1.27e-06	35.0
TTNA15_1104	olaTTNnewIg_1104	41.346	104	60	1	1	103	1	104	3.93e-33	102
TTNA15_1104	olaTTNIg69_194	39.806	103	52	1	1	103	1	93	1.16e-23	78.6
TTNA15_1104	olaTTNIg81_193	34.951	103	56	2	1	103	1	92	2.13e-21	72.8
TTNA15_1104	olaTTNIg72_197	36.190	105	55	2	1	103	2	96	1.33e-20	70.9
TTNA15_1104	olaTTNIg87_194	35.922	103	56	2	1	103	1	93	3.08e-20	70.1
TTNA15_1104	olaTTNIg66_196	36.893	103	56	1	1	103	2	95	1.55e-19	68.2
TTNA15_1104	olaTTNIg75_195	32.039	103	61	1	1	103	1	94	1.29e-18	65.9
TTNA15_1104	olaTTNIg93_194	30.097	103	62	2	1	103	1	93	7.05e-17	61.2
TTNA15_1104	olaTTNIg73_197	35.514	107	53	3	1	103	2	96	9.31e-17	61.2
TTNA15_1104	olaTTNIg71_194	30.097	103	62	1	1	103	1	93	3.04e-16	59.7
TTNA15_1104	olaTTNIg84_195	30.097	103	62	2	1	103	2	94	7.58e-16	58.9
TTNA15_1104	olaTTNIg74_196	35.354	99	58	2	5	103	3	95	9.85e-16	58.5
TTNA15_1104	olaTTNIg104_198	34.409	93	53	2	11	103	13	97	2.20e-15	57.8
TTNA15_1104	olaTTNIg107_194	29.412	102	62	1	1	102	1	92	6.17e-15	56.6
TTNA15_1104	olaTTNIg79_197	36.170	94	47	2	12	102	12	95	3.31e-14	54.7
TTNA15_1104	olaTTNIg82_196	34.066	91	52	1	13	103	13	95	1.43e-13	53.1
TTNA15_1104	olaTTNIg90_195	31.068	103	61	2	1	103	2	94	2.23e-13	52.4
TTNA15_1104	olaTTNIg94_193	31.183	93	56	1	11	103	8	92	2.35e-13	52.4
TTNA15_1104	olaTTNIg77_197	29.808	104	63	3	1	103	2	96	5.06e-13	51.6
TTNA15_1104	olaTTNIg102_195	29.126	103	63	1	1	103	2	94	6.20e-13	51.2
TTNA15_1104	olaTTNIg83_195	29.808	104	62	3	1	103	1	94	8.38e-13	50.8
TTNA15_1104	olaTTNIg80_196	35.294	102	57	3	3	103	2	95	1.05e-12	50.8
TTNA15_1104	olaTTNIg78_196	28.155	103	66	2	1	103	1	95	1.12e-12	50.8
TTNA15_1104	olaTTNIg1_196	29.670	91	58	2	11	101	9	93	3.99e-12	49.3
TTNA15_1104	olaTTNIg89_196	26.214	103	68	2	1	103	1	95	5.62e-12	48.9
TTNA15_1104	olaTTNIg98_196	29.032	93	58	1	11	103	11	95	6.89e-12	48.5
TTNA15_1104	olaTTNIg95_197	27.184	103	67	2	1	103	2	96	7.67e-12	48.5
TTNA15_1104	olaTTNIg105_194	32.353	102	57	3	2	103	4	93	1.06e-11	48.1
TTNA15_1104	olaTTNIg101_195	30.769	104	55	4	1	103	7	94	1.11e-11	48.1
TTNA15_1104	olaTTNIg63_197	29.126	103	65	1	1	103	2	96	1.99e-11	47.4
TTNA15_1104	olaTTNIg76_192	26.966	89	55	2	16	103	12	91	2.70e-11	47.0
TTNA15_1104	olaTTNIg64_193	32.323	99	56	3	5	102	3	91	3.34e-11	47.0
TTNA15_1104	olaTTNIg96_194	26.214	103	66	2	1	103	1	93	3.41e-11	47.0
TTNA15_1104	olaTTNIg109_193	27.273	99	63	2	6	103	2	92	6.56e-11	46.2
TTNA15_1104	olaTTNIg99_197	27.273	99	63	3	6	103	6	96	1.57e-10	45.1
TTNA15_1104	olaTTNIg103_196	27.957	93	59	1	9	101	9	93	2.12e-10	44.7
TTNA15_1104	olaTTNIg100_195	25.490	102	68	1	1	102	1	94	5.44e-10	43.9
TTNA15_1104	olaTTNIg91_193	32.184	87	51	2	17	103	14	92	6.83e-10	43.5
TTNA15_1104	olaTTNIg68_199	26.531	98	67	2	7	102	3	97	5.66e-09	41.2
TTNA15_1104	olaTTNIg86_197	26.214	103	68	2	1	103	2	96	7.27e-09	40.8
TTNA15_1104	olaTTNIg117_196	29.762	84	51	1	18	101	16	91	2.24e-08	39.7
TTNA15_1104	olaTTNIg70_195	23.232	99	68	1	5	103	4	94	3.23e-08	39.3
TTNA15_1104	olaTTNIg97_197	29.268	82	50	1	10	91	11	84	2.50e-07	37.0
TTNA15_1104	olaTTNIg67_1104	25.806	93	68	1	11	103	12	103	2.71e-07	37.0
TTNA15_1104	olaTTNIg92_196	26.667	105	65	2	1	103	1	95	3.14e-07	36.6
TTNA15_1104	olaTTNIg6_195	24.138	87	59	3	15	101	12	91	3.97e-07	36.2
TTNA15_1104	olaTTNIg106_196	27.907	86	54	2	17	102	17	94	1.06e-06	35.0
TTNA15_1104	olaTTNIg85_194	29.670	91	54	3	13	103	13	93	2.00e-06	34.3
TTNA15_1104	olaTTNIg7_195	27.586	87	57	1	15	101	12	92	4.79e-06	33.5
TTNA18_199	olaTTNIg68_199	67.347	98	32	0	2	99	1	98	3.44e-51	148
TTNA18_199	olaTTNIg81_193	30.612	98	52	2	4	98	7	91	1.15e-11	47.8
TTNA18_199	olaTTNIg73_197	30.526	95	59	2	4	98	8	95	1.20e-11	47.8
TTNA18_199	olaTTNIg98_196	32.673	101	57	4	2	98	1	94	5.45e-11	46.2
TTNA18_199	olaTTNIg71_194	36.905	84	44	2	15	98	18	92	6.77e-11	45.8
TTNA18_199	olaTTNIg87_194	32.979	94	54	2	5	98	8	92	1.14e-10	45.4
TTNA18_199	olaTTNIg74_196	27.368	95	64	1	4	98	5	94	3.48e-10	44.3
TTNA18_199	olaTTNIg72_197	28.431	102	62	3	1	98	1	95	3.82e-10	43.9
TTNA18_199	olaTTNIg5_198	28.736	87	56	1	11	97	12	92	8.31e-10	43.1
TTNA18_199	olaTTNIg64_193	29.293	99	62	3	2	99	1	92	8.96e-09	40.4
TTNA18_199	olaTTNIg79_197	31.429	105	56	5	2	99	1	96	1.01e-08	40.4
TTNA18_199	olaTTNIg7_195	29.670	91	53	3	10	97	10	92	1.03e-08	40.4
TTNA18_199	olaTTNIg94_193	28.571	98	62	3	2	98	1	91	1.33e-08	40.0
TTNA18_199	olaTTNIg95_197	31.868	91	51	3	1	87	1	84	1.41e-08	40.0
TTNA18_199	olaTTNIg107_194	28.713	101	55	3	4	99	5	93	1.80e-08	39.7
TTNA18_199	olaTTNIg88_193	30.488	82	50	1	17	98	17	91	2.62e-08	39.3
TTNA18_199	olaTTNIg75_195	27.723	101	61	3	2	98	1	93	2.93e-08	38.9
TTNA18_199	olaTTNIg78_196	25.882	85	56	1	3	87	6	83	3.35e-08	38.9
TTNA18_199	olaTTNIg77_197	26.214	103	63	3	1	98	1	95	3.71e-08	38.9
TTNA18_199	olaTTNIg101_195	27.368	95	51	2	8	97	11	92	4.33e-08	38.5
TTNA18_199	olaTTNIg3_195	28.235	85	52	2	12	95	13	89	6.83e-08	38.1
TTNA18_199	olaTTNIg69_194	30.108	93	56	2	6	98	9	92	9.03e-08	37.7
TTNA18_199	olaTTNIg63_197	28.155	103	61	3	1	98	1	95	1.06e-07	37.7
TTNA18_199	olaTTNIg89_196	29.487	78	46	2	12	88	15	84	1.24e-07	37.4
TTNA18_199	olaTTNnewIg_1104	26.263	99	67	2	4	98	7	103	1.64e-07	37.4
TTNA18_199	olaTTNIg90_195	30.392	102	58	3	1	98	1	93	1.70e-07	37.0
TTNA18_199	olaTTNIg102_195	26.471	102	62	2	1	98	1	93	1.83e-07	37.0
TTNA18_199	olaTTNIg93_194	26.804	97	56	2	5	98	8	92	2.10e-07	37.0
TTNA18_199	olaTTNIg96_194	26.316	95	61	1	4	98	7	92	2.77e-07	36.6
TTNA18_199	olaTTNIg91_193	26.531	98	64	2	2	98	1	91	3.09e-07	36.2
TTNA18_199	olaTTNIg76_192	21.277	94	67	1	2	95	1	87	3.34e-07	36.2
TTNA18_199	olaTTNIg84_195	26.667	105	58	4	1	98	1	93	3.44e-07	36.2
TTNA18_199	olaTTNIg111_1101	25.510	98	65	2	1	97	8	98	3.44e-07	36.2
TTNA18_199	olaTTNIg67_1104	26.966	89	61	2	12	98	16	102	3.50e-07	36.6
TTNA18_199	olaTTNIg105_194	29.474	95	54	3	5	97	8	91	4.00e-07	36.2
TTNA18_199	olaTTNIg100_195	28.846	104	59	4	2	99	1	95	4.03e-07	36.2
TTNA18_199	olaTTNIg2_194	23.864	88	60	1	12	99	13	93	4.09e-07	36.2
TTNA18_199	olaTTNIg110_194	26.966	89	58	2	10	97	10	92	8.54e-07	35.0
TTNA18_199	olaTTNIg117_196	29.213	89	50	3	12	97	13	91	1.01e-06	35.0
TTNA18_199	olaTTNIg66_196	25.490	102	64	3	1	98	1	94	1.03e-06	35.0
TTNA18_199	olaTTNIg41_196	29.487	78	44	3	12	87	14	82	1.34e-06	34.7
TTNA18_199	olaTTNIg80_196	30.392	102	59	5	1	98	1	94	1.51e-06	34.7
TTNA18_199	olaTTNIg70_195	27.174	92	54	3	1	88	1	83	1.81e-06	34.3
TTNA18_199	olaTTNIg83_195	30.108	93	58	2	6	98	8	93	1.89e-06	34.3
TTNA18_199	olaTTNIg62_195	30.392	102	60	3	2	99	1	95	2.07e-06	34.3
TTNA18_199	olaTTNIg82_196	27.473	91	55	2	2	88	1	84	2.88e-06	33.9
TTNA18_199	olaTTNIg114_192	28.571	91	51	4	10	97	10	89	3.07e-06	33.9
TTNA18_199	olaTTNIg99_197	31.579	76	45	2	12	87	15	83	3.80e-06	33.5
TTNA18_199	olaTTNIg9_193	23.711	97	66	1	1	97	1	89	7.75e-06	32.7
TTNA22_194	olaTTNIg69_194	62.366	93	35	0	2	94	1	93	1.75e-41	123
TTNA22_194	olaTTNIg107_194	41.304	92	54	0	2	93	1	92	5.09e-22	74.3
TTNA22_194	olaTTNIg93_194	35.484	93	60	0	2	94	1	93	1.34e-21	73.2
TTNA22_194	olaTTNIg87_194	34.409	93	61	0	2	94	1	93	7.85e-21	71.2
TTNA22_194	olaTTNIg73_197	38.776	98	52	2	2	94	2	96	8.96e-21	71.2
TTNA22_194	olaTTNIg81_193	37.634	93	57	1	2	94	1	92	1.91e-18	65.1
TTNA22_194	olaTTNIg82_196	35.789	95	59	1	2	94	1	95	2.92e-18	64.7
TTNA22_194	olaTTNIg105_194	31.183	93	64	0	2	94	1	93	6.50e-18	63.5
TTNA22_194	olaTTNIg102_195	32.258	93	63	0	2	94	2	94	2.30e-17	62.4
TTNA22_194	olaTTNIg84_195	32.258	93	63	0	2	94	2	94	3.51e-17	62.0
TTNA22_194	olaTTNIg66_196	31.915	94	63	1	2	94	2	95	7.61e-17	60.8
TTNA22_194	olaTTNIg71_194	33.333	93	62	0	2	94	1	93	8.35e-17	60.8
TTNA22_194	olaTTNIg75_195	34.043	94	61	1	2	94	1	94	9.85e-17	60.8
TTNA22_194	olaTTNIg90_195	33.333	93	62	0	2	94	2	94	1.41e-16	60.5
TTNA22_194	olaTTNnewIg_1104	34.615	104	57	2	2	94	1	104	7.80e-15	56.2
TTNA22_194	olaTTNIg78_196	31.579	95	63	2	2	94	1	95	1.86e-14	55.1
TTNA22_194	olaTTNIg89_196	36.842	95	58	1	2	94	1	95	2.09e-14	54.7
TTNA22_194	olaTTNIg77_197	32.632	95	62	1	2	94	2	96	1.22e-13	52.8
TTNA22_194	olaTTNIg72_197	30.526	95	64	1	2	94	2	96	2.12e-13	52.4
TTNA22_194	olaTTNIg96_194	29.032	93	66	0	2	94	1	93	2.18e-13	52.0
TTNA22_194	olaTTNIg70_195	31.579	95	61	2	2	94	2	94	2.54e-13	52.0
TTNA22_194	olaTTNIg80_196	35.106	94	58	3	4	94	2	95	2.62e-13	52.0
TTNA22_194	olaTTNIg95_197	30.952	84	56	1	2	83	2	85	3.87e-13	51.6
TTNA22_194	olaTTNIg101_195	26.316	95	67	2	2	94	1	94	1.11e-12	50.4
TTNA22_194	olaTTNIg79_197	26.829	82	57	1	15	93	14	95	2.79e-12	49.3
TTNA22_194	olaTTNIg104_198	30.208	96	64	2	2	94	2	97	5.49e-12	48.5
TTNA22_194	olaTTNIg83_195	28.421	95	65	2	2	94	1	94	6.12e-12	48.5
TTNA22_194	olaTTNIg86_197	33.684	95	61	1	2	94	2	96	1.17e-11	47.8
TTNA22_194	olaTTNIg109_193	29.670	91	61	2	7	94	2	92	2.89e-11	46.6
TTNA22_194	olaTTNIg94_193	35.802	81	50	1	16	94	12	92	4.89e-11	46.2
TTNA22_194	olaTTNIg74_196	31.765	85	54	1	14	94	11	95	5.49e-11	45.8
TTNA22_194	olaTTNIg98_196	28.421	95	66	1	2	94	1	95	6.18e-11	45.8
TTNA22_194	olaTTNIg63_197	31.579	95	63	1	2	94	2	96	1.47e-10	45.1
TTNA22_194	olaTTNIg103_196	32.099	81	53	1	14	92	13	93	2.90e-10	44.3
TTNA22_194	olaTTNIg76_192	31.646	79	52	2	18	94	13	91	5.43e-10	43.5
TTNA22_194	olaTTNIg111_1101	27.083	96	65	2	4	94	5	100	2.97e-09	41.6
TTNA22_194	olaTTNIg92_196	33.684	95	61	1	2	94	1	95	3.81e-09	41.2
TTNA22_194	olaTTNIg67_1104	33.333	90	51	2	14	94	14	103	5.11e-09	41.2
TTNA22_194	olaTTNIg68_199	29.762	84	50	2	19	93	14	97	7.88e-08	37.7
TTNA22_194	olaTTNIg88_193	29.630	81	55	1	16	94	12	92	1.36e-07	37.0
TTNA22_194	olaTTNIg115_194	28.947	76	52	1	19	92	16	91	1.59e-07	37.0
TTNA22_194	olaTTNIg99_197	26.374	91	64	2	7	94	6	96	3.04e-07	36.2
TTNA22_194	olaTTNIg100_195	24.468	94	69	1	2	93	1	94	5.00e-07	35.8
TTNA22_194	olaTTNIg21_195	30.000	70	47	1	16	83	13	82	5.49e-07	35.4
TTNA22_194	olaTTNIg39_194	30.882	68	45	1	18	83	16	83	1.20e-06	34.7
TTNA22_194	olaTTNIg116_195	24.691	81	59	1	14	92	11	91	7.60e-06	32.7
TTNA22_194	olaTTNIg91_193	28.395	81	56	1	16	94	12	92	8.11e-06	32.3
TTNA25_194	olaTTNIg70_195	58.511	94	39	0	1	94	1	94	5.70e-40	119
TTNA25_194	olaTTNIg73_197	37.500	96	58	1	1	94	1	96	6.57e-20	68.9
TTNA25_194	olaTTNIg74_196	34.737	95	60	1	2	94	1	95	2.71e-17	62.0
TTNA25_194	olaTTNIg84_195	38.542	96	55	2	1	94	1	94	1.06e-16	60.5
TTNA25_194	olaTTNIg72_197	29.167	96	66	1	1	94	1	96	1.15e-16	60.5
TTNA25_194	olaTTNIg64_193	31.522	92	62	1	2	93	1	91	3.73e-16	59.3
TTNA25_194	olaTTNIg87_194	36.364	88	54	1	7	94	8	93	5.90e-16	58.5
TTNA25_194	olaTTNIg66_196	33.333	96	61	2	1	94	1	95	2.17e-15	57.4
TTNA25_194	olaTTNIg90_195	30.208	96	63	2	1	94	1	94	4.79e-15	56.2
TTNA25_194	olaTTNIg103_196	35.802	81	52	0	12	92	13	93	2.38e-14	54.7
TTNA25_194	olaTTNIg83_195	30.851	94	64	1	2	94	1	94	2.59e-14	54.7
TTNA25_194	olaTTNIg105_194	31.868	91	60	1	4	94	5	93	3.15e-14	54.3
TTNA25_194	olaTTNIg86_197	30.233	86	58	1	1	84	1	86	2.44e-13	52.0
TTNA25_194	olaTTNIg77_197	29.167	96	66	1	1	94	1	96	4.04e-13	51.6
TTNA25_194	olaTTNIg102_195	30.208	96	63	2	1	94	1	94	5.18e-13	51.2
TTNA25_194	olaTTNIg100_195	35.897	78	45	3	12	87	13	87	5.53e-13	51.2
TTNA25_194	olaTTNIg63_197	31.250	96	64	1	1	94	1	96	7.09e-13	50.8
TTNA25_194	olaTTNIg104_198	31.633	98	62	3	1	94	1	97	7.90e-13	50.8
TTNA25_194	olaTTNIg89_196	29.885	87	61	0	8	94	9	95	1.37e-12	50.1
TTNA25_194	olaTTNIg75_195	32.292	96	60	3	2	94	1	94	1.57e-12	50.1
TTNA25_194	olaTTNIg95_197	29.762	84	57	1	1	82	1	84	3.10e-12	49.3
TTNA25_194	olaTTNIg96_194	32.967	91	59	1	4	94	5	93	3.46e-12	48.9
TTNA25_194	olaTTNIg93_194	30.769	91	61	1	4	94	5	93	3.61e-12	48.9
TTNA25_194	olaTTNIg33_195	25.806	93	69	0	2	94	1	93	4.53e-12	48.9
TTNA25_194	olaTTNIg88_193	32.836	67	45	0	28	94	26	92	5.50e-12	48.5
TTNA25_194	olaTTNIg81_193	33.684	95	58	2	2	94	1	92	6.26e-12	48.5
TTNA25_194	olaTTNIg91_193	29.268	82	57	1	2	83	1	81	9.32e-12	47.8
TTNA25_194	olaTTNIg80_196	30.526	95	65	1	1	94	1	95	2.02e-11	47.0
TTNA25_194	olaTTNIg40_194	32.099	81	53	1	12	92	10	88	3.21e-11	46.6
TTNA25_194	olaTTNIg107_194	33.333	90	58	1	4	93	5	92	4.63e-11	46.2
TTNA25_194	olaTTNIg62_195	29.787	94	64	2	2	93	1	94	8.09e-11	45.4
TTNA25_194	olaTTNIg101_195	28.409	88	62	1	7	94	8	94	1.27e-10	45.1
TTNA25_194	olaTTNIg82_196	34.328	67	44	0	28	94	29	95	1.97e-10	44.7
TTNA25_194	olaTTNIg67_1104	28.261	92	59	2	10	94	12	103	2.13e-10	44.7
TTNA25_194	olaTTNIg76_192	34.783	69	43	2	15	82	12	79	2.62e-10	44.3
TTNA25_194	olaTTNIg85_194	27.059	85	62	0	10	94	9	93	3.13e-10	43.9
TTNA25_194	olaTTNIg36_194	22.222	81	63	0	2	82	2	82	5.64e-10	43.5
TTNA25_194	olaTTNIg94_193	25.806	93	68	1	2	94	1	92	9.87e-10	42.7
TTNA25_194	olaTTNIg92_196	28.736	87	62	0	8	94	9	95	1.02e-09	42.7
TTNA25_194	olaTTNIg79_197	35.821	67	42	1	28	93	29	95	1.10e-09	42.7
TTNA25_194	olaTTNIg78_196	24.176	91	69	0	4	94	5	95	3.14e-09	41.6
TTNA25_194	olaTTNIg23_194	25.275	91	67	1	2	92	1	90	3.59e-09	41.2
TTNA25_194	olaTTNIg98_196	22.727	88	68	0	7	94	8	95	4.52e-09	41.2
TTNA25_194	olaTTNIg71_194	34.343	99	53	5	2	94	1	93	5.50e-09	40.8
TTNA25_194	olaTTNIg116_195	26.154	65	48	0	28	92	27	91	5.98e-09	40.8
TTNA25_194	olaTTNIg37_193	26.087	92	67	1	1	92	1	91	6.08e-09	40.8
TTNA25_194	olaTTNIg97_197	27.500	80	58	0	9	88	11	90	1.82e-08	39.7
TTNA25_194	olaTTNnewIg_1104	29.245	106	60	4	2	94	1	104	6.23e-08	38.1
TTNA25_194	olaTTNIg38_193	24.706	85	63	1	1	85	1	84	7.11e-08	37.7
TTNA25_194	olaTTNIg115_194	26.154	65	48	0	28	92	27	91	7.47e-08	37.7
TTNA29_194	olaTTNIg71_194	50.538	93	46	0	2	94	1	93	5.63e-29	91.7
TTNA29_194	olaTTNIg84_195	43.617	94	53	0	1	94	1	94	4.58e-22	74.3
TTNA29_194	olaTTNIg93_194	39.785	93	56	0	2	94	1	93	5.83e-20	68.9
TTNA29_194	olaTTNIg75_195	40.426	94	55	1	2	94	1	94	9.35e-20	68.6
TTNA29_194	olaTTNIg95_197	34.375	96	61	1	1	94	1	96	3.92e-19	67.0
TTNA29_194	olaTTNIg72_197	37.500	96	58	1	1	94	1	96	3.27e-18	64.7
TTNA29_194	olaTTNIg102_195	32.979	94	63	0	1	94	1	94	4.91e-18	63.9
TTNA29_194	olaTTNIg81_193	40.860	93	54	1	2	94	1	92	8.23e-18	63.5
TTNA29_194	olaTTNIg77_197	37.500	96	58	1	1	94	1	96	1.45e-17	62.8
TTNA29_194	olaTTNIg69_194	34.409	93	61	0	2	94	1	93	1.53e-17	62.8
TTNA29_194	olaTTNIg107_194	36.957	92	58	0	2	93	1	92	5.35e-16	58.9
TTNA29_194	olaTTNIg89_196	32.632	95	62	1	2	94	1	95	8.20e-16	58.5
TTNA29_194	olaTTNIg87_194	33.333	93	62	0	2	94	1	93	4.43e-15	56.6
TTNA29_194	olaTTNIg96_194	34.409	93	61	0	2	94	1	93	6.84e-15	55.8
TTNA29_194	olaTTNIg104_198	36.082	97	59	2	1	94	1	97	7.27e-14	53.5
TTNA29_194	olaTTNIg63_197	34.375	96	61	1	1	94	1	96	1.09e-13	53.1
TTNA29_194	olaTTNIg90_195	32.258	93	61	1	1	91	1	93	1.24e-13	52.8
TTNA29_194	olaTTNIg66_196	34.375	96	60	2	1	94	1	95	2.38e-13	52.0
TTNA29_194	olaTTNIg103_196	42.105	76	42	1	19	92	18	93	2.99e-13	52.0
TTNA29_194	olaTTNIg78_196	31.579	95	63	1	2	94	1	95	3.26e-13	51.6
TTNA29_194	olaTTNIg101_195	37.037	81	48	2	16	94	15	94	7.98e-13	50.8
TTNA29_194	olaTTNIg105_194	30.108	93	65	0	2	94	1	93	9.28e-13	50.4
TTNA29_194	olaTTNIg88_193	34.783	69	43	1	28	94	24	92	1.14e-12	50.4
TTNA29_194	olaTTNIg79_197	37.500	80	47	2	17	93	16	95	1.15e-12	50.4
TTNA29_194	olaTTNIg73_197	28.125	96	67	1	1	94	1	96	1.77e-12	50.1
TTNA29_194	olaTTNIg86_197	30.208	96	65	1	1	94	1	96	3.07e-12	49.3
TTNA29_194	olaTTNIg80_196	34.043	94	59	3	4	94	2	95	6.60e-12	48.5
TTNA29_194	olaTTNIg94_193	32.099	81	53	1	16	94	12	92	1.43e-11	47.4
TTNA29_194	olaTTNIg3_195	30.120	83	56	1	12	92	9	91	4.78e-11	46.2
TTNA29_194	olaTTNIg74_196	32.143	84	51	2	16	94	13	95	5.43e-11	46.2
TTNA29_194	olaTTNnewIg_1104	27.885	104	64	1	2	94	1	104	8.88e-11	45.8
TTNA29_194	olaTTNIg91_193	29.670	91	61	2	7	94	2	92	1.23e-10	45.1
TTNA29_194	olaTTNIg64_193	29.870	77	52	1	19	93	15	91	2.56e-10	44.3
TTNA29_194	olaTTNIg39_194	30.263	76	51	1	19	92	17	92	5.47e-10	43.5
TTNA29_194	olaTTNIg98_196	26.829	82	58	1	15	94	14	95	5.56e-10	43.5
TTNA29_194	olaTTNIg92_196	35.802	81	50	1	16	94	15	95	1.52e-09	42.4
TTNA29_194	olaTTNIg76_192	27.500	80	56	1	17	94	12	91	1.57e-09	42.0
TTNA29_194	olaTTNIg83_195	28.395	81	56	1	16	94	14	94	2.15e-09	42.0
TTNA29_194	olaTTNIg116_195	33.803	71	45	1	16	84	13	83	5.37e-09	40.8
TTNA29_194	olaTTNIg34_193	30.120	83	56	1	12	92	9	91	1.04e-08	40.0
TTNA29_194	olaTTNIg68_199	28.713	101	59	3	2	93	1	97	1.33e-08	40.0
TTNA29_194	olaTTNIg21_195	29.630	81	55	1	14	92	11	91	2.46e-08	39.3
TTNA29_194	olaTTNIg99_197	28.723	94	62	3	6	94	3	96	3.03e-08	38.9
TTNA29_194	olaTTNIg82_196	27.381	84	59	1	2	83	1	84	3.10e-08	38.9
TTNA29_194	olaTTNIg100_195	27.160	81	57	1	15	93	14	94	5.13e-08	38.1
TTNA29_194	olaTTNIg40_194	29.114	79	54	1	16	92	12	90	5.20e-08	38.1
TTNA29_194	olaTTNIg23_194	25.316	79	57	1	16	92	12	90	6.30e-08	38.1
TTNA29_194	olaTTNIg106_196	32.099	81	53	1	15	93	14	94	8.78e-08	37.7
TTNA29_194	olaTTNIg70_195	29.630	81	55	1	16	94	14	94	1.15e-07	37.4
TTNA29_194	olaTTNIg97_197	25.263	95	69	1	2	94	2	96	1.38e-07	37.4
TTNA32_196	olaTTNIg72_197	59.375	96	39	0	1	96	1	96	2.19e-41	123
TTNA32_196	olaTTNIg66_196	43.750	96	53	1	1	96	1	95	2.70e-27	87.8
TTNA32_196	olaTTNIg95_197	38.542	96	59	0	1	96	1	96	3.58e-22	74.7
TTNA32_196	olaTTNIg81_193	36.842	95	57	1	2	96	1	92	9.10e-22	73.6
TTNA32_196	olaTTNIg63_197	35.417	96	62	0	1	96	1	96	3.38e-21	72.4
TTNA32_196	olaTTNIg102_195	38.542	96	57	2	1	96	1	94	8.66e-21	71.2
TTNA32_196	olaTTNIg77_197	36.458	96	61	0	1	96	1	96	1.01e-20	70.9
TTNA32_196	olaTTNIg84_195	37.500	96	58	1	1	96	1	94	3.03e-20	69.7
TTNA32_196	olaTTNIg69_194	42.105	95	53	1	2	96	1	93	3.19e-20	69.7
TTNA32_196	olaTTNIg104_198	38.144	97	59	1	1	96	1	97	6.09e-20	68.9
TTNA32_196	olaTTNIg96_194	35.789	95	59	1	2	96	1	93	1.66e-18	65.5
TTNA32_196	olaTTNIg93_194	35.789	95	59	1	2	96	1	93	1.14e-17	63.2
TTNA32_196	olaTTNIg98_196	32.632	95	64	0	2	96	1	95	1.90e-17	62.8
TTNA32_196	olaTTNIg80_196	37.234	94	58	1	4	96	2	95	2.05e-17	62.4
TTNA32_196	olaTTNIg75_195	36.082	97	57	2	2	96	1	94	5.33e-17	61.6
TTNA32_196	olaTTNIg107_194	35.106	94	59	1	2	95	1	92	1.37e-16	60.5
TTNA32_196	olaTTNIg90_195	33.333	96	62	2	1	96	1	94	2.77e-16	59.7
TTNA32_196	olaTTNIg83_195	34.940	83	54	0	14	96	12	94	3.16e-16	59.7
TTNA32_196	olaTTNIg71_194	33.684	95	61	1	2	96	1	93	1.05e-15	58.2
TTNA32_196	olaTTNIg87_194	34.737	95	60	1	2	96	1	93	1.10e-15	58.2
TTNA32_196	olaTTNIg74_196	37.234	94	55	3	6	96	3	95	4.56e-15	56.6
TTNA32_196	olaTTNIg78_196	29.474	95	67	0	2	96	1	95	5.02e-15	56.6
TTNA32_196	olaTTNIg73_197	29.167	96	68	0	1	96	1	96	7.75e-15	55.8
TTNA32_196	olaTTNnewIg_1104	36.538	104	57	3	2	96	1	104	5.46e-14	53.9
TTNA32_196	olaTTNIg89_196	26.316	95	70	0	2	96	1	95	1.08e-13	53.1
TTNA32_196	olaTTNIg76_192	30.000	80	56	0	17	96	12	91	1.61e-13	52.4
TTNA32_196	olaTTNIg38_193	32.979	94	60	1	1	94	1	91	1.94e-13	52.4
TTNA32_196	olaTTNIg68_199	31.683	101	58	2	2	95	1	97	2.21e-13	52.4
TTNA32_196	olaTTNIg39_194	36.145	83	53	0	12	94	10	92	2.49e-13	52.0
TTNA32_196	olaTTNIg99_197	29.474	95	66	1	3	96	2	96	2.57e-13	52.0
TTNA32_196	olaTTNIg79_197	32.632	95	63	1	2	95	1	95	4.41e-13	51.6
TTNA32_196	olaTTNIg70_195	28.125	96	67	1	1	96	1	94	4.50e-13	51.6
TTNA32_196	olaTTNIg101_195	31.579	95	64	1	2	96	1	94	1.73e-12	50.1
TTNA32_196	olaTTNIg33_195	34.568	81	53	0	16	96	13	93	1.79e-12	50.1
TTNA32_196	olaTTNIg94_193	31.579	95	62	1	2	96	1	92	2.47e-12	49.3
TTNA32_196	olaTTNIg27_192	32.530	83	56	0	14	96	10	92	9.11e-12	48.1
TTNA32_196	olaTTNIg82_196	33.333	72	48	0	14	85	13	84	9.61e-12	48.1
TTNA32_196	olaTTNIg86_197	27.083	96	70	0	1	96	1	96	1.81e-11	47.4
TTNA32_196	olaTTNIg64_193	26.596	94	66	1	2	95	1	91	2.18e-11	47.0
TTNA32_196	olaTTNIg92_196	30.526	95	66	0	2	96	1	95	4.19e-11	46.2
TTNA32_196	olaTTNIg109_193	29.670	91	63	1	7	96	2	92	5.32e-11	46.2
TTNA32_196	olaTTNIg97_197	30.000	80	56	0	16	95	16	95	9.06e-11	45.4
TTNA32_196	olaTTNIg103_196	24.731	93	70	0	2	94	1	93	9.37e-11	45.4
TTNA32_196	olaTTNIg2_194	24.468	94	68	1	1	94	1	91	1.73e-10	44.7
TTNA32_196	olaTTNIg67_1104	26.667	90	59	2	14	96	14	103	2.00e-10	44.7
TTNA32_196	olaTTNIg105_194	28.421	95	66	1	2	96	1	93	2.03e-10	44.7
TTNA32_196	olaTTNIg88_193	32.099	81	53	1	16	96	14	92	2.49e-10	44.3
TTNA32_196	olaTTNIg115_194	35.211	71	42	2	16	84	13	81	3.59e-10	43.9
TTNA32_196	olaTTNIg116_195	25.301	83	62	0	12	94	9	91	3.66e-10	43.9
TTNA32_196	olaTTNIg6_195	28.571	77	54	1	19	94	15	91	4.39e-10	43.9
TTNA36_196	olaTTNIg73_197	57.292	96	41	0	1	96	1	96	4.99e-42	125
TTNA36_196	olaTTNIg81_193	40.000	95	54	2	2	96	1	92	5.19e-20	68.9
TTNA36_196	olaTTNIg69_194	41.053	95	54	1	2	96	1	93	5.87e-20	68.9
TTNA36_196	olaTTNIg66_196	36.458	96	60	1	1	96	1	95	1.12e-19	68.2
TTNA36_196	olaTTNIg63_197	39.583	96	58	0	1	96	1	96	2.26e-19	67.4
TTNA36_196	olaTTNIg74_196	39.535	86	50	1	13	96	10	95	3.60e-19	67.0
TTNA36_196	olaTTNIg93_194	37.895	95	57	1	2	96	1	93	5.47e-19	66.6
TTNA36_196	olaTTNIg87_194	35.789	95	59	1	2	96	1	93	7.83e-19	66.2
TTNA36_196	olaTTNIg84_195	37.755	98	55	3	1	96	1	94	3.16e-18	64.7
TTNA36_196	olaTTNIg75_195	35.417	96	59	2	2	96	1	94	6.07e-18	63.9
TTNA36_196	olaTTNIg90_195	41.000	100	49	3	1	96	1	94	2.52e-17	62.4
TTNA36_196	olaTTNIg83_195	30.526	95	65	1	2	96	1	94	7.96e-17	60.8
TTNA36_196	olaTTNIg95_197	32.143	84	57	0	1	84	1	84	1.57e-16	60.5
TTNA36_196	olaTTNIg70_195	34.375	96	61	1	1	96	1	94	1.78e-16	60.1
TTNA36_196	olaTTNIg78_196	29.412	102	58	2	2	96	1	95	8.78e-16	58.5
TTNA36_196	olaTTNIg72_197	32.292	96	65	0	1	96	1	96	2.33e-15	57.4
TTNA36_196	olaTTNIg107_194	35.106	94	59	1	2	95	1	92	3.21e-15	57.0
TTNA36_196	olaTTNIg91_193	32.941	85	57	0	12	96	8	92	3.35e-15	57.0
TTNA36_196	olaTTNIg88_193	36.585	82	52	0	15	96	11	92	4.11e-15	56.6
TTNA36_196	olaTTNIg82_196	32.632	95	64	0	2	96	1	95	9.01e-15	55.8
TTNA36_196	olaTTNIg85_194	32.941	85	57	0	12	96	9	93	1.72e-14	55.1
TTNA36_196	olaTTNIg89_196	32.632	95	64	0	2	96	1	95	2.16e-14	54.7
TTNA36_196	olaTTNIg92_196	31.579	95	65	0	2	96	1	95	2.66e-14	54.7
TTNA36_196	olaTTNIg77_197	31.250	96	66	0	1	96	1	96	3.76e-14	54.3
TTNA36_196	olaTTNIg103_196	32.258	93	63	0	2	94	1	93	4.56e-14	53.9
TTNA36_196	olaTTNIg98_196	29.474	95	67	0	2	96	1	95	1.74e-13	52.4
TTNA36_196	olaTTNIg102_195	27.000	100	63	2	1	96	1	94	2.92e-13	52.0
TTNA36_196	olaTTNIg80_196	34.043	94	61	1	4	96	2	95	1.44e-12	50.1
TTNA36_196	olaTTNIg105_194	29.474	95	65	1	2	96	1	93	1.66e-12	50.1
TTNA36_196	olaTTNnewIg_1104	32.381	105	60	2	2	96	1	104	1.73e-12	50.1
TTNA36_196	olaTTNIg104_198	32.990	97	64	1	1	96	1	97	2.29e-12	49.7
TTNA36_196	olaTTNIg64_193	28.889	90	63	1	6	95	3	91	3.31e-12	49.3
TTNA36_196	olaTTNIg96_194	28.421	95	66	1	2	96	1	93	5.55e-12	48.5
TTNA36_196	olaTTNIg101_195	29.474	95	66	1	2	96	1	94	6.39e-12	48.5
TTNA36_196	olaTTNIg117_196	31.250	80	55	0	15	94	12	91	7.67e-12	48.1
TTNA36_196	olaTTNIg36_194	31.646	79	54	0	16	94	14	92	7.84e-12	48.1
TTNA36_196	olaTTNIg21_195	32.895	76	51	0	15	90	12	87	9.93e-12	48.1
TTNA36_196	olaTTNIg71_194	30.208	96	63	3	2	96	1	93	1.12e-11	47.8
TTNA36_196	olaTTNIg94_193	28.421	95	65	1	2	96	1	92	2.18e-11	47.0
TTNA36_196	olaTTNIg86_197	30.208	96	67	0	1	96	1	96	4.32e-11	46.2
TTNA36_196	olaTTNIg108_193	25.926	81	60	0	12	92	8	88	1.02e-10	45.4
TTNA36_196	olaTTNIg2_194	34.286	70	46	0	15	84	12	81	1.19e-10	45.1
TTNA36_196	olaTTNIg24_194	27.273	77	56	0	14	90	10	86	1.52e-10	45.1
TTNA36_196	olaTTNIg67_1104	33.696	92	54	1	12	96	12	103	1.72e-10	45.1
TTNA36_196	olaTTNIg97_197	28.125	96	67	2	2	96	2	96	2.16e-10	44.7
TTNA36_196	olaTTNIg10_194	33.333	81	53	1	15	94	12	92	2.39e-10	44.3
TTNA36_196	olaTTNIg23_194	32.099	81	55	0	14	94	10	90	2.80e-10	44.3
TTNA36_196	olaTTNIg99_197	26.829	82	60	0	3	84	2	83	3.85e-10	43.9
TTNA36_196	olaTTNIg76_192	31.429	70	48	0	15	84	10	79	6.21e-10	43.1
TTNA36_196	olaTTNIg100_195	26.250	80	59	0	2	81	1	80	1.98e-09	42.0
TTNA39_196	olaTTNIg74_196	55.789	95	42	0	2	96	1	95	2.05e-36	110
TTNA39_196	olaTTNIg73_197	41.489	94	53	1	3	96	5	96	4.95e-21	71.6
TTNA39_196	olaTTNIg66_196	43.529	85	45	1	12	96	14	95	5.54e-20	68.9
TTNA39_196	olaTTNIg63_197	43.011	93	51	2	4	96	6	96	1.07e-18	65.9
TTNA39_196	olaTTNIg72_197	37.634	93	56	1	4	96	6	96	5.41e-17	61.6
TTNA39_196	olaTTNIg84_195	37.634	93	54	2	4	96	6	94	6.62e-17	61.2
TTNA39_196	olaTTNIg90_195	33.333	93	58	2	4	96	6	94	8.50e-17	60.8
TTNA39_196	olaTTNIg93_194	38.710	93	53	2	4	96	5	93	1.91e-16	60.1
TTNA39_196	olaTTNIg81_193	37.634	93	53	1	4	96	5	92	4.04e-16	59.3
TTNA39_196	olaTTNIg87_194	34.409	93	57	2	4	96	5	93	4.32e-16	59.3
TTNA39_196	olaTTNIg94_193	37.895	95	56	2	2	96	1	92	1.11e-15	58.2
TTNA39_196	olaTTNIg77_197	36.559	93	57	1	4	96	6	96	3.30e-15	57.0
TTNA39_196	olaTTNIg95_197	34.043	94	60	1	3	96	5	96	1.39e-14	55.5
TTNA39_196	olaTTNIg107_194	36.957	92	54	1	4	95	5	92	1.49e-14	55.1
TTNA39_196	olaTTNIg89_196	31.250	96	64	1	1	96	2	95	2.01e-14	55.1
TTNA39_196	olaTTNIg98_196	32.990	97	61	2	2	96	1	95	2.72e-14	54.7
TTNA39_196	olaTTNIg91_193	34.737	95	59	2	2	96	1	92	3.40e-14	54.3
TTNA39_196	olaTTNIg69_194	36.559	93	55	1	4	96	5	93	6.17e-14	53.5
TTNA39_196	olaTTNIg79_197	37.209	86	51	3	2	85	1	85	1.35e-13	52.8
TTNA39_196	olaTTNIg75_195	36.559	93	56	2	4	96	5	94	1.82e-13	52.4
TTNA39_196	olaTTNIg83_195	35.227	88	51	2	11	96	11	94	2.46e-13	52.0
TTNA39_196	olaTTNIg80_196	39.362	94	54	2	4	96	4	95	2.71e-13	52.0
TTNA39_196	olaTTNIg96_194	33.333	93	58	2	4	96	5	93	3.22e-13	51.6
TTNA39_196	olaTTNIg7_195	32.258	93	62	1	2	94	1	92	4.41e-13	51.6
TTNA39_196	olaTTNIg70_195	29.474	95	65	1	2	96	2	94	5.13e-13	51.2
TTNA39_196	olaTTNIg103_196	33.684	95	59	2	2	94	1	93	5.53e-13	51.2
TTNA39_196	olaTTNIg82_196	29.897	97	64	2	2	96	1	95	5.65e-13	51.2
TTNA39_196	olaTTNIg105_194	31.461	89	57	1	8	96	9	93	8.15e-13	50.8
TTNA39_196	olaTTNIg78_196	29.032	93	64	1	4	96	5	95	1.49e-12	50.1
TTNA39_196	olaTTNIg64_193	29.032	93	61	3	2	94	1	88	2.70e-12	49.3
TTNA39_196	olaTTNIg71_194	37.500	80	46	1	17	96	18	93	4.38e-12	48.9
TTNA39_196	olaTTNIg86_197	32.258	93	61	1	4	96	6	96	1.56e-11	47.4
TTNA39_196	olaTTNIg85_194	30.337	89	60	1	8	96	7	93	2.25e-11	47.0
TTNA39_196	olaTTNIg116_195	31.325	83	55	1	12	94	11	91	3.76e-11	46.6
TTNA39_196	olaTTNIg92_196	29.032	93	64	1	4	96	5	95	4.23e-11	46.2
TTNA39_196	olaTTNIg67_1104	30.108	93	60	1	9	96	11	103	4.61e-11	46.6
TTNA39_196	olaTTNIg97_197	32.558	86	54	2	2	85	2	85	1.52e-10	45.1
TTNA39_196	olaTTNIg76_192	30.556	72	48	1	13	84	10	79	1.54e-10	44.7
TTNA39_196	olaTTNnewIg_1104	29.000	100	64	2	4	96	5	104	1.93e-10	44.7
TTNA39_196	olaTTNIg101_195	34.444	90	46	2	12	96	13	94	2.21e-10	44.7
TTNA39_196	olaTTNIg104_198	31.959	97	63	2	1	96	3	97	3.49e-10	43.9
TTNA39_196	olaTTNIg100_195	27.397	73	51	1	9	81	10	80	4.48e-10	43.5
TTNA39_196	olaTTNIg10_194	34.177	79	49	2	13	90	12	88	5.62e-10	43.5
TTNA39_196	olaTTNIg23_194	30.120	83	56	1	12	94	10	90	6.06e-10	43.5
TTNA39_196	olaTTNIg102_195	31.325	83	53	1	14	96	16	94	6.31e-10	43.1
TTNA39_196	olaTTNIg68_199	25.263	95	66	1	6	95	3	97	6.90e-10	43.1
TTNA39_196	olaTTNIg40_194	31.325	83	55	1	12	94	10	90	1.00e-09	42.7
TTNA39_196	olaTTNIg88_193	29.762	84	57	1	13	96	11	92	1.79e-09	42.0
TTNA39_196	olaTTNIg1_196	28.916	83	58	1	2	84	2	83	3.33e-09	41.6
TTNA39_196	olaTTNIg99_197	25.926	81	58	1	5	85	6	84	7.01e-09	40.8
TTNA43_195	olaTTNIg75_195	74.468	94	24	0	2	95	1	94	2.29e-53	153
TTNA43_195	olaTTNIg93_194	52.128	94	44	1	2	95	1	93	2.71e-31	97.8
TTNA43_195	olaTTNIg81_193	46.809	94	48	1	2	95	1	92	2.57e-30	95.1
TTNA43_195	olaTTNIg84_195	49.474	95	47	1	1	95	1	94	1.70e-28	90.5
TTNA43_195	olaTTNIg87_194	41.667	96	51	2	2	95	1	93	7.99e-24	79.0
TTNA43_195	olaTTNIg90_195	38.947	95	57	1	1	95	1	94	6.31e-22	73.9
TTNA43_195	olaTTNIg96_194	37.234	94	58	1	2	95	1	93	1.23e-20	70.9
TTNA43_195	olaTTNIg102_195	33.684	95	62	1	1	95	1	94	1.10e-19	68.2
TTNA43_195	olaTTNIg104_198	41.237	97	55	2	1	95	1	97	1.18e-18	65.9
TTNA43_195	olaTTNIg78_196	36.082	97	57	2	2	95	1	95	1.27e-18	65.5
TTNA43_195	olaTTNIg105_194	34.043	94	61	1	2	95	1	93	1.09e-17	63.2
TTNA43_195	olaTTNnewIg_1104	37.500	104	55	2	2	95	1	104	1.26e-17	63.2
TTNA43_195	olaTTNIg69_194	37.234	94	58	1	2	95	1	93	2.45e-17	62.4
TTNA43_195	olaTTNIg77_197	33.673	98	60	2	1	95	1	96	3.94e-17	62.0
TTNA43_195	olaTTNIg72_197	36.082	97	59	2	1	95	1	96	4.16e-17	61.6
TTNA43_195	olaTTNIg95_197	37.500	96	59	1	1	95	1	96	5.12e-17	61.6
TTNA43_195	olaTTNIg107_194	36.559	93	58	1	2	94	1	92	5.98e-17	61.2
TTNA43_195	olaTTNIg71_194	38.542	96	54	2	2	95	1	93	1.87e-16	60.1
TTNA43_195	olaTTNIg89_196	35.417	96	59	2	2	95	1	95	2.07e-16	60.1
TTNA43_195	olaTTNIg73_197	35.354	99	57	2	1	95	1	96	2.87e-16	59.7
TTNA43_195	olaTTNIg66_196	32.632	95	64	0	1	95	1	95	1.29e-15	57.8
TTNA43_195	olaTTNIg63_197	36.735	98	57	2	1	95	1	96	1.72e-15	57.8
TTNA43_195	olaTTNIg86_197	35.052	97	60	2	1	95	1	96	2.93e-14	54.3
TTNA43_195	olaTTNIg99_197	34.737	95	60	2	3	95	2	96	3.23e-14	54.3
TTNA43_195	olaTTNIg83_195	33.333	96	60	3	2	95	1	94	2.68e-13	52.0
TTNA43_195	olaTTNIg79_197	31.579	95	63	1	2	94	1	95	5.84e-13	51.2
TTNA43_195	olaTTNIg82_196	35.052	97	58	2	2	95	1	95	1.01e-12	50.4
TTNA43_195	olaTTNIg80_196	35.052	97	55	3	4	95	2	95	1.66e-12	50.1
TTNA43_195	olaTTNIg74_196	31.461	89	58	1	10	95	7	95	1.95e-12	49.7
TTNA43_195	olaTTNIg92_196	32.632	95	63	1	2	95	1	95	6.74e-12	48.5
TTNA43_195	olaTTNIg97_197	32.653	98	59	2	2	95	2	96	1.58e-11	47.4
TTNA43_195	olaTTNIg94_193	34.524	84	48	3	16	95	12	92	1.40e-10	45.1
TTNA43_195	olaTTNIg68_199	28.713	101	60	2	2	94	1	97	4.23e-10	43.9
TTNA43_195	olaTTNIg85_194	39.706	68	38	2	30	95	27	93	2.36e-09	41.6
TTNA43_195	olaTTNIg98_196	25.263	95	70	1	2	95	1	95	2.38e-09	42.0
TTNA43_195	olaTTNIg64_193	32.990	97	55	3	2	94	1	91	2.81e-09	41.6
TTNA43_195	olaTTNIg103_196	29.167	96	61	2	2	93	1	93	2.94e-09	41.6
TTNA43_195	olaTTNIg100_195	27.368	95	66	2	2	94	1	94	5.08e-09	40.8
TTNA43_195	olaTTNIg91_193	36.585	82	49	2	16	95	12	92	7.34e-09	40.4
TTNA43_195	olaTTNIg101_195	26.596	94	69	0	2	95	1	94	8.12e-09	40.4
TTNA43_195	olaTTNIg36_194	27.500	80	57	1	15	93	13	92	1.16e-08	40.0
TTNA43_195	olaTTNIg76_192	26.136	88	62	2	10	95	5	91	2.07e-08	39.3
TTNA43_195	olaTTNIg109_193	28.261	92	62	3	7	95	2	92	3.26e-08	38.9
TTNA43_195	olaTTNIg33_195	30.120	83	57	1	14	95	11	93	5.17e-08	38.1
TTNA43_195	olaTTNIg70_195	28.866	97	64	3	1	95	1	94	8.50e-08	37.7
TTNA43_195	olaTTNIg1_196	31.579	76	49	2	12	84	9	84	9.03e-08	37.7
TTNA43_195	olaTTNIg108_193	28.750	80	53	2	9	84	2	81	1.26e-07	37.4
TTNA43_195	olaTTNIg30_194	27.160	81	54	2	10	87	8	86	2.36e-07	36.6
TTNA43_195	olaTTNIg106_196	27.835	97	63	2	2	94	1	94	2.60e-07	36.6
TTNA43_195	olaTTNIg116_195	25.000	84	60	2	12	93	9	91	7.27e-07	35.4
TTNA46_192	olaTTNIg76_192	59.341	91	37	0	2	92	1	91	7.23e-38	114
TTNA46_192	olaTTNIg95_197	38.542	96	55	1	1	92	1	96	5.50e-21	71.6
TTNA46_192	olaTTNIg93_194	40.964	83	47	1	10	92	13	93	7.52e-20	68.6
TTNA46_192	olaTTNIg89_196	38.554	83	51	0	10	92	13	95	1.04e-19	68.2
TTNA46_192	olaTTNIg66_196	40.964	83	48	1	10	92	14	95	1.80e-18	65.1
TTNA46_192	olaTTNIg77_197	34.375	96	59	1	1	92	1	96	5.18e-18	63.9
TTNA46_192	olaTTNIg104_198	35.052	97	58	1	1	92	1	97	4.01e-17	61.6
TTNA46_192	olaTTNIg84_195	38.372	86	45	2	10	92	14	94	5.22e-17	61.2
TTNA46_192	olaTTNIg98_196	34.783	92	58	1	1	92	6	95	5.53e-17	61.2
TTNA46_192	olaTTNIg87_194	38.554	83	49	1	10	92	13	93	2.72e-16	59.3
TTNA46_192	olaTTNIg107_194	39.506	81	47	1	11	91	14	92	4.73e-16	58.9
TTNA46_192	olaTTNIg91_193	34.146	82	54	0	11	92	11	92	7.28e-16	58.5
TTNA46_192	olaTTNIg94_193	33.735	83	55	0	10	92	10	92	1.08e-15	57.8
TTNA46_192	olaTTNIg72_197	31.765	85	58	0	8	92	12	96	1.35e-15	57.8
TTNA46_192	olaTTNIg106_196	29.885	87	60	1	6	91	8	94	1.71e-15	57.4
TTNA46_192	olaTTNIg83_195	32.979	94	60	1	2	92	1	94	1.98e-15	57.4
TTNA46_192	olaTTNIg102_195	37.037	81	49	1	12	92	16	94	2.31e-15	57.0
TTNA46_192	olaTTNIg75_195	34.884	86	53	2	8	92	11	94	2.46e-15	57.0
TTNA46_192	olaTTNIg74_196	33.696	92	59	1	3	92	4	95	6.47e-15	55.8
TTNA46_192	olaTTNIg69_194	36.471	85	52	1	8	92	11	93	7.04e-15	55.8
TTNA46_192	olaTTNIg82_196	32.500	80	54	0	13	92	16	95	8.49e-15	55.8
TTNA46_192	olaTTNIg99_197	31.169	77	53	0	4	80	7	83	1.10e-14	55.5
TTNA46_192	olaTTNIg111_1101	33.333	99	59	2	1	92	2	100	1.45e-14	55.1
TTNA46_192	olaTTNIg80_196	37.209	86	53	1	8	92	10	95	1.66e-14	55.1
TTNA46_192	olaTTNIg101_195	34.118	85	55	1	8	92	11	94	3.08e-14	54.3
TTNA46_192	olaTTNIg79_197	31.818	88	58	2	6	91	8	95	3.71e-14	54.3
TTNA46_192	olaTTNIg90_195	35.417	96	56	2	1	92	1	94	8.24e-14	53.1
TTNA46_192	olaTTNIg67_1104	31.959	97	59	1	3	92	7	103	1.35e-13	52.8
TTNA46_192	olaTTNIg81_193	31.325	83	54	1	10	92	13	92	2.73e-13	51.6
TTNA46_192	olaTTNIg86_197	32.143	84	53	2	1	80	1	84	5.23e-13	51.2
TTNA46_192	olaTTNIg105_194	33.333	87	56	1	6	92	9	93	8.05e-13	50.4
TTNA46_192	olaTTNIg78_196	25.287	87	65	0	6	92	9	95	1.16e-12	50.1
TTNA46_192	olaTTNIg73_197	28.125	96	65	1	1	92	1	96	1.27e-12	50.1
TTNA46_192	olaTTNIg63_197	32.292	96	61	1	1	92	1	96	1.46e-12	50.1
TTNA46_192	olaTTNIg92_196	34.940	83	54	0	10	92	13	95	2.76e-12	49.3
TTNA46_192	olaTTNIg68_199	29.897	97	61	1	2	91	1	97	2.94e-12	49.3
TTNA46_192	olaTTNIg71_194	32.051	78	51	1	15	92	18	93	5.68e-12	48.5
TTNA46_192	olaTTNIg40_194	30.000	90	62	1	2	90	1	90	9.03e-12	47.8
TTNA46_192	olaTTNIg103_196	30.120	83	58	0	8	90	11	93	9.42e-12	47.8
TTNA46_192	olaTTNIg70_195	28.723	94	65	1	1	92	1	94	1.84e-11	47.0
TTNA46_192	olaTTNIg88_193	24.675	77	58	0	16	92	16	92	4.69e-11	46.2
TTNA46_192	olaTTNIg100_195	28.049	82	59	0	10	91	13	94	1.21e-10	45.1
TTNA46_192	olaTTNIg2_194	28.571	91	64	1	1	90	1	91	1.65e-10	44.7
TTNA46_192	olaTTNIg85_194	23.913	92	70	0	1	92	2	93	2.67e-10	44.3
TTNA46_192	olaTTNIg114_192	35.135	74	45	2	9	81	9	80	3.82e-10	43.5
TTNA46_192	olaTTNIg3_195	22.785	79	61	0	12	90	13	91	4.01e-10	43.5
TTNA46_192	olaTTNIg10_194	34.483	87	43	4	2	80	2	82	4.72e-10	43.5
TTNA46_192	olaTTNIg6_195	27.473	91	65	1	1	90	1	91	9.66e-10	42.7
TTNA46_192	olaTTNIg21_195	28.723	94	60	4	1	90	1	91	2.58e-09	41.6
TTNA46_192	olaTTNIg30_194	29.762	84	58	1	8	90	9	92	2.59e-09	41.6
TTNA50_196	olaTTNIg77_197	47.917	96	50	0	1	96	1	96	5.18e-33	102
TTNA50_196	olaTTNIg80_196	44.048	84	46	1	14	96	12	95	8.51e-21	71.2
TTNA50_196	olaTTNIg87_194	38.947	95	56	1	2	96	1	93	2.57e-20	70.1
TTNA50_196	olaTTNIg84_195	38.542	96	57	1	1	96	1	94	6.79e-20	68.9
TTNA50_196	olaTTNIg102_195	36.082	97	58	2	1	96	1	94	1.54e-19	67.8
TTNA50_196	olaTTNIg78_196	35.789	95	61	0	2	96	1	95	3.56e-19	67.0
TTNA50_196	olaTTNIg73_197	37.500	96	60	0	1	96	1	96	5.64e-19	66.6
TTNA50_196	olaTTNIg76_192	35.955	89	57	0	8	96	3	91	5.93e-19	66.2
TTNA50_196	olaTTNIg82_196	35.789	95	61	0	2	96	1	95	4.34e-18	64.3
TTNA50_196	olaTTNIg90_195	38.542	96	57	1	1	96	1	94	6.07e-18	63.9
TTNA50_196	olaTTNIg93_194	33.684	95	61	1	2	96	1	93	2.02e-17	62.4
TTNA50_196	olaTTNIg74_196	34.409	93	59	1	6	96	3	95	2.67e-17	62.4
TTNA50_196	olaTTNIg81_193	35.789	95	58	1	2	96	1	92	3.22e-17	62.0
TTNA50_196	olaTTNIg63_197	35.417	96	62	0	1	96	1	96	1.17e-16	60.8
TTNA50_196	olaTTNIg72_197	31.250	96	66	0	1	96	1	96	1.49e-16	60.5
TTNA50_196	olaTTNIg98_196	32.632	95	64	0	2	96	1	95	1.86e-16	60.1
TTNA50_196	olaTTNIg66_196	37.500	96	59	1	1	96	1	95	2.12e-16	60.1
TTNA50_196	olaTTNIg75_195	35.789	95	60	1	2	96	1	94	4.06e-16	59.3
TTNA50_196	olaTTNIg96_194	34.737	95	60	1	2	96	1	93	5.48e-16	58.9
TTNA50_196	olaTTNIg83_195	34.737	95	61	1	2	96	1	94	2.06e-15	57.4
TTNA50_196	olaTTNIg88_193	35.294	85	55	0	12	96	8	92	3.81e-15	56.6
TTNA50_196	olaTTNIg69_194	32.632	95	62	1	2	96	1	93	4.21e-15	56.6
TTNA50_196	olaTTNIg95_197	34.375	96	63	0	1	96	1	96	5.31e-15	56.6
TTNA50_196	olaTTNIg92_196	31.579	95	65	0	2	96	1	95	8.91e-15	55.8
TTNA50_196	olaTTNIg104_198	32.990	97	64	1	1	96	1	97	9.96e-15	55.8
TTNA50_196	olaTTNIg71_194	37.634	93	54	3	4	96	5	93	1.15e-14	55.5
TTNA50_196	olaTTNIg89_196	29.474	95	67	0	2	96	1	95	1.43e-14	55.5
TTNA50_196	olaTTNIg64_193	35.366	82	53	0	14	95	10	91	2.18e-14	54.7
TTNA50_196	olaTTNIg103_196	26.882	93	68	0	2	94	1	93	2.72e-14	54.7
TTNA50_196	olaTTNIg100_195	29.213	89	63	0	2	90	1	89	2.93e-14	54.3
TTNA50_196	olaTTNIg105_194	31.579	95	63	1	2	96	1	93	1.08e-13	53.1
TTNA50_196	olaTTNIg107_194	32.979	94	61	1	2	95	1	92	1.11e-13	53.1
TTNA50_196	olaTTNIg94_193	31.579	95	62	1	2	96	1	92	4.26e-13	51.6
TTNA50_196	olaTTNIg101_195	36.735	98	55	2	2	96	1	94	5.35e-13	51.2
TTNA50_196	olaTTNIg99_197	31.579	95	64	1	3	96	2	96	8.80e-13	50.8
TTNA50_196	olaTTNIg70_195	28.125	96	67	1	1	96	1	94	9.28e-13	50.4
TTNA50_196	olaTTNIg79_197	36.458	96	58	2	2	95	1	95	1.85e-12	50.1
TTNA50_196	olaTTNIg33_195	28.916	83	59	0	14	96	11	93	2.70e-12	49.3
TTNA50_196	olaTTNIg1_196	28.736	87	59	2	10	94	8	93	3.53e-12	49.3
TTNA50_196	olaTTNIg85_194	30.120	83	58	0	14	96	11	93	3.61e-12	48.9
TTNA50_196	olaTTNIg67_1104	28.889	90	57	1	14	96	14	103	4.13e-12	49.3
TTNA50_196	olaTTNIg117_196	33.750	80	53	0	15	94	12	91	1.85e-11	47.4
TTNA50_196	olaTTNIg86_197	33.333	99	60	3	1	96	1	96	1.91e-11	47.4
TTNA50_196	olaTTNIg97_197	28.723	94	67	0	2	95	2	95	2.72e-11	47.0
TTNA50_196	olaTTNIg2_194	31.250	80	55	0	15	94	12	91	3.14e-11	46.6
TTNA50_196	olaTTNIg91_193	27.368	95	66	1	2	96	1	92	3.31e-11	46.6
TTNA50_196	olaTTNnewIg_1104	35.135	111	49	5	2	96	1	104	5.19e-11	46.2
TTNA50_196	olaTTNIg106_196	27.660	94	68	0	2	95	1	94	5.42e-11	46.2
TTNA50_196	olaTTNIg68_199	27.083	96	63	1	7	95	2	97	5.88e-11	46.2
TTNA50_196	olaTTNIg27_192	28.916	83	59	0	14	96	10	92	5.93e-11	45.8
TTNA54_196	olaTTNIg78_196	61.053	95	37	0	2	96	1	95	6.16e-42	124
TTNA54_196	olaTTNIg84_195	51.042	96	45	1	1	96	1	94	2.69e-31	97.8
TTNA54_196	olaTTNIg93_194	51.579	95	44	1	2	96	1	93	3.83e-31	97.4
TTNA54_196	olaTTNIg105_194	46.316	95	49	1	2	96	1	93	1.98e-28	90.5
TTNA54_196	olaTTNIg81_193	48.421	95	46	1	2	96	1	92	4.31e-26	84.7
TTNA54_196	olaTTNIg87_194	41.053	95	54	1	2	96	1	93	4.21e-24	79.3
TTNA54_196	olaTTNIg96_194	41.053	95	54	1	2	96	1	93	3.62e-23	77.0
TTNA54_196	olaTTNIg90_195	39.583	96	56	2	1	96	1	94	4.37e-22	74.3
TTNA54_196	olaTTNIg75_195	44.211	95	52	1	2	96	1	94	5.74e-22	73.9
TTNA54_196	olaTTNIg102_195	39.796	98	53	2	1	96	1	94	1.09e-20	70.9
TTNA54_196	olaTTNIg73_197	40.000	100	52	2	1	96	1	96	1.11e-17	63.2
TTNA54_196	olaTTNIg77_197	36.458	96	61	0	1	96	1	96	1.13e-17	63.2
TTNA54_196	olaTTNIg63_197	36.735	98	58	2	1	96	1	96	1.46e-17	63.2
TTNA54_196	olaTTNIg107_194	37.234	94	57	1	2	95	1	92	8.12e-17	60.8
TTNA54_196	olaTTNIg79_197	37.805	82	50	1	15	95	14	95	1.97e-16	60.1
TTNA54_196	olaTTNIg86_197	33.333	96	64	0	1	96	1	96	9.59e-16	58.2
TTNA54_196	olaTTNIg103_196	32.258	93	63	0	2	94	1	93	1.58e-15	57.8
TTNA54_196	olaTTNIg100_195	30.851	94	65	0	2	95	1	94	2.18e-15	57.4
TTNA54_196	olaTTNIg104_198	37.113	97	60	1	1	96	1	97	2.63e-15	57.4
TTNA54_196	olaTTNIg72_197	31.250	96	66	0	1	96	1	96	3.12e-15	57.0
TTNA54_196	olaTTNIg83_195	27.586	87	63	0	10	96	8	94	3.74e-15	56.6
TTNA54_196	olaTTNIg71_194	31.250	96	62	2	2	96	1	93	5.01e-15	56.2
TTNA54_196	olaTTNIg66_196	34.375	96	62	1	1	96	1	95	5.02e-15	56.6
TTNA54_196	olaTTNIg69_194	32.632	95	62	1	2	96	1	93	7.89e-15	55.8
TTNA54_196	olaTTNIg99_197	34.375	96	60	2	4	96	1	96	7.92e-15	55.8
TTNA54_196	olaTTNIg95_197	32.292	96	65	0	1	96	1	96	1.12e-14	55.5
TTNA54_196	olaTTNIg82_196	30.526	95	66	0	2	96	1	95	1.18e-14	55.5
TTNA54_196	olaTTNIg92_196	31.579	95	65	0	2	96	1	95	7.42e-14	53.5
TTNA54_196	olaTTNIg94_193	33.333	84	56	0	13	96	9	92	8.99e-14	53.1
TTNA54_196	olaTTNIg89_196	26.316	95	70	0	2	96	1	95	6.72e-13	50.8
TTNA54_196	olaTTNIg88_193	36.620	71	45	0	26	96	22	92	7.80e-13	50.8
TTNA54_196	olaTTNIg80_196	33.696	92	60	1	6	96	4	95	7.98e-13	50.8
TTNA54_196	olaTTNIg109_193	30.769	91	62	1	7	96	2	92	1.38e-12	50.1
TTNA54_196	olaTTNIg116_195	32.895	76	51	0	12	87	9	84	1.85e-12	49.7
TTNA54_196	olaTTNIg74_196	35.556	90	54	3	10	96	7	95	6.74e-12	48.5
TTNA54_196	olaTTNIg101_195	29.474	95	66	1	2	96	1	94	1.45e-11	47.4
TTNA54_196	olaTTNIg64_193	30.928	97	58	4	2	95	1	91	2.82e-11	46.6
TTNA54_196	olaTTNIg97_197	29.474	95	67	0	2	96	2	96	3.84e-11	46.6
TTNA54_196	olaTTNnewIg_1104	28.846	104	65	1	2	96	1	104	1.12e-10	45.4
TTNA54_196	olaTTNIg91_193	32.143	84	57	0	13	96	9	92	2.84e-10	44.3
TTNA54_196	olaTTNIg85_194	27.586	87	63	0	10	96	7	93	6.19e-10	43.1
TTNA54_196	olaTTNIg98_196	25.000	80	60	0	17	96	16	95	8.59e-10	43.1
TTNA54_196	olaTTNIg70_195	29.167	96	66	1	1	96	1	94	1.98e-09	42.0
TTNA54_196	olaTTNIg67_1104	29.670	91	57	2	13	96	13	103	1.65e-08	39.7
TTNA54_196	olaTTNIg111_1101	33.750	80	50	2	19	96	22	100	2.81e-08	39.3
TTNA54_196	olaTTNIg76_192	25.882	85	63	0	12	96	7	91	4.20e-08	38.5
TTNA54_196	olaTTNIg106_196	29.885	87	57	2	11	95	10	94	2.03e-07	37.0
TTNA54_196	olaTTNIg39_194	23.529	85	65	0	12	96	10	94	7.82e-07	35.0
TTNA54_196	olaTTNIg9_193	26.316	76	55	1	19	94	15	89	6.70e-06	32.7
TTNA57_195	olaTTNIg79_197	66.667	96	31	1	1	95	1	96	5.06e-44	130
TTNA57_195	olaTTNIg82_196	34.409	93	61	0	1	93	1	93	1.47e-22	75.5
TTNA57_195	olaTTNIg87_194	36.458	96	55	3	1	94	1	92	5.16e-19	66.6
TTNA57_195	olaTTNIg103_196	31.579	95	65	0	1	95	1	95	6.27e-18	63.9
TTNA57_195	olaTTNIg94_193	34.940	83	54	0	12	94	9	91	6.35e-18	63.9
TTNA57_195	olaTTNIg107_194	33.684	95	61	1	1	95	1	93	1.28e-17	63.2
TTNA57_195	olaTTNIg81_193	35.106	94	58	1	1	94	1	91	1.57e-17	62.8
TTNA57_195	olaTTNIg88_193	39.024	82	50	0	13	94	10	91	1.44e-16	60.5
TTNA57_195	olaTTNIg64_193	34.737	95	59	2	1	95	1	92	2.22e-16	59.7
TTNA57_195	olaTTNIg105_194	37.634	93	56	1	1	93	1	91	3.43e-16	59.3
TTNA57_195	olaTTNIg98_196	35.443	79	51	0	16	94	16	94	3.72e-16	59.3
TTNA57_195	olaTTNIg100_195	31.579	95	65	0	1	95	1	95	5.25e-16	58.9
TTNA57_195	olaTTNIg93_194	29.787	94	64	1	1	94	1	92	6.95e-16	58.5
TTNA57_195	olaTTNIg90_195	40.000	80	44	2	16	94	17	93	9.96e-16	58.2
TTNA57_195	olaTTNIg84_195	33.333	93	58	3	2	94	5	93	1.15e-15	58.2
TTNA57_195	olaTTNIg99_197	35.366	82	52	1	13	93	13	94	2.09e-15	57.4
TTNA57_195	olaTTNIg78_196	34.667	75	49	0	19	93	19	93	2.63e-14	54.7
TTNA57_195	olaTTNIg97_197	33.333	84	56	0	1	84	2	85	2.84e-14	54.7
TTNA57_195	olaTTNIg71_194	35.366	82	51	1	13	94	13	92	3.29e-14	54.3
TTNA57_195	olaTTNIg96_194	32.979	94	55	3	2	94	6	92	6.72e-14	53.5
TTNA57_195	olaTTNIg91_193	33.333	72	48	0	13	84	10	81	7.81e-14	53.1
TTNA57_195	olaTTNIg73_197	36.765	68	43	0	27	94	28	95	8.55e-14	53.1
TTNA57_195	olaTTNIg104_198	28.395	81	58	0	14	94	16	96	1.05e-13	53.1
TTNA57_195	olaTTNIg102_195	26.596	94	67	1	1	94	2	93	2.46e-13	52.0
TTNA57_195	olaTTNIg86_197	34.328	67	44	0	19	85	20	86	4.51e-13	51.6
TTNA57_195	olaTTNIg95_197	31.429	70	48	0	14	83	15	84	4.91e-13	51.2
TTNA57_195	olaTTNIg80_196	42.647	68	39	0	27	94	27	94	5.07e-13	51.2
TTNA57_195	olaTTNIg83_195	28.723	94	66	1	1	94	1	93	6.23e-13	51.2
TTNA57_195	olaTTNIg72_197	29.032	93	64	1	2	94	5	95	8.70e-13	50.8
TTNA57_195	olaTTNIg85_194	33.333	72	48	0	23	94	21	92	2.85e-12	49.3
TTNA57_195	olaTTNIg76_192	28.571	77	55	0	15	91	11	87	3.07e-12	49.3
TTNA57_195	olaTTNIg89_196	27.027	74	54	0	21	94	21	94	3.17e-12	49.3
TTNA57_195	olaTTNIg106_196	29.787	94	66	0	1	94	1	94	3.21e-12	49.3
TTNA57_195	olaTTNIg70_195	27.586	87	51	1	20	94	7	93	3.35e-12	49.3
TTNA57_195	olaTTNIg111_1101	34.722	72	46	1	23	93	27	98	5.14e-12	48.9
TTNA57_195	olaTTNIg62_195	30.208	96	65	2	1	95	1	95	5.38e-12	48.5
TTNA57_195	olaTTNIg69_194	26.596	94	67	1	1	94	1	92	7.59e-12	48.1
TTNA57_195	olaTTNIg63_197	30.435	92	62	1	3	94	6	95	9.30e-12	48.1
TTNA57_195	olaTTNIg75_195	29.474	95	64	2	1	94	1	93	1.08e-11	47.8
TTNA57_195	olaTTNIg101_195	32.911	79	52	1	15	93	15	92	7.91e-11	45.4
TTNA57_195	olaTTNIg66_196	32.432	74	47	2	23	94	22	94	1.52e-10	45.1
TTNA57_195	olaTTNIg109_193	26.596	94	64	2	1	93	1	90	1.77e-10	44.7
TTNA57_195	olaTTNIg92_196	38.235	68	42	0	27	94	27	94	1.99e-10	44.7
TTNA57_195	olaTTNIg116_195	23.750	80	61	0	14	93	12	91	6.19e-10	43.1
TTNA57_195	olaTTNIg77_197	27.778	72	52	0	23	94	24	95	1.80e-09	42.0
TTNA57_195	olaTTNIg114_192	31.646	79	51	2	16	93	13	89	2.53e-09	41.6
TTNA57_195	olaTTNIg74_196	31.667	60	39	1	27	84	25	84	5.29e-09	40.8
TTNA57_195	olaTTNIg115_194	27.273	77	56	0	19	95	17	93	4.42e-08	38.5
TTNA57_195	olaTTNIg31_193	32.000	50	34	0	35	84	33	82	1.65e-07	37.0
TTNA57_195	olaTTNIg108_193	28.125	64	46	0	23	86	20	83	2.25e-07	36.6
TTNA61_197	olaTTNIg80_196	65.957	94	32	0	4	97	2	95	2.44e-42	125
TTNA61_197	olaTTNIg72_197	42.708	96	54	1	2	97	2	96	1.50e-21	73.2
TTNA61_197	olaTTNIg77_197	35.417	96	61	1	2	97	2	96	6.45e-19	66.6
TTNA61_197	olaTTNIg104_198	36.364	88	55	1	10	97	11	97	1.33e-18	65.9
TTNA61_197	olaTTNIg66_196	35.417	96	60	2	2	97	2	95	6.87e-18	63.9
TTNA61_197	olaTTNIg75_195	41.837	98	51	3	2	97	1	94	1.84e-17	62.8
TTNA61_197	olaTTNIg98_196	37.500	96	59	1	2	97	1	95	8.63e-17	60.8
TTNA61_197	olaTTNIg101_195	39.583	96	56	2	2	97	1	94	8.80e-17	60.8
TTNA61_197	olaTTNIg83_195	37.500	96	58	2	2	97	1	94	1.40e-16	60.5
TTNA61_197	olaTTNIg89_196	36.458	96	60	1	2	97	1	95	2.58e-16	59.7
TTNA61_197	olaTTNIg69_194	35.417	96	59	2	2	97	1	93	5.49e-16	58.9
TTNA61_197	olaTTNIg73_197	34.375	96	62	1	2	97	2	96	1.94e-15	57.8
TTNA61_197	olaTTNIg63_197	38.542	96	58	1	2	97	2	96	2.55e-15	57.4
TTNA61_197	olaTTNIg92_196	38.542	96	58	1	2	97	1	95	4.23e-15	56.6
TTNA61_197	olaTTNIg86_197	37.500	96	59	1	2	97	2	96	7.04e-15	56.2
TTNA61_197	olaTTNIg102_195	33.333	96	61	2	2	97	2	94	1.65e-14	55.1
TTNA61_197	olaTTNIg95_197	34.375	96	62	1	2	97	2	96	2.22e-14	54.7
TTNA61_197	olaTTNIg96_194	35.417	96	59	2	2	97	1	93	3.79e-14	54.3
TTNA61_197	olaTTNIg87_194	35.417	96	59	2	2	97	1	93	4.05e-14	54.3
TTNA61_197	olaTTNIg93_194	32.292	96	62	2	2	97	1	93	4.97e-14	53.9
TTNA61_197	olaTTNIg105_194	33.333	96	61	2	2	97	1	93	5.97e-14	53.5
TTNA61_197	olaTTNnewIg_1104	34.906	106	57	3	2	97	1	104	7.47e-14	53.5
TTNA61_197	olaTTNIg91_193	34.940	83	53	1	15	97	11	92	7.90e-14	53.5
TTNA61_197	olaTTNIg84_195	34.375	96	60	2	2	97	2	94	1.23e-13	52.8
TTNA61_197	olaTTNIg88_193	38.028	71	44	0	27	97	22	92	1.49e-13	52.8
TTNA61_197	olaTTNIg74_196	38.542	96	52	4	8	97	1	95	2.26e-13	52.4
TTNA61_197	olaTTNIg78_196	31.250	96	65	1	2	97	1	95	2.83e-13	52.0
TTNA61_197	olaTTNIg81_193	34.375	96	59	2	2	97	1	92	3.55e-13	51.6
TTNA61_197	olaTTNIg90_195	32.292	96	62	2	2	97	2	94	4.00e-13	51.6
TTNA61_197	olaTTNIg107_194	35.789	95	58	2	2	96	1	92	7.24e-13	50.8
TTNA61_197	olaTTNIg94_193	32.143	84	56	1	14	97	10	92	1.39e-11	47.8
TTNA61_197	olaTTNIg108_193	33.784	74	48	1	12	85	8	80	3.31e-11	46.6
TTNA61_197	olaTTNIg27_192	32.258	93	59	2	8	97	1	92	1.03e-10	45.4
TTNA61_197	olaTTNIg70_195	28.125	96	66	2	2	97	2	94	1.09e-10	45.4
TTNA61_197	olaTTNIg76_192	28.125	96	64	2	2	97	1	91	1.64e-10	44.7
TTNA61_197	olaTTNIg103_196	30.488	82	56	1	14	95	13	93	1.88e-10	44.7
TTNA61_197	olaTTNIg79_197	37.805	82	47	3	17	96	16	95	1.98e-10	44.7
TTNA61_197	olaTTNIg82_196	29.167	96	67	1	2	97	1	95	1.98e-10	44.7
TTNA61_197	olaTTNIg71_194	33.333	96	61	3	2	97	1	93	2.21e-10	44.7
TTNA61_197	olaTTNIg85_194	29.762	84	58	1	14	97	11	93	4.58e-10	43.5
TTNA61_197	olaTTNIg97_197	32.292	96	64	1	1	96	1	95	6.34e-10	43.5
TTNA61_197	olaTTNIg116_195	29.032	93	62	2	3	95	3	91	1.30e-09	42.4
TTNA61_197	olaTTNIg106_196	31.325	83	56	1	14	96	13	94	1.51e-09	42.4
TTNA61_197	olaTTNIg100_195	27.711	83	59	1	14	96	13	94	2.25e-09	42.0
TTNA61_197	olaTTNIg99_197	27.848	79	56	1	7	85	6	83	4.47e-09	41.2
TTNA61_197	olaTTNIg3_195	30.488	82	53	2	8	86	2	82	1.16e-08	40.0
TTNA61_197	olaTTNIg64_193	34.375	64	42	0	33	96	28	91	1.19e-08	40.0
TTNA61_197	olaTTNIg67_1104	27.473	91	58	2	14	97	14	103	2.65e-08	39.3
TTNA61_197	olaTTNIg25_194	31.034	58	39	1	29	85	25	82	5.25e-08	38.5
TTNA61_197	olaTTNIg5_198	36.765	68	42	1	29	95	25	92	6.67e-08	38.1
TTNA65_194	olaTTNIg81_193	65.591	93	31	1	2	94	1	92	2.26e-41	123
TTNA65_194	olaTTNIg84_195	51.613	93	45	0	2	94	2	94	2.55e-35	107
TTNA65_194	olaTTNIg87_194	49.462	93	47	0	2	94	1	93	2.03e-34	105
TTNA65_194	olaTTNIg93_194	47.312	93	49	0	2	94	1	93	1.26e-32	100
TTNA65_194	olaTTNIg90_195	48.387	93	48	0	2	94	2	94	7.88e-32	99.0
TTNA65_194	olaTTNIg105_194	47.312	93	49	0	2	94	1	93	2.58e-31	97.8
TTNA65_194	olaTTNIg75_195	45.745	94	50	1	2	94	1	94	1.31e-29	93.6
TTNA65_194	olaTTNIg96_194	45.161	93	51	0	2	94	1	93	9.01e-29	91.3
TTNA65_194	olaTTNIg78_196	40.000	95	55	1	2	94	1	95	3.64e-26	84.7
TTNA65_194	olaTTNIg107_194	40.217	92	55	0	2	93	1	92	1.19e-24	80.9
TTNA65_194	olaTTNIg72_197	41.053	95	54	1	2	94	2	96	1.49e-23	78.2
TTNA65_194	olaTTNIg69_194	39.785	93	56	0	2	94	1	93	7.14e-23	76.3
TTNA65_194	olaTTNIg71_194	40.860	93	55	0	2	94	1	93	9.90e-23	75.9
TTNA65_194	olaTTNIg102_195	33.333	93	62	0	2	94	2	94	4.99e-21	71.6
TTNA65_194	olaTTNIg95_197	38.947	95	56	1	2	94	2	96	5.83e-20	68.9
TTNA65_194	olaTTNIg104_198	36.458	96	58	2	2	94	2	97	1.19e-19	68.2
TTNA65_194	olaTTNIg73_197	38.947	95	56	1	2	94	2	96	1.26e-19	68.2
TTNA65_194	olaTTNIg82_196	33.684	95	61	1	2	94	1	95	4.50e-19	66.6
TTNA65_194	olaTTNIg99_197	34.066	91	57	2	7	94	6	96	3.97e-18	64.3
TTNA65_194	olaTTNIg94_193	36.905	84	51	1	13	94	9	92	7.38e-18	63.5
TTNA65_194	olaTTNIg66_196	36.170	94	59	1	2	94	2	95	2.71e-17	62.0
TTNA65_194	olaTTNIg74_196	37.778	90	52	1	9	94	6	95	3.09e-17	62.0
TTNA65_194	olaTTNIg86_197	35.789	95	59	1	2	94	2	96	9.28e-17	60.8
TTNA65_194	olaTTNnewIg_1104	31.731	104	60	2	2	94	1	104	1.45e-16	60.5
TTNA65_194	olaTTNIg83_195	34.737	95	59	2	2	94	1	94	8.00e-16	58.5
TTNA65_194	olaTTNIg79_197	31.707	82	53	1	15	93	14	95	2.13e-15	57.4
TTNA65_194	olaTTNIg63_197	31.579	95	63	1	2	94	2	96	2.38e-15	57.4
TTNA65_194	olaTTNIg103_196	35.484	93	58	1	2	92	1	93	6.22e-15	56.2
TTNA65_194	olaTTNIg80_196	36.957	92	55	2	6	94	4	95	6.78e-15	56.2
TTNA65_194	olaTTNIg89_196	29.474	95	65	1	2	94	1	95	3.12e-14	54.3
TTNA65_194	olaTTNIg77_197	30.526	95	64	1	2	94	2	96	4.01e-14	53.9
TTNA65_194	olaTTNIg64_193	29.787	94	61	2	2	93	1	91	4.30e-14	53.9
TTNA65_194	olaTTNIg88_193	43.210	81	42	2	16	94	14	92	5.01e-14	53.9
TTNA65_194	olaTTNIg85_194	33.333	87	56	1	10	94	7	93	6.02e-14	53.5
TTNA65_194	olaTTNIg98_196	27.368	95	67	1	2	94	1	95	8.81e-14	53.1
TTNA65_194	olaTTNIg70_195	32.632	95	60	2	2	94	2	94	1.60e-13	52.4
TTNA65_194	olaTTNIg97_197	33.333	96	62	1	1	94	1	96	1.69e-13	52.4
TTNA65_194	olaTTNIg100_195	28.723	94	65	1	2	93	1	94	4.27e-13	51.6
TTNA65_194	olaTTNIg101_195	29.787	94	65	1	2	94	1	94	7.89e-13	50.8
TTNA65_194	olaTTNIg91_193	36.905	84	51	1	13	94	9	92	8.23e-13	50.4
TTNA65_194	olaTTNIg76_192	25.000	84	61	1	13	94	8	91	1.30e-11	47.4
TTNA65_194	olaTTNIg109_193	29.670	91	61	2	7	94	2	92	3.47e-11	46.6
TTNA65_194	olaTTNIg92_196	29.474	95	65	1	2	94	1	95	5.73e-11	45.8
TTNA65_194	olaTTNIg67_1104	31.868	91	53	2	13	94	13	103	5.79e-11	46.2
TTNA65_194	olaTTNIg116_195	22.892	83	62	1	12	92	9	91	6.81e-11	45.8
TTNA65_194	olaTTNIg106_196	25.882	85	61	1	11	93	10	94	1.03e-09	42.7
TTNA65_194	olaTTNIg68_199	28.723	94	58	2	9	93	4	97	1.73e-09	42.4
TTNA65_194	olaTTNIg36_194	27.660	94	64	2	1	92	1	92	4.59e-09	40.8
TTNA65_194	olaTTNIg111_1101	31.646	79	51	2	19	94	22	100	6.12e-08	38.1
TTNA65_194	olaTTNIg23_194	25.926	81	58	1	14	92	10	90	7.96e-08	37.7
TTNA68_195	olaTTNIg82_196	58.947	95	39	0	1	95	1	95	8.41e-43	126
TTNA68_195	olaTTNIg79_197	41.489	94	54	1	1	93	1	94	3.20e-23	77.4
TTNA68_195	olaTTNIg91_193	46.835	79	42	0	17	95	14	92	3.75e-22	74.3
TTNA68_195	olaTTNIg97_197	38.554	83	51	0	1	83	2	84	3.25e-20	69.7
TTNA68_195	olaTTNIg88_193	48.684	76	39	0	20	95	17	92	6.43e-20	68.9
TTNA68_195	olaTTNIg87_194	36.842	95	58	1	1	95	1	93	2.81e-19	67.4
TTNA68_195	olaTTNIg85_194	42.308	78	45	0	18	95	16	93	7.08e-19	66.2
TTNA68_195	olaTTNIg103_196	34.409	93	61	0	1	93	1	93	1.78e-18	65.1
TTNA68_195	olaTTNIg94_193	45.000	80	44	0	16	95	13	92	7.08e-18	63.5
TTNA68_195	olaTTNIg90_195	33.684	95	61	1	1	95	2	94	1.01e-17	63.2
TTNA68_195	olaTTNIg93_194	36.842	95	58	1	1	95	1	93	1.26e-17	63.2
TTNA68_195	olaTTNIg95_197	40.260	77	46	0	9	85	10	86	1.67e-17	62.8
TTNA68_195	olaTTNIg106_196	34.066	91	60	0	1	91	1	91	1.90e-17	62.8
TTNA68_195	olaTTNIg98_196	30.526	95	66	0	1	95	1	95	2.28e-16	59.7
TTNA68_195	olaTTNIg105_194	34.737	95	60	1	1	95	1	93	4.36e-16	58.9
TTNA68_195	olaTTNIg81_193	34.375	96	58	2	1	95	1	92	8.34e-16	58.2
TTNA68_195	olaTTNIg80_196	37.037	81	50	1	16	95	15	95	1.27e-15	57.8
TTNA68_195	olaTTNIg69_194	38.947	95	56	1	1	95	1	93	2.17e-15	57.4
TTNA68_195	olaTTNIg83_195	30.233	86	60	0	10	95	9	94	5.96e-15	56.2
TTNA68_195	olaTTNIg84_195	33.684	95	61	1	1	95	2	94	1.00e-14	55.5
TTNA68_195	olaTTNIg104_198	30.682	88	61	0	8	95	10	97	1.26e-14	55.5
TTNA68_195	olaTTNIg86_197	32.143	84	57	0	1	84	2	85	4.87e-14	53.9
TTNA68_195	olaTTNIg76_192	33.333	81	54	0	15	95	11	91	1.41e-13	52.8
TTNA68_195	olaTTNIg100_195	30.120	83	58	0	1	83	1	83	1.76e-13	52.4
TTNA68_195	olaTTNIg99_197	30.986	71	49	0	14	84	14	84	2.07e-13	52.4
TTNA68_195	olaTTNIg63_197	30.526	95	66	0	1	95	2	96	4.61e-13	51.6
TTNA68_195	olaTTNIg74_196	31.818	88	58	1	10	95	8	95	4.65e-13	51.2
TTNA68_195	olaTTNIg67_1104	32.653	98	59	2	5	95	6	103	6.36e-13	51.2
TTNA68_195	olaTTNIg72_197	30.120	83	58	0	13	95	14	96	7.40e-13	50.8
TTNA68_195	olaTTNIg96_194	31.579	95	63	1	1	95	1	93	1.38e-12	50.1
TTNA68_195	olaTTNIg66_196	34.940	83	53	1	1	83	2	83	1.64e-12	50.1
TTNA68_195	olaTTNIg89_196	28.736	87	62	0	9	95	9	95	2.11e-12	49.7
TTNA68_195	olaTTNIg107_194	32.258	93	57	3	2	93	4	91	2.22e-12	49.7
TTNA68_195	olaTTNIg73_197	29.474	95	67	0	1	95	2	96	2.42e-12	49.7
TTNA68_195	olaTTNIg102_195	28.421	95	66	1	1	95	2	94	3.42e-12	49.3
TTNA68_195	olaTTNIg75_195	30.928	97	62	2	1	95	1	94	4.63e-12	48.9
TTNA68_195	olaTTNIg115_194	28.947	76	54	0	18	93	16	91	5.26e-12	48.5
TTNA68_195	olaTTNIg78_196	26.316	95	70	0	1	95	1	95	6.60e-12	48.5
TTNA68_195	olaTTNIg71_194	31.183	93	62	1	1	93	1	91	1.76e-11	47.4
TTNA68_195	olaTTNIg64_193	26.882	93	65	2	1	93	1	90	3.46e-11	46.6
TTNA68_195	olaTTNIg62_195	32.979	94	61	2	1	93	1	93	3.89e-11	46.6
TTNA68_195	olaTTNIg77_197	31.373	102	56	2	1	95	2	96	5.66e-11	46.2
TTNA68_195	olaTTNIg101_195	31.250	96	63	2	1	95	1	94	7.58e-11	45.8
TTNA68_195	olaTTNIg109_193	28.125	96	64	2	1	95	1	92	2.42e-10	44.3
TTNA68_195	olaTTNIg70_195	30.851	94	61	2	2	95	5	94	4.44e-10	43.5
TTNA68_195	olaTTNIg111_1101	28.049	82	58	1	15	95	19	100	7.40e-09	40.8
TTNA68_195	olaTTNIg92_196	27.586	87	63	0	9	95	9	95	7.44e-09	40.4
TTNA68_195	olaTTNIg116_195	25.610	82	61	0	13	94	11	92	8.69e-08	37.7
TTNA68_195	olaTTNIg3_195	26.471	68	50	0	18	85	16	83	1.61e-07	37.0
TTNA68_195	olaTTNIg41_196	36.207	58	36	1	29	85	27	84	2.41e-07	36.6
TTNA72_196	olaTTNIg83_195	61.053	95	36	1	2	96	1	94	1.73e-43	128
TTNA72_196	olaTTNIg95_197	45.263	95	52	0	2	96	2	96	3.74e-29	92.4
TTNA72_196	olaTTNIg89_196	44.211	95	53	0	2	96	1	95	2.62e-26	85.1
TTNA72_196	olaTTNIg69_194	41.053	95	54	1	2	96	1	93	6.59e-22	73.9
TTNA72_196	olaTTNIg72_197	37.895	95	59	0	2	96	2	96	6.51e-21	71.6
TTNA72_196	olaTTNIg92_196	40.000	95	57	0	2	96	1	95	1.05e-20	70.9
TTNA72_196	olaTTNIg75_195	42.105	95	54	1	2	96	1	94	1.25e-20	70.9
TTNA72_196	olaTTNIg87_194	36.842	95	58	1	2	96	1	93	4.21e-19	66.6
TTNA72_196	olaTTNIg73_197	35.789	95	61	0	2	96	2	96	6.64e-19	66.2
TTNA72_196	olaTTNIg86_197	37.349	83	52	0	2	84	2	84	3.36e-18	64.7
TTNA72_196	olaTTNIg96_194	36.842	95	58	1	2	96	1	93	2.77e-17	62.0
TTNA72_196	olaTTNIg107_194	35.106	94	59	1	2	95	1	92	4.23e-17	61.6
TTNA72_196	olaTTNIg84_195	36.458	96	57	2	2	96	2	94	5.94e-17	61.2
TTNA72_196	olaTTNIg80_196	36.170	94	59	1	4	96	2	95	6.29e-17	61.2
TTNA72_196	olaTTNIg104_198	38.542	96	58	1	2	96	2	97	1.02e-16	60.8
TTNA72_196	olaTTNIg102_195	36.842	95	58	1	2	96	2	94	1.12e-16	60.8
TTNA72_196	olaTTNIg81_193	33.684	95	60	1	2	96	1	92	1.17e-16	60.5
TTNA72_196	olaTTNIg98_196	31.579	95	65	0	2	96	1	95	1.27e-16	60.5
TTNA72_196	olaTTNIg90_195	36.842	95	58	2	2	96	2	94	3.26e-16	59.3
TTNA72_196	olaTTNIg99_197	35.789	95	60	1	3	96	2	96	1.27e-15	58.2
TTNA72_196	olaTTNIg93_194	33.684	95	61	1	2	96	1	93	1.93e-15	57.4
TTNA72_196	olaTTNIg66_196	34.737	95	61	1	2	96	2	95	3.19e-15	57.0
TTNA72_196	olaTTNIg82_196	37.209	86	54	0	11	96	10	95	4.22e-15	56.6
TTNA72_196	olaTTNIg74_196	35.714	98	57	4	2	96	1	95	9.82e-15	55.8
TTNA72_196	olaTTNIg63_197	31.579	95	65	0	2	96	2	96	1.14e-14	55.5
TTNA72_196	olaTTNIg76_192	30.337	89	62	0	8	96	3	91	1.83e-14	55.1
TTNA72_196	olaTTNIg78_196	28.421	95	68	0	2	96	1	95	3.19e-14	54.3
TTNA72_196	olaTTNIg105_194	32.632	95	62	1	2	96	1	93	3.83e-14	54.3
TTNA72_196	olaTTNIg109_193	34.066	91	59	1	7	96	2	92	4.31e-14	53.9
TTNA72_196	olaTTNIg64_193	33.333	90	59	1	6	95	3	91	1.06e-13	53.1
TTNA72_196	olaTTNIg70_195	29.474	95	65	1	2	96	2	94	2.38e-13	52.0
TTNA72_196	olaTTNIg67_1104	32.039	103	62	3	2	96	1	103	3.13e-13	52.0
TTNA72_196	olaTTNIg94_193	31.868	91	61	1	6	96	3	92	9.27e-13	50.4
TTNA72_196	olaTTNIg101_195	35.417	96	59	2	2	96	1	94	1.30e-12	50.1
TTNA72_196	olaTTNIg91_193	29.670	91	63	1	6	96	3	92	1.49e-12	50.1
TTNA72_196	olaTTNIg40_194	35.870	92	56	2	5	94	2	92	3.53e-12	49.3
TTNA72_196	olaTTNIg33_195	32.143	84	57	0	13	96	10	93	5.86e-12	48.5
TTNA72_196	olaTTNIg77_197	29.474	95	67	0	2	96	2	96	6.66e-12	48.5
TTNA72_196	olaTTNIg3_195	30.303	66	46	0	19	84	16	81	1.98e-11	47.4
TTNA72_196	olaTTNIg106_196	29.487	78	55	0	18	95	17	94	2.58e-11	47.0
TTNA72_196	olaTTNIg39_194	29.870	77	54	0	18	94	16	92	3.77e-11	46.6
TTNA72_196	olaTTNIg88_193	32.877	73	49	0	24	96	20	92	3.85e-11	46.6
TTNA72_196	olaTTNIg103_196	27.160	81	59	0	14	94	13	93	4.56e-11	46.2
TTNA72_196	olaTTNIg116_195	26.506	83	61	0	12	94	9	91	5.14e-11	46.2
TTNA72_196	olaTTNIg79_197	29.268	82	57	1	15	95	14	95	7.71e-11	45.8
TTNA72_196	olaTTNIg110_194	35.938	64	37	2	24	84	20	82	6.74e-10	43.1
TTNA72_196	olaTTNIg27_192	34.177	79	47	3	10	84	3	80	8.12e-10	43.1
TTNA72_196	olaTTNIg114_192	32.927	82	52	2	14	94	10	89	1.07e-09	42.7
TTNA72_196	olaTTNIg10_194	32.609	92	57	4	1	90	1	89	1.09e-09	42.7
TTNA72_196	olaTTNIg85_194	28.235	85	61	0	12	96	9	93	1.12e-09	42.7
TTNA76_194	olaTTNIg84_195	74.468	94	24	0	1	94	1	94	2.48e-52	150
TTNA76_194	olaTTNIg93_194	62.366	93	35	0	2	94	1	93	6.12e-42	124
TTNA76_194	olaTTNIg87_194	56.989	93	40	0	2	94	1	93	2.93e-38	115
TTNA76_194	olaTTNIg81_193	54.839	93	41	1	2	94	1	92	5.53e-35	107
TTNA76_194	olaTTNIg90_195	47.872	94	49	0	1	94	1	94	4.56e-32	99.8
TTNA76_194	olaTTNIg75_195	45.745	94	50	1	2	94	1	94	7.51e-27	86.3
TTNA76_194	olaTTNIg78_196	43.158	95	52	1	2	94	1	95	2.46e-26	85.1
TTNA76_194	olaTTNIg105_194	39.785	93	56	0	2	94	1	93	1.37e-24	80.5
TTNA76_194	olaTTNIg96_194	38.710	93	57	0	2	94	1	93	2.67e-22	74.7
TTNA76_194	olaTTNIg66_196	40.000	95	56	1	1	94	1	95	2.03e-21	72.8
TTNA76_194	olaTTNIg107_194	40.217	92	55	0	2	93	1	92	2.37e-21	72.4
TTNA76_194	olaTTNIg102_195	34.043	94	62	0	1	94	1	94	5.44e-21	71.6
TTNA76_194	olaTTNIg104_198	40.206	97	55	2	1	94	1	97	2.05e-19	67.8
TTNA76_194	olaTTNIg69_194	34.409	93	61	0	2	94	1	93	2.43e-19	67.4
TTNA76_194	olaTTNIg73_197	40.206	97	54	3	1	94	1	96	4.82e-19	66.6
TTNA76_194	olaTTNIg72_197	36.458	96	59	1	1	94	1	96	1.05e-18	65.9
TTNA76_194	olaTTNIg77_197	35.417	96	60	1	1	94	1	96	9.90e-18	63.2
TTNA76_194	olaTTNIg74_196	37.079	89	52	2	10	94	7	95	9.77e-17	60.8
TTNA76_194	olaTTNIg63_197	33.333	96	62	1	1	94	1	96	1.65e-16	60.1
TTNA76_194	olaTTNIg95_197	34.375	96	61	1	1	94	1	96	9.87e-16	58.2
TTNA76_194	olaTTNIg98_196	30.526	95	64	1	2	94	1	95	1.01e-15	58.2
TTNA76_194	olaTTNIg79_197	38.158	76	44	1	21	93	20	95	1.15e-15	58.2
TTNA76_194	olaTTNIg99_197	32.292	96	60	3	3	94	2	96	2.71e-15	57.0
TTNA76_194	olaTTNIg70_195	36.458	96	57	3	1	94	1	94	7.39e-15	55.8
TTNA76_194	olaTTNIg71_194	35.484	93	60	0	2	94	1	93	2.04e-14	54.7
TTNA76_194	olaTTNIg103_196	34.409	93	59	1	2	92	1	93	3.37e-14	54.3
TTNA76_194	olaTTNIg89_196	25.263	95	69	1	2	94	1	95	9.30e-14	53.1
TTNA76_194	olaTTNIg83_195	32.632	95	61	2	2	94	1	94	1.46e-13	52.8
TTNA76_194	olaTTNIg76_192	31.250	80	53	1	17	94	12	91	1.63e-13	52.4
TTNA76_194	olaTTNIg109_193	34.409	93	54	3	7	94	2	92	2.48e-13	52.0
TTNA76_194	olaTTNIg80_196	36.170	94	57	2	4	94	2	95	9.38e-13	50.4
TTNA76_194	olaTTNIg100_195	29.474	95	63	2	2	93	1	94	3.24e-12	49.3
TTNA76_194	olaTTNIg94_193	29.268	82	56	1	15	94	11	92	7.05e-12	48.1
TTNA76_194	olaTTNIg106_196	30.851	94	63	1	2	93	1	94	1.67e-11	47.4
TTNA76_194	olaTTNIg101_195	30.851	94	64	1	2	94	1	94	1.96e-11	47.0
TTNA76_194	olaTTNIg92_196	29.167	96	64	2	2	94	1	95	2.51e-11	47.0
TTNA76_194	olaTTNIg82_196	26.316	95	68	1	2	94	1	95	2.70e-11	47.0
TTNA76_194	olaTTNIg64_193	29.348	92	58	3	6	93	3	91	1.12e-10	45.1
TTNA76_194	olaTTNnewIg_1104	25.000	104	67	1	2	94	1	104	1.17e-10	45.4
TTNA76_194	olaTTNIg86_197	26.804	97	67	2	1	94	1	96	1.46e-10	45.1
TTNA76_194	olaTTNIg91_193	31.325	83	53	2	15	94	11	92	9.25e-10	42.7
TTNA76_194	olaTTNIg85_194	28.947	76	50	2	22	94	19	93	2.75e-09	41.6
TTNA76_194	olaTTNIg88_193	32.394	71	46	1	26	94	22	92	3.03e-09	41.6
TTNA76_194	olaTTNIg97_197	28.125	96	63	3	2	93	2	95	4.39e-08	38.5
TTNA76_194	olaTTNIg62_195	30.667	75	49	1	22	93	20	94	7.36e-08	37.7
TTNA76_194	olaTTNIg67_1104	23.333	90	60	1	14	94	14	103	1.00e-07	37.7
TTNA76_194	olaTTNIg116_195	28.000	75	50	2	21	92	18	91	2.44e-07	36.6
TTNA76_194	olaTTNIg2_194	35.211	71	42	2	15	82	12	81	2.87e-07	36.2
TTNA76_194	olaTTNIg111_1101	30.303	99	64	3	1	94	2	100	2.92e-07	36.6
TTNA76_194	olaTTNIg115_194	26.027	73	50	2	23	92	20	91	2.62e-06	33.9
TTNA79_193	olaTTNIg85_194	54.348	92	42	0	2	93	2	93	4.40e-36	109
TTNA79_193	olaTTNIg94_193	53.261	92	43	0	2	93	1	92	2.15e-32	100
TTNA79_193	olaTTNIg91_193	43.478	92	52	0	2	93	1	92	1.57e-28	90.5
TTNA79_193	olaTTNIg88_193	43.478	92	52	0	2	93	1	92	1.59e-26	85.5
TTNA79_193	olaTTNIg89_196	38.095	84	52	0	10	93	12	95	3.29e-20	69.7
TTNA79_193	olaTTNIg82_196	34.524	84	55	0	10	93	12	95	3.62e-18	64.3
TTNA79_193	olaTTNIg83_195	39.241	79	48	0	15	93	16	94	6.71e-18	63.5
TTNA79_193	olaTTNIg81_193	40.230	87	49	1	7	93	9	92	8.76e-18	63.2
TTNA79_193	olaTTNIg106_196	37.500	80	50	0	13	92	15	94	9.13e-18	63.2
TTNA79_193	olaTTNIg79_197	38.554	83	50	1	11	92	13	95	1.85e-17	62.8
TTNA79_193	olaTTNIg95_197	36.905	84	53	0	10	93	13	96	2.54e-17	62.4
TTNA79_193	olaTTNIg98_196	37.975	79	49	0	15	93	17	95	3.59e-17	62.0
TTNA79_193	olaTTNIg100_195	34.783	69	45	0	10	78	12	80	9.41e-17	60.8
TTNA79_193	olaTTNIg90_195	38.542	96	54	2	1	93	1	94	1.11e-16	60.5
TTNA79_193	olaTTNIg103_196	38.028	71	44	0	11	81	13	83	1.59e-16	60.1
TTNA79_193	olaTTNIg64_193	35.165	91	59	0	2	92	1	91	1.82e-16	60.1
TTNA79_193	olaTTNIg87_194	39.080	87	51	1	7	93	9	93	2.52e-16	59.7
TTNA79_193	olaTTNIg101_195	36.047	86	54	1	8	93	10	94	5.27e-15	56.2
TTNA79_193	olaTTNIg73_197	37.647	85	53	0	9	93	12	96	6.09e-15	56.2
TTNA79_193	olaTTNIg104_198	34.831	89	58	0	5	93	9	97	7.99e-15	55.8
TTNA79_193	olaTTNIg72_197	31.250	96	63	1	1	93	1	96	1.07e-14	55.5
TTNA79_193	olaTTNIg97_197	34.667	75	49	0	9	83	12	86	1.15e-14	55.5
TTNA79_193	olaTTNIg78_196	31.646	79	54	0	15	93	17	95	1.96e-14	54.7
TTNA79_193	olaTTNIg76_192	28.409	88	63	0	6	93	4	91	3.38e-14	54.3
TTNA79_193	olaTTNIg99_197	33.333	84	55	1	11	93	13	96	4.22e-14	53.9
TTNA79_193	olaTTNIg66_196	36.458	96	57	2	1	93	1	95	5.24e-14	53.9
TTNA79_193	olaTTNIg80_196	35.227	88	56	1	7	93	8	95	1.24e-13	52.8
TTNA79_193	olaTTNIg63_197	30.208	96	64	1	1	93	1	96	1.67e-13	52.4
TTNA79_193	olaTTNIg84_195	35.417	96	57	2	1	93	1	94	8.51e-13	50.4
TTNA79_193	olaTTNIg96_194	37.179	78	47	1	16	93	18	93	9.79e-13	50.4
TTNA79_193	olaTTNIg108_193	30.435	92	63	1	2	93	1	91	1.89e-12	49.7
TTNA79_193	olaTTNIg86_197	32.941	85	57	0	9	93	12	96	2.06e-12	49.7
TTNA79_193	olaTTNIg93_194	35.955	89	51	2	7	93	9	93	2.45e-12	49.3
TTNA79_193	olaTTNIg67_1104	31.522	92	56	2	9	93	12	103	2.52e-12	49.7
TTNA79_193	olaTTNIg70_195	31.915	94	63	1	1	93	1	94	2.76e-12	49.3
TTNA79_193	olaTTNIg109_193	32.955	88	58	1	7	93	5	92	3.17e-12	48.9
TTNA79_193	olaTTNIg107_194	32.143	84	55	1	9	92	11	92	3.39e-12	48.9
TTNA79_193	olaTTNIg74_196	31.579	95	62	2	2	93	1	95	3.53e-12	48.9
TTNA79_193	olaTTNIg75_195	35.556	90	51	2	7	93	9	94	1.11e-11	47.8
TTNA79_193	olaTTNIg102_195	30.588	85	57	1	9	93	12	94	2.51e-11	47.0
TTNA79_193	olaTTNIg105_194	34.737	95	57	2	2	93	1	93	2.95e-11	46.6
TTNA79_193	olaTTNIg2_194	28.571	91	65	0	1	91	1	91	1.25e-10	45.1
TTNA79_193	olaTTNIg69_194	32.530	83	54	1	11	93	13	93	1.89e-10	44.7
TTNA79_193	olaTTNIg10_194	31.944	72	48	1	12	82	12	83	2.32e-10	44.3
TTNA79_193	olaTTNIg71_194	34.146	82	48	2	14	93	16	93	8.32e-10	42.7
TTNA79_193	olaTTNIg3_195	26.087	69	51	0	13	81	13	81	1.34e-09	42.4
TTNA79_193	olaTTNIg114_192	31.325	83	54	2	2	83	1	81	1.66e-09	42.0
TTNA79_193	olaTTNIg39_194	29.762	84	58	1	1	83	1	84	1.70e-09	42.0
TTNA79_193	olaTTNIg111_1101	29.630	81	56	1	14	93	20	100	1.00e-08	40.0
TTNA79_193	olaTTNIg92_196	32.609	92	59	1	2	93	7	95	1.36e-08	39.7
TTNA83_196	olaTTNIg95_197	50.000	96	48	0	1	96	1	96	1.22e-33	103
TTNA83_196	olaTTNIg86_197	54.167	96	44	0	1	96	1	96	2.03e-32	100
TTNA83_196	olaTTNIg89_196	45.263	95	52	0	2	96	1	95	6.35e-31	97.1
TTNA83_196	olaTTNIg83_195	49.474	95	47	1	2	96	1	94	9.78e-31	96.3
TTNA83_196	olaTTNIg92_196	50.526	95	47	0	2	96	1	95	9.16e-30	94.0
TTNA83_196	olaTTNIg98_196	37.895	95	59	0	2	96	1	95	9.54e-24	78.6
TTNA83_196	olaTTNIg72_197	35.417	96	62	0	1	96	1	96	1.29e-22	75.9
TTNA83_196	olaTTNIg102_195	37.500	96	58	1	1	96	1	94	4.82e-22	74.3
TTNA83_196	olaTTNIg73_197	36.458	96	61	0	1	96	1	96	9.27e-20	68.6
TTNA83_196	olaTTNIg104_198	37.113	97	60	1	1	96	1	97	2.64e-19	67.4
TTNA83_196	olaTTNIg63_197	33.333	96	64	0	1	96	1	96	4.59e-19	66.6
TTNA83_196	olaTTNIg87_194	37.895	95	57	1	2	96	1	93	5.65e-19	66.6
TTNA83_196	olaTTNIg81_193	37.895	95	56	1	2	96	1	92	2.19e-18	65.1
TTNA83_196	olaTTNIg84_195	35.417	96	60	1	1	96	1	94	1.34e-17	63.2
TTNA83_196	olaTTNIg90_195	38.542	96	57	2	1	96	1	94	1.86e-17	62.8
TTNA83_196	olaTTNIg88_193	37.037	81	51	0	16	96	12	92	1.95e-17	62.4
TTNA83_196	olaTTNIg69_194	34.737	95	60	1	2	96	1	93	2.28e-17	62.4
TTNA83_196	olaTTNIg78_196	32.632	95	64	0	2	96	1	95	2.29e-17	62.4
TTNA83_196	olaTTNIg103_196	38.272	81	50	0	14	94	13	93	2.32e-17	62.4
TTNA83_196	olaTTNIg77_197	27.083	96	70	0	1	96	1	96	3.39e-17	62.0
TTNA83_196	olaTTNIg70_195	35.417	96	60	1	1	96	1	94	3.93e-17	62.0
TTNA83_196	olaTTNIg82_196	31.579	95	65	0	2	96	1	95	4.49e-17	61.6
TTNA83_196	olaTTNIg75_195	37.500	96	57	2	2	96	1	94	4.83e-17	61.6
TTNA83_196	olaTTNIg80_196	39.362	94	56	1	4	96	2	95	1.19e-16	60.5
TTNA83_196	olaTTNIg96_194	34.737	95	60	1	2	96	1	93	2.33e-16	59.7
TTNA83_196	olaTTNIg85_194	32.941	85	57	0	12	96	9	93	4.97e-16	58.9
TTNA83_196	olaTTNIg74_196	39.560	91	51	3	9	96	6	95	8.40e-16	58.5
TTNA83_196	olaTTNIg105_194	33.684	95	61	1	2	96	1	93	9.03e-16	58.2
TTNA83_196	olaTTNIg107_194	36.170	94	58	1	2	95	1	92	1.32e-15	57.8
TTNA83_196	olaTTNIg101_195	31.579	95	64	1	2	96	1	94	1.43e-15	57.8
TTNA83_196	olaTTNIg67_1104	34.951	103	59	3	2	96	1	103	5.36e-15	56.6
TTNA83_196	olaTTNIg66_196	29.167	96	67	1	1	96	1	95	5.54e-15	56.2
TTNA83_196	olaTTNIg79_197	31.707	82	55	1	15	95	14	95	5.54e-15	56.2
TTNA83_196	olaTTNIg93_194	31.579	95	63	1	2	96	1	93	7.00e-15	56.2
TTNA83_196	olaTTNIg109_193	32.184	87	58	1	11	96	6	92	1.35e-14	55.5
TTNA83_196	olaTTNIg106_196	35.000	80	52	0	16	95	15	94	5.14e-14	53.9
TTNA83_196	olaTTNIg91_193	30.526	95	63	1	2	96	1	92	5.29e-14	53.9
TTNA83_196	olaTTNIg76_192	29.474	95	63	1	2	96	1	91	5.83e-14	53.5
TTNA83_196	olaTTNIg99_197	31.325	83	56	1	15	96	14	96	1.14e-13	53.1
TTNA83_196	olaTTNIg71_194	30.526	95	64	1	2	96	1	93	5.41e-13	51.2
TTNA83_196	olaTTNnewIg_1104	27.885	104	66	2	2	96	1	104	8.33e-13	50.8
TTNA83_196	olaTTNIg94_193	28.421	95	65	1	2	96	1	92	1.70e-11	47.4
TTNA83_196	olaTTNIg40_194	30.986	71	49	0	14	84	10	80	4.93e-11	46.2
TTNA83_196	olaTTNIg64_193	28.571	91	64	1	5	95	2	91	7.34e-11	45.8
TTNA83_196	olaTTNIg108_193	31.818	88	59	1	9	96	5	91	8.26e-11	45.4
TTNA83_196	olaTTNIg3_195	29.114	79	52	1	16	94	13	87	1.06e-10	45.4
TTNA83_196	olaTTNIg97_197	26.596	94	69	0	2	95	2	95	4.23e-10	43.9
TTNA83_196	olaTTNIg62_195	29.070	86	56	2	10	90	8	93	6.52e-10	43.1
TTNA83_196	olaTTNIg116_195	24.096	83	59	1	13	91	10	92	8.16e-10	43.1
TTNA83_196	olaTTNIg111_1101	32.323	99	64	2	1	96	2	100	8.87e-10	43.1
TTNA87_194	olaTTNIg84_195	67.742	93	30	0	2	94	2	94	9.66e-45	131
TTNA87_194	olaTTNIg93_194	62.366	93	35	0	2	94	1	93	1.52e-43	128
TTNA87_194	olaTTNIg87_194	62.366	93	35	0	2	94	1	93	1.33e-42	126
TTNA87_194	olaTTNIg90_195	52.688	93	44	0	2	94	2	94	7.45e-35	106
TTNA87_194	olaTTNIg81_193	58.065	93	38	1	2	94	1	92	1.20e-34	106
TTNA87_194	olaTTNIg105_194	46.237	93	50	0	2	94	1	93	4.00e-31	97.1
TTNA87_194	olaTTNIg78_196	42.105	95	53	1	2	94	1	95	1.42e-27	88.2
TTNA87_194	olaTTNIg96_194	44.086	93	52	0	2	94	1	93	2.44e-25	82.4
TTNA87_194	olaTTNIg102_195	39.785	93	56	0	2	94	2	94	3.97e-25	82.0
TTNA87_194	olaTTNIg75_195	44.211	95	50	2	2	94	1	94	5.56e-25	81.6
TTNA87_194	olaTTNIg107_194	42.391	92	53	0	2	93	1	92	8.58e-24	78.6
TTNA87_194	olaTTNIg69_194	35.484	93	60	0	2	94	1	93	6.29e-20	68.9
TTNA87_194	olaTTNIg74_196	37.634	93	54	2	6	94	3	95	1.87e-18	65.1
TTNA87_194	olaTTNIg73_197	35.789	95	59	1	2	94	2	96	3.16e-18	64.7
TTNA87_194	olaTTNIg66_196	37.234	94	58	1	2	94	2	95	6.90e-18	63.5
TTNA87_194	olaTTNIg79_197	37.634	93	51	3	8	93	3	95	2.10e-17	62.4
TTNA87_194	olaTTNIg103_196	38.710	93	55	1	2	92	1	93	1.35e-16	60.5
TTNA87_194	olaTTNIg77_197	31.579	95	63	1	2	94	2	96	1.76e-16	60.1
TTNA87_194	olaTTNIg63_197	34.737	95	60	1	2	94	2	96	2.69e-16	59.7
TTNA87_194	olaTTNIg71_194	36.559	93	59	0	2	94	1	93	1.60e-15	57.8
TTNA87_194	olaTTNIg104_198	37.500	96	57	2	2	94	2	97	2.07e-15	57.4
TTNA87_194	olaTTNIg95_197	34.737	95	60	1	2	94	2	96	2.83e-15	57.0
TTNA87_194	olaTTNIg99_197	35.789	95	56	3	4	94	3	96	5.35e-15	56.2
TTNA87_194	olaTTNIg98_196	28.421	95	66	1	2	94	1	95	1.43e-14	55.1
TTNA87_194	olaTTNIg100_195	32.979	94	61	1	2	93	1	94	1.98e-14	54.7
TTNA87_194	olaTTNIg94_193	30.526	95	61	2	2	94	1	92	2.13e-14	54.7
TTNA87_194	olaTTNIg64_193	34.444	90	56	2	6	93	3	91	3.66e-14	53.9
TTNA87_194	olaTTNIg101_195	34.737	95	59	2	2	94	1	94	6.37e-14	53.5
TTNA87_194	olaTTNIg76_192	32.500	80	52	1	17	94	12	91	9.07e-14	53.1
TTNA87_194	olaTTNIg106_196	31.915	94	62	1	2	93	1	94	1.37e-13	52.8
TTNA87_194	olaTTNIg92_196	33.684	95	61	1	2	94	1	95	1.48e-13	52.8
TTNA87_194	olaTTNIg89_196	30.526	95	64	1	2	94	1	95	2.07e-13	52.4
TTNA87_194	olaTTNIg72_197	30.526	95	64	1	2	94	2	96	8.24e-13	50.8
TTNA87_194	olaTTNIg83_195	33.333	87	56	1	10	94	8	94	9.69e-13	50.4
TTNA87_194	olaTTNIg91_193	30.526	95	61	2	2	94	1	92	1.13e-12	50.4
TTNA87_194	olaTTNIg82_196	29.474	95	65	1	2	94	1	95	1.31e-12	50.1
TTNA87_194	olaTTNIg80_196	32.979	94	60	2	4	94	2	95	5.56e-12	48.5
TTNA87_194	olaTTNIg97_197	28.421	95	66	1	1	93	1	95	2.02e-11	47.0
TTNA87_194	olaTTNnewIg_1104	27.885	104	64	2	2	94	1	104	2.30e-11	47.0
TTNA87_194	olaTTNIg70_195	32.632	95	60	2	2	94	2	94	4.48e-11	46.2
TTNA87_194	olaTTNIg86_197	29.474	95	65	1	2	94	2	96	6.30e-11	45.8
TTNA87_194	olaTTNIg62_195	33.684	95	59	3	2	93	1	94	3.03e-10	43.9
TTNA87_194	olaTTNIg109_193	31.868	91	59	2	7	94	2	92	3.24e-10	43.9
TTNA87_194	olaTTNIg115_194	28.723	94	62	2	1	92	1	91	2.32e-09	41.6
TTNA87_194	olaTTNIg67_1104	26.667	90	57	1	14	94	14	103	1.64e-08	39.7
TTNA87_194	olaTTNIg85_194	30.682	88	57	3	10	94	7	93	2.90e-08	38.9
TTNA87_194	olaTTNIg68_199	27.368	95	60	3	8	93	3	97	6.94e-08	38.1
TTNA87_194	olaTTNIg3_195	28.049	82	55	2	15	92	12	93	1.25e-07	37.4
TTNA87_194	olaTTNIg88_193	29.577	71	48	1	26	94	22	92	2.19e-07	36.6
TTNA87_194	olaTTNIg111_1101	30.108	93	58	3	7	94	10	100	2.29e-07	36.6
TTNA90_192	olaTTNIg88_193	57.609	92	39	0	1	92	1	92	3.53e-39	117
TTNA90_192	olaTTNIg85_194	46.739	92	49	0	1	92	2	93	7.03e-30	94.0
TTNA90_192	olaTTNIg94_193	44.565	92	51	0	1	92	1	92	1.17e-29	93.6
TTNA90_192	olaTTNIg91_193	43.478	92	52	0	1	92	1	92	5.59e-29	91.7
TTNA90_192	olaTTNIg100_195	34.568	81	53	0	11	91	14	94	4.72e-20	68.9
TTNA90_192	olaTTNIg82_196	47.059	68	36	0	13	80	16	83	8.26e-20	68.6
TTNA90_192	olaTTNIg87_194	40.244	82	47	1	11	92	14	93	1.91e-18	65.1
TTNA90_192	olaTTNIg103_196	36.486	74	47	0	15	88	18	91	4.39e-18	63.9
TTNA90_192	olaTTNIg81_193	40.741	81	45	2	12	92	15	92	4.60e-18	63.9
TTNA90_192	olaTTNIg73_197	35.714	84	54	0	9	92	13	96	7.19e-17	61.2
TTNA90_192	olaTTNIg95_197	37.037	81	51	0	12	92	16	96	1.12e-16	60.5
TTNA90_192	olaTTNIg107_194	37.975	79	47	1	10	88	13	89	1.37e-16	60.1
TTNA90_192	olaTTNIg89_196	28.571	91	64	1	3	92	5	95	1.56e-15	57.8
TTNA90_192	olaTTNIg98_196	35.000	80	52	0	13	92	16	95	8.77e-15	55.8
TTNA90_192	olaTTNIg84_195	39.759	83	46	3	11	92	15	94	1.17e-14	55.5
TTNA90_192	olaTTNIg76_192	30.488	82	57	0	11	92	10	91	1.55e-14	55.1
TTNA90_192	olaTTNIg96_194	33.333	81	52	1	12	92	15	93	1.74e-13	52.4
TTNA90_192	olaTTNIg83_195	29.630	81	57	0	12	92	14	94	2.62e-13	52.0
TTNA90_192	olaTTNIg2_194	29.213	89	63	0	1	89	2	90	3.51e-13	51.6
TTNA90_192	olaTTNIg86_197	33.333	81	54	0	12	92	16	96	3.63e-13	51.6
TTNA90_192	olaTTNIg104_198	33.333	81	54	0	12	92	17	97	3.79e-13	51.6
TTNA90_192	olaTTNIg90_195	30.488	82	55	1	11	92	15	94	4.12e-13	51.2
TTNA90_192	olaTTNIg93_194	36.585	82	50	1	11	92	14	93	5.64e-13	50.8
TTNA90_192	olaTTNIg79_197	33.333	81	53	1	9	88	12	92	5.71e-13	51.2
TTNA90_192	olaTTNIg63_197	29.670	91	63	1	2	92	7	96	1.72e-12	49.7
TTNA90_192	olaTTNIg106_196	33.333	81	54	0	11	91	14	94	1.72e-12	49.7
TTNA90_192	olaTTNIg97_197	28.750	80	57	0	12	91	16	95	1.87e-12	49.7
TTNA90_192	olaTTNIg114_192	30.588	85	56	2	1	84	1	83	2.25e-12	49.3
TTNA90_192	olaTTNIg105_194	29.268	82	56	1	11	92	14	93	4.02e-12	48.9
TTNA90_192	olaTTNIg64_193	27.027	74	54	0	15	88	15	88	7.12e-12	48.1
TTNA90_192	olaTTNIg74_196	27.381	84	59	1	11	92	12	95	1.04e-11	47.8
TTNA90_192	olaTTNIg39_194	29.730	74	52	0	15	88	17	90	1.88e-11	47.0
TTNA90_192	olaTTNIg75_195	28.916	83	56	2	11	92	14	94	2.14e-11	47.0
TTNA90_192	olaTTNIg99_197	27.907	86	61	1	8	92	11	96	2.32e-11	47.0
TTNA90_192	olaTTNIg101_195	31.250	80	54	1	7	86	10	88	2.83e-11	46.6
TTNA90_192	olaTTNIg72_197	29.630	81	57	0	12	92	16	96	3.11e-11	46.6
TTNA90_192	olaTTNIg4_195	32.353	68	44	1	24	89	25	92	4.58e-11	46.2
TTNA90_192	olaTTNIg71_194	31.250	80	53	1	13	92	16	93	4.79e-11	46.2
TTNA90_192	olaTTNIg3_195	23.596	89	68	0	1	89	2	90	6.33e-11	45.8
TTNA90_192	olaTTNIg24_194	26.582	79	58	0	11	89	11	89	7.44e-11	45.4
TTNA90_192	olaTTNIg80_196	31.884	69	47	0	24	92	27	95	1.23e-10	45.1
TTNA90_192	olaTTNIg66_196	33.333	81	53	1	12	92	16	95	1.37e-10	45.1
TTNA90_192	olaTTNIg92_196	34.568	81	53	0	12	92	15	95	1.48e-10	44.7
TTNA90_192	olaTTNIg117_196	30.000	80	56	0	9	88	10	89	1.79e-10	44.7
TTNA90_192	olaTTNIg115_194	24.691	81	61	0	1	81	2	82	2.67e-10	44.3
TTNA90_192	olaTTNIg38_193	26.374	91	66	1	1	90	2	92	3.50e-10	43.9
TTNA90_192	olaTTNIg102_195	25.000	92	66	2	2	92	5	94	4.56e-10	43.5
TTNA90_192	olaTTNIg69_194	33.333	81	52	1	12	92	15	93	5.03e-10	43.5
TTNA90_192	olaTTNIg109_193	27.957	93	65	2	1	92	1	92	1.00e-09	42.7
TTNA90_192	olaTTNIg67_1104	28.421	95	59	4	7	92	9	103	1.91e-09	42.0
TTNA94_195	olaTTNIg89_196	46.316	95	51	0	1	95	1	95	1.30e-33	103
TTNA94_195	olaTTNIg86_197	53.684	95	44	0	1	95	2	96	4.21e-32	99.8
TTNA94_195	olaTTNIg95_197	47.368	95	50	0	1	95	2	96	2.74e-31	97.8
TTNA94_195	olaTTNIg92_196	51.579	95	46	0	1	95	1	95	3.00e-31	97.8
TTNA94_195	olaTTNIg83_195	41.053	95	55	1	1	95	1	94	4.28e-27	87.0
TTNA94_195	olaTTNIg72_197	38.947	95	58	0	1	95	2	96	4.11e-22	74.3
TTNA94_195	olaTTNIg98_196	33.684	95	63	0	1	95	1	95	2.50e-21	72.4
TTNA94_195	olaTTNIg104_198	40.625	96	56	1	1	95	2	97	3.39e-21	72.4
TTNA94_195	olaTTNIg81_193	38.947	95	55	1	1	95	1	92	9.16e-19	65.9
TTNA94_195	olaTTNIg102_195	35.789	95	59	1	1	95	2	94	1.13e-18	65.9
TTNA94_195	olaTTNIg78_196	30.526	95	66	0	1	95	1	95	2.66e-18	64.7
TTNA94_195	olaTTNIg87_194	35.789	95	59	2	1	95	1	93	4.75e-18	63.9
TTNA94_195	olaTTNIg93_194	31.579	95	63	1	1	95	1	93	1.64e-17	62.8
TTNA94_195	olaTTNIg77_197	32.632	95	64	0	1	95	2	96	4.03e-17	61.6
TTNA94_195	olaTTNIg103_196	35.802	81	52	0	13	93	13	93	7.38e-17	61.2
TTNA94_195	olaTTNIg84_195	33.684	95	61	1	1	95	2	94	1.09e-16	60.5
TTNA94_195	olaTTNIg74_196	40.659	91	50	3	8	95	6	95	1.34e-16	60.5
TTNA94_195	olaTTNIg66_196	29.474	95	66	1	1	95	2	95	1.37e-16	60.5
TTNA94_195	olaTTNIg73_197	33.684	95	63	0	1	95	2	96	1.37e-16	60.5
TTNA94_195	olaTTNIg75_195	36.458	96	58	2	1	95	1	94	3.37e-16	59.3
TTNA94_195	olaTTNIg101_195	33.684	95	62	1	1	95	1	94	5.43e-16	58.9
TTNA94_195	olaTTNIg76_192	32.632	95	60	1	1	95	1	91	5.63e-16	58.9
TTNA94_195	olaTTNIg70_195	35.789	95	59	1	1	95	2	94	6.45e-16	58.5
TTNA94_195	olaTTNIg107_194	34.043	94	60	1	1	94	1	92	1.97e-15	57.4
TTNA94_195	olaTTNIg69_194	32.632	95	62	1	1	95	1	93	2.81e-15	57.0
TTNA94_195	olaTTNIg109_193	31.868	91	61	1	6	95	2	92	3.38e-15	56.6
TTNA94_195	olaTTNIg80_196	37.234	94	58	1	3	95	2	95	6.79e-15	56.2
TTNA94_195	olaTTNIg96_194	29.474	95	65	1	1	95	1	93	1.31e-14	55.5
TTNA94_195	olaTTNIg63_197	30.526	95	66	0	1	95	2	96	1.32e-14	55.5
TTNA94_195	olaTTNIg82_196	28.421	95	68	0	1	95	1	95	2.16e-14	54.7
TTNA94_195	olaTTNIg90_195	35.789	95	59	2	1	95	2	94	2.33e-14	54.7
TTNA94_195	olaTTNIg39_194	31.395	86	59	0	8	93	7	92	1.12e-13	52.8
TTNA94_195	olaTTNIg99_197	27.368	95	68	1	2	95	2	96	2.77e-13	52.0
TTNA94_195	olaTTNIg105_194	28.421	95	66	1	1	95	1	93	4.70e-13	51.2
TTNA94_195	olaTTNIg94_193	29.412	85	60	0	11	95	8	92	4.90e-13	51.2
TTNA94_195	olaTTNIg91_193	29.474	95	64	1	1	95	1	92	7.39e-13	50.8
TTNA94_195	olaTTNIg79_197	29.268	82	57	1	14	94	14	95	7.48e-13	50.8
TTNA94_195	olaTTNIg116_195	32.432	74	50	0	12	85	10	83	1.31e-12	50.1
TTNA94_195	olaTTNIg100_195	31.325	83	57	0	12	94	12	94	1.91e-12	49.7
TTNA94_195	olaTTNIg3_195	32.857	70	47	0	15	84	13	82	2.02e-12	49.7
TTNA94_195	olaTTNnewIg_1104	25.962	104	68	2	1	95	1	104	7.07e-12	48.5
TTNA94_195	olaTTNIg67_1104	30.097	103	64	2	1	95	1	103	9.86e-12	48.1
TTNA94_195	olaTTNIg88_193	27.160	81	59	0	15	95	12	92	2.82e-11	46.6
TTNA94_195	olaTTNIg85_194	29.412	85	60	0	11	95	9	93	3.50e-11	46.6
TTNA94_195	olaTTNIg106_196	32.500	80	54	0	15	94	15	94	4.10e-11	46.2
TTNA94_195	olaTTNIg40_194	31.944	72	49	0	13	84	10	81	5.55e-11	45.8
TTNA94_195	olaTTNIg97_197	27.381	84	61	0	1	84	2	85	1.42e-10	45.1
TTNA94_195	olaTTNIg27_192	29.348	92	62	1	7	95	1	92	3.20e-10	43.9
TTNA94_195	olaTTNIg33_195	29.762	84	59	0	12	95	10	93	3.55e-10	43.9
TTNA94_195	olaTTNIg71_194	26.316	95	68	1	1	95	1	93	1.24e-09	42.4
TTNA98_194	olaTTNIg90_195	69.892	93	28	0	2	94	2	94	7.90e-49	142
TTNA98_194	olaTTNIg87_194	52.688	93	44	0	2	94	1	93	9.33e-36	108
TTNA98_194	olaTTNIg84_195	50.538	93	46	0	2	94	2	94	1.53e-33	103
TTNA98_194	olaTTNIg81_193	52.688	93	43	1	2	94	1	92	4.95e-31	97.1
TTNA98_194	olaTTNIg93_194	44.086	93	52	0	2	94	1	93	5.32e-31	97.1
TTNA98_194	olaTTNIg102_195	46.237	93	50	0	2	94	2	94	1.02e-30	96.3
TTNA98_194	olaTTNIg105_194	40.860	93	55	0	2	94	1	93	2.39e-24	80.1
TTNA98_194	olaTTNIg78_196	40.000	95	55	1	2	94	1	95	1.27e-23	78.2
TTNA98_194	olaTTNIg75_195	42.553	94	53	1	2	94	1	94	3.85e-23	77.0
TTNA98_194	olaTTNIg96_194	35.484	93	60	0	2	94	1	93	9.90e-23	75.9
TTNA98_194	olaTTNIg69_194	38.710	93	57	0	2	94	1	93	7.87e-22	73.6
TTNA98_194	olaTTNIg107_194	38.043	92	57	0	2	93	1	92	1.70e-20	70.1
TTNA98_194	olaTTNIg104_198	40.625	96	54	2	2	94	2	97	3.38e-19	67.0
TTNA98_194	olaTTNIg103_196	36.559	93	57	1	2	92	1	93	2.62e-18	64.7
TTNA98_194	olaTTNIg73_197	35.789	95	59	1	2	94	2	96	8.23e-18	63.5
TTNA98_194	olaTTNIg79_197	34.737	95	59	2	2	93	1	95	1.30e-17	63.2
TTNA98_194	olaTTNIg74_196	37.647	85	49	1	14	94	11	95	1.41e-17	62.8
TTNA98_194	olaTTNIg82_196	32.632	95	62	1	2	94	1	95	1.56e-17	62.8
TTNA98_194	olaTTNIg64_193	31.915	94	59	2	2	93	1	91	7.00e-17	61.2
TTNA98_194	olaTTNIg72_197	32.632	95	62	1	2	94	2	96	7.07e-17	61.2
TTNA98_194	olaTTNIg63_197	32.632	95	62	1	2	94	2	96	7.55e-17	61.2
TTNA98_194	olaTTNIg77_197	32.000	100	56	2	2	94	2	96	1.27e-16	60.5
TTNA98_194	olaTTNIg66_196	34.043	94	61	1	2	94	2	95	3.02e-16	59.7
TTNA98_194	olaTTNIg71_194	31.183	93	64	0	2	94	1	93	5.41e-16	58.9
TTNA98_194	olaTTNIg99_197	33.684	95	60	2	3	94	2	96	2.13e-15	57.4
TTNA98_194	olaTTNIg70_195	35.789	95	57	3	2	94	2	94	7.55e-15	55.8
TTNA98_194	olaTTNIg89_196	30.526	95	64	1	2	94	1	95	1.07e-14	55.5
TTNA98_194	olaTTNIg100_195	30.851	94	63	1	2	93	1	94	1.13e-13	52.8
TTNA98_194	olaTTNIg80_196	34.043	94	59	2	4	94	2	95	2.07e-13	52.4
TTNA98_194	olaTTNIg83_195	30.928	97	60	4	2	94	1	94	2.30e-13	52.0
TTNA98_194	olaTTNIg101_195	28.723	94	66	1	2	94	1	94	2.57e-13	52.0
TTNA98_194	olaTTNIg98_196	27.368	95	67	1	2	94	1	95	3.33e-13	51.6
TTNA98_194	olaTTNIg62_195	34.737	95	58	2	2	93	1	94	5.77e-13	51.2
TTNA98_194	olaTTNIg109_193	32.967	91	58	2	7	94	2	92	8.88e-13	50.4
TTNA98_194	olaTTNIg86_197	32.632	95	62	1	2	94	2	96	1.18e-12	50.4
TTNA98_194	olaTTNIg76_192	30.000	80	54	1	17	94	12	91	1.46e-12	50.1
TTNA98_194	olaTTNIg95_197	27.368	95	67	1	2	94	2	96	1.51e-12	50.1
TTNA98_194	olaTTNIg97_197	27.368	95	67	1	1	93	1	95	6.25e-12	48.5
TTNA98_194	olaTTNIg92_196	31.579	95	63	1	2	94	1	95	6.60e-12	48.5
TTNA98_194	olaTTNIg85_194	29.885	87	59	1	10	94	7	93	1.19e-11	47.8
TTNA98_194	olaTTNIg94_193	28.395	81	56	1	16	94	12	92	2.05e-11	47.0
TTNA98_194	olaTTNIg106_196	25.532	94	68	1	2	93	1	94	3.50e-11	46.6
TTNA98_194	olaTTNIg88_193	31.507	73	48	1	24	94	20	92	4.35e-11	46.2
TTNA98_194	olaTTNIg91_193	30.864	81	54	1	16	94	12	92	4.49e-11	46.2
TTNA98_194	olaTTNnewIg_1104	28.846	104	63	3	2	94	1	104	6.27e-10	43.5
TTNA98_194	olaTTNIg116_195	27.711	83	58	1	12	92	9	91	6.31e-09	40.8
TTNA98_194	olaTTNIg67_1104	28.889	90	55	2	14	94	14	103	1.07e-07	37.7
TTNA98_194	olaTTNIg111_1101	28.736	87	59	2	11	94	14	100	1.78e-07	37.0
TTNA98_194	olaTTNIg115_194	26.582	79	56	1	16	92	13	91	1.88e-07	37.0
TTNA98_194	olaTTNIg46_189	36.735	49	29	1	33	79	30	78	7.84e-07	35.0
TTNA101_192	olaTTNIg91_193	52.174	92	44	0	1	92	1	92	7.53e-40	119
TTNA101_192	olaTTNIg94_193	54.348	92	42	0	1	92	1	92	1.05e-35	108
TTNA101_192	olaTTNIg85_194	51.087	92	45	0	1	92	2	93	3.35e-35	107
TTNA101_192	olaTTNIg88_193	41.304	92	54	0	1	92	1	92	2.60e-29	92.4
TTNA101_192	olaTTNIg82_196	52.632	76	36	0	13	88	16	91	4.29e-26	84.3
TTNA101_192	olaTTNIg79_197	37.079	89	55	1	4	91	7	95	2.66e-19	67.4
TTNA101_192	olaTTNIg100_195	37.209	86	54	0	6	91	9	94	1.28e-18	65.5
TTNA101_192	olaTTNIg87_194	40.244	82	47	1	11	92	14	93	5.92e-18	63.5
TTNA101_192	olaTTNIg90_195	40.244	82	47	1	11	92	15	94	1.12e-17	63.2
TTNA101_192	olaTTNIg74_196	32.632	95	61	2	1	92	1	95	4.70e-17	61.6
TTNA101_192	olaTTNIg98_196	29.474	95	64	1	1	92	1	95	8.72e-17	60.8
TTNA101_192	olaTTNIg81_193	34.118	85	53	1	8	92	11	92	1.15e-16	60.5
TTNA101_192	olaTTNIg89_196	35.714	84	54	0	9	92	12	95	1.25e-16	60.5
TTNA101_192	olaTTNIg83_195	34.568	81	53	0	12	92	14	94	1.42e-16	60.1
TTNA101_192	olaTTNIg106_196	33.333	87	58	0	5	91	8	94	2.42e-16	59.7
TTNA101_192	olaTTNIg80_196	37.349	83	51	1	11	92	13	95	4.64e-16	58.9
TTNA101_192	olaTTNIg76_192	30.000	90	62	1	1	90	1	89	7.75e-16	58.2
TTNA101_192	olaTTNIg104_198	35.955	89	57	0	4	92	9	97	1.29e-15	57.8
TTNA101_192	olaTTNIg84_195	37.349	83	48	2	11	92	15	94	1.76e-15	57.4
TTNA101_192	olaTTNIg73_197	31.765	85	58	0	8	92	12	96	2.37e-15	57.0
TTNA101_192	olaTTNIg97_197	34.483	87	57	0	6	92	10	96	4.39e-15	56.6
TTNA101_192	olaTTNIg93_194	39.024	82	48	1	11	92	14	93	5.20e-15	56.2
TTNA101_192	olaTTNIg95_197	34.524	84	55	0	9	92	13	96	5.22e-15	56.2
TTNA101_192	olaTTNIg72_197	32.099	81	55	0	12	92	16	96	8.50e-15	55.8
TTNA101_192	olaTTNIg101_195	33.333	84	55	1	7	90	10	92	1.31e-14	55.1
TTNA101_192	olaTTNIg105_194	40.476	84	48	1	9	92	12	93	1.52e-14	55.1
TTNA101_192	olaTTNIg66_196	35.294	85	54	1	8	92	12	95	1.57e-14	55.1
TTNA101_192	olaTTNIg103_196	33.333	78	52	0	11	88	14	91	2.32e-14	54.7
TTNA101_192	olaTTNIg69_194	38.272	81	48	1	12	92	15	93	3.35e-14	54.3
TTNA101_192	olaTTNIg64_193	32.967	91	61	0	1	91	1	91	5.00e-14	53.5
TTNA101_192	olaTTNIg96_194	34.568	81	51	1	12	92	15	93	9.17e-14	53.1
TTNA101_192	olaTTNIg114_192	35.165	91	56	2	1	90	1	89	1.34e-13	52.4
TTNA101_192	olaTTNIg99_197	33.803	71	47	0	10	80	13	83	2.71e-13	52.0
TTNA101_192	olaTTNIg86_197	34.722	72	47	0	9	80	13	84	1.13e-12	50.4
TTNA101_192	olaTTNIg108_193	30.435	92	63	1	1	92	1	91	1.61e-12	49.7
TTNA101_192	olaTTNIg3_195	29.114	79	56	0	12	90	13	91	1.63e-12	49.7
TTNA101_192	olaTTNIg92_196	33.333	81	54	0	12	92	15	95	1.58e-11	47.4
TTNA101_192	olaTTNIg78_196	27.160	81	59	0	12	92	15	95	3.46e-11	46.6
TTNA101_192	olaTTNIg38_193	29.630	81	57	0	1	81	2	82	6.48e-11	45.8
TTNA101_192	olaTTNIg70_195	27.957	93	66	1	1	92	2	94	9.73e-11	45.4
TTNA101_192	olaTTNIg2_194	25.556	90	67	0	1	90	2	91	1.02e-10	45.1
TTNA101_192	olaTTNIg107_194	25.000	84	61	1	8	91	11	92	1.45e-10	44.7
TTNA101_192	olaTTNIg77_197	30.864	81	56	0	12	92	16	96	2.12e-10	44.3
TTNA101_192	olaTTNIg71_194	32.911	79	51	1	13	91	16	92	2.25e-10	44.3
TTNA101_192	olaTTNIg1_196	28.261	92	64	1	1	90	2	93	4.32e-10	43.5
TTNA101_192	olaTTNIg67_1104	30.435	92	57	2	8	92	12	103	5.42e-10	43.5
TTNA101_192	olaTTNIg5_198	29.268	82	55	2	1	80	2	82	6.46e-10	43.1
TTNA101_192	olaTTNIg109_193	30.588	85	58	1	9	92	8	92	1.03e-09	42.7
TTNA101_192	olaTTNIg10_194	25.882	85	58	2	9	90	10	92	1.58e-09	42.0
TTNA101_192	olaTTNIg36_194	28.395	81	58	0	12	92	14	94	2.85e-09	41.6
TTNA105_197	olaTTNIg92_196	60.417	96	37	1	2	97	1	95	1.22e-33	103
TTNA105_197	olaTTNIg89_196	43.750	96	53	1	2	97	1	95	4.01e-28	89.7
TTNA105_197	olaTTNIg83_195	49.425	87	43	1	11	97	9	94	2.85e-27	87.8
TTNA105_197	olaTTNIg95_197	44.792	96	52	1	2	97	2	96	1.08e-26	86.3
TTNA105_197	olaTTNIg86_197	45.833	96	51	1	2	97	2	96	1.38e-23	78.2
TTNA105_197	olaTTNIg104_198	41.237	97	55	2	2	97	2	97	1.17e-21	73.6
TTNA105_197	olaTTNIg69_194	40.625	96	54	1	2	97	1	93	4.70e-21	71.6
TTNA105_197	olaTTNIg98_196	37.500	96	59	1	2	97	1	95	1.20e-20	70.9
TTNA105_197	olaTTNIg78_196	37.500	96	59	1	2	97	1	95	3.29e-20	69.7
TTNA105_197	olaTTNIg72_197	37.500	96	59	1	2	97	2	96	7.65e-20	68.9
TTNA105_197	olaTTNIg102_195	34.375	96	60	1	2	97	2	94	1.04e-19	68.6
TTNA105_197	olaTTNIg96_194	35.417	96	59	1	2	97	1	93	3.25e-19	67.0
TTNA105_197	olaTTNIg81_193	40.625	96	53	1	2	97	1	92	2.11e-18	65.1
TTNA105_197	olaTTNIg103_196	34.043	94	61	1	2	95	1	93	2.29e-18	65.1
TTNA105_197	olaTTNIg93_194	40.625	96	54	1	2	97	1	93	2.77e-18	64.7
TTNA105_197	olaTTNIg101_195	37.500	96	58	1	2	97	1	94	3.38e-18	64.7
TTNA105_197	olaTTNIg73_197	34.375	96	62	1	2	97	2	96	4.18e-18	64.3
TTNA105_197	olaTTNIg107_194	41.053	95	53	1	2	96	1	92	5.21e-18	63.9
TTNA105_197	olaTTNIg87_194	32.292	96	62	1	2	97	1	93	1.45e-17	62.8
TTNA105_197	olaTTNIg90_195	34.375	96	60	1	2	97	2	94	1.88e-16	60.1
TTNA105_197	olaTTNIg84_195	37.113	97	56	2	2	97	2	94	3.38e-16	59.3
TTNA105_197	olaTTNIg74_196	33.333	90	59	1	9	97	6	95	8.98e-16	58.5
TTNA105_197	olaTTNIg75_195	36.458	96	59	1	2	97	1	94	1.19e-15	58.2
TTNA105_197	olaTTNIg66_196	31.250	96	64	1	2	97	2	95	5.66e-15	56.2
TTNA105_197	olaTTNIg80_196	38.298	94	56	2	5	97	3	95	2.21e-14	54.7
TTNA105_197	olaTTNIg77_197	31.250	96	65	1	2	97	2	96	2.81e-14	54.7
TTNA105_197	olaTTNIg88_193	37.805	82	50	1	16	97	12	92	2.86e-14	54.3
TTNA105_197	olaTTNIg79_197	36.145	83	51	2	15	96	14	95	1.32e-13	52.8
TTNA105_197	olaTTNIg94_193	31.818	88	59	1	10	97	6	92	1.37e-13	52.8
TTNA105_197	olaTTNIg105_194	32.292	96	62	1	2	97	1	93	7.47e-13	50.8
TTNA105_197	olaTTNIg99_197	34.524	84	53	2	15	97	14	96	3.57e-12	49.3
TTNA105_197	olaTTNIg71_194	31.646	79	51	1	19	97	18	93	8.09e-12	48.1
TTNA105_197	olaTTNIg100_195	31.579	95	64	1	2	96	1	94	1.35e-11	47.8
TTNA105_197	olaTTNIg64_193	31.522	92	61	2	5	96	2	91	1.49e-11	47.4
TTNA105_197	olaTTNIg97_197	28.866	97	68	1	1	97	1	96	2.78e-11	47.0
TTNA105_197	olaTTNIg85_194	30.233	86	59	1	12	97	9	93	3.72e-11	46.6
TTNA105_197	olaTTNIg91_193	31.395	86	58	1	12	97	8	92	5.42e-11	46.2
TTNA105_197	olaTTNIg82_196	28.125	96	68	1	2	97	1	95	1.50e-10	45.1
TTNA105_197	olaTTNIg76_192	30.000	80	55	1	18	97	13	91	2.19e-10	44.3
TTNA105_197	olaTTNIg63_197	31.250	96	65	1	2	97	2	96	2.73e-10	44.3
TTNA105_197	olaTTNIg70_195	29.167	96	65	2	2	97	2	94	3.46e-10	43.9
TTNA105_197	olaTTNIg39_194	27.660	94	65	2	2	95	2	92	5.55e-10	43.5
TTNA105_197	olaTTNIg67_1104	30.435	92	58	1	12	97	12	103	6.24e-10	43.5
TTNA105_197	olaTTNIg109_193	30.682	88	59	2	11	97	6	92	1.19e-09	42.7
TTNA105_197	olaTTNnewIg_1104	25.962	104	69	2	2	97	1	104	1.85e-09	42.4
TTNA105_197	olaTTNIg116_195	25.610	82	60	1	14	95	11	91	9.37e-09	40.4
TTNA105_197	olaTTNIg3_195	27.778	72	49	2	16	86	13	82	4.76e-08	38.5
TTNA105_197	olaTTNIg115_194	26.866	67	48	1	19	85	16	81	5.60e-08	38.1
TTNA105_197	olaTTNIg27_192	26.882	93	64	2	8	97	1	92	6.01e-08	38.1
TTNA105_197	olaTTNIg40_194	32.941	85	52	3	14	95	10	92	6.99e-08	38.1
TTNA109_194	olaTTNIg93_194	72.043	93	26	0	2	94	1	93	9.14e-48	139
TTNA109_194	olaTTNIg84_195	68.085	94	30	0	1	94	1	94	1.09e-45	134
TTNA109_194	olaTTNIg87_194	56.989	93	40	0	2	94	1	93	4.85e-39	117
TTNA109_194	olaTTNIg90_195	47.872	94	49	0	1	94	1	94	2.05e-32	100
TTNA109_194	olaTTNIg81_193	52.688	93	43	1	2	94	1	92	2.49e-32	100
TTNA109_194	olaTTNIg105_194	43.011	93	53	0	2	94	1	93	8.11e-28	89.0
TTNA109_194	olaTTNIg75_195	44.211	95	50	2	2	94	1	94	2.54e-27	87.8
TTNA109_194	olaTTNIg78_196	43.158	95	52	1	2	94	1	95	3.13e-25	82.4
TTNA109_194	olaTTNIg102_195	35.106	94	61	0	1	94	1	94	1.00e-23	78.6
TTNA109_194	olaTTNIg66_196	41.053	95	55	1	1	94	1	95	5.66e-23	76.6
TTNA109_194	olaTTNIg107_194	41.304	92	54	0	2	93	1	92	1.80e-22	75.5
TTNA109_194	olaTTNIg73_197	37.500	96	58	1	1	94	1	96	1.30e-21	73.2
TTNA109_194	olaTTNIg69_194	37.634	93	58	0	2	94	1	93	3.36e-21	72.0
TTNA109_194	olaTTNIg96_194	41.489	94	53	2	2	94	1	93	1.19e-20	70.9
TTNA109_194	olaTTNIg63_197	38.542	96	57	1	1	94	1	96	1.80e-20	70.5
TTNA109_194	olaTTNIg104_198	39.175	97	56	2	1	94	1	97	4.51e-20	69.3
TTNA109_194	olaTTNIg72_197	38.542	96	57	1	1	94	1	96	5.10e-18	63.9
TTNA109_194	olaTTNIg95_197	35.417	96	60	1	1	94	1	96	5.75e-18	63.9
TTNA109_194	olaTTNIg74_196	34.831	89	54	1	10	94	7	95	2.33e-17	62.4
TTNA109_194	olaTTNIg71_194	36.559	93	59	0	2	94	1	93	8.00e-17	60.8
TTNA109_194	olaTTNIg77_197	35.417	96	60	1	1	94	1	96	6.33e-16	58.5
TTNA109_194	olaTTNIg99_197	32.632	95	61	2	3	94	2	96	1.40e-15	57.8
TTNA109_194	olaTTNIg89_196	30.526	95	64	1	2	94	1	95	1.77e-15	57.4
TTNA109_194	olaTTNIg82_196	31.579	95	63	1	2	94	1	95	7.48e-15	55.8
TTNA109_194	olaTTNIg98_196	29.474	95	65	1	2	94	1	95	8.99e-15	55.8
TTNA109_194	olaTTNIg79_197	34.409	93	54	3	8	93	3	95	1.34e-14	55.5
TTNA109_194	olaTTNIg109_193	35.165	91	56	2	7	94	2	92	1.40e-14	55.1
TTNA109_194	olaTTNIg103_196	35.484	93	58	1	2	92	1	93	1.72e-14	55.1
TTNA109_194	olaTTNIg92_196	32.632	95	62	1	2	94	1	95	5.66e-14	53.5
TTNA109_194	olaTTNIg76_192	30.000	80	54	1	17	94	12	91	8.59e-14	53.1
TTNA109_194	olaTTNnewIg_1104	28.846	104	63	1	2	94	1	104	1.08e-12	50.4
TTNA109_194	olaTTNIg83_195	33.684	95	60	2	2	94	1	94	1.34e-12	50.1
TTNA109_194	olaTTNIg106_196	30.851	94	63	1	2	93	1	94	3.69e-12	48.9
TTNA109_194	olaTTNIg80_196	34.043	94	59	2	4	94	2	95	4.78e-12	48.9
TTNA109_194	olaTTNIg86_197	30.928	97	63	2	1	94	1	96	9.82e-12	48.1
TTNA109_194	olaTTNIg70_195	30.208	96	63	2	1	94	1	94	2.04e-11	47.0
TTNA109_194	olaTTNIg94_193	29.630	81	55	1	16	94	12	92	2.25e-11	47.0
TTNA109_194	olaTTNIg64_193	32.222	90	58	2	6	93	3	91	9.03e-11	45.4
TTNA109_194	olaTTNIg100_195	26.596	94	67	1	2	93	1	94	6.76e-10	43.1
TTNA109_194	olaTTNIg101_195	31.579	95	62	2	2	94	1	94	8.83e-10	42.7
TTNA109_194	olaTTNIg91_193	31.579	95	60	2	2	94	1	92	2.70e-09	41.6
TTNA109_194	olaTTNIg111_1101	29.293	99	65	3	1	94	2	100	3.13e-09	41.6
TTNA109_194	olaTTNIg30_194	29.114	79	54	1	10	86	8	86	4.59e-09	40.8
TTNA109_194	olaTTNIg97_197	25.532	94	68	1	2	93	2	95	6.97e-09	40.4
TTNA109_194	olaTTNIg62_195	33.735	83	50	2	14	93	14	94	7.02e-09	40.4
TTNA109_194	olaTTNIg1_196	32.099	81	50	2	10	86	8	87	1.77e-08	39.7
TTNA109_194	olaTTNIg67_1104	28.889	90	55	2	14	94	14	103	2.43e-08	39.3
TTNA109_194	olaTTNIg85_194	34.328	67	42	1	30	94	27	93	5.79e-08	38.1
TTNA109_194	olaTTNIg88_193	35.211	71	44	1	26	94	22	92	8.70e-08	37.7
TTNA109_194	olaTTNIg115_194	28.000	75	52	1	20	92	17	91	1.71e-07	37.0
TTNA112_192	olaTTNIg85_194	46.739	92	49	0	1	92	2	93	2.16e-30	95.1
TTNA112_192	olaTTNIg94_193	48.913	92	47	0	1	92	1	92	4.46e-30	94.4
TTNA112_192	olaTTNIg91_193	39.130	92	56	0	1	92	1	92	4.54e-27	87.0
TTNA112_192	olaTTNIg88_193	42.391	92	53	0	1	92	1	92	2.99e-25	82.4
TTNA112_192	olaTTNIg95_197	38.824	85	52	0	8	92	12	96	2.70e-18	64.7
TTNA112_192	olaTTNIg82_196	35.000	80	52	0	13	92	16	95	3.62e-16	59.3
TTNA112_192	olaTTNIg100_195	30.682	88	61	0	4	91	7	94	8.79e-16	58.2
TTNA112_192	olaTTNIg81_193	36.842	95	54	2	1	92	1	92	1.03e-15	58.2
TTNA112_192	olaTTNIg98_196	32.632	95	61	1	1	92	1	95	3.31e-15	56.6
TTNA112_192	olaTTNIg87_194	40.000	80	46	1	13	92	16	93	3.40e-15	56.6
TTNA112_192	olaTTNIg90_195	35.802	81	50	1	12	92	16	94	4.19e-15	56.6
TTNA112_192	olaTTNIg103_196	39.437	71	43	0	20	90	23	93	5.21e-15	56.2
TTNA112_192	olaTTNIg89_196	29.762	84	59	0	9	92	12	95	8.96e-15	55.8
TTNA112_192	olaTTNIg106_196	34.483	87	57	0	5	91	8	94	1.01e-14	55.5
TTNA112_192	olaTTNIg73_197	31.765	85	58	0	8	92	12	96	1.30e-14	55.5
TTNA112_192	olaTTNIg107_194	32.979	94	58	2	1	91	1	92	1.91e-14	54.7
TTNA112_192	olaTTNIg83_195	30.864	81	56	0	12	92	14	94	2.43e-13	52.0
TTNA112_192	olaTTNIg84_195	37.805	82	47	2	12	92	16	94	2.74e-13	52.0
TTNA112_192	olaTTNIg79_197	34.177	79	51	1	4	81	7	85	3.02e-13	51.6
TTNA112_192	olaTTNIg72_197	34.568	81	53	0	12	92	16	96	3.25e-13	51.6
TTNA112_192	olaTTNIg96_194	33.333	81	52	1	12	92	15	93	4.08e-13	51.2
TTNA112_192	olaTTNIg92_196	35.802	81	52	0	12	92	15	95	4.60e-13	51.2
TTNA112_192	olaTTNIg76_192	28.261	92	65	1	1	92	1	91	5.88e-13	50.8
TTNA112_192	olaTTNIg93_194	33.684	95	58	2	1	92	1	93	8.97e-13	50.4
TTNA112_192	olaTTNIg74_196	26.316	95	67	2	1	92	1	95	4.34e-12	48.9
TTNA112_192	olaTTNIg70_195	29.032	93	65	1	1	92	2	94	2.05e-11	47.0
TTNA112_192	olaTTNIg23_194	39.130	69	42	0	12	80	12	80	2.65e-11	46.6
TTNA112_192	olaTTNIg97_197	29.070	86	61	0	6	91	10	95	4.48e-11	46.2
TTNA112_192	olaTTNIg64_193	24.176	91	69	0	1	91	1	91	1.70e-10	44.7
TTNA112_192	olaTTNIg2_194	27.778	90	65	0	1	90	2	91	1.88e-10	44.7
TTNA112_192	olaTTNIg86_197	31.944	72	49	0	9	80	13	84	3.26e-10	43.9
TTNA112_192	olaTTNIg78_196	28.571	91	64	1	2	92	6	95	4.55e-10	43.5
TTNA112_192	olaTTNIg66_196	31.579	95	61	2	1	92	2	95	4.96e-10	43.5
TTNA112_192	olaTTNIg77_197	28.421	95	65	1	1	92	2	96	6.47e-10	43.1
TTNA112_192	olaTTNIg104_198	29.412	85	60	0	8	92	13	97	8.90e-10	42.7
TTNA112_192	olaTTNIg99_197	26.761	71	52	0	10	80	13	83	1.05e-09	42.7
TTNA112_192	olaTTNIg67_1104	29.897	97	55	3	7	92	9	103	1.23e-09	42.7
TTNA112_192	olaTTNIg29_192	37.736	53	33	0	32	84	32	84	1.37e-09	42.4
TTNA112_192	olaTTNIg63_197	29.474	95	64	2	1	92	2	96	1.85e-09	42.0
TTNA112_192	olaTTNIg102_195	30.337	89	52	2	8	92	12	94	1.89e-09	42.0
TTNA112_192	olaTTNIg3_195	23.333	90	69	0	1	90	2	91	3.03e-09	41.6
TTNA112_192	olaTTNIg69_194	33.333	81	52	1	12	92	15	93	6.70e-09	40.4
TTNA112_192	olaTTNIg80_196	31.343	67	46	0	26	92	29	95	7.03e-09	40.4
TTNA112_192	olaTTNIg111_1101	30.303	66	45	1	16	80	23	88	7.69e-09	40.4
TTNA112_192	olaTTNIg27_192	25.301	83	62	0	10	92	10	92	1.03e-08	40.0
TTNA112_192	olaTTNIg105_194	30.952	84	56	1	9	92	12	93	1.56e-08	39.7
TTNA112_192	olaTTNIg115_194	22.222	90	70	0	1	90	2	91	1.89e-08	39.3
TTNA112_192	olaTTNIg40_194	25.926	81	60	0	1	81	1	81	1.95e-08	39.3
TTNA112_192	olaTTNIg38_193	33.846	65	43	0	17	81	18	82	3.19e-08	38.9
TTNA112_192	olaTTNIg31_193	29.688	64	45	0	20	83	21	84	4.53e-08	38.5
TTNA116_196	olaTTNIg95_197	58.333	96	40	0	1	96	1	96	8.82e-42	124
TTNA116_196	olaTTNIg83_195	47.368	95	49	1	2	96	1	94	1.29e-29	93.6
TTNA116_196	olaTTNIg72_197	42.708	96	55	0	1	96	1	96	3.73e-27	87.4
TTNA116_196	olaTTNIg92_196	48.421	95	49	0	2	96	1	95	2.83e-26	85.1
TTNA116_196	olaTTNIg89_196	40.000	95	57	0	2	96	1	95	7.90e-26	84.0
TTNA116_196	olaTTNIg81_193	41.053	95	53	1	2	96	1	92	1.26e-23	78.2
TTNA116_196	olaTTNIg102_195	35.417	96	60	1	1	96	1	94	5.15e-23	76.6
TTNA116_196	olaTTNIg86_197	41.667	96	56	0	1	96	1	96	9.37e-23	76.3
TTNA116_196	olaTTNIg104_198	38.144	97	59	1	1	96	1	97	2.06e-22	75.5
TTNA116_196	olaTTNIg69_194	37.895	95	57	1	2	96	1	93	1.24e-21	73.2
TTNA116_196	olaTTNIg73_197	37.500	96	60	0	1	96	1	96	3.07e-21	72.4
TTNA116_196	olaTTNIg84_195	37.500	96	58	1	1	96	1	94	1.76e-20	70.5
TTNA116_196	olaTTNIg90_195	39.583	96	56	1	1	96	1	94	1.80e-20	70.5
TTNA116_196	olaTTNIg98_196	33.684	95	63	0	2	96	1	95	3.28e-20	69.7
TTNA116_196	olaTTNIg93_194	35.789	95	59	1	2	96	1	93	3.60e-20	69.7
TTNA116_196	olaTTNIg107_194	35.106	94	59	1	2	95	1	92	1.51e-19	67.8
TTNA116_196	olaTTNIg75_195	36.458	96	58	2	2	96	1	94	3.47e-19	67.0
TTNA116_196	olaTTNIg96_194	32.632	95	62	1	2	96	1	93	4.80e-19	66.6
TTNA116_196	olaTTNIg78_196	32.632	95	64	0	2	96	1	95	7.63e-19	66.2
TTNA116_196	olaTTNIg66_196	33.333	96	63	1	1	96	1	95	8.23e-19	66.2
TTNA116_196	olaTTNIg87_194	33.684	95	61	1	2	96	1	93	5.79e-18	63.9
TTNA116_196	olaTTNIg77_197	26.042	96	71	0	1	96	1	96	4.70e-17	61.6
TTNA116_196	olaTTNIg94_193	32.941	85	57	0	12	96	8	92	1.55e-16	60.1
TTNA116_196	olaTTNIg64_193	35.556	90	57	1	6	95	3	91	3.43e-16	59.3
TTNA116_196	olaTTNIg103_196	37.037	81	49	1	13	91	12	92	4.63e-16	58.9
TTNA116_196	olaTTNIg63_197	27.083	96	70	0	1	96	1	96	6.85e-16	58.5
TTNA116_196	olaTTNIg99_197	32.632	95	63	1	3	96	2	96	1.14e-15	58.2
TTNA116_196	olaTTNIg80_196	34.043	94	61	1	4	96	2	95	3.33e-15	57.0
TTNA116_196	olaTTNIg85_194	34.118	85	56	0	12	96	9	93	2.65e-14	54.7
TTNA116_196	olaTTNIg101_195	30.526	95	65	1	2	96	1	94	4.27e-14	53.9
TTNA116_196	olaTTNIg82_196	32.000	75	51	0	11	85	10	84	9.32e-14	53.1
TTNA116_196	olaTTNnewIg_1104	28.846	104	65	2	2	96	1	104	1.09e-13	53.1
TTNA116_196	olaTTNIg88_193	30.667	75	52	0	22	96	18	92	1.14e-13	52.8
TTNA116_196	olaTTNIg105_194	28.421	95	66	1	2	96	1	93	2.05e-13	52.4
TTNA116_196	olaTTNIg79_197	30.488	82	56	1	15	95	14	95	3.26e-13	52.0
TTNA116_196	olaTTNIg74_196	30.108	93	63	1	6	96	3	95	3.79e-13	51.6
TTNA116_196	olaTTNIg70_195	29.167	96	66	1	1	96	1	94	3.91e-13	51.6
TTNA116_196	olaTTNIg91_193	28.571	91	64	1	6	96	3	92	8.41e-13	50.8
TTNA116_196	olaTTNIg71_194	27.368	95	67	1	2	96	1	93	1.03e-12	50.4
TTNA116_196	olaTTNIg76_192	27.368	95	65	1	2	96	1	91	1.24e-12	50.1
TTNA116_196	olaTTNIg100_195	28.205	78	56	0	13	90	12	89	3.81e-12	48.9
TTNA116_196	olaTTNIg97_197	27.907	86	62	0	11	96	11	96	6.11e-12	48.5
TTNA116_196	olaTTNIg106_196	38.158	76	43	2	11	84	10	83	1.58e-11	47.4
TTNA116_196	olaTTNIg116_195	24.658	73	55	0	14	86	11	83	1.70e-11	47.4
TTNA116_196	olaTTNIg109_193	28.571	91	64	1	7	96	2	92	5.26e-11	46.2
TTNA116_196	olaTTNIg67_1104	28.261	92	59	1	12	96	12	103	8.05e-11	45.8
TTNA116_196	olaTTNIg111_1101	28.571	91	64	1	7	96	10	100	2.26e-10	44.7
TTNA116_196	olaTTNIg3_195	26.250	80	57	1	16	95	13	90	3.22e-10	43.9
TTNA116_196	olaTTNIg115_194	24.638	69	52	0	16	84	13	81	1.01e-09	42.7
TTNA116_196	olaTTNIg39_194	26.042	96	69	1	1	96	1	94	2.77e-09	41.6
TTNA120_193	olaTTNIg96_194	54.839	93	42	0	1	93	1	93	8.24e-38	114
TTNA120_193	olaTTNIg102_195	44.086	93	52	0	1	93	2	94	1.01e-30	96.3
TTNA120_193	olaTTNIg105_194	39.785	93	56	0	1	93	1	93	3.63e-28	89.7
TTNA120_193	olaTTNIg84_195	47.312	93	49	0	1	93	2	94	6.45e-28	89.0
TTNA120_193	olaTTNIg87_194	46.237	93	50	0	1	93	1	93	2.63e-27	87.4
TTNA120_193	olaTTNIg90_195	41.935	93	54	0	1	93	2	94	2.64e-27	87.4
TTNA120_193	olaTTNIg93_194	46.237	93	50	0	1	93	1	93	1.15e-26	85.9
TTNA120_193	olaTTNIg81_193	43.011	93	52	1	1	93	1	92	5.13e-25	81.6
TTNA120_193	olaTTNIg82_196	36.842	95	58	1	1	93	1	95	2.95e-20	69.7
TTNA120_193	olaTTNIg75_195	36.170	94	59	1	1	93	1	94	2.25e-19	67.4
TTNA120_193	olaTTNIg99_197	43.011	93	50	2	4	93	4	96	3.28e-19	67.0
TTNA120_193	olaTTNIg107_194	30.435	92	64	0	1	92	1	92	3.39e-19	67.0
TTNA120_193	olaTTNIg95_197	35.789	95	59	1	1	93	2	96	7.58e-19	66.2
TTNA120_193	olaTTNIg78_196	31.579	95	63	1	1	93	1	95	9.60e-19	65.9
TTNA120_193	olaTTNIg72_197	30.526	95	64	1	1	93	2	96	1.78e-16	60.1
TTNA120_193	olaTTNIg103_196	34.409	93	57	2	1	91	1	91	4.13e-16	59.3
TTNA120_193	olaTTNIg104_198	32.292	96	62	2	1	93	2	97	3.91e-15	56.6
TTNA120_193	olaTTNIg98_196	33.333	96	60	2	1	93	1	95	9.58e-15	55.5
TTNA120_193	olaTTNIg69_194	32.258	93	63	0	1	93	1	93	1.09e-14	55.5
TTNA120_193	olaTTNIg80_196	32.609	92	59	2	5	93	4	95	2.77e-14	54.3
TTNA120_193	olaTTNIg63_197	29.474	95	65	1	1	93	2	96	3.15e-14	54.3
TTNA120_193	olaTTNIg73_197	32.632	95	62	1	1	93	2	96	4.66e-14	53.9
TTNA120_193	olaTTNIg94_193	36.905	84	51	1	12	93	9	92	5.28e-14	53.5
TTNA120_193	olaTTNIg77_197	28.421	95	66	1	1	93	2	96	2.05e-13	52.4
TTNA120_193	olaTTNIg86_197	31.250	80	53	1	1	78	2	81	2.33e-13	52.0
TTNA120_193	olaTTNIg74_196	32.258	93	59	2	5	93	3	95	2.62e-13	52.0
TTNA120_193	olaTTNIg97_197	28.723	94	65	1	1	92	2	95	2.62e-13	52.0
TTNA120_193	olaTTNIg79_197	28.421	95	65	1	1	92	1	95	3.44e-13	51.6
TTNA120_193	olaTTNIg71_194	31.183	93	64	0	1	93	1	93	4.45e-13	51.2
TTNA120_193	olaTTNIg100_195	27.660	94	66	1	1	92	1	94	4.60e-13	51.2
TTNA120_193	olaTTNIg89_196	29.474	95	65	1	1	93	1	95	6.86e-13	50.8
TTNA120_193	olaTTNIg64_193	27.660	94	63	2	1	92	1	91	7.31e-13	50.8
TTNA120_193	olaTTNIg83_195	32.184	87	57	1	9	93	8	94	1.25e-12	50.1
TTNA120_193	olaTTNIg66_196	29.787	94	65	1	1	93	2	95	1.44e-12	50.1
TTNA120_193	olaTTNIg101_195	31.579	95	62	2	1	93	1	94	2.37e-12	49.3
TTNA120_193	olaTTNIg92_196	31.579	95	63	1	1	93	1	95	1.25e-11	47.8
TTNA120_193	olaTTNIg85_194	30.952	84	56	1	12	93	10	93	1.42e-11	47.4
TTNA120_193	olaTTNIg91_193	33.333	84	54	1	12	93	9	92	2.95e-11	46.6
TTNA120_193	olaTTNIg62_195	35.789	95	57	2	1	92	1	94	8.10e-11	45.4
TTNA120_193	olaTTNIg88_193	31.579	76	50	1	20	93	17	92	1.08e-10	45.1
TTNA120_193	olaTTNIg106_196	29.787	94	62	2	1	92	1	92	8.02e-10	43.1
TTNA120_193	olaTTNIg68_199	26.596	94	60	3	8	92	4	97	1.22e-09	42.7
TTNA120_193	olaTTNIg76_192	27.907	86	58	2	9	92	5	88	1.64e-09	42.0
TTNA120_193	olaTTNIg70_195	24.176	91	67	1	5	93	4	94	4.79e-09	40.8
TTNA120_193	olaTTNIg67_1104	28.571	91	56	1	12	93	13	103	4.96e-09	41.2
TTNA120_193	olaTTNIg109_193	25.275	91	65	2	6	93	2	92	6.16e-09	40.4
TTNA120_193	olaTTNIg108_193	31.818	66	43	2	15	78	12	77	1.21e-07	37.4
TTNA120_193	olaTTNnewIg_1104	24.038	104	68	1	1	93	1	104	1.93e-07	37.0
TTNA120_193	olaTTNIg111_1101	29.114	79	53	2	18	93	22	100	1.29e-06	34.7
TTNA120_193	olaTTNIg3_195	28.395	81	54	2	15	91	13	93	4.03e-06	33.1
TTNA123_196	olaTTNIg97_197	58.511	94	39	0	2	95	2	95	6.77e-40	119
TTNA123_196	olaTTNIg88_193	46.591	88	45	1	9	96	7	92	4.68e-24	79.3
TTNA123_196	olaTTNIg85_194	42.353	85	49	0	12	96	9	93	2.71e-20	69.7
TTNA123_196	olaTTNIg94_193	40.449	89	53	0	8	96	4	92	3.50e-20	69.7
TTNA123_196	olaTTNIg82_196	36.559	93	57	1	2	94	1	91	4.04e-20	69.3
TTNA123_196	olaTTNIg91_193	40.000	95	54	2	2	96	1	92	4.86e-20	69.3
TTNA123_196	olaTTNIg103_196	30.337	89	61	1	2	90	1	88	2.01e-17	62.8
TTNA123_196	olaTTNIg83_195	33.735	83	55	0	14	96	12	94	2.72e-17	62.4
TTNA123_196	olaTTNIg87_194	33.684	95	61	1	2	96	1	93	5.20e-17	61.6
TTNA123_196	olaTTNIg81_193	34.737	95	59	1	2	96	1	92	3.25e-16	59.3
TTNA123_196	olaTTNIg79_197	33.684	95	62	1	2	95	1	95	3.61e-16	59.3
TTNA123_196	olaTTNIg100_195	30.851	94	65	0	2	95	1	94	4.62e-16	58.9
TTNA123_196	olaTTNIg95_197	32.292	96	65	0	1	96	1	96	1.60e-15	57.8
TTNA123_196	olaTTNIg89_196	31.395	86	59	0	11	96	10	95	9.41e-15	55.8
TTNA123_196	olaTTNIg104_198	34.021	97	63	1	1	96	1	97	1.04e-14	55.8
TTNA123_196	olaTTNIg98_196	31.579	95	65	0	2	96	1	95	1.92e-13	52.4
TTNA123_196	olaTTNIg66_196	30.208	96	66	1	1	96	1	95	2.31e-13	52.4
TTNA123_196	olaTTNIg105_194	31.579	95	63	1	2	96	1	93	2.60e-13	52.0
TTNA123_196	olaTTNIg90_195	27.083	96	68	1	1	96	1	94	2.74e-13	52.0
TTNA123_196	olaTTNIg64_193	31.818	88	60	0	8	95	4	91	3.83e-13	51.6
TTNA123_196	olaTTNIg84_195	35.354	99	56	4	1	96	1	94	4.46e-13	51.6
TTNA123_196	olaTTNIg73_197	29.167	96	68	0	1	96	1	96	1.51e-12	50.1
TTNA123_196	olaTTNIg75_195	31.579	95	64	1	2	96	1	94	2.02e-12	49.7
TTNA123_196	olaTTNIg69_194	32.632	95	62	1	2	96	1	93	3.28e-12	49.3
TTNA123_196	olaTTNIg2_194	29.787	94	63	2	1	94	1	91	4.33e-12	48.9
TTNA123_196	olaTTNIg101_195	35.802	81	51	1	16	96	15	94	1.14e-11	47.8
TTNA123_196	olaTTNIg76_192	30.588	85	59	0	12	96	7	91	2.11e-11	47.0
TTNA123_196	olaTTNIg74_196	33.735	83	53	1	16	96	13	95	2.75e-11	47.0
TTNA123_196	olaTTNIg86_197	31.250	96	66	0	1	96	1	96	2.90e-11	47.0
TTNA123_196	olaTTNIg106_196	26.596	94	69	0	2	95	1	94	4.33e-11	46.2
TTNA123_196	olaTTNIg93_194	31.579	95	63	1	2	96	1	93	9.90e-11	45.4
TTNA123_196	olaTTNIg67_1104	30.612	98	61	2	6	96	6	103	1.79e-10	45.1
TTNA123_196	olaTTNIg77_197	28.155	103	60	3	1	96	1	96	2.64e-10	44.3
TTNA123_196	olaTTNIg72_197	25.000	96	72	0	1	96	1	96	3.89e-10	43.9
TTNA123_196	olaTTNIg63_197	27.083	96	70	0	1	96	1	96	4.52e-10	43.9
TTNA123_196	olaTTNIg70_195	28.125	96	67	2	1	96	1	94	1.15e-09	42.7
TTNA123_196	olaTTNIg96_194	28.421	95	66	1	2	96	1	93	1.60e-09	42.4
TTNA123_196	olaTTNIg92_196	36.471	85	52	2	13	96	12	95	2.27e-09	42.0
TTNA123_196	olaTTNIg107_194	30.851	94	59	3	3	95	4	92	2.74e-09	41.6
TTNA123_196	olaTTNIg80_196	34.146	82	53	1	16	96	14	95	3.59e-09	41.2
TTNA123_196	olaTTNIg114_192	29.762	84	52	3	14	94	10	89	4.44e-09	41.2
TTNA123_196	olaTTNIg102_195	22.917	96	72	1	1	96	1	94	2.69e-08	38.9
TTNA123_196	olaTTNIg115_194	27.273	66	48	0	19	84	16	81	4.64e-08	38.5
TTNA123_196	olaTTNIg3_195	25.926	81	56	2	16	94	13	91	6.78e-08	38.1
TTNA123_196	olaTTNIg116_195	20.482	83	66	0	12	94	9	91	1.20e-07	37.4
TTNA123_196	olaTTNnewIg_1104	26.087	92	59	3	14	96	13	104	1.81e-07	37.0
TTNA123_196	olaTTNIg1_196	25.287	87	63	1	10	94	7	93	2.91e-07	36.6
TTNA123_196	olaTTNIg4_195	29.167	72	49	1	19	88	16	87	5.33e-07	35.8
TTNA123_196	olaTTNIg78_196	23.301	103	63	3	2	96	1	95	6.27e-07	35.4
TTNA123_196	olaTTNIg99_197	18.919	74	60	0	16	89	15	88	1.78e-06	34.3
TTNA127_195	olaTTNIg98_196	61.053	95	37	0	1	95	1	95	1.19e-42	126
TTNA127_195	olaTTNIg95_197	38.947	95	58	0	1	95	2	96	1.62e-20	70.5
TTNA127_195	olaTTNIg84_195	37.895	95	57	1	1	95	2	94	4.19e-20	69.3
TTNA127_195	olaTTNIg101_195	33.684	95	62	1	1	95	1	94	5.04e-20	69.3
TTNA127_195	olaTTNIg107_194	37.234	94	57	1	1	94	1	92	7.60e-20	68.6
TTNA127_195	olaTTNIg89_196	34.483	87	57	0	9	95	9	95	5.99e-19	66.6
TTNA127_195	olaTTNIg93_194	36.842	95	58	1	1	95	1	93	1.53e-18	65.5
TTNA127_195	olaTTNIg87_194	36.842	95	58	1	1	95	1	93	4.55e-18	64.3
TTNA127_195	olaTTNIg74_196	37.113	97	57	2	1	95	1	95	6.07e-18	63.9
TTNA127_195	olaTTNIg90_195	34.737	95	60	1	1	95	2	94	5.55e-17	61.2
TTNA127_195	olaTTNIg79_197	33.750	80	52	1	16	94	16	95	4.15e-16	59.3
TTNA127_195	olaTTNIg81_193	32.632	95	61	1	1	95	1	92	5.17e-16	58.9
TTNA127_195	olaTTNIg76_192	30.526	95	62	1	1	95	1	91	1.20e-15	57.8
TTNA127_195	olaTTNIg94_193	31.579	95	62	1	1	95	1	92	1.21e-15	57.8
TTNA127_195	olaTTNIg78_196	27.368	95	69	0	1	95	1	95	2.30e-15	57.4
TTNA127_195	olaTTNIg83_195	36.471	85	54	0	11	95	10	94	3.62e-15	56.6
TTNA127_195	olaTTNIg70_195	31.579	95	63	1	1	95	2	94	4.30e-15	56.6
TTNA127_195	olaTTNIg96_194	28.421	95	66	1	1	95	1	93	5.00e-15	56.2
TTNA127_195	olaTTNIg104_198	34.884	86	56	0	10	95	12	97	7.43e-15	56.2
TTNA127_195	olaTTNIg86_197	34.737	95	62	0	1	95	2	96	1.05e-14	55.5
TTNA127_195	olaTTNIg77_197	28.421	95	68	0	1	95	2	96	1.06e-14	55.5
TTNA127_195	olaTTNIg82_196	33.684	95	63	0	1	95	1	95	1.48e-14	55.1
TTNA127_195	olaTTNIg102_195	31.579	95	63	1	1	95	2	94	1.51e-14	55.1
TTNA127_195	olaTTNIg92_196	36.364	88	56	0	8	95	8	95	3.12e-14	54.3
TTNA127_195	olaTTNIg105_194	29.474	95	65	1	1	95	1	93	9.00e-14	53.1
TTNA127_195	olaTTNIg73_197	30.526	95	66	0	1	95	2	96	1.08e-13	53.1
TTNA127_195	olaTTNIg66_196	31.183	93	59	2	7	95	4	95	1.13e-13	53.1
TTNA127_195	olaTTNIg72_197	27.368	95	69	0	1	95	2	96	1.51e-13	52.8
TTNA127_195	olaTTNIg63_197	31.579	95	65	0	1	95	2	96	2.93e-13	52.0
TTNA127_195	olaTTNIg80_196	31.915	94	63	1	3	95	2	95	3.48e-13	51.6
TTNA127_195	olaTTNIg106_196	27.660	94	68	0	1	94	1	94	4.22e-13	51.6
TTNA127_195	olaTTNIg109_193	30.108	93	62	2	4	95	2	92	5.07e-13	51.2
TTNA127_195	olaTTNIg69_194	31.579	95	63	1	1	95	1	93	5.77e-13	51.2
TTNA127_195	olaTTNIg103_196	27.957	93	67	0	1	93	1	93	3.38e-12	49.3
TTNA127_195	olaTTNIg71_194	33.333	78	50	1	18	95	18	93	5.99e-12	48.5
TTNA127_195	olaTTNIg91_193	30.380	79	55	0	17	95	14	92	1.22e-11	47.8
TTNA127_195	olaTTNIg67_1104	30.097	103	64	2	1	95	1	103	2.94e-11	47.0
TTNA127_195	olaTTNIg100_195	30.851	94	65	0	1	94	1	94	3.42e-11	46.6
TTNA127_195	olaTTNIg99_197	27.160	81	58	1	16	95	16	96	3.68e-11	46.6
TTNA127_195	olaTTNIg117_196	27.632	76	55	0	18	93	16	91	4.33e-11	46.2
TTNA127_195	olaTTNIg2_194	31.507	73	50	0	16	88	14	86	4.34e-11	46.2
TTNA127_195	olaTTNIg75_195	29.897	97	63	2	1	95	1	94	6.80e-11	45.8
TTNA127_195	olaTTNIg88_193	34.146	82	48	1	20	95	11	92	1.46e-10	45.1
TTNA127_195	olaTTNIg68_199	29.474	95	60	2	7	94	3	97	1.50e-10	45.1
TTNA127_195	olaTTNIg39_194	25.000	84	63	0	10	93	9	92	2.75e-10	44.3
TTNA127_195	olaTTNIg110_194	28.916	83	55	2	13	93	12	92	3.75e-10	43.9
TTNA127_195	olaTTNIg40_194	30.108	93	62	1	1	93	1	90	4.65e-10	43.5
TTNA127_195	olaTTNIg1_196	26.667	90	61	3	1	88	2	88	9.38e-10	42.7
TTNA127_195	olaTTNnewIg_1104	25.000	104	69	2	1	95	1	104	1.31e-09	42.7
TTNA127_195	olaTTNIg62_195	32.895	76	44	2	23	94	22	94	2.95e-09	41.6
TTNA131_197	olaTTNIg99_197	49.474	95	48	0	3	97	2	96	4.40e-35	107
TTNA131_197	olaTTNIg81_193	45.833	96	48	2	2	97	1	92	8.85e-28	89.0
TTNA131_197	olaTTNIg84_195	47.423	97	46	3	2	97	2	94	1.38e-25	83.2
TTNA131_197	olaTTNIg102_195	44.792	96	50	2	2	97	2	94	2.49e-24	80.1
TTNA131_197	olaTTNIg87_194	44.792	96	50	2	2	97	1	93	7.07e-24	79.0
TTNA131_197	olaTTNIg90_195	46.875	96	48	2	2	97	2	94	7.92e-24	79.0
TTNA131_197	olaTTNIg75_195	42.424	99	49	3	2	97	1	94	4.74e-23	77.0
TTNA131_197	olaTTNIg82_196	39.583	96	57	1	2	97	1	95	1.29e-22	75.9
TTNA131_197	olaTTNIg93_194	39.583	96	55	2	2	97	1	93	7.60e-21	71.2
TTNA131_197	olaTTNIg72_197	37.500	96	59	1	2	97	2	96	3.65e-20	69.7
TTNA131_197	olaTTNIg96_194	40.625	96	54	2	2	97	1	93	1.93e-19	67.8
TTNA131_197	olaTTNIg73_197	35.417	96	61	1	2	97	2	96	2.04e-19	67.8
TTNA131_197	olaTTNIg95_197	38.095	84	52	0	2	85	2	85	1.21e-17	63.2
TTNA131_197	olaTTNIg63_197	37.500	96	59	1	2	97	2	96	2.51e-17	62.4
TTNA131_197	olaTTNIg104_198	37.113	97	59	2	2	97	2	97	9.56e-17	60.8
TTNA131_197	olaTTNIg71_194	39.583	96	55	2	2	97	1	93	1.19e-16	60.5
TTNA131_197	olaTTNIg85_194	36.250	80	50	1	18	97	15	93	2.02e-16	60.1
TTNA131_197	olaTTNIg107_194	33.684	95	60	2	2	96	1	92	2.93e-16	59.7
TTNA131_197	olaTTNIg94_193	38.272	81	49	1	17	97	13	92	3.40e-16	59.3
TTNA131_197	olaTTNIg78_196	33.333	96	63	1	2	97	1	95	4.59e-16	59.3
TTNA131_197	olaTTNIg98_196	36.458	96	60	1	2	97	1	95	5.46e-16	58.9
TTNA131_197	olaTTNIg69_194	34.375	96	60	2	2	97	1	93	7.52e-16	58.5
TTNA131_197	olaTTNIg79_197	34.375	96	61	2	2	96	1	95	1.36e-15	58.2
TTNA131_197	olaTTNIg105_194	34.375	96	60	2	2	97	1	93	2.08e-15	57.4
TTNA131_197	olaTTNIg66_196	36.458	96	59	2	2	97	2	95	3.30e-15	57.0
TTNA131_197	olaTTNIg70_195	31.250	96	63	2	2	97	2	94	3.51e-15	57.0
TTNA131_197	olaTTNIg103_196	32.979	94	62	1	2	95	1	93	3.71e-15	57.0
TTNA131_197	olaTTNIg64_193	32.632	95	60	2	2	96	1	91	5.76e-15	56.2
TTNA131_197	olaTTNIg88_193	38.462	78	47	1	20	97	16	92	2.59e-14	54.7
TTNA131_197	olaTTNIg86_197	28.571	84	60	0	2	85	2	85	5.55e-14	53.9
TTNA131_197	olaTTNIg83_195	32.292	96	63	2	2	97	1	94	6.45e-14	53.5
TTNA131_197	olaTTNIg91_193	33.735	83	52	1	2	84	1	80	7.82e-14	53.5
TTNA131_197	olaTTNIg89_196	29.474	95	64	1	2	96	1	92	1.74e-13	52.4
TTNA131_197	olaTTNIg100_195	27.368	95	68	1	2	96	1	94	2.16e-13	52.4
TTNA131_197	olaTTNIg111_1101	34.667	75	48	1	11	84	14	88	2.31e-13	52.4
TTNA131_197	olaTTNIg77_197	31.250	96	65	1	2	97	2	96	4.14e-13	51.6
TTNA131_197	olaTTNIg76_192	32.836	67	45	0	16	82	11	77	3.38e-12	49.3
TTNA131_197	olaTTNnewIg_1104	30.841	107	60	4	2	97	1	104	6.77e-12	48.5
TTNA131_197	olaTTNIg97_197	32.184	87	59	0	1	87	1	87	6.88e-12	48.5
TTNA131_197	olaTTNIg33_195	34.118	85	55	1	13	97	10	93	1.20e-11	47.8
TTNA131_197	olaTTNIg80_196	32.632	95	62	2	4	97	2	95	1.99e-11	47.4
TTNA131_197	olaTTNIg92_196	31.250	96	65	1	2	97	1	95	4.51e-11	46.2
TTNA131_197	olaTTNIg106_196	28.916	83	59	0	2	84	1	83	4.81e-11	46.2
TTNA131_197	olaTTNIg74_196	29.787	94	63	2	6	97	3	95	1.35e-10	45.1
TTNA131_197	olaTTNIg30_194	29.762	84	59	0	10	93	8	91	4.11e-10	43.9
TTNA131_197	olaTTNIg31_193	40.625	64	38	0	28	91	25	88	4.54e-10	43.5
TTNA131_197	olaTTNIg68_199	29.670	91	53	2	2	85	1	87	5.16e-10	43.5
TTNA131_197	olaTTNIg116_195	27.632	76	55	0	13	88	10	85	7.09e-10	43.1
TTNA131_197	olaTTNIg109_193	29.348	92	63	2	7	97	2	92	9.91e-10	42.7
TTNA131_197	olaTTNIg1_196	30.380	79	53	1	13	89	10	88	1.39e-09	42.4
TTNA134_195	olaTTNIg100_195	62.105	95	36	0	1	95	1	95	2.03e-43	128
TTNA134_195	olaTTNIg85_194	38.272	81	50	0	14	94	12	92	9.98e-20	68.6
TTNA134_195	olaTTNIg94_193	39.506	81	49	0	14	94	11	91	2.86e-19	67.0
TTNA134_195	olaTTNIg70_195	33.696	92	51	2	2	87	5	92	3.02e-17	62.0
TTNA134_195	olaTTNIg103_196	33.333	81	54	0	1	81	1	81	5.82e-17	61.2
TTNA134_195	olaTTNIg88_193	35.714	84	54	0	11	94	8	91	7.74e-17	60.8
TTNA134_195	olaTTNIg91_193	35.802	81	52	0	14	94	11	91	1.79e-16	60.1
TTNA134_195	olaTTNIg82_196	30.488	82	57	0	1	82	1	82	2.93e-14	54.3
TTNA134_195	olaTTNIg64_193	31.579	76	52	0	7	82	4	79	8.79e-14	53.1
TTNA134_195	olaTTNIg90_195	34.568	81	51	1	1	81	2	80	1.82e-13	52.4
TTNA134_195	olaTTNIg87_194	34.568	81	51	1	1	81	1	79	4.26e-13	51.6
TTNA134_195	olaTTNIg79_197	31.325	83	56	1	1	82	1	83	2.70e-12	49.3
TTNA134_195	olaTTNIg77_197	30.851	94	65	0	1	94	2	95	3.42e-12	49.3
TTNA134_195	olaTTNIg107_194	34.568	81	51	1	15	95	15	93	8.28e-12	48.1
TTNA134_195	olaTTNIg97_197	27.500	80	58	0	1	80	2	81	1.11e-11	47.8
TTNA134_195	olaTTNIg89_196	26.829	82	60	0	13	94	13	94	1.26e-11	47.8
TTNA134_195	olaTTNIg96_194	30.000	80	54	1	15	94	15	92	4.02e-11	46.2
TTNA134_195	olaTTNIg105_194	30.864	81	54	1	1	81	1	79	4.43e-11	46.2
TTNA134_195	olaTTNIg102_195	33.333	84	48	2	1	81	2	80	4.52e-11	46.2
TTNA134_195	olaTTNIg86_197	36.765	68	43	0	13	80	14	81	1.39e-10	45.1
TTNA134_195	olaTTNIg81_193	27.660	94	65	1	1	94	1	91	1.72e-10	44.7
TTNA134_195	olaTTNIg109_193	31.579	76	51	1	17	91	13	88	2.75e-10	44.3
TTNA134_195	olaTTNIg106_196	30.526	95	66	0	1	95	1	95	1.50e-09	42.4
TTNA134_195	olaTTNIg2_194	28.049	82	59	0	14	95	12	93	1.68e-09	42.0
TTNA134_195	olaTTNIg73_197	30.435	69	48	0	13	81	14	82	1.83e-09	42.0
TTNA134_195	olaTTNIg99_197	30.882	68	47	0	15	82	15	82	3.55e-09	41.2
TTNA134_195	olaTTNIg76_192	21.519	79	62	0	14	92	10	88	3.60e-09	41.2
TTNA134_195	olaTTNIg98_196	33.846	65	43	0	16	80	16	80	3.76e-09	41.2
TTNA134_195	olaTTNIg80_196	34.783	69	44	1	13	80	12	80	3.76e-09	41.2
TTNA134_195	olaTTNIg38_193	28.750	80	55	1	14	91	12	91	3.91e-09	41.2
TTNA134_195	olaTTNIg95_197	25.000	80	60	0	15	94	16	95	4.49e-09	41.2
TTNA134_195	olaTTNIg83_195	27.536	69	50	0	13	81	12	80	7.54e-09	40.4
TTNA134_195	olaTTNIg93_194	30.864	81	54	1	1	81	1	79	1.04e-08	40.0
TTNA134_195	olaTTNIg63_197	29.670	91	64	0	1	91	2	92	1.40e-08	39.7
TTNA134_195	olaTTNIg1_196	27.692	65	45	1	18	80	16	80	1.71e-08	39.7
TTNA134_195	olaTTNIg74_196	29.167	72	49	1	13	82	11	82	1.80e-08	39.7
TTNA134_195	olaTTNIg23_194	28.571	70	50	0	11	80	8	77	2.77e-08	38.9
TTNA134_195	olaTTNIg84_195	29.268	82	54	2	1	81	2	80	4.13e-08	38.5
TTNA134_195	olaTTNIg78_196	23.457	81	62	0	1	81	1	81	4.93e-08	38.5
TTNA134_195	olaTTNIg69_194	28.395	81	56	1	1	81	1	79	5.53e-08	38.1
TTNA134_195	olaTTNIg3_195	29.231	65	46	0	18	82	16	80	5.81e-08	38.1
TTNA134_195	olaTTNIg67_1104	23.684	76	51	1	13	81	14	89	7.04e-08	38.1
TTNA134_195	olaTTNIg39_194	25.581	86	60	1	9	90	8	93	7.44e-08	37.7
TTNA134_195	olaTTNIg115_194	25.641	78	58	0	18	95	16	93	7.84e-08	37.7
TTNA134_195	olaTTNIg33_195	27.397	73	53	0	10	82	8	80	8.87e-08	37.7
TTNA134_195	olaTTNIg75_195	27.835	97	63	2	1	94	1	93	9.76e-08	37.7
TTNA134_195	olaTTNIg117_196	31.343	67	46	0	14	80	12	78	1.14e-07	37.4
TTNA134_195	olaTTNIg22_193	25.676	74	54	1	9	82	7	79	1.37e-07	37.4
TTNA134_195	olaTTNIg10_194	33.333	57	37	1	14	69	12	68	2.85e-07	36.2
TTNA134_195	olaTTNIg72_197	25.263	95	67	2	2	94	5	97	3.63e-07	36.2
TTNA138_196	olaTTNIg101_195	60.000	95	37	1	2	96	1	94	5.13e-42	124
TTNA138_196	olaTTNIg98_196	31.579	95	65	0	2	96	1	95	5.75e-21	71.6
TTNA138_196	olaTTNIg77_197	40.625	96	57	0	1	96	1	96	6.87e-21	71.6
TTNA138_196	olaTTNIg66_196	41.837	98	52	3	1	96	1	95	1.47e-20	70.5
TTNA138_196	olaTTNIg95_197	35.417	96	62	0	1	96	1	96	3.57e-19	67.0
TTNA138_196	olaTTNIg69_194	36.842	95	58	1	2	96	1	93	4.90e-19	66.6
TTNA138_196	olaTTNIg83_195	37.647	85	53	0	12	96	10	94	1.35e-18	65.5
TTNA138_196	olaTTNIg73_197	35.417	96	62	0	1	96	1	96	3.91e-18	64.3
TTNA138_196	olaTTNIg94_193	31.034	87	60	0	10	96	6	92	1.97e-17	62.4
TTNA138_196	olaTTNIg72_197	32.292	96	65	0	1	96	1	96	4.60e-17	61.6
TTNA138_196	olaTTNIg92_196	34.737	95	62	0	2	96	1	95	8.43e-17	60.8
TTNA138_196	olaTTNIg89_196	29.474	95	67	0	2	96	1	95	3.85e-16	59.3
TTNA138_196	olaTTNIg86_197	32.143	84	57	0	1	84	1	84	4.74e-16	58.9
TTNA138_196	olaTTNIg105_194	35.789	95	59	1	2	96	1	93	5.60e-16	58.9
TTNA138_196	olaTTNIg82_196	37.647	85	49	2	14	96	13	95	5.75e-16	58.9
TTNA138_196	olaTTNIg102_195	34.375	96	61	1	1	96	1	94	1.11e-15	58.2
TTNA138_196	olaTTNIg70_195	31.250	96	64	1	1	96	1	94	1.41e-15	57.8
TTNA138_196	olaTTNIg75_195	31.250	96	63	2	2	96	1	94	1.52e-15	57.8
TTNA138_196	olaTTNIg87_194	32.632	95	62	1	2	96	1	93	1.75e-15	57.8
TTNA138_196	olaTTNIg90_195	31.250	96	64	1	1	96	1	94	3.95e-15	56.6
TTNA138_196	olaTTNIg96_194	37.349	83	50	1	14	96	13	93	2.35e-14	54.7
TTNA138_196	olaTTNIg107_194	31.183	93	62	1	2	94	1	91	3.29e-14	54.3
TTNA138_196	olaTTNIg81_193	31.579	95	62	1	2	96	1	92	3.43e-14	54.3
TTNA138_196	olaTTNIg63_197	30.208	96	67	0	1	96	1	96	3.56e-14	54.3
TTNA138_196	olaTTNIg91_193	27.907	86	62	0	11	96	7	92	8.61e-14	53.1
TTNA138_196	olaTTNIg76_192	28.750	80	57	0	17	96	12	91	1.63e-13	52.4
TTNA138_196	olaTTNIg78_196	30.526	95	66	0	2	96	1	95	2.93e-13	52.0
TTNA138_196	olaTTNIg40_194	36.471	85	52	1	14	96	10	94	3.12e-13	52.0
TTNA138_196	olaTTNIg84_195	31.250	96	64	1	1	96	1	94	4.50e-13	51.6
TTNA138_196	olaTTNIg64_193	29.630	81	57	0	14	94	10	90	1.10e-12	50.4
TTNA138_196	olaTTNIg79_197	32.530	83	51	2	15	94	14	94	1.83e-12	50.1
TTNA138_196	olaTTNIg3_195	26.250	80	59	0	16	95	13	92	2.00e-12	49.7
TTNA138_196	olaTTNIg88_193	27.907	86	62	0	11	96	7	92	2.73e-12	49.3
TTNA138_196	olaTTNIg99_197	34.940	83	53	1	15	96	14	96	3.89e-12	48.9
TTNA138_196	olaTTNIg67_1104	33.696	92	54	2	12	96	12	103	7.30e-12	48.5
TTNA138_196	olaTTNIg74_196	30.588	85	57	1	14	96	11	95	1.10e-11	47.8
TTNA138_196	olaTTNnewIg_1104	28.846	104	65	3	2	96	1	104	1.13e-11	48.1
TTNA138_196	olaTTNIg104_198	27.835	97	69	1	1	96	1	97	1.77e-11	47.4
TTNA138_196	olaTTNIg80_196	31.461	89	60	1	9	96	7	95	2.08e-11	47.0
TTNA138_196	olaTTNIg115_194	30.303	66	46	0	19	84	16	81	2.32e-11	47.0
TTNA138_196	olaTTNIg85_194	27.273	88	60	2	11	96	8	93	7.65e-11	45.8
TTNA138_196	olaTTNIg117_196	27.848	79	57	0	16	94	13	91	1.32e-10	45.1
TTNA138_196	olaTTNIg109_193	28.409	88	58	2	10	96	9	92	2.69e-10	44.3
TTNA138_196	olaTTNIg1_196	30.769	78	52	1	19	94	16	93	4.15e-10	43.9
TTNA138_196	olaTTNIg39_194	26.042	96	69	1	1	96	1	94	8.00e-10	43.1
TTNA138_196	olaTTNIg114_192	32.099	81	52	2	16	95	12	90	1.12e-09	42.7
TTNA138_196	olaTTNIg93_194	27.368	95	67	1	2	96	1	93	1.24e-09	42.4
TTNA138_196	olaTTNIg108_193	29.870	77	54	0	11	87	7	83	1.91e-09	42.0
TTNA138_196	olaTTNIg103_196	29.630	81	57	0	14	94	13	93	3.48e-09	41.6
TTNA138_196	olaTTNIg6_195	32.468	77	51	1	19	94	15	91	5.88e-09	40.8
TTNA142_194	olaTTNIg102_195	53.763	93	43	0	2	94	2	94	6.09e-40	119
TTNA142_194	olaTTNIg93_194	45.161	93	51	0	2	94	1	93	1.40e-32	100
TTNA142_194	olaTTNIg84_195	48.387	93	48	0	2	94	2	94	1.28e-30	95.9
TTNA142_194	olaTTNIg81_193	49.462	93	46	1	2	94	1	92	2.24e-30	95.1
TTNA142_194	olaTTNIg87_194	45.161	93	51	0	2	94	1	93	4.07e-30	94.7
TTNA142_194	olaTTNIg90_195	39.785	93	56	0	2	94	2	94	3.57e-27	87.4
TTNA142_194	olaTTNIg105_194	40.860	93	55	0	2	94	1	93	8.00e-26	84.0
TTNA142_194	olaTTNIg96_194	36.559	93	59	0	2	94	1	93	4.56e-24	79.3
TTNA142_194	olaTTNIg75_195	39.362	94	56	1	2	94	1	94	1.00e-23	78.6
TTNA142_194	olaTTNIg78_196	40.000	95	55	1	2	94	1	95	9.88e-23	75.9
TTNA142_194	olaTTNIg69_194	39.785	93	56	0	2	94	1	93	1.53e-22	75.5
TTNA142_194	olaTTNIg107_194	35.870	92	59	0	2	93	1	92	7.61e-22	73.6
TTNA142_194	olaTTNIg71_194	39.785	93	56	0	2	94	1	93	4.22e-21	71.6
TTNA142_194	olaTTNIg99_197	33.684	95	60	2	3	94	2	96	2.25e-19	67.4
TTNA142_194	olaTTNIg104_198	39.583	96	55	2	2	94	2	97	3.30e-19	67.0
TTNA142_194	olaTTNIg82_196	36.842	95	58	1	2	94	1	95	3.35e-19	67.0
TTNA142_194	olaTTNIg95_197	31.579	95	63	1	2	94	2	96	5.09e-19	66.6
TTNA142_194	olaTTNIg72_197	34.737	95	60	1	2	94	2	96	6.60e-19	66.2
TTNA142_194	olaTTNIg89_196	30.526	95	64	1	2	94	1	95	1.23e-17	63.2
TTNA142_194	olaTTNIg73_197	34.737	95	60	1	2	94	2	96	3.06e-17	62.0
TTNA142_194	olaTTNIg79_197	31.579	95	62	1	2	93	1	95	3.76e-16	59.3
TTNA142_194	olaTTNIg64_193	34.694	98	51	3	2	93	1	91	2.54e-15	57.0
TTNA142_194	olaTTNIg86_197	32.632	95	62	1	2	94	2	96	7.17e-15	55.8
TTNA142_194	olaTTNIg66_196	34.043	94	61	1	2	94	2	95	9.19e-15	55.8
TTNA142_194	olaTTNIg80_196	37.234	94	56	2	4	94	2	95	9.59e-15	55.8
TTNA142_194	olaTTNIg74_196	35.484	93	56	1	6	94	3	95	1.19e-14	55.5
TTNA142_194	olaTTNIg83_195	32.632	95	61	2	2	94	1	94	1.56e-14	55.1
TTNA142_194	olaTTNIg92_196	33.684	95	61	1	2	94	1	95	2.54e-14	54.7
TTNA142_194	olaTTNIg101_195	30.851	94	64	1	2	94	1	94	2.89e-14	54.3
TTNA142_194	olaTTNIg63_197	32.990	97	59	2	2	94	2	96	1.21e-13	52.8
TTNA142_194	olaTTNIg100_195	31.915	94	62	1	2	93	1	94	2.11e-13	52.4
TTNA142_194	olaTTNIg76_192	27.586	87	61	1	10	94	5	91	2.43e-13	52.0
TTNA142_194	olaTTNIg70_195	32.258	93	57	2	6	94	4	94	8.79e-13	50.4
TTNA142_194	olaTTNIg109_193	29.670	91	61	2	7	94	2	92	9.58e-13	50.4
TTNA142_194	olaTTNIg98_196	28.125	96	65	2	2	94	1	95	2.91e-12	49.3
TTNA142_194	olaTTNIg77_197	30.526	95	64	2	2	94	2	96	3.07e-12	49.3
TTNA142_194	olaTTNIg103_196	30.108	93	63	1	2	92	1	93	3.35e-12	49.3
TTNA142_194	olaTTNnewIg_1104	24.038	104	68	1	2	94	1	104	5.29e-12	48.9
TTNA142_194	olaTTNIg88_193	31.522	92	60	2	5	94	2	92	7.52e-11	45.4
TTNA142_194	olaTTNIg91_193	29.474	95	62	2	2	94	1	92	1.34e-10	45.1
TTNA142_194	olaTTNIg97_197	33.673	98	57	3	1	93	1	95	1.46e-10	45.1
TTNA142_194	olaTTNIg106_196	29.787	94	62	2	2	93	1	92	3.74e-10	43.9
TTNA142_194	olaTTNIg94_193	29.070	86	55	2	13	94	9	92	1.06e-09	42.7
TTNA142_194	olaTTNIg62_195	30.526	95	62	2	2	93	1	94	2.49e-09	41.6
TTNA142_194	olaTTNIg68_199	29.762	84	50	2	19	93	14	97	4.48e-09	41.2
TTNA142_194	olaTTNIg116_195	27.711	83	58	1	12	92	9	91	8.32e-09	40.4
TTNA142_194	olaTTNIg85_194	25.000	84	61	1	13	94	10	93	1.80e-08	39.3
TTNA142_194	olaTTNIg67_1104	29.126	103	63	2	2	94	1	103	3.95e-08	38.9
TTNA142_194	olaTTNIg117_196	27.848	79	55	1	16	92	13	91	4.16e-07	35.8
TTNA142_194	olaTTNIg111_1101	26.263	99	64	4	3	94	4	100	7.93e-07	35.4
TTNA145_195	olaTTNIg103_196	67.368	95	31	0	1	95	1	95	4.07e-48	140
TTNA145_195	olaTTNIg100_195	34.737	95	62	0	1	95	1	95	2.75e-22	74.7
TTNA145_195	olaTTNIg87_194	37.234	94	57	1	1	94	1	92	3.58e-20	69.3
TTNA145_195	olaTTNIg79_197	36.458	96	60	1	1	95	1	96	5.91e-20	68.9
TTNA145_195	olaTTNIg94_193	37.037	81	51	0	14	94	11	91	1.12e-19	68.2
TTNA145_195	olaTTNIg96_194	39.362	94	55	1	1	94	1	92	7.48e-19	66.2
TTNA145_195	olaTTNIg78_196	32.258	93	63	0	1	93	1	93	7.77e-19	66.2
TTNA145_195	olaTTNIg95_197	39.024	82	50	0	13	94	14	95	1.24e-18	65.5
TTNA145_195	olaTTNIg82_196	34.940	83	54	0	1	83	1	83	6.69e-18	63.9
TTNA145_195	olaTTNIg106_196	32.979	94	63	0	1	94	1	94	8.05e-18	63.5
TTNA145_195	olaTTNIg89_196	36.585	82	52	0	13	94	13	94	1.90e-17	62.8
TTNA145_195	olaTTNIg84_195	36.170	94	58	1	1	94	2	93	1.28e-16	60.5
TTNA145_195	olaTTNIg81_193	38.298	94	55	1	1	94	1	91	2.67e-16	59.7
TTNA145_195	olaTTNIg97_197	30.526	95	66	0	1	95	2	96	3.77e-16	59.3
TTNA145_195	olaTTNIg90_195	35.106	94	59	1	1	94	2	93	7.60e-16	58.5
TTNA145_195	olaTTNIg83_195	36.145	83	53	0	12	94	11	93	8.02e-16	58.5
TTNA145_195	olaTTNIg75_195	38.947	95	55	2	1	94	1	93	1.20e-15	58.2
TTNA145_195	olaTTNIg88_193	36.486	74	47	0	21	94	18	91	2.21e-15	57.4
TTNA145_195	olaTTNIg93_194	34.043	94	60	1	1	94	1	92	3.90e-15	56.6
TTNA145_195	olaTTNIg64_193	31.579	95	62	1	1	95	1	92	5.10e-15	56.2
TTNA145_195	olaTTNIg62_195	38.542	96	57	2	1	95	1	95	5.23e-15	56.2
TTNA145_195	olaTTNIg91_193	34.568	81	53	0	14	94	11	91	1.27e-14	55.5
TTNA145_195	olaTTNIg85_194	31.707	82	56	0	13	94	11	92	1.70e-14	55.1
TTNA145_195	olaTTNIg104_198	30.526	95	65	1	1	94	2	96	1.92e-14	55.1
TTNA145_195	olaTTNIg102_195	30.851	94	63	1	1	94	2	93	2.05e-14	54.7
TTNA145_195	olaTTNIg76_192	27.500	80	58	0	14	93	10	89	7.55e-14	53.1
TTNA145_195	olaTTNIg107_194	33.333	99	56	2	1	95	1	93	1.53e-13	52.8
TTNA145_195	olaTTNIg63_197	28.049	82	59	0	13	94	14	95	2.44e-13	52.0
TTNA145_195	olaTTNIg69_194	34.043	94	60	1	1	94	1	92	5.18e-13	51.2
TTNA145_195	olaTTNIg72_197	31.707	82	56	0	13	94	14	95	9.39e-13	50.4
TTNA145_195	olaTTNIg105_194	32.258	93	61	1	1	93	1	91	1.19e-12	50.4
TTNA145_195	olaTTNIg86_197	32.000	75	51	0	11	85	12	86	2.94e-12	49.3
TTNA145_195	olaTTNIg77_197	27.660	94	68	0	1	94	2	95	3.38e-12	49.3
TTNA145_195	olaTTNnewIg_1104	29.808	104	62	2	1	94	1	103	5.18e-12	48.9
TTNA145_195	olaTTNIg73_197	26.829	82	60	0	13	94	14	95	7.75e-12	48.1
TTNA145_195	olaTTNIg74_196	25.882	85	61	1	12	94	10	94	1.00e-11	48.1
TTNA145_195	olaTTNIg98_196	27.660	94	68	0	1	94	1	94	1.01e-11	47.8
TTNA145_195	olaTTNIg66_196	33.333	87	56	2	8	94	10	94	1.12e-11	47.8
TTNA145_195	olaTTNIg99_197	32.911	79	52	1	16	93	16	94	1.24e-11	47.8
TTNA145_195	olaTTNIg80_196	38.554	83	50	1	13	94	12	94	1.72e-11	47.4
TTNA145_195	olaTTNIg92_196	34.043	94	62	0	1	94	1	94	2.97e-11	46.6
TTNA145_195	olaTTNIg101_195	32.099	81	54	1	13	93	13	92	5.11e-10	43.5
TTNA145_195	olaTTNIg71_194	32.051	78	51	1	18	95	18	93	6.48e-10	43.1
TTNA145_195	olaTTNIg3_195	24.719	89	65	1	5	93	5	91	1.24e-09	42.4
TTNA145_195	olaTTNIg109_193	34.328	67	43	1	18	83	14	80	3.03e-09	41.6
TTNA145_195	olaTTNIg67_1104	28.090	89	57	2	13	94	14	102	3.30e-09	41.6
TTNA145_195	olaTTNIg38_193	25.000	80	60	0	14	93	12	91	7.99e-09	40.4
TTNA145_195	olaTTNIg30_194	26.923	78	57	0	16	93	15	92	1.56e-08	39.7
TTNA145_195	olaTTNIg70_195	29.851	67	47	0	28	94	27	93	2.85e-08	38.9
TTNA145_195	olaTTNIg6_195	28.750	80	56	1	15	93	12	91	8.97e-08	37.7
TTNA149_197	olaTTNIg104_198	64.948	97	34	0	1	97	1	97	2.83e-47	138
TTNA149_197	olaTTNIg93_194	41.667	96	53	2	2	97	1	93	1.30e-21	73.2
TTNA149_197	olaTTNIg84_195	40.206	97	55	2	1	97	1	94	3.91e-20	69.3
TTNA149_197	olaTTNIg66_196	38.144	97	58	2	1	97	1	95	2.41e-19	67.4
TTNA149_197	olaTTNIg95_197	32.990	97	64	1	1	97	1	96	1.04e-18	65.9
TTNA149_197	olaTTNIg83_195	41.176	85	50	0	13	97	10	94	1.10e-18	65.9
TTNA149_197	olaTTNIg90_195	38.144	97	57	2	1	97	1	94	1.51e-18	65.5
TTNA149_197	olaTTNIg102_195	32.990	97	62	2	1	97	1	94	4.63e-18	64.3
TTNA149_197	olaTTNIg80_196	39.785	93	54	2	6	97	4	95	6.65e-18	63.9
TTNA149_197	olaTTNIg77_197	34.021	97	63	1	1	97	1	96	1.29e-17	63.2
TTNA149_197	olaTTNIg105_194	35.106	94	56	2	7	97	2	93	2.69e-17	62.4
TTNA149_197	olaTTNIg71_194	36.458	96	58	2	2	97	1	93	2.81e-17	62.4
TTNA149_197	olaTTNIg103_196	31.915	94	63	1	2	95	1	93	3.04e-17	62.0
TTNA149_197	olaTTNIg89_196	38.542	96	58	1	2	97	1	95	3.99e-17	62.0
TTNA149_197	olaTTNIg82_196	37.349	83	52	0	15	97	13	95	4.60e-17	61.6
TTNA149_197	olaTTNIg73_197	35.052	97	62	1	1	97	1	96	7.19e-17	61.2
TTNA149_197	olaTTNIg87_194	37.500	96	57	2	2	97	1	93	7.87e-17	61.2
TTNA149_197	olaTTNIg78_196	29.167	96	67	1	2	97	1	95	1.88e-16	60.1
TTNA149_197	olaTTNIg79_197	37.037	81	48	2	18	96	16	95	3.32e-16	59.7
TTNA149_197	olaTTNIg92_196	37.500	96	59	1	2	97	1	95	5.82e-16	58.9
TTNA149_197	olaTTNIg75_195	38.542	96	57	2	2	97	1	94	6.55e-16	58.9
TTNA149_197	olaTTNIg72_197	34.021	97	63	1	1	97	1	96	1.13e-15	58.2
TTNA149_197	olaTTNIg69_194	37.500	96	57	2	2	97	1	93	1.35e-15	57.8
TTNA149_197	olaTTNIg74_196	32.967	91	58	2	9	97	6	95	1.37e-15	57.8
TTNA149_197	olaTTNIg94_193	30.337	89	62	0	9	97	4	92	1.59e-15	57.8
TTNA149_197	olaTTNIg86_197	39.175	97	58	1	1	97	1	96	6.12e-15	56.2
TTNA149_197	olaTTNIg81_193	34.375	96	59	2	2	97	1	92	6.77e-15	56.2
TTNA149_197	olaTTNIg98_196	32.941	85	57	0	13	97	11	95	8.83e-15	55.8
TTNA149_197	olaTTNIg63_197	34.021	97	63	1	1	97	1	96	8.93e-15	55.8
TTNA149_197	olaTTNIg100_195	32.632	95	63	1	2	96	1	94	9.01e-15	55.8
TTNA149_197	olaTTNIg101_195	34.940	83	53	1	15	97	13	94	4.56e-14	53.9
TTNA149_197	olaTTNIg91_193	30.769	91	63	0	7	97	2	92	8.71e-14	53.1
TTNA149_197	olaTTNIg96_194	29.167	96	65	2	2	97	1	93	1.21e-13	52.8
TTNA149_197	olaTTNIg70_195	31.959	97	63	1	1	97	1	94	5.90e-13	51.2
TTNA149_197	olaTTNIg107_194	35.417	96	57	3	2	96	1	92	1.01e-12	50.4
TTNA149_197	olaTTNIg64_193	31.579	95	61	2	2	96	1	91	2.10e-12	49.7
TTNA149_197	olaTTNIg106_196	31.707	82	54	1	14	93	12	93	4.06e-12	48.9
TTNA149_197	olaTTNIg97_197	29.032	93	65	1	5	96	3	95	6.11e-12	48.5
TTNA149_197	olaTTNIg109_193	32.911	79	52	1	20	97	14	92	6.66e-12	48.5
TTNA149_197	olaTTNIg76_192	26.582	79	56	1	18	94	12	90	8.35e-12	48.1
TTNA149_197	olaTTNIg3_195	29.114	79	56	0	17	95	13	91	2.53e-11	47.0
TTNA149_197	olaTTNIg99_197	30.488	82	56	1	17	97	15	96	2.61e-11	47.0
TTNA149_197	olaTTNnewIg_1104	31.429	105	62	2	2	97	1	104	5.65e-11	46.2
TTNA149_197	olaTTNIg88_193	26.374	91	67	0	7	97	2	92	6.04e-11	45.8
TTNA149_197	olaTTNIg85_194	27.778	90	65	0	8	97	4	93	1.55e-10	45.1
TTNA149_197	olaTTNIg67_1104	27.368	95	62	1	10	97	9	103	6.07e-09	40.8
TTNA149_197	olaTTNIg33_195	27.711	83	60	0	15	97	11	93	1.15e-08	40.0
TTNA149_197	olaTTNIg40_194	31.944	72	49	0	15	86	10	81	1.15e-08	40.0
TTNA149_197	olaTTNIg108_193	28.736	87	59	1	9	92	4	90	2.59e-08	39.3
TTNA149_197	olaTTNIg115_194	27.381	84	57	1	2	85	2	81	2.81e-08	38.9
TTNA153_193	olaTTNIg105_194	56.989	93	40	0	1	93	1	93	2.03e-41	123
TTNA153_193	olaTTNIg93_194	48.387	93	48	0	1	93	1	93	3.49e-35	107
TTNA153_193	olaTTNIg84_195	49.462	93	47	0	1	93	2	94	1.89e-33	103
TTNA153_193	olaTTNIg87_194	53.763	93	43	0	1	93	1	93	7.23e-33	101
TTNA153_193	olaTTNIg81_193	50.538	93	45	1	1	93	1	92	4.52e-32	99.8
TTNA153_193	olaTTNIg78_196	40.000	95	55	1	1	93	1	95	5.65e-27	86.7
TTNA153_193	olaTTNIg90_195	38.710	93	57	0	1	93	2	94	1.55e-23	78.2
TTNA153_193	olaTTNIg75_195	37.234	94	58	1	1	93	1	94	2.92e-23	77.4
TTNA153_193	olaTTNIg102_195	38.710	93	57	0	1	93	2	94	2.53e-22	75.1
TTNA153_193	olaTTNIg96_194	34.409	93	61	0	1	93	1	93	8.72e-21	70.9
TTNA153_193	olaTTNIg107_194	37.363	91	57	0	1	91	1	91	8.15e-20	68.6
TTNA153_193	olaTTNIg69_194	35.484	93	60	0	1	93	1	93	2.22e-19	67.4
TTNA153_193	olaTTNIg66_196	40.426	94	55	1	1	93	2	95	2.75e-19	67.4
TTNA153_193	olaTTNIg101_195	35.106	94	60	1	1	93	1	94	5.34e-18	63.9
TTNA153_193	olaTTNIg82_196	33.684	95	61	1	1	93	1	95	5.72e-18	63.9
TTNA153_193	olaTTNIg73_197	35.789	95	59	1	1	93	2	96	5.74e-17	61.2
TTNA153_193	olaTTNIg104_198	37.931	87	52	1	9	93	11	97	9.15e-16	58.2
TTNA153_193	olaTTNIg71_194	32.258	93	63	0	1	93	1	93	1.65e-15	57.4
TTNA153_193	olaTTNIg77_197	33.684	95	61	1	1	93	2	96	1.99e-15	57.4
TTNA153_193	olaTTNIg99_197	36.585	82	49	2	15	93	15	96	2.27e-15	57.4
TTNA153_193	olaTTNIg98_196	33.333	96	60	2	1	93	1	95	3.73e-15	56.6
TTNA153_193	olaTTNIg74_196	35.955	89	53	1	9	93	7	95	9.17e-15	55.8
TTNA153_193	olaTTNIg63_197	33.684	95	61	1	1	93	2	96	1.03e-14	55.5
TTNA153_193	olaTTNIg76_192	32.184	87	57	1	9	93	5	91	2.27e-14	54.7
TTNA153_193	olaTTNIg80_196	41.667	84	46	2	13	93	12	95	1.26e-13	52.8
TTNA153_193	olaTTNIg103_196	32.258	93	61	1	1	91	1	93	3.67e-13	51.6
TTNA153_193	olaTTNIg100_195	26.374	91	65	1	1	89	1	91	9.18e-13	50.4
TTNA153_193	olaTTNIg106_196	36.486	74	45	1	10	81	10	83	9.79e-13	50.4
TTNA153_193	olaTTNIg89_196	28.736	87	60	1	9	93	9	95	2.30e-12	49.7
TTNA153_193	olaTTNIg79_197	25.532	94	67	1	1	91	1	94	2.58e-12	49.3
TTNA153_193	olaTTNIg109_193	32.955	88	56	2	9	93	5	92	2.88e-12	49.3
TTNA153_193	olaTTNIg95_197	33.333	87	54	2	10	93	11	96	3.46e-12	48.9
TTNA153_193	olaTTNIg94_193	32.143	84	55	1	12	93	9	92	1.50e-11	47.4
TTNA153_193	olaTTNIg91_193	34.524	84	53	1	12	93	9	92	1.92e-11	47.0
TTNA153_193	olaTTNIg72_197	27.368	95	67	1	1	93	2	96	2.02e-11	47.0
TTNA153_193	olaTTNIg97_197	31.325	83	55	1	1	81	2	84	3.17e-11	46.6
TTNA153_193	olaTTNIg116_195	29.870	77	52	1	11	85	9	85	5.56e-11	45.8
TTNA153_193	olaTTNIg83_195	27.473	91	64	1	5	93	4	94	8.45e-11	45.4
TTNA153_193	olaTTNIg111_1101	35.052	97	56	3	3	93	5	100	9.63e-11	45.4
TTNA153_193	olaTTNIg88_193	33.803	71	45	1	25	93	22	92	1.04e-10	45.1
TTNA153_193	olaTTNnewIg_1104	27.778	90	54	2	15	93	15	104	1.25e-10	45.1
TTNA153_193	olaTTNIg85_194	30.769	91	61	1	5	93	3	93	1.76e-10	44.7
TTNA153_193	olaTTNIg70_195	29.474	95	63	2	1	93	2	94	3.06e-10	43.9
TTNA153_193	olaTTNIg92_196	31.395	86	57	1	10	93	10	95	5.40e-10	43.5
TTNA153_193	olaTTNIg2_194	29.114	79	52	2	11	86	9	86	7.31e-10	43.1
TTNA153_193	olaTTNIg86_197	25.882	85	61	1	1	83	2	86	9.50e-10	42.7
TTNA153_193	olaTTNIg110_194	27.160	81	55	1	11	87	8	88	1.28e-09	42.4
TTNA153_193	olaTTNIg40_194	36.986	73	44	1	11	81	8	80	2.56e-09	41.6
TTNA153_193	olaTTNIg67_1104	29.348	92	54	2	12	93	13	103	7.75e-09	40.4
TTNA153_193	olaTTNIg117_196	25.301	83	60	1	11	91	9	91	1.13e-08	40.0
TTNA156_195	olaTTNIg106_196	50.000	94	47	0	1	94	1	94	2.70e-35	107
TTNA156_195	olaTTNIg82_196	37.895	95	59	0	1	95	1	95	3.12e-19	67.0
TTNA156_195	olaTTNIg98_196	36.842	95	60	0	1	95	1	95	1.41e-18	65.5
TTNA156_195	olaTTNIg90_195	35.789	95	59	1	1	95	2	94	1.66e-16	60.1
TTNA156_195	olaTTNIg103_196	31.868	91	62	0	1	91	1	91	2.23e-16	59.7
TTNA156_195	olaTTNIg100_195	34.043	94	62	0	1	94	1	94	8.94e-16	58.2
TTNA156_195	olaTTNIg85_194	31.868	91	62	0	5	95	3	93	1.00e-15	58.2
TTNA156_195	olaTTNIg91_193	31.461	89	61	0	7	95	4	92	1.42e-15	57.8
TTNA156_195	olaTTNIg63_197	34.737	95	62	0	1	95	2	96	6.58e-15	56.2
TTNA156_195	olaTTNIg93_194	35.789	95	59	1	1	95	1	93	1.53e-14	55.1
TTNA156_195	olaTTNIg87_194	32.632	95	62	1	1	95	1	93	1.66e-14	55.1
TTNA156_195	olaTTNIg94_193	32.632	95	61	1	1	95	1	92	2.11e-14	54.7
TTNA156_195	olaTTNIg84_195	30.526	95	64	1	1	95	2	94	3.87e-14	54.3
TTNA156_195	olaTTNIg81_193	32.632	95	61	1	1	95	1	92	9.91e-14	53.1
TTNA156_195	olaTTNIg79_197	33.333	90	59	1	1	89	1	90	1.25e-13	52.8
TTNA156_195	olaTTNIg88_193	34.524	84	53	1	12	95	11	92	1.26e-13	52.8
TTNA156_195	olaTTNIg62_195	35.789	95	59	2	1	94	1	94	1.58e-13	52.4
TTNA156_195	olaTTNIg76_192	29.545	88	61	1	8	95	5	91	3.78e-13	51.6
TTNA156_195	olaTTNIg102_195	30.526	95	64	1	1	95	2	94	8.98e-13	50.4
TTNA156_195	olaTTNIg30_194	28.947	76	54	0	18	93	17	92	1.09e-12	50.4
TTNA156_195	olaTTNIg75_195	32.990	97	60	2	1	95	1	94	1.64e-12	50.1
TTNA156_195	olaTTNIg89_196	30.588	85	59	0	11	95	11	95	1.83e-12	49.7
TTNA156_195	olaTTNIg99_197	34.783	69	45	0	15	83	15	83	3.01e-12	49.3
TTNA156_195	olaTTNIg80_196	31.579	95	62	2	2	95	3	95	3.01e-12	49.3
TTNA156_195	olaTTNIg104_198	31.111	90	62	0	6	95	8	97	3.93e-12	48.9
TTNA156_195	olaTTNIg73_197	26.316	95	70	0	1	95	2	96	9.20e-12	48.1
TTNA156_195	olaTTNIg95_197	26.316	95	70	0	1	95	2	96	1.22e-11	47.8
TTNA156_195	olaTTNIg97_197	26.596	94	69	0	1	94	2	95	1.79e-11	47.4
TTNA156_195	olaTTNIg77_197	27.368	95	69	0	1	95	2	96	3.17e-11	46.6
TTNA156_195	olaTTNIg92_196	36.047	86	55	0	10	95	10	95	4.67e-11	46.2
TTNA156_195	olaTTNIg3_195	27.711	83	60	0	11	93	9	91	5.79e-11	45.8
TTNA156_195	olaTTNIg64_193	28.723	94	64	1	1	94	1	91	6.74e-11	45.8
TTNA156_195	olaTTNIg34_193	32.184	87	59	0	7	93	5	91	8.18e-11	45.4
TTNA156_195	olaTTNIg69_194	30.526	95	64	1	1	95	1	93	1.73e-10	44.7
TTNA156_195	olaTTNIg108_193	30.769	78	53	1	18	95	15	91	3.13e-10	43.9
TTNA156_195	olaTTNIg115_194	27.160	81	59	0	7	87	5	85	3.23e-10	43.9
TTNA156_195	olaTTNIg72_197	28.421	95	68	0	1	95	2	96	4.02e-10	43.9
TTNA156_195	olaTTNIg67_1104	30.612	98	61	2	5	95	6	103	4.55e-10	43.9
TTNA156_195	olaTTNIg10_194	33.333	75	45	2	15	86	13	85	4.65e-10	43.5
TTNA156_195	olaTTNIg38_193	28.358	67	48	0	18	84	16	82	6.35e-10	43.1
TTNA156_195	olaTTNIg96_194	28.421	95	66	1	1	95	1	93	6.62e-10	43.1
TTNA156_195	olaTTNIg83_195	26.744	86	63	0	10	95	9	94	1.54e-09	42.4
TTNA156_195	olaTTNIg107_194	26.596	94	67	1	1	94	1	92	1.68e-09	42.0
TTNA156_195	olaTTNIg78_196	23.158	95	73	0	1	95	1	95	2.62e-09	41.6
TTNA156_195	olaTTNIg66_196	25.263	95	70	1	1	95	2	95	3.84e-09	41.2
TTNA156_195	olaTTNIg5_198	28.261	92	62	3	4	93	3	92	6.17e-09	40.8
TTNA156_195	olaTTNIg44_197	39.655	58	35	0	36	93	39	96	7.18e-09	40.4
TTNA156_195	olaTTNIg33_195	29.762	84	59	0	12	95	10	93	7.54e-09	40.4
TTNA156_195	olaTTNIg36_194	25.301	83	60	1	1	83	2	82	2.01e-08	39.3
TTNA156_195	olaTTNIg105_194	30.526	95	64	1	1	95	1	93	2.77e-08	38.9
TTNA160_193	olaTTNIg107_194	62.366	93	35	0	1	93	1	93	3.14e-40	120
TTNA160_193	olaTTNIg81_193	47.826	92	47	1	1	92	1	91	6.81e-28	89.0
TTNA160_193	olaTTNIg93_194	40.217	92	55	0	1	92	1	92	5.51e-25	81.6
TTNA160_193	olaTTNIg96_194	34.783	92	60	0	1	92	1	92	3.86e-22	74.3
TTNA160_193	olaTTNIg87_194	34.783	92	60	0	1	92	1	92	9.96e-22	73.6
TTNA160_193	olaTTNIg84_195	38.043	92	57	0	1	92	2	93	1.08e-21	73.2
TTNA160_193	olaTTNIg105_194	37.363	91	57	0	1	91	1	91	3.45e-21	72.0
TTNA160_193	olaTTNIg90_195	35.870	92	59	0	1	92	2	93	8.03e-21	71.2
TTNA160_193	olaTTNIg75_195	37.634	93	57	1	1	92	1	93	6.87e-20	68.6
TTNA160_193	olaTTNIg102_195	31.522	92	63	0	1	92	2	93	4.67e-19	66.6
TTNA160_193	olaTTNIg95_197	35.106	94	59	1	1	92	2	95	1.44e-18	65.5
TTNA160_193	olaTTNIg72_197	36.170	94	58	1	1	92	2	95	1.49e-18	65.5
TTNA160_193	olaTTNIg69_194	34.783	92	60	0	1	92	1	92	2.52e-16	59.7
TTNA160_193	olaTTNIg89_196	30.851	94	63	1	1	92	1	94	9.73e-16	58.2
TTNA160_193	olaTTNIg79_197	33.333	96	61	2	1	93	1	96	1.12e-15	58.2
TTNA160_193	olaTTNIg66_196	31.183	93	63	1	1	92	2	94	1.69e-15	57.4
TTNA160_193	olaTTNIg63_197	34.043	94	60	1	1	92	2	95	2.70e-15	57.0
TTNA160_193	olaTTNIg73_197	35.106	94	59	1	1	92	2	95	3.70e-15	56.6
TTNA160_193	olaTTNIg78_196	33.333	93	60	1	1	91	1	93	1.03e-14	55.5
TTNA160_193	olaTTNIg92_196	37.234	94	57	1	1	92	1	94	2.51e-14	54.7
TTNA160_193	olaTTNIg100_195	30.526	95	64	1	1	93	1	95	2.76e-14	54.3
TTNA160_193	olaTTNIg71_194	29.032	93	66	0	1	93	1	93	2.88e-14	54.3
TTNA160_193	olaTTNIg103_196	31.579	95	63	1	1	93	1	95	3.08e-14	54.3
TTNA160_193	olaTTNIg98_196	25.532	94	68	1	1	92	1	94	3.15e-14	54.3
TTNA160_193	olaTTNIg76_192	34.568	81	51	1	11	89	7	87	5.05e-14	53.5
TTNA160_193	olaTTNIg80_196	36.264	91	55	2	5	92	4	94	3.22e-13	51.6
TTNA160_193	olaTTNIg101_195	31.522	92	62	1	1	91	1	92	8.60e-13	50.4
TTNA160_193	olaTTNIg77_197	27.660	94	66	1	1	92	2	95	9.08e-13	50.4
TTNA160_193	olaTTNIg99_197	32.099	81	52	2	14	91	14	94	3.21e-12	49.3
TTNA160_193	olaTTNIg88_193	34.940	83	50	2	12	92	11	91	5.21e-12	48.5
TTNA160_193	olaTTNIg62_195	36.905	84	48	2	13	93	14	95	1.34e-11	47.4
TTNA160_193	olaTTNIg116_195	27.711	83	58	1	11	91	9	91	3.21e-11	46.6
TTNA160_193	olaTTNIg97_197	25.263	95	69	1	1	93	2	96	3.65e-11	46.6
TTNA160_193	olaTTNIg104_198	29.474	95	64	2	1	92	2	96	3.85e-11	46.6
TTNA160_193	olaTTNIg82_196	26.882	93	66	1	1	91	1	93	1.30e-10	45.1
TTNA160_193	olaTTNIg2_194	32.927	82	51	2	15	93	13	93	3.17e-10	43.9
TTNA160_193	olaTTNIg67_1104	34.831	89	49	2	13	92	14	102	5.47e-10	43.5
TTNA160_193	olaTTNIg106_196	29.070	86	59	1	10	93	10	95	6.20e-10	43.1
TTNA160_193	olaTTNIg64_193	28.235	85	59	1	11	93	8	92	6.37e-10	43.1
TTNA160_193	olaTTNIg74_196	34.483	87	52	3	11	92	8	94	9.42e-10	42.7
TTNA160_193	olaTTNIg86_197	29.885	87	55	2	1	83	2	86	1.10e-09	42.7
TTNA160_193	olaTTNIg83_195	29.268	82	56	1	13	92	12	93	1.49e-09	42.4
TTNA160_193	olaTTNIg94_193	26.250	80	57	1	15	92	12	91	1.80e-09	42.0
TTNA160_193	olaTTNIg68_199	28.431	102	60	3	1	93	1	98	1.89e-09	42.0
TTNA160_193	olaTTNIg85_194	31.429	70	46	1	25	92	23	92	3.49e-09	41.2
TTNA160_193	olaTTNIg91_193	31.884	69	45	1	15	81	12	80	4.15e-09	41.2
TTNA160_193	olaTTNnewIg_1104	22.330	103	69	1	1	92	1	103	4.41e-09	41.2
TTNA160_193	olaTTNIg109_193	29.787	94	59	3	1	91	1	90	2.52e-08	38.9
TTNA160_193	olaTTNIg33_195	31.707	82	54	1	13	92	11	92	7.23e-08	37.7
TTNA160_193	olaTTNIg115_194	30.769	78	52	1	18	93	16	93	1.09e-07	37.4
TTNA164_192	olaTTNIg108_193	60.870	92	36	0	1	92	1	92	1.71e-44	130
TTNA164_192	olaTTNIg23_194	35.870	92	59	0	1	92	1	92	6.69e-21	71.2
TTNA164_192	olaTTNIg3_195	35.165	91	59	0	1	91	2	92	2.07e-18	65.1
TTNA164_192	olaTTNIg21_195	34.066	91	60	0	1	91	2	92	5.33e-18	63.9
TTNA164_192	olaTTNIg2_194	30.435	92	64	0	1	92	2	93	6.33e-17	61.2
TTNA164_192	olaTTNIg110_194	40.000	85	47	3	1	82	1	84	7.70e-17	60.8
TTNA164_192	olaTTNIg5_198	34.409	93	58	2	1	91	2	93	1.98e-16	60.1
TTNA164_192	olaTTNIg33_195	32.184	87	59	0	2	88	3	89	8.60e-16	58.2
TTNA164_192	olaTTNIg36_194	33.766	77	51	0	15	91	17	93	4.49e-14	53.9
TTNA164_192	olaTTNIg9_193	31.169	77	52	1	15	91	15	90	1.31e-13	52.8
TTNA164_192	olaTTNIg6_195	32.500	80	51	2	15	92	15	93	2.33e-13	52.0
TTNA164_192	olaTTNIg52_188	37.931	58	35	1	16	73	17	73	2.52e-13	51.6
TTNA164_192	olaTTNIg22_193	32.222	90	60	1	1	90	2	90	2.73e-13	51.6
TTNA164_192	olaTTNIg34_193	29.670	91	64	0	1	91	2	92	3.86e-13	51.2
TTNA164_192	olaTTNIg115_194	29.545	88	62	0	1	88	2	89	4.59e-13	51.2
TTNA164_192	olaTTNIg44_197	30.435	92	57	3	5	91	8	97	7.64e-13	50.8
TTNA164_192	olaTTNIg24_194	25.275	91	68	0	1	91	1	91	1.46e-12	50.1
TTNA164_192	olaTTNIg43_297	29.885	87	59	2	5	90	7	92	2.17e-12	49.7
TTNA164_192	olaTTNIg29_192	30.769	91	63	0	1	91	1	91	4.25e-12	48.5
TTNA164_192	olaTTNIg11_191	31.765	85	55	3	5	88	6	88	8.65e-12	47.8
TTNA164_192	olaTTNIg59_189	33.333	84	51	2	7	90	8	86	8.84e-12	47.8
TTNA164_192	olaTTNIg1_196	28.421	95	64	3	1	92	2	95	9.02e-12	48.1
TTNA164_192	olaTTNIg31_193	30.233	86	60	0	1	86	2	87	1.47e-11	47.4
TTNA164_192	olaTTNIg40_194	30.769	91	63	0	1	91	1	91	2.11e-11	47.0
TTNA164_192	olaTTNIg8_195	27.957	93	65	1	1	91	1	93	3.05e-11	46.6
TTNA164_192	olaTTNIg54_189	32.394	71	47	1	5	75	7	76	3.92e-11	46.2
TTNA164_192	olaTTNIg88_193	26.667	90	66	0	1	90	1	90	9.04e-11	45.4
TTNA164_192	olaTTNIg18_389	32.584	89	55	2	3	91	4	87	2.53e-10	43.9
TTNA164_192	olaTTNIg4_195	31.169	77	51	1	15	89	16	92	3.76e-10	43.9
TTNA164_192	olaTTNIg10_194	27.957	93	66	1	1	92	2	94	4.06e-10	43.5
TTNA164_192	olaTTNIg60_187	32.353	68	45	1	6	73	7	73	4.42e-10	43.5
TTNA164_192	olaTTNIg17_290	30.000	70	49	0	3	72	5	74	6.35e-10	43.1
TTNA164_192	olaTTNIg82_196	28.947	76	54	0	8	83	11	86	7.06e-10	43.1
TTNA164_192	olaTTNIg27_192	25.556	90	67	0	1	90	1	90	7.84e-10	42.7
TTNA164_192	olaTTNIg89_196	24.096	83	63	0	8	90	11	93	1.12e-09	42.7
TTNA164_192	olaTTNIg116_195	28.571	77	55	0	15	91	16	92	1.80e-09	42.0
TTNA164_192	olaTTNIg32_194	29.032	93	63	2	1	91	2	93	2.23e-09	41.6
TTNA164_192	olaTTNIg25_194	34.722	72	42	3	24	92	25	94	2.48e-09	41.6
TTNA164_192	olaTTNIg91_193	24.390	82	62	0	1	82	1	82	2.57e-09	41.6
TTNA164_192	olaTTNIg41_196	28.000	75	51	2	18	90	19	92	3.16e-09	41.2
TTNA164_192	olaTTNIg113_197	25.926	81	57	1	11	88	12	92	3.32e-09	41.2
TTNA164_192	olaTTNIg14_188	30.000	90	59	1	2	91	3	88	4.63e-09	40.8
TTNA164_192	olaTTNIg28_194	28.947	76	53	1	14	88	15	90	5.90e-09	40.8
TTNA164_192	olaTTNIg47_188	29.577	71	49	1	2	72	4	73	6.80e-09	40.4
TTNA164_192	olaTTNIg73_197	25.000	76	57	0	10	85	14	89	7.31e-09	40.4
TTNA164_192	olaTTNIg55_190	28.169	71	50	1	5	75	8	77	8.30e-09	40.0
TTNA164_192	olaTTNIg83_195	33.333	75	49	1	7	80	8	82	8.54e-09	40.4
TTNA164_192	olaTTNIg98_196	26.316	76	56	0	13	88	16	91	8.70e-09	40.4
TTNA164_192	olaTTNIg57_188	28.947	76	49	2	15	90	16	86	8.98e-09	40.0
TTNA164_192	olaTTNIg19_391	29.167	72	50	1	3	74	4	74	9.06e-09	40.0
TTNA165_196	olaTTNIg109_193	57.609	92	39	0	5	96	1	92	8.94e-42	124
TTNA165_196	olaTTNIg98_196	30.208	96	62	2	5	96	1	95	1.39e-16	60.5
TTNA165_196	olaTTNIg93_194	36.082	97	57	3	1	96	1	93	3.25e-15	57.0
TTNA165_196	olaTTNIg90_195	29.167	96	65	2	1	96	2	94	5.03e-14	53.9
TTNA165_196	olaTTNIg89_196	32.911	79	52	1	18	96	18	95	1.03e-13	53.1
TTNA165_196	olaTTNIg94_193	34.177	79	51	1	18	96	15	92	1.19e-13	52.8
TTNA165_196	olaTTNIg79_197	28.421	95	62	3	5	94	1	94	2.11e-12	49.7
TTNA165_196	olaTTNIg87_194	30.208	96	64	2	1	96	1	93	2.25e-12	49.7
TTNA165_196	olaTTNIg111_1101	29.885	87	61	0	10	96	14	100	1.00e-11	48.1
TTNA165_196	olaTTNIg76_192	23.913	92	69	1	5	96	1	91	3.28e-11	46.6
TTNA165_196	olaTTNIg70_195	27.273	88	63	1	9	96	8	94	4.02e-11	46.6
TTNA165_196	olaTTNIg84_195	30.208	96	64	2	1	96	2	94	8.79e-11	45.4
TTNA165_196	olaTTNIg102_195	27.083	96	67	2	1	96	2	94	9.58e-11	45.4
TTNA165_196	olaTTNIg105_194	31.250	96	63	2	1	96	1	93	3.09e-10	44.3
TTNA165_196	olaTTNIg78_196	29.762	84	58	1	1	84	1	83	3.65e-10	43.9
TTNA165_196	olaTTNIg103_196	31.169	77	52	1	18	94	18	93	5.37e-10	43.5
TTNA165_196	olaTTNIg82_196	25.000	96	71	1	1	96	1	95	5.79e-10	43.5
TTNA165_196	olaTTNIg106_196	23.377	77	58	1	18	94	18	93	8.87e-10	43.1
TTNA165_196	olaTTNIg81_193	29.167	96	64	2	1	96	1	92	1.33e-09	42.4
TTNA165_196	olaTTNIg77_197	31.250	80	54	1	17	96	18	96	1.37e-09	42.4
TTNA165_196	olaTTNIg80_196	30.000	80	54	2	18	96	17	95	1.50e-09	42.4
TTNA165_196	olaTTNIg99_197	27.083	96	68	2	2	96	2	96	2.01e-09	42.0
TTNA165_196	olaTTNIg95_197	27.083	96	69	1	1	96	2	96	2.29e-09	42.0
TTNA165_196	olaTTNIg100_195	29.231	65	45	1	17	81	17	80	2.33e-09	42.0
TTNA165_196	olaTTNIg101_195	27.083	96	62	3	1	96	7	94	5.70e-09	40.8
TTNA165_196	olaTTNIg72_197	29.167	96	67	1	1	96	2	96	6.72e-09	40.8
TTNA165_196	olaTTNIg83_195	27.500	80	57	1	17	96	16	94	8.36e-09	40.4
TTNA165_196	olaTTNIg63_197	23.958	96	72	1	1	96	2	96	1.23e-08	40.0
TTNA165_196	olaTTNIg91_193	29.762	84	58	1	13	96	10	92	1.49e-08	39.7
TTNA165_196	olaTTNIg66_196	30.380	79	53	2	18	96	19	95	1.81e-08	39.7
TTNA165_196	olaTTNIg64_193	27.273	77	55	1	18	94	15	90	2.83e-08	38.9
TTNA165_196	olaTTNIg24_194	33.735	83	50	4	17	96	14	94	3.92e-08	38.5
TTNA165_196	olaTTNIg97_197	29.070	86	58	3	1	85	2	85	1.03e-07	37.7
TTNA165_196	olaTTNIg107_194	28.723	94	60	3	5	94	1	91	1.52e-07	37.0
TTNA165_196	olaTTNIg73_197	22.917	96	73	1	1	96	2	96	1.98e-07	37.0
TTNA165_196	olaTTNIg85_194	25.000	80	59	1	17	96	15	93	3.62e-07	36.2
TTNA165_196	olaTTNIg69_194	26.042	96	68	2	1	96	1	93	4.87e-07	35.8
TTNA165_196	olaTTNIg86_197	27.941	68	48	1	17	84	18	84	5.44e-07	35.8
TTNA165_196	olaTTNIg34_193	26.923	78	55	2	8	85	7	82	2.45e-06	33.9
TTNA165_196	olaTTNIg35_193	25.882	85	61	2	5	88	2	85	2.64e-06	33.9
TTNA165_196	olaTTNIg88_193	22.917	96	70	2	1	96	1	92	3.28e-06	33.5
TTNA165_196	olaTTNIg25_194	26.316	76	54	2	18	92	16	90	6.32e-06	32.7
TTNA165_196	olaTTNIg117_196	23.377	77	58	1	18	94	16	91	8.02e-06	32.7
TTNA168_194	olaTTNIg110_194	66.667	93	31	0	1	93	1	93	8.64e-51	146
TTNA168_194	olaTTNIg2_194	38.710	93	55	1	1	93	2	92	9.39e-17	60.8
TTNA168_194	olaTTNIg3_195	30.108	93	63	2	1	93	2	92	1.49e-14	55.1
TTNA168_194	olaTTNIg1_196	34.783	92	60	0	1	92	2	93	4.00e-14	53.9
TTNA168_194	olaTTNIg5_198	31.183	93	63	1	1	93	2	93	2.03e-13	52.4
TTNA168_194	olaTTNIg114_192	34.653	101	47	3	1	93	1	90	2.40e-13	52.0
TTNA168_194	olaTTNIg108_193	30.108	93	63	2	1	93	1	91	4.64e-13	51.2
TTNA168_194	olaTTNIg40_194	32.530	83	54	1	1	83	1	81	4.68e-12	48.5
TTNA168_194	olaTTNIg115_194	32.609	92	60	2	1	92	2	91	9.43e-12	47.8
TTNA168_194	olaTTNIg41_196	32.222	90	60	1	3	92	4	92	3.21e-11	46.6
TTNA168_194	olaTTNIg113_197	35.106	94	58	2	1	92	2	94	2.29e-10	44.3
TTNA168_194	olaTTNIg27_192	32.609	92	60	1	1	92	1	90	3.98e-10	43.5
TTNA168_194	olaTTNIg4_195	41.429	70	39	2	22	90	23	91	4.51e-10	43.5
TTNA168_194	olaTTNIg23_194	31.183	93	62	2	1	93	1	91	5.08e-10	43.5
TTNA168_194	olaTTNIg8_195	30.526	95	62	2	1	93	1	93	6.92e-10	43.1
TTNA168_194	olaTTNIg34_193	30.435	92	62	2	1	92	2	91	9.17e-10	42.7
TTNA168_194	olaTTNIg9_193	35.526	76	46	3	18	93	18	90	1.07e-09	42.7
TTNA168_194	olaTTNIg33_195	32.955	88	57	2	5	92	6	91	2.47e-09	41.6
TTNA168_194	olaTTNIg7_195	27.957	93	67	0	1	93	1	93	6.12e-09	40.8
TTNA168_194	olaTTNIg36_194	28.378	74	51	1	20	93	22	93	2.82e-08	38.9
TTNA168_194	olaTTNIg60_187	32.394	71	45	3	3	73	4	71	2.97e-08	38.9
TTNA168_194	olaTTNIg66_196	29.348	92	61	2	2	92	5	93	4.19e-08	38.5
TTNA168_194	olaTTNIg21_195	28.169	71	49	2	23	93	24	92	5.79e-08	38.1
TTNA168_194	olaTTNIg6_195	28.169	71	50	1	23	93	23	92	1.26e-07	37.4
TTNA168_194	olaTTNIg54_189	30.952	84	39	3	2	77	4	76	1.83e-07	36.6
TTNA168_194	olaTTNIg35_193	30.108	93	63	2	1	93	2	92	1.91e-07	36.6
TTNA168_194	olaTTNIg72_197	31.169	77	51	2	7	83	11	85	3.19e-07	36.2
TTNA168_194	olaTTNIg63_197	28.736	87	58	2	7	92	11	94	4.42e-07	35.8
TTNA168_194	olaTTNIg10_194	24.468	94	68	2	1	93	2	93	5.97e-07	35.4
TTNA168_194	olaTTNIg93_194	29.762	84	52	3	2	83	4	82	6.16e-07	35.4
TTNA168_194	olaTTNIg73_197	25.301	83	60	1	10	92	14	94	1.97e-06	34.3
TTNA168_194	olaTTNIg74_196	26.596	94	66	3	1	92	1	93	2.16e-06	33.9
TTNA168_194	olaTTNIg117_196	25.806	93	67	1	1	93	2	92	2.61e-06	33.9
TTNA168_194	olaTTNIg17_290	30.769	91	57	3	3	93	5	89	2.63e-06	33.5
TTNA168_194	olaTTNIg30_194	31.325	83	54	3	1	82	2	82	3.77e-06	33.5
TTNA168_194	olaTTNIg116_195	27.632	76	51	2	8	82	9	81	3.99e-06	33.1
TTNA168_194	olaTTNIg106_196	26.582	79	54	2	8	85	11	86	4.31e-06	33.1
TTNA168_194	olaTTNIg98_196	23.864	88	65	1	5	92	8	93	8.52e-06	32.3
TTNA169_1100	olaTTNIg111_1101	83.000	100	17	0	1	100	1	100	1.38e-63	179
TTNA169_1100	olaTTNIg73_197	31.646	79	53	1	22	100	19	96	5.59e-13	51.2
TTNA169_1100	olaTTNIg79_197	30.263	76	53	0	19	94	15	90	4.20e-11	46.6
TTNA169_1100	olaTTNIg99_197	36.364	77	47	2	22	98	18	92	5.73e-11	46.2
TTNA169_1100	olaTTNIg87_194	32.911	79	50	2	22	100	18	93	1.11e-10	45.4
TTNA169_1100	olaTTNIg80_196	35.714	70	40	2	33	100	29	95	4.78e-10	43.9
TTNA169_1100	olaTTNIg90_195	32.323	99	62	3	2	100	1	94	1.80e-09	42.4
TTNA169_1100	olaTTNIg95_197	31.343	67	45	1	22	88	19	84	2.26e-09	42.0
TTNA169_1100	olaTTNIg88_193	28.235	85	58	2	16	100	11	92	4.01e-09	41.2
TTNA169_1100	olaTTNIg109_193	25.316	79	59	0	22	100	14	92	4.37e-09	41.2
TTNA169_1100	olaTTNIg71_194	30.263	76	50	2	19	94	15	87	9.09e-09	40.4
TTNA169_1100	olaTTNIg107_194	27.273	77	53	1	22	98	18	91	9.59e-09	40.4
TTNA169_1100	olaTTNIg82_196	31.507	73	49	1	16	88	12	83	2.03e-08	39.7
TTNA169_1100	olaTTNIg93_194	30.303	99	60	4	4	100	2	93	2.34e-08	39.3
TTNA169_1100	olaTTNIg98_196	30.928	97	62	3	5	100	3	95	2.64e-08	39.3
TTNA169_1100	olaTTNIg69_194	30.928	97	62	3	4	100	2	93	2.77e-08	39.3
TTNA169_1100	olaTTNIg74_196	30.000	80	51	3	11	88	7	83	4.08e-08	38.9
TTNA169_1100	olaTTNIg78_196	28.866	97	62	4	6	100	4	95	4.48e-08	38.5
TTNA169_1100	olaTTNIg105_194	31.646	79	51	2	22	100	18	93	5.52e-08	38.5
TTNA169_1100	olaTTNIg66_196	26.582	79	56	1	22	100	19	95	1.33e-07	37.4
TTNA169_1100	olaTTNIg102_195	31.765	85	54	3	17	100	13	94	2.10e-07	37.0
TTNA169_1100	olaTTNIg83_195	27.848	79	56	1	22	100	17	94	2.27e-07	37.0
TTNA169_1100	olaTTNIg103_196	27.273	77	55	1	22	98	18	93	2.43e-07	36.6
TTNA169_1100	olaTTNIg23_194	30.851	94	58	4	8	98	1	90	2.93e-07	36.6
TTNA169_1100	olaTTNIg77_197	24.242	99	72	2	2	100	1	96	2.95e-07	36.6
TTNA169_1100	olaTTNIg113_197	30.435	92	42	3	19	98	13	94	3.11e-07	36.6
TTNA169_1100	olaTTNIg70_195	30.000	70	48	1	31	100	26	94	3.31e-07	36.2
TTNA169_1100	olaTTNIg81_193	27.381	84	47	3	22	100	18	92	5.66e-07	35.8
TTNA169_1100	olaTTNIg33_195	24.176	91	66	2	11	100	5	93	9.99e-07	35.0
TTNA169_1100	olaTTNIg84_195	29.412	102	61	4	2	100	1	94	1.03e-06	35.0
TTNA169_1100	olaTTNIg72_197	30.769	78	51	2	22	99	19	93	1.08e-06	35.0
TTNA169_1100	olaTTNIg3_195	21.978	91	70	1	8	98	2	91	1.11e-06	35.0
TTNA169_1100	olaTTNIg62_195	26.667	75	53	2	25	98	20	93	1.14e-06	35.0
TTNA169_1100	olaTTNIg7_195	24.731	93	67	2	8	98	1	92	1.19e-06	35.0
TTNA169_1100	olaTTNIg68_199	28.235	85	53	2	21	98	13	96	1.24e-06	35.0
TTNA169_1100	olaTTNIg101_195	26.882	93	63	3	8	100	7	94	1.30e-06	34.7
TTNA169_1100	olaTTNIg31_193	27.160	81	58	1	8	88	2	81	1.43e-06	34.7
TTNA169_1100	olaTTNIg89_196	25.714	70	51	1	22	91	18	86	1.71e-06	34.7
TTNA169_1100	olaTTNIg106_196	23.457	81	61	1	16	96	12	91	2.72e-06	33.9
TTNA169_1100	olaTTNIg63_197	23.232	99	73	2	2	100	1	96	3.06e-06	33.9
TTNA169_1100	olaTTNIg104_198	28.571	70	45	2	33	100	31	97	3.79e-06	33.5
TTNA169_1100	olaTTNIg100_195	21.429	84	63	2	15	98	11	91	5.62e-06	33.1
TTNA169_1100	olaTTNIg25_194	25.275	91	68	0	8	98	2	92	6.61e-06	32.7
TTNA169_1100	olaTTNIg76_192	23.711	97	67	3	4	100	2	91	7.82e-06	32.7
TTNA169_1100	olaTTNIg96_194	31.343	67	43	2	22	88	18	81	8.49e-06	32.7
TTNM1_192	olaTTNIg112_198	63.043	92	34	0	1	92	6	97	1.45e-44	131
TTNM1_192	olaTTNIg39_194	39.683	63	38	0	28	90	30	92	1.64e-13	52.4
TTNM1_192	olaTTNIg30_194	29.268	82	57	1	10	91	13	93	6.70e-13	50.8
TTNM1_192	olaTTNIg34_193	26.667	75	54	1	17	91	19	92	3.02e-11	46.6
TTNM1_192	olaTTNIg37_193	32.787	61	41	0	31	91	32	92	1.41e-10	44.7
TTNM1_192	olaTTNIg115_194	30.380	79	54	1	14	92	16	93	5.91e-10	43.1
TTNM1_192	olaTTNIg23_194	28.395	81	57	1	12	92	13	92	6.02e-09	40.4
TTNM1_192	olaTTNIg41_196	32.911	79	51	2	13	90	15	92	7.11e-09	40.4
TTNM1_192	olaTTNIg12_189	38.983	59	32	1	33	91	34	88	1.13e-08	39.7
TTNM1_192	olaTTNIg1_196	24.096	83	60	2	10	90	12	93	2.58e-08	38.9
TTNM1_192	olaTTNIg3_195	25.316	79	58	1	13	91	15	92	3.49e-08	38.5
TTNM1_192	olaTTNIg40_194	26.923	78	56	1	14	91	15	91	4.02e-08	38.5
TTNM1_192	olaTTNIg108_193	28.571	63	45	0	30	92	30	92	5.26e-08	38.1
TTNM1_192	olaTTNIg36_194	21.951	82	63	1	10	91	13	93	6.34e-08	38.1
TTNM1_192	olaTTNIg25_194	31.667	60	40	1	32	90	33	92	9.81e-08	37.4
TTNM1_192	olaTTNIg56_189	30.769	65	43	1	11	75	13	75	1.21e-07	37.0
TTNM1_192	olaTTNIg99_197	29.630	54	38	0	33	86	36	89	1.68e-07	37.0
TTNM1_192	olaTTNIg22_193	25.000	76	55	1	13	88	15	88	2.07e-07	36.6
TTNM1_192	olaTTNIg43_297	28.395	81	55	3	13	92	16	94	2.58e-07	36.6
TTNM1_192	olaTTNIg21_195	26.923	78	56	1	14	91	16	92	6.85e-07	35.4
TTNM1_192	olaTTNIg5_198	27.500	80	56	2	13	91	15	93	7.10e-07	35.4
TTNM1_192	olaTTNIg31_193	29.630	54	38	0	31	84	32	85	1.28e-06	34.7
TTNM1_192	olaTTNIg58_193	28.947	76	52	1	6	81	8	81	1.33e-06	34.7
TTNM1_192	olaTTNIg29_192	24.359	78	58	1	14	91	15	91	4.35e-06	33.1
TTNM1_192	olaTTNIg26_192	24.691	81	57	2	11	90	12	89	5.26e-06	32.7
TTNM1_192	olaTTNIg42_192	32.258	62	40	2	12	72	16	76	6.76e-06	32.7
TTNM1_192	olaTTNIg35_193	31.667	60	41	0	32	91	33	92	8.47e-06	32.3
TTNM1_192	olaTTNIg24_194	19.231	78	62	1	14	91	15	91	8.86e-06	32.3
TTNM2_195	olaTTNIg113_197	72.340	94	26	0	1	94	2	95	1.23e-52	151
TTNM2_195	olaTTNIg115_194	35.106	94	58	1	1	94	2	92	3.83e-16	59.3
TTNM2_195	olaTTNIg24_194	31.579	95	62	1	1	95	1	92	3.98e-15	56.6
TTNM2_195	olaTTNIg23_194	32.258	93	60	2	1	93	1	90	2.43e-13	52.0
TTNM2_195	olaTTNIg2_194	33.333	93	59	2	1	93	2	91	5.12e-13	51.2
TTNM2_195	olaTTNIg5_198	32.979	94	59	2	1	93	2	92	2.37e-12	49.7
TTNM2_195	olaTTNIg1_196	30.851	94	64	1	1	94	2	94	4.02e-12	48.9
TTNM2_195	olaTTNIg10_194	27.957	93	65	1	1	93	2	92	8.64e-12	48.1
TTNM2_195	olaTTNIg21_195	32.258	93	60	1	1	93	2	91	8.82e-12	48.1
TTNM2_195	olaTTNIg4_195	36.364	77	48	1	15	91	16	91	1.29e-11	47.8
TTNM2_195	olaTTNIg36_194	24.468	94	67	2	1	93	2	92	2.00e-11	47.0
TTNM2_195	olaTTNIg9_193	35.443	79	47	2	15	93	15	89	2.40e-11	47.0
TTNM2_195	olaTTNIg15_187	35.227	88	49	3	6	93	7	86	3.36e-11	46.2
TTNM2_195	olaTTNIg40_194	30.108	93	62	2	1	93	1	90	5.21e-11	46.2
TTNM2_195	olaTTNIg27_192	33.333	84	47	2	14	94	14	91	5.21e-11	45.8
TTNM2_195	olaTTNIg6_195	27.957	93	65	2	1	93	1	91	9.49e-11	45.4
TTNM2_195	olaTTNIg108_193	29.032	93	63	1	1	93	1	90	1.83e-10	44.7
TTNM2_195	olaTTNIg32_194	26.882	93	66	1	1	93	2	92	2.06e-10	44.7
TTNM2_195	olaTTNIg33_195	34.177	79	49	1	15	93	16	91	4.49e-10	43.5
TTNM2_195	olaTTNIg25_194	28.723	94	65	1	1	94	2	93	5.34e-10	43.5
TTNM2_195	olaTTNIg7_195	30.108	93	64	1	1	93	1	92	6.06e-10	43.5
TTNM2_195	olaTTNIg85_194	25.000	88	62	2	7	93	7	91	1.03e-09	42.7
TTNM2_195	olaTTNIg114_192	31.579	95	57	3	1	93	1	89	1.60e-09	42.4
TTNM2_195	olaTTNIg117_196	27.473	91	61	2	1	91	2	87	2.07e-09	42.0
TTNM2_195	olaTTNIg112_198	33.333	81	50	2	15	94	19	96	3.05e-09	41.6
TTNM2_195	olaTTNIg44_197	39.130	69	38	2	26	93	31	96	8.52e-09	40.4
TTNM2_195	olaTTNIg59_189	30.882	68	40	2	27	94	27	87	1.15e-08	40.0
TTNM2_195	olaTTNIg110_194	26.316	95	69	1	1	95	1	94	2.10e-08	39.3
TTNM2_195	olaTTNIg55_190	34.177	79	46	4	2	79	5	78	2.83e-08	38.9
TTNM2_195	olaTTNIg3_195	27.711	83	57	2	1	83	2	81	3.04e-08	38.9
TTNM2_195	olaTTNIg77_197	27.059	85	53	2	15	93	13	94	4.42e-08	38.5
TTNM2_195	olaTTNIg50_192	26.582	79	54	2	3	81	4	78	7.57e-08	37.7
TTNM2_195	olaTTNIg73_197	24.324	74	53	1	11	84	15	85	1.39e-07	37.4
TTNM2_195	olaTTNIg82_196	25.581	86	58	2	1	83	1	83	2.68e-07	36.6
TTNM2_195	olaTTNIg106_196	30.435	69	45	1	15	83	18	83	3.49e-07	36.2
TTNM2_195	olaTTNIg41_196	31.579	76	48	2	20	94	21	93	4.50e-07	35.8
TTNM2_195	olaTTNIg63_197	26.437	87	58	2	1	84	2	85	5.47e-07	35.8
TTNM2_195	olaTTNIg43_297	32.787	61	37	2	32	91	33	90	7.87e-07	35.0
TTNM2_195	olaTTNIg80_196	31.395	86	47	3	15	91	11	93	9.71e-07	35.0
TTNM2_195	olaTTNIg47_188	33.333	60	36	2	17	76	19	74	9.88e-07	34.7
TTNM2_195	olaTTNIg99_197	30.769	78	48	2	10	84	10	84	1.27e-06	34.7
TTNM2_195	olaTTNIg34_193	27.711	83	57	1	1	83	2	81	1.31e-06	34.7
TTNM2_195	olaTTNIg116_195	24.051	79	57	1	15	93	16	91	1.70e-06	34.3
TTNM2_195	olaTTNIg11_191	37.255	51	29	1	25	75	26	73	1.83e-06	34.3
TTNM2_195	olaTTNIg90_195	27.397	73	48	1	11	83	15	82	1.89e-06	34.3
TTNM2_195	olaTTNIg111_1101	30.952	84	54	3	12	94	19	99	1.92e-06	34.3
TTNM2_195	olaTTNIg91_193	24.096	83	60	1	1	83	1	80	2.06e-06	33.9
TTNM2_195	olaTTNIg105_194	34.286	70	41	1	15	84	18	82	4.41e-06	33.1
TTNM2_195	olaTTNIg18_389	30.120	83	50	3	11	93	12	86	4.58e-06	33.1
TTNM2_195	olaTTNIg38_193	22.340	94	70	2	1	94	2	92	4.92e-06	33.1
TTNM3_193	olaTTNIg114_192	76.344	93	20	1	1	93	1	91	1.19e-53	154
TTNM3_193	olaTTNIg2_194	35.870	92	58	1	1	92	2	92	1.46e-20	70.5
TTNM3_193	olaTTNIg24_194	32.609	92	61	1	1	92	1	91	1.84e-16	60.1
TTNM3_193	olaTTNIg21_195	33.696	92	60	1	1	92	2	92	2.58e-15	57.0
TTNM3_193	olaTTNIg5_198	34.043	94	58	2	1	92	2	93	6.73e-14	53.5
TTNM3_193	olaTTNIg40_194	33.696	92	60	1	1	92	1	91	4.08e-13	51.2
TTNM3_193	olaTTNIg4_195	34.444	90	58	1	1	89	2	91	4.08e-13	51.6
TTNM3_193	olaTTNIg6_195	30.435	92	64	0	1	92	1	92	5.71e-13	51.2
TTNM3_193	olaTTNIg3_195	33.333	87	55	2	7	91	8	93	1.25e-12	50.1
TTNM3_193	olaTTNIg74_196	32.927	82	52	2	12	91	13	93	3.14e-12	49.3
TTNM3_193	olaTTNIg1_196	34.043	94	57	3	1	91	2	93	4.53e-12	48.9
TTNM3_193	olaTTNIg110_194	31.183	93	63	1	1	92	1	93	5.93e-12	48.5
TTNM3_193	olaTTNIg38_193	31.868	91	61	1	1	91	2	91	6.00e-12	48.5
TTNM3_193	olaTTNIg27_192	30.769	91	62	1	1	91	1	90	8.84e-12	47.8
TTNM3_193	olaTTNIg87_194	31.250	80	52	1	12	91	15	91	1.29e-11	47.4
TTNM3_193	olaTTNIg39_194	33.766	77	50	1	15	91	17	92	1.86e-11	47.0
TTNM3_193	olaTTNIg41_196	31.395	86	57	2	9	93	10	94	3.35e-11	46.6
TTNM3_193	olaTTNIg113_197	35.789	95	55	2	1	91	2	94	3.57e-11	46.6
TTNM3_193	olaTTNIg81_193	30.000	80	52	1	12	91	15	90	6.20e-11	45.8
TTNM3_193	olaTTNIg9_193	30.000	80	54	1	14	93	14	91	6.83e-11	45.8
TTNM3_193	olaTTNIg94_193	27.500	80	57	1	12	91	12	90	8.20e-11	45.4
TTNM3_193	olaTTNIg72_197	29.787	94	51	2	5	91	9	94	1.19e-10	45.1
TTNM3_193	olaTTNIg98_196	29.114	79	55	1	13	91	16	93	1.51e-10	44.7
TTNM3_193	olaTTNIg7_195	31.959	97	59	4	1	92	1	95	1.64e-10	44.7
TTNM3_193	olaTTNIg117_196	31.250	80	54	1	13	92	14	92	1.91e-10	44.7
TTNM3_193	olaTTNIg10_194	35.897	78	50	0	15	92	16	93	4.10e-10	43.5
TTNM3_193	olaTTNIg88_193	31.818	66	44	1	16	81	16	80	4.43e-10	43.5
TTNM3_193	olaTTNIg85_194	28.261	92	63	2	1	91	2	91	4.76e-10	43.5
TTNM3_193	olaTTNIg91_193	28.571	70	49	1	15	84	15	83	5.31e-10	43.5
TTNM3_193	olaTTNIg77_197	27.160	81	58	1	11	91	15	94	7.59e-10	43.1
TTNM3_193	olaTTNIg44_197	36.458	96	51	4	3	92	6	97	1.49e-09	42.4
TTNM3_193	olaTTNIg73_197	33.333	69	45	1	13	81	17	84	1.66e-09	42.4
TTNM3_193	olaTTNIg59_189	30.337	89	56	3	3	91	4	86	2.02e-09	41.6
TTNM3_193	olaTTNIg8_195	29.787	94	63	2	1	92	1	93	2.44e-09	41.6
TTNM3_193	olaTTNIg31_193	26.667	90	65	1	1	90	2	90	2.85e-09	41.6
TTNM3_193	olaTTNIg29_192	29.032	62	43	1	32	93	32	92	7.02e-09	40.4
TTNM3_193	olaTTNIg95_197	27.027	74	53	1	12	85	16	88	1.11e-08	40.0
TTNM3_193	olaTTNIg83_195	27.143	70	50	1	12	81	14	82	1.21e-08	40.0
TTNM3_193	olaTTNIg32_194	26.882	93	66	2	1	92	2	93	1.54e-08	39.7
TTNM3_193	olaTTNIg50_192	30.488	82	53	3	7	86	8	87	2.55e-08	38.9
TTNM3_193	olaTTNIg76_192	28.000	75	53	1	10	84	9	82	2.96e-08	38.9
TTNM3_193	olaTTNIg37_193	26.087	92	67	1	1	92	2	92	3.11e-08	38.9
TTNM3_193	olaTTNIg25_194	26.374	91	67	0	1	91	2	92	3.24e-08	38.9
TTNM3_193	olaTTNIg115_194	29.487	78	52	2	15	91	16	91	4.31e-08	38.5
TTNM3_193	olaTTNIg15_187	32.955	88	47	5	7	91	8	86	4.81e-08	38.1
TTNM3_193	olaTTNIg82_196	30.000	70	48	1	13	82	16	84	6.27e-08	38.1
TTNM3_193	olaTTNIg108_193	25.000	92	68	1	1	92	1	91	9.71e-08	37.4
TTNM3_193	olaTTNIg66_196	33.824	68	43	2	24	91	28	93	9.80e-08	37.4
TTNM3_193	olaTTNIg102_195	31.646	79	51	1	13	91	17	92	9.84e-08	37.4
TTNM3_193	olaTTNIg107_194	27.500	80	55	1	12	91	15	91	1.20e-07	37.4
TTNM4_193	olaTTNIg115_194	72.043	93	26	0	1	93	1	93	3.69e-49	142
TTNM4_193	olaTTNIg10_194	34.043	94	61	1	1	93	1	94	1.81e-14	54.7
TTNM4_193	olaTTNIg2_194	31.522	92	63	0	2	93	2	93	2.92e-13	51.6
TTNM4_193	olaTTNIg85_194	25.000	84	63	0	1	84	1	84	6.33e-12	48.5
TTNM4_193	olaTTNIg9_193	33.333	90	59	1	2	91	1	89	3.25e-11	46.6
TTNM4_193	olaTTNIg91_193	23.864	88	67	0	2	89	1	88	3.32e-11	46.6
TTNM4_193	olaTTNIg23_194	27.778	90	65	0	2	91	1	90	7.85e-11	45.4
TTNM4_193	olaTTNIg36_194	28.049	82	58	1	1	81	1	82	3.64e-10	43.9
TTNM4_193	olaTTNIg21_195	30.000	90	63	0	2	91	2	91	6.15e-10	43.1
TTNM4_193	olaTTNIg113_197	28.421	95	65	1	1	92	1	95	7.11e-10	43.1
TTNM4_193	olaTTNIg117_196	27.174	92	67	0	1	92	1	92	8.55e-10	42.7
TTNM4_193	olaTTNIg114_192	35.065	77	47	2	16	91	15	89	1.55e-09	42.0
TTNM4_193	olaTTNIg24_194	29.167	72	51	0	13	84	12	83	1.84e-09	42.0
TTNM4_193	olaTTNIg108_193	27.273	88	64	0	2	89	1	88	2.51e-09	41.6
TTNM4_193	olaTTNIg6_195	28.261	92	63	2	2	91	1	91	5.81e-09	40.8
TTNM4_193	olaTTNIg82_196	27.143	70	51	0	16	85	18	87	5.85e-09	40.8
TTNM4_193	olaTTNIg60_187	35.714	56	35	1	17	72	17	71	1.69e-08	39.3
TTNM4_193	olaTTNIg27_192	27.473	91	66	0	2	92	1	91	4.63e-08	38.1
TTNM4_193	olaTTNIg112_198	29.114	79	55	1	16	93	19	97	8.92e-08	37.7
TTNM4_193	olaTTNIg116_195	26.136	88	65	0	4	91	4	91	9.63e-08	37.4
TTNM4_193	olaTTNIg64_193	25.275	91	66	1	5	93	2	92	1.33e-07	37.0
TTNM4_193	olaTTNIg88_193	25.926	81	60	0	2	82	1	81	1.70e-07	37.0
TTNM4_193	olaTTNIg8_195	28.261	92	64	1	2	91	1	92	1.71e-07	37.0
TTNM4_193	olaTTNIg98_196	27.143	70	51	0	15	84	17	86	1.97e-07	36.6
TTNM4_193	olaTTNIg89_196	26.087	69	51	0	13	81	15	83	2.12e-07	36.6
TTNM4_193	olaTTNIg110_194	26.087	92	66	2	2	91	1	92	2.62e-07	36.2
TTNM4_193	olaTTNIg4_195	28.571	91	63	1	1	89	1	91	3.43e-07	36.2
TTNM4_193	olaTTNIg94_193	22.892	83	64	0	2	84	1	83	3.65e-07	35.8
TTNM4_193	olaTTNIg58_193	34.615	52	34	0	31	82	30	81	3.97e-07	35.8
TTNM4_193	olaTTNIg44_197	35.385	65	42	0	27	91	32	96	4.52e-07	35.8
TTNM4_193	olaTTNIg59_189	34.375	64	41	1	21	84	21	83	4.79e-07	35.4
TTNM4_193	olaTTNIg101_195	30.435	69	47	1	13	81	15	82	4.91e-07	35.8
TTNM4_193	olaTTNIg17_290	29.167	72	51	0	1	72	2	73	7.16e-07	35.0
TTNM4_193	olaTTNIg41_196	28.767	73	51	1	21	92	21	93	7.94e-07	35.0
TTNM4_193	olaTTNIg87_194	24.675	77	56	1	15	91	17	91	8.92e-07	35.0
TTNM4_193	olaTTNIg90_195	26.582	79	56	1	13	91	16	92	9.55e-07	35.0
TTNM4_193	olaTTNIg37_193	33.962	53	35	0	32	84	32	84	1.01e-06	34.7
TTNM4_193	olaTTNIg96_194	32.353	68	42	2	19	84	19	84	1.09e-06	34.7
TTNM4_193	olaTTNIg76_192	28.986	69	49	0	16	84	14	82	1.68e-06	34.3
TTNM4_193	olaTTNIg5_198	22.222	81	62	1	2	81	2	82	1.69e-06	34.3
TTNM4_193	olaTTNIg3_195	20.988	81	64	0	1	81	1	81	1.72e-06	34.3
TTNM4_193	olaTTNIg40_194	24.176	91	67	1	2	92	1	89	2.67e-06	33.9
TTNM4_193	olaTTNIg103_196	22.892	83	62	1	13	93	13	95	3.39e-06	33.5
TTNM4_193	olaTTNIg70_195	24.074	54	41	0	28	81	29	82	3.99e-06	33.1
TTNM4_193	olaTTNIg57_188	27.381	84	60	1	1	84	1	83	4.61e-06	33.1
TTNM4_193	olaTTNIg61_188	23.944	71	53	1	14	84	15	84	5.40e-06	32.7
TTNM4_193	olaTTNIg54_189	29.630	54	38	0	27	80	27	80	5.40e-06	32.7
TTNM4_193	olaTTNIg100_195	23.438	64	49	0	15	78	17	80	6.01e-06	32.7
TTNM4_193	olaTTNIg73_197	23.684	76	58	0	16	91	19	94	7.94e-06	32.3
TTNM4_193	olaTTNIg30_194	28.070	57	41	0	16	72	17	73	9.99e-06	32.3
TTNM5_194	olaTTNIg116_195	58.065	93	39	0	2	94	2	94	6.37e-42	124
TTNM5_194	olaTTNIg115_194	35.165	91	59	0	1	91	1	91	1.83e-16	60.1
TTNM5_194	olaTTNIg9_193	33.696	92	56	2	4	93	3	91	3.10e-16	59.3
TTNM5_194	olaTTNIg1_196	35.714	84	51	2	2	82	1	84	4.80e-15	56.6
TTNM5_194	olaTTNIg23_194	31.111	90	62	0	3	92	2	91	2.27e-14	54.7
TTNM5_194	olaTTNIg4_195	34.066	91	58	1	1	89	1	91	1.27e-13	52.8
TTNM5_194	olaTTNIg117_196	26.374	91	67	0	1	91	1	91	1.51e-13	52.8
TTNM5_194	olaTTNIg28_194	34.831	89	57	1	4	91	4	92	1.59e-13	52.4
TTNM5_194	olaTTNIg6_195	25.843	89	65	1	4	91	3	91	2.08e-12	49.7
TTNM5_194	olaTTNIg105_194	33.735	83	53	1	9	91	11	91	3.11e-12	49.3
TTNM5_194	olaTTNIg77_197	27.711	83	60	0	9	91	12	94	3.85e-12	48.9
TTNM5_194	olaTTNIg73_197	26.829	82	60	0	10	91	13	94	6.74e-12	48.5
TTNM5_194	olaTTNIg89_196	21.687	83	65	0	9	91	11	93	8.64e-12	48.1
TTNM5_194	olaTTNIg33_195	26.667	90	66	0	2	91	2	91	2.20e-11	47.0
TTNM5_194	olaTTNIg86_197	22.667	75	58	0	9	83	12	86	2.37e-11	47.0
TTNM5_194	olaTTNIg108_193	26.582	79	58	0	16	94	15	93	3.58e-11	46.6
TTNM5_194	olaTTNIg102_195	32.836	67	41	2	27	92	30	93	5.21e-11	46.2
TTNM5_194	olaTTNIg92_196	38.028	71	44	0	11	81	13	83	1.13e-10	45.1
TTNM5_194	olaTTNIg107_194	30.000	80	54	1	12	91	14	91	1.22e-10	45.1
TTNM5_194	olaTTNIg81_193	30.380	79	52	1	9	87	11	86	1.54e-10	44.7
TTNM5_194	olaTTNIg41_196	26.667	90	65	1	5	93	5	94	1.77e-10	44.7
TTNM5_194	olaTTNIg91_193	26.250	80	59	0	12	91	11	90	2.02e-10	44.7
TTNM5_194	olaTTNIg72_197	23.457	81	62	0	11	91	14	94	2.33e-10	44.3
TTNM5_194	olaTTNIg5_198	24.324	74	55	1	9	81	9	82	3.69e-10	43.9
TTNM5_194	olaTTNIg88_193	32.308	65	44	0	27	91	26	90	4.14e-10	43.5
TTNM5_194	olaTTNIg27_192	27.160	81	59	0	11	91	10	90	5.48e-10	43.5
TTNM5_194	olaTTNIg30_194	32.877	73	48	1	10	81	10	82	7.70e-10	43.1
TTNM5_194	olaTTNIg76_192	26.136	88	65	0	5	92	3	90	8.79e-10	42.7
TTNM5_194	olaTTNIg14_188	31.461	89	57	1	4	92	4	88	1.07e-09	42.4
TTNM5_194	olaTTNIg3_195	25.000	92	69	0	1	92	1	92	1.79e-09	42.0
TTNM5_194	olaTTNIg36_194	24.359	78	59	0	16	93	17	94	1.91e-09	42.0
TTNM5_194	olaTTNIg95_197	26.027	73	54	0	10	82	13	85	1.98e-09	42.0
TTNM5_194	olaTTNIg71_194	31.579	76	50	1	16	91	18	91	2.29e-09	41.6
TTNM5_194	olaTTNIg21_195	30.864	81	56	0	12	92	12	92	4.53e-09	41.2
TTNM5_194	olaTTNIg100_195	24.638	69	52	0	10	78	12	80	5.04e-09	40.8
TTNM5_194	olaTTNIg7_195	26.582	79	54	2	7	82	6	83	5.26e-09	40.8
TTNM5_194	olaTTNIg98_196	28.947	76	54	0	16	91	18	93	5.30e-09	40.8
TTNM5_194	olaTTNIg87_194	33.333	75	48	1	11	85	13	85	6.26e-09	40.8
TTNM5_194	olaTTNIg22_193	27.273	88	63	1	4	91	4	90	1.05e-08	40.0
TTNM5_194	olaTTNIg18_389	32.432	74	49	1	3	76	3	75	1.45e-08	39.7
TTNM5_194	olaTTNIg2_194	29.213	89	63	0	4	92	4	92	1.52e-08	39.7
TTNM5_194	olaTTNIg44_197	34.783	69	41	3	16	83	22	87	1.60e-08	39.7
TTNM5_194	olaTTNIg58_193	24.691	81	60	1	3	83	3	82	1.75e-08	39.3
TTNM5_194	olaTTNIg113_197	29.412	85	57	2	10	91	10	94	2.35e-08	39.3
TTNM5_194	olaTTNIg40_194	22.619	84	65	0	9	92	8	91	2.58e-08	38.9
TTNM5_194	olaTTNIg79_197	27.848	79	54	2	15	91	17	94	2.81e-08	38.9
TTNM5_194	olaTTNIg83_195	23.684	76	58	0	16	91	17	92	2.95e-08	38.9
TTNM5_194	olaTTNIg47_188	27.273	66	47	1	9	74	10	74	5.36e-08	38.1
TTNM5_194	olaTTNIg20_187	28.378	74	52	1	9	82	9	81	6.80e-08	37.7
TTNM5_194	olaTTNIg59_189	32.895	76	48	2	15	90	15	87	1.15e-07	37.4
TTNM6_194	olaTTNIg38_193	34.091	88	51	4	1	85	1	84	9.32e-12	47.8
TTNM6_194	olaTTNIg34_193	32.727	55	36	1	33	87	33	86	1.41e-09	42.4
TTNM6_194	olaTTNIg28_194	30.508	59	39	2	33	90	33	90	5.79e-08	38.1
TTNM6_194	olaTTNIg85_194	28.571	56	39	1	33	88	33	87	1.43e-07	37.0
TTNM6_194	olaTTNIg72_197	28.571	56	39	1	35	90	38	92	1.74e-07	37.0
TTNM6_194	olaTTNIg24_194	23.944	71	53	1	23	93	22	91	4.38e-07	35.8
TTNM6_194	olaTTNIg23_194	28.049	82	56	2	13	94	14	92	4.71e-07	35.8
TTNM6_194	olaTTNIg39_194	32.000	50	33	1	33	82	34	82	6.75e-07	35.4
TTNM6_194	olaTTNIg5_198	21.918	73	57	0	1	73	1	73	8.78e-07	35.0
TTNM6_194	olaTTNIg56_189	32.857	70	43	2	15	84	17	82	1.54e-06	34.3
TTNM6_194	olaTTNIg26_192	31.746	63	41	2	25	86	22	83	1.89e-06	34.3
TTNM6_194	olaTTNIg44_197	34.177	79	46	4	1	75	3	79	3.02e-06	33.5
TTNM6_194	olaTTNIg40_194	30.986	71	42	3	15	83	16	81	3.34e-06	33.5
TTNM6_194	olaTTNIg29_192	29.508	61	42	1	33	93	32	91	6.02e-06	32.7
TTNM6_194	olaTTNIg22_193	27.368	95	59	5	1	90	1	90	7.00e-06	32.7
TTNM6_194	olaTTNIg43_297	36.585	41	25	1	33	73	33	72	7.95e-06	32.7
TTNM6_194	olaTTNIg36_194	29.577	71	45	3	18	87	21	87	8.05e-06	32.3
TTNM6_194	olaTTNIg3_195	24.194	62	46	1	33	94	33	93	8.09e-06	32.3
TTNM6_194	olaTTNIg108_193	28.571	56	37	2	32	86	31	84	8.36e-06	32.3
TTNM6_194	olaTTNIg99_197	31.579	57	38	1	30	86	32	87	9.73e-06	32.3
TTNM7_192	olaTTNIg3_195	30.769	91	63	0	1	91	2	92	3.93e-18	64.3
TTNM7_192	olaTTNIg23_194	32.609	92	62	0	1	92	1	92	2.23e-15	57.0
TTNM7_192	olaTTNIg72_197	34.524	84	55	0	7	90	11	94	4.86e-14	53.9
TTNM7_192	olaTTNIg9_193	31.868	91	61	1	1	91	1	90	1.85e-13	52.4
TTNM7_192	olaTTNIg110_194	31.915	94	62	2	1	92	1	94	3.39e-13	51.6
TTNM7_192	olaTTNIg21_195	26.374	91	67	0	1	91	2	92	3.40e-13	51.6
TTNM7_192	olaTTNIg115_194	28.889	90	64	0	1	90	2	91	3.99e-13	51.2
TTNM7_192	olaTTNIg7_195	31.183	93	62	1	1	91	1	93	4.50e-13	51.2
TTNM7_192	olaTTNIg22_193	31.111	90	61	1	1	90	2	90	5.11e-13	51.2
TTNM7_192	olaTTNIg4_195	39.437	71	41	1	20	88	21	91	1.13e-12	50.4
TTNM7_192	olaTTNIg29_192	44.828	58	32	0	34	91	34	91	1.43e-12	50.1
TTNM7_192	olaTTNIg116_195	29.213	89	63	0	3	91	4	92	2.61e-12	49.3
TTNM7_192	olaTTNIg41_196	31.325	83	56	1	9	90	10	92	3.53e-12	48.9
TTNM7_192	olaTTNIg24_194	26.374	91	67	0	1	91	1	91	3.53e-12	48.9
TTNM7_192	olaTTNIg35_193	36.905	84	51	1	8	91	11	92	5.32e-12	48.5
TTNM7_192	olaTTNIg113_197	31.579	76	49	1	18	90	19	94	6.19e-12	48.5
TTNM7_192	olaTTNIg2_194	27.473	91	66	0	1	91	2	92	1.36e-11	47.4
TTNM7_192	olaTTNIg38_193	28.889	90	64	0	1	90	2	91	7.37e-11	45.4
TTNM7_192	olaTTNIg5_198	36.486	74	44	2	20	91	21	93	2.52e-10	44.3
TTNM7_192	olaTTNIg107_194	31.250	80	53	1	11	90	14	91	3.31e-10	43.9
TTNM7_192	olaTTNIg33_195	39.286	56	34	0	25	80	26	81	4.01e-10	43.5
TTNM7_192	olaTTNIg108_193	27.174	92	67	0	1	92	1	92	4.16e-10	43.5
TTNM7_192	olaTTNIg39_194	28.916	83	59	0	8	90	10	92	1.31e-09	42.4
TTNM7_192	olaTTNIg6_195	29.032	93	65	1	1	92	1	93	1.65e-09	42.0
TTNM7_192	olaTTNIg44_197	34.483	58	38	0	34	91	40	97	1.71e-09	42.0
TTNM7_192	olaTTNIg31_193	39.623	53	28	2	34	84	35	85	1.73e-09	42.0
TTNM7_192	olaTTNIg76_192	27.711	83	58	1	11	91	8	90	1.79e-09	42.0
TTNM7_192	olaTTNIg30_194	30.435	92	63	1	1	91	2	93	3.24e-09	41.2
TTNM7_192	olaTTNIg11_191	28.571	77	53	2	15	91	17	91	3.30e-09	41.2
TTNM7_192	olaTTNIg114_192	27.957	93	60	4	1	91	1	88	3.44e-09	41.2
TTNM7_192	olaTTNIg1_196	25.532	94	68	1	1	92	2	95	3.83e-09	41.2
TTNM7_192	olaTTNIg27_192	28.889	90	64	0	1	90	1	90	4.35e-09	40.8
TTNM7_192	olaTTNIg40_194	29.070	86	61	0	7	92	7	92	4.42e-09	40.8
TTNM7_192	olaTTNIg55_190	33.333	75	49	1	7	81	10	83	5.77e-09	40.4
TTNM7_192	olaTTNIg13_189	31.461	89	58	2	3	91	4	89	5.97e-09	40.4
TTNM7_192	olaTTNIg82_196	30.556	72	50	0	19	90	22	93	2.00e-08	39.3
TTNM7_192	olaTTNIg95_197	31.944	72	49	0	19	90	23	94	2.49e-08	38.9
TTNM7_192	olaTTNIg36_194	31.507	73	50	0	19	91	21	93	2.54e-08	38.9
TTNM7_192	olaTTNIg37_193	27.273	55	40	0	37	91	38	92	2.58e-08	38.9
TTNM7_192	olaTTNIg73_197	26.667	75	55	0	11	85	15	89	4.56e-08	38.5
TTNM7_192	olaTTNIg117_196	24.444	90	68	0	1	90	2	91	5.31e-08	38.1
TTNM7_192	olaTTNIg54_189	30.769	91	57	3	1	90	2	87	6.41e-08	37.7
TTNM7_192	olaTTNIg64_193	22.892	83	64	0	8	90	8	90	7.39e-08	37.7
TTNM7_192	olaTTNIg105_194	33.871	62	39	1	19	80	22	81	1.03e-07	37.4
TTNM7_192	olaTTNIg66_196	29.730	74	51	1	17	90	21	93	1.09e-07	37.4
TTNM7_192	olaTTNIg90_195	33.333	75	44	2	11	83	15	85	1.61e-07	37.0
TTNM7_192	olaTTNIg71_194	30.000	90	55	2	7	90	4	91	1.83e-07	36.6
TTNM7_192	olaTTNIg77_197	23.077	65	50	0	26	90	30	94	1.89e-07	37.0
TTNM7_192	olaTTNIg88_193	26.154	65	48	0	26	90	26	90	1.96e-07	36.6
TTNM7_192	olaTTNIg28_194	29.508	61	42	1	31	90	32	92	2.34e-07	36.6
TTNM8_193	olaTTNIg17_290	36.585	41	26	0	32	72	34	74	6.16e-08	37.7
TTNM8_193	olaTTNIg108_193	33.898	59	37	1	17	73	15	73	9.71e-08	37.4
TTNM8_193	olaTTNIg39_194	25.843	89	64	1	6	92	6	94	1.73e-07	37.0
TTNM8_193	olaTTNIg2_194	25.301	83	60	1	13	93	12	94	9.01e-07	35.0
TTNM8_193	olaTTNIg52_188	34.884	43	28	0	31	73	31	73	1.04e-06	34.7
TTNM8_193	olaTTNIg59_189	36.111	72	41	2	20	91	21	87	1.72e-06	34.3
TTNM8_193	olaTTNIg36_194	23.684	76	56	1	17	90	17	92	2.53e-06	33.9
TTNM8_193	olaTTNIg43_297	27.869	61	43	1	32	91	33	93	2.63e-06	33.9
TTNM8_193	olaTTNIg44_197	24.658	73	54	1	17	88	22	94	2.73e-06	33.9
TTNM8_193	olaTTNIg38_193	25.641	78	56	1	17	92	16	93	3.38e-06	33.5
TTNM8_193	olaTTNIg28_194	24.000	75	54	2	17	88	16	90	5.68e-06	32.7
TTNM9_196	olaTTNIg117_196	59.341	91	37	0	1	91	1	91	2.97e-37	112
TTNM9_196	olaTTNIg4_195	34.783	92	58	1	1	90	1	92	6.02e-20	68.9
TTNM9_196	olaTTNIg3_195	34.066	91	60	0	1	91	1	91	1.21e-18	65.9
TTNM9_196	olaTTNIg10_194	38.043	92	56	1	1	91	1	92	2.92e-17	62.0
TTNM9_196	olaTTNIg115_194	34.066	91	60	0	1	91	1	91	2.89e-16	59.7
TTNM9_196	olaTTNIg2_194	30.000	90	63	0	2	91	2	91	1.05e-15	58.2
TTNM9_196	olaTTNIg1_196	33.333	93	60	1	1	91	1	93	1.35e-15	57.8
TTNM9_196	olaTTNIg116_195	32.184	87	59	0	5	91	5	91	4.85e-15	56.6
TTNM9_196	olaTTNIg58_193	34.831	89	54	2	4	89	4	91	9.07e-15	55.8
TTNM9_196	olaTTNIg73_197	38.272	81	50	0	12	92	15	95	1.73e-14	55.1
TTNM9_196	olaTTNIg35_193	30.000	90	63	0	2	91	2	91	2.23e-13	52.0
TTNM9_196	olaTTNIg28_194	30.108	93	62	2	2	92	2	93	5.83e-13	51.2
TTNM9_196	olaTTNIg6_195	31.868	91	61	1	2	91	1	91	6.29e-13	51.2
TTNM9_196	olaTTNIg114_192	34.615	78	48	2	15	91	14	89	8.97e-13	50.4
TTNM9_196	olaTTNIg110_194	34.783	92	58	2	2	91	1	92	9.18e-13	50.4
TTNM9_196	olaTTNIg91_193	28.571	77	55	0	16	92	15	91	1.64e-12	50.1
TTNM9_196	olaTTNIg88_193	28.571	91	61	1	2	92	5	91	2.56e-12	49.3
TTNM9_196	olaTTNIg108_193	35.065	77	49	1	16	92	15	90	2.85e-12	49.3
TTNM9_196	olaTTNIg23_194	30.000	90	63	0	2	91	1	90	5.92e-12	48.5
TTNM9_196	olaTTNIg9_193	27.778	90	64	1	2	91	1	89	5.92e-12	48.5
TTNM9_196	olaTTNIg87_194	38.961	77	45	1	16	92	18	92	6.18e-12	48.5
TTNM9_196	olaTTNIg98_196	32.468	77	52	0	16	92	18	94	8.63e-12	48.1
TTNM9_196	olaTTNIg41_196	30.337	89	61	1	4	91	4	92	8.72e-12	48.1
TTNM9_196	olaTTNIg94_193	28.750	80	57	0	13	92	12	91	8.82e-12	48.1
TTNM9_196	olaTTNIg77_197	26.829	82	60	0	13	94	16	97	1.17e-11	47.8
TTNM9_196	olaTTNIg25_194	29.348	92	64	1	2	92	2	93	1.27e-11	47.8
TTNM9_196	olaTTNIg48_188	28.889	90	59	2	3	92	3	87	1.39e-11	47.4
TTNM9_196	olaTTNIg30_194	31.461	89	58	2	2	87	2	90	1.51e-11	47.4
TTNM9_196	olaTTNIg21_195	27.160	81	59	0	11	91	11	91	1.54e-11	47.4
TTNM9_196	olaTTNIg24_194	30.000	90	63	0	2	91	1	90	1.54e-11	47.4
TTNM9_196	olaTTNIg86_197	30.000	70	49	0	13	82	16	85	2.10e-11	47.4
TTNM9_196	olaTTNIg39_194	32.967	91	60	1	2	91	2	92	2.35e-11	47.0
TTNM9_196	olaTTNIg5_198	30.769	91	62	1	2	91	2	92	3.13e-11	46.6
TTNM9_196	olaTTNIg40_194	30.000	80	56	0	2	81	1	80	3.38e-11	46.6
TTNM9_196	olaTTNIg76_192	25.287	87	65	0	5	91	3	89	3.46e-11	46.6
TTNM9_196	olaTTNIg36_194	31.522	92	60	2	1	89	1	92	3.65e-11	46.6
TTNM9_196	olaTTNIg71_194	34.177	79	46	2	16	92	18	92	3.69e-11	46.6
TTNM9_196	olaTTNIg74_196	31.325	83	55	1	12	92	12	94	3.88e-11	46.6
TTNM9_196	olaTTNIg57_188	27.174	92	62	2	1	92	1	87	5.81e-11	45.8
TTNM9_196	olaTTNIg113_197	28.395	81	55	1	16	93	16	96	6.85e-11	45.8
TTNM9_196	olaTTNIg63_197	27.273	77	56	0	16	92	19	95	1.33e-10	45.1
TTNM9_196	olaTTNIg100_195	31.343	67	46	0	12	78	14	80	1.54e-10	45.1
TTNM9_196	olaTTNIg103_196	29.412	68	48	0	14	81	16	83	2.30e-10	44.3
TTNM9_196	olaTTNIg27_192	30.000	90	63	0	2	91	1	90	3.71e-10	43.9
TTNM9_196	olaTTNIg95_197	22.500	80	62	0	13	92	16	95	3.76e-10	43.9
TTNM9_196	olaTTNIg20_187	27.273	88	59	2	4	91	4	86	5.61e-10	43.1
TTNM9_196	olaTTNIg106_196	24.691	81	61	0	12	92	14	94	9.06e-10	42.7
TTNM9_196	olaTTNIg17_290	32.500	80	50	1	12	91	13	88	1.04e-09	42.7
TTNM9_196	olaTTNIg34_193	26.374	91	67	0	1	91	1	91	1.20e-09	42.4
TTNM9_196	olaTTNIg89_196	24.176	91	66	1	2	92	7	94	1.39e-09	42.4
TTNM10_195	olaTTNIg72_197	34.375	96	56	3	1	93	1	92	8.45e-15	55.8
TTNM10_195	olaTTNIg103_196	30.120	83	56	1	11	93	13	93	6.16e-13	51.2
TTNM10_195	olaTTNIg111_1101	32.222	90	54	3	5	93	15	98	7.73e-13	50.8
TTNM10_195	olaTTNIg79_197	34.177	79	51	1	15	93	17	94	1.07e-12	50.4
TTNM10_195	olaTTNIg9_193	29.787	94	63	1	2	95	1	91	2.45e-12	49.3
TTNM10_195	olaTTNIg73_197	26.506	83	59	1	11	93	14	94	4.38e-12	48.9
TTNM10_195	olaTTNIg109_193	31.646	79	51	2	16	93	14	90	6.46e-12	48.5
TTNM10_195	olaTTNIg104_198	28.866	97	63	2	1	93	1	95	3.06e-11	46.6
TTNM10_195	olaTTNIg84_195	30.303	99	56	3	1	93	1	92	3.14e-11	46.6
TTNM10_195	olaTTNIg76_192	31.183	93	61	2	2	94	1	90	4.73e-11	46.2
TTNM10_195	olaTTNIg112_198	30.488	82	54	2	13	93	16	95	5.65e-11	46.2
TTNM10_195	olaTTNIg93_194	30.526	95	59	2	2	93	1	91	7.19e-11	45.8
TTNM10_195	olaTTNIg100_195	28.947	76	52	1	11	86	13	86	9.80e-11	45.4
TTNM10_195	olaTTNIg23_194	27.660	94	66	1	2	95	1	92	1.56e-10	44.7
TTNM10_195	olaTTNIg80_196	30.263	76	51	1	18	93	20	93	1.82e-10	44.7
TTNM10_195	olaTTNIg98_196	28.205	78	54	1	16	93	18	93	2.21e-10	44.7
TTNM10_195	olaTTNIg88_193	32.609	92	60	1	2	93	1	90	2.84e-10	44.3
TTNM10_195	olaTTNIg89_196	26.506	83	59	1	11	93	13	93	3.47e-10	43.9
TTNM10_195	olaTTNIg95_197	30.108	93	60	2	1	90	1	91	6.10e-10	43.5
TTNM10_195	olaTTNIg81_193	30.769	91	50	3	10	94	6	89	1.03e-09	42.7
TTNM10_195	olaTTNIg107_194	24.691	81	57	1	13	93	15	91	2.01e-09	42.0
TTNM10_195	olaTTNIg90_195	30.208	96	60	2	1	93	1	92	2.36e-09	42.0
TTNM10_195	olaTTNIg64_193	22.826	92	69	1	2	93	1	90	2.69e-09	41.6
TTNM10_195	olaTTNIg74_196	21.687	83	65	0	11	93	11	93	3.34e-09	41.6
TTNM10_195	olaTTNIg39_194	25.532	94	67	2	1	93	1	92	3.47e-09	41.2
TTNM10_195	olaTTNIg69_194	26.506	83	57	1	11	93	13	91	4.30e-09	41.2
TTNM10_195	olaTTNIg117_196	24.468	94	69	1	2	95	2	93	5.18e-09	40.8
TTNM10_195	olaTTNIg75_195	28.409	88	60	2	6	93	8	92	5.25e-09	40.8
TTNM10_195	olaTTNIg66_196	26.042	96	65	2	1	93	1	93	5.52e-09	40.8
TTNM10_195	olaTTNIg77_197	26.733	101	59	3	1	93	1	94	7.82e-09	40.4
TTNM10_195	olaTTNIg105_194	32.184	87	55	1	7	93	9	91	8.41e-09	40.4
TTNM10_195	olaTTNIg5_198	25.000	96	69	2	1	95	1	94	9.85e-09	40.4
TTNM10_195	olaTTNIg116_195	29.032	93	64	1	1	93	1	91	1.23e-08	40.0
TTNM10_195	olaTTNIg94_193	27.778	90	63	1	2	91	1	88	1.47e-08	39.7
TTNM10_195	olaTTNIg87_194	27.711	83	56	1	11	93	13	91	1.58e-08	39.7
TTNM10_195	olaTTNIg99_197	28.205	78	54	1	6	83	8	83	1.97e-08	39.3
TTNM10_195	olaTTNIg62_195	29.333	75	52	1	19	93	20	93	2.38e-08	39.3
TTNM10_195	olaTTNIg108_193	25.610	82	59	1	2	83	1	80	2.99e-08	38.9
TTNM10_195	olaTTNIg106_196	27.059	85	60	1	11	95	13	95	3.37e-08	38.9
TTNM10_195	olaTTNIg110_194	23.913	92	70	0	2	93	1	92	3.43e-08	38.9
TTNM10_195	olaTTNIg25_194	24.731	93	69	1	1	93	1	92	3.50e-08	38.9
TTNM10_195	olaTTNIg113_197	27.848	79	56	1	16	93	16	94	3.54e-08	38.9
TTNM10_195	olaTTNIg33_195	26.882	93	66	1	1	93	1	91	3.60e-08	38.9
TTNM10_195	olaTTNIg41_196	31.579	76	51	1	8	83	8	82	4.99e-08	38.5
TTNM10_195	olaTTNIg85_194	26.087	92	66	1	2	93	2	91	7.52e-08	37.7
TTNM10_195	olaTTNIg101_195	26.042	96	65	2	2	94	1	93	1.09e-07	37.4
TTNM10_195	olaTTNIg21_195	20.213	94	73	2	1	94	1	92	1.59e-07	37.0
TTNM10_195	olaTTNIg83_195	22.222	90	68	1	4	93	5	92	1.94e-07	37.0
TTNM10_195	olaTTNIg102_195	28.235	85	49	2	13	93	16	92	2.03e-07	36.6
TTNM10_195	olaTTNIg78_196	22.989	87	65	1	7	93	9	93	2.06e-07	36.6
