olaTTNIg62	TTNI106	63.158	95	34	1	1	95	1	94	3.73e-40	119
olaTTNIg62	TTNA1	35.789	95	58	2	1	95	2	93	5.72e-14	52.8
olaTTNIg62	TTNA156	35.789	95	59	2	1	94	1	94	7.04e-14	52.4
olaTTNIg62	TTNA98	34.737	95	58	2	1	94	2	93	2.60e-13	51.2
olaTTNIg62	TTNA145	38.542	96	57	2	1	95	1	95	9.19e-13	49.7
olaTTNIg62	TTNA57	30.208	96	65	2	1	95	1	95	2.40e-12	48.5
olaTTNIg62	TTNA160	36.905	84	48	2	14	95	13	93	6.12e-12	47.4
olaTTNIg62	TTNA68	32.979	94	61	2	1	93	1	93	1.73e-11	46.6
olaTTNIg62	TTNA25	29.787	94	64	2	1	94	2	93	3.64e-11	45.4
olaTTNIg62	TTNA120	35.789	95	57	2	1	94	1	92	3.69e-11	45.4
olaTTNIg62	TTNA87	33.684	95	59	3	1	94	2	93	1.36e-10	43.9
olaTTNIg62	TTNA8	31.868	91	59	2	3	93	6	93	1.74e-10	43.9
olaTTNIg62	TTNA83	29.070	86	56	2	8	93	10	90	2.88e-10	43.1
olaTTNIg62	TTNA11	33.673	98	56	2	3	93	6	101	3.81e-10	43.1
olaTTNIg62	TTNA142	30.526	95	62	2	1	94	2	93	1.12e-09	41.6
olaTTNIg62	TTNA127	32.895	76	44	2	22	94	23	94	1.31e-09	41.6
olaTTNIg62	TTNA36	29.348	92	63	2	3	94	6	95	1.86e-09	41.2
olaTTNIg62	TTNA46	32.468	77	51	1	18	94	16	91	2.19e-09	40.8
olaTTNIg62	TTNA109	33.735	83	50	2	14	94	14	93	3.16e-09	40.4
olaTTNIg62	TTNA32	32.530	83	53	2	14	94	14	95	6.28e-09	39.7
olaTTNIg62	TTNA116	27.586	87	62	1	8	94	10	95	1.36e-08	38.9
olaTTNIg62	TTNI107	29.762	84	58	1	11	94	13	95	1.69e-08	38.5
olaTTNIg62	TTNA94	26.437	87	63	1	8	94	9	94	2.33e-08	38.1
olaTTNIg62	TTNA76	30.667	75	49	1	20	94	22	93	3.31e-08	37.7
olaTTNIg62	TTNA112	32.143	84	54	2	12	94	10	91	7.56e-08	37.0
olaTTNIg62	TTNA90	32.051	78	52	1	14	91	12	88	8.49e-08	36.6
olaTTNIg62	TTNA131	30.120	83	56	2	1	82	2	83	1.02e-07	36.6
olaTTNIg62	TTNA65	30.120	83	53	2	14	94	14	93	1.37e-07	36.2
olaTTNIg62	TTNA138	26.136	88	60	2	8	93	10	94	2.50e-07	35.4
olaTTNIg62	TTNA50	27.368	95	67	2	1	94	2	95	4.24e-07	35.0
olaTTNIg62	TTNA169	26.667	75	53	2	20	93	25	98	4.85e-07	35.0
olaTTNIg62	TTNA79	30.986	71	48	1	10	80	9	78	6.29e-07	34.7
olaTTNIg62	TTNA18	30.392	102	60	3	1	95	2	99	8.86e-07	34.3
olaTTNIg62	TTNA39	27.083	96	66	3	1	94	2	95	1.02e-05	31.2
olaTTNIg62	TTNA61	25.000	88	64	2	8	94	10	96	1.11e-05	31.2
olaTTNIg62	TTNA149	26.667	75	54	1	20	94	23	96	1.41e-05	30.8
olaTTNIg62	TTNA168	27.160	81	57	2	8	87	7	86	2.03e-05	30.4
olaTTNIg62	TTNA153	23.404	94	68	2	1	93	1	91	3.30e-05	30.0
olaTTNIg62	TTNA15	25.610	82	52	3	22	94	21	102	4.35e-05	29.6
olaTTNIg62	TTNA101	25.882	85	62	1	10	94	8	91	4.88e-05	29.6
olaTTNIg62	TTNA4	22.549	102	51	2	8	81	6	107	5.64e-05	29.6
olaTTNIg62	TTNA43	28.395	81	55	2	1	80	2	80	1.29e-04	28.5
olaTTNIg62	TTNA164	29.688	64	44	1	22	85	20	82	1.85e-04	28.1
olaTTNIg62	TTNA72	24.658	73	54	1	8	80	10	81	2.05e-04	27.7
olaTTNIg62	TTNA134	25.287	87	63	2	1	86	1	86	3.68e-04	27.3
olaTTNIg62	TTNA22	24.211	95	68	2	1	94	2	93	5.10e-04	26.6
olaTTNIg62	TTNA54	27.273	77	51	2	20	94	22	95	0.002	25.0
olaTTNIg62	TTNA123	22.105	95	72	2	1	94	2	95	0.021	22.3
olaTTNIg62	TTNA29	22.619	84	44	3	20	94	22	93	0.23	19.2
olaTTNIg63	TTNI107	62.105	95	36	0	2	96	2	96	1.15e-44	130
olaTTNIg63	TTNA32	35.417	96	62	0	1	96	1	96	1.52e-21	72.4
olaTTNIg63	TTNA109	38.542	96	57	1	1	96	1	94	8.27e-21	70.5
olaTTNIg63	TTNA36	39.583	96	58	0	1	96	1	96	1.02e-19	67.4
olaTTNIg63	TTNA83	33.333	96	64	0	1	96	1	96	2.07e-19	66.6
olaTTNIg63	TTNA39	43.011	93	51	2	6	96	4	96	4.83e-19	65.9
olaTTNIg63	TTNA8	38.542	96	58	1	1	96	1	95	3.44e-18	63.5
olaTTNIg63	TTNA54	36.735	98	58	2	1	96	1	96	6.55e-18	63.2
olaTTNIg63	TTNA131	37.500	96	59	1	2	96	2	97	1.12e-17	62.4
olaTTNIg63	TTNA98	32.632	95	62	1	2	96	2	94	3.47e-17	61.2
olaTTNIg63	TTNA50	35.417	96	62	0	1	96	1	96	5.27e-17	60.8
olaTTNIg63	TTNA76	33.333	96	62	1	1	96	1	94	7.58e-17	60.1
olaTTNIg63	TTNA87	34.737	95	60	1	2	96	2	94	1.24e-16	59.7
olaTTNIg63	TTNA116	27.083	96	70	0	1	96	1	96	3.09e-16	58.5
olaTTNIg63	TTNA43	36.735	98	57	2	1	96	1	95	7.82e-16	57.8
olaTTNIg63	TTNA65	31.579	95	63	1	2	96	2	94	1.09e-15	57.4
olaTTNIg63	TTNA61	38.542	96	58	1	2	96	2	97	1.13e-15	57.4
olaTTNIg63	TTNA160	34.043	94	60	1	2	95	1	92	1.26e-15	57.0
olaTTNIg63	TTNA156	34.737	95	62	0	2	96	1	95	3.00e-15	56.2
olaTTNIg63	TTNA149	34.021	97	63	1	1	96	1	97	3.98e-15	55.8
olaTTNIg63	TTNA153	33.684	95	61	1	2	96	1	93	4.81e-15	55.5
olaTTNIg63	TTNA72	31.579	95	65	0	2	96	2	96	5.15e-15	55.5
olaTTNIg63	TTNA94	30.526	95	66	0	2	96	1	95	5.99e-15	55.5
olaTTNIg63	TTNA120	29.474	95	65	1	2	96	1	93	1.47e-14	54.3
olaTTNIg63	TTNA138	30.208	96	67	0	1	96	1	96	1.60e-14	54.3
olaTTNIg63	TTNA29	34.375	96	61	1	1	96	1	94	5.03e-14	53.1
olaTTNIg63	TTNA142	32.990	97	59	2	2	96	2	94	5.55e-14	52.8
olaTTNIg63	TTNA79	30.208	96	64	1	1	96	1	93	7.75e-14	52.4
olaTTNIg63	TTNA127	31.579	95	65	0	2	96	1	95	1.33e-13	52.0
olaTTNIg63	TTNA68	30.526	95	66	0	2	96	1	95	2.10e-13	51.6
olaTTNIg63	TTNA25	31.250	96	64	1	1	96	1	94	3.26e-13	50.8
olaTTNIg63	TTNA46	32.292	96	61	1	1	96	1	92	6.86e-13	50.1
olaTTNIg63	TTNA90	29.670	91	63	1	7	96	2	92	8.06e-13	49.7
olaTTNIg63	TTNA11	29.126	103	66	3	1	96	1	103	1.57e-12	49.3
olaTTNIg63	TTNA145	28.049	82	59	0	14	95	13	94	4.10e-12	48.1
olaTTNIg63	TTNA57	30.435	92	62	1	6	95	3	94	4.23e-12	48.1
olaTTNIg63	TTNA15	29.126	103	65	1	2	96	1	103	8.36e-12	47.4
olaTTNIg63	TTNA1	29.870	77	54	0	19	95	16	92	5.77e-11	45.1
olaTTNIg63	TTNA22	31.579	95	63	1	2	96	2	94	6.77e-11	45.1
olaTTNIg63	TTNA105	31.250	96	65	1	2	96	2	97	1.21e-10	44.3
olaTTNIg63	TTNA123	27.083	96	70	0	1	96	1	96	2.03e-10	43.9
olaTTNIg63	TTNA112	29.474	95	64	2	2	96	1	92	8.67e-10	42.0
olaTTNIg63	TTNA101	31.579	76	50	1	21	96	19	92	1.66e-09	41.2
olaTTNIg63	TTNI106	31.818	66	45	0	30	95	28	93	1.84e-09	41.2
olaTTNIg63	TTNA165	23.958	96	72	1	2	96	1	96	5.55e-09	40.0
olaTTNIg63	TTNA134	29.670	91	64	0	2	92	1	91	6.39e-09	39.7
olaTTNIg63	TTNA18	28.155	103	61	3	1	95	1	98	4.61e-08	37.7
olaTTNIg63	TTNA4	26.271	118	58	2	8	96	4	121	7.71e-08	37.4
olaTTNIg63	TTNA168	28.736	87	58	2	11	94	7	92	2.06e-07	35.8
olaTTNIg63	TTNA169	23.232	99	73	2	1	96	2	100	1.32e-06	33.9
olaTTNIg63	TTNA164	21.053	76	60	0	9	84	5	80	4.37e-04	26.9
olaTTNIg64	TTNA1	57.609	92	39	0	1	92	2	93	1.30e-39	117
olaTTNIg64	TTNA98	31.915	94	59	2	1	91	2	93	3.09e-17	61.2
olaTTNIg64	TTNA79	35.165	91	59	0	1	91	2	92	8.10e-17	60.1
olaTTNIg64	TTNA57	34.737	95	59	2	1	92	1	95	9.68e-17	59.7
olaTTNIg64	TTNA116	35.556	90	57	1	3	91	6	95	1.48e-16	59.3
olaTTNIg64	TTNA25	31.522	92	62	1	1	91	2	93	1.64e-16	59.3
olaTTNIg64	TTNA142	34.694	98	51	3	1	91	2	93	1.12e-15	57.0
olaTTNIg64	TTNA131	32.632	95	60	2	1	91	2	96	2.46e-15	56.2
olaTTNIg64	TTNA50	35.366	82	53	0	10	91	14	95	9.41e-15	54.7
olaTTNIg64	TTNA87	34.444	90	56	2	3	91	6	93	1.61e-14	53.9
olaTTNIg64	TTNA65	29.787	94	61	2	1	91	2	93	1.90e-14	53.9
olaTTNIg64	TTNA101	32.967	91	61	0	1	91	1	91	2.25e-14	53.5
olaTTNIg64	TTNA134	31.579	76	52	0	4	79	7	82	3.84e-14	53.1
olaTTNIg64	TTNA72	33.333	90	59	1	3	91	6	95	4.57e-14	53.1
olaTTNIg64	TTNA145	31.579	95	62	1	1	92	1	95	1.58e-13	51.6
olaTTNIg64	TTNA123	31.818	88	60	0	4	91	8	95	1.65e-13	51.6
olaTTNIg64	TTNA120	27.660	94	63	2	1	91	1	92	3.26e-13	50.8
olaTTNIg64	TTNA138	29.630	81	57	0	10	90	14	94	4.76e-13	50.4
olaTTNIg64	TTNA149	31.579	95	61	2	1	91	2	96	8.99e-13	49.7
olaTTNIg64	TTNA39	29.032	93	61	3	1	88	2	94	1.16e-12	49.3
olaTTNIg64	TTNA36	28.889	90	63	1	3	91	6	95	1.43e-12	49.3
olaTTNIg64	TTNA90	27.027	74	54	0	15	88	15	88	3.21e-12	48.1
olaTTNIg64	TTNA105	31.522	92	61	2	2	91	5	96	6.38e-12	47.4
olaTTNIg64	TTNA32	26.596	94	66	1	1	91	2	95	9.41e-12	47.0
olaTTNIg64	TTNA54	30.928	97	58	4	1	91	2	95	1.22e-11	46.6
olaTTNIg64	TTNA15	32.323	99	56	3	3	91	5	102	1.34e-11	47.0
olaTTNIg64	TTNA68	26.882	93	65	2	1	90	1	93	1.51e-11	46.6
olaTTNIg64	TTNA156	28.723	94	64	1	1	91	1	94	2.94e-11	45.8
olaTTNIg64	TTNA83	28.571	91	64	1	2	91	5	95	3.17e-11	45.8
olaTTNIg64	TTNA109	32.222	90	58	2	3	91	6	93	3.98e-11	45.4
olaTTNIg64	TTNA76	29.348	92	58	3	3	91	6	93	4.93e-11	45.1
olaTTNIg64	TTNA112	24.176	91	69	0	1	91	1	91	7.68e-11	44.7
olaTTNIg64	TTNA29	29.870	77	52	1	15	91	19	93	1.13e-10	44.3
olaTTNIg64	TTNI106	29.787	94	64	1	1	92	1	94	1.22e-10	44.3
olaTTNIg64	TTNA160	28.235	85	59	1	8	92	11	93	2.84e-10	43.1
olaTTNIg64	TTNA11	29.787	94	60	2	3	90	8	101	8.60e-10	42.0
olaTTNIg64	TTNA43	32.990	97	55	3	1	91	2	94	1.23e-09	41.6
olaTTNIg64	TTNA94	28.571	91	64	1	2	91	4	94	1.63e-09	41.2
olaTTNIg64	TTNA46	29.670	91	64	0	1	91	1	91	2.00e-09	40.8
olaTTNIg64	TTNA18	29.293	99	62	3	1	92	2	99	3.75e-09	40.4
olaTTNIg64	TTNA61	34.375	64	42	0	28	91	33	96	5.09e-09	40.0
olaTTNIg64	TTNA153	31.522	92	56	2	4	90	2	91	7.56e-09	39.3
olaTTNIg64	TTNI107	27.273	77	56	0	15	91	19	95	8.15e-09	39.3
olaTTNIg64	TTNA127	24.468	94	68	1	1	91	1	94	8.44e-09	39.3
olaTTNIg64	TTNA165	27.273	77	55	1	15	90	18	94	1.22e-08	38.9
olaTTNIg64	TTNA169	25.000	80	57	2	13	90	20	98	3.36e-06	32.7
olaTTNIg64	TTNA8	26.250	80	58	1	12	91	16	94	6.86e-06	31.6
olaTTNIg64	TTNA164	23.750	80	61	0	1	80	1	80	1.93e-05	30.4
olaTTNIg64	TTNA4	23.853	109	54	3	12	91	12	120	3.80e-04	27.3
olaTTNIg64	TTNA168	24.615	65	47	1	28	90	28	92	6.98e-04	26.2
olaTTNIg64	TTNA22	23.333	90	66	2	3	91	6	93	0.001	25.8
olaTTNIg66	TTNA8	56.842	95	41	0	1	95	1	95	5.84e-37	111
olaTTNIg66	TTNA32	43.750	96	53	1	1	95	1	96	1.20e-27	87.8
olaTTNIg66	TTNA109	41.053	95	55	1	1	95	1	94	2.58e-23	76.6
olaTTNIg66	TTNA76	40.000	95	56	1	1	95	1	94	9.22e-22	72.8
olaTTNIg66	TTNA138	41.837	98	52	3	1	95	1	96	6.54e-21	70.5
olaTTNIg66	TTNA39	43.529	85	45	1	14	95	12	96	2.47e-20	68.9
olaTTNIg66	TTNA36	36.458	96	60	1	1	95	1	96	5.01e-20	68.2
olaTTNIg66	TTNA15	36.893	103	56	1	2	95	1	103	6.44e-20	68.2
olaTTNIg66	TTNA149	38.144	97	58	2	1	95	1	97	1.06e-19	67.4
olaTTNIg66	TTNA153	40.426	94	55	1	2	95	1	93	1.26e-19	67.4
olaTTNIg66	TTNA116	33.333	96	63	1	1	95	1	96	3.67e-19	66.2
olaTTNIg66	TTNA46	40.964	83	48	1	14	95	10	92	8.37e-19	65.1
olaTTNIg66	TTNA61	35.417	96	60	2	2	95	2	97	3.03e-18	63.9
olaTTNIg66	TTNI107	37.895	95	58	1	2	95	2	96	3.09e-18	63.9
olaTTNIg66	TTNA87	37.234	94	58	1	2	95	2	94	3.14e-18	63.5
olaTTNIg66	TTNA65	36.170	94	59	1	2	95	2	94	1.23e-17	62.0
olaTTNIg66	TTNA22	31.915	94	63	1	2	95	2	94	3.46e-17	60.8
olaTTNIg66	TTNA94	29.474	95	66	1	2	95	1	95	6.17e-17	60.5
olaTTNIg66	TTNA50	37.500	96	59	1	1	95	1	96	9.45e-17	60.1
olaTTNIg66	TTNA98	34.043	94	61	1	2	95	2	94	1.37e-16	59.7
olaTTNIg66	TTNA43	32.632	95	64	0	1	95	1	95	5.83e-16	57.8
olaTTNIg66	TTNA160	31.183	93	63	1	2	94	1	92	7.78e-16	57.4
olaTTNIg66	TTNA11	34.615	104	58	3	1	95	1	103	9.51e-16	57.8
olaTTNIg66	TTNA25	33.333	96	61	2	1	95	1	94	9.90e-16	57.4
olaTTNIg66	TTNA72	34.737	95	61	1	2	95	2	96	1.42e-15	57.0
olaTTNIg66	TTNA131	36.458	96	59	2	2	95	2	97	1.45e-15	57.0
olaTTNIg66	TTNA54	34.375	96	62	1	1	95	1	96	2.24e-15	56.6
olaTTNIg66	TTNA83	29.167	96	67	1	1	95	1	96	2.47e-15	56.2
olaTTNIg66	TTNA105	31.250	96	64	1	2	95	2	97	2.50e-15	56.2
olaTTNIg66	TTNA142	34.043	94	61	1	2	95	2	94	4.18e-15	55.8
olaTTNIg66	TTNA101	35.294	85	54	1	12	95	8	92	7.32e-15	55.1
olaTTNIg66	TTNA79	36.458	96	57	2	1	95	1	93	2.41e-14	53.9
olaTTNIg66	TTNA127	31.183	93	59	2	4	95	7	95	5.09e-14	53.1
olaTTNIg66	TTNA123	30.208	96	66	1	1	95	1	96	1.03e-13	52.4
olaTTNIg66	TTNA29	34.375	96	60	2	1	95	1	94	1.08e-13	52.0
olaTTNIg66	TTNA120	29.787	94	65	1	2	95	1	93	6.64e-13	50.1
olaTTNIg66	TTNA68	34.940	83	53	1	2	83	1	83	7.40e-13	50.1
olaTTNIg66	TTNA1	36.585	82	51	1	14	94	11	92	4.43e-12	47.8
olaTTNIg66	TTNA90	33.333	81	53	1	16	95	12	92	6.37e-11	45.1
olaTTNIg66	TTNA57	32.432	74	47	2	22	94	23	94	6.84e-11	45.1
olaTTNIg66	TTNA112	31.579	95	61	2	2	95	1	92	2.31e-10	43.5
olaTTNIg66	TTNA145	33.333	87	56	2	10	94	8	94	2.53e-10	43.5
olaTTNIg66	TTNA156	25.263	95	70	1	2	95	1	95	1.73e-09	41.2
olaTTNIg66	TTNA4	28.448	116	53	3	10	95	6	121	5.05e-09	40.4
olaTTNIg66	TTNA165	30.380	79	53	2	19	95	18	96	8.07e-09	39.7
olaTTNIg66	TTNA168	29.348	92	61	2	5	93	2	92	1.93e-08	38.5
olaTTNIg66	TTNA169	26.582	79	56	1	19	95	22	100	5.70e-08	37.4
olaTTNIg66	TTNA164	27.941	68	48	1	17	83	13	80	9.39e-08	36.6
olaTTNIg66	TTNA18	25.490	102	64	3	1	94	1	98	4.46e-07	35.0
olaTTNIg66	TTNA134	23.457	81	61	1	2	81	1	81	8.81e-06	31.6
olaTTNIg66	TTNI106	22.989	87	66	1	9	94	7	93	5.59e-04	26.6
olaTTNIg67	TTNA11	38.835	103	62	1	1	103	2	103	1.96e-24	80.1
olaTTNIg67	TTNI107	34.444	90	52	2	14	103	14	96	3.42e-16	58.9
olaTTNIg67	TTNA83	34.951	103	59	3	1	103	2	96	2.59e-15	56.6
olaTTNIg67	TTNA46	31.959	97	59	1	7	103	3	92	6.78e-14	52.8
olaTTNIg67	TTNA72	32.039	103	62	3	1	103	2	96	1.51e-13	52.0
olaTTNIg67	TTNA68	32.653	98	59	2	6	103	5	95	3.10e-13	51.2
olaTTNIg67	TTNA79	31.522	92	56	2	12	103	9	93	1.26e-12	49.7
olaTTNIg67	TTNA50	28.889	90	57	1	14	103	14	96	1.99e-12	49.3
olaTTNIg67	TTNA138	33.696	92	54	2	12	103	12	96	3.52e-12	48.5
olaTTNIg67	TTNA94	30.097	103	64	2	1	103	1	95	4.81e-12	48.1
olaTTNIg67	TTNA1	28.723	94	60	2	9	102	6	92	1.08e-11	47.4
olaTTNIg67	TTNA127	30.097	103	64	2	1	103	1	95	1.44e-11	47.0
olaTTNIg67	TTNA39	30.108	93	60	1	11	103	9	96	2.23e-11	46.6
olaTTNIg67	TTNA65	31.868	91	53	2	13	103	13	94	2.85e-11	46.2
olaTTNIg67	TTNA116	28.261	92	59	1	12	103	12	96	3.88e-11	45.8
olaTTNIg67	TTNA8	28.889	90	56	2	14	103	14	95	7.54e-11	45.1
olaTTNIg67	TTNA36	33.696	92	54	1	12	103	12	96	8.30e-11	45.1
olaTTNIg67	TTNA123	30.612	98	61	2	6	103	6	96	8.66e-11	45.1
olaTTNIg67	TTNA32	26.667	90	59	2	14	103	14	96	9.64e-11	44.7
olaTTNIg67	TTNA25	28.261	92	59	2	12	103	10	94	1.05e-10	44.7
olaTTNIg67	TTNA156	30.612	98	61	2	6	103	5	95	2.22e-10	43.9
olaTTNIg67	TTNA160	34.831	89	49	2	14	102	13	92	2.73e-10	43.5
olaTTNIg67	TTNA101	30.435	92	57	2	12	103	8	92	2.73e-10	43.5
olaTTNIg67	TTNA105	30.435	92	58	1	12	103	12	97	2.98e-10	43.5
olaTTNIg67	TTNA112	29.897	97	55	3	9	103	7	92	6.21e-10	42.7
olaTTNIg67	TTNA90	28.421	95	59	4	9	103	7	92	9.61e-10	42.0
olaTTNIg67	TTNA120	28.571	91	56	1	13	103	12	93	2.47e-09	41.2
olaTTNIg67	TTNA22	33.333	90	51	2	14	103	14	94	2.52e-09	41.2
olaTTNIg67	TTNA149	27.368	95	62	1	9	103	10	97	2.90e-09	40.8
olaTTNIg67	TTNA153	29.348	92	54	2	13	103	12	93	3.86e-09	40.4
olaTTNIg67	TTNA54	29.670	91	57	2	13	103	13	96	7.96e-09	39.7
olaTTNIg67	TTNA87	26.667	90	57	1	14	103	14	94	8.09e-09	39.7
olaTTNIg67	TTNA109	28.889	90	55	2	14	103	14	94	1.20e-08	39.3
olaTTNIg67	TTNA61	27.473	91	58	2	14	103	14	97	1.26e-08	39.3
olaTTNIg67	TTNA142	29.126	103	63	2	1	103	2	94	1.95e-08	38.9
olaTTNIg67	TTNA134	23.684	76	51	1	14	89	13	81	3.44e-08	38.1
olaTTNIg67	TTNA76	23.333	90	60	1	14	103	14	94	4.94e-08	37.7
olaTTNIg67	TTNA98	28.889	90	55	2	14	103	14	94	5.26e-08	37.7
olaTTNIg67	TTNA15	25.806	93	68	1	12	103	11	103	1.22e-07	37.0
olaTTNIg67	TTNA18	26.966	89	61	2	16	102	12	98	1.64e-07	36.6
olaTTNIg67	TTNA4	26.891	119	65	3	7	103	3	121	4.42e-07	35.8
olaTTNIg67	TTNA43	28.889	90	56	2	14	103	14	95	4.86e-07	35.0
olaTTNIg67	TTNA29	27.273	88	55	1	16	103	16	94	5.48e-07	35.0
olaTTNIg67	TTNA131	26.087	92	60	3	13	103	13	97	9.10e-07	34.3
olaTTNIg67	TTNA145	26.966	89	58	2	14	102	13	94	2.83e-06	33.1
olaTTNIg67	TTNI106	33.898	59	32	2	30	88	28	79	5.49e-06	32.3
olaTTNIg67	TTNA57	26.027	73	47	2	30	102	29	94	7.36e-06	32.0
olaTTNIg67	TTNA165	22.093	86	59	3	19	103	18	96	1.74e-05	30.8
olaTTNIg67	TTNA169	22.989	87	59	2	18	103	21	100	7.76e-04	26.6
olaTTNIg67	TTNA164	25.926	27	20	0	14	40	10	36	0.002	25.4
olaTTNIg67	TTNA168	25.926	27	20	0	14	40	10	36	0.14	20.0
olaTTNnewIg_1104/1104	TTNA15	41.346	104	60	1	1	104	1	103	1.77e-33	102
olaTTNnewIg_1104/1104	TTNA43	37.500	104	55	2	1	104	2	95	6.13e-18	63.2
olaTTNnewIg_1104/1104	TTNI107	36.538	104	57	1	1	104	2	96	3.84e-17	61.2
olaTTNnewIg_1104/1104	TTNA65	31.731	104	60	2	1	104	2	94	7.16e-17	60.5
olaTTNnewIg_1104/1104	TTNA22	34.615	104	57	2	1	104	2	94	3.84e-15	56.2
olaTTNnewIg_1104/1104	TTNA8	31.731	104	61	1	1	104	2	95	8.29e-15	55.5
olaTTNnewIg_1104/1104	TTNA32	36.538	104	57	3	1	104	2	96	2.63e-14	53.9
olaTTNnewIg_1104/1104	TTNA61	34.906	106	57	3	1	104	2	97	3.57e-14	53.5
olaTTNnewIg_1104/1104	TTNA116	28.846	104	65	2	1	104	2	96	5.25e-14	53.1
olaTTNnewIg_1104/1104	TTNA83	27.885	104	66	2	1	104	2	96	4.02e-13	50.8
olaTTNnewIg_1104/1104	TTNA109	28.846	104	63	1	1	104	2	94	5.31e-13	50.4
olaTTNnewIg_1104/1104	TTNA36	32.381	105	60	2	1	104	2	96	8.36e-13	50.1
olaTTNnewIg_1104/1104	TTNA142	24.038	104	68	1	1	104	2	94	2.61e-12	48.9
olaTTNnewIg_1104/1104	TTNA131	30.841	107	60	4	1	104	2	97	3.23e-12	48.5
olaTTNnewIg_1104/1104	TTNA94	25.962	104	68	2	1	104	1	95	3.45e-12	48.5
olaTTNnewIg_1104/1104	TTNA138	28.846	104	65	3	1	104	2	96	5.47e-12	48.1
olaTTNnewIg_1104/1104	TTNA87	27.885	104	64	2	1	104	2	94	1.14e-11	47.0
olaTTNnewIg_1104/1104	TTNA50	35.135	111	49	5	1	104	2	96	2.50e-11	46.2
olaTTNnewIg_1104/1104	TTNA149	31.429	105	62	2	1	104	2	97	2.70e-11	46.2
olaTTNnewIg_1104/1104	TTNA29	27.885	104	64	1	1	104	2	94	4.38e-11	45.8
olaTTNnewIg_1104/1104	TTNA145	29.808	104	62	2	1	103	1	94	5.03e-11	45.4
olaTTNnewIg_1104/1104	TTNA54	28.846	104	65	1	1	104	2	96	5.41e-11	45.4
olaTTNnewIg_1104/1104	TTNA76	25.000	104	67	1	1	104	2	94	5.78e-11	45.4
olaTTNnewIg_1104/1104	TTNA153	27.778	90	54	2	15	104	15	93	6.24e-11	45.1
olaTTNnewIg_1104/1104	TTNA39	29.000	100	64	2	5	104	4	96	9.33e-11	44.7
olaTTNnewIg_1104/1104	TTNA98	28.846	104	63	3	1	104	2	94	3.09e-10	43.5
olaTTNnewIg_1104/1104	TTNA72	29.808	104	64	3	1	104	2	96	6.23e-10	42.7
olaTTNnewIg_1104/1104	TTNA127	25.000	104	69	2	1	104	1	95	6.37e-10	42.7
olaTTNnewIg_1104/1104	TTNA105	25.962	104	69	2	1	104	2	97	8.83e-10	42.4
olaTTNnewIg_1104/1104	TTNA11	29.464	112	61	4	1	104	2	103	1.73e-09	41.6
olaTTNnewIg_1104/1104	TTNA160	22.330	103	69	1	1	103	1	92	2.20e-09	41.2
olaTTNnewIg_1104/1104	TTNA46	29.213	89	54	2	16	104	13	92	1.01e-08	39.3
olaTTNnewIg_1104/1104	TTNA25	29.245	106	60	4	1	104	2	94	3.07e-08	38.1
olaTTNnewIg_1104/1104	TTNA18	26.263	99	67	2	7	103	4	98	7.69e-08	37.4
olaTTNnewIg_1104/1104	TTNA123	26.087	92	59	3	13	104	14	96	8.74e-08	37.0
olaTTNnewIg_1104/1104	TTNA120	24.038	104	68	1	1	104	1	93	9.62e-08	37.0
olaTTNnewIg_1104/1104	TTNA101	25.962	104	65	2	1	104	1	92	9.97e-08	37.0
olaTTNnewIg_1104/1104	TTNA68	29.032	93	57	1	1	93	1	84	1.87e-07	36.2
olaTTNnewIg_1104/1104	TTNA79	27.273	88	55	1	17	104	15	93	2.23e-07	35.8
olaTTNnewIg_1104/1104	TTNI106	32.184	87	49	2	4	89	2	79	4.14e-06	32.7
olaTTNnewIg_1104/1104	TTNA90	28.866	97	46	5	15	104	12	92	6.29e-06	32.0
olaTTNnewIg_1104/1104	TTNA1	26.000	100	64	4	4	103	3	92	7.61e-06	32.0
olaTTNnewIg_1104/1104	TTNA156	21.154	104	73	3	1	104	1	95	3.26e-05	30.0
olaTTNnewIg_1104/1104	TTNA57	25.287	87	51	4	11	94	10	85	4.00e-05	30.0
olaTTNnewIg_1104/1104	TTNA165	41.667	24	14	0	14	37	14	37	8.13e-05	29.3
olaTTNnewIg_1104/1104	TTNA169	25.000	88	56	2	18	104	22	100	5.24e-04	26.9
olaTTNnewIg_1104/1104	TTNA164	31.818	22	15	0	16	37	13	34	0.001	25.8
olaTTNnewIg_1104/1104	TTNA112	28.571	91	52	3	16	104	13	92	0.003	25.0
olaTTNnewIg_1104/1104	TTNA4	32.432	37	21	1	1	37	2	34	0.005	24.3
olaTTNnewIg_1104/1104	TTNA134	21.429	70	46	2	16	85	16	76	0.035	21.9
olaTTNnewIg_1104/1104	TTNA168	63.636	11	4	0	27	37	24	34	0.40	18.9
olaTTNIg68	TTNA18	67.347	98	32	0	1	98	2	99	1.53e-51	148
olaTTNIg68	TTNA32	31.683	101	58	2	1	97	2	95	1.02e-13	52.4
olaTTNIg68	TTNA46	29.897	97	61	1	1	97	2	91	1.41e-12	49.3
olaTTNIg68	TTNA50	27.083	96	63	1	2	97	7	95	2.70e-11	46.2
olaTTNIg68	TTNA127	29.474	95	60	2	3	97	7	94	6.95e-11	45.1
olaTTNIg68	TTNA1	30.233	86	53	2	13	98	15	93	8.72e-11	44.7
olaTTNIg68	TTNA43	28.713	101	60	2	1	97	2	94	1.96e-10	43.9
olaTTNIg68	TTNA131	29.670	91	53	2	1	87	2	85	2.35e-10	43.5
olaTTNIg68	TTNA39	25.263	95	66	1	3	97	6	95	3.17e-10	43.1
olaTTNIg68	TTNA120	26.596	94	60	3	4	97	8	92	5.79e-10	42.7
olaTTNIg68	TTNA4	27.731	119	64	3	1	97	2	120	7.62e-10	42.7
olaTTNIg68	TTNA65	28.723	94	58	2	4	97	9	93	8.14e-10	42.4
olaTTNIg68	TTNA160	28.431	102	60	3	1	98	1	93	8.98e-10	42.0
olaTTNIg68	TTNA36	29.703	101	60	3	1	97	2	95	1.50e-09	41.6
olaTTNIg68	TTNA142	29.762	84	50	2	14	97	19	93	2.10e-09	41.2
olaTTNIg68	TTNA15	26.531	98	67	2	3	97	7	102	2.43e-09	41.2
olaTTNIg68	TTNI107	28.421	95	61	1	3	97	8	95	3.13e-09	40.8
olaTTNIg68	TTNA101	27.907	86	55	1	12	97	13	91	4.04e-09	40.4
olaTTNIg68	TTNA29	28.713	101	59	3	1	97	2	93	6.22e-09	40.0
olaTTNIg68	TTNA138	27.586	87	52	2	12	96	17	94	8.51e-09	39.7
olaTTNIg68	TTNA11	26.214	103	66	4	1	96	2	101	1.06e-08	39.7
olaTTNIg68	TTNA116	25.263	95	64	1	3	97	8	95	2.33e-08	38.5
olaTTNIg68	TTNA87	27.368	95	60	3	3	97	8	93	3.26e-08	38.1
olaTTNIg68	TTNA22	29.762	84	50	2	14	97	19	93	3.70e-08	37.7
olaTTNIg68	TTNA72	29.703	101	60	4	1	97	2	95	4.12e-08	37.7
olaTTNIg68	TTNA61	28.000	75	47	1	23	97	29	96	6.20e-08	37.4
olaTTNIg68	TTNA153	23.656	93	62	2	4	96	8	91	1.17e-07	36.6
olaTTNIg68	TTNA79	25.000	84	56	1	14	97	16	92	1.41e-07	36.2
olaTTNIg68	TTNA90	27.381	84	54	1	14	97	15	91	1.55e-07	36.2
olaTTNIg68	TTNA8	27.723	101	61	3	1	97	2	94	2.82e-07	35.4
olaTTNIg68	TTNA109	25.743	101	62	3	1	97	2	93	3.81e-07	35.0
olaTTNIg68	TTNA169	28.235	85	53	2	13	96	21	98	5.49e-07	35.0
olaTTNIg68	TTNA105	29.870	77	48	1	21	97	26	96	9.73e-07	34.3
olaTTNIg68	TTNA76	24.752	101	63	3	1	97	2	93	1.50e-06	33.5
olaTTNIg68	TTNA68	26.506	83	54	1	14	96	18	93	1.68e-06	33.5
olaTTNIg68	TTNA94	27.273	77	49	1	21	97	25	94	2.00e-06	33.5
olaTTNIg68	TTNA83	28.571	84	53	2	14	97	19	95	2.53e-06	33.1
olaTTNIg68	TTNA149	23.529	102	66	2	1	97	2	96	3.00e-06	32.7
olaTTNIg68	TTNA25	22.105	95	67	1	3	97	6	93	3.40e-06	32.7
olaTTNIg68	TTNA98	28.421	95	57	3	4	97	9	93	4.18e-06	32.3
olaTTNIg68	TTNI106	28.713	101	62	3	1	98	1	94	5.54e-06	32.0
olaTTNIg68	TTNA57	24.675	77	49	2	23	98	27	95	1.07e-05	31.6
olaTTNIg68	TTNA156	23.762	101	66	2	1	97	1	94	1.24e-05	31.2
olaTTNIg68	TTNA54	22.340	94	66	1	4	97	9	95	2.46e-05	30.4
olaTTNIg68	TTNA112	25.333	75	49	1	23	97	24	91	1.24e-04	28.5
olaTTNIg68	TTNA145	21.505	93	66	1	6	98	10	95	2.06e-04	28.1
olaTTNIg68	TTNA123	18.812	101	71	2	1	97	2	95	2.77e-04	27.7
olaTTNIg68	TTNA164	24.706	85	55	3	11	94	12	88	2.93e-04	27.3
olaTTNIg68	TTNA134	17.647	102	73	2	1	98	1	95	7.43e-04	26.6
olaTTNIg68	TTNA165	27.273	33	24	0	1	33	5	37	0.11	20.4
olaTTNIg68	TTNA168	20.988	81	59	1	16	96	17	92	0.12	20.4
olaTTNIg69	TTNA22	62.366	93	35	0	1	93	2	94	7.81e-42	123
olaTTNIg69	TTNA15	39.806	103	52	1	1	93	1	103	4.70e-24	78.6
olaTTNIg69	TTNA65	39.785	93	56	0	1	93	2	94	3.18e-23	76.3
olaTTNIg69	TTNA142	39.785	93	56	0	1	93	2	94	6.83e-23	75.5
olaTTNIg69	TTNA72	41.053	95	54	1	1	93	2	96	2.87e-22	73.9
olaTTNIg69	TTNA98	38.710	93	57	0	1	93	2	94	3.51e-22	73.6
olaTTNIg69	TTNA116	37.895	95	57	1	1	93	2	96	5.41e-22	73.2
olaTTNIg69	TTNA109	37.634	93	58	0	1	93	2	94	1.50e-21	72.0
olaTTNIg69	TTNA105	40.625	96	54	1	1	93	2	97	2.03e-21	71.6
olaTTNIg69	TTNA32	42.105	95	53	1	1	93	2	96	1.39e-20	69.7
olaTTNIg69	TTNA36	41.053	95	54	1	1	93	2	96	2.56e-20	68.9
olaTTNIg69	TTNA87	35.484	93	60	0	1	93	2	94	2.80e-20	68.9
olaTTNIg69	TTNA153	35.484	93	60	0	1	93	1	93	9.99e-20	67.4
olaTTNIg69	TTNA76	34.409	93	61	0	1	93	2	94	1.08e-19	67.4
olaTTNIg69	TTNA138	36.842	95	58	1	1	93	2	96	2.14e-19	66.6
olaTTNIg69	TTNA29	34.409	93	61	0	1	93	2	94	6.83e-18	62.8
olaTTNIg69	TTNA83	34.737	95	60	1	1	93	2	96	9.94e-18	62.4
olaTTNIg69	TTNA43	37.234	94	58	1	1	93	2	95	1.08e-17	62.4
olaTTNIg69	TTNA8	38.298	94	57	1	1	93	2	95	5.22e-17	60.5
olaTTNIg69	TTNA160	34.783	92	60	0	1	92	1	92	1.14e-16	59.7
olaTTNIg69	TTNA61	35.417	96	59	2	1	93	2	97	2.37e-16	58.9
olaTTNIg69	TTNA131	34.375	96	60	2	1	93	2	97	3.25e-16	58.5
olaTTNIg69	TTNA149	37.500	96	57	2	1	93	2	97	5.83e-16	57.8
olaTTNIg69	TTNA68	38.947	95	56	1	1	93	1	95	9.57e-16	57.4
olaTTNIg69	TTNA94	32.632	95	62	1	1	93	1	95	1.24e-15	57.0
olaTTNIg69	TTNA50	32.632	95	62	1	1	93	2	96	1.84e-15	56.6
olaTTNIg69	TTNA46	36.471	85	52	1	11	93	8	92	3.21e-15	55.8
olaTTNIg69	TTNA54	32.632	95	62	1	1	93	2	96	3.44e-15	55.8
olaTTNIg69	TTNA120	32.258	93	63	0	1	93	1	93	4.90e-15	55.5
olaTTNIg69	TTNA101	38.272	81	48	1	15	93	12	92	1.53e-14	54.3
olaTTNIg69	TTNA39	36.559	93	55	1	5	93	4	96	2.69e-14	53.5
olaTTNIg69	TTNA127	31.579	95	63	1	1	93	1	95	2.54e-13	51.2
olaTTNIg69	TTNA123	32.632	95	62	1	1	93	2	96	1.43e-12	49.3
olaTTNIg69	TTNA57	26.596	94	67	1	1	92	1	94	3.35e-12	48.1
olaTTNIg69	TTNI107	30.526	95	64	1	1	93	2	96	2.06e-11	46.2
olaTTNIg69	TTNA156	30.526	95	64	1	1	93	1	95	7.64e-11	44.7
olaTTNIg69	TTNA79	32.530	83	54	1	13	93	11	93	8.53e-11	44.7
olaTTNIg69	TTNA145	34.043	94	60	1	1	92	1	94	8.69e-11	44.7
olaTTNIg69	TTNA11	32.353	102	60	3	1	93	2	103	1.53e-10	44.3
olaTTNIg69	TTNA90	33.333	81	52	1	15	93	12	92	2.29e-10	43.5
olaTTNIg69	TTNA112	33.333	81	52	1	15	93	12	92	3.05e-09	40.4
olaTTNIg69	TTNA169	30.928	97	62	3	2	93	4	100	1.16e-08	39.3
olaTTNIg69	TTNA134	28.395	81	56	1	1	79	1	81	2.44e-08	38.1
olaTTNIg69	TTNA18	30.108	93	56	2	9	92	6	98	3.82e-08	37.7
olaTTNIg69	TTNA1	28.723	94	62	2	1	92	2	92	4.79e-08	37.4
olaTTNIg69	TTNA25	23.158	95	69	2	1	93	2	94	1.81e-07	35.8
olaTTNIg69	TTNA165	26.042	96	68	2	1	93	1	96	2.12e-07	35.8
olaTTNIg69	TTNI106	31.183	93	57	3	1	91	1	88	2.14e-07	35.8
olaTTNIg69	TTNA164	23.944	71	52	1	13	81	10	80	3.76e-05	29.6
olaTTNIg69	TTNA4	33.929	56	29	1	15	70	12	59	8.09e-05	29.3
olaTTNIg69	TTNA168	24.658	73	51	1	23	91	20	92	0.001	25.8
olaTTNIg69	TTNA168	40.000	30	12	1	6	35	69	92	8.8	15.0
olaTTNIg70	TTNA25	58.511	94	39	0	1	94	1	94	2.57e-40	119
olaTTNIg70	TTNA134	33.696	92	51	2	5	92	2	87	1.35e-17	62.0
olaTTNIg70	TTNA83	35.417	96	60	1	1	94	1	96	1.73e-17	62.0
olaTTNIg70	TTNA36	34.375	96	61	1	1	94	1	96	7.84e-17	60.1
olaTTNIg70	TTNA94	35.789	95	59	1	2	94	1	95	2.88e-16	58.5
olaTTNIg70	TTNA138	31.250	96	64	1	1	94	1	96	6.22e-16	57.8
olaTTNIg70	TTNA131	31.250	96	63	2	2	94	2	97	1.53e-15	57.0
olaTTNIg70	TTNA127	31.579	95	63	1	2	94	1	95	1.92e-15	56.6
olaTTNIg70	TTNA76	36.458	96	57	3	1	94	1	94	3.33e-15	55.8
olaTTNIg70	TTNA98	35.789	95	57	3	2	94	2	94	3.40e-15	55.8
olaTTNIg70	TTNA1	33.696	92	60	1	2	93	2	92	1.24e-14	54.3
olaTTNIg70	TTNA8	35.417	96	59	2	1	94	1	95	1.48e-14	54.3
olaTTNIg70	TTNI107	34.247	73	48	0	22	94	24	96	6.32e-14	52.8
olaTTNIg70	TTNA65	32.632	95	60	2	2	94	2	94	7.19e-14	52.4
olaTTNIg70	TTNA72	29.474	95	65	1	2	94	2	96	1.05e-13	52.0
olaTTNIg70	TTNA22	31.579	95	61	2	2	94	2	94	1.14e-13	52.0
olaTTNIg70	TTNA116	29.167	96	66	1	1	94	1	96	1.73e-13	51.6
olaTTNIg70	TTNA32	28.125	96	67	1	1	94	1	96	1.99e-13	51.6
olaTTNIg70	TTNA39	29.474	95	65	1	2	94	2	96	2.26e-13	51.2
olaTTNIg70	TTNA149	31.959	97	63	1	1	94	1	97	2.57e-13	51.2
olaTTNIg70	TTNA142	32.258	93	57	2	4	94	6	94	3.96e-13	50.4
olaTTNIg70	TTNA50	28.125	96	67	1	1	94	1	96	4.09e-13	50.4
olaTTNIg70	TTNA79	31.915	94	63	1	1	94	1	93	1.26e-12	49.3
olaTTNIg70	TTNA57	27.586	87	51	1	7	93	20	94	1.49e-12	49.3
olaTTNIg70	TTNA46	28.723	94	65	1	1	94	1	92	8.45e-12	47.0
olaTTNIg70	TTNA109	30.208	96	63	2	1	94	1	94	9.21e-12	47.0
olaTTNIg70	TTNA112	29.032	93	65	1	2	94	1	92	9.41e-12	47.0
olaTTNIg70	TTNA165	27.273	88	63	1	8	94	9	96	1.77e-11	46.6
olaTTNIg70	TTNA87	32.632	95	60	2	2	94	2	94	2.02e-11	46.2
olaTTNIg70	TTNA101	27.957	93	66	1	2	94	1	92	4.48e-11	45.4
olaTTNIg70	TTNA61	28.125	96	66	2	2	94	2	97	4.75e-11	45.4
olaTTNIg70	TTNA153	29.474	95	63	2	2	94	1	93	1.39e-10	43.9
olaTTNIg70	TTNA105	29.167	96	65	2	2	94	2	97	1.51e-10	43.9
olaTTNIg70	TTNA68	30.851	94	61	2	5	94	2	95	1.98e-10	43.5
olaTTNIg70	TTNA123	28.125	96	67	2	1	94	1	96	5.07e-10	42.7
olaTTNIg70	TTNA54	29.167	96	66	1	1	94	1	96	8.74e-10	42.0
olaTTNIg70	TTNA120	24.176	91	67	1	4	94	5	93	2.18e-09	40.8
olaTTNIg70	TTNA90	22.222	81	63	0	14	94	12	92	8.03e-09	39.3
olaTTNIg70	TTNA11	31.731	104	60	3	1	94	1	103	9.25e-09	39.7
olaTTNIg70	TTNA15	23.232	99	68	1	4	94	5	103	1.33e-08	39.3
olaTTNIg70	TTNA164	25.926	81	59	1	2	82	1	80	2.85e-08	38.1
olaTTNIg70	TTNA43	28.866	97	64	3	1	94	1	95	3.79e-08	37.7
olaTTNIg70	TTNA4	25.000	116	58	3	8	94	6	121	5.01e-08	37.7
olaTTNIg70	TTNA29	29.630	81	55	1	14	94	16	94	5.17e-08	37.4
olaTTNIg70	TTNI106	26.882	93	67	1	2	93	1	93	9.46e-08	36.6
olaTTNIg70	TTNA160	27.660	94	64	2	2	93	1	92	1.25e-07	36.2
olaTTNIg70	TTNA169	30.000	70	48	1	26	94	31	100	1.40e-07	36.2
olaTTNIg70	TTNA145	29.851	67	47	0	27	93	28	94	2.79e-07	35.4
olaTTNIg70	TTNA18	27.174	92	54	3	1	83	1	88	7.74e-07	34.3
olaTTNIg70	TTNA156	23.158	95	71	1	2	94	1	95	6.91e-06	32.0
olaTTNIg70	TTNA168	23.656	93	68	2	2	92	1	92	1.47e-05	30.8
olaTTNIg71	TTNA29	50.538	93	46	0	1	93	2	94	2.51e-29	91.7
olaTTNIg71	TTNA65	40.860	93	55	0	1	93	2	94	4.41e-23	75.9
olaTTNIg71	TTNA142	39.785	93	56	0	1	93	2	94	1.88e-21	71.6
olaTTNIg71	TTNA149	36.458	96	58	2	1	93	2	97	1.21e-17	62.4
olaTTNIg71	TTNA109	36.559	93	59	0	1	93	2	94	3.56e-17	60.8
olaTTNIg71	TTNA22	33.333	93	62	0	1	93	2	94	3.72e-17	60.8
olaTTNIg71	TTNA131	39.583	96	55	2	1	93	2	97	5.14e-17	60.5
olaTTNIg71	TTNA43	38.542	96	54	2	1	93	2	95	8.24e-17	60.1
olaTTNIg71	TTNA15	30.097	103	62	1	1	93	1	103	1.24e-16	59.7
olaTTNIg71	TTNA98	31.183	93	64	0	1	93	2	94	2.41e-16	58.9
olaTTNIg71	TTNA32	33.684	95	61	1	1	93	2	96	4.59e-16	58.2
olaTTNIg71	TTNA87	36.559	93	59	0	1	93	2	94	7.13e-16	57.8
olaTTNIg71	TTNA153	32.258	93	63	0	1	93	1	93	7.43e-16	57.4
olaTTNIg71	TTNA54	31.250	96	62	2	1	93	2	96	2.18e-15	56.2
olaTTNIg71	TTNA50	37.634	93	54	3	5	93	4	96	5.03e-15	55.5
olaTTNIg71	TTNA76	35.484	93	60	0	1	93	2	94	9.10e-15	54.7
olaTTNIg71	TTNA160	29.032	93	66	0	1	93	1	93	1.30e-14	54.3
olaTTNIg71	TTNA57	35.366	82	51	1	13	92	13	94	1.45e-14	54.3
olaTTNIg71	TTNA120	31.183	93	64	0	1	93	1	93	2.00e-13	51.2
olaTTNIg71	TTNA83	30.526	95	64	1	1	93	2	96	2.36e-13	51.2
olaTTNIg71	TTNA116	27.368	95	67	1	1	93	2	96	4.51e-13	50.4
olaTTNIg71	TTNA1	32.143	84	55	1	11	92	9	92	8.61e-13	49.7
olaTTNIg71	TTNA39	37.500	80	46	1	18	93	17	96	1.91e-12	48.9
olaTTNIg71	TTNA46	32.051	78	51	1	18	93	15	92	2.59e-12	48.5
olaTTNIg71	TTNA127	33.333	78	50	1	18	93	18	95	2.64e-12	48.5
olaTTNIg71	TTNA105	31.646	79	51	1	18	93	19	97	3.49e-12	48.1
olaTTNIg71	TTNA36	30.208	96	63	3	1	93	2	96	4.88e-12	47.8
olaTTNIg71	TTNI107	31.579	95	63	1	1	93	2	96	7.26e-12	47.4
olaTTNIg71	TTNA68	31.183	93	62	1	1	91	1	93	7.75e-12	47.4
olaTTNIg71	TTNA90	31.250	80	53	1	16	93	13	92	2.18e-11	46.2
olaTTNIg71	TTNA18	36.905	84	44	2	18	92	15	98	2.86e-11	45.8
olaTTNIg71	TTNA61	33.333	96	61	3	1	93	2	97	9.54e-11	44.7
olaTTNIg71	TTNA101	32.911	79	51	1	16	92	13	91	1.02e-10	44.3
olaTTNIg71	TTNA79	34.146	82	48	2	16	93	14	93	3.75e-10	42.7
olaTTNIg71	TTNA8	29.787	94	65	1	1	93	2	95	3.94e-10	42.7
olaTTNIg71	TTNA94	26.316	95	68	1	1	93	1	95	5.48e-10	42.4
olaTTNIg71	TTNA72	26.316	95	68	1	1	93	2	96	6.22e-10	42.4
olaTTNIg71	TTNA11	30.556	72	42	1	18	81	20	91	2.03e-09	41.2
olaTTNIg71	TTNA25	34.343	99	53	5	1	93	2	94	2.45e-09	40.8
olaTTNIg71	TTNA145	32.051	78	51	1	18	93	18	95	3.03e-09	40.4
olaTTNIg71	TTNA169	30.263	76	50	2	15	87	19	94	3.81e-09	40.4
olaTTNIg71	TTNA138	25.641	78	56	1	18	93	19	96	8.13e-09	39.7
olaTTNIg71	TTNA4	28.037	107	46	3	18	93	15	121	4.25e-08	38.1
olaTTNIg71	TTNA112	28.986	69	47	1	27	93	24	92	3.71e-07	35.0
olaTTNIg71	TTNA123	24.359	78	57	1	18	93	19	96	3.69e-06	32.3
olaTTNIg71	TTNA134	24.359	78	57	1	17	92	17	94	4.26e-06	32.3
olaTTNIg71	TTNA156	30.000	80	50	2	18	93	18	95	4.30e-06	32.3
olaTTNIg71	TTNI106	25.974	77	54	2	5	78	3	79	1.36e-04	28.1
olaTTNIg71	TTNA164	21.622	74	56	1	11	82	8	81	0.005	23.9
olaTTNIg71	TTNA168	25.000	72	50	2	19	86	16	87	0.016	22.7
olaTTNIg71	TTNA165	18.421	76	59	2	9	81	9	84	0.022	22.3
olaTTNIg72	TTNA32	59.375	96	39	0	1	96	1	96	9.86e-42	123
olaTTNIg72	TTNA116	42.708	96	55	0	1	96	1	96	1.68e-27	87.4
olaTTNIg72	TTNA65	41.053	95	54	1	2	96	2	94	6.84e-24	78.2
olaTTNIg72	TTNA83	35.417	96	62	0	1	96	1	96	5.79e-23	75.9
olaTTNIg72	TTNA94	38.947	95	58	0	2	96	1	95	1.87e-22	74.3
olaTTNIg72	TTNA61	42.708	96	54	1	2	96	2	97	6.68e-22	73.2
olaTTNIg72	TTNA72	37.895	95	59	0	2	96	2	96	2.93e-21	71.6
olaTTNIg72	TTNA15	36.190	105	55	2	2	96	1	103	5.60e-21	70.9
olaTTNIg72	TTNI107	38.947	95	58	0	2	96	2	96	1.14e-20	70.1
olaTTNIg72	TTNA131	37.500	96	59	1	2	96	2	97	1.63e-20	69.7
olaTTNIg72	TTNA105	37.500	96	59	1	2	96	2	97	3.41e-20	68.9
olaTTNIg72	TTNA8	36.458	96	60	1	1	96	1	95	1.69e-19	67.0
olaTTNIg72	TTNA142	34.737	95	60	1	2	96	2	94	3.04e-19	66.2
olaTTNIg72	TTNA76	36.458	96	59	1	1	96	1	94	4.85e-19	65.9
olaTTNIg72	TTNA160	36.170	94	58	1	2	95	1	92	6.92e-19	65.5
olaTTNIg72	TTNA29	37.500	96	58	1	1	96	1	94	1.50e-18	64.7
olaTTNIg72	TTNA109	38.542	96	57	1	1	96	1	94	2.35e-18	63.9
olaTTNIg72	TTNA43	36.082	97	59	2	1	96	1	95	1.89e-17	61.6
olaTTNIg72	TTNA138	32.292	96	65	0	1	96	1	96	2.07e-17	61.6
olaTTNIg72	TTNA39	37.634	93	56	1	6	96	4	96	2.44e-17	61.6
olaTTNIg72	TTNA98	32.632	95	62	1	2	96	2	94	3.25e-17	61.2
olaTTNIg72	TTNA25	29.167	96	66	1	1	96	1	94	5.30e-17	60.5
olaTTNIg72	TTNA50	31.250	96	66	0	1	96	1	96	6.69e-17	60.5
olaTTNIg72	TTNA120	30.526	95	64	1	2	96	1	93	8.25e-17	60.1
olaTTNIg72	TTNA149	34.021	97	63	1	1	96	1	97	5.03e-16	58.2
olaTTNIg72	TTNA46	31.765	85	58	0	12	96	8	92	6.33e-16	57.8
olaTTNIg72	TTNA36	32.292	96	65	0	1	96	1	96	1.05e-15	57.4
olaTTNIg72	TTNA54	31.250	96	66	0	1	96	1	96	1.41e-15	57.0
olaTTNIg72	TTNA1	29.787	94	63	1	2	95	2	92	3.08e-15	56.2
olaTTNIg72	TTNA101	32.099	81	55	0	16	96	12	92	3.99e-15	55.8
olaTTNIg72	TTNA79	31.250	96	63	1	1	96	1	93	4.97e-15	55.5
olaTTNIg72	TTNA127	27.368	95	69	0	2	96	1	95	6.89e-14	52.8
olaTTNIg72	TTNA22	30.526	95	64	1	2	96	2	94	9.73e-14	52.4
olaTTNIg72	TTNA112	34.568	81	53	0	16	96	12	92	1.53e-13	51.6
olaTTNIg72	TTNA68	30.120	83	58	0	14	96	13	95	3.37e-13	50.8
olaTTNIg72	TTNA87	30.526	95	64	1	2	96	2	94	3.79e-13	50.8
olaTTNIg72	TTNA57	29.032	93	64	1	5	95	2	94	3.96e-13	50.8
olaTTNIg72	TTNA11	32.075	106	59	3	1	96	1	103	1.04e-12	49.7
olaTTNIg72	TTNA153	27.368	95	67	1	2	96	1	93	9.39e-12	47.0
olaTTNIg72	TTNA90	29.630	81	57	0	16	96	12	92	1.46e-11	46.6
olaTTNIg72	TTNA145	31.707	82	56	0	14	95	13	94	4.35e-11	45.4
olaTTNIg72	TTNA18	28.431	102	62	3	1	95	1	98	1.67e-10	43.9
olaTTNIg72	TTNA123	25.000	96	72	0	1	96	1	96	1.75e-10	43.9
olaTTNIg72	TTNA156	28.421	95	68	0	2	96	1	95	1.83e-10	43.9
olaTTNIg72	TTNA165	29.167	96	67	1	2	96	1	96	3.02e-09	40.8
olaTTNIg72	TTNA164	26.316	76	56	0	9	84	5	80	1.79e-08	38.5
olaTTNIg72	TTNA168	31.169	77	51	2	11	85	7	83	1.48e-07	36.2
olaTTNIg72	TTNA134	25.263	95	67	2	5	97	2	94	1.65e-07	36.2
olaTTNIg72	TTNI106	27.660	94	67	1	2	95	1	93	2.25e-07	35.8
olaTTNIg72	TTNA4	28.571	112	51	2	14	96	10	121	3.33e-07	35.8
olaTTNIg72	TTNA169	30.769	78	51	2	19	93	22	99	4.65e-07	35.0
olaTTNIg73	TTNA36	57.292	96	41	0	1	96	1	96	2.25e-42	125
olaTTNIg73	TTNI107	45.263	95	52	0	2	96	2	96	2.32e-23	77.0
olaTTNIg73	TTNA109	37.500	96	58	1	1	96	1	94	5.98e-22	73.2
olaTTNIg73	TTNA116	37.500	96	60	0	1	96	1	96	1.38e-21	72.4
olaTTNIg73	TTNA39	41.489	94	53	1	5	96	3	96	2.23e-21	71.6
olaTTNIg73	TTNA22	38.776	98	52	2	2	96	2	94	4.12e-21	71.2
olaTTNIg73	TTNA8	39.583	96	57	1	1	96	1	95	1.23e-20	69.7
olaTTNIg73	TTNA25	37.500	96	58	1	1	96	1	94	3.02e-20	68.9
olaTTNIg73	TTNA83	36.458	96	61	0	1	96	1	96	4.17e-20	68.6
olaTTNIg73	TTNA65	38.947	95	56	1	2	96	2	94	5.81e-20	68.2
olaTTNIg73	TTNA131	35.417	96	61	1	2	96	2	97	9.07e-20	67.8
olaTTNIg73	TTNA76	40.206	97	54	3	1	96	1	94	2.22e-19	66.6
olaTTNIg73	TTNA50	37.500	96	60	0	1	96	1	96	2.54e-19	66.6
olaTTNIg73	TTNA72	35.789	95	61	0	2	96	2	96	2.99e-19	66.2
olaTTNIg73	TTNA87	35.789	95	59	1	2	96	2	94	1.45e-18	64.7
olaTTNIg73	TTNA138	35.417	96	62	0	1	96	1	96	1.76e-18	64.3
olaTTNIg73	TTNA105	34.375	96	62	1	2	96	2	97	1.86e-18	64.3
olaTTNIg73	TTNA98	35.789	95	59	1	2	96	2	94	3.78e-18	63.5
olaTTNIg73	TTNA54	40.000	100	52	2	1	96	1	96	4.99e-18	63.2
olaTTNIg73	TTNA142	34.737	95	60	1	2	96	2	94	1.41e-17	62.0
olaTTNIg73	TTNA153	35.789	95	59	1	2	96	1	93	2.67e-17	61.2
olaTTNIg73	TTNA149	35.052	97	62	1	1	96	1	97	3.21e-17	61.2
olaTTNIg73	TTNA90	35.714	84	54	0	13	96	9	92	3.38e-17	61.2
olaTTNIg73	TTNA15	35.514	107	53	3	2	96	1	103	3.91e-17	61.2
olaTTNIg73	TTNA94	33.684	95	63	0	2	96	1	95	6.25e-17	60.5
olaTTNIg73	TTNA43	35.354	99	57	2	1	96	1	95	1.31e-16	59.7
olaTTNIg73	TTNA61	34.375	96	62	1	2	96	2	97	8.65e-16	57.8
olaTTNIg73	TTNA101	31.765	85	58	0	12	96	8	92	1.11e-15	57.0
olaTTNIg73	TTNA160	35.106	94	59	1	2	95	1	92	1.72e-15	56.6
olaTTNIg73	TTNA79	37.647	85	53	0	12	96	9	93	2.83e-15	56.2
olaTTNIg73	TTNA32	29.167	96	68	0	1	96	1	96	3.49e-15	55.8
olaTTNIg73	TTNA112	31.765	85	58	0	12	96	8	92	6.09e-15	55.5
olaTTNIg73	TTNA120	32.632	95	62	1	2	96	1	93	2.16e-14	53.9
olaTTNIg73	TTNA57	36.765	68	43	0	28	95	27	94	3.89e-14	53.1
olaTTNIg73	TTNA127	30.526	95	66	0	2	96	1	95	4.93e-14	53.1
olaTTNIg73	TTNA11	30.097	103	65	2	1	96	1	103	1.08e-13	52.4
olaTTNIg73	TTNA169	31.646	79	53	1	19	96	22	100	2.41e-13	51.2
olaTTNIg73	TTNA46	28.125	96	65	1	1	96	1	92	5.96e-13	50.1
olaTTNIg73	TTNA123	29.167	96	68	0	1	96	1	96	6.79e-13	50.1
olaTTNIg73	TTNA29	28.125	96	67	1	1	96	1	94	8.15e-13	50.1
olaTTNIg73	TTNA68	29.474	95	67	0	2	96	1	95	1.10e-12	49.7
olaTTNIg73	TTNA4	29.661	118	54	2	8	96	4	121	2.83e-12	48.9
olaTTNIg73	TTNA156	26.316	95	70	0	2	96	1	95	4.19e-12	48.1
olaTTNIg73	TTNA18	30.526	95	59	2	8	95	4	98	5.24e-12	47.8
olaTTNIg73	TTNA1	25.556	90	66	1	6	95	4	92	3.92e-11	45.4
olaTTNIg73	TTNA145	26.829	82	60	0	14	95	13	94	6.27e-11	45.1
olaTTNIg73	TTNA134	30.435	69	48	0	14	82	13	81	8.35e-10	42.0
olaTTNIg73	TTNI106	29.885	87	61	0	9	95	7	93	2.31e-09	40.8
olaTTNIg73	TTNA164	25.000	76	57	0	14	89	10	85	3.44e-09	40.4
olaTTNIg73	TTNA165	22.917	96	73	1	2	96	1	96	8.91e-08	37.0
olaTTNIg73	TTNA168	25.301	83	60	1	14	94	10	92	9.17e-07	34.3
olaTTNIg74	TTNA39	55.789	95	42	0	1	95	2	96	9.11e-37	110
olaTTNIg74	TTNI107	40.860	93	53	1	3	95	6	96	1.03e-19	67.4
olaTTNIg74	TTNA36	39.535	86	50	1	10	95	13	96	1.60e-19	67.0
olaTTNIg74	TTNA87	37.634	93	54	2	3	95	6	94	8.51e-19	65.1
olaTTNIg74	TTNA127	37.113	97	57	2	1	95	1	95	2.73e-18	63.9
olaTTNIg74	TTNA98	37.647	85	49	1	11	95	14	94	6.43e-18	62.8
olaTTNIg74	TTNA109	34.831	89	54	1	7	95	10	94	1.06e-17	62.4
olaTTNIg74	TTNA50	34.409	93	59	1	3	95	6	96	1.19e-17	62.4
olaTTNIg74	TTNA25	34.737	95	60	1	1	95	2	94	1.23e-17	62.0
olaTTNIg74	TTNA65	37.778	90	52	1	6	95	9	94	1.41e-17	62.0
olaTTNIg74	TTNA101	32.632	95	61	2	1	95	1	92	2.18e-17	61.6
olaTTNIg74	TTNA76	37.079	89	52	2	7	95	10	94	4.45e-17	60.8
olaTTNIg74	TTNA94	40.659	91	50	3	6	95	8	95	6.04e-17	60.5
olaTTNIg74	TTNA83	39.560	91	51	3	6	95	9	96	3.74e-16	58.5
olaTTNIg74	TTNA105	33.333	90	59	1	6	95	9	97	3.96e-16	58.5
olaTTNIg74	TTNA15	35.354	99	58	2	3	95	5	103	4.09e-16	58.5
olaTTNIg74	TTNA149	32.967	91	58	2	6	95	9	97	6.04e-16	57.8
olaTTNIg74	TTNA32	37.234	94	55	3	3	95	6	96	2.03e-15	56.6
olaTTNIg74	TTNA46	33.696	92	59	1	4	95	3	92	3.01e-15	55.8
olaTTNIg74	TTNA153	35.955	89	53	1	7	95	9	93	4.22e-15	55.8
olaTTNIg74	TTNA72	35.714	98	57	4	1	95	2	96	4.38e-15	55.8
olaTTNIg74	TTNA142	35.484	93	56	1	3	95	6	94	5.42e-15	55.5
olaTTNIg74	TTNA8	34.409	93	58	2	3	95	6	95	1.95e-14	53.9
olaTTNIg74	TTNA11	34.615	104	57	4	1	95	2	103	8.49e-14	52.8
olaTTNIg74	TTNA61	38.542	96	52	4	1	95	8	97	9.96e-14	52.4
olaTTNIg74	TTNA120	32.258	93	59	2	3	95	5	93	1.21e-13	52.0
olaTTNIg74	TTNA116	30.108	93	63	1	3	95	6	96	1.69e-13	51.6
olaTTNIg74	TTNA68	31.818	88	58	1	8	95	10	95	2.10e-13	51.2
olaTTNIg74	TTNA43	31.461	89	58	1	7	95	10	95	8.80e-13	49.7
olaTTNIg74	TTNA79	31.579	95	62	2	1	95	2	93	1.63e-12	48.9
olaTTNIg74	TTNA112	26.316	95	67	2	1	95	1	92	2.02e-12	48.9
olaTTNIg74	TTNA54	35.556	90	54	3	7	95	10	96	3.00e-12	48.5
olaTTNIg74	TTNA90	27.381	84	59	1	12	95	11	92	4.83e-12	47.8
olaTTNIg74	TTNA138	30.588	85	57	1	11	95	14	96	4.92e-12	47.8
olaTTNIg74	TTNA123	33.735	83	53	1	13	95	16	96	1.23e-11	47.0
olaTTNIg74	TTNA29	32.143	84	51	2	13	95	16	94	2.47e-11	46.2
olaTTNIg74	TTNA22	31.765	85	54	1	11	95	14	94	2.50e-11	45.8
olaTTNIg74	TTNA4	29.412	119	57	3	4	95	3	121	4.74e-11	45.8
olaTTNIg74	TTNA131	29.787	94	63	2	3	95	6	97	5.94e-11	45.1
olaTTNIg74	TTNA18	27.368	95	64	1	5	94	4	98	1.50e-10	44.3
olaTTNIg74	TTNA1	26.596	94	66	2	1	94	2	92	2.33e-10	43.5
olaTTNIg74	TTNA160	34.483	87	52	3	8	94	11	92	4.33e-10	42.7
olaTTNIg74	TTNA145	25.882	85	61	1	10	94	12	94	4.75e-10	42.7
olaTTNIg74	TTNA57	31.667	60	39	1	25	84	27	84	2.38e-09	40.8
olaTTNIg74	TTNA134	29.167	72	49	1	11	82	13	82	8.10e-09	39.7
olaTTNIg74	TTNA169	30.000	80	51	3	7	83	11	88	1.74e-08	38.9
olaTTNIg74	TTNA156	27.059	85	60	1	11	95	13	95	2.20e-08	38.5
olaTTNIg74	TTNA165	23.171	82	60	2	15	95	17	96	7.51e-07	34.3
olaTTNIg74	TTNA164	24.096	83	60	2	1	83	1	80	7.92e-07	34.3
olaTTNIg74	TTNA168	26.596	94	66	3	1	93	1	92	9.93e-07	33.9
olaTTNIg74	TTNI106	27.273	77	52	2	18	94	21	93	1.72e-06	33.5
olaTTNIg75	TTNA43	74.468	94	24	0	1	94	2	95	1.02e-53	153
olaTTNIg75	TTNA65	45.745	94	50	1	1	94	2	94	5.88e-30	93.6
olaTTNIg75	TTNA109	44.211	95	50	2	1	94	2	94	1.15e-27	87.8
olaTTNIg75	TTNA76	45.745	94	50	1	1	94	2	94	3.38e-27	86.3
olaTTNIg75	TTNA87	44.211	95	50	2	1	94	2	94	2.51e-25	81.6
olaTTNIg75	TTNA142	39.362	94	56	1	1	94	2	94	4.53e-24	78.6
olaTTNIg75	TTNA153	37.234	94	58	1	1	94	1	93	1.33e-23	77.4
olaTTNIg75	TTNA98	42.553	94	53	1	1	94	2	94	1.73e-23	77.0
olaTTNIg75	TTNA131	42.424	99	49	3	1	94	2	97	2.07e-23	77.0
olaTTNIg75	TTNA54	44.211	95	52	1	1	94	2	96	2.53e-22	73.9
olaTTNIg75	TTNA72	42.105	95	54	1	1	94	2	96	5.53e-21	70.9
olaTTNIg75	TTNA160	37.634	93	57	1	1	93	1	92	3.13e-20	68.6
olaTTNIg75	TTNA29	40.426	94	55	1	1	94	2	94	4.21e-20	68.6
olaTTNIg75	TTNA120	36.170	94	59	1	1	94	1	93	1.02e-19	67.4
olaTTNIg75	TTNA116	36.458	96	58	2	1	94	2	96	1.53e-19	67.0
olaTTNIg75	TTNI107	37.500	104	46	2	1	94	2	96	4.96e-19	65.9
olaTTNIg75	TTNA15	32.039	103	61	1	1	94	1	103	5.29e-19	65.9
olaTTNIg75	TTNA36	35.417	96	59	2	1	94	2	96	2.68e-18	63.9
olaTTNIg75	TTNA61	41.837	98	51	3	1	94	2	97	8.04e-18	62.8
olaTTNIg75	TTNA83	37.500	96	57	2	1	94	2	96	2.13e-17	61.6
olaTTNIg75	TTNA32	36.082	97	57	2	1	94	2	96	2.35e-17	61.6
olaTTNIg75	TTNA22	34.043	94	61	1	1	94	2	94	4.44e-17	60.8
olaTTNIg75	TTNA94	36.458	96	58	2	1	94	1	95	1.50e-16	59.3
olaTTNIg75	TTNA8	35.714	98	55	2	1	94	2	95	1.73e-16	59.3
olaTTNIg75	TTNA50	35.789	95	60	1	1	94	2	96	1.79e-16	59.3
olaTTNIg75	TTNA149	38.542	96	57	2	1	94	2	97	2.86e-16	58.9
olaTTNIg75	TTNA105	36.458	96	59	1	1	94	2	97	5.19e-16	58.2
olaTTNIg75	TTNA138	31.250	96	63	2	1	94	2	96	6.71e-16	57.8
olaTTNIg75	TTNA46	34.884	86	53	2	11	94	8	92	1.13e-15	57.0
olaTTNIg75	TTNA145	40.000	95	54	2	1	93	1	94	1.44e-14	54.3
olaTTNIg75	TTNA39	36.559	93	56	2	5	94	4	96	8.02e-14	52.4
olaTTNIg75	TTNA25	32.292	96	60	3	1	94	2	94	7.09e-13	50.1
olaTTNIg75	TTNA156	32.990	97	60	2	1	94	1	95	7.32e-13	50.1
olaTTNIg75	TTNA123	31.579	95	64	1	1	94	2	96	8.89e-13	49.7
olaTTNIg75	TTNA68	30.928	97	62	2	1	94	1	95	2.06e-12	48.9
olaTTNIg75	TTNA57	29.474	95	64	2	1	93	1	94	4.82e-12	47.8
olaTTNIg75	TTNA79	35.556	90	51	2	9	94	7	93	5.04e-12	47.8
olaTTNIg75	TTNA90	28.916	83	56	2	14	94	11	92	9.83e-12	47.0
olaTTNIg75	TTNA127	29.897	97	63	2	1	94	1	95	3.03e-11	45.8
olaTTNIg75	TTNA11	30.392	102	57	4	1	92	2	99	7.38e-10	42.4
olaTTNIg75	TTNA101	27.711	83	57	2	14	94	11	92	4.24e-09	40.0
olaTTNIg75	TTNA1	28.571	98	58	3	1	93	2	92	1.09e-08	39.3
olaTTNIg75	TTNA18	27.723	101	61	3	1	93	2	98	1.25e-08	38.9
olaTTNIg75	TTNA112	26.744	86	60	2	11	94	8	92	3.52e-08	37.7
olaTTNIg75	TTNA134	27.835	97	63	2	1	93	1	94	4.35e-08	37.7
olaTTNIg75	TTNI106	34.146	82	48	3	1	79	1	79	2.05e-07	35.8
olaTTNIg75	TTNA165	24.000	100	66	3	1	94	1	96	3.56e-06	32.7
olaTTNIg75	TTNA164	27.778	72	51	1	13	83	10	81	4.99e-06	32.0
olaTTNIg75	TTNA169	29.577	71	46	3	27	94	31	100	1.78e-05	30.8
olaTTNIg75	TTNA4	25.424	118	54	3	9	94	6	121	7.48e-05	29.3
olaTTNIg75	TTNA168	28.767	73	49	1	13	82	10	82	2.57e-04	27.7
olaTTNIg76	TTNA46	59.341	91	37	0	1	91	2	92	3.22e-38	114
olaTTNIg76	TTNA50	35.955	89	57	0	3	91	8	96	2.53e-19	66.2
olaTTNIg76	TTNA94	32.632	95	60	1	1	91	1	95	2.43e-16	58.9
olaTTNIg76	TTNA101	30.000	90	62	1	1	89	1	90	3.46e-16	58.2
olaTTNIg76	TTNA127	30.526	95	62	1	1	91	1	95	5.19e-16	57.8
olaTTNIg76	TTNA90	30.488	82	57	0	10	91	11	92	6.90e-15	55.1
olaTTNIg76	TTNA72	30.337	89	62	0	3	91	8	96	7.82e-15	55.1
olaTTNIg76	TTNA153	32.184	87	57	1	5	91	9	93	9.99e-15	54.7
olaTTNIg76	TTNA79	28.409	88	63	0	4	91	6	93	1.49e-14	54.3
olaTTNIg76	TTNA160	34.568	81	51	1	7	87	11	89	2.23e-14	53.5
olaTTNIg76	TTNA83	29.474	95	63	1	1	91	2	96	2.49e-14	53.5
olaTTNIg76	TTNA109	30.000	80	54	1	12	91	17	94	3.75e-14	53.1
olaTTNIg76	TTNA87	32.500	80	52	1	12	91	17	94	3.96e-14	53.1
olaTTNIg76	TTNA68	33.333	81	54	0	11	91	15	95	6.10e-14	52.8
olaTTNIg76	TTNA32	30.000	80	56	0	12	91	17	96	6.88e-14	52.4
olaTTNIg76	TTNA138	28.750	80	57	0	12	91	17	96	6.95e-14	52.4
olaTTNIg76	TTNA76	31.250	80	53	1	12	91	17	94	7.09e-14	52.4
olaTTNIg76	TTNA142	27.586	87	61	1	5	91	10	94	1.06e-13	52.0
olaTTNIg76	TTNA156	29.545	88	61	1	5	91	8	95	1.63e-13	51.6
olaTTNIg76	TTNA112	28.261	92	65	1	1	91	1	92	2.62e-13	50.8
olaTTNIg76	TTNA116	27.368	95	65	1	1	91	2	96	5.30e-13	50.1
olaTTNIg76	TTNA8	32.911	79	52	1	13	91	18	95	6.29e-13	50.1
olaTTNIg76	TTNA98	30.000	80	54	1	12	91	17	94	6.36e-13	50.1
olaTTNIg76	TTNA57	28.571	77	55	0	11	87	15	91	1.33e-12	49.3
olaTTNIg76	TTNA131	32.836	67	45	0	11	77	16	82	1.43e-12	49.3
olaTTNIg76	TTNA145	27.500	80	58	0	10	89	14	93	2.02e-12	48.5
olaTTNIg76	TTNA149	26.582	79	56	1	12	90	18	94	3.53e-12	48.1
olaTTNIg76	TTNA65	25.000	84	61	1	8	91	13	94	5.68e-12	47.4
olaTTNIg76	TTNA123	30.588	85	59	0	7	91	12	96	9.01e-12	47.0
olaTTNIg76	TTNA15	26.966	89	55	2	12	91	16	103	1.07e-11	47.0
olaTTNIg76	TTNA165	23.913	92	69	1	1	91	5	96	1.40e-11	46.6
olaTTNIg76	TTNA39	30.556	72	48	1	10	79	13	84	6.58e-11	44.7
olaTTNIg76	TTNA61	28.125	96	64	2	1	91	2	97	6.93e-11	44.7
olaTTNIg76	TTNA105	30.000	80	55	1	13	91	18	97	9.26e-11	44.3
olaTTNIg76	TTNA25	34.783	69	43	2	12	79	15	82	1.14e-10	44.3
olaTTNIg76	TTNI107	25.610	82	61	0	10	91	15	96	2.10e-10	43.5
olaTTNIg76	TTNA22	31.646	79	52	2	13	91	18	94	2.37e-10	43.5
olaTTNIg76	TTNA36	31.429	70	48	0	10	79	15	84	2.65e-10	43.1
olaTTNIg76	TTNA29	27.500	80	56	1	12	91	17	94	6.83e-10	42.0
olaTTNIg76	TTNA120	27.907	86	58	2	5	88	9	92	7.22e-10	42.0
olaTTNIg76	TTNA134	21.519	79	62	0	10	88	14	92	1.55e-09	41.2
olaTTNIg76	TTNA4	35.714	42	27	0	1	42	2	43	5.84e-09	40.4
olaTTNIg76	TTNA43	26.136	88	62	2	5	91	10	95	8.93e-09	39.3
olaTTNIg76	TTNA54	25.882	85	63	0	7	91	12	96	1.80e-08	38.5
olaTTNIg76	TTNA164	20.988	81	64	0	10	90	11	91	3.92e-08	37.7
olaTTNIg76	TTNA18	21.277	94	67	1	1	87	2	95	1.38e-07	36.2
olaTTNIg76	TTNA11	27.473	91	60	2	7	91	13	103	2.17e-07	35.8
olaTTNIg76	TTNA1	35.000	80	44	4	14	88	16	92	2.49e-07	35.4
olaTTNIg76	TTNA169	23.711	97	67	3	2	91	4	100	3.20e-06	32.7
olaTTNIg76	TTNI106	25.000	64	48	0	24	87	27	90	2.14e-05	30.4
olaTTNIg76	TTNA168	27.941	68	35	2	23	82	24	85	4.90e-05	29.3
olaTTNIg77	TTNA50	47.917	96	50	0	1	96	1	96	2.33e-33	102
olaTTNIg77	TTNA138	40.625	96	57	0	1	96	1	96	3.09e-21	71.6
olaTTNIg77	TTNA32	36.458	96	61	0	1	96	1	96	4.53e-21	70.9
olaTTNIg77	TTNI107	40.000	95	57	0	2	96	2	96	3.47e-20	68.9
olaTTNIg77	TTNA61	35.417	96	61	1	2	96	2	97	2.87e-19	66.6
olaTTNIg77	TTNA46	34.375	96	59	1	1	96	1	92	2.44e-18	63.9
olaTTNIg77	TTNA76	35.417	96	60	1	1	96	1	94	4.55e-18	63.2
olaTTNIg77	TTNA54	36.458	96	61	0	1	96	1	96	5.10e-18	63.2
olaTTNIg77	TTNA149	34.021	97	63	1	1	96	1	97	5.77e-18	63.2
olaTTNIg77	TTNA29	37.500	96	58	1	1	96	1	94	6.66e-18	62.8
olaTTNIg77	TTNA83	27.083	96	70	0	1	96	1	96	1.53e-17	62.0
olaTTNIg77	TTNA43	33.673	98	60	2	1	96	1	95	1.79e-17	62.0
olaTTNIg77	TTNA94	32.632	95	64	0	2	96	1	95	1.83e-17	61.6
olaTTNIg77	TTNA116	26.042	96	71	0	1	96	1	96	2.12e-17	61.6
olaTTNIg77	TTNA98	32.000	100	56	2	2	96	2	94	5.84e-17	60.5
olaTTNIg77	TTNA87	31.579	95	63	1	2	96	2	94	8.09e-17	60.1
olaTTNIg77	TTNA109	35.417	96	60	1	1	96	1	94	2.91e-16	58.5
olaTTNIg77	TTNA153	33.684	95	61	1	2	96	1	93	9.27e-16	57.4
olaTTNIg77	TTNA39	36.559	93	57	1	6	96	4	96	1.48e-15	57.0
olaTTNIg77	TTNA127	28.421	95	68	0	2	96	1	95	4.82e-15	55.5
olaTTNIg77	TTNA8	32.292	96	64	1	1	96	1	95	6.53e-15	55.5
olaTTNIg77	TTNA11	31.068	103	64	2	1	96	1	103	7.50e-15	55.5
olaTTNIg77	TTNA105	31.250	96	65	1	2	96	2	97	1.25e-14	54.7
olaTTNIg77	TTNA36	31.250	96	66	0	1	96	1	96	1.69e-14	54.3
olaTTNIg77	TTNA65	30.526	95	64	1	2	96	2	94	1.84e-14	53.9
olaTTNIg77	TTNA22	32.632	95	62	1	2	96	2	94	5.61e-14	52.8
olaTTNIg77	TTNA120	28.421	95	66	1	2	96	1	93	9.52e-14	52.4
olaTTNIg77	TTNA131	31.250	96	65	1	2	96	2	97	1.84e-13	51.6
olaTTNIg77	TTNA25	29.167	96	66	1	1	96	1	94	1.86e-13	51.6
olaTTNIg77	TTNA15	29.808	104	63	3	2	96	1	103	2.12e-13	51.6
olaTTNIg77	TTNA160	27.660	94	66	1	2	95	1	92	4.22e-13	50.4
olaTTNIg77	TTNA142	30.526	95	64	2	2	96	2	94	1.41e-12	49.3
olaTTNIg77	TTNA134	30.851	94	65	0	2	95	1	94	1.56e-12	49.3
olaTTNIg77	TTNA72	29.474	95	67	0	2	96	2	96	3.00e-12	48.5
olaTTNIg77	TTNA156	27.368	95	69	0	2	96	1	95	1.44e-11	46.6
olaTTNIg77	TTNA68	31.373	102	56	2	2	96	1	95	2.57e-11	46.2
olaTTNIg77	TTNA101	30.864	81	56	0	16	96	12	92	9.98e-11	44.3
olaTTNIg77	TTNA123	28.155	103	60	3	1	96	1	96	1.19e-10	44.3
olaTTNIg77	TTNA145	27.660	94	68	0	2	95	1	94	1.64e-10	43.9
olaTTNIg77	TTNA112	28.421	95	65	1	2	96	1	92	3.04e-10	43.1
olaTTNIg77	TTNA165	31.250	80	54	1	18	96	17	96	6.18e-10	42.4
olaTTNIg77	TTNA57	27.778	72	52	0	24	95	23	94	8.17e-10	42.0
olaTTNIg77	TTNA90	28.395	81	58	0	16	96	12	92	1.07e-09	41.6
olaTTNIg77	TTNA1	29.688	64	45	0	32	95	29	92	3.94e-09	40.4
olaTTNIg77	TTNI106	27.660	94	67	1	2	95	1	93	8.27e-09	39.7
olaTTNIg77	TTNA79	26.042	96	68	1	1	96	1	93	1.09e-08	39.3
olaTTNIg77	TTNA18	26.214	103	63	3	1	95	1	98	1.62e-08	38.9
olaTTNIg77	TTNA4	26.613	124	58	4	2	96	2	121	4.93e-08	38.1
olaTTNIg77	TTNA169	24.242	99	72	2	1	96	2	100	1.28e-07	36.6
olaTTNIg77	TTNA164	28.378	74	51	2	12	84	8	80	1.48e-06	33.5
olaTTNIg77	TTNA168	28.235	85	57	2	12	92	8	92	3.02e-05	30.0
olaTTNIg78	TTNA54	61.053	95	37	0	1	95	2	96	2.75e-42	124
olaTTNIg78	TTNA87	42.105	95	53	1	1	95	2	94	6.45e-28	88.2
olaTTNIg78	TTNA153	40.000	95	55	1	1	95	1	93	2.60e-27	86.7
olaTTNIg78	TTNA76	43.158	95	52	1	1	95	2	94	1.12e-26	85.1
olaTTNIg78	TTNA65	40.000	95	55	1	1	95	2	94	1.66e-26	84.7
olaTTNIg78	TTNA109	43.158	95	52	1	1	95	2	94	1.43e-25	82.4
olaTTNIg78	TTNA98	40.000	95	55	1	1	95	2	94	5.78e-24	78.2
olaTTNIg78	TTNA142	40.000	95	55	1	1	95	2	94	4.50e-23	75.9
olaTTNIg78	TTNA105	37.500	96	59	1	1	95	2	97	1.45e-20	69.7
olaTTNIg78	TTNA50	35.789	95	61	0	1	95	2	96	1.59e-19	67.0
olaTTNIg78	TTNA116	32.632	95	64	0	1	95	2	96	3.40e-19	66.2
olaTTNIg78	TTNA120	31.579	95	63	1	1	95	1	93	4.42e-19	65.9
olaTTNIg78	TTNA43	36.082	97	57	2	1	95	2	95	5.71e-19	65.5
olaTTNIg78	TTNA94	30.526	95	66	0	1	95	1	95	1.20e-18	64.7
olaTTNIg78	TTNA83	32.632	95	64	0	1	95	2	96	1.02e-17	62.4
olaTTNIg78	TTNA145	32.258	93	63	0	1	93	1	93	4.31e-17	60.8
olaTTNIg78	TTNA149	29.167	96	67	1	1	95	2	97	8.31e-17	60.1
olaTTNIg78	TTNA8	30.526	95	65	1	1	95	2	95	9.63e-17	60.1
olaTTNIg78	TTNA131	33.333	96	63	1	1	95	2	97	2.02e-16	59.3
olaTTNIg78	TTNA36	29.412	102	58	2	1	95	2	96	3.91e-16	58.5
olaTTNIg78	TTNA127	27.368	95	69	0	1	95	1	95	1.04e-15	57.4
olaTTNIg78	TTNA32	29.474	95	67	0	1	95	2	96	2.24e-15	56.6
olaTTNIg78	TTNA160	33.333	93	60	1	1	93	1	91	4.75e-15	55.5
olaTTNIg78	TTNA22	31.579	95	63	2	1	95	2	94	8.45e-15	55.1
olaTTNIg78	TTNA79	31.646	79	54	0	17	95	15	93	9.00e-15	54.7
olaTTNIg78	TTNA57	34.667	75	49	0	19	93	19	93	1.18e-14	54.7
olaTTNIg78	TTNI107	31.579	95	65	0	1	95	2	96	1.32e-14	54.3
olaTTNIg78	TTNA72	28.421	95	68	0	1	95	2	96	1.42e-14	54.3
olaTTNIg78	TTNA61	31.250	96	65	1	1	95	2	97	1.25e-13	52.0
olaTTNIg78	TTNA138	30.526	95	66	0	1	95	2	96	1.30e-13	52.0
olaTTNIg78	TTNA29	31.579	95	63	1	1	95	2	94	1.48e-13	51.6
olaTTNIg78	TTNA15	28.155	103	66	2	1	95	1	103	4.65e-13	50.8
olaTTNIg78	TTNA46	25.287	87	65	0	9	95	6	92	5.41e-13	50.1
olaTTNIg78	TTNA39	29.032	93	64	1	5	95	4	96	6.65e-13	50.1
olaTTNIg78	TTNA68	26.316	95	70	0	1	95	1	95	2.97e-12	48.5
olaTTNIg78	TTNA101	27.160	81	59	0	15	95	12	92	1.61e-11	46.6
olaTTNIg78	TTNA165	29.762	84	58	1	1	83	1	84	1.63e-10	43.9
olaTTNIg78	TTNA112	28.571	91	64	1	6	95	2	92	2.12e-10	43.5
olaTTNIg78	TTNA90	25.926	81	60	0	15	95	12	92	1.10e-09	41.6
olaTTNIg78	TTNA156	23.158	95	73	0	1	95	1	95	1.18e-09	41.6
olaTTNIg78	TTNA25	24.176	91	69	0	5	95	4	94	1.43e-09	41.6
olaTTNIg78	TTNA18	25.882	85	56	1	6	83	3	87	1.45e-08	38.9
olaTTNIg78	TTNA169	28.866	97	62	4	4	95	6	100	1.92e-08	38.5
olaTTNIg78	TTNA134	23.457	81	62	0	1	81	1	81	2.22e-08	38.5
olaTTNIg78	TTNA4	25.000	116	58	2	9	95	6	121	6.03e-08	37.7
olaTTNIg78	TTNA11	23.596	89	62	1	13	95	15	103	1.15e-07	36.6
olaTTNIg78	TTNA1	25.974	77	57	0	18	94	16	92	1.35e-07	36.2
olaTTNIg78	TTNA123	23.301	103	63	3	1	95	2	96	2.80e-07	35.4
olaTTNIg78	TTNA164	32.203	59	36	3	18	74	15	71	2.49e-04	27.7
olaTTNIg78	TTNI106	25.000	80	59	1	1	80	1	79	5.21e-04	26.6
olaTTNIg78	TTNA168	26.667	30	16	1	21	44	12	41	0.20	19.6
olaTTNIg79	TTNA57	66.667	96	31	1	1	96	1	95	2.30e-44	130
olaTTNIg79	TTNA68	41.489	94	54	1	1	94	1	93	1.46e-23	77.4
olaTTNIg79	TTNA101	37.079	89	55	1	7	95	4	91	1.25e-19	67.4
olaTTNIg79	TTNA145	36.458	96	60	1	1	96	1	95	3.88e-18	63.5
olaTTNIg79	TTNA98	34.737	95	59	2	1	95	2	93	5.97e-18	63.2
olaTTNIg79	TTNA79	38.554	83	50	1	13	95	11	92	8.62e-18	62.8
olaTTNIg79	TTNA87	37.634	93	51	3	3	95	8	93	9.64e-18	62.4
olaTTNIg79	TTNA54	37.805	82	50	1	14	95	15	95	8.87e-17	60.1
olaTTNIg79	TTNA149	37.037	81	48	2	16	95	18	96	1.48e-16	59.7
olaTTNIg79	TTNA123	33.684	95	62	1	1	95	2	95	1.63e-16	59.3
olaTTNIg79	TTNA142	31.579	95	62	1	1	95	2	93	1.73e-16	59.3
olaTTNIg79	TTNA127	33.750	80	52	1	16	95	16	94	1.89e-16	59.3
olaTTNIg79	TTNA160	33.333	96	61	2	1	96	1	93	5.22e-16	58.2
olaTTNIg79	TTNA76	38.158	76	44	1	20	95	21	93	5.28e-16	58.2
olaTTNIg79	TTNA131	34.375	96	61	2	1	95	2	96	6.05e-16	58.2
olaTTNIg79	TTNA65	31.707	82	53	1	14	95	15	93	9.80e-16	57.4
olaTTNIg79	TTNA83	31.707	82	55	1	14	95	15	95	2.50e-15	56.2
olaTTNIg79	TTNA109	34.409	93	54	3	3	95	8	93	6.18e-15	55.5
olaTTNIg79	TTNA15	36.170	94	47	2	12	95	12	102	1.39e-14	54.7
olaTTNIg79	TTNA46	31.818	88	58	2	8	95	6	91	1.74e-14	54.3
olaTTNIg79	TTNA1	32.292	96	61	3	1	96	2	93	2.96e-14	53.5
olaTTNIg79	TTNA156	33.333	90	59	1	1	90	1	89	5.68e-14	52.8
olaTTNIg79	TTNA105	36.145	83	51	2	14	95	15	96	5.87e-14	52.8
olaTTNIg79	TTNA39	37.209	86	51	3	1	85	2	85	6.06e-14	52.8
olaTTNIg79	TTNA112	34.177	79	51	1	7	85	4	81	1.42e-13	51.6
olaTTNIg79	TTNA116	30.488	82	56	1	14	95	15	95	1.47e-13	52.0
olaTTNIg79	TTNA120	28.421	95	65	1	1	95	1	92	1.60e-13	51.6
olaTTNIg79	TTNA32	32.632	95	63	1	1	95	2	95	1.99e-13	51.6
olaTTNIg79	TTNA43	31.579	95	63	1	1	95	2	94	2.66e-13	51.2
olaTTNIg79	TTNA90	33.333	81	53	1	12	92	9	88	2.68e-13	51.2
olaTTNIg79	TTNA94	29.268	82	57	1	14	95	14	94	3.40e-13	50.8
olaTTNIg79	TTNA29	37.500	80	47	2	16	95	17	93	5.30e-13	50.4
olaTTNIg79	TTNA138	32.530	83	51	2	14	94	15	94	8.24e-13	50.1
olaTTNIg79	TTNA50	36.458	96	58	2	1	95	2	95	8.33e-13	50.1
olaTTNIg79	TTNA165	28.421	95	62	3	1	94	5	94	9.48e-13	49.7
olaTTNIg79	TTNA153	25.532	94	67	1	1	94	1	91	1.20e-12	49.3
olaTTNIg79	TTNA134	31.325	83	56	1	1	83	1	82	1.23e-12	49.3
olaTTNIg79	TTNA22	26.829	82	57	1	14	95	15	93	1.28e-12	49.3
olaTTNIg79	TTNA8	33.766	77	49	1	18	94	19	93	1.54e-11	46.6
olaTTNIg79	TTNA169	30.263	76	53	0	15	90	19	94	1.82e-11	46.6
olaTTNIg79	TTNA72	29.268	82	57	1	14	95	15	95	3.47e-11	45.8
olaTTNIg79	TTNA61	37.805	82	47	3	16	95	17	96	8.81e-11	44.7
olaTTNIg79	TTNI107	31.250	80	54	1	16	95	17	95	2.77e-10	43.5
olaTTNIg79	TTNA25	35.821	67	42	1	29	95	28	93	5.06e-10	42.7
olaTTNIg79	TTNA36	28.205	78	55	1	18	95	19	95	2.02e-09	41.2
olaTTNIg79	TTNA18	31.429	105	56	5	1	96	2	99	4.39e-09	40.4
olaTTNIg79	TTNA11	30.952	84	53	2	16	94	18	101	1.83e-08	38.9
olaTTNIg79	TTNI106	29.870	77	51	2	21	96	20	94	9.12e-07	34.3
olaTTNIg79	TTNA164	25.676	74	54	1	16	89	13	85	2.42e-05	30.4
olaTTNIg79	TTNA168	25.843	89	63	2	7	94	6	92	6.12e-04	26.6
olaTTNIg79	TTNA4	23.469	98	47	3	15	84	12	109	0.004	24.6
olaTTNIg80	TTNA61	65.957	94	32	0	2	95	4	97	1.08e-42	125
olaTTNIg80	TTNA50	44.048	84	46	1	12	95	14	96	3.79e-21	71.2
olaTTNIg80	TTNA149	39.785	93	54	2	4	95	6	97	2.93e-18	63.9
olaTTNIg80	TTNA32	37.234	94	58	1	2	95	4	96	9.16e-18	62.4
olaTTNIg80	TTNA72	36.170	94	59	1	2	95	4	96	2.80e-17	61.2
olaTTNIg80	TTNA83	39.362	94	56	1	2	95	4	96	5.32e-17	60.5
olaTTNIg80	TTNA101	37.349	83	51	1	13	95	11	92	2.16e-16	58.9
olaTTNIg80	TTNI107	37.234	94	58	1	2	95	4	96	2.86e-16	58.9
olaTTNIg80	TTNA68	37.037	81	50	1	15	95	16	95	5.70e-16	57.8
olaTTNIg80	TTNA8	40.000	95	53	3	2	95	4	95	6.50e-16	57.8
olaTTNIg80	TTNA116	34.043	94	61	1	2	95	4	96	1.48e-15	57.0
olaTTNIg80	TTNA94	37.234	94	58	1	2	95	3	95	3.06e-15	56.2
olaTTNIg80	TTNA65	36.957	92	55	2	4	95	6	94	3.09e-15	56.2
olaTTNIg80	TTNA142	37.234	94	56	2	2	95	4	94	4.37e-15	55.8
olaTTNIg80	TTNA46	37.209	86	53	1	10	95	8	92	7.73e-15	55.1
olaTTNIg80	TTNA105	38.298	94	56	2	3	95	5	97	9.76e-15	54.7
olaTTNIg80	TTNA120	32.609	92	59	2	4	95	5	93	1.27e-14	54.3
olaTTNIg80	TTNA79	35.227	88	56	1	8	95	7	93	5.72e-14	52.8
olaTTNIg80	TTNA153	41.667	84	46	2	12	95	13	93	5.79e-14	52.8
olaTTNIg80	TTNA98	34.043	94	59	2	2	95	4	94	9.42e-14	52.4
olaTTNIg80	TTNA22	35.106	94	58	3	2	95	4	94	1.19e-13	52.0
olaTTNIg80	TTNA39	39.362	94	54	2	4	95	4	96	1.21e-13	52.0
olaTTNIg80	TTNA160	36.264	91	55	2	4	94	5	92	1.48e-13	51.6
olaTTNIg80	TTNA127	31.915	94	63	1	2	95	3	95	1.57e-13	51.6
olaTTNIg80	TTNA57	42.647	68	39	0	27	94	27	94	2.28e-13	51.2
olaTTNIg80	TTNA54	33.696	92	60	1	4	95	6	96	3.56e-13	50.8
olaTTNIg80	TTNA76	36.170	94	57	2	2	95	4	94	4.27e-13	50.4
olaTTNIg80	TTNA15	35.294	102	57	3	2	95	3	103	4.36e-13	50.8
olaTTNIg80	TTNA36	34.043	94	61	1	2	95	4	96	6.44e-13	50.1
olaTTNIg80	TTNA43	35.052	97	55	3	2	95	4	95	7.48e-13	50.1
olaTTNIg80	TTNA156	31.579	95	62	2	3	95	2	95	1.35e-12	49.3
olaTTNIg80	TTNA109	34.043	94	59	2	2	95	4	94	2.17e-12	48.9
olaTTNIg80	TTNA87	32.979	94	60	2	2	95	4	94	2.53e-12	48.5
olaTTNIg80	TTNA29	34.043	94	59	3	2	95	4	94	3.00e-12	48.5
olaTTNIg80	TTNA131	32.632	95	62	2	2	95	4	97	8.79e-12	47.4
olaTTNIg80	TTNA25	30.526	95	65	1	1	95	1	94	9.20e-12	47.0
olaTTNIg80	TTNA138	31.461	89	60	1	7	95	9	96	9.28e-12	47.0
olaTTNIg80	TTNA1	37.500	64	40	0	31	94	29	92	5.25e-11	45.1
olaTTNIg80	TTNA90	31.884	69	47	0	27	95	24	92	5.72e-11	45.1
olaTTNIg80	TTNA11	35.556	90	51	3	12	95	15	103	1.73e-10	43.9
olaTTNIg80	TTNA169	35.714	70	40	2	29	95	33	100	2.04e-10	43.9
olaTTNIg80	TTNA165	30.000	80	54	2	17	95	18	96	6.67e-10	42.4
olaTTNIg80	TTNA123	34.146	82	53	1	14	95	16	96	1.60e-09	41.2
olaTTNIg80	TTNA134	34.783	69	44	1	12	80	13	80	1.69e-09	41.2
olaTTNIg80	TTNA145	38.554	83	50	1	12	94	13	94	3.04e-09	40.8
olaTTNIg80	TTNA112	31.343	67	46	0	29	95	26	92	3.27e-09	40.4
olaTTNIg80	TTNA164	30.120	83	57	1	9	91	7	88	1.33e-08	38.9
olaTTNIg80	TTNA18	30.392	102	59	5	1	94	1	98	6.51e-07	34.7
olaTTNIg80	TTNI106	29.577	71	49	1	10	80	10	79	1.43e-06	33.5
olaTTNIg80	TTNA4	28.319	113	51	3	12	95	10	121	1.87e-05	30.8
olaTTNIg80	TTNA168	26.471	34	24	1	9	42	7	39	0.052	21.2
olaTTNIg81	TTNA65	65.591	93	31	1	1	92	2	94	9.98e-42	123
olaTTNIg81	TTNA76	54.839	93	41	1	1	92	2	94	2.44e-35	107
olaTTNIg81	TTNA87	58.065	93	38	1	1	92	2	94	5.30e-35	106
olaTTNIg81	TTNA109	52.688	93	43	1	1	92	2	94	1.10e-32	100
olaTTNIg81	TTNA153	50.538	93	45	1	1	92	1	93	2.02e-32	99.8
olaTTNIg81	TTNA98	52.688	93	43	1	1	92	2	94	2.18e-31	97.1
olaTTNIg81	TTNA142	49.462	93	46	1	1	92	2	94	9.88e-31	95.1
olaTTNIg81	TTNA43	46.809	94	48	1	1	92	2	95	1.12e-30	95.1
olaTTNIg81	TTNA160	47.826	92	47	1	1	91	1	92	3.04e-28	89.0
olaTTNIg81	TTNA131	45.833	96	48	2	1	92	2	97	3.78e-28	89.0
olaTTNIg81	TTNA54	48.421	95	46	1	1	92	2	96	1.86e-26	84.7
olaTTNIg81	TTNA120	43.011	93	52	1	1	92	1	93	2.29e-25	81.6
olaTTNIg81	TTNA116	41.053	95	53	1	1	92	2	96	5.45e-24	78.2
olaTTNIg81	TTNA32	36.842	95	57	1	1	92	2	96	3.93e-22	73.6
olaTTNIg81	TTNA15	34.951	103	56	2	1	92	1	103	8.57e-22	72.8
olaTTNIg81	TTNA8	38.298	94	56	1	1	92	2	95	2.23e-20	68.9
olaTTNIg81	TTNA36	40.000	95	54	2	1	92	2	96	2.24e-20	68.9
olaTTNIg81	TTNA94	38.947	95	55	1	1	92	1	95	4.00e-19	65.9
olaTTNIg81	TTNA22	37.634	93	57	1	1	92	2	94	8.44e-19	65.1
olaTTNIg81	TTNA105	40.625	96	53	1	1	92	2	97	9.00e-19	65.1
olaTTNIg81	TTNA83	37.895	95	56	1	1	92	2	96	9.47e-19	65.1
olaTTNIg81	TTNA90	40.741	81	45	2	15	92	12	92	2.07e-18	63.9
olaTTNIg81	TTNA29	40.860	93	54	1	1	92	2	94	3.63e-18	63.5
olaTTNIg81	TTNA79	40.230	87	49	1	9	92	7	93	3.90e-18	63.2
olaTTNIg81	TTNA57	35.106	94	58	1	1	91	1	94	6.83e-18	62.8
olaTTNIg81	TTNA50	35.789	95	58	1	1	92	2	96	1.39e-17	62.0
olaTTNIg81	TTNA72	33.684	95	60	1	1	92	2	96	5.06e-17	60.5
olaTTNIg81	TTNA101	34.118	85	53	1	11	92	8	92	5.17e-17	60.5
olaTTNIg81	TTNA123	34.737	95	59	1	1	92	2	96	1.40e-16	59.3
olaTTNIg81	TTNA39	37.634	93	53	1	5	92	4	96	1.74e-16	59.3
olaTTNIg81	TTNA127	32.632	95	61	1	1	92	1	95	2.26e-16	58.9
olaTTNIg81	TTNA68	34.375	96	58	2	1	92	1	95	3.64e-16	58.2
olaTTNIg81	TTNA112	36.842	95	54	2	1	92	1	92	4.64e-16	58.2
olaTTNIg81	TTNA1	35.556	90	54	2	5	91	4	92	2.12e-15	56.2
olaTTNIg81	TTNI107	34.737	95	59	1	1	92	2	96	2.33e-15	56.2
olaTTNIg81	TTNA149	34.375	96	59	2	1	92	2	97	2.89e-15	56.2
olaTTNIg81	TTNA138	31.579	95	62	1	1	92	2	96	1.48e-14	54.3
olaTTNIg81	TTNA156	32.632	95	61	1	1	92	1	95	4.32e-14	53.1
olaTTNIg81	TTNA145	38.298	94	55	1	1	91	1	94	5.03e-14	52.8
olaTTNIg81	TTNA46	31.325	83	54	1	13	92	10	92	1.23e-13	51.6
olaTTNIg81	TTNA46	46.154	13	7	0	58	70	4	16	4.6	15.8
olaTTNIg81	TTNA61	34.375	96	59	2	1	92	2	97	1.52e-13	51.6
olaTTNIg81	TTNA25	33.684	95	58	2	1	92	2	94	2.76e-12	48.5
olaTTNIg81	TTNA18	30.612	98	52	2	7	91	4	98	4.82e-12	47.8
olaTTNIg81	TTNA11	26.471	102	65	2	1	92	2	103	2.50e-11	46.2
olaTTNIg81	TTNA134	27.660	94	65	1	1	91	1	94	7.49e-11	44.7
olaTTNIg81	TTNA165	29.167	96	64	2	1	92	1	96	5.72e-10	42.4
olaTTNIg81	TTNI106	35.526	76	42	2	21	91	20	93	1.26e-08	38.9
olaTTNIg81	TTNA4	28.448	116	51	2	9	92	6	121	2.16e-08	38.9
olaTTNIg81	TTNA169	27.381	84	47	3	18	92	22	100	2.34e-07	35.8
olaTTNIg81	TTNA168	22.785	79	56	1	11	84	8	86	1.91e-05	30.4
olaTTNIg81	TTNA164	21.333	75	54	2	11	81	8	81	0.004	24.3
olaTTNIg82	TTNA68	58.947	95	39	0	1	95	1	95	3.79e-43	126
olaTTNIg82	TTNA101	52.632	76	36	0	16	91	13	88	2.00e-26	84.3
olaTTNIg82	TTNA131	39.583	96	57	1	1	95	2	97	5.67e-23	75.9
olaTTNIg82	TTNA57	34.409	93	61	0	1	93	1	93	6.62e-23	75.5
olaTTNIg82	TTNA120	36.842	95	58	1	1	95	1	93	1.36e-20	69.7
olaTTNIg82	TTNA123	36.559	93	57	1	1	91	2	94	1.80e-20	69.3
olaTTNIg82	TTNA90	47.059	68	36	0	16	83	13	80	3.84e-20	68.6
olaTTNIg82	TTNA156	37.895	95	59	0	1	95	1	95	1.40e-19	67.0
olaTTNIg82	TTNA142	36.842	95	58	1	1	95	2	94	1.53e-19	67.0
olaTTNIg82	TTNA65	33.684	95	61	1	1	95	2	94	2.05e-19	66.6
olaTTNIg82	TTNA22	35.789	95	59	1	1	95	2	94	1.33e-18	64.7
olaTTNIg82	TTNA79	34.524	84	55	0	12	95	10	93	1.67e-18	64.3
olaTTNIg82	TTNA50	35.789	95	61	0	1	95	2	96	1.94e-18	64.3
olaTTNIg82	TTNA153	33.684	95	61	1	1	95	1	93	2.63e-18	63.9
olaTTNIg82	TTNA98	32.632	95	62	1	1	95	2	94	7.09e-18	62.8
olaTTNIg82	TTNA83	31.579	95	65	0	1	95	2	96	2.00e-17	61.6
olaTTNIg82	TTNA149	37.349	83	52	0	13	95	15	97	2.03e-17	61.6
olaTTNIg82	TTNA112	35.000	80	52	0	16	95	13	92	1.68e-16	59.3
olaTTNIg82	TTNA138	37.647	85	49	2	13	95	14	96	2.56e-16	58.9
olaTTNIg82	TTNA145	34.940	83	54	0	1	83	1	83	3.28e-16	58.5
olaTTNIg82	TTNA11	35.922	103	57	3	1	95	2	103	1.72e-15	57.0
olaTTNIg82	TTNA72	37.209	86	54	0	10	95	11	96	1.88e-15	56.6
olaTTNIg82	TTNA109	31.579	95	63	1	1	95	2	94	3.40e-15	55.8
olaTTNIg82	TTNA46	32.500	80	54	0	16	95	13	92	3.95e-15	55.8
olaTTNIg82	TTNA36	32.632	95	64	0	1	95	2	96	4.01e-15	55.8
olaTTNIg82	TTNA54	30.526	95	66	0	1	95	2	96	5.26e-15	55.5
olaTTNIg82	TTNA127	33.684	95	63	0	1	95	1	95	6.67e-15	55.1
olaTTNIg82	TTNA94	28.421	95	68	0	1	95	1	95	9.74e-15	54.7
olaTTNIg82	TTNA134	30.488	82	57	0	1	82	1	82	1.32e-14	54.3
olaTTNIg82	TTNA116	32.000	75	51	0	10	84	11	85	4.15e-14	53.1
olaTTNIg82	TTNA1	32.099	81	55	0	13	93	11	91	4.92e-14	52.8
olaTTNIg82	TTNA15	34.066	91	52	1	13	95	13	103	5.95e-14	53.1
olaTTNIg82	TTNI107	33.750	80	53	0	16	95	17	96	9.64e-14	52.4
olaTTNIg82	TTNA39	29.897	97	64	2	1	95	2	96	2.52e-13	51.2
olaTTNIg82	TTNA43	35.052	97	58	2	1	95	2	95	4.56e-13	50.4
olaTTNIg82	TTNA87	29.474	95	65	1	1	95	2	94	5.97e-13	50.1
olaTTNIg82	TTNI106	36.986	73	46	0	21	93	20	92	1.14e-12	49.3
olaTTNIg82	TTNA32	33.333	72	48	0	13	84	14	85	4.28e-12	48.1
olaTTNIg82	TTNA76	26.316	95	68	1	1	95	2	94	1.23e-11	47.0
olaTTNIg82	TTNA160	26.882	93	66	1	1	93	1	91	5.97e-11	45.1
olaTTNIg82	TTNA105	28.125	96	68	1	1	95	2	97	6.61e-11	45.1
olaTTNIg82	TTNA61	29.167	96	67	1	1	95	2	97	8.73e-11	44.7
olaTTNIg82	TTNA25	34.328	67	44	0	29	95	28	94	8.96e-11	44.7
olaTTNIg82	TTNA165	25.000	96	71	1	1	95	1	96	2.58e-10	43.5
olaTTNIg82	TTNA164	28.947	76	54	0	11	86	8	83	3.28e-10	43.1
olaTTNIg82	TTNA169	31.507	73	49	1	12	83	16	88	8.66e-09	39.7
olaTTNIg82	TTNA29	27.381	84	59	1	1	84	2	83	1.41e-08	38.9
olaTTNIg82	TTNA8	30.952	84	57	1	1	84	2	84	3.77e-08	37.7
olaTTNIg82	TTNA18	27.473	91	55	2	1	84	2	88	1.25e-06	33.9
olaTTNIg82	TTNA4	22.222	117	62	2	8	95	5	121	1.76e-06	33.9
olaTTNIg82	TTNA168	32.258	62	38	2	27	85	24	84	4.11e-05	29.6
olaTTNIg83	TTNA72	61.053	95	36	1	1	94	2	96	7.64e-44	128
olaTTNIg83	TTNA83	49.474	95	47	1	1	94	2	96	4.31e-31	96.3
olaTTNIg83	TTNA116	47.368	95	49	1	1	94	2	96	5.70e-30	93.6
olaTTNIg83	TTNA105	49.425	87	43	1	9	94	11	97	1.24e-27	87.8
olaTTNIg83	TTNA94	41.053	95	55	1	1	94	1	95	1.91e-27	87.0
olaTTNIg83	TTNA149	41.176	85	50	0	10	94	13	97	4.82e-19	65.9
olaTTNIg83	TTNA138	37.647	85	53	0	10	94	12	96	5.97e-19	65.5
olaTTNIg83	TTNA79	39.241	79	48	0	16	94	15	93	3.05e-18	63.5
olaTTNIg83	TTNA123	33.735	83	55	0	12	94	14	96	1.20e-17	62.4
olaTTNIg83	TTNA36	30.526	95	65	1	1	94	2	96	3.51e-17	60.8
olaTTNIg83	TTNA61	37.500	96	58	2	1	94	2	97	6.12e-17	60.5
olaTTNIg83	TTNA101	34.568	81	53	0	14	94	12	92	6.53e-17	60.1
olaTTNIg83	TTNA32	34.940	83	54	0	12	94	14	96	1.39e-16	59.7
olaTTNIg83	TTNA65	34.737	95	59	2	1	94	2	94	3.60e-16	58.5
olaTTNIg83	TTNA50	34.737	95	61	1	1	94	2	96	9.09e-16	57.4
olaTTNIg83	TTNA46	32.979	94	60	1	1	94	2	92	9.13e-16	57.4
olaTTNIg83	TTNA127	36.471	85	54	0	10	94	11	95	1.61e-15	56.6
olaTTNIg83	TTNA54	27.586	87	63	0	8	94	10	96	1.65e-15	56.6
olaTTNIg83	TTNA68	30.233	86	60	0	9	94	10	95	2.65e-15	56.2
olaTTNIg83	TTNA1	34.524	84	54	1	10	93	10	92	4.90e-15	55.5
olaTTNIg83	TTNA142	32.632	95	61	2	1	94	2	94	7.02e-15	55.1
olaTTNIg83	TTNI107	33.333	81	54	0	14	94	16	96	1.16e-14	54.7
olaTTNIg83	TTNA25	30.851	94	64	1	1	94	2	94	1.17e-14	54.7
olaTTNIg83	TTNA131	32.292	96	63	2	1	94	2	97	2.81e-14	53.5
olaTTNIg83	TTNA11	35.165	91	53	1	10	94	13	103	3.99e-14	53.5
olaTTNIg83	TTNA76	32.632	95	61	2	1	94	2	94	6.59e-14	52.8
olaTTNIg83	TTNA98	30.928	97	60	4	1	94	2	94	1.04e-13	52.0
olaTTNIg83	TTNA39	35.227	88	51	2	11	94	11	96	1.09e-13	52.0
olaTTNIg83	TTNA112	30.864	81	56	0	14	94	12	92	1.12e-13	52.0
olaTTNIg83	TTNA112	50.000	10	5	0	86	95	8	17	2.7	16.2
olaTTNIg83	TTNA43	33.333	96	60	3	1	94	2	95	1.20e-13	52.0
olaTTNIg83	TTNA90	29.630	81	57	0	14	94	12	92	1.21e-13	52.0
olaTTNIg83	TTNA57	28.723	94	66	1	1	93	1	94	2.77e-13	51.2
olaTTNIg83	TTNA15	29.808	104	62	3	1	94	1	103	3.44e-13	50.8
olaTTNIg83	TTNA87	33.333	87	56	1	8	94	10	94	4.36e-13	50.4
olaTTNIg83	TTNA120	32.184	87	57	1	8	94	9	93	5.71e-13	50.1
olaTTNIg83	TTNA109	33.684	95	60	2	1	94	2	94	6.03e-13	50.1
olaTTNIg83	TTNA145	35.714	84	54	0	10	93	11	94	6.37e-13	50.1
olaTTNIg83	TTNA22	28.421	95	65	2	1	94	2	94	2.76e-12	48.5
olaTTNIg83	TTNA8	29.474	95	65	2	1	94	2	95	3.31e-12	48.1
olaTTNIg83	TTNA153	27.473	91	64	1	4	94	5	93	3.85e-11	45.4
olaTTNIg83	TTNA160	29.268	82	56	1	12	93	13	92	6.80e-10	42.4
olaTTNIg83	TTNA156	26.744	86	63	0	9	94	10	95	6.85e-10	42.4
olaTTNIg83	TTNA29	28.395	81	56	1	14	94	16	94	9.66e-10	42.0
olaTTNIg83	TTNA134	27.536	69	50	0	12	80	13	81	3.36e-09	40.4
olaTTNIg83	TTNA165	27.500	80	57	1	16	94	17	96	3.69e-09	40.4
olaTTNIg83	TTNA164	33.333	75	49	1	8	82	7	80	3.93e-09	40.4
olaTTNIg83	TTNA4	30.000	110	48	4	14	94	12	121	5.33e-09	40.4
olaTTNIg83	TTNA169	27.848	79	56	1	17	94	22	100	9.59e-08	37.0
olaTTNIg83	TTNA18	30.108	93	58	2	8	93	6	98	8.07e-07	34.3
olaTTNIg83	TTNA168	25.373	67	40	3	22	82	20	82	3.99e-04	26.9
olaTTNIg83	TTNI106	26.923	52	38	0	28	79	28	79	0.002	25.4
olaTTNIg84	TTNA76	74.468	94	24	0	1	94	1	94	1.12e-52	150
olaTTNIg84	TTNA109	68.085	94	30	0	1	94	1	94	4.90e-46	134
olaTTNIg84	TTNA87	67.742	93	30	0	2	94	2	94	4.35e-45	131
olaTTNIg84	TTNA65	51.613	93	45	0	2	94	2	94	1.15e-35	107
olaTTNIg84	TTNA98	50.538	93	46	0	2	94	2	94	6.89e-34	103
olaTTNIg84	TTNA153	49.462	93	47	0	2	94	1	93	8.62e-34	103
olaTTNIg84	TTNA54	51.042	96	45	1	1	94	1	96	1.19e-31	97.8
olaTTNIg84	TTNA142	48.387	93	48	0	2	94	2	94	5.78e-31	95.9
olaTTNIg84	TTNA43	49.474	95	47	1	1	94	1	95	7.57e-29	90.5
olaTTNIg84	TTNA120	47.312	93	49	0	2	94	1	93	2.94e-28	89.0
olaTTNIg84	TTNA131	47.423	97	46	3	2	94	2	97	6.02e-26	83.2
olaTTNIg84	TTNA29	43.617	94	53	0	1	94	1	94	2.06e-22	74.3
olaTTNIg84	TTNA160	38.043	92	57	0	2	93	1	92	4.91e-22	73.2
olaTTNIg84	TTNA116	37.500	96	58	1	1	94	1	96	7.76e-21	70.5
olaTTNIg84	TTNA8	37.895	95	58	1	1	94	1	95	1.25e-20	69.7
olaTTNIg84	TTNA32	37.500	96	58	1	1	94	1	96	1.34e-20	69.7
olaTTNIg84	TTNA149	40.206	97	55	2	1	94	1	97	1.71e-20	69.3
olaTTNIg84	TTNA127	37.895	95	57	1	2	94	1	95	1.87e-20	69.3
olaTTNIg84	TTNA50	38.542	96	57	1	1	94	1	96	2.99e-20	68.9
olaTTNIg84	TTNA36	37.755	98	55	3	1	94	1	96	1.39e-18	64.7
olaTTNIg84	TTNA83	35.417	96	60	1	1	94	1	96	5.92e-18	63.2
olaTTNIg84	TTNA22	32.258	93	63	0	2	94	2	94	1.58e-17	62.0
olaTTNIg84	TTNA46	38.372	86	45	2	14	94	10	92	2.40e-17	61.2
olaTTNIg84	TTNA72	36.458	96	57	2	2	94	2	96	2.62e-17	61.2
olaTTNIg84	TTNA39	37.634	93	54	2	6	94	4	96	2.92e-17	61.2
olaTTNIg84	TTNA25	38.542	96	55	2	1	94	1	94	4.79e-17	60.5
olaTTNIg84	TTNA94	33.684	95	61	1	2	94	1	95	4.85e-17	60.5
olaTTNIg84	TTNA105	37.113	97	56	2	2	94	2	97	1.47e-16	59.3
olaTTNIg84	TTNI107	34.737	95	60	1	2	94	2	96	1.83e-16	59.3
olaTTNIg84	TTNA15	30.097	103	62	2	2	94	1	103	3.11e-16	58.9
olaTTNIg84	TTNA57	33.333	93	58	3	5	93	2	94	5.11e-16	58.2
olaTTNIg84	TTNA101	37.349	83	48	2	15	94	11	92	8.10e-16	57.4
olaTTNIg84	TTNA68	33.684	95	61	1	2	94	1	95	4.46e-15	55.5
olaTTNIg84	TTNA90	39.759	83	46	3	15	94	11	92	5.40e-15	55.5
olaTTNIg84	TTNA156	30.526	95	64	1	2	94	1	95	1.73e-14	54.3
olaTTNIg84	TTNA145	36.170	94	58	1	2	93	1	94	2.05e-14	53.9
olaTTNIg84	TTNA61	34.375	96	60	2	2	94	2	97	5.38e-14	52.8
olaTTNIg84	TTNA112	37.805	82	47	2	16	94	12	92	1.26e-13	52.0
olaTTNIg84	TTNA123	35.354	99	56	4	1	94	1	96	1.96e-13	51.6
olaTTNIg84	TTNA138	31.250	96	64	1	1	94	1	96	1.99e-13	51.6
olaTTNIg84	TTNA79	35.417	96	57	2	1	94	1	93	3.87e-13	50.4
olaTTNIg84	TTNA1	33.333	90	57	2	6	93	4	92	1.34e-12	49.3
olaTTNIg84	TTNA165	30.208	96	64	2	2	94	1	96	3.88e-11	45.4
olaTTNIg84	TTNA11	26.214	103	67	2	1	94	1	103	8.86e-09	39.7
olaTTNIg84	TTNA134	29.268	82	54	2	2	80	1	81	1.84e-08	38.5
olaTTNIg84	TTNI106	31.081	74	49	1	22	93	20	93	6.00e-08	37.4
olaTTNIg84	TTNA18	26.667	105	58	4	1	93	1	98	1.47e-07	36.2
olaTTNIg84	TTNA169	29.412	102	61	4	1	94	2	100	4.36e-07	35.0
olaTTNIg84	TTNA168	27.273	88	59	2	9	92	6	92	1.81e-05	30.8
olaTTNIg84	TTNA4	37.500	48	29	1	48	94	74	121	0.002	25.4
olaTTNIg84	TTNA164	25.000	64	46	1	21	82	17	80	0.006	23.9
olaTTNIg85	TTNA79	54.348	92	42	0	2	93	2	93	1.98e-36	109
olaTTNIg85	TTNA101	51.087	92	45	0	2	93	1	92	1.53e-35	107
olaTTNIg85	TTNA112	46.739	92	49	0	2	93	1	92	9.82e-31	95.1
olaTTNIg85	TTNA90	46.739	92	49	0	2	93	1	92	3.20e-30	94.0
olaTTNIg85	TTNA123	42.353	85	49	0	9	93	12	96	1.18e-20	69.7
olaTTNIg85	TTNA134	38.272	81	50	0	12	92	14	94	4.40e-20	68.6
olaTTNIg85	TTNA68	42.308	78	45	0	16	93	18	95	3.12e-19	66.2
olaTTNIg85	TTNA131	36.250	80	50	1	15	93	18	97	8.74e-17	60.1
olaTTNIg85	TTNA83	32.941	85	57	0	9	93	12	96	2.17e-16	58.9
olaTTNIg85	TTNA156	31.868	91	62	0	3	93	5	95	4.43e-16	58.2
olaTTNIg85	TTNA1	29.670	91	64	0	2	92	2	92	1.68e-15	56.6
olaTTNIg85	TTNA36	32.941	85	57	0	9	93	12	96	7.50e-15	55.1
olaTTNIg85	TTNA116	34.118	85	56	0	9	93	12	96	1.16e-14	54.7
olaTTNIg85	TTNA65	33.333	87	56	1	7	93	10	94	2.68e-14	53.5
olaTTNIg85	TTNA145	31.707	82	56	0	11	92	13	94	3.26e-13	50.8
olaTTNIg85	TTNA57	33.333	72	48	0	21	92	23	94	1.26e-12	49.3
olaTTNIg85	TTNA50	30.120	83	58	0	11	93	14	96	1.57e-12	48.9
olaTTNIg85	TTNA98	29.885	87	59	1	7	93	10	94	5.32e-12	47.8
olaTTNIg85	TTNA120	30.952	84	56	1	10	93	12	93	6.39e-12	47.4
olaTTNIg85	TTNA39	30.337	89	60	1	7	93	8	96	9.81e-12	47.0
olaTTNIg85	TTNA94	29.412	85	60	0	9	93	11	95	1.54e-11	46.6
olaTTNIg85	TTNA105	30.233	86	59	1	9	93	12	97	1.61e-11	46.6
olaTTNIg85	TTNA138	27.273	88	60	2	8	93	11	96	3.34e-11	45.8
olaTTNIg85	TTNA149	27.778	90	65	0	4	93	8	97	6.70e-11	45.1
olaTTNIg85	TTNA153	30.769	91	61	1	3	93	5	93	7.91e-11	44.7
olaTTNIg85	TTNA46	23.913	92	70	0	2	93	1	92	1.22e-10	44.3
olaTTNIg85	TTNA25	27.059	85	62	0	9	93	10	94	1.40e-10	43.9
olaTTNIg85	TTNA61	29.762	84	58	1	11	93	14	97	1.98e-10	43.5
olaTTNIg85	TTNA54	27.586	87	63	0	7	93	10	96	2.70e-10	43.1
olaTTNIg85	TTNA72	28.235	85	61	0	9	93	12	96	4.87e-10	42.7
olaTTNIg85	TTNA43	39.706	68	38	2	27	93	30	95	1.04e-09	41.6
olaTTNIg85	TTNA76	28.947	76	50	2	19	93	22	94	1.23e-09	41.6
olaTTNIg85	TTNA32	32.895	76	49	1	20	93	21	96	1.43e-09	41.6
olaTTNIg85	TTNA160	31.429	70	46	1	23	92	25	92	1.57e-09	41.2
olaTTNIg85	TTNA142	25.000	84	61	1	10	93	13	94	8.01e-09	39.3
olaTTNIg85	TTNA87	30.682	88	57	3	7	93	10	94	1.29e-08	38.9
olaTTNIg85	TTNA11	27.473	91	60	1	9	93	13	103	1.40e-08	38.9
olaTTNIg85	TTNI107	26.437	87	64	0	7	93	10	96	1.60e-08	38.9
olaTTNIg85	TTNA109	34.328	67	42	1	27	93	30	94	2.58e-08	38.1
olaTTNIg85	TTNA8	30.120	83	57	1	11	93	14	95	3.69e-08	37.7
olaTTNIg85	TTNA127	25.641	78	58	0	16	93	18	95	4.28e-08	37.7
olaTTNIg85	TTNA165	25.000	80	59	1	15	93	17	96	1.58e-07	36.2
olaTTNIg85	TTNA15	29.670	91	54	3	13	93	13	103	8.15e-07	34.3
olaTTNIg85	TTNA4	21.368	117	63	3	6	93	5	121	1.34e-05	31.2
olaTTNIg85	TTNA169	24.691	81	60	1	14	93	20	100	2.61e-05	30.4
olaTTNIg85	TTNA164	20.988	81	64	0	2	82	1	81	1.77e-04	28.1
olaTTNIg85	TTNA22	22.388	67	50	1	27	93	30	94	0.009	23.1
olaTTNIg85	TTNA168	20.588	68	50	2	27	91	26	92	0.063	20.8
olaTTNIg86	TTNA83	54.167	96	44	0	1	96	1	96	3.73e-36	109
olaTTNIg86	TTNA94	53.684	95	44	0	2	96	1	95	2.16e-35	107
olaTTNIg86	TTNA105	45.833	96	51	1	2	96	2	97	4.78e-26	83.6
olaTTNIg86	TTNA116	41.667	96	56	0	1	96	1	96	1.46e-25	82.4
olaTTNIg86	TTNA72	37.895	95	59	0	2	96	2	96	4.36e-20	68.6
olaTTNIg86	TTNA65	35.789	95	59	1	2	96	2	94	7.79e-20	67.8
olaTTNIg86	TTNA61	37.500	96	59	1	2	96	2	97	9.07e-20	67.8
olaTTNIg86	TTNA43	35.052	97	60	2	1	96	1	95	3.02e-18	63.9
olaTTNIg86	TTNA149	39.175	97	58	1	1	96	1	97	4.35e-18	63.5
olaTTNIg86	TTNA138	31.250	96	66	0	1	96	1	96	1.55e-17	62.0
olaTTNIg86	TTNA54	33.333	96	64	0	1	96	1	96	2.24e-17	61.6
olaTTNIg86	TTNA142	32.632	95	62	1	2	96	2	94	5.24e-17	60.5
olaTTNIg86	TTNA127	34.737	95	62	0	2	96	1	95	1.09e-16	59.7
olaTTNIg86	TTNA79	33.333	84	56	0	13	96	10	93	5.00e-16	58.2
olaTTNIg86	TTNA29	30.208	96	65	1	1	96	1	94	5.40e-16	58.2
olaTTNIg86	TTNA46	32.292	96	61	2	1	96	1	92	5.44e-16	58.2
olaTTNIg86	TTNA90	33.333	81	54	0	16	96	12	92	1.32e-15	57.0
olaTTNIg86	TTNA131	31.250	96	65	1	2	96	2	97	1.47e-15	57.0
olaTTNIg86	TTNI107	34.737	95	62	0	2	96	2	96	2.05e-15	56.6
olaTTNIg86	TTNA98	32.632	95	62	1	2	96	2	94	2.07e-15	56.6
olaTTNIg86	TTNA109	31.250	96	64	1	1	96	1	94	2.71e-15	56.2
olaTTNIg86	TTNA101	33.333	84	56	0	13	96	9	92	2.95e-15	56.2
olaTTNIg86	TTNA123	31.250	96	66	0	1	96	1	96	3.31e-15	56.2
olaTTNIg86	TTNA25	31.579	95	61	2	1	93	1	93	7.27e-15	55.1
olaTTNIg86	TTNA39	32.258	93	61	1	6	96	4	96	7.61e-15	55.1
olaTTNIg86	TTNA120	30.526	95	64	1	2	96	1	93	1.18e-14	54.7
olaTTNIg86	TTNA68	32.143	84	57	0	2	85	1	84	1.77e-14	54.3
olaTTNIg86	TTNA32	27.083	96	70	0	1	96	1	96	2.78e-14	53.5
olaTTNIg86	TTNA76	26.804	97	67	2	1	96	1	94	7.51e-14	52.4
olaTTNIg86	TTNA112	32.143	84	57	0	13	96	9	92	1.25e-13	52.0
olaTTNIg86	TTNA57	31.579	76	52	0	20	95	19	94	1.39e-13	52.0
olaTTNIg86	TTNA87	29.474	95	65	1	2	96	2	94	2.44e-13	51.2
olaTTNIg86	TTNA50	33.333	99	60	3	1	96	1	96	3.33e-13	50.8
olaTTNIg86	TTNA145	33.333	84	56	0	12	95	11	94	3.83e-13	50.8
olaTTNIg86	TTNA8	32.323	99	60	2	1	96	1	95	7.56e-13	50.1
olaTTNIg86	TTNA160	30.208	96	61	2	2	95	1	92	1.00e-12	49.7
olaTTNIg86	TTNA22	33.684	95	61	1	2	96	2	94	2.24e-12	48.9
olaTTNIg86	TTNA134	34.146	82	54	0	14	95	13	94	5.85e-12	47.8
olaTTNIg86	TTNA36	30.208	96	67	0	1	96	1	96	2.21e-11	46.2
olaTTNIg86	TTNA15	26.214	103	68	2	2	96	1	103	2.26e-11	46.2
olaTTNIg86	TTNA153	27.368	95	67	1	2	96	1	93	2.78e-11	45.8
olaTTNIg86	TTNA11	32.222	90	55	1	13	96	14	103	2.85e-10	43.5
olaTTNIg86	TTNA156	26.316	95	70	0	2	96	1	95	3.06e-10	43.1
olaTTNIg86	TTNA1	29.670	91	63	1	5	95	3	92	1.77e-09	41.2
olaTTNIg86	TTNA165	28.358	67	47	1	19	84	18	84	4.56e-07	35.0
olaTTNIg86	TTNA164	26.866	67	49	0	19	85	15	81	2.09e-06	33.1
olaTTNIg86	TTNA4	36.667	30	19	0	13	42	9	38	5.62e-05	29.6
olaTTNIg86	TTNA18	26.923	104	59	5	1	93	1	98	1.28e-04	28.5
olaTTNIg86	TTNI106	33.333	54	32	2	30	81	28	79	1.56e-04	28.1
olaTTNIg86	TTNA169	28.571	77	52	2	19	92	22	98	3.07e-04	27.3
olaTTNIg86	TTNA169	28.571	21	15	0	23	43	4	24	5.2	15.8
olaTTNIg86	TTNA168	28.125	32	23	0	9	40	5	36	0.81	17.7
olaTTNIg87	TTNA87	62.366	93	35	0	1	93	2	94	5.94e-43	126
olaTTNIg87	TTNA109	56.989	93	40	0	1	93	2	94	2.16e-39	117
olaTTNIg87	TTNA76	56.989	93	40	0	1	93	2	94	1.31e-38	115
olaTTNIg87	TTNA98	52.688	93	44	0	1	93	2	94	4.16e-36	108
olaTTNIg87	TTNA65	49.462	93	47	0	1	93	2	94	9.03e-35	105
olaTTNIg87	TTNA153	53.763	93	43	0	1	93	1	93	3.26e-33	101
olaTTNIg87	TTNA142	45.161	93	51	0	1	93	2	94	1.81e-30	94.7
olaTTNIg87	TTNA120	46.237	93	50	0	1	93	1	93	1.18e-27	87.4
olaTTNIg87	TTNA54	41.053	95	54	1	1	93	2	96	1.84e-24	79.3
olaTTNIg87	TTNA131	44.792	96	50	2	1	93	2	97	3.05e-24	79.0
olaTTNIg87	TTNA43	41.667	96	51	2	1	93	2	95	3.52e-24	79.0
olaTTNIg87	TTNA160	34.783	92	60	0	1	92	1	92	4.49e-22	73.6
olaTTNIg87	TTNA22	34.409	93	61	0	1	93	2	94	3.50e-21	71.2
olaTTNIg87	TTNA50	38.947	95	56	1	1	93	2	96	1.12e-20	70.1
olaTTNIg87	TTNA15	35.922	103	56	2	1	93	1	103	1.25e-20	70.1
olaTTNIg87	TTNA68	36.842	95	58	1	1	93	1	95	1.24e-19	67.4
olaTTNIg87	TTNA72	36.842	95	58	1	1	93	2	96	1.84e-19	66.6
olaTTNIg87	TTNA57	36.458	96	55	3	1	92	1	94	2.28e-19	66.6
olaTTNIg87	TTNA83	37.895	95	57	1	1	93	2	96	2.46e-19	66.6
olaTTNIg87	TTNA36	35.789	95	59	1	1	93	2	96	3.42e-19	66.2
olaTTNIg87	TTNA90	40.244	82	47	1	14	93	11	92	8.69e-19	65.1
olaTTNIg87	TTNA127	36.842	95	58	1	1	93	1	95	2.01e-18	64.3
olaTTNIg87	TTNA94	35.789	95	59	2	1	93	1	95	2.09e-18	63.9
olaTTNIg87	TTNA116	33.684	95	61	1	1	93	2	96	2.53e-18	63.9
olaTTNIg87	TTNA101	40.244	82	47	1	14	93	11	92	2.70e-18	63.5
olaTTNIg87	TTNA105	32.292	96	62	1	1	93	2	97	6.25e-18	62.8
olaTTNIg87	TTNA145	37.234	94	57	1	1	92	1	94	2.08e-17	61.6
olaTTNIg87	TTNA8	35.106	94	60	1	1	93	2	95	2.17e-17	61.6
olaTTNIg87	TTNA123	33.684	95	61	1	1	93	2	96	2.27e-17	61.6
olaTTNIg87	TTNA149	37.500	96	57	2	1	93	2	97	3.40e-17	61.2
olaTTNIg87	TTNA79	39.080	87	51	1	9	93	7	93	1.14e-16	59.7
olaTTNIg87	TTNA46	38.554	83	49	1	13	93	10	92	1.24e-16	59.3
olaTTNIg87	TTNA39	34.409	93	57	2	5	93	4	96	1.88e-16	59.3
olaTTNIg87	TTNA25	36.364	88	54	1	8	93	7	94	2.63e-16	58.5
olaTTNIg87	TTNA32	34.737	95	60	1	1	93	2	96	4.79e-16	58.2
olaTTNIg87	TTNA138	32.632	95	62	1	1	93	2	96	7.63e-16	57.8
olaTTNIg87	TTNA112	40.000	80	46	1	16	93	13	92	1.55e-15	56.6
olaTTNIg87	TTNA29	33.333	93	62	0	1	93	2	94	1.97e-15	56.6
olaTTNIg87	TTNI107	34.737	95	60	1	1	93	2	96	7.03e-15	55.1
olaTTNIg87	TTNA156	32.632	95	62	1	1	93	1	95	7.33e-15	55.1
olaTTNIg87	TTNA61	35.417	96	59	2	1	93	2	97	1.75e-14	54.3
olaTTNIg87	TTNA134	34.568	81	51	1	1	79	1	81	1.88e-13	51.6
olaTTNIg87	TTNA165	30.208	96	64	2	1	93	1	96	9.80e-13	49.7
olaTTNIg87	TTNA1	33.333	90	57	2	5	92	4	92	1.33e-12	49.3
olaTTNIg87	TTNA169	32.911	79	50	2	18	93	22	100	4.63e-11	45.4
olaTTNIg87	TTNA18	32.979	94	54	2	8	92	5	98	4.84e-11	45.4
olaTTNIg87	TTNA11	32.584	89	52	2	13	93	15	103	4.43e-10	42.7
olaTTNIg87	TTNI106	36.667	60	36	1	21	78	20	79	1.14e-09	41.6
olaTTNIg87	TTNA4	28.448	116	52	3	9	93	6	121	8.65e-08	37.4
olaTTNIg87	TTNA164	32.500	80	49	2	7	81	1	80	3.87e-07	35.0
olaTTNIg87	TTNA168	26.562	64	41	2	23	81	20	82	1.85e-04	27.7
olaTTNIg88	TTNA90	57.609	92	39	0	1	92	1	92	1.59e-39	117
olaTTNIg88	TTNA101	41.304	92	54	0	1	92	1	92	1.17e-29	92.4
olaTTNIg88	TTNA79	43.478	92	52	0	1	92	2	93	7.08e-27	85.5
olaTTNIg88	TTNA112	42.391	92	53	0	1	92	1	92	1.35e-25	82.4
olaTTNIg88	TTNA123	46.591	88	45	1	7	92	9	96	2.02e-24	79.3
olaTTNIg88	TTNA68	48.684	76	39	0	17	92	20	95	2.80e-20	68.9
olaTTNIg88	TTNA83	37.037	81	51	0	12	92	16	96	8.42e-18	62.4
olaTTNIg88	TTNA134	35.714	84	54	0	8	91	11	94	3.38e-17	60.8
olaTTNIg88	TTNA57	39.024	82	50	0	10	91	13	94	6.27e-17	60.5
olaTTNIg88	TTNA50	35.294	85	55	0	8	92	12	96	1.65e-15	56.6
olaTTNIg88	TTNA36	36.585	82	52	0	11	92	15	96	1.77e-15	56.6
olaTTNIg88	TTNA131	38.462	78	47	1	16	92	20	97	1.11e-14	54.7
olaTTNIg88	TTNA105	37.805	82	50	1	12	92	16	97	1.22e-14	54.3
olaTTNIg88	TTNA65	43.210	81	42	2	14	92	16	94	2.21e-14	53.9
olaTTNIg88	TTNA116	30.667	75	52	0	18	92	22	96	4.92e-14	52.8
olaTTNIg88	TTNA156	34.524	84	53	1	11	92	12	95	5.48e-14	52.8
olaTTNIg88	TTNA61	38.028	71	44	0	22	92	27	97	6.39e-14	52.8
olaTTNIg88	TTNI107	30.233	86	60	0	7	92	11	96	1.00e-13	52.0
olaTTNIg88	TTNA54	36.620	71	45	0	22	92	26	96	3.37e-13	50.8
olaTTNIg88	TTNA29	34.783	69	43	1	24	92	28	94	5.02e-13	50.4
olaTTNIg88	TTNA138	27.907	86	62	0	7	92	11	96	1.18e-12	49.3
olaTTNIg88	TTNA145	36.486	74	47	0	18	91	21	94	1.93e-12	48.9
olaTTNIg88	TTNA160	34.940	83	50	2	11	91	12	92	2.32e-12	48.5
olaTTNIg88	TTNA25	32.836	67	45	0	26	92	28	94	2.42e-12	48.5
olaTTNIg88	TTNA94	27.160	81	59	0	12	92	15	95	1.23e-11	46.6
olaTTNIg88	TTNA72	32.877	73	49	0	20	92	24	96	1.66e-11	46.6
olaTTNIg88	TTNA98	31.507	73	48	1	20	92	24	94	1.92e-11	46.2
olaTTNIg88	TTNA46	24.675	77	58	0	16	92	16	92	2.11e-11	46.2
olaTTNIg88	TTNA149	26.374	91	67	0	2	92	7	97	2.58e-11	45.8
olaTTNIg88	TTNA142	31.522	92	60	2	2	92	5	94	3.31e-11	45.4
olaTTNIg88	TTNA164	26.667	90	66	0	1	90	1	90	4.07e-11	45.4
olaTTNIg88	TTNA153	33.803	71	45	1	22	92	25	93	4.63e-11	45.1
olaTTNIg88	TTNA120	31.579	76	50	1	17	92	20	93	4.83e-11	45.1
olaTTNIg88	TTNA127	34.146	82	48	1	11	92	20	95	6.37e-11	45.1
olaTTNIg88	TTNA32	32.099	81	53	1	14	92	16	96	1.08e-10	44.3
olaTTNIg88	TTNA1	26.316	76	56	0	16	91	17	92	1.63e-10	43.9
olaTTNIg88	TTNA8	35.065	77	49	1	16	92	20	95	2.12e-10	43.5
olaTTNIg88	TTNA39	29.762	84	57	1	11	92	13	96	7.72e-10	42.0
olaTTNIg88	TTNA76	32.394	71	46	1	22	92	26	94	1.34e-09	41.6
olaTTNIg88	TTNA169	28.235	85	58	2	11	92	16	100	1.66e-09	41.2
olaTTNIg88	TTNA18	30.488	82	50	1	17	91	17	98	1.10e-08	39.3
olaTTNIg88	TTNA109	35.211	71	44	1	22	92	26	94	3.83e-08	37.7
olaTTNIg88	TTNA22	29.630	81	55	1	12	92	16	94	5.99e-08	37.0
olaTTNIg88	TTNA87	29.577	71	48	1	22	92	26	94	9.64e-08	36.6
olaTTNIg88	TTNA43	31.429	70	45	2	24	92	28	95	4.44e-07	35.0
olaTTNIg88	TTNA11	22.449	98	68	2	3	92	6	103	1.09e-06	33.9
olaTTNIg88	TTNA165	22.917	96	70	2	1	92	1	96	1.42e-06	33.5
olaTTNIg88	TTNA4	25.439	114	56	3	8	92	8	121	6.01e-06	32.3
olaTTNIg88	TTNI106	29.032	62	44	0	18	79	20	81	9.95e-06	31.2
olaTTNIg88	TTNA168	24.096	83	59	2	1	80	1	82	1.00e-05	31.2
olaTTNIg88	TTNA15	26.923	78	47	2	24	92	27	103	1.01e-05	31.6
olaTTNIg89	TTNA94	46.316	95	51	0	1	95	1	95	5.86e-34	103
olaTTNIg89	TTNA83	45.263	95	52	0	1	95	2	96	2.83e-31	97.1
olaTTNIg89	TTNA105	43.750	96	53	1	1	95	2	97	1.77e-28	89.7
olaTTNIg89	TTNA72	44.211	95	53	0	1	95	2	96	1.17e-26	85.1
olaTTNIg89	TTNA116	40.000	95	57	0	1	95	2	96	3.52e-26	84.0
olaTTNIg89	TTNA79	38.095	84	52	0	12	95	10	93	1.51e-20	69.7
olaTTNIg89	TTNA46	38.554	83	51	0	13	95	10	92	4.83e-20	68.2
olaTTNIg89	TTNA127	34.483	87	57	0	9	95	9	95	2.70e-19	66.6
olaTTNIg89	TTNA142	30.526	95	64	1	1	95	2	94	5.58e-18	63.2
olaTTNIg89	TTNA149	38.542	96	58	1	1	95	2	97	1.76e-17	62.0
olaTTNIg89	TTNA8	34.737	95	61	1	1	95	2	95	5.54e-17	60.5
olaTTNIg89	TTNA101	35.714	84	54	0	12	95	9	92	5.80e-17	60.5
olaTTNIg89	TTNA43	35.417	96	59	2	1	95	2	95	9.32e-17	60.1
olaTTNIg89	TTNA61	36.458	96	60	1	1	95	2	97	1.14e-16	59.7
olaTTNIg89	TTNA138	29.474	95	67	0	1	95	2	96	1.72e-16	59.3
olaTTNIg89	TTNA29	32.632	95	62	1	1	95	2	94	3.73e-16	58.5
olaTTNIg89	TTNA160	30.851	94	63	1	1	94	1	92	4.48e-16	58.2
olaTTNIg89	TTNA90	28.571	91	64	1	5	95	3	92	7.28e-16	57.8
olaTTNIg89	TTNA109	30.526	95	64	1	1	95	2	94	8.05e-16	57.4
olaTTNIg89	TTNA145	36.585	82	52	0	13	94	13	94	1.22e-15	57.0
olaTTNIg89	TTNA112	29.762	84	59	0	12	95	9	92	4.17e-15	55.8
olaTTNIg89	TTNA123	31.395	86	59	0	10	95	11	96	4.19e-15	55.8
olaTTNIg89	TTNA98	30.526	95	64	1	1	95	2	94	4.86e-15	55.5
olaTTNIg89	TTNA50	29.474	95	67	0	1	95	2	96	6.39e-15	55.5
olaTTNIg89	TTNA39	31.250	96	64	1	2	95	1	96	8.94e-15	55.1
olaTTNIg89	TTNA22	36.842	95	58	1	1	95	2	94	9.52e-15	54.7
olaTTNIg89	TTNA36	32.632	95	64	0	1	95	2	96	9.65e-15	54.7
olaTTNIg89	TTNA65	29.474	95	65	1	1	95	2	94	1.42e-14	54.3
olaTTNIg89	TTNI107	30.526	95	66	0	1	95	2	96	2.29e-14	53.9
olaTTNIg89	TTNA76	25.263	95	69	1	1	95	2	94	4.23e-14	53.1
olaTTNIg89	TTNA165	32.911	79	52	1	18	95	18	96	4.57e-14	53.1
olaTTNIg89	TTNA32	26.316	95	70	0	1	95	2	96	4.83e-14	53.1
olaTTNIg89	TTNA1	32.941	85	57	0	10	94	8	92	7.03e-14	52.4
olaTTNIg89	TTNA131	29.474	95	64	1	1	92	2	96	7.69e-14	52.4
olaTTNIg89	TTNA11	35.443	79	45	2	12	84	14	92	8.58e-14	52.8
olaTTNIg89	TTNA87	30.526	95	64	1	1	95	2	94	9.42e-14	52.4
olaTTNIg89	TTNA54	26.316	95	70	0	1	95	2	96	2.99e-13	50.8
olaTTNIg89	TTNA120	29.474	95	65	1	1	95	1	93	3.15e-13	50.8
olaTTNIg89	TTNA25	29.885	87	61	0	9	95	8	94	6.23e-13	50.1
olaTTNIg89	TTNA156	30.588	85	59	0	11	95	11	95	8.24e-13	49.7
olaTTNIg89	TTNA68	28.736	87	62	0	9	95	9	95	9.48e-13	49.7
olaTTNIg89	TTNA153	28.736	87	60	1	9	95	9	93	1.06e-12	49.7
olaTTNIg89	TTNA57	27.027	74	54	0	21	94	21	94	1.43e-12	49.3
olaTTNIg89	TTNA15	26.214	103	68	2	1	95	1	103	2.33e-12	48.9
olaTTNIg89	TTNA134	26.829	82	60	0	13	94	13	94	5.67e-12	47.8
olaTTNIg89	TTNA164	24.096	83	63	0	11	93	8	90	5.20e-10	42.7
olaTTNIg89	TTNI106	39.286	56	34	0	29	84	28	83	5.59e-10	42.4
olaTTNIg89	TTNA4	23.009	113	58	2	12	95	9	121	7.21e-09	40.0
olaTTNIg89	TTNA18	29.487	78	46	2	15	84	12	88	5.37e-08	37.4
olaTTNIg89	TTNA169	25.714	70	51	1	18	86	22	91	7.33e-07	34.7
olaTTNIg89	TTNA168	22.581	62	46	2	25	84	22	83	4.65e-05	29.6
olaTTNIg90	TTNA98	69.892	93	28	0	2	94	2	94	3.56e-49	142
olaTTNIg90	TTNA87	52.688	93	44	0	2	94	2	94	3.35e-35	106
olaTTNIg90	TTNA109	47.872	94	49	0	1	94	1	94	9.23e-33	100
olaTTNIg90	TTNA76	47.872	94	49	0	1	94	1	94	2.05e-32	99.8
olaTTNIg90	TTNA65	48.387	93	48	0	2	94	2	94	3.55e-32	99.0
olaTTNIg90	TTNA120	41.935	93	54	0	2	94	1	93	1.20e-27	87.4
olaTTNIg90	TTNA142	39.785	93	56	0	2	94	2	94	1.61e-27	87.4
olaTTNIg90	TTNA131	46.875	96	48	2	2	94	2	97	3.46e-24	79.0
olaTTNIg90	TTNA153	38.710	93	57	0	2	94	1	93	7.05e-24	78.2
olaTTNIg90	TTNA54	39.583	96	56	2	1	94	1	96	1.93e-22	74.3
olaTTNIg90	TTNA43	38.947	95	57	1	1	94	1	95	2.81e-22	73.9
olaTTNIg90	TTNA160	35.870	92	59	0	2	93	1	92	3.65e-21	71.2
olaTTNIg90	TTNA116	39.583	96	56	1	1	94	1	96	7.93e-21	70.5
olaTTNIg90	TTNA149	38.144	97	57	2	1	94	1	97	6.60e-19	65.5
olaTTNIg90	TTNA50	38.542	96	57	1	1	94	1	96	2.68e-18	63.9
olaTTNIg90	TTNA68	33.684	95	61	1	2	94	1	95	4.50e-18	63.2
olaTTNIg90	TTNA101	40.244	82	47	1	15	94	11	92	5.13e-18	63.2
olaTTNIg90	TTNA8	35.484	93	57	2	1	92	1	91	5.71e-18	63.2
olaTTNIg90	TTNA83	38.542	96	57	2	1	94	1	96	8.19e-18	62.8
olaTTNIg90	TTNA36	41.000	100	49	3	1	94	1	96	1.11e-17	62.4
olaTTNIg90	TTNA127	34.737	95	60	1	2	94	1	95	2.47e-17	61.2
olaTTNIg90	TTNA39	33.333	93	58	2	6	94	4	96	3.75e-17	60.8
olaTTNIg90	TTNA79	38.542	96	54	2	1	94	1	93	5.04e-17	60.5
olaTTNIg90	TTNA22	33.333	93	62	0	2	94	2	94	6.35e-17	60.5
olaTTNIg90	TTNA156	35.789	95	59	1	2	94	1	95	7.41e-17	60.1
olaTTNIg90	TTNA105	34.375	96	60	1	2	94	2	97	8.21e-17	60.1
olaTTNIg90	TTNA32	33.333	96	62	2	1	94	1	96	1.22e-16	59.7
olaTTNIg90	TTNA72	36.842	95	58	2	2	94	2	96	1.44e-16	59.3
olaTTNIg90	TTNA57	40.000	80	44	2	17	93	16	94	4.44e-16	58.2
olaTTNIg90	TTNA138	31.250	96	64	1	1	94	1	96	1.74e-15	56.6
olaTTNIg90	TTNA112	35.802	81	50	1	16	94	12	92	1.93e-15	56.6
olaTTNIg90	TTNA25	30.208	96	63	2	1	94	1	94	2.16e-15	56.2
olaTTNIg90	TTNI107	32.632	95	62	1	2	94	2	96	5.73e-15	55.5
olaTTNIg90	TTNA94	35.789	95	59	2	2	94	1	95	1.04e-14	54.7
olaTTNIg90	TTNA165	29.167	96	65	2	2	94	1	96	2.22e-14	53.9
olaTTNIg90	TTNA145	35.106	94	59	1	2	93	1	94	3.27e-14	53.5
olaTTNIg90	TTNA46	35.417	96	56	2	1	94	1	92	3.79e-14	53.1
olaTTNIg90	TTNA29	32.258	93	61	1	1	93	1	91	5.61e-14	52.8
olaTTNIg90	TTNA134	34.568	81	51	1	2	80	1	81	8.10e-14	52.4
olaTTNIg90	TTNA15	31.068	103	61	2	2	94	1	103	9.15e-14	52.4
olaTTNIg90	TTNA123	27.083	96	68	1	1	94	1	96	1.21e-13	52.0
olaTTNIg90	TTNA61	32.292	96	62	2	2	94	2	97	1.75e-13	51.6
olaTTNIg90	TTNA90	30.488	82	55	1	15	94	11	92	1.90e-13	51.2
olaTTNIg90	TTNA11	34.951	103	58	2	1	94	1	103	6.86e-13	50.1
olaTTNIg90	TTNA1	29.268	82	56	1	14	93	11	92	1.88e-10	43.5
olaTTNIg90	TTNA169	32.323	99	62	3	1	94	2	100	7.61e-10	42.4
olaTTNIg90	TTNA18	30.392	102	58	3	1	93	1	98	7.25e-08	37.0
olaTTNIg90	TTNI106	26.596	94	66	2	2	93	1	93	8.24e-08	37.0
olaTTNIg90	TTNA4	24.138	116	57	2	10	94	6	121	2.73e-07	35.8
olaTTNIg90	TTNA164	28.000	75	52	1	12	84	8	82	7.51e-06	31.6
olaTTNIg90	TTNA168	25.000	92	64	2	5	92	2	92	1.35e-05	30.8
olaTTNIg91	TTNA101	52.174	92	44	0	1	92	1	92	3.39e-40	119
olaTTNIg91	TTNA90	43.478	92	52	0	1	92	1	92	2.52e-29	91.7
olaTTNIg91	TTNA79	43.478	92	52	0	1	92	2	93	7.01e-29	90.5
olaTTNIg91	TTNA112	39.130	92	56	0	1	92	1	92	2.05e-27	87.0
olaTTNIg91	TTNA68	46.835	79	42	0	14	92	17	95	1.63e-22	74.3
olaTTNIg91	TTNA123	40.000	95	54	2	1	92	2	96	2.10e-20	69.3
olaTTNIg91	TTNA134	35.802	81	52	0	11	91	14	94	7.79e-17	60.1
olaTTNIg91	TTNA46	34.146	82	54	0	11	92	11	92	3.28e-16	58.5
olaTTNIg91	TTNA156	31.461	89	61	0	4	92	7	95	6.19e-16	57.8
olaTTNIg91	TTNA36	32.941	85	57	0	8	92	12	96	1.44e-15	57.0
olaTTNIg91	TTNA1	26.374	91	67	0	1	91	2	92	2.72e-15	56.2
olaTTNIg91	TTNA39	34.737	95	59	2	1	92	2	96	1.47e-14	54.3
olaTTNIg91	TTNA83	30.526	95	63	1	1	92	2	96	2.28e-14	53.9
olaTTNIg91	TTNA131	33.735	83	52	1	1	80	2	84	3.34e-14	53.5
olaTTNIg91	TTNA61	34.940	83	53	1	11	92	15	97	3.38e-14	53.5
olaTTNIg91	TTNA57	33.333	72	48	0	10	81	13	84	3.41e-14	53.1
olaTTNIg91	TTNA138	27.907	86	62	0	7	92	11	96	3.72e-14	53.1
olaTTNIg91	TTNA149	30.769	91	63	0	2	92	7	97	3.72e-14	53.1
olaTTNIg91	TTNA145	34.568	81	53	0	11	91	14	94	2.12e-13	51.2
olaTTNIg91	TTNA94	29.474	95	64	1	1	92	1	95	3.22e-13	50.8
olaTTNIg91	TTNA65	36.905	84	51	1	9	92	13	94	3.63e-13	50.4
olaTTNIg91	TTNA116	28.571	91	64	1	3	92	6	96	3.63e-13	50.8
olaTTNIg91	TTNA87	30.526	95	61	2	1	92	2	94	4.96e-13	50.4
olaTTNIg91	TTNA72	29.670	91	63	1	3	92	6	96	6.43e-13	50.1
olaTTNIg91	TTNI107	33.735	83	55	0	10	92	14	96	1.02e-12	49.7
olaTTNIg91	TTNA25	29.268	82	57	1	1	81	2	83	4.11e-12	47.8
olaTTNIg91	TTNA127	30.380	79	55	0	14	92	17	95	5.32e-12	47.8
olaTTNIg91	TTNA153	34.524	84	53	1	9	92	12	93	8.55e-12	47.0
olaTTNIg91	TTNA120	33.333	84	54	1	9	92	12	93	1.32e-11	46.6
olaTTNIg91	TTNA50	27.368	95	66	1	1	92	2	96	1.43e-11	46.6
olaTTNIg91	TTNA98	30.864	81	54	1	12	92	16	94	1.98e-11	46.2
olaTTNIg91	TTNA105	31.395	86	58	1	8	92	12	97	2.32e-11	46.2
olaTTNIg91	TTNA11	26.531	98	64	2	2	92	7	103	2.70e-11	46.2
olaTTNIg91	TTNA29	29.670	91	61	2	2	92	7	94	5.43e-11	45.1
olaTTNIg91	TTNA142	29.474	95	62	2	1	92	2	94	5.92e-11	45.1
olaTTNIg91	TTNA8	35.714	70	44	1	12	81	16	84	7.25e-11	44.7
olaTTNIg91	TTNA54	32.143	84	57	0	9	92	13	96	1.22e-10	44.3
olaTTNIg91	TTNA15	32.184	87	51	2	14	92	17	103	2.75e-10	43.5
olaTTNIg91	TTNA76	31.325	83	53	2	11	92	15	94	4.08e-10	42.7
olaTTNIg91	TTNA164	24.390	82	62	0	1	82	1	82	1.16e-09	41.6
olaTTNIg91	TTNA109	31.579	95	60	2	1	92	2	94	1.19e-09	41.6
olaTTNIg91	TTNA160	31.884	69	45	1	12	80	15	81	1.85e-09	41.2
olaTTNIg91	TTNA43	36.585	82	49	2	12	92	16	95	3.20e-09	40.4
olaTTNIg91	TTNA165	29.762	84	58	1	10	92	13	96	6.45e-09	39.7
olaTTNIg91	TTNA32	25.926	81	60	0	12	92	16	96	2.77e-08	38.1
olaTTNIg91	TTNA18	26.531	98	64	2	1	91	2	98	1.29e-07	36.2
olaTTNIg91	TTNA22	28.395	81	56	1	12	92	16	94	3.57e-06	32.3
olaTTNIg91	TTNI106	22.727	66	51	0	23	88	25	90	1.80e-05	30.4
olaTTNIg91	TTNA4	21.239	113	60	3	9	92	9	121	3.17e-05	30.4
olaTTNIg91	TTNA169	24.638	69	51	1	13	80	20	88	5.52e-05	29.3
olaTTNIg91	TTNA168	25.882	85	52	3	2	83	9	85	1.16e-04	28.5
olaTTNIg92	TTNA105	60.417	96	37	1	1	95	2	97	3.26e-40	119
olaTTNIg92	TTNA94	51.579	95	46	0	1	95	1	95	2.25e-36	109
olaTTNIg92	TTNA83	50.526	95	47	0	1	95	2	96	3.03e-35	107
olaTTNIg92	TTNA116	48.421	95	49	0	1	95	2	96	3.26e-31	96.7
olaTTNIg92	TTNA72	40.000	95	57	0	1	95	2	96	9.43e-24	77.8
olaTTNIg92	TTNA149	37.500	96	59	1	1	95	2	97	4.68e-21	70.9
olaTTNIg92	TTNA138	34.737	95	62	0	1	95	2	96	1.16e-19	67.4
olaTTNIg92	TTNA142	33.684	95	61	1	1	95	2	94	2.87e-19	66.2
olaTTNIg92	TTNA61	38.542	96	58	1	1	95	2	97	4.33e-19	65.9
olaTTNIg92	TTNA160	39.362	94	55	1	1	94	1	92	4.77e-19	65.9
olaTTNIg92	TTNA127	36.364	88	56	0	8	95	8	95	1.04e-17	62.4
olaTTNIg92	TTNA54	31.579	95	65	0	1	95	2	96	1.66e-17	62.0
olaTTNIg92	TTNA120	31.579	95	63	1	1	95	1	93	2.03e-17	61.6
olaTTNIg92	TTNA109	34.737	95	60	1	1	95	2	94	2.58e-17	61.2
olaTTNIg92	TTNA112	35.802	81	52	0	15	95	12	92	6.00e-17	60.5
olaTTNIg92	TTNA87	35.789	95	59	1	1	95	2	94	6.79e-17	60.5
olaTTNIg92	TTNA36	31.579	95	65	0	1	95	2	96	9.05e-17	60.1
olaTTNIg92	TTNA50	31.579	95	65	0	1	95	2	96	2.40e-16	58.9
olaTTNIg92	TTNA32	30.526	95	66	0	1	95	2	96	2.29e-15	56.6
olaTTNIg92	TTNA101	33.333	81	54	0	15	95	12	92	2.37e-15	56.2
olaTTNIg92	TTNA131	31.250	96	65	1	1	95	2	97	5.05e-15	55.5
olaTTNIg92	TTNA76	29.167	96	64	2	1	95	2	94	5.08e-15	55.5
olaTTNIg92	TTNA156	36.047	86	55	0	10	95	10	95	5.49e-15	55.5
olaTTNIg92	TTNA46	34.940	83	54	0	13	95	10	92	6.78e-15	55.1
olaTTNIg92	TTNA65	28.421	95	66	1	1	95	2	94	7.66e-15	55.1
olaTTNIg92	TTNA98	31.579	95	63	1	1	95	2	94	9.62e-15	54.7
olaTTNIg92	TTNA90	34.568	81	53	0	15	95	12	92	3.96e-14	53.1
olaTTNIg92	TTNA43	32.632	95	63	1	1	95	2	95	5.20e-14	52.8
olaTTNIg92	TTNA79	32.609	92	59	1	7	95	2	93	5.37e-14	52.8
olaTTNIg92	TTNA22	34.737	95	60	1	1	95	2	94	6.81e-14	52.8
olaTTNIg92	TTNA57	38.235	68	42	0	27	94	27	94	1.73e-13	51.6
olaTTNIg92	TTNA123	36.905	84	51	2	13	95	14	96	1.94e-13	51.6
olaTTNIg92	TTNA153	31.395	86	57	1	10	95	10	93	2.09e-13	51.2
olaTTNIg92	TTNA39	29.032	93	64	1	5	95	4	96	4.56e-13	50.4
olaTTNIg92	TTNA68	26.316	95	70	0	1	95	1	95	5.41e-13	50.4
olaTTNIg92	TTNA145	34.043	94	62	0	1	94	1	94	1.40e-12	49.3
olaTTNIg92	TTNI107	32.632	95	64	0	1	95	2	96	1.49e-12	49.3
olaTTNIg92	TTNA29	35.802	81	50	1	15	95	16	94	1.99e-12	48.9
olaTTNIg92	TTNA8	30.526	95	65	1	1	95	2	95	2.88e-12	48.5
olaTTNIg92	TTNA25	28.736	87	62	0	9	95	8	94	6.73e-12	47.4
olaTTNIg92	TTNA1	27.957	93	66	1	2	94	1	92	1.24e-11	46.6
olaTTNIg92	TTNA134	31.707	82	56	0	13	94	13	94	1.64e-11	46.6
olaTTNIg92	TTNA11	34.066	91	54	2	11	95	13	103	2.99e-11	45.8
olaTTNIg92	TTNA15	27.619	105	64	2	1	95	1	103	1.94e-10	43.9
olaTTNIg92	TTNA164	26.471	68	50	0	13	80	10	77	6.82e-09	39.7
olaTTNIg92	TTNA4	23.636	110	55	3	15	95	12	121	7.72e-06	32.0
olaTTNIg92	TTNI106	26.744	86	63	0	9	94	8	93	2.42e-04	27.7
olaTTNIg92	TTNA169	26.582	79	57	1	18	95	22	100	3.43e-04	27.3
olaTTNIg92	TTNA168	26.027	73	52	2	23	93	20	92	7.98e-04	26.2
olaTTNIg92	TTNA18	33.333	30	20	0	10	39	7	36	0.010	23.1
olaTTNIg93	TTNA109	72.043	93	26	0	1	93	2	94	4.07e-48	139
olaTTNIg93	TTNA87	62.366	93	35	0	1	93	2	94	6.77e-44	128
olaTTNIg93	TTNA76	62.366	93	35	0	1	93	2	94	2.73e-42	124
olaTTNIg93	TTNA153	48.387	93	48	0	1	93	1	93	1.57e-35	107
olaTTNIg93	TTNA65	47.312	93	49	0	1	93	2	94	5.61e-33	100
olaTTNIg93	TTNA142	45.161	93	51	0	1	93	2	94	6.26e-33	100
olaTTNIg93	TTNA43	52.128	94	44	1	1	93	2	95	1.20e-31	97.8
olaTTNIg93	TTNA54	51.579	95	44	1	1	93	2	96	1.67e-31	97.4
olaTTNIg93	TTNA98	44.086	93	52	0	1	93	2	94	2.37e-31	97.1
olaTTNIg93	TTNA120	46.237	93	50	0	1	93	1	93	5.18e-27	85.9
olaTTNIg93	TTNA160	40.217	92	55	0	1	92	1	92	2.48e-25	81.6
olaTTNIg93	TTNA149	41.667	96	53	2	1	93	2	97	5.61e-22	73.2
olaTTNIg93	TTNA22	35.484	93	60	0	1	93	2	94	5.98e-22	73.2
olaTTNIg93	TTNA131	39.583	96	55	2	1	93	2	97	3.28e-21	71.2
olaTTNIg93	TTNA116	35.789	95	59	1	1	93	2	96	1.57e-20	69.7
olaTTNIg93	TTNA29	39.785	93	56	0	1	93	2	94	2.60e-20	68.9
olaTTNIg93	TTNA46	40.964	83	47	1	13	93	10	92	3.42e-20	68.6
olaTTNIg93	TTNA36	37.895	95	57	1	1	93	2	96	2.39e-19	66.6
olaTTNIg93	TTNA127	36.842	95	58	1	1	93	1	95	6.76e-19	65.5
olaTTNIg93	TTNA105	40.625	96	54	1	1	93	2	97	1.20e-18	64.7
olaTTNIg93	TTNA8	35.106	94	60	1	1	93	2	95	2.87e-18	63.9
olaTTNIg93	TTNA32	35.789	95	59	1	1	93	2	96	4.96e-18	63.2
olaTTNIg93	TTNA68	36.842	95	58	1	1	93	1	95	5.57e-18	63.2
olaTTNIg93	TTNA94	31.579	95	63	1	1	93	1	95	7.23e-18	62.8
olaTTNIg93	TTNA50	33.684	95	61	1	1	93	2	96	8.82e-18	62.4
olaTTNIg93	TTNA15	30.097	103	62	2	1	93	1	103	2.87e-17	61.2
olaTTNIg93	TTNA39	38.710	93	53	2	5	93	4	96	8.35e-17	60.1
olaTTNIg93	TTNA57	29.787	94	64	1	1	92	1	94	3.06e-16	58.5
olaTTNIg93	TTNA72	33.684	95	61	1	1	93	2	96	8.42e-16	57.4
olaTTNIg93	TTNI107	34.737	95	60	1	1	93	2	96	1.19e-15	57.0
olaTTNIg93	TTNA165	36.082	97	57	3	1	93	1	96	1.42e-15	57.0
olaTTNIg93	TTNA101	39.024	82	48	1	14	93	11	92	2.37e-15	56.2
olaTTNIg93	TTNA83	31.579	95	63	1	1	93	2	96	3.06e-15	56.2
olaTTNIg93	TTNA156	35.789	95	59	1	1	93	1	95	6.73e-15	55.1
olaTTNIg93	TTNA61	32.292	96	62	2	1	93	2	97	2.15e-14	53.9
olaTTNIg93	TTNA90	36.585	82	50	1	14	93	11	92	2.57e-13	50.8
olaTTNIg93	TTNA112	33.684	95	58	2	1	93	1	92	4.09e-13	50.4
olaTTNIg93	TTNA145	34.043	94	60	1	1	92	1	94	1.05e-12	49.7
olaTTNIg93	TTNA79	35.955	89	51	2	9	93	7	93	1.10e-12	49.3
olaTTNIg93	TTNA25	30.769	91	61	1	5	93	4	94	1.61e-12	48.9
olaTTNIg93	TTNA123	31.579	95	63	1	1	93	2	96	4.32e-11	45.4
olaTTNIg93	TTNA138	27.368	95	67	1	1	93	2	96	5.41e-10	42.4
olaTTNIg93	TTNA134	30.864	81	54	1	1	79	1	81	4.59e-09	40.0
olaTTNIg93	TTNA169	30.303	99	60	4	2	93	4	100	9.80e-09	39.3
olaTTNIg93	TTNA18	26.804	97	56	2	8	92	5	98	8.90e-08	37.0
olaTTNIg93	TTNA1	33.333	81	44	3	18	92	16	92	1.73e-07	35.8
olaTTNIg93	TTNA168	29.762	84	52	3	4	82	2	83	2.78e-07	35.4
olaTTNIg93	TTNI106	29.787	94	63	2	1	92	1	93	1.11e-06	33.9
olaTTNIg93	TTNA11	27.451	102	65	3	1	93	2	103	1.66e-06	33.5
olaTTNIg93	TTNA164	28.378	74	49	2	11	81	8	80	7.17e-06	31.6
olaTTNIg93	TTNA4	23.932	117	56	3	9	93	6	121	3.52e-05	30.0
olaTTNIg94	TTNA101	54.348	92	42	0	1	92	1	92	4.75e-36	108
olaTTNIg94	TTNA79	53.261	92	43	0	1	92	2	93	9.57e-33	100
olaTTNIg94	TTNA112	48.913	92	47	0	1	92	1	92	2.01e-30	94.4
olaTTNIg94	TTNA90	44.565	92	51	0	1	92	1	92	5.27e-30	93.6
olaTTNIg94	TTNA123	40.449	89	53	0	4	92	8	96	1.51e-20	69.7
olaTTNIg94	TTNA134	39.506	81	49	0	11	91	14	94	1.25e-19	67.0
olaTTNIg94	TTNA145	37.037	81	51	0	11	91	14	94	4.60e-19	65.9
olaTTNIg94	TTNA57	34.940	83	54	0	9	91	12	94	2.77e-18	63.9
olaTTNIg94	TTNA68	45.000	80	44	0	13	92	16	95	3.09e-18	63.5
olaTTNIg94	TTNA65	36.905	84	51	1	9	92	13	94	3.25e-18	63.5
olaTTNIg94	TTNA138	31.034	87	60	0	6	92	10	96	8.52e-18	62.4
olaTTNIg94	TTNA1	36.264	91	58	0	1	91	2	92	5.66e-17	60.5
olaTTNIg94	TTNA116	32.941	85	57	0	8	92	12	96	6.71e-17	60.1
olaTTNIg94	TTNA131	38.272	81	49	1	13	92	17	97	1.45e-16	59.3
olaTTNIg94	TTNA39	37.895	95	56	2	1	92	2	96	4.78e-16	58.2
olaTTNIg94	TTNA46	33.735	83	55	0	10	92	10	92	4.85e-16	57.8
olaTTNIg94	TTNA127	31.579	95	62	1	1	92	1	95	5.26e-16	57.8
olaTTNIg94	TTNA149	30.337	89	62	0	4	92	9	97	6.78e-16	57.8
olaTTNIg94	TTNI107	36.145	83	53	0	10	92	14	96	1.70e-15	56.6
olaTTNIg94	TTNA156	32.632	95	61	1	1	92	1	95	9.20e-15	54.7
olaTTNIg94	TTNA87	30.526	95	61	2	1	92	2	94	9.38e-15	54.7
olaTTNIg94	TTNA120	36.905	84	51	1	9	92	12	93	2.35e-14	53.5
olaTTNIg94	TTNA54	33.333	84	56	0	9	92	13	96	3.88e-14	53.1
olaTTNIg94	TTNA165	34.177	79	51	1	15	92	18	96	5.14e-14	52.8
olaTTNIg94	TTNA105	31.818	88	59	1	6	92	10	97	5.86e-14	52.8
olaTTNIg94	TTNA15	31.183	93	56	1	8	92	11	103	9.44e-14	52.4
olaTTNIg94	TTNA50	31.579	95	62	1	1	92	2	96	1.84e-13	51.6
olaTTNIg94	TTNA94	29.412	85	60	0	8	92	11	95	2.14e-13	51.2
olaTTNIg94	TTNA72	31.868	91	61	1	3	92	6	96	4.00e-13	50.4
olaTTNIg94	TTNA32	31.579	95	62	1	1	92	2	96	1.07e-12	49.3
olaTTNIg94	TTNA76	29.268	82	56	1	11	92	15	94	3.11e-12	48.1
olaTTNIg94	TTNA8	35.417	96	56	4	1	92	2	95	5.04e-12	47.8
olaTTNIg94	TTNA61	32.143	84	56	1	10	92	14	97	5.92e-12	47.8
olaTTNIg94	TTNA29	32.099	81	53	1	12	92	16	94	6.32e-12	47.4
olaTTNIg94	TTNA153	32.143	84	55	1	9	92	12	93	6.68e-12	47.4
olaTTNIg94	TTNA83	28.421	95	65	1	1	92	2	96	7.34e-12	47.4
olaTTNIg94	TTNA98	28.395	81	56	1	12	92	16	94	9.02e-12	47.0
olaTTNIg94	TTNA36	28.421	95	65	1	1	92	2	96	9.41e-12	47.0
olaTTNIg94	TTNA109	29.630	81	55	1	12	92	16	94	9.94e-12	47.0
olaTTNIg94	TTNA22	35.802	81	50	1	12	92	16	94	2.16e-11	46.2
olaTTNIg94	TTNA43	34.524	84	48	3	12	92	16	95	6.11e-11	45.1
olaTTNIg94	TTNA25	25.806	93	68	1	1	92	2	94	4.35e-10	42.7
olaTTNIg94	TTNA142	29.070	86	55	2	9	92	13	94	4.69e-10	42.7
olaTTNIg94	TTNA160	26.250	80	57	1	12	91	15	92	8.02e-10	42.0
olaTTNIg94	TTNA18	28.571	98	62	3	1	91	2	98	5.56e-09	40.0
olaTTNIg94	TTNA11	25.490	102	66	2	1	92	2	103	1.56e-08	38.9
olaTTNIg94	TTNI106	22.973	74	57	0	18	91	20	93	4.94e-06	32.0
olaTTNIg94	TTNA4	23.684	114	56	2	9	92	9	121	5.48e-06	32.3
olaTTNIg94	TTNA169	18.987	79	63	1	15	92	22	100	5.89e-06	32.0
olaTTNIg94	TTNA164	21.250	80	63	0	1	80	1	80	2.14e-05	30.4
olaTTNIg94	TTNA168	27.027	37	27	0	1	37	1	37	0.003	24.3
olaTTNIg95	TTNA116	58.333	96	40	0	1	96	1	96	3.97e-42	124
olaTTNIg95	TTNA83	50.000	96	48	0	1	96	1	96	5.50e-34	103
olaTTNIg95	TTNA94	47.368	95	50	0	2	96	1	95	1.24e-31	97.8
olaTTNIg95	TTNA72	45.263	95	52	0	2	96	2	96	1.68e-29	92.4
olaTTNIg95	TTNA105	44.792	96	52	1	2	96	2	97	4.82e-27	86.3
olaTTNIg95	TTNA32	38.542	96	59	0	1	96	1	96	1.61e-22	74.7
olaTTNIg95	TTNA46	38.542	96	55	1	1	96	1	92	2.59e-21	71.6
olaTTNIg95	TTNA127	38.947	95	58	0	2	96	1	95	7.36e-21	70.5
olaTTNIg95	TTNA65	38.947	95	56	1	2	96	2	94	2.68e-20	68.9
olaTTNIg95	TTNA138	35.417	96	62	0	1	96	1	96	1.61e-19	67.0
olaTTNIg95	TTNA29	34.375	96	61	1	1	96	1	94	1.80e-19	67.0
olaTTNIg95	TTNA142	31.579	95	63	1	2	96	2	94	2.34e-19	66.6
olaTTNIg95	TTNA120	35.789	95	59	1	2	96	1	93	3.52e-19	66.2
olaTTNIg95	TTNA149	32.990	97	64	1	1	96	1	97	4.64e-19	65.9
olaTTNIg95	TTNA160	35.106	94	59	1	2	95	1	92	6.70e-19	65.5
olaTTNIg95	TTNA112	38.824	85	52	0	12	96	8	92	1.27e-18	64.7
olaTTNIg95	TTNA109	35.417	96	60	1	1	96	1	94	2.64e-18	63.9
olaTTNIg95	TTNA131	38.095	84	52	0	2	85	2	85	5.40e-18	63.2
olaTTNIg95	TTNA68	40.260	77	46	0	10	86	9	85	7.61e-18	62.8
olaTTNIg95	TTNA79	36.905	84	53	0	13	96	10	93	1.18e-17	62.4
olaTTNIg95	TTNA43	37.500	96	59	1	1	96	1	95	2.33e-17	61.6
olaTTNIg95	TTNA8	38.095	84	51	1	1	84	1	83	2.54e-17	61.6
olaTTNIg95	TTNA90	37.037	81	51	0	16	96	12	92	5.27e-17	60.5
olaTTNIg95	TTNA36	32.143	84	57	0	1	84	1	84	7.06e-17	60.5
olaTTNIg95	TTNI107	34.737	95	62	0	2	96	2	96	1.49e-16	59.7
olaTTNIg95	TTNA145	38.095	84	52	0	12	95	11	94	2.04e-16	59.3
olaTTNIg95	TTNA76	34.375	96	61	1	1	96	1	94	4.54e-16	58.2
olaTTNIg95	TTNA123	32.292	96	65	0	1	96	1	96	7.18e-16	57.8
olaTTNIg95	TTNA87	34.737	95	60	1	2	96	2	94	1.30e-15	57.0
olaTTNIg95	TTNA50	34.375	96	63	0	1	96	1	96	2.39e-15	56.6
olaTTNIg95	TTNA101	34.524	84	55	0	13	96	9	92	2.45e-15	56.2
olaTTNIg95	TTNA54	32.292	96	65	0	1	96	1	96	5.04e-15	55.5
olaTTNIg95	TTNA39	34.043	94	60	1	5	96	3	96	6.26e-15	55.5
olaTTNIg95	TTNA61	34.375	96	62	1	2	96	2	97	9.88e-15	54.7
olaTTNIg95	TTNA1	35.366	82	53	0	14	95	11	92	3.09e-14	53.5
olaTTNIg95	TTNA11	32.039	103	63	2	1	96	1	103	8.22e-14	52.8
olaTTNIg95	TTNA22	30.952	84	56	1	2	85	2	83	1.78e-13	51.6
olaTTNIg95	TTNA57	31.429	70	48	0	15	84	14	83	2.24e-13	51.2
olaTTNIg95	TTNA98	27.368	95	67	1	2	96	2	94	6.93e-13	50.1
olaTTNIg95	TTNA25	29.762	84	57	1	1	84	1	82	1.43e-12	49.3
olaTTNIg95	TTNA153	33.333	87	54	2	11	96	10	93	1.61e-12	48.9
olaTTNIg95	TTNA15	27.184	103	67	2	2	96	1	103	3.22e-12	48.5
olaTTNIg95	TTNA156	26.316	95	70	0	2	96	1	95	5.54e-12	47.8
olaTTNIg95	TTNI106	34.091	88	53	2	6	88	3	90	2.34e-10	43.5
olaTTNIg95	TTNA169	31.343	67	45	1	19	84	22	88	9.78e-10	42.0
olaTTNIg95	TTNA165	27.083	96	69	1	2	96	1	96	1.03e-09	42.0
olaTTNIg95	TTNA134	25.000	80	60	0	16	95	15	94	2.04e-09	41.2
olaTTNIg95	TTNA18	31.868	91	51	3	1	84	1	87	6.17e-09	40.0
olaTTNIg95	TTNA4	26.087	115	56	3	11	96	7	121	1.66e-08	39.3
olaTTNIg95	TTNA164	23.944	71	54	0	16	86	12	82	1.53e-05	30.8
olaTTNIg95	TTNA168	30.159	63	40	2	28	87	24	85	1.43e-04	28.1
olaTTNIg96	TTNA120	54.839	93	42	0	1	93	1	93	3.71e-38	114
olaTTNIg96	TTNA65	45.161	93	51	0	1	93	2	94	4.01e-29	91.3
olaTTNIg96	TTNA87	44.086	93	52	0	1	93	2	94	1.09e-25	82.4
olaTTNIg96	TTNA142	36.559	93	59	0	1	93	2	94	2.03e-24	79.3
olaTTNIg96	TTNA54	41.053	95	54	1	1	93	2	96	1.58e-23	77.0
olaTTNIg96	TTNA98	35.484	93	60	0	1	93	2	94	4.41e-23	75.9
olaTTNIg96	TTNA76	38.710	93	57	0	1	93	2	94	1.19e-22	74.7
olaTTNIg96	TTNA160	34.783	92	60	0	1	92	1	92	1.74e-22	74.3
olaTTNIg96	TTNA153	34.409	93	61	0	1	93	1	93	3.93e-21	70.9
olaTTNIg96	TTNA109	41.489	94	53	2	1	93	2	94	5.29e-21	70.9
olaTTNIg96	TTNA43	37.234	94	58	1	1	93	2	95	5.43e-21	70.9
olaTTNIg96	TTNA131	40.625	96	54	2	1	93	2	97	8.33e-20	67.8
olaTTNIg96	TTNA105	35.417	96	59	1	1	93	2	97	1.40e-19	67.0
olaTTNIg96	TTNA116	32.632	95	62	1	1	93	2	96	2.09e-19	66.6
olaTTNIg96	TTNA32	35.789	95	59	1	1	93	2	96	7.24e-19	65.5
olaTTNIg96	TTNA72	36.842	95	58	1	1	93	2	96	1.21e-17	62.0
olaTTNIg96	TTNA1	37.778	90	53	2	5	92	4	92	7.36e-17	60.1
olaTTNIg96	TTNA83	34.737	95	60	1	1	93	2	96	1.02e-16	59.7
olaTTNIg96	TTNA50	34.737	95	60	1	1	93	2	96	2.39e-16	58.9
olaTTNIg96	TTNA145	39.362	94	55	1	1	92	1	94	9.57e-16	57.4
olaTTNIg96	TTNA127	28.421	95	66	1	1	93	1	95	2.20e-15	56.2
olaTTNIg96	TTNI107	35.789	95	59	1	1	93	2	96	2.51e-15	56.2
olaTTNIg96	TTNA29	34.409	93	61	0	1	93	2	94	3.05e-15	55.8
olaTTNIg96	TTNA94	29.474	95	65	1	1	93	1	95	5.78e-15	55.5
olaTTNIg96	TTNA138	37.349	83	50	1	13	93	14	96	1.03e-14	54.7
olaTTNIg96	TTNA61	35.417	96	59	2	1	93	2	97	1.64e-14	54.3
olaTTNIg96	TTNA57	32.979	94	55	3	6	92	2	94	2.96e-14	53.5
olaTTNIg96	TTNA101	34.568	81	51	1	15	93	12	92	4.17e-14	53.1
olaTTNIg96	TTNA149	29.167	96	65	2	1	93	2	97	5.21e-14	52.8
olaTTNIg96	TTNA90	33.333	81	52	1	15	93	12	92	7.90e-14	52.4
olaTTNIg96	TTNA22	29.032	93	66	0	1	93	2	94	9.72e-14	52.0
olaTTNIg96	TTNA39	33.333	93	58	2	5	93	4	96	1.41e-13	51.6
olaTTNIg96	TTNA112	33.333	81	52	1	15	93	12	92	1.86e-13	51.2
olaTTNIg96	TTNA79	37.179	78	47	1	18	93	16	93	4.41e-13	50.4
olaTTNIg96	TTNA68	31.579	95	63	1	1	93	1	95	6.10e-13	50.1
olaTTNIg96	TTNA25	32.967	91	59	1	5	93	4	94	1.54e-12	48.9
olaTTNIg96	TTNA8	27.660	94	67	1	1	93	2	95	2.11e-12	48.9
olaTTNIg96	TTNA36	28.421	95	66	1	1	93	2	96	2.42e-12	48.5
olaTTNIg96	TTNA15	26.214	103	66	2	1	93	1	103	1.39e-11	47.0
olaTTNIg96	TTNA134	30.000	80	54	1	15	92	15	94	1.77e-11	46.2
olaTTNIg96	TTNA156	28.421	95	66	1	1	93	1	95	2.92e-10	43.1
olaTTNIg96	TTNA123	28.421	95	66	1	1	93	2	96	7.00e-10	42.4
olaTTNIg96	TTNA46	30.952	84	54	2	13	93	10	92	5.09e-09	40.0
olaTTNIg96	TTNA164	29.730	74	50	1	11	82	8	81	6.14e-08	37.0
olaTTNIg96	TTNA18	26.316	95	61	1	7	92	4	98	1.17e-07	36.6
olaTTNIg96	TTNA4	28.448	116	52	4	9	93	6	121	3.82e-07	35.4
olaTTNIg96	TTNA11	24.510	102	68	2	1	93	2	103	9.05e-07	34.3
olaTTNIg96	TTNA169	31.343	67	43	2	18	81	22	88	3.55e-06	32.7
olaTTNIg96	TTNA165	30.000	80	51	3	18	93	18	96	7.83e-06	31.6
olaTTNIg96	TTNA168	29.167	48	31	1	1	48	1	45	3.28e-04	27.3
olaTTNIg97	TTNA123	58.511	94	39	0	2	95	2	95	3.05e-40	119
olaTTNIg97	TTNA68	38.554	83	51	0	2	84	1	83	1.48e-20	69.7
olaTTNIg97	TTNA101	34.483	87	57	0	10	96	6	92	2.06e-15	56.6
olaTTNIg97	TTNA79	34.667	75	49	0	12	86	9	83	5.36e-15	55.5
olaTTNIg97	TTNA57	33.333	84	56	0	2	85	1	84	1.29e-14	54.7
olaTTNIg97	TTNA65	33.333	96	62	1	1	96	1	94	7.76e-14	52.4
olaTTNIg97	TTNA120	28.723	94	65	1	2	95	1	92	1.22e-13	52.0
olaTTNIg97	TTNA145	30.526	95	66	0	2	96	1	95	2.83e-13	51.2
olaTTNIg97	TTNI107	33.333	84	56	0	1	84	1	84	5.02e-13	50.4
olaTTNIg97	TTNA90	28.750	80	57	0	16	95	12	91	8.79e-13	49.7
olaTTNIg97	TTNA149	29.032	93	65	1	3	95	5	96	2.72e-12	48.5
olaTTNIg97	TTNA116	27.907	86	62	0	11	96	11	96	2.75e-12	48.5
olaTTNIg97	TTNA116	30.435	23	16	0	62	84	8	30	9.2	15.0
olaTTNIg97	TTNA98	27.368	95	67	1	1	95	1	93	2.87e-12	48.5
olaTTNIg97	TTNA131	32.184	87	59	0	1	87	1	87	3.06e-12	48.5
olaTTNIg97	TTNA134	27.500	80	58	0	2	81	1	80	5.03e-12	47.8
olaTTNIg97	TTNA43	32.653	98	59	2	2	96	2	95	7.17e-12	47.4
olaTTNIg97	TTNA156	26.596	94	69	0	2	95	1	94	8.16e-12	47.4
olaTTNIg97	TTNA87	28.421	95	66	1	1	95	1	93	9.28e-12	47.0
olaTTNIg97	TTNA50	28.723	94	67	0	2	95	2	95	1.23e-11	47.0
olaTTNIg97	TTNA105	28.866	97	68	1	1	96	1	97	1.24e-11	47.0
olaTTNIg97	TTNA153	31.325	83	55	1	2	84	1	81	1.47e-11	46.6
olaTTNIg97	TTNA160	25.263	95	69	1	2	96	1	93	1.70e-11	46.6
olaTTNIg97	TTNA54	29.474	95	67	0	2	96	2	96	1.73e-11	46.6
olaTTNIg97	TTNA112	29.070	86	61	0	10	95	6	91	2.10e-11	46.2
olaTTNIg97	TTNA32	30.000	80	56	0	16	95	16	95	4.08e-11	45.4
olaTTNIg97	TTNA94	27.381	84	61	0	2	85	1	84	6.47e-11	45.1
olaTTNIg97	TTNA142	33.673	98	57	3	1	95	1	93	6.69e-11	45.1
olaTTNIg97	TTNA39	32.558	86	54	2	2	85	2	85	6.82e-11	45.1
olaTTNIg97	TTNA36	28.125	96	67	2	2	96	2	96	9.71e-11	44.7
olaTTNIg97	TTNA83	26.596	94	69	0	2	95	2	95	1.91e-10	43.9
olaTTNIg97	TTNA61	32.292	96	64	1	1	95	1	96	2.83e-10	43.5
olaTTNIg97	TTNA1	30.588	85	56	1	2	86	2	83	4.56e-10	42.7
olaTTNIg97	TTNA109	25.532	94	68	1	2	95	2	93	3.21e-09	40.4
olaTTNIg97	TTNA72	28.235	85	60	1	11	94	11	95	6.10e-09	40.0
olaTTNIg97	TTNA25	27.500	80	58	0	11	90	9	88	8.36e-09	39.7
olaTTNIg97	TTNA46	27.381	84	61	0	12	95	8	91	1.54e-08	38.9
olaTTNIg97	TTNA76	28.125	96	63	3	2	95	2	93	2.02e-08	38.5
olaTTNIg97	TTNA165	29.070	86	58	3	2	85	1	85	4.62e-08	37.7
olaTTNIg97	TTNA29	25.263	95	69	1	2	96	2	94	6.34e-08	37.4
olaTTNIg97	TTNA11	29.630	81	49	2	12	85	13	92	6.54e-08	37.4
olaTTNIg97	TTNA15	29.268	82	50	1	11	84	10	91	1.05e-07	37.0
olaTTNIg97	TTNA138	25.641	78	54	2	12	87	12	87	8.20e-07	34.3
olaTTNIg97	TTNA127	23.404	94	72	0	2	95	1	94	3.46e-06	32.7
olaTTNIg97	TTNA8	23.810	84	63	1	2	85	2	84	5.71e-06	32.0
olaTTNIg97	TTNA169	27.273	77	55	1	12	87	15	91	3.58e-05	30.0
olaTTNIg97	TTNA18	27.174	92	56	2	2	86	2	89	5.45e-05	29.6
olaTTNIg97	TTNA168	25.000	72	52	1	16	85	12	83	0.013	23.1
olaTTNIg97	TTNA164	18.310	71	58	0	14	84	10	80	0.38	18.9
olaTTNIg98	TTNA127	61.053	95	37	0	1	95	1	95	5.38e-43	126
olaTTNIg98	TTNA83	37.895	95	59	0	1	95	2	96	4.25e-24	78.6
olaTTNIg98	TTNA94	33.684	95	63	0	1	95	1	95	1.13e-21	72.4
olaTTNIg98	TTNA138	31.579	95	65	0	1	95	2	96	2.56e-21	71.6
olaTTNIg98	TTNA105	37.500	96	59	1	1	95	2	97	5.28e-21	70.9
olaTTNIg98	TTNA116	33.684	95	63	0	1	95	2	96	1.46e-20	69.7
olaTTNIg98	TTNA156	36.842	95	60	0	1	95	1	95	6.37e-19	65.5
olaTTNIg98	TTNA32	32.632	95	64	0	1	95	2	96	8.49e-18	62.8
olaTTNIg98	TTNA79	37.975	79	49	0	17	95	15	93	1.65e-17	62.0
olaTTNIg98	TTNA46	34.783	92	58	1	6	95	1	92	2.57e-17	61.2
olaTTNIg98	TTNA61	37.500	96	59	1	1	95	2	97	3.81e-17	60.8
olaTTNIg98	TTNA101	29.474	95	64	1	1	95	1	92	4.06e-17	60.8
olaTTNIg98	TTNA72	31.579	95	65	0	1	95	2	96	5.67e-17	60.5
olaTTNIg98	TTNA165	30.208	96	62	2	1	95	5	96	6.19e-17	60.5
olaTTNIg98	TTNA50	32.632	95	64	0	1	95	2	96	8.29e-17	60.1
olaTTNIg98	TTNA68	30.526	95	66	0	1	95	1	95	1.03e-16	59.7
olaTTNIg98	TTNA57	35.443	79	51	0	16	94	16	94	1.68e-16	59.3
olaTTNIg98	TTNA131	36.458	96	60	1	1	95	2	97	2.41e-16	58.9
olaTTNIg98	TTNA76	30.526	95	64	1	1	95	2	94	4.58e-16	58.2
olaTTNIg98	TTNA112	32.632	95	61	1	1	95	1	92	1.54e-15	56.6
olaTTNIg98	TTNA153	33.333	96	60	2	1	95	1	93	1.72e-15	56.6
olaTTNIg98	TTNI107	33.684	95	63	0	1	95	2	96	3.84e-15	55.8
olaTTNIg98	TTNA149	32.941	85	57	0	11	95	13	97	3.89e-15	55.8
olaTTNIg98	TTNA90	35.000	80	52	0	16	95	13	92	4.08e-15	55.8
olaTTNIg98	TTNA109	29.474	95	65	1	1	95	2	94	4.09e-15	55.8
olaTTNIg98	TTNA120	33.333	96	60	2	1	95	1	93	4.41e-15	55.5
olaTTNIg98	TTNA1	34.043	94	59	2	1	94	2	92	5.53e-15	55.5
olaTTNIg98	TTNA87	28.421	95	66	1	1	95	2	94	6.52e-15	55.1
olaTTNIg98	TTNA39	32.990	97	61	2	1	95	2	96	1.21e-14	54.7
olaTTNIg98	TTNA160	25.532	94	68	1	1	94	1	92	1.45e-14	54.3
olaTTNIg98	TTNA65	27.368	95	67	1	1	95	2	94	4.01e-14	53.1
olaTTNIg98	TTNA36	29.474	95	67	0	1	95	2	96	7.77e-14	52.4
olaTTNIg98	TTNA123	31.579	95	65	0	1	95	2	96	8.56e-14	52.4
olaTTNIg98	TTNA98	27.368	95	67	1	1	95	2	94	1.51e-13	51.6
olaTTNIg98	TTNA8	31.579	95	64	1	1	95	2	95	1.62e-13	51.6
olaTTNIg98	TTNA142	28.125	96	65	2	1	95	2	94	1.32e-12	49.3
olaTTNIg98	TTNA15	29.032	93	58	1	11	95	11	103	2.86e-12	48.5
olaTTNIg98	TTNA18	32.673	101	57	4	1	94	2	98	2.36e-11	46.2
olaTTNIg98	TTNA22	28.421	95	66	1	1	95	2	94	2.81e-11	45.8
olaTTNIg98	TTNA29	26.829	82	58	1	14	95	15	94	2.53e-10	43.5
olaTTNIg98	TTNA54	25.000	80	60	0	16	95	17	96	3.83e-10	43.1
olaTTNIg98	TTNA43	25.263	95	70	1	1	95	2	95	1.07e-09	42.0
olaTTNIg98	TTNA145	27.660	94	68	0	1	94	1	94	1.26e-09	41.6
olaTTNIg98	TTNA134	33.846	65	43	0	16	80	16	80	1.69e-09	41.2
olaTTNIg98	TTNA25	22.727	88	68	0	8	95	7	94	2.06e-09	41.2
olaTTNIg98	TTNA164	26.316	76	56	0	16	91	13	88	4.05e-09	40.4
olaTTNIg98	TTNA169	30.928	97	62	3	3	95	5	100	1.13e-08	39.3
olaTTNIg98	TTNA11	26.596	94	57	2	11	95	13	103	4.74e-08	37.7
olaTTNIg98	TTNA4	23.214	112	57	2	13	95	10	121	3.05e-07	35.8
olaTTNIg98	TTNI106	28.125	64	46	0	31	94	30	93	3.00e-06	32.7
olaTTNIg98	TTNA168	23.864	88	65	1	8	93	5	92	3.92e-06	32.3
olaTTNIg99	TTNA131	49.474	95	48	0	2	96	3	97	1.96e-35	107
olaTTNIg99	TTNA142	33.684	95	60	2	2	96	3	94	1.03e-19	67.4
olaTTNIg99	TTNA120	43.011	93	50	2	4	96	4	93	1.52e-19	67.0
olaTTNIg99	TTNA65	34.066	91	57	2	6	96	7	94	1.83e-18	64.3
olaTTNIg99	TTNA116	32.632	95	63	1	2	96	3	96	5.14e-16	58.2
olaTTNIg99	TTNA72	35.789	95	60	1	2	96	3	96	5.72e-16	58.2
olaTTNIg99	TTNA109	32.632	95	61	2	2	96	3	94	6.42e-16	57.8
olaTTNIg99	TTNA57	35.366	82	52	1	13	94	13	93	9.51e-16	57.4
olaTTNIg99	TTNA98	33.684	95	60	2	2	96	3	94	9.80e-16	57.4
olaTTNIg99	TTNA153	36.585	82	49	2	15	96	15	93	1.06e-15	57.4
olaTTNIg99	TTNA76	32.292	96	60	3	2	96	3	94	1.24e-15	57.0
olaTTNIg99	TTNA87	35.789	95	56	3	3	96	4	94	2.46e-15	56.2
olaTTNIg99	TTNA54	34.375	96	60	2	1	96	4	96	3.57e-15	55.8
olaTTNIg99	TTNA46	31.169	77	53	0	7	83	4	80	5.18e-15	55.5
olaTTNIg99	TTNA43	34.737	95	60	2	2	96	3	95	1.47e-14	54.3
olaTTNIg99	TTNA79	33.333	84	55	1	13	96	11	93	1.96e-14	53.9
olaTTNIg99	TTNA79	46.667	15	4	1	12	22	71	85	3.8	15.8
olaTTNIg99	TTNA83	31.325	83	56	1	14	96	15	96	5.15e-14	53.1
olaTTNIg99	TTNA68	30.986	71	49	0	14	84	14	84	9.43e-14	52.4
olaTTNIg99	TTNA32	29.474	95	66	1	2	96	3	96	1.16e-13	52.0
olaTTNIg99	TTNA94	27.368	95	68	1	2	96	2	95	1.26e-13	52.0
olaTTNIg99	TTNA101	33.803	71	47	0	13	83	10	80	1.27e-13	52.0
olaTTNIg99	TTNA50	31.579	95	64	1	2	96	3	96	3.96e-13	50.8
olaTTNIg99	TTNA156	34.783	69	45	0	15	83	15	83	1.37e-12	49.3
olaTTNIg99	TTNA160	32.099	81	52	2	14	94	14	91	1.49e-12	49.3
olaTTNIg99	TTNA105	34.524	84	53	2	14	96	15	97	1.59e-12	49.3
olaTTNIg99	TTNA138	34.940	83	53	1	14	96	15	96	1.75e-12	48.9
olaTTNIg99	TTNA90	27.907	86	61	1	11	96	8	92	1.09e-11	47.0
olaTTNIg99	TTNA149	30.488	82	56	1	15	96	17	97	1.16e-11	47.0
olaTTNIg99	TTNA127	27.160	81	58	1	16	96	16	95	1.68e-11	46.6
olaTTNIg99	TTNA169	36.364	77	47	2	18	92	22	98	2.48e-11	46.2
olaTTNIg99	TTNA15	27.273	99	63	3	6	96	6	103	6.60e-11	45.1
olaTTNIg99	TTNA36	26.829	82	60	0	2	83	3	84	1.73e-10	43.9
olaTTNIg99	TTNA8	28.395	81	57	1	3	83	4	83	2.27e-10	43.5
olaTTNIg99	TTNA145	32.911	79	52	1	16	94	16	93	3.09e-10	43.1
olaTTNIg99	TTNA112	26.761	71	52	0	13	83	10	80	4.92e-10	42.7
olaTTNIg99	TTNA165	27.083	96	68	2	2	96	2	96	9.07e-10	42.0
olaTTNIg99	TTNA134	30.882	68	47	0	15	82	15	82	1.62e-09	41.2
olaTTNIg99	TTNI107	27.473	91	65	1	6	96	7	96	1.91e-09	41.2
olaTTNIg99	TTNA61	27.848	79	56	1	6	83	7	85	1.99e-09	41.2
olaTTNIg99	TTNA1	26.966	89	63	2	7	94	4	91	3.05e-09	40.4
olaTTNIg99	TTNA39	25.926	81	58	1	6	84	5	85	3.16e-09	40.8
olaTTNIg99	TTNA29	28.723	94	62	3	3	96	6	94	1.39e-08	38.9
olaTTNIg99	TTNA11	35.526	76	41	2	15	83	17	91	1.70e-08	38.9
olaTTNIg99	TTNA25	26.250	80	59	0	9	88	8	87	7.51e-08	37.0
olaTTNIg99	TTNA22	26.374	91	64	2	6	96	7	94	1.40e-07	36.2
olaTTNIg99	TTNI106	27.419	62	45	0	21	82	20	81	7.16e-07	34.3
olaTTNIg99	TTNA123	18.919	74	60	0	15	88	16	89	8.03e-07	34.3
olaTTNIg99	TTNA18	31.579	76	45	2	15	83	12	87	1.66e-06	33.5
olaTTNIg99	TTNA164	29.167	72	51	0	16	87	13	84	7.71e-06	31.6
olaTTNIg99	TTNA4	36.842	38	24	0	7	44	4	41	4.68e-05	30.0
olaTTNIg99	TTNA168	26.761	71	50	2	15	83	12	82	0.004	24.3
olaTTNIg100	TTNA134	62.105	95	36	0	1	95	1	95	9.04e-44	128
olaTTNIg100	TTNA90	34.568	81	53	0	14	94	11	91	2.17e-20	68.9
olaTTNIg100	TTNA101	37.209	86	54	0	9	94	6	91	5.89e-19	65.5
olaTTNIg100	TTNA145	34.737	95	62	0	1	95	1	95	9.19e-19	65.1
olaTTNIg100	TTNA79	34.783	69	45	0	12	80	10	78	4.28e-17	60.8
olaTTNIg100	TTNA123	30.851	94	65	0	1	94	2	95	2.04e-16	58.9
olaTTNIg100	TTNA57	31.579	95	65	0	1	95	1	95	2.34e-16	58.9
olaTTNIg100	TTNA156	34.043	94	62	0	1	94	1	94	3.98e-16	58.2
olaTTNIg100	TTNA112	30.682	88	61	0	7	94	4	91	4.04e-16	58.2
olaTTNIg100	TTNA54	30.851	94	65	0	1	94	2	95	9.60e-16	57.4
olaTTNIg100	TTNA149	32.632	95	63	1	1	94	2	96	3.93e-15	55.8
olaTTNIg100	TTNA87	32.979	94	61	1	1	94	2	93	8.91e-15	54.7
olaTTNIg100	TTNA160	30.526	95	64	1	1	95	1	93	1.26e-14	54.3
olaTTNIg100	TTNA50	29.213	89	63	0	1	89	2	90	1.29e-14	54.3
olaTTNIg100	TTNA98	30.851	94	63	1	1	94	2	93	5.09e-14	52.8
olaTTNIg100	TTNI106	31.868	91	61	1	1	91	1	90	5.67e-14	52.8
olaTTNIg100	TTNA68	30.120	83	58	0	1	83	1	83	7.84e-14	52.4
olaTTNIg100	TTNA131	27.368	95	68	1	1	94	2	96	9.44e-14	52.4
olaTTNIg100	TTNA142	31.915	94	62	1	1	94	2	93	9.52e-14	52.4
olaTTNIg100	TTNA65	28.723	94	65	1	1	94	2	93	1.92e-13	51.6
olaTTNIg100	TTNA120	27.660	94	66	1	1	94	1	92	2.09e-13	51.2
olaTTNIg100	TTNA25	35.897	78	45	3	13	87	12	87	2.49e-13	51.2
olaTTNIg100	TTNA153	26.374	91	65	1	1	91	1	89	4.18e-13	50.4
olaTTNIg100	TTNA1	32.051	78	53	0	18	95	16	93	8.07e-13	49.7
olaTTNIg100	TTNA94	31.325	83	57	0	12	94	12	94	8.52e-13	49.7
olaTTNIg100	TTNA76	29.474	95	63	2	1	94	2	93	1.46e-12	49.3
olaTTNIg100	TTNA116	28.205	78	56	0	12	89	13	90	1.68e-12	48.9
olaTTNIg100	TTNA105	31.579	95	64	1	1	94	2	96	5.91e-12	47.8
olaTTNIg100	TTNA127	30.851	94	65	0	1	94	1	94	1.52e-11	46.6
olaTTNIg100	TTNA46	28.049	82	59	0	13	94	10	91	5.55e-11	45.1
olaTTNIg100	TTNA39	27.397	73	51	1	10	80	9	81	1.98e-10	43.5
olaTTNIg100	TTNA15	25.490	102	68	1	1	94	1	102	2.24e-10	43.9
olaTTNIg100	TTNA109	26.596	94	67	1	1	94	2	93	3.04e-10	43.1
olaTTNIg100	TTNA8	28.235	85	60	1	1	85	2	85	3.46e-10	43.1
olaTTNIg100	TTNA36	26.250	80	59	0	1	80	2	81	8.74e-10	42.0
olaTTNIg100	TTNA61	27.711	83	59	1	13	94	14	96	9.80e-10	42.0
olaTTNIg100	TTNA165	29.231	65	45	1	17	80	17	81	1.03e-09	42.0
olaTTNIg100	TTNA43	27.368	95	66	2	1	94	2	94	2.26e-09	40.8
olaTTNIg100	TTNA32	22.500	80	62	0	15	94	16	95	4.32e-09	40.0
olaTTNIg100	TTNI107	22.785	79	61	0	13	91	14	92	4.91e-09	40.0
olaTTNIg100	TTNA138	24.324	74	55	1	7	80	9	81	5.58e-09	40.0
olaTTNIg100	TTNA83	24.096	83	63	0	12	94	13	95	5.89e-09	40.0
olaTTNIg100	TTNA72	26.087	69	51	0	12	80	13	81	1.28e-08	38.9
olaTTNIg100	TTNA29	27.160	81	57	1	14	94	15	93	2.31e-08	38.1
olaTTNIg100	TTNA18	28.846	104	59	4	1	95	2	99	1.72e-07	36.2
olaTTNIg100	TTNA22	24.468	94	69	1	1	94	2	93	2.25e-07	35.8
olaTTNIg100	TTNA11	26.136	88	57	3	12	91	14	101	5.23e-07	35.0
olaTTNIg100	TTNA169	21.429	84	63	2	11	91	15	98	2.38e-06	33.1
olaTTNIg100	TTNA164	21.127	71	56	0	13	83	10	80	2.45e-06	33.1
olaTTNIg100	TTNA4	24.138	29	22	0	12	40	9	37	0.002	25.0
olaTTNIg100	TTNA168	18.056	72	55	2	13	81	10	80	0.009	23.5
olaTTNIg101	TTNA138	60.000	95	37	1	1	94	2	96	2.26e-42	124
olaTTNIg101	TTNA127	33.684	95	62	1	1	94	1	95	2.25e-20	69.3
olaTTNIg101	TTNA8	37.234	94	59	0	1	94	2	95	2.33e-19	66.6
olaTTNIg101	TTNI107	38.947	95	57	1	1	94	2	96	3.32e-19	66.2
olaTTNIg101	TTNA105	37.500	96	58	1	1	94	2	97	1.48e-18	64.7
olaTTNIg101	TTNA153	35.106	94	60	1	1	94	1	93	2.43e-18	63.9
olaTTNIg101	TTNA61	39.583	96	56	2	1	94	2	97	3.84e-17	60.8
olaTTNIg101	TTNA94	33.684	95	62	1	1	94	1	95	2.42e-16	58.9
olaTTNIg101	TTNA83	31.579	95	64	1	1	94	2	96	6.29e-16	57.8
olaTTNIg101	TTNA79	36.047	86	54	1	10	94	8	93	2.40e-15	56.2
olaTTNIg101	TTNA101	33.333	84	55	1	10	92	7	90	6.02e-15	55.1
olaTTNIg101	TTNA142	30.851	94	64	1	1	94	2	94	1.30e-14	54.3
olaTTNIg101	TTNA46	34.118	85	55	1	11	94	8	92	1.42e-14	54.3
olaTTNIg101	TTNA116	30.526	95	65	1	1	94	2	96	1.88e-14	53.9
olaTTNIg101	TTNA149	34.940	83	53	1	13	94	15	97	1.99e-14	53.9
olaTTNIg101	TTNA87	34.737	95	59	2	1	94	2	94	2.87e-14	53.5
olaTTNIg101	TTNA98	28.723	94	66	1	1	94	2	94	1.16e-13	52.0
olaTTNIg101	TTNA50	36.735	98	55	2	1	94	2	96	2.36e-13	51.2
olaTTNIg101	TTNA65	29.787	94	65	1	1	94	2	94	3.55e-13	50.8
olaTTNIg101	TTNA29	37.037	81	48	2	15	94	16	94	3.59e-13	50.8
olaTTNIg101	TTNA160	31.522	92	62	1	1	92	1	91	3.92e-13	50.4
olaTTNIg101	TTNA22	26.316	95	67	2	1	94	2	94	5.02e-13	50.4
olaTTNIg101	TTNA72	35.417	96	59	2	1	94	2	96	5.72e-13	50.1
olaTTNIg101	TTNA32	31.579	95	64	1	1	94	2	96	7.65e-13	50.1
olaTTNIg101	TTNA120	31.579	95	62	2	1	94	1	93	1.08e-12	49.3
olaTTNIg101	TTNA36	29.474	95	66	1	1	94	2	96	2.82e-12	48.5
olaTTNIg101	TTNA15	30.769	104	55	4	7	94	1	103	4.54e-12	48.1
olaTTNIg101	TTNA123	35.802	81	51	1	15	94	16	96	5.03e-12	47.8
olaTTNIg101	TTNA54	29.474	95	66	1	1	94	2	96	6.38e-12	47.4
olaTTNIg101	TTNA76	30.851	94	64	1	1	94	2	94	8.82e-12	47.0
olaTTNIg101	TTNA90	31.250	80	54	1	10	88	7	86	1.30e-11	46.6
olaTTNIg101	TTNA68	31.250	96	63	2	1	94	1	95	3.38e-11	45.8
olaTTNIg101	TTNA57	32.911	79	52	1	15	92	15	93	3.52e-11	45.4
olaTTNIg101	TTNA25	28.409	88	62	1	8	94	7	94	5.72e-11	45.1
olaTTNIg101	TTNA39	34.444	90	46	2	13	94	12	96	9.75e-11	44.7
olaTTNIg101	TTNA11	31.868	91	51	2	13	94	15	103	1.38e-10	44.3
olaTTNIg101	TTNA109	31.579	95	62	2	1	94	2	94	3.98e-10	42.7
olaTTNIg101	TTNA131	31.250	96	64	2	1	94	2	97	6.53e-10	42.4
olaTTNIg101	TTNA165	27.083	96	62	3	7	94	1	96	2.51e-09	40.8
olaTTNIg101	TTNA4	25.664	113	54	1	12	94	9	121	2.87e-09	41.2
olaTTNIg101	TTNA43	26.596	94	69	0	1	94	2	95	3.62e-09	40.4
olaTTNIg101	TTNA1	35.526	76	48	1	18	92	16	91	1.69e-08	38.5
olaTTNIg101	TTNA164	30.986	71	48	1	13	82	10	80	1.78e-08	38.5
olaTTNIg101	TTNA164	40.000	15	9	0	44	58	3	17	8.4	15.0
olaTTNIg101	TTNA18	27.368	95	51	2	11	92	8	97	1.85e-08	38.5
olaTTNIg101	TTNA112	27.368	95	65	2	1	94	1	92	2.70e-08	38.1
olaTTNIg101	TTNA145	32.099	81	54	1	13	92	13	93	5.10e-08	37.4
olaTTNIg101	TTNA134	24.638	69	51	1	13	80	13	81	2.76e-07	35.4
olaTTNIg101	TTNA156	25.263	95	70	1	1	94	1	95	3.83e-07	35.0
olaTTNIg101	TTNA169	26.882	93	63	3	7	94	8	100	5.50e-07	34.7
olaTTNIg101	TTNA168	31.707	82	47	3	8	83	5	83	6.72e-06	32.0
olaTTNIg101	TTNI106	25.882	85	62	1	9	92	8	92	3.45e-05	30.0
olaTTNIg102	TTNA142	53.763	93	43	0	2	94	2	94	2.74e-40	119
olaTTNIg102	TTNA98	46.237	93	50	0	2	94	2	94	4.60e-31	96.3
olaTTNIg102	TTNA120	44.086	93	52	0	2	94	1	93	4.62e-31	96.3
olaTTNIg102	TTNA87	39.785	93	56	0	2	94	2	94	1.79e-25	82.0
olaTTNIg102	TTNA131	44.792	96	50	2	2	94	2	97	1.09e-24	80.1
olaTTNIg102	TTNA109	35.106	94	61	0	1	94	1	94	4.53e-24	78.6
olaTTNIg102	TTNA116	35.417	96	60	1	1	94	1	96	2.27e-23	76.6
olaTTNIg102	TTNA153	38.710	93	57	0	2	94	1	93	1.15e-22	75.1
olaTTNIg102	TTNA83	37.500	96	58	1	1	94	1	96	2.13e-22	74.3
olaTTNIg102	TTNA65	33.333	93	62	0	2	94	2	94	2.25e-21	71.6
olaTTNIg102	TTNA76	34.043	94	62	0	1	94	1	94	2.45e-21	71.6
olaTTNIg102	TTNA32	38.542	96	57	2	1	94	1	96	3.82e-21	71.2
olaTTNIg102	TTNA54	39.796	98	53	2	1	94	1	96	4.80e-21	70.9
olaTTNIg102	TTNA105	34.375	96	60	1	2	94	2	97	4.54e-20	68.6
olaTTNIg102	TTNA43	33.684	95	62	1	1	94	1	95	4.92e-20	68.2
olaTTNIg102	TTNA50	36.082	97	58	2	1	94	1	96	6.77e-20	67.8
olaTTNIg102	TTNA160	31.522	92	63	0	2	93	1	92	2.12e-19	66.6
olaTTNIg102	TTNA94	35.789	95	59	1	2	94	1	95	5.05e-19	65.9
olaTTNIg102	TTNA149	32.990	97	62	2	1	94	1	97	2.02e-18	64.3
olaTTNIg102	TTNA29	32.979	94	63	0	1	94	1	94	2.21e-18	63.9
olaTTNIg102	TTNA22	32.258	93	63	0	2	94	2	94	1.04e-17	62.4
olaTTNIg102	TTNA72	36.842	95	58	1	2	94	2	96	4.92e-17	60.8
olaTTNIg102	TTNA138	34.375	96	61	1	1	94	1	96	4.90e-16	58.2
olaTTNIg102	TTNA46	37.037	81	49	1	16	94	12	92	1.06e-15	57.0
olaTTNIg102	TTNA8	33.684	95	62	1	1	94	1	95	6.59e-15	55.1
olaTTNIg102	TTNA127	31.579	95	63	1	2	94	1	95	6.73e-15	55.1
olaTTNIg102	TTNA61	33.333	96	61	2	2	94	2	97	7.20e-15	55.1
olaTTNIg102	TTNA1	32.292	96	56	3	2	93	2	92	3.88e-14	53.1
olaTTNIg102	TTNA57	26.596	94	67	1	2	93	1	94	1.10e-13	52.0
olaTTNIg102	TTNA36	27.000	100	63	2	1	94	1	96	1.29e-13	52.0
olaTTNIg102	TTNA25	30.208	96	63	2	1	94	1	94	2.33e-13	51.2
olaTTNIg102	TTNA15	29.126	103	63	1	2	94	1	103	2.55e-13	51.2
olaTTNIg102	TTNA156	30.526	95	64	1	2	94	1	95	4.00e-13	50.4
olaTTNIg102	TTNA68	28.421	95	66	1	2	94	1	95	1.52e-12	49.3
olaTTNIg102	TTNA79	30.588	85	57	1	12	94	9	93	1.14e-11	47.0
olaTTNIg102	TTNA134	33.333	84	48	2	2	80	1	81	2.02e-11	46.2
olaTTNIg102	TTNA165	27.083	96	67	2	2	94	1	96	4.22e-11	45.4
olaTTNIg102	TTNA145	30.851	94	63	1	2	93	1	94	5.47e-11	45.1
olaTTNIg102	TTNA90	25.000	92	66	2	5	94	2	92	2.10e-10	43.5
olaTTNIg102	TTNI107	28.421	95	66	1	2	94	2	96	2.15e-10	43.5
olaTTNIg102	TTNA39	31.325	83	53	1	16	94	14	96	2.78e-10	43.1
olaTTNIg102	TTNA112	30.337	89	52	2	12	94	8	92	8.72e-10	42.0
olaTTNIg102	TTNA101	25.882	85	61	1	12	94	8	92	3.11e-09	40.4
olaTTNIg102	TTNA11	29.126	103	64	2	1	94	1	103	5.33e-09	40.0
olaTTNIg102	TTNA123	22.917	96	72	1	1	94	1	96	1.19e-08	38.9
olaTTNIg102	TTNI106	31.250	80	52	2	2	79	1	79	6.74e-08	37.0
olaTTNIg102	TTNA18	26.471	102	62	2	1	93	1	98	7.81e-08	37.0
olaTTNIg102	TTNA169	31.765	85	54	3	13	94	17	100	8.91e-08	37.0
olaTTNIg102	TTNA4	25.455	110	51	3	16	94	12	121	3.91e-06	32.7
olaTTNIg102	TTNA168	29.851	67	43	2	30	92	26	92	0.002	25.0
olaTTNIg102	TTNA168	50.000	18	9	0	5	22	67	84	0.51	18.5
olaTTNIg102	TTNA164	22.059	68	51	1	17	82	13	80	0.010	23.1
olaTTNIg103	TTNA145	67.368	95	31	0	1	95	1	95	5.81e-43	126
olaTTNIg103	TTNA68	34.409	93	61	0	1	93	1	93	8.00e-19	65.1
olaTTNIg103	TTNA105	34.043	94	61	1	1	93	2	95	1.01e-18	65.1
olaTTNIg103	TTNA98	36.559	93	57	1	1	93	2	92	1.19e-18	64.7
olaTTNIg103	TTNA90	36.486	74	47	0	18	91	15	88	2.04e-18	63.9
olaTTNIg103	TTNA57	31.579	95	65	0	1	95	1	95	2.82e-18	63.9
olaTTNIg103	TTNA123	30.337	89	61	1	1	88	2	90	8.96e-18	62.8
olaTTNIg103	TTNA83	38.272	81	50	0	13	93	14	94	1.03e-17	62.4
olaTTNIg103	TTNA149	31.915	94	63	1	1	93	2	95	1.34e-17	62.0
olaTTNIg103	TTNA134	33.333	81	54	0	1	81	1	81	2.62e-17	61.2
olaTTNIg103	TTNA94	35.802	81	52	0	13	93	13	93	3.33e-17	61.2
olaTTNIg103	TTNA87	38.710	93	55	1	1	93	2	92	6.16e-17	60.5
olaTTNIg103	TTNA79	38.028	71	44	0	13	83	11	81	7.31e-17	60.1
olaTTNIg103	TTNA156	31.868	91	62	0	1	91	1	91	1.01e-16	59.7
olaTTNIg103	TTNA120	34.409	93	57	2	1	91	1	91	1.90e-16	59.3
olaTTNIg103	TTNA116	37.037	81	49	1	12	92	13	91	2.06e-16	58.9
olaTTNIg103	TTNA54	32.258	93	63	0	1	93	2	94	7.02e-16	57.8
olaTTNIg103	TTNA131	32.979	94	62	1	1	93	2	95	1.64e-15	57.0
olaTTNIg103	TTNA1	33.708	89	59	0	7	95	5	93	1.74e-15	56.6
olaTTNIg103	TTNA112	39.437	71	43	0	23	93	20	90	2.42e-15	56.2
olaTTNIg103	TTNA65	35.484	93	58	1	1	93	2	92	2.83e-15	56.2
olaTTNIg103	TTNA109	35.484	93	58	1	1	93	2	92	7.83e-15	55.1
olaTTNIg103	TTNA101	33.333	78	52	0	14	91	11	88	1.08e-14	54.7
olaTTNIg103	TTNA25	35.802	81	52	0	13	93	12	92	1.08e-14	54.7
olaTTNIg103	TTNA50	26.882	93	68	0	1	93	2	94	1.21e-14	54.7
olaTTNIg103	TTNA160	31.579	95	63	1	1	95	1	93	1.42e-14	54.3
olaTTNIg103	TTNI107	32.099	81	55	0	13	93	14	94	1.45e-14	54.3
olaTTNIg103	TTNA76	34.409	93	59	1	1	93	2	92	1.53e-14	54.3
olaTTNIg103	TTNA36	32.258	93	63	0	1	93	2	94	2.03e-14	53.9
olaTTNIg103	TTNA29	42.105	76	42	1	18	93	19	92	1.36e-13	52.0
olaTTNIg103	TTNA153	32.258	93	61	1	1	93	1	91	1.69e-13	51.6
olaTTNIg103	TTNA8	32.258	93	62	1	1	93	2	93	2.16e-13	51.2
olaTTNIg103	TTNA39	33.684	95	59	2	1	93	2	94	2.46e-13	51.2
olaTTNIg103	TTNA127	27.957	93	67	0	1	93	1	93	1.52e-12	49.3
olaTTNIg103	TTNA142	30.108	93	63	1	1	93	2	92	1.52e-12	49.3
olaTTNIg103	TTNA46	30.120	83	58	0	11	93	8	90	4.38e-12	47.8
olaTTNIg103	TTNA72	27.160	81	59	0	13	93	14	94	2.03e-11	46.2
olaTTNIg103	TTNA32	24.731	93	70	0	1	93	2	94	4.17e-11	45.4
olaTTNIg103	TTNA61	30.488	82	56	1	13	93	14	95	8.28e-11	44.7
olaTTNIg103	TTNA15	27.957	93	59	1	9	93	9	101	8.82e-11	44.7
olaTTNIg103	TTNA22	32.099	81	53	1	13	93	14	92	1.32e-10	44.3
olaTTNIg103	TTNI106	32.258	93	62	1	1	93	1	92	1.82e-10	43.9
olaTTNIg103	TTNA165	31.169	77	52	1	18	93	18	94	2.39e-10	43.5
olaTTNIg103	TTNA43	29.167	96	61	2	1	93	2	93	1.32e-09	41.6
olaTTNIg103	TTNA138	29.630	81	57	0	13	93	14	94	1.55e-09	41.6
olaTTNIg103	TTNA169	27.273	77	55	1	18	93	22	98	1.04e-07	36.6
olaTTNIg103	TTNA11	30.000	80	46	3	13	84	15	92	2.83e-07	35.8
olaTTNIg103	TTNA4	23.000	100	48	2	13	83	10	109	2.39e-05	30.8
olaTTNIg103	TTNA18	25.490	102	65	3	1	95	2	99	1.61e-04	28.1
olaTTNIg103	TTNA164	32.000	25	17	0	13	37	10	34	0.016	22.7
olaTTNIg103	TTNA168	45.455	11	6	0	27	37	24	34	0.34	18.9
olaTTNIg104	TTNA149	64.948	97	34	0	1	97	1	97	1.27e-47	138
olaTTNIg104	TTNA116	38.144	97	59	1	1	97	1	96	9.39e-23	75.5
olaTTNIg104	TTNA105	41.237	97	55	2	2	97	2	97	5.28e-22	73.6
olaTTNIg104	TTNA94	40.625	96	56	1	2	97	1	95	1.56e-21	72.4
olaTTNIg104	TTNA109	39.175	97	56	2	1	97	1	94	2.09e-20	69.3
olaTTNIg104	TTNA32	38.144	97	59	1	1	97	1	96	2.77e-20	68.9
olaTTNIg104	TTNA65	36.458	96	58	2	2	97	2	94	5.52e-20	68.2
olaTTNIg104	TTNA76	40.206	97	55	2	1	97	1	94	9.51e-20	67.8
olaTTNIg104	TTNA83	37.113	97	60	1	1	97	1	96	1.20e-19	67.4
olaTTNIg104	TTNA142	39.583	96	55	2	2	97	2	94	1.53e-19	67.0
olaTTNIg104	TTNA98	40.625	96	54	2	2	97	2	94	1.57e-19	67.0
olaTTNIg104	TTNA43	41.237	97	55	2	1	97	1	95	5.44e-19	65.9
olaTTNIg104	TTNA61	36.364	88	55	1	11	97	10	97	5.97e-19	65.9
olaTTNIg104	TTNI107	39.583	96	57	1	2	97	2	96	2.72e-18	63.9
olaTTNIg104	TTNA46	35.052	97	58	1	1	97	1	92	1.90e-17	61.6
olaTTNIg104	TTNA131	37.113	97	59	2	2	97	2	97	4.30e-17	60.8
olaTTNIg104	TTNA72	38.542	96	58	1	2	97	2	96	4.63e-17	60.8
olaTTNIg104	TTNA153	37.931	87	52	1	11	97	9	93	4.30e-16	58.2
olaTTNIg104	TTNA101	35.955	89	57	0	9	97	4	92	6.13e-16	57.8
olaTTNIg104	TTNA15	34.409	93	53	2	13	97	11	103	9.33e-16	57.8
olaTTNIg104	TTNA87	37.500	96	57	2	2	97	2	94	9.60e-16	57.4
olaTTNIg104	TTNA54	37.113	97	60	1	1	97	1	96	1.20e-15	57.4
olaTTNIg104	TTNA120	32.292	96	62	2	2	97	1	93	1.84e-15	56.6
olaTTNIg104	TTNA127	34.884	86	56	0	12	97	10	95	3.41e-15	56.2
olaTTNIg104	TTNA79	34.831	89	58	0	9	97	5	93	3.75e-15	55.8
olaTTNIg104	TTNA50	32.990	97	64	1	1	97	1	96	4.53e-15	55.8
olaTTNIg104	TTNA123	34.021	97	63	1	1	97	1	96	4.73e-15	55.8
olaTTNIg104	TTNA68	30.682	88	61	0	10	97	8	95	5.80e-15	55.5
olaTTNIg104	TTNA8	35.052	97	61	2	1	97	1	95	1.85e-14	54.3
olaTTNIg104	TTNA29	36.082	97	59	2	1	97	1	94	3.38e-14	53.5
olaTTNIg104	TTNA57	28.395	81	58	0	16	96	14	94	4.83e-14	53.1
olaTTNIg104	TTNA145	30.526	95	65	1	2	96	1	94	7.60e-14	52.8
olaTTNIg104	TTNA90	33.333	81	54	0	17	97	12	92	1.80e-13	51.6
olaTTNIg104	TTNA25	31.633	98	62	3	1	97	1	94	3.67e-13	50.8
olaTTNIg104	TTNA36	32.990	97	64	1	1	97	1	96	1.04e-12	49.7
olaTTNIg104	TTNA156	31.111	90	62	0	8	97	6	95	1.81e-12	48.9
olaTTNIg104	TTNA22	30.208	96	64	2	2	97	2	94	2.55e-12	48.5
olaTTNIg104	TTNA138	27.835	97	69	1	1	97	1	96	8.05e-12	47.4
olaTTNIg104	TTNA160	29.474	95	64	2	2	96	1	92	1.81e-11	46.6
olaTTNIg104	TTNA39	31.959	97	63	2	3	97	1	96	1.59e-10	43.9
olaTTNIg104	TTNA112	29.412	85	60	0	13	97	8	92	4.22e-10	42.7
olaTTNIg104	TTNA11	30.097	103	66	1	1	97	1	103	1.34e-09	42.0
olaTTNIg104	TTNA1	26.437	87	64	0	10	96	6	92	6.82e-09	39.7
olaTTNIg104	TTNI106	30.303	66	46	0	31	96	28	93	3.34e-08	38.1
olaTTNIg104	TTNA134	29.412	68	48	0	15	82	13	80	1.27e-06	33.9
olaTTNIg104	TTNA169	28.571	70	45	2	31	97	33	100	1.65e-06	33.5
olaTTNIg104	TTNA4	23.932	117	60	2	10	97	5	121	7.63e-06	32.0
olaTTNIg104	TTNA18	26.882	93	61	1	11	96	6	98	9.45e-06	31.6
olaTTNIg104	TTNA164	23.944	71	54	0	15	85	10	80	6.84e-04	26.6
olaTTNIg104	TTNA168	31.707	82	48	4	17	91	12	92	0.001	25.8
olaTTNIg105	TTNA153	56.989	93	40	0	1	93	1	93	9.14e-42	123
olaTTNIg105	TTNA65	47.312	93	49	0	1	93	2	94	1.15e-31	97.8
olaTTNIg105	TTNA87	46.237	93	50	0	1	93	2	94	1.78e-31	97.1
olaTTNIg105	TTNA54	46.316	95	49	1	1	93	2	96	8.64e-29	90.5
olaTTNIg105	TTNA120	39.785	93	56	0	1	93	1	93	1.64e-28	89.7
olaTTNIg105	TTNA109	43.011	93	53	0	1	93	2	94	3.62e-28	89.0
olaTTNIg105	TTNA142	40.860	93	55	0	1	93	2	94	3.57e-26	84.0
olaTTNIg105	TTNA76	39.785	93	56	0	1	93	2	94	6.11e-25	80.5
olaTTNIg105	TTNA98	40.860	93	55	0	1	93	2	94	1.07e-24	80.1
olaTTNIg105	TTNA160	37.363	91	57	0	1	91	1	91	1.56e-21	72.0
olaTTNIg105	TTNA22	31.183	93	64	0	1	93	2	94	2.89e-18	63.5
olaTTNIg105	TTNA43	34.043	94	61	1	1	93	2	95	4.79e-18	63.2
olaTTNIg105	TTNA149	35.106	94	56	2	2	93	7	97	1.16e-17	62.4
olaTTNIg105	TTNA57	37.634	93	56	1	1	91	1	93	1.51e-16	59.3
olaTTNIg105	TTNA68	34.737	95	60	1	1	93	1	95	1.92e-16	58.9
olaTTNIg105	TTNA138	35.789	95	59	1	1	93	2	96	2.44e-16	58.9
olaTTNIg105	TTNA83	33.684	95	61	1	1	93	2	96	3.94e-16	58.2
olaTTNIg105	TTNA8	35.106	94	60	1	1	93	2	95	4.43e-16	58.2
olaTTNIg105	TTNA131	34.375	96	60	2	1	93	2	97	9.00e-16	57.4
olaTTNIg105	TTNA101	40.476	84	48	1	12	93	9	92	6.92e-15	55.1
olaTTNIg105	TTNA25	31.868	91	60	1	5	93	4	94	1.40e-14	54.3
olaTTNIg105	TTNA72	32.632	95	62	1	1	93	2	96	1.67e-14	54.3
olaTTNIg105	TTNA61	33.333	96	61	2	1	93	2	97	2.58e-14	53.5
olaTTNIg105	TTNA127	29.474	95	65	1	1	93	1	95	3.97e-14	53.1
olaTTNIg105	TTNA50	31.579	95	63	1	1	93	2	96	4.72e-14	53.1
olaTTNIg105	TTNA116	28.421	95	66	1	1	93	2	96	8.93e-14	52.4
olaTTNIg105	TTNA123	31.579	95	63	1	1	93	2	96	1.13e-13	52.0
olaTTNIg105	TTNA94	28.421	95	66	1	1	93	1	95	2.07e-13	51.2
olaTTNIg105	TTNA105	32.292	96	62	1	1	93	2	97	3.23e-13	50.8
olaTTNIg105	TTNA39	31.461	89	57	1	9	93	8	96	3.56e-13	50.8
olaTTNIg105	TTNA46	33.333	87	56	1	9	93	6	92	3.67e-13	50.4
olaTTNIg105	TTNA29	30.108	93	65	0	1	93	2	94	4.13e-13	50.4
olaTTNIg105	TTNI107	33.333	96	60	3	1	93	2	96	6.79e-13	50.1
olaTTNIg105	TTNA36	29.474	95	65	1	1	93	2	96	7.25e-13	50.1
olaTTNIg105	TTNA90	29.268	82	56	1	14	93	11	92	1.83e-12	48.9
olaTTNIg105	TTNA15	32.353	102	57	3	4	93	2	103	4.31e-12	48.1
olaTTNIg105	TTNA79	34.737	95	57	2	1	93	2	93	1.33e-11	46.6
olaTTNIg105	TTNA134	30.864	81	54	1	1	79	1	81	1.95e-11	46.2
olaTTNIg105	TTNA32	28.421	95	66	1	1	93	2	96	8.87e-11	44.7
olaTTNIg105	TTNA165	31.250	96	63	2	1	93	1	96	1.35e-10	44.3
olaTTNIg105	TTNA11	32.222	90	53	1	12	93	14	103	2.99e-10	43.5
olaTTNIg105	TTNA145	32.258	93	61	1	1	91	1	93	2.81e-09	40.8
olaTTNIg105	TTNA112	30.952	84	56	1	12	93	9	92	7.09e-09	39.7
olaTTNIg105	TTNA156	30.526	95	64	1	1	93	1	95	1.22e-08	38.9
olaTTNIg105	TTNA1	33.696	92	54	2	2	91	5	91	1.60e-08	38.5
olaTTNIg105	TTNA169	31.646	79	51	2	18	93	22	100	2.31e-08	38.5
olaTTNIg105	TTNA18	29.474	95	54	3	8	91	5	97	1.69e-07	36.2
olaTTNIg105	TTNA164	27.632	76	53	2	11	84	8	83	4.62e-06	32.3
olaTTNIg105	TTNA168	33.333	60	36	1	26	81	23	82	0.001	25.8
olaTTNIg105	TTNI106	31.818	66	43	1	28	91	27	92	0.001	25.8
olaTTNIg105	TTNA4	25.806	31	23	0	9	39	6	36	0.008	23.9
olaTTNIg106	TTNA156	50.000	94	47	0	1	94	1	94	1.21e-35	107
olaTTNIg106	TTNA79	37.500	80	50	0	15	94	13	92	4.20e-18	63.2
olaTTNIg106	TTNA68	34.066	91	60	0	1	91	1	91	8.56e-18	62.8
olaTTNIg106	TTNA145	32.979	94	63	0	1	94	1	94	9.03e-17	60.1
olaTTNIg106	TTNA101	33.333	87	58	0	8	94	5	91	1.13e-16	59.7
olaTTNIg106	TTNA46	29.885	87	60	1	8	94	6	91	7.94e-16	57.4
olaTTNIg106	TTNA112	34.483	87	57	0	8	94	5	91	4.69e-15	55.5
olaTTNIg106	TTNA83	35.000	80	52	0	15	94	16	95	2.29e-14	53.9
olaTTNIg106	TTNI106	29.474	95	66	1	1	95	1	94	4.52e-14	53.1
olaTTNIg106	TTNA87	31.915	94	62	1	1	94	2	93	6.25e-14	52.8
olaTTNIg106	TTNA127	27.660	94	68	0	1	94	1	94	1.90e-13	51.6
olaTTNIg106	TTNA153	36.486	74	45	1	10	83	10	81	4.50e-13	50.4
olaTTNIg106	TTNA90	33.333	81	54	0	14	94	11	91	7.98e-13	49.7
olaTTNIg106	TTNA57	29.787	94	66	0	1	94	1	94	1.44e-12	49.3
olaTTNIg106	TTNA109	30.851	94	63	1	1	94	2	93	1.68e-12	48.9
olaTTNIg106	TTNA149	31.707	82	54	1	12	93	14	93	1.79e-12	48.9
olaTTNIg106	TTNA116	38.158	76	43	2	10	83	11	84	7.02e-12	47.4
olaTTNIg106	TTNA76	30.851	94	63	1	1	94	2	93	7.58e-12	47.4
olaTTNIg106	TTNA72	29.487	78	55	0	17	94	18	95	1.15e-11	47.0
olaTTNIg106	TTNA98	25.532	94	68	1	1	94	2	93	1.59e-11	46.6
olaTTNIg106	TTNA94	32.500	80	54	0	15	94	15	94	1.85e-11	46.2
olaTTNIg106	TTNA123	26.596	94	69	0	1	94	2	95	1.93e-11	46.2
olaTTNIg106	TTNA131	28.916	83	59	0	1	83	2	84	2.12e-11	46.2
olaTTNIg106	TTNA50	27.660	94	68	0	1	94	2	95	2.41e-11	46.2
olaTTNIg106	TTNI107	31.707	82	56	0	13	94	14	95	5.34e-11	45.1
olaTTNIg106	TTNA142	29.787	94	62	2	1	92	2	93	1.70e-10	43.9
olaTTNIg106	TTNA160	29.070	86	59	1	10	95	10	93	2.85e-10	43.1
olaTTNIg106	TTNA1	28.750	80	57	0	15	94	13	92	3.04e-10	43.1
olaTTNIg106	TTNA120	29.787	94	62	2	1	92	1	92	3.69e-10	43.1
olaTTNIg106	TTNA165	23.377	77	58	1	18	93	18	94	3.95e-10	43.1
olaTTNIg106	TTNA65	25.882	85	61	1	10	94	11	93	4.71e-10	42.7
olaTTNIg106	TTNA61	31.325	83	56	1	13	94	14	96	6.66e-10	42.4
olaTTNIg106	TTNA134	30.526	95	66	0	1	95	1	95	6.76e-10	42.4
olaTTNIg106	TTNA8	30.120	83	57	1	1	83	2	83	7.85e-10	42.0
olaTTNIg106	TTNA164	32.143	84	55	2	11	93	8	90	5.88e-09	39.7
olaTTNIg106	TTNA138	28.571	91	65	0	1	91	2	92	8.98e-09	39.3
olaTTNIg106	TTNA29	32.099	81	53	1	14	94	15	93	3.99e-08	37.7
olaTTNIg106	TTNA54	29.885	87	57	2	10	94	11	95	9.04e-08	37.0
olaTTNIg106	TTNA39	28.125	96	65	2	1	94	2	95	1.15e-07	36.6
olaTTNIg106	TTNA43	27.835	97	63	2	1	94	2	94	1.17e-07	36.6
olaTTNIg106	TTNA105	32.143	84	56	1	12	94	13	96	2.84e-07	35.4
olaTTNIg106	TTNA32	32.099	81	53	2	15	94	16	95	3.11e-07	35.4
olaTTNIg106	TTNA15	27.907	86	54	2	17	94	17	102	4.40e-07	35.0
olaTTNIg106	TTNA169	23.457	81	61	1	12	91	16	96	1.16e-06	33.9
olaTTNIg106	TTNA168	26.582	79	54	2	11	86	8	85	1.98e-06	33.1
olaTTNIg106	TTNA22	23.750	80	59	1	15	94	16	93	6.70e-06	32.0
olaTTNIg106	TTNA36	24.096	83	63	0	1	83	2	84	1.72e-05	30.8
olaTTNIg106	TTNA25	23.944	71	54	0	13	83	12	82	1.45e-04	28.1
olaTTNIg106	TTNA18	23.656	93	62	2	10	94	7	98	0.001	26.2
olaTTNIg106	TTNA11	23.077	78	52	2	13	83	15	91	0.001	25.8
olaTTNIg106	TTNA4	21.569	102	49	3	13	84	10	110	0.013	23.1
olaTTNIg107	TTNA160	62.366	93	35	0	1	93	1	93	1.42e-40	120
olaTTNIg107	TTNA65	40.217	92	55	0	1	92	2	93	5.30e-25	80.9
olaTTNIg107	TTNA87	42.391	92	53	0	1	92	2	93	3.83e-24	78.6
olaTTNIg107	TTNA109	41.304	92	54	0	1	92	2	93	8.04e-23	75.5
olaTTNIg107	TTNA22	41.304	92	54	0	1	92	2	93	2.27e-22	74.3
olaTTNIg107	TTNA142	35.870	92	59	0	1	92	2	93	3.39e-22	73.6
olaTTNIg107	TTNA76	40.217	92	55	0	1	92	2	93	1.05e-21	72.4
olaTTNIg107	TTNA98	38.043	92	57	0	1	92	2	93	7.59e-21	70.1
olaTTNIg107	TTNA127	37.234	94	57	1	1	92	1	94	3.35e-20	68.6
olaTTNIg107	TTNA153	37.363	91	57	0	1	91	1	91	3.67e-20	68.6
olaTTNIg107	TTNA116	35.106	94	59	1	1	92	2	95	6.60e-20	67.8
olaTTNIg107	TTNA120	30.435	92	64	0	1	92	1	92	1.53e-19	67.0
olaTTNIg107	TTNA105	41.053	95	53	1	1	92	2	96	2.25e-18	63.9
olaTTNIg107	TTNA57	33.684	95	61	1	1	93	1	95	5.63e-18	63.2
olaTTNIg107	TTNA72	35.106	94	59	1	1	92	2	95	1.85e-17	61.6
olaTTNIg107	TTNA43	36.559	93	58	1	1	92	2	94	2.64e-17	61.2
olaTTNIg107	TTNA54	37.234	94	57	1	1	92	2	95	3.54e-17	60.8
olaTTNIg107	TTNA32	35.106	94	59	1	1	92	2	95	5.97e-17	60.5
olaTTNIg107	TTNA90	37.975	79	47	1	13	89	10	88	6.24e-17	60.1
olaTTNIg107	TTNA131	33.684	95	60	2	1	92	2	96	1.26e-16	59.7
olaTTNIg107	TTNA1	35.165	91	56	2	5	93	4	93	1.81e-16	58.9
olaTTNIg107	TTNA46	39.506	81	47	1	14	92	11	91	2.15e-16	58.9
olaTTNIg107	TTNA29	36.957	92	58	0	1	92	2	93	2.38e-16	58.9
olaTTNIg107	TTNA83	36.170	94	58	1	1	92	2	95	5.76e-16	57.8
olaTTNIg107	TTNA94	34.043	94	60	1	1	92	1	94	8.68e-16	57.4
olaTTNIg107	TTNA36	35.106	94	59	1	1	92	2	95	1.40e-15	57.0
olaTTNIg107	TTNA15	29.412	102	62	1	1	92	1	102	2.51e-15	56.6
olaTTNIg107	TTNA39	36.957	92	54	1	5	92	4	95	6.52e-15	55.1
olaTTNIg107	TTNA112	32.979	94	58	2	1	92	1	91	8.69e-15	54.7
olaTTNIg107	TTNA138	31.183	93	62	1	1	91	2	94	1.44e-14	54.3
olaTTNIg107	TTNA50	32.979	94	61	1	1	92	2	95	4.82e-14	53.1
olaTTNIg107	TTNA61	35.789	95	58	2	1	92	2	96	3.12e-13	50.8
olaTTNIg107	TTNA149	35.417	96	57	3	1	92	2	96	4.37e-13	50.4
olaTTNIg107	TTNI106	40.506	79	37	2	21	93	20	94	4.41e-13	50.4
olaTTNIg107	TTNA68	32.258	93	57	3	4	91	2	93	9.80e-13	49.7
olaTTNIg107	TTNA79	32.143	84	55	1	11	92	9	92	1.52e-12	48.9
olaTTNIg107	TTNA8	32.258	93	62	1	1	92	2	94	2.53e-12	48.5
olaTTNIg107	TTNA134	34.568	81	51	1	15	93	15	95	3.65e-12	48.1
olaTTNIg107	TTNA25	33.333	90	58	1	5	92	4	93	2.06e-11	46.2
olaTTNIg107	TTNA101	25.000	84	61	1	11	92	8	91	6.60e-11	44.7
olaTTNIg107	TTNI107	29.474	95	63	2	1	92	2	95	6.78e-11	45.1
olaTTNIg107	TTNA145	33.333	99	56	2	1	93	1	95	1.92e-10	43.5
olaTTNIg107	TTNA156	26.596	94	67	1	1	92	1	94	7.40e-10	42.0
olaTTNIg107	TTNA123	30.851	94	59	3	4	92	3	95	1.19e-09	41.6
olaTTNIg107	TTNA11	29.000	100	62	2	1	91	2	101	2.41e-09	40.8
olaTTNIg107	TTNA169	27.273	77	53	1	18	91	22	98	4.02e-09	40.4
olaTTNIg107	TTNA18	28.713	101	55	3	5	93	4	99	7.62e-09	39.7
olaTTNIg107	TTNA165	28.723	94	60	3	1	91	5	94	6.64e-08	37.0
olaTTNIg107	TTNA164	31.081	74	49	1	18	89	15	88	6.70e-07	34.3
olaTTNIg107	TTNA164	40.000	10	6	0	85	94	18	27	3.3	16.2
olaTTNIg107	TTNA4	25.688	109	50	2	15	92	12	120	4.18e-06	32.7
olaTTNIg107	TTNA168	24.706	85	57	3	1	81	1	82	4.60e-04	26.9
olaTTNIg108	TTNA164	60.870	92	36	0	1	92	1	92	7.71e-45	130
olaTTNIg108	TTNA168	30.108	93	63	2	1	91	1	93	2.07e-13	51.2
olaTTNIg108	TTNA101	30.435	92	63	1	1	91	1	92	7.24e-13	49.7
olaTTNIg108	TTNA79	30.435	92	63	1	1	91	2	93	8.42e-13	49.7
olaTTNIg108	TTNA61	33.784	74	48	1	8	80	12	85	1.41e-11	46.6
olaTTNIg108	TTNA83	31.818	88	59	1	5	91	9	96	3.57e-11	45.4
olaTTNIg108	TTNA36	25.926	81	60	0	8	88	12	92	4.42e-11	45.4
olaTTNIg108	TTNA156	30.769	78	53	1	15	91	18	95	1.37e-10	43.9
olaTTNIg108	TTNA138	29.870	77	54	0	7	83	11	87	8.23e-10	42.0
olaTTNIg108	TTNA72	29.114	79	56	0	5	83	9	87	2.15e-09	40.8
olaTTNIg108	TTNA32	31.579	76	52	0	5	80	9	84	2.42e-09	40.8
olaTTNIg108	TTNA149	28.736	87	59	1	4	90	9	92	1.11e-08	39.3
olaTTNIg108	TTNA50	23.611	72	55	0	10	81	14	85	1.43e-08	38.9
olaTTNIg108	TTNA116	33.766	77	49	2	5	80	9	84	1.59e-08	38.5
olaTTNIg108	TTNA1	25.610	82	61	0	1	82	2	83	1.79e-08	38.5
olaTTNIg108	TTNI107	23.288	73	56	0	10	82	14	86	3.28e-08	37.7
olaTTNIg108	TTNA120	31.818	66	43	2	12	77	15	78	5.41e-08	37.4
olaTTNIg108	TTNA43	28.750	80	53	2	2	81	9	84	5.48e-08	37.4
olaTTNIg108	TTNA90	23.457	81	62	0	1	81	1	81	6.03e-08	37.0
olaTTNIg108	TTNA57	28.125	64	46	0	20	83	23	86	9.81e-08	36.6
olaTTNIg108	TTNA11	30.380	79	49	1	8	80	13	91	1.05e-07	36.6
olaTTNIg108	TTNA94	26.316	76	56	0	5	80	8	83	1.35e-07	36.2
olaTTNIg108	TTNA105	28.205	78	53	2	5	80	9	85	2.28e-07	35.8
olaTTNIg108	TTNA39	27.027	74	52	1	10	81	12	85	2.72e-07	35.4
olaTTNIg108	TTNA131	25.000	80	60	0	10	89	14	93	7.43e-07	34.3
olaTTNIg108	TTNA46	24.658	73	55	0	8	80	8	80	8.49e-07	34.3
olaTTNIg108	TTNA134	27.692	65	47	0	9	73	12	76	1.80e-06	33.1
olaTTNIg108	TTNA25	18.519	81	65	1	1	80	2	82	3.15e-06	32.7
olaTTNIg108	TTNA68	24.658	73	55	0	10	82	13	85	3.20e-06	32.7
olaTTNIg108	TTNA112	32.727	55	37	0	26	80	26	80	3.22e-06	32.7
olaTTNIg108	TTNA153	32.099	81	50	4	10	89	13	89	5.94e-06	32.0
olaTTNIg108	TTNA98	30.556	72	46	2	10	80	14	82	1.13e-05	31.2
olaTTNIg108	TTNA87	28.169	71	49	1	10	80	14	82	1.18e-05	31.2
olaTTNIg108	TTNA145	23.944	71	54	0	10	80	13	83	2.27e-05	30.4
olaTTNIg108	TTNA165	22.222	72	53	2	14	83	17	87	3.24e-05	30.0
olaTTNIg108	TTNA123	20.270	74	59	0	10	83	14	87	5.26e-05	29.3
olaTTNIg108	TTNA29	27.500	80	55	2	13	91	17	94	6.58e-05	29.3
olaTTNIg108	TTNA18	25.373	67	43	1	23	82	23	89	8.94e-05	28.9
olaTTNIg108	TTNA109	29.508	61	41	1	20	80	24	82	1.22e-04	28.5
olaTTNIg108	TTNA76	31.034	58	36	2	24	80	28	82	1.92e-04	27.7
olaTTNIg108	TTNA127	24.658	73	55	0	10	82	13	85	2.24e-04	27.7
olaTTNIg108	TTNA22	22.973	74	55	1	8	81	12	83	3.90e-04	26.9
olaTTNIg108	TTNA15	28.767	73	40	4	17	81	24	92	0.001	26.2
olaTTNIg108	TTNA142	25.373	67	47	2	26	91	30	94	0.001	25.8
olaTTNIg108	TTNA169	24.390	82	59	2	1	80	8	88	0.001	25.8
olaTTNIg108	TTNA160	24.691	81	54	2	6	81	4	82	0.002	25.0
olaTTNIg108	TTNA54	24.138	58	44	0	26	83	30	87	0.005	23.9
olaTTNIg108	TTNI106	22.581	62	48	0	16	77	18	79	0.006	23.9
olaTTNIg108	TTNA65	25.424	59	40	2	24	81	28	83	0.015	22.7
olaTTNIg108	TTNA4	34.783	23	15	0	12	34	12	34	0.27	19.2
olaTTNIg109	TTNA165	57.609	92	39	0	1	92	5	96	3.86e-42	124
olaTTNIg109	TTNA94	31.868	91	61	1	2	92	6	95	1.47e-15	56.6
olaTTNIg109	TTNA83	32.184	87	58	1	6	92	11	96	5.84e-15	55.5
olaTTNIg109	TTNA109	35.165	91	56	2	2	92	7	94	6.15e-15	55.1
olaTTNIg109	TTNA72	34.066	91	59	1	2	92	7	96	1.86e-14	53.9
olaTTNIg109	TTNA76	34.409	93	54	3	2	92	7	94	1.09e-13	52.0
olaTTNIg109	TTNA127	30.108	93	62	2	2	92	4	95	2.21e-13	51.2
olaTTNIg109	TTNA98	32.967	91	58	2	2	92	7	94	3.92e-13	50.4
olaTTNIg109	TTNA142	29.670	91	61	2	2	92	7	94	4.22e-13	50.4
olaTTNIg109	TTNA54	30.769	91	62	1	2	92	7	96	5.97e-13	50.1
olaTTNIg109	TTNA153	32.955	88	56	2	5	92	9	93	1.28e-12	49.3
olaTTNIg109	TTNA79	32.955	88	58	1	5	92	7	93	1.41e-12	48.9
olaTTNIg109	TTNA149	32.911	79	52	1	14	92	20	97	2.85e-12	48.5
olaTTNIg109	TTNA8	32.967	91	59	2	2	92	7	95	4.29e-12	47.8
olaTTNIg109	TTNA22	29.670	91	61	2	2	92	7	94	1.27e-11	46.6
olaTTNIg109	TTNI107	31.250	96	61	2	1	92	2	96	1.37e-11	46.6
olaTTNIg109	TTNA65	29.670	91	61	2	2	92	7	94	1.53e-11	46.6
olaTTNIg109	TTNA116	28.571	91	64	1	2	92	7	96	2.27e-11	46.2
olaTTNIg109	TTNA32	29.670	91	63	1	2	92	7	96	2.30e-11	46.2
olaTTNIg109	TTNA15	27.273	99	63	2	2	92	6	103	2.64e-11	46.2
olaTTNIg109	TTNA57	26.596	94	64	2	1	90	1	93	7.73e-11	44.7
olaTTNIg109	TTNA68	28.125	96	64	2	1	92	1	95	1.06e-10	44.3
olaTTNIg109	TTNA138	28.409	88	58	2	9	92	10	96	1.16e-10	44.3
olaTTNIg109	TTNA138	50.000	10	5	0	52	61	9	18	2.8	16.2
olaTTNIg109	TTNA134	31.579	76	51	1	13	88	17	91	1.20e-10	44.3
olaTTNIg109	TTNA87	31.868	91	59	2	2	92	7	94	1.43e-10	43.9
olaTTNIg109	TTNA131	29.348	92	63	2	2	92	7	97	4.23e-10	42.7
olaTTNIg109	TTNA90	27.957	93	65	2	1	92	1	92	4.51e-10	42.7
olaTTNIg109	TTNA101	30.588	85	58	1	8	92	9	92	4.66e-10	42.7
olaTTNIg109	TTNA105	30.682	88	59	2	6	92	11	97	5.08e-10	42.7
olaTTNIg109	TTNA36	30.769	91	62	1	2	92	7	96	9.77e-10	42.0
olaTTNIg109	TTNA169	25.316	79	59	0	14	92	22	100	1.81e-09	41.2
olaTTNIg109	TTNA120	25.275	91	65	2	2	92	6	93	2.74e-09	40.4
olaTTNIg109	TTNA61	29.348	92	63	2	2	92	7	97	3.98e-09	40.4
olaTTNIg109	TTNA160	29.787	94	59	3	1	90	1	91	1.12e-08	38.9
olaTTNIg109	TTNA43	28.261	92	62	3	2	92	7	95	1.42e-08	38.9
olaTTNIg109	TTNI106	30.303	66	45	1	25	90	28	92	2.97e-08	38.1
olaTTNIg109	TTNA112	22.368	76	58	1	17	92	18	92	6.36e-08	37.0
olaTTNIg109	TTNA46	23.913	92	69	1	1	92	2	92	6.57e-08	37.0
olaTTNIg109	TTNA1	28.205	78	53	2	14	90	16	91	1.70e-07	35.8
olaTTNIg109	TTNA156	27.941	68	48	1	25	92	29	95	4.88e-07	34.7
olaTTNIg109	TTNA50	21.591	88	68	1	5	92	10	96	5.74e-07	34.7
olaTTNIg109	TTNA25	24.691	81	58	2	13	92	16	94	1.18e-06	33.9
olaTTNIg109	TTNA145	34.328	67	43	1	14	80	18	83	1.28e-06	33.5
olaTTNIg109	TTNA29	27.500	80	55	2	13	92	18	94	1.70e-06	33.5
olaTTNIg109	TTNA11	26.087	92	61	2	7	92	13	103	3.96e-06	32.3
olaTTNIg109	TTNA39	25.926	81	57	2	2	80	5	84	7.17e-06	31.6
olaTTNIg109	TTNA123	24.706	85	63	1	8	92	13	96	3.70e-05	29.6
olaTTNIg109	TTNA164	22.368	76	58	1	13	88	14	88	3.86e-04	26.9
olaTTNIg109	TTNA18	24.490	98	64	3	1	90	2	97	4.37e-04	26.9
olaTTNIg109	TTNA168	23.188	69	48	3	25	90	26	92	0.11	20.4
olaTTNIg109	TTNA4	26.471	34	25	0	1	34	2	35	0.22	19.6
olaTTNIg110	TTNA168	66.667	93	31	0	1	93	1	93	3.89e-51	146
olaTTNIg110	TTNA164	40.000	85	47	3	1	84	1	82	3.51e-17	60.8
olaTTNIg110	TTNA127	28.916	83	55	2	12	92	13	93	1.65e-10	43.9
olaTTNIg110	TTNA72	35.938	64	37	2	20	82	24	84	2.94e-10	43.1
olaTTNIg110	TTNA153	27.160	81	55	1	8	88	11	87	5.75e-10	42.4
olaTTNIg110	TTNA50	29.762	84	55	2	10	92	14	94	3.43e-09	40.4
olaTTNIg110	TTNA94	33.784	74	45	2	20	92	23	93	1.56e-08	38.9
olaTTNIg110	TTNA101	22.826	92	69	2	1	92	1	90	2.52e-08	38.1
olaTTNIg110	TTNA98	31.522	92	56	3	3	92	6	92	2.54e-07	35.4
olaTTNIg110	TTNA18	26.966	89	58	2	10	92	10	97	3.61e-07	35.0
olaTTNIg110	TTNA109	31.325	83	51	3	12	92	14	92	6.16e-07	34.7
olaTTNIg110	TTNA160	36.508	63	36	2	20	82	23	81	7.02e-07	34.3
olaTTNIg110	TTNA138	29.630	81	53	3	15	93	17	95	9.67e-07	33.9
olaTTNIg110	TTNA112	21.739	92	70	2	1	92	1	90	1.04e-06	33.9
olaTTNIg110	TTNI107	26.744	86	61	2	7	92	11	94	1.08e-06	33.9
olaTTNIg110	TTNA32	28.736	87	58	2	7	92	11	94	2.14e-06	33.1
olaTTNIg110	TTNA87	26.136	88	60	2	6	92	9	92	2.65e-06	32.7
olaTTNIg110	TTNA83	29.167	72	47	2	22	92	26	94	6.10e-06	32.0
olaTTNIg110	TTNA149	26.506	83	59	2	10	92	15	95	6.51e-06	32.0
olaTTNIg110	TTNA36	27.397	73	51	1	10	82	14	84	1.24e-05	31.2
olaTTNIg110	TTNA165	24.051	79	57	2	16	94	19	94	1.26e-05	31.2
olaTTNIg110	TTNA1	30.882	68	41	3	28	94	29	91	1.29e-05	31.2
olaTTNIg110	TTNA79	22.826	92	69	1	1	92	2	91	1.59e-05	30.8
olaTTNIg110	TTNA11	26.136	88	61	2	9	92	14	101	1.66e-05	30.8
olaTTNIg110	TTNA156	26.087	69	49	2	20	88	23	89	1.81e-05	30.8
olaTTNIg110	TTNA39	23.810	84	62	2	10	92	12	94	2.19e-05	30.4
olaTTNIg110	TTNA76	31.507	73	46	2	20	92	24	92	3.23e-05	30.0
olaTTNIg110	TTNA8	30.435	69	45	2	24	92	28	93	3.24e-05	30.0
olaTTNIg110	TTNA90	24.444	90	66	2	1	90	1	88	3.42e-05	30.0
olaTTNIg110	TTNA61	34.426	61	36	2	24	83	29	86	4.35e-05	29.6
olaTTNIg110	TTNA68	24.691	81	59	2	13	93	16	94	4.75e-05	29.6
olaTTNIg110	TTNA57	25.000	80	58	2	13	92	16	93	6.61e-05	29.3
olaTTNIg110	TTNA105	24.658	73	54	1	20	92	24	95	8.58e-05	28.9
olaTTNIg110	TTNA169	25.974	77	36	3	26	92	33	98	1.80e-04	28.1
olaTTNIg110	TTNA4	23.009	113	57	3	9	91	9	121	1.94e-04	28.1
olaTTNIg110	TTNA116	26.667	60	42	1	24	83	28	85	2.52e-04	27.7
olaTTNIg110	TTNA25	22.353	85	61	3	1	83	2	83	4.46e-04	26.9
olaTTNIg110	TTNA29	28.736	87	56	3	8	94	12	92	8.14e-04	26.2
olaTTNIg110	TTNA46	23.333	60	44	2	24	83	24	81	0.001	25.4
olaTTNIg110	TTNA134	31.818	44	23	1	10	53	13	49	0.002	25.0
olaTTNIg110	TTNA22	20.548	73	54	1	20	92	24	92	0.003	24.6
olaTTNIg110	TTNA131	33.333	21	14	0	26	46	30	50	0.013	22.7
olaTTNIg110	TTNA65	18.824	85	65	1	8	92	12	92	0.020	22.3
olaTTNIg110	TTNA120	22.222	90	64	2	5	94	8	91	0.024	21.9
olaTTNIg110	TTNA43	26.316	57	39	2	26	82	30	83	0.025	21.9
olaTTNIg110	TTNA142	19.403	67	50	1	26	92	30	92	0.083	20.8
olaTTNIg110	TTNA145	32.000	25	17	0	10	34	13	37	0.17	19.6
olaTTNIg110	TTNA54	28.571	35	24	1	20	53	24	58	0.48	18.5
olaTTNIg110	TTNA15	25.843	89	50	3	20	92	13	101	0.97	17.7
olaTTNIg111	TTNA169	83.000	100	17	0	1	100	1	100	6.19e-64	179
olaTTNIg111	TTNA46	33.333	99	59	2	2	100	1	92	7.10e-15	55.1
olaTTNIg111	TTNA131	34.667	75	48	1	14	88	11	84	1.07e-13	52.4
olaTTNIg111	TTNA57	34.722	72	46	1	27	98	23	93	2.43e-12	48.9
olaTTNIg111	TTNA165	29.885	87	61	0	14	100	10	96	4.69e-12	48.1
olaTTNIg111	TTNA153	35.052	97	56	3	5	100	3	93	4.66e-11	45.4
olaTTNIg111	TTNA116	28.571	91	64	1	10	100	7	96	1.06e-10	44.7
olaTTNIg111	TTNA50	30.000	100	65	3	2	100	1	96	2.36e-10	43.5
olaTTNIg111	TTNA83	32.323	99	64	2	2	100	1	96	4.16e-10	43.1
olaTTNIg111	TTNA22	27.083	96	65	2	5	100	4	94	1.42e-09	41.6
olaTTNIg111	TTNA109	29.293	99	65	3	2	100	1	94	1.50e-09	41.6
olaTTNIg111	TTNA68	28.049	82	58	1	19	100	15	95	3.50e-09	40.8
olaTTNIg111	TTNA112	30.303	66	45	1	23	88	16	80	3.76e-09	40.4
olaTTNIg111	TTNA79	29.630	81	56	1	20	100	14	93	4.84e-09	40.0
olaTTNIg111	TTNA54	33.750	80	50	2	22	100	19	96	1.32e-08	39.3
olaTTNIg111	TTNA11	34.118	85	49	4	22	100	20	103	2.15e-08	38.9
olaTTNIg111	TTNA127	26.042	96	68	2	5	100	3	95	2.36e-08	38.5
olaTTNIg111	TTNA65	31.646	79	51	2	22	100	19	94	2.93e-08	38.1
olaTTNIg111	TTNA90	30.380	79	54	1	22	100	15	92	4.18e-08	37.7
olaTTNIg111	TTNA101	31.646	79	53	1	22	100	15	92	4.65e-08	37.7
olaTTNIg111	TTNA1	25.316	79	58	1	20	98	14	91	7.07e-08	37.4
olaTTNIg111	TTNA160	27.632	76	50	3	14	88	10	81	8.03e-08	37.0
olaTTNIg111	TTNA98	28.736	87	59	2	14	100	11	94	8.52e-08	37.0
olaTTNIg111	TTNA87	30.108	93	58	3	10	100	7	94	1.10e-07	36.6
olaTTNIg111	TTNA36	28.283	99	68	2	2	100	1	96	1.33e-07	36.6
olaTTNIg111	TTNA76	30.303	99	64	3	2	100	1	94	1.40e-07	36.6
olaTTNIg111	TTNA72	23.077	91	69	1	10	100	7	96	1.42e-07	36.6
olaTTNIg111	TTNA18	25.510	98	65	2	8	98	1	97	1.57e-07	36.2
olaTTNIg111	TTNI107	30.000	80	53	2	22	100	19	96	1.62e-07	36.2
olaTTNIg111	TTNA94	26.804	97	68	2	4	100	2	95	1.65e-07	36.2
olaTTNIg111	TTNA61	30.928	97	63	3	5	100	4	97	2.06e-07	36.2
olaTTNIg111	TTNA39	29.412	68	47	1	22	88	17	84	2.60e-07	35.8
olaTTNIg111	TTNI106	24.324	74	55	1	25	98	20	92	2.89e-07	35.4
olaTTNIg111	TTNA142	26.263	99	64	4	4	100	3	94	3.80e-07	35.4
olaTTNIg111	TTNA120	29.114	79	53	2	22	100	18	93	6.25e-07	34.7
olaTTNIg111	TTNA164	26.190	84	56	3	6	88	2	80	1.17e-06	33.9
olaTTNIg111	TTNA149	28.571	91	52	3	20	100	10	97	1.46e-06	33.9
olaTTNIg111	TTNA138	27.848	79	56	1	22	100	19	96	3.04e-06	32.7
olaTTNIg111	TTNA25	27.500	80	55	2	22	100	17	94	3.38e-06	32.7
olaTTNIg111	TTNA105	26.667	90	64	2	12	100	9	97	3.61e-06	32.7
olaTTNIg111	TTNA8	26.966	89	59	3	14	100	11	95	9.50e-06	31.6
olaTTNIg111	TTNA32	25.316	79	58	1	22	100	19	96	1.29e-05	31.2
olaTTNIg111	TTNA156	25.882	85	58	3	17	100	15	95	2.11e-05	30.8
olaTTNIg111	TTNA123	25.316	79	58	1	22	100	19	96	2.76e-05	30.4
olaTTNIg111	TTNA43	31.884	69	43	3	33	100	30	95	3.71e-05	30.0
olaTTNIg111	TTNA134	29.688	64	44	1	22	85	18	80	3.75e-05	30.0
olaTTNIg111	TTNA145	27.273	77	55	1	22	98	18	93	5.78e-05	29.6
olaTTNIg111	TTNA168	22.826	92	60	2	18	98	1	92	1.48e-04	28.5
olaTTNIg111	TTNA15	21.839	87	59	3	22	100	18	103	5.86e-04	26.9
olaTTNIg111	TTNA4	35.714	28	18	0	21	48	14	41	6.79e-04	26.9
olaTTNIg111	TTNA29	24.242	99	70	3	2	100	1	94	0.001	25.8
