olaTTNIg62	olaTTNAIg62/195	74.737	95	24	0	1	95	1	95	1.33e-53	153
olaTTNIg62	olaTTNAIg64/193	35.789	95	58	2	1	95	1	92	1.32e-13	51.6
olaTTNIg62	olaTTNAIg88/193	37.179	78	48	1	14	91	12	88	4.36e-13	50.4
olaTTNIg62	olaTTNAIg88/193	38.889	18	11	0	65	82	1	18	0.096	20.4
olaTTNIg62	olaTTNAIg103/196	38.272	81	48	2	1	80	1	80	1.15e-12	49.3
olaTTNIg62	olaTTNAIg106/197	27.174	92	66	1	1	91	1	92	4.77e-12	47.8
olaTTNIg62	olaTTNAIg107/194	34.211	76	47	1	20	95	21	93	2.88e-11	45.8
olaTTNIg62	olaTTNAIg111/1101	37.333	75	45	2	20	93	25	98	6.03e-11	45.1
olaTTNIg62	olaTTNAIg90/194	29.213	89	60	1	6	94	8	93	1.14e-10	44.3
olaTTNIg62	olaTTNAIg96/194	30.526	95	62	2	1	94	1	92	5.72e-10	42.4
olaTTNIg62	olaTTNAIg63/197	27.381	84	60	1	11	94	13	95	6.13e-10	42.4
olaTTNIg62	olaTTNAIg72/197	36.145	83	50	2	14	94	14	95	1.82e-09	41.2
olaTTNIg62	olaTTNAIg76/192	30.667	75	51	1	20	94	17	90	3.89e-09	40.0
olaTTNIg62	olaTTNAIg100/196	29.787	94	62	3	1	93	2	92	4.86e-09	40.0
olaTTNIg62	olaTTNAIg70/195	24.468	94	69	2	1	94	2	93	6.78e-09	39.7
olaTTNIg62	olaTTNAIg84/195	33.333	75	47	1	20	94	22	93	1.08e-08	39.3
olaTTNIg62	olaTTNAIg79/196	23.958	96	71	2	1	95	1	95	4.38e-08	37.7
olaTTNIg62	olaTTNAIg89/196	31.746	63	42	1	18	80	19	80	6.61e-08	37.0
olaTTNIg62	olaTTNAIg81/193	27.711	83	55	2	14	94	13	92	1.16e-07	36.6
olaTTNIg62	olaTTNAIg82/196	27.174	92	65	2	1	91	1	91	1.46e-07	36.2
olaTTNIg62	olaTTNAIg73/196	31.868	91	53	3	12	94	6	95	2.11e-07	35.8
olaTTNIg62	olaTTNAIg92/197	31.646	79	53	1	2	80	4	81	2.39e-07	35.8
olaTTNIg62	olaTTNAIg99/1104	32.203	59	39	1	24	82	25	82	2.51e-07	35.4
olaTTNIg62	olaTTNAIg75/195	28.421	95	65	2	1	94	1	93	3.20e-07	35.4
olaTTNIg62	olaTTNAIg93/194	31.250	96	60	3	1	94	1	92	3.25e-07	35.4
olaTTNIg62	olaTTNAIg86/197	25.532	94	64	3	1	93	2	90	4.63e-07	35.0
olaTTNIg62	olaTTNAIg87/194	28.421	95	64	2	1	94	2	93	5.06e-07	34.7
olaTTNIg62	olaTTNAIg91/193	24.675	77	57	1	18	94	16	91	7.67e-07	34.3
olaTTNIg62	olaTTNAIg94/193	25.882	85	62	1	10	94	8	91	1.07e-06	33.9
olaTTNIg62	olaTTNAIg65/195	26.923	78	54	2	3	80	5	79	1.93e-06	33.1
olaTTNIg62	olaTTNAIg102/194	30.667	75	49	1	20	94	21	92	2.30e-06	33.1
olaTTNIg62	olaTTNAIg68/199	27.184	103	60	4	1	94	1	97	2.68e-06	32.7
olaTTNIg62	olaTTNAIg83/196	28.395	81	56	2	1	80	1	80	3.20e-06	32.7
olaTTNIg62	olaTTNAIg74/193	22.581	93	69	2	1	93	1	90	3.37e-06	32.7
olaTTNIg62	olaTTNAIg105/194	33.333	57	35	1	24	80	25	78	3.80e-06	32.3
olaTTNIg62	olaTTNAIg109/193	25.333	75	54	2	20	93	17	90	5.23e-06	32.0
olaTTNIg62	olaTTNAIg78/195	28.889	90	59	2	6	93	7	93	6.49e-06	32.0
olaTTNIg62	olaTTNAIg98/191	24.242	66	49	1	22	87	23	87	2.64e-05	30.0
olaTTNIg62	olaTTNAIg67/1104	27.835	97	53	3	4	93	12	98	2.71e-05	30.4
olaTTNIg62	olaTTNAIg66/1103	26.829	82	55	1	18	94	20	101	4.67e-05	29.6
olaTTNIg62	olaTTNAIg104/198	24.096	83	62	1	12	94	15	96	6.25e-05	29.3
olaTTNIg62	olaTTNAIg95/199	25.287	87	64	1	8	94	10	95	6.33e-05	29.3
olaTTNIg62	olaTTNAIg108/193	30.556	72	45	2	21	92	19	85	7.46e-05	28.9
olaTTNIg62	olaTTNAIg101/196	27.027	74	47	2	24	93	23	93	9.71e-05	28.9
olaTTNIg62	olaTTNAIg110/193	22.973	74	56	1	21	93	19	92	1.74e-04	28.1
olaTTNIg62	olaTTNAIg80/198	28.986	69	48	1	26	94	29	96	0.003	24.6
olaTTNIg62	olaTTNAIg77/197	26.087	69	50	1	26	94	28	95	0.005	24.3
olaTTNIg62	olaTTNAIg97/197	20.000	95	74	2	1	94	2	95	0.016	22.7
olaTTNIg63	olaTTNAIg63/197	79.167	96	20	0	2	97	2	97	2.92e-55	157
olaTTNIg63	olaTTNAIg93/194	36.842	95	58	1	2	96	1	93	5.18e-21	70.9
olaTTNIg63	olaTTNAIg74/193	37.363	91	56	1	6	96	3	92	2.67e-20	68.9
olaTTNIg63	olaTTNAIg73/196	37.500	96	60	0	1	96	1	96	1.96e-19	67.0
olaTTNIg63	olaTTNAIg104/198	38.144	97	59	1	1	96	1	97	2.20e-19	66.6
olaTTNIg63	olaTTNAIg72/197	34.737	95	62	0	2	96	2	96	3.14e-19	66.2
olaTTNIg63	olaTTNAIg65/195	39.583	96	55	2	2	96	1	94	9.99e-18	62.4
olaTTNIg63	olaTTNAIg90/194	33.333	96	62	1	1	96	1	94	4.18e-17	60.8
olaTTNIg63	olaTTNAIg87/194	32.292	96	63	1	1	96	1	94	7.16e-16	57.8
olaTTNIg63	olaTTNAIg77/197	37.000	100	57	3	1	97	1	97	1.07e-15	57.4
olaTTNIg63	olaTTNAIg84/195	33.333	96	62	1	1	96	1	94	1.21e-15	57.0
olaTTNIg63	olaTTNAIg75/195	37.113	97	56	2	2	96	1	94	2.34e-15	56.2
olaTTNIg63	olaTTNAIg99/1104	34.146	82	54	0	3	84	2	83	8.13e-15	55.1
olaTTNIg63	olaTTNAIg81/193	31.579	95	63	1	2	96	1	93	1.03e-14	54.7
olaTTNIg63	olaTTNAIg78/195	32.632	95	64	0	2	96	1	95	1.24e-14	54.7
olaTTNIg63	olaTTNAIg107/194	35.417	96	56	2	2	95	1	92	2.90e-14	53.5
olaTTNIg63	olaTTNAIg96/194	28.421	95	66	1	2	96	1	93	5.86e-14	52.8
olaTTNIg63	olaTTNAIg71/194	36.735	98	56	2	2	97	1	94	7.67e-14	52.4
olaTTNIg63	olaTTNAIg83/196	29.167	96	68	0	2	97	1	96	4.05e-13	50.8
olaTTNIg63	olaTTNAIg76/192	33.735	83	55	0	14	96	9	91	7.80e-13	49.7
olaTTNIg63	olaTTNAIg105/194	30.526	95	64	1	2	96	1	93	1.16e-12	49.3
olaTTNIg63	olaTTNAIg80/198	32.990	97	64	1	1	96	1	97	1.68e-12	49.3
olaTTNIg63	olaTTNAIg94/193	30.208	96	64	1	2	97	1	93	1.70e-12	48.9
olaTTNIg63	olaTTNAIg86/197	28.866	97	69	0	1	97	1	97	2.55e-12	48.5
olaTTNIg63	olaTTNAIg66/1103	30.097	103	65	3	2	97	1	103	2.86e-12	48.5
olaTTNIg63	olaTTNAIg106/197	37.500	80	49	1	19	97	18	97	3.64e-12	48.1
olaTTNIg63	olaTTNAIg102/194	30.928	97	61	2	2	96	1	93	9.19e-12	47.0
olaTTNIg63	olaTTNAIg95/199	25.773	97	72	0	1	97	1	97	9.25e-12	47.4
olaTTNIg63	olaTTNAIg82/196	30.864	81	56	0	16	96	15	95	9.28e-12	47.4
olaTTNIg63	olaTTNAIg64/193	30.667	75	52	0	21	95	17	91	1.23e-11	47.0
olaTTNIg63	olaTTNAIg98/191	25.843	89	66	0	2	90	1	89	1.35e-11	46.6
olaTTNIg63	olaTTNAIg88/193	35.065	77	48	1	21	97	19	93	1.59e-11	46.6
olaTTNIg63	olaTTNAIg97/197	25.773	97	72	0	1	97	1	97	1.96e-11	46.2
olaTTNIg63	olaTTNAIg79/196	30.120	83	58	0	15	97	14	96	4.54e-11	45.4
olaTTNIg63	olaTTNAIg103/196	26.190	84	62	0	14	97	13	96	4.95e-11	45.4
olaTTNIg63	olaTTNAIg69/195	29.167	96	66	1	1	96	1	94	6.91e-11	45.1
olaTTNIg63	olaTTNAIg91/193	33.766	77	49	1	21	97	19	93	8.04e-11	44.7
olaTTNIg63	olaTTNAIg92/197	28.866	97	68	1	2	97	1	97	1.06e-10	44.3
olaTTNIg63	olaTTNAIg70/195	23.711	97	72	1	1	97	1	95	1.97e-10	43.9
olaTTNIg63	olaTTNAIg89/196	26.042	96	71	0	2	97	1	96	5.67e-10	42.7
olaTTNIg63	olaTTNAIg101/196	31.313	99	60	3	2	96	1	95	9.47e-10	42.0
olaTTNIg63	olaTTNAIg85/193	29.545	88	62	0	10	97	6	93	2.60e-09	40.8
olaTTNIg63	olaTTNAIg67/1104	28.302	106	64	3	1	96	1	104	2.00e-08	38.5
olaTTNIg63	olaTTNAIg111/1101	26.263	99	70	2	1	96	2	100	2.09e-08	38.5
olaTTNIg63	olaTTNAIg109/193	26.804	97	66	2	2	97	1	93	2.64e-08	38.1
olaTTNIg63	olaTTNAIg100/196	23.158	95	73	0	1	95	1	95	8.45e-08	37.0
olaTTNIg63	olaTTNAIg68/199	26.042	96	62	2	8	95	3	97	2.52e-07	35.8
olaTTNIg63	olaTTNAIg110/193	25.301	83	60	1	14	94	10	92	6.62e-07	34.7
olaTTNIg63	olaTTNAIg62/195	24.638	69	51	1	28	95	26	94	1.27e-06	33.9
olaTTNIg63	olaTTNAIg108/193	23.944	71	54	0	14	84	10	80	4.20e-05	29.6
olaTTNIg64	olaTTNAIg64/193	54.839	93	42	0	1	93	1	93	1.64e-37	112
olaTTNIg64	olaTTNAIg96/194	31.915	94	59	2	1	91	1	92	1.83e-17	61.6
olaTTNIg64	olaTTNAIg90/194	34.524	84	53	1	8	91	12	93	1.72e-16	59.3
olaTTNIg64	olaTTNAIg77/197	36.585	82	52	0	10	91	14	95	1.12e-14	54.7
olaTTNIg64	olaTTNAIg70/195	28.261	92	65	1	1	91	2	93	1.33e-14	54.3
olaTTNIg64	olaTTNAIg62/195	33.684	95	60	2	1	92	1	95	1.40e-14	54.3
olaTTNIg64	olaTTNAIg94/193	28.571	91	65	0	1	91	1	91	1.41e-14	54.3
olaTTNIg64	olaTTNAIg81/193	34.444	90	56	3	3	91	5	92	4.91e-14	52.8
olaTTNIg64	olaTTNAIg103/196	29.474	95	64	1	1	92	1	95	5.14e-14	52.8
olaTTNIg64	olaTTNAIg82/196	31.183	93	61	1	1	90	1	93	5.37e-14	52.8
olaTTNIg64	olaTTNAIg85/193	32.967	91	61	0	1	91	1	91	6.51e-14	52.4
olaTTNIg64	olaTTNAIg88/193	32.258	93	61	1	1	93	1	91	8.08e-14	52.4
olaTTNIg64	olaTTNAIg92/197	31.522	92	61	2	2	91	4	95	8.93e-14	52.4
olaTTNIg64	olaTTNAIg100/196	25.843	89	66	0	4	92	8	96	1.30e-13	52.0
olaTTNIg64	olaTTNAIg79/196	33.333	81	54	0	12	92	15	95	1.62e-13	51.6
olaTTNIg64	olaTTNAIg86/197	35.106	94	58	1	1	91	2	95	6.23e-13	50.1
olaTTNIg64	olaTTNAIg98/191	32.432	74	50	0	15	88	18	91	9.69e-13	49.3
olaTTNIg64	olaTTNAIg107/194	32.558	86	56	1	7	92	10	93	1.00e-12	49.3
olaTTNIg64	olaTTNAIg106/197	32.609	92	58	3	1	88	1	92	1.24e-12	49.3
olaTTNIg64	olaTTNAIg83/196	31.915	94	61	1	1	91	1	94	1.41e-12	49.3
olaTTNIg64	olaTTNAIg63/197	31.169	77	53	0	15	91	19	95	2.02e-12	48.9
olaTTNIg64	olaTTNAIg74/193	32.967	91	59	2	1	90	1	90	2.50e-12	48.5
olaTTNIg64	olaTTNAIg78/195	32.530	83	52	2	10	90	13	93	4.58e-12	47.8
olaTTNIg64	olaTTNAIg71/194	30.952	84	56	1	8	91	11	92	5.50e-12	47.8
olaTTNIg64	olaTTNAIg102/194	31.915	94	59	2	1	91	1	92	6.60e-12	47.4
olaTTNIg64	olaTTNAIg91/193	28.916	83	59	0	1	83	1	83	6.75e-12	47.4
olaTTNIg64	olaTTNAIg73/196	28.723	94	64	1	1	91	2	95	1.07e-11	47.0
olaTTNIg64	olaTTNAIg97/197	31.818	88	60	0	4	91	8	95	1.31e-11	46.6
olaTTNIg64	olaTTNAIg72/197	27.660	94	65	1	1	91	2	95	2.15e-11	46.2
olaTTNIg64	olaTTNAIg89/196	32.143	84	57	0	8	91	11	94	6.86e-11	44.7
olaTTNIg64	olaTTNAIg104/198	27.586	87	63	0	5	91	10	96	8.04e-11	44.7
olaTTNIg64	olaTTNAIg95/199	30.952	84	58	0	8	91	12	95	1.26e-10	44.3
olaTTNIg64	olaTTNAIg87/194	32.432	74	48	1	18	91	22	93	3.19e-10	43.1
olaTTNIg64	olaTTNAIg99/1104	27.143	70	51	0	11	80	14	83	1.72e-09	41.2
olaTTNIg64	olaTTNAIg93/194	31.081	74	49	1	18	91	21	92	4.71e-09	40.0
olaTTNIg64	olaTTNAIg105/194	33.696	92	54	3	4	90	2	91	5.03e-09	40.0
olaTTNIg64	olaTTNAIg69/195	28.723	94	62	2	1	91	2	93	5.17e-09	40.0
olaTTNIg64	olaTTNAIg84/195	26.437	87	61	2	6	91	9	93	6.97e-09	39.7
olaTTNIg64	olaTTNAIg101/196	27.059	85	60	1	8	90	9	93	7.25e-09	39.7
olaTTNIg64	olaTTNAIg66/1103	31.183	93	58	3	5	91	9	101	1.26e-08	38.9
olaTTNIg64	olaTTNAIg109/193	27.273	77	55	1	15	90	14	90	1.54e-08	38.5
olaTTNIg64	olaTTNAIg68/199	32.895	76	36	4	28	92	27	98	1.09e-07	36.6
olaTTNIg64	olaTTNAIg76/192	27.586	87	62	1	8	93	6	92	1.20e-07	36.2
olaTTNIg64	olaTTNAIg65/195	25.000	92	67	2	3	93	5	95	1.59e-07	36.2
olaTTNIg64	olaTTNAIg75/195	28.723	94	63	2	1	91	1	93	2.12e-07	35.8
olaTTNIg64	olaTTNAIg80/198	23.596	89	62	1	3	91	14	96	1.73e-06	33.5
olaTTNIg64	olaTTNAIg111/1101	25.641	78	57	1	14	90	21	98	2.39e-06	33.1
olaTTNIg64	olaTTNAIg67/1104	26.733	101	63	5	2	93	5	103	6.60e-06	32.0
olaTTNIg64	olaTTNAIg108/193	26.250	80	59	0	1	80	1	80	6.66e-06	31.6
olaTTNIg64	olaTTNAIg108/193	50.000	10	5	0	83	92	17	26	7.4	15.0
olaTTNIg64	olaTTNAIg110/193	23.958	96	63	4	1	90	1	92	3.82e-04	26.9
olaTTNIg66	olaTTNAIg65/195	55.789	95	42	0	2	96	1	95	2.84e-37	112
olaTTNIg66	olaTTNAIg74/193	44.444	90	50	0	7	96	4	93	5.22e-23	75.9
olaTTNIg66	olaTTNAIg69/195	35.417	96	61	1	1	96	1	95	1.02e-20	70.1
olaTTNIg66	olaTTNAIg72/197	37.500	96	59	1	2	96	2	97	1.25e-20	69.7
olaTTNIg66	olaTTNAIg78/195	38.947	95	57	1	2	95	1	95	1.61e-20	69.7
olaTTNIg66	olaTTNAIg87/194	38.947	95	57	1	1	95	1	94	6.97e-20	67.8
olaTTNIg66	olaTTNAIg75/195	36.170	94	60	0	2	95	1	94	1.52e-19	67.0
olaTTNIg66	olaTTNAIg63/197	38.947	95	57	1	2	95	2	96	3.85e-19	66.2
olaTTNIg66	olaTTNAIg93/194	38.298	94	57	1	2	95	1	93	8.15e-19	65.1
olaTTNIg66	olaTTNAIg86/197	31.250	96	65	1	1	95	1	96	4.68e-18	63.2
olaTTNIg66	olaTTNAIg105/194	39.362	94	56	1	2	95	1	93	5.35e-18	63.2
olaTTNIg66	olaTTNAIg84/195	38.542	96	56	2	1	95	1	94	9.14e-18	62.4
olaTTNIg66	olaTTNAIg95/199	32.292	96	64	1	1	95	1	96	1.15e-17	62.4
olaTTNIg66	olaTTNAIg101/196	41.176	85	47	1	14	95	11	95	5.38e-17	60.5
olaTTNIg66	olaTTNAIg73/196	29.167	96	67	1	1	95	1	96	9.55e-17	60.1
olaTTNIg66	olaTTNAIg77/197	37.500	96	59	1	1	95	1	96	1.72e-16	59.3
olaTTNIg66	olaTTNAIg94/193	41.176	85	49	1	12	95	8	92	2.36e-16	58.9
olaTTNIg66	olaTTNAIg81/193	32.979	94	62	1	2	95	1	93	3.64e-16	58.5
olaTTNIg66	olaTTNAIg89/196	32.632	95	63	1	2	95	1	95	4.81e-16	58.2
olaTTNIg66	olaTTNAIg92/197	34.375	96	61	1	2	95	1	96	5.54e-16	58.2
olaTTNIg66	olaTTNAIg83/196	33.684	95	62	1	2	95	1	95	6.17e-16	57.8
olaTTNIg66	olaTTNAIg90/194	31.579	95	64	1	1	95	1	94	1.45e-15	57.0
olaTTNIg66	olaTTNAIg104/198	35.052	97	61	2	1	95	1	97	1.14e-14	54.7
olaTTNIg66	olaTTNAIg82/196	32.292	96	64	1	2	96	1	96	2.08e-14	53.9
olaTTNIg66	olaTTNAIg97/197	29.167	96	67	1	1	95	1	96	3.10e-14	53.5
olaTTNIg66	olaTTNAIg76/192	32.927	82	54	1	16	96	11	92	8.82e-14	52.4
olaTTNIg66	olaTTNAIg107/194	30.108	93	64	1	2	94	1	92	9.22e-14	52.4
olaTTNIg66	olaTTNAIg67/1104	30.769	104	63	2	1	95	1	104	1.08e-13	52.4
olaTTNIg66	olaTTNAIg80/198	31.633	98	65	2	1	96	1	98	2.14e-13	51.2
olaTTNIg66	olaTTNAIg96/194	27.660	94	67	1	2	95	1	93	5.24e-13	50.4
olaTTNIg66	olaTTNAIg91/193	37.209	86	51	2	12	95	8	92	7.24e-13	50.1
olaTTNIg66	olaTTNAIg88/193	33.333	81	53	1	16	95	12	92	1.48e-12	49.3
olaTTNIg66	olaTTNAIg103/196	29.070	86	60	1	2	86	1	86	2.37e-12	48.5
olaTTNIg66	olaTTNAIg102/194	34.021	97	57	2	2	95	1	93	4.15e-12	48.1
olaTTNIg66	olaTTNAIg66/1103	31.461	89	54	2	14	95	14	102	6.13e-12	47.8
olaTTNIg66	olaTTNAIg71/194	37.179	78	48	1	18	95	17	93	1.30e-11	46.6
olaTTNIg66	olaTTNAIg70/195	28.125	96	66	2	1	95	1	94	1.95e-11	46.2
olaTTNIg66	olaTTNAIg109/193	31.250	80	53	2	18	95	13	92	7.89e-11	44.7
olaTTNIg66	olaTTNAIg85/193	35.443	79	50	1	18	95	14	92	1.31e-10	44.3
olaTTNIg66	olaTTNAIg111/1101	31.250	80	53	1	19	96	22	101	1.32e-10	44.3
olaTTNIg66	olaTTNAIg98/191	24.176	91	68	1	2	91	1	91	1.44e-09	41.2
olaTTNIg66	olaTTNAIg64/193	31.915	94	60	2	2	94	1	91	2.61e-09	40.8
olaTTNIg66	olaTTNAIg79/196	30.000	80	55	1	16	94	15	94	3.60e-09	40.4
olaTTNIg66	olaTTNAIg99/1104	27.160	81	58	1	4	83	3	83	4.93e-09	40.0
olaTTNIg66	olaTTNAIg62/195	26.136	88	63	1	9	94	7	94	7.83e-08	37.0
olaTTNIg66	olaTTNAIg108/193	30.882	68	46	1	17	83	13	80	1.52e-07	36.2
olaTTNIg66	olaTTNAIg110/193	33.333	69	43	1	28	93	24	92	3.09e-07	35.4
olaTTNIg66	olaTTNAIg68/199	28.571	77	47	2	26	94	21	97	5.80e-07	34.7
olaTTNIg66	olaTTNAIg106/197	27.632	76	51	2	22	95	23	96	7.95e-07	34.3
olaTTNIg66	olaTTNAIg100/196	19.277	83	66	1	1	82	1	83	4.01e-05	29.6
olaTTNIg67	olaTTNAIg66/1103	46.154	104	55	1	1	104	1	103	6.63e-31	96.3
olaTTNIg67	olaTTNAIg63/197	32.967	91	54	2	14	104	14	97	1.98e-16	59.3
olaTTNIg67	olaTTNAIg65/195	33.981	103	59	3	1	103	1	94	7.02e-14	52.8
olaTTNIg67	olaTTNAIg76/192	30.928	97	60	1	7	103	2	91	2.17e-13	51.6
olaTTNIg67	olaTTNAIg92/197	34.375	96	56	2	9	104	9	97	3.10e-12	48.5
olaTTNIg67	olaTTNAIg86/197	30.851	94	58	2	11	104	11	97	7.15e-12	47.8
olaTTNIg67	olaTTNAIg104/198	33.684	95	56	1	9	103	10	97	8.57e-12	47.4
olaTTNIg67	olaTTNAIg83/196	31.915	94	57	2	11	104	10	96	1.42e-11	47.0
olaTTNIg67	olaTTNAIg77/197	29.670	91	57	2	14	104	14	97	2.79e-11	46.2
olaTTNIg67	olaTTNAIg82/196	29.592	98	62	2	6	103	5	95	9.23e-11	44.7
olaTTNIg67	olaTTNAIg74/193	29.032	93	58	2	11	103	8	92	1.01e-10	44.7
olaTTNIg67	olaTTNAIg81/193	29.670	91	55	1	13	103	12	93	1.22e-10	44.3
olaTTNIg67	olaTTNAIg106/197	30.769	91	57	2	14	104	13	97	1.26e-10	44.7
olaTTNIg67	olaTTNAIg89/196	27.660	94	61	1	11	104	10	96	1.59e-10	44.3
olaTTNIg67	olaTTNAIg97/197	27.273	99	65	2	6	104	6	97	2.07e-10	43.9
olaTTNIg67	olaTTNAIg87/194	31.111	90	53	1	14	103	14	94	2.08e-10	43.9
olaTTNIg67	olaTTNAIg69/195	33.333	90	51	1	14	103	14	94	3.22e-10	43.5
olaTTNIg67	olaTTNAIg91/193	30.108	93	58	2	12	104	8	93	4.60e-10	43.1
olaTTNIg67	olaTTNAIg88/193	26.316	95	63	2	10	104	6	93	1.76e-09	41.6
olaTTNIg67	olaTTNAIg103/196	28.723	94	52	4	11	104	18	96	2.05e-09	41.2
olaTTNIg67	olaTTNAIg105/194	30.769	91	54	2	13	103	12	93	2.17e-09	41.2
olaTTNIg67	olaTTNAIg95/199	29.670	91	57	1	14	104	14	97	5.22e-09	40.4
olaTTNIg67	olaTTNAIg107/194	31.034	87	51	2	16	102	15	92	5.83e-09	40.0
olaTTNIg67	olaTTNAIg100/196	27.184	103	66	2	1	102	1	95	6.11e-09	40.0
olaTTNIg67	olaTTNAIg98/191	23.864	88	60	2	12	99	11	91	7.41e-09	39.7
olaTTNIg67	olaTTNAIg73/196	31.111	90	55	1	14	103	14	96	7.88e-09	39.7
olaTTNIg67	olaTTNAIg72/197	28.889	90	57	2	14	103	14	96	8.55e-09	39.7
olaTTNIg67	olaTTNAIg75/195	27.778	90	57	2	14	103	13	94	1.57e-08	38.9
olaTTNIg67	olaTTNAIg93/194	27.778	90	56	1	14	103	13	93	1.70e-08	38.9
olaTTNIg67	olaTTNAIg64/193	27.660	94	61	2	9	102	5	91	2.49e-08	38.5
olaTTNIg67	olaTTNAIg68/199	30.120	83	54	2	22	102	17	97	2.60e-08	38.5
olaTTNIg67	olaTTNAIg94/193	27.368	95	58	2	12	104	8	93	2.83e-08	38.1
olaTTNIg67	olaTTNAIg99/1104	28.947	76	47	2	17	92	16	84	1.50e-07	36.6
olaTTNIg67	olaTTNAIg85/193	27.835	97	61	3	8	104	6	93	1.70e-07	36.2
olaTTNIg67	olaTTNAIg96/194	25.275	91	59	2	13	103	12	93	2.02e-07	36.2
olaTTNIg67	olaTTNAIg67/1104	28.037	107	69	4	1	103	2	104	2.80e-07	35.8
olaTTNIg67	olaTTNAIg90/194	28.889	90	55	2	14	103	14	94	3.56e-07	35.4
olaTTNIg67	olaTTNAIg101/196	24.490	98	69	1	6	103	3	95	4.22e-07	35.4
olaTTNIg67	olaTTNAIg62/195	28.889	90	52	3	1	88	1	80	4.61e-07	35.0
olaTTNIg67	olaTTNAIg71/194	28.000	100	63	2	5	104	4	94	4.88e-07	35.0
olaTTNIg67	olaTTNAIg102/194	28.155	103	64	2	1	103	1	93	6.82e-07	34.7
olaTTNIg67	olaTTNAIg70/195	25.000	92	62	1	13	104	11	95	1.02e-06	34.3
olaTTNIg67	olaTTNAIg78/195	26.374	91	60	2	13	103	12	95	1.13e-06	34.3
olaTTNIg67	olaTTNAIg79/196	25.581	86	57	2	6	91	5	83	1.45e-06	33.9
olaTTNIg67	olaTTNAIg80/198	27.957	93	59	2	12	103	12	97	8.08e-06	32.0
olaTTNIg67	olaTTNAIg109/193	25.532	94	48	3	19	104	14	93	8.10e-06	32.0
olaTTNIg67	olaTTNAIg84/195	22.222	90	61	1	14	103	14	94	9.24e-06	31.6
olaTTNIg67	olaTTNAIg111/1101	25.287	87	57	2	18	103	21	100	1.15e-05	31.6
olaTTNIg67	olaTTNAIg110/193	32.143	28	19	0	14	41	10	37	0.002	25.4
olaTTNIg67	olaTTNAIg108/193	22.222	27	21	0	14	40	10	36	0.043	21.6
olaTTNnewIg_1104/1104	olaTTNAIg67/1104	56.731	104	44	1	1	104	2	104	3.57e-39	117
olaTTNnewIg_1104/1104	olaTTNAIg75/195	34.615	104	58	1	1	104	1	94	1.83e-17	62.0
olaTTNnewIg_1104/1104	olaTTNAIg65/195	30.769	104	62	1	1	104	1	94	9.45e-16	57.8
olaTTNnewIg_1104/1104	olaTTNAIg81/193	30.769	104	61	1	1	104	1	93	4.55e-14	53.1
olaTTNnewIg_1104/1104	olaTTNAIg69/195	28.846	104	63	1	1	104	2	94	1.70e-13	52.0
olaTTNnewIg_1104/1104	olaTTNAIg102/194	25.962	104	66	1	1	104	1	93	5.43e-13	50.4
olaTTNnewIg_1104/1104	olaTTNAIg90/194	28.846	104	63	1	1	104	2	94	1.00e-12	49.7
olaTTNnewIg_1104/1104	olaTTNAIg103/196	29.808	104	62	2	1	103	1	94	1.36e-12	49.7
olaTTNnewIg_1104/1104	olaTTNAIg72/197	28.846	104	65	3	1	104	2	96	1.38e-12	49.7
olaTTNnewIg_1104/1104	olaTTNAIg78/195	28.723	94	58	2	1	94	1	85	1.41e-12	49.7
olaTTNnewIg_1104/1104	olaTTNAIg87/194	28.846	104	63	2	1	104	2	94	1.91e-12	49.3
olaTTNnewIg_1104/1104	olaTTNAIg93/194	25.962	104	66	2	1	104	1	93	5.71e-12	47.8
olaTTNnewIg_1104/1104	olaTTNAIg105/194	30.337	89	51	2	16	104	16	93	1.60e-11	46.6
olaTTNnewIg_1104/1104	olaTTNAIg70/195	28.713	101	63	2	4	104	3	94	2.14e-11	46.6
olaTTNnewIg_1104/1104	olaTTNAIg63/197	30.769	104	63	2	1	104	2	96	2.58e-11	46.2
olaTTNnewIg_1104/1104	olaTTNAIg101/196	28.000	100	65	3	5	104	3	95	8.12e-11	45.1
olaTTNnewIg_1104/1104	olaTTNAIg71/194	27.885	104	64	2	1	104	1	93	1.32e-10	44.3
olaTTNnewIg_1104/1104	olaTTNAIg99/1104	26.733	101	64	2	5	104	5	96	1.64e-10	44.3
olaTTNnewIg_1104/1104	olaTTNAIg86/197	25.000	104	69	2	1	104	2	96	4.76e-10	43.1
olaTTNnewIg_1104/1104	olaTTNAIg95/199	25.000	104	69	1	1	104	2	96	8.79e-10	42.4
olaTTNnewIg_1104/1104	olaTTNAIg77/197	27.027	111	58	3	1	104	2	96	9.41e-10	42.4
olaTTNnewIg_1104/1104	olaTTNAIg97/197	27.778	108	61	3	1	104	2	96	1.27e-09	42.0
olaTTNnewIg_1104/1104	olaTTNAIg104/198	31.818	88	51	1	17	104	19	97	1.56e-09	41.6
olaTTNnewIg_1104/1104	olaTTNAIg83/196	28.846	104	65	2	1	104	1	95	1.59e-09	41.6
olaTTNnewIg_1104/1104	olaTTNAIg96/194	28.261	92	55	2	13	104	13	93	3.25e-09	40.8
olaTTNnewIg_1104/1104	olaTTNAIg84/195	25.000	104	67	2	1	104	2	94	4.05e-09	40.4
olaTTNnewIg_1104/1104	olaTTNAIg92/197	25.962	104	69	2	1	104	1	96	4.58e-09	40.4
olaTTNnewIg_1104/1104	olaTTNAIg91/193	32.609	92	49	3	15	104	12	92	5.03e-09	40.4
olaTTNnewIg_1104/1104	olaTTNAIg94/193	29.000	100	54	3	11	104	4	92	5.50e-08	37.4
olaTTNnewIg_1104/1104	olaTTNAIg89/196	24.038	104	70	2	1	104	1	95	1.33e-07	36.6
olaTTNnewIg_1104/1104	olaTTNAIg80/198	30.476	105	63	3	1	104	2	97	4.40e-07	35.4
olaTTNnewIg_1104/1104	olaTTNAIg66/1103	27.368	95	64	2	11	104	12	102	6.48e-07	35.0
olaTTNnewIg_1104/1104	olaTTNAIg107/194	22.330	103	69	1	1	103	1	92	6.61e-07	34.7
olaTTNnewIg_1104/1104	olaTTNAIg76/192	26.316	95	61	2	10	104	6	91	7.03e-07	34.7
olaTTNnewIg_1104/1104	olaTTNAIg111/1101	24.000	100	66	2	6	104	10	100	1.37e-06	33.9
olaTTNnewIg_1104/1104	olaTTNAIg82/196	25.000	92	60	2	1	92	1	83	2.79e-06	33.1
olaTTNnewIg_1104/1104	olaTTNAIg74/193	25.000	88	56	2	5	92	3	80	2.84e-06	33.1
olaTTNnewIg_1104/1104	olaTTNAIg88/193	32.222	90	52	3	15	104	12	92	2.99e-06	33.1
olaTTNnewIg_1104/1104	olaTTNAIg109/193	34.615	26	17	0	14	39	10	35	8.80e-06	31.6
olaTTNnewIg_1104/1104	olaTTNAIg73/196	22.857	105	70	3	1	104	2	96	1.36e-05	31.2
olaTTNnewIg_1104/1104	olaTTNAIg100/196	23.529	85	56	1	1	85	2	77	6.55e-05	29.3
olaTTNnewIg_1104/1104	olaTTNAIg98/191	24.706	85	55	3	16	100	16	91	1.45e-04	28.5
olaTTNnewIg_1104/1104	olaTTNAIg85/193	27.885	104	63	4	1	104	1	92	1.76e-04	28.1
olaTTNnewIg_1104/1104	olaTTNAIg106/197	19.231	104	76	3	1	104	1	96	2.97e-04	27.7
olaTTNnewIg_1104/1104	olaTTNAIg62/195	35.417	48	28	2	4	48	2	49	0.003	24.6
olaTTNnewIg_1104/1104	olaTTNAIg64/193	38.235	34	20	1	4	37	2	34	0.004	24.3
olaTTNnewIg_1104/1104	olaTTNAIg68/199	23.529	85	59	2	21	103	17	97	0.020	22.7
olaTTNnewIg_1104/1104	olaTTNAIg79/196	36.364	22	14	0	16	37	16	37	0.021	22.3
olaTTNnewIg_1104/1104	olaTTNAIg108/193	27.273	22	16	0	16	37	13	34	0.021	22.3
olaTTNnewIg_1104/1104	olaTTNAIg110/193	54.545	11	5	0	27	37	24	34	0.83	18.1
olaTTNIg68	olaTTNAIg68/199	59.184	98	40	0	1	98	1	98	2.12e-46	135
olaTTNIg68	olaTTNAIg75/195	33.663	101	55	4	1	97	1	93	1.13e-13	52.0
olaTTNIg68	olaTTNAIg76/192	24.742	97	66	1	1	97	1	90	2.74e-11	45.8
olaTTNIg68	olaTTNAIg107/194	28.155	103	61	3	1	99	1	94	3.11e-10	43.1
olaTTNIg68	olaTTNAIg88/193	32.143	84	48	2	14	97	15	89	5.92e-10	42.4
olaTTNIg68	olaTTNAIg91/193	25.000	88	59	2	12	99	13	93	6.73e-10	42.4
olaTTNIg68	olaTTNAIg87/194	26.733	101	61	3	1	97	2	93	1.42e-09	41.6
olaTTNIg68	olaTTNAIg64/193	30.392	102	57	4	1	98	1	92	4.17e-09	40.4
olaTTNIg68	olaTTNAIg81/193	25.532	94	61	2	4	97	8	92	4.78e-09	40.0
olaTTNIg68	olaTTNAIg67/1104	26.263	99	60	2	6	97	11	103	6.01e-09	40.0
olaTTNIg68	olaTTNAIg63/197	25.000	104	65	3	1	99	2	97	6.30e-09	40.0
olaTTNIg68	olaTTNAIg69/195	29.032	93	57	2	5	97	10	93	6.68e-09	39.7
olaTTNIg68	olaTTNAIg111/1101	26.667	90	56	3	9	96	17	98	7.92e-09	39.7
olaTTNIg68	olaTTNAIg78/195	25.806	93	62	1	4	96	8	93	1.05e-08	39.3
olaTTNIg68	olaTTNAIg96/194	23.958	96	60	3	4	97	8	92	1.94e-08	38.5
olaTTNIg68	olaTTNAIg70/195	30.682	88	52	2	1	86	2	82	2.26e-08	38.5
olaTTNIg68	olaTTNAIg83/196	31.250	80	46	2	21	99	25	96	2.28e-08	38.5
olaTTNIg68	olaTTNAIg89/196	26.596	94	62	2	6	99	10	96	2.82e-08	38.1
olaTTNIg68	olaTTNAIg72/197	33.663	101	52	5	1	96	2	92	2.93e-08	38.1
olaTTNIg68	olaTTNAIg71/194	29.703	101	56	4	1	97	1	90	3.74e-08	37.7
olaTTNIg68	olaTTNAIg102/194	30.693	101	57	5	1	97	1	92	4.67e-08	37.7
olaTTNIg68	olaTTNAIg104/198	25.490	102	64	2	1	97	2	96	1.25e-07	36.6
olaTTNIg68	olaTTNAIg74/193	27.059	85	54	2	12	96	14	90	1.56e-07	36.2
olaTTNIg68	olaTTNAIg105/194	25.000	100	62	3	1	96	1	91	1.78e-07	36.2
olaTTNIg68	olaTTNAIg93/194	25.743	101	62	3	1	97	1	92	2.27e-07	35.8
olaTTNIg68	olaTTNAIg65/195	28.713	101	60	3	1	97	1	93	2.68e-07	35.4
olaTTNIg68	olaTTNAIg94/193	21.591	88	62	1	12	99	13	93	3.23e-07	35.4
olaTTNIg68	olaTTNAIg80/198	29.412	102	60	3	1	97	2	96	3.39e-07	35.4
olaTTNIg68	olaTTNAIg77/197	25.000	104	65	3	1	99	2	97	5.47e-07	34.7
olaTTNIg68	olaTTNAIg73/196	29.703	101	60	3	1	97	2	95	6.04e-07	34.7
olaTTNIg68	olaTTNAIg66/1103	26.506	83	60	1	17	99	22	103	6.92e-07	34.7
olaTTNIg68	olaTTNAIg82/196	23.000	100	66	2	1	96	1	93	1.01e-06	34.3
olaTTNIg68	olaTTNAIg95/199	28.125	96	62	2	4	99	9	97	1.09e-06	33.9
olaTTNIg68	olaTTNAIg62/195	23.762	101	68	2	1	98	1	95	1.20e-06	33.9
olaTTNIg68	olaTTNAIg85/193	24.419	86	58	1	14	99	15	93	1.63e-06	33.5
olaTTNIg68	olaTTNAIg103/196	20.213	94	68	1	6	99	10	96	1.76e-06	33.5
olaTTNIg68	olaTTNAIg100/196	27.059	85	55	2	14	98	19	96	1.93e-06	33.5
olaTTNIg68	olaTTNAIg79/196	24.719	89	58	2	12	99	16	96	2.23e-06	33.1
olaTTNIg68	olaTTNAIg86/197	27.848	79	50	2	21	99	26	97	2.36e-06	33.1
olaTTNIg68	olaTTNAIg97/197	25.243	103	66	3	1	99	2	97	3.33e-06	32.7
olaTTNIg68	olaTTNAIg90/194	26.596	94	60	3	4	97	9	93	5.54e-06	32.0
olaTTNIg68	olaTTNAIg101/196	28.571	98	61	5	1	96	1	91	7.39e-06	32.0
olaTTNIg68	olaTTNAIg98/191	27.273	99	54	3	1	94	6	91	8.39e-06	31.6
olaTTNIg68	olaTTNAIg106/197	21.505	93	67	1	7	99	11	97	1.63e-05	30.8
olaTTNIg68	olaTTNAIg99/1104	25.333	75	47	2	14	87	18	84	5.17e-05	29.6
olaTTNIg68	olaTTNAIg110/193	20.455	88	65	1	9	96	10	92	0.001	26.2
olaTTNIg68	olaTTNAIg109/193	22.222	99	65	4	1	96	1	90	0.005	24.3
olaTTNIg68	olaTTNAIg84/195	24.000	100	55	3	10	97	3	93	0.007	23.9
olaTTNIg68	olaTTNAIg108/193	26.966	89	54	4	11	96	12	92	0.026	21.9
olaTTNIg68	olaTTNAIg92/197	18.750	96	72	1	4	99	8	97	0.27	19.2
olaTTNIg69	olaTTNAIg69/195	67.021	94	31	0	1	94	2	95	8.78e-46	133
olaTTNIg69	olaTTNAIg87/194	39.785	93	56	0	1	93	2	94	2.29e-22	73.9
olaTTNIg69	olaTTNAIg81/193	39.785	93	56	0	1	93	1	93	1.40e-21	72.0
olaTTNIg69	olaTTNAIg102/194	38.710	93	57	0	1	93	1	93	2.94e-21	71.2
olaTTNIg69	olaTTNAIg72/197	41.667	96	54	1	1	94	2	97	3.86e-21	71.2
olaTTNIg69	olaTTNAIg93/194	36.559	93	59	0	1	93	1	93	5.78e-21	70.5
olaTTNIg69	olaTTNAIg90/194	35.484	93	60	0	1	93	2	94	5.97e-21	70.5
olaTTNIg69	olaTTNAIg83/196	36.842	95	58	1	1	93	1	95	6.42e-21	70.5
olaTTNIg69	olaTTNAIg105/194	36.559	93	59	0	1	93	1	93	9.71e-20	67.4
olaTTNIg69	olaTTNAIg71/194	37.634	93	58	0	1	93	1	93	2.27e-19	66.6
olaTTNIg69	olaTTNAIg86/197	33.684	95	61	1	1	93	2	96	2.47e-19	66.6
olaTTNIg69	olaTTNAIg75/195	38.298	94	57	1	1	93	1	94	6.06e-19	65.5
olaTTNIg69	olaTTNAIg92/197	37.500	96	57	1	1	93	1	96	1.61e-18	64.3
olaTTNIg69	olaTTNAIg73/196	38.947	95	56	1	1	93	2	96	3.04e-18	63.5
olaTTNIg69	olaTTNAIg84/195	35.484	93	60	0	1	93	2	94	3.61e-18	63.5
olaTTNIg69	olaTTNAIg104/198	40.625	96	54	2	1	93	2	97	8.21e-17	60.1
olaTTNIg69	olaTTNAIg101/196	35.052	97	57	3	1	93	1	95	1.10e-16	59.7
olaTTNIg69	olaTTNAIg67/1104	35.922	103	56	1	1	93	2	104	1.64e-16	59.3
olaTTNIg69	olaTTNAIg77/197	37.895	95	57	1	1	93	2	96	4.50e-16	58.2
olaTTNIg69	olaTTNAIg65/195	33.333	96	61	2	1	94	1	95	5.10e-16	58.2
olaTTNIg69	olaTTNAIg78/195	33.684	95	61	1	1	93	1	95	5.16e-16	58.2
olaTTNIg69	olaTTNAIg95/199	30.526	95	64	1	1	93	2	96	7.14e-15	55.1
olaTTNIg69	olaTTNAIg107/194	33.696	92	61	0	1	92	1	92	1.56e-14	54.3
olaTTNIg69	olaTTNAIg63/197	30.526	95	64	1	1	93	2	96	9.53e-14	52.4
olaTTNIg69	olaTTNAIg103/196	35.556	90	56	1	1	88	1	90	1.38e-13	51.6
olaTTNIg69	olaTTNAIg89/196	32.632	95	62	1	1	93	1	95	1.45e-13	51.6
olaTTNIg69	olaTTNAIg94/193	34.568	81	51	1	15	93	12	92	1.60e-13	51.6
olaTTNIg69	olaTTNAIg88/193	33.333	81	52	1	15	93	12	92	6.79e-13	50.1
olaTTNIg69	olaTTNAIg74/193	34.066	91	59	1	5	94	3	93	1.46e-12	48.9
olaTTNIg69	olaTTNAIg80/198	30.928	97	64	2	1	94	2	98	9.80e-12	47.0
olaTTNIg69	olaTTNAIg82/196	30.208	96	65	1	1	94	1	96	2.02e-11	46.2
olaTTNIg69	olaTTNAIg91/193	33.333	81	52	1	15	93	12	92	8.81e-11	44.7
olaTTNIg69	olaTTNAIg96/194	24.731	93	70	0	1	93	1	93	1.18e-10	44.3
olaTTNIg69	olaTTNAIg99/1104	28.049	82	57	1	2	81	2	83	1.50e-10	43.9
olaTTNIg69	olaTTNAIg97/197	27.368	95	67	1	1	93	2	96	1.67e-10	43.9
olaTTNIg69	olaTTNAIg106/197	27.083	96	67	1	1	93	1	96	4.00e-10	42.7
olaTTNIg69	olaTTNAIg98/191	25.000	84	61	1	1	82	1	84	4.46e-10	42.7
olaTTNIg69	olaTTNAIg111/1101	35.294	85	50	3	15	94	17	101	4.56e-10	42.7
olaTTNIg69	olaTTNAIg68/199	35.366	82	42	2	21	92	17	97	6.31e-10	42.4
olaTTNIg69	olaTTNAIg70/195	28.235	85	57	2	1	83	2	84	8.23e-10	42.0
olaTTNIg69	olaTTNAIg85/193	36.585	82	48	3	15	93	12	92	1.41e-09	41.2
olaTTNIg69	olaTTNAIg79/196	27.660	94	66	1	1	92	1	94	4.93e-09	40.0
olaTTNIg69	olaTTNAIg76/192	27.381	84	59	1	13	94	9	92	1.33e-08	38.9
olaTTNIg69	olaTTNAIg100/196	28.750	80	55	1	1	78	2	81	1.37e-08	38.9
olaTTNIg69	olaTTNAIg66/1103	31.731	104	58	3	1	93	1	102	2.94e-08	38.1
olaTTNIg69	olaTTNAIg64/193	29.688	64	43	1	31	92	28	91	9.83e-07	33.9
olaTTNIg69	olaTTNAIg62/195	32.099	81	51	2	1	78	1	80	2.58e-06	32.7
olaTTNIg69	olaTTNAIg109/193	26.136	88	62	2	9	93	5	92	5.54e-06	32.0
olaTTNIg69	olaTTNAIg108/193	34.545	55	34	1	29	81	26	80	1.15e-05	31.2
olaTTNIg69	olaTTNAIg110/193	27.500	80	48	4	6	81	9	82	0.002	25.0
olaTTNIg70	olaTTNAIg70/195	47.368	95	50	0	1	95	1	95	1.38e-38	115
olaTTNIg70	olaTTNAIg86/197	34.021	97	62	1	1	95	1	97	1.56e-16	59.3
olaTTNIg70	olaTTNAIg64/193	32.609	92	61	1	2	93	1	91	1.01e-15	57.4
olaTTNIg70	olaTTNAIg69/195	32.292	96	61	2	1	94	1	94	1.74e-15	56.6
olaTTNIg70	olaTTNAIg100/196	29.474	95	65	2	1	93	1	95	6.89e-15	55.1
olaTTNIg70	olaTTNAIg95/199	32.990	97	63	1	1	95	1	97	2.11e-14	53.9
olaTTNIg70	olaTTNAIg98/191	35.227	88	55	1	2	87	1	88	2.65e-14	53.5
olaTTNIg70	olaTTNAIg101/196	35.052	97	57	2	2	94	1	95	2.81e-14	53.5
olaTTNIg70	olaTTNAIg90/194	29.167	96	64	2	1	94	1	94	1.56e-13	51.6
olaTTNIg70	olaTTNAIg77/197	29.897	97	66	1	1	95	1	97	1.90e-13	51.6
olaTTNIg70	olaTTNAIg81/193	32.632	95	60	2	2	94	1	93	2.14e-13	51.2
olaTTNIg70	olaTTNAIg74/193	25.806	93	68	1	2	94	1	92	4.18e-13	50.4
olaTTNIg70	olaTTNAIg87/194	31.250	96	62	2	1	94	1	94	6.16e-13	50.1
olaTTNIg70	olaTTNAIg89/196	31.250	96	64	1	2	95	1	96	1.34e-12	49.3
olaTTNIg70	olaTTNAIg104/198	27.835	97	67	1	1	94	1	97	1.73e-12	48.9
olaTTNIg70	olaTTNAIg78/195	29.670	91	64	0	4	94	5	95	2.37e-12	48.5
olaTTNIg70	olaTTNAIg72/197	27.368	95	67	1	2	94	2	96	2.76e-12	48.5
olaTTNIg70	olaTTNAIg65/195	28.421	95	65	2	2	94	1	94	3.01e-12	48.5
olaTTNIg70	olaTTNAIg96/194	30.769	91	61	1	4	94	5	93	3.53e-12	48.1
olaTTNIg70	olaTTNAIg103/196	34.783	69	45	0	27	95	28	96	5.49e-12	47.8
olaTTNIg70	olaTTNAIg92/197	31.915	94	63	1	3	95	4	97	6.24e-12	47.8
olaTTNIg70	olaTTNAIg84/195	30.208	96	63	2	1	94	1	94	6.81e-12	47.4
olaTTNIg70	olaTTNAIg88/193	33.824	68	45	0	28	95	26	93	3.21e-11	45.8
olaTTNIg70	olaTTNAIg73/196	27.083	96	68	1	1	94	1	96	3.71e-11	45.4
olaTTNIg70	olaTTNAIg76/192	30.769	91	61	2	5	94	2	91	5.32e-11	45.1
olaTTNIg70	olaTTNAIg105/194	30.526	95	62	2	2	94	1	93	7.64e-11	44.7
olaTTNIg70	olaTTNAIg80/198	29.897	97	65	2	1	94	1	97	7.93e-11	44.7
olaTTNIg70	olaTTNAIg97/197	26.804	97	69	2	1	95	1	97	1.08e-10	44.3
olaTTNIg70	olaTTNAIg93/194	31.579	95	61	2	2	94	1	93	1.73e-10	43.9
olaTTNIg70	olaTTNAIg109/193	28.090	89	63	1	8	95	5	93	1.80e-10	43.9
olaTTNIg70	olaTTNAIg102/194	30.208	96	61	3	2	94	1	93	1.84e-10	43.9
olaTTNIg70	olaTTNAIg99/1104	31.034	58	40	0	28	85	29	86	2.69e-10	43.5
olaTTNIg70	olaTTNAIg83/196	26.042	96	69	1	2	95	1	96	4.80e-10	42.7
olaTTNIg70	olaTTNAIg63/197	23.958	96	71	1	2	95	2	97	6.60e-10	42.4
olaTTNIg70	olaTTNAIg66/1103	28.261	92	60	1	10	95	12	103	8.75e-10	42.0
olaTTNIg70	olaTTNAIg67/1104	26.923	104	66	3	1	94	1	104	1.18e-09	42.0
olaTTNIg70	olaTTNAIg75/195	32.990	97	58	4	2	94	1	94	1.70e-09	41.2
olaTTNIg70	olaTTNAIg62/195	27.660	94	66	2	2	93	1	94	1.47e-08	38.9
olaTTNIg70	olaTTNAIg94/193	23.404	94	71	1	2	95	1	93	2.27e-08	38.1
olaTTNIg70	olaTTNAIg111/1101	33.333	69	45	1	27	94	32	100	5.46e-08	37.4
olaTTNIg70	olaTTNAIg71/194	24.324	74	54	1	22	95	23	94	1.44e-07	36.2
olaTTNIg70	olaTTNAIg82/196	22.989	87	67	0	8	94	9	95	1.54e-07	36.2
olaTTNIg70	olaTTNAIg91/193	26.471	68	50	0	28	95	26	93	4.88e-07	34.7
olaTTNIg70	olaTTNAIg107/194	25.532	94	66	2	2	93	1	92	1.26e-06	33.9
olaTTNIg70	olaTTNAIg85/193	27.143	70	51	0	26	95	24	93	2.02e-06	33.1
olaTTNIg70	olaTTNAIg108/193	24.691	81	60	1	2	82	1	80	2.46e-06	32.7
olaTTNIg70	olaTTNAIg68/199	26.374	91	54	3	2	83	1	87	8.09e-06	31.6
olaTTNIg70	olaTTNAIg110/193	24.211	95	65	3	2	92	1	92	1.64e-05	30.8
olaTTNIg70	olaTTNAIg79/196	20.339	59	47	0	27	85	28	86	9.81e-05	28.9
olaTTNIg70	olaTTNAIg106/197	21.739	69	53	1	28	95	29	97	0.004	24.3
olaTTNIg71	olaTTNAIg71/194	54.255	94	43	0	1	94	1	94	1.28e-33	102
olaTTNIg71	olaTTNAIg102/194	35.484	93	60	0	1	93	1	93	1.92e-20	69.3
olaTTNIg71	olaTTNAIg81/193	36.559	93	59	0	1	93	1	93	1.17e-18	64.7
olaTTNIg71	olaTTNAIg90/194	32.258	93	63	0	1	93	2	94	1.79e-18	64.3
olaTTNIg71	olaTTNAIg75/195	38.542	96	54	2	1	93	1	94	1.69e-17	61.6
olaTTNIg71	olaTTNAIg69/195	30.108	93	65	0	1	93	2	94	1.22e-16	59.7
olaTTNIg71	olaTTNAIg93/194	35.484	93	60	0	1	93	1	93	3.68e-16	58.2
olaTTNIg71	olaTTNAIg105/194	32.258	93	63	0	1	93	1	93	5.56e-16	57.8
olaTTNIg71	olaTTNAIg104/198	33.333	96	61	2	1	93	2	97	3.42e-15	55.8
olaTTNIg71	olaTTNAIg63/197	36.458	96	59	1	1	94	2	97	3.76e-15	55.8
olaTTNIg71	olaTTNAIg107/194	28.723	94	67	0	1	94	1	94	1.36e-14	54.3
olaTTNIg71	olaTTNAIg78/195	31.183	93	62	1	1	91	1	93	3.88e-14	53.1
olaTTNIg71	olaTTNAIg88/193	35.802	81	50	1	16	94	13	93	9.93e-14	52.0
olaTTNIg71	olaTTNAIg88/193	38.462	13	8	0	64	76	2	14	3.1	16.2
olaTTNIg71	olaTTNAIg87/194	31.183	93	64	0	1	93	2	94	1.10e-13	52.0
olaTTNIg71	olaTTNAIg86/197	29.167	96	66	1	1	94	2	97	1.53e-13	51.6
olaTTNIg71	olaTTNAIg70/195	32.609	92	60	1	5	94	4	95	2.57e-13	51.2
olaTTNIg71	olaTTNAIg94/193	36.709	79	48	1	18	94	15	93	2.99e-13	50.8
olaTTNIg71	olaTTNAIg84/195	31.183	93	64	0	1	93	2	94	3.33e-13	50.8
olaTTNIg71	olaTTNAIg72/197	31.579	95	63	2	1	93	2	96	4.05e-13	50.4
olaTTNIg71	olaTTNAIg65/195	32.979	94	62	1	1	93	1	94	5.78e-13	50.1
olaTTNIg71	olaTTNAIg77/197	33.981	103	52	2	1	94	2	97	1.08e-12	49.7
olaTTNIg71	olaTTNAIg91/193	30.380	79	53	1	18	94	15	93	2.27e-12	48.5
olaTTNIg71	olaTTNAIg67/1104	33.654	104	57	3	1	93	2	104	3.15e-12	48.5
olaTTNIg71	olaTTNAIg95/199	27.083	96	68	1	1	94	2	97	4.52e-12	48.1
olaTTNIg71	olaTTNAIg96/194	30.108	93	65	0	1	93	1	93	5.80e-12	47.4
olaTTNIg71	olaTTNAIg73/196	31.579	95	63	1	1	93	2	96	1.13e-11	47.0
olaTTNIg71	olaTTNAIg83/196	28.125	96	67	1	1	94	1	96	1.28e-11	46.6
olaTTNIg71	olaTTNAIg76/192	32.051	78	51	1	18	93	14	91	1.76e-11	46.2
olaTTNIg71	olaTTNAIg99/1104	28.571	91	63	1	2	90	2	92	6.15e-11	45.1
olaTTNIg71	olaTTNAIg111/1101	34.146	82	51	2	15	93	19	100	2.00e-10	43.9
olaTTNIg71	olaTTNAIg64/193	36.765	68	41	1	27	92	24	91	4.26e-10	42.7
olaTTNIg71	olaTTNAIg89/196	31.646	79	52	1	18	94	18	96	6.16e-10	42.4
olaTTNIg71	olaTTNAIg103/196	31.579	76	50	1	21	94	21	96	1.31e-09	41.6
olaTTNIg71	olaTTNAIg98/191	25.301	83	60	1	1	81	1	83	2.22e-09	40.8
olaTTNIg71	olaTTNAIg62/195	29.487	78	51	2	5	78	3	80	5.16e-09	40.0
olaTTNIg71	olaTTNAIg74/193	34.848	66	40	2	18	81	16	80	5.36e-09	40.0
olaTTNIg71	olaTTNAIg101/196	32.500	80	50	2	18	93	16	95	5.66e-09	40.0
olaTTNIg71	olaTTNAIg68/199	28.049	82	50	1	20	92	16	97	9.23e-09	39.3
olaTTNIg71	olaTTNAIg66/1103	25.610	82	53	1	21	94	22	103	1.17e-08	39.3
olaTTNIg71	olaTTNAIg92/197	22.680	97	72	1	1	94	1	97	3.50e-08	37.7
olaTTNIg71	olaTTNAIg106/197	29.630	81	52	2	18	94	18	97	4.52e-08	37.4
olaTTNIg71	olaTTNAIg82/196	25.806	93	67	1	1	91	1	93	6.50e-08	37.0
olaTTNIg71	olaTTNAIg79/196	24.211	95	66	2	6	94	2	96	1.33e-07	36.2
olaTTNIg71	olaTTNAIg80/198	31.250	96	63	2	1	93	2	97	1.89e-07	35.8
olaTTNIg71	olaTTNAIg85/193	25.926	81	58	1	16	94	13	93	2.42e-07	35.4
olaTTNIg71	olaTTNAIg97/197	26.582	79	56	1	18	94	19	97	5.56e-07	34.7
olaTTNIg71	olaTTNAIg100/196	25.000	64	46	1	17	78	18	81	3.29e-06	32.7
olaTTNIg71	olaTTNAIg109/193	22.368	76	56	2	9	81	5	80	1.60e-04	28.1
olaTTNIg71	olaTTNAIg108/193	25.000	68	49	1	17	82	14	81	3.21e-04	27.3
olaTTNIg71	olaTTNAIg110/193	22.500	80	58	1	11	86	8	87	0.005	24.3
olaTTNIg72	olaTTNAIg72/197	61.458	96	37	0	2	97	2	97	1.03e-40	120
olaTTNIg72	olaTTNAIg95/199	41.667	96	56	0	1	96	1	96	1.52e-22	74.7
olaTTNIg72	olaTTNAIg89/196	36.842	95	60	0	2	96	1	95	3.42e-22	73.9
olaTTNIg72	olaTTNAIg86/197	35.417	96	62	0	1	96	1	96	4.93e-22	73.6
olaTTNIg72	olaTTNAIg75/195	41.053	95	55	1	2	96	1	94	3.24e-20	68.9
olaTTNIg72	olaTTNAIg71/194	40.000	95	55	1	2	96	1	93	5.27e-20	68.2
olaTTNIg72	olaTTNAIg107/194	39.362	94	55	1	2	95	1	92	1.19e-19	67.4
olaTTNIg72	olaTTNAIg81/193	37.895	95	57	1	2	96	1	93	2.26e-19	66.6
olaTTNIg72	olaTTNAIg65/195	32.292	96	64	1	2	97	1	95	3.15e-19	66.2
olaTTNIg72	olaTTNAIg104/198	41.837	98	54	3	1	96	1	97	5.42e-19	65.9
olaTTNIg72	olaTTNAIg83/196	32.632	95	64	0	2	96	1	95	1.46e-18	64.7
olaTTNIg72	olaTTNAIg80/198	36.735	98	61	1	1	97	1	98	2.51e-18	63.9
olaTTNIg72	olaTTNAIg84/195	36.458	96	59	1	1	96	1	94	5.09e-18	63.2
olaTTNIg72	olaTTNAIg92/197	34.375	96	62	1	2	96	1	96	2.19e-17	61.6
olaTTNIg72	olaTTNAIg93/194	38.947	95	56	2	2	96	1	93	2.22e-17	61.6
olaTTNIg72	olaTTNAIg63/197	32.632	95	64	0	2	96	2	96	2.75e-17	61.2
olaTTNIg72	olaTTNAIg90/194	32.292	96	63	1	1	96	1	94	3.32e-17	61.2
olaTTNIg72	olaTTNAIg77/197	30.208	96	67	0	1	96	1	96	2.33e-16	58.9
olaTTNIg72	olaTTNAIg102/194	35.417	96	58	2	2	96	1	93	3.50e-16	58.5
olaTTNIg72	olaTTNAIg69/195	32.990	97	63	1	1	97	1	95	5.90e-16	57.8
olaTTNIg72	olaTTNAIg78/195	32.632	95	64	0	2	96	1	95	7.10e-16	57.8
olaTTNIg72	olaTTNAIg96/194	31.579	95	63	1	2	96	1	93	1.53e-15	57.0
olaTTNIg72	olaTTNAIg67/1104	29.808	104	65	2	1	96	1	104	2.17e-15	56.6
olaTTNIg72	olaTTNAIg74/193	30.435	92	63	1	6	97	3	93	4.22e-15	55.8
olaTTNIg72	olaTTNAIg105/194	30.526	95	64	1	2	96	1	93	8.19e-15	55.1
olaTTNIg72	olaTTNAIg70/195	27.083	96	68	1	1	96	1	94	8.20e-15	55.1
olaTTNIg72	olaTTNAIg87/194	32.353	102	55	3	1	96	1	94	8.83e-14	52.4
olaTTNIg72	olaTTNAIg99/1104	27.660	94	67	1	4	96	3	96	1.65e-13	51.6
olaTTNIg72	olaTTNAIg79/196	32.500	80	54	0	16	95	15	94	4.05e-13	50.8
olaTTNIg72	olaTTNAIg91/193	29.630	81	57	0	16	96	12	92	1.19e-12	49.3
olaTTNIg72	olaTTNAIg88/193	32.099	81	55	0	16	96	12	92	1.62e-12	48.9
olaTTNIg72	olaTTNAIg94/193	27.586	87	63	0	10	96	6	92	5.20e-12	47.8
olaTTNIg72	olaTTNAIg103/196	28.049	82	59	0	14	95	13	94	5.36e-12	47.8
olaTTNIg72	olaTTNAIg73/196	30.208	96	67	0	1	96	1	96	6.30e-12	47.8
olaTTNIg72	olaTTNAIg76/192	29.268	82	58	0	16	97	11	92	7.66e-12	47.4
olaTTNIg72	olaTTNAIg82/196	28.571	84	60	0	14	97	13	96	1.23e-11	47.0
olaTTNIg72	olaTTNAIg101/196	31.765	85	56	1	14	96	11	95	1.49e-11	46.6
olaTTNIg72	olaTTNAIg64/193	28.571	84	60	0	14	97	10	93	9.97e-11	44.3
olaTTNIg72	olaTTNAIg97/197	28.125	96	69	0	1	96	1	96	1.21e-10	44.3
olaTTNIg72	olaTTNAIg98/191	25.301	83	62	0	2	84	1	83	1.71e-10	43.9
olaTTNIg72	olaTTNAIg66/1103	28.571	91	55	2	14	96	14	102	1.20e-09	42.0
olaTTNIg72	olaTTNAIg109/193	28.409	88	62	1	10	96	5	92	1.52e-09	41.2
olaTTNIg72	olaTTNAIg106/197	32.927	82	54	1	16	96	15	96	2.49e-09	40.8
olaTTNIg72	olaTTNAIg108/193	31.081	74	51	0	11	84	7	80	3.94e-09	40.4
olaTTNIg72	olaTTNAIg85/193	25.263	95	68	1	2	96	1	92	3.98e-09	40.4
olaTTNIg72	olaTTNAIg110/193	30.769	78	50	2	11	85	7	83	5.60e-08	37.4
olaTTNIg72	olaTTNAIg111/1101	27.160	81	56	2	19	97	22	101	9.76e-08	37.0
olaTTNIg72	olaTTNAIg100/196	21.951	82	64	0	14	95	14	95	1.02e-07	36.6
olaTTNIg72	olaTTNAIg62/195	27.059	85	61	1	12	95	10	94	2.39e-07	35.8
olaTTNIg72	olaTTNAIg68/199	25.263	95	64	2	8	95	3	97	9.53e-07	34.3
olaTTNIg73	olaTTNAIg73/196	45.833	96	52	0	1	96	1	96	1.53e-32	100
olaTTNIg73	olaTTNAIg63/197	40.000	95	57	0	2	96	2	96	5.36e-21	70.9
olaTTNIg73	olaTTNAIg93/194	35.417	96	60	1	2	97	1	94	4.01e-20	68.6
olaTTNIg73	olaTTNAIg83/196	37.895	95	59	0	2	96	1	95	5.79e-20	68.2
olaTTNIg73	olaTTNAIg86/197	36.082	97	60	2	1	96	1	96	1.10e-19	67.4
olaTTNIg73	olaTTNAIg78/195	40.000	95	57	0	2	96	1	95	3.29e-19	66.2
olaTTNIg73	olaTTNAIg101/196	40.909	88	46	2	14	97	11	96	4.01e-19	65.9
olaTTNIg73	olaTTNAIg75/195	35.354	99	57	2	2	97	1	95	6.74e-19	65.5
olaTTNIg73	olaTTNAIg90/194	35.417	96	60	1	1	96	1	94	1.36e-18	64.7
olaTTNIg73	olaTTNAIg69/195	35.354	99	56	2	1	96	1	94	1.96e-18	64.3
olaTTNIg73	olaTTNAIg74/193	32.609	92	61	1	5	96	2	92	1.18e-17	62.4
olaTTNIg73	olaTTNAIg95/199	32.292	96	65	0	1	96	1	96	2.28e-17	61.6
olaTTNIg73	olaTTNAIg87/194	35.417	96	60	1	1	96	1	94	2.79e-17	61.2
olaTTNIg73	olaTTNAIg81/193	35.789	95	59	1	2	96	1	93	3.46e-17	60.8
olaTTNIg73	olaTTNAIg84/195	34.021	97	62	1	1	97	1	95	1.46e-16	59.3
olaTTNIg73	olaTTNAIg77/197	30.208	96	67	0	1	96	1	96	1.88e-16	59.3
olaTTNIg73	olaTTNAIg65/195	36.842	95	59	1	2	96	1	94	2.56e-16	58.9
olaTTNIg73	olaTTNAIg94/193	32.941	85	57	0	12	96	8	92	9.47e-16	57.4
olaTTNIg73	olaTTNAIg88/193	37.805	82	51	0	15	96	11	92	1.03e-15	57.4
olaTTNIg73	olaTTNAIg102/194	33.333	96	62	1	2	97	1	94	1.19e-15	57.0
olaTTNIg73	olaTTNAIg104/198	32.653	98	65	1	1	97	1	98	1.28e-15	57.0
olaTTNIg73	olaTTNAIg67/1104	31.132	106	61	2	1	96	1	104	1.75e-15	57.0
olaTTNIg73	olaTTNAIg107/194	32.979	94	61	1	2	95	1	92	4.47e-15	55.8
olaTTNIg73	olaTTNAIg99/1104	31.395	86	59	0	6	91	5	90	5.39e-15	55.5
olaTTNIg73	olaTTNAIg91/193	31.765	85	58	0	12	96	8	92	8.54e-15	55.1
olaTTNIg73	olaTTNAIg105/194	31.250	96	64	1	2	97	1	94	3.20e-14	53.5
olaTTNIg73	olaTTNAIg80/198	30.928	97	66	1	1	96	1	97	1.29e-13	52.0
olaTTNIg73	olaTTNAIg89/196	30.526	95	66	0	2	96	1	95	1.41e-13	52.0
olaTTNIg73	olaTTNAIg64/193	31.707	82	56	0	14	95	10	91	2.21e-13	51.2
olaTTNIg73	olaTTNAIg92/197	29.167	96	67	1	2	96	1	96	3.30e-13	50.8
olaTTNIg73	olaTTNAIg97/197	27.083	96	70	0	1	96	1	96	4.76e-13	50.4
olaTTNIg73	olaTTNAIg111/1101	30.769	91	62	1	7	96	10	100	6.57e-13	50.4
olaTTNIg73	olaTTNAIg76/192	30.233	86	60	0	11	96	6	91	9.79e-13	49.7
olaTTNIg73	olaTTNAIg103/196	30.380	79	55	0	14	92	13	91	1.34e-12	49.3
olaTTNIg73	olaTTNAIg96/194	31.633	98	57	3	5	97	2	94	2.53e-12	48.5
olaTTNIg73	olaTTNAIg70/195	28.125	96	67	1	1	96	1	94	2.97e-12	48.5
olaTTNIg73	olaTTNAIg71/194	29.474	95	65	1	2	96	1	93	7.74e-12	47.4
olaTTNIg73	olaTTNAIg98/191	25.301	83	62	0	2	84	1	83	9.99e-11	44.3
olaTTNIg73	olaTTNAIg106/197	32.927	82	54	1	16	96	15	96	3.25e-10	43.1
olaTTNIg73	olaTTNAIg100/196	26.316	95	70	0	1	95	1	95	4.07e-10	42.7
olaTTNIg73	olaTTNAIg66/1103	30.769	91	57	2	12	96	12	102	4.55e-10	43.1
olaTTNIg73	olaTTNAIg72/197	25.263	95	71	0	2	96	2	96	4.62e-10	42.7
olaTTNIg73	olaTTNAIg82/196	33.735	83	51	2	16	96	15	95	4.99e-10	42.7
olaTTNIg73	olaTTNAIg85/193	31.325	83	57	0	14	96	10	92	4.20e-09	40.0
olaTTNIg73	olaTTNAIg62/195	23.864	88	66	1	9	95	7	94	5.00e-09	40.0
olaTTNIg73	olaTTNAIg79/196	28.395	81	58	0	15	95	14	94	1.54e-08	38.9
olaTTNIg73	olaTTNAIg108/193	27.632	76	55	0	14	89	10	85	1.80e-08	38.5
olaTTNIg73	olaTTNAIg68/199	29.474	95	60	2	8	95	3	97	1.90e-08	38.5
olaTTNIg73	olaTTNAIg110/193	27.059	85	56	2	14	94	10	92	3.59e-07	35.0
olaTTNIg73	olaTTNAIg109/193	23.864	88	66	1	10	96	5	92	5.71e-07	34.7
olaTTNIg74	olaTTNAIg74/193	52.632	95	42	1	1	95	1	92	1.59e-35	107
olaTTNIg74	olaTTNAIg63/197	37.755	98	57	2	1	96	2	97	3.57e-18	63.5
olaTTNIg74	olaTTNAIg93/194	35.955	89	53	1	7	95	9	93	1.99e-17	61.6
olaTTNIg74	olaTTNAIg65/195	36.082	97	57	2	1	95	1	94	3.15e-17	61.2
olaTTNIg74	olaTTNAIg90/194	36.471	85	50	1	11	95	14	94	1.04e-16	59.7
olaTTNIg74	olaTTNAIg94/193	31.250	96	63	2	1	96	1	93	1.39e-16	59.3
olaTTNIg74	olaTTNAIg76/192	34.783	92	58	1	4	95	2	91	7.85e-16	57.4
olaTTNIg74	olaTTNAIg86/197	35.052	97	57	2	4	96	3	97	1.29e-15	57.0
olaTTNIg74	olaTTNAIg96/194	36.667	90	53	1	6	95	8	93	1.30e-15	57.0
olaTTNIg74	olaTTNAIg91/193	28.125	96	66	2	1	96	1	93	1.43e-15	57.0
olaTTNIg74	olaTTNAIg95/199	35.165	91	57	1	6	96	9	97	1.44e-15	57.0
olaTTNIg74	olaTTNAIg73/196	35.294	85	53	1	11	95	14	96	1.78e-15	56.6
olaTTNIg74	olaTTNAIg87/194	33.708	89	55	2	7	95	10	94	2.65e-15	56.2
olaTTNIg74	olaTTNAIg82/196	36.145	83	51	1	13	95	15	95	1.12e-14	54.7
olaTTNIg74	olaTTNAIg88/193	32.292	96	62	2	1	96	1	93	1.32e-14	54.3
olaTTNIg74	olaTTNAIg81/193	32.222	90	57	1	6	95	8	93	1.55e-14	54.3
olaTTNIg74	olaTTNAIg101/196	30.526	95	66	0	1	95	1	95	1.66e-14	54.3
olaTTNIg74	olaTTNAIg75/195	35.294	85	52	1	11	95	13	94	1.93e-14	53.9
olaTTNIg74	olaTTNAIg67/1104	31.000	100	63	2	2	95	5	104	2.02e-14	54.3
olaTTNIg74	olaTTNAIg78/195	33.708	89	57	1	7	95	9	95	3.03e-14	53.5
olaTTNIg74	olaTTNAIg103/196	26.437	87	62	1	10	96	12	96	6.75e-14	52.8
olaTTNIg74	olaTTNAIg72/197	36.667	90	52	4	7	95	11	96	2.84e-13	51.2
olaTTNIg74	olaTTNAIg111/1101	35.484	93	55	3	6	95	10	100	4.05e-13	50.8
olaTTNIg74	olaTTNAIg71/194	35.366	82	49	1	15	96	17	94	5.08e-13	50.4
olaTTNIg74	olaTTNAIg77/197	29.167	96	58	2	5	96	8	97	5.60e-13	50.4
olaTTNIg74	olaTTNAIg97/197	30.612	98	64	2	1	96	2	97	7.33e-13	50.1
olaTTNIg74	olaTTNAIg89/196	31.395	86	57	1	11	96	13	96	7.40e-13	50.1
olaTTNIg74	olaTTNAIg83/196	35.632	87	52	3	11	96	13	96	7.65e-13	50.1
olaTTNIg74	olaTTNAIg84/195	28.866	97	63	2	1	95	2	94	8.25e-13	49.7
olaTTNIg74	olaTTNAIg104/198	30.769	91	60	2	6	95	9	97	1.10e-12	49.7
olaTTNIg74	olaTTNAIg66/1103	35.556	90	54	3	11	96	14	103	1.24e-12	49.7
olaTTNIg74	olaTTNAIg100/196	33.333	72	46	1	9	80	12	81	1.59e-12	49.3
olaTTNIg74	olaTTNAIg70/195	26.042	96	69	1	1	96	2	95	4.38e-12	48.1
olaTTNIg74	olaTTNAIg69/195	32.941	85	53	3	11	95	14	94	7.10e-12	47.4
olaTTNIg74	olaTTNAIg92/197	31.250	96	63	2	2	96	4	97	8.42e-12	47.4
olaTTNIg74	olaTTNAIg105/194	29.213	89	59	1	7	95	9	93	3.80e-11	45.4
olaTTNIg74	olaTTNAIg80/198	33.684	95	60	2	2	95	5	97	1.20e-10	44.3
olaTTNIg74	olaTTNAIg79/196	30.263	76	51	1	8	83	10	83	2.02e-10	43.5
olaTTNIg74	olaTTNAIg107/194	31.707	82	52	1	13	94	15	92	4.42e-10	42.7
olaTTNIg74	olaTTNAIg102/194	28.916	83	55	1	13	95	15	93	7.95e-10	42.0
olaTTNIg74	olaTTNAIg99/1104	28.571	70	48	1	14	83	16	83	9.67e-10	42.0
olaTTNIg74	olaTTNAIg98/191	29.348	92	60	3	1	90	1	89	1.16e-09	41.6
olaTTNIg74	olaTTNAIg85/193	27.083	96	67	2	1	96	1	93	4.01e-08	37.7
olaTTNIg74	olaTTNAIg106/197	22.340	94	62	2	8	96	10	97	8.36e-08	37.0
olaTTNIg74	olaTTNAIg62/195	25.000	76	56	1	19	94	20	94	1.49e-07	36.2
olaTTNIg74	olaTTNAIg109/193	25.301	83	59	2	15	96	13	93	2.09e-07	35.8
olaTTNIg74	olaTTNAIg110/193	26.190	84	60	2	11	93	10	92	3.36e-07	35.0
olaTTNIg74	olaTTNAIg64/193	26.190	84	60	1	11	94	10	91	3.46e-07	35.0
olaTTNIg74	olaTTNAIg68/199	25.926	81	55	1	19	94	17	97	1.28e-06	33.9
olaTTNIg74	olaTTNAIg108/193	29.762	84	54	4	1	83	1	80	2.50e-06	33.1
olaTTNIg75	olaTTNAIg75/195	77.895	95	21	0	1	95	1	95	1.94e-55	157
olaTTNIg75	olaTTNAIg93/194	43.158	95	53	1	1	95	1	94	2.91e-29	91.7
olaTTNIg75	olaTTNAIg81/193	44.681	94	51	1	1	94	1	93	2.87e-26	84.0
olaTTNIg75	olaTTNAIg84/195	44.211	95	52	1	1	95	2	95	9.87e-24	77.8
olaTTNIg75	olaTTNAIg105/194	40.000	95	56	1	1	95	1	94	1.18e-23	77.4
olaTTNIg75	olaTTNAIg87/194	37.234	94	58	1	1	94	2	94	5.28e-23	75.9
olaTTNIg75	olaTTNAIg78/195	43.158	95	53	1	1	94	1	95	5.98e-23	75.5
olaTTNIg75	olaTTNAIg102/194	38.947	95	57	1	1	95	1	94	3.44e-21	71.2
olaTTNIg75	olaTTNAIg96/194	40.000	95	56	1	1	95	1	94	4.14e-21	70.9
olaTTNIg75	olaTTNAIg72/197	42.708	96	52	2	1	94	2	96	5.26e-21	70.9
olaTTNIg75	olaTTNAIg90/194	39.362	94	56	1	1	94	2	94	7.37e-21	70.5
olaTTNIg75	olaTTNAIg107/194	36.559	93	58	1	1	93	1	92	2.22e-20	68.9
olaTTNIg75	olaTTNAIg67/1104	39.806	103	53	1	1	94	2	104	3.39e-20	68.9
olaTTNIg75	olaTTNAIg86/197	36.458	96	58	2	1	94	2	96	2.56e-19	66.6
olaTTNIg75	olaTTNAIg99/1104	40.206	97	54	3	2	95	2	97	1.02e-18	65.1
olaTTNIg75	olaTTNAIg71/194	41.489	94	54	1	1	94	1	93	1.04e-18	64.7
olaTTNIg75	olaTTNAIg69/195	36.170	94	59	1	1	94	2	94	1.48e-18	64.3
olaTTNIg75	olaTTNAIg65/195	35.417	96	58	2	1	94	1	94	4.50e-18	63.2
olaTTNIg75	olaTTNAIg63/197	37.113	97	56	2	1	94	2	96	5.15e-17	60.5
olaTTNIg75	olaTTNAIg83/196	37.895	95	58	1	1	94	1	95	1.04e-16	59.7
olaTTNIg75	olaTTNAIg95/199	36.842	95	59	1	1	94	2	96	5.50e-16	58.2
olaTTNIg75	olaTTNAIg73/196	33.673	98	58	2	1	94	2	96	9.10e-16	57.4
olaTTNIg75	olaTTNAIg104/198	35.354	99	58	3	1	95	2	98	1.02e-15	57.4
olaTTNIg75	olaTTNAIg89/196	34.375	96	60	2	1	94	1	95	5.73e-15	55.5
olaTTNIg75	olaTTNAIg77/197	31.579	95	64	1	1	94	2	96	8.48e-15	55.1
olaTTNIg75	olaTTNAIg103/196	35.106	94	60	1	1	93	1	94	4.62e-14	53.1
olaTTNIg75	olaTTNAIg80/198	37.624	101	51	4	1	94	2	97	5.33e-14	52.8
olaTTNIg75	olaTTNAIg101/196	37.374	99	55	3	1	95	1	96	1.44e-13	51.6
olaTTNIg75	olaTTNAIg76/192	34.524	84	52	2	13	94	9	91	2.14e-13	51.2
olaTTNIg75	olaTTNAIg92/197	33.333	96	62	1	1	94	1	96	4.51e-13	50.4
olaTTNIg75	olaTTNAIg74/193	35.789	95	57	3	1	94	1	92	5.65e-13	50.1
olaTTNIg75	olaTTNAIg70/195	29.670	91	63	1	5	94	4	94	7.33e-13	50.1
olaTTNIg75	olaTTNAIg94/193	28.866	97	61	4	1	94	1	92	1.11e-11	47.0
olaTTNIg75	olaTTNAIg88/193	29.762	84	56	2	13	94	10	92	1.98e-11	46.2
olaTTNIg75	olaTTNAIg91/193	32.584	89	51	3	8	94	11	92	2.85e-11	45.8
olaTTNIg75	olaTTNAIg106/197	32.292	96	63	1	1	94	1	96	4.45e-11	45.4
olaTTNIg75	olaTTNAIg97/197	27.551	98	64	2	1	94	2	96	2.00e-09	41.2
olaTTNIg75	olaTTNAIg82/196	26.804	97	66	2	1	94	1	95	1.23e-08	38.9
olaTTNIg75	olaTTNAIg85/193	28.736	87	61	1	9	94	6	92	1.92e-08	38.5
olaTTNIg75	olaTTNAIg66/1103	28.571	105	61	3	1	94	1	102	6.00e-08	37.4
olaTTNIg75	olaTTNAIg62/195	28.395	81	55	2	1	79	1	80	4.00e-07	35.0
olaTTNIg75	olaTTNAIg64/193	31.884	69	44	2	27	93	24	91	8.26e-07	34.3
olaTTNIg75	olaTTNAIg100/196	24.742	97	66	2	1	93	2	95	1.05e-06	33.9
olaTTNIg75	olaTTNAIg109/193	25.000	92	59	3	9	94	5	92	2.02e-06	33.1
olaTTNIg75	olaTTNAIg108/193	31.081	74	50	1	11	83	8	81	5.68e-06	32.0
olaTTNIg75	olaTTNAIg98/191	22.989	87	58	2	1	82	1	83	6.26e-06	32.0
olaTTNIg75	olaTTNAIg68/199	24.468	94	61	2	9	93	5	97	7.07e-06	32.0
olaTTNIg75	olaTTNAIg111/1101	29.577	71	46	3	27	94	31	100	2.99e-05	30.0
olaTTNIg75	olaTTNAIg110/193	22.892	83	61	1	13	92	10	92	3.03e-05	30.0
olaTTNIg75	olaTTNAIg79/196	24.211	95	69	2	1	93	1	94	6.11e-05	29.3
olaTTNIg76	olaTTNAIg76/192	48.913	92	47	0	1	92	1	92	1.93e-33	102
olaTTNIg76	olaTTNAIg86/197	29.114	79	56	0	13	91	18	96	1.42e-16	59.3
olaTTNIg76	olaTTNAIg91/193	33.333	84	56	0	8	91	9	92	1.45e-16	59.3
olaTTNIg76	olaTTNAIg82/196	30.337	89	62	0	4	92	8	96	1.94e-16	58.9
olaTTNIg76	olaTTNAIg74/193	29.412	85	59	1	8	92	10	93	2.23e-14	53.5
olaTTNIg76	olaTTNAIg89/196	31.461	89	59	1	4	90	8	96	2.87e-14	53.5
olaTTNIg76	olaTTNAIg88/193	29.762	84	59	0	8	91	9	92	3.51e-14	53.1
olaTTNIg76	olaTTNAIg105/194	32.184	87	57	1	5	91	9	93	4.41e-14	52.8
olaTTNIg76	olaTTNAIg87/194	31.034	87	58	1	5	91	10	94	5.47e-14	52.8
olaTTNIg76	olaTTNAIg107/194	29.630	81	55	1	7	87	11	89	1.07e-13	52.0
olaTTNIg76	olaTTNAIg103/196	27.500	80	58	0	10	89	14	93	2.03e-13	51.2
olaTTNIg76	olaTTNAIg65/195	32.099	81	54	1	12	92	16	95	2.51e-13	50.8
olaTTNIg76	olaTTNAIg69/195	35.000	80	50	1	13	92	18	95	2.99e-13	50.8
olaTTNIg76	olaTTNAIg77/197	30.000	80	56	0	12	91	17	96	4.51e-13	50.4
olaTTNIg76	olaTTNAIg78/195	31.250	80	55	0	12	91	16	95	1.51e-12	48.9
olaTTNIg76	olaTTNAIg63/197	29.268	82	58	0	10	91	15	96	1.52e-12	48.9
olaTTNIg76	olaTTNAIg75/195	32.530	83	53	2	10	91	14	94	3.46e-12	48.1
olaTTNIg76	olaTTNAIg98/191	25.926	81	56	1	1	77	1	81	3.90e-12	47.8
olaTTNIg76	olaTTNAIg83/196	30.000	80	54	1	13	90	17	96	4.78e-12	47.8
olaTTNIg76	olaTTNAIg109/193	23.913	92	69	1	1	91	1	92	5.16e-12	47.8
olaTTNIg76	olaTTNAIg99/1104	31.343	67	46	0	11	77	15	81	8.26e-12	47.0
olaTTNIg76	olaTTNAIg104/198	25.882	85	63	0	7	91	13	97	1.05e-11	47.0
olaTTNIg76	olaTTNAIg106/197	25.316	79	58	1	14	91	18	96	1.70e-11	46.2
olaTTNIg76	olaTTNAIg93/194	29.268	82	56	1	10	91	14	93	2.33e-11	45.8
olaTTNIg76	olaTTNAIg79/196	28.169	71	51	0	9	79	13	83	5.43e-11	45.1
olaTTNIg76	olaTTNAIg94/193	25.581	86	64	0	4	89	5	90	6.20e-11	44.7
olaTTNIg76	olaTTNAIg95/199	27.500	80	58	0	12	91	17	96	7.21e-11	44.7
olaTTNIg76	olaTTNAIg68/199	29.897	97	59	2	1	89	1	96	8.03e-11	44.7
olaTTNIg76	olaTTNAIg90/194	26.250	80	57	1	12	91	17	94	1.56e-10	43.9
olaTTNIg76	olaTTNAIg100/196	25.352	71	53	0	10	80	15	85	1.77e-10	43.5
olaTTNIg76	olaTTNAIg72/197	22.222	81	63	0	12	92	17	97	2.56e-10	43.1
olaTTNIg76	olaTTNAIg84/195	27.500	80	56	1	12	91	17	94	2.80e-10	43.1
olaTTNIg76	olaTTNAIg73/196	24.706	85	64	0	7	91	12	96	3.66e-10	42.7
olaTTNIg76	olaTTNAIg62/195	29.167	72	50	1	17	87	20	91	4.74e-10	42.7
olaTTNIg76	olaTTNAIg111/1101	28.916	83	58	1	11	92	19	101	6.57e-10	42.4
olaTTNIg76	olaTTNAIg102/194	25.287	87	63	1	5	91	9	93	1.70e-09	41.2
olaTTNIg76	olaTTNAIg97/197	23.529	85	65	0	7	91	12	96	2.58e-09	40.8
olaTTNIg76	olaTTNAIg81/193	21.429	84	64	1	8	91	12	93	2.72e-09	40.4
olaTTNIg76	olaTTNAIg101/196	21.429	84	64	1	10	91	12	95	3.13e-09	40.4
olaTTNIg76	olaTTNAIg92/197	26.230	61	44	1	13	72	17	77	6.38e-09	39.7
olaTTNIg76	olaTTNAIg85/193	22.727	88	68	0	4	91	5	92	1.47e-08	38.5
olaTTNIg76	olaTTNAIg71/194	24.138	87	64	1	5	91	9	93	1.81e-08	38.5
olaTTNIg76	olaTTNAIg80/198	26.966	89	64	1	5	92	10	98	6.49e-08	37.0
olaTTNIg76	olaTTNAIg67/1104	23.596	89	58	2	12	91	17	104	8.28e-08	37.0
olaTTNIg76	olaTTNAIg70/195	22.353	85	66	0	7	91	10	94	1.79e-06	33.1
olaTTNIg76	olaTTNAIg96/194	19.540	87	68	1	5	91	9	93	5.35e-06	32.0
olaTTNIg76	olaTTNAIg64/193	23.611	72	55	0	16	87	17	88	1.75e-05	30.4
olaTTNIg76	olaTTNAIg108/193	20.988	81	64	0	10	90	11	91	3.30e-05	29.6
olaTTNIg76	olaTTNAIg66/1103	20.879	91	66	1	7	91	12	102	5.23e-05	29.3
olaTTNIg76	olaTTNAIg110/193	24.194	62	45	2	23	82	24	85	1.80e-04	27.7
olaTTNIg77	olaTTNAIg77/197	52.083	96	46	0	1	96	1	96	1.47e-34	105
olaTTNIg77	olaTTNAIg63/197	40.000	95	57	0	2	96	2	96	5.62e-22	73.2
olaTTNIg77	olaTTNAIg104/198	39.175	97	58	1	1	96	1	97	3.09e-21	71.6
olaTTNIg77	olaTTNAIg87/194	39.583	96	56	1	1	96	1	94	2.02e-20	69.3
olaTTNIg77	olaTTNAIg72/197	40.206	97	56	2	2	97	2	97	3.84e-20	68.6
olaTTNIg77	olaTTNAIg78/195	37.895	95	59	0	2	96	1	95	4.04e-19	65.9
olaTTNIg77	olaTTNAIg75/195	36.082	97	57	2	2	96	1	94	1.83e-18	64.3
olaTTNIg77	olaTTNAIg70/195	32.292	96	63	1	1	96	1	94	3.37e-18	63.5
olaTTNIg77	olaTTNAIg65/195	31.250	96	65	1	2	97	1	95	6.19e-18	63.2
olaTTNIg77	olaTTNAIg69/195	34.021	97	62	1	1	97	1	95	2.83e-17	61.2
olaTTNIg77	olaTTNAIg71/194	35.789	95	59	1	2	96	1	93	3.18e-17	61.2
olaTTNIg77	olaTTNAIg93/194	37.895	95	57	1	2	96	1	93	1.13e-16	59.7
olaTTNIg77	olaTTNAIg90/194	32.292	96	63	1	1	96	1	94	2.17e-16	58.9
olaTTNIg77	olaTTNAIg86/197	30.208	96	67	0	1	96	1	96	2.66e-16	58.9
olaTTNIg77	olaTTNAIg84/195	36.458	96	59	1	1	96	1	94	4.00e-16	58.5
olaTTNIg77	olaTTNAIg80/198	30.612	98	67	1	1	97	1	98	5.81e-16	58.2
olaTTNIg77	olaTTNAIg76/192	30.682	88	61	0	10	97	5	92	5.47e-15	55.5
olaTTNIg77	olaTTNAIg105/194	36.842	95	58	2	2	96	1	93	6.59e-15	55.1
olaTTNIg77	olaTTNAIg81/193	29.474	95	65	1	2	96	1	93	1.06e-14	54.7
olaTTNIg77	olaTTNAIg88/193	32.099	81	55	0	16	96	12	92	5.09e-14	52.8
olaTTNIg77	olaTTNAIg95/199	25.000	96	72	0	1	96	1	96	7.54e-14	52.8
olaTTNIg77	olaTTNAIg96/194	28.421	95	66	1	2	96	1	93	1.39e-13	52.0
olaTTNIg77	olaTTNAIg73/196	28.125	96	69	0	1	96	1	96	4.41e-13	50.4
olaTTNIg77	olaTTNAIg107/194	29.787	94	64	1	2	95	1	92	5.96e-13	50.1
olaTTNIg77	olaTTNAIg91/193	30.851	94	60	1	3	96	4	92	7.01e-13	50.1
olaTTNIg77	olaTTNAIg89/196	29.474	95	67	0	2	96	1	95	1.28e-12	49.3
olaTTNIg77	olaTTNAIg99/1104	32.099	81	55	0	4	84	3	83	1.97e-12	48.9
olaTTNIg77	olaTTNAIg82/196	33.673	98	61	2	2	97	1	96	2.45e-12	48.5
olaTTNIg77	olaTTNAIg67/1104	26.786	112	58	3	1	96	1	104	2.68e-12	48.9
olaTTNIg77	olaTTNAIg103/196	26.596	94	69	0	2	95	1	94	4.47e-12	48.1
olaTTNIg77	olaTTNAIg102/194	31.579	95	63	1	2	96	1	93	7.02e-12	47.4
olaTTNIg77	olaTTNAIg94/193	30.864	81	56	0	16	96	12	92	9.49e-12	47.0
olaTTNIg77	olaTTNAIg83/196	27.368	95	69	0	2	96	1	95	1.54e-11	46.6
olaTTNIg77	olaTTNAIg101/196	32.530	83	54	1	16	96	13	95	1.97e-11	46.2
olaTTNIg77	olaTTNAIg74/193	28.723	94	62	2	6	97	3	93	4.41e-11	45.4
olaTTNIg77	olaTTNAIg97/197	25.000	96	72	0	1	96	1	96	1.62e-10	43.9
olaTTNIg77	olaTTNAIg100/196	26.316	95	70	0	1	95	1	95	1.99e-10	43.9
olaTTNIg77	olaTTNAIg64/193	34.375	64	42	0	32	95	28	91	2.48e-10	43.5
olaTTNIg77	olaTTNAIg66/1103	30.851	94	52	2	16	96	9	102	4.31e-10	43.1
olaTTNIg77	olaTTNAIg111/1101	27.000	100	70	2	1	97	2	101	1.27e-09	41.6
olaTTNIg77	olaTTNAIg79/196	24.468	94	71	0	2	95	1	94	1.45e-09	41.6
olaTTNIg77	olaTTNAIg106/197	28.125	96	68	1	2	96	1	96	2.98e-09	40.8
olaTTNIg77	olaTTNAIg109/193	28.750	80	56	1	18	96	13	92	4.52e-09	40.0
olaTTNIg77	olaTTNAIg98/191	26.596	94	63	3	2	92	1	91	5.16e-09	40.0
olaTTNIg77	olaTTNAIg92/197	25.000	96	71	1	2	96	1	96	3.69e-08	37.7
olaTTNIg77	olaTTNAIg85/193	27.711	83	60	0	14	96	10	92	2.08e-07	35.8
olaTTNIg77	olaTTNAIg108/193	30.435	69	46	2	17	84	13	80	8.25e-07	34.3
olaTTNIg77	olaTTNAIg68/199	23.301	103	64	3	2	95	1	97	1.06e-06	33.9
olaTTNIg77	olaTTNAIg62/195	21.053	95	73	2	2	95	1	94	9.90e-06	31.6
olaTTNIg77	olaTTNAIg110/193	29.762	84	53	3	14	94	12	92	1.99e-05	30.4
olaTTNIg78	olaTTNAIg78/195	57.895	95	40	0	1	95	1	95	5.62e-44	129
olaTTNIg78	olaTTNAIg105/194	42.708	96	53	1	1	96	1	94	2.06e-26	84.3
olaTTNIg78	olaTTNAIg93/194	39.583	96	56	1	1	96	1	94	6.50e-26	83.2
olaTTNIg78	olaTTNAIg81/193	41.053	95	54	1	1	95	1	93	2.96e-24	79.0
olaTTNIg78	olaTTNAIg90/194	41.053	95	54	1	1	95	2	94	4.60e-24	78.6
olaTTNIg78	olaTTNAIg84/195	39.583	96	56	1	1	96	2	95	6.20e-24	78.2
olaTTNIg78	olaTTNAIg75/195	41.837	98	52	2	1	96	1	95	7.30e-23	75.5
olaTTNIg78	olaTTNAIg87/194	35.789	95	59	1	1	95	2	94	1.06e-22	75.1
olaTTNIg78	olaTTNAIg102/194	37.755	98	55	2	1	96	1	94	2.28e-21	71.6
olaTTNIg78	olaTTNAIg103/196	35.165	91	59	0	1	91	1	91	4.49e-20	68.6
olaTTNIg78	olaTTNAIg96/194	32.292	96	63	1	1	96	1	94	5.57e-19	65.5
olaTTNIg78	olaTTNAIg104/198	31.959	97	65	1	1	96	2	98	1.38e-18	64.7
olaTTNIg78	olaTTNAIg65/195	33.684	95	62	1	1	95	1	94	2.86e-17	61.2
olaTTNIg78	olaTTNAIg69/195	28.421	95	66	2	1	95	2	94	9.03e-17	60.1
olaTTNIg78	olaTTNAIg71/194	34.737	95	60	1	1	95	1	93	1.10e-16	59.7
olaTTNIg78	olaTTNAIg92/197	33.333	96	63	1	1	95	1	96	4.01e-16	58.5
olaTTNIg78	olaTTNAIg86/197	32.632	95	64	0	1	95	2	96	4.32e-16	58.2
olaTTNIg78	olaTTNAIg89/196	30.526	95	66	0	1	95	1	95	6.23e-16	57.8
olaTTNIg78	olaTTNAIg63/197	30.526	95	66	0	1	95	2	96	6.38e-16	57.8
olaTTNIg78	olaTTNAIg95/199	32.632	95	64	0	1	95	2	96	5.52e-15	55.5
olaTTNIg78	olaTTNAIg99/1104	34.146	82	53	1	16	96	16	97	5.69e-15	55.5
olaTTNIg78	olaTTNAIg77/197	30.526	95	66	0	1	95	2	96	1.75e-14	54.3
olaTTNIg78	olaTTNAIg83/196	28.421	95	68	0	1	95	1	95	2.08e-14	53.9
olaTTNIg78	olaTTNAIg72/197	30.526	95	66	0	1	95	2	96	2.12e-13	51.2
olaTTNIg78	olaTTNAIg91/193	28.395	81	58	0	15	95	12	92	2.60e-13	51.2
olaTTNIg78	olaTTNAIg73/196	27.368	95	69	0	1	95	2	96	4.76e-13	50.4
olaTTNIg78	olaTTNAIg94/193	27.160	81	59	0	15	95	12	92	3.10e-12	48.1
olaTTNIg78	olaTTNAIg101/196	30.612	98	64	2	1	96	1	96	3.53e-12	48.1
olaTTNIg78	olaTTNAIg109/193	34.211	76	49	1	9	83	5	80	4.43e-12	47.8
olaTTNIg78	olaTTNAIg76/192	32.468	77	48	3	9	83	5	79	6.38e-12	47.4
olaTTNIg78	olaTTNAIg82/196	25.263	95	71	0	1	95	1	95	8.71e-12	47.4
olaTTNIg78	olaTTNAIg100/196	28.571	91	65	0	1	91	2	92	1.56e-11	46.6
olaTTNIg78	olaTTNAIg88/193	28.395	81	58	0	15	95	12	92	1.59e-11	46.6
olaTTNIg78	olaTTNAIg67/1104	26.882	93	60	2	11	95	12	104	2.63e-11	46.2
olaTTNIg78	olaTTNAIg107/194	29.787	94	64	1	1	94	1	92	2.90e-11	45.8
olaTTNIg78	olaTTNAIg79/196	24.731	93	70	0	1	93	1	93	5.82e-11	45.1
olaTTNIg78	olaTTNAIg106/197	26.042	96	70	1	1	95	1	96	1.23e-10	44.3
olaTTNIg78	olaTTNAIg98/191	26.190	84	62	0	1	84	1	84	1.41e-10	43.9
olaTTNIg78	olaTTNAIg70/195	24.211	95	70	1	1	95	2	94	1.46e-10	43.9
olaTTNIg78	olaTTNAIg80/198	27.083	96	69	1	1	95	2	97	1.03e-09	42.0
olaTTNIg78	olaTTNAIg111/1101	28.571	98	61	3	4	95	6	100	2.77e-09	40.8
olaTTNIg78	olaTTNAIg64/193	31.765	85	56	1	11	93	6	90	3.30e-09	40.4
olaTTNIg78	olaTTNAIg74/193	25.301	83	61	1	13	95	11	92	3.75e-09	40.4
olaTTNIg78	olaTTNAIg66/1103	26.471	102	68	3	1	95	1	102	1.39e-08	38.9
olaTTNIg78	olaTTNAIg85/193	21.839	87	68	0	9	95	6	92	4.19e-07	35.0
olaTTNIg78	olaTTNAIg97/197	20.000	95	76	0	1	95	2	96	1.59e-06	33.5
olaTTNIg78	olaTTNAIg68/199	19.277	83	60	1	8	83	4	86	5.38e-05	29.6
olaTTNIg78	olaTTNAIg108/193	22.727	66	51	0	18	83	15	80	0.002	25.4
olaTTNIg78	olaTTNAIg110/193	25.000	32	22	1	13	44	12	41	0.21	19.6
olaTTNIg79	olaTTNAIg79/196	53.608	97	44	1	1	97	1	96	1.98e-33	102
olaTTNIg79	olaTTNAIg82/196	40.426	94	55	1	1	94	1	93	3.74e-22	73.9
olaTTNIg79	olaTTNAIg103/196	37.113	97	60	1	1	97	1	96	4.60e-22	73.6
olaTTNIg79	olaTTNAIg78/195	40.217	92	50	2	3	94	7	93	1.97e-21	72.0
olaTTNIg79	olaTTNAIg88/193	37.209	86	53	1	12	97	9	93	4.44e-18	63.2
olaTTNIg79	olaTTNAIg91/193	32.558	86	57	1	12	97	9	93	6.09e-17	60.5
olaTTNIg79	olaTTNAIg90/194	35.366	82	50	1	14	95	15	93	4.08e-16	58.2
olaTTNIg79	olaTTNAIg96/194	33.684	95	60	1	1	95	1	92	4.85e-16	58.2
olaTTNIg79	olaTTNAIg111/1101	34.444	90	58	1	6	94	9	98	5.41e-16	58.2
olaTTNIg79	olaTTNAIg86/197	28.421	95	67	1	1	95	2	95	1.77e-15	56.6
olaTTNIg79	olaTTNAIg94/193	32.558	86	57	1	12	97	9	93	2.46e-15	56.2
olaTTNIg79	olaTTNAIg99/1104	34.722	72	46	1	13	84	13	83	2.91e-15	56.2
olaTTNIg79	olaTTNAIg102/194	34.000	100	53	2	1	95	1	92	4.19e-15	55.8
olaTTNIg79	olaTTNAIg87/194	31.183	93	57	3	3	95	8	93	5.09e-15	55.5
olaTTNIg79	olaTTNAIg93/194	36.559	93	52	2	3	95	7	92	1.13e-14	54.7
olaTTNIg79	olaTTNAIg107/194	27.835	97	67	2	1	97	1	94	1.20e-14	54.7
olaTTNIg79	olaTTNAIg81/193	34.146	82	51	2	14	95	14	92	2.57e-14	53.5
olaTTNIg79	olaTTNAIg105/194	31.915	94	61	2	1	94	1	91	4.24e-14	53.1
olaTTNIg79	olaTTNAIg71/194	39.759	83	47	1	15	97	15	94	4.72e-14	53.1
olaTTNIg79	olaTTNAIg109/193	29.474	95	61	3	1	94	1	90	6.11e-14	52.8
olaTTNIg79	olaTTNAIg89/196	27.835	97	69	1	1	97	1	96	1.06e-13	52.0
olaTTNIg79	olaTTNAIg75/195	36.709	79	46	2	16	94	16	90	1.35e-13	52.0
olaTTNIg79	olaTTNAIg97/197	28.866	97	68	1	1	97	2	97	1.78e-13	51.6
olaTTNIg79	olaTTNAIg85/193	36.250	80	50	1	18	97	15	93	2.21e-13	51.2
olaTTNIg79	olaTTNAIg84/195	36.364	77	46	1	19	95	20	93	2.49e-13	51.2
olaTTNIg79	olaTTNAIg69/195	25.263	95	68	2	1	95	2	93	4.32e-13	50.4
olaTTNIg79	olaTTNAIg77/197	35.714	84	53	1	14	97	15	97	4.76e-13	50.4
olaTTNIg79	olaTTNAIg101/196	32.184	87	58	1	9	94	7	93	4.92e-13	50.4
olaTTNIg79	olaTTNAIg72/197	34.247	73	47	1	14	86	15	86	7.73e-13	50.1
olaTTNIg79	olaTTNAIg64/193	30.000	90	62	1	7	96	4	92	1.09e-12	49.7
olaTTNIg79	olaTTNAIg100/196	27.160	81	58	1	1	81	2	81	4.14e-12	48.1
olaTTNIg79	olaTTNAIg65/195	33.750	80	51	1	16	95	16	93	5.19e-12	47.8
olaTTNIg79	olaTTNAIg74/193	31.765	85	54	2	1	85	1	81	6.87e-12	47.4
olaTTNIg79	olaTTNAIg104/198	31.646	79	51	2	18	95	20	96	9.56e-12	47.4
olaTTNIg79	olaTTNAIg83/196	25.773	97	71	1	1	97	1	96	1.54e-11	46.6
olaTTNIg79	olaTTNAIg106/197	26.804	97	71	0	1	97	1	97	4.25e-11	45.4
olaTTNIg79	olaTTNAIg66/1103	30.337	89	57	2	14	97	15	103	5.50e-11	45.4
olaTTNIg79	olaTTNAIg98/191	31.884	69	46	1	16	84	16	83	5.97e-11	45.1
olaTTNIg79	olaTTNAIg76/192	31.429	70	47	1	15	84	11	79	9.66e-11	44.3
olaTTNIg79	olaTTNAIg63/197	32.530	83	55	1	15	97	16	97	1.23e-10	44.3
olaTTNIg79	olaTTNAIg95/199	31.183	93	59	2	5	97	10	97	2.27e-10	43.5
olaTTNIg79	olaTTNAIg92/197	26.190	84	62	0	14	97	14	97	6.91e-09	39.7
olaTTNIg79	olaTTNAIg70/195	30.526	95	63	2	1	95	2	93	1.15e-08	39.3
olaTTNIg79	olaTTNAIg67/1104	28.889	90	51	3	16	95	17	103	1.92e-08	38.9
olaTTNIg79	olaTTNAIg62/195	27.835	97	67	2	1	96	1	95	2.46e-08	38.1
olaTTNIg79	olaTTNAIg80/198	31.884	69	46	1	27	95	29	96	1.30e-07	36.6
olaTTNIg79	olaTTNAIg73/196	26.923	78	56	1	18	95	19	95	9.80e-07	34.3
olaTTNIg79	olaTTNAIg108/193	29.114	79	55	1	16	94	13	90	2.70e-06	32.7
olaTTNIg79	olaTTNAIg110/193	28.986	69	48	1	27	94	24	92	5.96e-06	32.0
olaTTNIg79	olaTTNAIg68/199	25.243	103	65	3	1	96	1	98	3.22e-05	30.0
olaTTNIg80	olaTTNAIg80/198	65.263	95	33	0	2	96	4	98	1.22e-40	120
olaTTNIg80	olaTTNAIg65/195	42.708	96	51	3	2	96	3	95	3.19e-20	68.9
olaTTNIg80	olaTTNAIg63/197	38.298	94	57	1	2	95	4	96	1.06e-17	62.4
olaTTNIg80	olaTTNAIg76/192	38.824	85	51	1	12	96	9	92	2.28e-17	61.2
olaTTNIg80	olaTTNAIg67/1104	40.196	102	52	3	2	95	4	104	1.65e-16	59.7
olaTTNIg80	olaTTNAIg82/196	36.145	83	52	1	14	96	15	96	1.75e-16	59.3
olaTTNIg80	olaTTNAIg75/195	39.175	97	51	3	2	95	3	94	2.04e-16	58.9
olaTTNIg80	olaTTNAIg83/196	34.043	94	61	1	2	95	3	95	3.25e-16	58.5
olaTTNIg80	olaTTNAIg95/199	40.426	94	55	1	2	95	4	96	3.58e-15	55.8
olaTTNIg80	olaTTNAIg104/198	38.372	86	52	1	10	95	13	97	3.86e-15	55.8
olaTTNIg80	olaTTNAIg86/197	36.170	94	59	1	2	95	4	96	4.11e-15	55.8
olaTTNIg80	olaTTNAIg72/197	34.737	95	61	1	2	96	4	97	8.86e-15	55.1
olaTTNIg80	olaTTNAIg69/195	37.895	95	56	3	2	96	4	95	1.22e-14	54.7
olaTTNIg80	olaTTNAIg111/1101	37.234	94	55	3	5	96	10	101	1.48e-14	54.3
olaTTNIg80	olaTTNAIg77/197	35.714	84	53	1	12	95	14	96	1.71e-14	54.3
olaTTNIg80	olaTTNAIg87/194	32.979	94	60	2	2	95	4	94	2.17e-14	53.9
olaTTNIg80	olaTTNAIg105/194	36.842	95	53	3	5	95	2	93	2.96e-14	53.5
olaTTNIg80	olaTTNAIg89/196	38.372	86	52	1	10	95	11	95	8.94e-14	52.4
olaTTNIg80	olaTTNAIg91/193	36.232	69	44	0	27	95	24	92	1.21e-13	52.0
olaTTNIg80	olaTTNAIg88/193	39.130	69	42	0	27	95	24	92	1.25e-13	52.0
olaTTNIg80	olaTTNAIg93/194	34.043	94	59	2	2	95	3	93	4.13e-13	50.4
olaTTNIg80	olaTTNAIg84/195	35.417	96	55	3	2	95	4	94	4.56e-13	50.4
olaTTNIg80	olaTTNAIg94/193	34.940	83	53	1	13	95	11	92	1.18e-12	49.3
olaTTNIg80	olaTTNAIg101/196	34.884	86	53	2	12	95	11	95	1.89e-12	48.9
olaTTNIg80	olaTTNAIg103/196	40.000	80	47	1	12	91	13	91	2.17e-12	48.9
olaTTNIg80	olaTTNAIg73/196	37.234	94	58	1	2	95	4	96	2.45e-12	48.5
olaTTNIg80	olaTTNAIg71/194	32.990	97	56	3	2	95	3	93	2.53e-12	48.5
olaTTNIg80	olaTTNAIg78/195	30.435	92	63	1	4	95	5	95	2.94e-12	48.5
olaTTNIg80	olaTTNAIg92/197	36.170	94	58	2	3	95	4	96	3.45e-12	48.1
olaTTNIg80	olaTTNAIg70/195	25.263	95	70	1	1	95	1	94	4.15e-12	48.1
olaTTNIg80	olaTTNAIg107/194	35.106	94	52	3	4	94	5	92	8.35e-12	47.4
olaTTNIg80	olaTTNAIg90/194	32.979	94	60	3	2	95	4	94	8.62e-12	47.4
olaTTNIg80	olaTTNAIg102/194	35.789	95	56	3	2	95	3	93	9.20e-12	47.0
olaTTNIg80	olaTTNAIg81/193	32.609	92	59	2	4	95	5	93	1.22e-11	46.6
olaTTNIg80	olaTTNAIg66/1103	35.556	90	51	3	12	95	14	102	3.83e-11	45.8
olaTTNIg80	olaTTNAIg85/193	35.714	84	53	1	12	95	10	92	3.28e-10	43.1
olaTTNIg80	olaTTNAIg106/197	32.857	70	46	1	27	95	27	96	5.55e-10	42.7
olaTTNIg80	olaTTNAIg109/193	31.884	69	46	1	28	95	24	92	7.88e-10	42.0
olaTTNIg80	olaTTNAIg96/194	29.348	92	62	2	4	95	5	93	1.13e-09	41.6
olaTTNIg80	olaTTNAIg74/193	33.333	93	60	2	4	96	3	93	1.30e-09	41.6
olaTTNIg80	olaTTNAIg99/1104	29.897	97	62	3	2	95	3	96	3.16e-09	40.4
olaTTNIg80	olaTTNAIg64/193	32.812	64	43	0	31	94	28	91	6.66e-09	39.7
olaTTNIg80	olaTTNAIg98/191	26.506	83	60	1	2	84	3	84	6.91e-09	39.7
olaTTNIg80	olaTTNAIg100/196	30.435	69	47	1	12	80	14	81	1.75e-08	38.5
olaTTNIg80	olaTTNAIg79/196	30.488	82	56	1	13	94	14	94	2.26e-08	38.5
olaTTNIg80	olaTTNAIg68/199	31.765	85	49	3	18	94	14	97	2.28e-08	38.5
olaTTNIg80	olaTTNAIg108/193	27.059	85	61	1	9	93	7	90	7.98e-08	37.0
olaTTNIg80	olaTTNAIg97/197	28.049	82	58	1	14	95	16	96	1.02e-05	31.2
olaTTNIg80	olaTTNAIg110/193	28.169	71	49	1	25	93	22	92	0.001	25.8
olaTTNIg80	olaTTNAIg62/195	28.205	78	46	2	4	80	12	80	0.003	25.0
olaTTNIg81	olaTTNAIg81/193	62.366	93	34	1	1	92	1	93	4.12e-41	121
olaTTNIg81	olaTTNAIg75/195	52.632	95	43	1	1	93	1	95	1.69e-34	104
olaTTNIg81	olaTTNAIg93/194	54.255	94	42	1	1	93	1	94	1.32e-32	100
olaTTNIg81	olaTTNAIg87/194	49.462	93	46	1	1	92	2	94	8.90e-32	97.8
olaTTNIg81	olaTTNAIg90/194	52.688	93	43	1	1	92	2	94	1.41e-31	97.4
olaTTNIg81	olaTTNAIg84/195	50.000	94	46	1	1	93	2	95	3.39e-30	94.0
olaTTNIg81	olaTTNAIg105/194	48.936	94	47	1	1	93	1	94	3.33e-28	89.0
olaTTNIg81	olaTTNAIg78/195	46.316	95	48	1	1	92	1	95	4.52e-27	85.9
olaTTNIg81	olaTTNAIg107/194	45.652	92	49	1	1	91	1	92	5.26e-26	83.2
olaTTNIg81	olaTTNAIg96/194	42.553	94	53	1	1	93	1	94	4.53e-25	80.9
olaTTNIg81	olaTTNAIg102/194	39.362	94	56	1	1	93	1	94	1.87e-24	79.3
olaTTNIg81	olaTTNAIg99/1104	39.583	96	54	2	2	93	2	97	2.46e-21	71.6
olaTTNIg81	olaTTNAIg86/197	34.737	95	59	1	1	92	2	96	4.37e-20	68.6
olaTTNIg81	olaTTNAIg72/197	38.947	95	55	1	1	92	2	96	6.19e-20	68.2
olaTTNIg81	olaTTNAIg71/194	43.011	93	52	1	1	92	1	93	6.30e-19	65.5
olaTTNIg81	olaTTNAIg95/199	38.947	95	55	1	1	92	2	96	1.48e-18	64.7
olaTTNIg81	olaTTNAIg74/193	37.778	90	54	1	5	92	3	92	1.57e-18	64.3
olaTTNIg81	olaTTNAIg69/195	31.183	93	63	1	1	92	2	94	3.34e-18	63.5
olaTTNIg81	olaTTNAIg89/196	37.895	95	56	1	1	92	1	95	4.69e-18	63.2
olaTTNIg81	olaTTNAIg88/193	36.905	84	50	1	12	92	9	92	6.44e-18	62.8
olaTTNIg81	olaTTNAIg77/197	34.737	95	59	1	1	92	2	96	1.13e-17	62.4
olaTTNIg81	olaTTNAIg63/197	33.684	95	60	1	1	92	2	96	1.49e-17	62.0
olaTTNIg81	olaTTNAIg92/197	39.583	96	54	1	1	92	1	96	3.91e-17	60.8
olaTTNIg81	olaTTNAIg94/193	31.579	95	59	2	1	92	1	92	9.74e-17	59.7
olaTTNIg81	olaTTNAIg104/198	36.735	98	56	3	1	93	2	98	1.41e-16	59.3
olaTTNIg81	olaTTNAIg83/196	33.684	95	60	1	1	92	1	95	9.17e-16	57.4
olaTTNIg81	olaTTNAIg103/196	36.170	94	57	1	1	91	1	94	9.89e-16	57.4
olaTTNIg81	olaTTNAIg101/196	36.047	86	50	1	13	93	11	96	1.24e-15	57.0
olaTTNIg81	olaTTNAIg65/195	31.915	94	62	1	1	92	1	94	1.46e-15	56.6
olaTTNIg81	olaTTNAIg97/197	31.579	95	62	1	1	92	2	96	1.60e-15	56.6
olaTTNIg81	olaTTNAIg73/196	35.789	95	58	1	1	92	2	96	3.79e-15	55.8
olaTTNIg81	olaTTNAIg67/1104	31.731	104	58	2	1	92	2	104	5.58e-15	55.5
olaTTNIg81	olaTTNAIg106/197	34.483	87	53	1	10	92	10	96	1.02e-14	54.7
olaTTNIg81	olaTTNAIg91/193	34.524	84	52	1	12	92	9	92	1.63e-14	53.9
olaTTNIg81	olaTTNAIg85/193	34.483	87	54	1	9	92	6	92	4.13e-14	53.1
olaTTNIg81	olaTTNAIg109/193	34.091	88	54	2	9	92	5	92	9.29e-13	49.7
olaTTNIg81	olaTTNAIg64/193	39.024	82	47	2	13	91	10	91	1.63e-12	48.9
olaTTNIg81	olaTTNAIg82/196	30.526	95	63	1	1	92	1	95	1.87e-12	48.9
olaTTNIg81	olaTTNAIg70/195	29.167	96	61	3	1	92	2	94	3.53e-12	48.1
olaTTNIg81	olaTTNAIg100/196	31.707	82	53	1	13	91	14	95	6.46e-12	47.4
olaTTNIg81	olaTTNAIg79/196	27.660	94	65	1	1	91	1	94	7.92e-12	47.4
olaTTNIg81	olaTTNAIg111/1101	31.250	96	60	3	3	92	5	100	5.15e-11	45.1
olaTTNIg81	olaTTNAIg98/191	27.711	83	57	1	1	80	1	83	6.07e-11	44.7
olaTTNIg81	olaTTNAIg68/199	27.368	95	59	1	7	91	3	97	7.52e-11	44.7
olaTTNIg81	olaTTNAIg80/198	32.292	96	61	2	1	92	2	97	3.41e-10	43.1
olaTTNIg81	olaTTNAIg62/195	34.940	83	48	2	13	91	14	94	4.34e-10	42.7
olaTTNIg81	olaTTNAIg76/192	28.736	87	59	1	9	92	5	91	7.70e-10	42.0
olaTTNIg81	olaTTNAIg66/1103	24.444	90	59	1	12	92	13	102	1.50e-06	33.5
olaTTNIg81	olaTTNAIg110/193	22.727	88	57	2	11	90	8	92	1.08e-05	31.2
olaTTNIg81	olaTTNAIg108/193	34.483	29	19	0	13	41	10	38	0.040	21.6
olaTTNIg82	olaTTNAIg82/196	55.208	96	43	0	1	96	1	96	1.55e-40	120
olaTTNIg82	olaTTNAIg91/193	41.053	95	53	1	1	95	1	92	2.06e-23	76.6
olaTTNIg82	olaTTNAIg88/193	43.750	80	45	0	12	91	9	88	5.67e-21	70.5
olaTTNIg82	olaTTNAIg86/197	38.947	95	58	0	1	95	2	96	6.32e-20	68.2
olaTTNIg82	olaTTNAIg78/195	34.737	95	62	0	1	95	1	95	1.48e-19	67.0
olaTTNIg82	olaTTNAIg81/193	31.579	95	63	1	1	95	1	93	1.85e-19	66.6
olaTTNIg82	olaTTNAIg105/194	35.789	95	59	1	1	95	1	93	6.72e-18	62.8
olaTTNIg82	olaTTNAIg97/197	36.559	93	57	1	1	91	2	94	9.70e-18	62.4
olaTTNIg82	olaTTNAIg69/195	34.375	96	61	1	1	96	2	95	6.31e-17	60.5
olaTTNIg82	olaTTNAIg94/193	38.356	73	45	0	12	84	9	81	7.55e-17	60.1
olaTTNIg82	olaTTNAIg103/196	32.530	83	56	0	1	83	1	83	8.86e-17	60.1
olaTTNIg82	olaTTNAIg96/194	31.579	95	63	1	1	95	1	93	9.11e-17	60.1
olaTTNIg82	olaTTNAIg85/193	39.241	79	48	0	17	95	14	92	1.40e-16	59.3
olaTTNIg82	olaTTNAIg79/196	34.940	83	54	0	1	83	1	83	7.50e-16	57.8
olaTTNIg82	olaTTNAIg63/197	32.632	95	64	0	1	95	2	96	1.15e-15	57.4
olaTTNIg82	olaTTNAIg77/197	34.375	96	61	2	1	95	2	96	1.38e-15	57.0
olaTTNIg82	olaTTNAIg104/198	33.333	96	63	1	1	95	2	97	1.99e-15	56.6
olaTTNIg82	olaTTNAIg102/194	34.737	95	60	1	1	95	1	93	7.11e-15	55.1
olaTTNIg82	olaTTNAIg73/196	29.474	95	67	0	1	95	2	96	7.69e-15	55.1
olaTTNIg82	olaTTNAIg90/194	31.579	95	63	1	1	95	2	94	1.36e-14	54.3
olaTTNIg82	olaTTNAIg99/1104	31.765	85	58	0	2	86	2	86	1.83e-14	54.3
olaTTNIg82	olaTTNAIg106/197	34.375	96	62	1	1	95	1	96	3.38e-14	53.5
olaTTNIg82	olaTTNAIg111/1101	36.170	94	57	2	4	96	10	101	3.74e-14	53.5
olaTTNIg82	olaTTNAIg100/196	31.250	80	55	0	1	80	2	81	4.34e-14	53.1
olaTTNIg82	olaTTNAIg87/194	33.684	95	61	1	1	95	2	94	9.32e-14	52.4
olaTTNIg82	olaTTNAIg74/193	31.250	96	63	2	1	96	1	93	1.74e-13	51.6
olaTTNIg82	olaTTNAIg98/191	31.325	83	57	0	1	83	1	83	4.36e-13	50.4
olaTTNIg82	olaTTNAIg76/192	32.143	84	57	0	13	96	9	92	4.75e-13	50.4
olaTTNIg82	olaTTNAIg83/196	29.474	95	67	0	1	95	1	95	4.92e-13	50.4
olaTTNIg82	olaTTNAIg71/194	34.524	84	53	1	1	84	1	82	5.41e-13	50.4
olaTTNIg82	olaTTNAIg101/196	30.588	85	57	1	13	95	11	95	1.16e-12	49.3
olaTTNIg82	olaTTNAIg66/1103	31.776	107	56	3	1	95	1	102	1.92e-12	48.9
olaTTNIg82	olaTTNAIg89/196	28.421	95	68	0	1	95	1	95	2.37e-12	48.5
olaTTNIg82	olaTTNAIg93/194	27.368	95	67	1	1	95	1	93	2.70e-12	48.5
olaTTNIg82	olaTTNAIg75/195	29.474	95	66	1	1	95	1	94	3.14e-12	48.5
olaTTNIg82	olaTTNAIg84/195	28.421	95	66	1	1	95	2	94	6.11e-12	47.8
olaTTNIg82	olaTTNAIg95/199	29.474	95	67	0	1	95	2	96	7.63e-12	47.4
olaTTNIg82	olaTTNAIg70/195	30.667	75	52	0	10	84	9	83	8.90e-12	47.0
olaTTNIg82	olaTTNAIg72/197	30.952	84	58	0	13	96	14	97	1.97e-11	46.2
olaTTNIg82	olaTTNAIg67/1104	35.227	88	49	1	16	95	17	104	3.95e-11	45.8
olaTTNIg82	olaTTNAIg64/193	30.137	73	51	0	21	93	18	90	6.79e-11	44.7
olaTTNIg82	olaTTNAIg107/194	26.882	93	66	1	1	93	1	91	7.79e-11	44.7
olaTTNIg82	olaTTNAIg92/197	29.167	96	67	1	1	95	1	96	8.73e-11	44.7
olaTTNIg82	olaTTNAIg68/199	29.630	81	50	1	20	93	16	96	9.94e-10	42.0
olaTTNIg82	olaTTNAIg65/195	32.000	75	48	2	2	76	4	75	3.42e-09	40.4
olaTTNIg82	olaTTNAIg109/193	26.042	96	66	2	1	95	1	92	6.52e-09	39.7
olaTTNIg82	olaTTNAIg80/198	32.584	89	59	1	9	96	10	98	5.69e-08	37.4
olaTTNIg82	olaTTNAIg62/195	27.027	74	53	1	21	93	20	93	4.91e-07	34.7
olaTTNIg82	olaTTNAIg108/193	21.951	82	64	0	13	94	10	91	1.36e-06	33.5
olaTTNIg82	olaTTNAIg110/193	24.590	61	44	1	27	85	24	84	0.007	23.5
olaTTNIg83	olaTTNAIg83/196	59.375	96	38	1	1	95	1	96	9.71e-39	115
olaTTNIg83	olaTTNAIg95/199	48.387	93	48	0	3	95	5	97	5.55e-28	88.6
olaTTNIg83	olaTTNAIg92/197	47.727	88	45	1	9	95	10	97	4.24e-26	83.6
olaTTNIg83	olaTTNAIg86/197	39.583	96	57	1	1	95	2	97	9.22e-26	82.8
olaTTNIg83	olaTTNAIg89/196	37.500	96	59	1	1	95	1	96	3.88e-23	76.3
olaTTNIg83	olaTTNAIg97/197	32.609	92	62	0	4	95	6	97	4.72e-18	63.2
olaTTNIg83	olaTTNAIg104/198	37.647	85	53	0	10	94	13	97	4.29e-17	60.8
olaTTNIg83	olaTTNAIg103/196	33.721	86	57	0	10	95	11	96	2.37e-16	58.9
olaTTNIg83	olaTTNAIg77/197	35.294	102	53	3	1	95	2	97	2.89e-16	58.5
olaTTNIg83	olaTTNAIg76/192	31.915	94	61	1	1	94	1	91	3.08e-16	58.5
olaTTNIg83	olaTTNAIg72/197	33.684	95	62	1	1	94	2	96	3.44e-16	58.5
olaTTNIg83	olaTTNAIg88/193	32.927	82	55	0	14	95	12	93	4.23e-16	58.2
olaTTNIg83	olaTTNAIg91/193	32.927	82	55	0	14	95	12	93	2.22e-15	56.2
olaTTNIg83	olaTTNAIg80/198	37.500	96	58	2	1	94	2	97	3.65e-15	55.8
olaTTNIg83	olaTTNAIg101/196	33.721	86	55	1	11	94	10	95	3.88e-15	55.8
olaTTNIg83	olaTTNAIg69/195	31.579	95	62	2	1	94	2	94	5.25e-15	55.5
olaTTNIg83	olaTTNAIg90/194	28.866	97	62	3	1	94	2	94	1.36e-14	54.3
olaTTNIg83	olaTTNAIg66/1103	34.783	92	54	1	10	95	12	103	1.48e-14	54.3
olaTTNIg83	olaTTNAIg74/193	33.333	87	57	1	8	94	7	92	3.19e-14	53.5
olaTTNIg83	olaTTNAIg96/194	29.885	87	59	1	8	94	9	93	5.03e-14	52.8
olaTTNIg83	olaTTNAIg78/195	28.736	87	62	0	8	94	9	95	6.25e-14	52.8
olaTTNIg83	olaTTNAIg105/194	31.868	91	60	1	4	94	5	93	9.02e-14	52.4
olaTTNIg83	olaTTNAIg65/195	28.421	95	66	2	1	94	1	94	2.41e-13	51.2
olaTTNIg83	olaTTNAIg70/195	28.736	87	62	0	9	95	9	95	2.44e-13	51.2
olaTTNIg83	olaTTNAIg87/194	30.526	95	63	2	1	94	2	94	4.56e-13	50.4
olaTTNIg83	olaTTNAIg75/195	34.375	96	59	3	1	94	1	94	5.42e-13	50.4
olaTTNIg83	olaTTNAIg94/193	29.268	82	58	0	14	95	12	93	5.47e-13	50.1
olaTTNIg83	olaTTNAIg93/194	29.474	95	64	2	1	94	1	93	7.09e-13	50.1
olaTTNIg83	olaTTNAIg67/1104	33.333	102	57	5	1	93	2	101	7.55e-13	50.1
olaTTNIg83	olaTTNAIg73/196	28.421	95	67	1	1	94	2	96	1.44e-12	49.3
olaTTNIg83	olaTTNAIg84/195	28.421	95	65	2	1	94	2	94	4.57e-12	47.8
olaTTNIg83	olaTTNAIg98/191	30.137	73	51	0	12	84	13	85	4.88e-12	47.8
olaTTNIg83	olaTTNAIg82/196	27.711	83	60	0	12	94	13	95	1.02e-11	47.0
olaTTNIg83	olaTTNAIg79/196	28.049	82	59	0	14	95	15	96	1.75e-11	46.2
olaTTNIg83	olaTTNAIg102/194	32.292	96	60	3	1	94	1	93	3.97e-11	45.4
olaTTNIg83	olaTTNAIg106/197	24.742	97	71	2	1	95	1	97	9.53e-11	44.7
olaTTNIg83	olaTTNAIg63/197	26.042	96	70	1	1	95	2	97	1.16e-10	44.3
olaTTNIg83	olaTTNAIg64/193	30.263	76	53	0	18	93	16	91	2.74e-10	43.1
olaTTNIg83	olaTTNAIg85/193	27.500	80	58	0	16	95	14	93	2.89e-10	43.1
olaTTNIg83	olaTTNAIg81/193	25.263	95	68	2	1	94	1	93	3.25e-10	43.1
olaTTNIg83	olaTTNAIg111/1101	31.646	79	53	1	17	94	22	100	3.30e-10	43.1
olaTTNIg83	olaTTNAIg100/196	22.472	89	67	1	4	92	6	92	1.71e-09	41.2
olaTTNIg83	olaTTNAIg99/1104	27.160	81	58	1	15	94	16	96	2.32e-09	40.8
olaTTNIg83	olaTTNAIg107/194	27.160	81	57	1	13	93	14	92	5.00e-09	40.0
olaTTNIg83	olaTTNAIg71/194	29.592	98	62	3	1	95	1	94	1.42e-08	38.9
olaTTNIg83	olaTTNAIg108/193	28.750	80	56	1	3	82	2	80	3.34e-07	35.0
olaTTNIg83	olaTTNAIg109/193	23.596	89	67	1	8	95	5	93	5.60e-07	34.7
olaTTNIg83	olaTTNAIg62/195	30.952	84	49	3	1	79	1	80	1.16e-06	33.9
olaTTNIg83	olaTTNAIg68/199	29.851	67	38	2	24	82	21	86	5.12e-06	32.3
olaTTNIg83	olaTTNAIg110/193	50.000	16	8	0	28	43	26	41	6.64e-04	26.6
olaTTNIg84	olaTTNAIg84/195	68.421	95	30	0	1	95	1	95	9.22e-48	138
olaTTNIg84	olaTTNAIg87/194	59.574	94	38	0	1	94	1	94	3.31e-43	127
olaTTNIg84	olaTTNAIg93/194	61.702	94	36	0	2	95	1	94	4.26e-41	121
olaTTNIg84	olaTTNAIg81/193	54.839	93	42	0	2	94	1	93	5.42e-37	111
olaTTNIg84	olaTTNAIg90/194	48.936	94	48	0	1	94	1	94	6.46e-34	103
olaTTNIg84	olaTTNAIg78/195	53.684	95	42	1	2	94	1	95	1.45e-33	102
olaTTNIg84	olaTTNAIg105/194	50.000	94	47	0	2	95	1	94	3.51e-32	99.0
olaTTNIg84	olaTTNAIg75/195	46.316	95	50	1	2	95	1	95	6.32e-28	88.2
olaTTNIg84	olaTTNAIg102/194	39.362	94	57	0	2	95	1	94	3.12e-24	79.0
olaTTNIg84	olaTTNAIg96/194	40.426	94	56	0	2	95	1	94	4.48e-24	78.6
olaTTNIg84	olaTTNAIg104/198	39.796	98	56	2	1	95	1	98	1.78e-21	72.0
olaTTNIg84	olaTTNAIg69/195	35.106	94	61	0	1	94	1	94	2.28e-21	71.6
olaTTNIg84	olaTTNAIg65/195	40.426	94	55	1	2	94	1	94	1.55e-20	69.7
olaTTNIg84	olaTTNAIg71/194	43.011	93	53	0	2	94	1	93	5.41e-20	68.2
olaTTNIg84	olaTTNAIg63/197	38.947	95	56	1	2	94	2	96	6.51e-20	68.2
olaTTNIg84	olaTTNAIg99/1104	38.542	96	56	2	3	95	2	97	1.68e-19	67.0
olaTTNIg84	olaTTNAIg107/194	35.870	92	59	0	2	93	1	92	2.23e-19	66.6
olaTTNIg84	olaTTNAIg103/196	37.234	94	57	1	2	93	1	94	2.00e-18	64.3
olaTTNIg84	olaTTNAIg74/193	34.444	90	58	1	6	94	3	92	2.65e-18	63.9
olaTTNIg84	olaTTNAIg86/197	34.375	96	61	1	1	94	1	96	2.93e-18	63.9
olaTTNIg84	olaTTNAIg77/197	32.292	96	63	1	1	94	1	96	4.01e-18	63.5
olaTTNIg84	olaTTNAIg101/196	40.404	99	51	3	2	95	1	96	1.36e-16	59.7
olaTTNIg84	olaTTNAIg94/193	33.684	95	58	2	2	94	1	92	2.60e-16	58.5
olaTTNIg84	olaTTNAIg76/192	34.831	89	56	1	8	94	3	91	4.32e-16	58.2
olaTTNIg84	olaTTNAIg73/196	34.375	96	61	1	1	94	1	96	4.80e-16	58.2
olaTTNIg84	olaTTNAIg88/193	36.585	82	50	1	15	94	11	92	6.68e-16	57.8
olaTTNIg84	olaTTNAIg91/193	38.554	83	47	2	15	94	11	92	9.87e-16	57.4
olaTTNIg84	olaTTNAIg72/197	35.789	95	59	1	2	94	2	96	1.08e-15	57.4
olaTTNIg84	olaTTNAIg106/197	33.333	96	61	1	2	94	1	96	4.15e-15	55.8
olaTTNIg84	olaTTNAIg97/197	32.292	96	63	1	1	94	1	96	5.93e-15	55.5
olaTTNIg84	olaTTNAIg95/199	35.052	97	59	2	1	94	1	96	1.08e-14	54.7
olaTTNIg84	olaTTNAIg82/196	32.632	95	62	1	2	94	1	95	1.49e-14	54.3
olaTTNIg84	olaTTNAIg67/1104	33.654	104	59	2	1	94	1	104	2.38e-14	53.9
olaTTNIg84	olaTTNAIg89/196	30.526	95	64	1	2	94	1	95	3.68e-14	53.1
olaTTNIg84	olaTTNAIg92/197	30.928	97	62	2	2	94	1	96	5.78e-13	50.1
olaTTNIg84	olaTTNAIg109/193	35.227	88	54	2	10	94	5	92	1.18e-12	49.3
olaTTNIg84	olaTTNAIg83/196	32.632	95	62	1	2	94	1	95	1.87e-12	48.9
olaTTNIg84	olaTTNAIg111/1101	33.000	100	60	4	1	94	2	100	3.63e-12	48.1
olaTTNIg84	olaTTNAIg64/193	37.838	74	44	1	22	93	18	91	1.07e-11	47.0
olaTTNIg84	olaTTNAIg79/196	28.571	84	52	2	18	93	11	94	1.43e-11	46.6
olaTTNIg84	olaTTNAIg80/198	30.928	97	64	2	1	94	1	97	2.52e-11	46.2
olaTTNIg84	olaTTNAIg70/195	30.612	98	60	4	1	94	1	94	2.09e-10	43.5
olaTTNIg84	olaTTNAIg66/1103	30.392	102	62	3	2	94	1	102	4.00e-09	40.4
olaTTNIg84	olaTTNAIg98/191	26.374	91	65	1	2	90	1	91	1.23e-08	38.9
olaTTNIg84	olaTTNAIg62/195	30.667	75	49	1	22	93	20	94	1.33e-08	38.9
olaTTNIg84	olaTTNAIg68/199	25.510	98	58	2	8	93	3	97	4.27e-08	37.7
olaTTNIg84	olaTTNAIg85/193	32.895	76	47	2	22	94	18	92	4.29e-08	37.4
olaTTNIg84	olaTTNAIg100/196	21.687	83	63	1	1	81	1	83	1.57e-07	36.2
olaTTNIg84	olaTTNAIg110/193	26.506	83	57	1	14	92	10	92	2.29e-06	33.1
olaTTNIg84	olaTTNAIg108/193	25.352	71	51	1	24	92	20	90	0.004	24.3
olaTTNIg85	olaTTNAIg85/193	54.839	93	42	0	2	94	1	93	2.36e-36	109
olaTTNIg85	olaTTNAIg94/193	47.312	93	49	0	2	94	1	93	3.42e-31	96.3
olaTTNIg85	olaTTNAIg91/193	43.011	93	53	0	2	94	1	93	4.83e-28	88.6
olaTTNIg85	olaTTNAIg88/193	41.935	93	54	0	2	94	1	93	1.45e-25	82.0
olaTTNIg85	olaTTNAIg97/197	43.678	87	49	0	8	94	11	97	1.26e-22	74.7
olaTTNIg85	olaTTNAIg100/196	31.250	80	55	0	13	92	16	95	1.47e-17	62.0
olaTTNIg85	olaTTNAIg82/196	35.714	84	54	0	10	93	12	95	1.38e-16	59.3
olaTTNIg85	olaTTNAIg64/193	34.146	82	54	0	11	92	10	91	6.96e-16	57.8
olaTTNIg85	olaTTNAIg86/197	34.177	79	52	0	16	94	19	97	7.57e-16	57.8
olaTTNIg85	olaTTNAIg73/196	34.146	82	54	0	12	93	15	96	5.37e-14	52.8
olaTTNIg85	olaTTNAIg96/194	28.571	91	63	1	3	93	5	93	8.27e-14	52.4
olaTTNIg85	olaTTNAIg90/194	34.483	87	55	1	7	93	10	94	1.17e-13	52.0
olaTTNIg85	olaTTNAIg95/199	31.818	88	60	0	7	94	10	97	2.93e-13	50.8
olaTTNIg85	olaTTNAIg103/196	30.263	76	53	0	19	94	21	96	5.60e-13	50.1
olaTTNIg85	olaTTNAIg106/197	30.000	80	55	1	16	94	18	97	1.85e-12	48.9
olaTTNIg85	olaTTNAIg77/197	28.571	84	60	0	11	94	14	97	2.88e-12	48.5
olaTTNIg85	olaTTNAIg70/195	24.706	85	64	0	10	94	11	95	5.67e-12	47.8
olaTTNIg85	olaTTNAIg75/195	40.299	67	39	1	27	93	29	94	1.42e-11	46.6
olaTTNIg85	olaTTNAIg81/193	36.620	71	43	1	23	93	25	93	1.56e-11	46.6
olaTTNIg85	olaTTNAIg63/197	28.409	88	63	0	7	94	10	97	2.01e-11	46.2
olaTTNIg85	olaTTNAIg107/194	29.268	82	56	1	11	92	13	92	4.88e-11	45.1
olaTTNIg85	olaTTNAIg104/198	26.667	90	66	0	4	93	8	97	7.29e-11	44.7
olaTTNIg85	olaTTNAIg98/191	27.778	90	62	1	3	92	5	91	7.60e-11	44.7
olaTTNIg85	olaTTNAIg92/197	28.090	89	62	2	8	94	9	97	8.04e-11	44.7
olaTTNIg85	olaTTNAIg74/193	27.381	84	60	1	10	93	10	92	1.61e-10	43.9
olaTTNIg85	olaTTNAIg99/1104	27.778	72	52	0	11	82	13	84	2.30e-10	43.5
olaTTNIg85	olaTTNAIg72/197	28.947	76	52	1	20	93	21	96	3.76e-10	43.1
olaTTNIg85	olaTTNAIg83/196	26.829	82	60	0	13	94	15	96	5.65e-10	42.4
olaTTNIg85	olaTTNAIg89/196	27.907	86	62	0	9	94	11	96	7.62e-10	42.0
olaTTNIg85	olaTTNAIg101/196	26.190	84	60	1	12	93	12	95	1.17e-09	41.6
olaTTNIg85	olaTTNAIg93/194	31.343	67	44	1	27	93	29	93	2.59e-09	40.8
olaTTNIg85	olaTTNAIg65/195	27.907	86	59	2	9	93	11	94	4.08e-09	40.0
olaTTNIg85	olaTTNAIg76/192	23.864	88	67	0	6	93	4	91	6.87e-09	39.7
olaTTNIg85	olaTTNAIg109/193	27.160	81	58	1	15	94	13	93	8.65e-09	39.3
olaTTNIg85	olaTTNAIg71/194	25.926	81	58	1	14	94	16	94	1.17e-08	38.9
olaTTNIg85	olaTTNAIg84/195	28.947	76	50	2	19	93	22	94	1.77e-08	38.5
olaTTNIg85	olaTTNAIg102/194	27.586	87	57	3	9	93	11	93	2.81e-08	38.1
olaTTNIg85	olaTTNAIg78/195	22.989	87	67	0	7	93	9	95	3.93e-08	37.7
olaTTNIg85	olaTTNAIg80/198	31.343	67	46	0	27	93	31	97	6.51e-08	37.0
olaTTNIg85	olaTTNAIg66/1103	27.368	95	61	2	8	94	9	103	7.92e-08	37.0
olaTTNIg85	olaTTNAIg111/1101	26.582	79	57	1	16	93	22	100	1.12e-07	36.6
olaTTNIg85	olaTTNAIg87/194	29.333	75	51	1	19	93	22	94	1.97e-07	35.8
olaTTNIg85	olaTTNAIg108/193	27.160	81	59	0	2	82	1	81	4.19e-07	35.0
olaTTNIg85	olaTTNAIg67/1104	21.875	96	67	2	6	93	9	104	4.46e-07	35.0
olaTTNIg85	olaTTNAIg105/194	21.978	91	69	1	3	93	5	93	2.06e-06	33.1
olaTTNIg85	olaTTNAIg79/196	25.758	66	49	0	16	81	18	83	5.43e-06	32.0
olaTTNIg85	olaTTNAIg62/195	23.750	80	56	2	13	87	14	93	5.05e-05	29.3
olaTTNIg85	olaTTNAIg69/195	26.866	67	47	1	27	93	30	94	4.74e-04	26.9
olaTTNIg85	olaTTNAIg110/193	21.739	92	70	2	2	91	1	92	0.009	23.1
olaTTNIg86	olaTTNAIg89/196	51.042	96	47	0	2	97	1	96	1.25e-34	105
olaTTNIg86	olaTTNAIg86/197	49.485	97	49	0	1	97	1	97	3.99e-34	103
olaTTNIg86	olaTTNAIg92/197	44.330	97	53	1	2	97	1	97	2.99e-25	81.6
olaTTNIg86	olaTTNAIg83/196	40.625	96	57	0	2	97	1	96	6.26e-24	78.2
olaTTNIg86	olaTTNAIg104/198	39.394	99	55	3	1	96	1	97	4.16e-20	68.6
olaTTNIg86	olaTTNAIg95/199	37.113	97	61	0	1	97	1	97	2.96e-18	63.9
olaTTNIg86	olaTTNAIg84/195	29.897	97	64	2	1	96	1	94	3.88e-17	60.8
olaTTNIg86	olaTTNAIg103/196	34.884	86	56	0	12	97	11	96	4.29e-17	60.8
olaTTNIg86	olaTTNAIg81/193	32.632	95	62	1	2	96	1	93	5.90e-17	60.5
olaTTNIg86	olaTTNAIg96/194	33.684	95	61	1	2	96	1	93	1.12e-16	59.7
olaTTNIg86	olaTTNAIg82/196	34.737	95	62	0	2	96	1	95	2.30e-16	58.9
olaTTNIg86	olaTTNAIg75/195	32.292	96	62	2	2	96	1	94	2.32e-16	58.9
olaTTNIg86	olaTTNAIg97/197	31.959	97	66	0	1	97	1	97	7.28e-16	57.8
olaTTNIg86	olaTTNAIg90/194	33.333	96	62	1	1	96	1	94	1.58e-15	57.0
olaTTNIg86	olaTTNAIg100/196	34.737	95	62	0	1	95	1	95	2.24e-15	56.6
olaTTNIg86	olaTTNAIg87/194	31.250	96	64	1	1	96	1	94	2.77e-15	56.2
olaTTNIg86	olaTTNAIg67/1104	30.769	104	64	2	1	96	1	104	3.34e-15	56.2
olaTTNIg86	olaTTNAIg80/198	38.144	97	59	1	1	96	1	97	5.06e-15	55.5
olaTTNIg86	olaTTNAIg102/194	32.632	95	62	1	2	96	1	93	8.93e-15	55.1
olaTTNIg86	olaTTNAIg88/193	33.333	93	61	1	5	97	2	93	9.41e-15	54.7
olaTTNIg86	olaTTNAIg69/195	34.375	96	61	1	1	96	1	94	1.05e-14	54.7
olaTTNIg86	olaTTNAIg85/193	34.884	86	56	0	12	97	8	93	1.14e-14	54.7
olaTTNIg86	olaTTNAIg71/194	29.167	96	66	1	2	97	1	94	1.52e-14	54.3
olaTTNIg86	olaTTNAIg65/195	33.673	98	58	2	2	96	1	94	3.97e-14	53.1
olaTTNIg86	olaTTNAIg63/197	29.167	96	68	0	2	97	2	97	6.91e-14	52.8
olaTTNIg86	olaTTNAIg72/197	32.292	96	63	2	2	96	2	96	1.29e-13	52.0
olaTTNIg86	olaTTNAIg77/197	32.323	99	63	2	1	97	1	97	1.44e-13	52.0
olaTTNIg86	olaTTNAIg73/196	32.292	96	65	0	1	96	1	96	1.80e-13	51.6
olaTTNIg86	olaTTNAIg93/194	28.866	97	63	2	2	96	1	93	4.13e-13	50.4
olaTTNIg86	olaTTNAIg78/195	26.316	95	70	0	2	96	1	95	1.97e-12	48.9
olaTTNIg86	olaTTNAIg70/195	24.742	97	71	1	1	97	1	95	2.84e-12	48.5
olaTTNIg86	olaTTNAIg94/193	31.765	85	58	0	13	97	9	93	3.17e-12	48.1
olaTTNIg86	olaTTNAIg101/196	30.928	97	63	2	2	96	1	95	6.10e-12	47.8
olaTTNIg86	olaTTNAIg79/196	25.000	96	72	0	2	97	1	96	7.81e-12	47.4
olaTTNIg86	olaTTNAIg91/193	27.059	85	62	0	13	97	9	93	8.52e-12	47.4
olaTTNIg86	olaTTNAIg107/194	29.787	94	64	1	2	95	1	92	1.09e-11	47.0
olaTTNIg86	olaTTNAIg105/194	27.368	95	67	1	2	96	1	93	2.15e-11	46.2
olaTTNIg86	olaTTNAIg74/193	27.473	91	65	1	6	96	3	92	3.75e-11	45.4
olaTTNIg86	olaTTNAIg99/1104	25.532	94	69	1	4	96	3	96	1.94e-10	43.9
olaTTNIg86	olaTTNAIg98/191	30.120	83	58	0	2	84	1	83	2.98e-10	43.1
olaTTNIg86	olaTTNAIg111/1101	30.928	97	62	3	1	92	2	98	5.97e-10	42.7
olaTTNIg86	olaTTNAIg76/192	27.711	83	60	0	14	96	9	91	3.16e-09	40.4
olaTTNIg86	olaTTNAIg106/197	24.742	97	72	1	2	97	1	97	4.61e-09	40.0
olaTTNIg86	olaTTNAIg109/193	28.395	81	57	1	18	97	13	93	9.62e-09	39.3
olaTTNIg86	olaTTNAIg66/1103	29.670	91	58	1	13	97	13	103	1.77e-08	38.9
olaTTNIg86	olaTTNAIg108/193	25.974	77	57	0	9	85	5	81	4.18e-06	32.3
olaTTNIg86	olaTTNAIg64/193	27.907	86	60	1	12	95	6	91	1.87e-04	28.1
olaTTNIg86	olaTTNAIg64/193	60.000	10	4	0	3	12	46	55	3.3	16.2
olaTTNIg86	olaTTNAIg68/199	25.000	84	52	2	21	95	16	97	2.80e-04	27.7
olaTTNIg86	olaTTNAIg62/195	28.571	63	40	2	22	81	20	80	0.003	25.0
olaTTNIg86	olaTTNAIg110/193	26.761	71	46	3	28	94	24	92	0.013	23.1
olaTTNIg87	olaTTNAIg87/194	53.763	93	43	0	1	93	2	94	4.46e-40	119
olaTTNIg87	olaTTNAIg93/194	51.064	94	46	0	1	94	1	94	2.99e-35	106
olaTTNIg87	olaTTNAIg105/194	50.000	94	47	0	1	94	1	94	1.15e-34	105
olaTTNIg87	olaTTNAIg84/195	48.936	94	48	0	1	94	2	95	2.86e-33	101
olaTTNIg87	olaTTNAIg90/194	47.312	93	49	0	1	93	2	94	3.16e-32	99.0
olaTTNIg87	olaTTNAIg81/193	45.161	93	51	0	1	93	1	93	7.63e-32	98.2
olaTTNIg87	olaTTNAIg78/195	45.263	95	50	1	1	93	1	95	8.35e-28	87.8
olaTTNIg87	olaTTNAIg96/194	39.362	94	57	0	1	94	1	94	1.06e-23	77.4
olaTTNIg87	olaTTNAIg75/195	37.895	95	58	1	1	94	1	95	2.49e-23	76.6
olaTTNIg87	olaTTNAIg69/195	36.170	94	60	0	1	94	2	95	1.62e-22	74.7
olaTTNIg87	olaTTNAIg102/194	38.298	94	58	0	1	94	1	94	1.37e-21	72.0
olaTTNIg87	olaTTNAIg103/196	36.170	94	58	1	1	92	1	94	1.13e-20	69.7
olaTTNIg87	olaTTNAIg107/194	33.696	92	61	0	1	92	1	92	5.39e-20	68.2
olaTTNIg87	olaTTNAIg71/194	37.634	93	58	0	1	93	1	93	2.22e-19	66.6
olaTTNIg87	olaTTNAIg73/196	35.789	95	59	1	1	93	2	96	3.69e-19	65.9
olaTTNIg87	olaTTNAIg65/195	37.234	94	58	1	1	93	1	94	4.93e-19	65.9
olaTTNIg87	olaTTNAIg74/193	37.363	91	54	2	5	93	3	92	7.91e-19	65.1
olaTTNIg87	olaTTNAIg86/197	35.789	95	59	2	1	93	2	96	8.74e-19	65.1
olaTTNIg87	olaTTNAIg63/197	35.789	95	59	1	1	93	2	96	1.39e-18	64.7
olaTTNIg87	olaTTNAIg101/196	39.796	98	53	2	1	94	1	96	1.75e-18	64.3
olaTTNIg87	olaTTNAIg106/197	34.375	96	60	1	1	93	1	96	2.56e-18	63.9
olaTTNIg87	olaTTNAIg88/193	43.902	82	44	1	14	93	11	92	1.61e-17	61.6
olaTTNIg87	olaTTNAIg94/193	41.463	82	46	1	14	93	11	92	2.00e-17	61.6
olaTTNIg87	olaTTNAIg77/197	31.579	95	63	1	1	93	2	96	2.46e-17	61.2
olaTTNIg87	olaTTNAIg91/193	35.366	82	51	1	14	93	11	92	8.67e-17	60.1
olaTTNIg87	olaTTNAIg111/1101	41.667	84	46	2	13	93	17	100	9.31e-17	60.1
olaTTNIg87	olaTTNAIg83/196	33.684	95	61	1	1	93	1	95	2.79e-16	58.5
olaTTNIg87	olaTTNAIg82/196	30.526	95	64	1	1	93	1	95	3.24e-16	58.5
olaTTNIg87	olaTTNAIg99/1104	31.707	82	54	1	2	81	2	83	3.91e-16	58.2
olaTTNIg87	olaTTNAIg72/197	31.579	95	63	1	1	93	2	96	7.41e-16	57.8
olaTTNIg87	olaTTNAIg109/193	42.105	76	41	2	9	81	5	80	8.46e-16	57.4
olaTTNIg87	olaTTNAIg104/198	34.021	97	61	2	1	94	2	98	8.54e-16	57.4
olaTTNIg87	olaTTNAIg97/197	30.526	95	64	1	1	93	2	96	1.04e-15	57.4
olaTTNIg87	olaTTNAIg89/196	32.632	95	62	1	1	93	1	95	3.92e-15	55.8
olaTTNIg87	olaTTNAIg79/196	30.851	94	63	1	1	92	1	94	7.59e-15	55.1
olaTTNIg87	olaTTNAIg95/199	33.684	95	61	1	1	93	2	96	7.87e-15	55.1
olaTTNIg87	olaTTNAIg67/1104	36.893	103	55	2	1	93	2	104	9.09e-15	55.1
olaTTNIg87	olaTTNAIg76/192	33.333	87	56	1	9	93	5	91	1.08e-14	54.7
olaTTNIg87	olaTTNAIg80/198	36.458	96	58	2	1	93	2	97	1.47e-14	54.3
olaTTNIg87	olaTTNAIg98/191	34.409	93	57	2	1	91	1	91	2.48e-14	53.5
olaTTNIg87	olaTTNAIg100/196	31.579	76	49	2	13	86	14	88	2.84e-13	50.8
olaTTNIg87	olaTTNAIg64/193	37.838	74	44	1	21	92	18	91	9.70e-13	49.7
olaTTNIg87	olaTTNAIg70/195	30.208	96	61	3	1	93	2	94	2.25e-12	48.5
olaTTNIg87	olaTTNAIg92/197	27.083	96	67	1	1	93	1	96	4.09e-11	45.4
olaTTNIg87	olaTTNAIg66/1103	34.667	75	41	2	27	93	28	102	1.81e-10	43.9
olaTTNIg87	olaTTNAIg85/193	34.177	79	50	1	17	93	14	92	1.87e-10	43.5
olaTTNIg87	olaTTNAIg62/195	34.667	75	46	1	21	92	20	94	2.71e-10	43.1
olaTTNIg87	olaTTNAIg108/193	36.620	71	43	1	13	81	10	80	2.27e-07	35.4
olaTTNIg87	olaTTNAIg110/193	28.571	77	51	2	13	85	10	86	1.81e-06	33.1
olaTTNIg87	olaTTNAIg68/199	26.829	82	51	2	9	81	5	86	2.38e-06	33.1
olaTTNIg88	olaTTNAIg88/193	52.688	93	44	0	1	93	1	93	1.80e-35	107
olaTTNIg88	olaTTNAIg91/193	44.086	93	52	0	1	93	1	93	3.62e-28	88.6
olaTTNIg88	olaTTNAIg94/193	40.860	93	55	0	1	93	1	93	2.23e-26	84.3
olaTTNIg88	olaTTNAIg85/193	44.086	93	52	0	1	93	1	93	2.27e-24	79.0
olaTTNIg88	olaTTNAIg82/196	34.783	92	59	1	2	92	4	95	1.90e-18	64.3
olaTTNIg88	olaTTNAIg97/197	33.708	89	57	1	7	93	9	97	7.10e-17	60.1
olaTTNIg88	olaTTNAIg106/197	40.476	84	49	1	11	93	14	97	7.83e-17	60.1
olaTTNIg88	olaTTNAIg103/196	38.667	75	46	0	19	93	22	96	2.41e-16	58.9
olaTTNIg88	olaTTNAIg77/197	35.897	78	50	0	16	93	20	97	1.43e-15	57.0
olaTTNIg88	olaTTNAIg70/195	36.765	68	43	0	26	93	28	95	3.11e-15	55.8
olaTTNIg88	olaTTNAIg86/197	32.258	93	62	1	2	93	5	97	6.31e-15	55.1
olaTTNIg88	olaTTNAIg63/197	33.333	87	58	0	7	93	11	97	9.52e-15	54.7
olaTTNIg88	olaTTNAIg83/196	31.183	93	63	1	2	93	4	96	3.60e-14	53.1
olaTTNIg88	olaTTNAIg81/193	39.506	81	47	1	12	92	15	93	1.01e-13	52.0
olaTTNIg88	olaTTNAIg100/196	27.160	81	59	0	11	91	15	95	1.14e-13	52.0
olaTTNIg88	olaTTNAIg107/194	35.227	88	55	1	4	91	7	92	2.38e-13	51.2
olaTTNIg88	olaTTNAIg111/1101	32.941	85	54	2	11	92	16	100	4.05e-13	50.8
olaTTNIg88	olaTTNAIg66/1103	30.526	95	58	2	7	93	9	103	1.60e-12	49.3
olaTTNIg88	olaTTNAIg99/1104	33.766	77	51	0	5	81	8	84	2.35e-12	48.5
olaTTNIg88	olaTTNAIg78/195	38.028	71	44	0	22	92	25	95	3.81e-12	48.1
olaTTNIg88	olaTTNAIg92/197	33.735	83	54	1	12	93	15	97	5.43e-12	47.8
olaTTNIg88	olaTTNAIg84/195	38.889	72	40	2	22	92	26	94	6.25e-12	47.4
olaTTNIg88	olaTTNAIg95/199	33.333	78	52	0	16	93	20	97	1.15e-11	47.0
olaTTNIg88	olaTTNAIg73/196	35.366	82	53	0	11	92	15	96	1.91e-11	46.2
olaTTNIg88	olaTTNAIg64/193	27.632	76	55	0	16	91	16	91	2.71e-11	45.8
olaTTNIg88	olaTTNAIg76/192	28.767	73	52	0	20	92	19	91	4.30e-11	45.1
olaTTNIg88	olaTTNAIg104/198	28.049	82	59	0	11	92	16	97	4.46e-11	45.4
olaTTNIg88	olaTTNAIg79/196	31.081	74	51	0	20	93	23	96	6.72e-11	44.7
olaTTNIg88	olaTTNAIg105/194	36.620	71	43	1	22	92	25	93	7.50e-11	44.7
olaTTNIg88	olaTTNAIg65/195	35.714	84	49	3	12	92	13	94	1.09e-10	44.3
olaTTNIg88	olaTTNAIg89/196	26.829	82	60	0	12	93	15	96	1.69e-10	43.9
olaTTNIg88	olaTTNAIg101/196	30.380	79	53	1	16	92	17	95	2.28e-10	43.5
olaTTNIg88	olaTTNAIg80/198	39.130	69	42	0	24	92	29	97	3.48e-10	43.1
olaTTNIg88	olaTTNAIg80/198	50.000	14	7	0	68	81	19	32	5.2	15.4
olaTTNIg88	olaTTNAIg87/194	32.394	71	46	1	22	92	26	94	4.08e-10	42.7
olaTTNIg88	olaTTNAIg71/194	33.766	77	49	1	17	93	20	94	4.74e-10	42.7
olaTTNIg88	olaTTNAIg102/194	29.474	95	62	2	1	92	1	93	7.51e-10	42.0
olaTTNIg88	olaTTNAIg68/199	26.829	82	53	1	17	91	16	97	1.29e-09	41.6
olaTTNIg88	olaTTNAIg108/193	25.882	85	63	0	1	85	1	85	2.47e-09	40.8
olaTTNIg88	olaTTNAIg93/194	35.211	71	44	1	22	92	25	93	2.51e-09	40.8
olaTTNIg88	olaTTNAIg67/1104	31.868	91	52	3	12	92	14	104	2.59e-09	40.8
olaTTNIg88	olaTTNAIg96/194	27.632	76	53	1	17	92	20	93	2.62e-09	40.8
olaTTNIg88	olaTTNAIg75/195	30.435	69	47	1	24	92	27	94	3.88e-09	40.0
olaTTNIg88	olaTTNAIg98/191	28.125	64	46	0	17	80	20	83	3.96e-09	40.0
olaTTNIg88	olaTTNAIg90/194	28.395	81	56	1	12	92	16	94	4.24e-09	40.0
olaTTNIg88	olaTTNAIg69/195	28.395	81	56	1	12	92	16	94	9.00e-09	39.3
olaTTNIg88	olaTTNAIg74/193	30.000	70	48	1	11	80	12	80	1.54e-08	38.5
olaTTNIg88	olaTTNAIg72/197	28.358	67	48	0	26	92	30	96	9.61e-08	36.6
olaTTNIg88	olaTTNAIg109/193	25.556	90	66	1	5	93	4	93	9.68e-08	36.6
olaTTNIg88	olaTTNAIg62/195	25.316	79	58	1	11	88	13	91	2.71e-05	30.0
olaTTNIg88	olaTTNAIg110/193	26.829	82	58	2	1	80	1	82	2.19e-04	27.7
olaTTNIg89	olaTTNAIg89/196	56.250	96	42	0	1	96	1	96	1.66e-39	117
olaTTNIg89	olaTTNAIg86/197	39.583	96	58	0	1	96	2	97	1.35e-28	90.1
olaTTNIg89	olaTTNAIg83/196	38.542	96	59	0	1	96	1	96	3.15e-27	86.7
olaTTNIg89	olaTTNAIg92/197	38.144	97	59	1	1	96	1	97	1.20e-23	77.4
olaTTNIg89	olaTTNAIg95/199	38.636	88	54	0	9	96	10	97	1.72e-20	69.7
olaTTNIg89	olaTTNAIg103/196	35.417	96	62	0	1	96	1	96	1.01e-19	67.4
olaTTNIg89	olaTTNAIg88/193	32.292	96	58	1	1	96	5	93	3.22e-19	66.2
olaTTNIg89	olaTTNAIg104/198	39.583	96	57	1	1	95	2	97	3.57e-19	66.2
olaTTNIg89	olaTTNAIg87/194	36.842	95	58	1	1	95	2	94	3.07e-18	63.5
olaTTNIg89	olaTTNAIg91/193	33.333	87	54	2	12	96	9	93	1.40e-16	59.3
olaTTNIg89	olaTTNAIg75/195	31.250	96	63	2	1	95	1	94	2.06e-16	58.9
olaTTNIg89	olaTTNAIg65/195	31.579	95	64	1	1	95	1	94	3.28e-16	58.5
olaTTNIg89	olaTTNAIg63/197	28.125	96	69	0	1	96	2	97	7.93e-16	57.8
olaTTNIg89	olaTTNAIg94/193	29.412	85	60	0	12	96	9	93	1.14e-15	57.0
olaTTNIg89	olaTTNAIg90/194	33.684	95	61	1	1	95	2	94	1.36e-15	57.0
olaTTNIg89	olaTTNAIg97/197	31.765	85	58	0	12	96	13	97	1.42e-15	57.0
olaTTNIg89	olaTTNAIg85/193	34.118	85	56	0	12	96	9	93	1.85e-15	56.6
olaTTNIg89	olaTTNAIg71/194	31.250	96	64	1	1	96	1	94	7.03e-15	55.1
olaTTNIg89	olaTTNAIg96/194	31.765	85	56	1	11	95	11	93	7.26e-15	55.1
olaTTNIg89	olaTTNAIg69/195	33.684	95	61	1	1	95	2	94	8.84e-15	55.1
olaTTNIg89	olaTTNAIg81/193	28.421	95	66	1	1	95	1	93	9.01e-15	54.7
olaTTNIg89	olaTTNAIg74/193	32.967	91	60	1	5	95	3	92	1.13e-14	54.7
olaTTNIg89	olaTTNAIg73/196	29.474	95	67	0	1	95	2	96	1.95e-14	53.9
olaTTNIg89	olaTTNAIg107/194	28.723	94	65	1	1	94	1	92	2.44e-14	53.9
olaTTNIg89	olaTTNAIg102/194	31.579	95	63	1	1	95	1	93	2.66e-14	53.5
olaTTNIg89	olaTTNAIg72/197	33.673	98	59	3	1	95	2	96	4.34e-14	53.1
olaTTNIg89	olaTTNAIg93/194	31.959	97	60	2	1	95	1	93	4.93e-14	52.8
olaTTNIg89	olaTTNAIg76/192	31.325	83	57	0	13	95	9	91	7.03e-14	52.4
olaTTNIg89	olaTTNAIg78/195	26.316	95	70	0	1	95	1	95	8.84e-14	52.4
olaTTNIg89	olaTTNAIg82/196	33.333	87	58	0	9	95	9	95	1.28e-13	52.0
olaTTNIg89	olaTTNAIg100/196	27.500	80	58	0	1	80	2	81	6.10e-13	50.1
olaTTNIg89	olaTTNAIg106/197	25.773	97	71	1	1	96	1	97	1.44e-12	49.3
olaTTNIg89	olaTTNAIg99/1104	28.571	84	60	0	5	88	5	88	1.51e-12	49.3
olaTTNIg89	olaTTNAIg77/197	29.167	96	68	0	1	96	2	97	1.73e-12	48.9
olaTTNIg89	olaTTNAIg109/193	25.806	93	66	2	7	96	1	93	6.74e-12	47.4
olaTTNIg89	olaTTNAIg101/196	27.586	87	61	1	11	95	9	95	1.25e-11	47.0
olaTTNIg89	olaTTNAIg66/1103	30.769	91	57	1	12	96	13	103	1.53e-11	46.6
olaTTNIg89	olaTTNAIg84/195	27.368	95	67	1	1	95	2	94	2.32e-11	46.2
olaTTNIg89	olaTTNAIg80/198	32.292	96	64	1	1	95	2	97	2.68e-11	45.8
olaTTNIg89	olaTTNAIg67/1104	30.769	91	55	2	13	95	14	104	3.15e-11	45.8
olaTTNIg89	olaTTNAIg79/196	24.706	85	64	0	12	96	12	96	3.67e-11	45.4
olaTTNIg89	olaTTNAIg105/194	28.421	95	66	1	1	95	1	93	4.86e-11	45.1
olaTTNIg89	olaTTNAIg98/191	22.619	84	65	0	1	84	1	84	9.38e-11	44.3
olaTTNIg89	olaTTNAIg62/195	29.487	78	54	1	8	84	7	84	5.52e-10	42.4
olaTTNIg89	olaTTNAIg70/195	23.656	93	71	0	4	96	3	95	6.14e-10	42.4
olaTTNIg89	olaTTNAIg108/193	27.778	72	50	2	13	83	10	80	1.68e-09	41.2
olaTTNIg89	olaTTNAIg111/1101	29.114	79	55	1	18	95	22	100	4.87e-09	40.0
olaTTNIg89	olaTTNAIg68/199	32.911	79	46	2	23	94	19	97	3.83e-08	37.7
olaTTNIg89	olaTTNAIg64/193	26.316	76	56	0	19	94	16	91	3.73e-07	35.0
olaTTNIg89	olaTTNAIg110/193	25.333	75	52	3	12	84	11	83	1.46e-04	28.1
olaTTNIg90	olaTTNAIg90/194	63.830	94	34	0	1	94	1	94	1.04e-43	128
olaTTNIg90	olaTTNAIg87/194	46.809	94	50	0	1	94	1	94	2.27e-32	99.4
olaTTNIg90	olaTTNAIg84/195	47.368	95	50	0	1	95	1	95	5.07e-32	98.6
olaTTNIg90	olaTTNAIg81/193	43.011	93	53	0	2	94	1	93	4.36e-28	88.6
olaTTNIg90	olaTTNAIg93/194	40.426	94	56	0	2	95	1	94	1.44e-27	87.4
olaTTNIg90	olaTTNAIg96/194	37.234	94	59	0	2	95	1	94	4.72e-25	80.9
olaTTNIg90	olaTTNAIg78/195	41.053	95	54	2	2	94	1	95	9.24e-25	80.1
olaTTNIg90	olaTTNAIg75/195	41.053	95	55	1	2	95	1	95	4.08e-24	78.6
olaTTNIg90	olaTTNAIg102/194	41.489	94	55	0	2	95	1	94	5.22e-23	75.9
olaTTNIg90	olaTTNAIg105/194	36.170	94	60	0	2	95	1	94	2.51e-22	73.9
olaTTNIg90	olaTTNAIg69/195	36.842	95	60	0	1	95	1	95	2.38e-21	71.6
olaTTNIg90	olaTTNAIg107/194	32.609	92	62	0	2	93	1	92	1.79e-19	66.6
olaTTNIg90	olaTTNAIg104/198	38.776	98	57	2	1	95	1	98	2.87e-19	66.2
olaTTNIg90	olaTTNAIg65/195	36.170	94	59	1	2	94	1	94	2.27e-17	61.6
olaTTNIg90	olaTTNAIg95/199	37.500	96	58	1	1	94	1	96	2.34e-17	61.6
olaTTNIg90	olaTTNAIg86/197	36.458	96	59	2	1	94	1	96	5.09e-17	60.5
olaTTNIg90	olaTTNAIg73/196	35.417	96	60	1	1	94	1	96	5.14e-17	60.5
olaTTNIg90	olaTTNAIg71/194	30.108	93	65	0	2	94	1	93	7.32e-17	60.1
olaTTNIg90	olaTTNAIg74/193	32.927	82	54	1	14	94	11	92	8.14e-17	60.1
olaTTNIg90	olaTTNAIg109/193	32.955	88	56	2	10	94	5	92	1.28e-16	59.3
olaTTNIg90	olaTTNAIg94/193	36.842	95	55	2	2	94	1	92	1.53e-16	59.3
olaTTNIg90	olaTTNAIg72/197	35.789	95	59	2	2	94	2	96	2.83e-16	58.5
olaTTNIg90	olaTTNAIg82/196	33.684	95	61	1	2	94	1	95	3.91e-16	58.2
olaTTNIg90	olaTTNAIg92/197	33.333	96	61	1	2	94	1	96	1.48e-15	57.0
olaTTNIg90	olaTTNAIg101/196	33.721	86	53	1	14	95	11	96	2.01e-15	56.6
olaTTNIg90	olaTTNAIg63/197	30.526	95	64	1	2	94	2	96	2.01e-15	56.6
olaTTNIg90	olaTTNAIg103/196	32.979	94	61	1	2	93	1	94	4.19e-15	55.8
olaTTNIg90	olaTTNAIg97/197	31.633	98	61	2	1	94	1	96	9.65e-15	54.7
olaTTNIg90	olaTTNAIg77/197	31.000	100	59	2	1	94	1	96	2.70e-14	53.5
olaTTNIg90	olaTTNAIg100/196	33.735	83	53	1	1	81	1	83	3.24e-14	53.5
olaTTNIg90	olaTTNAIg88/193	34.146	82	52	1	15	94	11	92	4.05e-14	53.1
olaTTNIg90	olaTTNAIg91/193	32.927	82	53	1	15	94	11	92	1.13e-13	52.0
olaTTNIg90	olaTTNAIg99/1104	36.585	82	49	2	17	95	16	97	1.88e-13	51.6
olaTTNIg90	olaTTNAIg106/197	31.250	96	63	1	2	94	1	96	1.99e-13	51.6
olaTTNIg90	olaTTNAIg64/193	37.838	74	44	1	22	93	18	91	2.26e-13	51.2
olaTTNIg90	olaTTNAIg111/1101	35.000	100	58	4	1	94	2	100	7.89e-13	50.1
olaTTNIg90	olaTTNAIg79/196	32.530	83	54	1	2	82	1	83	1.19e-12	49.3
olaTTNIg90	olaTTNAIg80/198	29.897	97	65	2	1	94	1	97	2.27e-12	48.9
olaTTNIg90	olaTTNAIg83/196	30.526	95	64	2	2	94	1	95	3.04e-12	48.5
olaTTNIg90	olaTTNAIg62/195	32.584	89	57	1	8	93	6	94	4.88e-12	47.8
olaTTNIg90	olaTTNAIg66/1103	34.314	102	58	3	2	94	1	102	1.03e-11	47.0
olaTTNIg90	olaTTNAIg76/192	32.632	95	58	3	2	94	1	91	2.59e-11	45.8
olaTTNIg90	olaTTNAIg98/191	29.412	85	58	1	2	84	1	85	3.90e-11	45.4
olaTTNIg90	olaTTNAIg85/193	33.333	87	56	1	10	94	6	92	4.24e-11	45.4
olaTTNIg90	olaTTNAIg89/196	30.526	95	64	1	2	94	1	95	4.55e-10	42.7
olaTTNIg90	olaTTNAIg70/195	25.000	96	68	2	1	94	1	94	5.02e-10	42.7
olaTTNIg90	olaTTNAIg67/1104	28.846	104	64	1	1	94	1	104	5.40e-10	42.7
olaTTNIg90	olaTTNAIg110/193	27.473	91	61	2	6	92	3	92	7.52e-08	37.0
olaTTNIg90	olaTTNAIg68/199	27.835	97	55	2	9	93	4	97	2.20e-06	33.1
olaTTNIg90	olaTTNAIg108/193	30.986	71	47	1	14	82	10	80	1.36e-05	30.8
olaTTNIg91	olaTTNAIg91/193	53.763	93	43	0	1	93	1	93	3.90e-38	114
olaTTNIg91	olaTTNAIg94/193	47.312	93	49	0	1	93	1	93	4.60e-33	101
olaTTNIg91	olaTTNAIg85/193	44.086	93	52	0	1	93	1	93	6.60e-28	88.2
olaTTNIg91	olaTTNAIg88/193	39.785	93	56	0	1	93	1	93	1.19e-25	82.4
olaTTNIg91	olaTTNAIg82/196	44.048	84	47	0	9	92	12	95	4.78e-22	73.2
olaTTNIg91	olaTTNAIg97/197	40.625	96	54	1	1	93	2	97	1.08e-20	70.1
olaTTNIg91	olaTTNAIg86/197	32.292	96	62	2	1	93	2	97	2.15e-16	58.9
olaTTNIg91	olaTTNAIg77/197	29.167	96	65	1	1	93	2	97	9.84e-15	54.7
olaTTNIg91	olaTTNAIg76/192	30.435	92	63	1	1	92	1	91	1.24e-14	54.3
olaTTNIg91	olaTTNAIg106/197	34.940	83	53	1	12	93	15	97	1.67e-14	54.3
olaTTNIg91	olaTTNAIg103/196	34.783	92	58	1	2	93	7	96	5.20e-14	52.8
olaTTNIg91	olaTTNAIg100/196	28.788	66	47	0	12	77	16	81	4.32e-13	50.4
olaTTNIg91	olaTTNAIg99/1104	33.803	71	47	0	10	80	13	83	4.86e-13	50.4
olaTTNIg91	olaTTNAIg95/199	30.208	96	64	1	1	93	2	97	4.97e-13	50.4
olaTTNIg91	olaTTNAIg70/195	26.596	94	68	1	1	93	2	95	7.33e-13	49.7
olaTTNIg91	olaTTNAIg87/194	34.568	81	51	1	12	92	16	94	1.13e-12	49.3
olaTTNIg91	olaTTNAIg63/197	35.000	80	52	0	14	93	18	97	1.33e-12	49.3
olaTTNIg91	olaTTNAIg64/193	24.176	91	69	0	1	91	1	91	1.49e-12	48.9
olaTTNIg91	olaTTNAIg71/194	35.366	82	51	1	12	93	15	94	1.75e-12	48.9
olaTTNIg91	olaTTNAIg98/191	29.851	67	47	0	14	80	17	83	1.95e-12	48.5
olaTTNIg91	olaTTNAIg83/196	31.707	82	56	0	12	93	15	96	2.73e-12	48.5
olaTTNIg91	olaTTNAIg109/193	32.941	85	56	1	10	93	9	93	3.39e-12	48.1
olaTTNIg91	olaTTNAIg104/198	30.337	89	62	0	4	92	9	97	3.49e-12	48.1
olaTTNIg91	olaTTNAIg74/193	32.258	93	61	2	1	92	1	92	3.98e-12	47.8
olaTTNIg91	olaTTNAIg96/194	33.708	89	57	1	4	92	7	93	4.68e-12	47.8
olaTTNIg91	olaTTNAIg81/193	34.524	84	53	1	9	92	12	93	6.82e-12	47.4
olaTTNIg91	olaTTNAIg89/196	30.233	86	60	0	8	93	11	96	7.42e-12	47.4
olaTTNIg91	olaTTNAIg107/194	33.803	71	45	1	10	80	13	81	4.68e-11	45.1
olaTTNIg91	olaTTNAIg75/195	32.927	82	54	1	11	92	14	94	6.38e-11	44.7
olaTTNIg91	olaTTNAIg90/194	32.099	81	53	1	12	92	16	94	1.00e-10	44.3
olaTTNIg91	olaTTNAIg101/196	29.762	84	57	1	11	92	12	95	1.05e-10	44.3
olaTTNIg91	olaTTNAIg105/194	34.118	85	54	1	8	92	11	93	1.20e-10	44.3
olaTTNIg91	olaTTNAIg65/195	31.395	86	56	2	8	92	11	94	1.41e-10	43.9
olaTTNIg91	olaTTNAIg66/1103	26.214	103	66	3	1	93	1	103	1.65e-10	43.9
olaTTNIg91	olaTTNAIg84/195	34.568	81	51	1	12	92	16	94	2.60e-10	43.1
olaTTNIg91	olaTTNAIg73/196	28.421	95	65	1	1	92	2	96	2.85e-10	43.1
olaTTNIg91	olaTTNAIg92/197	27.957	93	65	2	3	93	5	97	8.12e-10	42.0
olaTTNIg91	olaTTNAIg78/195	30.380	79	55	0	14	92	17	95	9.89e-10	41.6
olaTTNIg91	olaTTNAIg93/194	30.864	81	54	1	12	92	15	93	1.04e-09	41.6
olaTTNIg91	olaTTNAIg80/198	33.333	69	46	0	24	92	29	97	1.44e-09	41.6
olaTTNIg91	olaTTNAIg68/199	30.488	82	50	2	17	91	16	97	6.12e-09	39.7
olaTTNIg91	olaTTNAIg67/1104	27.551	98	59	2	5	92	9	104	8.24e-09	39.7
olaTTNIg91	olaTTNAIg111/1101	25.316	79	58	1	15	92	22	100	8.99e-09	39.3
olaTTNIg91	olaTTNAIg72/197	29.630	81	57	0	12	92	16	96	1.11e-08	39.3
olaTTNIg91	olaTTNAIg79/196	25.974	77	57	0	4	80	7	83	1.43e-07	36.2
olaTTNIg91	olaTTNAIg62/195	24.359	78	58	1	12	88	14	91	2.19e-07	35.8
olaTTNIg91	olaTTNAIg102/194	27.957	93	62	3	2	92	4	93	5.23e-07	34.7
olaTTNIg91	olaTTNAIg108/193	20.732	82	65	0	1	82	1	82	6.15e-07	34.3
olaTTNIg91	olaTTNAIg69/195	23.457	81	60	1	12	92	16	94	8.99e-06	31.6
olaTTNIg91	olaTTNAIg110/193	26.562	64	41	2	24	83	24	85	1.96e-04	27.7
olaTTNIg92	olaTTNAIg92/197	52.577	97	45	1	1	96	1	97	1.52e-33	102
olaTTNIg92	olaTTNAIg89/196	43.750	96	54	0	1	96	1	96	3.95e-30	94.0
olaTTNIg92	olaTTNAIg86/197	41.667	96	56	0	1	96	2	97	1.60e-29	92.4
olaTTNIg92	olaTTNAIg83/196	42.708	96	55	0	1	96	1	96	3.06e-26	84.0
olaTTNIg92	olaTTNAIg95/199	39.583	96	58	0	1	96	2	97	7.17e-22	73.2
olaTTNIg92	olaTTNAIg77/197	39.796	98	55	2	1	96	2	97	3.09e-19	66.2
olaTTNIg92	olaTTNAIg78/195	33.684	95	63	0	1	95	1	95	1.04e-18	65.1
olaTTNIg92	olaTTNAIg93/194	34.375	96	61	1	1	96	1	94	7.91e-18	62.8
olaTTNIg92	olaTTNAIg107/194	40.426	94	54	1	1	94	1	92	1.81e-17	61.6
olaTTNIg92	olaTTNAIg90/194	35.789	95	59	1	1	95	2	94	2.42e-17	61.2
olaTTNIg92	olaTTNAIg104/198	37.500	96	59	1	1	95	2	97	3.50e-17	61.2
olaTTNIg92	olaTTNAIg91/193	35.484	93	57	1	7	96	1	93	7.89e-17	60.1
olaTTNIg92	olaTTNAIg103/196	30.208	96	67	0	1	96	1	96	2.30e-16	58.9
olaTTNIg92	olaTTNAIg65/195	31.579	95	64	1	1	95	1	94	3.70e-16	58.5
olaTTNIg92	olaTTNAIg94/193	36.585	82	52	0	15	96	12	93	5.10e-16	58.2
olaTTNIg92	olaTTNAIg88/193	36.585	82	52	0	15	96	12	93	1.19e-15	57.0
olaTTNIg92	olaTTNAIg87/194	30.526	95	64	1	1	95	2	94	1.49e-15	57.0
olaTTNIg92	olaTTNAIg96/194	32.584	89	58	1	8	96	8	94	1.61e-15	56.6
olaTTNIg92	olaTTNAIg71/194	36.250	80	49	1	17	96	17	94	3.26e-15	55.8
olaTTNIg92	olaTTNAIg99/1104	30.952	84	57	1	14	96	14	97	3.89e-15	55.8
olaTTNIg92	olaTTNAIg101/196	34.884	86	54	1	12	95	10	95	4.06e-15	55.8
olaTTNIg92	olaTTNAIg81/193	28.421	95	66	1	1	95	1	93	5.65e-15	55.5
olaTTNIg92	olaTTNAIg69/195	31.579	95	63	1	1	95	2	94	6.05e-15	55.5
olaTTNIg92	olaTTNAIg84/195	31.250	96	62	2	1	95	2	94	7.59e-15	55.1
olaTTNIg92	olaTTNAIg72/197	32.632	95	64	0	1	95	2	96	8.76e-15	55.1
olaTTNIg92	olaTTNAIg82/196	32.632	95	64	0	1	95	1	95	1.02e-14	54.7
olaTTNIg92	olaTTNAIg75/195	34.737	95	61	1	1	95	1	94	1.28e-14	54.3
olaTTNIg92	olaTTNAIg80/198	35.417	96	61	1	1	95	2	97	1.54e-14	54.3
olaTTNIg92	olaTTNAIg102/194	32.632	95	62	1	1	95	1	93	5.37e-14	52.8
olaTTNIg92	olaTTNAIg73/196	29.474	95	67	0	1	95	2	96	1.55e-13	51.6
olaTTNIg92	olaTTNAIg100/196	29.787	94	66	0	1	94	2	95	4.51e-13	50.4
olaTTNIg92	olaTTNAIg98/191	27.711	83	60	0	1	83	1	83	5.24e-13	50.1
olaTTNIg92	olaTTNAIg105/194	31.395	86	57	1	10	95	10	93	6.57e-13	50.1
olaTTNIg92	olaTTNAIg76/192	32.558	86	58	0	10	95	6	91	1.73e-12	48.9
olaTTNIg92	olaTTNAIg66/1103	33.696	92	55	2	11	96	12	103	2.60e-12	48.9
olaTTNIg92	olaTTNAIg63/197	30.208	96	67	0	1	96	2	97	6.79e-12	47.4
olaTTNIg92	olaTTNAIg70/195	23.656	93	71	0	4	96	3	95	7.66e-12	47.4
olaTTNIg92	olaTTNAIg97/197	26.042	96	71	0	1	96	2	97	4.54e-11	45.4
olaTTNIg92	olaTTNAIg85/193	32.927	82	55	0	15	96	12	93	4.61e-11	45.4
olaTTNIg92	olaTTNAIg109/193	27.273	88	63	1	10	96	6	93	8.87e-11	44.7
olaTTNIg92	olaTTNAIg106/197	32.558	86	57	1	12	96	12	97	1.99e-10	43.9
olaTTNIg92	olaTTNAIg67/1104	28.155	103	66	2	1	95	2	104	1.74e-09	41.6
olaTTNIg92	olaTTNAIg79/196	25.000	96	72	0	1	96	1	96	1.96e-09	41.2
olaTTNIg92	olaTTNAIg74/193	29.670	91	63	1	5	95	3	92	2.37e-09	40.8
olaTTNIg92	olaTTNAIg64/193	29.762	84	58	1	11	94	9	91	2.14e-08	38.5
olaTTNIg92	olaTTNAIg111/1101	30.380	79	54	1	18	95	22	100	1.19e-07	36.6
olaTTNIg92	olaTTNAIg108/193	25.352	71	53	0	13	83	10	80	5.57e-07	34.7
olaTTNIg92	olaTTNAIg62/195	28.736	87	61	1	9	94	8	94	1.96e-05	30.4
olaTTNIg92	olaTTNAIg68/199	27.848	79	50	1	23	94	19	97	2.87e-05	30.0
olaTTNIg92	olaTTNAIg110/193	44.444	18	10	0	27	44	24	41	0.003	24.6
olaTTNIg93	olaTTNAIg93/194	71.277	94	27	0	1	94	1	94	5.86e-48	139
olaTTNIg93	olaTTNAIg87/194	56.989	93	40	0	1	93	2	94	4.82e-40	119
olaTTNIg93	olaTTNAIg84/195	57.447	94	40	0	1	94	2	95	2.20e-37	112
olaTTNIg93	olaTTNAIg105/194	51.064	94	46	0	1	94	1	94	3.31e-36	109
olaTTNIg93	olaTTNAIg78/195	52.632	95	43	1	1	93	1	95	2.57e-34	104
olaTTNIg93	olaTTNAIg81/193	49.462	93	47	0	1	93	1	93	6.24e-34	103
olaTTNIg93	olaTTNAIg75/195	51.579	95	45	1	1	94	1	95	1.60e-32	99.8
olaTTNIg93	olaTTNAIg90/194	45.161	93	51	0	1	93	2	94	1.70e-32	99.8
olaTTNIg93	olaTTNAIg102/194	40.426	94	56	0	1	94	1	94	5.60e-28	88.2
olaTTNIg93	olaTTNAIg96/194	39.362	94	57	0	1	94	1	94	5.26e-23	75.9
olaTTNIg93	olaTTNAIg69/195	35.484	93	60	0	1	93	2	94	1.49e-22	74.7
olaTTNIg93	olaTTNAIg104/198	40.206	97	55	2	1	94	2	98	8.81e-22	72.8
olaTTNIg93	olaTTNAIg71/194	40.860	93	55	0	1	93	1	93	2.42e-21	71.6
olaTTNIg93	olaTTNAIg65/195	40.000	95	54	2	1	93	1	94	9.47e-21	70.1
olaTTNIg93	olaTTNAIg63/197	40.000	95	55	1	1	93	2	96	2.46e-20	68.9
olaTTNIg93	olaTTNAIg107/194	36.957	92	58	0	1	92	1	92	3.06e-20	68.6
olaTTNIg93	olaTTNAIg91/193	46.341	82	42	1	14	93	11	92	3.87e-18	63.2
olaTTNIg93	olaTTNAIg72/197	37.895	95	57	1	1	93	2	96	4.32e-18	63.2
olaTTNIg93	olaTTNAIg89/196	33.684	95	61	1	1	93	1	95	8.73e-18	62.4
olaTTNIg93	olaTTNAIg76/192	35.632	87	54	1	9	93	5	91	1.81e-17	61.6
olaTTNIg93	olaTTNAIg73/196	36.842	95	58	1	1	93	2	96	1.91e-17	61.6
olaTTNIg93	olaTTNAIg74/193	35.870	92	54	2	5	93	3	92	2.62e-17	61.2
olaTTNIg93	olaTTNAIg82/196	35.789	95	59	1	1	93	1	95	3.01e-17	61.2
olaTTNIg93	olaTTNAIg103/196	37.234	94	57	1	1	92	1	94	3.28e-17	61.2
olaTTNIg93	olaTTNAIg86/197	32.632	95	62	1	1	93	2	96	4.46e-17	60.8
olaTTNIg93	olaTTNAIg99/1104	34.375	96	60	2	2	94	2	97	7.85e-17	60.1
olaTTNIg93	olaTTNAIg106/197	34.694	98	59	2	1	94	1	97	1.09e-16	59.7
olaTTNIg93	olaTTNAIg94/193	37.895	95	54	2	1	93	1	92	1.28e-16	59.3
olaTTNIg93	olaTTNAIg95/199	32.632	95	62	1	1	93	2	96	2.53e-15	56.2
olaTTNIg93	olaTTNAIg101/196	35.714	98	57	2	1	94	1	96	4.61e-15	55.5
olaTTNIg93	olaTTNAIg109/193	42.500	80	43	2	17	93	13	92	5.83e-15	55.1
olaTTNIg93	olaTTNAIg77/197	30.208	96	65	1	1	94	2	97	3.03e-14	53.5
olaTTNIg93	olaTTNAIg67/1104	32.039	103	60	1	1	93	2	104	2.29e-13	51.2
olaTTNIg93	olaTTNAIg88/193	36.585	82	50	1	14	93	11	92	4.55e-13	50.4
olaTTNIg93	olaTTNAIg92/197	32.292	96	62	1	1	93	1	96	1.15e-12	49.3
olaTTNIg93	olaTTNAIg111/1101	34.021	97	59	3	2	93	4	100	1.28e-12	49.3
olaTTNIg93	olaTTNAIg97/197	32.990	97	59	2	1	93	2	96	3.65e-12	48.1
olaTTNIg93	olaTTNAIg83/196	30.526	95	64	1	1	93	1	95	3.68e-11	45.4
olaTTNIg93	olaTTNAIg80/198	32.292	96	62	2	1	93	2	97	5.64e-11	45.1
olaTTNIg93	olaTTNAIg79/196	26.596	94	67	1	1	92	1	94	1.96e-10	43.5
olaTTNIg93	olaTTNAIg98/191	25.843	89	64	1	1	87	1	89	5.41e-10	42.4
olaTTNIg93	olaTTNAIg70/195	27.368	95	65	2	1	93	2	94	6.87e-10	42.4
olaTTNIg93	olaTTNAIg85/193	34.483	87	55	1	9	93	6	92	9.20e-10	42.0
olaTTNIg93	olaTTNAIg62/195	33.684	95	59	2	1	92	1	94	1.13e-09	41.6
olaTTNIg93	olaTTNAIg66/1103	27.451	102	65	3	1	93	1	102	1.48e-08	38.9
olaTTNIg93	olaTTNAIg64/193	32.432	74	48	1	21	92	18	91	1.82e-08	38.5
olaTTNIg93	olaTTNAIg100/196	28.049	82	53	2	1	78	2	81	1.88e-08	38.5
olaTTNIg93	olaTTNAIg68/199	29.032	93	57	2	9	92	5	97	8.01e-08	37.0
olaTTNIg93	olaTTNAIg110/193	34.328	67	39	2	24	85	20	86	2.81e-06	32.7
olaTTNIg93	olaTTNAIg108/193	23.611	72	51	2	13	81	10	80	2.75e-04	27.3
olaTTNIg94	olaTTNAIg94/193	59.140	93	38	0	1	93	1	93	3.86e-40	119
olaTTNIg94	olaTTNAIg91/193	46.237	93	50	0	1	93	1	93	1.77e-32	99.8
olaTTNIg94	olaTTNAIg85/193	46.237	93	50	0	1	93	1	93	3.09e-27	86.3
olaTTNIg94	olaTTNAIg88/193	43.011	93	53	0	1	93	1	93	1.36e-26	84.7
olaTTNIg94	olaTTNAIg97/197	40.625	96	54	1	1	93	2	97	1.50e-23	77.0
olaTTNIg94	olaTTNAIg100/196	36.585	82	52	0	10	91	14	95	2.71e-22	73.9
olaTTNIg94	olaTTNAIg103/196	32.222	90	61	0	4	93	7	96	8.19e-20	67.8
olaTTNIg94	olaTTNAIg82/196	40.000	95	54	1	1	92	1	95	3.02e-19	66.2
olaTTNIg94	olaTTNAIg96/194	35.714	84	52	1	9	92	12	93	2.30e-16	58.9
olaTTNIg94	olaTTNAIg81/193	34.524	84	53	1	9	92	12	93	4.86e-16	57.8
olaTTNIg94	olaTTNAIg89/196	31.461	89	61	0	5	93	8	96	6.20e-16	57.8
olaTTNIg94	olaTTNAIg65/195	36.458	96	55	3	1	92	1	94	7.86e-16	57.4
olaTTNIg94	olaTTNAIg76/192	29.348	92	64	1	1	92	1	91	4.06e-15	55.5
olaTTNIg94	olaTTNAIg70/195	27.660	94	67	1	1	93	2	95	5.07e-15	55.5
olaTTNIg94	olaTTNAIg74/193	36.559	93	57	2	1	92	1	92	5.11e-15	55.5
olaTTNIg94	olaTTNAIg104/198	31.818	88	60	0	5	92	10	97	7.68e-15	55.1
olaTTNIg94	olaTTNAIg86/197	30.208	96	64	1	1	93	2	97	1.04e-14	54.7
olaTTNIg94	olaTTNAIg87/194	32.927	82	53	1	11	92	15	94	3.92e-14	53.1
olaTTNIg94	olaTTNAIg77/197	32.292	96	62	1	1	93	2	97	7.12e-14	52.4
olaTTNIg94	olaTTNAIg78/195	32.099	81	55	0	12	92	15	95	9.31e-14	52.0
olaTTNIg94	olaTTNAIg98/191	29.114	79	56	0	6	84	9	87	1.20e-13	51.6
olaTTNIg94	olaTTNAIg99/1104	30.986	71	49	0	10	80	13	83	1.26e-13	52.0
olaTTNIg94	olaTTNAIg95/199	31.707	82	56	0	12	93	16	97	1.75e-13	51.6
olaTTNIg94	olaTTNAIg90/194	34.568	81	51	1	12	92	16	94	2.36e-13	51.2
olaTTNIg94	olaTTNAIg75/195	34.884	86	49	2	10	92	13	94	8.43e-13	49.7
olaTTNIg94	olaTTNAIg93/194	31.707	82	54	1	11	92	14	93	1.20e-12	49.3
olaTTNIg94	olaTTNAIg109/193	30.864	81	55	1	14	93	13	93	1.54e-12	48.9
olaTTNIg94	olaTTNAIg106/197	28.916	83	58	1	12	93	15	97	1.85e-12	48.9
olaTTNIg94	olaTTNAIg101/196	29.762	84	57	1	11	92	12	95	2.04e-12	48.9
olaTTNIg94	olaTTNAIg67/1104	31.915	94	54	2	8	92	12	104	2.44e-12	48.9
olaTTNIg94	olaTTNAIg63/197	31.250	96	63	1	1	93	2	97	3.31e-12	48.1
olaTTNIg94	olaTTNAIg79/196	25.556	90	67	0	4	93	7	96	4.57e-12	47.8
olaTTNIg94	olaTTNAIg64/193	32.584	89	58	1	5	91	3	91	5.68e-12	47.4
olaTTNIg94	olaTTNAIg107/194	28.049	82	57	1	10	91	13	92	1.18e-11	46.6
olaTTNIg94	olaTTNAIg69/195	28.395	81	56	1	12	92	16	94	8.52e-11	44.7
olaTTNIg94	olaTTNAIg72/197	29.630	81	57	0	12	92	16	96	1.03e-10	44.3
olaTTNIg94	olaTTNAIg73/196	30.488	82	57	0	11	92	15	96	1.09e-10	44.3
olaTTNIg94	olaTTNAIg105/194	29.762	84	57	1	9	92	12	93	1.47e-10	43.9
olaTTNIg94	olaTTNAIg83/196	29.268	82	58	0	12	93	15	96	1.76e-10	43.9
olaTTNIg94	olaTTNAIg71/194	28.750	80	55	1	14	93	17	94	1.99e-10	43.5
olaTTNIg94	olaTTNAIg84/195	29.268	82	56	1	11	92	15	94	2.36e-10	43.5
olaTTNIg94	olaTTNAIg111/1101	29.114	79	55	1	15	92	22	100	2.82e-10	43.1
olaTTNIg94	olaTTNAIg92/197	31.325	83	56	1	12	93	15	97	1.04e-09	41.6
olaTTNIg94	olaTTNAIg66/1103	23.301	103	69	3	1	93	1	103	1.99e-09	41.2
olaTTNIg94	olaTTNAIg102/194	30.488	82	53	2	12	92	15	93	2.54e-09	40.8
olaTTNIg94	olaTTNAIg80/198	31.325	83	56	1	11	92	15	97	4.19e-08	37.7
olaTTNIg94	olaTTNAIg68/199	26.829	82	53	1	17	91	16	97	1.00e-07	36.6
olaTTNIg94	olaTTNAIg62/195	23.377	77	58	1	16	91	18	94	9.47e-07	33.9
olaTTNIg94	olaTTNAIg108/193	23.750	80	61	0	1	80	1	80	9.12e-06	31.2
olaTTNIg94	olaTTNAIg110/193	32.353	34	23	0	1	34	1	34	0.015	22.7
olaTTNIg95	olaTTNAIg95/199	48.454	97	50	0	1	97	1	97	1.13e-32	100
olaTTNIg95	olaTTNAIg86/197	40.206	97	58	0	1	97	1	97	1.80e-28	89.7
olaTTNIg95	olaTTNAIg89/196	40.625	96	57	0	2	97	1	96	6.05e-26	83.6
olaTTNIg95	olaTTNAIg83/196	38.542	96	59	0	2	97	1	96	2.15e-23	77.0
olaTTNIg95	olaTTNAIg92/197	40.206	97	57	1	2	97	1	97	1.77e-22	74.7
olaTTNIg95	olaTTNAIg104/198	37.113	97	60	1	1	96	1	97	1.70e-20	69.7
olaTTNIg95	olaTTNAIg72/197	38.947	95	58	0	2	96	2	96	6.27e-20	68.2
olaTTNIg95	olaTTNAIg82/196	37.931	87	54	0	10	96	9	95	9.68e-19	65.1
olaTTNIg95	olaTTNAIg96/194	37.500	88	53	1	9	96	8	93	2.59e-18	63.9
olaTTNIg95	olaTTNAIg91/193	40.000	85	51	0	13	97	9	93	3.58e-18	63.5
olaTTNIg95	olaTTNAIg69/195	37.647	85	51	1	1	85	1	83	5.74e-18	63.2
olaTTNIg95	olaTTNAIg81/193	33.684	95	61	1	2	96	1	93	6.86e-18	62.8
olaTTNIg95	olaTTNAIg88/193	33.721	86	57	0	12	97	8	93	1.38e-17	62.0
olaTTNIg95	olaTTNAIg102/194	32.632	95	62	1	2	96	1	93	2.56e-17	61.2
olaTTNIg95	olaTTNAIg76/192	32.632	95	60	1	2	96	1	91	2.84e-17	61.2
olaTTNIg95	olaTTNAIg97/197	34.021	97	64	0	1	97	1	97	4.90e-17	60.8
olaTTNIg95	olaTTNAIg94/193	35.294	85	55	0	13	97	9	93	6.22e-17	60.5
olaTTNIg95	olaTTNAIg103/196	36.905	84	53	0	14	97	13	96	8.31e-17	60.1
olaTTNIg95	olaTTNAIg78/195	34.737	95	62	0	2	96	1	95	2.15e-16	58.9
olaTTNIg95	olaTTNAIg90/194	30.208	96	65	1	1	96	1	94	3.39e-16	58.5
olaTTNIg95	olaTTNAIg93/194	33.684	95	61	1	2	96	1	93	3.43e-16	58.5
olaTTNIg95	olaTTNAIg75/195	36.842	95	59	1	2	96	1	94	4.86e-16	58.2
olaTTNIg95	olaTTNAIg107/194	34.043	94	60	1	2	95	1	92	9.09e-16	57.4
olaTTNIg95	olaTTNAIg105/194	35.789	95	59	1	2	96	1	93	9.49e-16	57.4
olaTTNIg95	olaTTNAIg87/194	35.417	96	60	1	1	96	1	94	1.04e-15	57.4
olaTTNIg95	olaTTNAIg65/195	36.905	84	50	3	2	84	1	82	1.08e-15	57.4
olaTTNIg95	olaTTNAIg70/195	28.866	97	67	1	1	97	1	95	2.36e-15	56.2
olaTTNIg95	olaTTNAIg84/195	32.292	96	63	1	1	96	1	94	4.93e-15	55.5
olaTTNIg95	olaTTNAIg73/196	30.208	96	67	0	1	96	1	96	5.81e-15	55.5
olaTTNIg95	olaTTNAIg74/193	34.783	92	59	1	5	96	2	92	9.72e-15	54.7
olaTTNIg95	olaTTNAIg85/193	36.471	85	54	0	13	97	9	93	1.06e-14	54.7
olaTTNIg95	olaTTNAIg71/194	32.292	96	63	1	2	97	1	94	1.32e-14	54.3
olaTTNIg95	olaTTNAIg77/197	29.897	97	68	0	1	97	1	97	2.06e-14	53.9
olaTTNIg95	olaTTNAIg99/1104	35.000	80	52	0	6	85	5	84	2.15e-14	53.9
olaTTNIg95	olaTTNAIg101/196	32.184	87	57	1	12	96	9	95	2.39e-14	53.9
olaTTNIg95	olaTTNAIg63/197	30.208	96	67	0	2	97	2	97	3.46e-14	53.5
olaTTNIg95	olaTTNAIg98/191	27.711	83	60	0	2	84	1	83	3.44e-13	50.8
olaTTNIg95	olaTTNAIg67/1104	29.808	104	65	2	1	96	1	104	4.27e-13	50.8
olaTTNIg95	olaTTNAIg64/193	36.585	82	52	0	14	95	10	91	1.23e-12	49.3
olaTTNIg95	olaTTNAIg80/198	32.941	85	56	1	1	84	1	85	2.12e-12	48.9
olaTTNIg95	olaTTNAIg100/196	28.421	95	68	0	1	95	1	95	2.32e-12	48.9
olaTTNIg95	olaTTNAIg62/195	30.952	84	53	2	10	88	8	91	4.77e-12	47.8
olaTTNIg95	olaTTNAIg79/196	27.711	83	60	0	2	84	1	83	1.97e-11	46.2
olaTTNIg95	olaTTNAIg106/197	31.818	88	59	1	11	97	10	97	4.84e-11	45.4
olaTTNIg95	olaTTNAIg66/1103	28.155	103	67	2	2	97	1	103	1.25e-10	44.3
olaTTNIg95	olaTTNAIg111/1101	29.870	77	51	2	19	92	22	98	4.05e-09	40.4
olaTTNIg95	olaTTNAIg109/193	26.136	88	64	1	11	97	6	93	5.03e-09	40.0
olaTTNIg95	olaTTNAIg68/199	28.395	81	51	1	22	95	17	97	1.89e-07	36.2
olaTTNIg95	olaTTNAIg108/193	26.761	71	52	0	16	86	12	82	1.97e-05	30.4
olaTTNIg95	olaTTNAIg110/193	27.692	65	43	2	30	91	26	89	0.003	24.6
olaTTNIg96	olaTTNAIg96/194	48.936	94	48	0	1	94	1	94	1.14e-32	100
olaTTNIg96	olaTTNAIg81/193	39.785	93	56	0	1	93	1	93	1.16e-25	82.4
olaTTNIg96	olaTTNAIg105/194	43.617	94	53	0	1	94	1	94	5.13e-25	80.9
olaTTNIg96	olaTTNAIg84/195	39.362	94	57	0	1	94	2	95	4.53e-23	75.9
olaTTNIg96	olaTTNAIg107/194	33.696	92	61	0	1	92	1	92	7.86e-22	72.8
olaTTNIg96	olaTTNAIg87/194	33.333	93	62	0	1	93	2	94	1.45e-21	72.0
olaTTNIg96	olaTTNAIg93/194	38.298	94	58	0	1	94	1	94	2.78e-21	71.2
olaTTNIg96	olaTTNAIg78/195	34.737	95	60	1	1	93	1	95	9.07e-21	70.1
olaTTNIg96	olaTTNAIg71/194	37.634	93	58	0	1	93	1	93	2.45e-19	66.2
olaTTNIg96	olaTTNAIg102/194	34.043	94	62	0	1	94	1	94	3.05e-19	66.2
olaTTNIg96	olaTTNAIg90/194	33.333	93	62	0	1	93	2	94	6.52e-19	65.5
olaTTNIg96	olaTTNAIg75/195	36.842	95	59	1	1	94	1	95	1.03e-18	64.7
olaTTNIg96	olaTTNAIg91/193	38.272	81	48	1	15	93	12	92	2.08e-18	63.9
olaTTNIg96	olaTTNAIg103/196	35.165	91	57	1	1	89	1	91	1.07e-17	62.4
olaTTNIg96	olaTTNAIg83/196	36.842	95	58	1	1	93	1	95	4.31e-17	60.8
olaTTNIg96	olaTTNAIg72/197	33.684	95	61	1	1	93	2	96	1.01e-16	59.7
olaTTNIg96	olaTTNAIg89/196	31.579	95	63	1	1	93	1	95	1.39e-16	59.3
olaTTNIg96	olaTTNAIg70/195	43.038	79	43	1	5	81	4	82	3.45e-16	58.5
olaTTNIg96	olaTTNAIg69/195	26.882	93	68	0	1	93	2	94	4.38e-16	58.2
olaTTNIg96	olaTTNAIg86/197	29.474	95	65	1	1	93	2	96	2.75e-15	56.2
olaTTNIg96	olaTTNAIg95/199	32.632	95	62	1	1	93	2	96	4.29e-15	55.8
olaTTNIg96	olaTTNAIg106/197	34.375	96	60	1	1	93	1	96	4.88e-15	55.5
olaTTNIg96	olaTTNAIg82/196	38.947	95	56	1	1	93	1	95	8.10e-15	55.1
olaTTNIg96	olaTTNAIg99/1104	30.526	95	63	2	3	94	3	97	1.59e-14	54.3
olaTTNIg96	olaTTNAIg88/193	35.802	81	50	1	15	93	12	92	3.79e-14	53.1
olaTTNIg96	olaTTNAIg65/195	28.723	94	66	1	1	93	1	94	4.05e-13	50.4
olaTTNIg96	olaTTNAIg64/193	36.585	82	50	1	13	92	10	91	4.60e-13	50.4
olaTTNIg96	olaTTNAIg63/197	29.474	95	65	1	1	93	2	96	1.19e-12	49.3
olaTTNIg96	olaTTNAIg92/197	31.250	96	63	1	1	93	1	96	1.79e-12	48.9
olaTTNIg96	olaTTNAIg94/193	30.864	81	54	1	15	93	12	92	3.81e-12	48.1
olaTTNIg96	olaTTNAIg104/198	28.866	97	66	2	1	94	2	98	8.16e-12	47.4
olaTTNIg96	olaTTNAIg77/197	27.368	95	67	1	1	93	2	96	1.59e-11	46.6
olaTTNIg96	olaTTNAIg74/193	30.000	90	62	1	5	93	3	92	1.82e-11	46.2
olaTTNIg96	olaTTNAIg101/196	30.682	88	57	2	11	94	9	96	1.70e-10	43.9
olaTTNIg96	olaTTNAIg80/198	31.250	96	63	2	1	93	2	97	2.02e-10	43.5
olaTTNIg96	olaTTNAIg73/196	29.474	95	65	1	1	93	2	96	3.38e-10	43.1
olaTTNIg96	olaTTNAIg100/196	30.882	68	45	1	13	78	14	81	4.23e-10	42.7
olaTTNIg96	olaTTNAIg76/192	28.571	84	58	1	12	93	8	91	5.95e-10	42.4
olaTTNIg96	olaTTNAIg98/191	29.070	86	59	1	1	84	1	86	7.54e-10	42.0
olaTTNIg96	olaTTNAIg67/1104	26.214	103	66	1	1	93	2	104	1.64e-09	41.6
olaTTNIg96	olaTTNAIg85/193	32.051	78	51	1	18	93	15	92	2.03e-09	40.8
olaTTNIg96	olaTTNAIg111/1101	34.177	79	49	2	18	93	22	100	1.38e-08	38.9
olaTTNIg96	olaTTNAIg66/1103	28.090	89	56	2	13	93	14	102	5.42e-08	37.4
olaTTNIg96	olaTTNAIg97/197	28.916	83	57	1	13	93	14	96	1.29e-07	36.2
olaTTNIg96	olaTTNAIg110/193	29.487	78	50	2	8	81	6	82	1.62e-07	35.8
olaTTNIg96	olaTTNAIg109/193	30.380	79	52	2	18	93	14	92	1.65e-07	35.8
olaTTNIg96	olaTTNAIg79/196	26.250	80	57	1	15	92	15	94	4.12e-07	35.0
olaTTNIg96	olaTTNAIg108/193	30.508	59	39	1	16	72	13	71	1.06e-06	33.9
olaTTNIg96	olaTTNAIg62/195	32.787	61	38	1	21	78	20	80	3.80e-06	32.3
olaTTNIg96	olaTTNAIg68/199	22.105	95	65	2	7	92	3	97	3.81e-05	29.6
olaTTNIg97	olaTTNAIg97/197	50.000	96	48	0	2	97	2	97	5.55e-35	106
olaTTNIg97	olaTTNAIg82/196	38.095	84	52	0	2	85	1	84	1.48e-20	69.7
olaTTNIg97	olaTTNAIg96/194	38.298	94	56	1	2	95	1	92	3.66e-19	66.2
olaTTNIg97	olaTTNAIg103/196	32.979	94	62	1	2	95	1	93	4.23e-16	58.2
olaTTNIg97	olaTTNAIg94/193	33.721	86	57	0	12	97	8	93	1.96e-15	56.6
olaTTNIg97	olaTTNAIg91/193	34.884	86	56	0	12	97	8	93	2.49e-14	53.5
olaTTNIg97	olaTTNAIg100/196	28.750	80	57	0	2	81	2	81	6.00e-14	52.8
olaTTNIg97	olaTTNAIg74/193	41.892	74	42	1	12	85	9	81	6.81e-14	52.8
olaTTNIg97	olaTTNAIg78/195	30.108	93	65	0	2	94	1	93	1.78e-13	51.6
olaTTNIg97	olaTTNAIg81/193	30.526	95	64	1	2	96	1	93	3.51e-13	50.8
olaTTNIg97	olaTTNAIg79/196	26.042	96	71	0	2	97	1	96	1.85e-12	48.9
olaTTNIg97	olaTTNAIg85/193	33.721	86	57	0	12	97	8	93	1.93e-12	48.9
olaTTNIg97	olaTTNAIg75/195	31.915	94	63	1	2	95	1	93	2.81e-12	48.5
olaTTNIg97	olaTTNAIg87/194	29.167	96	64	2	2	96	2	94	3.45e-12	48.1
olaTTNIg97	olaTTNAIg95/199	27.083	96	70	0	2	97	2	97	5.47e-12	47.8
olaTTNIg97	olaTTNAIg73/196	29.787	94	66	0	2	95	2	95	9.58e-12	47.0
olaTTNIg97	olaTTNAIg88/193	26.966	89	64	1	10	97	5	93	5.53e-11	45.1
olaTTNIg97	olaTTNAIg89/196	27.273	77	56	0	12	88	11	87	2.29e-10	43.5
olaTTNIg97	olaTTNAIg93/194	30.851	94	63	1	2	95	1	92	2.29e-10	43.5
olaTTNIg97	olaTTNAIg63/197	25.773	97	72	0	1	97	1	97	4.47e-10	42.7
olaTTNIg97	olaTTNAIg84/195	27.660	94	66	1	2	95	2	93	5.16e-10	42.7
olaTTNIg97	olaTTNAIg90/194	26.596	94	67	1	2	95	2	93	7.05e-10	42.4
olaTTNIg97	olaTTNAIg104/198	30.488	82	56	1	3	84	5	85	8.38e-10	42.0
olaTTNIg97	olaTTNAIg106/197	27.451	102	63	3	2	97	1	97	1.59e-09	41.6
olaTTNIg97	olaTTNAIg99/1104	31.325	83	56	1	10	91	8	90	1.77e-09	41.2
olaTTNIg97	olaTTNAIg107/194	22.917	96	72	1	2	97	1	94	2.82e-09	40.8
olaTTNIg97	olaTTNAIg105/194	30.108	93	60	3	2	93	1	89	2.88e-09	40.8
olaTTNIg97	olaTTNAIg102/194	31.250	96	60	3	2	95	1	92	3.72e-09	40.4
olaTTNIg97	olaTTNAIg64/193	32.308	65	44	0	22	86	18	82	5.19e-09	40.0
olaTTNIg97	olaTTNAIg111/1101	33.766	77	46	3	14	87	17	91	8.97e-09	39.7
olaTTNIg97	olaTTNAIg92/197	28.866	97	68	1	2	97	1	97	9.30e-09	39.3
olaTTNIg97	olaTTNAIg71/194	27.083	96	68	1	2	97	1	94	1.55e-08	38.9
olaTTNIg97	olaTTNAIg66/1103	28.571	98	64	2	6	97	6	103	2.19e-08	38.5
olaTTNIg97	olaTTNAIg77/197	29.545	88	60	2	11	97	11	97	2.83e-08	38.1
olaTTNIg97	olaTTNAIg83/196	23.958	96	73	0	2	97	1	96	5.90e-08	37.4
olaTTNIg97	olaTTNAIg65/195	32.000	75	48	2	11	84	10	82	1.23e-07	36.6
olaTTNIg97	olaTTNAIg69/195	25.532	94	68	1	2	95	2	93	2.57e-07	35.4
olaTTNIg97	olaTTNAIg67/1104	26.882	93	60	1	12	96	12	104	4.39e-07	35.0
olaTTNIg97	olaTTNAIg72/197	26.829	82	60	0	14	95	14	95	1.12e-06	33.9
olaTTNIg97	olaTTNAIg76/192	28.767	73	52	0	12	84	7	79	1.66e-06	33.5
olaTTNIg97	olaTTNAIg70/195	25.641	78	57	1	8	85	7	83	2.01e-06	33.1
olaTTNIg97	olaTTNAIg98/191	24.706	85	64	0	2	86	1	85	2.41e-06	33.1
olaTTNIg97	olaTTNAIg101/196	27.778	90	57	3	2	87	1	86	2.97e-06	32.7
olaTTNIg97	olaTTNAIg109/193	23.684	76	57	1	11	85	6	81	1.05e-05	31.2
olaTTNIg97	olaTTNAIg80/198	30.233	86	59	1	11	95	11	96	0.003	24.6
olaTTNIg97	olaTTNAIg62/195	25.301	83	56	4	2	81	1	80	0.012	23.1
olaTTNIg97	olaTTNAIg108/193	26.027	73	50	3	14	84	10	80	0.023	22.3
olaTTNIg97	olaTTNAIg110/193	25.000	72	52	1	16	85	12	83	0.024	22.3
olaTTNIg98	olaTTNAIg98/191	45.055	91	50	0	1	91	1	91	2.39e-32	99.4
olaTTNIg98	olaTTNAIg86/197	38.542	96	59	0	1	96	2	97	8.39e-26	83.2
olaTTNIg98	olaTTNAIg101/196	35.052	97	59	2	1	95	1	95	5.25e-19	65.9
olaTTNIg98	olaTTNAIg94/193	35.417	96	59	1	1	96	1	93	9.78e-19	65.1
olaTTNIg98	olaTTNAIg95/199	32.292	96	65	0	1	96	2	97	2.43e-17	61.6
olaTTNIg98	olaTTNAIg88/193	38.272	81	50	0	16	96	13	93	2.87e-17	61.2
olaTTNIg98	olaTTNAIg109/193	33.333	81	53	1	17	96	13	93	7.08e-17	60.1
olaTTNIg98	olaTTNAIg106/197	31.959	97	65	1	1	96	1	97	1.09e-16	59.7
olaTTNIg98	olaTTNAIg93/194	32.632	95	62	1	1	95	1	93	1.99e-16	58.9
olaTTNIg98	olaTTNAIg77/197	32.292	96	65	0	1	96	2	97	2.99e-16	58.5
olaTTNIg98	olaTTNAIg89/196	27.083	96	70	0	1	96	1	96	8.63e-16	57.4
olaTTNIg98	olaTTNAIg82/196	31.579	95	65	0	1	95	1	95	1.76e-15	56.6
olaTTNIg98	olaTTNAIg92/197	29.897	97	67	1	1	96	1	97	4.15e-15	55.8
olaTTNIg98	olaTTNAIg83/196	27.083	96	70	0	1	96	1	96	5.32e-15	55.5
olaTTNIg98	olaTTNAIg85/193	35.000	80	52	0	17	96	14	93	6.58e-15	55.1
olaTTNIg98	olaTTNAIg105/194	27.368	95	67	1	1	95	1	93	9.02e-15	54.7
olaTTNIg98	olaTTNAIg111/1101	37.113	97	56	3	3	95	5	100	1.27e-14	54.7
olaTTNIg98	olaTTNAIg91/193	26.437	87	64	0	10	96	7	93	2.90e-14	53.5
olaTTNIg98	olaTTNAIg76/192	29.412	85	60	0	11	95	7	91	4.32e-14	53.1
olaTTNIg98	olaTTNAIg65/195	31.579	95	64	1	1	95	1	94	6.82e-14	52.8
olaTTNIg98	olaTTNAIg97/197	26.042	96	71	0	1	96	2	97	7.13e-14	52.8
olaTTNIg98	olaTTNAIg107/194	28.723	94	65	1	1	94	1	92	7.93e-14	52.4
olaTTNIg98	olaTTNAIg80/198	34.375	96	62	1	1	95	2	97	9.24e-14	52.4
olaTTNIg98	olaTTNAIg63/197	34.375	96	63	0	1	96	2	97	1.07e-13	52.0
olaTTNIg98	olaTTNAIg96/194	30.208	96	63	2	1	95	1	93	1.11e-13	52.0
olaTTNIg98	olaTTNAIg72/197	24.211	95	72	0	1	95	2	96	1.49e-13	51.6
olaTTNIg98	olaTTNAIg70/195	28.125	96	67	1	1	96	2	95	2.14e-13	51.2
olaTTNIg98	olaTTNAIg87/194	25.263	95	69	1	1	95	2	94	2.99e-13	50.8
olaTTNIg98	olaTTNAIg84/195	31.250	96	62	2	1	95	2	94	3.75e-13	50.8
olaTTNIg98	olaTTNAIg74/193	33.684	95	60	2	1	95	1	92	5.07e-13	50.4
olaTTNIg98	olaTTNAIg64/193	37.879	66	41	0	29	94	26	91	7.01e-13	50.1
olaTTNIg98	olaTTNAIg81/193	23.158	95	71	1	1	95	1	93	1.31e-12	49.3
olaTTNIg98	olaTTNAIg90/194	27.368	95	67	1	1	95	2	94	2.06e-12	48.9
olaTTNIg98	olaTTNAIg104/198	34.177	79	52	0	17	95	19	97	2.72e-12	48.5
olaTTNIg98	olaTTNAIg78/195	27.500	80	58	0	16	95	16	95	3.97e-12	48.1
olaTTNIg98	olaTTNAIg69/195	27.368	95	67	1	1	95	2	94	5.85e-12	47.8
olaTTNIg98	olaTTNAIg102/194	30.208	96	63	2	1	95	1	93	9.60e-12	47.0
olaTTNIg98	olaTTNAIg73/196	29.474	95	67	0	1	95	2	96	1.40e-11	46.6
olaTTNIg98	olaTTNAIg103/196	25.000	96	72	0	1	96	1	96	1.73e-11	46.6
olaTTNIg98	olaTTNAIg99/1104	25.000	68	51	0	16	83	16	83	2.52e-11	46.2
olaTTNIg98	olaTTNAIg108/193	32.184	87	57	1	8	92	5	91	5.90e-11	45.1
olaTTNIg98	olaTTNAIg75/195	25.263	95	70	1	1	95	1	94	1.85e-10	43.9
olaTTNIg98	olaTTNAIg67/1104	29.032	93	58	1	11	95	12	104	8.34e-10	42.4
olaTTNIg98	olaTTNAIg79/196	21.875	96	75	0	1	96	1	96	1.27e-09	41.6
olaTTNIg98	olaTTNAIg71/194	25.000	84	61	1	13	96	13	94	2.17e-09	40.8
olaTTNIg98	olaTTNAIg100/196	26.389	72	48	1	16	82	17	88	7.18e-09	39.7
olaTTNIg98	olaTTNAIg66/1103	27.184	103	62	3	7	96	1	103	8.20e-08	37.0
olaTTNIg98	olaTTNAIg110/193	27.711	83	56	2	13	93	12	92	2.42e-07	35.4
olaTTNIg98	olaTTNAIg62/195	26.087	92	61	2	10	94	3	94	3.85e-07	35.0
olaTTNIg98	olaTTNAIg68/199	27.160	81	48	3	25	94	17	97	2.21e-06	33.1
olaTTNIg99	olaTTNAIg99/1104	44.330	97	54	0	1	97	1	97	9.53e-33	100
olaTTNIg99	olaTTNAIg78/195	36.458	96	58	2	1	96	3	95	1.95e-19	66.6
olaTTNIg99	olaTTNAIg102/194	34.375	96	60	2	2	97	2	94	1.95e-18	64.3
olaTTNIg99	olaTTNAIg96/194	37.079	89	53	2	9	97	9	94	2.50e-16	58.9
olaTTNIg99	olaTTNAIg104/198	35.052	97	61	2	1	97	4	98	3.61e-16	58.5
olaTTNIg99	olaTTNAIg105/194	37.349	83	49	2	15	97	15	94	3.30e-15	55.8
olaTTNIg99	olaTTNAIg94/193	34.146	82	53	1	13	94	10	90	3.96e-15	55.8
olaTTNIg99	olaTTNAIg89/196	31.183	93	63	1	4	96	4	95	4.20e-15	55.8
olaTTNIg99	olaTTNAIg86/197	28.421	95	67	1	2	96	3	96	5.88e-15	55.5
olaTTNIg99	olaTTNAIg93/194	32.292	96	62	2	2	97	2	94	9.12e-15	54.7
olaTTNIg99	olaTTNAIg91/193	32.394	71	48	0	13	83	10	80	1.63e-14	54.3
olaTTNIg99	olaTTNAIg90/194	31.579	95	62	2	2	96	3	94	1.92e-14	53.9
olaTTNIg99	olaTTNAIg75/195	31.250	96	64	2	2	97	2	95	2.01e-14	53.9
olaTTNIg99	olaTTNAIg81/193	32.258	93	56	3	6	96	6	93	2.44e-14	53.9
olaTTNIg99	olaTTNAIg87/194	34.066	91	57	2	6	96	7	94	2.44e-14	53.9
olaTTNIg99	olaTTNAIg98/191	32.353	68	46	0	16	83	16	83	2.68e-14	53.5
olaTTNIg99	olaTTNAIg83/196	33.684	95	62	1	2	96	2	95	4.02e-14	53.1
olaTTNIg99	olaTTNAIg72/197	32.979	94	62	1	3	96	4	96	4.16e-14	53.1
olaTTNIg99	olaTTNAIg84/195	34.021	97	59	3	2	97	3	95	1.32e-13	52.0
olaTTNIg99	olaTTNAIg82/196	33.735	83	54	1	14	96	14	95	1.42e-13	52.0
olaTTNIg99	olaTTNAIg106/197	35.897	78	33	2	15	83	15	84	1.88e-13	51.6
olaTTNIg99	olaTTNAIg107/194	34.146	82	51	2	13	94	13	91	8.70e-13	49.7
olaTTNIg99	olaTTNAIg88/193	32.394	71	48	0	13	83	10	80	9.38e-13	49.7
olaTTNIg99	olaTTNAIg77/197	31.579	95	64	1	2	96	3	96	1.00e-12	49.7
olaTTNIg99	olaTTNAIg95/199	30.682	88	60	1	9	96	10	96	1.19e-12	49.7
olaTTNIg99	olaTTNAIg73/196	30.526	95	65	1	2	96	3	96	1.32e-12	49.3
olaTTNIg99	olaTTNAIg103/196	31.111	90	59	2	5	92	3	91	3.10e-12	48.5
olaTTNIg99	olaTTNAIg97/197	32.927	82	54	1	6	87	8	88	1.39e-11	46.6
olaTTNIg99	olaTTNAIg74/193	31.884	69	46	1	15	83	13	80	1.62e-11	46.6
olaTTNIg99	olaTTNAIg92/197	30.435	92	62	2	6	96	6	96	1.71e-11	46.6
olaTTNIg99	olaTTNAIg101/196	35.294	85	52	2	15	97	13	96	4.08e-11	45.4
olaTTNIg99	olaTTNAIg100/196	28.788	66	47	0	15	80	16	81	5.39e-11	45.1
olaTTNIg99	olaTTNAIg111/1101	32.500	80	52	2	18	96	22	100	7.14e-11	45.1
olaTTNIg99	olaTTNAIg85/193	28.409	88	62	1	9	96	6	92	1.72e-10	43.9
olaTTNIg99	olaTTNAIg71/194	32.967	91	58	2	6	96	6	93	2.84e-10	43.1
olaTTNIg99	olaTTNAIg76/192	26.829	82	59	1	15	96	11	91	5.84e-10	42.4
olaTTNIg99	olaTTNAIg65/195	23.457	81	61	1	3	83	3	82	1.16e-09	41.6
olaTTNIg99	olaTTNAIg70/195	29.487	78	55	0	6	83	5	82	2.40e-09	40.8
olaTTNIg99	olaTTNAIg62/195	35.593	59	37	1	25	82	24	82	2.51e-08	38.1
olaTTNIg99	olaTTNAIg63/197	23.158	95	72	1	2	96	3	96	2.57e-08	38.1
olaTTNIg99	olaTTNAIg79/196	27.536	69	50	0	15	83	15	83	7.93e-08	37.0
olaTTNIg99	olaTTNAIg69/195	22.472	89	67	1	2	90	3	89	8.22e-08	37.0
olaTTNIg99	olaTTNAIg64/193	25.926	81	59	1	14	94	11	90	1.68e-07	36.2
olaTTNIg99	olaTTNAIg66/1103	30.380	79	49	1	14	86	15	93	4.15e-07	35.0
olaTTNIg99	olaTTNAIg67/1104	25.316	79	49	2	15	84	16	93	1.01e-06	34.3
olaTTNIg99	olaTTNAIg80/198	26.437	87	47	3	6	83	7	85	2.45e-04	27.7
olaTTNIg99	olaTTNAIg108/193	26.389	72	53	0	16	87	13	84	5.25e-04	26.6
olaTTNIg99	olaTTNAIg68/199	26.506	83	49	4	20	92	16	96	0.003	24.6
olaTTNIg99	olaTTNAIg110/193	24.000	25	19	0	15	39	12	36	2.9	16.2
olaTTNIg100	olaTTNAIg100/196	56.842	95	41	0	1	95	2	96	1.96e-43	127
olaTTNIg100	olaTTNAIg103/196	38.947	95	58	0	1	95	1	95	2.65e-25	81.6
olaTTNIg100	olaTTNAIg94/193	34.940	83	54	0	12	94	9	91	3.95e-19	65.9
olaTTNIg100	olaTTNAIg88/193	32.530	83	56	0	12	94	9	91	3.12e-18	63.5
olaTTNIg100	olaTTNAIg85/193	33.735	83	55	0	12	94	9	91	1.36e-16	59.3
olaTTNIg100	olaTTNAIg78/195	29.670	91	64	0	1	91	1	91	2.24e-16	58.9
olaTTNIg100	olaTTNAIg107/194	34.375	96	59	3	1	95	1	93	3.34e-16	58.5
olaTTNIg100	olaTTNAIg87/194	35.106	94	59	1	1	94	2	93	4.02e-16	58.2
olaTTNIg100	olaTTNAIg89/196	32.558	86	58	0	1	86	1	86	2.14e-15	56.6
olaTTNIg100	olaTTNAIg91/193	31.325	83	57	0	12	94	9	91	6.79e-15	55.1
olaTTNIg100	olaTTNAIg82/196	32.500	80	54	0	1	80	1	80	1.84e-14	53.9
olaTTNIg100	olaTTNAIg97/197	25.532	94	70	0	1	94	2	95	1.93e-14	53.9
olaTTNIg100	olaTTNAIg106/197	26.316	95	69	1	1	94	1	95	9.14e-14	52.4
olaTTNIg100	olaTTNAIg90/194	31.915	94	62	1	1	94	2	93	7.57e-13	49.7
olaTTNIg100	olaTTNAIg65/195	37.647	85	50	3	2	86	4	85	2.67e-12	48.5
olaTTNIg100	olaTTNAIg93/194	30.851	94	63	1	1	94	1	92	3.35e-12	48.1
olaTTNIg100	olaTTNAIg99/1104	26.866	67	49	0	16	82	16	82	5.09e-12	47.8
olaTTNIg100	olaTTNAIg105/194	24.176	91	67	1	1	91	1	89	8.82e-12	47.0
olaTTNIg100	olaTTNAIg96/194	26.596	94	67	1	1	94	1	92	1.27e-11	46.6
olaTTNIg100	olaTTNAIg104/198	28.421	95	67	1	1	94	2	96	1.54e-11	46.6
olaTTNIg100	olaTTNAIg86/197	27.660	94	68	0	1	94	2	95	1.54e-11	46.6
olaTTNIg100	olaTTNAIg79/196	22.340	94	71	1	1	92	1	94	3.13e-11	45.8
olaTTNIg100	olaTTNAIg102/194	29.167	96	62	2	1	94	1	92	3.64e-11	45.4
olaTTNIg100	olaTTNAIg76/192	27.941	68	49	0	13	80	9	76	4.24e-11	45.4
olaTTNIg100	olaTTNAIg64/193	30.667	75	52	0	21	95	18	92	9.58e-11	44.3
olaTTNIg100	olaTTNAIg81/193	27.660	94	66	1	1	94	1	92	1.29e-10	43.9
olaTTNIg100	olaTTNAIg69/195	26.596	94	67	1	1	94	2	93	1.45e-10	43.9
olaTTNIg100	olaTTNAIg73/196	27.660	94	68	0	1	94	2	95	3.13e-10	43.1
olaTTNIg100	olaTTNAIg109/193	31.250	64	43	1	18	80	14	77	3.25e-10	43.1
olaTTNIg100	olaTTNAIg84/195	27.835	97	62	2	1	94	2	93	4.51e-10	42.7
olaTTNIg100	olaTTNAIg74/193	24.286	70	52	1	11	80	9	77	4.73e-10	42.7
olaTTNIg100	olaTTNAIg98/191	24.096	83	63	0	1	83	1	83	8.28e-10	42.0
olaTTNIg100	olaTTNAIg62/195	29.348	92	63	2	1	91	1	91	1.25e-09	41.6
olaTTNIg100	olaTTNAIg111/1101	28.378	74	52	1	11	83	15	88	1.28e-09	41.6
olaTTNIg100	olaTTNAIg63/197	32.394	71	46	1	23	91	22	92	2.91e-09	40.8
olaTTNIg100	olaTTNAIg92/197	30.488	82	54	3	1	80	1	81	3.13e-09	40.4
olaTTNIg100	olaTTNAIg77/197	26.250	80	59	0	1	80	2	81	3.67e-09	40.4
olaTTNIg100	olaTTNAIg70/195	24.242	66	50	0	15	80	14	79	4.62e-09	40.0
olaTTNIg100	olaTTNAIg83/196	25.000	80	60	0	1	80	1	80	1.18e-08	38.9
olaTTNIg100	olaTTNAIg67/1104	26.374	91	57	2	13	94	14	103	3.60e-08	38.1
olaTTNIg100	olaTTNAIg66/1103	26.042	96	65	1	5	94	6	101	3.77e-08	37.7
olaTTNIg100	olaTTNAIg75/195	24.490	98	65	2	1	94	1	93	5.85e-08	37.4
olaTTNIg100	olaTTNAIg80/198	30.120	83	57	1	13	94	14	96	6.49e-08	37.4
olaTTNIg100	olaTTNAIg101/196	23.656	93	67	2	1	91	1	91	8.09e-08	37.0
olaTTNIg100	olaTTNAIg95/199	25.333	75	56	0	15	89	16	90	3.24e-07	35.4
olaTTNIg100	olaTTNAIg72/197	24.096	83	61	2	13	94	14	95	3.84e-06	32.3
olaTTNIg100	olaTTNAIg68/199	28.378	74	46	2	29	95	25	98	7.00e-06	32.0
olaTTNIg100	olaTTNAIg71/194	21.277	94	72	1	1	94	1	92	3.41e-05	30.0
olaTTNIg100	olaTTNAIg108/193	21.739	69	54	0	13	81	10	78	3.15e-04	27.3
olaTTNIg100	olaTTNAIg110/193	29.032	31	21	1	29	59	26	55	0.14	20.0
olaTTNIg101	olaTTNAIg101/196	51.020	98	43	2	1	95	1	96	6.78e-35	105
olaTTNIg101	olaTTNAIg69/195	29.474	95	64	2	1	94	2	94	5.71e-18	63.2
olaTTNIg101	olaTTNAIg105/194	37.895	95	58	1	1	95	1	94	2.39e-17	61.2
olaTTNIg101	olaTTNAIg86/197	35.789	95	60	1	1	94	2	96	4.06e-17	60.8
olaTTNIg101	olaTTNAIg87/194	36.170	94	59	1	1	94	2	94	2.75e-16	58.5
olaTTNIg101	olaTTNAIg89/196	34.737	95	61	1	1	94	1	95	4.21e-16	58.2
olaTTNIg101	olaTTNAIg65/195	34.043	94	62	0	1	94	1	94	4.44e-16	58.2
olaTTNIg101	olaTTNAIg91/193	34.884	86	55	1	10	94	7	92	6.39e-16	57.8
olaTTNIg101	olaTTNAIg63/197	32.632	95	63	1	1	94	2	96	9.14e-15	54.7
olaTTNIg101	olaTTNAIg78/195	31.579	95	64	1	1	94	1	95	1.06e-14	54.7
olaTTNIg101	olaTTNAIg75/195	30.526	95	66	0	1	95	1	95	2.12e-14	53.9
olaTTNIg101	olaTTNAIg84/195	34.375	96	60	2	1	95	2	95	3.80e-14	53.1
olaTTNIg101	olaTTNAIg77/197	35.789	95	60	1	1	94	2	96	6.19e-14	52.8
olaTTNIg101	olaTTNAIg94/193	36.559	93	55	2	1	92	1	90	1.58e-13	51.6
olaTTNIg101	olaTTNAIg83/196	34.375	96	60	2	1	94	1	95	1.64e-13	51.6
olaTTNIg101	olaTTNAIg98/191	28.571	84	59	1	1	83	1	84	3.33e-13	50.8
olaTTNIg101	olaTTNAIg88/193	32.927	82	54	1	14	94	11	92	4.00e-13	50.4
olaTTNIg101	olaTTNAIg66/1103	34.483	87	50	2	15	94	16	102	4.27e-13	50.8
olaTTNIg101	olaTTNAIg73/196	31.250	96	63	2	1	94	2	96	1.07e-12	49.7
olaTTNIg101	olaTTNAIg79/196	30.108	93	64	1	1	92	1	93	1.09e-12	49.7
olaTTNIg101	olaTTNAIg72/197	31.959	97	61	2	1	94	2	96	1.48e-12	49.3
olaTTNIg101	olaTTNAIg97/197	36.145	83	48	2	15	94	16	96	1.51e-12	49.3
olaTTNIg101	olaTTNAIg96/194	32.292	96	62	2	1	95	1	94	3.31e-12	48.1
olaTTNIg101	olaTTNAIg109/193	30.208	96	61	3	1	94	1	92	3.42e-12	48.1
olaTTNIg101	olaTTNAIg104/198	33.333	87	55	2	11	95	13	98	3.49e-12	48.1
olaTTNIg101	olaTTNAIg102/194	32.632	95	63	1	1	95	1	94	4.43e-12	47.8
olaTTNIg101	olaTTNAIg74/193	32.927	82	55	0	13	94	11	92	6.05e-12	47.4
olaTTNIg101	olaTTNAIg81/193	29.787	94	65	1	1	94	1	93	6.25e-12	47.4
olaTTNIg101	olaTTNAIg82/196	32.632	95	63	1	1	94	1	95	6.88e-12	47.4
olaTTNIg101	olaTTNAIg107/194	30.435	92	63	1	1	92	1	91	6.96e-12	47.4
olaTTNIg101	olaTTNAIg95/199	34.737	95	61	1	1	94	2	96	7.09e-12	47.4
olaTTNIg101	olaTTNAIg93/194	31.250	96	63	2	1	95	1	94	1.76e-11	46.2
olaTTNIg101	olaTTNAIg92/197	31.250	96	64	1	1	94	1	96	1.85e-11	46.2
olaTTNIg101	olaTTNAIg90/194	28.723	94	66	1	1	94	2	94	1.93e-11	46.2
olaTTNIg101	olaTTNAIg71/194	34.615	78	50	1	17	94	17	93	2.50e-11	45.8
olaTTNIg101	olaTTNAIg111/1101	32.258	93	58	3	7	94	8	100	3.35e-11	45.8
olaTTNIg101	olaTTNAIg67/1104	31.868	91	53	1	13	94	14	104	3.51e-11	45.8
olaTTNIg101	olaTTNAIg80/198	32.292	96	63	2	1	94	2	97	1.12e-10	44.3
olaTTNIg101	olaTTNAIg70/195	33.721	86	52	3	1	84	2	84	3.57e-10	43.1
olaTTNIg101	olaTTNAIg103/196	27.160	81	58	1	13	92	13	93	7.37e-10	42.4
olaTTNIg101	olaTTNAIg99/1104	30.120	83	56	2	15	95	15	97	2.53e-09	40.8
olaTTNIg101	olaTTNAIg85/193	31.111	90	53	2	10	94	7	92	1.39e-08	38.9
olaTTNIg101	olaTTNAIg76/192	24.096	83	62	1	13	94	9	91	2.23e-08	38.1
olaTTNIg101	olaTTNAIg106/197	29.412	85	56	2	13	94	13	96	4.36e-08	37.7
olaTTNIg101	olaTTNAIg108/193	25.287	87	64	1	8	93	5	91	6.42e-08	37.0
olaTTNIg101	olaTTNAIg100/196	25.000	64	47	1	13	75	14	77	9.37e-08	36.6
olaTTNIg101	olaTTNAIg110/193	28.736	87	53	2	13	93	10	93	1.82e-06	33.1
olaTTNIg101	olaTTNAIg62/195	25.581	86	62	1	9	92	8	93	6.98e-06	31.6
olaTTNIg101	olaTTNAIg68/199	24.324	74	48	1	27	92	23	96	3.59e-05	30.0
olaTTNIg101	olaTTNAIg64/193	27.160	81	58	1	13	92	10	90	1.65e-04	28.1
olaTTNIg102	olaTTNAIg102/194	58.511	94	39	0	2	95	1	94	4.86e-41	121
olaTTNIg102	olaTTNAIg90/194	41.489	94	55	0	1	94	1	94	2.30e-28	89.4
olaTTNIg102	olaTTNAIg96/194	41.489	94	55	0	2	95	1	94	1.21e-27	87.4
olaTTNIg102	olaTTNAIg87/194	41.489	94	55	0	1	94	1	94	6.47e-26	83.2
olaTTNIg102	olaTTNAIg105/194	41.489	94	55	0	2	95	1	94	3.97e-24	78.6
olaTTNIg102	olaTTNAIg78/195	40.000	95	55	1	2	94	1	95	2.12e-23	76.6
olaTTNIg102	olaTTNAIg93/194	38.298	94	58	0	2	95	1	94	7.40e-23	75.5
olaTTNIg102	olaTTNAIg69/195	31.579	95	65	0	1	95	1	95	8.10e-22	72.8
olaTTNIg102	olaTTNAIg81/193	33.333	93	62	0	2	94	1	93	2.12e-21	71.6
olaTTNIg102	olaTTNAIg89/196	36.842	95	58	1	2	94	1	95	4.48e-20	68.6
olaTTNIg102	olaTTNAIg107/194	32.609	92	62	0	2	93	1	92	4.60e-20	68.2
olaTTNIg102	olaTTNAIg72/197	40.000	95	55	2	2	94	2	96	6.51e-20	68.2
olaTTNIg102	olaTTNAIg86/197	37.500	96	58	1	1	94	1	96	6.65e-20	68.2
olaTTNIg102	olaTTNAIg104/198	37.755	98	58	2	1	95	1	98	2.26e-19	66.6
olaTTNIg102	olaTTNAIg84/195	32.632	95	64	0	1	95	1	95	2.69e-19	66.2
olaTTNIg102	olaTTNAIg83/196	35.789	95	59	1	2	94	1	95	4.81e-18	63.2
olaTTNIg102	olaTTNAIg77/197	35.052	97	59	2	1	94	1	96	5.74e-18	63.2
olaTTNIg102	olaTTNAIg75/195	33.333	96	61	2	2	95	1	95	1.29e-17	62.0
olaTTNIg102	olaTTNAIg71/194	31.183	93	64	0	2	94	1	93	4.07e-17	60.8
olaTTNIg102	olaTTNAIg101/196	40.000	95	53	1	5	95	2	96	7.27e-17	60.1
olaTTNIg102	olaTTNAIg92/197	33.333	96	61	1	2	94	1	96	9.66e-17	60.1
olaTTNIg102	olaTTNAIg95/199	31.250	96	64	1	1	94	1	96	5.50e-16	58.2
olaTTNIg102	olaTTNAIg99/1104	30.526	95	63	2	4	95	3	97	1.95e-15	56.6
olaTTNIg102	olaTTNAIg73/196	29.167	96	66	1	1	94	1	96	4.57e-15	55.5
olaTTNIg102	olaTTNAIg70/195	30.208	96	63	2	1	94	1	94	5.48e-15	55.5
olaTTNIg102	olaTTNAIg103/196	29.787	94	64	1	2	93	1	94	8.84e-15	54.7
olaTTNIg102	olaTTNAIg65/195	31.915	94	63	1	2	94	1	94	9.95e-14	52.0
olaTTNIg102	olaTTNAIg88/193	29.762	84	57	1	13	94	9	92	4.27e-13	50.4
olaTTNIg102	olaTTNAIg82/196	31.579	95	63	1	2	94	1	95	1.54e-12	49.3
olaTTNIg102	olaTTNAIg64/193	37.500	72	43	1	24	93	20	91	2.50e-12	48.5
olaTTNIg102	olaTTNAIg74/193	35.165	91	56	2	6	94	3	92	8.18e-12	47.4
olaTTNIg102	olaTTNAIg106/197	26.804	97	66	2	2	94	1	96	1.24e-11	47.0
olaTTNIg102	olaTTNAIg67/1104	28.571	105	63	2	1	94	1	104	1.61e-11	46.6
olaTTNIg102	olaTTNAIg63/197	25.263	95	69	1	2	94	2	96	3.09e-11	45.8
olaTTNIg102	olaTTNAIg94/193	27.059	85	58	2	13	94	9	92	3.17e-11	45.8
olaTTNIg102	olaTTNAIg98/191	28.916	83	57	1	2	82	1	83	5.04e-11	45.1
olaTTNIg102	olaTTNAIg76/192	29.885	87	47	3	16	94	11	91	3.59e-10	42.7
olaTTNIg102	olaTTNAIg91/193	27.381	84	59	1	13	94	9	92	9.79e-10	42.0
olaTTNIg102	olaTTNAIg80/198	30.928	97	64	2	1	94	1	97	1.72e-09	41.2
olaTTNIg102	olaTTNAIg100/196	22.892	83	62	1	1	81	1	83	2.71e-09	40.8
olaTTNIg102	olaTTNAIg62/195	29.630	81	53	2	2	79	1	80	4.29e-09	40.0
olaTTNIg102	olaTTNAIg66/1103	32.353	102	60	3	2	94	1	102	5.44e-09	40.0
olaTTNIg102	olaTTNAIg111/1101	33.750	80	48	3	19	94	22	100	8.57e-09	39.7
olaTTNIg102	olaTTNAIg85/193	29.670	91	59	2	9	94	2	92	8.72e-09	39.3
olaTTNIg102	olaTTNAIg79/196	27.160	81	55	2	16	93	15	94	4.57e-08	37.4
olaTTNIg102	olaTTNAIg97/197	23.711	97	70	2	1	94	1	96	5.71e-06	32.0
olaTTNIg102	olaTTNAIg68/199	29.688	64	34	3	30	83	25	87	3.90e-05	29.6
olaTTNIg102	olaTTNAIg110/193	30.645	62	39	1	30	87	26	87	3.12e-04	27.3
olaTTNIg102	olaTTNAIg108/193	27.941	68	47	1	17	82	13	80	0.001	25.8
olaTTNIg102	olaTTNAIg108/193	54.545	11	5	0	35	45	72	82	4.4	15.8
olaTTNIg103	olaTTNAIg103/196	65.625	96	33	0	1	96	1	96	3.94e-48	139
olaTTNIg103	olaTTNAIg89/196	35.417	96	62	0	1	96	1	96	1.69e-20	69.3
olaTTNIg103	olaTTNAIg97/197	34.375	96	63	0	1	96	2	97	8.50e-19	65.1
olaTTNIg103	olaTTNAIg95/199	37.500	96	60	0	1	96	2	97	1.03e-18	65.1
olaTTNIg103	olaTTNAIg100/196	30.526	95	66	0	1	95	2	96	2.60e-18	63.9
olaTTNIg103	olaTTNAIg78/195	33.333	93	62	0	1	93	1	93	6.18e-18	62.8
olaTTNIg103	olaTTNAIg96/194	35.484	93	58	1	1	93	1	91	1.05e-17	62.4
olaTTNIg103	olaTTNAIg82/196	31.183	93	64	0	1	93	1	93	3.92e-17	60.8
olaTTNIg103	olaTTNAIg84/195	35.484	93	58	1	1	93	2	92	5.42e-17	60.5
olaTTNIg103	olaTTNAIg90/194	38.272	81	48	1	13	93	14	92	5.65e-17	60.5
olaTTNIg103	olaTTNAIg86/197	29.167	96	68	0	1	96	2	97	1.27e-16	59.7
olaTTNIg103	olaTTNAIg92/197	34.021	97	63	1	1	96	1	97	1.58e-16	59.3
olaTTNIg103	olaTTNAIg94/193	35.897	78	50	0	14	91	11	88	1.76e-16	59.3
olaTTNIg103	olaTTNAIg99/1104	38.806	67	41	0	17	83	17	83	2.26e-16	58.9
olaTTNIg103	olaTTNAIg79/196	28.125	96	69	0	1	96	1	96	6.51e-16	57.8
olaTTNIg103	olaTTNAIg106/197	31.522	92	62	1	1	91	1	92	1.32e-15	57.0
olaTTNIg103	olaTTNAIg88/193	33.784	74	49	0	18	91	15	88	1.72e-15	56.6
olaTTNIg103	olaTTNAIg104/198	30.851	94	64	1	1	93	2	95	3.24e-15	56.2
olaTTNIg103	olaTTNAIg81/193	43.478	69	37	1	25	93	25	91	1.26e-14	54.3
olaTTNIg103	olaTTNAIg91/193	34.247	73	48	0	14	86	11	83	1.56e-14	54.3
olaTTNIg103	olaTTNAIg105/194	33.333	93	60	1	1	93	1	91	3.23e-14	53.5
olaTTNIg103	olaTTNAIg83/196	27.083	96	70	0	1	96	1	96	4.88e-14	53.1
olaTTNIg103	olaTTNAIg73/196	32.258	93	63	0	1	93	2	94	9.13e-14	52.4
olaTTNIg103	olaTTNAIg87/194	30.108	93	63	1	1	93	2	92	3.44e-13	50.8
olaTTNIg103	olaTTNAIg63/197	28.395	81	58	0	13	93	14	94	3.88e-13	50.8
olaTTNIg103	olaTTNAIg64/193	31.507	73	50	0	23	95	20	92	8.61e-13	49.7
olaTTNIg103	olaTTNAIg62/195	36.170	94	58	2	1	93	1	93	2.11e-12	48.9
olaTTNIg103	olaTTNAIg76/192	26.316	76	56	0	8	83	4	79	1.09e-11	47.0
olaTTNIg103	olaTTNAIg107/194	31.250	80	53	1	17	96	17	94	1.24e-11	46.6
olaTTNIg103	olaTTNAIg77/197	26.882	93	68	0	1	93	2	94	2.05e-11	46.2
olaTTNIg103	olaTTNAIg70/195	30.435	69	48	0	28	96	27	95	2.39e-11	46.2
olaTTNIg103	olaTTNAIg72/197	32.927	82	53	1	13	94	14	93	3.02e-11	45.8
olaTTNIg103	olaTTNAIg93/194	30.108	93	63	1	1	93	1	91	3.34e-11	45.8
olaTTNIg103	olaTTNAIg71/194	37.313	67	40	1	27	93	27	91	8.05e-11	44.7
olaTTNIg103	olaTTNAIg65/195	25.806	93	68	1	1	93	1	92	8.57e-11	44.7
olaTTNIg103	olaTTNAIg74/193	29.630	81	56	1	13	93	11	90	9.07e-11	44.7
olaTTNIg103	olaTTNAIg85/193	33.766	77	51	0	17	93	14	90	1.96e-10	43.5
olaTTNIg103	olaTTNAIg109/193	31.250	80	54	1	15	93	11	90	4.38e-10	42.7
olaTTNIg103	olaTTNAIg75/195	38.571	70	36	2	27	93	27	92	5.76e-10	42.4
olaTTNIg103	olaTTNAIg111/1101	31.169	77	52	1	18	93	22	98	8.51e-10	42.4
olaTTNIg103	olaTTNAIg69/195	26.882	93	66	1	1	93	2	92	2.33e-09	40.8
olaTTNIg103	olaTTNAIg68/199	28.947	76	47	1	27	95	23	98	2.40e-09	40.8
olaTTNIg103	olaTTNAIg101/196	26.744	86	61	1	10	93	8	93	6.96e-09	39.7
olaTTNIg103	olaTTNAIg102/194	25.806	93	67	1	1	93	1	91	9.33e-09	39.3
olaTTNIg103	olaTTNAIg67/1104	26.596	94	61	2	8	93	9	102	7.90e-08	37.0
olaTTNIg103	olaTTNAIg98/191	28.571	63	45	0	27	89	27	89	2.32e-07	35.4
olaTTNIg103	olaTTNAIg80/198	28.049	82	58	1	13	93	14	95	5.30e-07	34.7
olaTTNIg103	olaTTNAIg66/1103	24.390	82	54	2	23	96	22	103	7.27e-05	29.3
olaTTNIg103	olaTTNAIg108/193	26.027	73	54	0	11	83	8	80	6.84e-04	26.6
olaTTNIg103	olaTTNAIg110/193	25.882	85	44	4	7	87	6	75	0.049	21.2
olaTTNIg104	olaTTNAIg104/198	69.388	98	30	0	1	98	1	98	2.10e-50	145
olaTTNIg104	olaTTNAIg89/196	40.625	96	56	1	2	97	1	95	2.37e-22	74.3
olaTTNIg104	olaTTNAIg93/194	40.206	97	55	2	2	98	1	94	9.92e-22	72.8
olaTTNIg104	olaTTNAIg84/195	42.574	101	49	3	1	98	1	95	1.47e-20	69.7
olaTTNIg104	olaTTNAIg90/194	40.206	97	55	2	1	97	1	94	1.14e-19	67.4
olaTTNIg104	olaTTNAIg81/193	37.500	96	57	2	2	97	1	93	2.14e-19	66.6
olaTTNIg104	olaTTNAIg86/197	37.113	97	60	1	1	97	1	96	2.53e-19	66.6
olaTTNIg104	olaTTNAIg94/193	39.773	88	53	0	10	97	5	92	4.49e-19	65.9
olaTTNIg104	olaTTNAIg80/198	40.816	98	56	2	1	97	1	97	6.19e-19	65.5
olaTTNIg104	olaTTNAIg63/197	37.500	96	59	1	2	97	2	96	1.69e-18	64.7
olaTTNIg104	olaTTNAIg95/199	35.052	97	62	1	1	97	1	96	2.47e-18	64.3
olaTTNIg104	olaTTNAIg92/197	38.144	97	58	2	2	97	1	96	3.22e-18	63.9
olaTTNIg104	olaTTNAIg75/195	38.144	97	58	2	2	98	1	95	1.98e-17	61.6
olaTTNIg104	olaTTNAIg87/194	38.144	97	57	2	1	97	1	94	2.00e-17	61.6
olaTTNIg104	olaTTNAIg72/197	36.458	96	60	1	2	97	2	96	3.54e-17	61.2
olaTTNIg104	olaTTNAIg77/197	34.021	97	63	1	1	97	1	96	4.40e-17	60.8
olaTTNIg104	olaTTNAIg71/194	36.458	96	58	2	2	97	1	93	4.75e-16	58.2
olaTTNIg104	olaTTNAIg103/196	30.526	95	65	1	2	96	1	94	1.45e-15	57.0
olaTTNIg104	olaTTNAIg76/192	32.955	88	59	0	10	97	4	91	2.59e-15	56.2
olaTTNIg104	olaTTNAIg102/194	34.021	97	61	2	2	98	1	94	4.87e-15	55.5
olaTTNIg104	olaTTNAIg78/195	32.292	96	64	1	2	97	1	95	6.06e-15	55.5
olaTTNIg104	olaTTNAIg105/194	37.500	88	53	1	11	98	9	94	6.25e-15	55.5
olaTTNIg104	olaTTNAIg74/193	35.955	89	52	2	11	97	7	92	1.36e-14	54.3
olaTTNIg104	olaTTNAIg97/197	32.990	97	64	1	1	97	1	96	5.33e-14	53.1
olaTTNIg104	olaTTNAIg101/196	32.955	88	57	1	13	98	9	96	6.90e-14	52.8
olaTTNIg104	olaTTNAIg83/196	35.417	96	61	1	2	97	1	95	1.24e-13	52.0
olaTTNIg104	olaTTNAIg70/195	27.835	97	67	1	1	97	1	94	1.38e-13	52.0
olaTTNIg104	olaTTNAIg91/193	31.461	89	61	0	9	97	4	92	1.74e-13	51.6
olaTTNIg104	olaTTNAIg69/195	30.612	98	65	2	1	98	1	95	2.74e-13	51.2
olaTTNIg104	olaTTNAIg67/1104	32.381	105	62	3	1	97	1	104	3.41e-13	51.2
olaTTNIg104	olaTTNAIg96/194	30.769	91	61	1	8	98	6	94	5.96e-13	50.1
olaTTNIg104	olaTTNAIg82/196	32.941	85	57	0	13	97	11	95	6.23e-13	50.1
olaTTNIg104	olaTTNAIg73/196	30.928	97	66	1	1	97	1	96	2.22e-12	48.9
olaTTNIg104	olaTTNAIg85/193	31.461	89	61	0	9	97	4	92	4.32e-12	48.1
olaTTNIg104	olaTTNAIg99/1104	31.915	94	62	2	6	98	5	97	1.36e-11	47.0
olaTTNIg104	olaTTNAIg88/193	29.070	86	61	0	12	97	7	92	1.64e-11	46.6
olaTTNIg104	olaTTNAIg65/195	33.735	83	54	1	15	97	13	94	2.19e-11	46.2
olaTTNIg104	olaTTNAIg107/194	30.526	95	63	2	2	96	1	92	1.00e-10	44.7
olaTTNIg104	olaTTNAIg100/196	26.042	96	70	1	1	96	1	95	1.31e-09	41.6
olaTTNIg104	olaTTNAIg79/196	24.719	89	67	0	8	96	6	94	3.50e-09	40.4
olaTTNIg104	olaTTNAIg111/1101	30.303	99	61	5	1	93	2	98	1.04e-08	39.3
olaTTNIg104	olaTTNAIg98/191	27.381	84	60	1	2	85	1	83	1.30e-08	38.9
olaTTNIg104	olaTTNAIg109/193	26.136	88	64	1	11	97	5	92	1.81e-08	38.5
olaTTNIg104	olaTTNAIg64/193	32.812	64	43	0	33	96	28	91	7.42e-08	37.0
olaTTNIg104	olaTTNAIg66/1103	29.412	102	66	1	2	97	1	102	1.30e-07	36.6
olaTTNIg104	olaTTNAIg106/197	26.437	87	63	1	12	97	10	96	2.93e-07	35.4
olaTTNIg104	olaTTNAIg68/199	32.530	83	47	2	22	96	16	97	3.43e-07	35.4
olaTTNIg104	olaTTNAIg62/195	26.087	92	67	1	6	96	3	94	1.44e-05	30.8
olaTTNIg104	olaTTNAIg108/193	25.352	71	53	0	15	85	10	80	1.99e-04	27.7
olaTTNIg104	olaTTNAIg110/193	24.706	85	58	3	14	95	11	92	0.003	24.6
olaTTNIg105	olaTTNAIg105/194	60.638	94	37	0	1	94	1	94	4.09e-44	129
olaTTNIg105	olaTTNAIg78/195	44.211	95	51	1	1	93	1	95	2.40e-28	89.4
olaTTNIg105	olaTTNAIg81/193	44.086	93	52	0	1	93	1	93	3.44e-28	89.0
olaTTNIg105	olaTTNAIg93/194	42.553	94	54	0	1	94	1	94	1.50e-27	87.4
olaTTNIg105	olaTTNAIg84/195	42.553	94	54	0	1	94	2	95	3.20e-27	86.7
olaTTNIg105	olaTTNAIg87/194	39.785	93	56	0	1	93	2	94	3.13e-26	84.0
olaTTNIg105	olaTTNAIg90/194	41.935	93	54	0	1	93	2	94	2.21e-25	81.6
olaTTNIg105	olaTTNAIg96/194	35.106	94	61	0	1	94	1	94	5.24e-25	80.9
olaTTNIg105	olaTTNAIg75/195	41.053	95	55	1	1	94	1	95	5.27e-22	73.2
olaTTNIg105	olaTTNAIg102/194	35.106	94	61	0	1	94	1	94	1.04e-19	67.4
olaTTNIg105	olaTTNAIg69/195	32.258	93	63	0	1	93	2	94	2.43e-19	66.6
olaTTNIg105	olaTTNAIg82/196	36.842	95	58	1	1	93	1	95	3.65e-19	65.9
olaTTNIg105	olaTTNAIg101/196	35.714	98	57	2	1	94	1	96	1.54e-17	62.0
olaTTNIg105	olaTTNAIg79/196	36.559	93	57	1	1	91	1	93	1.23e-16	59.7
olaTTNIg105	olaTTNAIg107/194	31.868	91	62	0	1	91	1	91	1.65e-16	59.3
olaTTNIg105	olaTTNAIg99/1104	36.458	96	58	2	2	94	2	97	1.21e-15	57.0
olaTTNIg105	olaTTNAIg71/194	33.333	93	62	0	1	93	1	93	3.87e-15	55.8
olaTTNIg105	olaTTNAIg104/198	34.021	97	61	2	1	94	2	98	4.15e-15	55.8
olaTTNIg105	olaTTNAIg86/197	29.474	95	65	1	1	93	2	96	1.59e-14	54.3
olaTTNIg105	olaTTNAIg103/196	32.530	83	54	1	1	81	1	83	2.36e-14	53.9
olaTTNIg105	olaTTNAIg76/192	34.737	95	56	2	1	93	1	91	2.59e-14	53.5
olaTTNIg105	olaTTNAIg65/195	34.737	95	59	2	1	93	1	94	7.04e-14	52.4
olaTTNIg105	olaTTNAIg97/197	30.526	95	64	1	1	93	2	96	1.35e-13	52.0
olaTTNIg105	olaTTNAIg91/193	34.524	84	53	1	12	93	9	92	1.74e-13	51.6
olaTTNIg105	olaTTNAIg73/196	32.632	95	62	1	1	93	2	96	2.84e-13	50.8
olaTTNIg105	olaTTNAIg89/196	29.474	95	65	1	1	93	1	95	3.41e-13	50.8
olaTTNIg105	olaTTNAIg80/198	34.375	96	60	2	1	93	2	97	3.88e-13	50.8
olaTTNIg105	olaTTNAIg95/199	29.474	95	65	1	1	93	2	96	6.58e-13	50.1
olaTTNIg105	olaTTNAIg74/193	34.831	89	55	2	8	93	4	92	6.79e-13	50.1
olaTTNIg105	olaTTNAIg83/196	31.250	96	62	2	1	93	1	95	6.94e-13	50.1
olaTTNIg105	olaTTNAIg88/193	33.333	84	54	1	12	93	9	92	7.40e-13	49.7
olaTTNIg105	olaTTNAIg77/197	31.579	95	63	1	1	93	2	96	1.15e-12	49.3
olaTTNIg105	olaTTNAIg111/1101	36.709	79	47	2	18	93	22	100	4.91e-12	47.8
olaTTNIg105	olaTTNAIg63/197	27.368	95	67	1	1	93	2	96	7.03e-12	47.4
olaTTNIg105	olaTTNAIg94/193	32.632	95	59	2	1	93	1	92	9.22e-12	47.0
olaTTNIg105	olaTTNAIg66/1103	33.333	90	52	1	12	93	13	102	1.36e-11	47.0
olaTTNIg105	olaTTNAIg109/193	31.818	88	57	2	9	93	5	92	1.65e-11	46.2
olaTTNIg105	olaTTNAIg67/1104	30.303	99	56	3	5	93	9	104	1.24e-10	44.3
olaTTNIg105	olaTTNAIg92/197	31.250	96	63	1	1	93	1	96	1.65e-10	43.9
olaTTNIg105	olaTTNAIg72/197	27.368	95	67	1	1	93	2	96	5.88e-10	42.4
olaTTNIg105	olaTTNAIg85/193	32.632	95	59	2	1	93	1	92	1.86e-09	41.2
olaTTNIg105	olaTTNAIg70/195	29.167	96	62	3	1	93	2	94	4.54e-09	40.0
olaTTNIg105	olaTTNAIg98/191	24.096	83	61	1	1	81	1	83	1.02e-08	39.3
olaTTNIg105	olaTTNAIg100/196	23.750	80	59	1	1	78	2	81	9.03e-08	36.6
olaTTNIg105	olaTTNAIg64/193	35.294	85	51	2	11	91	6	90	3.39e-07	35.0
olaTTNIg105	olaTTNAIg68/199	29.851	67	34	3	26	81	22	86	6.82e-06	32.0
olaTTNIg105	olaTTNAIg106/197	26.042	96	68	1	1	93	1	96	3.25e-05	30.0
olaTTNIg105	olaTTNAIg62/195	26.667	75	48	3	21	88	20	94	1.32e-04	28.5
olaTTNIg105	olaTTNAIg108/193	28.378	74	51	2	13	84	10	83	0.003	24.6
olaTTNIg105	olaTTNAIg110/193	28.571	63	41	1	23	81	20	82	0.003	24.6
olaTTNIg106	olaTTNAIg106/197	59.794	97	38	1	1	96	1	97	2.22e-40	119
olaTTNIg106	olaTTNAIg103/196	35.417	96	62	0	1	96	1	96	1.30e-20	69.7
olaTTNIg106	olaTTNAIg82/196	33.333	93	62	0	1	93	1	93	8.40e-18	62.8
olaTTNIg106	olaTTNAIg76/192	29.885	87	61	0	8	94	4	90	2.00e-17	61.6
olaTTNIg106	olaTTNAIg91/193	36.709	79	50	0	18	96	15	93	1.48e-16	59.3
olaTTNIg106	olaTTNAIg99/1104	37.313	67	42	0	17	83	17	83	1.32e-15	57.0
olaTTNIg106	olaTTNAIg94/193	36.145	83	53	0	14	96	11	93	1.56e-15	56.6
olaTTNIg106	olaTTNAIg87/194	31.915	94	62	1	1	94	2	93	4.09e-15	55.8
olaTTNIg106	olaTTNAIg85/193	31.325	83	57	0	14	96	11	93	5.31e-14	52.8
olaTTNIg106	olaTTNAIg88/193	31.325	83	57	0	14	96	11	93	8.24e-13	49.7
olaTTNIg106	olaTTNAIg63/197	35.000	80	52	0	17	96	18	97	1.77e-12	48.9
olaTTNIg106	olaTTNAIg98/191	27.586	87	60	1	8	91	5	91	4.33e-12	47.8
olaTTNIg106	olaTTNAIg62/195	28.125	96	67	2	1	95	1	95	6.73e-12	47.4
olaTTNIg106	olaTTNAIg109/193	27.160	81	58	1	17	96	13	93	2.32e-11	46.2
olaTTNIg106	olaTTNAIg105/194	31.707	82	54	1	10	91	10	89	8.14e-11	44.7
olaTTNIg106	olaTTNAIg89/196	30.000	80	56	0	17	96	17	96	1.02e-10	44.3
olaTTNIg106	olaTTNAIg104/198	26.966	89	65	0	6	94	8	96	1.13e-10	44.3
olaTTNIg106	olaTTNAIg97/197	25.000	96	72	0	1	96	2	97	1.73e-10	43.9
olaTTNIg106	olaTTNAIg86/197	28.125	96	69	0	1	96	2	97	1.83e-10	43.9
olaTTNIg106	olaTTNAIg95/199	28.736	87	62	0	10	96	11	97	2.70e-10	43.5
olaTTNIg106	olaTTNAIg78/195	31.081	74	51	0	10	83	10	83	6.41e-10	42.4
olaTTNIg106	olaTTNAIg71/194	33.721	86	55	1	11	96	11	94	6.49e-10	42.4
olaTTNIg106	olaTTNAIg77/197	27.083	96	70	0	1	96	2	97	7.25e-10	42.4
olaTTNIg106	olaTTNAIg65/195	28.723	94	66	1	1	94	1	93	7.94e-10	42.0
olaTTNIg106	olaTTNAIg80/198	31.325	83	56	1	13	94	14	96	8.22e-10	42.0
olaTTNIg106	olaTTNAIg93/194	27.083	96	64	2	1	94	1	92	2.29e-09	40.8
olaTTNIg106	olaTTNAIg74/193	24.731	93	67	2	1	93	1	90	2.29e-09	40.8
olaTTNIg106	olaTTNAIg84/195	28.723	94	65	1	1	94	2	93	2.33e-09	40.8
olaTTNIg106	olaTTNAIg100/196	22.500	80	62	0	1	80	2	81	5.22e-09	40.0
olaTTNIg106	olaTTNAIg101/196	30.769	91	47	3	1	83	1	83	6.19e-09	39.7
olaTTNIg106	olaTTNAIg83/196	26.042	96	71	0	1	96	1	96	7.49e-09	39.7
olaTTNIg106	olaTTNAIg107/194	28.049	82	57	1	15	96	15	94	7.79e-09	39.7
olaTTNIg106	olaTTNAIg96/194	25.532	94	68	1	1	94	1	92	1.47e-08	38.9
olaTTNIg106	olaTTNAIg79/196	26.190	84	62	0	1	84	1	84	1.79e-08	38.5
olaTTNIg106	olaTTNAIg81/193	26.667	75	53	1	20	94	20	92	2.31e-08	38.1
olaTTNIg106	olaTTNAIg75/195	25.773	97	65	2	1	94	1	93	6.90e-08	37.0
olaTTNIg106	olaTTNAIg111/1101	24.691	81	60	1	12	91	16	96	8.92e-08	37.0
olaTTNIg106	olaTTNAIg108/193	34.328	67	42	2	18	83	15	80	1.78e-07	35.8
olaTTNIg106	olaTTNAIg72/197	26.596	94	69	0	1	94	2	95	4.61e-07	35.0
olaTTNIg106	olaTTNAIg69/195	23.404	94	70	1	1	94	2	93	9.31e-07	34.3
olaTTNIg106	olaTTNAIg102/194	28.788	66	45	1	18	83	18	81	1.95e-06	33.1
olaTTNIg106	olaTTNAIg64/193	20.213	94	72	1	1	94	1	91	4.04e-06	32.3
olaTTNIg106	olaTTNAIg92/197	30.120	83	57	1	15	96	15	97	4.80e-06	32.3
olaTTNIg106	olaTTNAIg67/1104	22.549	102	71	2	1	94	2	103	3.51e-05	30.0
olaTTNIg106	olaTTNAIg70/195	19.118	68	55	0	29	96	28	95	4.62e-05	29.6
olaTTNIg106	olaTTNAIg110/193	22.222	63	45	2	27	86	24	85	3.12e-04	27.3
olaTTNIg106	olaTTNAIg66/1103	21.591	88	63	2	15	96	16	103	0.003	25.0
olaTTNIg107	olaTTNAIg107/194	62.766	94	35	0	1	94	1	94	1.40e-39	117
olaTTNIg107	olaTTNAIg81/193	43.478	92	52	0	1	92	1	92	2.33e-25	81.6
olaTTNIg107	olaTTNAIg93/194	42.391	92	53	0	1	92	1	92	2.34e-23	76.6
olaTTNIg107	olaTTNAIg87/194	39.130	92	56	0	1	92	2	93	5.53e-21	70.5
olaTTNIg107	olaTTNAIg102/194	34.783	92	60	0	1	92	1	92	1.14e-20	69.7
olaTTNIg107	olaTTNAIg90/194	38.043	92	57	0	1	92	2	93	1.74e-20	69.3
olaTTNIg107	olaTTNAIg84/195	36.957	92	58	0	1	92	2	93	2.07e-18	63.9
olaTTNIg107	olaTTNAIg105/194	35.165	91	59	0	1	91	1	91	2.28e-18	63.9
olaTTNIg107	olaTTNAIg94/193	33.721	86	55	1	11	94	8	93	2.92e-18	63.5
olaTTNIg107	olaTTNAIg75/195	37.634	93	57	1	1	92	1	93	1.37e-17	62.0
olaTTNIg107	olaTTNAIg78/195	37.634	93	56	2	1	91	1	93	1.39e-17	62.0
olaTTNIg107	olaTTNAIg88/193	36.250	80	49	1	12	89	9	88	8.03e-17	60.1
olaTTNIg107	olaTTNAIg96/194	28.261	92	66	0	1	92	1	92	3.16e-16	58.5
olaTTNIg107	olaTTNAIg69/195	31.522	92	63	0	1	92	2	93	4.63e-16	58.2
olaTTNIg107	olaTTNAIg86/197	35.417	96	60	1	1	94	2	97	5.07e-16	58.2
olaTTNIg107	olaTTNAIg99/1104	31.765	85	56	1	2	84	2	86	9.92e-16	57.4
olaTTNIg107	olaTTNAIg89/196	36.458	96	59	1	1	94	1	96	1.46e-15	57.0
olaTTNIg107	olaTTNAIg103/196	33.000	100	57	2	1	94	1	96	2.77e-15	56.2
olaTTNIg107	olaTTNAIg72/197	32.979	94	61	1	1	92	2	95	7.04e-15	55.1
olaTTNIg107	olaTTNAIg76/192	33.333	84	54	1	11	92	7	90	4.41e-14	52.8
olaTTNIg107	olaTTNAIg101/196	31.522	92	59	1	4	91	2	93	5.09e-14	52.8
olaTTNIg107	olaTTNAIg95/199	34.375	96	61	1	1	94	2	97	6.06e-14	52.8
olaTTNIg107	olaTTNAIg70/195	33.696	92	59	1	5	94	4	95	6.89e-14	52.4
olaTTNIg107	olaTTNAIg92/197	35.052	97	60	1	1	94	1	97	7.36e-14	52.4
olaTTNIg107	olaTTNAIg104/198	37.500	96	55	3	1	92	2	96	9.85e-14	52.4
olaTTNIg107	olaTTNAIg91/193	26.744	86	61	1	11	94	8	93	1.05e-13	52.0
olaTTNIg107	olaTTNAIg65/195	32.258	93	62	1	1	92	1	93	1.10e-13	52.0
olaTTNIg107	olaTTNAIg79/196	25.773	97	68	2	1	94	1	96	1.41e-13	51.6
olaTTNIg107	olaTTNAIg106/197	33.333	84	51	2	15	94	15	97	1.76e-13	51.6
olaTTNIg107	olaTTNAIg64/193	34.066	91	57	2	5	93	3	92	3.44e-13	50.8
olaTTNIg107	olaTTNAIg74/193	32.222	90	56	2	5	91	3	90	4.51e-13	50.4
olaTTNIg107	olaTTNAIg100/196	32.099	81	53	1	15	93	16	96	7.65e-13	49.7
olaTTNIg107	olaTTNAIg71/194	35.065	77	50	0	18	94	18	94	8.71e-13	49.7
olaTTNIg107	olaTTNAIg83/196	30.208	96	65	1	1	94	1	96	1.15e-12	49.3
olaTTNIg107	olaTTNAIg62/195	32.258	93	59	2	5	93	3	95	3.21e-12	48.1
olaTTNIg107	olaTTNAIg77/197	31.250	96	64	2	1	94	2	97	9.91e-12	47.0
olaTTNIg107	olaTTNAIg111/1101	32.468	77	49	2	18	91	22	98	2.54e-11	46.2
olaTTNIg107	olaTTNAIg80/198	35.789	95	58	2	1	92	2	96	3.79e-11	45.4
olaTTNIg107	olaTTNAIg82/196	26.882	93	66	1	1	91	1	93	6.78e-11	44.7
olaTTNIg107	olaTTNAIg63/197	27.835	97	66	2	1	94	2	97	2.18e-10	43.5
olaTTNIg107	olaTTNAIg73/196	31.915	94	62	1	1	92	2	95	5.53e-10	42.4
olaTTNIg107	olaTTNAIg98/191	25.301	83	60	1	1	81	1	83	6.02e-10	42.4
olaTTNIg107	olaTTNAIg97/197	24.176	91	66	2	6	94	8	97	7.93e-09	39.7
olaTTNIg107	olaTTNAIg67/1104	24.510	102	67	1	1	92	2	103	8.31e-09	39.7
olaTTNIg107	olaTTNAIg85/193	27.381	84	59	1	13	94	10	93	1.60e-08	38.5
olaTTNIg107	olaTTNAIg66/1103	27.174	92	59	2	11	94	12	103	3.10e-08	38.1
olaTTNIg107	olaTTNAIg109/193	25.882	85	60	2	10	91	6	90	6.18e-08	37.0
olaTTNIg107	olaTTNAIg68/199	27.632	76	46	1	27	93	23	98	4.75e-07	35.0
olaTTNIg107	olaTTNAIg110/193	27.907	86	57	3	10	91	8	92	1.24e-06	33.5
olaTTNIg107	olaTTNAIg108/193	28.169	71	49	1	23	91	20	90	6.12e-05	29.3
olaTTNIg108	olaTTNAIg108/193	66.667	93	31	0	1	93	1	93	1.55e-47	137
olaTTNIg108	olaTTNAIg110/193	26.882	93	66	1	1	91	1	93	2.67e-12	48.5
olaTTNIg108	olaTTNAIg101/196	32.877	73	47	1	10	80	11	83	7.32e-11	44.7
olaTTNIg108	olaTTNAIg77/197	23.944	71	54	0	10	80	14	84	1.39e-10	43.9
olaTTNIg108	olaTTNAIg91/193	20.000	90	72	0	1	90	1	90	9.63e-10	41.6
olaTTNIg108	olaTTNAIg70/195	29.630	81	56	1	1	80	2	82	1.20e-09	41.6
olaTTNIg108	olaTTNAIg83/196	28.205	78	55	1	15	91	18	95	2.64e-09	40.8
olaTTNIg108	olaTTNAIg88/193	24.096	83	63	0	1	83	1	83	4.30e-09	40.0
olaTTNIg108	olaTTNAIg98/191	25.000	76	57	0	7	82	10	85	6.01e-09	39.7
olaTTNIg108	olaTTNAIg76/192	25.000	76	57	0	8	83	7	82	1.48e-08	38.5
olaTTNIg108	olaTTNAIg66/1103	29.670	91	57	3	8	91	12	102	3.53e-08	37.7
olaTTNIg108	olaTTNAIg75/195	31.818	88	53	3	2	89	8	88	3.62e-08	37.7
olaTTNIg108	olaTTNAIg85/193	26.087	92	67	1	1	91	1	92	4.66e-08	37.4
olaTTNIg108	olaTTNAIg111/1101	30.488	82	54	2	1	80	8	88	4.74e-08	37.4
olaTTNIg108	olaTTNAIg99/1104	23.611	72	55	0	12	83	15	86	7.46e-08	37.0
olaTTNIg108	olaTTNAIg87/194	40.000	55	31	1	26	80	30	82	9.64e-08	36.6
olaTTNIg108	olaTTNAIg86/197	29.167	72	51	0	10	81	14	85	1.17e-07	36.6
olaTTNIg108	olaTTNAIg65/195	29.577	71	49	1	10	80	13	82	1.48e-07	36.2
olaTTNIg108	olaTTNAIg105/194	30.667	75	50	2	10	84	13	85	1.60e-07	35.8
olaTTNIg108	olaTTNAIg72/197	32.812	64	39	1	17	80	25	84	2.54e-07	35.4
olaTTNIg108	olaTTNAIg95/199	32.353	68	46	0	13	80	17	84	5.70e-07	34.7
olaTTNIg108	olaTTNAIg95/199	33.333	9	6	0	20	28	90	98	7.2	15.0
olaTTNIg108	olaTTNAIg80/198	31.169	77	52	1	8	83	12	88	7.54e-07	34.3
olaTTNIg108	olaTTNAIg74/193	29.167	72	48	2	10	80	11	80	7.84e-07	34.3
olaTTNIg108	olaTTNAIg63/197	21.918	73	57	0	10	82	14	86	8.88e-07	34.3
olaTTNIg108	olaTTNAIg62/195	24.706	85	59	2	8	87	10	94	1.46e-06	33.5
olaTTNIg108	olaTTNAIg73/196	28.000	75	54	0	8	82	12	86	1.49e-06	33.5
olaTTNIg108	olaTTNAIg89/196	24.242	66	50	0	15	80	18	83	2.69e-06	32.7
olaTTNIg108	olaTTNAIg109/193	22.951	61	46	1	25	84	24	84	2.85e-06	32.7
olaTTNIg108	olaTTNAIg69/195	31.250	64	41	2	26	89	30	90	3.48e-06	32.3
olaTTNIg108	olaTTNAIg106/197	27.848	79	55	2	15	91	18	96	6.41e-06	32.0
olaTTNIg108	olaTTNAIg67/1104	25.532	94	59	3	8	91	12	104	8.46e-06	31.6
olaTTNIg108	olaTTNAIg90/194	35.714	56	32	2	26	80	30	82	1.28e-05	30.8
olaTTNIg108	olaTTNAIg100/196	23.077	65	50	0	9	73	13	77	1.57e-05	30.8
olaTTNIg108	olaTTNAIg94/193	21.739	92	71	1	1	91	1	92	1.58e-05	30.8
olaTTNIg108	olaTTNAIg92/197	26.786	56	40	1	26	80	29	84	1.85e-05	30.4
olaTTNIg108	olaTTNAIg71/194	27.381	84	58	2	9	91	12	93	2.04e-05	30.4
olaTTNIg108	olaTTNAIg64/193	26.389	72	49	1	11	82	15	82	2.84e-05	30.0
olaTTNIg108	olaTTNAIg103/196	21.127	71	56	0	10	80	13	83	7.47e-05	28.9
olaTTNIg108	olaTTNAIg96/194	24.390	82	59	2	12	92	15	94	9.25e-05	28.5
olaTTNIg108	olaTTNAIg104/198	24.359	78	57	1	3	80	10	85	1.04e-04	28.5
olaTTNIg108	olaTTNAIg107/194	24.675	77	56	1	4	80	7	81	3.90e-04	26.9
olaTTNIg108	olaTTNAIg82/196	23.457	81	61	1	10	89	13	93	5.30e-04	26.6
olaTTNIg108	olaTTNAIg97/197	19.481	77	59	2	18	91	20	96	0.001	25.8
olaTTNIg108	olaTTNAIg93/194	22.581	62	44	2	20	80	23	81	0.001	25.4
olaTTNIg108	olaTTNAIg84/195	31.250	64	28	2	24	80	28	82	0.002	25.0
olaTTNIg108	olaTTNAIg81/193	60.000	15	6	0	20	34	23	37	0.003	24.6
olaTTNIg108	olaTTNAIg78/195	21.818	55	43	0	26	80	29	83	0.007	23.5
olaTTNIg108	olaTTNAIg79/196	22.667	75	58	0	11	85	14	88	0.020	22.3
olaTTNIg108	olaTTNAIg68/199	31.250	16	11	0	23	38	22	37	0.26	19.2
olaTTNIg109	olaTTNAIg109/193	55.914	93	41	0	1	93	1	93	8.78e-42	123
olaTTNIg109	olaTTNAIg83/196	33.750	80	52	1	14	93	18	96	2.07e-14	53.9
olaTTNIg109	olaTTNAIg99/1104	34.177	79	51	1	2	80	6	83	1.63e-13	51.6
olaTTNIg109	olaTTNAIg93/194	34.066	91	57	2	2	92	6	93	2.99e-13	50.8
olaTTNIg109	olaTTNAIg85/193	32.584	89	59	1	5	93	6	93	3.15e-13	50.8
olaTTNIg109	olaTTNAIg105/194	34.091	88	55	2	5	92	9	93	4.41e-13	50.4
olaTTNIg109	olaTTNAIg78/195	29.670	91	63	1	2	92	6	95	5.47e-13	50.1
olaTTNIg109	olaTTNAIg89/196	31.034	87	59	1	7	93	11	96	7.02e-13	50.1
olaTTNIg109	olaTTNAIg88/193	30.000	90	62	1	4	93	5	93	1.09e-12	49.3
olaTTNIg109	olaTTNAIg69/195	34.066	91	57	2	2	92	7	94	1.66e-12	48.9
olaTTNIg109	olaTTNAIg92/197	30.108	93	63	2	2	93	6	97	4.88e-12	47.8
olaTTNIg109	olaTTNAIg76/192	29.114	79	55	1	14	92	14	91	6.00e-12	47.4
olaTTNIg109	olaTTNAIg84/195	33.333	90	53	3	5	92	10	94	1.50e-11	46.6
olaTTNIg109	olaTTNAIg63/197	29.897	97	63	2	1	93	2	97	2.04e-11	46.2
olaTTNIg109	olaTTNAIg82/196	28.125	96	64	2	1	92	1	95	2.37e-11	45.8
olaTTNIg109	olaTTNAIg103/196	41.071	56	32	1	25	80	29	83	4.01e-11	45.4
olaTTNIg109	olaTTNAIg72/197	29.670	91	63	1	2	92	7	96	4.91e-11	45.1
olaTTNIg109	olaTTNAIg111/1101	30.120	83	58	0	10	92	18	100	6.31e-11	45.1
olaTTNIg109	olaTTNAIg91/193	29.070	86	60	1	8	93	9	93	7.84e-11	44.7
olaTTNIg109	olaTTNAIg90/194	28.571	91	62	2	2	92	7	94	8.00e-11	44.7
olaTTNIg109	olaTTNAIg104/198	32.609	92	60	2	2	92	7	97	8.04e-11	44.7
olaTTNIg109	olaTTNAIg94/193	24.419	86	64	1	8	93	9	93	9.61e-11	44.3
olaTTNIg109	olaTTNAIg86/197	30.000	80	55	1	14	93	19	97	9.87e-11	44.3
olaTTNIg109	olaTTNAIg102/194	29.670	91	61	2	2	92	6	93	5.28e-10	42.4
olaTTNIg109	olaTTNAIg65/195	30.769	91	61	2	2	92	6	94	5.55e-10	42.4
olaTTNIg109	olaTTNAIg73/196	26.374	91	66	1	2	92	7	96	1.11e-09	41.6
olaTTNIg109	olaTTNAIg87/194	34.177	79	49	2	14	92	19	94	1.16e-09	41.6
olaTTNIg109	olaTTNAIg70/195	23.864	88	66	1	6	93	9	95	2.30e-09	40.8
olaTTNIg109	olaTTNAIg79/196	25.000	80	59	1	14	93	18	96	2.32e-09	40.8
olaTTNIg109	olaTTNAIg80/198	29.348	92	63	2	2	92	7	97	2.94e-09	40.4
olaTTNIg109	olaTTNAIg95/199	29.213	89	62	1	5	93	10	97	4.69e-09	40.0
olaTTNIg109	olaTTNAIg106/197	31.429	70	46	2	25	93	29	97	7.15e-09	39.7
olaTTNIg109	olaTTNAIg74/193	27.473	91	64	2	2	92	4	92	1.22e-08	38.9
olaTTNIg109	olaTTNAIg100/196	25.974	77	55	2	2	78	8	82	1.43e-08	38.9
olaTTNIg109	olaTTNAIg101/196	28.395	81	55	2	14	92	16	95	2.83e-08	38.1
olaTTNIg109	olaTTNAIg81/193	28.571	91	62	2	2	92	6	93	4.51e-08	37.4
olaTTNIg109	olaTTNAIg98/191	27.027	74	51	2	9	82	15	85	1.41e-07	36.2
olaTTNIg109	olaTTNAIg75/195	24.211	95	62	3	2	92	6	94	1.54e-07	36.2
olaTTNIg109	olaTTNAIg67/1104	29.885	87	52	3	14	92	19	104	1.74e-07	36.2
olaTTNIg109	olaTTNAIg96/194	22.727	88	65	2	5	92	9	93	2.11e-07	35.8
olaTTNIg109	olaTTNAIg64/193	27.632	76	50	2	17	90	18	90	5.09e-07	34.7
olaTTNIg109	olaTTNAIg97/197	23.256	86	65	1	8	93	13	97	4.50e-06	32.3
olaTTNIg109	olaTTNAIg71/194	26.087	92	65	2	2	93	6	94	9.34e-06	31.2
olaTTNIg109	olaTTNAIg66/1103	30.120	83	51	3	17	93	22	103	5.30e-05	29.3
olaTTNIg109	olaTTNAIg77/197	23.750	80	60	1	14	93	19	97	1.24e-04	28.5
olaTTNIg109	olaTTNAIg110/193	25.714	70	47	3	24	90	25	92	4.93e-04	26.6
olaTTNIg109	olaTTNAIg62/195	27.419	62	43	2	17	77	20	80	0.002	25.0
olaTTNIg109	olaTTNAIg108/193	23.077	78	59	1	13	90	14	90	0.005	23.9
olaTTNIg109	olaTTNAIg68/199	19.672	61	48	1	1	61	1	60	0.13	20.0
olaTTNIg110	olaTTNAIg110/193	68.817	93	29	0	1	93	1	93	1.06e-49	143
olaTTNIg110	olaTTNAIg108/193	42.353	85	45	3	1	84	1	82	4.69e-19	65.9
olaTTNIg110	olaTTNAIg101/196	34.118	85	54	2	10	93	11	94	4.11e-12	48.1
olaTTNIg110	olaTTNAIg63/197	26.744	86	61	2	7	92	11	94	3.00e-10	43.1
olaTTNIg110	olaTTNAIg98/191	29.630	81	53	2	12	90	13	91	9.24e-10	42.0
olaTTNIg110	olaTTNAIg88/193	26.374	91	63	2	1	90	1	88	5.25e-09	40.0
olaTTNIg110	olaTTNAIg105/194	31.746	63	39	1	20	82	23	81	7.35e-09	39.7
olaTTNIg110	olaTTNAIg62/195	24.176	91	65	2	2	92	7	93	1.02e-08	39.3
olaTTNIg110	olaTTNAIg91/193	24.706	85	62	2	1	85	1	83	8.77e-08	36.6
olaTTNIg110	olaTTNAIg87/194	28.409	88	58	2	6	92	9	92	1.11e-07	36.6
olaTTNIg110	olaTTNAIg93/194	27.273	88	59	2	6	92	8	91	1.48e-07	36.2
olaTTNIg110	olaTTNAIg111/1101	27.184	103	51	4	3	92	7	98	1.84e-07	35.8
olaTTNIg110	olaTTNAIg64/193	30.769	65	43	2	28	92	28	90	2.22e-07	35.8
olaTTNIg110	olaTTNAIg83/196	27.632	76	49	3	20	94	23	93	2.41e-07	35.4
olaTTNIg110	olaTTNAIg85/193	27.174	92	65	2	1	92	1	90	7.24e-07	34.3
olaTTNIg110	olaTTNAIg106/197	28.788	66	46	1	17	82	20	84	1.09e-06	33.9
olaTTNIg110	olaTTNAIg74/193	23.810	84	61	2	10	93	11	91	1.20e-06	33.9
olaTTNIg110	olaTTNAIg72/197	35.714	70	39	3	26	94	30	94	1.21e-06	33.9
olaTTNIg110	olaTTNAIg90/194	29.670	91	59	3	3	92	6	92	3.37e-06	32.7
olaTTNIg110	olaTTNAIg77/197	25.610	82	57	2	12	92	16	94	5.39e-06	32.0
olaTTNIg110	olaTTNAIg95/199	33.333	45	29	1	3	46	6	50	8.85e-06	31.6
olaTTNIg110	olaTTNAIg86/197	32.000	75	47	3	20	94	24	94	9.77e-06	31.2
olaTTNIg110	olaTTNAIg68/199	23.864	88	48	3	17	92	16	96	1.04e-05	31.2
olaTTNIg110	olaTTNAIg69/195	26.984	63	42	1	20	82	24	82	1.67e-05	30.8
olaTTNIg110	olaTTNAIg73/196	24.096	83	61	2	10	92	14	94	3.24e-05	30.0
olaTTNIg110	olaTTNAIg104/198	26.190	84	60	2	9	92	14	95	3.47e-05	30.0
olaTTNIg110	olaTTNAIg89/196	29.870	77	48	3	19	94	22	93	5.55e-05	29.3
olaTTNIg110	olaTTNAIg70/195	25.263	95	65	4	1	91	2	94	6.08e-05	29.3
olaTTNIg110	olaTTNAIg94/193	23.333	90	67	2	1	90	1	88	6.58e-05	29.3
olaTTNIg110	olaTTNAIg84/195	30.682	88	56	3	6	92	9	92	7.03e-05	28.9
olaTTNIg110	olaTTNAIg109/193	21.739	69	53	1	25	93	24	91	7.37e-05	28.9
olaTTNIg110	olaTTNAIg107/194	31.746	63	39	2	20	82	23	81	8.45e-05	28.9
olaTTNIg110	olaTTNAIg82/196	22.857	70	52	2	24	93	27	94	2.05e-04	27.7
olaTTNIg110	olaTTNAIg75/195	25.000	76	52	2	8	82	11	82	2.13e-04	27.7
olaTTNIg110	olaTTNAIg76/192	24.000	75	55	2	10	84	9	81	3.38e-04	27.3
olaTTNIg110	olaTTNAIg79/196	23.611	72	53	2	11	82	14	83	3.42e-04	27.3
olaTTNIg110	olaTTNAIg80/198	29.508	61	41	1	22	82	27	85	5.09e-04	26.6
olaTTNIg110	olaTTNAIg66/1103	26.761	71	48	2	22	88	26	96	8.58e-04	26.2
olaTTNIg110	olaTTNAIg97/197	21.348	89	64	3	5	90	7	92	0.001	25.8
olaTTNIg110	olaTTNAIg92/197	27.119	59	38	2	26	82	29	84	0.001	25.8
olaTTNIg110	olaTTNAIg65/195	25.714	70	47	2	24	92	27	92	0.001	25.8
olaTTNIg110	olaTTNAIg81/193	21.795	78	51	2	8	82	11	81	0.001	25.8
olaTTNIg110	olaTTNAIg96/194	21.649	97	67	4	1	94	1	91	0.003	24.6
olaTTNIg110	olaTTNAIg103/196	24.390	82	58	2	10	90	13	91	0.005	23.9
olaTTNIg110	olaTTNAIg71/194	21.839	87	61	3	8	91	11	93	0.006	23.9
olaTTNIg110	olaTTNAIg99/1104	24.390	41	27	1	10	46	9	49	0.010	23.1
olaTTNIg110	olaTTNAIg100/196	25.926	27	20	0	10	36	14	40	0.016	22.7
olaTTNIg110	olaTTNAIg78/195	21.739	69	52	2	20	88	23	89	0.079	20.8
olaTTNIg110	olaTTNAIg102/194	30.000	30	21	0	12	41	15	44	0.10	20.4
olaTTNIg110	olaTTNAIg67/1104	25.373	67	44	1	22	82	26	92	0.18	19.6
olaTTNIg111	olaTTNAIg111/1101	57.426	101	43	0	1	101	1	101	1.25e-46	135
olaTTNIg111	olaTTNAIg82/196	31.250	80	54	1	22	101	18	96	2.95e-13	51.2
olaTTNIg111	olaTTNAIg104/198	31.000	100	67	2	2	101	1	98	7.14e-13	50.1
olaTTNIg111	olaTTNAIg99/1104	33.735	83	53	2	19	100	15	96	2.22e-11	46.2
olaTTNIg111	olaTTNAIg76/192	30.000	80	55	1	22	101	14	92	4.47e-11	45.4
olaTTNIg111	olaTTNAIg109/193	31.034	87	60	0	14	100	6	92	1.22e-10	44.3
olaTTNIg111	olaTTNAIg79/196	29.870	77	53	1	22	98	18	93	2.08e-10	43.9
olaTTNIg111	olaTTNAIg105/194	31.250	96	61	3	5	100	3	93	7.19e-10	42.4
olaTTNIg111	olaTTNAIg93/194	34.722	72	44	2	29	100	25	93	2.37e-09	41.2
olaTTNIg111	olaTTNAIg91/193	30.882	68	46	1	21	88	14	80	4.04e-09	40.4
olaTTNIg111	olaTTNAIg78/195	27.778	90	58	2	14	100	10	95	4.33e-09	40.4
olaTTNIg111	olaTTNAIg94/193	27.273	77	53	2	22	98	15	88	4.54e-09	40.4
olaTTNIg111	olaTTNAIg65/195	28.261	92	64	1	10	101	6	95	4.97e-09	40.0
olaTTNIg111	olaTTNAIg88/193	29.114	79	55	1	22	100	15	92	6.88e-09	39.7
olaTTNIg111	olaTTNAIg100/196	32.308	65	43	1	22	86	19	82	7.50e-09	39.7
olaTTNIg111	olaTTNAIg96/194	30.380	79	52	2	22	100	18	93	1.41e-08	38.9
olaTTNIg111	olaTTNAIg95/199	27.848	79	56	1	22	100	19	96	5.70e-08	37.4
olaTTNIg111	olaTTNAIg90/194	31.034	87	57	2	14	100	11	94	8.51e-08	37.0
olaTTNIg111	olaTTNAIg81/193	28.947	76	51	2	25	100	21	93	9.81e-08	37.0
olaTTNIg111	olaTTNAIg69/195	30.000	100	65	3	2	101	1	95	1.00e-07	37.0
olaTTNIg111	olaTTNAIg103/196	26.761	71	51	1	26	96	22	91	1.31e-07	36.6
olaTTNIg111	olaTTNAIg107/194	29.333	75	48	2	15	88	11	81	1.60e-07	36.2
olaTTNIg111	olaTTNAIg106/197	27.160	81	57	2	21	100	17	96	1.79e-07	36.2
olaTTNIg111	olaTTNAIg80/198	29.703	101	67	3	2	101	1	98	1.86e-07	36.2
olaTTNIg111	olaTTNAIg101/196	28.090	89	62	2	15	101	8	96	1.88e-07	36.2
olaTTNIg111	olaTTNAIg62/195	26.744	86	61	2	14	98	9	93	2.35e-07	35.8
olaTTNIg111	olaTTNAIg77/197	28.000	100	67	3	2	100	1	96	4.38e-07	35.0
olaTTNIg111	olaTTNAIg87/194	29.167	72	48	2	29	100	26	94	4.68e-07	35.0
olaTTNIg111	olaTTNAIg64/193	28.395	81	53	3	20	98	13	90	6.94e-07	34.7
olaTTNIg111	olaTTNAIg75/195	29.592	98	63	4	4	100	2	94	7.54e-07	34.7
olaTTNIg111	olaTTNAIg84/195	29.412	102	63	4	2	101	1	95	7.79e-07	34.3
olaTTNIg111	olaTTNAIg66/1103	29.126	103	65	3	4	100	2	102	8.41e-07	34.7
olaTTNIg111	olaTTNAIg86/197	27.273	99	69	2	2	100	1	96	1.28e-06	33.9
olaTTNIg111	olaTTNAIg102/194	28.571	84	49	3	22	101	18	94	1.51e-06	33.5
olaTTNIg111	olaTTNAIg83/196	22.222	81	62	1	20	100	16	95	1.92e-06	33.5
olaTTNIg111	olaTTNAIg74/193	26.250	80	57	2	22	101	16	93	2.76e-06	33.1
olaTTNIg111	olaTTNAIg97/197	25.316	79	58	1	22	100	19	96	8.27e-06	31.6
olaTTNIg111	olaTTNAIg68/199	23.913	92	62	2	14	98	6	96	9.03e-06	31.6
olaTTNIg111	olaTTNAIg63/197	24.051	79	59	1	22	100	19	96	9.17e-06	31.6
olaTTNIg111	olaTTNAIg73/196	23.864	88	64	2	14	100	11	96	1.31e-05	31.2
olaTTNIg111	olaTTNAIg92/197	23.958	96	69	3	6	100	4	96	5.08e-05	29.6
olaTTNIg111	olaTTNAIg85/193	24.638	69	51	1	20	88	13	80	6.99e-05	29.3
olaTTNIg111	olaTTNAIg108/193	27.941	68	46	2	22	88	15	80	7.21e-05	29.3
olaTTNIg111	olaTTNAIg89/196	23.881	67	50	1	22	88	18	83	3.57e-04	27.3
olaTTNIg111	olaTTNAIg70/195	22.222	90	69	1	11	100	6	94	3.95e-04	27.3
olaTTNIg111	olaTTNAIg98/191	29.870	77	49	3	22	96	18	91	4.18e-04	26.9
olaTTNIg111	olaTTNAIg110/193	22.549	102	48	4	18	98	1	92	0.001	25.8
olaTTNIg111	olaTTNAIg67/1104	24.731	93	49	2	22	100	19	104	0.004	24.6
olaTTNIg111	olaTTNAIg71/194	20.238	84	64	1	17	100	13	93	0.008	23.5
