XP_023806459.1/1-31325	olaTTN/1-29492	60.538	21722	8244	63	9019	30539	7539	29133	0.0	27740
XP_023806459.1/1-31325	olaTTN/1-29492	62.777	3565	1101	42	1	3426	1	3478	0.0	4245
XP_023806459.1/1-31325	olaTTN/1-29492	42.388	3048	1633	23	3125	6120	3303	6279	0.0	2372
XP_023806459.1/1-31325	olaTTN/1-29492	38.870	1806	1037	25	6092	7862	4428	6201	0.0	1207
XP_023806459.1/1-31325	olaTTN/1-29492	32.084	1761	1135	21	5537	7248	4531	6279	0.0	939
XP_023806459.1/1-31325	olaTTN/1-29492	31.823	1744	1127	20	4937	6629	4493	6225	0.0	912
XP_023806459.1/1-31325	olaTTN/1-29492	27.931	1851	1224	32	5861	7652	4480	6279	0.0	694
XP_023806459.1/1-31325	olaTTN/1-29492	24.988	2061	1254	57	1449	3328	1651	3600	6.20e-147	515
XP_023806459.1/1-31325	olaTTN/1-29492	25.509	1768	1171	46	1705	3426	7705	9372	1.35e-134	474
XP_023806459.1/1-31325	olaTTN/1-29492	25.704	1599	1078	36	9330	10869	1626	3173	6.88e-133	468
XP_023806459.1/1-31325	olaTTN/1-29492	24.075	1811	1218	42	1623	3376	7795	9505	1.37e-127	451
XP_023806459.1/1-31325	olaTTN/1-29492	24.968	1578	1112	30	9142	10679	1620	3165	1.83e-124	440
XP_023806459.1/1-31325	olaTTN/1-29492	26.287	1263	882	23	9894	11130	1652	2891	9.43e-123	434
XP_023806459.1/1-31325	olaTTN/1-29492	25.638	1529	1037	36	9553	11027	1667	3149	4.61e-122	432
XP_023806459.1/1-31325	olaTTN/1-29492	23.212	1943	1315	43	1449	3301	7687	9542	9.69e-122	431
XP_023806459.1/1-31325	olaTTN/1-29492	25.387	1552	1092	30	9422	10934	1621	3145	8.81e-118	418
XP_023806459.1/1-31325	olaTTN/1-29492	24.442	1567	1104	34	9614	11134	1638	3170	3.36e-116	413
XP_023806459.1/1-31325	olaTTN/1-29492	25.044	1721	1130	50	1768	3430	7669	9287	6.90e-114	405
XP_023806459.1/1-31325	olaTTN/1-29492	24.125	1600	1074	38	1452	3020	8055	9545	9.49e-113	401
XP_023806459.1/1-31325	olaTTN/1-29492	27.714	1050	725	18	1705	2735	8514	9548	2.46e-112	400
XP_023806459.1/1-31325	olaTTN/1-29492	23.101	2515	1712	81	4638	7075	7685	10054	7.09e-107	382
XP_023806459.1/1-31325	olaTTN/1-29492	25.265	1417	975	33	9148	10527	1819	3188	8.08e-103	368
XP_023806459.1/1-31325	olaTTN/1-29492	21.405	2733	1735	81	4626	7059	544	3162	4.32e-97	349
XP_023806459.1/1-31325	olaTTN/1-29492	22.217	2120	1427	58	4623	6684	1634	3589	5.29e-96	346
XP_023806459.1/1-31325	olaTTN/1-29492	22.845	2123	1408	68	5187	7248	1635	3588	4.30e-88	319
XP_023806459.1/1-31325	olaTTN/1-29492	23.015	1877	1227	55	4346	6120	1828	3588	1.47e-86	314
XP_023806459.1/1-31325	olaTTN/1-29492	23.382	2040	1343	80	5859	7851	7687	9553	4.25e-85	310
XP_023806459.1/1-31325	olaTTN/1-29492	21.970	1807	1256	48	9148	10892	1908	3622	1.05e-83	305
XP_023806459.1/1-31325	olaTTN/1-29492	21.601	2148	1451	63	4734	6815	1651	3631	1.49e-83	304
XP_023806459.1/1-31325	olaTTN/1-29492	21.766	2435	1514	73	4331	6497	852	3163	2.61e-83	303
XP_023806459.1/1-31325	olaTTN/1-29492	22.852	1571	1063	44	1943	3455	7660	9139	5.48e-82	299
XP_023806459.1/1-31325	olaTTN/1-29492	24.673	993	712	17	1677	2649	8576	9552	1.58e-81	298
XP_023806459.1/1-31325	olaTTN/1-29492	23.792	1656	1082	50	5749	7348	1635	3166	7.48e-81	295
XP_023806459.1/1-31325	olaTTN/1-29492	23.400	1594	1113	58	4346	5922	8040	9542	1.24e-80	295
XP_023806459.1/1-31325	olaTTN/1-29492	21.770	1819	1279	57	4407	6194	7830	9535	2.50e-77	284
XP_023806459.1/1-31325	olaTTN/1-29492	26.972	786	549	13	1704	2476	8780	9553	1.08e-76	281
XP_023806459.1/1-31325	olaTTN/1-29492	22.008	2122	1474	74	4436	6510	7667	9654	2.50e-76	280
XP_023806459.1/1-31325	olaTTN/1-29492	21.822	2108	1477	70	5094	7158	7667	9646	2.14e-73	271
XP_023806459.1/1-31325	olaTTN/1-29492	21.574	1817	1139	50	1050	2752	4653	6297	5.43e-72	266
XP_023806459.1/1-31325	olaTTN/1-29492	20.771	2542	1755	88	4718	7163	7668	10046	9.99e-71	262
XP_023806459.1/1-31325	olaTTN/1-29492	21.241	2514	1731	87	4919	7344	7686	10038	1.72e-70	261
XP_023806459.1/1-31325	olaTTN/1-29492	22.374	1971	1327	69	5952	7879	7687	9497	1.17e-69	258
XP_023806459.1/1-31325	olaTTN/1-29492	22.313	1470	1048	45	4345	5801	8217	9605	4.89e-69	256
XP_023806459.1/1-31325	olaTTN/1-29492	25.338	813	571	19	10347	11141	1661	2455	1.97e-67	251
XP_023806459.1/1-31325	olaTTN/1-29492	22.134	2146	1444	82	5561	7652	7668	9640	2.47e-67	250
XP_023806459.1/1-31325	olaTTN/1-29492	21.699	1825	1284	59	9269	10960	4480	6292	3.12e-67	250
XP_023806459.1/1-31325	olaTTN/1-29492	24.058	1459	1007	46	6122	7560	1635	3012	4.25e-67	249
XP_023806459.1/1-31325	olaTTN/1-29492	21.220	1852	1271	61	9158	10859	4467	6280	4.33e-66	246
XP_023806459.1/1-31325	olaTTN/1-29492	23.420	1614	995	58	1982	3448	4495	6014	5.80e-66	246
XP_023806459.1/1-31325	olaTTN/1-29492	22.180	1862	1189	55	1295	3032	4557	6282	1.27e-65	245
XP_023806459.1/1-31325	olaTTN/1-29492	20.854	2014	1435	64	4375	6353	7705	9594	2.12e-65	244
XP_023806459.1/1-31325	olaTTN/1-29492	23.657	1433	868	49	1050	2415	8392	9665	3.40e-65	243
XP_023806459.1/1-31325	olaTTN/1-29492	21.895	1900	1190	58	1049	2830	4557	6280	2.12e-64	241
XP_023806459.1/1-31325	olaTTN/1-29492	23.266	1874	1244	64	6030	7862	7668	9388	3.14e-64	240
XP_023806459.1/1-31325	olaTTN/1-29492	21.519	1738	1210	51	4247	5935	1531	3163	9.30e-63	235
XP_023806459.1/1-31325	olaTTN/1-29492	24.365	1379	917	47	9971	11255	4467	5813	3.54e-62	233
XP_023806459.1/1-31325	olaTTN/1-29492	21.961	1744	1202	59	9421	11026	4542	6264	2.29e-61	231
XP_023806459.1/1-31325	olaTTN/1-29492	22.072	1554	1072	53	9694	11126	4456	5991	5.24e-61	229
XP_023806459.1/1-31325	olaTTN/1-29492	21.340	1851	1261	59	1705	3426	4495	6279	2.79e-58	220
XP_023806459.1/1-31325	olaTTN/1-29492	22.131	1708	1156	53	6029	7696	1635	3208	3.53e-57	217
XP_023806459.1/1-31325	olaTTN/1-29492	22.297	1489	1032	47	6404	7875	1635	3015	2.08e-55	211
XP_023806459.1/1-31325	olaTTN/1-29492	24.307	1119	703	37	2389	3463	7669	8687	3.79e-55	210
XP_023806459.1/1-31325	olaTTN/1-29492	20.786	2035	1360	64	5955	7866	1279	3184	5.37e-55	209
XP_023806459.1/1-31325	olaTTN/1-29492	22.176	1682	1104	60	6218	7850	7667	9192	1.75e-51	198
XP_023806459.1/1-31325	olaTTN/1-29492	22.818	1249	858	40	9157	10314	4749	5982	2.66e-45	177
XP_023806459.1/1-31325	olaTTN/1-29492	21.925	1683	1153	60	9499	11045	4536	6193	1.67e-44	175
XP_023806459.1/1-31325	olaTTN/1-29492	21.899	1306	856	47	9191	10368	5060	6329	7.21e-42	166
XP_023806459.1/1-31325	olaTTN/1-29492	24.365	591	418	15	10585	11157	1630	2209	2.27e-39	157
XP_023806459.1/1-31325	olaTTN/1-29492	20.706	1444	1003	49	1681	3005	4938	6358	9.71e-38	152
XP_023806459.1/1-31325	olaTTN/1-29492	21.347	1307	759	41	6780	7899	541	1765	1.58e-37	152
XP_023806459.1/1-31325	olaTTN/1-29492	20.779	1078	615	29	575	1519	5214	6185	1.63e-36	148
XP_023806459.1/1-31325	olaTTN/1-29492	21.807	1018	576	29	2565	3431	546	1494	3.77e-34	140
XP_023806459.1/1-31325	olaTTN/1-29492	42.991	214	104	9	30599	30808	29126	29325	3.71e-33	137
XP_023806459.1/1-31325	olaTTN/1-29492	24.168	691	401	15	7050	7642	531	1196	5.50e-33	136
XP_023806459.1/1-31325	olaTTN/1-29492	21.531	980	548	24	5077	5846	527	1495	2.85e-32	134
XP_023806459.1/1-31325	olaTTN/1-29492	22.703	1502	962	63	6403	7850	7657	9013	1.45e-30	129
XP_023806459.1/1-31325	olaTTN/1-29492	22.683	723	434	18	577	1241	4839	5494	1.51e-30	128
XP_023806459.1/1-31325	olaTTN/1-29492	22.797	715	463	20	9154	9794	5589	6288	8.66e-30	126
XP_023806459.1/1-31325	olaTTN/1-29492	21.459	699	453	12	6217	6862	541	1196	1.39e-29	125
XP_023806459.1/1-31325	olaTTN/1-29492	22.302	1112	713	43	6779	7854	7665	8661	2.63e-29	124
XP_023806459.1/1-31325	olaTTN/1-29492	22.138	795	501	25	10419	11140	1268	2017	3.57e-26	114
XP_023806459.1/1-31325	olaTTN/1-29492	20.356	1012	593	26	4436	5288	542	1499	4.29e-25	110
XP_023806459.1/1-31325	olaTTN/1-29492	19.813	964	530	20	6697	7443	554	1491	3.64e-24	107
XP_023806459.1/1-31325	olaTTN/1-29492	30.435	207	140	2	7061	7264	4	209	1.07e-23	105
XP_023806459.1/1-31325	olaTTN/1-29492	24.274	482	298	14	545	998	5753	6195	2.61e-23	104
XP_023806459.1/1-31325	olaTTN/1-29492	32.632	190	123	2	6029	6213	4	193	7.78e-23	103
XP_023806459.1/1-31325	olaTTN/1-29492	20.864	671	413	15	5368	5927	536	1199	8.46e-23	103
XP_023806459.1/1-31325	olaTTN/1-29492	22.953	684	461	21	28667	29316	5397	6048	9.85e-22	99.4
XP_023806459.1/1-31325	olaTTN/1-29492	22.793	623	423	17	6407	6985	26808	27416	1.53e-21	99.0
XP_023806459.1/1-31325	olaTTN/1-29492	20.940	979	550	34	562	1527	5109	5876	3.42e-21	97.8
XP_023806459.1/1-31325	olaTTN/1-29492	22.270	467	290	9	709	1142	29011	29437	1.72e-20	95.5
XP_023806459.1/1-31325	olaTTN/1-29492	32.632	190	123	2	5	194	5216	5400	1.02e-19	92.8
XP_023806459.1/1-31325	olaTTN/1-29492	21.145	1031	662	36	2941	3894	3389	4345	1.12e-19	92.8
XP_023806459.1/1-31325	olaTTN/1-29492	31.500	200	131	3	6783	6976	6	205	1.26e-19	92.4
XP_023806459.1/1-31325	olaTTN/1-29492	26.471	306	186	8	7172	7441	28255	28557	1.27e-19	92.4
XP_023806459.1/1-31325	olaTTN/1-29492	29.858	211	129	3	3222	3430	4	197	1.40e-19	92.4
XP_023806459.1/1-31325	olaTTN/1-29492	30.392	204	127	5	29824	30023	1	193	1.45e-19	92.4
XP_023806459.1/1-31325	olaTTN/1-29492	25.000	460	283	15	578	998	29012	29448	1.62e-19	92.0
XP_023806459.1/1-31325	olaTTN/1-29492	24.524	420	246	9	2955	3313	29026	29435	2.02e-19	91.7
XP_023806459.1/1-31325	olaTTN/1-29492	29.268	205	130	3	29829	30023	3389	3588	3.40e-19	91.3
XP_023806459.1/1-31325	olaTTN/1-29492	24.085	328	207	7	6961	7249	28234	28558	8.72e-19	89.7
XP_023806459.1/1-31325	olaTTN/1-29492	28.230	209	148	1	7155	7361	2	210	9.72e-19	89.7
XP_023806459.1/1-31325	olaTTN/1-29492	31.068	206	124	6	1	194	28359	28558	1.07e-18	89.4
XP_023806459.1/1-31325	olaTTN/1-29492	27.273	187	134	1	5564	5748	8	194	1.23e-18	89.4
XP_023806459.1/1-31325	olaTTN/1-29492	27.823	248	151	5	7444	7689	2	223	1.31e-18	89.0
XP_023806459.1/1-31325	olaTTN/1-29492	24.189	339	220	9	29712	30019	870	1202	2.36e-18	88.2
XP_023806459.1/1-31325	olaTTN/1-29492	26.904	197	140	2	4	200	5025	5217	2.69e-18	88.2
XP_023806459.1/1-31325	olaTTN/1-29492	24.383	324	186	8	4449	4724	28253	28565	5.57e-18	87.0
XP_023806459.1/1-31325	olaTTN/1-29492	30.159	189	126	3	5842	6025	4	191	8.66e-18	86.3
XP_023806459.1/1-31325	olaTTN/1-29492	22.500	480	320	13	6783	7258	29012	29443	1.41e-17	85.9
XP_023806459.1/1-31325	olaTTN/1-29492	21.331	661	430	20	5919	6518	27177	27808	1.42e-17	85.9
XP_023806459.1/1-31325	olaTTN/1-29492	22.300	287	185	5	29738	30023	5527	5776	1.43e-17	85.9
XP_023806459.1/1-31325	olaTTN/1-29492	24.551	334	189	9	29739	30050	5718	6010	1.58e-17	85.5
XP_023806459.1/1-31325	olaTTN/1-29492	24.419	344	223	8	3224	3541	544	876	2.88e-17	84.7
XP_023806459.1/1-31325	olaTTN/1-29492	22.678	463	294	12	5830	6230	28221	28681	2.88e-17	84.7
XP_023806459.1/1-31325	olaTTN/1-29492	25.402	311	180	10	29719	30023	4853	5117	4.72e-17	84.0
XP_023806459.1/1-31325	olaTTN/1-29492	21.022	1213	745	52	4970	6046	13740	14875	7.04e-17	83.6
XP_023806459.1/1-31325	olaTTN/1-29492	23.858	394	256	11	5856	6219	14483	14862	1.04e-16	82.8
XP_023806459.1/1-31325	olaTTN/1-29492	28.054	221	145	5	2831	3047	28360	28570	1.32e-16	82.4
XP_023806459.1/1-31325	olaTTN/1-29492	21.340	403	252	7	2918	3316	28219	28560	1.40e-16	82.4
XP_023806459.1/1-31325	olaTTN/1-29492	29.143	175	122	1	6701	6873	20	194	2.53e-16	81.6
XP_023806459.1/1-31325	olaTTN/1-29492	22.518	413	245	11	3062	3457	28238	28592	3.19e-16	81.3
XP_023806459.1/1-31325	olaTTN/1-29492	23.502	434	256	9	5751	6120	29012	29433	3.38e-16	81.3
XP_023806459.1/1-31325	olaTTN/1-29492	28.571	189	130	2	5658	5841	6	194	5.97e-16	80.5
XP_023806459.1/1-31325	olaTTN/1-29492	27.184	206	144	3	5467	5666	4	209	6.12e-16	80.1
XP_023806459.1/1-31325	olaTTN/1-29492	21.047	974	594	35	6694	7568	24638	25535	6.12e-16	80.1
XP_023806459.1/1-31325	olaTTN/1-29492	21.649	679	399	20	578	1241	4747	5307	6.43e-16	80.1
XP_023806459.1/1-31325	olaTTN/1-29492	25.514	243	161	5	7448	7676	3389	3625	6.59e-16	80.1
XP_023806459.1/1-31325	olaTTN/1-29492	24.590	305	187	7	6513	6776	28255	28557	6.71e-16	80.1
XP_023806459.1/1-31325	olaTTN/1-29492	29.208	202	136	4	28667	28865	5115	5312	1.22e-15	79.3
XP_023806459.1/1-31325	olaTTN/1-29492	25.854	205	145	5	6963	7162	27197	27399	1.36e-15	79.0
XP_023806459.1/1-31325	olaTTN/1-29492	26.259	278	165	7	6634	6873	28283	28558	1.43e-15	79.0
XP_023806459.1/1-31325	olaTTN/1-29492	22.941	340	221	9	909	1241	28253	28558	1.62e-15	79.0
XP_023806459.1/1-31325	olaTTN/1-29492	22.689	476	277	17	7043	7471	14447	14878	1.65e-15	79.0
XP_023806459.1/1-31325	olaTTN/1-29492	25.974	308	187	8	29718	30023	4475	4743	1.69e-15	79.0
XP_023806459.1/1-31325	olaTTN/1-29492	22.102	647	440	20	28643	29275	4817	5413	2.04e-15	78.6
XP_023806459.1/1-31325	olaTTN/1-29492	22.368	304	192	7	29721	30022	4761	5022	2.41e-15	78.2
XP_023806459.1/1-31325	olaTTN/1-29492	29.231	195	125	4	1049	1232	3388	3580	2.55e-15	78.2
XP_023806459.1/1-31325	olaTTN/1-29492	28.365	208	117	6	2941	3145	27203	27381	2.68e-15	78.2
XP_023806459.1/1-31325	olaTTN/1-29492	23.767	446	281	15	6945	7352	13746	14170	3.01e-15	78.2
XP_023806459.1/1-31325	olaTTN/1-29492	26.842	190	136	2	7351	7538	6	194	4.14e-15	77.4
XP_023806459.1/1-31325	olaTTN/1-29492	28.205	195	128	6	5187	5373	4	194	5.01e-15	77.4
XP_023806459.1/1-31325	olaTTN/1-29492	21.311	305	199	6	29719	30023	5416	5679	5.06e-15	77.4
XP_023806459.1/1-31325	olaTTN/1-29492	27.000	300	166	13	6344	6598	28274	28565	5.36e-15	77.0
XP_023806459.1/1-31325	olaTTN/1-29492	25.260	289	170	10	5689	5935	28274	28558	6.83e-15	76.6
XP_023806459.1/1-31325	olaTTN/1-29492	24.615	195	144	2	4994	5186	1	194	7.06e-15	76.6
XP_023806459.1/1-31325	olaTTN/1-29492	28.125	192	132	3	4	194	4745	4931	7.36e-15	76.6
XP_023806459.1/1-31325	olaTTN/1-29492	24.190	463	296	12	5859	6314	29026	29440	8.00e-15	76.6
XP_023806459.1/1-31325	olaTTN/1-29492	28.342	187	128	3	6874	7055	4	189	8.27e-15	76.6
XP_023806459.1/1-31325	olaTTN/1-29492	21.823	417	260	12	587	989	4567	4931	9.38e-15	76.3
XP_023806459.1/1-31325	olaTTN/1-29492	24.776	335	202	12	2865	3178	28273	28578	9.94e-15	76.3
XP_023806459.1/1-31325	olaTTN/1-29492	26.562	192	135	4	4624	4810	4	194	1.06e-14	76.3
XP_023806459.1/1-31325	olaTTN/1-29492	22.175	469	255	12	1016	1387	28978	29433	1.06e-14	76.3
XP_023806459.1/1-31325	olaTTN/1-29492	23.548	310	192	8	6135	6403	28253	28558	1.12e-14	76.3
XP_023806459.1/1-31325	olaTTN/1-29492	23.885	314	190	9	4733	5002	28255	28563	1.37e-14	75.9
XP_023806459.1/1-31325	olaTTN/1-29492	20.818	538	310	14	1042	1526	4739	5213	1.44e-14	75.9
XP_023806459.1/1-31325	olaTTN/1-29492	26.943	193	131	4	4342	4527	4	193	1.50e-14	75.9
XP_023806459.1/1-31325	olaTTN/1-29492	25.714	175	128	1	6138	6310	20	194	1.74e-14	75.5
XP_023806459.1/1-31325	olaTTN/1-29492	21.277	376	236	7	30413	30735	2795	3163	1.77e-14	75.5
XP_023806459.1/1-31325	olaTTN/1-29492	23.345	287	179	6	29738	30023	4964	5210	1.86e-14	75.5
XP_023806459.1/1-31325	olaTTN/1-29492	21.317	319	207	8	31009	31324	2887	3164	1.89e-14	75.5
XP_023806459.1/1-31325	olaTTN/1-29492	25.907	193	135	4	6311	6497	4	194	1.99e-14	75.1
XP_023806459.1/1-31325	olaTTN/1-29492	20.950	716	508	18	28665	29361	4926	5602	2.02e-14	75.1
XP_023806459.1/1-31325	olaTTN/1-29492	26.984	189	133	2	4533	4716	6	194	2.06e-14	75.1
XP_023806459.1/1-31325	olaTTN/1-29492	26.394	269	137	9	29828	30043	864	1124	2.27e-14	75.1
XP_023806459.1/1-31325	olaTTN/1-29492	24.609	256	184	4	4562	4813	27143	27393	2.51e-14	75.1
XP_023806459.1/1-31325	olaTTN/1-29492	21.449	345	225	6	5316	5619	28276	28615	2.87e-14	74.7
XP_023806459.1/1-31325	olaTTN/1-29492	26.042	192	136	3	5749	5935	4	194	3.31e-14	74.7
XP_023806459.1/1-31325	olaTTN/1-29492	23.664	262	190	3	3057	3317	29007	29259	3.39e-14	74.3
XP_023806459.1/1-31325	olaTTN/1-29492	26.042	192	136	3	5280	5466	4	194	3.42e-14	74.3
XP_023806459.1/1-31325	olaTTN/1-29492	22.209	851	521	32	6678	7448	16974	17763	4.11e-14	74.3
XP_023806459.1/1-31325	olaTTN/1-29492	19.826	575	410	13	5011	5548	26819	27379	4.58e-14	73.9
XP_023806459.1/1-31325	olaTTN/1-29492	26.638	229	148	4	4	214	3387	3613	4.66e-14	73.9
XP_023806459.1/1-31325	olaTTN/1-29492	27.461	193	137	2	6	197	5686	5876	4.66e-14	73.9
XP_023806459.1/1-31325	olaTTN/1-29492	28.358	201	120	4	4	194	5308	5494	5.64e-14	73.9
XP_023806459.1/1-31325	olaTTN/1-29492	23.988	321	189	8	7383	7663	28274	28579	5.93e-14	73.6
XP_023806459.1/1-31325	olaTTN/1-29492	25.098	255	178	7	898	1145	29012	29260	5.93e-14	73.6
XP_023806459.1/1-31325	olaTTN/1-29492	28.351	194	134	3	29066	29258	4	193	6.13e-14	73.6
XP_023806459.1/1-31325	olaTTN/1-29492	26.403	303	163	12	29731	30031	2289	2533	7.25e-14	73.6
XP_023806459.1/1-31325	olaTTN/1-29492	22.257	638	423	23	6481	7063	27177	27796	7.88e-14	73.2
XP_023806459.1/1-31325	olaTTN/1-29492	24.390	246	133	4	898	1141	28364	28558	9.87e-14	72.8
XP_023806459.1/1-31325	olaTTN/1-29492	25.061	411	241	14	6978	7350	14481	14862	1.09e-13	72.8
XP_023806459.1/1-31325	olaTTN/1-29492	28.829	222	109	5	578	791	27602	27782	1.14e-13	72.8
XP_023806459.1/1-31325	olaTTN/1-29492	22.037	1080	583	42	29758	30719	1050	1988	1.30e-13	72.4
XP_023806459.1/1-31325	olaTTN/1-29492	21.678	286	183	5	29739	30023	5248	5493	1.67e-13	72.0
XP_023806459.1/1-31325	olaTTN/1-29492	22.295	305	195	7	29721	30023	4572	4836	1.70e-13	72.0
XP_023806459.1/1-31325	olaTTN/1-29492	22.642	318	194	9	5105	5373	28244	28558	1.70e-13	72.0
XP_023806459.1/1-31325	olaTTN/1-29492	20.335	895	601	33	6345	7168	24571	25424	1.88e-13	72.0
XP_023806459.1/1-31325	olaTTN/1-29492	22.013	477	301	15	28309	28764	2738	3164	2.16e-13	72.0
XP_023806459.1/1-31325	olaTTN/1-29492	27.854	219	144	6	1050	1266	27602	27808	2.31e-13	71.6
XP_023806459.1/1-31325	olaTTN/1-29492	22.718	471	285	9	5556	5966	29006	29457	2.35e-13	71.6
XP_023806459.1/1-31325	olaTTN/1-29492	21.311	427	223	9	2835	3153	29012	29433	3.51e-13	71.2
XP_023806459.1/1-31325	olaTTN/1-29492	27.434	226	151	5	6220	6436	6	227	6.09e-13	70.5
XP_023806459.1/1-31325	olaTTN/1-29492	23.592	284	173	7	6910	7152	28277	28557	1.01e-12	69.7
XP_023806459.1/1-31325	olaTTN/1-29492	20.220	1271	804	48	4547	5691	15908	17094	1.04e-12	69.7
XP_023806459.1/1-31325	olaTTN/1-29492	23.902	205	132	5	7159	7344	3389	3588	1.15e-12	69.3
XP_023806459.1/1-31325	olaTTN/1-29492	23.529	306	189	9	6234	6497	28256	28558	1.20e-12	69.3
XP_023806459.1/1-31325	olaTTN/1-29492	26.531	196	141	2	1	193	27597	27792	1.25e-12	69.3
XP_023806459.1/1-31325	olaTTN/1-29492	22.134	881	546	41	6752	7542	14433	15263	1.27e-12	69.3
XP_023806459.1/1-31325	olaTTN/1-29492	24.862	181	134	1	14	194	5129	5307	1.32e-12	69.3
XP_023806459.1/1-31325	olaTTN/1-29492	26.163	172	122	2	6421	6587	20	191	1.44e-12	68.9
XP_023806459.1/1-31325	olaTTN/1-29492	23.529	238	158	2	563	800	3374	3587	1.67e-12	68.9
XP_023806459.1/1-31325	olaTTN/1-29492	27.083	192	136	3	29068	29257	1016	1205	1.73e-12	68.9
XP_023806459.1/1-31325	olaTTN/1-29492	20.399	1304	782	52	4997	6147	19560	20760	1.77e-12	68.9
XP_023806459.1/1-31325	olaTTN/1-29492	23.478	230	161	4	7132	7351	27172	27396	1.85e-12	68.6
XP_023806459.1/1-31325	olaTTN/1-29492	32.787	122	79	2	3334	3454	4	123	2.11e-12	68.6
XP_023806459.1/1-31325	olaTTN/1-29492	21.239	339	235	7	2719	3036	27069	27396	2.15e-12	68.6
XP_023806459.1/1-31325	olaTTN/1-29492	21.906	808	516	28	5203	5938	20661	21425	2.20e-12	68.6
XP_023806459.1/1-31325	olaTTN/1-29492	23.756	442	248	19	580	1003	9108	9478	2.22e-12	68.6
XP_023806459.1/1-31325	olaTTN/1-29492	26.943	193	129	3	6	194	4653	4837	2.24e-12	68.6
XP_023806459.1/1-31325	olaTTN/1-29492	26.531	196	134	4	1	193	4459	4647	2.85e-12	68.2
XP_023806459.1/1-31325	olaTTN/1-29492	25.532	188	126	2	7364	7537	3401	3588	2.88e-12	68.2
XP_023806459.1/1-31325	olaTTN/1-29492	23.762	202	141	2	29068	29258	3389	3588	3.05e-12	68.2
XP_023806459.1/1-31325	olaTTN/1-29492	23.179	302	190	7	29738	30037	4683	4944	3.08e-12	68.2
XP_023806459.1/1-31325	olaTTN/1-29492	23.018	656	404	30	7053	7660	26795	27397	3.40e-12	67.8
XP_023806459.1/1-31325	olaTTN/1-29492	22.491	289	177	8	29739	30022	5341	5587	3.79e-12	67.8
XP_023806459.1/1-31325	olaTTN/1-29492	25.521	192	137	3	4811	4997	4	194	4.87e-12	67.4
XP_023806459.1/1-31325	olaTTN/1-29492	20.450	489	279	12	1044	1529	5211	5592	8.96e-12	66.6
XP_023806459.1/1-31325	olaTTN/1-29492	23.551	276	166	5	29752	30023	5072	5306	9.98e-12	66.2
XP_023806459.1/1-31325	olaTTN/1-29492	21.564	422	273	10	4344	4716	544	956	1.03e-11	66.2
XP_023806459.1/1-31325	olaTTN/1-29492	27.103	321	202	11	7595	7905	7705	8003	1.18e-11	66.2
XP_023806459.1/1-31325	olaTTN/1-29492	22.844	429	252	13	7269	7659	28256	28643	1.78e-11	65.5
XP_023806459.1/1-31325	olaTTN/1-29492	20.805	447	310	8	6530	6975	29042	29445	2.00e-11	65.5
XP_023806459.1/1-31325	olaTTN/1-29492	27.053	207	120	5	16	193	28252	28456	2.05e-11	65.1
XP_023806459.1/1-31325	olaTTN/1-29492	22.907	227	157	5	29721	29944	3403	3614	2.15e-11	65.1
XP_023806459.1/1-31325	olaTTN/1-29492	21.753	308	196	7	6418	6683	28253	28557	2.19e-11	65.1
XP_023806459.1/1-31325	olaTTN/1-29492	25.064	391	241	16	16065	16432	5511	5872	2.36e-11	65.1
XP_023806459.1/1-31325	olaTTN/1-29492	24.201	219	141	4	2	197	5779	5995	2.36e-11	65.1
XP_023806459.1/1-31325	olaTTN/1-29492	25.854	205	136	3	3224	3426	27602	27792	3.00e-11	64.7
XP_023806459.1/1-31325	olaTTN/1-29492	34.351	131	81	3	22411	22539	66	193	3.08e-11	64.7
XP_023806459.1/1-31325	olaTTN/1-29492	24.434	221	130	3	29835	30021	550	767	3.67e-11	64.3
XP_023806459.1/1-31325	olaTTN/1-29492	20.963	353	218	11	6797	7106	28256	28590	3.80e-11	64.3
XP_023806459.1/1-31325	olaTTN/1-29492	26.531	196	125	3	4438	4622	6	193	3.99e-11	64.3
XP_023806459.1/1-31325	olaTTN/1-29492	25.909	220	139	5	1329	1527	29043	29259	5.08e-11	63.9
XP_023806459.1/1-31325	olaTTN/1-29492	22.300	287	181	7	4843	5089	28273	28557	5.34e-11	63.9
XP_023806459.1/1-31325	olaTTN/1-29492	23.385	325	194	10	1292	1594	3385	3676	6.01e-11	63.5
XP_023806459.1/1-31325	olaTTN/1-29492	24.064	187	137	3	4805	4987	27195	27380	6.42e-11	63.5
XP_023806459.1/1-31325	olaTTN/1-29492	24.873	197	127	4	28670	28849	3386	3578	6.87e-11	63.5
XP_023806459.1/1-31325	olaTTN/1-29492	33.333	132	77	4	78	202	27571	27698	6.92e-11	63.5
XP_023806459.1/1-31325	olaTTN/1-29492	22.014	427	278	11	1147	1530	3071	3485	6.98e-11	63.5
XP_023806459.1/1-31325	olaTTN/1-29492	22.198	464	301	11	6698	7152	29023	29435	7.22e-11	63.5
XP_023806459.1/1-31325	olaTTN/1-29492	23.390	590	382	25	6979	7527	18763	19323	9.51e-11	63.2
XP_023806459.1/1-31325	olaTTN/1-29492	21.696	401	255	12	16058	16434	4847	5212	9.75e-11	63.2
XP_023806459.1/1-31325	olaTTN/1-29492	21.526	511	309	17	21383	21858	4760	5213	1.07e-10	62.8
XP_023806459.1/1-31325	olaTTN/1-29492	21.895	306	196	7	5483	5748	28256	28558	1.08e-10	62.8
XP_023806459.1/1-31325	olaTTN/1-29492	21.875	544	355	19	6672	7168	18048	18568	1.09e-10	62.8
XP_023806459.1/1-31325	olaTTN/1-29492	20.090	443	272	7	5371	5747	29007	29433	1.15e-10	62.8
XP_023806459.1/1-31325	olaTTN/1-29492	26.577	222	149	5	581	799	28244	28454	1.16e-10	62.8
XP_023806459.1/1-31325	olaTTN/1-29492	22.936	218	161	4	4	221	5495	5705	1.17e-10	62.8
XP_023806459.1/1-31325	olaTTN/1-29492	22.172	221	161	4	6007	6216	27172	27392	1.18e-10	62.8
XP_023806459.1/1-31325	olaTTN/1-29492	21.961	255	189	4	4964	5209	27160	27413	1.36e-10	62.4
XP_023806459.1/1-31325	olaTTN/1-29492	25.271	277	145	9	4378	4626	27151	27393	1.47e-10	62.4
XP_023806459.1/1-31325	olaTTN/1-29492	23.043	230	165	6	28643	28865	2771	2995	1.53e-10	62.4
XP_023806459.1/1-31325	olaTTN/1-29492	29.231	195	116	5	3334	3523	2797	2974	1.62e-10	62.4
XP_023806459.1/1-31325	olaTTN/1-29492	29.319	191	108	6	30643	30808	102	290	1.69e-10	62.4
XP_023806459.1/1-31325	olaTTN/1-29492	20.433	1292	839	53	4961	6126	15451	16679	1.75e-10	62.0
XP_023806459.1/1-31325	olaTTN/1-29492	23.457	324	203	7	1613	1933	28958	29239	1.75e-10	62.0
XP_023806459.1/1-31325	olaTTN/1-29492	24.514	257	150	6	577	827	28363	28581	2.02e-10	62.0
XP_023806459.1/1-31325	olaTTN/1-29492	20.858	1002	616	41	4960	5844	25268	26209	2.03e-10	62.0
XP_023806459.1/1-31325	olaTTN/1-29492	21.070	598	408	20	28673	29251	4558	5110	2.23e-10	62.0
XP_023806459.1/1-31325	olaTTN/1-29492	27.273	198	123	7	1029	1209	27182	27375	2.27e-10	61.6
XP_023806459.1/1-31325	olaTTN/1-29492	26.263	198	139	3	6593	6783	27602	27799	2.84e-10	61.6
XP_023806459.1/1-31325	olaTTN/1-29492	29.730	74	52	0	585	658	20255	20328	2.89e-10	61.6
XP_023806459.1/1-31325	olaTTN/1-29492	22.321	224	162	4	5069	5282	27172	27393	3.44e-10	61.2
XP_023806459.1/1-31325	olaTTN/1-29492	23.860	285	180	5	29739	30023	5152	5399	3.47e-10	61.2
XP_023806459.1/1-31325	olaTTN/1-29492	26.286	175	114	7	28675	28844	1735	1899	3.62e-10	61.2
XP_023806459.1/1-31325	olaTTN/1-29492	23.457	243	118	7	28687	28862	879	1120	3.68e-10	61.2
XP_023806459.1/1-31325	olaTTN/1-29492	29.208	202	135	6	4994	5189	27597	27796	4.03e-10	60.8
XP_023806459.1/1-31325	olaTTN/1-29492	24.876	201	142	6	28671	28866	4	200	4.17e-10	60.8
XP_023806459.1/1-31325	olaTTN/1-29492	22.185	302	191	8	4371	4633	28272	28568	4.24e-10	60.8
XP_023806459.1/1-31325	olaTTN/1-29492	26.923	182	124	5	4719	4892	27602	27782	4.34e-10	60.8
XP_023806459.1/1-31325	olaTTN/1-29492	24.084	191	139	3	6498	6683	4	193	4.49e-10	60.8
XP_023806459.1/1-31325	olaTTN/1-29492	23.058	399	278	11	4717	5096	20642	21030	4.49e-10	60.8
XP_023806459.1/1-31325	olaTTN/1-29492	22.963	270	149	5	29810	30025	28993	29257	4.84e-10	60.8
XP_023806459.1/1-31325	olaTTN/1-29492	23.582	335	214	11	30412	30743	5492	5787	4.88e-10	60.8
XP_023806459.1/1-31325	olaTTN/1-29492	20.952	525	343	13	4621	5097	20929	21429	4.92e-10	60.8
XP_023806459.1/1-31325	olaTTN/1-29492	22.907	227	169	3	4	229	4932	5153	5.53e-10	60.5
XP_023806459.1/1-31325	olaTTN/1-29492	28.488	172	115	4	6418	6581	27613	27784	5.92e-10	60.5
XP_023806459.1/1-31325	olaTTN/1-29492	25.472	212	149	5	7063	7267	27203	27412	6.32e-10	60.5
XP_023806459.1/1-31325	olaTTN/1-29492	23.678	397	248	12	6419	6784	19577	19949	7.79e-10	60.1
XP_023806459.1/1-31325	olaTTN/1-29492	24.252	301	175	12	29726	30026	1845	2092	7.86e-10	60.1
XP_023806459.1/1-31325	olaTTN/1-29492	27.857	140	96	2	7421	7555	14041	14180	8.26e-10	60.1
XP_023806459.1/1-31325	olaTTN/1-29492	22.647	340	220	11	29720	30031	1414	1738	8.47e-10	60.1
XP_023806459.1/1-31325	olaTTN/1-29492	22.670	397	260	11	5291	5658	25037	25415	1.03e-09	59.7
XP_023806459.1/1-31325	olaTTN/1-29492	21.719	221	152	4	3211	3427	27187	27390	1.04e-09	59.7
XP_023806459.1/1-31325	olaTTN/1-29492	35.106	94	61	0	104	197	29012	29105	1.07e-09	59.7
XP_023806459.1/1-31325	olaTTN/1-29492	20.532	526	332	16	7072	7549	22045	22532	1.23e-09	59.3
XP_023806459.1/1-31325	olaTTN/1-29492	20.301	931	582	38	4729	5558	24245	25116	1.24e-09	59.3
XP_023806459.1/1-31325	olaTTN/1-29492	21.019	471	290	13	4843	5251	29042	29492	1.25e-09	59.3
XP_023806459.1/1-31325	olaTTN/1-29492	19.346	1039	687	37	5765	6704	26822	27808	1.29e-09	59.3
XP_023806459.1/1-31325	olaTTN/1-29492	24.790	238	159	5	29695	29919	537	767	1.39e-09	59.3
XP_023806459.1/1-31325	olaTTN/1-29492	21.701	1258	765	56	6329	7456	15910	17077	1.41e-09	59.3
XP_023806459.1/1-31325	olaTTN/1-29492	22.697	445	286	15	5269	5677	14456	14878	1.46e-09	59.3
XP_023806459.1/1-31325	olaTTN/1-29492	21.450	331	204	7	30431	30757	29180	29458	1.57e-09	58.9
XP_023806459.1/1-31325	olaTTN/1-29492	19.847	262	153	4	29712	29921	2906	3162	1.64e-09	58.9
XP_023806459.1/1-31325	olaTTN/1-29492	21.611	509	347	16	7068	7542	15898	16388	1.78e-09	58.9
XP_023806459.1/1-31325	olaTTN/1-29492	21.118	322	189	5	3167	3432	28949	29261	1.97e-09	58.5
XP_023806459.1/1-31325	olaTTN/1-29492	24.940	417	255	14	6683	7063	14466	14860	1.98e-09	58.5
XP_023806459.1/1-31325	olaTTN/1-29492	24.742	291	174	9	30450	30735	5623	5873	2.02e-09	58.5
XP_023806459.1/1-31325	olaTTN/1-29492	24.710	259	138	8	1149	1401	28364	28571	2.02e-09	58.5
XP_023806459.1/1-31325	olaTTN/1-29492	27.372	274	159	12	2300	2561	29011	29256	2.05e-09	58.5
XP_023806459.1/1-31325	olaTTN/1-29492	20.231	1211	814	46	4452	5558	15511	16673	2.31e-09	58.5
XP_023806459.1/1-31325	olaTTN/1-29492	22.343	367	195	8	4	301	29010	29355	2.45e-09	58.5
XP_023806459.1/1-31325	olaTTN/1-29492	26.667	165	111	5	10779	10933	11	175	2.55e-09	58.2
XP_023806459.1/1-31325	olaTTN/1-29492	27.219	169	113	5	10	178	8308	8466	2.57e-09	58.2
XP_023806459.1/1-31325	olaTTN/1-29492	19.552	670	381	23	10590	11116	542	1196	2.82e-09	58.2
XP_023806459.1/1-31325	olaTTN/1-29492	23.306	841	502	37	6690	7448	22861	23640	2.96e-09	58.2
XP_023806459.1/1-31325	olaTTN/1-29492	23.493	481	310	19	6616	7063	13019	13474	3.09e-09	58.2
XP_023806459.1/1-31325	olaTTN/1-29492	21.067	750	441	32	553	1247	8993	9646	3.12e-09	58.2
XP_023806459.1/1-31325	olaTTN/1-29492	24.700	417	244	16	6517	6896	18483	18866	3.62e-09	57.8
XP_023806459.1/1-31325	olaTTN/1-29492	23.601	411	259	12	6684	7063	20641	21027	3.71e-09	57.8
XP_023806459.1/1-31325	olaTTN/1-29492	25.000	172	119	4	7	178	8750	8911	4.04e-09	57.8
XP_023806459.1/1-31325	olaTTN/1-29492	20.570	1298	799	50	4414	5563	23118	24331	4.07e-09	57.8
XP_023806459.1/1-31325	olaTTN/1-29492	22.931	423	249	15	584	996	8844	9199	4.39e-09	57.4
XP_023806459.1/1-31325	olaTTN/1-29492	23.077	208	142	6	30569	30767	948	1146	4.46e-09	57.4
XP_023806459.1/1-31325	olaTTN/1-29492	22.143	280	149	6	7221	7435	3307	3582	5.06e-09	57.4
XP_023806459.1/1-31325	olaTTN/1-29492	21.947	565	345	23	6654	7159	25685	26212	5.50e-09	57.4
XP_023806459.1/1-31325	olaTTN/1-29492	33.333	96	64	0	28673	28768	544	639	6.60e-09	57.0
XP_023806459.1/1-31325	olaTTN/1-29492	20.399	853	536	29	6692	7460	15899	16692	6.71e-09	57.0
XP_023806459.1/1-31325	olaTTN/1-29492	23.605	233	153	5	29722	29937	1277	1501	6.94e-09	57.0
XP_023806459.1/1-31325	olaTTN/1-29492	21.453	592	411	23	28671	29248	4462	5013	7.30e-09	56.6
XP_023806459.1/1-31325	olaTTN/1-29492	29.245	106	70	2	568	668	22418	22523	7.61e-09	56.6
XP_023806459.1/1-31325	olaTTN/1-29492	20.561	642	438	20	4625	5224	22035	22646	7.93e-09	56.6
XP_023806459.1/1-31325	olaTTN/1-29492	31.818	110	72	2	29939	30046	550	658	8.34e-09	56.6
XP_023806459.1/1-31325	olaTTN/1-29492	22.260	292	196	9	31035	31323	5231	5494	8.63e-09	56.6
XP_023806459.1/1-31325	olaTTN/1-29492	21.404	285	185	8	31047	31322	4489	4743	8.77e-09	56.6
XP_023806459.1/1-31325	olaTTN/1-29492	23.832	214	128	5	29712	29921	11	193	9.07e-09	56.6
XP_023806459.1/1-31325	olaTTN/1-29492	22.300	287	175	5	4438	4717	29012	29257	9.61e-09	56.2
XP_023806459.1/1-31325	olaTTN/1-29492	22.030	404	277	12	6514	6896	19579	19965	1.14e-08	56.2
XP_023806459.1/1-31325	olaTTN/1-29492	27.805	205	134	7	6696	6892	27611	27809	1.17e-08	56.2
XP_023806459.1/1-31325	olaTTN/1-29492	23.077	182	134	3	6591	6767	4	184	1.28e-08	55.8
XP_023806459.1/1-31325	olaTTN/1-29492	31.852	135	88	3	912	1045	27217	27348	1.31e-08	55.8
XP_023806459.1/1-31325	olaTTN/1-29492	27.751	209	129	6	29825	30024	2795	2990	1.35e-08	55.8
XP_023806459.1/1-31325	olaTTN/1-29492	20.134	298	208	6	6234	6519	29180	29459	1.44e-08	55.8
XP_023806459.1/1-31325	olaTTN/1-29492	27.660	141	95	5	28687	28821	1030	1169	1.47e-08	55.8
XP_023806459.1/1-31325	olaTTN/1-29492	22.917	336	234	9	30417	30735	1401	1728	1.48e-08	55.8
XP_023806459.1/1-31325	olaTTN/1-29492	20.455	308	218	8	31021	31323	5588	5873	1.60e-08	55.8
XP_023806459.1/1-31325	olaTTN/1-29492	29.670	91	64	0	30644	30734	5120	5210	1.61e-08	55.8
XP_023806459.1/1-31325	olaTTN/1-29492	37.500	80	49	1	30428	30507	3400	3478	1.64e-08	55.5
XP_023806459.1/1-31325	olaTTN/1-29492	21.879	809	511	30	17451	18215	4948	5679	1.74e-08	55.5
XP_023806459.1/1-31325	olaTTN/1-29492	22.559	297	189	8	5011	5268	28253	28547	1.74e-08	55.5
XP_023806459.1/1-31325	olaTTN/1-29492	21.069	318	208	7	4547	4823	28256	28571	1.81e-08	55.5
XP_023806459.1/1-31325	olaTTN/1-29492	19.154	402	289	12	10766	11139	4456	4849	1.83e-08	55.5
XP_023806459.1/1-31325	olaTTN/1-29492	22.311	502	352	13	6690	7158	23543	24039	1.83e-08	55.5
XP_023806459.1/1-31325	olaTTN/1-29492	38.776	98	54	3	896	991	28467	28560	1.94e-08	55.5
XP_023806459.1/1-31325	olaTTN/1-29492	22.912	419	243	16	7265	7652	16304	16673	1.99e-08	55.5
XP_023806459.1/1-31325	olaTTN/1-29492	22.388	335	198	7	822	1156	3332	3604	2.00e-08	55.5
XP_023806459.1/1-31325	olaTTN/1-29492	28.378	148	97	3	27136	27283	5645	5783	2.04e-08	55.5
XP_023806459.1/1-31325	olaTTN/1-29492	26.923	130	92	1	67	193	20894	21023	2.04e-08	55.5
XP_023806459.1/1-31325	olaTTN/1-29492	28.571	210	130	7	7446	7652	27600	27792	2.11e-08	55.5
XP_023806459.1/1-31325	olaTTN/1-29492	20.690	261	152	5	29051	29258	848	1106	2.16e-08	55.1
XP_023806459.1/1-31325	olaTTN/1-29492	21.099	801	511	33	4447	5175	21759	22510	2.53e-08	55.1
XP_023806459.1/1-31325	olaTTN/1-29492	20.553	506	327	13	7053	7546	29002	29444	2.73e-08	55.1
XP_023806459.1/1-31325	olaTTN/1-29492	23.618	199	143	7	6	200	27203	27396	2.82e-08	54.7
XP_023806459.1/1-31325	olaTTN/1-29492	26.812	138	92	2	20673	20803	5677	5812	2.92e-08	54.7
XP_023806459.1/1-31325	olaTTN/1-29492	32.584	89	60	0	16062	16150	29357	29445	2.97e-08	54.7
XP_023806459.1/1-31325	olaTTN/1-29492	20.647	402	268	12	6127	6500	17382	17760	3.15e-08	54.7
XP_023806459.1/1-31325	olaTTN/1-29492	20.839	691	386	33	576	1151	7667	8311	3.39e-08	54.7
XP_023806459.1/1-31325	olaTTN/1-29492	26.627	169	117	3	30569	30734	28937	29101	3.39e-08	54.7
XP_023806459.1/1-31325	olaTTN/1-29492	22.801	307	192	10	6720	6986	28276	28577	3.81e-08	54.3
XP_023806459.1/1-31325	olaTTN/1-29492	23.370	184	128	2	30353	30533	962	1135	4.25e-08	54.3
XP_023806459.1/1-31325	olaTTN/1-29492	23.134	402	254	15	6691	7063	21754	22129	4.25e-08	54.3
XP_023806459.1/1-31325	olaTTN/1-29492	22.258	310	196	8	30431	30738	4855	5121	4.77e-08	53.9
XP_023806459.1/1-31325	olaTTN/1-29492	30.435	92	64	0	17446	17537	5130	5221	4.81e-08	53.9
XP_023806459.1/1-31325	olaTTN/1-29492	25.000	108	80	1	560	667	22019	22125	5.55e-08	53.9
XP_023806459.1/1-31325	olaTTN/1-29492	22.877	424	254	14	6488	6876	14475	14860	5.69e-08	53.9
XP_023806459.1/1-31325	olaTTN/1-29492	25.296	253	164	7	6772	7013	27592	27830	5.69e-08	53.9
XP_023806459.1/1-31325	olaTTN/1-29492	21.429	546	339	21	6978	7476	24245	24747	6.03e-08	53.9
XP_023806459.1/1-31325	olaTTN/1-29492	21.088	441	257	14	7074	7449	10953	11367	6.19e-08	53.5
XP_023806459.1/1-31325	olaTTN/1-29492	20.400	250	188	6	28666	28909	5583	5827	6.29e-08	53.5
XP_023806459.1/1-31325	olaTTN/1-29492	26.163	172	112	6	1769	1930	27204	27370	6.67e-08	53.5
XP_023806459.1/1-31325	olaTTN/1-29492	29.204	113	71	3	21741	21846	514	624	6.72e-08	53.5
XP_023806459.1/1-31325	olaTTN/1-29492	23.140	121	89	2	77	194	15468	15587	7.07e-08	53.5
XP_023806459.1/1-31325	olaTTN/1-29492	22.222	441	285	17	10241	10663	29018	29418	7.25e-08	53.5
XP_023806459.1/1-31325	olaTTN/1-29492	28.780	205	133	6	5650	5844	27595	27796	7.81e-08	53.5
XP_023806459.1/1-31325	olaTTN/1-29492	21.583	417	260	13	4445	4821	14479	14868	7.88e-08	53.5
XP_023806459.1/1-31325	olaTTN/1-29492	22.772	202	149	5	7060	7255	27599	27799	8.15e-08	53.1
XP_023806459.1/1-31325	olaTTN/1-29492	23.358	411	233	18	23233	23608	1625	1988	8.28e-08	53.1
XP_023806459.1/1-31325	olaTTN/1-29492	23.177	384	241	13	5590	5939	23967	24330	8.78e-08	53.1
XP_023806459.1/1-31325	olaTTN/1-29492	21.253	894	573	42	5805	6612	22808	23656	9.55e-08	53.1
XP_023806459.1/1-31325	olaTTN/1-29492	34.483	87	57	0	27192	27278	5126	5212	1.00e-07	53.1
XP_023806459.1/1-31325	olaTTN/1-29492	22.038	422	240	15	10330	10677	550	956	1.05e-07	53.1
XP_023806459.1/1-31325	olaTTN/1-29492	27.957	93	66	1	30653	30744	14480	14572	1.12e-07	52.8
XP_023806459.1/1-31325	olaTTN/1-29492	26.531	147	107	1	529	674	29116	29262	1.14e-07	52.8
XP_023806459.1/1-31325	olaTTN/1-29492	27.711	83	60	0	20692	20774	29173	29255	1.19e-07	52.8
XP_023806459.1/1-31325	olaTTN/1-29492	27.612	134	86	5	67	193	17336	17465	1.31e-07	52.8
XP_023806459.1/1-31325	olaTTN/1-29492	22.436	312	195	9	30416	30727	9105	9369	1.36e-07	52.8
XP_023806459.1/1-31325	olaTTN/1-29492	27.389	157	98	4	4949	5096	10192	10341	1.36e-07	52.8
XP_023806459.1/1-31325	olaTTN/1-29492	22.202	554	365	20	4696	5201	11635	12170	1.38e-07	52.4
XP_023806459.1/1-31325	olaTTN/1-29492	21.579	950	581	38	4960	5807	18011	18898	1.38e-07	52.4
XP_023806459.1/1-31325	olaTTN/1-29492	21.364	220	155	2	6874	7075	3387	3606	1.46e-07	52.4
XP_023806459.1/1-31325	olaTTN/1-29492	27.957	93	67	0	578	670	27203	27295	1.50e-07	52.4
XP_023806459.1/1-31325	olaTTN/1-29492	33.333	108	67	2	30629	30736	1389	1491	1.54e-07	52.4
XP_023806459.1/1-31325	olaTTN/1-29492	27.273	88	63	1	30652	30738	20255	20342	1.55e-07	52.4
XP_023806459.1/1-31325	olaTTN/1-29492	33.333	93	59	2	578	667	14764	14856	1.66e-07	52.4
XP_023806459.1/1-31325	olaTTN/1-29492	28.682	129	86	3	66	188	14428	14556	1.74e-07	52.4
XP_023806459.1/1-31325	olaTTN/1-29492	21.762	386	263	12	25419	25789	5414	5775	1.77e-07	52.4
XP_023806459.1/1-31325	olaTTN/1-29492	19.136	810	546	29	26104	26874	5037	5776	1.86e-07	52.0
XP_023806459.1/1-31325	olaTTN/1-29492	29.379	177	114	5	6973	7142	14077	14249	1.89e-07	52.0
XP_023806459.1/1-31325	olaTTN/1-29492	28.283	99	68	1	7062	7160	23546	23641	1.91e-07	52.0
XP_023806459.1/1-31325	olaTTN/1-29492	28.467	137	85	3	6647	6783	14046	14169	1.94e-07	52.0
XP_023806459.1/1-31325	olaTTN/1-29492	21.481	405	289	11	4893	5278	13766	14160	1.96e-07	52.0
XP_023806459.1/1-31325	olaTTN/1-29492	29.508	122	85	1	1120	1240	14735	14856	1.99e-07	52.0
XP_023806459.1/1-31325	olaTTN/1-29492	26.519	181	120	5	7351	7527	20251	20422	2.01e-07	52.0
XP_023806459.1/1-31325	olaTTN/1-29492	22.051	195	146	4	4438	4626	27602	27796	2.01e-07	52.0
XP_023806459.1/1-31325	olaTTN/1-29492	19.565	414	293	9	5576	5968	25043	25437	2.06e-07	52.0
XP_023806459.1/1-31325	olaTTN/1-29492	20.377	265	154	7	29027	29248	509	759	2.11e-07	52.0
XP_023806459.1/1-31325	olaTTN/1-29492	31.765	85	58	0	7076	7160	10258	10342	2.31e-07	52.0
XP_023806459.1/1-31325	olaTTN/1-29492	29.661	118	78	3	77	189	14735	14852	2.37e-07	51.6
XP_023806459.1/1-31325	olaTTN/1-29492	26.891	119	84	2	21340	21458	77	192	2.39e-07	51.6
XP_023806459.1/1-31325	olaTTN/1-29492	26.171	363	200	17	4492	4813	13139	13474	2.39e-07	51.6
XP_023806459.1/1-31325	olaTTN/1-29492	28.676	136	89	5	18088	18221	70	199	2.47e-07	51.6
XP_023806459.1/1-31325	olaTTN/1-29492	22.837	416	247	16	6978	7352	13096	13478	2.49e-07	51.6
XP_023806459.1/1-31325	olaTTN/1-29492	26.623	154	97	5	29855	30008	6126	6263	2.51e-07	51.6
XP_023806459.1/1-31325	olaTTN/1-29492	25.632	277	151	12	2334	2557	28276	28550	2.51e-07	51.6
XP_023806459.1/1-31325	olaTTN/1-29492	27.481	131	80	5	14931	15057	5567	5686	2.56e-07	51.6
XP_023806459.1/1-31325	olaTTN/1-29492	26.000	200	135	7	1	197	6094	6283	2.69e-07	51.6
XP_023806459.1/1-31325	olaTTN/1-29492	21.734	888	527	33	6669	7448	19121	19948	2.69e-07	51.6
XP_023806459.1/1-31325	olaTTN/1-29492	21.176	850	551	33	27194	27996	5034	5811	2.71e-07	51.6
XP_023806459.1/1-31325	olaTTN/1-29492	20.964	415	282	15	6128	6518	16298	16690	2.73e-07	51.6
XP_023806459.1/1-31325	olaTTN/1-29492	22.944	231	157	7	29066	29282	1635	1858	2.78e-07	51.6
XP_023806459.1/1-31325	olaTTN/1-29492	28.070	114	80	2	898	1009	27602	27715	2.83e-07	51.6
XP_023806459.1/1-31325	olaTTN/1-29492	20.918	392	277	11	5007	5376	13094	13474	2.90e-07	51.6
XP_023806459.1/1-31325	olaTTN/1-29492	20.773	828	551	27	6405	7158	14468	15264	2.92e-07	51.6
XP_023806459.1/1-31325	olaTTN/1-29492	31.788	151	89	5	30586	30734	4605	4743	3.02e-07	51.6
XP_023806459.1/1-31325	olaTTN/1-29492	21.644	827	557	31	17468	18265	4778	5542	3.18e-07	51.2
XP_023806459.1/1-31325	olaTTN/1-29492	21.250	240	128	2	6022	6200	29003	29242	3.20e-07	51.2
XP_023806459.1/1-31325	olaTTN/1-29492	28.750	80	57	0	22462	22541	554	633	3.28e-07	51.2
XP_023806459.1/1-31325	olaTTN/1-29492	29.670	91	61	2	7563	7653	29347	29434	3.42e-07	51.2
XP_023806459.1/1-31325	olaTTN/1-29492	21.106	687	433	26	6976	7603	17674	18310	3.66e-07	51.2
XP_023806459.1/1-31325	olaTTN/1-29492	21.490	577	393	21	5293	5830	23955	24510	3.66e-07	51.2
XP_023806459.1/1-31325	olaTTN/1-29492	31.818	66	45	0	592	657	18077	18142	3.69e-07	51.2
XP_023806459.1/1-31325	olaTTN/1-29492	20.918	392	279	13	16741	17122	5399	5769	3.78e-07	51.2
XP_023806459.1/1-31325	olaTTN/1-29492	29.412	102	68	3	560	658	25299	25399	4.05e-07	50.8
XP_023806459.1/1-31325	olaTTN/1-29492	20.819	293	185	7	30448	30737	5248	5496	4.82e-07	50.8
XP_023806459.1/1-31325	olaTTN/1-29492	26.733	101	73	1	30407	30507	3063	3162	4.90e-07	50.8
XP_023806459.1/1-31325	olaTTN/1-29492	27.703	148	94	4	21340	21482	5097	5236	4.94e-07	50.8
XP_023806459.1/1-31325	olaTTN/1-29492	20.430	465	307	17	10597	11040	29017	29439	5.24e-07	50.4
XP_023806459.1/1-31325	olaTTN/1-29492	25.197	127	92	1	78	201	19823	19949	5.29e-07	50.4
XP_023806459.1/1-31325	olaTTN/1-29492	24.911	281	156	10	30448	30721	4778	5010	5.37e-07	50.4
XP_023806459.1/1-31325	olaTTN/1-29492	26.724	116	78	2	78	186	22398	22513	5.37e-07	50.4
XP_023806459.1/1-31325	olaTTN/1-29492	31.068	103	68	2	1435	1534	29012	29114	5.42e-07	50.4
XP_023806459.1/1-31325	olaTTN/1-29492	28.750	80	55	1	23940	24019	555	632	5.51e-07	50.4
XP_023806459.1/1-31325	olaTTN/1-29492	19.500	600	420	16	4621	5178	19847	20425	5.56e-07	50.4
XP_023806459.1/1-31325	olaTTN/1-29492	22.616	818	491	38	6742	7476	11325	12083	5.70e-07	50.4
XP_023806459.1/1-31325	olaTTN/1-29492	25.203	123	86	2	78	195	27173	27294	5.75e-07	50.4
XP_023806459.1/1-31325	olaTTN/1-29492	22.924	554	313	26	5839	6321	14760	15270	6.09e-07	50.4
XP_023806459.1/1-31325	olaTTN/1-29492	24.766	214	152	4	5751	5956	27602	27814	6.19e-07	50.4
XP_023806459.1/1-31325	olaTTN/1-29492	29.221	154	99	6	8	161	8040	8183	6.30e-07	50.4
XP_023806459.1/1-31325	olaTTN/1-29492	31.818	88	53	3	9151	9236	29162	29244	6.30e-07	50.4
XP_023806459.1/1-31325	olaTTN/1-29492	25.517	145	103	2	7319	7460	15463	15605	6.46e-07	50.4
XP_023806459.1/1-31325	olaTTN/1-29492	32.727	110	71	2	15662	15768	5130	5239	6.57e-07	50.4
XP_023806459.1/1-31325	olaTTN/1-29492	23.980	196	142	3	29068	29262	4558	4747	6.85e-07	50.1
XP_023806459.1/1-31325	olaTTN/1-29492	31.538	130	79	3	19572	19701	5098	5217	7.02e-07	50.1
XP_023806459.1/1-31325	olaTTN/1-29492	26.667	105	74	1	566	667	14058	14162	7.20e-07	50.1
XP_023806459.1/1-31325	olaTTN/1-29492	30.233	129	82	3	6100	6220	14041	14169	7.38e-07	50.1
XP_023806459.1/1-31325	olaTTN/1-29492	29.358	109	76	1	4533	4640	29346	29454	7.38e-07	50.1
XP_023806459.1/1-31325	olaTTN/1-29492	23.129	147	100	3	24966	25109	65	201	7.63e-07	50.1
XP_023806459.1/1-31325	olaTTN/1-29492	21.642	536	311	18	20290	20781	4747	5217	7.69e-07	50.1
XP_023806459.1/1-31325	olaTTN/1-29492	20.623	257	191	6	4842	5092	27143	27392	8.36e-07	50.1
XP_023806459.1/1-31325	olaTTN/1-29492	24.457	184	109	4	17446	17600	15	197	8.51e-07	50.1
XP_023806459.1/1-31325	olaTTN/1-29492	23.926	326	185	13	6645	6927	22392	22697	9.17e-07	49.7
XP_023806459.1/1-31325	olaTTN/1-29492	20.939	511	319	17	20289	20764	5402	5862	9.25e-07	49.7
XP_023806459.1/1-31325	olaTTN/1-29492	32.632	95	58	3	31232	31322	14070	14162	1.02e-06	49.7
XP_023806459.1/1-31325	olaTTN/1-29492	21.585	366	266	7	21101	21457	5421	5774	1.04e-06	49.7
XP_023806459.1/1-31325	olaTTN/1-29492	19.765	597	414	16	4811	5367	20642	21213	1.04e-06	49.7
XP_023806459.1/1-31325	olaTTN/1-29492	30.337	89	61	1	30652	30739	25326	25414	1.06e-06	49.7
XP_023806459.1/1-31325	olaTTN/1-29492	20.803	274	189	5	31050	31322	4964	5210	1.07e-06	49.7
XP_023806459.1/1-31325	olaTTN/1-29492	21.480	419	270	14	5855	6239	23955	24348	1.11e-06	49.7
XP_023806459.1/1-31325	olaTTN/1-29492	26.667	90	66	0	5007	5096	13388	13477	1.12e-06	49.7
XP_023806459.1/1-31325	olaTTN/1-29492	20.248	242	179	5	5627	5856	27166	27405	1.13e-06	49.7
XP_023806459.1/1-31325	olaTTN/1-29492	22.041	490	333	17	6976	7442	21757	22220	1.14e-06	49.7
XP_023806459.1/1-31325	olaTTN/1-29492	20.974	801	519	26	21093	21846	5130	5863	1.16e-06	49.7
XP_023806459.1/1-31325	olaTTN/1-29492	19.355	434	258	11	4733	5096	10955	11366	1.17e-06	49.3
XP_023806459.1/1-31325	olaTTN/1-29492	24.841	157	112	3	7308	7460	14027	14181	1.21e-06	49.3
XP_023806459.1/1-31325	olaTTN/1-29492	34.043	94	60	2	29067	29160	3072	3163	1.24e-06	49.3
XP_023806459.1/1-31325	olaTTN/1-29492	19.923	522	372	15	25419	25926	4851	5340	1.39e-06	49.3
XP_023806459.1/1-31325	olaTTN/1-29492	18.538	383	237	9	30390	30737	4967	5309	1.40e-06	49.3
XP_023806459.1/1-31325	olaTTN/1-29492	27.723	101	70	1	6122	6219	22426	22526	1.40e-06	49.3
XP_023806459.1/1-31325	olaTTN/1-29492	30.864	81	56	0	30654	30734	27212	27292	1.44e-06	49.3
XP_023806459.1/1-31325	olaTTN/1-29492	23.923	418	243	17	7266	7652	14483	14856	1.48e-06	49.3
XP_023806459.1/1-31325	olaTTN/1-29492	29.286	140	88	3	14204	14342	78	207	1.53e-06	48.9
XP_023806459.1/1-31325	olaTTN/1-29492	26.357	129	89	3	24584	24712	78	200	1.55e-06	48.9
XP_023806459.1/1-31325	olaTTN/1-29492	23.717	565	341	23	5423	5938	25686	26209	1.59e-06	48.9
XP_023806459.1/1-31325	olaTTN/1-29492	22.921	445	276	16	4888	5288	14445	14866	1.64e-06	48.9
XP_023806459.1/1-31325	olaTTN/1-29492	33.684	95	61	2	17037	17129	1633	1727	1.66e-06	48.9
XP_023806459.1/1-31325	olaTTN/1-29492	20.600	500	336	19	24627	25108	5230	5686	1.66e-06	48.9
XP_023806459.1/1-31325	olaTTN/1-29492	27.068	133	87	4	528	657	14426	14551	1.67e-06	48.9
XP_023806459.1/1-31325	olaTTN/1-29492	27.215	158	101	4	7409	7554	18704	18859	1.67e-06	48.9
XP_023806459.1/1-31325	olaTTN/1-29492	19.937	632	403	25	1568	2131	27968	28564	1.73e-06	48.9
XP_023806459.1/1-31325	olaTTN/1-29492	30.769	130	82	4	28244	28371	77	200	1.77e-06	48.9
XP_023806459.1/1-31325	olaTTN/1-29492	23.077	364	242	11	20055	20402	4988	5329	1.86e-06	48.9
XP_023806459.1/1-31325	olaTTN/1-29492	23.404	376	245	16	5590	5938	17401	17760	1.88e-06	48.9
XP_023806459.1/1-31325	olaTTN/1-29492	29.545	88	59	2	584	671	24637	24721	1.98e-06	48.9
XP_023806459.1/1-31325	olaTTN/1-29492	26.549	113	80	1	7430	7542	23529	23638	2.01e-06	48.5
XP_023806459.1/1-31325	olaTTN/1-29492	28.767	146	94	4	15604	15749	65	200	2.06e-06	48.5
XP_023806459.1/1-31325	olaTTN/1-29492	27.358	106	76	1	21751	21855	29150	29255	2.13e-06	48.5
XP_023806459.1/1-31325	olaTTN/1-29492	23.348	227	152	5	1665	1872	3382	3605	2.20e-06	48.5
XP_023806459.1/1-31325	olaTTN/1-29492	21.294	479	269	16	4961	5376	24979	25412	2.26e-06	48.5
XP_023806459.1/1-31325	olaTTN/1-29492	30.818	159	85	7	2678	2818	28391	28542	2.26e-06	48.5
XP_023806459.1/1-31325	olaTTN/1-29492	20.270	444	258	10	5297	5666	29026	29447	2.30e-06	48.5
XP_023806459.1/1-31325	olaTTN/1-29492	22.043	186	131	5	9794	9965	10	195	2.32e-06	48.5
XP_023806459.1/1-31325	olaTTN/1-29492	23.790	248	173	8	6375	6612	22401	22642	2.37e-06	48.5
XP_023806459.1/1-31325	olaTTN/1-29492	25.628	199	142	5	7255	7448	27602	27799	2.39e-06	48.5
XP_023806459.1/1-31325	olaTTN/1-29492	28.261	92	66	0	104	195	29346	29437	2.41e-06	48.5
XP_023806459.1/1-31325	olaTTN/1-29492	31.818	88	58	2	26089	26176	861	946	2.48e-06	48.5
XP_023806459.1/1-31325	olaTTN/1-29492	21.992	241	139	7	1294	1528	27600	27797	2.48e-06	48.5
XP_023806459.1/1-31325	olaTTN/1-29492	25.481	208	131	7	6311	6500	25611	25812	2.50e-06	48.5
XP_023806459.1/1-31325	olaTTN/1-29492	39.437	71	42	1	5589	5658	23570	23640	2.52e-06	48.5
XP_023806459.1/1-31325	olaTTN/1-29492	21.282	390	273	11	6514	6882	23959	24335	2.52e-06	48.5
XP_023806459.1/1-31325	olaTTN/1-29492	26.923	104	75	1	27891	27994	4854	4956	2.54e-06	48.5
XP_023806459.1/1-31325	olaTTN/1-29492	22.857	140	99	3	6085	6215	14424	14563	2.58e-06	48.5
XP_023806459.1/1-31325	olaTTN/1-29492	34.940	83	52	1	26108	26190	29360	29440	2.58e-06	48.5
XP_023806459.1/1-31325	olaTTN/1-29492	21.739	552	377	17	1821	2351	28974	29491	2.67e-06	48.1
XP_023806459.1/1-31325	olaTTN/1-29492	31.250	96	66	0	29929	30024	861	956	2.71e-06	48.1
XP_023806459.1/1-31325	olaTTN/1-29492	30.065	153	96	8	28689	28840	1842	1984	2.71e-06	48.1
XP_023806459.1/1-31325	olaTTN/1-29492	25.532	188	122	7	10326	10500	8	190	2.74e-06	48.1
XP_023806459.1/1-31325	olaTTN/1-29492	20.194	515	330	11	4994	5488	29006	29459	2.76e-06	48.1
XP_023806459.1/1-31325	olaTTN/1-29492	31.646	79	52	1	26108	26186	558	634	2.81e-06	48.1
XP_023806459.1/1-31325	olaTTN/1-29492	22.494	449	275	16	5627	6031	20608	21027	2.88e-06	48.1
XP_023806459.1/1-31325	olaTTN/1-29492	22.759	435	285	16	5265	5659	11641	12064	2.90e-06	48.1
XP_023806459.1/1-31325	olaTTN/1-29492	20.690	464	308	15	7385	7833	24971	25389	2.90e-06	48.1
XP_023806459.1/1-31325	olaTTN/1-29492	30.275	109	66	4	9153	9256	102	205	3.18e-06	48.1
XP_023806459.1/1-31325	olaTTN/1-29492	31.081	74	49	1	24632	24705	562	633	3.26e-06	48.1
XP_023806459.1/1-31325	olaTTN/1-29492	31.731	104	64	4	567	669	19555	19652	3.26e-06	48.1
XP_023806459.1/1-31325	olaTTN/1-29492	23.333	540	326	26	6404	6895	26113	26612	3.34e-06	48.1
XP_023806459.1/1-31325	olaTTN/1-29492	27.317	205	122	8	29824	30026	2087	2266	3.40e-06	47.8
XP_023806459.1/1-31325	olaTTN/1-29492	22.196	428	268	15	20004	20401	4842	5234	3.40e-06	47.8
XP_023806459.1/1-31325	olaTTN/1-29492	23.649	296	149	12	29740	30023	1946	2176	3.85e-06	47.8
XP_023806459.1/1-31325	olaTTN/1-29492	23.077	156	110	1	6313	6468	29346	29491	3.85e-06	47.8
XP_023806459.1/1-31325	olaTTN/1-29492	28.723	94	67	0	4436	4529	29164	29257	3.95e-06	47.8
XP_023806459.1/1-31325	olaTTN/1-29492	29.457	129	84	3	21732	21860	5190	5311	4.02e-06	47.8
XP_023806459.1/1-31325	olaTTN/1-29492	21.671	383	229	17	2421	2774	3275	3615	4.05e-06	47.8
XP_023806459.1/1-31325	olaTTN/1-29492	25.000	104	77	1	7060	7162	13377	13480	4.09e-06	47.8
XP_023806459.1/1-31325	olaTTN/1-29492	22.167	406	277	12	4812	5190	14468	14861	4.19e-06	47.8
XP_023806459.1/1-31325	olaTTN/1-29492	28.431	102	71	1	23917	24018	5677	5776	4.30e-06	47.8
XP_023806459.1/1-31325	olaTTN/1-29492	21.429	238	128	7	29067	29248	29011	29245	4.30e-06	47.8
XP_023806459.1/1-31325	olaTTN/1-29492	26.506	166	104	6	14626	14781	5654	5811	4.37e-06	47.8
XP_023806459.1/1-31325	olaTTN/1-29492	23.261	417	259	17	4920	5298	26132	26525	4.44e-06	47.4
XP_023806459.1/1-31325	olaTTN/1-29492	26.050	119	88	0	5189	5307	29346	29464	4.52e-06	47.4
XP_023806459.1/1-31325	olaTTN/1-29492	22.122	443	287	12	4971	5376	17339	17760	4.55e-06	47.4
XP_023806459.1/1-31325	olaTTN/1-29492	27.841	176	107	7	10239	10399	10	180	4.59e-06	47.4
XP_023806459.1/1-31325	olaTTN/1-29492	22.174	460	266	20	7229	7643	11635	12047	4.67e-06	47.4
XP_023806459.1/1-31325	olaTTN/1-29492	30.337	89	61	1	30652	30739	22438	22526	4.71e-06	47.4
XP_023806459.1/1-31325	olaTTN/1-29492	21.356	885	486	38	6694	7448	11673	12477	4.75e-06	47.4
XP_023806459.1/1-31325	olaTTN/1-29492	21.818	440	270	16	6959	7351	20618	21030	4.79e-06	47.4
XP_023806459.1/1-31325	olaTTN/1-29492	28.947	114	74	3	6106	6215	25700	25810	4.79e-06	47.4
XP_023806459.1/1-31325	olaTTN/1-29492	18.326	442	284	8	6400	6776	29006	29435	4.95e-06	47.4
XP_023806459.1/1-31325	olaTTN/1-29492	21.629	356	242	9	2594	2924	21782	22125	5.12e-06	47.4
XP_023806459.1/1-31325	olaTTN/1-29492	22.881	118	79	3	28258	28364	990	1106	5.20e-06	47.4
XP_023806459.1/1-31325	olaTTN/1-29492	21.260	254	131	6	4708	4893	28994	29246	5.20e-06	47.4
XP_023806459.1/1-31325	olaTTN/1-29492	28.058	139	90	4	67	198	24587	24722	5.25e-06	47.4
XP_023806459.1/1-31325	olaTTN/1-29492	25.503	149	103	4	26038	26186	54	194	5.29e-06	47.4
XP_023806459.1/1-31325	olaTTN/1-29492	29.661	118	77	3	6684	6796	13377	13493	5.29e-06	47.4
XP_023806459.1/1-31325	olaTTN/1-29492	24.865	185	125	5	10	194	7953	8123	5.34e-06	47.4
XP_023806459.1/1-31325	olaTTN/1-29492	24.845	161	111	3	5407	5558	13311	13470	5.34e-06	47.4
XP_023806459.1/1-31325	olaTTN/1-29492	23.494	166	94	3	30347	30509	29302	29437	5.85e-06	47.0
XP_023806459.1/1-31325	olaTTN/1-29492	30.000	110	64	2	2492	2593	10951	11055	6.00e-06	47.0
XP_023806459.1/1-31325	olaTTN/1-29492	24.228	421	264	20	7070	7460	13094	13489	6.00e-06	47.0
XP_023806459.1/1-31325	olaTTN/1-29492	27.559	127	82	3	11699	11824	4817	4934	6.15e-06	47.0
XP_023806459.1/1-31325	olaTTN/1-29492	28.846	156	96	7	523	669	20585	20734	6.20e-06	47.0
XP_023806459.1/1-31325	olaTTN/1-29492	27.027	148	88	3	27140	27281	5178	5311	6.41e-06	47.0
XP_023806459.1/1-31325	olaTTN/1-29492	28.846	104	56	2	7583	7686	15518	15603	6.52e-06	47.0
XP_023806459.1/1-31325	olaTTN/1-29492	32.143	84	53	2	30652	30734	26125	26205	6.52e-06	47.0
XP_023806459.1/1-31325	olaTTN/1-29492	26.437	87	64	0	25018	25104	3395	3481	6.58e-06	47.0
XP_023806459.1/1-31325	olaTTN/1-29492	30.556	72	50	0	19613	19684	552	623	6.63e-06	47.0
XP_023806459.1/1-31325	olaTTN/1-29492	30.120	83	57	1	28687	28769	1415	1496	6.63e-06	47.0
XP_023806459.1/1-31325	olaTTN/1-29492	27.132	129	88	3	7229	7351	10213	10341	6.63e-06	47.0
XP_023806459.1/1-31325	olaTTN/1-29492	19.280	472	325	10	6124	6589	29012	29433	7.03e-06	47.0
XP_023806459.1/1-31325	olaTTN/1-29492	21.921	479	316	15	26804	27266	4953	5389	7.45e-06	47.0
XP_023806459.1/1-31325	olaTTN/1-29492	29.565	115	78	2	7542	7653	27580	27694	7.45e-06	47.0
XP_023806459.1/1-31325	olaTTN/1-29492	30.435	115	73	3	3312	3426	29326	29433	7.45e-06	47.0
XP_023806459.1/1-31325	olaTTN/1-29492	26.415	106	75	1	86	191	23529	23631	7.71e-06	46.6
XP_023806459.1/1-31325	olaTTN/1-29492	29.592	98	69	0	30414	30511	3495	3592	8.45e-06	46.6
XP_023806459.1/1-31325	olaTTN/1-29492	27.885	104	67	1	22450	22545	4556	4659	8.52e-06	46.6
XP_023806459.1/1-31325	olaTTN/1-29492	21.984	373	232	17	30392	30736	28218	28559	8.52e-06	46.6
XP_023806459.1/1-31325	olaTTN/1-29492	22.472	267	162	11	29738	30004	1763	1984	8.59e-06	46.6
XP_023806459.1/1-31325	olaTTN/1-29492	34.066	91	55	3	2838	2926	27608	27695	8.73e-06	46.6
XP_023806459.1/1-31325	olaTTN/1-29492	23.926	163	115	3	15993	16155	5261	5414	8.81e-06	46.6
XP_023806459.1/1-31325	olaTTN/1-29492	31.884	69	47	0	27198	27266	555	623	9.18e-06	46.6
XP_023806459.1/1-31325	olaTTN/1-29492	23.179	151	113	3	28616	28764	6132	6281	9.18e-06	46.6
XP_023806459.1/1-31325	olaTTN/1-29492	25.263	95	70	1	30648	30741	15500	15594	9.26e-06	46.6
XP_023806459.1/1-31325	olaTTN/1-29492	24.138	87	65	1	30653	30738	24244	24330	9.34e-06	46.6
XP_023806459.1/1-31325	olaTTN/1-29492	20.961	229	126	6	577	799	6098	6277	9.49e-06	46.6
XP_023806459.1/1-31325	olaTTN/1-29492	22.717	449	247	19	6121	6507	11660	12070	9.98e-06	46.2
XP_023806459.1/1-31325	olaTTN/1-29492	25.253	99	72	1	3055	3153	27196	27292	1.02e-05	46.2
XP_023806459.1/1-31325	olaTTN/1-29492	22.615	283	177	8	2676	2946	29037	29289	1.02e-05	46.2
XP_023806459.1/1-31325	olaTTN/1-29492	30.833	120	70	3	82	194	15869	15982	1.03e-05	46.2
XP_023806459.1/1-31325	olaTTN/1-29492	22.886	402	253	16	6410	6777	23948	24326	1.03e-05	46.2
XP_023806459.1/1-31325	olaTTN/1-29492	19.759	415	286	11	4817	5209	23960	24349	1.03e-05	46.2
XP_023806459.1/1-31325	olaTTN/1-29492	20.779	385	259	11	6976	7334	26125	26489	1.05e-05	46.2
XP_023806459.1/1-31325	olaTTN/1-29492	25.862	116	83	1	6124	6239	20934	21046	1.09e-05	46.2
XP_023806459.1/1-31325	olaTTN/1-29492	20.209	287	193	7	31026	31312	9022	9272	1.09e-05	46.2
XP_023806459.1/1-31325	olaTTN/1-29492	26.829	123	85	2	1121	1240	14042	14162	1.14e-05	46.2
XP_023806459.1/1-31325	olaTTN/1-29492	25.926	108	79	1	560	667	20917	21023	1.14e-05	46.2
XP_023806459.1/1-31325	olaTTN/1-29492	22.363	237	162	5	14184	14414	2760	2980	1.17e-05	46.2
XP_023806459.1/1-31325	olaTTN/1-29492	22.222	441	278	22	580	971	8218	8642	1.18e-05	46.2
XP_023806459.1/1-31325	olaTTN/1-29492	26.471	170	111	5	9970	10127	8	175	1.20e-05	46.2
XP_023806459.1/1-31325	olaTTN/1-29492	26.056	142	95	4	28706	28847	2124	2255	1.20e-05	46.2
XP_023806459.1/1-31325	olaTTN/1-29492	28.889	90	63	1	27192	27280	4658	4747	1.26e-05	46.2
XP_023806459.1/1-31325	olaTTN/1-29492	25.828	151	102	5	7213	7355	22808	22956	1.27e-05	46.2
XP_023806459.1/1-31325	olaTTN/1-29492	30.120	83	57	1	1449	1530	27217	27299	1.28e-05	46.2
XP_023806459.1/1-31325	olaTTN/1-29492	26.506	83	61	0	30641	30723	540	622	1.29e-05	45.8
XP_023806459.1/1-31325	olaTTN/1-29492	21.782	101	78	1	568	668	15488	15587	1.30e-05	45.8
XP_023806459.1/1-31325	olaTTN/1-29492	29.861	144	94	5	30597	30735	16531	16672	1.31e-05	45.8
XP_023806459.1/1-31325	olaTTN/1-29492	26.042	96	69	1	1293	1388	27200	27293	1.35e-05	45.8
XP_023806459.1/1-31325	olaTTN/1-29492	22.358	246	154	11	7124	7344	10798	11031	1.37e-05	45.8
XP_023806459.1/1-31325	olaTTN/1-29492	23.404	188	129	6	10504	10677	8	194	1.38e-05	45.8
XP_023806459.1/1-31325	olaTTN/1-29492	24.779	113	84	1	577	688	3497	3609	1.39e-05	45.8
XP_023806459.1/1-31325	olaTTN/1-29492	22.788	452	301	16	5136	5553	9892	10329	1.39e-05	45.8
XP_023806459.1/1-31325	olaTTN/1-29492	22.029	345	217	13	1444	1768	28251	28563	1.41e-05	45.8
XP_023806459.1/1-31325	olaTTN/1-29492	35.238	105	57	5	6122	6220	20642	20741	1.43e-05	45.8
XP_023806459.1/1-31325	olaTTN/1-29492	31.200	125	76	4	27545	27666	69	186	1.45e-05	45.8
XP_023806459.1/1-31325	olaTTN/1-29492	31.304	115	67	5	14633	14743	77	183	1.47e-05	45.8
XP_023806459.1/1-31325	olaTTN/1-29492	22.022	554	344	23	6389	6883	11641	12165	1.50e-05	45.8
XP_023806459.1/1-31325	olaTTN/1-29492	31.633	98	63	2	26089	26186	1397	1490	1.52e-05	45.8
XP_023806459.1/1-31325	olaTTN/1-29492	28.462	130	82	6	1119	1240	10208	10334	1.54e-05	45.8
XP_023806459.1/1-31325	olaTTN/1-29492	28.125	96	67	1	6131	6226	18070	18163	1.54e-05	45.8
XP_023806459.1/1-31325	olaTTN/1-29492	30.108	93	62	2	30645	30734	5	97	1.57e-05	45.8
XP_023806459.1/1-31325	olaTTN/1-29492	23.105	277	146	7	31050	31322	29042	29255	1.57e-05	45.8
XP_023806459.1/1-31325	olaTTN/1-29492	25.510	98	73	0	7074	7171	20945	21042	1.59e-05	45.8
XP_023806459.1/1-31325	olaTTN/1-29492	23.052	308	208	9	31019	31312	5689	5981	1.65e-05	45.8
XP_023806459.1/1-31325	olaTTN/1-29492	26.263	99	71	1	23923	24021	5117	5213	1.67e-05	45.8
XP_023806459.1/1-31325	olaTTN/1-29492	23.514	387	253	16	17848	18220	2810	3167	1.69e-05	45.4
XP_023806459.1/1-31325	olaTTN/1-29492	20.890	292	164	7	7456	7683	29005	29293	1.72e-05	45.4
XP_023806459.1/1-31325	olaTTN/1-29492	26.724	116	75	3	1027	1140	22413	22520	1.81e-05	45.4
XP_023806459.1/1-31325	olaTTN/1-29492	35.714	70	43	1	114	183	19575	19642	1.91e-05	45.4
XP_023806459.1/1-31325	olaTTN/1-29492	20.331	423	294	10	14676	15079	5414	5812	1.95e-05	45.4
XP_023806459.1/1-31325	olaTTN/1-29492	24.658	73	55	0	23936	24008	29173	29245	1.96e-05	45.4
XP_023806459.1/1-31325	olaTTN/1-29492	26.891	119	75	4	20666	20774	990	1106	1.98e-05	45.4
XP_023806459.1/1-31325	olaTTN/1-29492	23.109	238	164	8	5434	5654	22288	22523	2.00e-05	45.4
XP_023806459.1/1-31325	olaTTN/1-29492	19.610	923	588	33	5783	6612	24970	25831	2.03e-05	45.4
XP_023806459.1/1-31325	olaTTN/1-29492	30.588	85	57	1	20	104	15908	15990	2.06e-05	45.4
XP_023806459.1/1-31325	olaTTN/1-29492	20.402	1044	653	41	6698	7647	25040	25999	2.08e-05	45.4
XP_023806459.1/1-31325	olaTTN/1-29492	29.870	77	52	1	20699	20775	558	632	2.10e-05	45.4
XP_023806459.1/1-31325	olaTTN/1-29492	25.000	172	114	4	23473	23643	4509	4666	2.13e-05	45.4
XP_023806459.1/1-31325	olaTTN/1-29492	27.711	83	60	0	30652	30734	15901	15983	2.13e-05	45.4
XP_023806459.1/1-31325	olaTTN/1-29492	29.524	105	68	2	30630	30732	667	767	2.15e-05	45.4
XP_023806459.1/1-31325	olaTTN/1-29492	34.066	91	56	2	26099	26187	5788	5876	2.30e-05	45.1
XP_023806459.1/1-31325	olaTTN/1-29492	26.606	109	78	1	5	113	29345	29451	2.32e-05	45.1
XP_023806459.1/1-31325	olaTTN/1-29492	33.708	89	55	1	30647	30735	2006	2090	2.36e-05	45.1
XP_023806459.1/1-31325	olaTTN/1-29492	26.829	82	60	0	19613	19694	29174	29255	2.40e-05	45.1
XP_023806459.1/1-31325	olaTTN/1-29492	23.316	386	230	16	5483	5830	26132	26489	2.42e-05	45.1
XP_023806459.1/1-31325	olaTTN/1-29492	21.811	486	274	21	20717	21164	2738	3155	2.48e-05	45.1
XP_023806459.1/1-31325	olaTTN/1-29492	23.094	446	276	16	1117	1523	13743	14160	2.50e-05	45.1
XP_023806459.1/1-31325	olaTTN/1-29492	29.762	84	59	0	3223	3306	20933	21016	2.54e-05	45.1
XP_023806459.1/1-31325	olaTTN/1-29492	27.679	112	75	2	30627	30737	4827	4933	2.56e-05	45.1
XP_023806459.1/1-31325	olaTTN/1-29492	26.733	101	74	0	6124	6224	22036	22136	2.61e-05	45.1
XP_023806459.1/1-31325	olaTTN/1-29492	28.333	120	80	2	78	191	10213	10332	2.72e-05	45.1
XP_023806459.1/1-31325	olaTTN/1-29492	27.273	77	56	0	26099	26175	11	87	2.76e-05	45.1
XP_023806459.1/1-31325	olaTTN/1-29492	26.627	169	96	5	2774	2924	27634	27792	2.76e-05	45.1
XP_023806459.1/1-31325	olaTTN/1-29492	20.913	416	270	12	5853	6232	9957	10349	2.79e-05	45.1
XP_023806459.1/1-31325	olaTTN/1-29492	20.493	527	340	17	6674	7168	19478	19957	2.83e-05	45.1
XP_023806459.1/1-31325	olaTTN/1-29492	30.000	100	51	4	1156	1247	15901	15989	2.86e-05	45.1
XP_023806459.1/1-31325	olaTTN/1-29492	28.736	87	62	0	6135	6221	19863	19949	2.98e-05	44.7
XP_023806459.1/1-31325	olaTTN/1-29492	30.208	96	61	2	25018	25109	12	105	3.00e-05	44.7
XP_023806459.1/1-31325	olaTTN/1-29492	27.007	137	93	3	16998	17133	5273	5403	3.08e-05	44.7
XP_023806459.1/1-31325	olaTTN/1-29492	22.587	518	329	23	9157	9648	680	1151	3.21e-05	44.7
XP_023806459.1/1-31325	olaTTN/1-29492	25.225	111	76	3	23514	23623	529	633	3.24e-05	44.7
XP_023806459.1/1-31325	olaTTN/1-29492	33.333	72	43	2	16355	16423	555	624	3.27e-05	44.7
XP_023806459.1/1-31325	olaTTN/1-29492	24.324	111	80	2	560	667	26390	26499	3.27e-05	44.7
XP_023806459.1/1-31325	olaTTN/1-29492	26.126	111	79	2	22423	22531	1087	1196	3.40e-05	44.7
XP_023806459.1/1-31325	olaTTN/1-29492	26.230	122	85	4	27867	27985	1624	1743	3.46e-05	44.7
XP_023806459.1/1-31325	olaTTN/1-29492	28.333	120	83	1	7426	7542	20909	21028	3.46e-05	44.7
XP_023806459.1/1-31325	olaTTN/1-29492	33.333	81	54	0	17446	17526	5792	5872	3.52e-05	44.7
XP_023806459.1/1-31325	olaTTN/1-29492	21.163	860	526	33	4465	5222	10969	11778	3.58e-05	44.7
XP_023806459.1/1-31325	olaTTN/1-29492	26.506	83	60	1	31241	31322	14774	14856	3.58e-05	44.7
XP_023806459.1/1-31325	olaTTN/1-29492	27.559	127	86	2	2835	2958	29346	29469	3.58e-05	44.7
XP_023806459.1/1-31325	olaTTN/1-29492	24.779	113	78	2	23896	24008	78	183	3.61e-05	44.7
XP_023806459.1/1-31325	olaTTN/1-29492	28.571	77	54	1	23943	24018	1030	1106	3.61e-05	44.7
XP_023806459.1/1-31325	olaTTN/1-29492	22.865	363	193	15	29721	30024	2368	2702	3.61e-05	44.7
XP_023806459.1/1-31325	olaTTN/1-29492	27.000	100	69	2	561	657	19130	19228	3.70e-05	44.7
XP_023806459.1/1-31325	olaTTN/1-29492	21.921	479	277	22	10311	10758	784	1196	3.80e-05	44.3
XP_023806459.1/1-31325	olaTTN/1-29492	24.123	228	153	8	940	1161	26704	26917	3.83e-05	44.3
XP_023806459.1/1-31325	olaTTN/1-29492	29.851	67	47	0	23959	24025	4777	4843	3.86e-05	44.3
XP_023806459.1/1-31325	olaTTN/1-29492	23.333	180	132	3	5	183	10941	11115	3.89e-05	44.3
XP_023806459.1/1-31325	olaTTN/1-29492	28.947	114	76	3	6131	6244	26815	26923	3.92e-05	44.3
XP_023806459.1/1-31325	olaTTN/1-29492	28.125	96	66	2	2	97	29163	29255	3.99e-05	44.3
XP_023806459.1/1-31325	olaTTN/1-29492	21.622	518	340	18	5372	5844	23141	23637	4.06e-05	44.3
XP_023806459.1/1-31325	olaTTN/1-29492	28.704	108	73	2	23917	24024	4550	4653	4.09e-05	44.3
XP_023806459.1/1-31325	olaTTN/1-29492	24.242	132	93	3	7340	7469	26396	26522	4.09e-05	44.3
XP_023806459.1/1-31325	olaTTN/1-29492	21.739	207	119	5	28697	28862	1288	1492	4.13e-05	44.3
XP_023806459.1/1-31325	olaTTN/1-29492	24.201	219	142	5	2419	2635	29043	29239	4.16e-05	44.3
XP_023806459.1/1-31325	olaTTN/1-29492	30.097	103	64	3	1058	1159	20256	20351	4.27e-05	44.3
XP_023806459.1/1-31325	olaTTN/1-29492	25.431	232	133	10	5739	5947	13264	13478	4.34e-05	44.3
XP_023806459.1/1-31325	olaTTN/1-29492	25.352	142	99	2	14928	15069	5095	5229	4.37e-05	44.3
XP_023806459.1/1-31325	olaTTN/1-29492	21.655	411	278	14	16760	17153	4853	5236	4.45e-05	44.3
XP_023806459.1/1-31325	olaTTN/1-29492	24.823	141	94	4	78	210	13749	13885	4.48e-05	44.3
XP_023806459.1/1-31325	olaTTN/1-29492	20.225	267	165	7	7571	7836	29020	29239	4.48e-05	44.3
XP_023806459.1/1-31325	olaTTN/1-29492	26.316	133	81	5	6004	6124	13347	13474	4.52e-05	44.3
XP_023806459.1/1-31325	olaTTN/1-29492	21.875	416	250	14	5203	5573	17393	17778	4.56e-05	44.3
XP_023806459.1/1-31325	olaTTN/1-29492	26.596	188	110	6	1436	1601	28464	28645	4.56e-05	44.3
XP_023806459.1/1-31325	olaTTN/1-29492	21.325	483	309	17	5011	5455	24949	25398	4.68e-05	44.3
XP_023806459.1/1-31325	olaTTN/1-29492	26.506	83	59	1	18927	19007	29173	29255	4.75e-05	44.3
XP_023806459.1/1-31325	olaTTN/1-29492	29.762	84	58	1	20300	20382	1647	1730	4.79e-05	44.3
XP_023806459.1/1-31325	olaTTN/1-29492	21.083	351	230	6	30389	30735	5093	5400	4.83e-05	44.3
XP_023806459.1/1-31325	olaTTN/1-29492	26.506	83	61	0	30652	30734	14080	14162	4.83e-05	44.3
XP_023806459.1/1-31325	olaTTN/1-29492	23.367	398	270	17	6514	6892	17393	17774	4.83e-05	44.3
XP_023806459.1/1-31325	olaTTN/1-29492	24.675	154	101	4	18494	18639	5665	5811	4.88e-05	44.3
XP_023806459.1/1-31325	olaTTN/1-29492	23.430	414	234	20	6320	6685	13094	13472	4.88e-05	44.3
XP_023806459.1/1-31325	olaTTN/1-29492	27.907	129	81	4	27153	27280	4817	4934	4.92e-05	43.9
XP_023806459.1/1-31325	olaTTN/1-29492	32.576	132	63	7	77	194	21717	21836	5.08e-05	43.9
XP_023806459.1/1-31325	olaTTN/1-29492	20.737	434	313	12	5153	5562	19520	19946	5.17e-05	43.9
XP_023806459.1/1-31325	olaTTN/1-29492	23.077	91	70	0	21368	21458	542	632	5.30e-05	43.9
XP_023806459.1/1-31325	olaTTN/1-29492	19.672	244	136	4	4618	4801	29004	29247	5.30e-05	43.9
XP_023806459.1/1-31325	olaTTN/1-29492	26.271	118	81	2	16018	16135	77	188	5.48e-05	43.9
XP_023806459.1/1-31325	olaTTN/1-29492	29.091	110	71	1	7066	7168	12682	12791	5.48e-05	43.9
XP_023806459.1/1-31325	olaTTN/1-29492	26.087	115	80	4	1027	1140	15476	15586	5.48e-05	43.9
XP_023806459.1/1-31325	olaTTN/1-29492	29.897	97	58	3	13940	14034	20	108	5.57e-05	43.9
XP_023806459.1/1-31325	olaTTN/1-29492	28.571	84	60	0	21772	21855	5693	5776	5.67e-05	43.9
XP_023806459.1/1-31325	olaTTN/1-29492	19.868	151	114	3	26038	26188	5636	5779	5.76e-05	43.9
XP_023806459.1/1-31325	olaTTN/1-29492	34.211	76	49	1	13217	13291	29175	29250	5.76e-05	43.9
XP_023806459.1/1-31325	olaTTN/1-29492	26.619	139	96	2	6499	6631	14069	14207	5.96e-05	43.9
XP_023806459.1/1-31325	olaTTN/1-29492	32.500	80	51	2	12438	12516	1412	1489	6.01e-05	43.9
XP_023806459.1/1-31325	olaTTN/1-29492	28.235	85	59	2	20	104	23558	23640	6.06e-05	43.9
XP_023806459.1/1-31325	olaTTN/1-29492	29.412	85	59	1	18135	18218	1025	1109	6.16e-05	43.9
XP_023806459.1/1-31325	olaTTN/1-29492	26.000	100	74	0	7072	7171	26419	26518	6.21e-05	43.9
XP_023806459.1/1-31325	olaTTN/1-29492	33.735	83	36	4	3069	3144	26126	26196	6.26e-05	43.9
XP_023806459.1/1-31325	olaTTN/1-29492	28.333	120	82	3	17011	17129	77	193	6.32e-05	43.9
XP_023806459.1/1-31325	olaTTN/1-29492	21.282	390	270	13	4544	4907	13792	14170	6.32e-05	43.9
XP_023806459.1/1-31325	olaTTN/1-29492	25.904	166	104	5	2791	2947	15447	15602	6.64e-05	43.5
XP_023806459.1/1-31325	olaTTN/1-29492	20.988	81	64	0	30654	30734	18072	18152	6.87e-05	43.5
XP_023806459.1/1-31325	olaTTN/1-29492	23.158	190	111	6	4453	4627	25244	25413	7.28e-05	43.5
XP_023806459.1/1-31325	olaTTN/1-29492	21.782	202	150	4	29063	29260	2794	2991	7.34e-05	43.5
XP_023806459.1/1-31325	olaTTN/1-29492	27.711	83	60	0	16058	16140	5694	5776	7.34e-05	43.5
XP_023806459.1/1-31325	olaTTN/1-29492	25.714	105	70	1	19618	19714	5700	5804	7.46e-05	43.5
XP_023806459.1/1-31325	olaTTN/1-29492	21.786	459	294	18	14603	15040	5069	5483	7.78e-05	43.5
XP_023806459.1/1-31325	olaTTN/1-29492	24.806	129	92	2	1435	1562	29346	29470	7.98e-05	43.5
XP_023806459.1/1-31325	olaTTN/1-29492	23.393	389	256	16	5578	5938	9964	10338	8.05e-05	43.5
XP_023806459.1/1-31325	olaTTN/1-29492	29.282	181	104	8	2142	2299	28379	28558	8.11e-05	43.5
XP_023806459.1/1-31325	olaTTN/1-29492	22.222	189	131	4	2835	3020	20934	21109	8.25e-05	43.5
XP_023806459.1/1-31325	olaTTN/1-29492	26.190	84	62	0	17448	17531	29357	29440	8.25e-05	43.5
XP_023806459.1/1-31325	olaTTN/1-29492	31.183	93	62	1	12	104	10251	10341	8.39e-05	43.1
XP_023806459.1/1-31325	olaTTN/1-29492	22.760	413	248	15	7163	7542	21756	22130	8.39e-05	43.1
XP_023806459.1/1-31325	olaTTN/1-29492	27.536	69	50	0	14972	15040	3400	3468	8.46e-05	43.1
XP_023806459.1/1-31325	olaTTN/1-29492	21.080	574	373	20	24571	25118	5274	5793	8.46e-05	43.1
XP_023806459.1/1-31325	olaTTN/1-29492	20.690	116	84	1	11740	11847	5696	5811	8.46e-05	43.1
XP_023806459.1/1-31325	olaTTN/1-29492	28.889	90	60	2	11726	11814	1635	1721	8.60e-05	43.1
XP_023806459.1/1-31325	olaTTN/1-29492	29.070	86	61	0	17446	17531	3082	3167	8.67e-05	43.1
XP_023806459.1/1-31325	olaTTN/1-29492	28.571	126	77	2	20665	20778	5373	5497	8.67e-05	43.1
XP_023806459.1/1-31325	olaTTN/1-29492	27.119	118	76	3	30391	30508	5764	5871	8.67e-05	43.1
XP_023806459.1/1-31325	olaTTN/1-29492	28.235	85	57	2	585	669	26125	26205	8.75e-05	43.1
XP_023806459.1/1-31325	olaTTN/1-29492	19.531	256	174	7	10429	10678	29028	29257	8.82e-05	43.1
XP_023806459.1/1-31325	olaTTN/1-29492	21.558	385	260	13	22160	22531	2797	3152	8.97e-05	43.1
XP_023806459.1/1-31325	olaTTN/1-29492	29.577	71	50	0	30652	30722	10949	11019	9.19e-05	43.1
XP_023806459.1/1-31325	olaTTN/1-29492	29.508	122	78	3	15329	15446	1087	1204	9.35e-05	43.1
XP_023806459.1/1-31325	olaTTN/1-29492	23.418	158	108	5	21309	21466	4509	4653	9.43e-05	43.1
XP_023806459.1/1-31325	olaTTN/1-29492	31.579	76	49	2	722	796	14483	14556	9.51e-05	43.1
XP_023806459.1/1-31325	olaTTN/1-29492	25.850	147	95	4	1123	1266	17638	17773	9.75e-05	43.1
XP_023806459.1/1-31325	olaTTN/1-29492	23.202	431	264	19	6683	7063	12366	12779	1.00e-04	43.1
XP_023806459.1/1-31325	olaTTN/1-29492	27.723	101	71	2	7069	7168	14079	14178	1.02e-04	43.1
XP_023806459.1/1-31325	olaTTN/1-29492	23.188	276	163	9	1257	1526	28227	28459	1.05e-04	43.1
XP_023806459.1/1-31325	olaTTN/1-29492	20.083	483	324	14	6421	6862	18767	19228	1.08e-04	43.1
XP_023806459.1/1-31325	olaTTN/1-29492	19.205	453	285	18	568	988	11653	12056	1.10e-04	42.7
XP_023806459.1/1-31325	olaTTN/1-29492	26.957	115	76	3	78	186	22826	22938	1.10e-04	42.7
XP_023806459.1/1-31325	olaTTN/1-29492	33.735	83	53	2	7571	7652	28251	28332	1.10e-04	42.7
XP_023806459.1/1-31325	olaTTN/1-29492	34.247	73	46	1	17451	17521	692	764	1.11e-04	42.7
XP_023806459.1/1-31325	olaTTN/1-29492	23.707	232	140	8	7422	7643	22826	23030	1.11e-04	42.7
XP_023806459.1/1-31325	olaTTN/1-29492	21.357	398	265	13	15368	15747	5224	5591	1.13e-04	42.7
XP_023806459.1/1-31325	olaTTN/1-29492	25.000	92	69	0	20288	20379	542	633	1.18e-04	42.7
XP_023806459.1/1-31325	olaTTN/1-29492	24.424	217	144	7	28244	28453	5097	5300	1.19e-04	42.7
XP_023806459.1/1-31325	olaTTN/1-29492	21.169	496	309	19	4732	5176	17679	18143	1.21e-04	42.7
XP_023806459.1/1-31325	olaTTN/1-29492	26.064	188	121	7	9439	9610	10	195	1.22e-04	42.7
XP_023806459.1/1-31325	olaTTN/1-29492	23.448	145	95	4	6275	6407	15454	15594	1.22e-04	42.7
XP_023806459.1/1-31325	olaTTN/1-29492	26.549	113	76	2	20652	20764	78	183	1.23e-04	42.7
XP_023806459.1/1-31325	olaTTN/1-29492	27.711	83	58	1	15368	15448	551	633	1.23e-04	42.7
XP_023806459.1/1-31325	olaTTN/1-29492	20.550	545	326	21	6694	7166	21339	21848	1.25e-04	42.7
XP_023806459.1/1-31325	olaTTN/1-29492	23.214	168	128	1	24624	24790	5129	5296	1.27e-04	42.7
XP_023806459.1/1-31325	olaTTN/1-29492	23.383	201	136	7	1853	2040	27196	27391	1.27e-04	42.7
XP_023806459.1/1-31325	olaTTN/1-29492	29.358	109	66	3	1032	1140	26108	26205	1.28e-04	42.7
XP_023806459.1/1-31325	olaTTN/1-29492	19.841	378	256	13	5681	6031	18489	18846	1.29e-04	42.7
XP_023806459.1/1-31325	olaTTN/1-29492	30.588	85	55	2	13523	13607	27	107	1.31e-04	42.7
XP_023806459.1/1-31325	olaTTN/1-29492	24.277	173	117	8	4844	5005	13311	13480	1.33e-04	42.7
XP_023806459.1/1-31325	olaTTN/1-29492	21.569	204	130	6	2504	2700	18013	18193	1.37e-04	42.7
XP_023806459.1/1-31325	olaTTN/1-29492	25.926	108	76	2	560	667	17362	17465	1.40e-04	42.7
XP_023806459.1/1-31325	olaTTN/1-29492	29.487	78	54	1	26108	26185	1030	1106	1.44e-04	42.4
XP_023806459.1/1-31325	olaTTN/1-29492	29.630	81	57	0	18537	18617	5231	5311	1.44e-04	42.4
XP_023806459.1/1-31325	olaTTN/1-29492	28.750	80	55	1	720	799	15904	15981	1.46e-04	42.4
XP_023806459.1/1-31325	olaTTN/1-29492	21.636	379	220	16	16078	16422	4585	4920	1.47e-04	42.4
XP_023806459.1/1-31325	olaTTN/1-29492	33.735	83	53	1	27196	27276	5792	5874	1.48e-04	42.4
XP_023806459.1/1-31325	olaTTN/1-29492	22.165	194	122	5	7050	7243	15486	15650	1.48e-04	42.4
XP_023806459.1/1-31325	olaTTN/1-29492	28.736	87	59	2	26778	26864	540	623	1.52e-04	42.4
XP_023806459.1/1-31325	olaTTN/1-29492	27.027	74	54	0	585	658	15901	15974	1.53e-04	42.4
XP_023806459.1/1-31325	olaTTN/1-29492	31.646	79	50	3	31246	31322	27716	27792	1.53e-04	42.4
XP_023806459.1/1-31325	olaTTN/1-29492	27.857	140	91	4	1391	1524	15452	15587	1.56e-04	42.4
XP_023806459.1/1-31325	olaTTN/1-29492	25.843	89	66	0	6412	6500	15502	15590	1.60e-04	42.4
XP_023806459.1/1-31325	olaTTN/1-29492	25.301	166	106	6	24971	25120	5066	5229	1.64e-04	42.4
XP_023806459.1/1-31325	olaTTN/1-29492	30.841	107	64	4	20	119	12386	12489	1.65e-04	42.4
XP_023806459.1/1-31325	olaTTN/1-29492	29.808	104	67	3	28661	28764	2343	2440	1.66e-04	42.4
XP_023806459.1/1-31325	olaTTN/1-29492	26.829	82	59	1	30659	30739	23558	23639	1.69e-04	42.4
XP_023806459.1/1-31325	olaTTN/1-29492	19.869	765	468	26	23303	24008	4711	5389	1.71e-04	42.4
XP_023806459.1/1-31325	olaTTN/1-29492	24.161	149	96	3	5522	5658	22809	22952	1.71e-04	42.4
XP_023806459.1/1-31325	olaTTN/1-29492	29.348	92	63	1	14968	15057	13	104	1.73e-04	42.4
XP_023806459.1/1-31325	olaTTN/1-29492	25.641	117	79	1	6695	6811	10253	10361	1.75e-04	42.4
XP_023806459.1/1-31325	olaTTN/1-29492	26.374	91	66	1	30417	30507	104	193	1.76e-04	42.4
XP_023806459.1/1-31325	olaTTN/1-29492	19.596	495	318	16	6156	6604	14413	14873	1.78e-04	42.4
XP_023806459.1/1-31325	olaTTN/1-29492	28.070	114	78	2	16321	16431	1093	1205	1.79e-04	42.4
XP_023806459.1/1-31325	olaTTN/1-29492	28.723	94	65	1	11737	11828	12	105	1.82e-04	42.4
XP_023806459.1/1-31325	olaTTN/1-29492	33.750	80	51	1	724	803	27217	27294	1.82e-04	42.4
XP_023806459.1/1-31325	olaTTN/1-29492	24.752	101	75	1	4	103	14762	14862	1.84e-04	42.4
XP_023806459.1/1-31325	olaTTN/1-29492	29.333	75	51	1	27593	27665	29173	29247	1.84e-04	42.4
XP_023806459.1/1-31325	olaTTN/1-29492	27.778	144	94	4	12397	12538	4723	4858	1.90e-04	42.0
XP_023806459.1/1-31325	olaTTN/1-29492	23.350	394	253	16	23257	23627	5130	5497	1.90e-04	42.0
XP_023806459.1/1-31325	olaTTN/1-29492	21.415	523	305	22	2678	3155	19879	20340	1.93e-04	42.0
XP_023806459.1/1-31325	olaTTN/1-29492	26.724	116	82	1	20286	20401	3069	3181	1.97e-04	42.0
XP_023806459.1/1-31325	olaTTN/1-29492	27.660	141	92	5	77	210	18433	18570	2.02e-04	42.0
XP_023806459.1/1-31325	olaTTN/1-29492	26.087	92	64	1	16	107	13791	13878	2.03e-04	42.0
XP_023806459.1/1-31325	olaTTN/1-29492	29.592	98	62	3	1694	1789	14494	14586	2.03e-04	42.0
XP_023806459.1/1-31325	olaTTN/1-29492	28.916	83	57	1	23926	24008	5403	5483	2.05e-04	42.0
XP_023806459.1/1-31325	olaTTN/1-29492	24.454	229	154	9	6418	6632	20259	20482	2.08e-04	42.0
XP_023806459.1/1-31325	olaTTN/1-29492	30.380	79	55	0	3235	3313	15905	15983	2.10e-04	42.0
XP_023806459.1/1-31325	olaTTN/1-29492	25.287	87	65	0	21367	21453	29163	29249	2.14e-04	42.0
XP_023806459.1/1-31325	olaTTN/1-29492	20.940	234	160	7	1669	1893	27599	27816	2.15e-04	42.0
XP_023806459.1/1-31325	olaTTN/1-29492	22.028	286	162	10	29036	29270	1086	1361	2.17e-04	42.0
XP_023806459.1/1-31325	olaTTN/1-29492	26.882	93	66	1	12	104	14079	14169	2.17e-04	42.0
XP_023806459.1/1-31325	olaTTN/1-29492	28.788	132	86	4	29051	29176	29325	29454	2.17e-04	42.0
XP_023806459.1/1-31325	olaTTN/1-29492	31.765	85	56	2	20696	20779	29357	29440	2.17e-04	42.0
XP_023806459.1/1-31325	olaTTN/1-29492	25.175	143	101	3	30611	30751	3359	3497	2.21e-04	42.0
XP_023806459.1/1-31325	olaTTN/1-29492	25.694	144	92	4	4685	4813	10195	10338	2.23e-04	42.0
XP_023806459.1/1-31325	olaTTN/1-29492	20.603	199	151	5	7159	7351	27602	27799	2.23e-04	42.0
XP_023806459.1/1-31325	olaTTN/1-29492	27.692	130	88	3	11699	11828	78	201	2.28e-04	42.0
XP_023806459.1/1-31325	olaTTN/1-29492	26.543	162	108	6	7374	7527	27624	27782	2.28e-04	42.0
XP_023806459.1/1-31325	olaTTN/1-29492	24.299	428	269	17	18917	19321	4934	5329	2.32e-04	42.0
XP_023806459.1/1-31325	olaTTN/1-29492	22.505	551	336	24	6589	7080	14761	15279	2.34e-04	42.0
XP_023806459.1/1-31325	olaTTN/1-29492	28.723	94	65	1	19613	19704	14	107	2.38e-04	42.0
XP_023806459.1/1-31325	olaTTN/1-29492	32.258	93	58	3	10229	10320	1398	1486	2.38e-04	42.0
XP_023806459.1/1-31325	olaTTN/1-29492	21.569	102	80	0	566	667	18741	18842	2.42e-04	42.0
XP_023806459.1/1-31325	olaTTN/1-29492	24.419	86	65	0	17844	17929	29173	29258	2.46e-04	41.6
XP_023806459.1/1-31325	olaTTN/1-29492	26.582	79	58	0	18137	18215	29177	29255	2.46e-04	41.6
XP_023806459.1/1-31325	olaTTN/1-29492	27.368	95	66	2	30416	30508	543	636	2.48e-04	41.6
XP_023806459.1/1-31325	olaTTN/1-29492	29.204	113	78	2	28653	28764	1618	1729	2.52e-04	41.6
XP_023806459.1/1-31325	olaTTN/1-29492	30.435	115	74	4	78	187	11635	11748	2.52e-04	41.6
XP_023806459.1/1-31325	olaTTN/1-29492	18.462	390	275	9	16062	16434	5415	5778	2.57e-04	41.6
XP_023806459.1/1-31325	olaTTN/1-29492	20.260	385	279	10	17842	18215	5409	5776	2.61e-04	41.6
XP_023806459.1/1-31325	olaTTN/1-29492	26.050	119	73	4	3046	3151	13354	13470	2.65e-04	41.6
XP_023806459.1/1-31325	olaTTN/1-29492	27.619	105	75	1	3334	3438	1635	1738	2.70e-04	41.6
XP_023806459.1/1-31325	olaTTN/1-29492	20.154	650	405	29	2159	2724	27236	27855	2.72e-04	41.6
XP_023806459.1/1-31325	olaTTN/1-29492	30.061	163	75	8	30969	31099	29270	29425	2.74e-04	41.6
XP_023806459.1/1-31325	olaTTN/1-29492	25.000	108	78	1	17427	17534	97	201	2.79e-04	41.6
XP_023806459.1/1-31325	olaTTN/1-29492	20.518	541	339	19	5909	6392	25689	26195	2.81e-04	41.6
XP_023806459.1/1-31325	olaTTN/1-29492	25.882	170	114	6	6726	6885	17998	18165	2.84e-04	41.6
XP_023806459.1/1-31325	olaTTN/1-29492	34.286	70	45	1	1446	1514	20945	21014	2.86e-04	41.6
XP_023806459.1/1-31325	olaTTN/1-29492	32.394	71	47	1	909	979	14084	14153	2.91e-04	41.6
XP_023806459.1/1-31325	olaTTN/1-29492	26.667	90	66	0	5469	5558	22036	22125	2.93e-04	41.6
XP_023806459.1/1-31325	olaTTN/1-29492	25.000	104	74	3	10836	10936	3361	3463	2.96e-04	41.6
XP_023806459.1/1-31325	olaTTN/1-29492	22.254	346	229	13	5006	5324	10948	11280	2.96e-04	41.6
XP_023806459.1/1-31325	olaTTN/1-29492	30.986	71	48	1	30670	30739	13406	13476	2.98e-04	41.6
XP_023806459.1/1-31325	olaTTN/1-29492	20.875	297	179	9	30442	30737	8595	8836	3.08e-04	41.6
XP_023806459.1/1-31325	olaTTN/1-29492	28.571	98	68	1	6405	6500	14069	14166	3.08e-04	41.6
XP_023806459.1/1-31325	olaTTN/1-29492	23.913	184	129	6	10685	10858	11	193	3.11e-04	41.6
XP_023806459.1/1-31325	olaTTN/1-29492	29.474	95	67	0	7448	7542	10942	11036	3.11e-04	41.6
XP_023806459.1/1-31325	olaTTN/1-29492	29.839	124	79	3	78	193	16947	17070	3.14e-04	41.6
XP_023806459.1/1-31325	olaTTN/1-29492	27.885	104	72	2	6397	6500	20927	21027	3.16e-04	41.6
XP_023806459.1/1-31325	olaTTN/1-29492	30.435	69	48	0	19616	19684	115	183	3.22e-04	41.2
XP_023806459.1/1-31325	olaTTN/1-29492	26.923	104	72	2	30652	30754	17386	17486	3.24e-04	41.2
XP_023806459.1/1-31325	olaTTN/1-29492	24.031	129	89	2	26781	26902	5119	5245	3.27e-04	41.2
XP_023806459.1/1-31325	olaTTN/1-29492	22.018	109	80	1	22443	22546	29332	29440	3.33e-04	41.2
XP_023806459.1/1-31325	olaTTN/1-29492	21.891	402	246	13	4451	4813	13794	14166	3.35e-04	41.2
XP_023806459.1/1-31325	olaTTN/1-29492	34.921	63	40	1	7580	7642	14091	14152	3.35e-04	41.2
XP_023806459.1/1-31325	olaTTN/1-29492	19.656	407	289	12	6498	6883	20642	21031	3.35e-04	41.2
XP_023806459.1/1-31325	olaTTN/1-29492	31.183	93	61	1	23544	23636	3083	3172	3.47e-04	41.2
XP_023806459.1/1-31325	olaTTN/1-29492	19.444	108	84	1	86	193	20233	20337	3.47e-04	41.2
XP_023806459.1/1-31325	olaTTN/1-29492	22.876	459	285	19	11391	11827	5275	5686	3.55e-04	41.2
XP_023806459.1/1-31325	olaTTN/1-29492	38.095	63	34	2	7583	7643	19170	19229	3.58e-04	41.2
XP_023806459.1/1-31325	olaTTN/1-29492	20.000	550	322	21	4417	4895	22011	22513	3.58e-04	41.2
XP_023806459.1/1-31325	olaTTN/1-29492	26.923	78	57	0	5581	5658	13400	13477	3.68e-04	41.2
XP_023806459.1/1-31325	olaTTN/1-29492	24.828	145	94	3	7397	7541	20212	20341	3.68e-04	41.2
XP_023806459.1/1-31325	olaTTN/1-29492	29.371	143	80	7	6753	6883	13743	13876	3.71e-04	41.2
XP_023806459.1/1-31325	olaTTN/1-29492	25.610	82	61	0	6135	6216	18764	18845	3.71e-04	41.2
XP_023806459.1/1-31325	olaTTN/1-29492	27.835	97	67	1	16050	16143	5117	5213	3.74e-04	41.2
XP_023806459.1/1-31325	olaTTN/1-29492	26.882	93	63	2	22440	22531	857	945	3.77e-04	41.2
XP_023806459.1/1-31325	olaTTN/1-29492	24.427	131	88	2	27153	27283	5567	5686	3.77e-04	41.2
XP_023806459.1/1-31325	olaTTN/1-29492	28.205	78	54	1	21773	21848	13	90	3.90e-04	41.2
XP_023806459.1/1-31325	olaTTN/1-29492	22.478	347	200	16	23698	24023	2869	3167	4.06e-04	41.2
XP_023806459.1/1-31325	olaTTN/1-29492	20.635	504	317	17	5286	5737	18756	19228	4.06e-04	41.2
XP_023806459.1/1-31325	olaTTN/1-29492	21.134	388	257	11	2592	2951	19595	19961	4.10e-04	41.2
XP_023806459.1/1-31325	olaTTN/1-29492	28.736	87	62	0	14964	15050	3076	3162	4.13e-04	41.2
XP_023806459.1/1-31325	olaTTN/1-29492	18.924	576	379	20	20314	20860	2464	2980	4.20e-04	40.8
XP_023806459.1/1-31325	olaTTN/1-29492	21.726	336	226	9	6041	6353	23955	24276	4.20e-04	40.8
XP_023806459.1/1-31325	olaTTN/1-29492	24.806	129	91	2	26753	26881	78	200	4.27e-04	40.8
XP_023806459.1/1-31325	olaTTN/1-29492	27.559	127	72	6	12458	12572	5718	5836	4.38e-04	40.8
XP_023806459.1/1-31325	olaTTN/1-29492	21.143	350	252	11	25437	25777	4584	4918	4.42e-04	40.8
XP_023806459.1/1-31325	olaTTN/1-29492	22.097	267	161	8	31044	31304	2462	2687	4.49e-04	40.8
XP_023806459.1/1-31325	olaTTN/1-29492	29.861	144	86	4	7314	7448	20604	20741	4.53e-04	40.8
XP_023806459.1/1-31325	olaTTN/1-29492	25.455	165	101	5	5801	5950	23487	23644	4.57e-04	40.8
XP_023806459.1/1-31325	olaTTN/1-29492	27.174	92	67	0	6692	6783	15502	15593	4.60e-04	40.8
XP_023806459.1/1-31325	olaTTN/1-29492	29.897	97	62	3	1661	1755	15487	15579	4.84e-04	40.8
XP_023806459.1/1-31325	olaTTN/1-29492	18.827	733	456	29	6979	7642	15507	16169	4.84e-04	40.8
XP_023806459.1/1-31325	olaTTN/1-29492	26.829	82	42	2	20019	20090	29182	29255	4.84e-04	40.8
XP_023806459.1/1-31325	olaTTN/1-29492	28.302	106	75	1	12428	12533	1916	2020	5.01e-04	40.8
XP_023806459.1/1-31325	olaTTN/1-29492	28.788	66	47	0	4640	4705	18077	18142	5.05e-04	40.8
XP_023806459.1/1-31325	olaTTN/1-29492	29.464	112	71	3	1123	1230	20617	20724	5.09e-04	40.8
XP_023806459.1/1-31325	olaTTN/1-29492	29.870	77	53	1	30659	30734	27313	27389	5.13e-04	40.8
XP_023806459.1/1-31325	olaTTN/1-29492	27.500	80	58	0	19220	19299	555	634	5.35e-04	40.8
XP_023806459.1/1-31325	olaTTN/1-29492	26.415	106	78	0	21359	21464	3062	3167	5.35e-04	40.8
XP_023806459.1/1-31325	olaTTN/1-29492	27.778	72	52	0	23938	24009	5792	5863	5.35e-04	40.8
XP_023806459.1/1-31325	olaTTN/1-29492	22.222	162	108	5	6709	6863	10966	11116	5.44e-04	40.4
XP_023806459.1/1-31325	olaTTN/1-29492	27.957	93	64	2	30652	30743	25036	25126	5.49e-04	40.4
XP_023806459.1/1-31325	olaTTN/1-29492	30.702	114	72	4	557	669	25009	25116	5.58e-04	40.4
XP_023806459.1/1-31325	olaTTN/1-29492	31.579	76	52	0	19624	19699	5236	5311	5.72e-04	40.4
XP_023806459.1/1-31325	olaTTN/1-29492	25.352	71	53	0	115	185	18074	18144	5.87e-04	40.4
XP_023806459.1/1-31325	olaTTN/1-29492	25.000	92	67	1	20692	20781	13	104	5.97e-04	40.4
XP_023806459.1/1-31325	olaTTN/1-29492	24.324	111	64	2	3	104	20931	21030	5.97e-04	40.4
XP_023806459.1/1-31325	olaTTN/1-29492	34.426	61	39	1	20706	20765	5922	5982	6.12e-04	40.4
XP_023806459.1/1-31325	olaTTN/1-29492	22.222	162	111	3	35	193	10882	11031	6.12e-04	40.4
XP_023806459.1/1-31325	olaTTN/1-29492	30.263	76	53	0	28680	28755	29173	29248	6.12e-04	40.4
XP_023806459.1/1-31325	olaTTN/1-29492	33.766	77	48	1	27600	27673	1030	1106	6.17e-04	40.4
XP_023806459.1/1-31325	olaTTN/1-29492	30.000	100	69	1	6684	6783	22034	22132	6.27e-04	40.4
XP_023806459.1/1-31325	olaTTN/1-29492	26.923	78	56	1	29721	29798	3087	3163	6.32e-04	40.4
XP_023806459.1/1-31325	olaTTN/1-29492	24.490	98	72	1	572	669	10936	11031	6.38e-04	40.4
XP_023806459.1/1-31325	olaTTN/1-29492	20.231	519	325	19	6696	7159	20257	20741	6.43e-04	40.4
XP_023806459.1/1-31325	olaTTN/1-29492	30.986	71	48	1	27888	27958	554	623	6.48e-04	40.4
XP_023806459.1/1-31325	olaTTN/1-29492	28.000	125	74	5	9847	9964	841	956	6.48e-04	40.4
XP_023806459.1/1-31325	olaTTN/1-29492	23.034	178	129	5	4262	4435	2992	3165	6.54e-04	40.4
XP_023806459.1/1-31325	olaTTN/1-29492	26.263	99	72	1	1958	2055	10950	11048	6.54e-04	40.4
XP_023806459.1/1-31325	olaTTN/1-29492	29.577	71	48	1	721	791	20945	21013	6.54e-04	40.4
XP_023806459.1/1-31325	olaTTN/1-29492	21.041	442	288	14	5269	5666	12366	12790	6.59e-04	40.4
XP_023806459.1/1-31325	olaTTN/1-29492	19.221	411	289	10	7173	7549	12386	12787	6.59e-04	40.4
XP_023806459.1/1-31325	olaTTN/1-29492	26.923	78	55	1	16065	16140	558	635	6.76e-04	40.4
XP_023806459.1/1-31325	olaTTN/1-29492	32.143	112	59	6	7744	7848	28355	28456	6.76e-04	40.4
XP_023806459.1/1-31325	olaTTN/1-29492	24.658	146	97	4	7422	7561	10213	10351	6.82e-04	40.4
XP_023806459.1/1-31325	olaTTN/1-29492	26.190	84	62	0	17447	17530	5414	5497	6.99e-04	40.4
XP_023806459.1/1-31325	olaTTN/1-29492	25.000	100	75	0	5938	6037	29346	29445	7.23e-04	40.0
XP_023806459.1/1-31325	olaTTN/1-29492	24.348	115	77	1	30417	30531	865	969	7.29e-04	40.0
XP_023806459.1/1-31325	olaTTN/1-29492	27.007	137	76	5	13169	13296	5751	5872	7.29e-04	40.0
XP_023806459.1/1-31325	olaTTN/1-29492	32.308	65	43	1	21782	21845	5917	5981	7.29e-04	40.0
XP_023806459.1/1-31325	olaTTN/1-29492	25.532	94	67	2	30654	30744	14774	14867	7.54e-04	40.0
XP_023806459.1/1-31325	olaTTN/1-29492	25.385	130	83	3	1120	1242	27172	27294	7.60e-04	40.0
XP_023806459.1/1-31325	olaTTN/1-29492	21.693	189	137	6	11	198	9199	9377	7.66e-04	40.0
XP_023806459.1/1-31325	olaTTN/1-29492	28.346	127	83	4	1120	1240	16946	17070	7.73e-04	40.0
XP_023806459.1/1-31325	olaTTN/1-29492	29.070	86	59	1	115	200	26819	26902	7.79e-04	40.0
XP_023806459.1/1-31325	olaTTN/1-29492	36.765	68	43	0	30654	30721	21341	21408	7.86e-04	40.0
XP_023806459.1/1-31325	olaTTN/1-29492	22.772	101	77	1	568	667	13370	13470	7.99e-04	40.0
XP_023806459.1/1-31325	olaTTN/1-29492	29.000	100	66	3	6	104	15498	15593	7.99e-04	40.0
XP_023806459.1/1-31325	olaTTN/1-29492	20.281	498	268	21	1051	1500	8041	8457	8.12e-04	40.0
XP_023806459.1/1-31325	olaTTN/1-29492	23.052	308	179	11	2487	2738	28253	28558	8.33e-04	40.0
XP_023806459.1/1-31325	olaTTN/1-29492	24.848	165	97	6	7480	7642	20188	20327	8.40e-04	40.0
XP_023806459.1/1-31325	olaTTN/1-29492	31.081	74	49	1	585	658	21757	21828	8.40e-04	40.0
XP_023806459.1/1-31325	olaTTN/1-29492	26.190	168	111	6	9615	9770	8	174	8.54e-04	40.0
XP_023806459.1/1-31325	olaTTN/1-29492	29.545	132	87	3	14912	15041	5170	5297	8.61e-04	40.0
XP_023806459.1/1-31325	olaTTN/1-29492	23.490	149	99	5	26044	26189	5361	5497	8.68e-04	40.0
XP_023806459.1/1-31325	olaTTN/1-29492	36.620	71	41	2	7583	7653	11687	11753	8.68e-04	40.0
XP_023806459.1/1-31325	olaTTN/1-29492	28.395	81	57	1	13217	13296	3082	3162	8.90e-04	40.0
XP_023806459.1/1-31325	olaTTN/1-29492	26.712	146	95	4	27831	27974	4707	4842	0.001	40.0
XP_023806459.1/1-31325	olaTTN/1-29492	21.612	273	174	10	31051	31316	4778	5017	0.001	39.7
XP_023806459.1/1-31325	olaTTN/1-29492	21.845	206	136	7	7005	7201	20186	20375	0.001	39.7
XP_023806459.1/1-31325	olaTTN/1-29492	25.556	90	67	0	21366	21455	29342	29431	0.001	39.7
XP_023806459.1/1-31325	olaTTN/1-29492	24.457	184	123	5	15291	15463	5236	5414	0.001	39.7
XP_023806459.1/1-31325	olaTTN/1-29492	24.460	139	96	3	7034	7168	21304	21437	0.001	39.7
XP_023806459.1/1-31325	olaTTN/1-29492	22.495	529	329	19	22160	22650	5308	5793	0.001	39.7
XP_023806459.1/1-31325	olaTTN/1-29492	24.419	86	65	0	5567	5652	10947	11032	0.001	39.7
XP_023806459.1/1-31325	olaTTN/1-29492	29.630	81	55	2	30654	30734	19574	19652	0.001	39.7
XP_023806459.1/1-31325	olaTTN/1-29492	33.333	84	49	3	31022	31098	14468	14551	0.001	39.7
XP_023806459.1/1-31325	olaTTN/1-29492	27.848	79	56	1	1446	1523	14483	14561	0.001	39.7
XP_023806459.1/1-31325	olaTTN/1-29492	32.432	111	68	4	30646	30755	2355	2459	0.001	39.7
XP_023806459.1/1-31325	olaTTN/1-29492	24.277	173	108	7	26026	26186	2728	2889	0.001	39.7
XP_023806459.1/1-31325	olaTTN/1-29492	30.588	85	55	1	13	97	13094	13174	0.001	39.7
XP_023806459.1/1-31325	olaTTN/1-29492	24.823	141	94	5	13457	13597	65	193	0.001	39.7
XP_023806459.1/1-31325	olaTTN/1-29492	27.119	118	82	3	31207	31323	15473	15587	0.001	39.7
XP_023806459.1/1-31325	olaTTN/1-29492	28.431	102	62	2	13492	13593	1395	1485	0.001	39.7
XP_023806459.1/1-31325	olaTTN/1-29492	29.688	64	43	1	31038	31099	28259	28322	0.001	39.7
XP_023806459.1/1-31325	olaTTN/1-29492	22.438	361	236	13	5462	5791	10932	11279	0.001	39.7
XP_023806459.1/1-31325	olaTTN/1-29492	21.627	504	329	21	17448	17930	4569	5027	0.001	39.7
XP_023806459.1/1-31325	olaTTN/1-29492	27.381	84	61	0	30656	30739	4569	4652	0.001	39.7
XP_023806459.1/1-31325	olaTTN/1-29492	25.301	83	62	0	6418	6500	15905	15987	0.001	39.7
XP_023806459.1/1-31325	olaTTN/1-29492	26.374	91	66	1	581	671	23948	24037	0.001	39.7
XP_023806459.1/1-31325	olaTTN/1-29492	19.753	81	65	0	17446	17526	29175	29255	0.001	39.7
XP_023806459.1/1-31325	olaTTN/1-29492	25.581	129	87	3	11699	11827	5098	5217	0.001	39.7
XP_023806459.1/1-31325	olaTTN/1-29492	23.567	157	108	3	21295	21449	1050	1196	0.001	39.7
XP_023806459.1/1-31325	olaTTN/1-29492	22.605	261	171	7	4858	5091	15004	15260	0.001	39.7
XP_023806459.1/1-31325	olaTTN/1-29492	26.752	157	102	6	2594	2738	27634	27789	0.001	39.7
XP_023806459.1/1-31325	olaTTN/1-29492	20.767	443	294	14	6945	7352	22825	23245	0.001	39.3
XP_023806459.1/1-31325	olaTTN/1-29492	24.545	110	74	1	19199	19299	29147	29256	0.001	39.3
XP_023806459.1/1-31325	olaTTN/1-29492	22.156	167	121	3	6512	6673	20946	21108	0.001	39.3
XP_023806459.1/1-31325	olaTTN/1-29492	19.184	245	164	9	721	946	21151	21380	0.001	39.3
XP_023806459.1/1-31325	olaTTN/1-29492	26.389	72	53	0	3235	3306	22442	22513	0.001	39.3
XP_023806459.1/1-31325	olaTTN/1-29492	25.110	454	254	24	6474	6873	11632	12053	0.001	39.3
XP_023806459.1/1-31325	olaTTN/1-29492	28.000	75	52	1	726	800	19868	19940	0.001	39.3
XP_023806459.1/1-31325	olaTTN/1-29492	28.358	67	45	1	31038	31104	3410	3473	0.001	39.3
XP_023806459.1/1-31325	olaTTN/1-29492	25.641	117	83	3	6371	6486	18029	18142	0.001	39.3
XP_023806459.1/1-31325	olaTTN/1-29492	21.245	273	187	7	31053	31323	4591	4837	0.001	39.3
XP_023806459.1/1-31325	olaTTN/1-29492	22.340	94	72	1	22452	22544	1637	1730	0.001	39.3
XP_023806459.1/1-31325	olaTTN/1-29492	28.261	92	63	1	6211	6299	22419	22510	0.001	39.3
XP_023806459.1/1-31325	olaTTN/1-29492	24.576	118	79	3	21747	21855	990	1106	0.001	39.3
XP_023806459.1/1-31325	olaTTN/1-29492	24.157	178	118	6	2233	2400	10873	11043	0.001	39.3
XP_023806459.1/1-31325	olaTTN/1-29492	24.615	130	91	4	14677	14799	29357	29486	0.001	39.3
XP_023806459.1/1-31325	olaTTN/1-29492	25.333	75	55	1	905	979	15901	15974	0.001	39.3
XP_023806459.1/1-31325	olaTTN/1-29492	25.556	90	65	1	26100	26189	4847	4934	0.001	39.3
XP_023806459.1/1-31325	olaTTN/1-29492	30.303	99	65	2	6405	6501	18462	18558	0.001	39.3
XP_023806459.1/1-31325	olaTTN/1-29492	25.410	122	76	5	78	185	11928	12048	0.001	39.3
XP_023806459.1/1-31325	olaTTN/1-29492	22.901	131	93	2	78	201	26378	26507	0.001	39.3
XP_023806459.1/1-31325	olaTTN/1-29492	25.600	125	81	5	15328	15448	77	193	0.001	39.3
XP_023806459.1/1-31325	olaTTN/1-29492	19.878	327	213	8	30418	30737	4555	4839	0.001	39.3
XP_023806459.1/1-31325	olaTTN/1-29492	22.010	209	148	7	8	215	8573	8767	0.001	39.3
XP_023806459.1/1-31325	olaTTN/1-29492	23.179	151	105	4	65	205	12638	12787	0.001	39.3
XP_023806459.1/1-31325	olaTTN/1-29492	27.368	95	66	3	895	988	6187	6279	0.001	39.3
XP_023806459.1/1-31325	olaTTN/1-29492	29.670	91	64	0	111	201	25326	25416	0.001	39.3
XP_023806459.1/1-31325	olaTTN/1-29492	24.627	134	95	4	7325	7452	10213	10346	0.001	39.3
XP_023806459.1/1-31325	olaTTN/1-29492	25.893	112	78	1	5855	5966	10952	11058	0.001	39.3
XP_023806459.1/1-31325	olaTTN/1-29492	29.070	86	57	2	31239	31322	16987	17070	0.001	39.3
XP_023806459.1/1-31325	olaTTN/1-29492	28.409	88	58	3	31237	31322	25724	25808	0.001	39.3
XP_023806459.1/1-31325	olaTTN/1-29492	19.935	306	212	7	30466	30756	2619	2906	0.001	39.3
XP_023806459.1/1-31325	olaTTN/1-29492	23.810	84	62	1	30652	30735	16301	16382	0.001	39.3
XP_023806459.1/1-31325	olaTTN/1-29492	25.984	127	90	2	78	200	13351	13477	0.001	39.3
XP_023806459.1/1-31325	olaTTN/1-29492	24.490	98	73	1	23544	23640	1647	1744	0.001	39.3
XP_023806459.1/1-31325	olaTTN/1-29492	22.703	185	136	3	24570	24754	5648	5825	0.001	39.3
XP_023806459.1/1-31325	olaTTN/1-29492	29.487	78	50	3	1064	1140	20948	21021	0.001	39.3
XP_023806459.1/1-31325	olaTTN/1-29492	28.431	102	70	2	17041	17139	2799	2900	0.002	39.3
XP_023806459.1/1-31325	olaTTN/1-29492	22.018	218	157	7	15608	15819	5646	5856	0.002	39.3
XP_023806459.1/1-31325	olaTTN/1-29492	27.848	79	57	0	3235	3313	14084	14162	0.002	39.3
XP_023806459.1/1-31325	olaTTN/1-29492	27.083	96	68	1	3058	3153	22032	22125	0.002	39.3
XP_023806459.1/1-31325	olaTTN/1-29492	22.314	121	91	1	12398	12518	78	195	0.002	39.3
XP_023806459.1/1-31325	olaTTN/1-29492	28.866	97	60	3	1660	1756	10241	10328	0.002	39.3
XP_023806459.1/1-31325	olaTTN/1-29492	26.087	138	95	4	1121	1255	11635	11768	0.002	39.3
XP_023806459.1/1-31325	olaTTN/1-29492	28.378	74	53	0	31026	31099	27209	27282	0.002	39.3
XP_023806459.1/1-31325	olaTTN/1-29492	30.556	108	64	3	6780	6886	15501	15598	0.002	39.3
XP_023806459.1/1-31325	olaTTN/1-29492	27.711	83	60	0	7366	7448	20948	21030	0.002	39.3
XP_023806459.1/1-31325	olaTTN/1-29492	25.658	152	94	5	4963	5100	22810	22956	0.002	39.3
XP_023806459.1/1-31325	olaTTN/1-29492	22.826	92	70	1	22451	22541	1015	1106	0.002	38.9
XP_023806459.1/1-31325	olaTTN/1-29492	30.952	84	54	2	14677	14756	2810	2893	0.002	38.9
XP_023806459.1/1-31325	olaTTN/1-29492	30.882	68	44	2	1064	1130	26424	26489	0.002	38.9
XP_023806459.1/1-31325	olaTTN/1-29492	31.325	83	55	1	7269	7351	26132	26212	0.002	38.9
XP_023806459.1/1-31325	olaTTN/1-29492	25.446	224	139	9	4813	5019	27602	27814	0.002	38.9
XP_023806459.1/1-31325	olaTTN/1-29492	22.680	194	130	6	21295	21472	4569	4758	0.002	38.9
XP_023806459.1/1-31325	olaTTN/1-29492	26.036	169	102	7	6352	6500	15097	15262	0.002	38.9
XP_023806459.1/1-31325	olaTTN/1-29492	31.646	79	54	0	26105	26183	689	767	0.002	38.9
XP_023806459.1/1-31325	olaTTN/1-29492	24.812	133	92	2	15610	15742	5555	5679	0.002	38.9
XP_023806459.1/1-31325	olaTTN/1-29492	22.727	154	110	2	5709	5854	15448	15600	0.002	38.9
XP_023806459.1/1-31325	olaTTN/1-29492	23.457	567	333	26	6853	7355	16947	17476	0.002	38.9
XP_023806459.1/1-31325	olaTTN/1-29492	26.596	94	66	2	29931	30024	29344	29434	0.002	38.9
XP_023806459.1/1-31325	olaTTN/1-29492	28.767	73	51	1	30668	30739	19875	19947	0.002	38.9
XP_023806459.1/1-31325	olaTTN/1-29492	26.733	101	71	1	23924	24024	5588	5685	0.002	38.9
XP_023806459.1/1-31325	olaTTN/1-29492	20.192	208	119	5	29092	29258	1288	1489	0.002	38.9
XP_023806459.1/1-31325	olaTTN/1-29492	22.989	174	117	6	17379	17551	2572	2729	0.002	38.9
XP_023806459.1/1-31325	olaTTN/1-29492	34.286	70	41	2	13519	13588	882	946	0.002	38.9
XP_023806459.1/1-31325	olaTTN/1-29492	39.189	74	40	4	31246	31316	27313	27384	0.002	38.9
XP_023806459.1/1-31325	olaTTN/1-29492	30.000	90	56	3	29182	29268	29360	29445	0.002	38.9
XP_023806459.1/1-31325	olaTTN/1-29492	32.787	61	39	1	31262	31322	23575	23633	0.002	38.9
XP_023806459.1/1-31325	olaTTN/1-29492	30.120	83	54	3	25026	25106	4761	4841	0.002	38.9
XP_023806459.1/1-31325	olaTTN/1-29492	20.513	117	74	1	24986	25102	537	634	0.002	38.9
XP_023806459.1/1-31325	olaTTN/1-29492	27.397	73	53	0	19612	19684	3080	3152	0.002	38.9
XP_023806459.1/1-31325	olaTTN/1-29492	24.000	125	85	3	30643	30758	863	986	0.002	38.9
XP_023806459.1/1-31325	olaTTN/1-29492	23.250	400	257	13	11443	11824	5130	5497	0.002	38.9
XP_023806459.1/1-31325	olaTTN/1-29492	24.103	195	134	7	5	197	9105	9287	0.002	38.9
XP_023806459.1/1-31325	olaTTN/1-29492	22.400	375	257	13	4640	4987	11680	12047	0.002	38.9
XP_023806459.1/1-31325	olaTTN/1-29492	20.000	100	80	0	568	667	19842	19941	0.002	38.9
XP_023806459.1/1-31325	olaTTN/1-29492	36.508	63	38	1	12454	12514	705	767	0.002	38.9
XP_023806459.1/1-31325	olaTTN/1-29492	23.958	96	69	1	24333	24424	13	108	0.002	38.9
XP_023806459.1/1-31325	olaTTN/1-29492	27.174	92	67	0	6133	6224	15903	15994	0.002	38.9
XP_023806459.1/1-31325	olaTTN/1-29492	27.143	70	51	0	30652	30721	17674	17743	0.002	38.9
XP_023806459.1/1-31325	olaTTN/1-29492	29.730	74	51	1	30643	30716	9104	9176	0.002	38.9
XP_023806459.1/1-31325	olaTTN/1-29492	23.485	132	67	3	570	667	11228	11359	0.002	38.5
XP_023806459.1/1-31325	olaTTN/1-29492	19.458	812	547	27	4447	5190	16303	17075	0.002	38.5
XP_023806459.1/1-31325	olaTTN/1-29492	30.108	93	62	2	31231	31322	18752	18842	0.002	38.5
XP_023806459.1/1-31325	olaTTN/1-29492	20.350	914	582	34	5467	6331	19144	19960	0.002	38.5
XP_023806459.1/1-31325	olaTTN/1-29492	30.667	75	51	1	584	657	16986	17060	0.002	38.5
XP_023806459.1/1-31325	olaTTN/1-29492	26.744	86	60	2	30659	30743	13795	13878	0.002	38.5
XP_023806459.1/1-31325	olaTTN/1-29492	20.792	303	188	11	31036	31324	693	957	0.002	38.5
XP_023806459.1/1-31325	olaTTN/1-29492	32.432	74	49	1	16061	16133	1647	1720	0.002	38.5
XP_023806459.1/1-31325	olaTTN/1-29492	25.843	89	66	0	17442	17530	4846	4934	0.002	38.5
XP_023806459.1/1-31325	olaTTN/1-29492	26.087	92	64	2	15659	15746	12	103	0.002	38.5
XP_023806459.1/1-31325	olaTTN/1-29492	27.344	128	85	5	4412	4533	14735	14860	0.002	38.5
XP_023806459.1/1-31325	olaTTN/1-29492	27.731	119	83	2	26057	26175	1081	1196	0.002	38.5
XP_023806459.1/1-31325	olaTTN/1-29492	28.571	77	54	1	1064	1140	14087	14162	0.002	38.5
XP_023806459.1/1-31325	olaTTN/1-29492	26.087	161	96	5	6753	6896	12645	12799	0.002	38.5
XP_023806459.1/1-31325	olaTTN/1-29492	23.841	151	112	2	1120	1269	20904	21052	0.002	38.5
XP_023806459.1/1-31325	olaTTN/1-29492	24.324	148	92	5	14910	15040	2835	2979	0.002	38.5
XP_023806459.1/1-31325	olaTTN/1-29492	22.727	264	169	9	1446	1686	6201	6452	0.002	38.5
XP_023806459.1/1-31325	olaTTN/1-29492	26.667	75	53	1	31022	31094	9376	9450	0.002	38.5
XP_023806459.1/1-31325	olaTTN/1-29492	20.596	403	264	14	6133	6500	9957	10338	0.002	38.5
XP_023806459.1/1-31325	olaTTN/1-29492	36.923	65	38	1	5609	5673	12428	12489	0.002	38.5
XP_023806459.1/1-31325	olaTTN/1-29492	23.616	271	176	10	20509	20764	691	945	0.002	38.5
XP_023806459.1/1-31325	olaTTN/1-29492	28.571	70	49	1	7768	7837	29018	29086	0.002	38.5
XP_023806459.1/1-31325	olaTTN/1-29492	32.353	68	44	1	724	791	17681	17746	0.002	38.5
XP_023806459.1/1-31325	olaTTN/1-29492	32.877	73	43	2	3081	3153	18776	18842	0.002	38.5
XP_023806459.1/1-31325	olaTTN/1-29492	25.926	81	57	1	30644	30721	19145	19225	0.002	38.5
XP_023806459.1/1-31325	olaTTN/1-29492	25.984	127	86	3	1120	1241	24597	24720	0.002	38.5
XP_023806459.1/1-31325	olaTTN/1-29492	31.343	67	45	1	30652	30718	6197	6262	0.002	38.5
XP_023806459.1/1-31325	olaTTN/1-29492	28.889	90	64	0	5570	5659	22044	22133	0.002	38.5
XP_023806459.1/1-31325	olaTTN/1-29492	28.090	89	62	1	26506	26592	29357	29445	0.002	38.5
XP_023806459.1/1-31325	olaTTN/1-29492	29.870	77	49	2	29843	29919	29360	29431	0.002	38.5
XP_023806459.1/1-31325	olaTTN/1-29492	27.586	87	56	2	25021	25104	1410	1492	0.002	38.5
XP_023806459.1/1-31325	olaTTN/1-29492	27.559	127	71	5	22420	22541	1894	2004	0.002	38.5
XP_023806459.1/1-31325	olaTTN/1-29492	22.552	337	195	12	2124	2399	28239	28570	0.002	38.5
XP_023806459.1/1-31325	olaTTN/1-29492	26.437	87	63	1	30654	30739	10254	10340	0.002	38.5
XP_023806459.1/1-31325	olaTTN/1-29492	31.250	80	53	1	5855	5934	26818	26895	0.003	38.5
XP_023806459.1/1-31325	olaTTN/1-29492	24.490	147	98	5	7120	7255	12638	12782	0.003	38.5
XP_023806459.1/1-31325	olaTTN/1-29492	28.205	78	55	1	28783	28860	558	634	0.003	38.5
XP_023806459.1/1-31325	olaTTN/1-29492	25.926	135	95	2	7418	7548	19819	19952	0.003	38.5
XP_023806459.1/1-31325	olaTTN/1-29492	20.833	192	131	6	2040	2212	28365	28554	0.003	38.5
XP_023806459.1/1-31325	olaTTN/1-29492	21.875	128	91	3	6193	6313	18721	18846	0.003	38.5
XP_023806459.1/1-31325	olaTTN/1-29492	21.429	112	85	1	7060	7168	22425	22536	0.003	38.5
XP_023806459.1/1-31325	olaTTN/1-29492	23.711	97	69	2	10776	10867	29348	29444	0.003	38.5
XP_023806459.1/1-31325	olaTTN/1-29492	21.064	451	268	16	4511	4906	14443	14860	0.003	38.5
XP_023806459.1/1-31325	olaTTN/1-29492	22.973	74	57	0	585	658	25726	25799	0.003	38.5
XP_023806459.1/1-31325	olaTTN/1-29492	28.736	87	59	2	30656	30741	26819	26903	0.003	38.5
XP_023806459.1/1-31325	olaTTN/1-29492	25.287	87	65	0	11740	11826	4567	4653	0.003	38.1
XP_023806459.1/1-31325	olaTTN/1-29492	21.569	612	343	26	6978	7508	19158	19713	0.003	38.1
XP_023806459.1/1-31325	olaTTN/1-29492	21.107	289	203	7	24513	24791	2707	2980	0.003	38.1
XP_023806459.1/1-31325	olaTTN/1-29492	21.189	387	262	16	6605	6965	13793	14162	0.003	38.1
XP_023806459.1/1-31325	olaTTN/1-29492	28.090	89	62	1	20	108	14486	14572	0.003	38.1
XP_023806459.1/1-31325	olaTTN/1-29492	26.050	119	81	3	1120	1233	22397	22513	0.003	38.1
XP_023806459.1/1-31325	olaTTN/1-29492	28.440	109	71	4	6122	6227	13378	13482	0.003	38.1
XP_023806459.1/1-31325	olaTTN/1-29492	22.485	169	106	5	29859	30021	2646	2795	0.003	38.1
XP_023806459.1/1-31325	olaTTN/1-29492	22.126	348	226	13	6976	7295	10949	11279	0.003	38.1
XP_023806459.1/1-31325	olaTTN/1-29492	25.301	83	60	1	26792	26872	29173	29255	0.003	38.1
XP_023806459.1/1-31325	olaTTN/1-29492	34.667	75	45	1	721	795	26129	26199	0.003	38.1
XP_023806459.1/1-31325	olaTTN/1-29492	30.508	59	37	1	31264	31322	26841	26895	0.003	38.1
XP_023806459.1/1-31325	olaTTN/1-29492	22.162	185	133	6	10857	11031	1	184	0.003	38.1
XP_023806459.1/1-31325	olaTTN/1-29492	23.762	101	73	2	30628	30725	1098	1197	0.003	38.1
XP_023806459.1/1-31325	olaTTN/1-29492	30.851	94	62	3	31231	31322	27601	27693	0.003	38.1
XP_023806459.1/1-31325	olaTTN/1-29492	26.400	125	83	4	6008	6124	11635	11758	0.003	38.1
XP_023806459.1/1-31325	olaTTN/1-29492	26.923	78	54	1	20	97	24645	24719	0.003	38.1
XP_023806459.1/1-31325	olaTTN/1-29492	26.667	105	63	3	13217	13312	5696	5795	0.003	38.1
XP_023806459.1/1-31325	olaTTN/1-29492	27.132	129	89	2	2970	3097	15924	16048	0.003	38.1
XP_023806459.1/1-31325	olaTTN/1-29492	23.944	142	94	4	1398	1526	11919	12059	0.003	38.1
XP_023806459.1/1-31325	olaTTN/1-29492	19.703	538	337	21	6178	6662	21700	22195	0.003	38.1
XP_023806459.1/1-31325	olaTTN/1-29492	31.461	89	53	4	21760	21845	1634	1717	0.003	38.1
XP_023806459.1/1-31325	olaTTN/1-29492	22.946	353	223	12	2334	2647	25062	25404	0.003	38.1
XP_023806459.1/1-31325	olaTTN/1-29492	25.688	109	76	3	6209	6313	14059	14166	0.003	38.1
XP_023806459.1/1-31325	olaTTN/1-29492	20.805	149	111	4	2772	2917	22369	22513	0.003	38.1
XP_023806459.1/1-31325	olaTTN/1-29492	22.353	85	60	2	28284	28364	29173	29255	0.003	38.1
XP_023806459.1/1-31325	olaTTN/1-29492	22.989	87	65	1	585	671	17674	17758	0.003	38.1
XP_023806459.1/1-31325	olaTTN/1-29492	28.916	83	57	1	7366	7448	26132	26212	0.003	38.1
XP_023806459.1/1-31325	olaTTN/1-29492	26.230	122	82	4	16315	16433	78	194	0.004	37.7
XP_023806459.1/1-31325	olaTTN/1-29492	19.697	462	283	16	9173	9609	558	956	0.004	37.7
XP_023806459.1/1-31325	olaTTN/1-29492	26.752	157	103	5	1100	1248	26751	26903	0.004	37.7
XP_023806459.1/1-31325	olaTTN/1-29492	30.588	85	57	1	26103	26187	5130	5212	0.004	37.7
XP_023806459.1/1-31325	olaTTN/1-29492	25.926	54	40	0	31051	31104	575	628	0.004	37.7
XP_023806459.1/1-31325	olaTTN/1-29492	23.214	112	77	2	555	657	11935	12046	0.004	37.7
XP_023806459.1/1-31325	olaTTN/1-29492	22.222	81	63	0	25026	25106	29360	29440	0.004	37.7
XP_023806459.1/1-31325	olaTTN/1-29492	28.947	76	52	1	23561	23634	33	108	0.004	37.7
XP_023806459.1/1-31325	olaTTN/1-29492	21.459	699	435	29	6452	7084	25872	26522	0.004	37.7
XP_023806459.1/1-31325	olaTTN/1-29492	25.564	133	93	2	11693	11825	5185	5311	0.004	37.7
XP_023806459.1/1-31325	olaTTN/1-29492	30.588	85	51	3	7455	7535	20654	20734	0.004	37.7
XP_023806459.1/1-31325	olaTTN/1-29492	22.000	100	78	0	28687	28786	29360	29459	0.004	37.7
XP_023806459.1/1-31325	olaTTN/1-29492	26.389	72	52	1	22858	22928	16	87	0.004	37.7
XP_023806459.1/1-31325	olaTTN/1-29492	27.160	81	59	0	16060	16140	3082	3162	0.004	37.7
XP_023806459.1/1-31325	olaTTN/1-29492	29.851	67	46	1	3361	3427	19877	19942	0.004	37.7
XP_023806459.1/1-31325	olaTTN/1-29492	26.891	119	61	4	2840	2949	24636	24737	0.004	37.7
XP_023806459.1/1-31325	olaTTN/1-29492	25.926	81	60	0	16060	16140	5792	5872	0.004	37.7
XP_023806459.1/1-31325	olaTTN/1-29492	32.258	62	41	1	31261	31322	16613	16673	0.004	37.7
XP_023806459.1/1-31325	olaTTN/1-29492	30.986	71	48	1	3234	3303	16990	17060	0.004	37.7
XP_023806459.1/1-31325	olaTTN/1-29492	27.586	87	62	1	1059	1145	25328	25413	0.004	37.7
XP_023806459.1/1-31325	olaTTN/1-29492	24.845	161	112	5	1375	1528	26346	26504	0.004	37.7
XP_023806459.1/1-31325	olaTTN/1-29492	26.733	101	72	1	26507	26605	4853	4953	0.004	37.7
XP_023806459.1/1-31325	olaTTN/1-29492	24.719	89	66	1	17032	17119	5774	5862	0.004	37.7
XP_023806459.1/1-31325	olaTTN/1-29492	26.984	126	84	4	15375	15492	29360	29485	0.004	37.7
XP_023806459.1/1-31325	olaTTN/1-29492	27.273	88	62	1	29	116	19875	19960	0.004	37.7
XP_023806459.1/1-31325	olaTTN/1-29492	28.333	60	43	0	31051	31110	18094	18153	0.004	37.7
XP_023806459.1/1-31325	olaTTN/1-29492	25.243	103	75	1	22449	22549	3	105	0.004	37.7
XP_023806459.1/1-31325	olaTTN/1-29492	26.230	122	60	4	15	106	11248	11369	0.004	37.7
XP_023806459.1/1-31325	olaTTN/1-29492	25.581	129	89	4	78	200	16553	16680	0.004	37.7
XP_023806459.1/1-31325	olaTTN/1-29492	24.419	172	118	6	10150	10310	10	180	0.004	37.7
XP_023806459.1/1-31325	olaTTN/1-29492	25.714	105	73	2	1139	1240	14459	14561	0.004	37.7
XP_023806459.1/1-31325	olaTTN/1-29492	19.887	1599	1044	58	4683	6124	22811	24329	0.004	37.7
XP_023806459.1/1-31325	olaTTN/1-29492	19.835	242	167	5	10888	11126	29038	29255	0.004	37.7
XP_023806459.1/1-31325	olaTTN/1-29492	25.000	168	116	4	8	175	8929	9086	0.004	37.7
XP_023806459.1/1-31325	olaTTN/1-29492	22.747	233	134	10	6838	7050	10191	10397	0.004	37.7
XP_023806459.1/1-31325	olaTTN/1-29492	27.049	122	84	2	19178	19299	78	194	0.004	37.7
XP_023806459.1/1-31325	olaTTN/1-29492	31.250	80	51	2	28685	28760	688	767	0.004	37.7
XP_023806459.1/1-31325	olaTTN/1-29492	25.899	139	82	4	6124	6244	15498	15633	0.004	37.7
XP_023806459.1/1-31325	olaTTN/1-29492	24.031	129	85	3	1120	1240	20214	20337	0.004	37.7
XP_023806459.1/1-31325	olaTTN/1-29492	28.235	85	56	3	28287	28368	4851	4933	0.004	37.7
XP_023806459.1/1-31325	olaTTN/1-29492	28.947	114	70	3	16716	16826	78	183	0.004	37.7
XP_023806459.1/1-31325	olaTTN/1-29492	29.524	105	69	2	6123	6224	18462	18564	0.004	37.7
XP_023806459.1/1-31325	olaTTN/1-29492	30.882	68	46	1	1689	1756	23561	23627	0.004	37.7
XP_023806459.1/1-31325	olaTTN/1-29492	28.049	82	57	2	16354	16433	1647	1728	0.004	37.7
XP_023806459.1/1-31325	olaTTN/1-29492	30.159	126	74	6	77	192	13054	13175	0.004	37.7
XP_023806459.1/1-31325	olaTTN/1-29492	24.359	78	58	1	3350	3427	10259	10335	0.004	37.7
XP_023806459.1/1-31325	olaTTN/1-29492	27.778	72	52	0	587	658	21341	21412	0.004	37.7
XP_023806459.1/1-31325	olaTTN/1-29492	19.474	380	257	12	6054	6406	19588	19945	0.005	37.7
XP_023806459.1/1-31325	olaTTN/1-29492	21.739	92	72	0	4542	4633	10254	10345	0.005	37.7
XP_023806459.1/1-31325	olaTTN/1-29492	26.562	128	85	3	11694	11819	1085	1205	0.005	37.4
XP_023806459.1/1-31325	olaTTN/1-29492	29.167	96	60	3	31231	31322	21746	21837	0.005	37.4
XP_023806459.1/1-31325	olaTTN/1-29492	32.394	71	45	2	14677	14744	3509	3579	0.005	37.4
XP_023806459.1/1-31325	olaTTN/1-29492	30.488	82	53	2	21094	21171	554	635	0.005	37.4
XP_023806459.1/1-31325	olaTTN/1-29492	28.947	152	93	7	6193	6332	16550	16698	0.005	37.4
XP_023806459.1/1-31325	olaTTN/1-29492	26.852	108	74	2	5649	5751	22419	22526	0.005	37.4
XP_023806459.1/1-31325	olaTTN/1-29492	29.851	67	45	1	3350	3416	24645	24709	0.005	37.4
XP_023806459.1/1-31325	olaTTN/1-29492	22.727	110	83	2	21370	21478	1637	1745	0.005	37.4
XP_023806459.1/1-31325	olaTTN/1-29492	24.060	133	93	4	17012	17142	3049	3175	0.005	37.4
XP_023806459.1/1-31325	olaTTN/1-29492	22.472	89	68	1	30652	30739	20941	21029	0.005	37.4
XP_023806459.1/1-31325	olaTTN/1-29492	28.261	138	86	4	5892	6017	18006	18142	0.005	37.4
XP_023806459.1/1-31325	olaTTN/1-29492	23.118	186	128	7	7	190	8128	8300	0.005	37.4
XP_023806459.1/1-31325	olaTTN/1-29492	27.160	81	55	2	15371	15447	688	768	0.005	37.4
XP_023806459.1/1-31325	olaTTN/1-29492	28.947	114	76	2	24320	24431	5307	5417	0.005	37.4
XP_023806459.1/1-31325	olaTTN/1-29492	26.531	147	97	4	7403	7543	19517	19658	0.005	37.4
XP_023806459.1/1-31325	olaTTN/1-29492	22.308	130	95	3	14921	15050	5749	5872	0.005	37.4
XP_023806459.1/1-31325	olaTTN/1-29492	25.000	84	61	1	22176	22257	29357	29440	0.005	37.4
XP_023806459.1/1-31325	olaTTN/1-29492	32.143	112	65	6	8	114	7671	7776	0.005	37.4
XP_023806459.1/1-31325	olaTTN/1-29492	25.000	96	66	2	26502	26592	13	107	0.005	37.4
XP_023806459.1/1-31325	olaTTN/1-29492	18.957	422	287	13	21049	21458	2509	2887	0.005	37.4
XP_023806459.1/1-31325	olaTTN/1-29492	22.137	131	92	2	19572	19702	5567	5687	0.005	37.4
XP_023806459.1/1-31325	olaTTN/1-29492	29.787	94	56	3	7368	7461	17399	17482	0.005	37.4
XP_023806459.1/1-31325	olaTTN/1-29492	24.051	79	60	0	17051	17129	555	633	0.005	37.4
XP_023806459.1/1-31325	olaTTN/1-29492	20.652	368	266	12	25432	25789	5520	5871	0.005	37.4
XP_023806459.1/1-31325	olaTTN/1-29492	35.211	71	43	2	7583	7653	15915	15982	0.005	37.4
XP_023806459.1/1-31325	olaTTN/1-29492	23.451	226	135	7	7475	7665	3269	3491	0.006	37.4
XP_023806459.1/1-31325	olaTTN/1-29492	24.576	118	80	3	22829	22938	990	1106	0.006	37.4
XP_023806459.1/1-31325	olaTTN/1-29492	26.531	98	69	1	2830	2924	14464	14561	0.006	37.4
XP_023806459.1/1-31325	olaTTN/1-29492	25.000	84	59	2	115	198	26129	26208	0.006	37.4
XP_023806459.1/1-31325	olaTTN/1-29492	26.374	91	59	2	26103	26190	3082	3167	0.006	37.4
XP_023806459.1/1-31325	olaTTN/1-29492	26.897	145	101	4	18075	18218	1352	1492	0.006	37.4
XP_023806459.1/1-31325	olaTTN/1-29492	30.882	68	47	0	23567	23634	5623	5690	0.006	37.4
XP_023806459.1/1-31325	olaTTN/1-29492	20.000	265	173	9	31050	31307	1667	1899	0.006	37.4
XP_023806459.1/1-31325	olaTTN/1-29492	35.000	60	39	0	2979	3038	12725	12784	0.006	37.4
XP_023806459.1/1-31325	olaTTN/1-29492	21.970	132	98	2	6370	6501	13349	13475	0.006	37.4
XP_023806459.1/1-31325	olaTTN/1-29492	26.316	76	54	1	592	667	13795	13868	0.006	37.4
XP_023806459.1/1-31325	olaTTN/1-29492	27.143	140	81	4	3005	3144	19111	19229	0.006	37.4
XP_023806459.1/1-31325	olaTTN/1-29492	20.792	101	77	2	6976	7076	20255	20352	0.006	37.0
XP_023806459.1/1-31325	olaTTN/1-29492	29.134	127	78	4	1120	1240	22825	22945	0.006	37.0
XP_023806459.1/1-31325	olaTTN/1-29492	27.731	119	77	4	2905	3022	15469	15579	0.006	37.0
XP_023806459.1/1-31325	olaTTN/1-29492	29.592	98	66	1	1430	1524	24623	24720	0.006	37.0
XP_023806459.1/1-31325	olaTTN/1-29492	28.319	113	78	1	7439	7548	26398	26510	0.006	37.0
XP_023806459.1/1-31325	olaTTN/1-29492	30.851	94	60	3	29085	29176	1418	1508	0.006	37.0
XP_023806459.1/1-31325	olaTTN/1-29492	28.986	69	49	0	115	183	23159	23227	0.006	37.0
XP_023806459.1/1-31325	olaTTN/1-29492	20.716	391	261	14	7266	7640	23956	24313	0.006	37.0
XP_023806459.1/1-31325	olaTTN/1-29492	22.000	100	78	0	26795	26894	5600	5699	0.006	37.0
XP_023806459.1/1-31325	olaTTN/1-29492	29.310	58	40	1	25035	25091	5924	5981	0.006	37.0
XP_023806459.1/1-31325	olaTTN/1-29492	26.531	98	69	1	6030	6124	14069	14166	0.006	37.0
XP_023806459.1/1-31325	olaTTN/1-29492	33.333	66	43	1	28679	28743	6105	6170	0.007	37.0
XP_023806459.1/1-31325	olaTTN/1-29492	24.096	83	63	0	14968	15050	29173	29255	0.007	37.0
XP_023806459.1/1-31325	olaTTN/1-29492	24.359	78	59	0	25025	25102	2812	2889	0.007	37.0
XP_023806459.1/1-31325	olaTTN/1-29492	23.864	88	63	1	20	107	20661	20744	0.007	37.0
XP_023806459.1/1-31325	olaTTN/1-29492	24.204	157	99	4	6491	6644	10930	11069	0.007	37.0
XP_023806459.1/1-31325	olaTTN/1-29492	27.500	80	56	1	5762	5841	10953	11030	0.007	37.0
XP_023806459.1/1-31325	olaTTN/1-29492	20.438	137	99	4	28704	28840	2297	2423	0.007	37.0
XP_023806459.1/1-31325	olaTTN/1-29492	25.243	103	77	0	5938	6040	10942	11044	0.007	37.0
XP_023806459.1/1-31325	olaTTN/1-29492	20.485	371	255	12	25440	25796	5248	5592	0.007	37.0
XP_023806459.1/1-31325	olaTTN/1-29492	26.667	120	78	3	13469	13587	1086	1196	0.007	37.0
XP_023806459.1/1-31325	olaTTN/1-29492	30.000	80	55	1	22465	22544	1414	1492	0.007	37.0
XP_023806459.1/1-31325	olaTTN/1-29492	28.571	77	54	1	17851	17927	1415	1490	0.007	37.0
XP_023806459.1/1-31325	olaTTN/1-29492	21.891	201	133	5	29721	29921	2813	2989	0.007	37.0
XP_023806459.1/1-31325	olaTTN/1-29492	29.268	123	72	4	688	797	14732	14852	0.007	37.0
XP_023806459.1/1-31325	olaTTN/1-29492	26.316	95	69	1	16347	16440	3076	3170	0.007	37.0
XP_023806459.1/1-31325	olaTTN/1-29492	22.609	115	84	2	22418	22532	5754	5863	0.007	37.0
XP_023806459.1/1-31325	olaTTN/1-29492	23.116	398	248	18	4449	4813	25040	25412	0.007	37.0
XP_023806459.1/1-31325	olaTTN/1-29492	26.923	104	73	2	11036	11136	29342	29445	0.007	37.0
XP_023806459.1/1-31325	olaTTN/1-29492	22.283	184	124	6	7374	7541	11880	12060	0.007	37.0
XP_023806459.1/1-31325	olaTTN/1-29492	24.691	162	105	5	6553	6698	14025	14185	0.007	37.0
XP_023806459.1/1-31325	olaTTN/1-29492	28.571	77	54	1	3350	3426	15511	15586	0.007	37.0
XP_023806459.1/1-31325	olaTTN/1-29492	30.556	72	48	2	7764	7834	28244	28314	0.007	37.0
XP_023806459.1/1-31325	olaTTN/1-29492	28.571	105	71	3	1651	1752	20224	20327	0.007	37.0
XP_023806459.1/1-31325	olaTTN/1-29492	22.013	477	294	20	23962	24413	2739	3162	0.007	37.0
XP_023806459.1/1-31325	olaTTN/1-29492	33.333	63	36	2	31261	31322	18496	18553	0.007	37.0
XP_023806459.1/1-31325	olaTTN/1-29492	23.922	255	153	11	6752	6979	10802	11042	0.007	37.0
XP_023806459.1/1-31325	olaTTN/1-29492	23.423	111	80	3	78	183	17636	17746	0.007	37.0
XP_023806459.1/1-31325	olaTTN/1-29492	23.301	103	77	1	6	108	22036	22136	0.007	37.0
XP_023806459.1/1-31325	olaTTN/1-29492	29.070	86	60	1	6978	7063	22440	22524	0.007	37.0
XP_023806459.1/1-31325	olaTTN/1-29492	28.571	84	57	1	17433	17516	2798	2878	0.007	37.0
XP_023806459.1/1-31325	olaTTN/1-29492	32.812	64	43	0	12454	12517	5148	5211	0.008	37.0
XP_023806459.1/1-31325	olaTTN/1-29492	26.087	92	67	1	4444	4534	14079	14170	0.008	37.0
XP_023806459.1/1-31325	olaTTN/1-29492	31.325	83	56	1	7461	7542	16596	16678	0.008	37.0
XP_023806459.1/1-31325	olaTTN/1-29492	25.287	87	61	2	3334	3417	19144	19229	0.008	37.0
XP_023806459.1/1-31325	olaTTN/1-29492	24.516	155	94	5	9191	9329	29045	29192	0.008	37.0
XP_023806459.1/1-31325	olaTTN/1-29492	26.582	79	56	1	23264	23340	29182	29260	0.008	37.0
XP_023806459.1/1-31325	olaTTN/1-29492	18.538	383	255	12	5856	6204	16305	16664	0.008	36.6
XP_023806459.1/1-31325	olaTTN/1-29492	27.586	116	80	3	1274	1387	3475	3588	0.008	36.6
XP_023806459.1/1-31325	olaTTN/1-29492	26.506	83	60	1	16755	16836	29173	29255	0.008	36.6
XP_023806459.1/1-31325	olaTTN/1-29492	26.829	82	58	2	22847	22928	29166	29245	0.008	36.6
XP_023806459.1/1-31325	olaTTN/1-29492	40.000	50	26	2	12460	12507	5623	5670	0.008	36.6
XP_023806459.1/1-31325	olaTTN/1-29492	22.989	87	67	0	6130	6216	20254	20340	0.008	36.6
XP_023806459.1/1-31325	olaTTN/1-29492	25.281	178	98	7	2925	3095	27586	27735	0.008	36.6
XP_023806459.1/1-31325	olaTTN/1-29492	31.944	72	45	1	3072	3143	13097	13164	0.008	36.6
XP_023806459.1/1-31325	olaTTN/1-29492	25.517	145	95	5	18470	18614	5081	5212	0.009	36.6
XP_023806459.1/1-31325	olaTTN/1-29492	30.682	88	59	1	26103	26190	4756	4841	0.009	36.6
XP_023806459.1/1-31325	olaTTN/1-29492	21.387	519	352	17	5715	6198	21705	22202	0.009	36.6
XP_023806459.1/1-31325	olaTTN/1-29492	26.087	69	51	0	18137	18205	555	623	0.009	36.6
XP_023806459.1/1-31325	olaTTN/1-29492	22.124	113	80	1	17850	17954	5700	5812	0.009	36.6
XP_023806459.1/1-31325	olaTTN/1-29492	31.343	67	44	2	15384	15448	29189	29255	0.009	36.6
XP_023806459.1/1-31325	olaTTN/1-29492	26.761	71	52	0	1322	1392	19876	19946	0.009	36.6
XP_023806459.1/1-31325	olaTTN/1-29492	24.615	65	49	0	2045	2109	27209	27273	0.009	36.6
XP_023806459.1/1-31325	olaTTN/1-29492	24.051	79	60	0	23545	23623	29177	29255	0.009	36.6
XP_023806459.1/1-31325	olaTTN/1-29492	24.590	122	76	3	28288	28399	29357	29472	0.009	36.6
XP_023806459.1/1-31325	olaTTN/1-29492	26.667	75	53	1	23936	24008	13	87	0.009	36.6
XP_023806459.1/1-31325	olaTTN/1-29492	24.390	123	87	3	6366	6486	19110	19228	0.009	36.6
XP_023806459.1/1-31325	olaTTN/1-29492	21.739	92	72	0	4438	4529	19852	19943	0.009	36.6
XP_023806459.1/1-31325	olaTTN/1-29492	26.923	130	79	3	7455	7571	26125	26251	0.009	36.6
XP_023806459.1/1-31325	olaTTN/1-29492	30.233	86	54	4	12680	12765	66	145	0.010	36.6
XP_023806459.1/1-31325	olaTTN/1-29492	24.113	141	97	3	26734	26874	4800	4930	0.010	36.6
XP_023806459.1/1-31325	olaTTN/1-29492	26.190	84	62	0	5855	5938	22441	22524	0.010	36.6
XP_023806459.1/1-31325	olaTTN/1-29492	29.286	140	86	5	70	198	25674	25811	0.010	36.6
XP_023806459.1/1-31325	olaTTN/1-29492	27.907	86	58	2	27198	27281	29357	29440	0.010	36.6
XP_023806459.1/1-31325	olaTTN/1-29492	23.529	102	72	3	27578	27673	1626	1727	0.010	36.6
XP_023806459.1/1-31325	olaTTN/1-29492	27.941	68	48	1	31038	31104	4858	4925	0.010	36.6
XP_023806459.1/1-31325	olaTTN/1-29492	27.711	83	58	1	26502	26582	29173	29255	0.010	36.6
XP_023806459.1/1-31325	olaTTN/1-29492	27.778	90	61	3	20679	20767	1634	1720	0.010	36.6
XP_023806459.1/1-31325	olaTTN/1-29492	23.494	166	116	4	16973	17133	4775	4934	0.010	36.6
XP_023806459.1/1-31325	olaTTN/1-29492	23.308	133	81	4	15329	15454	5567	5685	0.010	36.6
XP_023806459.1/1-31325	olaTTN/1-29492	24.096	83	62	1	16352	16433	29174	29256	0.010	36.6
XP_023806459.1/1-31325	olaTTN/1-29492	20.833	96	71	1	13	108	17386	17476	0.010	36.6
XP_023806459.1/1-31325	olaTTN/1-29492	23.741	139	93	3	3026	3153	20887	21023	0.010	36.6
XP_023806459.1/1-31325	olaTTN/1-29492	31.034	58	40	0	2508	2565	22464	22521	0.010	36.6
XP_023806459.1/1-31325	olaTTN/1-29492	29.885	87	60	1	22859	22945	5132	5217	0.010	36.2
XP_023806459.1/1-31325	olaTTN/1-29492	30.120	83	57	1	5856	5938	24642	24723	0.010	36.2
XP_023806459.1/1-31325	olaTTN/1-29492	24.409	127	91	3	4622	4745	29342	29466	0.010	36.2
XP_023806459.1/1-31325	olaTTN/1-29492	22.222	99	74	2	25009	25104	1632	1730	0.010	36.2
XP_023806459.1/1-31325	olaTTN/1-29492	31.667	60	38	2	28696	28753	3521	3579	0.011	36.2
XP_023806459.1/1-31325	olaTTN/1-29492	27.344	128	82	5	70	188	24986	25111	0.011	36.2
XP_023806459.1/1-31325	olaTTN/1-29492	32.394	71	46	2	21776	21845	3509	3578	0.011	36.2
XP_023806459.1/1-31325	olaTTN/1-29492	32.000	75	49	2	14673	14745	29173	29247	0.011	36.2
XP_023806459.1/1-31325	olaTTN/1-29492	25.490	102	69	2	6127	6221	12682	12783	0.011	36.2
XP_023806459.1/1-31325	olaTTN/1-29492	23.494	166	117	4	2775	2936	15834	15993	0.011	36.2
XP_023806459.1/1-31325	olaTTN/1-29492	23.288	73	56	0	3234	3306	26420	26492	0.011	36.2
XP_023806459.1/1-31325	olaTTN/1-29492	22.306	399	249	17	7266	7644	20658	21015	0.011	36.2
XP_023806459.1/1-31325	olaTTN/1-29492	28.767	73	52	0	3234	3306	22046	22118	0.011	36.2
XP_023806459.1/1-31325	olaTTN/1-29492	23.810	84	64	0	5855	5938	18073	18156	0.011	36.2
XP_023806459.1/1-31325	olaTTN/1-29492	20.732	82	64	1	28783	28864	29360	29440	0.011	36.2
XP_023806459.1/1-31325	olaTTN/1-29492	27.500	80	54	1	18943	19018	29	108	0.011	36.2
XP_023806459.1/1-31325	olaTTN/1-29492	25.325	154	99	4	13454	13598	3443	3589	0.011	36.2
XP_023806459.1/1-31325	olaTTN/1-29492	19.286	420	311	10	23210	23623	2491	2888	0.012	36.2
XP_023806459.1/1-31325	olaTTN/1-29492	26.168	107	74	2	19593	19697	5774	5877	0.012	36.2
XP_023806459.1/1-31325	olaTTN/1-29492	31.148	61	37	1	31262	31322	17410	17465	0.012	36.2
XP_023806459.1/1-31325	olaTTN/1-29492	21.739	276	181	10	721	978	22252	22510	0.012	36.2
XP_023806459.1/1-31325	olaTTN/1-29492	27.397	73	50	2	22857	22928	553	623	0.012	36.2
XP_023806459.1/1-31325	olaTTN/1-29492	32.394	71	46	1	17054	17122	692	762	0.012	36.2
XP_023806459.1/1-31325	olaTTN/1-29492	29.070	86	48	2	17448	17526	876	955	0.012	36.2
XP_023806459.1/1-31325	olaTTN/1-29492	29.474	95	63	2	26100	26192	4562	4654	0.012	36.2
XP_023806459.1/1-31325	olaTTN/1-29492	25.000	164	116	4	20232	20392	4599	4758	0.012	36.2
XP_023806459.1/1-31325	olaTTN/1-29492	21.937	351	205	16	12182	12510	4714	5017	0.012	36.2
XP_023806459.1/1-31325	olaTTN/1-29492	34.375	64	38	2	12455	12514	4584	4647	0.012	36.2
XP_023806459.1/1-31325	olaTTN/1-29492	23.529	102	77	1	2929	3029	14460	14561	0.012	36.2
XP_023806459.1/1-31325	olaTTN/1-29492	27.957	93	58	2	17433	17516	1625	1717	0.013	36.2
XP_023806459.1/1-31325	olaTTN/1-29492	24.444	90	64	1	25712	25797	29357	29446	0.013	36.2
XP_023806459.1/1-31325	olaTTN/1-29492	26.471	102	70	2	27587	27684	8	108	0.013	36.2
XP_023806459.1/1-31325	olaTTN/1-29492	25.564	133	86	6	15329	15458	5474	5596	0.013	36.2
XP_023806459.1/1-31325	olaTTN/1-29492	28.409	88	51	2	3349	3427	12692	12776	0.013	36.2
XP_023806459.1/1-31325	olaTTN/1-29492	20.398	402	262	14	6039	6406	13789	14166	0.013	36.2
XP_023806459.1/1-31325	olaTTN/1-29492	22.689	119	83	3	1064	1181	11680	11790	0.013	36.2
XP_023806459.1/1-31325	olaTTN/1-29492	30.851	94	62	3	1689	1780	16600	16692	0.013	36.2
XP_023806459.1/1-31325	olaTTN/1-29492	24.194	124	84	5	18479	18602	5749	5862	0.013	36.2
XP_023806459.1/1-31325	olaTTN/1-29492	26.471	102	68	4	30428	30528	6110	6205	0.013	36.2
XP_023806459.1/1-31325	olaTTN/1-29492	23.448	145	95	5	7222	7355	18425	18564	0.013	36.2
XP_023806459.1/1-31325	olaTTN/1-29492	22.727	242	144	7	7426	7655	23120	23330	0.013	36.2
XP_023806459.1/1-31325	olaTTN/1-29492	22.581	93	69	2	887	978	20923	21013	0.013	36.2
XP_023806459.1/1-31325	olaTTN/1-29492	19.636	275	186	6	31051	31324	29197	29437	0.013	36.2
XP_023806459.1/1-31325	olaTTN/1-29492	24.051	79	60	0	23945	24023	5233	5311	0.013	35.8
XP_023806459.1/1-31325	olaTTN/1-29492	28.723	94	61	4	3336	3426	14764	14854	0.013	35.8
XP_023806459.1/1-31325	olaTTN/1-29492	20.655	397	233	14	7037	7389	12448	12806	0.014	35.8
XP_023806459.1/1-31325	olaTTN/1-29492	26.316	76	56	0	14975	15050	558	633	0.014	35.8
XP_023806459.1/1-31325	olaTTN/1-29492	19.093	419	276	14	6514	6896	26132	26523	0.014	35.8
XP_023806459.1/1-31325	olaTTN/1-29492	23.864	88	64	1	2043	2130	26414	26498	0.014	35.8
XP_023806459.1/1-31325	olaTTN/1-29492	30.508	59	40	1	26117	26175	3521	3578	0.014	35.8
XP_023806459.1/1-31325	olaTTN/1-29492	22.330	103	78	1	1063	1165	16596	16696	0.015	35.8
XP_023806459.1/1-31325	olaTTN/1-29492	19.656	407	272	11	5483	5857	23959	24342	0.015	35.8
XP_023806459.1/1-31325	olaTTN/1-29492	22.749	211	131	8	25423	25619	4667	4859	0.015	35.8
XP_023806459.1/1-31325	olaTTN/1-29492	23.404	235	143	8	1794	2023	29038	29240	0.015	35.8
XP_023806459.1/1-31325	olaTTN/1-29492	27.350	117	76	3	707	818	19559	19671	0.015	35.8
XP_023806459.1/1-31325	olaTTN/1-29492	22.464	138	94	5	13163	13298	5086	5212	0.015	35.8
XP_023806459.1/1-31325	olaTTN/1-29492	34.921	63	39	1	2238	2298	18778	18840	0.015	35.8
XP_023806459.1/1-31325	olaTTN/1-29492	31.169	77	47	2	14673	14744	13	88	0.016	35.8
XP_023806459.1/1-31325	olaTTN/1-29492	23.077	104	72	1	4438	4541	20934	21029	0.016	35.8
XP_023806459.1/1-31325	olaTTN/1-29492	30.986	71	48	1	14987	15056	4488	4558	0.016	35.8
XP_023806459.1/1-31325	olaTTN/1-29492	24.107	112	56	3	1158	1240	11248	11359	0.016	35.8
XP_023806459.1/1-31325	olaTTN/1-29492	26.168	107	67	3	703	799	25702	25806	0.016	35.8
XP_023806459.1/1-31325	olaTTN/1-29492	24.044	183	96	7	21107	21280	29	177	0.016	35.8
XP_023806459.1/1-31325	olaTTN/1-29492	21.528	144	103	2	22419	22560	5094	5229	0.016	35.8
XP_023806459.1/1-31325	olaTTN/1-29492	26.957	115	75	3	1129	1240	17357	17465	0.016	35.8
XP_023806459.1/1-31325	olaTTN/1-29492	20.930	86	68	0	20694	20779	3082	3167	0.016	35.8
XP_023806459.1/1-31325	olaTTN/1-29492	32.609	92	58	2	1156	1247	19572	19659	0.017	35.8
XP_023806459.1/1-31325	olaTTN/1-29492	32.051	78	50	2	21769	21845	870	945	0.017	35.8
XP_023806459.1/1-31325	olaTTN/1-29492	28.947	76	52	2	17047	17121	5909	5983	0.017	35.8
XP_023806459.1/1-31325	olaTTN/1-29492	23.977	171	106	6	5243	5404	11928	12083	0.017	35.8
XP_023806459.1/1-31325	olaTTN/1-29492	23.077	104	73	3	16	116	26818	26917	0.017	35.8
XP_023806459.1/1-31325	olaTTN/1-29492	23.077	208	125	9	2393	2571	27207	27408	0.017	35.8
XP_023806459.1/1-31325	olaTTN/1-29492	20.721	222	151	5	17051	17255	4569	4782	0.017	35.8
XP_023806459.1/1-31325	olaTTN/1-29492	31.250	80	54	1	6045	6124	24645	24723	0.017	35.8
XP_023806459.1/1-31325	olaTTN/1-29492	19.417	412	269	11	16058	16442	5034	5409	0.017	35.8
XP_023806459.1/1-31325	olaTTN/1-29492	22.388	134	93	3	9881	10003	1018	1151	0.017	35.8
XP_023806459.1/1-31325	olaTTN/1-29492	23.404	94	65	2	13507	13600	29171	29257	0.017	35.8
XP_023806459.1/1-31325	olaTTN/1-29492	23.567	157	109	4	5717	5863	24587	24742	0.017	35.8
XP_023806459.1/1-31325	olaTTN/1-29492	25.301	83	60	2	22172	22252	29173	29255	0.017	35.8
XP_023806459.1/1-31325	olaTTN/1-29492	21.374	131	101	1	20251	20379	3348	3478	0.017	35.8
XP_023806459.1/1-31325	olaTTN/1-29492	35.616	73	45	1	21091	21161	5790	5862	0.018	35.4
XP_023806459.1/1-31325	olaTTN/1-29492	30.088	113	61	6	14219	14328	536	633	0.018	35.4
XP_023806459.1/1-31325	olaTTN/1-29492	22.581	93	70	1	27194	27284	13	105	0.018	35.4
XP_023806459.1/1-31325	olaTTN/1-29492	24.286	140	92	4	14925	15054	4705	4840	0.019	35.4
XP_023806459.1/1-31325	olaTTN/1-29492	26.087	92	66	1	13	104	17674	17763	0.019	35.4
XP_023806459.1/1-31325	olaTTN/1-29492	19.954	862	565	31	4774	5553	22810	23628	0.019	35.4
XP_023806459.1/1-31325	olaTTN/1-29492	24.812	133	92	4	25423	25550	1030	1159	0.019	35.4
XP_023806459.1/1-31325	olaTTN/1-29492	26.000	100	71	2	22843	22942	5401	5497	0.019	35.4
XP_023806459.1/1-31325	olaTTN/1-29492	23.256	129	90	3	5539	5658	10213	10341	0.019	35.4
XP_023806459.1/1-31325	olaTTN/1-29492	24.638	138	88	5	6557	6692	10918	11041	0.019	35.4
XP_023806459.1/1-31325	olaTTN/1-29492	22.340	94	70	2	31230	31322	10940	11031	0.019	35.4
XP_023806459.1/1-31325	olaTTN/1-29492	28.205	78	54	1	2849	2926	10956	11031	0.019	35.4
XP_023806459.1/1-31325	olaTTN/1-29492	25.641	78	56	1	3076	3153	15511	15586	0.020	35.4
XP_023806459.1/1-31325	olaTTN/1-29492	24.500	200	125	9	2495	2688	15835	16014	0.020	35.4
XP_023806459.1/1-31325	olaTTN/1-29492	28.235	85	59	1	22452	22534	678	762	0.020	35.4
XP_023806459.1/1-31325	olaTTN/1-29492	19.048	378	271	12	2673	3030	14493	14855	0.020	35.4
XP_023806459.1/1-31325	olaTTN/1-29492	26.549	113	78	4	1121	1230	16553	16663	0.020	35.4
XP_023806459.1/1-31325	olaTTN/1-29492	22.596	208	139	6	6007	6198	18029	18230	0.020	35.4
XP_023806459.1/1-31325	olaTTN/1-29492	29.630	81	57	0	15662	15742	5792	5872	0.020	35.4
XP_023806459.1/1-31325	olaTTN/1-29492	27.381	84	61	0	7459	7542	19160	19243	0.020	35.4
XP_023806459.1/1-31325	olaTTN/1-29492	29.412	68	48	0	27197	27264	2014	2081	0.020	35.4
XP_023806459.1/1-31325	olaTTN/1-29492	19.951	406	287	14	25422	25813	5134	5515	0.020	35.4
XP_023806459.1/1-31325	olaTTN/1-29492	26.606	109	75	2	7353	7461	24237	24340	0.020	35.4
XP_023806459.1/1-31325	olaTTN/1-29492	30.882	68	44	2	3350	3417	26822	26886	0.020	35.4
XP_023806459.1/1-31325	olaTTN/1-29492	26.882	93	65	2	22860	22950	5699	5790	0.020	35.4
XP_023806459.1/1-31325	olaTTN/1-29492	30.120	83	57	1	3235	3317	23956	24037	0.020	35.4
XP_023806459.1/1-31325	olaTTN/1-29492	19.718	781	502	27	21115	21845	4684	5389	0.021	35.4
XP_023806459.1/1-31325	olaTTN/1-29492	25.773	97	70	1	4732	4828	25041	25135	0.021	35.4
XP_023806459.1/1-31325	olaTTN/1-29492	25.641	78	54	2	27600	27673	558	635	0.021	35.4
XP_023806459.1/1-31325	olaTTN/1-29492	22.826	92	70	1	6123	6214	10942	11032	0.021	35.4
XP_023806459.1/1-31325	olaTTN/1-29492	31.068	103	59	3	6404	6500	20642	20738	0.021	35.4
XP_023806459.1/1-31325	olaTTN/1-29492	26.190	84	62	0	19220	19303	29357	29440	0.021	35.4
XP_023806459.1/1-31325	olaTTN/1-29492	19.948	386	247	12	3069	3415	23952	24314	0.021	35.4
XP_023806459.1/1-31325	olaTTN/1-29492	25.000	196	125	8	29835	30030	2272	2445	0.021	35.4
XP_023806459.1/1-31325	olaTTN/1-29492	28.169	71	51	0	5481	5551	26422	26492	0.021	35.4
XP_023806459.1/1-31325	olaTTN/1-29492	26.415	106	75	3	27866	27971	1390	1492	0.022	35.4
XP_023806459.1/1-31325	olaTTN/1-29492	20.361	388	286	11	7173	7549	17393	17768	0.022	35.4
XP_023806459.1/1-31325	olaTTN/1-29492	25.316	79	57	1	18936	19012	29362	29440	0.022	35.4
XP_023806459.1/1-31325	olaTTN/1-29492	17.905	296	209	7	31026	31320	1739	2001	0.022	35.4
XP_023806459.1/1-31325	olaTTN/1-29492	26.250	80	59	0	6031	6110	10942	11021	0.022	35.4
XP_023806459.1/1-31325	olaTTN/1-29492	26.724	116	79	4	22814	22928	1086	1196	0.022	35.4
XP_023806459.1/1-31325	olaTTN/1-29492	28.571	133	84	5	7228	7352	15137	15266	0.022	35.4
XP_023806459.1/1-31325	olaTTN/1-29492	28.421	95	59	3	568	657	22845	22935	0.022	35.4
XP_023806459.1/1-31325	olaTTN/1-29492	29.577	71	48	1	30645	30715	8216	8284	0.023	35.4
XP_023806459.1/1-31325	olaTTN/1-29492	21.726	336	208	12	5377	5686	21143	21449	0.023	35.4
XP_023806459.1/1-31325	olaTTN/1-29492	23.377	77	59	0	25030	25106	1282	1358	0.023	35.4
XP_023806459.1/1-31325	olaTTN/1-29492	28.571	77	53	2	18532	18607	1647	1722	0.023	35.4
XP_023806459.1/1-31325	olaTTN/1-29492	27.174	92	63	1	28679	28770	2010	2097	0.023	35.4
XP_023806459.1/1-31325	olaTTN/1-29492	26.667	75	53	1	27595	27667	3082	3156	0.023	35.4
XP_023806459.1/1-31325	olaTTN/1-29492	20.611	393	270	12	14657	15040	4561	4920	0.023	35.4
XP_023806459.1/1-31325	olaTTN/1-29492	26.168	107	72	2	15368	15467	13	119	0.023	35.0
XP_023806459.1/1-31325	olaTTN/1-29492	25.263	95	70	1	1671	1765	18752	18845	0.023	35.0
XP_023806459.1/1-31325	olaTTN/1-29492	28.846	104	60	5	9151	9248	861	956	0.023	35.0
XP_023806459.1/1-31325	olaTTN/1-29492	27.174	92	66	1	6972	7063	15897	15987	0.023	35.0
XP_023806459.1/1-31325	olaTTN/1-29492	26.882	93	66	1	24337	24427	555	647	0.023	35.0
XP_023806459.1/1-31325	olaTTN/1-29492	24.286	70	53	0	17448	17517	555	624	0.024	35.0
XP_023806459.1/1-31325	olaTTN/1-29492	23.171	82	63	0	6512	6593	18765	18846	0.024	35.0
XP_023806459.1/1-31325	olaTTN/1-29492	21.133	459	279	12	6846	7255	20606	21030	0.024	35.0
XP_023806459.1/1-31325	olaTTN/1-29492	25.362	138	93	4	6557	6685	10200	10336	0.024	35.0
XP_023806459.1/1-31325	olaTTN/1-29492	35.211	71	44	2	18136	18205	2809	2878	0.024	35.0
XP_023806459.1/1-31325	olaTTN/1-29492	22.826	92	69	1	13	104	25326	25415	0.024	35.0
XP_023806459.1/1-31325	olaTTN/1-29492	24.370	119	87	2	20261	20377	1087	1204	0.024	35.0
XP_023806459.1/1-31325	olaTTN/1-29492	28.125	96	66	2	898	993	10942	11034	0.024	35.0
XP_023806459.1/1-31325	olaTTN/1-29492	25.641	78	52	2	1064	1140	17393	17465	0.025	35.0
XP_023806459.1/1-31325	olaTTN/1-29492	31.169	77	43	2	721	793	18074	18144	0.025	35.0
XP_023806459.1/1-31325	olaTTN/1-29492	20.513	78	62	0	3234	3311	24246	24323	0.025	35.0
XP_023806459.1/1-31325	olaTTN/1-29492	28.235	85	56	2	584	668	8755	8834	0.026	35.0
XP_023806459.1/1-31325	olaTTN/1-29492	24.419	86	63	1	3068	3153	14079	14162	0.026	35.0
XP_023806459.1/1-31325	olaTTN/1-29492	23.158	95	72	1	3333	3427	22033	22126	0.026	35.0
XP_023806459.1/1-31325	olaTTN/1-29492	23.810	84	61	1	577	657	10241	10324	0.026	35.0
XP_023806459.1/1-31325	olaTTN/1-29492	21.531	209	133	6	4344	4533	27602	27798	0.026	35.0
XP_023806459.1/1-31325	olaTTN/1-29492	25.385	130	81	3	4333	4447	15870	15998	0.026	35.0
XP_023806459.1/1-31325	olaTTN/1-29492	25.641	78	57	1	591	667	16596	16673	0.026	35.0
XP_023806459.1/1-31325	olaTTN/1-29492	22.340	94	70	2	12	104	18068	18159	0.026	35.0
XP_023806459.1/1-31325	olaTTN/1-29492	30.263	76	51	1	27201	27274	692	767	0.026	35.0
XP_023806459.1/1-31325	olaTTN/1-29492	22.353	85	60	2	22	104	13397	13477	0.026	35.0
XP_023806459.1/1-31325	olaTTN/1-29492	22.485	169	123	5	4373	4534	13311	13478	0.026	35.0
XP_023806459.1/1-31325	olaTTN/1-29492	25.352	71	53	0	25021	25091	4567	4637	0.028	35.0
XP_023806459.1/1-31325	olaTTN/1-29492	23.200	125	86	2	5538	5653	15137	15260	0.028	35.0
XP_023806459.1/1-31325	olaTTN/1-29492	18.837	361	231	11	30405	30715	1813	2161	0.028	35.0
XP_023806459.1/1-31325	olaTTN/1-29492	25.874	143	92	5	14188	14328	5646	5776	0.028	35.0
XP_023806459.1/1-31325	olaTTN/1-29492	29.114	79	51	2	20	97	11680	11754	0.028	35.0
XP_023806459.1/1-31325	olaTTN/1-29492	26.923	104	66	2	1659	1753	23923	24025	0.028	35.0
XP_023806459.1/1-31325	olaTTN/1-29492	24.051	79	59	1	17451	17529	1415	1492	0.028	35.0
XP_023806459.1/1-31325	olaTTN/1-29492	22.472	178	127	5	809	978	27608	27782	0.028	35.0
XP_023806459.1/1-31325	olaTTN/1-29492	30.137	73	50	1	7583	7655	10266	10337	0.028	35.0
XP_023806459.1/1-31325	olaTTN/1-29492	26.923	130	83	4	2799	2924	18432	18553	0.029	35.0
XP_023806459.1/1-31325	olaTTN/1-29492	36.170	47	27	1	2833	2876	20642	20688	0.029	35.0
XP_023806459.1/1-31325	olaTTN/1-29492	32.941	85	51	3	3234	3316	21760	21840	0.029	35.0
XP_023806459.1/1-31325	olaTTN/1-29492	31.081	74	48	1	1689	1762	26135	26205	0.029	35.0
XP_023806459.1/1-31325	olaTTN/1-29492	20.596	403	267	10	5288	5659	17384	17764	0.030	35.0
XP_023806459.1/1-31325	olaTTN/1-29492	31.915	47	32	0	1672	1718	20934	20980	0.030	34.7
XP_023806459.1/1-31325	olaTTN/1-29492	26.263	99	70	3	27892	27989	1030	1126	0.031	34.7
XP_023806459.1/1-31325	olaTTN/1-29492	23.232	99	74	1	23924	24022	4838	4934	0.031	34.7
XP_023806459.1/1-31325	olaTTN/1-29492	24.419	86	65	0	16058	16143	5597	5682	0.031	34.7
XP_023806459.1/1-31325	olaTTN/1-29492	26.263	99	63	2	2571	2661	10945	11041	0.031	34.7
XP_023806459.1/1-31325	olaTTN/1-29492	20.942	382	276	10	5478	5844	21759	22129	0.031	34.7
XP_023806459.1/1-31325	olaTTN/1-29492	22.835	127	85	5	1629	1752	26373	26489	0.031	34.7
XP_023806459.1/1-31325	olaTTN/1-29492	25.000	176	103	7	27504	27667	1042	1200	0.031	34.7
XP_023806459.1/1-31325	olaTTN/1-29492	22.353	85	63	1	23924	24008	2797	2878	0.031	34.7
XP_023806459.1/1-31325	olaTTN/1-29492	28.169	142	90	3	12416	12546	3058	3198	0.031	34.7
XP_023806459.1/1-31325	olaTTN/1-29492	22.374	219	151	5	20696	20900	4569	4782	0.031	34.7
XP_023806459.1/1-31325	olaTTN/1-29492	22.177	248	153	12	2620	2836	17526	17764	0.031	34.7
XP_023806459.1/1-31325	olaTTN/1-29492	24.691	162	105	6	1086	1240	23482	23633	0.032	34.7
XP_023806459.1/1-31325	olaTTN/1-29492	24.870	193	130	5	5778	5956	11585	11776	0.032	34.7
XP_023806459.1/1-31325	olaTTN/1-29492	26.804	97	66	2	30415	30508	4	98	0.033	34.7
XP_023806459.1/1-31325	olaTTN/1-29492	21.935	155	82	5	77	193	11206	11359	0.033	34.7
XP_023806459.1/1-31325	olaTTN/1-29492	27.273	77	54	1	724	800	18767	18841	0.033	34.7
XP_023806459.1/1-31325	olaTTN/1-29492	26.875	160	99	5	18447	18602	4492	4637	0.033	34.7
XP_023806459.1/1-31325	olaTTN/1-29492	27.103	107	75	2	4729	4835	19574	19677	0.033	34.7
XP_023806459.1/1-31325	olaTTN/1-29492	30.380	79	54	1	17452	17530	2107	2184	0.034	34.7
XP_023806459.1/1-31325	olaTTN/1-29492	27.536	69	50	0	30654	30722	26419	26487	0.034	34.7
XP_023806459.1/1-31325	olaTTN/1-29492	20.238	84	67	0	4446	4529	20256	20339	0.034	34.7
XP_023806459.1/1-31325	olaTTN/1-29492	23.529	85	62	2	7573	7655	23553	23636	0.034	34.7
XP_023806459.1/1-31325	olaTTN/1-29492	26.667	75	52	2	29	103	23968	24039	0.034	34.7
XP_023806459.1/1-31325	olaTTN/1-29492	19.861	287	200	9	31038	31322	5421	5679	0.035	34.7
XP_023806459.1/1-31325	olaTTN/1-29492	29.412	51	36	0	135	185	9496	9546	0.035	34.7
XP_023806459.1/1-31325	olaTTN/1-29492	25.287	87	57	2	3070	3153	14480	14561	0.035	34.7
XP_023806459.1/1-31325	olaTTN/1-29492	32.394	71	44	2	20314	20382	2202	2270	0.035	34.7
XP_023806459.1/1-31325	olaTTN/1-29492	27.473	91	61	2	2041	2127	15500	15589	0.035	34.7
XP_023806459.1/1-31325	olaTTN/1-29492	25.610	82	57	1	14969	15050	29354	29431	0.035	34.7
XP_023806459.1/1-31325	olaTTN/1-29492	25.843	89	52	2	23929	24015	1926	2002	0.036	34.7
XP_023806459.1/1-31325	olaTTN/1-29492	24.138	145	87	5	28310	28448	1947	2074	0.036	34.7
XP_023806459.1/1-31325	olaTTN/1-29492	21.687	83	64	1	26104	26186	1647	1728	0.037	34.7
XP_023806459.1/1-31325	olaTTN/1-29492	20.144	139	96	5	2524	2654	14034	14165	0.037	34.7
XP_023806459.1/1-31325	olaTTN/1-29492	33.333	39	26	0	28706	28744	2473	2511	0.037	34.7
XP_023806459.1/1-31325	olaTTN/1-29492	29.885	87	57	2	2846	2932	13098	13180	0.037	34.7
XP_023806459.1/1-31325	olaTTN/1-29492	28.378	74	51	1	7375	7448	18489	18560	0.037	34.7
XP_023806459.1/1-31325	olaTTN/1-29492	29.412	85	57	2	31239	31322	22438	22520	0.037	34.7
XP_023806459.1/1-31325	olaTTN/1-29492	28.846	104	65	3	1064	1166	15184	15279	0.037	34.7
XP_023806459.1/1-31325	olaTTN/1-29492	26.263	99	66	3	12	108	18471	18564	0.037	34.7
XP_023806459.1/1-31325	olaTTN/1-29492	25.862	116	79	3	1120	1230	19115	19228	0.037	34.7
XP_023806459.1/1-31325	olaTTN/1-29492	27.083	96	66	3	886	978	25304	25398	0.037	34.7
XP_023806459.1/1-31325	olaTTN/1-29492	24.194	62	47	0	22463	22524	29177	29238	0.037	34.7
XP_023806459.1/1-31325	olaTTN/1-29492	22.222	126	90	2	15622	15747	4724	4841	0.037	34.7
XP_023806459.1/1-31325	olaTTN/1-29492	33.929	56	36	1	3361	3416	17006	17060	0.037	34.7
XP_023806459.1/1-31325	olaTTN/1-29492	22.321	112	82	1	5293	5404	10952	11058	0.038	34.7
XP_023806459.1/1-31325	olaTTN/1-29492	28.571	91	64	1	18136	18225	5793	5883	0.038	34.7
XP_023806459.1/1-31325	olaTTN/1-29492	20.423	142	95	3	21325	21450	807	946	0.038	34.7
XP_023806459.1/1-31325	olaTTN/1-29492	26.974	152	97	6	18878	19023	5652	5795	0.039	34.7
XP_023806459.1/1-31325	olaTTN/1-29492	26.531	98	69	2	31226	31322	22030	22125	0.039	34.3
XP_023806459.1/1-31325	olaTTN/1-29492	21.030	466	295	17	2053	2489	29026	29447	0.039	34.3
XP_023806459.1/1-31325	olaTTN/1-29492	27.711	83	56	2	15662	15742	3398	3478	0.041	34.3
XP_023806459.1/1-31325	olaTTN/1-29492	25.610	82	60	1	1059	1140	15903	15983	0.041	34.3
XP_023806459.1/1-31325	olaTTN/1-29492	19.776	268	178	7	741	988	4493	4743	0.041	34.3
XP_023806459.1/1-31325	olaTTN/1-29492	26.471	68	49	1	7766	7833	27207	27273	0.041	34.3
XP_023806459.1/1-31325	olaTTN/1-29492	24.675	77	57	1	25026	25101	3512	3588	0.042	34.3
XP_023806459.1/1-31325	olaTTN/1-29492	25.843	89	60	1	13513	13601	29357	29439	0.042	34.3
XP_023806459.1/1-31325	olaTTN/1-29492	30.380	79	50	2	3237	3313	11679	11754	0.042	34.3
XP_023806459.1/1-31325	olaTTN/1-29492	20.561	107	78	2	13	119	25036	25135	0.042	34.3
XP_023806459.1/1-31325	olaTTN/1-29492	30.000	70	48	1	30659	30728	11680	11748	0.042	34.3
XP_023806459.1/1-31325	olaTTN/1-29492	28.395	81	54	2	22176	22252	555	635	0.043	34.3
XP_023806459.1/1-31325	olaTTN/1-29492	22.222	63	49	0	25715	25777	558	620	0.044	34.3
XP_023806459.1/1-31325	olaTTN/1-29492	26.357	129	79	5	30625	30745	27684	27804	0.044	34.3
XP_023806459.1/1-31325	olaTTN/1-29492	27.723	101	63	4	18907	19000	1102	1199	0.044	34.3
XP_023806459.1/1-31325	olaTTN/1-29492	26.250	80	59	0	3234	3313	14482	14561	0.044	34.3
XP_023806459.1/1-31325	olaTTN/1-29492	28.155	103	63	3	7541	7642	21319	21411	0.044	34.3
XP_023806459.1/1-31325	olaTTN/1-29492	23.158	95	72	1	23532	23626	1399	1492	0.044	34.3
XP_023806459.1/1-31325	olaTTN/1-29492	33.871	62	40	1	12458	12518	6220	6281	0.044	34.3
XP_023806459.1/1-31325	olaTTN/1-29492	32.836	67	44	1	7589	7655	18780	18845	0.044	34.3
XP_023806459.1/1-31325	olaTTN/1-29492	26.000	100	70	2	24320	24417	4837	4934	0.045	34.3
XP_023806459.1/1-31325	olaTTN/1-29492	28.846	104	67	3	882	980	23128	23229	0.045	34.3
XP_023806459.1/1-31325	olaTTN/1-29492	28.395	81	56	1	30654	30734	21759	21837	0.046	34.3
XP_023806459.1/1-31325	olaTTN/1-29492	23.457	81	62	0	11740	11820	29175	29255	0.046	34.3
XP_023806459.1/1-31325	olaTTN/1-29492	25.000	76	55	1	30662	30735	1279	1354	0.047	34.3
XP_023806459.1/1-31325	olaTTN/1-29492	24.603	126	91	2	30652	30774	27609	27733	0.047	34.3
XP_023806459.1/1-31325	olaTTN/1-29492	30.645	62	41	1	31261	31322	28273	28332	0.047	34.3
XP_023806459.1/1-31325	olaTTN/1-29492	23.457	81	62	0	17851	17931	29360	29440	0.047	34.3
XP_023806459.1/1-31325	olaTTN/1-29492	26.271	118	77	3	4409	4517	19112	19228	0.047	34.3
XP_023806459.1/1-31325	olaTTN/1-29492	25.373	67	50	0	20304	20370	29180	29246	0.047	34.3
XP_023806459.1/1-31325	olaTTN/1-29492	34.211	76	48	2	29083	29157	693	767	0.048	34.3
XP_023806459.1/1-31325	olaTTN/1-29492	19.783	369	255	12	18950	19300	2646	2991	0.048	34.3
XP_023806459.1/1-31325	olaTTN/1-29492	30.000	70	47	1	114	183	20657	20724	0.049	34.3
XP_023806459.1/1-31325	olaTTN/1-29492	22.222	81	61	1	25710	25788	29175	29255	0.049	34.3
XP_023806459.1/1-31325	olaTTN/1-29492	26.027	73	53	1	19613	19684	873	945	0.049	34.3
XP_023806459.1/1-31325	olaTTN/1-29492	22.414	174	124	5	26780	26952	2089	2252	0.049	34.3
XP_023806459.1/1-31325	olaTTN/1-29492	23.333	150	95	4	14924	15063	4526	4665	0.049	34.3
XP_023806459.1/1-31325	olaTTN/1-29492	22.826	92	70	1	3336	3427	20934	21024	0.050	34.3
XP_023806459.1/1-31325	olaTTN/1-29492	23.077	130	87	3	78	198	23913	24038	0.050	34.3
XP_023806459.1/1-31325	olaTTN/1-29492	26.829	82	56	3	31243	31323	23956	24034	0.050	34.3
XP_023806459.1/1-31325	olaTTN/1-29492	25.217	115	81	3	1029	1140	14449	14561	0.051	34.3
XP_023806459.1/1-31325	olaTTN/1-29492	19.000	200	155	4	12	208	16299	16494	0.051	34.3
XP_023806459.1/1-31325	olaTTN/1-29492	23.958	96	70	3	568	660	9936	10031	0.051	33.9
XP_023806459.1/1-31325	olaTTN/1-29492	25.157	159	91	6	5592	5737	12622	12765	0.051	33.9
XP_023806459.1/1-31325	olaTTN/1-29492	29.885	87	57	4	3238	3321	27313	27398	0.051	33.9
XP_023806459.1/1-31325	olaTTN/1-29492	20.581	413	266	15	23255	23640	5224	5601	0.051	33.9
XP_023806459.1/1-31325	olaTTN/1-29492	30.000	50	35	0	6251	6300	15925	15974	0.051	33.9
XP_023806459.1/1-31325	olaTTN/1-29492	22.365	389	261	15	15374	15746	4571	4934	0.052	33.9
XP_023806459.1/1-31325	olaTTN/1-29492	28.736	87	54	2	1156	1240	26125	26205	0.052	33.9
XP_023806459.1/1-31325	olaTTN/1-29492	21.687	83	62	2	31241	31322	14481	14561	0.053	33.9
XP_023806459.1/1-31325	olaTTN/1-29492	24.731	93	68	1	26792	26882	13	105	0.053	33.9
XP_023806459.1/1-31325	olaTTN/1-29492	28.125	96	64	3	13194	13286	852	945	0.053	33.9
XP_023806459.1/1-31325	olaTTN/1-29492	26.761	71	48	1	724	794	22872	22938	0.053	33.9
XP_023806459.1/1-31325	olaTTN/1-29492	23.810	84	64	0	23940	24023	29357	29440	0.053	33.9
XP_023806459.1/1-31325	olaTTN/1-29492	21.408	341	214	13	17603	17931	2869	3167	0.055	33.9
XP_023806459.1/1-31325	olaTTN/1-29492	26.087	115	77	3	18488	18602	77	183	0.055	33.9
XP_023806459.1/1-31325	olaTTN/1-29492	25.882	85	57	1	13513	13597	555	633	0.055	33.9
XP_023806459.1/1-31325	olaTTN/1-29492	21.591	88	69	0	11743	11830	29358	29445	0.055	33.9
XP_023806459.1/1-31325	olaTTN/1-29492	25.758	66	48	1	7768	7833	3395	3459	0.056	33.9
XP_023806459.1/1-31325	olaTTN/1-29492	27.500	80	55	1	4640	4719	17393	17469	0.056	33.9
XP_023806459.1/1-31325	olaTTN/1-29492	22.222	90	68	1	30645	30734	18755	18842	0.056	33.9
XP_023806459.1/1-31325	olaTTN/1-29492	28.169	71	49	1	28287	28355	5414	5484	0.056	33.9
XP_023806459.1/1-31325	olaTTN/1-29492	27.397	73	52	1	11752	11823	5922	5994	0.056	33.9
XP_023806459.1/1-31325	olaTTN/1-29492	22.222	90	70	0	22452	22541	2799	2888	0.057	33.9
XP_023806459.1/1-31325	olaTTN/1-29492	25.301	83	62	0	20697	20779	5229	5311	0.057	33.9
XP_023806459.1/1-31325	olaTTN/1-29492	28.947	76	52	1	11745	11818	692	767	0.057	33.9
XP_023806459.1/1-31325	olaTTN/1-29492	22.449	98	76	0	16060	16157	4756	4853	0.057	33.9
XP_023806459.1/1-31325	olaTTN/1-29492	28.378	74	53	0	17844	17917	5790	5863	0.057	33.9
XP_023806459.1/1-31325	olaTTN/1-29492	24.691	81	51	2	14250	14328	5919	5991	0.057	33.9
XP_023806459.1/1-31325	olaTTN/1-29492	26.027	73	49	2	21393	21462	5924	5994	0.057	33.9
XP_023806459.1/1-31325	olaTTN/1-29492	24.779	113	80	2	19178	19288	1087	1196	0.058	33.9
XP_023806459.1/1-31325	olaTTN/1-29492	21.782	101	78	1	4733	4832	29359	29459	0.059	33.9
XP_023806459.1/1-31325	olaTTN/1-29492	26.126	111	77	1	6418	6528	10953	11058	0.059	33.9
XP_023806459.1/1-31325	olaTTN/1-29492	25.410	122	86	2	4603	4719	15469	15590	0.059	33.9
XP_023806459.1/1-31325	olaTTN/1-29492	22.581	93	68	2	3335	3427	23546	23634	0.059	33.9
XP_023806459.1/1-31325	olaTTN/1-29492	26.506	83	60	1	2846	2928	23956	24037	0.060	33.9
XP_023806459.1/1-31325	olaTTN/1-29492	24.812	133	72	4	26462	26583	77	192	0.061	33.9
XP_023806459.1/1-31325	olaTTN/1-29492	33.846	65	42	1	27600	27663	1415	1479	0.061	33.9
XP_023806459.1/1-31325	olaTTN/1-29492	22.857	175	120	4	2846	3019	11677	11837	0.061	33.9
XP_023806459.1/1-31325	olaTTN/1-29492	26.761	71	52	0	25419	25489	29176	29246	0.062	33.9
XP_023806459.1/1-31325	olaTTN/1-29492	22.222	90	67	1	11721	11810	537	623	0.062	33.9
XP_023806459.1/1-31325	olaTTN/1-29492	25.641	78	55	2	19619	19694	1030	1106	0.062	33.9
XP_023806459.1/1-31325	olaTTN/1-29492	27.778	126	82	5	23895	24018	1086	1204	0.062	33.9
XP_023806459.1/1-31325	olaTTN/1-29492	28.571	70	49	1	19616	19684	1648	1717	0.062	33.9
XP_023806459.1/1-31325	olaTTN/1-29492	27.027	74	54	0	11737	11810	5789	5862	0.063	33.9
XP_023806459.1/1-31325	olaTTN/1-29492	30.137	73	49	1	724	796	10259	10329	0.063	33.9
XP_023806459.1/1-31325	olaTTN/1-29492	23.448	145	96	6	842	978	20190	20327	0.063	33.9
XP_023806459.1/1-31325	olaTTN/1-29492	25.758	66	49	0	23565	23630	5718	5783	0.063	33.9
XP_023806459.1/1-31325	olaTTN/1-29492	28.409	88	55	2	1444	1523	16983	17070	0.064	33.9
XP_023806459.1/1-31325	olaTTN/1-29492	24.691	81	58	2	31241	31320	24245	24323	0.064	33.9
XP_023806459.1/1-31325	olaTTN/1-29492	23.232	99	61	3	706	791	25302	25398	0.064	33.9
XP_023806459.1/1-31325	olaTTN/1-29492	25.735	136	75	5	2838	2973	26811	26920	0.064	33.9
XP_023806459.1/1-31325	olaTTN/1-29492	26.471	68	48	1	21393	21458	701	768	0.065	33.9
XP_023806459.1/1-31325	olaTTN/1-29492	26.882	93	64	2	31232	31323	1401	1490	0.065	33.9
XP_023806459.1/1-31325	olaTTN/1-29492	40.000	40	23	1	31050	31089	1431	1469	0.065	33.9
XP_023806459.1/1-31325	olaTTN/1-29492	20.556	180	120	6	2965	3143	24552	24709	0.065	33.9
XP_023806459.1/1-31325	olaTTN/1-29492	25.287	87	58	1	3234	3313	11970	12056	0.066	33.9
XP_023806459.1/1-31325	olaTTN/1-29492	25.926	81	60	0	24625	24705	3082	3162	0.066	33.9
XP_023806459.1/1-31325	olaTTN/1-29492	25.301	83	61	1	18140	18221	4667	4749	0.066	33.9
XP_023806459.1/1-31325	olaTTN/1-29492	22.619	168	112	5	2671	2831	10873	11029	0.066	33.9
XP_023806459.1/1-31325	olaTTN/1-29492	31.884	69	45	2	30648	30715	8929	8996	0.067	33.5
XP_023806459.1/1-31325	olaTTN/1-29492	26.087	115	75	4	18488	18602	5379	5483	0.068	33.5
XP_023806459.1/1-31325	olaTTN/1-29492	31.034	58	38	1	6253	6310	10975	11030	0.069	33.5
XP_023806459.1/1-31325	olaTTN/1-29492	28.916	83	52	2	723	799	12692	12773	0.070	33.5
XP_023806459.1/1-31325	olaTTN/1-29492	20.112	537	334	19	5556	6030	11654	12157	0.071	33.5
XP_023806459.1/1-31325	olaTTN/1-29492	24.286	70	53	0	21395	21464	1289	1358	0.072	33.5
XP_023806459.1/1-31325	olaTTN/1-29492	20.382	157	95	6	4470	4613	24571	24710	0.072	33.5
XP_023806459.1/1-31325	olaTTN/1-29492	18.182	99	81	0	4621	4719	18748	18846	0.073	33.5
XP_023806459.1/1-31325	olaTTN/1-29492	30.769	78	48	3	6234	6310	20661	20733	0.073	33.5
XP_023806459.1/1-31325	olaTTN/1-29492	25.352	71	53	0	19616	19686	2810	2880	0.074	33.5
XP_023806459.1/1-31325	olaTTN/1-29492	25.517	145	97	5	18475	18619	5553	5686	0.074	33.5
XP_023806459.1/1-31325	olaTTN/1-29492	24.658	73	55	0	4445	4517	18070	18142	0.074	33.5
XP_023806459.1/1-31325	olaTTN/1-29492	21.111	270	174	10	31053	31322	8425	8655	0.074	33.5
XP_023806459.1/1-31325	olaTTN/1-29492	28.916	83	49	2	14248	14328	1653	1727	0.075	33.5
XP_023806459.1/1-31325	olaTTN/1-29492	20.354	113	86	2	6213	6325	15491	15599	0.075	33.5
XP_023806459.1/1-31325	olaTTN/1-29492	31.034	87	59	1	4640	4726	15184	15269	0.076	33.5
XP_023806459.1/1-31325	olaTTN/1-29492	22.785	79	60	1	1449	1526	18077	18155	0.076	33.5
XP_023806459.1/1-31325	olaTTN/1-29492	24.176	91	69	0	6131	6221	26417	26507	0.076	33.5
XP_023806459.1/1-31325	olaTTN/1-29492	32.258	62	41	1	135	195	4493	4554	0.076	33.5
XP_023806459.1/1-31325	olaTTN/1-29492	24.242	99	75	0	20286	20384	29342	29440	0.076	33.5
XP_023806459.1/1-31325	olaTTN/1-29492	24.510	102	71	2	5	104	18752	18849	0.077	33.5
XP_023806459.1/1-31325	olaTTN/1-29492	25.243	103	62	2	13	102	22438	22538	0.077	33.5
XP_023806459.1/1-31325	olaTTN/1-29492	20.339	472	315	15	4598	5027	14832	15284	0.079	33.5
XP_023806459.1/1-31325	olaTTN/1-29492	25.000	104	60	3	16735	16827	1622	1718	0.079	33.5
XP_023806459.1/1-31325	olaTTN/1-29492	29.412	68	41	3	2773	2835	14104	14169	0.079	33.5
XP_023806459.1/1-31325	olaTTN/1-29492	21.176	85	67	0	27192	27276	29171	29255	0.079	33.5
XP_023806459.1/1-31325	olaTTN/1-29492	24.219	128	89	4	1117	1240	13347	13470	0.081	33.5
XP_023806459.1/1-31325	olaTTN/1-29492	32.979	94	58	2	19206	19297	678	768	0.081	33.5
XP_023806459.1/1-31325	olaTTN/1-29492	27.381	84	57	1	3225	3304	19849	19932	0.081	33.5
XP_023806459.1/1-31325	olaTTN/1-29492	27.273	88	61	2	26778	26864	1632	1717	0.082	33.5
XP_023806459.1/1-31325	olaTTN/1-29492	21.409	369	232	13	23287	23626	5538	5877	0.082	33.5
XP_023806459.1/1-31325	olaTTN/1-29492	29.885	87	56	2	31237	31322	26123	26205	0.082	33.5
XP_023806459.1/1-31325	olaTTN/1-29492	30.952	84	49	2	7465	7543	9965	10044	0.083	33.5
XP_023806459.1/1-31325	olaTTN/1-29492	27.586	87	58	2	708	791	23143	23227	0.084	33.5
XP_023806459.1/1-31325	olaTTN/1-29492	25.000	104	72	2	4820	4917	26417	26520	0.084	33.5
XP_023806459.1/1-31325	olaTTN/1-29492	25.926	81	56	2	28288	28364	555	635	0.084	33.5
XP_023806459.1/1-31325	olaTTN/1-29492	26.374	91	67	0	6131	6221	21339	21429	0.084	33.5
XP_023806459.1/1-31325	olaTTN/1-29492	29.670	91	60	2	17049	17136	15	104	0.086	33.5
XP_023806459.1/1-31325	olaTTN/1-29492	34.211	38	25	0	31053	31090	15530	15567	0.086	33.5
XP_023806459.1/1-31325	olaTTN/1-29492	25.000	72	52	1	30652	30723	20654	20723	0.086	33.5
XP_023806459.1/1-31325	olaTTN/1-29492	25.000	72	54	0	21402	21473	1946	2017	0.087	33.1
XP_023806459.1/1-31325	olaTTN/1-29492	20.482	83	66	0	25023	25105	4852	4934	0.088	33.1
XP_023806459.1/1-31325	olaTTN/1-29492	21.642	134	98	2	24973	25106	5185	5311	0.088	33.1
XP_023806459.1/1-31325	olaTTN/1-29492	27.586	87	57	1	13935	14021	1124	1204	0.089	33.1
XP_023806459.1/1-31325	olaTTN/1-29492	27.160	81	46	2	27887	27961	3398	3471	0.089	33.1
XP_023806459.1/1-31325	olaTTN/1-29492	20.930	172	114	3	17017	17177	29328	29488	0.089	33.1
XP_023806459.1/1-31325	olaTTN/1-29492	26.712	146	91	6	1625	1763	19515	19651	0.089	33.1
XP_023806459.1/1-31325	olaTTN/1-29492	22.222	207	142	6	12435	12633	2012	2207	0.091	33.1
XP_023806459.1/1-31325	olaTTN/1-29492	27.586	87	54	3	7574	7653	12690	12774	0.091	33.1
XP_023806459.1/1-31325	olaTTN/1-29492	28.333	60	42	1	7583	7642	18084	18142	0.092	33.1
XP_023806459.1/1-31325	olaTTN/1-29492	23.810	147	102	5	6757	6896	22005	22148	0.092	33.1
XP_023806459.1/1-31325	olaTTN/1-29492	28.169	71	47	2	909	978	24642	24709	0.092	33.1
XP_023806459.1/1-31325	olaTTN/1-29492	23.846	130	82	5	18489	18602	495	623	0.092	33.1
XP_023806459.1/1-31325	olaTTN/1-29492	34.091	44	29	0	27214	27257	6127	6170	0.092	33.1
XP_023806459.1/1-31325	olaTTN/1-29492	22.222	153	84	5	2807	2924	11207	11359	0.092	33.1
XP_023806459.1/1-31325	olaTTN/1-29492	25.424	59	44	0	23962	24020	2560	2618	0.093	33.1
XP_023806459.1/1-31325	olaTTN/1-29492	29.577	71	49	1	27197	27266	1647	1717	0.094	33.1
XP_023806459.1/1-31325	olaTTN/1-29492	26.829	82	59	1	1672	1753	19852	19932	0.094	33.1
XP_023806459.1/1-31325	olaTTN/1-29492	17.857	112	84	2	30641	30744	11956	12067	0.095	33.1
XP_023806459.1/1-31325	olaTTN/1-29492	25.455	55	41	0	25733	25787	2472	2526	0.096	33.1
XP_023806459.1/1-31325	olaTTN/1-29492	29.730	74	49	2	111	183	15177	15248	0.096	33.1
XP_023806459.1/1-31325	olaTTN/1-29492	26.718	131	84	5	2619	2738	15454	15583	0.096	33.1
XP_023806459.1/1-31325	olaTTN/1-29492	28.049	82	48	2	1160	1230	25040	25121	0.096	33.1
XP_023806459.1/1-31325	olaTTN/1-29492	22.280	193	138	6	10591	10772	5	196	0.097	33.1
XP_023806459.1/1-31325	olaTTN/1-29492	20.190	738	449	29	20526	21199	5151	5812	0.098	33.1
XP_023806459.1/1-31325	olaTTN/1-29492	25.333	75	55	1	4913	4987	15504	15577	0.098	33.1
XP_023806459.1/1-31325	olaTTN/1-29492	26.923	104	63	1	5868	5971	17004	17094	0.098	33.1
XP_023806459.1/1-31325	olaTTN/1-29492	23.810	84	63	1	16355	16437	29357	29440	0.098	33.1
XP_023806459.1/1-31325	olaTTN/1-29492	23.656	93	69	1	20289	20379	5	97	0.099	33.1
XP_023806459.1/1-31325	olaTTN/1-29492	25.217	115	74	3	23510	23622	664	768	0.099	33.1
XP_023806459.1/1-31325	olaTTN/1-29492	28.276	145	86	5	21704	21840	1944	2078	0.100	33.1
XP_023806459.1/1-31325	olaTTN/1-29492	27.451	102	68	3	1042	1140	19554	19652	0.10	33.1
XP_023806459.1/1-31325	olaTTN/1-29492	22.121	330	207	13	4599	4895	10015	10327	0.10	33.1
XP_023806459.1/1-31325	olaTTN/1-29492	24.771	109	76	3	13	121	15177	15279	0.10	33.1
XP_023806459.1/1-31325	olaTTN/1-29492	25.301	83	59	2	31241	31322	20257	20337	0.10	33.1
XP_023806459.1/1-31325	olaTTN/1-29492	22.297	148	103	4	5709	5844	22377	22524	0.10	33.1
XP_023806459.1/1-31325	olaTTN/1-29492	28.916	83	58	1	3234	3316	24641	24722	0.10	33.1
XP_023806459.1/1-31325	olaTTN/1-29492	33.803	71	42	3	16375	16442	4778	4846	0.10	33.1
XP_023806459.1/1-31325	olaTTN/1-29492	34.483	58	32	2	2508	2561	10278	10333	0.10	33.1
XP_023806459.1/1-31325	olaTTN/1-29492	22.689	119	61	1	5571	5658	11248	11366	0.10	33.1
XP_023806459.1/1-31325	olaTTN/1-29492	21.094	128	97	2	7418	7541	13347	13474	0.10	33.1
XP_023806459.1/1-31325	olaTTN/1-29492	26.263	198	116	8	2331	2512	15831	16014	0.10	33.1
XP_023806459.1/1-31325	olaTTN/1-29492	31.148	61	40	1	31262	31322	19883	19941	0.10	33.1
XP_023806459.1/1-31325	olaTTN/1-29492	23.944	71	54	0	592	662	23558	23628	0.10	33.1
XP_023806459.1/1-31325	olaTTN/1-29492	23.529	153	106	5	11457	11602	5710	5858	0.11	33.1
XP_023806459.1/1-31325	olaTTN/1-29492	23.077	156	115	3	4566	4719	22372	22524	0.11	33.1
XP_023806459.1/1-31325	olaTTN/1-29492	22.989	87	66	1	25423	25509	29360	29445	0.11	33.1
XP_023806459.1/1-31325	olaTTN/1-29492	28.916	83	57	2	18137	18218	5913	5994	0.11	33.1
XP_023806459.1/1-31325	olaTTN/1-29492	21.196	184	127	6	6726	6896	20183	20361	0.11	33.1
XP_023806459.1/1-31325	olaTTN/1-29492	27.848	79	57	0	15664	15742	4569	4647	0.11	33.1
XP_023806459.1/1-31325	olaTTN/1-29492	26.263	99	70	1	2829	2924	10236	10334	0.11	33.1
XP_023806459.1/1-31325	olaTTN/1-29492	22.424	165	91	5	12454	12616	6127	6256	0.11	32.7
XP_023806459.1/1-31325	olaTTN/1-29492	27.273	132	74	5	14955	15072	1003	1126	0.11	32.7
XP_023806459.1/1-31325	olaTTN/1-29492	23.276	116	82	2	21733	21848	78	186	0.12	32.7
XP_023806459.1/1-31325	olaTTN/1-29492	21.111	360	228	14	25440	25777	5341	5666	0.12	32.7
XP_023806459.1/1-31325	olaTTN/1-29492	28.723	94	66	1	30628	30721	8376	8468	0.12	32.7
XP_023806459.1/1-31325	olaTTN/1-29492	27.143	70	49	1	3076	3145	18077	18144	0.12	32.7
XP_023806459.1/1-31325	olaTTN/1-29492	23.077	104	75	2	4	104	23143	23244	0.12	32.7
XP_023806459.1/1-31325	olaTTN/1-29492	21.053	361	240	14	4807	5136	10933	11279	0.12	32.7
XP_023806459.1/1-31325	olaTTN/1-29492	25.532	141	91	5	4971	5097	12643	12783	0.12	32.7
XP_023806459.1/1-31325	olaTTN/1-29492	26.506	83	54	1	6910	6985	13415	13497	0.12	32.7
XP_023806459.1/1-31325	olaTTN/1-29492	20.749	347	231	10	5149	5469	21801	22129	0.12	32.7
XP_023806459.1/1-31325	olaTTN/1-29492	19.938	973	593	42	5008	5851	22044	22959	0.12	32.7
XP_023806459.1/1-31325	olaTTN/1-29492	26.471	68	50	0	12454	12521	29373	29440	0.12	32.7
XP_023806459.1/1-31325	olaTTN/1-29492	20.157	382	243	15	2678	3029	20674	21023	0.12	32.7
XP_023806459.1/1-31325	olaTTN/1-29492	30.882	68	43	2	3237	3303	19578	19642	0.12	32.7
XP_023806459.1/1-31325	olaTTN/1-29492	28.986	69	43	2	3076	3143	19579	19642	0.12	32.7
XP_023806459.1/1-31325	olaTTN/1-29492	31.034	58	39	1	30668	30724	9971	10028	0.12	32.7
XP_023806459.1/1-31325	olaTTN/1-29492	26.050	119	80	3	4407	4517	22392	22510	0.12	32.7
XP_023806459.1/1-31325	olaTTN/1-29492	28.070	114	72	5	9173	9281	29360	29468	0.12	32.7
XP_023806459.1/1-31325	olaTTN/1-29492	31.395	86	52	3	20314	20399	2115	2193	0.12	32.7
XP_023806459.1/1-31325	olaTTN/1-29492	29.851	67	45	1	3361	3427	11691	11755	0.12	32.7
XP_023806459.1/1-31325	olaTTN/1-29492	22.816	206	130	7	6490	6695	19482	19658	0.12	32.7
XP_023806459.1/1-31325	olaTTN/1-29492	27.143	70	51	0	15664	15733	555	624	0.12	32.7
XP_023806459.1/1-31325	olaTTN/1-29492	29.348	92	57	4	31231	31318	13083	13170	0.12	32.7
XP_023806459.1/1-31325	olaTTN/1-29492	23.457	81	59	2	26796	26874	1027	1106	0.13	32.7
XP_023806459.1/1-31325	olaTTN/1-29492	30.233	86	56	2	13202	13286	3386	3468	0.13	32.7
XP_023806459.1/1-31325	olaTTN/1-29492	24.615	65	48	1	1697	1761	24261	24324	0.13	32.7
XP_023806459.1/1-31325	olaTTN/1-29492	24.549	277	181	11	4374	4630	10771	11039	0.13	32.7
XP_023806459.1/1-31325	olaTTN/1-29492	27.397	73	53	0	2845	2917	26420	26492	0.13	32.7
XP_023806459.1/1-31325	olaTTN/1-29492	25.641	78	54	2	16762	16836	1030	1106	0.13	32.7
XP_023806459.1/1-31325	olaTTN/1-29492	30.159	63	43	1	14945	15007	1622	1683	0.13	32.7
XP_023806459.1/1-31325	olaTTN/1-29492	25.581	86	61	2	14968	15051	3505	3589	0.13	32.7
XP_023806459.1/1-31325	olaTTN/1-29492	24.427	131	91	5	1106	1230	18014	18142	0.13	32.7
XP_023806459.1/1-31325	olaTTN/1-29492	24.051	79	60	0	5846	5924	26411	26489	0.13	32.7
XP_023806459.1/1-31325	olaTTN/1-29492	32.258	62	41	1	7583	7644	22452	22512	0.13	32.7
XP_023806459.1/1-31325	olaTTN/1-29492	32.877	73	43	3	27597	27664	689	760	0.14	32.7
XP_023806459.1/1-31325	olaTTN/1-29492	27.848	79	55	2	20696	20772	689	767	0.14	32.7
XP_023806459.1/1-31325	olaTTN/1-29492	20.779	77	61	0	3237	3313	23557	23633	0.14	32.7
XP_023806459.1/1-31325	olaTTN/1-29492	20.438	411	244	15	4381	4739	25653	26032	0.14	32.7
XP_023806459.1/1-31325	olaTTN/1-29492	23.333	60	46	0	25733	25792	1946	2005	0.14	32.7
XP_023806459.1/1-31325	olaTTN/1-29492	21.348	267	177	10	31039	31304	9124	9358	0.14	32.7
XP_023806459.1/1-31325	olaTTN/1-29492	25.000	104	71	1	2847	2950	17679	17775	0.14	32.7
XP_023806459.1/1-31325	olaTTN/1-29492	26.804	97	67	2	30644	30737	1825	1920	0.14	32.7
XP_023806459.1/1-31325	olaTTN/1-29492	27.434	113	79	3	15656	15766	5030	5141	0.14	32.7
XP_023806459.1/1-31325	olaTTN/1-29492	29.630	81	51	4	31243	31320	690	767	0.14	32.7
XP_023806459.1/1-31325	olaTTN/1-29492	23.171	82	51	2	16060	16135	3398	3473	0.14	32.7
XP_023806459.1/1-31325	olaTTN/1-29492	21.429	392	240	16	2678	3036	18493	18849	0.14	32.7
XP_023806459.1/1-31325	olaTTN/1-29492	18.750	80	65	0	587	666	24245	24324	0.14	32.7
XP_023806459.1/1-31325	olaTTN/1-29492	25.882	85	58	2	10063	10142	550	634	0.14	32.7
XP_023806459.1/1-31325	olaTTN/1-29492	30.769	65	45	0	4656	4720	13411	13475	0.14	32.7
XP_023806459.1/1-31325	olaTTN/1-29492	28.169	71	50	1	30652	30721	16987	17057	0.14	32.7
XP_023806459.1/1-31325	olaTTN/1-29492	23.457	81	61	1	22452	22531	4840	4920	0.15	32.7
XP_023806459.1/1-31325	olaTTN/1-29492	22.857	70	54	0	3234	3303	20258	20327	0.15	32.7
XP_023806459.1/1-31325	olaTTN/1-29492	26.389	72	52	1	18531	18602	3398	3468	0.15	32.3
XP_023806459.1/1-31325	olaTTN/1-29492	27.679	112	65	4	4564	4675	19883	19978	0.15	32.3
XP_023806459.1/1-31325	olaTTN/1-29492	34.146	41	27	0	2158	2198	26442	26482	0.15	32.3
XP_023806459.1/1-31325	olaTTN/1-29492	28.723	94	53	6	24612	24699	864	949	0.15	32.3
XP_023806459.1/1-31325	olaTTN/1-29492	23.529	136	92	4	537	667	18425	18553	0.15	32.3
XP_023806459.1/1-31325	olaTTN/1-29492	22.535	71	55	0	1322	1392	20958	21028	0.15	32.3
XP_023806459.1/1-31325	olaTTN/1-29492	28.571	63	44	1	10241	10302	550	612	0.15	32.3
XP_023806459.1/1-31325	olaTTN/1-29492	32.812	64	41	1	12454	12515	1291	1354	0.15	32.3
XP_023806459.1/1-31325	olaTTN/1-29492	29.730	111	62	4	1279	1388	19556	19651	0.15	32.3
XP_023806459.1/1-31325	olaTTN/1-29492	19.272	467	327	11	6530	6961	23870	24321	0.15	32.3
XP_023806459.1/1-31325	olaTTN/1-29492	30.986	71	42	2	16762	16827	20	88	0.15	32.3
XP_023806459.1/1-31325	olaTTN/1-29492	25.185	135	81	6	2609	2729	11614	11742	0.15	32.3
XP_023806459.1/1-31325	olaTTN/1-29492	26.016	123	87	3	14928	15048	1084	1204	0.16	32.3
XP_023806459.1/1-31325	olaTTN/1-29492	22.656	128	93	2	4691	4815	25690	25814	0.16	32.3
XP_023806459.1/1-31325	olaTTN/1-29492	26.087	92	66	1	19216	19305	13	104	0.16	32.3
XP_023806459.1/1-31325	olaTTN/1-29492	28.205	78	45	2	13940	14015	5041	5109	0.16	32.3
XP_023806459.1/1-31325	olaTTN/1-29492	30.909	55	36	2	29726	29779	6118	6171	0.16	32.3
XP_023806459.1/1-31325	olaTTN/1-29492	24.806	129	92	3	28725	28849	818	945	0.16	32.3
XP_023806459.1/1-31325	olaTTN/1-29492	22.222	81	62	1	9875	9954	29162	29242	0.16	32.3
XP_023806459.1/1-31325	olaTTN/1-29492	25.882	85	61	1	24623	24705	13	97	0.16	32.3
XP_023806459.1/1-31325	olaTTN/1-29492	27.551	98	68	2	4735	4832	18481	18575	0.17	32.3
XP_023806459.1/1-31325	olaTTN/1-29492	27.273	143	88	5	29112	29248	813	945	0.17	32.3
XP_023806459.1/1-31325	olaTTN/1-29492	25.000	84	60	2	25697	25777	859	942	0.17	32.3
XP_023806459.1/1-31325	olaTTN/1-29492	28.571	70	49	1	23940	24008	876	945	0.17	32.3
XP_023806459.1/1-31325	olaTTN/1-29492	21.239	113	81	1	17450	17554	5700	5812	0.17	32.3
XP_023806459.1/1-31325	olaTTN/1-29492	35.484	31	20	0	6418	6448	11250	11280	0.17	32.3
XP_023806459.1/1-31325	olaTTN/1-29492	25.610	82	60	1	19218	19299	1410	1490	0.17	32.3
XP_023806459.1/1-31325	olaTTN/1-29492	27.381	84	57	2	22476	22558	4957	5037	0.17	32.3
XP_023806459.1/1-31325	olaTTN/1-29492	24.176	91	61	3	13937	14027	5415	5497	0.17	32.3
XP_023806459.1/1-31325	olaTTN/1-29492	22.973	296	183	11	8	293	6192	6452	0.17	32.3
XP_023806459.1/1-31325	olaTTN/1-29492	25.203	123	85	4	1029	1148	13758	13876	0.17	32.3
XP_023806459.1/1-31325	olaTTN/1-29492	31.884	69	44	1	7577	7645	26133	26198	0.17	32.3
XP_023806459.1/1-31325	olaTTN/1-29492	20.725	386	256	12	17846	18209	4567	4924	0.17	32.3
XP_023806459.1/1-31325	olaTTN/1-29492	21.212	165	96	6	15299	15453	819	959	0.17	32.3
XP_023806459.1/1-31325	olaTTN/1-29492	30.909	55	36	1	31253	31307	9398	9450	0.17	32.3
XP_023806459.1/1-31325	olaTTN/1-29492	23.881	134	93	3	21046	21177	4527	4653	0.18	32.3
XP_023806459.1/1-31325	olaTTN/1-29492	30.000	60	41	1	22475	22533	5924	5983	0.18	32.3
XP_023806459.1/1-31325	olaTTN/1-29492	30.208	96	53	2	1158	1247	25328	25415	0.18	32.3
XP_023806459.1/1-31325	olaTTN/1-29492	28.169	71	43	1	4670	4732	12425	12495	0.18	32.3
XP_023806459.1/1-31325	olaTTN/1-29492	25.000	72	53	1	592	662	27313	27384	0.18	32.3
XP_023806459.1/1-31325	olaTTN/1-29492	20.930	86	66	1	21384	21467	20	105	0.18	32.3
XP_023806459.1/1-31325	olaTTN/1-29492	22.680	97	73	2	23927	24022	2265	2360	0.18	32.3
XP_023806459.1/1-31325	olaTTN/1-29492	27.434	113	55	5	12452	12540	2824	2933	0.18	32.3
XP_023806459.1/1-31325	olaTTN/1-29492	24.419	86	65	0	19614	19699	4756	4841	0.18	32.3
XP_023806459.1/1-31325	olaTTN/1-29492	23.684	76	56	1	721	796	10953	11026	0.18	32.3
XP_023806459.1/1-31325	olaTTN/1-29492	25.301	83	59	2	31241	31322	25328	25408	0.18	32.3
XP_023806459.1/1-31325	olaTTN/1-29492	24.242	66	50	0	25423	25488	558	623	0.18	32.3
XP_023806459.1/1-31325	olaTTN/1-29492	22.500	80	61	1	24627	24705	1648	1727	0.18	32.3
XP_023806459.1/1-31325	olaTTN/1-29492	30.435	69	45	2	2953	3020	26130	26196	0.18	32.3
XP_023806459.1/1-31325	olaTTN/1-29492	21.277	94	74	0	3060	3153	27600	27693	0.18	32.3
XP_023806459.1/1-31325	olaTTN/1-29492	25.758	132	82	4	19574	19698	2062	2184	0.18	32.3
XP_023806459.1/1-31325	olaTTN/1-29492	23.611	144	103	4	16299	16439	4515	4654	0.18	32.3
XP_023806459.1/1-31325	olaTTN/1-29492	28.155	103	63	2	16757	16853	4756	4853	0.18	32.3
XP_023806459.1/1-31325	olaTTN/1-29492	28.750	80	50	2	13239	13314	4778	4854	0.18	32.3
XP_023806459.1/1-31325	olaTTN/1-29492	28.767	73	50	1	6038	6110	13094	13164	0.19	32.3
XP_023806459.1/1-31325	olaTTN/1-29492	27.778	72	51	1	27196	27266	5910	5981	0.19	32.3
XP_023806459.1/1-31325	olaTTN/1-29492	25.714	105	67	5	1047	1140	12366	12470	0.19	32.0
XP_023806459.1/1-31325	olaTTN/1-29492	26.897	145	88	5	14923	15057	4891	5027	0.20	32.0
XP_023806459.1/1-31325	olaTTN/1-29492	25.620	121	80	3	6296	6406	22404	22524	0.20	32.0
XP_023806459.1/1-31325	olaTTN/1-29492	22.936	109	82	1	15641	15747	29332	29440	0.20	32.0
XP_023806459.1/1-31325	olaTTN/1-29492	31.343	67	43	2	912	978	26132	26195	0.20	32.0
XP_023806459.1/1-31325	olaTTN/1-29492	34.921	63	38	1	15379	15438	5919	5981	0.20	32.0
XP_023806459.1/1-31325	olaTTN/1-29492	28.571	84	49	2	1109	1184	21287	21367	0.20	32.0
XP_023806459.1/1-31325	olaTTN/1-29492	18.819	271	186	6	31039	31309	8945	9181	0.20	32.0
XP_023806459.1/1-31325	olaTTN/1-29492	26.263	99	66	3	31230	31322	12678	12775	0.20	32.0
XP_023806459.1/1-31325	olaTTN/1-29492	27.778	90	62	3	27869	27958	29159	29245	0.20	32.0
XP_023806459.1/1-31325	olaTTN/1-29492	23.776	143	95	5	65	193	12328	12470	0.21	32.0
XP_023806459.1/1-31325	olaTTN/1-29492	22.500	80	61	1	30656	30735	23956	24034	0.21	32.0
XP_023806459.1/1-31325	olaTTN/1-29492	24.706	85	61	2	31241	31324	26419	26501	0.21	32.0
XP_023806459.1/1-31325	olaTTN/1-29492	31.429	70	46	1	16365	16432	5922	5991	0.21	32.0
XP_023806459.1/1-31325	olaTTN/1-29492	21.429	98	72	2	23921	24018	1397	1489	0.21	32.0
XP_023806459.1/1-31325	olaTTN/1-29492	23.188	69	52	1	11754	11821	3521	3589	0.21	32.0
XP_023806459.1/1-31325	olaTTN/1-29492	31.507	73	48	1	27593	27663	5790	5862	0.21	32.0
XP_023806459.1/1-31325	olaTTN/1-29492	21.239	113	85	2	3318	3427	14052	14163	0.21	32.0
XP_023806459.1/1-31325	olaTTN/1-29492	24.286	70	53	0	589	658	23159	23228	0.21	32.0
XP_023806459.1/1-31325	olaTTN/1-29492	23.656	93	66	2	886	978	19844	19931	0.21	32.0
XP_023806459.1/1-31325	olaTTN/1-29492	30.769	78	45	2	21100	21171	1032	1106	0.21	32.0
XP_023806459.1/1-31325	olaTTN/1-29492	22.293	157	111	4	1449	1604	26132	26278	0.21	32.0
XP_023806459.1/1-31325	olaTTN/1-29492	22.222	81	62	1	23534	23613	865	945	0.22	32.0
XP_023806459.1/1-31325	olaTTN/1-29492	28.472	144	90	6	4385	4518	24570	24710	0.22	32.0
XP_023806459.1/1-31325	olaTTN/1-29492	30.556	72	50	0	17049	17120	29175	29246	0.22	32.0
XP_023806459.1/1-31325	olaTTN/1-29492	21.591	88	60	2	27864	27951	2434	2512	0.22	32.0
XP_023806459.1/1-31325	olaTTN/1-29492	27.000	100	63	2	13507	13604	5126	5217	0.22	32.0
XP_023806459.1/1-31325	olaTTN/1-29492	23.656	93	65	2	2546	2636	16967	17055	0.22	32.0
XP_023806459.1/1-31325	olaTTN/1-29492	21.875	96	72	2	22452	22544	3498	3593	0.22	32.0
XP_023806459.1/1-31325	olaTTN/1-29492	22.024	168	111	5	5866	6031	22375	22524	0.22	32.0
XP_023806459.1/1-31325	olaTTN/1-29492	27.473	91	62	3	6974	7063	26812	26899	0.23	32.0
XP_023806459.1/1-31325	olaTTN/1-29492	21.818	110	78	3	9189	9291	1047	1155	0.23	32.0
XP_023806459.1/1-31325	olaTTN/1-29492	26.214	103	72	2	25419	25517	16	118	0.23	32.0
XP_023806459.1/1-31325	olaTTN/1-29492	28.205	78	49	2	13937	14014	876	946	0.23	32.0
XP_023806459.1/1-31325	olaTTN/1-29492	27.941	68	42	2	2774	2836	15529	15594	0.23	32.0
XP_023806459.1/1-31325	olaTTN/1-29492	26.882	93	64	1	1156	1248	21757	21845	0.23	32.0
XP_023806459.1/1-31325	olaTTN/1-29492	25.532	94	64	2	12427	12516	6	97	0.23	32.0
XP_023806459.1/1-31325	olaTTN/1-29492	25.234	107	74	3	14929	15031	1880	1984	0.23	32.0
XP_023806459.1/1-31325	olaTTN/1-29492	27.473	91	60	1	12458	12542	5341	5431	0.24	32.0
XP_023806459.1/1-31325	olaTTN/1-29492	24.771	109	72	3	1023	1130	19129	19228	0.24	32.0
XP_023806459.1/1-31325	olaTTN/1-29492	23.958	96	70	1	21769	21861	4558	4653	0.24	32.0
XP_023806459.1/1-31325	olaTTN/1-29492	24.731	93	66	2	1435	1523	23541	23633	0.24	32.0
XP_023806459.1/1-31325	olaTTN/1-29492	25.581	86	60	2	29075	29159	29173	29255	0.24	32.0
XP_023806459.1/1-31325	olaTTN/1-29492	23.656	93	65	2	22172	22259	13	104	0.24	32.0
XP_023806459.1/1-31325	olaTTN/1-29492	27.848	79	55	1	6328	6406	18481	18557	0.24	32.0
XP_023806459.1/1-31325	olaTTN/1-29492	21.951	82	59	2	6	87	20251	20327	0.24	32.0
XP_023806459.1/1-31325	olaTTN/1-29492	23.596	89	67	1	16759	16846	29357	29445	0.24	32.0
XP_023806459.1/1-31325	olaTTN/1-29492	21.495	107	77	2	28284	28386	13	116	0.25	32.0
XP_023806459.1/1-31325	olaTTN/1-29492	20.727	275	165	9	21403	21651	2739	2986	0.25	32.0
XP_023806459.1/1-31325	olaTTN/1-29492	26.596	94	66	1	6407	6500	17379	17469	0.25	32.0
XP_023806459.1/1-31325	olaTTN/1-29492	30.882	68	43	1	724	791	20661	20724	0.25	32.0
XP_023806459.1/1-31325	olaTTN/1-29492	27.143	70	43	3	25026	25091	29180	29245	0.25	32.0
XP_023806459.1/1-31325	olaTTN/1-29492	21.569	102	80	0	23527	23628	29339	29440	0.25	32.0
XP_023806459.1/1-31325	olaTTN/1-29492	19.780	91	67	2	9702	9786	544	634	0.25	32.0
XP_023806459.1/1-31325	olaTTN/1-29492	30.882	68	46	1	30652	30719	8045	8111	0.25	32.0
XP_023806459.1/1-31325	olaTTN/1-29492	28.090	89	62	1	7455	7543	21757	21843	0.25	31.6
XP_023806459.1/1-31325	olaTTN/1-29492	28.421	95	63	2	6593	6685	22036	22127	0.25	31.6
XP_023806459.1/1-31325	olaTTN/1-29492	25.253	99	68	3	1666	1763	24627	24720	0.25	31.6
XP_023806459.1/1-31325	olaTTN/1-29492	31.579	76	49	2	26790	26864	5908	5981	0.26	31.6
XP_023806459.1/1-31325	olaTTN/1-29492	23.232	99	71	2	31006	31099	25300	25398	0.26	31.6
XP_023806459.1/1-31325	olaTTN/1-29492	26.613	124	82	5	16715	16834	1086	1204	0.26	31.6
XP_023806459.1/1-31325	olaTTN/1-29492	23.711	97	72	1	19206	19302	4840	4934	0.26	31.6
XP_023806459.1/1-31325	olaTTN/1-29492	21.111	90	70	1	1435	1523	10942	11031	0.26	31.6
XP_023806459.1/1-31325	olaTTN/1-29492	24.299	107	71	2	12435	12539	2543	2641	0.27	31.6
XP_023806459.1/1-31325	olaTTN/1-29492	25.316	79	56	3	29720	29797	6203	6279	0.27	31.6
XP_023806459.1/1-31325	olaTTN/1-29492	27.848	79	54	3	29720	29797	29179	29255	0.27	31.6
XP_023806459.1/1-31325	olaTTN/1-29492	26.437	87	54	2	19599	19684	5904	5981	0.27	31.6
XP_023806459.1/1-31325	olaTTN/1-29492	21.176	85	66	1	23544	23627	3399	3483	0.27	31.6
XP_023806459.1/1-31325	olaTTN/1-29492	22.093	86	65	1	27600	27683	29360	29445	0.27	31.6
XP_023806459.1/1-31325	olaTTN/1-29492	27.941	68	47	1	30654	30721	22867	22932	0.28	31.6
XP_023806459.1/1-31325	olaTTN/1-29492	20.093	428	305	14	18917	19326	5403	5811	0.28	31.6
XP_023806459.1/1-31325	olaTTN/1-29492	22.785	79	59	1	26101	26179	29173	29249	0.28	31.6
XP_023806459.1/1-31325	olaTTN/1-29492	26.667	105	74	3	17019	17120	993	1097	0.28	31.6
XP_023806459.1/1-31325	olaTTN/1-29492	21.053	190	132	8	10059	10232	8	195	0.28	31.6
XP_023806459.1/1-31325	olaTTN/1-29492	24.074	108	67	4	1039	1140	21323	21421	0.28	31.6
XP_023806459.1/1-31325	olaTTN/1-29492	23.932	117	74	5	7517	7633	22825	22926	0.28	31.6
XP_023806459.1/1-31325	olaTTN/1-29492	28.750	80	53	2	7757	7833	14065	14143	0.29	31.6
XP_023806459.1/1-31325	olaTTN/1-29492	23.656	93	62	3	3336	3428	20251	20334	0.29	31.6
XP_023806459.1/1-31325	olaTTN/1-29492	29.630	81	53	3	22849	22928	5785	5862	0.29	31.6
XP_023806459.1/1-31325	olaTTN/1-29492	22.353	85	65	1	21773	21857	2908	2991	0.29	31.6
XP_023806459.1/1-31325	olaTTN/1-29492	31.959	97	62	2	2245	2339	19597	19691	0.29	31.6
XP_023806459.1/1-31325	olaTTN/1-29492	19.162	501	329	18	2303	2738	27205	27694	0.29	31.6
XP_023806459.1/1-31325	olaTTN/1-29492	25.000	84	63	0	18137	18220	29357	29440	0.29	31.6
XP_023806459.1/1-31325	olaTTN/1-29492	23.913	92	65	1	1154	1240	11965	12056	0.30	31.6
XP_023806459.1/1-31325	olaTTN/1-29492	22.302	139	101	4	844	979	17613	17747	0.30	31.6
XP_023806459.1/1-31325	olaTTN/1-29492	24.167	120	83	3	6593	6710	20251	20364	0.30	31.6
XP_023806459.1/1-31325	olaTTN/1-29492	26.744	86	56	2	16352	16432	14	97	0.30	31.6
XP_023806459.1/1-31325	olaTTN/1-29492	24.627	134	83	5	679	799	14032	14160	0.30	31.6
XP_023806459.1/1-31325	olaTTN/1-29492	23.182	220	144	8	14625	14834	5560	5764	0.31	31.6
XP_023806459.1/1-31325	olaTTN/1-29492	31.250	64	34	2	27896	27950	2625	2687	0.31	31.6
XP_023806459.1/1-31325	olaTTN/1-29492	20.290	69	55	0	25709	25777	3081	3149	0.31	31.6
XP_023806459.1/1-31325	olaTTN/1-29492	23.077	117	74	2	22176	22276	4664	4780	0.31	31.6
XP_023806459.1/1-31325	olaTTN/1-29492	24.719	89	65	1	4725	4813	26123	26209	0.31	31.6
XP_023806459.1/1-31325	olaTTN/1-29492	25.385	130	76	5	13949	14069	3521	3638	0.32	31.6
XP_023806459.1/1-31325	olaTTN/1-29492	23.664	131	90	5	15320	15448	5750	5872	0.32	31.6
XP_023806459.1/1-31325	olaTTN/1-29492	19.634	382	261	13	4844	5200	18990	19350	0.32	31.6
XP_023806459.1/1-31325	olaTTN/1-29492	23.585	106	74	2	2	104	22851	22952	0.32	31.6
XP_023806459.1/1-31325	olaTTN/1-29492	25.758	66	49	0	4734	4799	26424	26489	0.32	31.6
XP_023806459.1/1-31325	olaTTN/1-29492	26.250	80	53	2	14671	14744	1639	1718	0.32	31.6
XP_023806459.1/1-31325	olaTTN/1-29492	27.907	43	31	0	25732	25774	6220	6262	0.32	31.6
XP_023806459.1/1-31325	olaTTN/1-29492	45.714	35	18	1	21688	21722	3512	3545	0.32	31.6
XP_023806459.1/1-31325	olaTTN/1-29492	23.108	251	166	9	24193	24435	4627	4858	0.33	31.6
XP_023806459.1/1-31325	olaTTN/1-29492	28.947	76	48	3	3350	3425	20661	20730	0.33	31.6
XP_023806459.1/1-31325	olaTTN/1-29492	23.810	84	58	2	24333	24410	29173	29256	0.33	31.6
XP_023806459.1/1-31325	olaTTN/1-29492	21.277	94	73	1	30652	30744	22043	22136	0.33	31.6
XP_023806459.1/1-31325	olaTTN/1-29492	26.761	71	52	0	22476	22546	1288	1358	0.33	31.2
XP_023806459.1/1-31325	olaTTN/1-29492	23.301	103	74	2	20012	20109	3082	3184	0.33	31.2
XP_023806459.1/1-31325	olaTTN/1-29492	30.769	65	44	1	2396	2459	26417	26481	0.33	31.2
XP_023806459.1/1-31325	olaTTN/1-29492	28.571	91	63	1	12438	12528	2277	2365	0.34	31.2
XP_023806459.1/1-31325	olaTTN/1-29492	22.176	239	143	8	4625	4841	12280	12497	0.34	31.2
XP_023806459.1/1-31325	olaTTN/1-29492	26.957	115	73	5	561	667	12664	12775	0.34	31.2
XP_023806459.1/1-31325	olaTTN/1-29492	27.586	58	39	1	921	978	13110	13164	0.34	31.2
XP_023806459.1/1-31325	olaTTN/1-29492	22.642	106	78	2	695	800	15484	15585	0.35	31.2
XP_023806459.1/1-31325	olaTTN/1-29492	30.645	62	41	1	4566	4627	26841	26900	0.35	31.2
XP_023806459.1/1-31325	olaTTN/1-29492	24.638	69	50	1	26506	26572	555	623	0.35	31.2
XP_023806459.1/1-31325	olaTTN/1-29492	24.658	73	54	1	23940	24011	1648	1720	0.35	31.2
XP_023806459.1/1-31325	olaTTN/1-29492	19.337	362	262	12	4836	5175	9971	10324	0.35	31.2
XP_023806459.1/1-31325	olaTTN/1-29492	27.536	69	47	2	1689	1757	26825	26890	0.35	31.2
XP_023806459.1/1-31325	olaTTN/1-29492	25.000	72	53	1	909	980	14483	14553	0.35	31.2
XP_023806459.1/1-31325	olaTTN/1-29492	28.750	80	56	1	5672	5751	24645	24723	0.35	31.2
XP_023806459.1/1-31325	olaTTN/1-29492	36.538	52	29	3	13236	13284	6126	6176	0.36	31.2
XP_023806459.1/1-31325	olaTTN/1-29492	27.273	55	37	1	891	942	22848	22902	0.36	31.2
XP_023806459.1/1-31325	olaTTN/1-29492	21.642	134	95	2	11692	11815	2750	2883	0.36	31.2
XP_023806459.1/1-31325	olaTTN/1-29492	27.174	92	65	2	709	799	27601	27691	0.36	31.2
XP_023806459.1/1-31325	olaTTN/1-29492	27.869	61	44	0	928	988	4492	4552	0.37	31.2
XP_023806459.1/1-31325	olaTTN/1-29492	32.895	76	36	3	28288	28354	5912	5981	0.37	31.2
XP_023806459.1/1-31325	olaTTN/1-29492	22.609	115	74	3	13916	14028	29339	29440	0.37	31.2
XP_023806459.1/1-31325	olaTTN/1-29492	23.077	130	93	3	1117	1240	12647	12775	0.37	31.2
XP_023806459.1/1-31325	olaTTN/1-29492	27.711	83	58	1	28291	28371	5604	5686	0.37	31.2
XP_023806459.1/1-31325	olaTTN/1-29492	27.619	105	66	3	13218	13312	2809	2913	0.38	31.2
XP_023806459.1/1-31325	olaTTN/1-29492	25.185	135	85	6	1399	1523	16545	16673	0.38	31.2
XP_023806459.1/1-31325	olaTTN/1-29492	19.424	139	96	3	3032	3164	14737	14865	0.38	31.2
XP_023806459.1/1-31325	olaTTN/1-29492	18.881	143	111	3	2525	2664	14729	14869	0.38	31.2
XP_023806459.1/1-31325	olaTTN/1-29492	22.360	161	117	5	11037	11190	3386	3545	0.39	31.2
XP_023806459.1/1-31325	olaTTN/1-29492	29.487	78	47	2	22179	22250	692	767	0.40	31.2
XP_023806459.1/1-31325	olaTTN/1-29492	24.742	97	71	1	23263	23357	4856	4952	0.40	31.2
XP_023806459.1/1-31325	olaTTN/1-29492	29.630	81	50	3	3235	3313	17390	17465	0.40	31.2
XP_023806459.1/1-31325	olaTTN/1-29492	33.824	68	42	2	3361	3427	22456	22521	0.40	31.2
XP_023806459.1/1-31325	olaTTN/1-29492	30.435	46	32	0	25734	25779	2124	2169	0.40	31.2
XP_023806459.1/1-31325	olaTTN/1-29492	25.000	60	43	1	1893	1950	15530	15589	0.40	31.2
XP_023806459.1/1-31325	olaTTN/1-29492	20.238	84	67	0	110	193	18759	18842	0.40	31.2
XP_023806459.1/1-31325	olaTTN/1-29492	23.188	69	52	1	13219	13286	555	623	0.40	31.2
XP_023806459.1/1-31325	olaTTN/1-29492	25.556	90	61	2	13512	13601	5414	5497	0.41	31.2
XP_023806459.1/1-31325	olaTTN/1-29492	25.000	84	57	2	28274	28354	865	945	0.41	31.2
XP_023806459.1/1-31325	olaTTN/1-29492	27.586	87	56	2	13504	13590	5031	5110	0.41	31.2
XP_023806459.1/1-31325	olaTTN/1-29492	21.698	212	128	9	6157	6350	12615	12806	0.41	31.2
XP_023806459.1/1-31325	olaTTN/1-29492	35.000	40	26	0	23960	23999	2647	2686	0.42	31.2
XP_023806459.1/1-31325	olaTTN/1-29492	26.667	75	51	2	27595	27666	3398	3471	0.42	31.2
XP_023806459.1/1-31325	olaTTN/1-29492	26.042	96	64	2	1298	1389	7671	7763	0.42	31.2
XP_023806459.1/1-31325	olaTTN/1-29492	25.000	100	70	2	16065	16159	20	119	0.42	31.2
XP_023806459.1/1-31325	olaTTN/1-29492	26.812	138	84	5	1397	1523	10203	10334	0.42	31.2
XP_023806459.1/1-31325	olaTTN/1-29492	24.242	66	50	0	4734	4799	19163	19228	0.42	31.2
XP_023806459.1/1-31325	olaTTN/1-29492	33.333	78	43	3	16753	16827	689	760	0.43	31.2
XP_023806459.1/1-31325	olaTTN/1-29492	29.412	51	36	0	20045	20095	5261	5311	0.43	31.2
XP_023806459.1/1-31325	olaTTN/1-29492	20.175	114	61	2	1057	1140	11246	11359	0.43	31.2
XP_023806459.1/1-31325	olaTTN/1-29492	31.343	67	39	2	21100	21161	5917	5981	0.43	31.2
XP_023806459.1/1-31325	olaTTN/1-29492	22.278	395	259	14	4360	4715	12390	12775	0.43	31.2
XP_023806459.1/1-31325	olaTTN/1-29492	25.424	118	74	5	562	669	15145	15258	0.43	31.2
XP_023806459.1/1-31325	olaTTN/1-29492	23.469	98	74	1	1959	2055	14481	14578	0.43	30.8
XP_023806459.1/1-31325	olaTTN/1-29492	21.687	83	63	1	30652	30734	13094	13174	0.44	30.8
XP_023806459.1/1-31325	olaTTN/1-29492	30.882	68	46	1	12458	12524	4684	4751	0.44	30.8
XP_023806459.1/1-31325	olaTTN/1-29492	26.866	67	46	1	14681	14744	5916	5982	0.44	30.8
XP_023806459.1/1-31325	olaTTN/1-29492	27.273	99	68	2	7154	7251	20246	20341	0.44	30.8
XP_023806459.1/1-31325	olaTTN/1-29492	20.912	373	268	12	16757	17120	5130	5484	0.44	30.8
XP_023806459.1/1-31325	olaTTN/1-29492	23.529	119	85	3	65	183	21299	21411	0.44	30.8
XP_023806459.1/1-31325	olaTTN/1-29492	21.429	84	66	0	22451	22534	3388	3471	0.45	30.8
XP_023806459.1/1-31325	olaTTN/1-29492	22.772	101	76	1	1140	1240	10933	11031	0.45	30.8
XP_023806459.1/1-31325	olaTTN/1-29492	24.742	97	69	2	3334	3427	23143	23238	0.45	30.8
XP_023806459.1/1-31325	olaTTN/1-29492	22.072	222	134	7	5836	6032	13268	13475	0.45	30.8
XP_023806459.1/1-31325	olaTTN/1-29492	20.377	265	170	8	740	978	20475	20724	0.45	30.8
XP_023806459.1/1-31325	olaTTN/1-29492	23.364	107	77	2	29168	29274	3073	3174	0.46	30.8
XP_023806459.1/1-31325	olaTTN/1-29492	21.158	449	282	20	2626	3029	13741	14162	0.46	30.8
XP_023806459.1/1-31325	olaTTN/1-29492	25.362	138	83	5	27197	27321	2809	2939	0.47	30.8
XP_023806459.1/1-31325	olaTTN/1-29492	28.395	81	57	1	16354	16433	2809	2889	0.47	30.8
XP_023806459.1/1-31325	olaTTN/1-29492	19.355	93	74	1	9497	9588	1374	1466	0.47	30.8
XP_023806459.1/1-31325	olaTTN/1-29492	22.593	270	166	12	29057	29318	1987	2221	0.47	30.8
XP_023806459.1/1-31325	olaTTN/1-29492	25.000	120	87	2	1115	1233	22001	22118	0.47	30.8
XP_023806459.1/1-31325	olaTTN/1-29492	27.848	79	55	2	21100	21176	29182	29260	0.47	30.8
XP_023806459.1/1-31325	olaTTN/1-29492	26.027	73	53	1	10058	10129	29347	29419	0.47	30.8
XP_023806459.1/1-31325	olaTTN/1-29492	30.556	72	46	3	13218	13286	1647	1717	0.47	30.8
XP_023806459.1/1-31325	olaTTN/1-29492	25.806	62	46	0	23948	24009	4953	5014	0.47	30.8
XP_023806459.1/1-31325	olaTTN/1-29492	26.316	76	52	2	724	799	26822	26893	0.48	30.8
XP_023806459.1/1-31325	olaTTN/1-29492	23.958	96	72	1	13219	13313	5415	5510	0.48	30.8
XP_023806459.1/1-31325	olaTTN/1-29492	23.750	80	60	1	9616	9694	547	626	0.49	30.8
XP_023806459.1/1-31325	olaTTN/1-29492	23.810	84	64	0	21776	21859	5414	5497	0.49	30.8
XP_023806459.1/1-31325	olaTTN/1-29492	31.579	76	45	2	6128	6200	24635	24706	0.49	30.8
XP_023806459.1/1-31325	olaTTN/1-29492	24.691	81	60	1	19220	19299	1648	1728	0.49	30.8
XP_023806459.1/1-31325	olaTTN/1-29492	22.951	61	47	0	23962	24022	2124	2184	0.49	30.8
XP_023806459.1/1-31325	olaTTN/1-29492	20.202	198	126	7	17337	17516	2796	2979	0.49	30.8
XP_023806459.1/1-31325	olaTTN/1-29492	23.188	69	52	1	9974	10041	550	618	0.49	30.8
XP_023806459.1/1-31325	olaTTN/1-29492	23.207	237	153	11	15506	15732	5172	5389	0.49	30.8
XP_023806459.1/1-31325	olaTTN/1-29492	25.000	92	54	2	13197	13286	5903	5981	0.49	30.8
XP_023806459.1/1-31325	olaTTN/1-29492	26.250	80	55	1	23271	23346	29	108	0.50	30.8
XP_023806459.1/1-31325	olaTTN/1-29492	24.691	81	60	1	19614	19694	1410	1489	0.50	30.8
XP_023806459.1/1-31325	olaTTN/1-29492	25.333	75	56	0	26804	26878	2023	2097	0.50	30.8
XP_023806459.1/1-31325	olaTTN/1-29492	23.022	139	93	6	26740	26872	2857	2987	0.50	30.8
XP_023806459.1/1-31325	olaTTN/1-29492	27.586	116	75	5	17012	17121	2869	2981	0.50	30.8
XP_023806459.1/1-31325	olaTTN/1-29492	18.812	101	77	1	13	108	11967	12067	0.50	30.8
XP_023806459.1/1-31325	olaTTN/1-29492	20.359	167	109	4	6156	6314	24180	24330	0.51	30.8
XP_023806459.1/1-31325	olaTTN/1-29492	18.990	495	326	18	2050	2487	14392	14868	0.52	30.8
XP_023806459.1/1-31325	olaTTN/1-29492	19.780	91	70	1	2834	2924	23546	23633	0.52	30.8
XP_023806459.1/1-31325	olaTTN/1-29492	23.457	81	62	0	27196	27276	3398	3478	0.52	30.8
XP_023806459.1/1-31325	olaTTN/1-29492	21.123	374	252	10	16081	16437	4964	5311	0.52	30.8
XP_023806459.1/1-31325	olaTTN/1-29492	22.642	106	70	2	4800	4895	15476	15579	0.52	30.8
XP_023806459.1/1-31325	olaTTN/1-29492	23.656	93	66	2	15	106	19574	19662	0.52	30.8
XP_023806459.1/1-31325	olaTTN/1-29492	29.333	75	49	2	1157	1231	24246	24316	0.52	30.8
XP_023806459.1/1-31325	olaTTN/1-29492	26.866	134	84	5	13469	13601	4627	4747	0.53	30.8
XP_023806459.1/1-31325	olaTTN/1-29492	26.582	79	50	2	724	800	13795	13867	0.53	30.8
XP_023806459.1/1-31325	olaTTN/1-29492	25.000	96	65	3	31231	31322	15166	15258	0.53	30.8
XP_023806459.1/1-31325	olaTTN/1-29492	25.197	127	79	4	28244	28362	1086	1204	0.53	30.8
XP_023806459.1/1-31325	olaTTN/1-29492	26.761	71	47	1	31051	31116	1295	1365	0.53	30.8
XP_023806459.1/1-31325	olaTTN/1-29492	20.231	346	205	14	20058	20369	5554	5862	0.54	30.8
XP_023806459.1/1-31325	olaTTN/1-29492	17.883	274	178	6	31038	31305	8588	8820	0.54	30.8
XP_023806459.1/1-31325	olaTTN/1-29492	23.967	121	89	2	14921	15041	1363	1480	0.54	30.8
XP_023806459.1/1-31325	olaTTN/1-29492	27.419	124	83	3	20651	20772	1086	1204	0.55	30.8
XP_023806459.1/1-31325	olaTTN/1-29492	44.444	45	18	2	18531	18575	1124	1161	0.55	30.8
XP_023806459.1/1-31325	olaTTN/1-29492	26.214	103	70	3	20678	20775	3488	3589	0.55	30.8
XP_023806459.1/1-31325	olaTTN/1-29492	20.085	234	158	8	9897	10127	29030	29237	0.55	30.8
XP_023806459.1/1-31325	olaTTN/1-29492	25.352	71	52	1	17051	17120	3509	3579	0.55	30.8
XP_023806459.1/1-31325	olaTTN/1-29492	19.697	132	92	2	7228	7351	15468	15593	0.55	30.8
XP_023806459.1/1-31325	olaTTN/1-29492	26.437	87	58	2	912	993	23558	23643	0.56	30.8
XP_023806459.1/1-31325	olaTTN/1-29492	22.500	80	62	0	5952	6031	17681	17760	0.56	30.8
XP_023806459.1/1-31325	olaTTN/1-29492	26.000	100	65	3	18508	18602	29330	29425	0.56	30.8
XP_023806459.1/1-31325	olaTTN/1-29492	24.286	70	50	1	28288	28354	1648	1717	0.56	30.4
XP_023806459.1/1-31325	olaTTN/1-29492	29.577	71	46	2	1317	1387	14493	14559	0.56	30.4
XP_023806459.1/1-31325	olaTTN/1-29492	21.649	97	74	2	1945	2040	18749	18844	0.56	30.4
XP_023806459.1/1-31325	olaTTN/1-29492	23.596	89	67	1	23539	23627	2010	2097	0.57	30.4
XP_023806459.1/1-31325	olaTTN/1-29492	22.436	156	111	4	66	213	9905	10058	0.57	30.4
XP_023806459.1/1-31325	olaTTN/1-29492	26.316	95	67	2	11	104	16588	16680	0.57	30.4
XP_023806459.1/1-31325	olaTTN/1-29492	27.711	83	58	1	2846	2928	25730	25810	0.57	30.4
XP_023806459.1/1-31325	olaTTN/1-29492	25.275	91	67	1	7454	7543	16986	17076	0.57	30.4
XP_023806459.1/1-31325	olaTTN/1-29492	27.692	65	46	1	1688	1752	17683	17746	0.57	30.4
XP_023806459.1/1-31325	olaTTN/1-29492	26.400	125	83	4	19586	19704	29324	29445	0.57	30.4
XP_023806459.1/1-31325	olaTTN/1-29492	21.600	125	92	2	26740	26864	5744	5862	0.58	30.4
XP_023806459.1/1-31325	olaTTN/1-29492	22.689	119	89	2	23505	23621	1087	1204	0.59	30.4
XP_023806459.1/1-31325	olaTTN/1-29492	20.652	92	72	1	3336	3427	10942	11032	0.59	30.4
XP_023806459.1/1-31325	olaTTN/1-29492	20.000	60	48	0	31051	31110	18784	18843	0.59	30.4
XP_023806459.1/1-31325	olaTTN/1-29492	30.435	69	46	1	18139	18205	691	759	0.59	30.4
XP_023806459.1/1-31325	olaTTN/1-29492	25.000	84	61	2	28783	28865	1651	1733	0.59	30.4
XP_023806459.1/1-31325	olaTTN/1-29492	26.471	68	50	0	17470	17537	5623	5690	0.59	30.4
XP_023806459.1/1-31325	olaTTN/1-29492	24.324	74	56	0	3233	3306	15506	15579	0.60	30.4
XP_023806459.1/1-31325	olaTTN/1-29492	29.412	68	45	2	3350	3417	26132	26196	0.60	30.4
XP_023806459.1/1-31325	olaTTN/1-29492	25.000	84	62	1	13219	13301	29357	29440	0.60	30.4
XP_023806459.1/1-31325	olaTTN/1-29492	21.939	196	120	7	31130	31323	3315	3479	0.60	30.4
XP_023806459.1/1-31325	olaTTN/1-29492	28.750	80	34	2	16759	16826	555	623	0.61	30.4
XP_023806459.1/1-31325	olaTTN/1-29492	26.923	78	55	1	19624	19699	1281	1358	0.61	30.4
XP_023806459.1/1-31325	olaTTN/1-29492	25.581	86	63	1	11737	11821	2010	2095	0.61	30.4
XP_023806459.1/1-31325	olaTTN/1-29492	24.390	41	31	0	17469	17509	2472	2512	0.61	30.4
XP_023806459.1/1-31325	olaTTN/1-29492	25.352	71	53	0	19218	19288	3082	3152	0.61	30.4
XP_023806459.1/1-31325	olaTTN/1-29492	21.080	389	249	17	5961	6314	13110	13475	0.61	30.4
XP_023806459.1/1-31325	olaTTN/1-29492	24.561	57	43	0	2508	2564	15530	15586	0.61	30.4
XP_023806459.1/1-31325	olaTTN/1-29492	27.941	68	34	1	2972	3039	24268	24320	0.62	30.4
XP_023806459.1/1-31325	olaTTN/1-29492	24.051	79	52	2	13937	14015	29177	29247	0.62	30.4
XP_023806459.1/1-31325	olaTTN/1-29492	23.973	146	92	6	11451	11585	2021	2158	0.62	30.4
XP_023806459.1/1-31325	olaTTN/1-29492	25.000	76	51	2	16755	16826	872	945	0.64	30.4
XP_023806459.1/1-31325	olaTTN/1-29492	20.988	81	64	0	21369	21449	3388	3468	0.64	30.4
XP_023806459.1/1-31325	olaTTN/1-29492	30.508	59	40	1	25432	25489	5924	5982	0.64	30.4
XP_023806459.1/1-31325	olaTTN/1-29492	25.000	64	46	1	31032	31093	8847	8910	0.64	30.4
XP_023806459.1/1-31325	olaTTN/1-29492	24.706	85	64	0	19616	19700	4569	4653	0.65	30.4
XP_023806459.1/1-31325	olaTTN/1-29492	27.419	62	43	1	31262	31323	17698	17757	0.65	30.4
XP_023806459.1/1-31325	olaTTN/1-29492	28.037	107	69	4	23233	23335	1387	1489	0.65	30.4
XP_023806459.1/1-31325	olaTTN/1-29492	22.396	384	236	15	6045	6392	26132	26489	0.65	30.4
XP_023806459.1/1-31325	olaTTN/1-29492	23.333	90	66	3	11428	11517	540	626	0.66	30.4
XP_023806459.1/1-31325	olaTTN/1-29492	28.421	95	59	4	27597	27683	2810	2903	0.66	30.4
XP_023806459.1/1-31325	olaTTN/1-29492	21.705	129	95	2	14928	15055	4625	4748	0.66	30.4
XP_023806459.1/1-31325	olaTTN/1-29492	26.050	119	79	4	30394	30509	2241	2353	0.66	30.4
XP_023806459.1/1-31325	olaTTN/1-29492	24.528	53	40	0	31053	31105	20281	20333	0.66	30.4
XP_023806459.1/1-31325	olaTTN/1-29492	21.127	71	56	0	587	657	16303	16373	0.67	30.4
XP_023806459.1/1-31325	olaTTN/1-29492	24.638	69	52	0	25710	25778	4567	4635	0.68	30.4
XP_023806459.1/1-31325	olaTTN/1-29492	20.652	92	69	1	13	104	26125	26212	0.68	30.4
XP_023806459.1/1-31325	olaTTN/1-29492	22.727	132	99	2	26733	26864	3024	3152	0.68	30.4
XP_023806459.1/1-31325	olaTTN/1-29492	32.143	84	50	3	1435	1513	15167	15248	0.68	30.4
XP_023806459.1/1-31325	olaTTN/1-29492	23.529	85	63	1	21094	21176	29356	29440	0.68	30.4
XP_023806459.1/1-31325	olaTTN/1-29492	25.397	63	47	0	17050	17112	2014	2076	0.69	30.4
XP_023806459.1/1-31325	olaTTN/1-29492	20.809	173	118	5	6059	6220	21680	21844	0.69	30.4
XP_023806459.1/1-31325	olaTTN/1-29492	23.377	77	57	1	724	800	22050	22124	0.69	30.4
XP_023806459.1/1-31325	olaTTN/1-29492	19.104	424	284	16	13218	13617	5037	5425	0.70	30.4
XP_023806459.1/1-31325	olaTTN/1-29492	29.412	68	45	1	27600	27664	3512	3579	0.70	30.4
XP_023806459.1/1-31325	olaTTN/1-29492	24.000	150	95	6	1810	1945	16232	16376	0.70	30.4
XP_023806459.1/1-31325	olaTTN/1-29492	24.675	77	57	1	6330	6406	24648	24723	0.70	30.4
XP_023806459.1/1-31325	olaTTN/1-29492	21.788	179	131	5	29063	29241	1728	1897	0.71	30.4
XP_023806459.1/1-31325	olaTTN/1-29492	20.690	87	68	1	27887	27973	3082	3167	0.71	30.4
XP_023806459.1/1-31325	olaTTN/1-29492	26.471	68	50	0	7585	7652	9971	10038	0.71	30.4
XP_023806459.1/1-31325	olaTTN/1-29492	32.558	43	29	0	31280	31322	19610	19652	0.71	30.4
XP_023806459.1/1-31325	olaTTN/1-29492	23.810	84	64	0	19615	19698	5414	5497	0.71	30.4
XP_023806459.1/1-31325	olaTTN/1-29492	29.688	64	41	1	2970	3033	10972	11031	0.71	30.4
XP_023806459.1/1-31325	olaTTN/1-29492	25.217	115	81	3	22419	22530	2582	2694	0.72	30.4
XP_023806459.1/1-31325	olaTTN/1-29492	22.857	105	71	3	21062	21161	1618	1717	0.73	30.4
XP_023806459.1/1-31325	olaTTN/1-29492	22.609	115	70	5	19539	19640	1042	1150	0.73	30.4
XP_023806459.1/1-31325	olaTTN/1-29492	28.395	81	49	2	13519	13597	1654	1727	0.73	30.4
XP_023806459.1/1-31325	olaTTN/1-29492	26.506	83	57	2	11745	11825	4761	4841	0.73	30.4
XP_023806459.1/1-31325	olaTTN/1-29492	26.667	105	69	3	1064	1165	14779	14878	0.74	30.0
XP_023806459.1/1-31325	olaTTN/1-29492	29.268	82	56	1	18139	18218	19	100	0.75	30.0
XP_023806459.1/1-31325	olaTTN/1-29492	23.711	97	66	2	13501	13597	2800	2888	0.75	30.0
XP_023806459.1/1-31325	olaTTN/1-29492	22.995	187	119	8	1052	1223	7662	7838	0.75	30.0
XP_023806459.1/1-31325	olaTTN/1-29492	26.050	119	81	2	1133	1248	18447	18561	0.75	30.0
XP_023806459.1/1-31325	olaTTN/1-29492	21.698	106	79	2	1651	1753	22407	22511	0.75	30.0
XP_023806459.1/1-31325	olaTTN/1-29492	21.795	78	59	1	1064	1141	24645	24720	0.75	30.0
XP_023806459.1/1-31325	olaTTN/1-29492	26.744	86	41	3	1446	1523	15912	15983	0.76	30.0
XP_023806459.1/1-31325	olaTTN/1-29492	27.160	81	57	1	4640	4720	19579	19657	0.77	30.0
XP_023806459.1/1-31325	olaTTN/1-29492	22.124	113	81	2	78	183	19116	19228	0.78	30.0
XP_023806459.1/1-31325	olaTTN/1-29492	28.788	66	46	1	7587	7652	17006	17070	0.79	30.0
XP_023806459.1/1-31325	olaTTN/1-29492	25.000	72	53	1	1072	1143	13403	13473	0.80	30.0
XP_023806459.1/1-31325	olaTTN/1-29492	25.862	58	43	0	2508	2565	14106	14163	0.80	30.0
XP_023806459.1/1-31325	olaTTN/1-29492	33.333	78	38	3	3242	3313	18484	18553	0.81	30.0
XP_023806459.1/1-31325	olaTTN/1-29492	29.231	65	41	2	28791	28851	6122	6185	0.82	30.0
XP_023806459.1/1-31325	olaTTN/1-29492	20.000	60	48	0	22465	22524	2017	2076	0.83	30.0
XP_023806459.1/1-31325	olaTTN/1-29492	22.892	83	61	1	6218	6300	20249	20328	0.84	30.0
XP_023806459.1/1-31325	olaTTN/1-29492	26.437	87	60	2	23253	23335	3076	3162	0.84	30.0
XP_023806459.1/1-31325	olaTTN/1-29492	24.597	248	161	7	24164	24405	720	947	0.85	30.0
XP_023806459.1/1-31325	olaTTN/1-29492	23.077	91	67	1	19199	19289	5776	5863	0.85	30.0
XP_023806459.1/1-31325	olaTTN/1-29492	22.340	94	68	2	4446	4539	24244	24332	0.85	30.0
XP_023806459.1/1-31325	olaTTN/1-29492	21.111	90	69	1	15369	15456	3081	3170	0.86	30.0
XP_023806459.1/1-31325	olaTTN/1-29492	32.000	75	47	2	1314	1388	10960	11030	0.86	30.0
XP_023806459.1/1-31325	olaTTN/1-29492	24.675	77	57	1	3343	3419	25326	25401	0.86	30.0
XP_023806459.1/1-31325	olaTTN/1-29492	24.490	147	96	4	7312	7449	22813	22953	0.87	30.0
XP_023806459.1/1-31325	olaTTN/1-29492	24.444	90	65	2	2592	2679	24266	24354	0.87	30.0
XP_023806459.1/1-31325	olaTTN/1-29492	25.397	63	46	1	26803	26864	883	945	0.88	30.0
XP_023806459.1/1-31325	olaTTN/1-29492	31.034	58	38	1	13231	13286	3521	3578	0.88	30.0
XP_023806459.1/1-31325	olaTTN/1-29492	19.565	230	153	7	721	933	18970	19184	0.88	30.0
XP_023806459.1/1-31325	olaTTN/1-29492	24.405	168	109	7	21305	21457	1323	1487	0.89	30.0
XP_023806459.1/1-31325	olaTTN/1-29492	28.814	59	41	1	18545	18602	1038	1096	0.90	30.0
XP_023806459.1/1-31325	olaTTN/1-29492	25.275	182	92	7	4543	4707	17002	17156	0.90	30.0
XP_023806459.1/1-31325	olaTTN/1-29492	24.793	121	82	4	16314	16432	842	955	0.91	30.0
XP_023806459.1/1-31325	olaTTN/1-29492	31.818	66	40	2	21099	21161	3515	3578	0.91	30.0
XP_023806459.1/1-31325	olaTTN/1-29492	20.641	281	177	10	7366	7644	13795	14031	0.92	30.0
XP_023806459.1/1-31325	olaTTN/1-29492	20.912	373	269	11	4818	5175	21754	22115	0.92	30.0
XP_023806459.1/1-31325	olaTTN/1-29492	24.419	86	65	0	27196	27281	4756	4841	0.92	30.0
XP_023806459.1/1-31325	olaTTN/1-29492	23.894	113	79	2	23258	23368	29356	29463	0.92	30.0
XP_023806459.1/1-31325	olaTTN/1-29492	26.984	63	46	0	1982	2044	15530	15592	0.93	30.0
XP_023806459.1/1-31325	olaTTN/1-29492	25.974	77	54	1	4920	4996	26822	26895	0.93	30.0
XP_023806459.1/1-31325	olaTTN/1-29492	28.000	125	82	4	27152	27274	1086	1204	0.94	30.0
XP_023806459.1/1-31325	olaTTN/1-29492	24.658	73	54	1	28675	28747	2619	2690	0.94	30.0
XP_023806459.1/1-31325	olaTTN/1-29492	33.898	59	33	3	31051	31108	8245	8298	0.94	30.0
XP_023806459.1/1-31325	olaTTN/1-29492	29.167	48	33	1	25726	25772	3523	3570	0.95	30.0
XP_023806459.1/1-31325	olaTTN/1-29492	25.676	148	100	4	24290	24435	5189	5328	0.95	30.0
XP_023806459.1/1-31325	olaTTN/1-29492	22.131	122	66	4	30643	30751	15159	15264	0.95	30.0
XP_023806459.1/1-31325	olaTTN/1-29492	27.273	88	57	3	31237	31322	20652	20734	0.95	30.0
XP_023806459.1/1-31325	olaTTN/1-29492	26.829	82	55	1	14245	14326	691	767	0.96	30.0
XP_023806459.1/1-31325	olaTTN/1-29492	28.333	60	42	1	23950	24008	5922	5981	0.96	30.0
XP_023806459.1/1-31325	olaTTN/1-29492	26.761	71	52	0	17461	17531	1288	1358	0.96	29.6
XP_023806459.1/1-31325	olaTTN/1-29492	22.785	79	61	0	3235	3313	10953	11031	0.96	29.6
XP_023806459.1/1-31325	olaTTN/1-29492	27.273	154	97	5	6451	6593	18007	18156	0.96	29.6
XP_023806459.1/1-31325	olaTTN/1-29492	26.437	87	56	4	14661	14743	863	945	0.97	29.6
XP_023806459.1/1-31325	olaTTN/1-29492	23.596	89	63	2	1057	1143	23155	23240	0.97	29.6
XP_023806459.1/1-31325	olaTTN/1-29492	31.915	47	32	0	31276	31322	25070	25116	0.97	29.6
XP_023806459.1/1-31325	olaTTN/1-29492	26.050	119	81	4	21732	21848	1086	1199	0.98	29.6
XP_023806459.1/1-31325	olaTTN/1-29492	23.871	155	100	7	9437	9577	1019	1169	0.99	29.6
XP_023806459.1/1-31325	olaTTN/1-29492	29.730	74	49	2	7569	7642	21757	21827	0.99	29.6
XP_023806459.1/1-31325	olaTTN/1-29492	26.496	117	66	4	2649	2746	11955	12070	1.00	29.6
XP_023806459.1/1-31325	olaTTN/1-29492	30.000	60	39	2	25432	25489	3521	3579	1.0	29.6
XP_023806459.1/1-31325	olaTTN/1-29492	24.528	106	74	1	31200	31305	2681	2780	1.0	29.6
XP_023806459.1/1-31325	olaTTN/1-29492	29.114	79	54	1	3235	3313	13098	13174	1.0	29.6
XP_023806459.1/1-31325	olaTTN/1-29492	27.273	88	56	3	18517	18602	2797	2878	1.0	29.6
XP_023806459.1/1-31325	olaTTN/1-29492	29.545	88	57	2	15356	15441	4932	5016	1.0	29.6
XP_023806459.1/1-31325	olaTTN/1-29492	22.414	58	45	0	31053	31110	14106	14163	1.0	29.6
XP_023806459.1/1-31325	olaTTN/1-29492	27.536	69	46	2	28290	28354	691	759	1.0	29.6
XP_023806459.1/1-31325	olaTTN/1-29492	21.831	142	92	3	2246	2382	22069	22196	1.1	29.6
XP_023806459.1/1-31325	olaTTN/1-29492	36.364	33	21	0	22859	22891	1648	1680	1.1	29.6
XP_023806459.1/1-31325	olaTTN/1-29492	24.444	90	63	2	1158	1247	13096	13180	1.1	29.6
XP_023806459.1/1-31325	olaTTN/1-29492	27.143	70	51	0	17065	17134	1289	1358	1.1	29.6
XP_023806459.1/1-31325	olaTTN/1-29492	23.913	46	35	0	17463	17508	1759	1804	1.1	29.6
XP_023806459.1/1-31325	olaTTN/1-29492	24.176	91	68	1	26781	26871	6097	6186	1.1	29.6
XP_023806459.1/1-31325	olaTTN/1-29492	21.384	159	120	4	14675	14828	3398	3556	1.1	29.6
XP_023806459.1/1-31325	olaTTN/1-29492	21.986	141	99	5	29101	29241	1947	2076	1.1	29.6
XP_023806459.1/1-31325	olaTTN/1-29492	22.222	72	55	1	29720	29791	29359	29429	1.1	29.6
XP_023806459.1/1-31325	olaTTN/1-29492	26.415	106	69	3	24320	24421	5587	5687	1.1	29.6
XP_023806459.1/1-31325	olaTTN/1-29492	28.571	98	69	1	5294	5391	15181	15277	1.1	29.6
XP_023806459.1/1-31325	olaTTN/1-29492	18.803	117	90	1	6189	6300	20898	21014	1.1	29.6
XP_023806459.1/1-31325	olaTTN/1-29492	21.711	152	115	3	20233	20382	1343	1492	1.2	29.6
XP_023806459.1/1-31325	olaTTN/1-29492	22.826	92	71	0	20288	20379	4556	4647	1.2	29.6
XP_023806459.1/1-31325	olaTTN/1-29492	21.774	124	87	2	2130	2252	22434	22548	1.2	29.6
XP_023806459.1/1-31325	olaTTN/1-29492	26.582	79	56	2	9878	9955	29346	29423	1.2	29.6
XP_023806459.1/1-31325	olaTTN/1-29492	29.870	77	47	3	18925	18997	550	623	1.2	29.6
XP_023806459.1/1-31325	olaTTN/1-29492	22.619	84	64	1	20287	20369	862	945	1.2	29.6
XP_023806459.1/1-31325	olaTTN/1-29492	31.579	38	26	0	31066	31103	23991	24028	1.2	29.6
XP_023806459.1/1-31325	olaTTN/1-29492	25.714	70	48	2	14677	14743	555	623	1.2	29.6
XP_023806459.1/1-31325	olaTTN/1-29492	26.744	86	63	0	27195	27280	4942	5027	1.2	29.6
XP_023806459.1/1-31325	olaTTN/1-29492	25.862	116	76	4	1121	1230	23116	23227	1.2	29.6
XP_023806459.1/1-31325	olaTTN/1-29492	20.270	370	259	14	5110	5455	26132	26489	1.2	29.6
XP_023806459.1/1-31325	olaTTN/1-29492	30.000	60	41	1	17458	17516	5922	5981	1.2	29.6
XP_023806459.1/1-31325	olaTTN/1-29492	24.691	81	51	2	4566	4646	24269	24339	1.2	29.6
XP_023806459.1/1-31325	olaTTN/1-29492	28.986	69	44	2	20317	20382	5928	5994	1.2	29.6
XP_023806459.1/1-31325	olaTTN/1-29492	26.506	83	57	2	3224	3304	18753	18833	1.2	29.6
XP_023806459.1/1-31325	olaTTN/1-29492	19.154	402	274	12	7447	7835	18462	18825	1.2	29.6
XP_023806459.1/1-31325	olaTTN/1-29492	22.667	75	56	1	3070	3144	22439	22511	1.2	29.6
XP_023806459.1/1-31325	olaTTN/1-29492	20.312	192	124	7	10966	11131	3403	3591	1.2	29.6
XP_023806459.1/1-31325	olaTTN/1-29492	18.124	469	302	12	7136	7542	10916	11364	1.2	29.6
XP_023806459.1/1-31325	olaTTN/1-29492	23.529	85	57	2	911	988	12692	12775	1.2	29.6
XP_023806459.1/1-31325	olaTTN/1-29492	20.202	198	141	4	15253	15448	2706	2888	1.2	29.6
XP_023806459.1/1-31325	olaTTN/1-29492	27.381	84	55	2	2845	2924	14775	14856	1.2	29.6
XP_023806459.1/1-31325	olaTTN/1-29492	31.429	70	44	2	2846	2914	26129	26195	1.2	29.6
XP_023806459.1/1-31325	olaTTN/1-29492	23.457	81	60	1	23264	23342	5703	5783	1.3	29.3
XP_023806459.1/1-31325	olaTTN/1-29492	22.105	95	72	1	30640	30734	25716	25808	1.3	29.3
XP_023806459.1/1-31325	olaTTN/1-29492	19.845	388	260	13	26509	26874	4948	5306	1.3	29.3
XP_023806459.1/1-31325	olaTTN/1-29492	25.373	67	47	1	3350	3416	25043	25106	1.3	29.3
XP_023806459.1/1-31325	olaTTN/1-29492	27.692	65	45	1	6531	6593	13412	13476	1.3	29.3
XP_023806459.1/1-31325	olaTTN/1-29492	25.610	82	58	2	17446	17527	2188	2266	1.3	29.3
XP_023806459.1/1-31325	olaTTN/1-29492	21.176	85	66	1	3343	3427	16301	16384	1.3	29.3
XP_023806459.1/1-31325	olaTTN/1-29492	22.727	110	82	2	4691	4799	18035	18142	1.4	29.3
XP_023806459.1/1-31325	olaTTN/1-29492	24.590	61	33	1	12878	12925	4720	4780	1.4	29.3
XP_023806459.1/1-31325	olaTTN/1-29492	24.490	98	65	4	18112	18205	1104	1196	1.4	29.3
XP_023806459.1/1-31325	olaTTN/1-29492	25.806	93	62	1	6045	6130	17681	17773	1.4	29.3
XP_023806459.1/1-31325	olaTTN/1-29492	31.707	41	27	1	12729	12769	12	51	1.4	29.3
XP_023806459.1/1-31325	olaTTN/1-29492	22.826	92	63	2	1436	1526	13389	13473	1.4	29.3
XP_023806459.1/1-31325	olaTTN/1-29492	25.316	79	57	1	6328	6406	20662	20738	1.4	29.3
XP_023806459.1/1-31325	olaTTN/1-29492	22.936	109	63	4	1658	1752	25712	25813	1.4	29.3
XP_023806459.1/1-31325	olaTTN/1-29492	31.667	60	34	2	10335	10393	1412	1465	1.4	29.3
XP_023806459.1/1-31325	olaTTN/1-29492	20.588	68	54	0	25710	25777	3398	3465	1.4	29.3
XP_023806459.1/1-31325	olaTTN/1-29492	30.851	94	59	3	12427	12516	5783	5874	1.4	29.3
XP_023806459.1/1-31325	olaTTN/1-29492	22.785	79	59	1	28288	28364	3084	3162	1.4	29.3
XP_023806459.1/1-31325	olaTTN/1-29492	24.176	91	68	1	13219	13308	4569	4659	1.4	29.3
XP_023806459.1/1-31325	olaTTN/1-29492	25.301	83	52	3	2774	2846	11992	12074	1.4	29.3
XP_023806459.1/1-31325	olaTTN/1-29492	27.143	70	51	0	30646	30715	2267	2336	1.4	29.3
XP_023806459.1/1-31325	olaTTN/1-29492	20.482	83	66	0	4637	4719	17678	17760	1.4	29.3
XP_023806459.1/1-31325	olaTTN/1-29492	26.154	65	48	0	2045	2109	10251	10315	1.5	29.3
XP_023806459.1/1-31325	olaTTN/1-29492	20.000	285	174	9	30443	30725	9313	9545	1.5	29.3
XP_023806459.1/1-31325	olaTTN/1-29492	30.263	76	51	2	9801	9875	1412	1486	1.5	29.3
XP_023806459.1/1-31325	olaTTN/1-29492	23.770	122	83	4	14624	14743	5749	5862	1.5	29.3
XP_023806459.1/1-31325	olaTTN/1-29492	25.926	81	55	3	24627	24704	690	768	1.5	29.3
XP_023806459.1/1-31325	olaTTN/1-29492	29.851	67	44	1	1064	1130	13101	13164	1.5	29.3
XP_023806459.1/1-31325	olaTTN/1-29492	33.871	62	34	2	20057	20118	4710	4764	1.5	29.3
XP_023806459.1/1-31325	olaTTN/1-29492	20.382	314	223	10	16813	17119	5376	5669	1.5	29.3
XP_023806459.1/1-31325	olaTTN/1-29492	22.388	67	51	1	3350	3416	17681	17746	1.5	29.3
XP_023806459.1/1-31325	olaTTN/1-29492	22.857	70	52	1	1687	1756	11681	11748	1.5	29.3
XP_023806459.1/1-31325	olaTTN/1-29492	31.915	47	32	0	2594	2640	15529	15575	1.6	29.3
XP_023806459.1/1-31325	olaTTN/1-29492	24.490	98	64	4	1886	1982	25745	25833	1.6	29.3
XP_023806459.1/1-31325	olaTTN/1-29492	27.848	79	55	2	20702	20779	1281	1358	1.6	29.3
XP_023806459.1/1-31325	olaTTN/1-29492	23.913	92	69	1	12457	12547	2646	2737	1.6	29.3
XP_023806459.1/1-31325	olaTTN/1-29492	22.930	157	105	6	28754	28907	3061	3204	1.6	29.3
XP_023806459.1/1-31325	olaTTN/1-29492	24.658	73	55	0	12444	12516	5421	5493	1.6	29.3
XP_023806459.1/1-31325	olaTTN/1-29492	21.393	201	151	3	29068	29268	4653	4846	1.6	29.3
XP_023806459.1/1-31325	olaTTN/1-29492	24.299	107	70	4	12658	12764	5255	5350	1.6	29.3
XP_023806459.1/1-31325	olaTTN/1-29492	27.059	85	45	2	23952	24033	3521	3591	1.6	29.3
XP_023806459.1/1-31325	olaTTN/1-29492	18.605	129	100	4	1120	1247	15468	15592	1.6	29.3
XP_023806459.1/1-31325	olaTTN/1-29492	21.898	411	249	17	2594	2973	18498	18867	1.6	29.3
XP_023806459.1/1-31325	olaTTN/1-29492	20.879	364	245	14	5506	5840	12426	12775	1.6	29.3
XP_023806459.1/1-31325	olaTTN/1-29492	28.000	75	50	1	21091	21161	1122	1196	1.6	29.3
XP_023806459.1/1-31325	olaTTN/1-29492	31.707	41	28	0	1892	1932	26442	26482	1.6	29.3
XP_023806459.1/1-31325	olaTTN/1-29492	26.471	68	50	0	25421	25488	116	183	1.6	28.9
XP_023806459.1/1-31325	olaTTN/1-29492	26.087	69	49	1	28288	28354	4569	4637	1.6	28.9
XP_023806459.1/1-31325	olaTTN/1-29492	27.083	96	54	4	1148	1238	19855	19939	1.7	28.9
XP_023806459.1/1-31325	olaTTN/1-29492	28.986	69	48	1	1446	1513	22442	22510	1.7	28.9
XP_023806459.1/1-31325	olaTTN/1-29492	30.882	68	43	2	30668	30735	18489	18552	1.7	28.9
XP_023806459.1/1-31325	olaTTN/1-29492	30.189	106	54	6	1975	2072	16314	16407	1.7	28.9
XP_023806459.1/1-31325	olaTTN/1-29492	20.000	80	62	1	17851	17928	558	637	1.7	28.9
XP_023806459.1/1-31325	olaTTN/1-29492	27.215	158	74	9	6503	6644	12682	12814	1.7	28.9
XP_023806459.1/1-31325	olaTTN/1-29492	27.907	86	61	1	6131	6215	16987	17072	1.7	28.9
XP_023806459.1/1-31325	olaTTN/1-29492	21.429	84	64	1	26103	26186	3398	3479	1.8	28.9
XP_023806459.1/1-31325	olaTTN/1-29492	32.143	56	36	1	4465	4520	19592	19645	1.8	28.9
XP_023806459.1/1-31325	olaTTN/1-29492	22.472	89	68	1	30652	30739	23155	23243	1.8	28.9
XP_023806459.1/1-31325	olaTTN/1-29492	20.833	72	57	0	26808	26879	29369	29440	1.8	28.9
XP_023806459.1/1-31325	olaTTN/1-29492	31.034	58	31	2	31277	31325	3534	3591	1.8	28.9
XP_023806459.1/1-31325	olaTTN/1-29492	23.000	100	65	3	24959	25053	814	906	1.8	28.9
XP_023806459.1/1-31325	olaTTN/1-29492	24.675	77	55	2	25715	25789	1030	1105	1.8	28.9
XP_023806459.1/1-31325	olaTTN/1-29492	31.373	51	34	1	4465	4514	9975	10025	1.8	28.9
XP_023806459.1/1-31325	olaTTN/1-29492	23.944	71	52	1	587	657	13096	13164	1.8	28.9
XP_023806459.1/1-31325	olaTTN/1-29492	24.627	134	82	4	27134	27266	830	945	1.8	28.9
XP_023806459.1/1-31325	olaTTN/1-29492	26.846	149	89	4	24265	24403	1058	1196	1.8	28.9
XP_023806459.1/1-31325	olaTTN/1-29492	22.222	81	62	1	11745	11824	4667	4747	1.8	28.9
XP_023806459.1/1-31325	olaTTN/1-29492	22.892	83	63	1	3345	3427	15903	15984	1.8	28.9
XP_023806459.1/1-31325	olaTTN/1-29492	29.167	72	47	2	721	791	26421	26489	1.9	28.9
XP_023806459.1/1-31325	olaTTN/1-29492	23.438	64	48	1	21401	21463	2297	2360	1.9	28.9
XP_023806459.1/1-31325	olaTTN/1-29492	20.000	85	67	1	21773	21857	2535	2618	1.9	28.9
XP_023806459.1/1-31325	olaTTN/1-29492	22.941	170	105	6	16307	16475	5467	5611	1.9	28.9
XP_023806459.1/1-31325	olaTTN/1-29492	26.829	82	57	2	909	988	14776	14856	1.9	28.9
XP_023806459.1/1-31325	olaTTN/1-29492	27.273	77	54	1	20026	20100	29369	29445	1.9	28.9
XP_023806459.1/1-31325	olaTTN/1-29492	30.508	59	24	2	1670	1712	13070	13127	1.9	28.9
XP_023806459.1/1-31325	olaTTN/1-29492	22.807	171	103	4	4917	5075	17390	17543	1.9	28.9
XP_023806459.1/1-31325	olaTTN/1-29492	30.769	52	36	0	2971	3022	22462	22513	1.9	28.9
XP_023806459.1/1-31325	olaTTN/1-29492	28.571	84	53	3	2483	2561	29353	29434	1.9	28.9
XP_023806459.1/1-31325	olaTTN/1-29492	27.206	136	92	4	11689	11823	1363	1492	1.9	28.9
XP_023806459.1/1-31325	olaTTN/1-29492	22.727	66	51	0	1892	1957	15926	15991	1.9	28.9
XP_023806459.1/1-31325	olaTTN/1-29492	21.978	182	114	7	3249	3417	23859	24025	1.9	28.9
XP_023806459.1/1-31325	olaTTN/1-29492	22.857	70	54	0	1323	1392	15522	15591	1.9	28.9
XP_023806459.1/1-31325	olaTTN/1-29492	26.241	141	86	4	1121	1245	23913	24051	1.9	28.9
XP_023806459.1/1-31325	olaTTN/1-29492	24.561	114	80	3	15349	15459	1390	1500	2.0	28.9
XP_023806459.1/1-31325	olaTTN/1-29492	28.814	59	37	2	3053	3109	11233	11288	2.0	28.9
XP_023806459.1/1-31325	olaTTN/1-29492	30.233	43	30	0	3231	3273	11246	11288	2.0	28.9
XP_023806459.1/1-31325	olaTTN/1-29492	22.424	165	98	5	2864	3019	16917	17060	2.0	28.9
XP_023806459.1/1-31325	olaTTN/1-29492	19.740	461	304	12	4813	5229	20934	21372	2.0	28.9
XP_023806459.1/1-31325	olaTTN/1-29492	23.158	95	66	2	26768	26855	1801	1895	2.0	28.9
XP_023806459.1/1-31325	olaTTN/1-29492	25.532	94	64	2	25422	25510	2812	2904	2.0	28.9
XP_023806459.1/1-31325	olaTTN/1-29492	23.148	108	80	2	24613	24718	4652	4758	2.0	28.9
XP_023806459.1/1-31325	olaTTN/1-29492	21.951	82	62	1	3234	3313	14775	14856	2.0	28.9
XP_023806459.1/1-31325	olaTTN/1-29492	22.826	92	66	2	19	105	12692	12783	2.0	28.9
XP_023806459.1/1-31325	olaTTN/1-29492	28.571	105	67	5	13859	13959	2732	2832	2.0	28.9
XP_023806459.1/1-31325	olaTTN/1-29492	25.610	82	53	1	12436	12517	2457	2530	2.1	28.9
XP_023806459.1/1-31325	olaTTN/1-29492	20.455	88	67	2	1054	1140	25723	25808	2.1	28.9
XP_023806459.1/1-31325	olaTTN/1-29492	27.778	90	55	3	15372	15459	2015	2096	2.1	28.9
XP_023806459.1/1-31325	olaTTN/1-29492	28.448	116	63	4	14622	14736	1361	1457	2.1	28.9
XP_023806459.1/1-31325	olaTTN/1-29492	27.027	74	52	2	19612	19684	3396	3468	2.1	28.9
XP_023806459.1/1-31325	olaTTN/1-29492	25.000	64	46	1	1465	1526	4492	4555	2.1	28.9
XP_023806459.1/1-31325	olaTTN/1-29492	27.941	68	47	1	16074	16139	29189	29256	2.2	28.5
XP_023806459.1/1-31325	olaTTN/1-29492	28.235	85	56	3	1446	1526	14776	14859	2.2	28.5
XP_023806459.1/1-31325	olaTTN/1-29492	24.468	94	62	3	13500	13593	2617	2701	2.2	28.5
XP_023806459.1/1-31325	olaTTN/1-29492	22.394	518	333	22	23924	24403	5495	5981	2.2	28.5
XP_023806459.1/1-31325	olaTTN/1-29492	25.000	100	57	4	1435	1523	16291	16383	2.2	28.5
XP_023806459.1/1-31325	olaTTN/1-29492	21.818	110	72	3	560	657	12353	12460	2.2	28.5
XP_023806459.1/1-31325	olaTTN/1-29492	26.761	71	52	0	1322	1392	17005	17075	2.2	28.5
XP_023806459.1/1-31325	olaTTN/1-29492	23.636	165	102	6	4566	4719	24572	24723	2.2	28.5
XP_023806459.1/1-31325	olaTTN/1-29492	25.000	68	48	1	13222	13286	20	87	2.3	28.5
XP_023806459.1/1-31325	olaTTN/1-29492	28.125	96	61	3	19998	20090	1399	1489	2.3	28.5
XP_023806459.1/1-31325	olaTTN/1-29492	45.455	22	12	0	1695	1716	11983	12004	2.3	28.5
XP_023806459.1/1-31325	olaTTN/1-29492	21.805	133	81	4	14927	15040	817	945	2.3	28.5
XP_023806459.1/1-31325	olaTTN/1-29492	21.205	448	303	17	5432	5844	11326	11758	2.3	28.5
XP_023806459.1/1-31325	olaTTN/1-29492	28.358	67	47	1	26808	26874	1424	1489	2.3	28.5
XP_023806459.1/1-31325	olaTTN/1-29492	31.429	70	43	3	1073	1140	17004	17070	2.3	28.5
XP_023806459.1/1-31325	olaTTN/1-29492	25.641	78	57	1	21386	21463	2108	2184	2.3	28.5
XP_023806459.1/1-31325	olaTTN/1-29492	25.000	72	44	2	3237	3303	18076	18142	2.3	28.5
XP_023806459.1/1-31325	olaTTN/1-29492	26.562	64	46	1	7790	7853	25746	25808	2.3	28.5
XP_023806459.1/1-31325	olaTTN/1-29492	26.531	147	82	6	27153	27290	78	207	2.3	28.5
XP_023806459.1/1-31325	olaTTN/1-29492	20.872	321	188	11	30442	30746	8321	8591	2.3	28.5
XP_023806459.1/1-31325	olaTTN/1-29492	27.692	130	81	6	7708	7833	26360	26480	2.3	28.5
XP_023806459.1/1-31325	olaTTN/1-29492	24.333	300	171	14	7759	8007	3	297	2.4	28.5
XP_023806459.1/1-31325	olaTTN/1-29492	22.857	70	53	1	13218	13286	114	183	2.4	28.5
XP_023806459.1/1-31325	olaTTN/1-29492	26.389	72	46	2	25669	25738	1086	1152	2.4	28.5
XP_023806459.1/1-31325	olaTTN/1-29492	24.545	110	73	3	27864	27972	1997	2097	2.4	28.5
XP_023806459.1/1-31325	olaTTN/1-29492	29.630	54	37	1	12454	12506	5928	5981	2.4	28.5
XP_023806459.1/1-31325	olaTTN/1-29492	22.727	110	71	3	2845	2943	19575	19681	2.4	28.5
XP_023806459.1/1-31325	olaTTN/1-29492	24.675	77	56	2	18526	18602	3078	3152	2.4	28.5
XP_023806459.1/1-31325	olaTTN/1-29492	27.273	99	66	3	6591	6685	22426	22522	2.4	28.5
XP_023806459.1/1-31325	olaTTN/1-29492	23.077	91	66	2	13	103	25726	25812	2.4	28.5
XP_023806459.1/1-31325	olaTTN/1-29492	25.472	106	63	3	24605	24708	4559	4650	2.4	28.5
XP_023806459.1/1-31325	olaTTN/1-29492	23.200	250	154	11	5971	6198	17014	17247	2.4	28.5
XP_023806459.1/1-31325	olaTTN/1-29492	20.982	224	154	7	6555	6762	18015	18231	2.4	28.5
XP_023806459.1/1-31325	olaTTN/1-29492	23.636	110	79	3	6030	6136	18462	18569	2.4	28.5
XP_023806459.1/1-31325	olaTTN/1-29492	25.203	123	75	7	4545	4663	26422	26531	2.4	28.5
XP_023806459.1/1-31325	olaTTN/1-29492	28.846	52	37	0	31272	31323	143	194	2.5	28.5
XP_023806459.1/1-31325	olaTTN/1-29492	22.917	192	120	7	11443	11608	5792	5981	2.5	28.5
XP_023806459.1/1-31325	olaTTN/1-29492	17.941	340	232	11	2158	2459	23977	24307	2.5	28.5
XP_023806459.1/1-31325	olaTTN/1-29492	23.810	105	79	1	1420	1523	25704	25808	2.5	28.5
XP_023806459.1/1-31325	olaTTN/1-29492	25.714	70	52	0	13217	13286	1410	1479	2.5	28.5
XP_023806459.1/1-31325	olaTTN/1-29492	19.444	72	57	1	20291	20362	1916	1986	2.5	28.5
XP_023806459.1/1-31325	olaTTN/1-29492	29.412	68	45	2	22880	22946	5622	5687	2.5	28.5
XP_023806459.1/1-31325	olaTTN/1-29492	23.232	99	72	2	23925	24022	4652	4747	2.5	28.5
XP_023806459.1/1-31325	olaTTN/1-29492	22.549	102	74	2	702	800	20237	20336	2.6	28.5
XP_023806459.1/1-31325	olaTTN/1-29492	24.242	132	90	4	19171	19302	5282	5403	2.6	28.5
XP_023806459.1/1-31325	olaTTN/1-29492	21.479	284	170	10	5214	5463	10765	11029	2.6	28.5
XP_023806459.1/1-31325	olaTTN/1-29492	24.107	112	69	3	14230	14335	3	104	2.6	28.5
XP_023806459.1/1-31325	olaTTN/1-29492	24.138	87	61	2	20008	20090	12	97	2.6	28.5
XP_023806459.1/1-31325	olaTTN/1-29492	25.926	108	69	3	30645	30741	28357	28464	2.6	28.5
XP_023806459.1/1-31325	olaTTN/1-29492	24.658	73	54	1	16354	16425	2014	2086	2.6	28.5
XP_023806459.1/1-31325	olaTTN/1-29492	31.148	61	35	2	26822	26881	2745	2799	2.6	28.5
XP_023806459.1/1-31325	olaTTN/1-29492	23.077	104	80	0	22443	22546	5208	5311	2.6	28.5
XP_023806459.1/1-31325	olaTTN/1-29492	27.083	96	68	2	6969	7063	21331	21425	2.6	28.5
XP_023806459.1/1-31325	olaTTN/1-29492	20.833	72	56	1	11745	11815	879	950	2.7	28.5
XP_023806459.1/1-31325	olaTTN/1-29492	18.072	83	68	0	24623	24705	29173	29255	2.7	28.5
XP_023806459.1/1-31325	olaTTN/1-29492	25.926	108	62	3	17427	17516	1089	1196	2.7	28.5
XP_023806459.1/1-31325	olaTTN/1-29492	29.577	71	48	2	1073	1142	9971	10040	2.7	28.5
XP_023806459.1/1-31325	olaTTN/1-29492	21.138	123	82	3	13179	13301	1089	1196	2.7	28.5
XP_023806459.1/1-31325	olaTTN/1-29492	33.333	48	32	0	18556	18603	2933	2980	2.7	28.5
XP_023806459.1/1-31325	olaTTN/1-29492	24.176	91	60	2	2938	3019	16283	16373	2.7	28.5
XP_023806459.1/1-31325	olaTTN/1-29492	22.056	467	278	19	9619	10052	29018	29431	2.7	28.5
XP_023806459.1/1-31325	olaTTN/1-29492	24.848	165	105	7	21702	21859	5438	5590	2.7	28.5
XP_023806459.1/1-31325	olaTTN/1-29492	23.256	43	33	0	21400	21442	6219	6261	2.7	28.5
XP_023806459.1/1-31325	olaTTN/1-29492	26.829	41	29	1	10240	10279	870	910	2.8	28.5
XP_023806459.1/1-31325	olaTTN/1-29492	26.119	134	89	6	27833	27961	2854	2982	2.8	28.5
XP_023806459.1/1-31325	olaTTN/1-29492	20.183	109	79	3	13938	14046	4853	4953	2.8	28.5
XP_023806459.1/1-31325	olaTTN/1-29492	29.787	94	53	3	1669	1755	15164	15251	2.8	28.5
XP_023806459.1/1-31325	olaTTN/1-29492	24.615	195	121	8	26780	26965	2617	2794	2.8	28.1
XP_023806459.1/1-31325	olaTTN/1-29492	25.000	72	49	1	724	795	17393	17459	2.8	28.1
XP_023806459.1/1-31325	olaTTN/1-29492	21.111	90	69	1	16078	16165	6127	6216	2.8	28.1
XP_023806459.1/1-31325	olaTTN/1-29492	27.160	81	41	4	722	794	15181	15251	2.8	28.1
XP_023806459.1/1-31325	olaTTN/1-29492	23.077	65	50	0	3239	3303	13396	13460	2.9	28.1
XP_023806459.1/1-31325	olaTTN/1-29492	36.842	38	24	0	1982	2019	10278	10315	2.9	28.1
XP_023806459.1/1-31325	olaTTN/1-29492	35.955	89	47	5	24962	25048	1071	1151	2.9	28.1
XP_023806459.1/1-31325	olaTTN/1-29492	24.444	45	34	0	890	934	22028	22072	2.9	28.1
XP_023806459.1/1-31325	olaTTN/1-29492	23.776	143	83	6	2772	2894	19087	19223	2.9	28.1
XP_023806459.1/1-31325	olaTTN/1-29492	20.245	163	119	4	822	978	19485	19642	2.9	28.1
XP_023806459.1/1-31325	olaTTN/1-29492	27.143	70	51	0	23954	24023	1289	1358	3.0	28.1
XP_023806459.1/1-31325	olaTTN/1-29492	22.340	94	63	3	13930	14023	3079	3162	3.0	28.1
XP_023806459.1/1-31325	olaTTN/1-29492	21.569	153	102	5	5631	5775	26375	26517	3.0	28.1
XP_023806459.1/1-31325	olaTTN/1-29492	26.471	68	50	0	23559	23626	2203	2270	3.0	28.1
XP_023806459.1/1-31325	olaTTN/1-29492	24.528	53	40	0	25732	25784	2647	2699	3.0	28.1
XP_023806459.1/1-31325	olaTTN/1-29492	29.333	75	47	2	13529	13603	4585	4653	3.0	28.1
XP_023806459.1/1-31325	olaTTN/1-29492	23.301	103	77	2	13211	13311	4656	4758	3.0	28.1
XP_023806459.1/1-31325	olaTTN/1-29492	31.343	67	43	2	27600	27663	879	945	3.0	28.1
XP_023806459.1/1-31325	olaTTN/1-29492	26.389	72	51	2	30648	30718	2443	2513	3.0	28.1
XP_023806459.1/1-31325	olaTTN/1-29492	31.034	58	39	1	19234	19290	5926	5983	3.0	28.1
XP_023806459.1/1-31325	olaTTN/1-29492	22.826	92	68	1	6514	6602	21346	21437	3.0	28.1
XP_023806459.1/1-31325	olaTTN/1-29492	22.989	87	66	1	27883	27968	11	97	3.0	28.1
XP_023806459.1/1-31325	olaTTN/1-29492	27.500	80	55	2	9437	9514	546	624	3.0	28.1
XP_023806459.1/1-31325	olaTTN/1-29492	24.752	101	67	3	28774	28868	1271	1368	3.0	28.1
XP_023806459.1/1-31325	olaTTN/1-29492	32.000	50	31	2	7608	7655	11314	11362	3.0	28.1
XP_023806459.1/1-31325	olaTTN/1-29492	24.000	75	55	1	16065	16139	2018	2090	3.1	28.1
XP_023806459.1/1-31325	olaTTN/1-29492	25.439	114	77	4	22815	22928	78	183	3.1	28.1
XP_023806459.1/1-31325	olaTTN/1-29492	24.615	65	45	1	13523	13587	699	759	3.1	28.1
XP_023806459.1/1-31325	olaTTN/1-29492	27.536	69	46	2	16085	16153	3939	4003	3.1	28.1
XP_023806459.1/1-31325	olaTTN/1-29492	23.529	68	52	0	1325	1392	18780	18847	3.1	28.1
XP_023806459.1/1-31325	olaTTN/1-29492	26.596	94	62	3	16745	16836	1401	1489	3.2	28.1
XP_023806459.1/1-31325	olaTTN/1-29492	22.378	143	102	5	14904	15040	2739	2878	3.2	28.1
XP_023806459.1/1-31325	olaTTN/1-29492	21.519	79	61	1	1449	1526	20262	20340	3.2	28.1
XP_023806459.1/1-31325	olaTTN/1-29492	25.641	78	56	2	1945	2021	20930	21006	3.2	28.1
XP_023806459.1/1-31325	olaTTN/1-29492	24.390	82	60	2	12436	12516	29175	29255	3.2	28.1
XP_023806459.1/1-31325	olaTTN/1-29492	21.839	87	68	0	6038	6124	22438	22524	3.2	28.1
XP_023806459.1/1-31325	olaTTN/1-29492	24.299	107	68	5	6215	6314	18458	18558	3.2	28.1
XP_023806459.1/1-31325	olaTTN/1-29492	31.111	90	56	3	2678	2765	26145	26230	3.2	28.1
XP_023806459.1/1-31325	olaTTN/1-29492	18.557	97	79	0	25018	25114	3079	3175	3.3	28.1
XP_023806459.1/1-31325	olaTTN/1-29492	18.824	85	67	2	2654	2737	29348	29431	3.3	28.1
XP_023806459.1/1-31325	olaTTN/1-29492	23.276	232	143	10	6224	6436	19465	19680	3.3	28.1
XP_023806459.1/1-31325	olaTTN/1-29492	23.944	71	50	1	2058	2124	22450	22520	3.3	28.1
XP_023806459.1/1-31325	olaTTN/1-29492	21.739	69	50	2	3076	3143	16308	16373	3.3	28.1
XP_023806459.1/1-31325	olaTTN/1-29492	27.586	58	40	1	2334	2389	23577	23634	3.4	28.1
XP_023806459.1/1-31325	olaTTN/1-29492	21.739	207	137	8	1938	2124	27188	27389	3.4	28.1
XP_023806459.1/1-31325	olaTTN/1-29492	22.772	101	75	2	1682	1780	14775	14874	3.4	28.1
XP_023806459.1/1-31325	olaTTN/1-29492	25.641	78	57	1	2053	2130	23558	23634	3.5	28.1
XP_023806459.1/1-31325	olaTTN/1-29492	26.596	94	64	2	23235	23326	5773	5863	3.5	28.1
XP_023806459.1/1-31325	olaTTN/1-29492	22.388	67	52	0	4452	4518	17681	17747	3.5	28.1
XP_023806459.1/1-31325	olaTTN/1-29492	22.222	90	70	0	5007	5096	17674	17763	3.5	28.1
XP_023806459.1/1-31325	olaTTN/1-29492	25.455	110	71	2	1942	2048	14765	14866	3.5	28.1
XP_023806459.1/1-31325	olaTTN/1-29492	20.930	86	67	1	27888	27973	29356	29440	3.6	28.1
XP_023806459.1/1-31325	olaTTN/1-29492	30.769	52	34	1	12713	12764	5112	5161	3.6	28.1
XP_023806459.1/1-31325	olaTTN/1-29492	28.571	42	30	0	20718	20759	1947	1988	3.6	28.1
XP_023806459.1/1-31325	olaTTN/1-29492	22.672	247	169	8	24274	24516	2579	2807	3.6	28.1
XP_023806459.1/1-31325	olaTTN/1-29492	24.419	86	64	1	4445	4530	11673	11757	3.6	28.1
XP_023806459.1/1-31325	olaTTN/1-29492	29.412	51	36	0	2971	3021	17698	17748	3.7	27.7
XP_023806459.1/1-31325	olaTTN/1-29492	25.000	60	45	0	16074	16133	1848	1907	3.7	27.7
XP_023806459.1/1-31325	olaTTN/1-29492	25.641	78	55	3	3350	3427	13795	13869	3.7	27.7
XP_023806459.1/1-31325	olaTTN/1-29492	19.737	304	211	8	2279	2551	24011	24312	3.7	27.7
XP_023806459.1/1-31325	olaTTN/1-29492	33.333	30	20	0	22859	22888	876	905	3.8	27.7
XP_023806459.1/1-31325	olaTTN/1-29492	20.455	88	67	3	27191	27276	1020	1106	3.8	27.7
XP_023806459.1/1-31325	olaTTN/1-29492	23.188	69	53	0	3237	3305	17680	17748	3.8	27.7
XP_023806459.1/1-31325	olaTTN/1-29492	23.611	72	53	2	25409	25479	866	936	3.8	27.7
XP_023806459.1/1-31325	olaTTN/1-29492	20.690	145	112	2	2772	2915	21270	21412	3.8	27.7
XP_023806459.1/1-31325	olaTTN/1-29492	19.403	67	54	0	25423	25489	3403	3469	3.9	27.7
XP_023806459.1/1-31325	olaTTN/1-29492	20.261	153	110	4	1120	1261	12340	12491	3.9	27.7
XP_023806459.1/1-31325	olaTTN/1-29492	24.638	69	52	0	31022	31090	23546	23614	3.9	27.7
XP_023806459.1/1-31325	olaTTN/1-29492	27.273	44	32	0	22485	22528	2473	2516	3.9	27.7
XP_023806459.1/1-31325	olaTTN/1-29492	22.000	100	73	3	31227	31323	537	634	4.0	27.7
XP_023806459.1/1-31325	olaTTN/1-29492	41.667	36	17	1	2709	2740	12743	12778	4.0	27.7
XP_023806459.1/1-31325	olaTTN/1-29492	26.667	45	33	0	2246	2290	26443	26487	4.0	27.7
XP_023806459.1/1-31325	olaTTN/1-29492	21.845	206	146	6	27153	27350	2869	3067	4.0	27.7
XP_023806459.1/1-31325	olaTTN/1-29492	21.978	91	71	0	11735	11825	3077	3167	4.0	27.7
XP_023806459.1/1-31325	olaTTN/1-29492	24.286	70	52	1	21770	21839	6105	6173	4.0	27.7
XP_023806459.1/1-31325	olaTTN/1-29492	22.222	279	174	11	31043	31319	2289	2526	4.1	27.7
XP_023806459.1/1-31325	olaTTN/1-29492	30.000	60	41	1	30652	30711	8134	8192	4.1	27.7
XP_023806459.1/1-31325	olaTTN/1-29492	23.158	95	57	4	27869	27953	1811	1899	4.1	27.7
XP_023806459.1/1-31325	olaTTN/1-29492	31.034	58	39	1	7585	7642	22059	22115	4.2	27.7
XP_023806459.1/1-31325	olaTTN/1-29492	25.000	88	51	3	31232	31312	27203	27282	4.2	27.7
XP_023806459.1/1-31325	olaTTN/1-29492	23.188	69	53	0	25421	25489	3085	3153	4.3	27.7
XP_023806459.1/1-31325	olaTTN/1-29492	26.087	69	49	1	589	657	26819	26885	4.3	27.7
XP_023806459.1/1-31325	olaTTN/1-29492	25.000	76	55	1	28291	28364	4761	4836	4.3	27.7
XP_023806459.1/1-31325	olaTTN/1-29492	24.324	74	53	2	31234	31307	8041	8111	4.3	27.7
XP_023806459.1/1-31325	olaTTN/1-29492	26.190	42	31	0	1891	1932	24267	24308	4.3	27.7
XP_023806459.1/1-31325	olaTTN/1-29492	31.343	67	43	1	27601	27664	5916	5982	4.3	27.7
XP_023806459.1/1-31325	olaTTN/1-29492	27.778	54	38	1	7589	7642	10969	11021	4.3	27.7
XP_023806459.1/1-31325	olaTTN/1-29492	19.481	77	61	1	24630	24705	1030	1106	4.4	27.7
XP_023806459.1/1-31325	olaTTN/1-29492	24.211	95	69	2	19220	19311	4664	4758	4.4	27.7
XP_023806459.1/1-31325	olaTTN/1-29492	26.087	69	49	1	20034	20100	4778	4846	4.4	27.7
XP_023806459.1/1-31325	olaTTN/1-29492	31.707	41	28	0	16799	16839	5739	5779	4.4	27.7
XP_023806459.1/1-31325	olaTTN/1-29492	22.619	84	63	2	31234	31317	7769	7850	4.4	27.7
XP_023806459.1/1-31325	olaTTN/1-29492	23.913	92	64	3	3328	3416	19554	19642	4.4	27.7
XP_023806459.1/1-31325	olaTTN/1-29492	20.000	90	70	1	15	104	21341	21428	4.4	27.7
XP_023806459.1/1-31325	olaTTN/1-29492	20.946	148	99	5	1982	2115	27635	27778	4.4	27.7
XP_023806459.1/1-31325	olaTTN/1-29492	21.053	95	67	1	2414	2500	10960	11054	4.5	27.7
XP_023806459.1/1-31325	olaTTN/1-29492	34.615	52	32	1	1657	1708	20634	20683	4.5	27.7
XP_023806459.1/1-31325	olaTTN/1-29492	26.923	78	54	2	2849	2924	16597	16673	4.5	27.7
XP_023806459.1/1-31325	olaTTN/1-29492	21.429	112	83	3	1651	1759	18039	18148	4.5	27.7
XP_023806459.1/1-31325	olaTTN/1-29492	26.531	98	68	3	1657	1752	25303	25398	4.5	27.7
XP_023806459.1/1-31325	olaTTN/1-29492	24.490	49	37	0	31052	31100	26442	26490	4.5	27.7
XP_023806459.1/1-31325	olaTTN/1-29492	19.802	101	76	2	890	988	18745	18842	4.6	27.7
XP_023806459.1/1-31325	olaTTN/1-29492	19.048	168	105	4	21302	21456	2464	2613	4.6	27.7
XP_023806459.1/1-31325	olaTTN/1-29492	23.810	84	61	2	14673	14753	5034	5117	4.6	27.7
XP_023806459.1/1-31325	olaTTN/1-29492	20.213	188	119	5	3236	3418	13793	13954	4.8	27.3
XP_023806459.1/1-31325	olaTTN/1-29492	20.963	353	230	13	2801	3143	17433	17746	4.8	27.3
XP_023806459.1/1-31325	olaTTN/1-29492	22.485	169	106	5	5687	5830	17974	18142	4.8	27.3
XP_023806459.1/1-31325	olaTTN/1-29492	29.545	44	29	1	2775	2818	18096	18137	4.8	27.3
XP_023806459.1/1-31325	olaTTN/1-29492	21.429	84	60	1	14245	14328	878	955	4.8	27.3
XP_023806459.1/1-31325	olaTTN/1-29492	20.536	112	89	0	6138	6249	17681	17792	4.8	27.3
XP_023806459.1/1-31325	olaTTN/1-29492	26.316	38	28	0	25712	25749	1648	1685	4.9	27.3
XP_023806459.1/1-31325	olaTTN/1-29492	22.785	79	60	1	25410	25488	5785	5862	4.9	27.3
XP_023806459.1/1-31325	olaTTN/1-29492	23.656	93	66	3	6035	6124	18756	18846	5.0	27.3
XP_023806459.1/1-31325	olaTTN/1-29492	22.892	83	59	3	6	88	19152	19229	5.0	27.3
XP_023806459.1/1-31325	olaTTN/1-29492	20.741	135	84	4	7228	7347	20214	20340	5.0	27.3
XP_023806459.1/1-31325	olaTTN/1-29492	20.812	197	135	5	7342	7527	23136	23322	5.0	27.3
XP_023806459.1/1-31325	olaTTN/1-29492	27.692	65	45	1	20019	20081	5799	5863	5.0	27.3
XP_023806459.1/1-31325	olaTTN/1-29492	24.194	62	42	1	25023	25084	6205	6261	5.0	27.3
XP_023806459.1/1-31325	olaTTN/1-29492	23.958	96	69	2	17844	17936	13	107	5.1	27.3
XP_023806459.1/1-31325	olaTTN/1-29492	25.676	74	52	2	12452	12522	890	963	5.1	27.3
XP_023806459.1/1-31325	olaTTN/1-29492	23.333	120	76	2	21797	21904	1856	1971	5.1	27.3
XP_023806459.1/1-31325	olaTTN/1-29492	25.000	96	56	4	16089	16171	2472	2564	5.1	27.3
XP_023806459.1/1-31325	olaTTN/1-29492	25.926	81	58	1	25022	25100	688	768	5.2	27.3
XP_023806459.1/1-31325	olaTTN/1-29492	25.532	47	35	0	7790	7836	19176	19222	5.2	27.3
XP_023806459.1/1-31325	olaTTN/1-29492	22.222	81	58	2	31243	31322	22869	22945	5.2	27.3
XP_023806459.1/1-31325	olaTTN/1-29492	24.719	89	63	2	24337	24422	115	202	5.2	27.3
XP_023806459.1/1-31325	olaTTN/1-29492	30.189	53	36	1	7186	7238	23973	24024	5.2	27.3
XP_023806459.1/1-31325	olaTTN/1-29492	23.750	80	61	0	2845	2924	25329	25408	5.2	27.3
XP_023806459.1/1-31325	olaTTN/1-29492	29.091	55	39	0	31268	31322	9984	10038	5.2	27.3
XP_023806459.1/1-31325	olaTTN/1-29492	23.958	96	66	3	3056	3146	11956	12049	5.3	27.3
XP_023806459.1/1-31325	olaTTN/1-29492	37.500	40	25	0	1893	1932	17014	17053	5.3	27.3
XP_023806459.1/1-31325	olaTTN/1-29492	23.000	100	73	2	6404	6501	13776	13873	5.4	27.3
XP_023806459.1/1-31325	olaTTN/1-29492	24.812	133	86	5	11403	11531	78	200	5.5	27.3
XP_023806459.1/1-31325	olaTTN/1-29492	25.000	76	55	2	28281	28354	2803	2878	5.5	27.3
XP_023806459.1/1-31325	olaTTN/1-29492	20.238	84	67	0	6418	6501	24247	24330	5.5	27.3
XP_023806459.1/1-31325	olaTTN/1-29492	21.127	71	56	0	19638	19708	2560	2630	5.6	27.3
XP_023806459.1/1-31325	olaTTN/1-29492	18.293	82	67	0	4546	4627	13394	13475	5.6	27.3
XP_023806459.1/1-31325	olaTTN/1-29492	27.500	40	29	0	17073	17112	1947	1986	5.7	27.3
XP_023806459.1/1-31325	olaTTN/1-29492	23.288	73	53	2	3355	3425	13400	13471	5.7	27.3
XP_023806459.1/1-31325	olaTTN/1-29492	22.485	169	100	6	20624	20778	2209	2360	5.8	27.3
XP_023806459.1/1-31325	olaTTN/1-29492	27.397	73	47	2	3081	3153	13800	13866	5.8	27.3
XP_023806459.1/1-31325	olaTTN/1-29492	27.848	79	51	3	6371	6447	21298	21372	5.8	27.3
XP_023806459.1/1-31325	olaTTN/1-29492	25.714	70	44	1	4471	4540	26443	26504	5.8	27.3
XP_023806459.1/1-31325	olaTTN/1-29492	23.457	81	58	2	31243	31322	11677	11754	5.8	27.3
XP_023806459.1/1-31325	olaTTN/1-29492	30.137	73	48	2	1446	1516	23159	23230	5.8	27.3
XP_023806459.1/1-31325	olaTTN/1-29492	23.656	93	63	2	14251	14341	4672	4758	5.8	27.3
XP_023806459.1/1-31325	olaTTN/1-29492	27.027	74	51	2	2491	2561	14487	14560	5.8	27.3
XP_023806459.1/1-31325	olaTTN/1-29492	25.773	97	65	2	702	795	21739	21831	5.9	27.3
XP_023806459.1/1-31325	olaTTN/1-29492	24.339	189	97	12	2774	2939	22890	23055	5.9	27.3
XP_023806459.1/1-31325	olaTTN/1-29492	27.966	118	76	4	14203	14318	1086	1196	5.9	27.3
XP_023806459.1/1-31325	olaTTN/1-29492	36.111	36	23	0	16096	16131	5947	5982	5.9	27.3
XP_023806459.1/1-31325	olaTTN/1-29492	19.820	111	67	1	2265	2375	24222	24310	5.9	27.3
XP_023806459.1/1-31325	olaTTN/1-29492	20.567	141	108	4	36	176	7795	7931	6.0	27.3
XP_023806459.1/1-31325	olaTTN/1-29492	26.027	73	52	1	16065	16135	692	764	6.0	27.3
XP_023806459.1/1-31325	olaTTN/1-29492	29.825	57	38	2	31040	31094	7784	7840	6.0	27.3
XP_023806459.1/1-31325	olaTTN/1-29492	25.424	59	44	0	1982	2040	23577	23635	6.0	27.3
XP_023806459.1/1-31325	olaTTN/1-29492	20.130	154	122	1	4566	4719	21273	21425	6.1	27.3
XP_023806459.1/1-31325	olaTTN/1-29492	23.967	121	81	4	13169	13288	5561	5671	6.1	27.3
XP_023806459.1/1-31325	olaTTN/1-29492	30.612	49	34	0	22484	22532	2559	2607	6.2	27.3
XP_023806459.1/1-31325	olaTTN/1-29492	23.636	165	102	8	6084	6224	12317	12481	6.3	26.9
XP_023806459.1/1-31325	olaTTN/1-29492	23.729	59	45	0	7790	7848	10969	11027	6.4	26.9
XP_023806459.1/1-31325	olaTTN/1-29492	30.435	46	32	0	19636	19681	2647	2692	6.4	26.9
XP_023806459.1/1-31325	olaTTN/1-29492	25.581	86	60	2	4543	4626	20944	21027	6.4	26.9
XP_023806459.1/1-31325	olaTTN/1-29492	25.424	59	44	0	18556	18614	2560	2618	6.5	26.9
XP_023806459.1/1-31325	olaTTN/1-29492	23.485	132	96	3	2595	2722	17700	17830	6.5	26.9
XP_023806459.1/1-31325	olaTTN/1-29492	26.087	161	87	8	22788	22919	5815	5972	6.5	26.9
XP_023806459.1/1-31325	olaTTN/1-29492	22.857	70	53	1	1458	1526	25342	25411	6.5	26.9
XP_023806459.1/1-31325	olaTTN/1-29492	27.586	87	62	1	18136	18221	1647	1733	6.7	26.9
XP_023806459.1/1-31325	olaTTN/1-29492	29.213	89	54	4	2846	2932	17390	17471	6.7	26.9
XP_023806459.1/1-31325	olaTTN/1-29492	27.907	43	31	0	12864	12906	29398	29440	6.7	26.9
XP_023806459.1/1-31325	olaTTN/1-29492	30.000	80	52	2	3235	3313	22869	22945	6.8	26.9
XP_023806459.1/1-31325	olaTTN/1-29492	24.000	75	56	1	1691	1765	23167	23240	6.8	26.9
XP_023806459.1/1-31325	olaTTN/1-29492	17.778	180	108	5	4397	4537	11192	11370	6.9	26.9
XP_023806459.1/1-31325	olaTTN/1-29492	21.827	197	122	7	6134	6299	19033	19228	6.9	26.9
XP_023806459.1/1-31325	olaTTN/1-29492	22.000	100	47	2	30654	30722	11248	11347	6.9	26.9
XP_023806459.1/1-31325	olaTTN/1-29492	21.643	499	304	20	7192	7652	17014	17463	7.0	26.9
XP_023806459.1/1-31325	olaTTN/1-29492	28.235	85	55	4	31232	31312	18060	18142	7.1	26.9
XP_023806459.1/1-31325	olaTTN/1-29492	23.750	80	60	1	18533	18612	29177	29255	7.1	26.9
XP_023806459.1/1-31325	olaTTN/1-29492	36.000	25	16	0	22770	22794	3512	3536	7.1	26.9
XP_023806459.1/1-31325	olaTTN/1-29492	25.197	127	87	4	1120	1240	25684	25808	7.1	26.9
XP_023806459.1/1-31325	olaTTN/1-29492	23.567	157	96	6	31111	31262	4178	4315	7.2	26.9
XP_023806459.1/1-31325	olaTTN/1-29492	25.714	35	26	0	20699	20733	1415	1449	7.3	26.9
XP_023806459.1/1-31325	olaTTN/1-29492	27.083	48	35	0	19242	19289	2560	2607	7.3	26.9
XP_023806459.1/1-31325	olaTTN/1-29492	25.882	85	56	2	6419	6496	12691	12775	7.3	26.9
XP_023806459.1/1-31325	olaTTN/1-29492	26.923	78	49	2	908	978	16984	17060	7.3	26.9
XP_023806459.1/1-31325	olaTTN/1-29492	25.882	85	60	2	15658	15740	1406	1489	7.4	26.9
XP_023806459.1/1-31325	olaTTN/1-29492	25.806	93	60	3	13929	14021	1404	1487	7.5	26.9
XP_023806459.1/1-31325	olaTTN/1-29492	28.333	120	69	7	13898	14013	2873	2979	7.5	26.9
XP_023806459.1/1-31325	olaTTN/1-29492	25.397	63	47	0	1982	2044	14106	14168	7.5	26.9
XP_023806459.1/1-31325	olaTTN/1-29492	28.378	74	33	3	727	791	16998	17060	7.5	26.9
XP_023806459.1/1-31325	olaTTN/1-29492	24.176	91	60	2	12747	12828	1424	1514	7.5	26.9
XP_023806459.1/1-31325	olaTTN/1-29492	20.611	131	92	6	24979	25104	2869	2992	7.5	26.9
XP_023806459.1/1-31325	olaTTN/1-29492	26.020	196	103	12	11684	11844	2198	2386	7.6	26.9
XP_023806459.1/1-31325	olaTTN/1-29492	26.250	80	56	2	24625	24703	1410	1487	7.7	26.9
XP_023806459.1/1-31325	olaTTN/1-29492	28.205	78	51	2	18943	19018	3096	3170	7.7	26.9
XP_023806459.1/1-31325	olaTTN/1-29492	24.324	74	49	3	13525	13597	1039	1106	7.8	26.9
XP_023806459.1/1-31325	olaTTN/1-29492	20.130	462	271	18	4396	4799	22089	22510	7.8	26.9
XP_023806459.1/1-31325	olaTTN/1-29492	25.926	81	55	2	22176	22251	1648	1728	7.9	26.9
XP_023806459.1/1-31325	olaTTN/1-29492	22.857	70	52	1	31240	31309	7868	7935	7.9	26.9
XP_023806459.1/1-31325	olaTTN/1-29492	20.370	54	41	1	25726	25777	31	84	8.0	26.9
XP_023806459.1/1-31325	olaTTN/1-29492	27.083	48	35	0	2972	3019	26442	26489	8.0	26.9
XP_023806459.1/1-31325	olaTTN/1-29492	25.758	66	49	0	27172	27237	1386	1451	8.1	26.9
XP_023806459.1/1-31325	olaTTN/1-29492	24.444	90	63	3	30662	30750	1751	1836	8.1	26.9
XP_023806459.1/1-31325	olaTTN/1-29492	27.907	43	31	0	2420	2462	15529	15571	8.2	26.6
XP_023806459.1/1-31325	olaTTN/1-29492	23.711	97	69	2	29935	30031	2268	2359	8.4	26.6
XP_023806459.1/1-31325	olaTTN/1-29492	27.692	65	43	1	11457	11521	5924	5984	8.4	26.6
XP_023806459.1/1-31325	olaTTN/1-29492	25.000	68	50	1	7375	7441	9971	10038	8.4	26.6
XP_023806459.1/1-31325	olaTTN/1-29492	28.889	45	32	0	2595	2639	20967	21011	8.4	26.6
XP_023806459.1/1-31325	olaTTN/1-29492	21.569	102	69	2	1054	1149	11964	12060	8.5	26.6
XP_023806459.1/1-31325	olaTTN/1-29492	25.714	70	50	1	3235	3304	26819	26886	8.6	26.6
XP_023806459.1/1-31325	olaTTN/1-29492	23.529	68	51	1	14989	15055	2294	2361	8.7	26.6
XP_023806459.1/1-31325	olaTTN/1-29492	21.176	170	117	5	24942	25105	4589	4747	8.7	26.6
XP_023806459.1/1-31325	olaTTN/1-29492	22.353	85	52	2	3235	3313	26129	26205	8.7	26.6
XP_023806459.1/1-31325	olaTTN/1-29492	26.415	106	65	3	7759	7853	11651	11754	8.8	26.6
XP_023806459.1/1-31325	olaTTN/1-29492	28.571	70	37	3	2814	2870	15136	15205	8.9	26.6
XP_023806459.1/1-31325	olaTTN/1-29492	28.378	74	47	3	16353	16423	1410	1480	9.0	26.6
XP_023806459.1/1-31325	olaTTN/1-29492	23.944	71	50	2	13222	13289	1030	1099	9.1	26.6
XP_023806459.1/1-31325	olaTTN/1-29492	21.930	114	82	2	4425	4533	15878	15989	9.1	26.6
XP_023806459.1/1-31325	olaTTN/1-29492	27.419	62	45	0	18556	18617	4780	4841	9.3	26.6
XP_023806459.1/1-31325	olaTTN/1-29492	30.189	53	34	2	14697	14746	6220	6272	9.3	26.6
XP_023806459.1/1-31325	olaTTN/1-29492	28.723	94	57	4	3053	3144	15164	15249	9.3	26.6
XP_023806459.1/1-31325	olaTTN/1-29492	26.667	105	58	5	19991	20089	1637	1728	9.3	26.6
XP_023806459.1/1-31325	olaTTN/1-29492	32.877	73	45	3	12692	12764	1087	1155	9.4	26.6
XP_023806459.1/1-31325	olaTTN/1-29492	21.739	92	67	2	23926	24015	678	766	9.5	26.6
XP_023806459.1/1-31325	olaTTN/1-29492	20.690	87	68	1	12431	12516	3392	3478	9.5	26.6
XP_023806459.1/1-31325	olaTTN/1-29492	26.415	106	70	2	13935	14040	4756	4853	9.5	26.6
XP_023806459.1/1-31325	olaTTN/1-29492	26.154	65	48	0	19239	19303	4777	4841	9.6	26.6
XP_023806459.1/1-31325	olaTTN/1-29492	22.337	291	182	10	25921	26189	5135	5403	9.6	26.6
XP_023806459.1/1-31325	olaTTN/1-29492	24.138	58	43	1	18546	18602	3521	3578	9.7	26.6
XP_023806459.1/1-31325	olaTTN/1-29492	24.107	112	82	2	1290	1399	14758	14868	9.7	26.6
XP_023806459.1/1-31325	olaTTN/1-29492	17.647	68	56	0	2046	2113	20255	20322	9.7	26.6
XP_023806459.1/1-31325	olaTTN/1-29492	23.171	82	61	2	20694	20774	3398	3478	9.7	26.6
XP_023806459.1/1-31325	olaTTN/1-29492	25.000	64	47	1	27218	27280	2297	2360	9.8	26.6
XP_023806459.1/1-31325	olaTTN/1-29492	23.762	101	73	3	889	988	15489	15586	9.8	26.6
XP_023806459.1/1-31325	olaTTN/1-29492	26.316	95	53	5	2773	2851	9979	10072	9.9	26.6
XP_023806459.1/1-31325	olaTTN/1-29492	30.612	49	34	0	16079	16127	2644	2692	10.0	26.6
XP_023806459.1/1-31325	olaTTN/1-29492	22.472	89	66	1	28281	28366	3502	3590	10.0	26.6
XP_023806459.1/1-31325	olaTTN/1-29492	22.449	49	38	0	2971	3019	13412	13460	10.0	26.6
XP_023806459.1/1-31325	olaTTN/1-29492	20.370	54	41	1	31052	31105	24268	24319	10.0	26.6
