olaTTNIg1_196	olaTTNIg1_196	100	96	0	0	1	96	1	96	5.92e-66	185
olaTTNIg1_196	olaTTNIg5_198	32.609	92	61	1	2	93	2	92	2.39e-20	70.1
olaTTNIg1_196	olaTTNIg32_194	32.609	92	61	1	2	93	2	92	4.14e-18	64.3
olaTTNIg1_196	olaTTNIg3_195	35.484	93	58	1	1	93	1	91	7.71e-18	63.5
olaTTNIg1_196	olaTTNIg7_195	26.316	95	70	0	2	96	1	95	3.19e-16	59.3
olaTTNIg1_196	olaTTNIg25_194	29.787	94	65	1	2	95	2	94	1.74e-14	55.1
olaTTNIg1_196	olaTTNIg22_193	33.684	95	60	2	2	96	2	93	2.92e-14	54.3
olaTTNIg1_196	olaTTNIg34_193	32.258	93	61	1	1	93	1	91	8.43e-14	53.1
olaTTNIg1_196	olaTTNIg108_193	31.579	95	61	3	2	95	1	92	2.11e-13	52.4
olaTTNIg1_196	olaTTNIg30_194	34.409	93	58	2	2	93	2	92	1.03e-12	50.4
olaTTNIg1_196	olaTTNIg9_193	31.325	83	54	2	9	91	8	87	1.04e-12	50.4
olaTTNIg1_196	olaTTNIg21_195	31.522	92	61	1	2	93	2	91	1.28e-12	50.4
olaTTNIg1_196	olaTTNIg2_194	36.458	96	57	2	2	96	2	94	2.17e-12	49.7
olaTTNIg1_196	olaTTNIg23_194	32.632	95	62	1	2	96	1	93	6.53e-12	48.5
olaTTNIg1_196	olaTTNIg6_195	29.474	95	66	1	2	96	1	94	1.23e-11	47.8
olaTTNIg1_196	olaTTNIg40_194	30.488	82	55	1	2	83	1	80	1.37e-11	47.8
olaTTNIg1_196	olaTTNIg10_194	33.673	98	58	2	1	95	1	94	2.09e-11	47
olaTTNIg1_196	olaTTNIg112_198	29.412	85	57	2	12	95	15	97	3.23e-11	46.6
olaTTNIg1_196	olaTTNIg115_194	29.167	96	66	1	1	96	1	94	6.45e-11	45.8
olaTTNIg1_196	olaTTNIg41_196	30.108	93	64	1	4	96	4	95	7.16e-11	45.8
olaTTNIg1_196	olaTTNIg110_194	28.261	92	66	0	2	93	1	92	8.43e-11	45.4
olaTTNIg1_196	olaTTNIg4_195	30.435	92	64	0	1	92	1	92	1.36e-10	45.1
olaTTNIg1_196	olaTTNIg29_192	27.174	92	65	1	2	93	1	90	1.87e-10	44.7
olaTTNIg1_196	olaTTNIg117_196	26.316	95	68	1	1	95	1	93	2.92e-10	44.3
olaTTNIg1_196	olaTTNIg43_297	32.609	92	58	3	4	94	5	93	3.18e-10	44.3
olaTTNIg1_196	olaTTNIg77_197	32.911	79	49	2	16	94	19	93	8.22e-10	43.1
olaTTNIg1_196	olaTTNIg116_195	28.75	80	54	2	5	84	6	82	9.18e-10	42.7
olaTTNIg1_196	olaTTNIg44_197	32.632	95	55	5	4	93	6	96	1.43e-09	42.4
olaTTNIg1_196	olaTTNIg33_195	26.582	79	54	2	16	93	16	91	2.05e-09	42
olaTTNIg1_196	olaTTNIg114_192	31.183	93	59	3	2	93	1	89	3.23e-09	41.6
olaTTNIg1_196	olaTTNIg36_194	30.588	85	56	2	1	84	1	83	4.10e-09	41.2
olaTTNIg1_196	olaTTNIg8_195	31.959	97	62	2	2	96	1	95	4.41e-09	41.2
olaTTNIg1_196	olaTTNIg39_194	26.596	94	66	2	2	94	2	93	4.47e-09	41.2
olaTTNIg1_196	olaTTNIg69_194	33.721	86	51	2	9	92	11	92	6.02e-09	40.8
olaTTNIg1_196	olaTTNIg63_197	32.143	84	55	1	8	91	11	92	8.58e-09	40.4
olaTTNIg1_196	olaTTNIg35_193	27.723	101	53	2	2	93	2	91	9.06e-09	40.4
olaTTNIg1_196	olaTTNIg101_195	26.923	78	52	2	16	93	18	90	9.81e-09	40
olaTTNIg1_196	olaTTNIg71_194	28.049	82	55	1	12	93	14	91	9.94e-09	40
olaTTNIg1_196	olaTTNIg73_197	30.137	73	49	2	16	88	19	89	1.03e-08	40
olaTTNIg1_196	olaTTNnewIg_1104	30.588	85	52	3	16	93	18	102	1.19e-08	40
olaTTNIg1_196	olaTTNIg74_196	23.596	89	67	1	2	89	1	89	1.63e-08	39.7
olaTTNIg1_196	olaTTNIg99_197	26.087	69	49	1	16	84	18	84	2.03e-08	39.3
olaTTNIg1_196	olaTTNIg24_194	26.087	92	66	1	2	93	1	90	2.09e-08	39.3
olaTTNIg1_196	olaTTNIg70_195	29.333	75	46	3	11	83	13	82	2.58e-08	39.3
olaTTNIg1_196	olaTTNIg64_193	25.287	87	63	1	2	88	1	85	4.02e-08	38.5
olaTTNIg1_196	olaTTNIg55_190	47.222	36	18	1	4	39	6	40	4.66e-08	38.5
olaTTNIg1_196	olaTTNIg76_192	29.032	93	61	3	2	93	1	89	4.73e-08	38.5
olaTTNIg1_196	olaTTNIg98_196	27.632	76	53	2	16	91	18	91	4.86e-08	38.5
olaTTNIg1_196	olaTTNIg113_197	29.897	97	59	3	2	93	2	94	5.11e-08	38.5
olaTTNIg1_196	olaTTNIg91_193	21.782	101	59	2	2	93	1	90	6.01e-08	38.1
olaTTNIg1_196	olaTTNIg26_192	25.263	95	62	3	2	93	1	89	7.62e-08	37.7
olaTTNIg1_196	olaTTNIg66_196	28.767	73	47	2	16	87	19	87	1.39e-07	37.4
olaTTNIg1_196	olaTTNIg72_197	26.582	79	56	1	8	86	11	87	2.00e-07	37
olaTTNIg1_196	olaTTNIg52_188	26.087	92	57	5	4	93	4	86	2.46e-07	36.6
olaTTNIg1_196	olaTTNIg20_187	28.889	90	57	3	4	93	4	86	2.83e-07	36.2
olaTTNIg1_196	olaTTNIg54_189	33.929	56	33	2	4	59	5	56	3.13e-07	36.2
olaTTNIg1_196	olaTTNIg90_195	26.471	68	46	1	16	83	19	82	4.22e-07	35.8
olaTTNIg1_196	olaTTNIg27_192	29.885	87	56	2	11	94	7	91	4.28e-07	35.8
olaTTNIg1_196	olaTTNIg83_195	24.051	79	57	2	8	85	8	84	4.50e-07	35.8
olaTTNIg1_196	olaTTNIg89_196	21.739	92	67	2	2	93	7	93	4.72e-07	35.8
olaTTNIg1_196	olaTTNIg88_193	27.536	69	48	1	25	93	24	90	6.10e-07	35.4
olaTTNIg1_196	olaTTNIg28_194	28.125	96	60	2	2	93	2	92	6.61e-07	35.4
olaTTNIg1_196	olaTTNIg95_197	24.359	78	57	1	9	86	12	87	7.46e-07	35.4
olaTTNIg1_196	olaTTNIg84_195	27.273	88	57	3	8	93	10	92	8.20e-07	35
olaTTNIg1_196	olaTTNIg102_195	21.25	80	59	1	9	88	12	87	1.92e-06	34.3
olaTTNIg1_196	olaTTNIg38_193	25.806	93	67	1	2	94	2	92	2.42e-06	33.9
olaTTNIg1_196	olaTTNIg94_193	28.205	78	54	1	16	93	15	90	3.69e-06	33.5
olaTTNIg1_196	olaTTNIg14_188	28.205	39	28	0	7	45	7	45	5.58e-06	32.7
olaTTNIg1_196	olaTTNIg82_196	28	75	52	1	9	83	11	83	5.74e-06	33.1
olaTTNIg1_196	olaTTNIg81_193	20	85	63	1	9	93	11	90	6.10e-06	32.7
olaTTNIg1_196	olaTTNIg86_197	22.619	84	60	3	2	85	8	86	8.56e-06	32.3
olaTTNIg1_196	olaTTNIg79_197	26.506	83	58	2	7	88	9	89	1.52e-05	32
olaTTNIg1_196	olaTTNIg107_194	23.171	82	59	1	12	93	14	91	1.60e-05	31.6
olaTTNIg1_196	olaTTNIg105_194	24.719	89	60	3	6	93	7	89	1.65e-05	31.6
olaTTNIg1_196	olaTTNIg87_194	23.377	77	54	2	8	83	9	81	1.69e-05	31.6
olaTTNIg1_196	olaTTNIg75_195	27.273	77	53	2	9	85	11	84	1.76e-05	31.6
olaTTNIg1_196	olaTTNIg78_196	22.727	88	53	3	8	88	9	88	1.77e-05	31.6
olaTTNIg1_196	olaTTNIg97_197	23.256	86	61	2	1	83	1	84	1.87e-05	31.6
olaTTNIg1_196	olaTTNIg37_193	20	90	70	1	2	91	2	89	3.20e-05	30.8
olaTTNIg1_196	olaTTNIg48_188	28.571	56	36	2	3	58	3	54	3.45e-05	30.8
olaTTNIg1_196	olaTTNIg85_194	23.158	95	67	2	1	93	1	91	3.95e-05	30.8
olaTTNIg1_196	olaTTNIg100_195	18.31	71	56	1	16	86	18	86	4.18e-05	30.8
olaTTNIg1_196	olaTTNIg67_1104	19.512	82	61	1	9	85	12	93	4.57e-05	30.8
olaTTNIg1_196	olaTTNIg103_196	23.077	78	58	1	9	86	11	86	5.21e-05	30.4
olaTTNIg1_196	olaTTNIg42_192	29.885	87	44	5	15	95	17	92	5.65e-05	30.4
olaTTNIg1_196	olaTTNIg16_189	32.432	37	24	1	4	40	5	40	5.91e-05	30
olaTTNIg1_196	olaTTNIg11_191	35	40	24	2	1	39	1	39	7.08e-05	30
olaTTNIg1_196	olaTTNIg93_194	27.5	80	53	2	8	86	9	84	7.21e-05	30
olaTTNIg1_196	olaTTNIg53_190	25.301	83	59	2	3	85	5	84	8.86e-05	29.6
olaTTNIg1_196	olaTTNIg96_194	25	88	59	2	2	86	1	84	1.18e-04	29.3
olaTTNIg1_196	olaTTNIg109_193	23.288	73	53	2	16	87	14	84	1.26e-04	29.3
olaTTNIg1_196	olaTTNIg92_196	30	30	21	0	11	40	13	42	1.35e-04	29.3
olaTTNIg1_196	olaTTNIg47_188	26.667	90	59	4	4	93	5	87	1.78e-04	28.9
olaTTNIg1_196	olaTTNIg56_189	26.506	83	56	3	1	82	1	79	1.81e-04	28.9
olaTTNIg1_196	olaTTNIg111_1101	24.731	93	67	2	2	93	8	98	2.17e-04	28.9
olaTTNIg1_196	olaTTNIg31_193	23.864	88	65	1	2	89	2	87	2.38e-04	28.5
olaTTNIg1_196	olaTTNIg19_391	37.143	35	21	1	5	39	5	38	3.61e-04	28.1
olaTTNIg1_196	olaTTNIg104_198	23.529	85	61	2	9	93	13	93	8.79e-04	26.9
olaTTNIg1_196	olaTTNIg80_196	24.638	69	50	1	25	93	27	93	0.001	26.9
olaTTNIg1_196	olaTTNIg106_196	20	90	70	1	7	96	9	96	0.001	26.9
olaTTNIg1_196	olaTTNIg68_199	21.176	85	60	2	15	93	13	96	0.003	25.8
olaTTNIg1_196	olaTTNIg45_192	20.652	92	66	3	7	93	1	90	0.024	23.1
olaTTNIg1_196	olaTTNIg60_187	23.656	93	63	5	2	93	1	86	0.058	21.9
olaTTNIg1_196	olaTTNIg46_189	25.455	55	37	3	6	60	7	57	0.18	20.8
olaTTNIg1_196	olaTTNIg62_195	29.412	17	12	0	20	36	21	37	1	18.5
olaTTNIg2_194	olaTTNIg2_194	100	94	0	0	1	94	1	94	4.28e-67	187
olaTTNIg2_194	olaTTNIg21_195	38.043	92	57	0	1	92	1	92	7.91e-23	76.3
olaTTNIg2_194	olaTTNIg3_195	37.363	91	57	0	2	92	2	92	1.64e-21	72.8
olaTTNIg2_194	olaTTNIg114_192	35.87	92	56	2	2	92	1	90	3.47e-18	64.3
olaTTNIg2_194	olaTTNIg110_194	36.559	93	57	1	2	92	1	93	1.25e-17	63.2
olaTTNIg2_194	olaTTNIg115_194	35.484	93	60	0	2	94	2	94	1.62e-17	62.8
olaTTNIg2_194	olaTTNIg24_194	34.066	91	60	0	2	92	1	91	1.95e-17	62.4
olaTTNIg2_194	olaTTNIg36_194	33.696	92	60	1	2	92	2	93	4.26e-14	53.9
olaTTNIg2_194	olaTTNIg113_197	32.979	94	60	1	1	91	1	94	6.38e-14	53.5
olaTTNIg2_194	olaTTNIg6_195	25.532	94	69	1	2	94	1	94	7.65e-14	53.1
olaTTNIg2_194	olaTTNIg76_192	27.381	84	61	0	9	92	7	90	8.68e-14	53.1
olaTTNIg2_194	olaTTNIg10_194	30.851	94	62	2	2	93	2	94	1.37e-13	52.8
olaTTNIg2_194	olaTTNIg117_196	32.222	90	61	0	2	91	2	91	1.61e-13	52.4
olaTTNIg2_194	olaTTNIg35_193	31.522	92	63	0	1	92	1	92	2.89e-13	52
olaTTNIg2_194	olaTTNIg23_194	30.108	93	65	0	2	94	1	93	3.70e-13	51.6
olaTTNIg2_194	olaTTNIg1_196	36.458	96	57	2	2	94	2	96	2.13e-12	49.7
olaTTNIg2_194	olaTTNIg22_193	31.915	94	63	1	1	94	1	93	1.06e-11	47.8
olaTTNIg2_194	olaTTNIg25_194	31.522	92	62	1	1	91	1	92	1.33e-11	47.4
olaTTNIg2_194	olaTTNIg33_195	29.032	93	62	2	1	91	1	91	1.82e-11	47.4
olaTTNIg2_194	olaTTNIg108_193	26.087	92	68	0	2	93	1	92	1.88e-11	47
olaTTNIg2_194	olaTTNIg9_193	35	80	51	1	13	92	12	90	1.94e-11	47
olaTTNIg2_194	olaTTNIg39_194	28.261	92	65	1	1	91	1	92	5.05e-11	46.2
olaTTNIg2_194	olaTTNIg38_193	28.571	91	65	0	1	91	1	91	5.45e-11	45.8
olaTTNIg2_194	olaTTNIg30_194	29.032	93	65	1	1	92	1	93	7.67e-11	45.4
olaTTNIg2_194	olaTTNIg32_194	27.957	93	66	1	1	92	1	93	9.02e-11	45.4
olaTTNIg2_194	olaTTNIg74_196	31.325	83	53	2	12	92	12	92	9.80e-11	45.4
olaTTNIg2_194	olaTTNIg29_192	28.571	91	65	0	2	92	1	91	1.06e-10	45.1
olaTTNIg2_194	olaTTNIg88_193	26.667	90	66	0	2	91	1	90	1.08e-10	45.1
olaTTNIg2_194	olaTTNIg4_195	27.473	91	64	1	2	90	2	92	2.19e-10	44.3
olaTTNIg2_194	olaTTNIg5_198	23.404	94	69	2	1	92	1	93	3.18e-10	43.9
olaTTNIg2_194	olaTTNIg27_192	28.889	90	64	0	2	91	1	90	4.11e-10	43.5
olaTTNIg2_194	olaTTNIg67_1104	26.966	89	56	2	3	82	4	92	4.14e-10	43.9
olaTTNIg2_194	olaTTNIg44_197	26.804	97	64	3	1	92	3	97	6.31e-10	43.1
olaTTNIg2_194	olaTTNIg94_193	24.444	90	68	0	2	91	1	90	8.05e-10	42.7
olaTTNIg2_194	olaTTNIg54_189	28.947	76	53	1	1	76	2	76	1.58e-09	42
olaTTNIg2_194	olaTTNIg50_192	26.882	93	63	2	1	93	1	88	2.46e-09	41.6
olaTTNIg2_194	olaTTNIg37_193	26.966	89	65	0	1	89	1	89	2.64e-09	41.6
olaTTNIg2_194	olaTTNIg95_197	24.138	87	63	1	1	84	1	87	4.09e-09	41.2
olaTTNIg2_194	olaTTNIg73_197	29.333	75	53	0	12	86	15	89	4.46e-09	41.2
olaTTNIg2_194	olaTTNIg98_196	26.966	89	62	1	1	89	6	91	4.52e-09	41.2
olaTTNIg2_194	olaTTNIg81_193	30.986	71	44	2	13	82	15	81	4.65e-09	40.8
olaTTNIg2_194	olaTTNIg7_195	27.368	95	67	1	2	94	1	95	9.16e-09	40
olaTTNIg2_194	olaTTNIg77_197	30	80	54	1	13	92	16	93	1.25e-08	40
olaTTNIg2_194	olaTTNIg116_195	26.19	84	58	2	1	82	1	82	1.56e-08	39.7
olaTTNIg2_194	olaTTNIg68_199	26.744	86	56	1	15	93	13	98	4.59e-08	38.5
olaTTNIg2_194	olaTTNIg71_194	24.051	79	58	1	16	94	18	94	6.23e-08	38.1
olaTTNIg2_194	olaTTNIg64_193	22.826	92	71	0	2	93	1	92	9.57e-08	37.4
olaTTNIg2_194	olaTTNIg61_188	30	50	35	0	33	82	33	82	9.94e-08	37.4
olaTTNIg2_194	olaTTNIg66_196	30.667	75	47	2	13	85	16	87	1.06e-07	37.4
olaTTNIg2_194	olaTTNIg83_195	24.638	69	52	0	13	81	14	82	1.08e-07	37.4
olaTTNIg2_194	olaTTNIg89_196	19.277	83	67	0	9	91	11	93	1.13e-07	37.4
olaTTNIg2_194	olaTTNIg59_189	24.719	89	62	2	3	91	3	86	1.17e-07	37.4
olaTTNIg2_194	olaTTNIg107_194	30.488	82	55	1	12	93	14	93	1.26e-07	37.4
olaTTNIg2_194	olaTTNIg63_197	27.174	92	64	1	1	89	1	92	1.29e-07	37.4
olaTTNIg2_194	olaTTNIg43_297	26.374	91	65	2	4	93	5	94	2.05e-07	36.6
olaTTNIg2_194	olaTTNIg105_194	23.81	84	60	2	9	92	11	90	3.09e-07	36.2
olaTTNIg2_194	olaTTNIg87_194	29.577	71	46	2	12	81	14	81	3.26e-07	36.2
olaTTNIg2_194	olaTTNIg40_194	26.374	91	67	0	2	92	1	91	3.62e-07	36.2
olaTTNIg2_194	olaTTNIg60_187	24.324	74	55	1	1	74	1	73	3.80e-07	35.8
olaTTNIg2_194	olaTTNIg101_195	28.723	94	55	4	2	92	7	91	5.61e-07	35.4
olaTTNIg2_194	olaTTNIg97_197	32.394	71	44	2	13	81	16	84	7.08e-07	35.4
olaTTNIg2_194	olaTTNIg41_196	23.596	89	67	1	4	91	4	92	7.90e-07	35
olaTTNIg2_194	olaTTNIg13_189	25	92	66	2	1	92	1	89	1.02e-06	34.7
olaTTNIg2_194	olaTTNIg14_188	25.843	89	62	1	4	92	4	88	2.22e-06	33.9
olaTTNIg2_194	olaTTNIg26_192	26.374	91	64	2	2	91	1	89	2.36e-06	33.9
olaTTNIg2_194	olaTTNIg82_196	24.286	70	53	0	14	83	16	85	2.46e-06	33.9
olaTTNIg2_194	olaTTNIg93_194	31.707	82	50	3	12	92	14	90	2.71e-06	33.9
olaTTNIg2_194	olaTTNIg69_194	31.25	80	51	2	13	90	15	92	3.27e-06	33.5
olaTTNIg2_194	olaTTNIg28_194	25	92	68	1	1	91	1	92	4.82e-06	33.1
olaTTNIg2_194	olaTTNIg103_196	27.059	85	62	0	9	93	11	95	5.29e-06	33.1
olaTTNIg2_194	olaTTNIg17_290	25.882	85	59	1	8	92	9	89	6.73e-06	32.7
olaTTNIg2_194	olaTTNIg96_194	27.586	87	58	2	2	85	1	85	8.40e-06	32.3
olaTTNIg2_194	olaTTNIg48_188	33.333	57	37	1	3	59	3	58	1.12e-05	32
olaTTNIg2_194	olaTTNIg75_195	27.848	79	44	3	9	81	11	82	1.55e-05	31.6
olaTTNIg2_194	olaTTNIg57_188	25	88	61	2	4	91	4	86	1.95e-05	31.2
olaTTNIg2_194	olaTTNIg19_391	30.769	52	34	1	35	86	34	83	2.04e-05	31.2
olaTTNIg2_194	olaTTNIg86_197	23.288	73	56	0	9	81	12	84	2.43e-05	31.2
olaTTNIg2_194	olaTTNIg106_196	20.253	79	63	0	13	91	15	93	3.21e-05	30.8
olaTTNIg2_194	olaTTNIg79_197	26.506	83	58	2	14	94	16	97	3.36e-05	30.8
olaTTNIg2_194	olaTTNIg90_195	25	80	53	3	12	90	15	88	4.03e-05	30.8
olaTTNIg2_194	olaTTNIg99_197	24.638	69	52	0	13	81	15	83	4.98e-05	30.4
olaTTNIg2_194	olaTTNIg92_196	27.143	70	51	0	12	81	14	83	7.59e-05	30
olaTTNIg2_194	olaTTNIg102_195	27.027	74	50	2	9	81	12	82	1.15e-04	29.3
olaTTNIg2_194	olaTTNIg85_194	20.238	84	67	0	8	91	8	91	1.32e-04	29.3
olaTTNIg2_194	olaTTNIg47_188	21.127	71	55	1	4	74	5	74	5.31e-04	27.7
olaTTNIg2_194	olaTTNIg34_193	24.176	91	69	0	2	92	2	92	5.47e-04	27.7
olaTTNIg2_194	olaTTNIg15_187	23.656	93	62	4	1	91	1	86	5.51e-04	27.3
olaTTNIg2_194	olaTTNIg80_196	25.974	77	56	1	6	81	7	83	7.45e-04	27.3
olaTTNIg2_194	olaTTNIg8_195	22.727	88	55	2	2	87	1	77	0.002	26.6
olaTTNIg2_194	olaTTNIg112_198	20.455	88	69	1	7	93	10	97	0.006	25
olaTTNIg2_194	olaTTNIg62_195	27.473	91	59	3	8	91	3	93	0.008	24.6
olaTTNIg2_194	olaTTNIg46_189	22.222	45	35	0	30	74	30	74	0.008	24.3
olaTTNIg2_194	olaTTNnewIg_1104	27.16	81	45	5	14	88	16	88	0.01	24.3
olaTTNIg2_194	olaTTNIg49_187	22.857	70	50	2	4	72	4	70	0.013	23.9
olaTTNIg2_194	olaTTNIg56_189	25.714	70	51	1	4	73	4	72	0.024	23.1
olaTTNIg2_194	olaTTNIg109_193	23.188	69	50	2	16	82	14	81	0.027	23.1
olaTTNIg2_194	olaTTNIg12_189	23.288	73	55	1	1	73	2	73	0.5	19.2
olaTTNIg2_194	olaTTNIg45_192	29.412	17	12	0	57	73	57	73	4.9	16.5
olaTTNIg3_195	olaTTNIg3_195	100	95	0	0	1	95	1	95	1.99e-71	199
olaTTNIg3_195	olaTTNIg2_194	37.363	91	57	0	2	92	2	92	1.66e-21	72.8
olaTTNIg3_195	olaTTNIg1_196	35.484	93	58	1	1	91	1	93	7.63e-18	63.5
olaTTNIg3_195	olaTTNIg10_194	34.043	94	59	2	1	92	1	93	1.73e-16	60.1
olaTTNIg3_195	olaTTNIg110_194	35.106	94	59	2	2	93	1	94	7.10e-16	58.5
olaTTNIg3_195	olaTTNIg40_194	31.818	88	60	0	8	95	7	94	2.42e-15	57
olaTTNIg3_195	olaTTNIg5_198	31.915	94	63	1	2	94	2	95	3.67e-15	57
olaTTNIg3_195	olaTTNIg34_193	31.522	92	63	0	1	92	1	92	1.25e-14	55.5
olaTTNIg3_195	olaTTNIg24_194	30.851	94	65	0	2	95	1	94	2.68e-14	54.7
olaTTNIg3_195	olaTTNIg21_195	26.316	95	70	0	1	95	1	95	2.68e-14	54.7
olaTTNIg3_195	olaTTNIg108_193	27.957	93	67	0	2	94	1	93	3.25e-14	54.3
olaTTNIg3_195	olaTTNIg95_197	27.5	80	56	1	13	90	16	95	9.94e-14	53.1
olaTTNIg3_195	olaTTNIg22_193	30.682	88	60	1	2	89	2	88	2.18e-13	52
olaTTNIg3_195	olaTTNIg36_194	34.146	82	53	1	1	81	1	82	2.95e-13	52
olaTTNIg3_195	olaTTNIg4_195	29.348	92	63	1	1	90	1	92	3.05e-13	52
olaTTNIg3_195	olaTTNIg89_196	27.848	79	57	0	13	91	15	93	3.29e-13	51.6
olaTTNIg3_195	olaTTNIg29_192	30.851	94	63	1	2	95	1	92	7.97e-13	50.8
olaTTNIg3_195	olaTTNIg23_194	27.66	94	68	0	2	95	1	94	1.06e-12	50.4
olaTTNIg3_195	olaTTNIg94_193	25	80	60	0	12	91	11	90	2.53e-12	49.3
olaTTNIg3_195	olaTTNIg101_195	32.99	97	55	4	1	95	6	94	2.70e-12	49.3
olaTTNIg3_195	olaTTNIg83_195	31.818	66	45	0	16	81	17	82	1.67e-11	47.4
olaTTNIg3_195	olaTTNIg74_196	30.556	72	48	1	13	82	13	84	1.91e-11	47.4
olaTTNIg3_195	olaTTNIg9_193	26.596	94	68	1	2	95	1	93	2.20e-11	47
olaTTNIg3_195	olaTTNIg7_195	30.851	94	63	1	2	93	1	94	2.32e-11	47
olaTTNIg3_195	olaTTNIg39_194	24.39	82	60	1	14	95	15	94	2.33e-11	47
olaTTNIg3_195	olaTTNIg38_193	25.532	94	68	1	2	95	2	93	3.14e-11	46.6
olaTTNIg3_195	olaTTNIg117_196	27.473	91	66	0	1	91	1	91	4.47e-11	46.2
olaTTNIg3_195	olaTTNIg103_196	29.851	67	47	0	16	82	18	84	4.93e-11	46.2
olaTTNIg3_195	olaTTNIg6_195	27.368	95	68	1	2	95	1	95	5.26e-11	46.2
olaTTNIg3_195	olaTTNIg14_188	29.213	89	59	1	4	92	4	88	1.09e-10	45.1
olaTTNIg3_195	olaTTNIg41_196	26.437	87	63	1	10	95	10	96	1.16e-10	45.1
olaTTNIg3_195	olaTTNIg35_193	25.926	81	60	0	12	92	12	92	1.53e-10	44.7
olaTTNIg3_195	olaTTNIg8_195	33.784	74	47	1	21	92	20	93	1.69e-10	44.7
olaTTNIg3_195	olaTTNIg91_193	29.577	71	50	0	13	83	12	82	1.91e-10	44.7
olaTTNIg3_195	olaTTNIg114_192	29.545	88	59	2	8	94	7	92	4.14e-10	43.5
olaTTNIg3_195	olaTTNIg33_195	31.429	70	48	0	12	81	12	81	6.67e-10	43.1
olaTTNIg3_195	olaTTNIg106_196	20.482	83	66	0	9	91	11	93	7.82e-10	43.1
olaTTNIg3_195	olaTTNIg32_194	26.087	92	67	1	2	92	2	93	1.11e-09	42.7
olaTTNIg3_195	olaTTNIg87_194	30.769	78	50	2	16	93	18	91	1.14e-09	42.7
olaTTNIg3_195	olaTTNIg20_187	24.706	85	59	2	8	92	8	87	1.29e-09	42.4
olaTTNIg3_195	olaTTNIg30_194	28.358	67	48	0	15	81	16	82	1.30e-09	42.4
olaTTNIg3_195	olaTTNIg115_194	25.275	91	68	0	1	91	1	91	2.19e-09	42
olaTTNIg3_195	olaTTNIg113_197	28.889	90	59	2	1	87	1	88	2.67e-09	41.6
olaTTNIg3_195	olaTTNIg73_197	26.087	69	51	0	13	81	16	84	3.13e-09	41.6
olaTTNIg3_195	olaTTNIg76_192	20.779	77	61	0	16	92	14	90	4.05e-09	41.2
olaTTNIg3_195	olaTTNIg64_193	25.926	81	60	0	2	82	1	81	4.31e-09	41.2
olaTTNIg3_195	olaTTNIg99_197	26.027	73	54	0	13	85	15	87	7.18e-09	40.4
olaTTNIg3_195	olaTTNIg88_193	22.222	90	70	0	2	91	1	90	7.50e-09	40.4
olaTTNIg3_195	olaTTNIg70_195	26.374	91	66	1	2	91	2	92	7.87e-09	40.4
olaTTNIg3_195	olaTTNIg54_189	28.571	84	55	2	8	91	9	87	8.44e-09	40
olaTTNIg3_195	olaTTNIg85_194	27.273	66	48	0	16	81	16	81	1.49e-08	39.7
olaTTNIg3_195	olaTTNIg77_197	25.676	74	55	0	9	82	12	85	2.29e-08	39.3
olaTTNIg3_195	olaTTNIg104_198	24.286	70	53	0	13	82	17	86	2.48e-08	39.3
olaTTNIg3_195	olaTTNIg116_195	25.806	93	69	0	3	95	3	95	2.54e-08	39.3
olaTTNIg3_195	olaTTNIg82_196	24.675	77	58	0	16	92	18	94	2.84e-08	38.9
olaTTNIg3_195	olaTTNIg66_196	23.881	67	50	1	16	82	19	84	3.67e-08	38.9
olaTTNIg3_195	olaTTNIg67_1104	22.368	76	52	1	13	81	16	91	6.20e-08	38.1
olaTTNIg3_195	olaTTNIg105_194	26.25	80	55	2	16	95	18	93	6.76e-08	38.1
olaTTNIg3_195	olaTTNIg90_195	26.829	82	46	2	9	84	12	85	1.21e-07	37.4
olaTTNIg3_195	olaTTNIg93_194	31.507	73	44	2	12	82	14	82	1.50e-07	37
olaTTNIg3_195	olaTTNIg71_194	25	76	55	1	16	91	18	91	1.93e-07	37
olaTTNIg3_195	olaTTNIg42_192	26.761	71	51	1	3	72	5	75	2.76e-07	36.2
olaTTNIg3_195	olaTTNIg28_194	26.374	91	66	1	2	91	2	92	3.60e-07	36.2
olaTTNIg3_195	olaTTNIg86_197	23.188	69	53	0	13	81	16	84	3.95e-07	36.2
olaTTNIg3_195	olaTTNIg79_197	26.923	78	56	1	15	91	17	94	4.16e-07	35.8
olaTTNIg3_195	olaTTNIg100_195	22.059	68	53	0	12	79	14	81	4.34e-07	35.8
olaTTNIg3_195	olaTTNIg27_192	25.316	79	59	0	13	91	12	90	5.04e-07	35.8
olaTTNIg3_195	olaTTNIg44_197	23.377	77	58	1	16	92	22	97	5.08e-07	35.8
olaTTNIg3_195	olaTTNIg80_196	26.667	75	54	1	8	81	9	83	5.44e-07	35.8
olaTTNIg3_195	olaTTNIg43_297	24.638	69	51	1	8	76	9	76	8.38e-07	35
olaTTNIg3_195	olaTTNIg81_193	29.07	86	55	3	8	91	9	90	8.69e-07	35
olaTTNIg3_195	olaTTNIg19_391	26.829	82	57	2	4	83	4	84	1.09e-06	34.7
olaTTNIg3_195	olaTTNIg72_197	21.519	79	62	0	13	91	16	94	1.50e-06	34.7
olaTTNIg3_195	olaTTNIg112_198	25	80	59	1	13	91	16	95	1.61e-06	34.3
olaTTNIg3_195	olaTTNIg25_194	24.731	93	67	2	1	91	1	92	1.64e-06	34.3
olaTTNIg3_195	olaTTNIg98_196	21.622	74	58	0	16	89	18	91	1.71e-06	34.3
olaTTNIg3_195	olaTTNIg53_190	25.882	85	58	2	8	92	10	89	2.07e-06	33.9
olaTTNIg3_195	olaTTNIg37_193	21.739	92	70	2	2	92	2	92	3.31e-06	33.5
olaTTNIg3_195	olaTTNIg56_189	24.39	82	61	1	1	82	1	81	3.41e-06	33.5
olaTTNIg3_195	olaTTNIg97_197	22.857	70	54	0	13	82	16	85	3.47e-06	33.5
olaTTNIg3_195	olaTTNIg92_196	25.714	70	52	0	13	82	15	84	3.72e-06	33.5
olaTTNIg3_195	olaTTNIg63_197	21.212	66	52	0	16	81	19	84	6.04e-06	32.7
olaTTNIg3_195	olaTTNIg49_187	23.864	88	61	2	5	92	5	86	7.05e-06	32.7
olaTTNIg3_195	olaTTNIg51_488	19.231	78	62	1	5	82	2	78	1.13e-05	32
olaTTNIg3_195	olaTTNIg107_194	30.38	79	53	2	13	91	15	91	1.18e-05	32
olaTTNIg3_195	olaTTNIg16_189	27.273	66	47	1	8	73	9	73	1.55e-05	31.6
olaTTNIg3_195	olaTTNIg58_193	20.652	92	71	2	4	95	4	93	1.82e-05	31.6
olaTTNIg3_195	olaTTNIg62_195	28.049	82	57	2	5	84	5	86	1.87e-05	31.6
olaTTNIg3_195	olaTTNIg55_190	20.29	69	54	1	8	76	10	77	2.12e-05	31.2
olaTTNIg3_195	olaTTNIg111_1101	23.881	67	50	1	16	81	22	88	2.39e-05	31.2
olaTTNIg3_195	olaTTNIg84_195	29.851	67	41	2	18	82	21	83	2.93e-05	31.2
olaTTNIg3_195	olaTTNIg102_195	25.373	67	48	1	16	82	19	83	4.43e-05	30.4
olaTTNIg3_195	olaTTNIg69_194	24.638	69	50	1	13	81	15	81	5.33e-05	30.4
olaTTNIg3_195	olaTTNIg57_188	20.879	91	67	2	1	91	1	86	6.64e-05	30
olaTTNIg3_195	olaTTNIg68_199	24.706	85	55	3	15	91	13	96	9.71e-05	29.6
olaTTNIg3_195	olaTTNIg68_199	55.556	9	4	0	84	92	59	67	6.2	16.5
olaTTNIg3_195	olaTTNIg47_188	24.359	78	58	1	5	82	6	82	1.02e-04	29.6
olaTTNIg3_195	olaTTNIg52_188	22.785	79	60	1	6	84	6	83	1.10e-04	29.3
olaTTNIg3_195	olaTTNIg60_187	21.622	74	56	2	2	74	1	73	1.23e-04	29.3
olaTTNIg3_195	olaTTNIg17_290	20.548	73	58	0	1	73	2	74	1.82e-04	28.9
olaTTNIg3_195	olaTTNIg50_192	19.318	88	66	2	5	92	5	87	1.93e-04	28.9
olaTTNIg3_195	olaTTNIg31_193	18.824	85	69	0	2	86	2	86	2.19e-04	28.5
olaTTNIg3_195	olaTTNIg26_192	25.275	91	65	2	2	91	1	89	2.40e-04	28.5
olaTTNIg3_195	olaTTNIg48_188	29.268	41	28	1	5	45	5	44	2.50e-04	28.5
olaTTNIg3_195	olaTTNnewIg_1104	22.667	75	49	1	16	81	18	92	3.58e-04	28.1
olaTTNIg3_195	olaTTNIg109_193	22.222	72	55	1	16	86	14	85	3.74e-04	28.1
olaTTNIg3_195	olaTTNIg78_196	18.182	66	54	0	16	81	18	83	5.96e-04	27.7
olaTTNIg3_195	olaTTNIg96_194	26.761	71	46	2	13	81	15	81	0.001	26.9
olaTTNIg3_195	olaTTNIg75_195	25.676	74	44	3	13	81	15	82	0.002	26.2
olaTTNIg3_195	olaTTNIg12_189	24.286	70	52	1	4	73	5	73	0.004	25
olaTTNIg3_195	olaTTNIg11_191	21.333	75	57	2	1	74	1	74	0.007	24.6
olaTTNIg3_195	olaTTNIg61_188	23.404	47	36	0	33	79	33	79	0.008	24.3
olaTTNIg3_195	olaTTNIg18_389	20.635	63	46	1	30	92	29	87	0.011	23.9
olaTTNIg3_195	olaTTNIg45_192	37.5	16	10	0	59	74	59	74	0.19	20.4
olaTTNIg4_195	olaTTNIg4_195	100	95	0	0	1	95	1	95	7.31e-70	195
olaTTNIg4_195	olaTTNIg6_195	36.667	90	56	1	2	91	1	89	5.92e-16	58.9
olaTTNIg4_195	olaTTNIg21_195	39.024	82	48	1	11	92	11	90	3.66e-15	56.6
olaTTNIg4_195	olaTTNIg41_196	34.444	90	56	2	3	91	3	90	6.11e-14	53.5
olaTTNIg4_195	olaTTNIg3_195	29.348	92	63	1	1	92	1	90	3.05e-13	52
olaTTNIg4_195	olaTTNIg117_196	30.769	91	61	1	1	91	1	89	4.60e-13	51.2
olaTTNIg4_195	olaTTNIg5_198	32.53	83	55	1	12	94	12	93	1.51e-12	50.1
olaTTNIg4_195	olaTTNIg31_193	31.915	94	62	1	2	95	2	93	1.56e-12	50.1
olaTTNIg4_195	olaTTNIg9_193	32.222	90	58	1	2	91	1	87	3.69e-12	48.9
olaTTNIg4_195	olaTTNIg113_197	36.709	79	45	2	16	91	16	92	1.45e-11	47.8
olaTTNIg4_195	olaTTNIg116_195	29.545	88	60	1	4	91	4	89	3.01e-11	46.6
olaTTNIg4_195	olaTTNIg1_196	30.435	92	64	0	1	92	1	92	1.35e-10	45.1
olaTTNIg4_195	olaTTNIg2_194	27.473	91	64	1	2	92	2	90	2.22e-10	44.3
olaTTNIg4_195	olaTTNIg91_193	33.824	68	43	1	25	92	24	89	4.36e-10	43.5
olaTTNIg4_195	olaTTNIg73_197	31.579	76	49	2	14	88	16	89	8.32e-10	43.1
olaTTNIg4_195	olaTTNIg114_192	32.222	90	58	2	2	91	1	87	1.37e-09	42.4
olaTTNIg4_195	olaTTNIg36_194	28.261	92	63	2	1	91	1	90	1.62e-09	42.4
olaTTNIg4_195	olaTTNIg77_197	31.579	76	50	1	12	87	15	88	3.26e-09	41.6
olaTTNIg4_195	olaTTNIg30_194	34.737	95	59	2	2	95	2	94	4.53e-09	41.2
olaTTNIg4_195	olaTTNIg115_194	24.176	91	67	1	1	91	1	89	4.68e-09	40.8
olaTTNIg4_195	olaTTNIg8_195	28.125	96	65	2	2	95	1	94	5.90e-09	40.8
olaTTNIg4_195	olaTTNIg10_194	31.522	92	62	1	1	92	1	91	7.56e-09	40.4
olaTTNIg4_195	olaTTNIg28_194	30.108	93	58	2	2	91	2	90	8.23e-09	40.4
olaTTNIg4_195	olaTTNIg33_195	25	88	64	1	4	91	4	89	1.37e-08	39.7
olaTTNIg4_195	olaTTNIg24_194	26.374	91	65	1	2	92	1	89	1.61e-08	39.7
olaTTNIg4_195	olaTTNIg108_193	27.957	93	59	2	8	94	1	91	2.45e-08	39.3
olaTTNIg4_195	olaTTNIg88_193	36.207	58	35	1	27	84	26	81	3.55e-08	38.5
olaTTNIg4_195	olaTTNIg22_193	32.927	82	51	3	15	95	15	93	5.91e-08	38.1
olaTTNIg4_195	olaTTNIg105_194	34.667	75	45	1	13	87	15	85	6.15e-08	38.1
olaTTNIg4_195	olaTTNIg44_197	33.75	80	48	3	16	94	22	97	8.89e-08	37.7
olaTTNIg4_195	olaTTNIg82_196	28.571	70	48	1	16	85	18	85	1.89e-07	37
olaTTNIg4_195	olaTTNIg27_192	26.667	90	64	1	2	91	1	88	2.01e-07	36.6
olaTTNIg4_195	olaTTNIg35_193	30.851	94	63	1	2	95	2	93	3.40e-07	36.2
olaTTNIg4_195	olaTTNIg37_193	28.736	87	60	1	2	88	2	86	3.62e-07	36.2
olaTTNIg4_195	olaTTNIg110_194	27.536	69	50	0	23	91	22	90	8.74e-07	35
olaTTNIg4_195	olaTTNIg87_194	27.711	83	53	2	8	87	7	85	1.11e-06	34.7
olaTTNIg4_195	olaTTNIg7_195	25.301	83	62	0	2	84	1	83	1.34e-06	34.7
olaTTNIg4_195	olaTTNIg63_197	28.947	76	52	1	16	91	19	92	1.67e-06	34.3
olaTTNIg4_195	olaTTNIg85_194	29.412	68	42	2	27	92	27	90	3.02e-06	33.5
olaTTNIg4_195	olaTTNIg25_194	26.374	91	66	1	2	92	2	91	5.16e-06	33.1
olaTTNIg4_195	olaTTNIg60_187	31.818	66	42	2	11	76	11	73	5.42e-06	32.7
olaTTNIg4_195	olaTTNIg98_196	26.316	76	54	1	16	91	18	91	5.54e-06	33.1
olaTTNIg4_195	olaTTNIg90_195	31.579	76	48	1	16	91	19	90	6.32e-06	32.7
olaTTNIg4_195	olaTTNIg20_187	32	75	48	2	4	78	4	75	9.36e-06	32.3
olaTTNIg4_195	olaTTNIg34_193	30.526	95	64	1	1	95	1	93	1.21e-05	32
olaTTNIg4_195	olaTTNIg67_1104	24	75	52	1	15	84	18	92	1.29e-05	32
olaTTNIg4_195	olaTTNIg64_193	22.785	79	59	1	13	91	12	88	1.33e-05	32
olaTTNIg4_195	olaTTNIg40_194	32.353	68	44	1	16	83	15	80	1.41e-05	32
olaTTNIg4_195	olaTTNIg57_188	29.032	93	57	4	1	92	1	85	1.98e-05	31.6
olaTTNIg4_195	olaTTNIg94_193	24.675	77	56	1	16	92	15	89	2.19e-05	31.2
olaTTNIg4_195	olaTTNIg29_192	26.596	94	67	1	2	95	1	92	2.28e-05	31.2
olaTTNIg4_195	olaTTNIg104_198	25	76	55	1	16	91	20	93	2.30e-05	31.2
olaTTNIg4_195	olaTTNIg13_189	36.207	58	33	2	35	92	34	87	2.83e-05	30.8
olaTTNIg4_195	olaTTNIg23_194	27.778	90	63	1	2	91	1	88	2.98e-05	31.2
olaTTNIg4_195	olaTTNIg95_197	28	75	51	2	13	86	15	87	3.47e-05	30.8
olaTTNIg4_195	olaTTNIg61_188	24.242	66	47	2	16	81	17	79	3.90e-05	30.4
olaTTNIg4_195	olaTTNIg61_188	35.294	17	11	0	48	64	72	88	3.2	16.9
olaTTNIg4_195	olaTTNIg76_192	29.412	68	46	2	25	92	23	88	5.19e-05	30.4
olaTTNIg4_195	olaTTNIg81_193	26.027	73	49	1	16	88	18	85	7.88e-05	30
olaTTNIg4_195	olaTTNIg75_195	28.235	85	38	4	13	84	9	83	1.01e-04	29.6
olaTTNIg4_195	olaTTNIg103_196	25	68	49	1	16	83	18	83	1.36e-04	29.3
olaTTNIg4_195	olaTTNIg74_196	30.233	86	56	2	5	88	5	88	1.47e-04	29.3
olaTTNIg4_195	olaTTNIg96_194	25	72	50	1	15	86	17	84	1.66e-04	28.9
olaTTNIg4_195	olaTTNIg83_195	25.333	75	46	2	13	83	14	82	2.51e-04	28.5
olaTTNIg4_195	olaTTNIg16_189	34.667	75	39	5	5	75	5	73	2.95e-04	28.1
olaTTNIg4_195	olaTTNIg15_187	30.769	91	55	4	2	91	1	84	3.16e-04	28.1
olaTTNIg4_195	olaTTNIg80_196	28.571	70	38	3	19	83	21	83	3.43e-04	28.1
olaTTNIg4_195	olaTTNIg72_197	27.941	68	47	1	16	83	19	84	3.65e-04	28.1
olaTTNIg4_195	olaTTNIg68_199	22.892	83	57	2	15	91	13	94	3.80e-04	28.1
olaTTNIg4_195	olaTTNIg107_194	27.397	73	49	2	15	87	17	85	4.11e-04	28.1
olaTTNIg4_195	olaTTNIg43_297	25.843	89	62	3	4	91	5	90	4.34e-04	28.1
olaTTNIg4_195	olaTTNIg102_195	28.049	82	43	2	13	88	16	87	5.37e-04	27.7
olaTTNIg4_195	olaTTNIg97_197	22.059	68	51	1	16	83	19	84	5.44e-04	27.7
olaTTNIg4_195	olaTTNIg59_189	28.205	78	49	3	15	92	15	85	5.78e-04	27.3
olaTTNIg4_195	olaTTNIg55_190	34.328	67	39	3	15	80	17	79	6.49e-04	27.3
olaTTNIg4_195	olaTTNIg111_1101	29.032	62	33	2	27	83	33	88	0.001	26.9
olaTTNIg4_195	olaTTNIg14_188	29.508	61	41	1	14	74	14	72	0.001	26.9
olaTTNIg4_195	olaTTNIg106_196	25.641	78	54	2	10	86	12	86	0.001	26.6
olaTTNIg4_195	olaTTNIg100_195	23.288	73	50	2	16	86	18	86	0.002	26.6
olaTTNIg4_195	olaTTNIg38_193	21.951	82	62	1	2	83	2	81	0.002	26.2
olaTTNIg4_195	olaTTNIg79_197	28.571	70	47	2	15	83	17	84	0.003	25.8
olaTTNIg4_195	olaTTNIg78_196	23.077	65	48	1	10	74	12	74	0.003	25.8
olaTTNIg4_195	olaTTNIg71_194	25.316	79	51	3	16	92	18	90	0.003	25.8
olaTTNIg4_195	olaTTNIg69_194	37.037	27	17	0	16	42	18	44	0.003	25.8
olaTTNIg4_195	olaTTNIg62_195	31.746	63	40	2	25	86	26	86	0.003	25.8
olaTTNIg4_195	olaTTNIg89_196	22.059	68	51	1	16	83	18	83	0.003	25.8
olaTTNIg4_195	olaTTNIg86_197	25.806	62	44	1	23	84	26	85	0.004	25.4
olaTTNIg4_195	olaTTNIg58_193	21.053	76	57	2	15	90	15	87	0.005	25
olaTTNIg4_195	olaTTNIg101_195	39.286	28	17	0	16	43	18	45	0.005	25
olaTTNIg4_195	olaTTNIg112_198	29.114	79	53	3	15	92	18	94	0.005	25
olaTTNIg4_195	olaTTNIg66_196	23.881	67	48	1	25	91	28	91	0.007	24.6
olaTTNIg4_195	olaTTNIg99_197	26.027	73	51	2	13	84	14	84	0.009	24.3
olaTTNIg4_195	olaTTNIg19_391	25.455	55	38	2	21	75	21	72	0.009	24.3
olaTTNIg4_195	olaTTNIg93_194	26.389	72	49	1	16	87	18	85	0.009	24.3
olaTTNIg4_195	olaTTNIg92_196	28.571	35	25	0	16	50	18	52	0.013	23.9
olaTTNIg4_195	olaTTNIg56_189	29.787	94	55	5	1	92	1	85	0.014	23.9
olaTTNIg4_195	olaTTNIg46_189	24.324	74	53	2	3	76	4	74	0.023	23.1
olaTTNIg4_195	olaTTNIg17_290	26.582	79	52	2	13	91	14	86	0.031	22.7
olaTTNIg4_195	olaTTNIg11_191	25.455	55	38	2	21	75	22	73	0.047	22.3
olaTTNIg4_195	olaTTNIg47_188	28.571	56	37	2	21	76	22	74	0.054	21.9
olaTTNIg4_195	olaTTNIg32_194	22.917	96	41	4	8	84	2	83	0.098	21.6
olaTTNIg4_195	olaTTNIg84_195	50	14	7	0	25	38	28	41	0.18	20.8
olaTTNIg4_195	olaTTNIg18_389	24.176	91	62	3	4	94	4	87	0.28	20
olaTTNIg4_195	olaTTNnewIg_1104	35	20	13	0	16	35	18	37	0.33	20
olaTTNIg4_195	olaTTNIg109_193	44.444	9	5	0	27	35	25	33	0.48	19.6
olaTTNIg4_195	olaTTNIg70_195	21.053	57	43	1	27	83	28	82	1.3	18.1
olaTTNIg4_195	olaTTNIg12_189	30.233	43	26	1	49	91	47	85	1.4	18.1
olaTTNIg4_195	olaTTNIg50_192	24	50	37	1	4	53	4	52	1.7	18.1
olaTTNIg4_195	olaTTNIg45_192	24.675	77	37	4	14	81	15	79	2.9	17.3
olaTTNIg4_195	olaTTNIg52_188	26.829	41	29	1	3	43	3	42	5	16.5
olaTTNIg5_198	olaTTNIg5_198	100	98	0	0	1	98	1	98	8.10e-75	207
olaTTNIg5_198	olaTTNIg1_196	32.609	92	61	1	2	92	2	93	2.44e-20	70.1
olaTTNIg5_198	olaTTNIg3_195	31.915	94	63	1	2	95	2	94	3.79e-15	57
olaTTNIg5_198	olaTTNIg34_193	32.967	91	60	1	2	92	2	91	9.90e-15	55.8
olaTTNIg5_198	olaTTNIg40_194	31.915	94	63	1	2	95	1	93	4.71e-14	53.9
olaTTNIg5_198	olaTTNIg110_194	32.258	93	62	1	2	93	1	93	1.80e-13	52.4
olaTTNIg5_198	olaTTNIg108_193	37.037	81	48	2	16	95	15	93	2.83e-13	52
olaTTNIg5_198	olaTTNIg21_195	30.851	94	62	2	1	93	1	92	4.50e-13	51.6
olaTTNIg5_198	olaTTNIg4_195	32.53	83	55	1	12	93	12	94	1.56e-12	50.1
olaTTNIg5_198	olaTTNIg20_187	35.87	92	51	4	3	93	3	87	2.19e-12	49.7
olaTTNIg5_198	olaTTNIg6_195	30.435	92	64	0	2	93	1	92	4.92e-12	48.9
olaTTNIg5_198	olaTTNIg22_193	27.957	93	65	2	1	93	1	91	5.14e-12	48.9
olaTTNIg5_198	olaTTNIg9_193	30.488	82	55	1	12	93	11	90	6.44e-12	48.5
olaTTNIg5_198	olaTTNIg36_194	27.957	93	65	2	2	93	2	93	1.14e-11	47.8
olaTTNIg5_198	olaTTNIg72_197	31.395	86	55	2	1	83	1	85	1.18e-11	47.8
olaTTNIg5_198	olaTTNIg7_195	29.032	93	65	1	2	93	1	93	4.96e-11	46.2
olaTTNIg5_198	olaTTNIg60_187	30.851	94	57	4	1	93	1	87	5.79e-11	45.8
olaTTNIg5_198	olaTTNIg32_194	27.957	93	67	0	1	93	1	93	6.29e-11	45.8
olaTTNIg5_198	olaTTNIg115_194	25.926	81	59	1	2	82	2	81	7.23e-11	45.8
olaTTNIg5_198	olaTTNIg25_194	29.348	92	65	0	1	92	1	92	7.63e-11	45.8
olaTTNIg5_198	olaTTNIg113_197	29.787	94	64	1	1	92	1	94	7.77e-11	45.8
olaTTNIg5_198	olaTTNIg10_194	32.051	78	53	0	16	93	16	93	9.56e-11	45.4
olaTTNIg5_198	olaTTNIg27_192	31.868	91	61	1	2	92	1	90	2.33e-10	44.3
olaTTNIg5_198	olaTTNIg55_190	36.538	52	30	2	1	50	1	51	2.36e-10	44.3
olaTTNIg5_198	olaTTNIg33_195	29.114	79	55	1	1	79	1	78	3.07e-10	44.3
olaTTNIg5_198	olaTTNIg2_194	23.404	94	69	2	1	93	1	92	3.31e-10	43.9
olaTTNIg5_198	olaTTNIg24_194	28.261	92	65	1	2	93	1	91	5.48e-10	43.5
olaTTNIg5_198	olaTTNIg114_192	35.417	96	56	3	2	95	1	92	9.08e-10	42.7
olaTTNIg5_198	olaTTNIg58_193	32.468	77	50	2	6	82	6	80	1.17e-09	42.7
olaTTNIg5_198	olaTTNIg23_194	28.261	92	65	1	2	93	1	91	1.61e-09	42.4
olaTTNIg5_198	olaTTNIg30_194	28.723	94	65	2	1	93	1	93	1.91e-09	42
olaTTNIg5_198	olaTTNIg54_189	27.059	85	58	3	1	84	2	83	3.37e-08	38.9
olaTTNIg5_198	olaTTNIg77_197	24.211	95	68	3	1	92	1	94	4.32e-08	38.5
olaTTNIg5_198	olaTTNIg38_193	23.913	92	69	1	1	92	1	91	4.98e-08	38.5
olaTTNIg5_198	olaTTNIg43_297	25.556	90	64	3	4	92	5	92	5.90e-08	38.1
olaTTNIg5_198	olaTTNIg112_198	28.395	81	56	2	13	92	16	95	6.86e-08	38.1
olaTTNIg5_198	olaTTNIg19_391	27.941	68	47	2	7	74	7	72	7.15e-08	37.7
olaTTNIg5_198	olaTTNIg41_196	29.762	84	57	2	10	92	10	92	7.36e-08	38.1
olaTTNIg5_198	olaTTNIg117_196	27.551	98	64	3	2	97	2	94	7.52e-08	38.1
olaTTNIg5_198	olaTTNIg57_188	27.381	84	59	2	1	84	1	82	8.87e-08	37.7
olaTTNIg5_198	olaTTNIg98_196	28.261	92	62	3	1	92	6	93	1.07e-07	37.7
olaTTNIg5_198	olaTTNIg116_195	26.829	82	59	1	1	82	1	81	1.22e-07	37.4
olaTTNIg5_198	olaTTNIg64_193	25.263	95	68	2	2	96	1	92	1.36e-07	37.4
olaTTNIg5_198	olaTTNIg100_195	26.154	65	45	2	17	79	17	80	1.55e-07	37
olaTTNIg5_198	olaTTNIg44_197	29.293	99	60	5	1	93	3	97	1.82e-07	37
olaTTNIg5_198	olaTTNIg52_188	30.667	75	44	4	4	75	4	73	3.37e-07	36.2
olaTTNIg5_198	olaTTNIg8_195	28.723	94	64	2	2	93	1	93	3.88e-07	36.2
olaTTNIg5_198	olaTTNIg50_192	25.532	94	62	4	1	93	1	87	5.29e-07	35.8
olaTTNIg5_198	olaTTNIg91_193	23.171	82	60	2	2	82	1	80	5.43e-07	35.8
olaTTNIg5_198	olaTTNIg37_193	23.333	90	68	1	1	90	1	89	5.43e-07	35.8
olaTTNIg5_198	olaTTNIg66_196	30.928	97	58	5	1	92	1	93	7.34e-07	35.4
olaTTNIg5_198	olaTTNIg17_290	25.373	67	49	1	8	74	9	74	1.06e-06	34.7
olaTTNIg5_198	olaTTNIg35_193	24.731	93	69	1	1	93	1	92	1.26e-06	34.7
olaTTNIg5_198	olaTTNIg67_1104	27.586	87	55	3	13	92	16	101	1.36e-06	34.7
olaTTNIg5_198	olaTTNIg26_192	26.984	63	46	0	30	92	27	89	2.62e-06	33.9
olaTTNIg5_198	olaTTNIg68_199	23.81	84	58	1	15	92	13	96	2.65e-06	33.9
olaTTNIg5_198	olaTTNIg39_194	26.506	83	59	2	1	82	1	82	2.73e-06	33.9
olaTTNIg5_198	olaTTNIg42_192	29.63	81	51	3	13	92	15	90	3.58e-06	33.5
olaTTNIg5_198	olaTTNIg88_193	23.457	81	61	1	2	82	1	80	4.21e-06	33.5
olaTTNIg5_198	olaTTNIg103_196	28.571	77	52	2	8	82	8	83	4.32e-06	33.5
olaTTNIg5_198	olaTTNIg82_196	25	68	50	1	16	83	18	84	4.50e-06	33.5
olaTTNIg5_198	olaTTNIg95_197	28.235	85	57	2	1	82	1	84	4.66e-06	33.1
olaTTNIg5_198	olaTTNIg59_189	26.667	90	58	4	4	92	4	86	4.83e-06	33.1
olaTTNIg5_198	olaTTNIg74_196	28.767	73	49	2	13	83	13	84	7.91e-06	32.7
olaTTNIg5_198	olaTTNIg97_197	25.581	86	60	2	2	84	2	86	1.08e-05	32.3
olaTTNIg5_198	olaTTNIg85_194	23.596	89	63	2	4	92	8	91	1.73e-05	31.6
olaTTNIg5_198	olaTTNIg107_194	27.66	94	62	3	2	92	1	91	2.02e-05	31.6
olaTTNIg5_198	olaTTNIg105_194	28.571	84	54	3	2	82	1	81	2.60e-05	31.2
olaTTNIg5_198	olaTTNIg90_195	28.947	76	47	2	9	82	12	82	2.80e-05	31.2
olaTTNIg5_198	olaTTNIg71_194	22.667	75	53	2	9	82	11	81	3.00e-05	31.2
olaTTNIg5_198	olaTTNIg28_194	21.739	92	72	0	1	92	1	92	3.10e-05	31.2
olaTTNIg5_198	olaTTNIg89_196	25.676	74	54	1	9	82	11	83	4.77e-05	30.4
olaTTNIg5_198	olaTTNIg31_193	23.256	86	65	1	1	86	1	85	5.03e-05	30.4
olaTTNIg5_198	olaTTNIg47_188	29.167	72	47	3	4	74	5	73	5.09e-05	30.4
olaTTNIg5_198	olaTTNIg87_194	29.851	67	44	2	16	82	18	81	5.15e-05	30.4
olaTTNIg5_198	olaTTNIg80_196	27.273	77	48	2	10	79	5	80	5.28e-05	30.4
olaTTNIg5_198	olaTTNIg11_191	29.825	57	36	3	20	75	21	74	5.48e-05	30.4
olaTTNIg5_198	olaTTNIg16_189	25	68	49	2	7	74	8	73	5.57e-05	30.4
olaTTNIg5_198	olaTTNIg73_197	26.316	38	28	0	13	50	16	53	6.06e-05	30.4
olaTTNIg5_198	olaTTNIg63_197	22.222	90	66	2	1	87	1	89	6.12e-05	30.4
olaTTNIg5_198	olaTTNIg83_195	25.373	67	49	1	16	82	17	82	7.89e-05	30
olaTTNIg5_198	olaTTNIg102_195	27.907	86	56	4	1	83	1	83	8.83e-05	30
olaTTNIg5_198	olaTTNIg29_192	20.652	92	72	1	2	93	1	91	9.52e-05	29.6
olaTTNIg5_198	olaTTNIg70_195	28.333	60	42	1	24	83	25	83	1.66e-04	29.3
olaTTNIg5_198	olaTTNIg101_195	26.761	71	48	2	13	82	15	82	1.80e-04	28.9
olaTTNIg5_198	olaTTNIg94_193	21.951	82	61	2	2	82	1	80	2.41e-04	28.5
olaTTNIg5_198	olaTTNIg109_193	32.727	55	32	3	2	54	1	52	2.87e-04	28.5
olaTTNIg5_198	olaTTNIg53_190	22.449	49	37	1	4	52	6	53	4.18e-04	28.1
olaTTNIg5_198	olaTTNIg111_1101	27.273	66	48	0	14	79	20	85	6.16e-04	27.7
olaTTNIg5_198	olaTTNIg69_194	26.829	82	54	4	3	82	4	81	6.40e-04	27.3
olaTTNIg5_198	olaTTNIg96_194	24.444	45	31	1	2	43	1	45	8.18e-04	27.3
olaTTNIg5_198	olaTTNIg92_196	25.714	35	26	0	16	50	18	52	0.001	26.9
olaTTNIg5_198	olaTTNIg99_197	27.143	70	50	1	10	79	12	80	0.001	26.9
olaTTNIg5_198	olaTTNIg106_196	25.61	82	57	3	3	82	4	83	0.001	26.9
olaTTNIg5_198	olaTTNIg61_188	29.167	48	33	1	32	79	32	78	0.001	26.6
olaTTNIg5_198	olaTTNIg104_198	22.535	71	54	1	13	83	17	86	0.002	26.6
olaTTNIg5_198	olaTTNIg46_189	24.638	69	48	3	7	74	8	73	0.002	26.2
olaTTNIg5_198	olaTTNIg14_188	19.118	68	54	1	6	73	6	72	0.004	25.4
olaTTNIg5_198	olaTTNIg12_189	31.707	41	27	1	34	74	34	73	0.007	24.6
olaTTNIg5_198	olaTTNIg86_197	40.909	22	13	0	16	37	19	40	0.007	24.6
olaTTNIg5_198	olaTTNIg81_193	26.829	41	27	1	2	39	1	41	0.008	24.6
olaTTNIg5_198	olaTTNIg79_197	35.484	31	20	0	7	37	9	39	0.01	24.3
olaTTNIg5_198	olaTTNnewIg_1104	36	25	15	1	16	39	18	42	0.02	23.5
olaTTNIg5_198	olaTTNIg76_192	18.182	77	62	1	16	92	14	89	0.026	23.1
olaTTNIg5_198	olaTTNIg84_195	22.449	98	64	4	1	92	1	92	0.03	23.1
olaTTNIg5_198	olaTTNIg56_189	20.833	72	55	2	4	75	4	73	0.033	22.7
olaTTNIg5_198	olaTTNIg78_196	28.571	28	20	0	16	43	18	45	0.049	22.3
olaTTNIg5_198	olaTTNIg75_195	25.397	63	41	3	13	73	15	73	0.05	22.3
olaTTNIg5_198	olaTTNIg62_195	21.311	61	48	0	19	79	20	80	0.064	21.9
olaTTNIg5_198	olaTTNIg13_189	21.505	93	69	3	1	93	1	89	0.071	21.9
olaTTNIg5_198	olaTTNIg93_194	29.412	17	12	0	21	37	23	39	6.5	16.2
olaTTNIg6_195	olaTTNIg6_195	100	95	0	0	1	95	1	95	4.14e-72	201
olaTTNIg6_195	olaTTNIg4_195	36.667	90	56	1	1	89	2	91	5.92e-16	58.9
olaTTNIg6_195	olaTTNIg9_193	31.579	95	63	1	1	95	1	93	8.90e-16	58.2
olaTTNIg6_195	olaTTNIg116_195	33.696	92	60	1	4	95	5	95	1.67e-14	55.1
olaTTNIg6_195	olaTTNIg2_194	25.532	94	69	1	1	94	2	94	7.73e-14	53.1
olaTTNIg6_195	olaTTNIg115_194	28.723	94	66	1	1	94	2	94	6.64e-13	50.8
olaTTNIg6_195	olaTTNIg108_193	31.25	80	52	2	15	93	15	92	8.60e-13	50.4
olaTTNIg6_195	olaTTNIg24_194	31.579	95	64	1	1	95	1	94	2.22e-12	49.7
olaTTNIg6_195	olaTTNIg5_198	30.435	92	64	0	1	92	2	93	4.77e-12	48.9
olaTTNIg6_195	olaTTNIg33_195	23.596	89	67	1	3	91	4	91	5.38e-12	48.5
olaTTNIg6_195	olaTTNIg1_196	29.474	95	66	1	1	94	2	96	1.22e-11	47.8
olaTTNIg6_195	olaTTNIg23_194	31.579	95	64	1	1	95	1	94	5.04e-11	46.2
olaTTNIg6_195	olaTTNIg3_195	27.368	95	68	1	1	95	2	95	5.26e-11	46.2
olaTTNIg6_195	olaTTNIg114_192	30.851	94	59	3	1	92	1	90	1.11e-10	45.1
olaTTNIg6_195	olaTTNIg113_197	29.032	93	64	1	1	91	2	94	1.22e-10	45.1
olaTTNIg6_195	olaTTNIg105_194	29.885	87	57	2	5	91	9	91	2.72e-10	44.3
olaTTNIg6_195	olaTTNIg36_194	29.032	93	62	3	1	91	2	92	3.71e-10	43.9
olaTTNIg6_195	olaTTNIg15_187	31.522	92	56	4	1	91	1	86	5.00e-10	43.5
olaTTNIg6_195	olaTTNIg21_195	26.829	82	57	2	15	95	16	95	7.59e-10	43.1
olaTTNIg6_195	olaTTNIg95_197	27.273	77	55	1	15	91	19	94	7.64e-10	43.1
olaTTNIg6_195	olaTTNIg117_196	24.731	93	69	1	1	93	2	93	8.89e-10	42.7
olaTTNIg6_195	olaTTNIg110_194	33.333	72	45	2	23	92	23	93	9.02e-10	42.7
olaTTNIg6_195	olaTTNIg10_194	30.108	93	65	0	1	93	2	94	9.42e-10	42.7
olaTTNIg6_195	olaTTNIg7_195	24.731	93	69	1	1	92	1	93	1.30e-09	42.4
olaTTNIg6_195	olaTTNIg76_192	23.913	92	66	3	1	91	1	89	5.12e-09	40.8
olaTTNIg6_195	olaTTNIg91_193	24.731	93	65	2	1	91	1	90	1.42e-08	39.7
olaTTNIg6_195	olaTTNIg89_196	25.641	78	55	2	9	85	12	87	2.04e-08	39.3
olaTTNIg6_195	olaTTNIg103_196	27.711	83	59	1	12	94	15	96	2.64e-08	39.3
olaTTNIg6_195	olaTTNIg41_196	28.723	94	65	2	3	95	4	96	4.25e-08	38.5
olaTTNIg6_195	olaTTNIg106_196	30.882	68	44	2	15	81	18	83	4.73e-08	38.5
olaTTNIg6_195	olaTTNIg27_192	27.473	91	65	1	1	91	1	90	5.45e-08	38.1
olaTTNIg6_195	olaTTNIg79_197	22.222	81	63	0	14	94	17	97	1.21e-07	37.4
olaTTNIg6_195	olaTTNIg72_197	25.974	77	56	1	15	91	19	94	1.90e-07	37
olaTTNIg6_195	olaTTNIg22_193	31.25	80	53	2	13	92	14	91	2.20e-07	36.6
olaTTNIg6_195	olaTTNIg39_194	27.174	92	65	2	1	91	2	92	3.21e-07	36.2
olaTTNIg6_195	olaTTNIg37_193	23.077	91	69	1	1	91	2	91	5.07e-07	35.8
olaTTNIg6_195	olaTTNnewIg_1104	28.09	89	54	4	12	91	15	102	7.75e-07	35.4
olaTTNIg6_195	olaTTNIg97_197	28.283	99	63	3	1	94	2	97	9.45e-07	35
olaTTNIg6_195	olaTTNIg81_193	27.027	74	48	2	15	87	18	86	1.47e-06	34.3
olaTTNIg6_195	olaTTNIg77_197	28.049	82	58	1	10	91	14	94	1.67e-06	34.3
olaTTNIg6_195	olaTTNIg8_195	30.108	93	62	2	1	91	1	92	2.31e-06	33.9
olaTTNIg6_195	olaTTNIg40_194	27.16	81	58	1	15	95	15	94	2.40e-06	33.9
olaTTNIg6_195	olaTTNIg87_194	24.419	86	50	2	12	91	15	91	4.50e-06	33.1
olaTTNIg6_195	olaTTNIg71_194	27.273	77	53	2	15	91	18	91	5.32e-06	33.1
olaTTNIg6_195	olaTTNIg25_194	24.731	93	70	0	1	93	2	94	6.36e-06	32.7
olaTTNIg6_195	olaTTNIg70_195	27.119	59	42	1	23	81	25	82	1.23e-05	32
olaTTNIg6_195	olaTTNIg66_196	23.529	68	48	2	15	81	19	83	1.64e-05	31.6
olaTTNIg6_195	olaTTNIg86_197	25	72	51	2	12	82	16	85	4.27e-05	30.8
olaTTNIg6_195	olaTTNIg30_194	25.641	78	57	1	14	91	16	92	4.37e-05	30.4
olaTTNIg6_195	olaTTNIg101_195	24.675	77	56	1	15	91	18	92	5.74e-05	30.4
olaTTNIg6_195	olaTTNIg69_194	27.273	77	53	1	15	91	18	91	6.03e-05	30
olaTTNIg6_195	olaTTNIg61_188	22.414	58	44	1	31	88	32	88	6.10e-05	30
olaTTNIg6_195	olaTTNIg19_391	31.25	80	47	4	14	92	15	87	7.95e-05	29.6
olaTTNIg6_195	olaTTNIg14_188	24.359	78	54	2	14	91	15	87	1.26e-04	29.3
olaTTNIg6_195	olaTTNIg59_189	27.848	79	49	4	14	91	15	86	1.48e-04	29.3
olaTTNIg6_195	olaTTNIg92_196	18.182	77	62	1	15	91	18	93	1.74e-04	28.9
olaTTNIg6_195	olaTTNIg80_196	35	60	34	3	24	81	27	83	1.74e-04	28.9
olaTTNIg6_195	olaTTNIg44_197	26.582	79	54	3	15	92	22	97	1.78e-04	28.9
olaTTNIg6_195	olaTTNIg34_193	24.176	91	68	1	1	91	2	91	2.19e-04	28.5
olaTTNIg6_195	olaTTNIg75_195	25.641	78	54	2	15	91	18	92	2.46e-04	28.5
olaTTNIg6_195	olaTTNIg57_188	27.027	74	46	3	3	73	4	72	3.08e-04	28.1
olaTTNIg6_195	olaTTNIg35_193	30.508	59	38	2	34	91	35	91	4.11e-04	28.1
olaTTNIg6_195	olaTTNIg28_194	23.077	91	70	0	1	91	2	92	4.24e-04	28.1
olaTTNIg6_195	olaTTNIg111_1101	26.923	78	55	2	15	91	22	98	4.43e-04	28.1
olaTTNIg6_195	olaTTNIg109_193	22.5	80	62	0	15	94	14	93	4.79e-04	27.7
olaTTNIg6_195	olaTTNIg96_194	24.359	78	54	2	15	91	18	91	4.95e-04	27.7
olaTTNIg6_195	olaTTNIg74_196	24.051	79	57	2	15	91	16	93	5.60e-04	27.7
olaTTNIg6_195	olaTTNIg99_197	26.829	82	56	3	15	95	18	96	7.09e-04	27.3
olaTTNIg6_195	olaTTNIg102_195	20.779	77	58	1	15	91	19	92	0.001	26.9
olaTTNIg6_195	olaTTNIg60_187	22.222	54	41	1	34	87	34	86	0.001	26.6
olaTTNIg6_195	olaTTNIg38_193	25	92	66	3	1	91	2	91	0.001	26.6
olaTTNIg6_195	olaTTNIg26_192	26.471	68	50	0	27	94	25	92	0.002	26.6
olaTTNIg6_195	olaTTNIg12_189	25.758	66	48	1	24	89	25	89	0.002	26.2
olaTTNIg6_195	olaTTNIg85_194	18.75	80	58	2	15	91	16	91	0.002	25.8
olaTTNIg6_195	olaTTNIg54_189	21.538	65	48	2	25	88	26	88	0.003	25.8
olaTTNIg6_195	olaTTNIg104_198	19.231	78	60	2	15	91	20	95	0.003	25.4
olaTTNIg6_195	olaTTNIg16_189	27.419	62	41	3	13	73	15	73	0.003	25.4
olaTTNIg6_195	olaTTNIg32_194	23.913	92	68	2	1	91	2	92	0.004	25.4
olaTTNIg6_195	olaTTNIg48_188	34.286	35	22	1	3	37	4	37	0.004	25.4
olaTTNIg6_195	olaTTNIg64_193	16.667	78	64	1	14	91	14	90	0.004	25.4
olaTTNIg6_195	olaTTNIg18_389	23.944	71	52	1	6	76	7	75	0.009	24.3
olaTTNIg6_195	olaTTNIg20_187	21.053	76	56	3	13	87	14	86	0.011	23.9
olaTTNIg6_195	olaTTNIg67_1104	14.118	85	67	1	5	83	9	93	0.025	23.1
olaTTNIg6_195	olaTTNIg94_193	23.256	86	47	3	15	91	15	90	0.22	20.4
olaTTNIg6_195	olaTTNIg43_297	18.421	76	58	3	3	77	5	77	0.54	19.2
olaTTNIg6_195	olaTTNIg13_189	18.889	90	70	3	1	89	1	88	1.1	18.5
olaTTNIg6_195	olaTTNIg56_189	14	50	40	2	25	73	25	72	4.9	16.5
olaTTNIg7_195	olaTTNIg7_195	100	95	0	0	1	95	1	95	2.00e-70	196
olaTTNIg7_195	olaTTNIg1_196	26.316	95	70	0	1	95	2	96	3.16e-16	59.3
olaTTNIg7_195	olaTTNIg36_194	32.292	96	60	3	1	95	2	93	1.82e-11	47.4
olaTTNIg7_195	olaTTNIg3_195	30.851	94	63	1	1	94	2	93	2.32e-11	47
olaTTNIg7_195	olaTTNIg5_198	29.032	93	65	1	1	93	2	93	4.81e-11	46.2
olaTTNIg7_195	olaTTNIg25_194	31.461	89	54	2	1	86	2	86	9.81e-11	45.4
olaTTNIg7_195	olaTTNIg110_194	33.684	95	61	2	1	94	1	94	1.35e-10	45.1
olaTTNIg7_195	olaTTNIg32_194	29.032	93	65	1	1	93	2	93	3.06e-10	43.9
olaTTNIg7_195	olaTTNIg6_195	24.731	93	69	1	1	93	1	92	1.30e-09	42.4
olaTTNIg7_195	olaTTNIg63_197	29.07	86	59	1	7	92	11	94	1.60e-09	42.4
olaTTNIg7_195	olaTTNIg40_194	26.596	94	67	1	1	94	1	92	2.60e-09	41.6
olaTTNIg7_195	olaTTNIg30_194	29.885	87	58	2	1	86	2	86	3.02e-09	41.6
olaTTNIg7_195	olaTTNIg74_196	31.183	93	63	1	1	92	1	93	4.56e-09	41.2
olaTTNIg7_195	olaTTNIg2_194	27.368	95	67	1	1	95	2	94	9.26e-09	40
olaTTNIg7_195	olaTTNIg21_195	25.532	94	68	1	1	94	2	93	1.14e-08	40
olaTTNIg7_195	olaTTNIg77_197	24.742	97	55	2	4	92	8	94	3.21e-08	38.9
olaTTNIg7_195	olaTTNIg71_194	33.333	69	42	1	15	83	18	82	7.68e-08	37.7
olaTTNIg7_195	olaTTNIg108_193	26.437	87	62	1	1	87	1	85	9.13e-08	37.7
olaTTNIg7_195	olaTTNIg113_197	26.882	93	67	1	1	92	2	94	1.42e-07	37.4
olaTTNIg7_195	olaTTNIg33_195	29.67	91	58	3	5	94	6	91	1.80e-07	37
olaTTNIg7_195	olaTTNIg72_197	27.907	86	60	1	7	92	11	94	2.21e-07	36.6
olaTTNIg7_195	olaTTNIg41_196	31.707	82	51	2	3	82	4	82	3.42e-07	36.2
olaTTNIg7_195	olaTTNIg81_193	26.136	88	60	1	5	92	8	90	5.46e-07	35.4
olaTTNIg7_195	olaTTNIg66_196	25	92	65	2	2	92	5	93	9.21e-07	35
olaTTNIg7_195	olaTTNIg98_196	28.09	89	60	2	5	92	8	93	1.02e-06	35
olaTTNIg7_195	olaTTNIg90_195	27.848	79	53	1	4	82	8	82	1.18e-06	34.7
olaTTNIg7_195	olaTTNIg87_194	32.877	73	45	1	10	82	13	81	1.32e-06	34.7
olaTTNIg7_195	olaTTNIg4_195	25.301	83	62	0	1	83	2	84	1.34e-06	34.7
olaTTNIg7_195	olaTTNIg34_193	25.581	86	62	1	1	86	2	85	1.93e-06	34.3
olaTTNIg7_195	olaTTNIg23_194	17.895	95	76	1	1	95	1	93	3.32e-06	33.5
olaTTNIg7_195	olaTTNIg115_194	24.39	82	60	1	1	82	2	81	4.41e-06	33.1
olaTTNIg7_195	olaTTNIg101_195	25.843	89	63	1	5	93	8	93	5.69e-06	33.1
olaTTNIg7_195	olaTTNIg114_192	26.316	95	65	3	1	95	1	90	6.37e-06	32.7
olaTTNIg7_195	olaTTNIg64_193	26.087	92	66	1	1	92	1	90	7.33e-06	32.7
olaTTNIg7_195	olaTTNIg89_196	23.913	92	65	2	1	92	7	93	7.74e-06	32.7
olaTTNIg7_195	olaTTNIg82_196	28	75	52	1	8	82	11	83	8.24e-06	32.3
olaTTNIg7_195	olaTTNIg111_1101	25	80	57	2	14	92	21	98	1.13e-05	32.3
olaTTNIg7_195	olaTTNIg73_197	25.301	83	60	1	10	92	14	94	1.34e-05	32
olaTTNIg7_195	olaTTNIg47_188	26.966	89	60	3	3	91	5	88	1.49e-05	31.6
olaTTNIg7_195	olaTTNIg38_193	22.727	88	64	2	1	88	2	85	1.96e-05	31.6
olaTTNIg7_195	olaTTNIg79_197	30	70	48	1	13	82	16	84	2.18e-05	31.6
olaTTNIg7_195	olaTTNIg107_194	25	92	64	2	2	92	4	91	2.68e-05	31.2
olaTTNIg7_195	olaTTNIg105_194	25.581	86	58	2	8	92	11	91	3.94e-05	30.8
olaTTNIg7_195	olaTTNIg91_193	25.61	82	59	1	1	82	1	80	4.55e-05	30.4
olaTTNIg7_195	olaTTNIg8_195	27.273	88	60	2	1	86	1	86	5.23e-05	30.4
olaTTNIg7_195	olaTTNIg37_193	19.355	93	73	1	1	93	2	92	5.26e-05	30.4
olaTTNIg7_195	olaTTNIg67_1104	22.727	88	63	1	10	92	14	101	5.66e-05	30.4
olaTTNIg7_195	olaTTNIg100_195	25.61	82	57	2	9	90	14	91	1.23e-04	29.3
olaTTNIg7_195	olaTTNIg117_196	23.913	92	68	1	1	92	2	91	1.28e-04	29.3
olaTTNIg7_195	olaTTNIg102_195	25.316	79	48	2	12	79	16	94	1.40e-04	29.3
olaTTNIg7_195	olaTTNIg11_191	26.087	92	63	3	3	93	4	91	1.91e-04	28.9
olaTTNIg7_195	olaTTNIg52_188	26.374	91	60	3	3	93	4	87	2.06e-04	28.5
olaTTNIg7_195	olaTTNIg80_196	27.957	93	52	3	7	92	9	93	2.16e-04	28.9
olaTTNIg7_195	olaTTNIg10_194	29.73	37	26	0	1	37	2	38	2.48e-04	28.5
olaTTNIg7_195	olaTTNIg95_197	29.73	74	50	1	12	85	16	87	3.29e-04	28.1
olaTTNIg7_195	olaTTNIg116_195	24.359	78	57	1	6	83	7	82	3.53e-04	28.1
olaTTNIg7_195	olaTTNIg70_195	24.658	73	53	1	20	92	22	92	3.57e-04	28.1
olaTTNIg7_195	olaTTNIg93_194	28.947	76	50	1	10	85	13	84	3.79e-04	28.1
olaTTNIg7_195	olaTTNIg96_194	27.16	81	55	1	12	92	15	91	4.07e-04	28.1
olaTTNIg7_195	olaTTNIg68_199	23.333	90	60	2	10	92	9	96	4.26e-04	28.1
olaTTNIg7_195	olaTTNIg97_197	28.767	73	50	1	10	82	14	84	4.30e-04	28.1
olaTTNIg7_195	olaTTNIg69_194	24.675	77	54	1	9	85	12	84	0.001	26.6
olaTTNIg7_195	olaTTNnewIg_1104	23.333	90	56	3	13	92	16	102	0.001	26.6
olaTTNIg7_195	olaTTNIg31_193	24.138	87	64	1	1	87	2	86	0.002	26.6
olaTTNIg7_195	olaTTNIg17_290	26.437	87	58	2	7	93	9	89	0.002	26.2
olaTTNIg7_195	olaTTNIg92_196	40.741	27	16	0	10	36	13	39	0.002	26.2
olaTTNIg7_195	olaTTNIg86_197	26.506	83	56	2	1	83	8	85	0.002	26.2
olaTTNIg7_195	olaTTNIg39_194	25	96	65	4	1	94	2	92	0.002	25.8
olaTTNIg7_195	olaTTNIg14_188	22.989	87	61	2	7	93	8	88	0.003	25.8
olaTTNIg7_195	olaTTNIg99_197	26.667	75	53	1	12	86	15	87	0.004	25.4
olaTTNIg7_195	olaTTNIg103_196	30.137	73	37	2	26	92	29	93	0.006	25
olaTTNIg7_195	olaTTNIg9_193	25	44	33	0	10	53	10	53	0.006	24.6
olaTTNIg7_195	olaTTNIg88_193	23.333	90	63	3	1	90	5	88	0.007	24.6
olaTTNIg7_195	olaTTNIg20_187	21.053	76	57	2	2	77	3	75	0.008	24.3
olaTTNIg7_195	olaTTNIg35_193	26.19	84	58	2	1	83	2	82	0.009	24.3
olaTTNIg7_195	olaTTNIg75_195	24	75	54	1	8	82	11	82	0.01	24.3
olaTTNIg7_195	olaTTNIg27_192	22.34	94	69	2	1	94	1	90	0.015	23.9
olaTTNIg7_195	olaTTNIg109_193	37.5	24	15	0	15	38	14	37	0.016	23.5
olaTTNIg7_195	olaTTNIg84_195	24.096	83	59	1	10	92	14	92	0.021	23.5
olaTTNIg7_195	olaTTNIg28_194	24.658	73	49	4	24	94	24	92	0.021	23.1
olaTTNIg7_195	olaTTNIg94_193	25.882	85	61	1	1	85	1	83	0.024	23.1
olaTTNIg7_195	olaTTNIg104_198	25.806	93	65	2	2	92	5	95	0.026	23.1
olaTTNIg7_195	olaTTNIg24_194	30.233	43	30	0	1	43	1	43	0.031	22.7
olaTTNIg7_195	olaTTNIg78_196	24.096	83	58	3	2	82	4	83	0.037	22.7
olaTTNIg7_195	olaTTNIg19_391	23.944	71	51	2	4	74	5	72	0.065	21.9
olaTTNIg7_195	olaTTNIg26_192	45	20	11	0	73	92	70	89	0.07	21.9
olaTTNIg7_195	olaTTNIg44_197	26.733	101	59	6	2	95	5	97	0.1	21.6
olaTTNIg7_195	olaTTNIg83_195	21.918	73	55	1	10	82	12	82	0.13	21.2
olaTTNIg7_195	olaTTNIg76_192	20.253	79	49	2	11	83	10	80	0.22	20.4
olaTTNIg7_195	olaTTNIg51_488	25.714	35	25	1	3	37	1	34	0.32	20
olaTTNIg7_195	olaTTNIg13_189	26.471	68	47	2	7	74	8	72	0.35	20
olaTTNIg7_195	olaTTNIg58_193	24.59	61	43	2	34	94	34	91	1.1	18.5
olaTTNIg7_195	olaTTNIg56_189	19.78	91	69	3	1	91	2	88	1.5	18.1
olaTTNIg7_195	olaTTNIg16_189	24	50	36	1	25	74	26	73	1.6	18.1
olaTTNIg7_195	olaTTNIg16_189	30	30	21	0	24	53	4	33	9	15.8
olaTTNIg7_195	olaTTNIg49_187	23.077	52	38	2	3	54	4	53	2.1	17.7
olaTTNIg7_195	olaTTNIg45_192	26.667	15	11	0	27	41	27	41	2.5	17.3
olaTTNIg8_195	olaTTNIg8_195	100	95	0	0	1	95	1	95	7.89e-73	202
olaTTNIg8_195	olaTTNIg27_192	29.787	94	64	1	1	94	1	92	1.73e-14	55.1
olaTTNIg8_195	olaTTNIg23_194	33.333	93	60	1	1	93	1	91	4.91e-13	51.2
olaTTNIg8_195	olaTTNIg108_193	27.957	93	65	1	1	93	1	91	1.47e-12	50.1
olaTTNIg8_195	olaTTNIg36_194	29.474	95	64	2	1	94	2	94	6.06e-12	48.5
olaTTNIg8_195	olaTTNIg114_192	34.694	98	51	4	1	93	1	90	1.09e-10	45.1
olaTTNIg8_195	olaTTNIg3_195	33.784	74	47	1	20	93	21	92	1.69e-10	44.7
olaTTNIg8_195	olaTTNIg110_194	32.143	84	53	2	1	82	1	82	2.44e-10	44.3
olaTTNIg8_195	olaTTNIg29_192	26.596	94	67	1	1	94	1	92	6.22e-10	43.1
olaTTNIg8_195	olaTTNIg40_194	25.806	93	67	1	1	93	1	91	1.97e-09	42
olaTTNIg8_195	olaTTNIg1_196	31.959	97	62	2	1	95	2	96	4.36e-09	41.2
olaTTNIg8_195	olaTTNIg4_195	28.125	96	65	2	1	94	2	95	5.90e-09	40.8
olaTTNIg8_195	olaTTNIg34_193	27.66	94	66	1	1	94	2	93	7.66e-09	40.4
olaTTNIg8_195	olaTTNIg30_194	26.596	94	68	1	1	94	2	94	9.76e-09	40
olaTTNIg8_195	olaTTNIg88_193	29.412	68	48	0	28	95	26	93	1.63e-08	39.7
olaTTNIg8_195	olaTTNIg24_194	23.656	93	69	1	1	93	1	91	2.63e-08	38.9
olaTTNIg8_195	olaTTNIg33_195	25.556	90	65	1	5	94	6	93	9.66e-08	37.7
olaTTNIg8_195	olaTTNIg117_196	36.508	63	38	1	28	90	27	87	1.19e-07	37.4
olaTTNIg8_195	olaTTNIg5_198	28.723	94	64	2	1	93	2	93	3.76e-07	36.2
olaTTNIg8_195	olaTTNIg31_193	27.368	95	66	2	1	95	2	93	6.33e-07	35.4
olaTTNIg8_195	olaTTNIg38_193	25.532	94	68	1	1	94	2	93	1.43e-06	34.7
olaTTNIg8_195	olaTTNIg6_195	30.108	93	62	2	1	92	1	91	2.31e-06	33.9
olaTTNIg8_195	olaTTNIg10_194	26.316	95	65	3	1	93	2	93	4.45e-06	33.1
olaTTNIg8_195	olaTTNIg91_193	23.188	69	53	0	27	95	25	93	4.98e-06	33.1
olaTTNIg8_195	olaTTNIg25_194	26.882	93	65	2	1	92	2	92	5.05e-06	33.1
olaTTNIg8_195	olaTTNIg44_197	26.042	96	64	2	2	93	5	97	6.85e-06	32.7
olaTTNIg8_195	olaTTNIg35_193	28.358	67	48	0	28	94	27	93	8.67e-06	32.3
olaTTNIg8_195	olaTTNIg115_194	24.211	95	70	1	1	95	2	94	8.89e-06	32.3
olaTTNIg8_195	olaTTNIg22_193	23.158	95	70	1	1	95	2	93	1.01e-05	32.3
olaTTNIg8_195	olaTTNIg21_195	25.758	66	49	0	28	93	27	92	1.67e-05	31.6
olaTTNIg8_195	olaTTNIg80_196	29.412	68	48	0	27	94	28	95	1.69e-05	31.6
olaTTNIg8_195	olaTTNIg19_391	30.667	75	45	2	18	92	19	86	3.11e-05	30.8
olaTTNIg8_195	olaTTNIg41_196	25.641	78	55	2	16	92	17	92	4.40e-05	30.4
olaTTNIg8_195	olaTTNIg7_195	27.273	88	60	2	1	86	1	86	5.23e-05	30.4
olaTTNIg8_195	olaTTNIg87_194	30.357	56	37	1	28	83	29	82	1.03e-04	29.6
olaTTNIg8_195	olaTTNIg73_197	29.577	71	46	2	22	92	26	92	1.74e-04	28.9
olaTTNIg8_195	olaTTNIg9_193	25.641	78	55	2	18	95	18	92	2.21e-04	28.5
olaTTNIg8_195	olaTTNIg111_1101	25	68	50	1	28	94	33	100	2.80e-04	28.5
olaTTNIg8_195	olaTTNIg98_196	24.658	73	53	1	18	90	19	89	3.22e-04	28.1
olaTTNIg8_195	olaTTNIg20_187	28	50	33	1	2	51	3	49	4.23e-04	27.7
olaTTNIg8_195	olaTTNIg85_194	22.727	66	51	0	30	95	29	94	4.42e-04	27.7
olaTTNIg8_195	olaTTNIg76_192	22.388	67	52	0	28	94	25	91	5.25e-04	27.7
olaTTNIg8_195	olaTTNIg116_195	23.684	76	56	1	18	93	19	92	5.95e-04	27.7
olaTTNIg8_195	olaTTNIg64_193	30.667	75	48	2	19	93	19	89	6.38e-04	27.3
olaTTNIg8_195	olaTTNIg14_188	27.473	91	38	3	24	93	5	88	0.001	26.9
olaTTNIg8_195	olaTTNIg16_189	26.667	90	59	2	3	92	5	87	0.001	26.6
olaTTNIg8_195	olaTTNIg39_194	21.053	95	72	2	1	94	2	94	0.001	26.6
olaTTNIg8_195	olaTTNIg2_194	22.727	88	55	2	1	77	2	87	0.002	26.6
olaTTNIg8_195	olaTTNIg49_187	30	60	38	1	34	93	31	86	0.002	26.2
olaTTNIg8_195	olaTTNIg11_191	27.174	92	62	3	3	93	4	91	0.002	25.8
olaTTNIg8_195	olaTTNIg13_189	29.73	37	26	0	36	72	34	70	0.002	25.8
olaTTNIg8_195	olaTTNIg89_196	22.388	67	52	0	28	94	29	95	0.003	25.8
olaTTNIg8_195	olaTTNIg101_195	26.374	91	55	2	15	94	5	94	0.003	25.8
olaTTNIg8_195	olaTTNIg55_190	25.49	51	35	1	2	52	5	52	0.003	25.4
olaTTNIg8_195	olaTTNIg60_187	23.288	73	53	1	3	75	4	73	0.006	24.6
olaTTNIg8_195	olaTTNIg83_195	27.273	55	40	0	28	82	28	82	0.008	24.6
olaTTNIg8_195	olaTTNIg102_195	27.273	66	44	2	28	93	30	91	0.008	24.6
olaTTNIg8_195	olaTTNIg52_188	24.59	61	42	1	34	94	32	88	0.01	24.3
olaTTNIg8_195	olaTTNIg109_193	25.714	70	51	1	27	95	24	93	0.012	23.9
olaTTNIg8_195	olaTTNIg28_194	32.353	34	23	0	59	92	59	92	0.014	23.9
olaTTNIg8_195	olaTTNIg95_197	31.818	44	30	0	28	71	30	73	0.031	22.7
olaTTNIg8_195	olaTTNIg100_195	21.818	55	43	0	28	82	29	83	0.032	22.7
olaTTNIg8_195	olaTTNIg113_197	27.273	66	45	1	30	92	29	94	0.059	21.9
olaTTNIg8_195	olaTTNIg82_196	23.636	55	42	0	28	82	29	83	0.063	21.9
olaTTNIg8_195	olaTTNIg94_193	22.034	59	35	1	28	75	26	84	0.1	21.6
olaTTNIg8_195	olaTTNIg81_193	42.105	19	11	0	28	46	29	47	0.16	20.8
olaTTNIg8_195	olaTTNIg57_188	25	68	41	2	18	78	19	83	0.17	20.8
olaTTNIg8_195	olaTTNIg70_195	23.881	67	51	0	28	94	28	94	0.18	20.8
olaTTNIg8_195	olaTTNIg69_194	28.358	67	46	1	28	94	29	93	0.2	20.4
olaTTNIg8_195	olaTTNIg90_195	27.273	55	38	1	28	82	30	82	0.33	20
olaTTNIg8_195	olaTTNIg72_197	31.818	22	15	0	27	48	29	50	0.39	19.6
olaTTNIg8_195	olaTTNIg45_192	20.513	78	57	2	17	93	19	92	0.62	19.2
olaTTNIg8_195	olaTTNIg68_199	32	25	17	0	58	82	62	86	0.76	18.9
olaTTNIg8_195	olaTTNIg12_189	25.862	58	39	1	36	93	35	88	0.78	18.9
olaTTNIg8_195	olaTTNIg106_196	21.212	66	41	1	20	74	21	86	0.83	18.9
olaTTNIg8_195	olaTTNIg92_196	33.333	24	16	0	28	51	29	52	0.96	18.5
olaTTNIg8_195	olaTTNIg74_196	23.958	96	70	2	1	94	1	95	1.7	18.1
olaTTNIg8_195	olaTTNIg112_198	28.571	28	20	0	29	56	58	85	2	17.7
olaTTNIg8_195	olaTTNIg63_197	24.615	65	47	1	28	92	30	92	2.1	17.7
olaTTNIg8_195	olaTTNIg96_194	25	44	31	1	28	71	29	70	2.6	17.3
olaTTNIg8_195	olaTTNIg77_197	20	55	44	0	28	82	30	84	3.3	17.3
olaTTNIg8_195	olaTTNIg103_196	21.538	65	51	0	7	71	8	72	3.5	16.9
olaTTNIg8_195	olaTTNIg79_197	60	10	4	0	27	36	28	37	3.5	16.9
olaTTNIg8_195	olaTTNIg107_194	25.424	59	41	2	25	82	25	81	5.2	16.5
olaTTNIg9_193	olaTTNIg9_193	100	93	0	0	1	93	1	93	2.42e-68	191
olaTTNIg9_193	olaTTNIg6_195	31.579	95	63	1	1	93	1	95	8.71e-16	58.2
olaTTNIg9_193	olaTTNIg116_195	34.043	94	57	2	3	93	4	95	1.93e-14	54.7
olaTTNIg9_193	olaTTNIg1_196	31.325	83	54	2	8	87	9	91	1.01e-12	50.4
olaTTNIg9_193	olaTTNIg21_195	30.851	94	64	1	1	93	2	95	1.41e-12	50.1
olaTTNIg9_193	olaTTNIg36_194	31.183	93	62	2	1	91	2	94	1.70e-12	49.7
olaTTNIg9_193	olaTTNIg108_193	36.232	69	43	1	15	82	15	83	2.73e-12	49.3
olaTTNIg9_193	olaTTNIg4_195	32.222	90	58	1	1	87	2	91	3.61e-12	48.9
olaTTNIg9_193	olaTTNIg5_198	30.488	82	55	1	11	90	12	93	6.12e-12	48.5
olaTTNIg9_193	olaTTNIg24_194	31.395	86	58	1	9	93	9	94	6.46e-12	48.1
olaTTNIg9_193	olaTTNIg115_194	27.778	90	64	1	1	89	2	91	9.32e-12	47.8
olaTTNIg9_193	olaTTNIg2_194	35	80	51	1	12	90	13	92	1.92e-11	47
olaTTNIg9_193	olaTTNIg3_195	26.596	94	68	1	1	93	2	95	2.16e-11	47
olaTTNIg9_193	olaTTNIg23_194	28.723	94	66	1	1	93	1	94	2.80e-11	46.6
olaTTNIg9_193	olaTTNIg22_193	28.889	90	62	2	1	89	2	90	6.07e-11	45.8
olaTTNIg9_193	olaTTNIg30_194	30.38	79	54	1	14	91	16	94	7.68e-11	45.4
olaTTNIg9_193	olaTTNIg10_194	30.769	78	52	1	15	90	16	93	2.32e-10	44.3
olaTTNIg9_193	olaTTNIg53_190	32.051	78	51	2	10	86	13	89	3.55e-10	43.9
olaTTNIg9_193	olaTTNIg117_196	26.667	90	65	1	1	89	2	91	9.22e-10	42.7
olaTTNIg9_193	olaTTNIg27_192	29.762	84	58	1	9	91	9	92	2.24e-09	41.6
olaTTNIg9_193	olaTTNIg31_193	34.118	85	53	2	10	93	11	93	2.51e-09	41.6
olaTTNIg9_193	olaTTNIg91_193	27.957	93	66	1	1	92	1	93	2.68e-09	41.6
olaTTNIg9_193	olaTTNIg114_192	30.588	85	55	2	10	92	10	92	2.98e-09	41.6
olaTTNIg9_193	olaTTNIg98_196	29.167	96	64	2	1	92	1	96	4.48e-09	41.2
olaTTNIg9_193	olaTTNIg73_197	26.882	93	64	2	1	89	2	94	6.49e-09	40.8
olaTTNIg9_193	olaTTNIg55_190	35.088	57	36	1	10	66	13	68	1.60e-08	39.3
olaTTNIg9_193	olaTTNIg76_192	27.473	91	64	2	1	90	1	90	1.70e-08	39.3
olaTTNIg9_193	olaTTNIg41_196	30	90	59	3	7	93	8	96	2.08e-08	39.3
olaTTNIg9_193	olaTTNIg42_192	30.337	89	51	3	8	85	2	90	2.29e-08	39.3
olaTTNIg9_193	olaTTNIg72_197	31.034	87	57	2	4	89	8	92	2.70e-08	38.9
olaTTNIg9_193	olaTTNIg29_192	27.381	84	60	1	9	91	9	92	9.24e-08	37.4
olaTTNIg9_193	olaTTNIg106_196	26.19	84	61	1	10	92	13	96	1.08e-07	37.4
olaTTNIg9_193	olaTTNIg40_194	24.138	87	65	1	8	93	8	94	2.38e-07	36.6
olaTTNIg9_193	olaTTNIg64_193	23.333	90	68	1	1	89	1	90	3.65e-07	35.8
olaTTNIg9_193	olaTTNIg113_197	29.114	79	52	2	15	89	16	94	3.70e-07	36.2
olaTTNIg9_193	olaTTNIg77_197	25	88	51	2	10	89	14	94	7.82e-07	35
olaTTNIg9_193	olaTTNIg110_194	28.947	76	51	3	18	90	18	93	8.64e-07	35
olaTTNIg9_193	olaTTNIg33_195	25	72	53	1	9	79	10	81	1.44e-06	34.3
olaTTNIg9_193	olaTTNIg60_187	38.095	42	25	1	12	53	13	53	2.19e-06	33.9
olaTTNIg9_193	olaTTNIg17_290	34.483	58	37	1	10	66	12	69	2.19e-06	33.9
olaTTNIg9_193	olaTTNIg59_189	32.895	76	49	2	8	82	9	83	2.24e-06	33.9
olaTTNIg9_193	olaTTNIg67_1104	25	88	58	1	10	89	14	101	3.11e-06	33.9
olaTTNIg9_193	olaTTNIg101_195	26.506	83	61	0	8	90	11	93	4.03e-06	33.1
olaTTNIg9_193	olaTTNIg47_188	28.07	57	40	1	10	66	12	67	7.56e-06	32.3
olaTTNIg9_193	olaTTNIg54_189	42.857	42	23	1	12	53	14	54	8.40e-06	32.3
olaTTNIg9_193	olaTTNIg105_194	26.19	84	61	1	6	89	9	91	8.63e-06	32.3
olaTTNIg9_193	olaTTNIg34_193	26.027	73	53	1	20	91	21	93	9.15e-06	32.3
olaTTNIg9_193	olaTTNIg83_195	22.368	76	58	1	15	89	17	92	1.16e-05	32
olaTTNIg9_193	olaTTNIg83_195	50	12	6	0	82	93	44	55	5.3	16.5
olaTTNIg9_193	olaTTNIg57_188	28.302	53	37	1	1	53	2	53	1.36e-05	31.6
olaTTNIg9_193	olaTTNIg79_197	27.16	81	57	1	14	92	17	97	1.38e-05	32
olaTTNIg9_193	olaTTNIg58_193	28.049	82	55	3	3	83	4	82	1.54e-05	31.6
olaTTNIg9_193	olaTTNIg74_196	29.762	84	55	3	1	80	1	84	1.77e-05	31.6
olaTTNIg9_193	olaTTNIg112_198	26.415	53	37	2	12	62	16	68	4.92e-05	30.4
olaTTNIg9_193	olaTTNIg20_187	25.352	71	51	2	10	79	11	80	5.51e-05	30
olaTTNIg9_193	olaTTNIg111_1101	22.093	86	61	2	8	89	15	98	7.48e-05	30
olaTTNIg9_193	olaTTNIg28_194	26.374	91	65	2	1	89	2	92	8.90e-05	29.6
olaTTNIg9_193	olaTTNIg78_196	25	100	57	5	1	89	1	93	1.08e-04	29.6
olaTTNIg9_193	olaTTNIg63_197	28.283	99	61	3	1	92	2	97	1.27e-04	29.3
olaTTNIg9_193	olaTTNIg11_191	32.812	64	40	3	8	69	9	71	1.45e-04	29.3
olaTTNIg9_193	olaTTNIg88_193	29.412	68	47	1	26	92	26	93	1.52e-04	28.9
olaTTNIg9_193	olaTTNIg8_195	25.641	78	55	2	18	92	18	95	2.17e-04	28.5
olaTTNIg9_193	olaTTNIg39_194	23.077	78	59	1	15	91	17	94	2.23e-04	28.5
olaTTNIg9_193	olaTTNIg95_197	26.744	86	62	1	8	92	12	97	2.64e-04	28.5
olaTTNIg9_193	olaTTNIg26_192	30.645	62	41	2	30	89	28	89	2.76e-04	28.5
olaTTNIg9_193	olaTTNIg84_195	25	72	41	2	24	89	28	92	2.98e-04	28.1
olaTTNIg9_193	olaTTNIg82_196	20.779	77	60	1	15	90	18	94	3.08e-04	28.1
olaTTNIg9_193	olaTTNIg14_188	26.582	79	53	2	13	90	14	88	3.66e-04	28.1
olaTTNIg9_193	olaTTNIg25_194	25.556	90	63	2	1	87	2	90	3.81e-04	28.1
olaTTNIg9_193	olaTTNIg85_194	21.212	66	51	1	28	92	29	94	4.36e-04	27.7
olaTTNIg9_193	olaTTNIg97_197	28	75	51	2	10	82	14	87	4.41e-04	27.7
olaTTNIg9_193	olaTTNIg97_197	44.444	18	10	0	61	78	5	22	6.9	16.2
olaTTNIg9_193	olaTTNIg66_196	22.667	75	58	0	15	89	19	93	4.74e-04	27.7
olaTTNIg9_193	olaTTNIg99_197	27.273	55	39	1	26	79	29	83	6.86e-04	27.3
olaTTNIg9_193	olaTTNIg104_198	31.915	47	32	0	5	51	10	56	0.002	26.6
olaTTNIg9_193	olaTTNIg62_195	30.303	33	15	1	4	36	14	38	0.002	25.8
olaTTNIg9_193	olaTTNIg51_488	28.571	77	53	2	10	85	8	83	0.003	25.4
olaTTNIg9_193	olaTTNIg75_195	32.432	74	43	3	1	69	1	72	0.003	25.8
olaTTNIg9_193	olaTTNIg38_193	23.656	93	62	4	1	86	2	92	0.003	25.4
olaTTNIg9_193	olaTTNIg32_194	22.093	86	65	2	8	91	9	94	0.004	25.4
olaTTNIg9_193	olaTTNnewIg_1104	24.286	70	43	3	15	81	18	80	0.005	25
olaTTNIg9_193	olaTTNIg103_196	39.13	23	14	0	24	46	27	49	0.005	25
olaTTNIg9_193	olaTTNIg7_195	25	44	33	0	10	53	10	53	0.006	24.6
olaTTNIg9_193	olaTTNIg68_199	21.739	92	64	1	6	89	5	96	0.006	25
olaTTNIg9_193	olaTTNIg93_194	25.532	94	62	4	1	89	1	91	0.006	24.6
olaTTNIg9_193	olaTTNIg13_189	28.916	83	53	4	10	90	11	89	0.006	24.6
olaTTNIg9_193	olaTTNIg70_195	23.729	59	44	1	23	80	25	83	0.006	24.6
olaTTNIg9_193	olaTTNIg48_188	29.333	75	51	2	12	85	13	86	0.007	24.6
olaTTNIg9_193	olaTTNIg109_193	22.5	80	60	2	15	92	14	93	0.008	24.3
olaTTNIg9_193	olaTTNIg69_194	31.818	44	27	1	1	41	1	44	0.009	24.3
olaTTNIg9_193	olaTTNIg89_196	20	40	32	0	10	49	13	52	0.01	24.3
olaTTNIg9_193	olaTTNIg92_196	22.619	84	64	1	10	92	13	96	0.011	23.9
olaTTNIg9_193	olaTTNIg71_194	21.795	78	60	1	15	92	18	94	0.016	23.5
olaTTNIg9_193	olaTTNIg90_195	31.25	48	29	2	1	44	2	49	0.024	23.1
olaTTNIg9_193	olaTTNIg87_194	20.732	82	61	2	1	79	1	81	0.028	22.7
olaTTNIg9_193	olaTTNIg86_197	27.907	43	27	2	1	40	2	43	0.041	22.3
olaTTNIg9_193	olaTTNIg94_193	25.61	82	60	1	1	81	1	82	0.13	21.2
olaTTNIg9_193	olaTTNIg100_195	20	55	43	1	26	79	29	83	0.14	21.2
olaTTNIg9_193	olaTTNIg100_195	27.273	22	16	0	1	22	33	54	8.2	15.8
olaTTNIg9_193	olaTTNIg81_193	33.333	24	16	0	15	38	18	41	0.15	20.8
olaTTNIg9_193	olaTTNIg96_194	24.286	70	52	1	12	81	15	83	0.21	20.4
olaTTNIg9_193	olaTTNIg61_188	25	44	25	1	39	82	49	84	0.25	20.4
olaTTNIg9_193	olaTTNIg107_194	20	75	46	1	12	72	15	89	0.44	19.6
olaTTNIg9_193	olaTTNIg45_192	50	12	6	0	32	43	32	43	1.8	17.7
olaTTNIg10_194	olaTTNIg10_194	100	94	0	0	1	94	1	94	1.80e-69	194
olaTTNIg10_194	olaTTNIg3_195	34.043	94	59	2	1	93	1	92	1.71e-16	60.1
olaTTNIg10_194	olaTTNIg115_194	34.043	94	61	1	1	94	1	93	4.78e-15	56.2
olaTTNIg10_194	olaTTNIg2_194	30.851	94	62	2	2	94	2	93	1.37e-13	52.8
olaTTNIg10_194	olaTTNIg113_197	30.851	94	63	1	1	92	1	94	1.52e-12	50.1
olaTTNIg10_194	olaTTNIg21_195	36.559	93	56	2	2	93	2	92	4.63e-12	48.9
olaTTNIg10_194	olaTTNIg1_196	33.673	98	58	2	1	94	1	95	2.04e-11	47
olaTTNIg10_194	olaTTNIg76_192	30.851	94	59	3	2	93	1	90	6.20e-11	45.8
olaTTNIg10_194	olaTTNIg5_198	32.051	78	53	0	16	93	16	93	9.17e-11	45.4
olaTTNIg10_194	olaTTNIg9_193	30.769	78	52	1	16	93	15	90	2.35e-10	44.3
olaTTNIg10_194	olaTTNIg63_197	30.667	75	51	1	12	86	15	88	7.57e-10	43.1
olaTTNIg10_194	olaTTNIg89_196	33.803	71	46	1	12	82	14	83	8.82e-10	42.7
olaTTNIg10_194	olaTTNIg6_195	30.108	93	65	0	2	94	1	93	9.32e-10	42.7
olaTTNIg10_194	olaTTNIg23_194	33.333	93	61	1	2	94	1	92	9.64e-10	42.7
olaTTNIg10_194	olaTTNIg25_194	30.108	93	65	0	2	94	2	94	1.32e-09	42.4
olaTTNIg10_194	olaTTNIg85_194	25.926	81	59	1	12	92	12	91	1.95e-09	42
olaTTNIg10_194	olaTTNIg100_195	24.691	81	60	1	12	92	14	93	2.77e-09	41.6
olaTTNIg10_194	olaTTNIg24_194	27.957	93	64	2	2	93	1	91	3.75e-09	41.2
olaTTNIg10_194	olaTTNIg73_197	33.333	72	47	1	12	83	15	85	5.23e-09	40.8
olaTTNIg10_194	olaTTNIg4_195	31.522	92	62	1	1	91	1	92	7.48e-09	40.4
olaTTNIg10_194	olaTTNIg40_194	29.63	81	56	1	2	82	1	80	1.12e-08	40
olaTTNIg10_194	olaTTNIg108_193	25.806	93	68	1	2	94	1	92	1.40e-08	39.7
olaTTNIg10_194	olaTTNIg110_194	23.656	93	70	1	2	93	1	93	1.69e-08	39.7
olaTTNIg10_194	olaTTNIg74_196	26.506	83	58	2	12	92	12	93	1.29e-07	37.4
olaTTNIg10_194	olaTTNIg30_194	29.032	93	64	2	2	93	2	93	1.35e-07	37.4
olaTTNIg10_194	olaTTNIg98_196	28.169	71	50	1	16	86	18	87	2.56e-07	36.6
olaTTNIg10_194	olaTTNIg91_193	24.691	81	60	1	2	82	1	80	2.62e-07	36.6
olaTTNIg10_194	olaTTNIg106_196	22.388	67	51	1	16	82	18	83	2.90e-07	36.2
olaTTNIg10_194	olaTTNIg107_194	29.167	72	48	1	16	87	18	86	2.93e-07	36.2
olaTTNIg10_194	olaTTNIg87_194	30.488	82	52	2	12	93	14	90	2.93e-07	36.2
olaTTNIg10_194	olaTTNIg114_192	36.25	80	45	3	16	93	15	90	2.95e-07	36.2
olaTTNIg10_194	olaTTNIg109_193	32.692	52	34	1	14	65	12	62	3.79e-07	35.8
olaTTNIg10_194	olaTTNIg67_1104	28.205	78	50	1	12	83	15	92	5.28e-07	35.8
olaTTNIg10_194	olaTTNIg105_194	26.744	86	58	2	9	92	9	91	6.33e-07	35.4
olaTTNIg10_194	olaTTNIg83_195	27.66	94	56	4	2	89	1	88	7.38e-07	35.4
olaTTNIg10_194	olaTTNIg36_194	27.711	83	58	2	1	82	1	82	9.45e-07	35
olaTTNIg10_194	olaTTNIg38_193	23.077	91	69	1	2	92	2	91	1.16e-06	34.7
olaTTNIg10_194	olaTTNIg33_195	23.75	80	60	1	4	83	4	82	1.61e-06	34.3
olaTTNIg10_194	olaTTNIg66_196	24.658	73	53	1	16	88	19	89	2.29e-06	33.9
olaTTNIg10_194	olaTTNIg88_193	24.39	82	61	1	2	83	1	81	4.06e-06	33.1
olaTTNIg10_194	olaTTNIg8_195	26.316	95	65	3	2	93	1	93	4.41e-06	33.1
olaTTNIg10_194	olaTTNIg116_195	25.556	90	66	1	4	93	4	92	4.95e-06	33.1
olaTTNIg10_194	olaTTNIg79_197	28.205	78	54	2	16	92	18	94	5.36e-06	33.1
olaTTNIg10_194	olaTTNIg117_196	22.449	98	67	2	1	94	1	93	5.93e-06	32.7
olaTTNIg10_194	olaTTNIg69_194	29.87	77	48	2	6	82	11	81	8.76e-06	32.3
olaTTNIg10_194	olaTTNIg80_196	30.556	72	48	2	12	82	13	83	9.11e-06	32.3
olaTTNIg10_194	olaTTNIg95_197	26.027	73	53	1	13	85	16	87	1.22e-05	32
olaTTNIg10_194	olaTTNIg104_198	22.892	83	61	2	7	87	9	90	1.32e-05	32
olaTTNIg10_194	olaTTNIg90_195	28.169	71	48	1	12	82	15	82	1.66e-05	31.6
olaTTNIg10_194	olaTTNIg27_192	26.667	90	50	2	2	75	1	90	2.13e-05	31.2
olaTTNIg10_194	olaTTNIg92_196	31.915	47	29	1	2	48	7	50	2.99e-05	31.2
olaTTNIg10_194	olaTTNIg50_192	30	70	43	4	17	83	17	83	4.25e-05	30.4
olaTTNIg10_194	olaTTNIg22_193	29.213	89	61	2	2	90	2	88	5.08e-05	30.4
olaTTNIg10_194	olaTTNIg101_195	20.93	86	58	2	12	93	14	93	6.97e-05	30
olaTTNIg10_194	olaTTNIg75_195	27.397	73	49	2	12	83	14	83	7.05e-05	30
olaTTNIg10_194	olaTTNIg94_193	20.988	81	63	1	12	92	11	90	7.54e-05	30
olaTTNIg10_194	olaTTNIg20_187	27.941	68	44	2	26	93	25	87	9.30e-05	29.6
olaTTNIg10_194	olaTTNIg103_196	25.862	58	42	1	25	82	27	83	1.29e-04	29.3
olaTTNIg10_194	olaTTNIg112_198	26.087	92	66	2	4	94	7	97	1.57e-04	29.3
olaTTNIg10_194	olaTTNIg82_196	20.513	78	61	1	16	93	18	94	1.72e-04	28.9
olaTTNIg10_194	olaTTNIg93_194	28.169	71	48	2	12	82	14	81	1.92e-04	28.9
olaTTNIg10_194	olaTTNIg41_196	31.507	73	48	2	21	92	21	92	2.02e-04	28.9
olaTTNIg10_194	olaTTNIg7_195	29.73	37	26	0	2	38	1	37	2.46e-04	28.5
olaTTNIg10_194	olaTTNIg86_197	25.287	87	59	4	1	83	1	85	2.96e-04	28.5
olaTTNIg10_194	olaTTNIg84_195	26.471	68	47	2	19	86	22	86	4.11e-04	28.1
olaTTNIg10_194	olaTTNIg48_188	28	75	50	3	4	77	4	75	5.26e-04	27.7
olaTTNIg10_194	olaTTNIg68_199	24.706	85	54	2	16	92	14	96	5.89e-04	27.7
olaTTNIg10_194	olaTTNIg78_196	23.529	68	49	2	16	82	18	83	0.001	26.9
olaTTNIg10_194	olaTTNIg96_194	39.286	28	17	0	16	43	18	45	0.001	26.9
olaTTNIg10_194	olaTTNIg71_194	23.077	78	57	1	15	92	17	91	0.001	26.6
olaTTNIg10_194	olaTTNIg17_290	31.667	60	36	2	34	93	35	89	0.001	26.6
olaTTNIg10_194	olaTTNIg97_197	24.051	79	57	2	13	91	16	91	0.001	26.6
olaTTNIg10_194	olaTTNIg62_195	22.667	75	52	1	5	79	12	80	0.002	26.2
olaTTNIg10_194	olaTTNIg81_193	24.051	79	49	2	13	80	15	93	0.002	25.8
olaTTNIg10_194	olaTTNIg64_193	20.896	67	52	1	16	82	15	80	0.004	25.4
olaTTNIg10_194	olaTTNIg102_195	24.324	74	47	3	12	85	21	85	0.004	25
olaTTNIg10_194	olaTTNIg70_195	30	30	21	0	21	50	22	51	0.005	25
olaTTNIg10_194	olaTTNIg13_189	28.049	82	55	3	12	93	12	89	0.005	25
olaTTNIg10_194	olaTTNIg99_197	23.944	71	53	1	13	83	15	84	0.01	24.3
olaTTNIg10_194	olaTTNIg53_190	30	60	37	2	34	93	35	89	0.011	23.9
olaTTNIg10_194	olaTTNIg58_193	27.16	81	57	2	3	83	3	81	0.013	23.9
olaTTNIg10_194	olaTTNIg111_1101	22.388	67	52	0	16	82	22	88	0.018	23.5
olaTTNIg10_194	olaTTNIg59_189	26.471	68	43	3	26	92	25	86	0.025	23.1
olaTTNIg10_194	olaTTNIg56_189	26.786	56	40	1	26	81	25	79	0.03	22.7
olaTTNIg10_194	olaTTNIg19_391	53.846	13	6	0	35	47	34	46	0.065	21.9
olaTTNIg10_194	olaTTNIg46_189	23.611	72	53	2	4	75	5	74	0.069	21.9
olaTTNIg10_194	olaTTNIg16_189	34.783	23	15	0	26	48	26	48	0.096	21.6
olaTTNIg10_194	olaTTNIg44_197	27.119	59	42	1	35	93	40	97	0.11	21.2
olaTTNIg10_194	olaTTNIg37_193	22.619	84	64	1	2	85	2	84	0.11	21.2
olaTTNIg10_194	olaTTNIg60_187	21.053	38	29	1	34	71	33	69	0.18	20.8
olaTTNIg10_194	olaTTNIg60_187	50	10	5	0	26	35	62	71	1.4	18.1
olaTTNIg10_194	olaTTNIg55_190	25.714	35	24	1	35	69	36	68	0.28	20
olaTTNIg10_194	olaTTNIg52_188	28.571	35	24	1	17	51	17	50	0.37	19.6
olaTTNIg10_194	olaTTNIg14_188	19.565	46	37	0	4	49	4	49	0.97	18.5
olaTTNIg10_194	olaTTNIg11_191	23.81	21	16	0	27	47	27	47	1.3	18.1
olaTTNIg10_194	olaTTNIg47_188	27.778	54	32	4	26	76	26	75	7.3	16.2
olaTTNIg11_191	olaTTNIg11_191	100	91	0	0	1	91	1	91	3.37e-67	188
olaTTNIg11_191	olaTTNIg61_188	45.588	68	36	1	21	88	21	87	1.93e-16	59.7
olaTTNIg11_191	olaTTNIg20_187	36.986	73	45	1	2	74	2	73	2.00e-13	52
olaTTNIg11_191	olaTTNIg44_197	30.526	95	62	2	1	91	3	97	3.18e-13	51.6
olaTTNIg11_191	olaTTNIg55_190	35.714	84	47	2	2	85	4	80	1.31e-12	50.1
olaTTNIg11_191	olaTTNIg108_193	36.066	61	38	1	20	79	18	78	1.43e-12	50.1
olaTTNIg11_191	olaTTNIg59_189	35.065	77	49	1	2	78	2	77	2.75e-12	48.9
olaTTNIg11_191	olaTTNIg19_391	35.556	90	54	2	1	90	1	86	3.42e-12	48.9
olaTTNIg11_191	olaTTNIg47_188	34.444	90	55	2	2	91	3	88	2.81e-11	46.6
olaTTNIg11_191	olaTTNIg60_187	36.111	72	43	1	20	91	19	87	3.44e-11	46.2
olaTTNIg11_191	olaTTNIg43_297	28.09	89	61	3	2	88	3	90	1.36e-10	45.1
olaTTNIg11_191	olaTTNIg52_188	32.955	88	55	2	4	91	4	87	1.48e-10	44.7
olaTTNIg11_191	olaTTNIg56_189	28.889	90	61	2	1	90	1	87	4.66e-10	43.5
olaTTNIg11_191	olaTTNIg50_192	31.868	91	58	2	1	91	1	87	7.20e-10	42.7
olaTTNIg11_191	olaTTNIg58_193	32.941	85	54	2	8	90	8	91	1.40e-09	42.4
olaTTNIg11_191	olaTTNIg33_195	37.255	51	32	0	26	76	26	76	4.14e-09	41.2
olaTTNIg11_191	olaTTNIg30_194	23.377	77	58	1	4	79	4	80	5.31e-09	40.8
olaTTNIg11_191	olaTTNIg30_194	24	25	19	0	60	84	10	34	9	15.8
olaTTNIg11_191	olaTTNIg18_389	31.111	90	58	2	2	91	2	87	9.42e-09	40
olaTTNIg11_191	olaTTNIg36_194	27.5	80	57	1	1	79	1	80	1.79e-08	39.3
olaTTNIg11_191	olaTTNIg27_192	37.931	58	35	1	18	74	16	73	3.24e-08	38.5
olaTTNIg11_191	olaTTNIg54_189	31.081	74	50	1	1	74	2	74	4.20e-08	38.1
olaTTNIg11_191	olaTTNIg31_193	34.848	66	40	2	16	79	15	79	5.74e-08	38.1
olaTTNIg11_191	olaTTNIg53_190	27.778	90	61	2	1	90	3	88	1.48e-07	37
olaTTNIg11_191	olaTTNIg17_290	29.348	92	60	3	1	91	2	89	2.30e-07	36.2
olaTTNIg11_191	olaTTNIg57_188	28.169	71	48	1	20	90	19	86	2.33e-07	36.2
olaTTNIg11_191	olaTTNIg57_188	41.667	12	7	0	68	79	17	28	7.6	16.2
olaTTNIg11_191	olaTTNIg35_193	29.213	89	62	1	4	91	4	92	3.49e-07	35.8
olaTTNIg11_191	olaTTNIg116_195	29.87	77	48	4	3	76	3	76	4.05e-07	35.8
olaTTNIg11_191	olaTTNIg46_189	35.211	71	43	1	20	90	20	87	5.79e-07	35.4
olaTTNIg11_191	olaTTNIg34_193	28.947	76	50	3	1	74	1	74	1.28e-06	34.7
olaTTNIg11_191	olaTTNIg16_189	29.577	71	47	1	20	90	20	87	3.72e-06	33.1
olaTTNIg11_191	olaTTNIg51_488	29.825	57	39	1	4	60	1	56	5.21e-06	32.7
olaTTNIg11_191	olaTTNIg13_189	25.806	93	63	3	1	91	1	89	1.36e-05	31.6
olaTTNIg11_191	olaTTNIg42_192	24.324	74	53	2	1	72	3	75	3.01e-05	30.8
olaTTNIg11_191	olaTTNIg48_188	25.556	90	61	3	2	90	2	86	3.62e-05	30.4
olaTTNIg11_191	olaTTNIg5_198	29.825	57	36	3	21	74	20	75	5.09e-05	30.4
olaTTNIg11_191	olaTTNIg1_196	35	40	24	2	1	39	1	39	6.71e-05	30
olaTTNIg11_191	olaTTNIg22_193	24.419	86	63	2	7	91	7	91	6.87e-05	30
olaTTNIg11_191	olaTTNIg23_194	24.444	90	61	5	6	91	5	91	7.72e-05	29.6
olaTTNIg11_191	olaTTNIg9_193	32.812	64	40	3	9	71	8	69	1.42e-04	29.3
olaTTNIg11_191	olaTTNIg7_195	26.087	92	63	3	4	91	3	93	1.83e-04	28.9
olaTTNIg11_191	olaTTNIg113_197	28.846	52	34	1	26	74	26	77	2.05e-04	28.9
olaTTNIg11_191	olaTTNIg12_189	31.579	57	39	0	22	78	22	78	2.18e-04	28.5
olaTTNIg11_191	olaTTNIg49_187	25	88	61	3	4	91	4	86	4.76e-04	27.7
olaTTNIg11_191	olaTTNIg112_198	22.917	48	37	0	32	79	36	83	7.34e-04	27.3
olaTTNIg11_191	olaTTNIg8_195	27.174	92	62	3	4	91	3	93	0.002	25.8
olaTTNIg11_191	olaTTNIg29_192	25	56	41	1	22	76	20	75	0.002	25.8
olaTTNIg11_191	olaTTNIg39_194	30	50	34	1	27	76	29	77	0.003	25.8
olaTTNIg11_191	olaTTNIg24_194	22.917	48	37	0	29	76	28	75	0.005	25
olaTTNIg11_191	olaTTNIg45_192	35.294	34	22	0	57	90	57	90	0.005	25
olaTTNIg11_191	olaTTNIg64_193	26.984	63	45	1	29	91	28	89	0.005	25
olaTTNIg11_191	olaTTNIg3_195	21.333	75	57	2	1	74	1	74	0.007	24.6
olaTTNIg11_191	olaTTNIg32_194	24	50	37	1	31	79	31	80	0.009	24.3
olaTTNIg11_191	olaTTNIg76_192	16.667	48	40	0	26	73	24	71	0.014	23.9
olaTTNIg11_191	olaTTNIg40_194	20.37	54	42	1	22	74	20	73	0.014	23.9
olaTTNIg11_191	olaTTNIg72_197	22.414	58	45	0	29	86	32	89	0.016	23.5
olaTTNIg11_191	olaTTNIg117_196	23.404	47	36	0	27	73	27	73	0.027	23.1
olaTTNIg11_191	olaTTNIg86_197	20.833	48	38	0	27	74	30	77	0.038	22.3
olaTTNIg11_191	olaTTNIg63_197	27.273	66	43	2	27	90	30	92	0.039	22.3
olaTTNIg11_191	olaTTNIg26_192	23.529	85	61	3	8	90	7	89	0.041	22.3
olaTTNIg11_191	olaTTNIg25_194	18.056	72	58	1	4	74	4	75	0.042	22.3
olaTTNIg11_191	olaTTNIg4_195	25.455	55	38	2	22	73	21	75	0.045	22.3
olaTTNIg11_191	olaTTNIg38_193	21.333	75	57	2	3	76	3	76	0.05	22.3
olaTTNIg11_191	olaTTNIg100_195	20	50	40	0	27	76	29	78	0.067	21.9
olaTTNIg11_191	olaTTNIg21_195	25	64	47	1	29	91	29	92	0.11	21.2
olaTTNIg11_191	olaTTNIg77_197	21.875	64	49	1	27	90	30	92	0.21	20.4
olaTTNIg11_191	olaTTNIg102_195	27.66	47	32	1	27	73	30	74	0.21	20.4
olaTTNIg11_191	olaTTNIg37_193	24	50	37	1	27	76	28	76	0.3	20
olaTTNIg11_191	olaTTNIg80_196	24.638	69	51	1	6	73	7	75	0.34	20
olaTTNIg11_191	olaTTNIg89_196	40	20	12	0	60	79	46	65	0.82	18.9
olaTTNIg11_191	olaTTNIg10_194	23.81	21	16	0	27	47	27	47	1.3	18.1
olaTTNIg11_191	olaTTNIg91_193	54.545	11	5	0	29	39	28	38	1.4	18.1
olaTTNIg11_191	olaTTNIg71_194	54.545	11	5	0	29	39	31	41	1.9	17.7
olaTTNIg11_191	olaTTNIg104_198	21.538	65	50	1	27	91	31	94	2.4	17.3
olaTTNIg11_191	olaTTNIg94_193	37.5	16	10	0	27	42	26	41	3.1	16.9
olaTTNIg11_191	olaTTNIg99_197	28.571	42	25	1	27	68	29	65	4	16.9
olaTTNIg11_191	olaTTNIg79_197	40	15	9	0	27	41	29	43	5.5	16.5
olaTTNIg11_191	olaTTNIg28_194	71.429	7	2	0	22	28	51	57	6	16.2
olaTTNIg11_191	olaTTNIg84_195	26.415	53	21	2	27	79	30	64	7.7	16.2
olaTTNIg12_189	olaTTNIg12_189	100	89	0	0	1	89	1	89	4.65e-65	182
olaTTNIg12_189	olaTTNIg15_187	36.905	84	53	0	2	85	1	84	5.36e-16	58.5
olaTTNIg12_189	olaTTNIg57_188	35.366	82	53	0	4	85	3	84	2.97e-15	56.6
olaTTNIg12_189	olaTTNIg19_391	36.047	86	55	0	3	88	2	87	3.90e-15	56.2
olaTTNIg12_189	olaTTNIg47_188	33.721	86	54	1	3	88	6	88	1.78e-14	54.7
olaTTNIg12_189	olaTTNIg59_189	33.735	83	55	0	3	85	2	84	2.77e-13	51.6
olaTTNIg12_189	olaTTNIg18_389	35.938	64	41	0	22	85	21	84	1.35e-12	49.7
olaTTNIg12_189	olaTTNIg42_192	28.409	88	61	1	2	87	3	90	2.87e-12	48.9
olaTTNIg12_189	olaTTNIg17_290	28.736	87	61	1	2	87	2	88	7.28e-12	47.8
olaTTNIg12_189	olaTTNIg56_189	37.647	85	48	3	7	88	6	88	8.84e-12	47.8
olaTTNIg12_189	olaTTNIg43_297	27.778	90	60	1	3	87	3	92	1.70e-11	47
olaTTNIg12_189	olaTTNIg54_189	31.395	86	59	0	2	87	2	87	2.63e-11	46.6
olaTTNIg12_189	olaTTNIg13_189	28.409	88	63	0	2	89	1	88	3.52e-11	46.2
olaTTNIg12_189	olaTTNIg58_193	31.944	72	49	0	3	74	2	73	9.56e-11	45.1
olaTTNIg12_189	olaTTNIg53_190	28.571	70	50	0	19	88	20	89	3.70e-09	40.8
olaTTNIg12_189	olaTTNIg55_190	34.286	70	46	0	3	72	4	73	5.68e-09	40.4
olaTTNIg12_189	olaTTNIg20_187	28.916	83	59	0	3	85	2	84	7.22e-08	37.7
olaTTNIg12_189	olaTTNIg16_189	32.222	90	47	3	5	87	5	87	1.49e-07	36.6
olaTTNIg12_189	olaTTNIg46_189	22.892	83	64	0	5	87	5	87	1.50e-07	37
olaTTNIg12_189	olaTTNIg52_188	26.562	64	47	0	24	87	23	86	1.58e-07	36.6
olaTTNIg12_189	olaTTNIg22_193	26.667	90	62	1	2	87	1	90	1.62e-07	37
olaTTNIg12_189	olaTTNIg108_193	32.692	52	35	0	25	76	24	75	2.03e-07	36.6
olaTTNIg12_189	olaTTNIg61_188	24.138	87	66	0	1	87	1	87	3.06e-07	35.8
olaTTNIg12_189	olaTTNIg50_192	25	84	63	0	2	85	1	84	1.02e-06	34.7
olaTTNIg12_189	olaTTNIg44_197	34.211	76	46	1	2	73	3	78	1.68e-06	34.3
olaTTNIg12_189	olaTTNIg44_197	28.571	28	20	0	7	34	62	89	3.8	16.9
olaTTNIg12_189	olaTTNIg30_194	25.974	77	55	2	2	76	1	77	2.69e-06	33.5
olaTTNIg12_189	olaTTNIg51_488	29.63	81	55	2	6	85	2	81	2.73e-06	33.5
olaTTNIg12_189	olaTTNIg28_194	33.929	56	36	1	35	89	35	90	3.46e-06	33.5
olaTTNIg12_189	olaTTNIg76_192	30.263	76	45	3	14	82	5	79	8.84e-06	32.3
olaTTNIg12_189	olaTTNIg60_187	23.81	84	64	0	2	85	1	84	1.25e-05	31.6
olaTTNIg12_189	olaTTNIg25_194	27.632	76	53	2	2	75	1	76	2.59e-05	31.2
olaTTNIg12_189	olaTTNIg115_194	29.787	94	56	4	1	87	1	91	3.13e-05	30.8
olaTTNIg12_189	olaTTNIg112_198	25.676	74	53	1	5	76	7	80	3.58e-05	30.8
olaTTNIg12_189	olaTTNIg80_196	40	40	24	0	35	74	37	76	4.26e-05	30.4
olaTTNIg12_189	olaTTNIg14_188	24.706	85	63	1	5	88	4	88	4.96e-05	30
olaTTNIg12_189	olaTTNIg106_196	26.923	52	38	0	25	76	27	78	6.19e-05	30
olaTTNIg12_189	olaTTNIg117_196	24.39	82	59	3	11	89	10	91	6.94e-05	30
olaTTNIg12_189	olaTTNIg37_193	27.869	61	40	1	32	88	32	92	1.01e-04	29.3
olaTTNIg12_189	olaTTNIg26_192	28.205	39	27	1	35	72	32	70	1.12e-04	29.3
olaTTNIg12_189	olaTTNIg100_195	28.571	42	30	0	33	74	35	76	1.80e-04	28.9
olaTTNIg12_189	olaTTNIg11_191	31.579	57	39	0	22	78	22	78	2.13e-04	28.5
olaTTNIg12_189	olaTTNIg49_187	25.758	66	48	1	22	87	21	85	2.27e-04	28.5
olaTTNIg12_189	olaTTNIg116_195	26.316	76	55	1	2	76	1	76	2.61e-04	28.5
olaTTNIg12_189	olaTTNIg34_193	30.108	93	52	4	2	88	7	92	3.62e-04	28.1
olaTTNIg12_189	olaTTNIg48_188	22.353	85	66	0	3	87	2	86	5.32e-04	27.3
olaTTNIg12_189	olaTTNIg113_197	31.481	54	35	1	38	89	39	92	5.71e-04	27.3
olaTTNIg12_189	olaTTNIg98_196	26.786	56	41	0	34	89	36	91	0.002	26.2
olaTTNIg12_189	olaTTNIg6_195	25.758	66	48	1	25	89	24	89	0.002	26.2
olaTTNIg12_189	olaTTNIg72_197	21.818	55	43	0	35	89	38	92	0.002	26.2
olaTTNIg12_189	olaTTNIg35_193	31.034	58	36	1	35	88	35	92	0.003	25.4
olaTTNIg12_189	olaTTNIg3_195	24.286	70	52	1	5	73	4	73	0.004	25
olaTTNIg12_189	olaTTNIg89_196	22.5	40	31	0	35	74	37	76	0.006	24.6
olaTTNIg12_189	olaTTNIg24_194	26.087	69	47	1	25	89	24	92	0.006	24.6
olaTTNIg12_189	olaTTNIg62_195	29.412	51	35	1	35	84	36	86	0.006	24.6
olaTTNIg12_189	olaTTNIg5_198	31.707	41	27	1	34	73	34	74	0.006	24.6
olaTTNIg12_189	olaTTNIg39_194	25	56	42	0	34	89	35	90	0.007	24.3
olaTTNIg12_189	olaTTNIg45_192	25.641	39	29	0	38	76	38	76	0.009	24.3
olaTTNIg12_189	olaTTNIg99_197	25	44	33	0	33	76	35	78	0.009	24.3
olaTTNIg12_189	olaTTNIg85_194	23.913	46	35	0	27	72	27	72	0.017	23.5
olaTTNIg12_189	olaTTNIg78_196	28.205	39	25	1	49	87	51	86	0.019	23.1
olaTTNIg12_189	olaTTNIg33_195	23.077	91	65	2	2	87	1	91	0.024	23.1
olaTTNIg12_189	olaTTNIg104_198	25	52	39	0	25	76	29	80	0.033	22.7
olaTTNIg12_189	olaTTNIg86_197	27.5	40	29	0	35	74	38	77	0.037	22.3
olaTTNIg12_189	olaTTNIg102_195	32.143	28	19	0	58	85	59	86	0.039	22.3
olaTTNIg12_189	olaTTNIg23_194	24.444	90	63	2	4	88	2	91	0.042	22.3
olaTTNIg12_189	olaTTNIg40_194	21.818	55	43	0	35	89	34	88	0.066	21.9
olaTTNIg12_189	olaTTNIg82_196	20.69	58	42	1	34	87	36	93	0.086	21.6
olaTTNIg12_189	olaTTNIg114_192	33.333	33	22	0	57	89	55	87	0.099	21.2
olaTTNIg12_189	olaTTNIg27_192	26.25	80	54	2	13	87	11	90	0.16	20.8
olaTTNIg12_189	olaTTNIg79_197	21.569	51	39	1	25	74	27	77	0.31	20
olaTTNIg12_189	olaTTNIg68_199	32.258	31	21	0	59	89	64	94	0.34	19.6
olaTTNIg12_189	olaTTNIg110_194	24.59	61	40	2	35	89	34	94	0.39	19.6
olaTTNIg12_189	olaTTNIg31_193	24.444	45	34	0	34	78	34	78	0.42	19.6
olaTTNIg12_189	olaTTNIg2_194	23.288	73	55	1	2	73	1	73	0.47	19.2
olaTTNIg12_189	olaTTNIg83_195	29.268	41	29	0	34	74	35	75	0.7	18.9
olaTTNIg12_189	olaTTNIg90_195	37.5	16	10	0	59	74	60	75	0.73	18.9
olaTTNIg12_189	olaTTNIg8_195	25.862	58	39	1	35	88	36	93	0.73	18.9
olaTTNIg12_189	olaTTNIg94_193	19.608	51	41	0	34	84	33	83	0.8	18.9
olaTTNIg12_189	olaTTNIg101_195	32	25	17	0	50	74	51	75	0.81	18.9
olaTTNIg12_189	olaTTNIg105_194	43.75	16	9	0	58	73	58	73	0.92	18.5
olaTTNIg12_189	olaTTNIg4_195	30.233	43	26	1	47	85	49	91	1.3	18.1
olaTTNIg12_189	olaTTNIg70_195	20.93	43	34	0	34	76	35	77	1.7	17.7
olaTTNIg12_189	olaTTNIg95_197	19.355	31	25	0	58	88	61	91	1.7	17.7
olaTTNIg12_189	olaTTNIg36_194	22.034	59	42	1	34	88	35	93	1.8	17.7
olaTTNIg12_189	olaTTNIg36_194	40	20	9	1	13	29	61	80	4.1	16.5
olaTTNIg12_189	olaTTNIg91_193	16	50	42	0	25	74	24	73	1.8	17.7
olaTTNIg12_189	olaTTNIg71_194	30.233	43	28	2	34	76	36	76	2.6	17.3
olaTTNIg12_189	olaTTNIg87_194	29.412	17	12	0	58	74	58	74	5.5	16.5
olaTTNIg13_189	olaTTNIg13_189	100	89	0	0	1	89	1	89	5.58e-66	184
olaTTNIg13_189	olaTTNIg19_391	33.766	77	51	0	7	83	7	83	3.48e-13	51.2
olaTTNIg13_189	olaTTNIg54_189	33.333	72	48	0	1	72	2	73	5.72e-13	50.8
olaTTNIg13_189	olaTTNIg60_187	29.213	89	61	1	1	89	1	87	1.52e-12	49.7
olaTTNIg13_189	olaTTNIg50_192	28.09	89	62	1	1	89	1	87	2.19e-12	49.3
olaTTNIg13_189	olaTTNIg91_193	47.5	40	21	0	33	72	33	72	1.58e-11	47
olaTTNIg13_189	olaTTNIg12_189	28.409	88	63	0	1	88	2	89	3.52e-11	46.2
olaTTNIg13_189	olaTTNIg16_189	28.75	80	57	0	7	86	8	87	3.84e-11	46.2
olaTTNIg13_189	olaTTNIg14_188	32.584	89	57	2	2	89	2	88	1.24e-10	44.7
olaTTNIg13_189	olaTTNIg59_189	32.184	87	57	1	2	88	2	86	1.49e-10	44.7
olaTTNIg13_189	olaTTNIg20_187	32.836	67	45	0	8	74	8	74	4.16e-10	43.5
olaTTNIg13_189	olaTTNIg85_194	27.273	88	64	0	1	88	2	89	5.05e-10	43.1
olaTTNIg13_189	olaTTNIg15_187	22.892	83	64	0	1	83	1	83	5.22e-10	43.1
olaTTNIg13_189	olaTTNIg53_190	28.409	88	61	1	2	89	4	89	6.30e-10	43.1
olaTTNIg13_189	olaTTNIg17_290	27.778	90	62	2	1	89	2	89	1.18e-09	42.4
olaTTNIg13_189	olaTTNIg51_488	28.378	74	53	0	4	77	1	74	2.74e-09	41.2
olaTTNIg13_189	olaTTNIg52_188	30.435	69	48	0	4	72	4	72	8.76e-09	40
olaTTNIg13_189	olaTTNIg18_389	27.273	88	62	1	2	89	2	87	8.78e-09	40
olaTTNIg13_189	olaTTNIg44_197	30.526	95	60	2	1	89	3	97	1.50e-08	39.7
olaTTNIg13_189	olaTTNIg61_188	22.093	86	67	0	1	86	2	87	2.20e-08	38.9
olaTTNIg13_189	olaTTNIg22_193	31.818	88	58	1	1	86	1	88	2.44e-08	38.9
olaTTNIg13_189	olaTTNIg58_193	26.923	78	57	0	1	78	1	78	6.16e-08	37.7
olaTTNIg13_189	olaTTNIg55_190	28.571	70	50	0	2	71	4	73	1.37e-07	37
olaTTNIg13_189	olaTTNIg88_193	31.915	47	32	0	25	71	25	71	2.87e-07	36.2
olaTTNIg13_189	olaTTNIg48_188	30.303	66	46	0	2	67	2	67	3.63e-07	35.8
olaTTNIg13_189	olaTTNIg2_194	25	92	66	2	1	89	1	92	9.66e-07	34.7
olaTTNIg13_189	olaTTNIg24_194	26.596	94	61	4	1	89	1	91	1.10e-06	34.7
olaTTNIg13_189	olaTTNIg42_192	24.444	90	64	2	1	88	3	90	1.60e-06	34.3
olaTTNIg13_189	olaTTNIg73_197	22.5	80	61	1	11	89	14	93	3.09e-06	33.5
olaTTNIg13_189	olaTTNIg116_195	28.947	76	53	1	1	75	1	76	3.33e-06	33.5
olaTTNIg13_189	olaTTNIg95_197	35	40	26	0	34	73	38	77	3.43e-06	33.5
olaTTNIg13_189	olaTTNIg76_192	29.31	58	39	1	34	89	33	90	5.45e-06	32.7
olaTTNIg13_189	olaTTNIg82_196	30.952	42	29	0	33	74	36	77	7.59e-06	32.3
olaTTNIg13_189	olaTTNIg98_196	29.825	57	40	0	33	89	36	92	8.79e-06	32.3
olaTTNIg13_189	olaTTNIg56_189	25.61	82	60	1	8	89	8	88	1.17e-05	32
olaTTNIg13_189	olaTTNIg11_191	25.806	93	63	3	1	89	1	91	1.33e-05	31.6
olaTTNIg13_189	olaTTNIg72_197	32.075	53	36	0	34	86	38	90	2.56e-05	31.2
olaTTNIg13_189	olaTTNIg4_195	36.207	58	33	2	34	87	35	92	2.66e-05	30.8
olaTTNIg13_189	olaTTNIg94_193	25	56	42	0	33	88	33	88	9.61e-05	29.6
olaTTNIg13_189	olaTTNIg43_297	20	90	69	1	2	88	3	92	1.02e-04	29.3
olaTTNIg13_189	olaTTNIg41_196	25	84	59	3	9	88	9	92	1.08e-04	29.3
olaTTNIg13_189	olaTTNIg47_188	26.471	68	50	0	8	75	9	76	1.17e-04	29.3
olaTTNIg13_189	olaTTNIg100_195	24.528	53	39	1	32	84	35	86	1.40e-04	28.9
olaTTNIg13_189	olaTTNIg27_192	31.818	44	30	0	29	72	29	72	1.66e-04	28.9
olaTTNIg13_189	olaTTNIg46_189	25.882	85	61	1	4	88	5	87	1.91e-04	28.5
olaTTNIg13_189	olaTTNIg92_196	35.714	42	27	0	34	75	37	78	2.12e-04	28.5
olaTTNIg13_189	olaTTNIg106_196	31.707	41	28	0	33	73	36	76	3.31e-04	28.1
olaTTNIg13_189	olaTTNIg89_196	24.444	45	34	0	34	78	37	81	3.41e-04	28.1
olaTTNIg13_189	olaTTNIg31_193	22.222	90	69	1	1	89	1	90	4.05e-04	27.7
olaTTNIg13_189	olaTTNIg29_192	26.316	57	42	0	33	89	33	89	8.59e-04	26.9
olaTTNIg13_189	olaTTNIg108_193	30.769	39	27	0	34	72	34	72	8.87e-04	26.9
olaTTNIg13_189	olaTTNIg71_194	26.786	56	39	1	33	88	36	89	0.001	26.2
olaTTNIg13_189	olaTTNIg21_195	25.862	58	41	1	34	89	35	92	0.002	26.2
olaTTNIg13_189	olaTTNIg87_194	26.786	56	39	1	34	89	37	90	0.002	26.2
olaTTNIg13_189	olaTTNIg33_195	22.892	83	53	2	1	77	1	78	0.002	25.8
olaTTNIg13_189	olaTTNIg39_194	28.205	39	28	0	33	71	35	73	0.002	25.8
olaTTNIg13_189	olaTTNIg8_195	29.73	37	26	0	34	70	36	72	0.002	25.8
olaTTNIg13_189	olaTTNIg115_194	32.759	58	37	1	31	86	32	89	0.003	25.8
olaTTNIg13_189	olaTTNIg80_196	30	40	28	0	34	73	37	76	0.003	25.8
olaTTNIg13_189	olaTTNIg114_192	24.528	53	39	1	34	85	32	84	0.003	25.4
olaTTNIg13_189	olaTTNIg83_195	28.205	39	28	0	33	71	35	73	0.004	25
olaTTNIg13_189	olaTTNIg10_194	28.049	82	55	3	12	89	12	93	0.005	25
olaTTNIg13_189	olaTTNIg74_196	25.862	58	41	1	34	89	35	92	0.006	24.6
olaTTNIg13_189	olaTTNIg45_192	23.457	81	59	3	1	79	1	80	0.006	24.6
olaTTNIg13_189	olaTTNIg9_193	28.916	83	53	4	11	89	10	90	0.006	24.6
olaTTNIg13_189	olaTTNIg57_188	25.316	79	41	2	26	88	10	86	0.01	23.9
olaTTNIg13_189	olaTTNIg30_194	28.814	59	41	1	20	78	23	80	0.013	23.9
olaTTNIg13_189	olaTTNIg40_194	28.788	66	46	1	7	71	6	71	0.014	23.5
olaTTNIg13_189	olaTTNIg81_193	22.807	57	41	1	33	89	36	89	0.014	23.5
olaTTNIg13_189	olaTTNIg38_193	23.684	38	29	0	34	71	35	72	0.024	23.1
olaTTNIg13_189	olaTTNIg28_194	25.641	39	28	1	34	71	35	73	0.029	22.7
olaTTNIg13_189	olaTTNIg64_193	18.841	69	55	1	10	77	9	77	0.031	22.7
olaTTNIg13_189	olaTTNIg104_198	19.643	56	45	0	34	89	39	94	0.052	21.9
olaTTNIg13_189	olaTTNIg36_194	28.205	39	28	0	33	71	35	73	0.055	21.9
olaTTNIg13_189	olaTTNIg5_198	21.505	93	69	3	1	89	1	93	0.065	21.9
olaTTNIg13_189	olaTTNIg34_193	28.205	39	28	0	33	71	34	72	0.068	21.6
olaTTNIg13_189	olaTTNIg117_196	21.818	55	43	0	34	88	35	89	0.071	21.6
olaTTNIg13_189	olaTTNIg117_196	22.581	62	45	1	28	89	17	75	0.51	19.2
olaTTNIg13_189	olaTTNIg75_195	38.889	18	11	0	58	75	60	77	0.089	21.6
olaTTNIg13_189	olaTTNIg77_197	17.857	56	46	0	33	88	37	92	0.09	21.6
olaTTNIg13_189	olaTTNIg78_196	23.529	51	33	1	27	71	24	74	0.13	20.8
olaTTNIg13_189	olaTTNIg68_199	23.529	51	30	2	33	75	32	81	0.16	20.8
olaTTNIg13_189	olaTTNIg99_197	24.39	41	31	0	32	72	35	75	0.17	20.8
olaTTNIg13_189	olaTTNIg110_194	20.755	53	40	1	34	84	34	86	0.2	20.4
olaTTNIg13_189	olaTTNIg66_196	25	76	55	2	11	85	14	88	0.22	20.4
olaTTNIg13_189	olaTTNIg7_195	26.471	68	47	2	8	72	7	74	0.32	20
olaTTNIg13_189	olaTTNIg103_196	23.077	39	30	0	33	71	36	74	1	18.5
olaTTNIg13_189	olaTTNIg6_195	18.889	90	70	3	1	88	1	89	1	18.5
olaTTNIg13_189	olaTTNIg111_1101	17.46	63	50	2	11	71	17	79	1.3	18.1
olaTTNIg13_189	olaTTNIg35_193	20.513	39	31	0	34	72	35	73	4.2	16.5
olaTTNIg13_189	olaTTNIg62_195	21.622	74	41	2	1	73	19	76	5.9	16.2
olaTTNIg14_188	olaTTNIg14_188	100	88	0	0	1	88	1	88	4.44e-64	179
olaTTNIg14_188	olaTTNIg18_389	34.091	88	57	1	1	88	1	87	8.83e-12	47.8
olaTTNIg14_188	olaTTNIg3_195	29.213	89	59	1	4	88	4	92	1.01e-10	45.1
olaTTNIg14_188	olaTTNIg13_189	32.584	89	57	2	2	88	2	89	1.23e-10	44.7
olaTTNIg14_188	olaTTNIg49_187	31.765	85	56	2	4	88	4	86	1.59e-10	44.3
olaTTNIg14_188	olaTTNIg108_193	28.235	85	57	2	8	88	7	91	3.12e-10	43.9
olaTTNIg14_188	olaTTNIg61_188	22.989	87	66	1	1	87	2	87	8.45e-10	42.7
olaTTNIg14_188	olaTTNIg37_193	26.744	86	61	1	4	87	4	89	1.37e-08	39.7
olaTTNIg14_188	olaTTNIg15_187	25.581	86	63	1	2	87	2	86	2.03e-08	38.9
olaTTNIg14_188	olaTTNIg19_391	27.273	88	63	1	1	88	1	87	2.75e-08	38.5
olaTTNIg14_188	olaTTNIg24_194	24.719	89	63	1	4	88	3	91	5.53e-08	38.1
olaTTNIg14_188	olaTTNIg22_193	27.273	77	55	1	3	79	3	78	6.11e-08	37.7
olaTTNIg14_188	olaTTNIg57_188	27.027	74	53	1	14	87	14	86	6.35e-08	37.7
olaTTNIg14_188	olaTTNIg16_189	29.412	85	59	1	3	87	4	87	1.66e-07	36.6
olaTTNIg14_188	olaTTNIg52_188	27.711	83	59	1	6	88	6	87	2.73e-07	36.2
olaTTNIg14_188	olaTTNIg59_189	26.744	86	62	1	2	87	2	86	8.48e-07	34.7
olaTTNIg14_188	olaTTNIg55_190	25.926	81	59	1	7	87	9	88	1.22e-06	34.3
olaTTNIg14_188	olaTTNIg42_192	27.16	81	58	1	8	87	10	90	1.29e-06	34.3
olaTTNIg14_188	olaTTNIg20_187	27.16	81	58	1	8	88	8	87	1.49e-06	34.3
olaTTNIg14_188	olaTTNIg23_194	24.719	89	63	1	4	88	3	91	1.66e-06	34.3
olaTTNIg14_188	olaTTNIg47_188	24.39	82	60	2	2	82	3	83	2.01e-06	33.9
olaTTNIg14_188	olaTTNIg2_194	25.843	89	62	1	4	88	4	92	2.07e-06	33.9
olaTTNIg14_188	olaTTNIg41_196	29.762	84	54	2	9	87	9	92	2.40e-06	33.9
olaTTNIg14_188	olaTTNIg1_196	28.205	39	28	0	7	45	7	45	5.12e-06	32.7
olaTTNIg14_188	olaTTNIg62_195	27.586	58	41	1	18	74	19	76	1.01e-05	32
olaTTNIg14_188	olaTTNIg60_187	28.358	67	47	1	6	72	6	71	1.41e-05	31.6
olaTTNIg14_188	olaTTNIg50_192	22.727	88	67	1	1	88	1	87	1.47e-05	31.6
olaTTNIg14_188	olaTTNIg31_193	24.638	69	52	0	8	76	8	76	2.39e-05	31.2
olaTTNIg14_188	olaTTNIg63_197	25	76	53	1	8	79	11	86	2.66e-05	30.8
olaTTNIg14_188	olaTTNIg116_195	25.641	78	54	1	15	88	15	92	3.50e-05	30.8
olaTTNIg14_188	olaTTNIg56_189	28	75	50	2	14	85	11	84	3.70e-05	30.4
olaTTNIg14_188	olaTTNIg17_290	20.69	87	69	0	2	88	3	89	3.70e-05	30.4
olaTTNIg14_188	olaTTNIg12_189	24.706	85	63	1	4	88	5	88	4.91e-05	30
olaTTNIg14_188	olaTTNIg76_192	26.389	72	52	1	4	75	3	73	7.44e-05	29.6
olaTTNIg14_188	olaTTNIg39_194	24.706	85	60	1	7	87	8	92	8.21e-05	29.6
olaTTNIg14_188	olaTTNIg6_195	24.359	78	54	2	15	87	14	91	1.17e-04	29.3
olaTTNIg14_188	olaTTNIg72_197	24.658	73	55	0	16	88	19	91	1.54e-04	28.9
olaTTNIg14_188	olaTTNIg89_196	19.672	61	49	0	16	76	18	78	1.91e-04	28.9
olaTTNIg14_188	olaTTNIg33_195	25.581	86	62	1	4	87	4	89	2.32e-04	28.5
olaTTNIg14_188	olaTTNIg53_190	22.727	88	67	1	1	88	3	89	2.77e-04	28.1
olaTTNIg14_188	olaTTNIg40_194	25.758	66	49	0	7	72	6	71	3.22e-04	28.1
olaTTNIg14_188	olaTTNIg106_196	22.222	54	42	0	21	74	23	76	3.23e-04	28.1
olaTTNIg14_188	olaTTNIg9_193	26.582	79	53	2	14	88	13	90	3.46e-04	28.1
olaTTNIg14_188	olaTTNIg74_196	18.31	71	56	1	16	84	16	86	8.67e-04	26.9
olaTTNIg14_188	olaTTNIg103_196	22.368	76	59	0	12	87	14	89	8.76e-04	26.9
olaTTNIg14_188	olaTTNIg8_195	27.473	91	38	3	5	88	24	93	0.001	26.9
olaTTNIg14_188	olaTTNIg4_195	29.508	61	41	1	14	72	14	74	0.001	26.9
olaTTNIg14_188	olaTTNIg71_194	25.373	67	48	1	10	76	12	76	0.001	26.6
olaTTNIg14_188	olaTTNIg43_297	27.273	66	46	2	15	80	16	79	0.001	26.6
olaTTNIg14_188	olaTTNIg95_197	25.424	59	44	0	16	74	19	77	0.001	26.6
olaTTNIg14_188	olaTTNIg77_197	38.71	31	19	0	16	46	19	49	0.001	26.6
olaTTNIg14_188	olaTTNIg26_192	30	90	54	4	4	87	3	89	0.001	26.2
olaTTNIg14_188	olaTTNIg34_193	25.758	66	49	0	7	72	7	72	0.002	26.2
olaTTNIg14_188	olaTTNIg91_193	20.588	68	54	0	12	79	11	78	0.002	25.8
olaTTNIg14_188	olaTTNIg44_197	26.761	71	49	2	16	84	22	91	0.002	25.8
olaTTNIg14_188	olaTTNIg7_195	22.989	87	61	2	8	88	7	93	0.002	25.8
olaTTNIg14_188	olaTTNIg64_193	23.81	63	48	0	10	72	9	71	0.003	25.4
olaTTNIg14_188	olaTTNIg5_198	19.118	68	54	1	6	72	6	73	0.004	25.4
olaTTNIg14_188	olaTTNIg58_193	20.29	69	54	1	4	72	4	71	0.004	25
olaTTNIg14_188	olaTTNIg85_194	22.951	61	47	0	12	72	12	72	0.005	25
olaTTNIg14_188	olaTTNIg82_196	20.635	63	50	0	13	75	15	77	0.006	24.6
olaTTNIg14_188	olaTTNIg35_193	22.785	79	57	1	14	88	14	92	0.006	24.6
olaTTNIg14_188	olaTTNIg28_194	25.974	77	52	2	16	87	16	92	0.009	24.3
olaTTNIg14_188	olaTTNIg96_194	25	72	52	1	16	87	18	87	0.009	24.3
olaTTNIg14_188	olaTTNIg66_196	25.926	54	39	1	21	74	24	76	0.014	23.5
olaTTNIg14_188	olaTTNIg84_195	29.412	68	46	1	21	88	24	89	0.017	23.5
olaTTNIg14_188	olaTTNIg115_194	23.333	60	46	0	16	75	16	75	0.021	23.1
olaTTNIg14_188	olaTTNIg88_193	20.548	73	54	1	19	87	18	90	0.031	22.7
olaTTNIg14_188	olaTTNIg98_196	19.178	73	59	0	16	88	18	90	0.042	22.3
olaTTNIg14_188	olaTTNIg87_194	22.034	59	44	1	16	74	18	74	0.043	22.3
olaTTNIg14_188	olaTTNIg113_197	20.833	72	54	1	7	75	7	78	0.047	22.3
olaTTNIg14_188	olaTTNIg86_197	23.81	63	44	2	16	76	19	79	0.068	21.6
olaTTNIg14_188	olaTTNIg36_194	20.779	77	57	1	16	88	17	93	0.073	21.6
olaTTNIg14_188	olaTTNIg67_1104	20.548	73	47	2	12	75	15	85	0.12	21.2
olaTTNIg14_188	olaTTNIg79_197	24.615	65	48	1	13	76	15	79	0.15	20.8
olaTTNIg14_188	olaTTNIg30_194	20.968	62	49	0	15	76	16	77	0.17	20.8
olaTTNIg14_188	olaTTNIg93_194	35.714	42	25	1	33	74	35	74	0.17	20.4
olaTTNIg14_188	olaTTNIg29_192	20.69	87	67	1	4	88	3	89	0.23	20.4
olaTTNIg14_188	olaTTNIg92_196	24.59	61	46	0	16	76	18	78	0.26	20
olaTTNIg14_188	olaTTNIg111_1101	22.581	62	47	1	12	72	18	79	0.32	20
olaTTNIg14_188	olaTTNIg27_192	19.737	76	57	1	16	87	15	90	0.35	19.6
olaTTNIg14_188	olaTTNIg97_197	30.556	36	15	1	49	74	42	77	0.39	19.6
olaTTNIg14_188	olaTTNIg73_197	18.644	59	48	0	16	74	19	77	0.43	19.6
olaTTNIg14_188	olaTTNIg68_199	22.619	84	54	3	15	87	13	96	0.47	19.2
olaTTNIg14_188	olaTTNIg78_196	26.23	61	41	3	16	74	18	76	0.56	19.2
olaTTNIg14_188	olaTTNIg117_196	19.178	73	59	0	15	87	15	87	0.57	19.2
olaTTNIg14_188	olaTTNIg70_195	15.278	72	57	1	20	87	21	92	0.8	18.9
olaTTNIg14_188	olaTTNIg10_194	19.565	46	37	0	4	49	4	49	0.91	18.5
olaTTNIg14_188	olaTTNIg94_193	11.594	69	61	0	16	84	15	83	0.98	18.5
olaTTNIg14_188	olaTTNIg100_195	18.033	61	50	0	16	76	18	78	1.3	18.1
olaTTNIg14_188	olaTTNIg107_194	25.424	59	42	1	16	74	18	74	2.6	17.3
olaTTNIg15_187	olaTTNIg15_187	100	86	0	0	1	86	1	86	5.26e-65	182
olaTTNIg15_187	olaTTNIg19_391	35.294	85	55	0	2	86	2	86	4.68e-17	61.2
olaTTNIg15_187	olaTTNIg12_189	36.905	84	53	0	1	84	2	85	5.18e-16	58.5
olaTTNIg15_187	olaTTNIg59_189	28.235	85	61	0	2	86	2	86	9.34e-15	55.1
olaTTNIg15_187	olaTTNIg50_192	30.233	86	60	0	1	86	1	86	8.35e-13	50.4
olaTTNIg15_187	olaTTNIg18_389	31.765	85	58	0	2	86	2	86	4.00e-12	48.5
olaTTNIg15_187	olaTTNIg55_190	29.412	85	60	0	2	86	4	88	7.64e-11	45.1
olaTTNIg15_187	olaTTNIg42_192	27.273	88	62	1	1	86	3	90	9.98e-11	45.1
olaTTNIg15_187	olaTTNIg53_190	29.07	86	61	0	1	86	3	88	1.40e-10	44.7
olaTTNIg15_187	olaTTNIg61_188	28.571	84	60	0	1	84	2	85	1.72e-10	44.3
olaTTNIg15_187	olaTTNIg6_195	31.522	92	56	4	1	86	1	91	4.53e-10	43.5
olaTTNIg15_187	olaTTNIg13_189	22.892	83	64	0	1	83	1	83	5.04e-10	43.1
olaTTNIg15_187	olaTTNIg43_297	28.409	88	58	1	2	84	3	90	1.67e-09	42
olaTTNIg15_187	olaTTNIg54_189	27.907	86	62	0	1	86	2	87	2.94e-09	41.2
olaTTNIg15_187	olaTTNIg114_192	33.721	86	47	5	8	86	7	89	5.38e-09	40.4
olaTTNIg15_187	olaTTNIg51_488	29.268	82	58	0	5	86	2	83	7.79e-09	40
olaTTNIg15_187	olaTTNIg17_290	24.138	87	65	1	1	86	2	88	1.15e-08	39.7
olaTTNIg15_187	olaTTNIg58_193	26.667	90	61	2	2	86	2	91	1.35e-08	39.7
olaTTNIg15_187	olaTTNIg44_197	29.787	94	58	2	1	86	3	96	1.36e-08	39.7
olaTTNIg15_187	olaTTNIg20_187	28.235	85	61	0	2	86	2	86	1.62e-08	39.3
olaTTNIg15_187	olaTTNIg14_188	25.581	86	63	1	2	86	2	87	1.99e-08	38.9
olaTTNIg15_187	olaTTNIg16_189	24.096	83	63	0	4	86	5	87	7.19e-08	37.4
olaTTNIg15_187	olaTTNIg27_192	32.394	71	43	2	21	86	20	90	1.51e-07	36.6
olaTTNIg15_187	olaTTNIg108_193	27.451	51	37	0	25	75	25	75	9.41e-07	34.7
olaTTNIg15_187	olaTTNIg85_194	28	75	49	2	17	86	17	91	2.87e-06	33.5
olaTTNIg15_187	olaTTNIg26_192	27.273	88	58	3	4	86	3	89	3.82e-06	33.1
olaTTNIg15_187	olaTTNIg33_195	21.978	91	66	2	1	86	1	91	8.25e-06	32.3
olaTTNIg15_187	olaTTNIg113_197	25.532	94	62	3	1	86	1	94	1.02e-05	32
olaTTNIg15_187	olaTTNIg21_195	30.108	93	56	3	1	86	1	91	1.19e-05	32
olaTTNIg15_187	olaTTNIg24_194	23.864	88	62	2	4	86	3	90	3.15e-05	30.8
olaTTNIg15_187	olaTTNIg48_188	23.529	85	65	0	2	86	2	86	3.50e-05	30.4
olaTTNIg15_187	olaTTNIg100_195	22.093	86	56	1	12	86	4	89	6.61e-05	30
olaTTNIg15_187	olaTTNIg46_189	22.892	83	64	0	4	86	5	87	1.11e-04	29.3
olaTTNIg15_187	olaTTNIg88_193	26.667	60	43	1	17	75	16	75	2.27e-04	28.5
olaTTNIg15_187	olaTTNIg102_195	28.333	60	33	1	36	85	28	87	2.69e-04	28.1
olaTTNIg15_187	olaTTNIg112_198	26.316	38	28	0	34	71	39	76	2.78e-04	28.1
olaTTNIg15_187	olaTTNIg4_195	30.769	91	55	4	1	84	2	91	2.86e-04	28.1
olaTTNIg15_187	olaTTNIg2_194	23.656	93	62	4	1	86	1	91	5.04e-04	27.3
olaTTNIg15_187	olaTTNIg91_193	27.273	55	38	1	34	86	34	88	0.001	26.6
olaTTNIg15_187	olaTTNIg106_196	26.316	76	47	2	7	73	1	76	0.002	26.2
olaTTNIg15_187	olaTTNIg23_194	24.719	89	62	2	3	86	2	90	0.002	25.8
olaTTNIg15_187	olaTTNIg103_196	21.519	79	57	2	13	86	15	93	0.002	25.8
olaTTNIg15_187	olaTTNIg95_197	21.277	47	37	0	27	73	31	77	0.003	25.4
olaTTNIg15_187	olaTTNIg38_193	23.913	92	63	3	1	86	1	91	0.004	25
olaTTNIg15_187	olaTTNIg37_193	24.731	93	60	4	1	86	2	91	0.008	24.3
olaTTNIg15_187	olaTTNIg30_194	19.481	77	57	2	15	86	16	92	0.009	23.9
olaTTNIg15_187	olaTTNIg29_192	24.194	62	43	1	29	86	29	90	0.013	23.5
olaTTNIg15_187	olaTTNIg47_188	21.176	85	64	1	2	86	6	87	0.013	23.5
olaTTNIg15_187	olaTTNIg77_197	26.316	57	38	1	34	86	38	94	0.021	23.1
olaTTNIg15_187	olaTTNIg117_196	24.444	90	58	4	1	84	2	87	0.025	22.7
olaTTNIg15_187	olaTTNIg73_197	20.755	53	42	0	34	86	38	90	0.025	22.7
olaTTNIg15_187	olaTTNIg45_192	26.415	53	31	2	31	82	31	76	0.032	22.7
olaTTNIg15_187	olaTTNIg115_194	22.807	57	40	1	34	86	35	91	0.12	20.8
olaTTNIg15_187	olaTTNIg28_194	24.194	62	42	2	30	86	31	92	0.14	20.8
olaTTNIg15_187	olaTTNIg83_195	21.429	42	33	0	34	75	36	77	0.15	20.8
olaTTNIg15_187	olaTTNIg32_194	27.907	43	27	1	48	86	50	92	0.2	20.4
olaTTNIg15_187	olaTTNIg81_193	24.138	58	35	3	34	86	37	90	0.33	19.6
olaTTNIg15_187	olaTTNIg98_196	22.642	53	41	0	34	86	37	89	0.42	19.6
olaTTNIg15_187	olaTTNIg94_193	24.658	73	52	2	17	86	16	88	0.65	18.9
olaTTNIg15_187	olaTTNIg104_198	18.75	64	48	1	27	86	32	95	0.74	18.9
olaTTNIg15_187	olaTTNIg116_195	20.253	79	58	2	13	86	13	91	0.76	18.9
olaTTNIg15_187	olaTTNIg35_193	26.316	57	38	1	34	86	35	91	0.89	18.5
olaTTNIg15_187	olaTTNIg31_193	23.913	46	32	1	29	71	27	72	1.2	18.1
olaTTNIg15_187	olaTTNIg62_195	26.923	26	19	0	58	83	61	86	2.1	17.7
olaTTNIg15_187	olaTTNIg69_194	26.19	42	29	1	34	75	37	76	2.7	17.3
olaTTNIg15_187	olaTTNIg39_194	37.5	24	15	0	63	86	11	34	4.7	16.5
olaTTNIg15_187	olaTTNIg36_194	60	10	4	0	37	46	16	25	6.5	16.2
olaTTNIg16_189	olaTTNIg16_189	100	87	0	0	1	87	1	87	3.77e-62	175
olaTTNIg16_189	olaTTNIg19_391	32.53	83	56	0	5	87	4	86	1.78e-15	57
olaTTNIg16_189	olaTTNIg20_187	32.099	81	55	0	7	87	6	86	6.38e-15	55.5
olaTTNIg16_189	olaTTNIg55_190	33.333	81	54	0	7	87	8	88	9.02e-12	47.8
olaTTNIg16_189	olaTTNIg13_189	28.75	80	57	0	8	87	7	86	3.75e-11	46.2
olaTTNIg16_189	olaTTNIg54_189	33.333	81	54	0	7	87	7	87	8.90e-11	45.1
olaTTNIg16_189	olaTTNIg44_197	35.211	71	42	1	7	73	8	78	1.33e-10	44.7
olaTTNIg16_189	olaTTNIg59_189	32.911	79	53	0	7	85	6	84	1.06e-09	42.4
olaTTNIg16_189	olaTTNIg52_188	27.848	79	57	0	9	87	8	86	1.17e-09	42
olaTTNIg16_189	olaTTNIg53_190	27.711	83	60	0	5	87	6	88	2.44e-09	41.2
olaTTNIg16_189	olaTTNIg46_189	31.646	79	54	0	7	85	7	85	8.05e-09	40
olaTTNIg16_189	olaTTNIg15_187	24.096	83	63	0	5	87	4	86	7.28e-08	37.4
olaTTNIg16_189	olaTTNIg17_290	26.19	84	61	1	5	87	5	88	1.40e-07	37
olaTTNIg16_189	olaTTNIg12_189	32.222	90	47	3	5	87	5	87	1.46e-07	36.6
olaTTNIg16_189	olaTTNIg14_188	29.412	85	59	1	4	87	3	87	1.64e-07	36.6
olaTTNIg16_189	olaTTNIg42_192	31.325	83	55	1	7	87	8	90	3.83e-07	35.8
olaTTNIg16_189	olaTTNIg60_187	24.051	79	60	0	9	87	8	86	4.00e-07	35.4
olaTTNIg16_189	olaTTNIg40_194	31.818	66	44	1	8	72	6	71	4.54e-07	35.4
olaTTNIg16_189	olaTTNIg108_193	28.169	71	50	1	4	73	2	72	8.44e-07	34.7
olaTTNIg16_189	olaTTNIg23_194	31.343	67	45	1	7	72	5	71	2.77e-06	33.5
olaTTNIg16_189	olaTTNIg85_194	32.075	53	36	0	27	79	27	79	2.98e-06	33.5
olaTTNIg16_189	olaTTNIg11_191	29.577	71	47	1	20	87	20	90	3.55e-06	33.1
olaTTNIg16_189	olaTTNIg47_188	29.63	81	53	2	9	87	9	87	5.29e-06	32.7
olaTTNIg16_189	olaTTNIg3_195	27.273	66	47	1	9	73	8	73	1.42e-05	31.6
olaTTNIg16_189	olaTTNIg27_192	29.63	81	52	2	12	87	10	90	2.69e-05	30.8
olaTTNIg16_189	olaTTNIg56_189	30.769	65	44	1	24	87	23	87	2.71e-05	30.8
olaTTNIg16_189	olaTTNIg117_196	25.61	82	52	4	10	85	9	87	4.77e-05	30.4
olaTTNIg16_189	olaTTNIg116_195	29.167	72	45	4	5	73	5	73	4.91e-05	30
olaTTNIg16_189	olaTTNIg5_198	25	68	49	2	8	73	7	74	4.94e-05	30.4
olaTTNIg16_189	olaTTNIg1_196	32.432	37	24	1	5	40	4	40	5.35e-05	30
olaTTNIg16_189	olaTTNIg43_297	25.714	70	50	1	7	76	7	74	5.47e-05	30
olaTTNIg16_189	olaTTNIg50_192	23.077	78	60	0	8	85	7	84	9.03e-05	29.6
olaTTNIg16_189	olaTTNIg22_193	24.286	70	53	0	4	73	3	72	1.80e-04	28.9
olaTTNIg16_189	olaTTNIg58_193	28.571	35	25	0	8	42	7	41	2.30e-04	28.5
olaTTNIg16_189	olaTTNIg4_195	34.667	75	39	5	5	73	5	75	2.70e-04	28.1
olaTTNIg16_189	olaTTNIg61_188	20.482	83	66	0	5	87	5	87	2.72e-04	28.1
olaTTNIg16_189	olaTTNIg110_194	27.059	85	57	3	4	85	2	84	2.84e-04	28.1
olaTTNIg16_189	olaTTNIg57_188	24.096	83	62	1	5	87	5	86	3.25e-04	28.1
olaTTNIg16_189	olaTTNIg106_196	22.222	54	42	0	26	79	28	81	4.81e-04	27.7
olaTTNIg16_189	olaTTNIg72_197	30.864	81	52	2	7	83	9	89	5.67e-04	27.3
olaTTNIg16_189	olaTTNIg33_195	25.333	75	55	1	4	77	3	77	7.56e-04	26.9
olaTTNIg16_189	olaTTNIg100_195	31.111	45	31	0	29	73	31	75	0.001	26.6
olaTTNIg16_189	olaTTNIg49_187	24.691	81	56	2	9	87	8	85	0.001	26.6
olaTTNIg16_189	olaTTNIg8_195	26.667	90	59	2	5	87	3	92	0.001	26.6
olaTTNIg16_189	olaTTNIg51_488	23.457	81	62	0	7	87	3	83	0.002	25.8
olaTTNIg16_189	olaTTNIg91_193	31.915	47	28	2	29	73	28	72	0.002	25.8
olaTTNIg16_189	olaTTNIg34_193	27.941	68	46	2	7	72	6	72	0.003	25.8
olaTTNIg16_189	olaTTNIg87_194	35.294	51	31	1	29	79	31	79	0.003	25.4
olaTTNIg16_189	olaTTNIg114_192	28.889	90	54	4	5	87	3	89	0.003	25.4
olaTTNIg16_189	olaTTNIg6_195	27.419	62	41	3	15	73	13	73	0.003	25.4
olaTTNIg16_189	olaTTNIg64_193	28.947	76	53	1	10	84	8	83	0.004	25
olaTTNIg16_189	olaTTNIg36_194	31.148	61	41	1	13	72	13	73	0.006	24.6
olaTTNIg16_189	olaTTNIg76_192	26.23	61	43	1	29	87	27	87	0.007	24.6
olaTTNIg16_189	olaTTNIg31_193	26.471	68	49	1	20	86	19	86	0.007	24.3
olaTTNIg16_189	olaTTNIg39_194	24.096	83	62	1	6	87	6	88	0.007	24.3
olaTTNIg16_189	olaTTNIg73_197	31.25	64	39	3	12	72	14	75	0.008	24.3
olaTTNIg16_189	olaTTNIg38_193	28.07	57	37	1	35	87	35	91	0.009	24.3
olaTTNIg16_189	olaTTNIg18_389	25.301	83	61	1	5	87	5	86	0.009	23.9
olaTTNIg16_189	olaTTNIg29_192	23.75	80	60	1	7	85	5	84	0.018	23.1
olaTTNIg16_189	olaTTNIg107_194	31.746	63	39	2	27	87	29	89	0.035	22.3
olaTTNIg16_189	olaTTNIg115_194	28.261	46	33	0	27	72	27	72	0.059	21.9
olaTTNIg16_189	olaTTNIg98_196	27.451	51	37	0	26	76	28	78	0.071	21.6
olaTTNIg16_189	olaTTNIg88_193	46.667	15	8	0	35	49	34	48	0.071	21.6
olaTTNIg16_189	olaTTNIg10_194	34.783	23	15	0	26	48	26	48	0.089	21.6
olaTTNIg16_189	olaTTNIg94_193	23.214	56	43	0	29	84	28	83	0.091	21.2
olaTTNIg16_189	olaTTNIg24_194	27.692	65	46	1	9	72	7	71	0.096	21.2
olaTTNIg16_189	olaTTNIg24_194	40	10	6	0	24	33	73	82	7.2	16.2
olaTTNIg16_189	olaTTNIg96_194	26.23	61	43	1	27	87	29	87	0.099	21.2
olaTTNIg16_189	olaTTNIg83_195	46.667	15	8	0	29	43	30	44	0.3	20
olaTTNIg16_189	olaTTNIg92_196	26.667	45	29	2	10	52	10	52	0.34	19.6
olaTTNIg16_189	olaTTNIg80_196	27.083	48	35	0	26	73	28	75	0.58	19.2
olaTTNIg16_189	olaTTNIg95_197	22.581	62	47	1	12	72	14	75	0.61	18.9
olaTTNIg16_189	olaTTNIg35_193	50	14	7	0	65	78	65	78	0.67	18.9
olaTTNIg16_189	olaTTNIg35_193	40	15	9	0	14	28	64	78	9.8	15.8
olaTTNIg16_189	olaTTNIg81_193	43.75	16	9	0	27	42	29	44	0.81	18.9
olaTTNIg16_189	olaTTNIg84_195	29.688	64	35	4	29	87	32	90	1	18.5
olaTTNIg16_189	olaTTNIg99_197	26	50	33	2	29	76	31	78	1.3	18.1
olaTTNIg16_189	olaTTNIg109_193	21.429	56	42	1	8	61	4	59	1.5	18.1
olaTTNIg16_189	olaTTNIg7_195	24	50	36	1	26	73	25	74	1.5	18.1
olaTTNIg16_189	olaTTNIg7_195	30	30	21	0	4	33	24	53	8.3	15.8
olaTTNIg16_189	olaTTNIg45_192	30.769	39	24	1	52	87	52	90	1.5	17.7
olaTTNIg16_189	olaTTNIg104_198	20.339	59	47	0	29	87	33	91	1.5	18.1
olaTTNIg16_189	olaTTNIg89_196	27.119	59	38	3	18	73	19	75	2.5	17.3
olaTTNIg16_189	olaTTNIg68_199	27.907	43	31	0	42	84	47	89	2.5	17.3
olaTTNIg16_189	olaTTNIg30_194	21.429	56	43	1	22	76	22	77	2.6	17.3
olaTTNIg16_189	olaTTNIg30_194	35	20	11	1	9	28	62	79	6.8	16.2
olaTTNIg16_189	olaTTNIg69_194	45.455	11	6	0	29	39	31	41	2.8	17.3
olaTTNIg16_189	olaTTNIg32_194	44.444	18	4	1	34	51	34	45	4.1	16.5
olaTTNIg16_189	olaTTNIg21_195	41.667	12	7	0	29	40	29	40	5.1	16.5
olaTTNIg16_189	olaTTNIg79_197	25	56	39	2	26	79	28	82	5.3	16.5
olaTTNIg16_189	olaTTNIg82_196	24.444	45	34	0	29	73	31	75	5.8	16.2
olaTTNIg16_189	olaTTNIg86_197	21.538	65	46	4	12	73	14	76	6	16.2
olaTTNIg16_189	olaTTNIg71_194	27.083	48	33	1	29	76	31	76	7.9	15.8
olaTTNIg16_189	olaTTNIg62_195	50	8	4	0	29	36	30	37	8.4	15.8
olaTTNIg16_189	olaTTNIg48_188	16.667	42	35	0	7	48	6	47	9.8	15.8
olaTTNIg17_290	olaTTNIg17_290	100	89	0	0	1	89	1	89	1.52e-64	181
olaTTNIg17_290	olaTTNIg19_391	40.23	87	51	1	2	88	1	86	7.05e-19	65.9
olaTTNIg17_290	olaTTNIg51_488	39.024	82	49	1	7	88	3	83	6.34e-17	60.8
olaTTNIg17_290	olaTTNIg43_297	32.584	89	54	2	3	86	3	90	8.39e-14	53.1
olaTTNIg17_290	olaTTNIg47_188	41.463	82	45	3	9	89	9	88	1.23e-13	52.4
olaTTNIg17_290	olaTTNIg60_187	33.333	81	53	1	9	89	8	87	9.94e-13	50.1
olaTTNIg17_290	olaTTNIg20_187	27.586	87	62	1	3	89	2	87	1.38e-12	49.7
olaTTNIg17_290	olaTTNIg12_189	28.736	87	61	1	2	88	2	87	7.28e-12	47.8
olaTTNIg17_290	olaTTNIg18_389	34.091	88	57	1	2	89	1	87	1.11e-11	47.4
olaTTNIg17_290	olaTTNIg42_192	31.111	90	59	2	1	88	2	90	1.17e-11	47.4
olaTTNIg17_290	olaTTNIg52_188	32.099	81	54	1	9	89	8	87	3.76e-11	46.2
olaTTNIg17_290	olaTTNIg54_189	27.586	87	62	1	2	88	2	87	4.18e-11	45.8
olaTTNIg17_290	olaTTNIg57_188	32.911	79	52	1	10	88	9	86	1.09e-10	45.1
olaTTNIg17_290	olaTTNIg55_190	36.62	71	44	1	3	73	4	73	1.20e-10	44.7
olaTTNIg17_290	olaTTNIg50_192	33.824	68	44	1	8	75	7	73	1.49e-10	44.7
olaTTNIg17_290	olaTTNIg13_189	27.778	90	62	2	2	89	1	89	1.18e-09	42.4
olaTTNIg17_290	olaTTNIg108_193	31.944	72	49	0	5	76	3	74	1.53e-09	42
olaTTNIg17_290	olaTTNIg59_189	30.12	83	54	2	7	86	3	84	2.15e-09	41.6
olaTTNIg17_290	olaTTNIg46_189	29.268	82	57	1	7	88	7	87	3.19e-09	41.2
olaTTNIg17_290	olaTTNIg53_190	25.397	63	46	1	2	64	3	64	1.18e-08	39.7
olaTTNIg17_290	olaTTNIg15_187	24.138	87	65	1	2	88	1	86	1.19e-08	39.7
olaTTNIg17_290	olaTTNIg58_193	32	75	50	1	3	77	2	75	1.46e-08	39.7
olaTTNIg17_290	olaTTNIg48_188	31.707	82	55	1	7	88	6	86	1.68e-08	39.3
olaTTNIg17_290	olaTTNIg61_188	26.437	87	63	1	2	88	2	87	3.87e-08	38.1
olaTTNIg17_290	olaTTNIg16_189	26.19	84	61	1	5	88	5	87	1.43e-07	37
olaTTNIg17_290	olaTTNIg11_191	29.348	92	60	3	2	89	1	91	2.25e-07	36.2
olaTTNIg17_290	olaTTNIg39_194	35.593	59	34	1	34	88	34	92	9.07e-07	34.7
olaTTNIg17_290	olaTTNIg5_198	25.373	67	49	1	9	74	8	74	9.65e-07	34.7
olaTTNIg17_290	olaTTNIg9_193	34.483	58	37	1	12	69	10	66	2.10e-06	33.9
olaTTNIg17_290	olaTTNIg115_194	27.473	91	62	1	2	88	1	91	2.20e-06	33.9
olaTTNIg17_290	olaTTNIg110_194	27.174	92	59	3	5	89	3	93	3.50e-06	33.1
olaTTNIg17_290	olaTTNIg41_196	27.711	83	55	2	11	88	10	92	4.13e-06	33.1
olaTTNIg17_290	olaTTNIg2_194	25.882	85	59	1	9	89	8	92	6.37e-06	32.7
olaTTNIg17_290	olaTTNIg49_187	25.843	89	63	2	1	89	1	86	2.87e-05	30.8
olaTTNIg17_290	olaTTNIg36_194	30	40	28	0	34	73	34	73	3.62e-05	30.8
olaTTNIg17_290	olaTTNIg14_188	20.69	87	69	0	3	89	2	88	3.74e-05	30.4
olaTTNIg17_290	olaTTNIg25_194	27.273	44	32	0	4	47	3	46	5.16e-05	30
olaTTNIg17_290	olaTTNIg56_189	24.706	85	63	1	2	86	1	84	7.18e-05	29.6
olaTTNIg17_290	olaTTNIg44_197	27.083	96	61	4	2	89	3	97	9.89e-05	29.6
olaTTNIg17_290	olaTTNIg114_192	26.667	90	59	3	5	89	3	90	1.45e-04	28.9
olaTTNIg17_290	olaTTNIg96_194	28.846	52	35	1	22	73	23	72	1.67e-04	28.9
olaTTNIg17_290	olaTTNIg3_195	20.548	73	58	0	2	74	1	73	1.71e-04	28.9
olaTTNIg17_290	olaTTNIg38_193	31.579	38	26	0	36	73	35	72	1.72e-04	28.9
olaTTNIg17_290	olaTTNIg34_193	34.146	41	27	0	33	73	32	72	2.30e-04	28.5
olaTTNIg17_290	olaTTNIg31_193	28.986	69	49	0	5	73	4	72	2.49e-04	28.5
olaTTNIg17_290	olaTTNIg28_194	31.034	58	37	2	34	89	33	89	3.74e-04	27.7
olaTTNIg17_290	olaTTNIg33_195	24.615	65	49	0	11	75	10	74	5.25e-04	27.3
olaTTNIg17_290	olaTTNIg24_194	25.287	87	61	1	7	89	5	91	6.25e-04	27.3
olaTTNIg17_290	olaTTNIg113_197	28.205	78	49	2	18	88	17	94	6.52e-04	27.3
olaTTNIg17_290	olaTTNIg10_194	31.667	60	36	2	35	89	34	93	0.001	26.6
olaTTNIg17_290	olaTTNIg82_196	26.087	46	33	1	34	79	35	79	0.001	26.6
olaTTNIg17_290	olaTTNIg7_195	26.437	87	58	2	9	89	7	93	0.002	26.2
olaTTNIg17_290	olaTTNIg116_195	23.171	82	46	2	14	79	13	93	0.002	25.8
olaTTNIg17_290	olaTTNIg45_192	25.676	74	52	2	5	77	5	76	0.004	25
olaTTNIg17_290	olaTTNIg117_196	25.926	81	56	1	13	89	12	92	0.006	24.6
olaTTNIg17_290	olaTTNIg30_194	28.205	39	28	0	36	74	36	74	0.006	24.6
olaTTNIg17_290	olaTTNIg98_196	26.23	61	37	3	34	88	35	93	0.007	24.3
olaTTNIg17_290	olaTTNIg68_199	31.481	54	33	1	39	88	43	96	0.008	24.3
olaTTNIg17_290	olaTTNIg27_192	32.5	40	27	0	35	74	33	72	0.01	23.9
olaTTNIg17_290	olaTTNIg80_196	27.5	40	29	0	36	75	37	76	0.01	23.9
olaTTNIg17_290	olaTTNIg104_198	26.786	56	39	1	36	89	39	94	0.014	23.9
olaTTNIg17_290	olaTTNIg72_197	25.641	39	29	0	35	73	37	75	0.014	23.5
olaTTNIg17_290	olaTTNIg21_195	21.111	90	67	1	4	89	3	92	0.023	23.1
olaTTNIg17_290	olaTTNIg4_195	26.582	79	52	2	14	86	13	91	0.029	22.7
olaTTNIg17_290	olaTTNIg112_198	27.119	59	39	1	34	88	37	95	0.033	22.7
olaTTNIg17_290	olaTTNIg100_195	21.429	42	33	0	36	77	37	78	0.046	22.3
olaTTNIg17_290	olaTTNIg26_192	25.455	55	39	1	8	62	6	58	0.06	21.9
olaTTNIg17_290	olaTTNIg95_197	25	44	33	0	34	77	36	79	0.061	21.9
olaTTNIg17_290	olaTTNIg101_195	28.571	49	34	1	26	74	27	74	0.17	20.8
olaTTNIg17_290	olaTTNIg88_193	25	40	30	0	34	73	32	71	0.24	20.4
olaTTNIg17_290	olaTTNIg76_192	18.605	43	35	0	33	75	30	72	0.25	20
olaTTNIg17_290	olaTTNIg83_195	20.455	44	34	1	9	51	8	51	0.34	19.6
olaTTNIg17_290	olaTTNIg93_194	27.273	44	30	1	34	77	35	76	0.4	19.6
olaTTNIg17_290	olaTTNIg91_193	24.39	41	31	0	34	74	32	72	0.48	19.2
olaTTNIg17_290	olaTTNIg92_196	25.581	43	31	1	10	51	10	52	0.55	19.2
olaTTNIg17_290	olaTTNIg74_196	26.23	61	39	2	34	88	33	93	0.75	18.9
olaTTNIg17_290	olaTTNIg85_194	17.857	56	46	0	33	88	32	87	0.76	18.9
olaTTNIg17_290	olaTTNIg78_196	21.818	55	38	1	28	77	24	78	0.81	18.9
olaTTNIg17_290	olaTTNIg107_194	27.586	58	36	2	35	88	36	91	0.81	18.9
olaTTNIg17_290	olaTTNIg99_197	26.19	42	31	0	36	77	37	78	1.4	18.1
olaTTNIg17_290	olaTTNIg75_195	29.545	44	30	1	34	77	35	77	2.8	17.3
olaTTNIg17_290	olaTTNIg71_194	26.415	53	33	3	34	82	35	85	7.8	15.8
olaTTNIg18_389	olaTTNIg18_389	100	87	0	0	1	87	1	87	1.35e-64	181
olaTTNIg18_389	olaTTNIg61_188	33.735	83	55	0	2	84	3	85	3.75e-15	56.2
olaTTNIg18_389	olaTTNIg57_188	28.571	84	60	0	3	86	3	86	5.49e-15	55.8
olaTTNIg18_389	olaTTNIg20_187	36.047	86	55	0	2	87	2	87	2.59e-14	53.9
olaTTNIg18_389	olaTTNIg59_189	30.588	85	59	0	2	86	2	86	6.58e-13	50.4
olaTTNIg18_389	olaTTNIg12_189	35.938	64	41	0	21	84	22	85	1.32e-12	49.7
olaTTNIg18_389	olaTTNIg44_197	32.979	94	55	2	2	87	4	97	2.10e-12	49.3
olaTTNIg18_389	olaTTNIg15_187	31.765	85	58	0	2	86	2	86	4.05e-12	48.5
olaTTNIg18_389	olaTTNIg14_188	34.091	88	57	1	1	87	1	88	8.73e-12	47.8
olaTTNIg18_389	olaTTNIg17_290	34.091	88	57	1	1	87	2	89	1.08e-11	47.4
olaTTNIg18_389	olaTTNIg19_391	31.395	86	59	0	1	86	1	86	4.61e-11	45.8
olaTTNIg18_389	olaTTNIg53_190	30.12	83	57	1	5	86	6	88	5.09e-10	43.1
olaTTNIg18_389	olaTTNIg43_297	27.778	90	60	1	2	86	3	92	5.14e-10	43.1
olaTTNIg18_389	olaTTNIg24_194	29.213	89	58	2	4	87	3	91	5.16e-10	43.1
olaTTNIg18_389	olaTTNIg108_193	37.143	70	43	1	4	72	3	72	8.03e-10	42.7
olaTTNIg18_389	olaTTNIg13_189	27.273	88	62	1	2	87	2	89	8.58e-09	40
olaTTNIg18_389	olaTTNIg11_191	31.111	90	58	2	2	87	2	91	9.01e-09	40
olaTTNIg18_389	olaTTNIg54_189	23.529	85	65	0	2	86	3	87	4.10e-08	38.1
olaTTNIg18_389	olaTTNIg47_188	32.5	80	52	2	9	87	10	88	1.36e-07	37
olaTTNIg18_389	olaTTNIg116_195	30.137	73	50	1	4	75	4	76	1.47e-07	37
olaTTNIg18_389	olaTTNIg49_187	29.63	81	56	1	7	87	7	86	2.04e-07	36.2
olaTTNIg18_389	olaTTNIg48_188	24.706	85	64	0	2	86	2	86	2.04e-06	33.9
olaTTNIg18_389	olaTTNIg113_197	31.325	83	49	3	12	86	12	94	3.12e-06	33.5
olaTTNIg18_389	olaTTNIg50_192	25.641	78	58	0	10	87	10	87	3.46e-06	33.1
olaTTNIg18_389	olaTTNIg60_187	26.582	79	58	0	9	87	9	87	3.83e-06	33.1
olaTTNIg18_389	olaTTNIg51_488	30.488	82	57	0	5	86	2	83	4.58e-06	32.7
olaTTNIg18_389	olaTTNIg28_194	29.213	89	57	3	4	86	4	92	8.36e-06	32.3
olaTTNIg18_389	olaTTNIg42_192	27.586	87	61	1	2	86	4	90	1.29e-05	31.6
olaTTNIg18_389	olaTTNIg22_193	25.373	67	50	0	9	75	9	75	4.79e-05	30
olaTTNIg18_389	olaTTNIg38_193	31.579	57	35	1	34	86	35	91	1.21e-04	29.3
olaTTNIg18_389	olaTTNIg52_188	21.429	56	44	0	32	87	32	87	1.34e-04	28.9
olaTTNIg18_389	olaTTNIg55_190	23.529	85	65	0	2	86	4	88	4.14e-04	27.7
olaTTNIg18_389	olaTTNIg27_192	27.632	76	50	2	16	86	15	90	5.66e-04	27.3
olaTTNIg18_389	olaTTNIg33_195	23.864	88	62	2	4	86	4	91	6.55e-04	27.3
olaTTNIg18_389	olaTTNIg46_189	23.529	68	52	0	19	86	20	87	7.30e-04	26.9
olaTTNIg18_389	olaTTNIg76_192	25	68	50	1	8	74	6	73	8.37e-04	26.9
olaTTNIg18_389	olaTTNIg25_194	23.377	77	53	3	16	86	16	92	8.82e-04	26.9
olaTTNIg18_389	olaTTNIg39_194	28.09	89	58	2	4	86	4	92	0.001	26.6
olaTTNIg18_389	olaTTNIg106_196	26.866	67	47	2	8	72	9	75	0.001	26.6
olaTTNIg18_389	olaTTNIg77_197	27.869	61	43	1	16	75	19	79	0.001	26.6
olaTTNIg18_389	olaTTNIg58_193	21.111	90	66	1	2	86	2	91	0.001	26.6
olaTTNIg18_389	olaTTNIg56_189	24.59	61	46	0	25	85	25	85	0.002	25.8
olaTTNIg18_389	olaTTNIg30_194	27.586	58	38	1	34	87	36	93	0.003	25.4
olaTTNIg18_389	olaTTNIg94_193	26.027	73	43	2	21	82	10	82	0.003	25.4
olaTTNIg18_389	olaTTNIg94_193	50	10	5	0	16	25	79	88	6.6	16.2
olaTTNIg18_389	olaTTNIg100_195	23.81	42	32	0	34	75	37	78	0.006	24.6
olaTTNIg18_389	olaTTNIg35_193	26.667	60	40	1	32	87	33	92	0.009	24.3
olaTTNIg18_389	olaTTNIg6_195	23.944	71	52	1	7	75	6	76	0.009	24.3
olaTTNIg18_389	olaTTNIg16_189	25.301	83	61	1	5	86	5	87	0.009	23.9
olaTTNIg18_389	olaTTNIg103_196	25.806	62	45	1	11	71	13	74	0.009	24.3
olaTTNIg18_389	olaTTNIg78_196	24.359	78	54	3	9	84	10	84	0.009	24.3
olaTTNIg18_389	olaTTNIg3_195	20.635	63	46	1	29	87	30	92	0.01	23.9
olaTTNIg18_389	olaTTNIg37_193	25.676	74	42	2	15	84	25	89	0.033	22.7
olaTTNIg18_389	olaTTNIg105_194	30.159	63	37	3	16	75	18	76	0.066	21.6
olaTTNIg18_389	olaTTNIg34_193	26.761	71	48	4	4	71	3	72	0.078	21.6
olaTTNIg18_389	olaTTNIg40_194	22.619	84	60	2	9	87	8	91	0.1	21.2
olaTTNIg18_389	olaTTNIg98_196	22.5	80	60	2	10	87	11	90	0.13	20.8
olaTTNIg18_389	olaTTNIg23_194	24.444	90	63	2	3	87	2	91	0.15	20.8
olaTTNIg18_389	olaTTNIg80_196	25.641	39	29	0	34	72	37	75	0.2	20.4
olaTTNIg18_389	olaTTNIg117_196	23.077	78	49	2	12	87	22	90	0.2	20.4
olaTTNIg18_389	olaTTNIg72_197	22.222	45	35	0	33	77	37	81	0.21	20.4
olaTTNIg18_389	olaTTNIg36_194	20	60	44	1	32	87	34	93	0.21	20.4
olaTTNIg18_389	olaTTNIg4_195	24.176	91	62	3	4	87	4	94	0.25	20
olaTTNIg18_389	olaTTNIg96_194	29.825	57	36	3	17	71	18	72	0.34	19.6
olaTTNIg18_389	olaTTNIg70_195	22.727	44	34	0	32	75	34	77	0.34	19.6
olaTTNIg18_389	olaTTNIg29_192	24.39	82	57	2	11	87	10	91	0.52	19.2
olaTTNIg18_389	olaTTNIg104_198	26.19	42	31	0	34	75	39	80	0.56	19.2
olaTTNIg18_389	olaTTNIg45_192	38.095	21	13	0	55	75	56	76	0.61	18.9
olaTTNIg18_389	olaTTNIg62_195	27.778	54	23	2	33	70	35	88	0.62	18.9
olaTTNIg18_389	olaTTNIg31_193	26.087	69	48	2	11	77	11	78	0.75	18.9
olaTTNIg18_389	olaTTNIg107_194	28.571	28	20	0	44	71	45	72	0.83	18.5
olaTTNIg18_389	olaTTNIg84_195	38.889	18	11	0	58	75	60	77	0.9	18.5
olaTTNIg18_389	olaTTNIg88_193	23.729	59	41	1	32	86	32	90	1.1	18.5
olaTTNIg18_389	olaTTNIg112_198	22.449	49	38	0	27	75	32	80	1.8	17.7
olaTTNIg18_389	olaTTNIg93_194	40	15	9	0	58	72	59	73	1.8	17.7
olaTTNIg18_389	olaTTNIg111_1101	26.761	71	50	2	3	71	9	79	2.5	17.3
olaTTNIg18_389	olaTTNIg102_195	18.966	58	44	2	16	72	19	74	3.8	16.9
olaTTNIg18_389	olaTTNIg87_194	24.39	41	29	1	32	72	35	73	4.6	16.5
olaTTNIg18_389	olaTTNIg95_197	20	40	32	0	32	71	36	75	6.8	16.2
olaTTNIg18_389	olaTTNIg89_196	20.588	68	53	1	9	75	11	78	7.4	16.2
olaTTNIg18_389	olaTTNIg68_199	26.316	38	28	0	40	77	46	83	9.4	15.8
olaTTNIg19_391	olaTTNIg19_391	100	89	0	0	1	89	1	89	5.46e-66	184
olaTTNIg19_391	olaTTNIg20_187	38.824	85	52	0	2	86	2	86	1.43e-19	67.4
olaTTNIg19_391	olaTTNIg17_290	40.23	87	51	1	1	86	2	88	7.05e-19	65.9
olaTTNIg19_391	olaTTNIg15_187	35.294	85	55	0	2	86	2	86	4.84e-17	61.2
olaTTNIg19_391	olaTTNIg55_190	39.024	82	50	0	5	86	7	88	1.14e-16	60.1
olaTTNIg19_391	olaTTNIg42_192	36.047	86	51	2	4	86	6	90	6.83e-16	58.2
olaTTNIg19_391	olaTTNIg59_189	32.558	86	58	0	2	87	2	87	8.81e-16	57.8
olaTTNIg19_391	olaTTNIg16_189	32.53	83	56	0	4	86	5	87	1.82e-15	57
olaTTNIg19_391	olaTTNIg12_189	36.047	86	55	0	2	87	3	88	3.90e-15	56.2
olaTTNIg19_391	olaTTNIg43_297	29.545	88	57	1	2	84	3	90	1.69e-14	54.7
olaTTNIg19_391	olaTTNIg13_189	33.766	77	51	0	7	83	7	83	3.48e-13	51.2
olaTTNIg19_391	olaTTNIg54_189	33.824	68	45	0	5	72	6	73	3.92e-13	51.2
olaTTNIg19_391	olaTTNIg27_192	38.272	81	45	2	11	86	10	90	6.33e-13	50.8
olaTTNIg19_391	olaTTNIg44_197	35.065	77	46	1	2	74	4	80	7.45e-13	50.8
olaTTNIg19_391	olaTTNIg51_488	34.568	81	53	0	6	86	3	83	1.42e-12	49.7
olaTTNIg19_391	olaTTNIg56_189	32.955	88	58	1	1	87	1	88	2.42e-12	49.3
olaTTNIg19_391	olaTTNIg11_191	35.556	90	54	2	1	86	1	90	3.34e-12	48.9
olaTTNIg19_391	olaTTNIg61_188	28.916	83	59	0	4	86	5	87	6.97e-12	48.1
olaTTNIg19_391	olaTTNIg53_190	28.736	87	62	0	1	87	3	89	1.28e-11	47.4
olaTTNIg19_391	olaTTNIg47_188	35.802	81	50	2	8	87	9	88	1.65e-11	47
olaTTNIg19_391	olaTTNIg18_389	31.395	86	59	0	1	86	1	86	4.71e-11	45.8
olaTTNIg19_391	olaTTNIg50_192	26.506	83	61	0	7	89	7	89	5.29e-11	45.8
olaTTNIg19_391	olaTTNIg52_188	30.233	86	60	0	1	86	1	86	7.74e-11	45.4
olaTTNIg19_391	olaTTNIg57_188	32.53	83	55	1	4	86	5	86	7.99e-11	45.1
olaTTNIg19_391	olaTTNIg58_193	30.556	72	50	0	2	73	2	73	1.87e-09	42
olaTTNIg19_391	olaTTNIg64_193	29.73	74	44	1	22	87	14	87	2.53e-09	41.6
olaTTNIg19_391	olaTTNIg108_193	36.364	55	34	1	19	72	18	72	6.34e-09	40.4
olaTTNIg19_391	olaTTNIg48_188	29.851	67	47	0	2	68	2	68	6.56e-09	40.4
olaTTNIg19_391	olaTTNIg14_188	27.273	88	63	1	1	87	1	88	2.78e-08	38.5
olaTTNIg19_391	olaTTNIg46_189	26.506	83	61	0	4	86	5	87	6.05e-08	37.7
olaTTNIg19_391	olaTTNIg5_198	27.941	68	47	2	7	72	7	74	6.50e-08	37.7
olaTTNIg19_391	olaTTNIg116_195	32.584	89	54	3	4	87	5	92	2.38e-07	36.2
olaTTNIg19_391	olaTTNIg31_193	32.099	81	50	2	6	83	6	84	3.41e-07	35.8
olaTTNIg19_391	olaTTNIg38_193	31.667	60	33	2	34	87	35	92	4.63e-07	35.4
olaTTNIg19_391	olaTTNIg33_195	29.825	57	36	1	34	86	35	91	7.38e-07	35
olaTTNIg19_391	olaTTNIg49_187	25.926	81	59	1	8	88	8	87	8.80e-07	34.7
olaTTNIg19_391	olaTTNIg3_195	26.829	82	57	2	4	84	4	83	1.02e-06	34.7
olaTTNIg19_391	olaTTNIg36_194	35	60	31	2	33	86	35	92	2.13e-06	33.9
olaTTNIg19_391	olaTTNIg36_194	25	20	15	0	18	37	50	69	8.1	15.8
olaTTNIg19_391	olaTTNIg60_187	28.986	69	47	1	8	76	8	74	4.04e-06	33.1
olaTTNIg19_391	olaTTNIg22_193	25.581	86	62	1	4	87	4	89	5.31e-06	32.7
olaTTNIg19_391	olaTTNIg45_192	34.545	55	34	2	34	86	34	88	1.86e-05	31.2
olaTTNIg19_391	olaTTNIg2_194	30.769	52	34	1	34	83	35	86	1.93e-05	31.2
olaTTNIg19_391	olaTTNIg8_195	30.667	75	45	2	19	86	18	92	2.92e-05	30.8
olaTTNIg19_391	olaTTNIg34_193	25.287	87	60	2	5	86	5	91	3.02e-05	30.8
olaTTNIg19_391	olaTTNIg95_197	22.535	71	48	2	10	73	7	77	6.46e-05	30
olaTTNIg19_391	olaTTNIg6_195	31.25	80	47	4	15	87	14	92	7.44e-05	29.6
olaTTNIg19_391	olaTTNIg23_194	26.667	90	61	2	3	87	2	91	8.41e-05	29.6
olaTTNIg19_391	olaTTNIg96_194	39.655	58	28	3	30	84	32	85	1.25e-04	29.3
olaTTNIg19_391	olaTTNIg114_192	32.941	85	49	4	8	86	7	89	1.66e-04	28.9
olaTTNIg19_391	olaTTNIg39_194	38.462	39	24	0	33	71	35	73	1.70e-04	28.9
olaTTNIg19_391	olaTTNIg82_196	20.339	59	44	1	19	74	19	77	2.48e-04	28.5
olaTTNIg19_391	olaTTNIg100_195	25	44	33	0	32	75	35	78	3.08e-04	28.1
olaTTNIg19_391	olaTTNIg1_196	37.143	35	21	1	5	38	5	39	3.34e-04	28.1
olaTTNIg19_391	olaTTNIg115_194	27.027	74	53	1	3	75	3	76	4.10e-04	27.7
olaTTNIg19_391	olaTTNIg29_192	26.923	52	37	1	21	71	20	71	8.95e-04	26.9
olaTTNIg19_391	olaTTNIg21_195	25.333	75	51	2	14	83	10	84	0.001	26.9
olaTTNIg19_391	olaTTNIg77_197	26.437	87	59	4	5	87	8	93	0.001	26.9
olaTTNIg19_391	olaTTNIg106_196	24.39	41	31	0	33	73	36	76	0.002	25.8
olaTTNIg19_391	olaTTNIg91_193	18.182	44	36	0	34	77	34	77	0.002	25.8
olaTTNIg19_391	olaTTNIg24_194	30.645	62	40	2	11	71	12	71	0.002	25.8
olaTTNIg19_391	olaTTNIg113_197	27.419	62	38	2	34	88	35	96	0.004	25
olaTTNIg19_391	olaTTNIg113_197	42.105	19	10	1	71	88	11	29	5.3	16.5
olaTTNIg19_391	olaTTNIg40_194	27.907	86	55	3	7	86	6	90	0.005	24.6
olaTTNIg19_391	olaTTNIg85_194	21.569	51	37	1	24	71	22	72	0.007	24.3
olaTTNIg19_391	olaTTNIg80_196	29.545	44	31	0	32	75	35	78	0.007	24.3
olaTTNIg19_391	olaTTNIg102_195	36.364	55	27	4	23	72	23	74	0.008	24.3
olaTTNIg19_391	olaTTNIg4_195	25.455	55	38	2	21	72	21	75	0.009	24.3
olaTTNIg19_391	olaTTNIg88_193	20.513	39	31	0	33	71	33	71	0.01	23.9
olaTTNIg19_391	olaTTNIg75_195	26.829	41	29	1	33	73	36	75	0.015	23.5
olaTTNIg19_391	olaTTNIg41_196	27.536	69	46	3	10	75	10	77	0.017	23.5
olaTTNIg19_391	olaTTNIg72_197	22.807	57	40	1	34	86	38	94	0.032	22.7
olaTTNIg19_391	olaTTNIg110_194	26.471	68	45	3	8	71	7	73	0.05	21.9
olaTTNIg19_391	olaTTNIg76_192	35.484	31	18	1	58	86	57	87	0.053	21.9
olaTTNIg19_391	olaTTNIg62_195	25.926	81	54	4	11	87	14	92	0.054	21.9
olaTTNIg19_391	olaTTNIg30_194	20.833	72	50	1	1	72	10	74	0.058	21.9
olaTTNIg19_391	olaTTNIg83_195	23.214	56	42	1	21	75	22	77	0.058	21.9
olaTTNIg19_391	olaTTNIg92_196	29.268	41	29	0	34	74	37	77	0.061	21.9
olaTTNIg19_391	olaTTNIg7_195	23.944	71	51	2	5	72	4	74	0.061	21.9
olaTTNIg19_391	olaTTNIg10_194	53.846	13	6	0	34	46	35	47	0.062	21.9
olaTTNIg19_391	olaTTNIg81_193	27.778	72	36	4	10	71	6	71	0.064	21.9
olaTTNIg19_391	olaTTNIg73_197	22.973	74	52	3	18	87	21	93	0.075	21.6
olaTTNIg19_391	olaTTNIg117_196	23.214	56	41	1	34	87	35	90	0.17	20.8
olaTTNIg19_391	olaTTNIg68_199	22.222	45	35	0	30	74	36	80	0.18	20.8
olaTTNIg19_391	olaTTNIg112_198	18.085	94	67	3	4	89	7	98	0.18	20.4
olaTTNIg19_391	olaTTNIg89_196	21.569	51	36	1	34	80	37	87	0.18	20.4
olaTTNIg19_391	olaTTNIg104_198	20	40	32	0	34	73	39	78	0.18	20.4
olaTTNIg19_391	olaTTNIg87_194	28.205	39	20	1	35	73	44	74	0.2	20.4
olaTTNIg19_391	olaTTNIg90_195	21.918	73	39	2	1	73	21	75	0.48	19.2
olaTTNIg19_391	olaTTNIg98_196	21.053	38	30	0	34	71	37	74	0.58	19.2
olaTTNIg19_391	olaTTNIg103_196	20.513	39	31	0	33	71	36	74	1.1	18.5
olaTTNIg19_391	olaTTNIg71_194	24.39	41	29	1	33	73	36	74	1.3	18.1
olaTTNIg19_391	olaTTNIg70_195	42.857	14	8	0	58	71	60	73	1.8	17.7
olaTTNIg19_391	olaTTNIg94_193	14.815	54	46	0	33	86	33	86	1.9	17.7
olaTTNIg19_391	olaTTNIg66_196	29.032	31	20	1	45	73	46	76	2.4	17.3
olaTTNIg19_391	olaTTNIg99_197	21.951	41	32	0	32	72	35	75	2.8	17.3
olaTTNIg19_391	olaTTNIg97_197	25	36	27	0	36	71	40	75	3.9	16.9
olaTTNIg19_391	olaTTNIg105_194	45.455	11	6	0	64	74	65	75	5.2	16.5
olaTTNIg19_391	olaTTNIg86_197	44.444	9	5	0	67	75	71	79	6.2	16.2
olaTTNIg19_391	olaTTNIg79_197	30	30	21	0	22	51	66	95	6.6	16.2
olaTTNIg19_391	olaTTNIg35_193	83.333	6	1	0	67	72	68	73	8.5	15.8
olaTTNIg20_187	olaTTNIg20_187	100	87	0	0	1	87	1	87	1.56e-63	178
olaTTNIg20_187	olaTTNIg19_391	38.824	85	52	0	2	86	2	86	1.39e-19	67.4
olaTTNIg20_187	olaTTNIg59_189	35.294	85	55	0	2	86	2	86	5.16e-19	66.2
olaTTNIg20_187	olaTTNIg44_197	46.154	78	38	1	2	75	4	81	9.74e-19	65.5
olaTTNIg20_187	olaTTNIg55_190	37.647	85	53	0	2	86	4	88	7.23e-18	63.2
olaTTNIg20_187	olaTTNIg53_190	38.824	85	52	0	2	86	4	88	7.89e-18	63.2
olaTTNIg20_187	olaTTNIg54_189	35.294	85	55	0	2	86	3	87	6.38e-16	58.2
olaTTNIg20_187	olaTTNIg47_188	39.286	84	51	0	4	87	5	88	1.56e-15	57.4
olaTTNIg20_187	olaTTNIg43_297	33.784	74	49	0	2	75	3	76	1.90e-15	57.4
olaTTNIg20_187	olaTTNIg16_189	32.099	81	55	0	6	86	7	87	6.38e-15	55.5
olaTTNIg20_187	olaTTNIg18_389	36.047	86	55	0	2	87	2	87	2.59e-14	53.9
olaTTNIg20_187	olaTTNIg60_187	32.941	85	57	0	3	87	3	87	8.28e-14	52.8
olaTTNIg20_187	olaTTNIg11_191	36.986	73	45	1	2	73	2	74	1.92e-13	52
olaTTNIg20_187	olaTTNIg42_192	31.034	87	58	1	2	86	4	90	4.00e-13	51.2
olaTTNIg20_187	olaTTNIg52_188	30.952	84	58	0	4	87	4	87	8.71e-13	50.1
olaTTNIg20_187	olaTTNIg49_187	34.524	84	54	1	4	87	4	86	1.26e-12	49.7
olaTTNIg20_187	olaTTNIg17_290	27.586	87	62	1	2	87	3	89	1.34e-12	49.7
olaTTNIg20_187	olaTTNIg57_188	29.762	84	59	0	3	86	3	86	1.56e-12	49.7
olaTTNIg20_187	olaTTNIg5_198	35.87	92	51	4	3	87	3	93	1.94e-12	49.7
olaTTNIg20_187	olaTTNIg51_488	30.12	83	58	0	4	86	1	83	2.46e-12	48.9
olaTTNIg20_187	olaTTNIg61_188	26.506	83	61	0	2	84	3	85	3.64e-12	48.5
olaTTNIg20_187	olaTTNIg50_192	29.07	86	61	0	2	87	2	87	3.33e-11	46.2
olaTTNIg20_187	olaTTNIg56_189	34.286	70	46	0	4	73	4	73	1.30e-10	44.7
olaTTNIg20_187	olaTTNIg13_189	32.836	67	45	0	8	74	8	74	4.06e-10	43.5
olaTTNIg20_187	olaTTNIg36_194	39.13	46	28	0	30	75	32	77	5.81e-10	43.1
olaTTNIg20_187	olaTTNIg3_195	24.706	85	59	2	8	87	8	92	1.18e-09	42.4
olaTTNIg20_187	olaTTNIg46_189	32.836	67	45	0	6	72	7	73	1.66e-09	42
olaTTNIg20_187	olaTTNIg48_188	27.059	85	62	0	2	86	2	86	3.46e-09	40.8
olaTTNIg20_187	olaTTNIg40_194	32.222	90	56	2	3	87	2	91	4.27e-09	40.8
olaTTNIg20_187	olaTTNIg15_187	28.235	85	61	0	2	86	2	86	1.64e-08	39.3
olaTTNIg20_187	olaTTNIg27_192	32	75	50	1	4	77	3	77	1.90e-08	39.3
olaTTNIg20_187	olaTTNIg23_194	28.736	87	57	2	6	87	5	91	3.77e-08	38.5
olaTTNIg20_187	olaTTNIg12_189	28.916	83	59	0	2	84	3	85	7.06e-08	37.7
olaTTNIg20_187	olaTTNIg116_195	29.231	65	45	1	9	72	9	73	2.27e-07	36.2
olaTTNIg20_187	olaTTNIg1_196	28.889	90	57	3	4	86	4	93	2.56e-07	36.2
olaTTNIg20_187	olaTTNIg22_193	28.169	71	51	0	8	78	8	78	3.77e-07	35.8
olaTTNIg20_187	olaTTNIg21_195	30	90	58	2	3	87	3	92	3.98e-07	35.8
olaTTNIg20_187	olaTTNIg38_193	27.536	69	49	1	4	71	4	72	1.16e-06	34.7
olaTTNIg20_187	olaTTNIg34_193	28.09	89	59	2	4	87	4	92	1.43e-06	34.3
olaTTNIg20_187	olaTTNIg34_193	31.707	41	26	2	1	40	32	71	3.9	16.9
olaTTNIg20_187	olaTTNIg14_188	27.16	81	58	1	8	87	8	88	1.47e-06	34.3
olaTTNIg20_187	olaTTNIg76_192	35.417	48	31	0	34	81	33	80	3.50e-06	33.1
olaTTNIg20_187	olaTTNIg108_193	24.719	89	62	2	4	87	3	91	3.99e-06	33.1
olaTTNIg20_187	olaTTNIg31_193	32.836	67	41	2	9	71	6	72	6.89e-06	32.3
olaTTNIg20_187	olaTTNIg32_194	27.027	74	52	2	4	75	4	77	8.19e-06	32.3
olaTTNIg20_187	olaTTNIg4_195	32	75	48	2	4	75	4	78	8.57e-06	32.3
olaTTNIg20_187	olaTTNIg64_193	32.653	49	33	0	31	79	31	79	2.07e-05	31.2
olaTTNIg20_187	olaTTNIg39_194	26.316	57	42	0	30	86	32	88	4.70e-05	30.4
olaTTNIg20_187	olaTTNIg114_192	30.108	93	51	5	4	87	3	90	4.83e-05	30
olaTTNIg20_187	olaTTNIg9_193	25.352	71	51	2	11	80	10	79	5.15e-05	30
olaTTNIg20_187	olaTTNIg29_192	27.778	72	47	2	21	87	20	91	7.33e-05	29.6
olaTTNIg20_187	olaTTNIg10_194	27.941	68	44	2	25	87	26	93	8.61e-05	29.6
olaTTNIg20_187	olaTTNIg33_195	27.692	65	46	1	11	74	11	75	1.12e-04	29.3
olaTTNIg20_187	olaTTNIg30_194	22.222	72	54	2	4	73	4	75	2.19e-04	28.5
olaTTNIg20_187	olaTTNIg35_193	32.692	52	35	0	30	81	31	82	3.18e-04	28.1
olaTTNIg20_187	olaTTNIg88_193	26.786	56	41	0	32	87	32	87	3.31e-04	28.1
olaTTNIg20_187	olaTTNIg8_195	28	50	33	1	3	49	2	51	3.87e-04	27.7
olaTTNIg20_187	olaTTNIg73_197	26.786	56	41	0	31	86	35	90	4.43e-04	27.7
olaTTNIg20_187	olaTTNIg95_197	39.024	41	23	2	32	71	36	75	4.96e-04	27.7
olaTTNIg20_187	olaTTNIg106_196	25.641	39	29	0	34	72	37	75	0.001	26.9
olaTTNIg20_187	olaTTNIg100_195	20.833	48	38	0	34	81	37	84	0.001	26.6
olaTTNIg20_187	olaTTNIg58_193	21.538	65	51	0	8	72	8	72	0.001	26.2
olaTTNIg20_187	olaTTNIg105_194	28.814	59	38	2	31	87	34	90	0.001	26.2
olaTTNIg20_187	olaTTNIg45_192	26.923	52	36	2	23	73	24	74	0.002	25.8
olaTTNIg20_187	olaTTNIg24_194	25.275	91	59	3	4	87	3	91	0.003	25.4
olaTTNIg20_187	olaTTNIg96_194	29.63	54	36	1	31	84	34	85	0.003	25.4
olaTTNIg20_187	olaTTNIg96_194	27.419	62	37	2	2	63	35	88	2.3	17.3
olaTTNIg20_187	olaTTNIg115_194	30.435	46	30	2	31	75	32	76	0.006	24.6
olaTTNIg20_187	olaTTNIg28_194	23.077	65	48	2	17	79	17	81	0.006	24.6
olaTTNIg20_187	olaTTNIg7_195	21.053	76	57	2	3	75	2	77	0.007	24.3
olaTTNIg20_187	olaTTNIg91_193	22.449	49	38	0	31	79	31	79	0.008	24.3
olaTTNIg20_187	olaTTNIg94_193	22.727	66	50	1	7	71	6	71	0.008	24.3
olaTTNIg20_187	olaTTNIg90_195	30.952	42	27	1	31	72	35	74	0.008	24.3
olaTTNIg20_187	olaTTNIg83_195	28.889	45	32	0	34	78	36	80	0.009	24.3
olaTTNIg20_187	olaTTNIg113_197	31.746	63	36	3	31	86	32	94	0.009	24.3
olaTTNIg20_187	olaTTNIg6_195	21.053	76	56	3	14	86	13	87	0.011	23.9
olaTTNIg20_187	olaTTNIg85_194	25	40	30	0	32	71	33	72	0.011	23.9
olaTTNIg20_187	olaTTNIg117_196	17.808	73	59	1	4	75	4	76	0.015	23.5
olaTTNIg20_187	olaTTNIg62_195	39.024	41	22	2	34	72	36	75	0.026	22.7
olaTTNIg20_187	olaTTNIg86_197	27.907	43	27	2	32	72	36	76	0.033	22.7
olaTTNIg20_187	olaTTNIg87_194	27.66	47	32	1	32	78	35	79	0.036	22.3
olaTTNIg20_187	olaTTNIg67_1104	26.316	57	35	2	1	52	2	56	0.072	21.6
olaTTNIg20_187	olaTTNIg82_196	21.951	41	32	0	32	72	35	75	0.08	21.6
olaTTNIg20_187	olaTTNIg80_196	30.952	42	29	0	34	75	37	78	0.1	21.2
olaTTNIg20_187	olaTTNIg98_196	38.889	18	11	0	32	49	35	52	0.13	20.8
olaTTNIg20_187	olaTTNIg92_196	25	44	33	0	31	74	34	77	0.14	20.8
olaTTNIg20_187	olaTTNIg71_194	24.39	41	29	1	32	72	35	73	0.2	20.4
olaTTNIg20_187	olaTTNIg112_198	21.311	61	46	1	13	71	16	76	0.2	20.4
olaTTNIg20_187	olaTTNIg63_197	24.444	45	34	0	27	71	31	75	0.22	20.4
olaTTNIg20_187	olaTTNIg103_196	26.829	41	30	0	31	71	34	74	0.23	20.4
olaTTNIg20_187	olaTTNIg68_199	50	16	8	0	67	82	73	88	0.35	19.6
olaTTNIg20_187	olaTTNIg72_197	28.07	57	37	1	34	86	38	94	0.44	19.6
olaTTNIg20_187	olaTTNIg37_193	27.66	47	34	0	28	74	29	75	0.45	19.2
olaTTNIg20_187	olaTTNIg107_194	26.23	61	34	2	11	71	23	72	0.53	19.2
olaTTNIg20_187	olaTTNnewIg_1104	28.788	66	36	5	31	87	34	97	0.58	19.2
olaTTNIg20_187	olaTTNIg69_194	30	20	14	0	31	50	34	53	0.66	18.9
olaTTNIg20_187	olaTTNIg75_195	24.39	41	30	1	31	71	34	73	0.7	18.9
olaTTNIg20_187	olaTTNIg97_197	29.508	61	30	2	22	78	35	86	0.91	18.5
olaTTNIg20_187	olaTTNIg102_195	28.205	39	26	1	34	72	38	74	0.94	18.5
olaTTNIg20_187	olaTTNIg77_197	25	72	53	1	5	75	8	79	2.5	17.3
olaTTNIg20_187	olaTTNIg79_197	24.49	49	36	1	25	72	28	76	3.5	16.9
olaTTNIg20_187	olaTTNIg104_198	18.182	44	36	0	28	71	33	76	4.5	16.5
olaTTNIg20_187	olaTTNIg81_193	27.5	40	26	2	32	71	35	71	6.3	16.2
olaTTNIg20_187	olaTTNIg66_196	46.667	15	8	0	35	49	10	24	7.1	16.2
olaTTNIg20_187	olaTTNIg99_197	46.667	15	8	0	58	72	61	75	8.7	15.8
olaTTNIg21_195	olaTTNIg21_195	100	95	0	0	1	95	1	95	1.26e-71	199
olaTTNIg21_195	olaTTNIg2_194	38.043	92	57	0	1	92	1	92	7.99e-23	76.3
olaTTNIg21_195	olaTTNIg24_194	29.545	88	62	0	8	95	7	94	3.46e-15	56.6
olaTTNIg21_195	olaTTNIg4_195	39.024	82	48	1	11	90	11	92	3.66e-15	56.6
olaTTNIg21_195	olaTTNIg3_195	26.316	95	70	0	1	95	1	95	2.68e-14	54.7
olaTTNIg21_195	olaTTNIg108_193	28.261	92	66	0	2	93	1	92	2.76e-14	54.3
olaTTNIg21_195	olaTTNIg35_193	31.522	92	63	0	1	92	1	92	1.74e-13	52.4
olaTTNIg21_195	olaTTNIg23_194	32.979	94	63	0	2	95	1	94	2.57e-13	52
olaTTNIg21_195	olaTTNIg5_198	30.851	94	62	2	1	92	1	93	4.37e-13	51.6
olaTTNIg21_195	olaTTNIg1_196	31.522	92	61	1	2	91	2	93	1.27e-12	50.4
olaTTNIg21_195	olaTTNIg9_193	30.851	94	64	1	2	95	1	93	1.44e-12	50.1
olaTTNIg21_195	olaTTNIg113_197	31.915	94	61	1	1	91	1	94	1.66e-12	50.1
olaTTNIg21_195	olaTTNIg10_194	36.559	93	56	2	2	92	2	93	4.68e-12	48.9
olaTTNIg21_195	olaTTNIg114_192	31.522	92	60	2	2	92	1	90	7.51e-12	48.1
olaTTNIg21_195	olaTTNIg25_194	30.435	92	63	1	1	91	1	92	7.67e-12	48.1
olaTTNIg21_195	olaTTNIg39_194	29.348	92	64	1	1	91	1	92	4.07e-11	46.2
olaTTNIg21_195	olaTTNIg41_196	31.579	76	51	1	21	95	21	96	4.57e-11	46.2
olaTTNIg21_195	olaTTNIg27_192	30	90	63	0	2	91	1	90	7.36e-11	45.4
olaTTNIg21_195	olaTTNIg40_194	29.787	94	66	0	2	95	1	94	1.09e-10	45.1
olaTTNIg21_195	olaTTNIg32_194	26.882	93	67	1	1	92	1	93	1.13e-10	45.1
olaTTNIg21_195	olaTTNIg91_193	24.444	90	68	0	2	91	1	90	1.56e-10	44.7
olaTTNIg21_195	olaTTNIg115_194	28.889	90	64	0	2	91	2	91	7.52e-10	43.1
olaTTNIg21_195	olaTTNIg6_195	26.829	82	57	2	16	95	15	95	7.59e-10	43.1
olaTTNIg21_195	olaTTNIg117_196	27.16	81	59	0	11	91	11	91	1.74e-09	42
olaTTNIg21_195	olaTTNIg54_189	26.923	78	56	1	1	78	2	78	1.83e-09	42
olaTTNIg21_195	olaTTNIg28_194	30.208	96	58	2	1	91	1	92	1.93e-09	42
olaTTNIg21_195	olaTTNIg95_197	24.138	87	63	1	1	84	1	87	2.00e-09	42
olaTTNIg21_195	olaTTNIg44_197	37.931	58	36	0	35	92	40	97	2.64e-09	41.6
olaTTNIg21_195	olaTTNIg94_193	26.667	90	66	0	2	91	1	90	4.31e-09	41.2
olaTTNIg21_195	olaTTNIg73_197	26.042	96	66	2	1	93	1	94	5.22e-09	40.8
olaTTNIg21_195	olaTTNIg29_192	26.374	91	67	0	2	92	1	91	5.58e-09	40.8
olaTTNIg21_195	olaTTNIg7_195	25.532	94	68	1	2	93	1	94	1.14e-08	40
olaTTNIg21_195	olaTTNIg36_194	25	92	68	1	2	92	2	93	4.33e-08	38.5
olaTTNIg21_195	olaTTNIg48_188	31.579	76	51	1	8	83	8	82	7.59e-08	37.7
olaTTNIg21_195	olaTTNIg26_192	35.135	74	41	4	21	91	20	89	8.69e-08	37.7
olaTTNIg21_195	olaTTNIg43_297	27.66	94	66	2	3	95	4	96	8.84e-08	37.7
olaTTNIg21_195	olaTTNIg107_194	24.419	86	63	1	6	91	8	91	2.38e-07	36.6
olaTTNIg21_195	olaTTNIg88_193	29.231	65	46	0	27	91	26	90	3.47e-07	36.2
olaTTNIg21_195	olaTTNIg20_187	30	90	58	2	3	92	3	87	4.34e-07	35.8
olaTTNIg21_195	olaTTNIg101_195	25.287	87	62	2	7	93	9	92	4.57e-07	35.8
olaTTNIg21_195	olaTTNIg106_196	24.051	79	60	0	13	91	15	93	4.69e-07	35.8
olaTTNIg21_195	olaTTNIg69_194	29.487	78	53	1	9	86	11	86	6.50e-07	35.4
olaTTNIg21_195	olaTTNIg98_196	25	72	54	0	15	86	17	88	7.23e-07	35.4
olaTTNIg21_195	olaTTNIg22_193	29.213	89	62	1	1	89	1	88	7.26e-07	35.4
olaTTNIg21_195	olaTTNIg31_193	25.556	90	61	2	1	87	1	87	9.26e-07	35
olaTTNIg21_195	olaTTNIg76_192	22.619	84	65	0	9	92	7	90	1.10e-06	34.7
olaTTNIg21_195	olaTTNIg84_195	27.368	95	62	3	1	91	1	92	1.20e-06	34.7
olaTTNIg21_195	olaTTNIg66_196	26.761	71	51	1	15	85	18	87	1.21e-06	34.7
olaTTNIg21_195	olaTTNIg89_196	18.571	70	57	0	12	81	14	83	1.45e-06	34.7
olaTTNIg21_195	olaTTNIg67_1104	26.582	79	51	1	12	83	15	93	2.09e-06	34.3
olaTTNIg21_195	olaTTNIg110_194	23.611	72	53	1	24	93	23	94	2.58e-06	33.9
olaTTNIg21_195	olaTTNIg38_193	24.176	91	69	0	1	91	1	91	2.74e-06	33.9
olaTTNIg21_195	olaTTNIg90_195	31.461	89	45	3	1	86	1	76	2.97e-06	33.5
olaTTNIg21_195	olaTTNIg30_194	24.51	102	58	3	1	92	1	93	4.23e-06	33.1
olaTTNIg21_195	olaTTNIg99_197	24.286	70	53	0	13	82	15	84	5.98e-06	32.7
olaTTNIg21_195	olaTTNIg111_1101	26.667	90	47	2	2	81	8	88	7.17e-06	32.7
olaTTNIg21_195	olaTTNIg42_192	24.658	73	54	1	1	72	3	75	9.78e-06	32.3
olaTTNIg21_195	olaTTNIg71_194	20.513	78	60	1	14	91	16	91	1.06e-05	32.3
olaTTNIg21_195	olaTTNIg15_187	30.108	93	56	3	1	91	1	86	1.32e-05	32
olaTTNIg21_195	olaTTNIg64_193	25	84	61	1	5	86	2	85	1.33e-05	32
olaTTNIg21_195	olaTTNIg8_195	25.758	66	49	0	27	92	28	93	1.67e-05	31.6
olaTTNIg21_195	olaTTNIg37_193	22.989	87	67	0	1	87	1	87	1.67e-05	31.6
olaTTNIg21_195	olaTTNIg49_187	30	60	38	1	33	92	31	86	3.65e-05	30.8
olaTTNIg21_195	olaTTNIg105_194	30	80	50	3	15	93	17	91	3.94e-05	30.8
olaTTNIg21_195	olaTTNIg63_197	26.882	93	57	3	1	86	1	89	4.14e-05	30.8
olaTTNIg21_195	olaTTNIg79_197	28.767	73	49	2	16	86	18	89	4.41e-05	30.4
olaTTNIg21_195	olaTTNIg59_189	28	75	49	2	17	91	17	86	4.53e-05	30.4
olaTTNIg21_195	olaTTNIg61_188	22.642	53	41	0	32	84	32	84	5.50e-05	30
olaTTNIg21_195	olaTTNIg74_196	24.39	82	60	1	12	91	12	93	6.00e-05	30.4
olaTTNIg21_195	olaTTNIg100_195	28.302	53	38	0	26	78	28	80	6.57e-05	30
olaTTNIg21_195	olaTTNIg47_188	30.233	43	30	0	31	73	31	73	6.64e-05	30
olaTTNIg21_195	olaTTNIg92_196	23.864	88	65	1	6	93	8	93	1.05e-04	29.6
olaTTNIg21_195	olaTTNIg75_195	42.308	26	15	0	12	37	14	39	1.21e-04	29.3
olaTTNIg21_195	olaTTNIg86_197	23.529	85	62	1	1	82	1	85	1.27e-04	29.3
olaTTNIg21_195	olaTTNIg77_197	22.34	94	70	1	1	91	1	94	1.32e-04	29.3
olaTTNIg21_195	olaTTNIg103_196	24.658	73	55	0	12	84	14	86	1.46e-04	29.3
olaTTNIg21_195	olaTTNIg55_190	22.5	80	59	2	1	78	1	79	2.39e-04	28.5
olaTTNIg21_195	olaTTNIg82_196	22.222	90	66	2	6	93	6	93	2.42e-04	28.5
olaTTNIg21_195	olaTTNIg104_198	36.957	46	25	2	1	42	1	46	2.85e-04	28.5
olaTTNIg21_195	olaTTNIg87_194	26.829	82	56	2	12	93	14	91	5.00e-04	27.7
olaTTNIg21_195	olaTTNIg33_195	24.468	94	65	3	1	90	1	92	6.08e-04	27.3
olaTTNIg21_195	olaTTNIg116_195	21.053	95	75	0	1	95	1	95	6.80e-04	27.3
olaTTNIg21_195	olaTTNIg45_192	21.795	78	57	3	1	76	1	76	7.14e-04	27.3
olaTTNIg21_195	olaTTNIg80_196	25.333	75	55	1	8	81	9	83	0.001	26.9
olaTTNIg21_195	olaTTNIg19_391	25.333	75	51	2	10	84	14	83	0.001	26.9
olaTTNIg21_195	olaTTNIg85_194	27.692	65	43	2	29	91	29	91	0.001	26.6
olaTTNIg21_195	olaTTNIg112_198	20.225	89	70	1	4	91	7	95	0.001	26.6
olaTTNIg21_195	olaTTNIg51_488	28.75	80	52	2	12	91	9	83	0.001	26.6
olaTTNIg21_195	olaTTNIg34_193	24.096	83	45	2	19	92	19	92	0.001	26.6
olaTTNIg21_195	olaTTNIg60_187	21.739	92	67	2	1	92	1	87	0.001	26.6
olaTTNIg21_195	olaTTNIg52_188	22.449	49	38	0	31	79	30	78	0.002	26.2
olaTTNIg21_195	olaTTNIg93_194	26.19	84	54	3	12	93	14	91	0.002	26.2
olaTTNIg21_195	olaTTNIg78_196	34.783	23	15	0	15	37	17	39	0.002	26.2
olaTTNIg21_195	olaTTNIg13_189	25.862	58	41	1	35	92	34	89	0.002	26.2
olaTTNIg21_195	olaTTNIg81_193	25.333	75	49	2	13	85	15	84	0.002	26.2
olaTTNIg21_195	olaTTNIg70_195	21.519	79	55	1	3	81	11	82	0.002	26.2
olaTTNIg21_195	olaTTNIg83_195	21.739	69	54	0	15	83	16	84	0.002	26.2
olaTTNIg21_195	olaTTNIg53_190	26.667	75	54	1	4	78	6	79	0.003	25.8
olaTTNIg21_195	olaTTNIg56_189	24.561	57	42	1	18	74	18	73	0.004	25.4
olaTTNIg21_195	olaTTNIg96_194	25.926	81	56	2	13	93	15	91	0.004	25.4
olaTTNIg21_195	olaTTNIg68_199	22.222	81	54	2	19	91	17	96	0.008	24.6
olaTTNIg21_195	olaTTNIg46_189	25	48	36	0	31	78	31	78	0.01	24.3
olaTTNIg21_195	olaTTNIg17_290	21.111	90	67	1	3	92	4	89	0.025	23.1
olaTTNIg21_195	olaTTNIg109_193	26.667	30	22	0	16	45	14	43	0.048	22.3
olaTTNIg21_195	olaTTNnewIg_1104	33.333	21	14	0	15	35	17	37	0.053	22.3
olaTTNIg21_195	olaTTNIg97_197	23.944	71	54	0	13	83	16	86	0.063	21.9
olaTTNIg21_195	olaTTNIg11_191	25	64	47	1	29	92	29	91	0.11	21.2
olaTTNIg21_195	olaTTNIg102_195	24.39	41	28	1	1	38	1	41	1.4	18.1
olaTTNIg21_195	olaTTNIg16_189	41.667	12	7	0	29	40	29	40	5.6	16.5
olaTTNIg22_193	olaTTNIg22_193	100	93	0	0	1	93	1	93	2.26e-69	193
olaTTNIg22_193	olaTTNIg1_196	33.684	95	60	2	2	93	2	96	2.83e-14	54.3
olaTTNIg22_193	olaTTNIg3_195	30.682	88	60	1	2	88	2	89	2.14e-13	52
olaTTNIg22_193	olaTTNIg34_193	32.955	88	58	1	2	88	2	89	6.15e-13	50.8
olaTTNIg22_193	olaTTNIg60_187	35.616	73	47	0	1	73	1	73	7.20e-13	50.4
olaTTNIg22_193	olaTTNIg55_190	33.333	87	54	2	1	83	1	87	9.66e-13	50.4
olaTTNIg22_193	olaTTNIg5_198	27.957	93	65	2	1	91	1	93	4.88e-12	48.9
olaTTNIg22_193	olaTTNIg2_194	31.915	94	63	1	1	93	1	94	1.05e-11	47.8
olaTTNIg22_193	olaTTNIg30_194	33.735	83	53	2	1	81	1	83	1.50e-11	47.4
olaTTNIg22_193	olaTTNIg108_193	29.67	91	63	1	2	91	1	91	3.95e-11	46.2
olaTTNIg22_193	olaTTNIg9_193	28.889	90	62	2	2	90	1	89	6.07e-11	45.8
olaTTNIg22_193	olaTTNIg112_198	27.848	79	55	1	12	88	15	93	1.46e-10	45.1
olaTTNIg22_193	olaTTNIg33_195	28.571	91	62	2	1	88	1	91	2.02e-10	44.7
olaTTNIg22_193	olaTTNIg40_194	31.25	80	54	1	2	80	1	80	2.09e-10	44.3
olaTTNIg22_193	olaTTNIg44_197	29.348	92	61	1	1	88	3	94	8.09e-10	43.1
olaTTNIg22_193	olaTTNIg32_194	27.66	94	66	2	1	92	1	94	8.50e-10	42.7
olaTTNIg22_193	olaTTNIg116_195	27.174	92	66	1	1	91	1	92	1.58e-09	42.4
olaTTNIg22_193	olaTTNIg38_193	26.882	93	67	1	1	92	1	93	1.78e-09	42
olaTTNIg22_193	olaTTNIg23_194	30	90	62	1	2	90	1	90	2.07e-09	42
olaTTNIg22_193	olaTTNIg26_192	28.889	90	62	2	2	90	1	89	2.62e-09	41.6
olaTTNIg22_193	olaTTNIg24_194	29.545	88	61	1	2	88	1	88	3.96e-09	41.2
olaTTNIg22_193	olaTTNIg37_193	25.806	93	68	1	1	92	1	93	5.53e-09	40.8
olaTTNIg22_193	olaTTNIg54_189	33.333	78	51	1	1	77	1	78	5.97e-09	40.4
olaTTNIg22_193	olaTTNIg115_194	28.571	63	45	0	31	93	32	94	8.73e-09	40
olaTTNIg22_193	olaTTNIg36_194	26.882	93	66	2	2	92	2	94	9.61e-09	40
olaTTNIg22_193	olaTTNIg29_192	26.087	92	67	1	2	92	1	92	1.53e-08	39.7
olaTTNIg22_193	olaTTNIg77_197	27.059	85	61	1	9	92	12	96	1.57e-08	39.7
olaTTNIg22_193	olaTTNIg58_193	27.273	77	56	0	4	80	4	80	1.89e-08	39.3
olaTTNIg22_193	olaTTNIg39_194	25.532	94	68	2	1	92	1	94	2.43e-08	38.9
olaTTNIg22_193	olaTTNIg43_297	28.571	84	59	1	8	90	9	92	2.54e-08	38.9
olaTTNIg22_193	olaTTNIg13_189	31.818	88	58	1	1	88	1	86	2.55e-08	38.9
olaTTNIg22_193	olaTTNIg61_188	21.795	78	61	0	1	78	2	79	3.30e-08	38.5
olaTTNIg22_193	olaTTNIg28_194	28.261	92	64	2	1	90	1	92	3.72e-08	38.5
olaTTNIg22_193	olaTTNIg57_188	29.412	85	56	2	4	88	4	84	4.74e-08	38.1
olaTTNIg22_193	olaTTNIg4_195	32.927	82	51	3	15	93	15	95	5.79e-08	38.1
olaTTNIg22_193	olaTTNIg14_188	27.273	77	55	1	3	78	3	79	6.45e-08	37.7
olaTTNIg22_193	olaTTNIg12_189	26.667	90	62	1	1	90	2	87	1.69e-07	37
olaTTNIg22_193	olaTTNIg6_195	31.25	80	53	2	14	91	13	92	2.15e-07	36.6
olaTTNIg22_193	olaTTNIg53_190	25.352	71	53	0	7	77	9	79	2.66e-07	36.2
olaTTNIg22_193	olaTTNIg35_193	25.843	89	65	1	1	88	1	89	3.32e-07	36.2
olaTTNIg22_193	olaTTNIg20_187	28.169	71	51	0	8	78	8	78	4.03e-07	35.8
olaTTNIg22_193	olaTTNIg41_196	25.581	86	62	2	10	93	10	95	5.26e-07	35.8
olaTTNIg22_193	olaTTNIg21_195	29.213	89	62	1	1	88	1	89	7.11e-07	35.4
olaTTNIg22_193	olaTTNIg31_193	26.667	90	65	1	1	89	1	90	7.65e-07	35
olaTTNIg22_193	olaTTNIg73_197	26.042	96	67	3	1	92	1	96	1.07e-06	34.7
olaTTNIg22_193	olaTTNIg52_188	24.719	89	63	1	4	92	4	88	1.57e-06	34.3
olaTTNIg22_193	olaTTNIg19_391	25.581	86	62	1	4	89	4	87	5.54e-06	32.7
olaTTNIg22_193	olaTTNIg49_187	26.389	72	52	1	2	73	2	72	6.77e-06	32.7
olaTTNIg22_193	olaTTNIg59_189	25	88	59	3	4	86	4	89	6.84e-06	32.7
olaTTNIg22_193	olaTTNIg27_192	32.222	90	51	5	5	90	7	90	8.29e-06	32.3
olaTTNIg22_193	olaTTNIg8_195	23.158	95	70	1	2	93	1	95	9.92e-06	32.3
olaTTNIg22_193	olaTTNIg76_192	21.739	92	70	2	2	92	1	91	1.62e-05	31.6
olaTTNIg22_193	olaTTNIg117_196	26.25	80	56	2	13	91	13	90	2.16e-05	31.2
olaTTNIg22_193	olaTTNIg91_193	25.61	82	60	1	13	93	12	93	2.37e-05	31.2
olaTTNIg22_193	olaTTNIg83_195	22.892	83	62	2	1	81	1	83	2.46e-05	31.2
olaTTNIg22_193	olaTTNIg74_196	23.958	96	69	3	2	93	1	96	3.44e-05	30.8
olaTTNIg22_193	olaTTNIg56_189	25.882	85	60	1	8	92	8	89	3.69e-05	30.8
olaTTNIg22_193	olaTTNIg47_188	25.714	70	52	0	3	72	4	73	4.73e-05	30.4
olaTTNIg22_193	olaTTNIg10_194	29.213	89	61	2	2	88	2	90	5.03e-05	30.4
olaTTNIg22_193	olaTTNIg18_389	25.373	67	50	0	9	75	9	75	5.12e-05	30
olaTTNIg22_193	olaTTNIg95_197	24.138	87	62	2	1	83	1	87	6.10e-05	30
olaTTNIg22_193	olaTTNIg11_191	24.419	86	63	2	7	91	7	91	7.02e-05	30
olaTTNIg22_193	olaTTNIg46_189	23.188	69	53	0	4	72	5	73	1.11e-04	29.3
olaTTNIg22_193	olaTTNIg89_196	21.687	83	62	2	1	80	1	83	1.66e-04	28.9
olaTTNIg22_193	olaTTNIg16_189	24.286	70	53	0	3	72	4	73	1.92e-04	28.9
olaTTNIg22_193	olaTTNIg106_196	23.077	78	59	1	7	83	9	86	1.98e-04	28.9
olaTTNIg22_193	olaTTNIg82_196	20	85	67	1	9	92	11	95	2.00e-04	28.9
olaTTNIg22_193	olaTTNIg72_197	21.429	84	62	2	1	80	1	84	2.93e-04	28.5
olaTTNIg22_193	olaTTNIg48_188	30.556	36	25	0	3	38	3	38	3.81e-04	27.7
olaTTNIg22_193	olaTTNIg100_195	20.548	73	57	1	7	78	9	81	5.94e-04	27.3
olaTTNIg22_193	olaTTNIg70_195	20.732	82	63	2	1	80	1	82	7.29e-04	27.3
olaTTNIg22_193	olaTTNIg25_194	22.222	90	68	2	1	88	1	90	7.74e-04	27.3
olaTTNIg22_193	olaTTNIg64_193	22.892	83	61	2	9	90	8	88	0.001	26.9
olaTTNIg22_193	olaTTNIg103_196	20.482	83	65	1	9	90	11	93	0.001	26.6
olaTTNIg22_193	olaTTNIg80_196	22.727	66	41	1	16	81	29	84	0.001	26.6
olaTTNIg22_193	olaTTNIg114_192	21.978	91	69	2	2	91	1	90	0.003	25.4
olaTTNIg22_193	olaTTNIg42_192	14.474	76	63	1	1	74	3	78	0.004	25.4
olaTTNIg22_193	olaTTNIg68_199	28.947	38	27	0	53	90	59	96	0.005	25
olaTTNIg22_193	olaTTNIg113_197	24.468	94	67	3	1	90	1	94	0.005	25
olaTTNIg22_193	olaTTNIg86_197	17.808	73	59	1	9	80	12	84	0.005	25
olaTTNIg22_193	olaTTNIg94_193	21.918	73	56	1	13	84	12	84	0.008	24.3
olaTTNIg22_193	olaTTNIg110_194	35.556	45	27	2	2	45	1	44	0.01	24.3
olaTTNIg22_193	olaTTNIg78_196	26.087	69	46	3	16	81	18	84	0.012	23.9
olaTTNIg22_193	olaTTNIg99_197	24.286	70	52	1	12	80	14	83	0.015	23.9
olaTTNIg22_193	olaTTNIg69_194	38.462	26	16	0	67	92	68	93	0.02	23.5
olaTTNIg22_193	olaTTNIg104_198	18.824	85	68	1	9	92	13	97	0.028	23.1
olaTTNIg22_193	olaTTNIg105_194	39.13	23	14	0	58	80	59	81	0.098	21.6
olaTTNIg22_193	olaTTNIg98_196	18.182	77	60	2	16	91	18	92	0.18	20.8
olaTTNIg22_193	olaTTNIg87_194	29.167	24	17	0	58	81	59	82	0.25	20.4
olaTTNIg22_193	olaTTNIg67_1104	21.429	56	37	1	32	80	36	91	0.31	20
olaTTNIg22_193	olaTTNnewIg_1104	32.143	28	19	0	53	80	65	92	0.36	20
olaTTNIg22_193	olaTTNIg85_194	18.367	49	40	0	32	80	33	81	0.42	19.6
olaTTNIg22_193	olaTTNIg92_196	21.127	71	55	1	11	80	13	83	1	18.5
olaTTNIg22_193	olaTTNIg45_192	23.077	65	38	3	15	73	16	74	1.5	18.1
olaTTNIg22_193	olaTTNIg102_195	22.917	48	35	1	33	80	37	82	2.1	17.7
olaTTNIg22_193	olaTTNIg81_193	41.667	12	7	0	69	80	69	80	2.7	17.3
olaTTNIg22_193	olaTTNIg111_1101	66.667	9	3	0	9	17	45	53	5.1	16.5
olaTTNIg23_194	olaTTNIg23_194	100	94	0	0	1	94	1	94	1.65e-70	196
olaTTNIg23_194	olaTTNIg108_193	31.522	92	63	0	1	92	1	92	7.89e-16	58.5
olaTTNIg23_194	olaTTNIg24_194	30.851	94	65	0	1	94	1	94	1.40e-15	57.8
olaTTNIg23_194	olaTTNIg40_194	32.979	94	63	0	1	94	1	94	1.66e-14	55.1
olaTTNIg23_194	olaTTNIg36_194	30.864	81	56	0	11	91	13	93	6.09e-14	53.5
olaTTNIg23_194	olaTTNIg113_197	30.208	96	64	1	1	93	2	97	1.18e-13	52.8
olaTTNIg23_194	olaTTNIg21_195	32.979	94	63	0	1	94	2	95	2.54e-13	52
olaTTNIg23_194	olaTTNIg2_194	30.108	93	65	0	1	93	2	94	3.70e-13	51.6
olaTTNIg23_194	olaTTNIg8_195	33.333	93	60	1	1	91	1	93	4.86e-13	51.2
olaTTNIg23_194	olaTTNIg3_195	27.66	94	68	0	1	94	2	95	1.04e-12	50.4
olaTTNIg23_194	olaTTNIg27_192	31.111	90	62	0	1	90	1	90	1.30e-12	50.1
olaTTNIg23_194	olaTTNIg117_196	32.222	90	61	0	1	90	2	91	1.40e-12	50.1
olaTTNIg23_194	olaTTNIg1_196	32.632	95	62	1	1	93	2	96	6.39e-12	48.5
olaTTNIg23_194	olaTTNIg9_193	28.723	94	66	1	1	94	1	93	2.83e-11	46.6
olaTTNIg23_194	olaTTNIg41_196	30.108	93	64	1	3	94	4	96	3.01e-11	46.6
olaTTNIg23_194	olaTTNIg76_192	27.16	81	59	0	11	91	10	90	4.95e-11	46.2
olaTTNIg23_194	olaTTNIg6_195	31.579	95	64	1	1	94	1	95	4.99e-11	46.2
olaTTNIg23_194	olaTTNIg44_197	30.108	93	62	2	2	91	5	97	7.25e-11	45.8
olaTTNIg23_194	olaTTNIg73_197	29.63	81	57	0	10	90	14	94	7.49e-11	45.8
olaTTNIg23_194	olaTTNIg116_195	27.586	87	59	2	10	94	11	95	9.01e-11	45.4
olaTTNIg23_194	olaTTNIg66_196	30.864	81	55	1	10	90	14	93	1.91e-10	44.7
olaTTNIg23_194	olaTTNIg115_194	27.778	90	65	0	1	90	2	91	4.14e-10	43.5
olaTTNIg23_194	olaTTNIg10_194	33.333	93	61	1	1	92	2	94	9.64e-10	42.7
olaTTNIg23_194	olaTTNIg31_193	28.723	94	65	1	1	94	2	93	1.05e-09	42.7
olaTTNIg23_194	olaTTNIg5_198	28.261	92	65	1	1	91	2	93	1.55e-09	42.4
olaTTNIg23_194	olaTTNIg22_193	30	90	62	1	1	90	2	90	2.09e-09	42
olaTTNIg23_194	olaTTNIg38_193	28.571	91	63	2	1	90	2	91	2.11e-09	42
olaTTNIg23_194	olaTTNIg30_194	28.261	92	65	1	1	91	2	93	2.61e-09	41.6
olaTTNIg23_194	olaTTNIg87_194	33.333	75	48	1	10	84	13	85	3.91e-09	41.2
olaTTNIg23_194	olaTTNIg85_194	28.571	84	60	0	10	93	11	94	3.95e-09	41.2
olaTTNIg23_194	olaTTNIg32_194	25	92	68	1	1	91	2	93	8.17e-09	40.4
olaTTNIg23_194	olaTTNIg33_195	25.556	90	63	2	3	90	4	91	1.79e-08	39.7
olaTTNIg23_194	olaTTNIg88_193	30.882	68	47	0	26	93	26	93	2.40e-08	39.3
olaTTNIg23_194	olaTTNIg49_187	31.034	87	54	2	6	92	7	87	3.70e-08	38.5
olaTTNIg23_194	olaTTNIg34_193	25.275	91	68	0	1	91	2	92	3.92e-08	38.5
olaTTNIg23_194	olaTTNIg20_187	28.736	87	57	2	5	91	6	87	4.08e-08	38.5
olaTTNIg23_194	olaTTNIg43_297	26.596	94	67	2	2	94	4	96	5.17e-08	38.1
olaTTNIg23_194	olaTTNIg93_194	29.333	75	51	1	10	84	13	85	5.32e-08	38.1
olaTTNIg23_194	olaTTNIg72_197	26.966	89	61	2	4	90	8	94	6.64e-08	38.1
olaTTNIg23_194	olaTTNIg53_190	26.966	89	60	2	3	91	6	89	8.60e-08	37.7
olaTTNIg23_194	olaTTNIg111_1101	30.108	93	60	3	1	90	8	98	2.04e-07	37
olaTTNIg23_194	olaTTNIg50_192	26.966	89	60	2	3	91	4	87	2.22e-07	36.6
olaTTNIg23_194	olaTTNIg90_195	33.803	71	45	1	10	80	14	82	2.26e-07	36.6
olaTTNIg23_194	olaTTNIg39_194	26.374	91	66	1	1	90	2	92	3.62e-07	36.2
olaTTNIg23_194	olaTTNIg42_192	28.571	91	60	3	3	92	6	92	4.51e-07	35.8
olaTTNIg23_194	olaTTNIg95_197	26.389	72	53	0	10	81	14	85	5.55e-07	35.4
olaTTNIg23_194	olaTTNIg112_198	29.63	81	56	1	11	90	15	95	6.61e-07	35.4
olaTTNIg23_194	olaTTNIg114_192	25	92	66	2	1	91	1	90	7.03e-07	35.4
olaTTNIg23_194	olaTTNIg55_190	27.027	74	53	1	2	75	5	77	8.05e-07	35
olaTTNIg23_194	olaTTNIg29_192	24.176	91	69	0	1	91	1	91	9.86e-07	35
olaTTNIg23_194	olaTTNIg79_197	26.882	93	65	2	4	93	5	97	1.71e-06	34.3
olaTTNIg23_194	olaTTNIg14_188	24.719	89	63	1	3	91	4	88	1.78e-06	34.3
olaTTNIg23_194	olaTTNIg110_194	25.532	94	68	2	1	92	1	94	1.93e-06	34.3
olaTTNIg23_194	olaTTNIg106_196	21.429	84	66	0	10	93	13	96	2.17e-06	33.9
olaTTNIg23_194	olaTTNIg16_189	31.343	67	45	1	5	71	7	72	2.99e-06	33.5
olaTTNIg23_194	olaTTNIg84_195	29.07	86	48	2	16	90	9	92	3.29e-06	33.5
olaTTNIg23_194	olaTTNIg7_195	17.895	95	76	1	1	93	1	95	3.29e-06	33.5
olaTTNIg23_194	olaTTNIg25_194	24.211	95	67	2	1	92	2	94	4.16e-06	33.1
olaTTNIg23_194	olaTTNIg26_192	24.468	94	68	2	1	93	1	92	4.30e-06	33.1
olaTTNIg23_194	olaTTNIg59_189	23.596	89	63	2	2	90	3	86	7.24e-06	32.3
olaTTNIg23_194	olaTTNIg83_195	23.944	71	54	0	10	80	12	82	7.68e-06	32.7
olaTTNIg23_194	olaTTNIg51_488	28.409	88	58	2	3	90	1	83	9.93e-06	32
olaTTNIg23_194	olaTTNIg28_194	28.571	91	64	1	1	90	2	92	1.06e-05	32.3
olaTTNIg23_194	olaTTNIg100_195	20.588	68	54	0	10	77	13	80	1.23e-05	32
olaTTNIg23_194	olaTTNIg77_197	24.691	81	61	0	10	90	14	94	1.34e-05	32
olaTTNIg23_194	olaTTNIg98_196	23.457	81	62	0	13	93	16	96	1.35e-05	32
olaTTNIg23_194	olaTTNIg89_196	22.222	81	63	0	10	90	13	93	1.63e-05	31.6
olaTTNIg23_194	olaTTNIg74_196	26.437	87	54	3	10	90	11	93	1.78e-05	31.6
olaTTNIg23_194	olaTTNIg75_195	24.39	82	59	2	10	90	13	92	2.16e-05	31.2
olaTTNIg23_194	olaTTNIg91_193	27.778	90	63	1	1	90	1	88	2.43e-05	31.2
olaTTNIg23_194	olaTTNIg35_193	29.412	68	48	0	24	91	25	92	2.78e-05	31.2
olaTTNIg23_194	olaTTNIg60_187	23.529	68	51	1	6	73	7	73	2.80e-05	30.8
olaTTNIg23_194	olaTTNIg4_195	27.778	90	63	1	1	88	2	91	2.95e-05	31.2
olaTTNIg23_194	olaTTNIg96_194	27.027	74	48	2	10	81	13	82	3.62e-05	30.8
olaTTNIg23_194	olaTTNIg101_195	25.581	86	55	2	10	91	13	93	3.67e-05	30.8
olaTTNIg23_194	olaTTNIg58_193	23.913	92	66	2	2	93	3	90	3.88e-05	30.8
olaTTNIg23_194	olaTTNIg107_194	25.287	87	63	1	4	90	7	91	4.23e-05	30.4
olaTTNIg23_194	olaTTNIg105_194	24.691	81	59	1	10	90	13	91	4.32e-05	30.4
olaTTNIg23_194	olaTTNIg54_189	28.378	74	52	1	2	75	4	76	7.82e-05	29.6
olaTTNIg23_194	olaTTNIg11_191	24.444	90	61	5	5	91	6	91	7.98e-05	29.6
olaTTNIg23_194	olaTTNIg19_391	26.667	90	61	2	2	91	3	87	8.89e-05	29.6
olaTTNIg23_194	olaTTNIg80_196	22.353	85	65	1	7	90	9	93	1.34e-04	29.3
olaTTNIg23_194	olaTTNIg37_193	23.438	64	48	1	28	91	30	92	1.93e-04	28.9
olaTTNIg23_194	olaTTNIg86_197	21.622	74	54	2	10	81	14	85	2.22e-04	28.9
olaTTNIg23_194	olaTTNIg103_196	22.619	84	65	0	10	93	13	96	2.39e-04	28.5
olaTTNIg23_194	olaTTNIg69_194	28.169	71	49	1	10	80	13	81	3.52e-04	28.1
olaTTNIg23_194	olaTTNIg92_196	23.81	84	64	0	10	93	13	96	4.24e-04	28.1
olaTTNIg23_194	olaTTNIg52_188	23.333	60	42	1	32	91	32	87	0.001	26.9
olaTTNIg23_194	olaTTNIg94_193	22.581	93	72	0	1	93	1	93	0.001	26.9
olaTTNIg23_194	olaTTNIg82_196	22.535	71	55	0	10	80	13	83	0.001	26.9
olaTTNIg23_194	olaTTNIg70_195	24.324	74	52	1	21	90	19	92	0.001	26.6
olaTTNIg23_194	olaTTNIg81_193	27.16	81	56	3	10	90	13	90	0.002	26.2
olaTTNIg23_194	olaTTNIg71_194	24.324	74	54	1	20	93	23	94	0.002	25.8
olaTTNIg23_194	olaTTNIg15_187	24.719	89	62	2	2	90	3	86	0.002	25.8
olaTTNIg23_194	olaTTNIg64_193	21.111	90	71	0	1	90	1	90	0.003	25.8
olaTTNIg23_194	olaTTNIg78_196	20	60	48	0	14	73	17	76	0.005	25
olaTTNIg23_194	olaTTNIg99_197	22.857	70	54	0	12	81	15	84	0.005	25
olaTTNIg23_194	olaTTNIg56_189	22.222	72	55	1	2	73	3	73	0.005	25
olaTTNIg23_194	olaTTNIg63_197	21.111	90	71	0	4	93	8	97	0.006	25
olaTTNIg23_194	olaTTNIg57_188	25	60	44	1	12	71	13	71	0.006	24.6
olaTTNIg23_194	olaTTNIg109_193	21.25	80	62	1	15	93	14	93	0.007	24.6
olaTTNIg23_194	olaTTNIg67_1104	22.785	79	54	1	10	81	14	92	0.008	24.6
olaTTNIg23_194	olaTTNnewIg_1104	24.444	90	53	4	13	90	16	102	0.011	24.3
olaTTNIg23_194	olaTTNIg68_199	24.675	77	51	2	24	93	23	99	0.011	24.3
olaTTNIg23_194	olaTTNIg97_197	21.127	71	56	0	10	80	14	84	0.016	23.5
olaTTNIg23_194	olaTTNIg61_188	21.739	46	36	0	32	77	33	78	0.035	22.7
olaTTNIg23_194	olaTTNIg12_189	24.444	90	63	2	2	91	4	88	0.044	22.3
olaTTNIg23_194	olaTTNIg104_198	21.348	89	68	1	2	90	9	95	0.051	22.3
olaTTNIg23_194	olaTTNIg45_192	24.324	74	52	3	2	73	3	74	0.15	20.8
olaTTNIg23_194	olaTTNIg18_389	24.444	90	63	2	2	91	3	87	0.16	20.8
olaTTNIg23_194	olaTTNIg102_195	23.611	72	53	1	12	83	16	85	0.17	20.8
olaTTNIg23_194	olaTTNIg62_195	23.529	51	38	1	24	73	26	76	2.1	17.7
olaTTNIg24_194	olaTTNIg24_194	100	94	0	0	1	94	1	94	3.17e-68	191
olaTTNIg24_194	olaTTNIg2_194	34.066	91	60	0	1	91	2	92	1.95e-17	62.4
olaTTNIg24_194	olaTTNIg108_193	28.571	91	65	0	1	91	1	91	7.63e-16	58.5
olaTTNIg24_194	olaTTNIg23_194	30.851	94	65	0	1	94	1	94	1.40e-15	57.8
olaTTNIg24_194	olaTTNIg21_195	29.545	88	62	0	7	94	8	95	3.42e-15	56.6
olaTTNIg24_194	olaTTNIg29_192	31.868	91	62	0	1	91	1	91	1.41e-14	55.1
olaTTNIg24_194	olaTTNIg113_197	31.25	80	52	1	14	90	15	94	1.80e-14	55.1
olaTTNIg24_194	olaTTNIg3_195	30.851	94	65	0	1	94	2	95	2.65e-14	54.7
olaTTNIg24_194	olaTTNIg40_194	29.787	94	66	0	1	94	1	94	3.51e-14	54.3
olaTTNIg24_194	olaTTNIg27_192	32.222	90	61	0	1	90	1	90	5.34e-14	53.5
olaTTNIg24_194	olaTTNIg26_192	29.67	91	61	2	1	90	1	89	1.63e-13	52.4
olaTTNIg24_194	olaTTNIg33_195	28.409	88	63	0	3	90	4	91	1.66e-12	50.1
olaTTNIg24_194	olaTTNIg6_195	31.579	95	64	1	1	94	1	95	2.20e-12	49.7
olaTTNIg24_194	olaTTNIg72_197	28.395	81	58	0	10	90	14	94	4.20e-12	48.9
olaTTNIg24_194	olaTTNIg9_193	31.395	86	58	1	9	94	9	93	6.53e-12	48.1
olaTTNIg24_194	olaTTNIg114_192	30.435	92	61	2	1	91	1	90	9.95e-12	47.8
olaTTNIg24_194	olaTTNIg28_194	31.868	91	61	1	1	90	2	92	1.22e-11	47.8
olaTTNIg24_194	olaTTNIg34_193	26.374	91	67	0	1	91	2	92	6.20e-11	45.8
olaTTNIg24_194	olaTTNIg36_194	28.261	92	65	1	1	91	2	93	1.49e-10	44.7
olaTTNIg24_194	olaTTNIg5_198	28.261	92	65	1	1	91	2	93	5.25e-10	43.5
olaTTNIg24_194	olaTTNIg18_389	29.213	89	58	2	3	91	4	87	5.58e-10	43.1
olaTTNIg24_194	olaTTNIg44_197	28.049	82	56	2	11	91	18	97	1.08e-09	42.7
olaTTNIg24_194	olaTTNIg117_196	25.556	90	67	0	1	90	2	91	1.35e-09	42.4
olaTTNIg24_194	olaTTNIg115_194	31.429	70	48	0	12	81	13	82	1.48e-09	42.4
olaTTNIg24_194	olaTTNIg50_192	25.843	89	61	2	3	91	4	87	2.30e-09	41.6
olaTTNIg24_194	olaTTNIg39_194	27.632	76	55	0	15	90	17	92	2.78e-09	41.6
olaTTNIg24_194	olaTTNIg10_194	27.957	93	64	2	1	91	2	93	3.75e-09	41.2
olaTTNIg24_194	olaTTNIg22_193	29.545	88	61	1	1	88	2	88	4.01e-09	41.2
olaTTNIg24_194	olaTTNIg60_187	26.027	73	53	1	3	75	4	75	4.51e-09	40.8
olaTTNIg24_194	olaTTNIg59_189	23.864	88	62	2	3	90	4	86	4.74e-09	40.8
olaTTNIg24_194	olaTTNIg4_195	26.374	91	65	1	1	89	2	92	1.59e-08	39.7
olaTTNIg24_194	olaTTNIg1_196	26.087	92	66	1	1	90	2	93	2.05e-08	39.3
olaTTNIg24_194	olaTTNIg8_195	23.656	93	69	1	1	91	1	93	2.60e-08	38.9
olaTTNIg24_194	olaTTNIg85_194	22.785	79	61	0	12	90	13	91	3.99e-08	38.5
olaTTNIg24_194	olaTTNIg116_195	30	70	49	0	12	81	13	82	5.13e-08	38.1
olaTTNIg24_194	olaTTNIg37_193	23.404	94	70	1	1	94	2	93	5.17e-08	38.1
olaTTNIg24_194	olaTTNIg94_193	21.25	80	63	0	11	90	11	90	5.81e-08	38.1
olaTTNIg24_194	olaTTNIg14_188	24.719	89	63	1	3	91	4	88	5.90e-08	38.1
olaTTNIg24_194	olaTTNIg25_194	25.275	91	67	1	1	90	2	92	6.57e-08	38.1
olaTTNIg24_194	olaTTNIg70_195	25.352	71	53	0	10	80	12	82	1.44e-07	37
olaTTNIg24_194	olaTTNIg55_190	29.167	72	50	1	3	74	6	76	1.66e-07	37
olaTTNIg24_194	olaTTNIg31_193	26.596	94	67	1	1	94	2	93	4.35e-07	35.8
olaTTNIg24_194	olaTTNIg56_189	28.378	74	52	1	3	76	4	76	6.34e-07	35.4
olaTTNIg24_194	olaTTNIg38_193	25.275	91	66	2	1	90	2	91	7.15e-07	35.4
olaTTNIg24_194	olaTTNIg110_194	25	88	63	2	1	86	1	87	9.86e-07	35
olaTTNIg24_194	olaTTNIg112_198	22.989	87	62	3	7	90	11	95	1.03e-06	35
olaTTNIg24_194	olaTTNIg13_189	26.596	94	61	4	1	91	1	89	1.16e-06	34.7
olaTTNIg24_194	olaTTNIg32_194	23.913	92	69	1	1	91	2	93	1.34e-06	34.7
olaTTNIg24_194	olaTTNIg30_194	26.087	92	67	1	1	91	2	93	1.72e-06	34.3
olaTTNIg24_194	olaTTNIg57_188	26.582	79	53	2	12	90	13	86	2.71e-06	33.5
olaTTNIg24_194	olaTTNIg54_189	27.66	47	34	0	30	76	31	77	2.74e-06	33.5
olaTTNIg24_194	olaTTNIg96_194	22.857	70	52	1	15	84	18	85	2.77e-06	33.9
olaTTNIg24_194	olaTTNIg95_197	20.833	72	57	0	12	83	16	87	4.44e-06	33.1
olaTTNIg24_194	olaTTNIg98_196	20.27	74	59	0	15	88	18	91	6.66e-06	32.7
olaTTNIg24_194	olaTTNIg42_192	26.087	46	34	0	26	71	30	75	8.33e-06	32.3
olaTTNIg24_194	olaTTNIg58_193	26.374	91	62	3	4	90	2	91	1.01e-05	32.3
olaTTNIg24_194	olaTTNIg35_193	23.333	60	46	0	32	91	33	92	1.53e-05	31.6
olaTTNIg24_194	olaTTNIg77_197	22.667	75	58	0	10	84	14	88	1.54e-05	32
olaTTNIg24_194	olaTTNIg47_188	27.778	90	58	4	3	91	5	88	1.70e-05	31.6
olaTTNIg24_194	olaTTNIg87_194	27.778	72	48	2	10	80	13	81	2.34e-05	31.2
olaTTNIg24_194	olaTTNIg103_196	21.739	69	54	0	15	83	18	86	2.69e-05	31.2
olaTTNIg24_194	olaTTNIg73_197	20.988	81	64	0	2	82	6	86	2.96e-05	31.2
olaTTNIg24_194	olaTTNIg15_187	23.864	88	62	2	3	90	4	86	3.44e-05	30.8
olaTTNIg24_194	olaTTNIg61_188	26.316	57	41	1	15	71	17	72	4.14e-05	30.4
olaTTNIg24_194	olaTTNIg109_193	29.577	71	43	4	21	85	16	85	5.35e-05	30.4
olaTTNIg24_194	olaTTNIg104_198	20.988	81	64	0	10	90	15	95	6.07e-05	30
olaTTNIg24_194	olaTTNIg80_196	25.714	70	51	1	12	80	14	83	6.71e-05	30
olaTTNIg24_194	olaTTNIg88_193	18.182	66	54	0	28	93	28	93	6.73e-05	30
olaTTNIg24_194	olaTTNIg71_194	20.779	77	59	1	14	90	17	91	7.64e-05	30
olaTTNIg24_194	olaTTNIg43_297	21.429	70	54	1	26	94	27	96	8.51e-05	29.6
olaTTNIg24_194	olaTTNIg91_193	20.833	72	57	0	12	83	12	83	1.05e-04	29.6
olaTTNIg24_194	olaTTNIg49_187	22.973	74	55	1	1	74	2	73	1.08e-04	29.3
olaTTNIg24_194	olaTTNIg106_196	21.127	71	56	0	10	80	13	83	1.16e-04	29.3
olaTTNIg24_194	olaTTNIg89_196	20.879	91	67	3	1	90	7	93	1.41e-04	29.3
olaTTNIg24_194	olaTTNIg100_195	16.216	74	62	0	10	83	13	86	2.22e-04	28.5
olaTTNIg24_194	olaTTNIg100_195	45.455	11	6	0	28	38	1	11	8.1	16.2
olaTTNIg24_194	olaTTNIg52_188	24.444	45	34	0	30	74	30	74	4.46e-04	27.7
olaTTNIg24_194	olaTTNIg111_1101	24.39	82	59	2	1	80	8	88	4.90e-04	27.7
olaTTNIg24_194	olaTTNIg17_290	25.287	87	61	1	5	91	7	89	6.61e-04	27.3
olaTTNIg24_194	olaTTNIg99_197	22.857	70	54	0	12	81	15	84	0.001	26.9
olaTTNIg24_194	olaTTNnewIg_1104	24.706	85	55	4	15	90	18	102	0.001	26.9
olaTTNIg24_194	olaTTNIg93_194	24.675	77	52	3	10	84	13	85	0.001	26.6
olaTTNIg24_194	olaTTNIg107_194	21.127	71	52	2	15	84	18	85	0.002	26.2
olaTTNIg24_194	olaTTNIg101_195	20.225	89	60	3	10	94	13	94	0.002	25.8
olaTTNIg24_194	olaTTNIg19_391	30.645	62	40	2	12	71	11	71	0.002	25.8
olaTTNIg24_194	olaTTNIg20_187	25.275	91	59	3	3	91	4	87	0.003	25.4
olaTTNIg24_194	olaTTNIg83_195	19.444	72	56	2	10	80	12	82	0.003	25.4
olaTTNIg24_194	olaTTNIg11_191	22.917	48	37	0	28	75	29	76	0.005	25
olaTTNIg24_194	olaTTNIg12_189	26.087	69	47	1	24	92	25	89	0.006	24.6
olaTTNIg24_194	olaTTNIg76_192	26.531	49	34	2	24	71	23	70	0.012	23.9
olaTTNIg24_194	olaTTNIg105_194	19.101	89	56	3	10	92	13	91	0.019	23.5
olaTTNIg24_194	olaTTNIg69_194	25.676	74	53	1	10	83	13	84	0.02	23.5
olaTTNIg24_194	olaTTNIg75_195	16.216	74	59	2	10	82	13	84	0.023	23.1
olaTTNIg24_194	olaTTNIg86_197	17.808	73	60	0	10	82	14	86	0.023	23.1
olaTTNIg24_194	olaTTNIg7_195	30.233	43	30	0	1	43	1	43	0.03	22.7
olaTTNIg24_194	olaTTNIg92_196	20	35	28	0	10	44	13	47	0.059	21.9
olaTTNIg24_194	olaTTNIg45_192	22.449	49	37	1	29	76	29	77	0.078	21.6
olaTTNIg24_194	olaTTNIg16_189	27.692	65	46	1	7	71	9	72	0.1	21.2
olaTTNIg24_194	olaTTNIg16_189	40	10	6	0	73	82	24	33	7.8	16.2
olaTTNIg24_194	olaTTNIg84_195	22.535	71	49	3	22	90	26	92	0.38	19.6
olaTTNIg24_194	olaTTNIg79_197	17.91	67	54	1	15	80	18	84	1.2	18.5
olaTTNIg25_194	olaTTNIg25_194	100	94	0	0	1	94	1	94	2.94e-71	198
olaTTNIg25_194	olaTTNIg32_194	33.696	92	61	0	1	92	1	92	4.58e-15	56.6
olaTTNIg25_194	olaTTNIg1_196	29.787	94	65	1	2	94	2	95	1.70e-14	55.1
olaTTNIg25_194	olaTTNIg21_195	30.435	92	63	1	1	92	1	91	7.59e-12	48.1
olaTTNIg25_194	olaTTNIg2_194	31.522	92	62	1	1	92	1	91	1.33e-11	47.4
olaTTNIg25_194	olaTTNIg5_198	29.348	92	65	0	1	92	1	92	7.32e-11	45.8
olaTTNIg25_194	olaTTNIg7_195	31.461	89	54	2	2	86	1	86	9.71e-11	45.4
olaTTNIg25_194	olaTTNIg38_193	27.174	92	66	1	1	92	1	91	1.37e-10	45.1
olaTTNIg25_194	olaTTNIg27_192	30.435	92	63	1	2	93	1	91	2.16e-10	44.3
olaTTNIg25_194	olaTTNIg35_193	32.609	92	61	1	1	92	1	91	2.58e-10	44.3
olaTTNIg25_194	olaTTNIg113_197	28.421	95	66	1	1	93	1	95	8.43e-10	43.1
olaTTNIg25_194	olaTTNIg10_194	30.108	93	65	0	2	94	2	94	1.32e-09	42.4
olaTTNIg25_194	olaTTNIg40_194	29.67	91	63	1	2	92	1	90	1.68e-09	42
olaTTNIg25_194	olaTTNIg30_194	27.957	93	65	2	1	92	1	92	2.22e-09	42
olaTTNIg25_194	olaTTNIg41_196	25.926	81	60	0	13	93	13	93	3.18e-09	41.6
olaTTNIg25_194	olaTTNIg112_198	42.857	42	24	0	51	92	54	95	5.74e-09	40.8
olaTTNIg25_194	olaTTNIg36_194	30.108	93	61	3	2	92	2	92	1.35e-08	39.7
olaTTNIg25_194	olaTTNIg86_197	32.53	83	50	3	2	83	8	85	3.09e-08	38.9
olaTTNIg25_194	olaTTNIg89_196	29.032	93	60	3	2	93	7	94	3.45e-08	38.9
olaTTNIg25_194	olaTTNIg101_195	28.378	74	51	1	9	82	11	82	5.24e-08	38.1
olaTTNIg25_194	olaTTNIg24_194	25.275	91	67	1	2	92	1	90	6.57e-08	38.1
olaTTNIg25_194	olaTTNIg39_194	30.526	95	60	5	1	92	1	92	1.00e-07	37.4
olaTTNIg25_194	olaTTNIg94_193	27.16	81	56	2	13	93	12	89	1.75e-07	37
olaTTNIg25_194	olaTTNIg70_195	28	75	53	1	19	93	20	93	2.33e-07	36.6
olaTTNIg25_194	olaTTNIg28_194	26.316	95	66	2	1	93	1	93	3.22e-07	36.2
olaTTNIg25_194	olaTTNIg114_192	25.275	91	66	1	2	92	1	89	5.75e-07	35.4
olaTTNIg25_194	olaTTNIg108_193	24.39	82	61	1	2	83	1	81	5.85e-07	35.4
olaTTNIg25_194	olaTTNIg110_194	27.957	93	64	2	2	92	1	92	5.94e-07	35.4
olaTTNIg25_194	olaTTNIg77_197	24.719	89	63	2	1	86	1	88	1.28e-06	34.7
olaTTNIg25_194	olaTTNIg98_196	23.077	78	59	1	16	93	18	94	1.30e-06	34.7
olaTTNIg25_194	olaTTNIg3_195	24.731	93	67	2	1	92	1	91	1.63e-06	34.3
olaTTNIg25_194	olaTTNIg33_195	23.404	94	69	2	1	93	1	92	1.64e-06	34.3
olaTTNIg25_194	olaTTNIg115_194	25.275	91	65	2	2	90	2	91	2.79e-06	33.9
olaTTNIg25_194	olaTTNIg23_194	24.211	95	67	2	2	94	1	92	4.16e-06	33.1
olaTTNIg25_194	olaTTNIg111_1101	27.473	91	66	0	2	92	8	98	4.37e-06	33.5
olaTTNIg25_194	olaTTNIg8_195	26.882	93	65	2	2	92	1	92	5.00e-06	33.1
olaTTNIg25_194	olaTTNIg4_195	26.374	91	66	1	2	91	2	92	5.10e-06	33.1
olaTTNIg25_194	olaTTNIg6_195	24.731	93	70	0	2	94	1	93	6.29e-06	32.7
olaTTNIg25_194	olaTTNIg100_195	31.481	54	36	1	27	80	29	81	7.28e-06	32.7
olaTTNIg25_194	olaTTNnewIg_1104	27.848	79	45	2	25	93	27	103	8.41e-06	32.7
olaTTNIg25_194	olaTTNIg66_196	24.719	89	62	4	1	86	1	87	1.40e-05	32
olaTTNIg25_194	olaTTNIg74_196	29.268	82	53	3	13	92	13	91	1.55e-05	32
olaTTNIg25_194	olaTTNIg76_192	21.333	75	58	1	9	83	7	80	1.61e-05	31.6
olaTTNIg25_194	olaTTNIg117_196	25.275	91	65	2	2	92	2	89	2.33e-05	31.2
olaTTNIg25_194	olaTTNIg88_193	20.896	67	52	1	27	93	26	91	2.40e-05	31.2
olaTTNIg25_194	olaTTNIg63_197	22.667	75	57	1	16	90	19	92	2.67e-05	31.2
olaTTNIg25_194	olaTTNIg12_189	27.632	76	53	2	1	76	2	75	2.74e-05	31.2
olaTTNIg25_194	olaTTNIg80_196	31.034	58	39	1	25	82	27	83	5.02e-05	30.4
olaTTNIg25_194	olaTTNIg17_290	27.273	44	32	0	3	46	4	47	5.45e-05	30
olaTTNIg25_194	olaTTNIg37_193	20.69	87	68	1	1	87	1	86	6.32e-05	30
olaTTNIg25_194	olaTTNIg91_193	25	92	66	2	2	93	1	89	7.08e-05	30
olaTTNIg25_194	olaTTNIg109_193	29.508	61	41	2	24	83	22	81	8.11e-05	29.6
olaTTNIg25_194	olaTTNIg44_197	42.424	33	19	0	60	92	64	96	1.10e-04	29.6
olaTTNIg25_194	olaTTNIg107_194	24.39	82	59	2	13	94	15	93	2.17e-04	28.5
olaTTNIg25_194	olaTTNIg116_195	28.169	71	50	1	13	83	13	82	2.46e-04	28.5
olaTTNIg25_194	olaTTNIg92_196	34.884	43	23	2	2	43	7	45	2.59e-04	28.5
olaTTNIg25_194	olaTTNIg78_196	22.368	76	58	1	12	87	14	88	2.59e-04	28.5
olaTTNIg25_194	olaTTNIg47_188	27.778	90	57	4	4	92	5	87	2.72e-04	28.5
olaTTNIg25_194	olaTTNIg69_194	25.926	81	55	2	13	91	15	92	2.86e-04	28.5
olaTTNIg25_194	olaTTNIg9_193	25.556	90	63	2	2	90	1	87	3.85e-04	28.1
olaTTNIg25_194	olaTTNIg52_188	27.692	65	40	3	27	90	26	84	4.23e-04	27.7
olaTTNIg25_194	olaTTNIg105_194	26.471	68	47	1	16	83	18	82	4.55e-04	27.7
olaTTNIg25_194	olaTTNIg71_194	26.923	78	54	3	16	93	18	92	5.64e-04	27.7
olaTTNIg25_194	olaTTNIg22_193	22.222	90	68	2	1	90	1	88	7.83e-04	27.3
olaTTNIg25_194	olaTTNIg59_189	25.275	91	60	4	3	92	3	86	0.001	26.9
olaTTNIg25_194	olaTTNIg18_389	23.377	77	53	3	16	92	16	86	0.001	26.9
olaTTNIg25_194	olaTTNIg72_197	25.862	58	35	1	6	55	9	66	0.002	26.2
olaTTNIg25_194	olaTTNIg67_1104	24.675	77	52	1	13	83	16	92	0.002	26.2
olaTTNIg25_194	olaTTNIg99_197	31.667	60	34	2	27	83	29	84	0.002	25.8
olaTTNIg25_194	olaTTNIg102_195	26.389	72	50	1	16	87	19	87	0.002	25.8
olaTTNIg25_194	olaTTNIg68_199	28.049	82	51	3	9	83	7	87	0.003	25.8
olaTTNIg25_194	olaTTNIg43_297	24.176	91	66	3	3	92	4	92	0.003	25.4
olaTTNIg25_194	olaTTNIg82_196	23.214	56	42	1	27	82	29	83	0.003	25.4
olaTTNIg25_194	olaTTNIg26_192	34.483	29	19	0	66	94	63	91	0.004	25.4
olaTTNIg25_194	olaTTNIg87_194	24.638	69	48	2	15	82	16	81	0.004	25.4
olaTTNIg25_194	olaTTNIg79_197	18.987	79	64	0	15	93	17	95	0.004	25.4
olaTTNIg25_194	olaTTNIg54_189	19.481	77	60	2	1	77	2	76	0.006	24.6
olaTTNIg25_194	olaTTNIg90_195	22.222	81	57	2	13	93	16	90	0.008	24.6
olaTTNIg25_194	olaTTNIg34_193	19.792	96	66	2	2	92	2	91	0.008	24.3
olaTTNIg25_194	olaTTNIg104_198	28.169	71	37	4	9	65	13	83	0.008	24.3
olaTTNIg25_194	olaTTNIg83_195	21.687	83	63	2	1	82	1	82	0.011	24.3
olaTTNIg25_194	olaTTNIg84_195	24.742	97	65	4	1	93	1	93	0.011	23.9
olaTTNIg25_194	olaTTNIg93_194	21.429	70	52	1	13	82	15	81	0.013	23.9
olaTTNIg25_194	olaTTNIg62_195	22.892	83	60	3	13	94	16	95	0.014	23.9
olaTTNIg25_194	olaTTNIg95_197	23.256	86	62	2	1	83	1	85	0.019	23.5
olaTTNIg25_194	olaTTNIg56_189	25.532	47	32	2	31	76	30	74	0.02	23.1
olaTTNIg25_194	olaTTNIg56_189	33.333	18	10	1	12	29	40	55	5.4	16.5
olaTTNIg25_194	olaTTNIg64_193	20.988	81	63	1	13	93	12	91	0.024	23.1
olaTTNIg25_194	olaTTNIg96_194	32.143	28	18	1	17	43	18	45	0.024	23.1
olaTTNIg25_194	olaTTNIg45_192	24.468	94	67	3	1	93	1	91	0.034	22.7
olaTTNIg25_194	olaTTNIg50_192	24.468	94	62	4	1	93	1	86	0.037	22.7
olaTTNIg25_194	olaTTNIg11_191	18.056	72	58	1	4	75	4	74	0.044	22.3
olaTTNIg25_194	olaTTNIg29_192	20	60	47	1	33	92	32	90	0.054	21.9
olaTTNIg25_194	olaTTNIg97_197	24.286	70	52	1	13	82	16	84	0.075	21.9
olaTTNIg25_194	olaTTNIg73_197	31.818	22	15	0	25	46	28	49	0.1	21.6
olaTTNIg25_194	olaTTNIg103_196	20.896	67	51	2	17	82	18	83	0.1	21.2
olaTTNIg25_194	olaTTNIg81_193	38.462	13	8	0	25	37	27	39	0.57	19.2
olaTTNIg25_194	olaTTNIg46_189	30	20	14	0	31	50	31	50	0.99	18.5
olaTTNIg25_194	olaTTNIg42_192	22.667	75	54	3	1	73	3	75	1	18.5
olaTTNIg25_194	olaTTNIg75_195	19.672	61	43	2	25	83	27	83	1.4	18.1
olaTTNIg25_194	olaTTNIg75_195	23.529	68	44	3	1	67	32	92	2.7	17.3
olaTTNIg26_192	olaTTNIg26_192	100	92	0	0	1	92	1	92	1.89e-68	191
olaTTNIg26_192	olaTTNIg24_194	29.67	91	61	2	1	89	1	90	1.59e-13	52.4
olaTTNIg26_192	olaTTNIg22_193	28.889	90	62	2	1	89	2	90	2.60e-09	41.6
olaTTNIg26_192	olaTTNIg108_193	24.176	91	66	2	1	89	1	90	7.32e-09	40.4
olaTTNIg26_192	olaTTNIg1_196	25.263	95	62	3	1	89	2	93	7.30e-08	37.7
olaTTNIg26_192	olaTTNIg21_195	35.135	74	41	4	20	89	21	91	8.42e-08	37.7
olaTTNIg26_192	olaTTNIg47_188	28.235	85	57	3	4	87	6	87	7.54e-07	35
olaTTNIg26_192	olaTTNIg2_194	26.374	91	64	2	1	89	2	91	2.31e-06	33.9
olaTTNIg26_192	olaTTNIg5_198	26.984	63	46	0	27	89	30	92	2.46e-06	33.9
olaTTNIg26_192	olaTTNIg15_187	27.273	88	58	3	3	89	4	86	4.09e-06	33.1
olaTTNIg26_192	olaTTNIg23_194	24.468	94	68	2	1	92	1	93	4.21e-06	33.1
olaTTNIg26_192	olaTTNIg77_197	29.851	67	46	1	25	91	31	96	2.20e-05	31.2
olaTTNIg26_192	olaTTNIg113_197	29.87	77	46	3	21	92	24	97	2.94e-05	30.8
olaTTNIg26_192	olaTTNIg60_187	29.412	68	46	2	6	72	7	73	5.43e-05	30
olaTTNIg26_192	olaTTNIg37_193	24.176	91	66	2	1	89	2	91	7.42e-05	30
olaTTNIg26_192	olaTTNIg12_189	28.205	39	27	1	32	70	35	72	1.16e-04	29.3
olaTTNIg26_192	olaTTNIg36_194	26.23	61	44	1	29	89	33	92	1.36e-04	29.3
olaTTNIg26_192	olaTTNIg3_195	25.275	91	65	2	1	89	2	91	2.32e-04	28.5
olaTTNIg26_192	olaTTNIg34_193	24.176	91	66	2	1	89	2	91	2.60e-04	28.5
olaTTNIg26_192	olaTTNIg9_193	30.645	62	41	2	28	89	30	89	2.73e-04	28.5
olaTTNIg26_192	olaTTNIg32_194	40	25	15	0	65	89	68	92	3.16e-04	28.1
olaTTNIg26_192	olaTTNIg32_194	50	28	7	2	49	75	68	89	0.086	21.6
olaTTNIg26_192	olaTTNIg33_195	28.571	63	44	1	30	92	33	94	4.31e-04	27.7
olaTTNIg26_192	olaTTNIg30_194	21.519	79	59	2	13	89	15	92	4.58e-04	27.7
olaTTNIg26_192	olaTTNIg112_198	22.353	85	57	2	5	89	20	95	6.05e-04	27.3
olaTTNIg26_192	olaTTNIg35_193	21.795	78	58	2	14	89	15	91	7.65e-04	26.9
olaTTNIg26_192	olaTTNnewIg_1104	29.487	78	47	2	21	90	26	103	0.001	26.9
olaTTNIg26_192	olaTTNIg117_196	26.25	80	56	2	14	91	15	93	0.001	26.6
olaTTNIg26_192	olaTTNIg28_194	32.258	62	40	2	30	90	33	93	0.001	26.6
olaTTNIg26_192	olaTTNIg14_188	30	90	54	4	3	89	4	87	0.001	26.2
olaTTNIg26_192	olaTTNIg6_195	26.471	68	50	0	25	92	27	94	0.001	26.6
olaTTNIg26_192	olaTTNIg70_195	25.397	63	46	1	30	92	34	95	0.002	25.8
olaTTNIg26_192	olaTTNIg25_194	34.483	29	19	0	63	91	66	94	0.004	25.4
olaTTNIg26_192	olaTTNIg27_192	27.586	58	41	1	32	89	34	90	0.004	25
olaTTNIg26_192	olaTTNIg40_194	26.667	60	43	1	30	89	32	90	0.005	25
olaTTNIg26_192	olaTTNIg115_194	24.242	66	48	1	1	64	2	67	0.007	24.6
olaTTNIg26_192	olaTTNIg57_188	21.795	78	55	3	14	90	15	87	0.013	23.9
olaTTNIg26_192	olaTTNIg31_193	50	18	9	0	68	85	70	87	0.019	23.5
olaTTNIg26_192	olaTTNIg109_193	24.615	65	47	2	29	92	30	93	0.024	23.1
olaTTNIg26_192	olaTTNIg49_187	22.093	86	62	2	4	89	5	85	0.028	22.7
olaTTNIg26_192	olaTTNIg85_194	22.826	92	67	3	2	92	6	94	0.04	22.3
olaTTNIg26_192	olaTTNIg101_195	28	75	42	3	10	79	15	82	0.041	22.3
olaTTNIg26_192	olaTTNIg101_195	60	10	4	0	33	42	9	18	4.2	16.9
olaTTNIg26_192	olaTTNIg11_191	23.529	85	61	3	7	89	8	90	0.041	22.3
olaTTNIg26_192	olaTTNIg17_290	25.455	55	39	1	6	58	8	62	0.062	21.9
olaTTNIg26_192	olaTTNIg91_193	32.258	62	39	2	29	90	31	89	0.068	21.9
olaTTNIg26_192	olaTTNIg7_195	45	20	11	0	70	89	73	92	0.068	21.9
olaTTNIg26_192	olaTTNIg38_193	45.455	22	12	0	68	89	70	91	0.075	21.6
olaTTNIg26_192	olaTTNIg107_194	27.869	61	41	2	32	92	37	94	0.1	21.2
olaTTNIg26_192	olaTTNIg88_193	25.397	63	46	1	30	92	32	93	0.13	21.2
olaTTNIg26_192	olaTTNIg63_197	34.783	23	15	0	70	92	75	97	0.15	20.8
olaTTNIg26_192	olaTTNIg39_194	31.818	22	15	0	68	89	71	92	0.18	20.8
olaTTNIg26_192	olaTTNIg96_194	24.242	33	25	0	44	76	11	43	0.31	20
olaTTNIg26_192	olaTTNIg45_192	27.143	70	28	4	30	87	32	90	0.33	20
olaTTNIg26_192	olaTTNIg51_488	23.864	88	61	2	4	90	2	84	0.36	19.6
olaTTNIg26_192	olaTTNIg104_198	26.531	49	32	1	46	90	48	96	0.41	19.6
olaTTNIg26_192	olaTTNIg59_189	27.273	88	56	5	4	89	5	86	0.44	19.6
olaTTNIg26_192	olaTTNIg54_189	24.242	33	25	0	13	45	16	48	0.48	19.2
olaTTNIg26_192	olaTTNIg44_197	23.913	92	56	4	7	89	10	96	0.94	18.5
olaTTNIg26_192	olaTTNIg72_197	34.783	23	15	0	68	90	73	95	1.1	18.5
olaTTNIg26_192	olaTTNIg52_188	20.755	53	41	1	25	77	27	78	1.2	18.1
olaTTNIg26_192	olaTTNIg41_196	32	25	17	0	68	92	71	95	1.3	18.1
olaTTNIg26_192	olaTTNIg62_195	20	60	48	0	32	91	36	95	3	17.3
olaTTNIg26_192	olaTTNIg99_197	26.471	34	25	0	50	83	54	87	5.7	16.5
olaTTNIg26_192	olaTTNIg106_196	25	32	24	0	46	77	34	65	7.7	16.2
olaTTNIg27_192	olaTTNIg27_192	100	92	0	0	1	92	1	92	6.60e-68	189
olaTTNIg27_192	olaTTNIg33_195	32.955	88	59	0	5	92	6	93	4.79e-17	61.6
olaTTNIg27_192	olaTTNIg40_194	32.222	90	61	0	1	90	1	90	5.38e-16	58.9
olaTTNIg27_192	olaTTNIg36_194	33.333	93	61	1	1	92	2	94	9.47e-16	58.2
olaTTNIg27_192	olaTTNIg29_192	30.435	92	64	0	1	92	1	92	2.85e-15	57
olaTTNIg27_192	olaTTNIg8_195	29.787	94	64	1	1	92	1	94	1.68e-14	55.1
olaTTNIg27_192	olaTTNIg24_194	32.222	90	61	0	1	90	1	90	5.22e-14	53.5
olaTTNIg27_192	olaTTNIg19_391	38.272	81	45	2	10	90	11	86	6.54e-13	50.8
olaTTNIg27_192	olaTTNIg23_194	31.111	90	62	0	1	90	1	90	1.27e-12	50.1
olaTTNIg27_192	olaTTNIg116_195	32.099	81	55	0	10	90	11	91	1.37e-12	50.1
olaTTNIg27_192	olaTTNIg38_193	28.261	92	66	0	1	92	2	93	8.29e-12	48.1
olaTTNIg27_192	olaTTNIg44_197	32.955	88	58	1	3	90	10	96	1.07e-11	47.8
olaTTNIg27_192	olaTTNIg30_194	30.108	93	64	1	1	92	2	94	1.29e-11	47.4
olaTTNIg27_192	olaTTNIg32_194	29.032	93	65	1	1	92	2	94	3.70e-11	46.2
olaTTNIg27_192	olaTTNIg114_192	31.868	91	59	2	1	90	1	89	4.80e-11	45.8
olaTTNIg27_192	olaTTNIg108_193	28.889	90	64	0	1	90	1	90	6.76e-11	45.8
olaTTNIg27_192	olaTTNIg21_195	30	90	63	0	1	90	2	91	7.12e-11	45.4
olaTTNIg27_192	olaTTNIg39_194	30.38	79	55	0	14	92	16	94	7.77e-11	45.4
olaTTNIg27_192	olaTTNIg25_194	30.435	92	63	1	1	91	2	93	2.11e-10	44.3
olaTTNIg27_192	olaTTNIg31_193	32.099	81	55	0	1	81	2	82	2.14e-10	44.3
olaTTNIg27_192	olaTTNIg5_198	31.868	91	61	1	1	90	2	92	2.19e-10	44.3
olaTTNIg27_192	olaTTNIg34_193	27.174	92	67	0	1	92	2	93	3.73e-10	43.9
olaTTNIg27_192	olaTTNIg2_194	28.889	90	64	0	1	90	2	91	4.02e-10	43.5
olaTTNIg27_192	olaTTNIg110_194	30.435	92	62	1	1	90	1	92	1.65e-09	42
olaTTNIg27_192	olaTTNIg9_193	29.762	84	58	1	9	92	9	91	2.21e-09	41.6
olaTTNIg27_192	olaTTNIg35_193	38.095	63	39	0	30	92	31	93	2.41e-09	41.6
olaTTNIg27_192	olaTTNIg55_190	31.325	83	52	2	10	92	13	90	6.35e-09	40.4
olaTTNIg27_192	olaTTNIg59_189	28.889	90	59	2	3	92	4	88	8.14e-09	40
olaTTNIg27_192	olaTTNIg74_196	33.735	83	51	2	10	90	11	91	1.12e-08	40
olaTTNIg27_192	olaTTNIg113_197	30	80	53	1	15	91	16	95	1.16e-08	40
olaTTNIg27_192	olaTTNIg41_196	32.051	78	52	1	16	92	17	94	1.21e-08	40
olaTTNIg27_192	olaTTNIg115_194	29.67	91	64	0	1	91	2	92	1.54e-08	39.7
olaTTNIg27_192	olaTTNIg20_187	32	75	50	1	3	77	4	77	2.01e-08	39.3
olaTTNIg27_192	olaTTNIg80_196	42.553	47	27	0	34	80	37	83	3.02e-08	38.9
olaTTNIg27_192	olaTTNIg11_191	37.931	58	35	1	16	73	18	74	3.28e-08	38.5
olaTTNIg27_192	olaTTNIg6_195	27.473	91	65	1	1	90	1	91	5.28e-08	38.1
olaTTNIg27_192	olaTTNIg72_197	28.916	83	59	0	10	92	14	96	5.29e-08	38.1
olaTTNIg27_192	olaTTNIg91_193	25.316	79	57	1	12	90	12	88	7.01e-08	37.7
olaTTNIg27_192	olaTTNIg73_197	24.096	83	63	0	10	92	14	96	9.18e-08	37.7
olaTTNIg27_192	olaTTNIg50_192	26.667	75	54	1	10	84	11	84	1.15e-07	37.4
olaTTNIg27_192	olaTTNIg107_194	30.38	79	53	1	12	90	15	91	1.17e-07	37.4
olaTTNIg27_192	olaTTNIg15_187	32.394	71	43	2	20	90	21	86	1.61e-07	36.6
olaTTNIg27_192	olaTTNIg95_197	26.761	71	52	0	10	80	14	84	1.77e-07	37
olaTTNIg27_192	olaTTNIg4_195	26.667	90	64	1	1	88	2	91	1.95e-07	36.6
olaTTNIg27_192	olaTTNIg77_197	24.691	81	61	0	10	90	14	94	3.07e-07	36.2
olaTTNIg27_192	olaTTNIg112_198	23.457	81	61	1	12	91	16	96	3.15e-07	36.2
olaTTNIg27_192	olaTTNIg117_196	24.444	90	66	1	1	90	2	89	3.93e-07	35.8
olaTTNIg27_192	olaTTNIg1_196	29.885	87	56	2	7	91	11	94	4.10e-07	35.8
olaTTNIg27_192	olaTTNIg3_195	25.316	79	59	0	12	90	13	91	4.88e-07	35.8
olaTTNIg27_192	olaTTNIg87_194	29.851	67	45	1	14	80	17	81	5.34e-07	35.4
olaTTNIg27_192	olaTTNIg49_187	34.848	66	39	1	25	90	24	85	5.81e-07	35.4
olaTTNIg27_192	olaTTNIg88_193	23.077	65	50	0	28	92	28	92	6.92e-07	35
olaTTNIg27_192	olaTTNIg83_195	28.169	71	47	2	12	80	14	82	7.53e-07	35
olaTTNIg27_192	olaTTNIg70_195	24.444	90	65	1	3	92	8	94	1.20e-06	34.7
olaTTNIg27_192	olaTTNIg43_297	28.767	73	51	1	3	75	5	76	1.27e-06	34.7
olaTTNIg27_192	olaTTNIg63_197	27.16	81	57	1	10	90	14	92	1.66e-06	34.3
olaTTNIg27_192	olaTTNIg85_194	23.077	65	50	0	28	92	29	93	2.06e-06	33.9
olaTTNIg27_192	olaTTNIg64_193	29.63	54	38	0	28	81	28	81	2.61e-06	33.9
olaTTNIg27_192	olaTTNIg89_196	16.867	83	69	0	10	92	13	95	3.86e-06	33.5
olaTTNIg27_192	olaTTNIg82_196	25.714	70	52	0	14	83	17	86	4.03e-06	33.1
olaTTNIg27_192	olaTTNIg61_188	27.397	73	52	1	15	87	17	88	5.61e-06	32.7
olaTTNIg27_192	olaTTNIg57_188	32.927	82	50	2	11	92	12	88	5.79e-06	32.7
olaTTNIg27_192	olaTTNIg98_196	22.5	80	62	0	13	92	16	95	6.13e-06	32.7
olaTTNIg27_192	olaTTNIg28_194	25.806	93	68	1	1	92	2	94	7.58e-06	32.3
olaTTNIg27_192	olaTTNIg22_193	32.222	90	51	5	7	90	5	90	8.20e-06	32.3
olaTTNIg27_192	olaTTNIg94_193	22.222	81	63	0	12	92	12	92	9.50e-06	32.3
olaTTNIg27_192	olaTTNIg97_197	32	75	47	2	12	84	16	88	1.28e-05	32
olaTTNIg27_192	olaTTNIg78_196	25.352	71	53	0	10	80	13	83	1.36e-05	32
olaTTNIg27_192	olaTTNIg100_195	21.739	69	54	0	10	78	13	81	1.79e-05	31.6
olaTTNIg27_192	olaTTNIg53_190	27.273	66	47	1	12	77	15	79	2.06e-05	31.2
olaTTNIg27_192	olaTTNIg10_194	26.667	90	50	2	1	90	2	75	2.09e-05	31.2
olaTTNIg27_192	olaTTNIg76_192	26.923	78	55	1	14	91	13	88	2.81e-05	30.8
olaTTNIg27_192	olaTTNIg16_189	29.63	81	52	2	10	90	12	87	2.84e-05	30.8
olaTTNIg27_192	olaTTNIg92_196	21.739	92	69	1	1	92	7	95	4.59e-05	30.4
olaTTNIg27_192	olaTTNIg69_194	26.923	78	52	2	3	80	9	81	6.23e-05	30
olaTTNIg27_192	olaTTNIg46_189	28.723	94	58	4	3	92	1	89	7.25e-05	29.6
olaTTNIg27_192	olaTTNIg54_189	27.143	70	47	2	9	75	8	76	7.54e-05	29.6
olaTTNIg27_192	olaTTNIg81_193	28.916	83	50	3	10	90	13	88	1.58e-04	28.9
olaTTNIg27_192	olaTTNIg52_188	30	60	38	1	33	92	33	88	1.71e-04	28.9
olaTTNIg27_192	olaTTNIg13_189	31.818	44	30	0	29	72	29	72	1.72e-04	28.9
olaTTNIg27_192	olaTTNIg66_196	27.059	85	57	3	10	92	14	95	2.19e-04	28.5
olaTTNIg27_192	olaTTNIg66_196	34.483	29	18	1	28	55	2	30	6.6	16.2
olaTTNIg27_192	olaTTNIg47_188	32.099	81	48	3	2	81	8	82	3.09e-04	28.1
olaTTNIg27_192	olaTTNIg103_196	21.519	79	62	0	13	91	16	94	3.89e-04	28.1
olaTTNIg27_192	olaTTNIg90_195	25.352	71	51	1	10	80	14	82	4.14e-04	27.7
olaTTNIg27_192	olaTTNIg42_192	29.333	75	48	2	18	91	21	91	4.30e-04	27.7
olaTTNIg27_192	olaTTNIg93_194	25	72	52	1	10	81	13	82	4.68e-04	27.7
olaTTNIg27_192	olaTTNIg45_192	27.66	47	33	1	34	79	34	80	5.12e-04	27.7
olaTTNIg27_192	olaTTNIg96_194	29.032	62	42	1	10	71	13	72	5.34e-04	27.7
olaTTNIg27_192	olaTTNIg18_389	27.632	76	50	2	15	90	16	86	5.98e-04	27.3
olaTTNIg27_192	olaTTNIg105_194	22.222	81	61	1	12	92	15	93	0.002	25.8
olaTTNIg27_192	olaTTNIg48_188	25.926	81	55	2	12	92	13	88	0.003	25.4
olaTTNIg27_192	olaTTNIg26_192	27.586	58	41	1	34	90	32	89	0.004	25
olaTTNIg27_192	olaTTNIg84_195	27.273	66	44	2	28	92	32	94	0.005	25
olaTTNIg27_192	olaTTNIg17_290	32.5	40	27	0	33	72	35	74	0.01	23.9
olaTTNIg27_192	olaTTNIg86_197	22.535	71	55	0	10	80	14	84	0.011	23.9
olaTTNIg27_192	olaTTNIg75_195	26.389	72	50	2	10	80	13	82	0.012	23.9
olaTTNIg27_192	olaTTNIg7_195	22.34	94	69	2	1	90	1	94	0.014	23.9
olaTTNIg27_192	olaTTNIg37_193	34.615	26	17	0	67	92	68	93	0.015	23.5
olaTTNIg27_192	olaTTNIg99_197	23.611	72	55	0	12	83	15	86	0.03	22.7
olaTTNIg27_192	olaTTNIg56_189	42.857	28	13	1	65	92	65	89	0.037	22.3
olaTTNIg27_192	olaTTNIg102_195	27.083	48	33	1	34	81	38	83	0.048	22.3
olaTTNIg27_192	olaTTNIg104_198	19.753	81	65	0	12	92	17	97	0.059	21.9
olaTTNIg27_192	olaTTNIg62_195	20.29	69	54	1	10	77	12	80	0.15	20.8
olaTTNIg27_192	olaTTNIg12_189	26.25	80	54	2	11	90	13	87	0.16	20.8
olaTTNIg27_192	olaTTNIg79_197	23.188	69	50	2	15	81	18	85	0.3	20
olaTTNIg27_192	olaTTNIg14_188	19.737	76	57	1	15	90	16	87	0.36	19.6
olaTTNIg27_192	olaTTNIg68_199	34.615	26	17	0	65	90	71	96	1.6	18.1
olaTTNIg27_192	olaTTNnewIg_1104	32	25	17	0	68	92	80	104	3.9	16.9
olaTTNIg28_194	olaTTNIg28_194	100	94	0	0	1	94	1	94	3.11e-70	196
olaTTNIg28_194	olaTTNIg39_194	35.789	95	59	2	1	94	1	94	5.00e-18	63.9
olaTTNIg28_194	olaTTNIg38_193	34.043	94	61	1	1	94	1	93	2.58e-17	62
olaTTNIg28_194	olaTTNIg35_193	34.043	94	61	1	1	94	1	93	8.69e-14	53.1
olaTTNIg28_194	olaTTNIg32_194	27.66	94	68	0	1	94	1	94	1.65e-13	52.4
olaTTNIg28_194	olaTTNIg30_194	33.684	95	61	2	1	94	1	94	1.34e-12	50.1
olaTTNIg28_194	olaTTNIg24_194	31.868	91	61	1	2	92	1	90	1.22e-11	47.8
olaTTNIg28_194	olaTTNIg37_193	26.596	94	68	1	1	94	1	93	1.26e-11	47.8
olaTTNIg28_194	olaTTNIg34_193	29.032	93	65	1	2	94	2	93	4.07e-11	46.2
olaTTNIg28_194	olaTTNIg117_196	28.571	91	64	1	2	92	2	91	6.24e-11	45.8
olaTTNIg28_194	olaTTNIg40_194	29.63	81	56	1	12	92	11	90	8.55e-11	45.4
olaTTNIg28_194	olaTTNIg33_195	31.25	96	61	2	1	94	1	93	1.19e-10	45.1
olaTTNIg28_194	olaTTNIg31_193	31.707	82	55	1	1	82	1	81	1.22e-10	45.1
olaTTNIg28_194	olaTTNIg44_197	29.268	82	56	2	11	92	17	96	4.68e-10	43.5
olaTTNIg28_194	olaTTNIg21_195	30.208	96	58	2	1	92	1	91	1.91e-09	42
olaTTNIg28_194	olaTTNIg116_195	28.261	92	65	1	1	92	1	91	2.89e-09	41.6
olaTTNIg28_194	olaTTNIg57_188	28.571	91	59	3	4	94	4	88	6.55e-09	40.4
olaTTNIg28_194	olaTTNIg4_195	30.108	93	58	2	2	90	2	91	8.15e-09	40.4
olaTTNIg28_194	olaTTNIg22_193	28.261	92	64	2	1	92	1	90	3.76e-08	38.5
olaTTNIg28_194	olaTTNIg36_194	28.723	94	65	2	2	94	2	94	4.44e-08	38.5
olaTTNIg28_194	olaTTNIg29_192	27.711	83	59	1	12	94	11	92	5.30e-08	38.1
olaTTNIg28_194	olaTTNIg41_196	29.213	89	63	0	4	92	4	92	5.33e-08	38.1
olaTTNIg28_194	olaTTNIg104_198	25.581	86	63	1	9	94	13	97	1.59e-07	37
olaTTNIg28_194	olaTTNIg42_192	31.081	74	49	2	1	73	3	75	2.13e-07	36.6
olaTTNIg28_194	olaTTNIg108_193	23.81	84	63	1	2	85	1	83	2.19e-07	36.6
olaTTNIg28_194	olaTTNIg43_297	28.09	89	59	4	4	90	5	90	2.75e-07	36.6
olaTTNIg28_194	olaTTNIg25_194	26.316	95	66	2	1	93	1	93	3.22e-07	36.2
olaTTNIg28_194	olaTTNIg3_195	26.374	91	66	1	2	92	2	91	3.56e-07	36.2
olaTTNIg28_194	olaTTNIg1_196	28.125	96	60	2	2	92	2	93	6.47e-07	35.4
olaTTNIg28_194	olaTTNIg88_193	27.059	85	61	1	10	94	9	92	8.46e-07	35
olaTTNIg28_194	olaTTNIg12_189	33.929	56	36	1	35	90	35	89	3.66e-06	33.5
olaTTNIg28_194	olaTTNIg56_189	36.735	49	30	1	33	81	32	79	4.19e-06	33.1
olaTTNIg28_194	olaTTNIg2_194	25	92	68	1	1	92	1	91	4.82e-06	33.1
olaTTNIg28_194	olaTTNIg54_189	27.632	76	52	3	1	75	1	74	5.31e-06	32.7
olaTTNIg28_194	olaTTNIg27_192	25.806	93	68	1	2	94	1	92	7.74e-06	32.3
olaTTNIg28_194	olaTTNIg18_389	29.213	89	57	3	4	92	4	86	9.03e-06	32.3
olaTTNIg28_194	olaTTNIg23_194	28.571	91	64	1	2	92	1	90	1.06e-05	32.3
olaTTNIg28_194	olaTTNIg63_197	22.785	79	60	1	16	94	19	96	1.52e-05	32
olaTTNIg28_194	olaTTNIg64_193	30.645	62	42	1	32	93	31	91	1.74e-05	31.6
olaTTNIg28_194	olaTTNIg113_197	25.773	97	66	2	1	93	1	95	2.17e-05	31.6
olaTTNIg28_194	olaTTNIg5_198	21.739	92	72	0	1	92	1	92	2.97e-05	31.2
olaTTNIg28_194	olaTTNIg9_193	26.374	91	65	2	2	92	1	89	8.99e-05	29.6
olaTTNIg28_194	olaTTNIg84_195	30.137	73	42	2	25	94	28	94	1.00e-04	29.6
olaTTNIg28_194	olaTTNIg47_188	24.658	73	53	2	17	89	18	88	1.04e-04	29.3
olaTTNIg28_194	olaTTNIg77_197	21.591	88	56	2	13	94	16	96	1.07e-04	29.6
olaTTNIg28_194	olaTTNIg72_197	29.787	47	33	0	48	94	50	96	1.37e-04	29.3
olaTTNIg28_194	olaTTNIg106_196	26.761	71	51	1	13	83	15	84	1.46e-04	29.3
olaTTNIg28_194	olaTTNIg80_196	22.5	80	50	2	15	94	28	95	2.20e-04	28.9
olaTTNIg28_194	olaTTNIg100_195	22.857	70	53	1	13	82	15	83	2.29e-04	28.5
olaTTNIg28_194	olaTTNIg111_1101	25.532	94	68	2	2	94	8	100	2.32e-04	28.9
olaTTNIg28_194	olaTTNIg74_196	25	84	60	2	13	94	13	95	2.84e-04	28.5
olaTTNIg28_194	olaTTNIg79_197	29.577	71	45	3	25	93	28	95	2.90e-04	28.5
olaTTNIg28_194	olaTTNIg17_290	31.034	58	37	2	33	89	34	89	3.95e-04	27.7
olaTTNIg28_194	olaTTNIg6_195	23.077	91	70	0	2	92	1	91	4.20e-04	28.1
olaTTNIg28_194	olaTTNIg59_189	28.125	64	41	2	31	94	30	88	5.27e-04	27.7
olaTTNIg28_194	olaTTNIg78_196	18.293	82	66	1	13	94	15	95	6.46e-04	27.3
olaTTNIg28_194	olaTTNIg112_198	27.692	65	46	1	28	92	32	95	0.001	26.9
olaTTNIg28_194	olaTTNIg62_195	24.691	81	61	0	13	93	14	94	0.001	26.6
olaTTNIg28_194	olaTTNIg93_194	27.419	62	42	1	33	94	35	93	0.001	26.6
olaTTNIg28_194	olaTTNIg68_199	34.043	47	31	0	47	93	51	97	0.001	26.6
olaTTNIg28_194	olaTTNIg26_192	32.258	62	40	2	33	93	30	90	0.001	26.6
olaTTNIg28_194	olaTTNIg70_195	21.951	82	63	1	1	82	2	82	0.002	26.2
olaTTNIg28_194	olaTTNIg114_192	31.429	35	24	0	58	92	55	89	0.002	26.2
olaTTNIg28_194	olaTTNIg76_192	25.287	87	60	3	8	93	6	88	0.002	25.8
olaTTNIg28_194	olaTTNIg83_195	23.457	81	57	2	16	94	17	94	0.003	25.4
olaTTNIg28_194	olaTTNIg50_192	23.75	80	59	2	1	80	1	78	0.004	25
olaTTNIg28_194	olaTTNIg73_197	24.51	102	63	4	1	94	1	96	0.004	25
olaTTNIg28_194	olaTTNIg85_194	24.194	62	46	1	33	94	33	93	0.005	25
olaTTNIg28_194	olaTTNIg45_192	22.222	63	48	1	32	94	31	92	0.005	25
olaTTNIg28_194	olaTTNIg109_193	25.287	87	48	5	11	94	20	92	0.007	24.6
olaTTNIg28_194	olaTTNIg20_187	23.077	65	48	2	17	81	17	79	0.007	24.6
olaTTNIg28_194	olaTTNIg99_197	27.083	48	34	1	35	82	37	83	0.009	24.3
olaTTNIg28_194	olaTTNIg14_188	25.974	77	52	2	16	92	16	87	0.009	24.3
olaTTNIg28_194	olaTTNIg61_188	25.424	59	34	2	32	90	39	87	0.012	23.9
olaTTNIg28_194	olaTTNIg107_194	29.412	34	24	0	60	93	59	92	0.013	23.9
olaTTNIg28_194	olaTTNIg90_195	20.93	86	59	2	12	94	15	94	0.013	23.9
olaTTNIg28_194	olaTTNIg8_195	32.353	34	23	0	59	92	59	92	0.014	23.9
olaTTNIg28_194	olaTTNIg49_187	21.333	75	56	2	1	75	1	72	0.019	23.5
olaTTNIg28_194	olaTTNIg87_194	21.176	85	58	2	18	94	10	93	0.021	23.1
olaTTNIg28_194	olaTTNIg7_195	24.658	73	49	4	24	92	24	94	0.021	23.1
olaTTNIg28_194	olaTTNIg13_189	25.641	39	28	1	35	73	34	71	0.031	22.7
olaTTNIg28_194	olaTTNIg82_196	20.779	77	60	1	16	92	18	93	0.041	22.3
olaTTNIg28_194	olaTTNIg51_488	29.688	64	40	2	31	94	27	85	0.052	21.9
olaTTNIg28_194	olaTTNIg110_194	20.213	94	72	2	2	92	1	94	0.061	21.9
olaTTNIg28_194	olaTTNIg91_193	18.605	86	69	1	9	94	8	92	0.069	21.9
olaTTNIg28_194	olaTTNIg15_187	24.194	62	42	2	31	92	30	86	0.15	20.8
olaTTNIg28_194	olaTTNIg81_193	30.769	26	18	0	69	94	67	92	0.17	20.8
olaTTNIg28_194	olaTTNIg66_196	24.194	62	45	1	33	94	36	95	0.17	20.8
olaTTNIg28_194	olaTTNIg60_187	20.225	89	69	2	1	89	1	87	0.19	20.4
olaTTNIg28_194	olaTTNIg86_197	26.667	45	30	1	1	42	1	45	1.4	18.1
olaTTNIg28_194	olaTTNIg115_194	33.333	24	16	0	59	82	58	81	5	16.5
olaTTNIg28_194	olaTTNIg11_191	71.429	7	2	0	51	57	22	28	6.2	16.2
olaTTNIg28_194	olaTTNIg69_194	25.714	35	26	0	9	43	11	45	7.2	16.2
olaTTNIg29_192	olaTTNIg29_192	100	92	0	0	1	92	1	92	7.69e-68	189
olaTTNIg29_192	olaTTNIg38_193	27.174	92	67	0	1	92	2	93	7.20e-16	58.5
olaTTNIg29_192	olaTTNIg40_194	29.67	91	64	0	1	91	1	91	2.38e-15	57
olaTTNIg29_192	olaTTNIg36_194	33.333	93	61	1	1	92	2	94	2.49e-15	57
olaTTNIg29_192	olaTTNIg27_192	30.435	92	64	0	1	92	1	92	2.85e-15	57
olaTTNIg29_192	olaTTNIg24_194	31.868	91	62	0	1	91	1	91	1.38e-14	55.1
olaTTNIg29_192	olaTTNIg37_193	30.435	92	64	0	1	92	2	93	1.57e-13	52.4
olaTTNIg29_192	olaTTNIg34_193	32.609	92	62	0	1	92	2	93	2.32e-13	52
olaTTNIg29_192	olaTTNIg32_194	27.957	93	66	1	1	92	2	94	2.48e-13	52
olaTTNIg29_192	olaTTNIg3_195	30.851	94	63	1	1	92	2	95	7.72e-13	50.8
olaTTNIg29_192	olaTTNIg44_197	32.051	78	52	1	14	91	21	97	1.72e-12	49.7
olaTTNIg29_192	olaTTNIg39_194	30.108	93	64	1	1	92	2	94	1.77e-12	49.7
olaTTNIg29_192	olaTTNIg30_194	27.957	93	66	1	1	92	2	94	2.16e-11	47
olaTTNIg29_192	olaTTNIg2_194	28.571	91	65	0	1	91	2	92	1.04e-10	45.1
olaTTNIg29_192	olaTTNIg1_196	27.174	92	65	1	1	90	2	93	1.79e-10	44.7
olaTTNIg29_192	olaTTNIg8_195	26.596	94	67	1	1	92	1	94	6.03e-10	43.1
olaTTNIg29_192	olaTTNIg108_193	28.049	82	59	0	1	82	1	82	2.19e-09	41.6
olaTTNIg29_192	olaTTNIg33_195	27.273	88	64	0	3	90	4	91	4.13e-09	41.2
olaTTNIg29_192	olaTTNIg21_195	26.374	91	67	0	1	91	2	92	5.40e-09	40.8
olaTTNIg29_192	olaTTNIg31_193	28.261	92	66	0	1	92	2	93	5.91e-09	40.4
olaTTNIg29_192	olaTTNIg22_193	26.087	92	67	1	1	92	2	92	1.51e-08	39.7
olaTTNIg29_192	olaTTNIg28_194	27.711	83	59	1	11	92	12	94	5.18e-08	38.1
olaTTNIg29_192	olaTTNIg114_192	24.731	93	67	2	1	92	1	91	8.16e-08	37.7
olaTTNIg29_192	olaTTNIg9_193	27.381	84	60	1	9	92	9	91	9.14e-08	37.4
olaTTNIg29_192	olaTTNIg35_193	25.641	78	58	0	15	92	16	93	1.40e-07	37
olaTTNIg29_192	olaTTNIg64_193	27.16	81	59	0	10	90	10	90	1.60e-07	37
olaTTNIg29_192	olaTTNIg95_197	35.185	54	35	0	31	84	35	88	1.83e-07	37
olaTTNIg29_192	olaTTNIg112_198	24.675	77	57	1	15	90	19	95	7.73e-07	35
olaTTNIg29_192	olaTTNIg23_194	24.176	91	69	0	1	91	1	91	9.65e-07	35
olaTTNIg29_192	olaTTNIg115_194	34.694	49	32	0	32	80	33	81	1.02e-06	34.7
olaTTNIg29_192	olaTTNIg85_194	23.729	59	45	0	32	90	33	91	1.60e-06	34.3
olaTTNIg29_192	olaTTNIg98_196	23.729	59	45	0	32	90	35	93	8.56e-06	32.3
olaTTNIg29_192	olaTTNIg113_197	24.731	93	67	2	1	90	2	94	9.54e-06	32.3
olaTTNIg29_192	olaTTNIg55_190	25	76	56	1	2	77	5	79	1.40e-05	31.6
olaTTNIg29_192	olaTTNIg53_190	26.027	73	53	1	5	77	8	79	2.12e-05	31.2
olaTTNIg29_192	olaTTNIg4_195	26.596	94	67	1	1	92	2	95	2.21e-05	31.2
olaTTNIg29_192	olaTTNIg83_195	22.222	81	63	0	10	90	12	92	2.33e-05	31.2
olaTTNIg29_192	olaTTNIg45_192	26.087	92	63	4	3	92	4	92	2.58e-05	31.2
olaTTNIg29_192	olaTTNIg52_188	27.869	61	40	1	32	92	32	88	4.03e-05	30.4
olaTTNIg29_192	olaTTNIg72_197	33.333	57	38	0	34	90	38	94	4.14e-05	30.4
olaTTNIg29_192	olaTTNIg69_194	32.692	52	33	1	32	83	35	84	6.10e-05	30
olaTTNIg29_192	olaTTNIg116_195	24.324	74	54	1	9	80	8	81	6.65e-05	30
olaTTNIg29_192	olaTTNIg20_187	27.778	72	47	2	20	91	21	87	7.75e-05	29.6
olaTTNIg29_192	olaTTNIg5_198	20.652	92	72	1	1	91	2	93	8.94e-05	29.6
olaTTNIg29_192	olaTTNIg54_189	26.316	76	55	1	2	77	4	78	1.01e-04	29.3
olaTTNIg29_192	olaTTNIg43_297	21.348	89	68	2	3	90	5	92	1.06e-04	29.6
olaTTNIg29_192	olaTTNIg66_196	31.148	61	41	1	32	92	36	95	1.13e-04	29.3
olaTTNIg29_192	olaTTNIg77_197	25.424	59	44	0	32	90	36	94	1.22e-04	29.3
olaTTNIg29_192	olaTTNIg41_196	29.508	61	40	2	32	90	33	92	1.23e-04	29.3
olaTTNIg29_192	olaTTNIg91_193	24.096	83	63	0	1	83	1	83	1.35e-04	29.3
olaTTNIg29_192	olaTTNIg92_196	27.869	61	44	0	32	92	35	95	1.69e-04	28.9
olaTTNIg29_192	olaTTNIg103_196	25.424	59	44	0	32	90	35	93	2.50e-04	28.5
olaTTNIg29_192	olaTTNIg117_196	24.242	66	50	0	15	80	16	81	3.23e-04	28.1
olaTTNIg29_192	olaTTNIg88_193	21.311	61	48	0	32	92	32	92	4.92e-04	27.7
olaTTNIg29_192	olaTTNIg74_196	26.23	61	43	1	32	90	33	93	7.35e-04	27.3
olaTTNIg29_192	olaTTNIg84_195	45.833	24	13	0	67	90	69	92	8.57e-04	26.9
olaTTNIg29_192	olaTTNIg13_189	26.316	57	42	0	33	89	33	89	8.88e-04	26.9
olaTTNIg29_192	olaTTNIg70_195	26	50	37	0	32	81	34	83	8.93e-04	26.9
olaTTNIg29_192	olaTTNIg19_391	26.923	52	37	1	20	71	21	71	0.001	26.9
olaTTNIg29_192	olaTTNIg110_194	25.263	95	65	3	1	90	1	94	0.001	26.9
olaTTNIg29_192	olaTTNIg94_193	28.169	71	49	2	15	84	15	84	0.001	26.9
olaTTNIg29_192	olaTTNIg73_197	22.368	76	59	0	15	90	19	94	0.001	26.9
olaTTNIg29_192	olaTTNIg61_188	22.535	71	54	1	15	85	17	86	0.002	26.2
olaTTNIg29_192	olaTTNIg11_191	25	56	41	1	20	75	22	76	0.002	25.8
olaTTNIg29_192	olaTTNIg51_488	20.482	83	65	1	3	85	1	82	0.002	25.8
olaTTNIg29_192	olaTTNIg106_196	25.641	78	58	0	6	83	9	86	0.004	25
olaTTNIg29_192	olaTTNIg49_187	28.571	56	38	1	18	73	19	72	0.005	25
olaTTNIg29_192	olaTTNIg60_187	34.483	29	19	0	32	60	32	60	0.008	24.3
olaTTNIg29_192	olaTTNIg71_194	31.148	61	36	2	32	90	35	91	0.01	24.3
olaTTNIg29_192	olaTTNIg57_188	30	60	41	1	12	71	13	71	0.012	23.9
olaTTNIg29_192	olaTTNIg99_197	25.397	63	46	1	31	92	34	96	0.012	23.9
olaTTNIg29_192	olaTTNIg59_189	28.571	98	51	6	2	92	3	88	0.012	23.9
olaTTNIg29_192	olaTTNIg15_187	24.194	62	43	1	29	90	29	86	0.014	23.5
olaTTNIg29_192	olaTTNIg80_196	22.059	68	42	1	13	80	27	83	0.014	23.9
olaTTNIg29_192	olaTTNIg89_196	21.111	90	68	1	1	90	7	93	0.015	23.5
olaTTNIg29_192	olaTTNIg104_198	41.667	24	14	0	67	90	72	95	0.017	23.5
olaTTNIg29_192	olaTTNIg16_189	23.75	80	60	1	5	84	7	85	0.019	23.1
olaTTNIg29_192	olaTTNIg48_188	21.978	91	66	2	2	92	3	88	0.03	22.7
olaTTNIg29_192	olaTTNIg82_196	22.388	67	52	0	15	81	18	84	0.043	22.3
olaTTNIg29_192	olaTTNIg102_195	30.769	39	27	0	54	92	56	94	0.047	22.3
olaTTNIg29_192	olaTTNIg25_194	20	60	47	1	32	90	33	92	0.053	21.9
olaTTNIg29_192	olaTTNIg100_195	17.808	73	60	0	6	78	9	81	0.055	21.9
olaTTNIg29_192	olaTTNIg97_197	50	16	8	0	67	82	71	86	0.082	21.6
olaTTNIg29_192	olaTTNIg107_194	22.807	57	42	1	34	90	37	91	0.12	21.2
olaTTNIg29_192	olaTTNIg63_197	20.69	87	69	0	4	90	8	94	0.19	20.4
olaTTNIg29_192	olaTTNIg76_192	23.75	80	60	1	1	80	1	79	0.19	20.4
olaTTNIg29_192	olaTTNIg14_188	20.69	87	67	1	3	89	4	88	0.24	20.4
olaTTNIg29_192	olaTTNIg86_197	30.435	23	16	0	58	80	62	84	0.46	19.6
olaTTNIg29_192	olaTTNIg111_1101	33.333	27	18	0	66	92	74	100	0.5	19.2
olaTTNIg29_192	olaTTNIg18_389	24.39	82	57	2	10	91	11	87	0.55	19.2
olaTTNIg29_192	olaTTNIg56_189	21.154	52	41	0	32	83	32	83	0.8	18.9
olaTTNIg29_192	olaTTNIg50_192	20	70	55	1	2	71	3	71	0.85	18.9
olaTTNIg29_192	olaTTNIg101_195	37.5	24	15	0	69	92	71	94	1.2	18.5
olaTTNIg29_192	olaTTNIg78_196	29.167	24	17	0	67	90	70	93	4.1	16.9
olaTTNIg29_192	olaTTNIg46_189	22.353	85	61	2	3	85	5	86	5.6	16.5
olaTTNIg29_192	olaTTNIg42_192	29.63	27	17	1	52	76	2	28	6.7	16.2
olaTTNIg30_194	olaTTNIg30_194	100	94	0	0	1	94	1	94	2.27e-70	196
olaTTNIg30_194	olaTTNIg36_194	37.634	93	58	0	2	94	2	94	6.33e-23	76.6
olaTTNIg30_194	olaTTNIg40_194	36.957	92	57	1	2	93	1	91	3.63e-19	67
olaTTNIg30_194	olaTTNIg32_194	31.579	95	63	2	1	94	1	94	7.33e-17	60.8
olaTTNIg30_194	olaTTNIg35_193	36.17	94	59	1	1	94	1	93	2.07e-16	59.7
olaTTNIg30_194	olaTTNIg39_194	30.851	94	65	0	1	94	1	94	5.18e-16	58.9
olaTTNIg30_194	olaTTNIg34_193	35.484	93	59	1	2	94	2	93	2.21e-15	57.4
olaTTNIg30_194	olaTTNIg63_197	34.247	73	48	0	15	87	17	89	3.26e-14	54.3
olaTTNIg30_194	olaTTNIg33_195	28.261	92	65	1	1	92	1	91	1.90e-13	52.4
olaTTNIg30_194	olaTTNIg38_193	27.66	94	67	1	1	94	1	93	2.51e-13	52
olaTTNIg30_194	olaTTNIg37_193	25.532	94	69	1	1	94	1	93	3.87e-13	51.6
olaTTNIg30_194	olaTTNIg1_196	34.409	93	58	2	2	92	2	93	1.01e-12	50.4
olaTTNIg30_194	olaTTNIg28_194	33.684	95	61	2	1	94	1	94	1.34e-12	50.1
olaTTNIg30_194	olaTTNIg31_193	31.915	94	61	2	1	94	1	91	3.35e-12	48.9
olaTTNIg30_194	olaTTNIg27_192	30.108	93	64	1	2	94	1	92	1.32e-11	47.4
olaTTNIg30_194	olaTTNIg22_193	33.735	83	53	2	1	83	1	81	1.51e-11	47.4
olaTTNIg30_194	olaTTNIg29_192	27.957	93	66	1	2	94	1	92	2.21e-11	47
olaTTNIg30_194	olaTTNIg2_194	29.032	93	65	1	1	93	1	92	7.67e-11	45.4
olaTTNIg30_194	olaTTNIg9_193	30.38	79	54	1	16	94	14	91	7.76e-11	45.4
olaTTNIg30_194	olaTTNIg112_198	28.049	82	58	1	12	92	14	95	2.68e-10	44.3
olaTTNIg30_194	olaTTNIg44_197	29.897	97	62	4	1	93	3	97	4.30e-10	43.9
olaTTNIg30_194	olaTTNIg3_195	28.358	67	48	0	16	82	15	81	1.28e-09	42.4
olaTTNIg30_194	olaTTNIg58_193	27.16	81	57	2	15	94	14	93	1.80e-09	42
olaTTNIg30_194	olaTTNIg5_198	28.723	94	65	2	1	93	1	93	1.83e-09	42
olaTTNIg30_194	olaTTNIg25_194	27.957	93	65	2	1	92	1	92	2.22e-09	42
olaTTNIg30_194	olaTTNIg23_194	28.261	92	65	1	2	93	1	91	2.61e-09	41.6
olaTTNIg30_194	olaTTNIg7_195	29.885	87	58	2	2	86	1	86	2.99e-09	41.6
olaTTNIg30_194	olaTTNIg4_195	34.737	95	59	2	2	94	2	95	4.48e-09	41.2
olaTTNIg30_194	olaTTNIg11_191	23.377	77	58	1	4	80	4	79	5.49e-09	40.8
olaTTNIg30_194	olaTTNIg11_191	24	25	19	0	10	34	60	84	9.3	15.8
olaTTNIg30_194	olaTTNIg89_196	26.374	91	63	2	2	92	7	93	6.29e-09	40.8
olaTTNIg30_194	olaTTNIg115_194	25.926	81	59	1	2	82	2	81	7.34e-09	40.4
olaTTNIg30_194	olaTTNIg99_197	26.582	79	58	0	13	91	14	92	7.76e-09	40.4
olaTTNIg30_194	olaTTNIg8_195	26.596	94	68	1	2	94	1	94	9.66e-09	40
olaTTNIg30_194	olaTTNIg76_192	26.25	80	59	0	15	94	12	91	1.01e-08	40
olaTTNIg30_194	olaTTNIg106_196	23.684	76	58	0	17	92	18	93	1.28e-08	40
olaTTNIg30_194	olaTTNIg108_193	26.374	91	64	2	2	92	1	88	1.32e-08	39.7
olaTTNIg30_194	olaTTNIg77_197	26.744	86	63	0	7	92	9	94	4.48e-08	38.5
olaTTNIg30_194	olaTTNIg113_197	28.421	95	64	2	1	92	1	94	5.09e-08	38.5
olaTTNIg30_194	olaTTNIg74_196	25.806	93	65	2	2	92	1	91	5.45e-08	38.1
olaTTNIg30_194	olaTTNIg10_194	29.032	93	64	2	2	93	2	93	1.35e-07	37.4
olaTTNIg30_194	olaTTNIg82_196	29.032	62	44	0	13	74	14	75	1.52e-07	37
olaTTNIg30_194	olaTTNIg116_195	28.049	82	58	1	1	82	1	81	2.65e-07	36.6
olaTTNIg30_194	olaTTNIg114_192	31.313	99	52	4	2	93	1	90	3.11e-07	36.2
olaTTNIg30_194	olaTTNIg98_196	25	76	57	0	14	89	15	90	3.86e-07	36.2
olaTTNIg30_194	olaTTNIg72_197	26.316	95	66	2	1	92	1	94	5.27e-07	35.8
olaTTNIg30_194	olaTTNIg41_196	31.183	93	61	3	4	94	4	95	7.66e-07	35
olaTTNIg30_194	olaTTNIg57_188	28.571	63	42	2	16	77	15	75	1.32e-06	34.3
olaTTNIg30_194	olaTTNIg24_194	26.087	92	67	1	2	93	1	91	1.72e-06	34.3
olaTTNIg30_194	olaTTNIg71_194	25	76	55	1	17	92	18	91	1.74e-06	34.3
olaTTNIg30_194	olaTTNIg55_190	26.923	78	53	3	1	76	1	76	2.34e-06	33.9
olaTTNIg30_194	olaTTNIg95_197	24.359	78	59	0	15	92	17	94	2.47e-06	33.9
olaTTNIg30_194	olaTTNIg12_189	25.974	77	55	2	1	77	2	76	2.84e-06	33.5
olaTTNIg30_194	olaTTNIg93_194	27.848	79	55	1	8	86	9	85	3.83e-06	33.5
olaTTNIg30_194	olaTTNIg21_195	24.51	102	58	3	1	93	1	92	4.18e-06	33.1
olaTTNIg30_194	olaTTNIg64_193	23.881	67	51	0	16	82	14	80	4.70e-06	33.1
olaTTNIg30_194	olaTTNIg66_196	24.468	94	68	2	1	92	1	93	4.86e-06	33.1
olaTTNIg30_194	olaTTNIg117_196	23.881	67	51	0	16	82	15	81	5.69e-06	33.1
olaTTNIg30_194	olaTTNIg91_193	24.691	81	60	1	2	82	1	80	6.86e-06	32.7
olaTTNIg30_194	olaTTNIg101_195	27.5	80	57	1	15	94	16	94	8.09e-06	32.3
olaTTNIg30_194	olaTTNIg73_197	28.378	74	52	1	9	82	12	84	9.24e-06	32.3
olaTTNIg30_194	olaTTNIg100_195	20.29	69	55	0	17	85	18	86	9.76e-06	32.3
olaTTNIg30_194	olaTTNIg50_192	26.316	76	54	2	1	76	1	74	1.09e-05	32
olaTTNIg30_194	olaTTNIg45_192	29.787	94	60	3	1	93	1	89	1.24e-05	32
olaTTNIg30_194	olaTTNIg110_194	27.711	83	57	3	2	82	1	82	2.82e-05	31.2
olaTTNIg30_194	olaTTNIg61_188	23.729	59	44	1	17	75	17	74	3.29e-05	30.8
olaTTNIg30_194	olaTTNIg97_197	26.389	72	52	1	12	82	13	84	3.88e-05	30.8
olaTTNIg30_194	olaTTNIg42_192	30.189	53	36	1	22	73	23	75	4.25e-05	30.4
olaTTNIg30_194	olaTTNIg102_195	26.667	75	53	1	13	87	15	87	4.28e-05	30.4
olaTTNIg30_194	olaTTNIg6_195	25.641	78	57	1	16	92	14	91	4.33e-05	30.4
olaTTNIg30_194	olaTTNIg103_196	20.29	69	55	0	17	85	18	86	4.67e-05	30.4
olaTTNIg30_194	olaTTNIg75_195	26.027	73	49	2	15	85	16	85	5.06e-05	30.4
olaTTNIg30_194	olaTTNIg87_194	22.785	79	59	1	8	86	9	85	5.42e-05	30.4
olaTTNIg30_194	olaTTNIg84_195	24.706	85	62	1	8	92	10	92	5.73e-05	30.4
olaTTNIg30_194	olaTTNIg104_198	23.171	82	63	0	5	86	8	89	1.13e-04	29.6
olaTTNIg30_194	olaTTNIg79_197	26.761	71	51	1	13	82	14	84	1.30e-04	29.3
olaTTNIg30_194	olaTTNIg62_195	22.5	80	57	2	3	81	7	82	1.77e-04	28.9
olaTTNIg30_194	olaTTNIg20_187	22.222	72	54	2	4	75	4	73	2.37e-04	28.5
olaTTNIg30_194	olaTTNIg85_194	19.737	76	61	0	17	92	16	91	2.48e-04	28.5
olaTTNIg30_194	olaTTNIg56_189	27.027	74	48	2	20	93	19	86	2.48e-04	28.5
olaTTNIg30_194	olaTTNIg54_189	27.273	77	52	3	1	76	2	75	3.14e-04	28.1
olaTTNIg30_194	olaTTNIg47_188	27.5	80	52	5	3	80	4	79	3.52e-04	28.1
olaTTNIg30_194	olaTTNIg88_193	18.919	74	60	0	19	92	17	90	3.62e-04	28.1
olaTTNIg30_194	olaTTNIg92_196	27.632	76	54	1	7	82	8	82	4.37e-04	27.7
olaTTNIg30_194	olaTTNIg26_192	21.519	79	59	2	15	92	13	89	4.68e-04	27.7
olaTTNIg30_194	olaTTNIg86_197	25.714	70	47	3	17	84	19	85	5.43e-04	27.7
olaTTNIg30_194	olaTTNIg83_195	19.277	83	67	0	1	83	1	83	6.65e-04	27.3
olaTTNIg30_194	olaTTNIg109_193	23.881	67	50	1	17	82	14	80	8.15e-04	26.9
olaTTNIg30_194	olaTTNIg59_189	22.826	92	63	5	4	94	4	88	0.001	26.6
olaTTNIg30_194	olaTTNIg90_195	23.529	68	50	1	15	82	17	82	0.001	26.6
olaTTNIg30_194	olaTTNIg94_193	20.513	78	62	0	15	92	13	90	0.002	26.6
olaTTNIg30_194	olaTTNIg49_187	24.444	90	61	3	4	93	4	86	0.002	26.2
olaTTNIg30_194	olaTTNIg51_488	25.333	75	52	2	4	77	1	72	0.002	25.8
olaTTNIg30_194	olaTTNIg18_389	27.586	58	38	1	36	93	34	87	0.003	25.4
olaTTNIg30_194	olaTTNIg81_193	20.253	79	60	1	8	86	9	84	0.005	25
olaTTNIg30_194	olaTTNIg17_290	28.205	39	28	0	36	74	36	74	0.006	24.6
olaTTNIg30_194	olaTTNIg15_187	19.481	77	57	2	16	92	15	86	0.01	23.9
olaTTNIg30_194	olaTTNIg13_189	28.814	59	41	1	23	80	20	78	0.013	23.9
olaTTNIg30_194	olaTTNIg43_297	23.611	72	53	2	4	75	5	74	0.014	23.9
olaTTNIg30_194	olaTTNIg53_190	21.739	69	52	2	4	72	6	72	0.015	23.5
olaTTNIg30_194	olaTTNIg96_194	22.892	83	60	2	2	82	1	81	0.016	23.5
olaTTNIg30_194	olaTTNIg60_187	20	75	58	2	1	75	1	73	0.034	22.7
olaTTNIg30_194	olaTTNIg67_1104	20.253	79	54	4	10	81	13	89	0.039	22.7
olaTTNIg30_194	olaTTNIg19_391	20.833	72	50	1	10	74	1	72	0.061	21.9
olaTTNIg30_194	olaTTNIg70_195	20.732	82	65	0	1	82	1	82	0.11	21.2
olaTTNIg30_194	olaTTNnewIg_1104	20.833	24	19	0	15	38	16	39	0.14	21.2
olaTTNIg30_194	olaTTNIg14_188	20.968	62	49	0	16	77	15	76	0.18	20.8
olaTTNIg30_194	olaTTNIg68_199	27.778	36	24	1	15	50	12	45	0.37	20
olaTTNIg30_194	olaTTNIg52_188	19.78	91	67	3	4	94	4	88	0.53	19.2
olaTTNIg30_194	olaTTNIg16_189	21.429	56	43	1	22	77	22	76	2.8	17.3
olaTTNIg30_194	olaTTNIg16_189	35	20	11	1	62	79	9	28	7.4	16.2
olaTTNIg30_194	olaTTNIg69_194	22.581	31	24	0	13	43	14	44	4.6	16.5
olaTTNIg31_193	olaTTNIg31_193	100	93	0	0	1	93	1	93	4.13e-69	192
olaTTNIg31_193	olaTTNIg37_193	34.409	93	61	0	1	93	1	93	1.51e-15	57.8
olaTTNIg31_193	olaTTNIg34_193	35.87	92	59	0	2	93	2	93	3.16e-15	56.6
olaTTNIg31_193	olaTTNIg40_194	36.264	91	58	0	2	92	1	91	6.68e-15	55.8
olaTTNIg31_193	olaTTNIg108_193	31.818	88	60	0	2	89	1	88	1.25e-13	52.8
olaTTNIg31_193	olaTTNIg35_193	33.333	93	62	0	1	93	1	93	3.51e-13	51.6
olaTTNIg31_193	olaTTNIg4_195	31.915	94	62	1	2	93	2	95	1.52e-12	50.1
olaTTNIg31_193	olaTTNIg30_194	31.915	94	61	2	1	91	1	94	3.31e-12	48.9
olaTTNIg31_193	olaTTNIg28_194	31.707	82	55	1	1	81	1	82	1.21e-10	45.1
olaTTNIg31_193	olaTTNIg27_192	32.099	81	55	0	2	82	1	81	2.16e-10	44.3
olaTTNIg31_193	olaTTNIg39_194	28.049	82	58	1	1	81	1	82	3.34e-10	43.9
olaTTNIg31_193	olaTTNIg55_190	38.158	76	44	2	1	74	1	75	6.00e-10	43.1
olaTTNIg31_193	olaTTNIg23_194	28.723	94	65	1	2	93	1	94	1.04e-09	42.7
olaTTNIg31_193	olaTTNIg38_193	24.731	93	70	0	1	93	1	93	2.48e-09	41.6
olaTTNIg31_193	olaTTNIg9_193	34.118	85	53	2	11	93	10	93	2.51e-09	41.6
olaTTNIg31_193	olaTTNIg33_195	29.63	81	57	0	1	81	1	81	4.17e-09	41.2
olaTTNIg31_193	olaTTNIg29_192	28.261	92	66	0	2	93	1	92	5.98e-09	40.4
olaTTNIg31_193	olaTTNIg56_189	29.73	74	51	1	4	77	4	76	1.45e-08	39.7
olaTTNIg31_193	olaTTNIg11_191	34.848	66	40	2	15	79	16	79	5.87e-08	38.1
olaTTNIg31_193	olaTTNIg36_194	30.137	73	51	0	21	93	22	94	8.70e-08	37.7
olaTTNIg31_193	olaTTNIg32_194	24.468	94	70	1	1	93	1	94	9.27e-08	37.7
olaTTNIg31_193	olaTTNIg19_391	32.099	81	50	2	6	84	6	83	3.56e-07	35.8
olaTTNIg31_193	olaTTNIg24_194	26.596	94	67	1	2	93	1	94	4.30e-07	35.8
olaTTNIg31_193	olaTTNIg111_1101	29.63	81	56	1	2	81	8	88	4.37e-07	35.8
olaTTNIg31_193	olaTTNIg8_195	27.368	95	66	2	2	93	1	95	6.20e-07	35.4
olaTTNIg31_193	olaTTNIg72_197	27.586	87	60	1	1	84	1	87	6.67e-07	35.4
olaTTNIg31_193	olaTTNIg22_193	26.667	90	65	1	1	90	1	89	7.65e-07	35
olaTTNIg31_193	olaTTNIg21_195	25.556	90	61	2	1	87	1	87	9.06e-07	35
olaTTNIg31_193	olaTTNIg73_197	28.261	92	63	1	1	89	1	92	1.41e-06	34.7
olaTTNIg31_193	olaTTNIg114_192	25.275	91	63	3	2	90	1	88	2.40e-06	33.9
olaTTNIg31_193	olaTTNIg94_193	32.075	53	36	0	33	85	32	84	3.21e-06	33.5
olaTTNIg31_193	olaTTNIg49_187	33.898	59	37	1	21	79	21	77	4.31e-06	33.1
olaTTNIg31_193	olaTTNIg44_197	32.955	88	53	4	6	89	11	96	5.63e-06	33.1
olaTTNIg31_193	olaTTNIg20_187	32.836	67	41	2	6	72	9	71	7.37e-06	32.3
olaTTNIg31_193	olaTTNIg77_197	30.986	71	49	0	16	86	19	89	7.70e-06	32.7
olaTTNIg31_193	olaTTNIg91_193	30.189	53	37	0	32	84	31	83	8.78e-06	32.3
olaTTNIg31_193	olaTTNIg61_188	31.707	41	28	0	32	72	32	72	1.68e-05	31.6
olaTTNIg31_193	olaTTNIg41_196	27.381	84	60	1	3	85	3	86	2.22e-05	31.2
olaTTNIg31_193	olaTTNIg54_189	31.081	74	50	1	1	74	2	74	2.42e-05	31.2
olaTTNIg31_193	olaTTNIg14_188	24.638	69	52	0	8	76	8	76	2.53e-05	31.2
olaTTNIg31_193	olaTTNIg116_195	25.373	67	50	0	15	81	15	81	3.03e-05	30.8
olaTTNIg31_193	olaTTNIg5_198	23.256	86	65	1	1	85	1	86	4.77e-05	30.4
olaTTNIg31_193	olaTTNIg58_193	27.027	74	53	1	8	81	8	80	6.11e-05	30
olaTTNIg31_193	olaTTNIg43_297	26.087	69	50	1	4	72	5	72	6.41e-05	30
olaTTNIg31_193	olaTTNIg103_196	27.692	65	47	0	20	84	22	86	6.83e-05	30
olaTTNIg31_193	olaTTNIg88_193	32.353	68	45	1	14	81	14	80	1.01e-04	29.6
olaTTNIg31_193	olaTTNIg3_195	18.824	85	69	0	2	86	2	86	2.15e-04	28.5
olaTTNIg31_193	olaTTNIg93_194	30.233	86	55	3	7	90	8	90	2.28e-04	28.5
olaTTNIg31_193	olaTTNIg1_196	23.864	88	65	1	2	87	2	89	2.31e-04	28.5
olaTTNIg31_193	olaTTNIg42_192	26.027	73	53	1	1	72	3	75	2.34e-04	28.5
olaTTNIg31_193	olaTTNIg62_195	29.545	44	31	0	43	86	45	88	2.58e-04	28.5
olaTTNIg31_193	olaTTNIg17_290	28.986	69	49	0	4	72	5	73	2.61e-04	28.5
olaTTNIg31_193	olaTTNIg52_188	28.571	77	54	1	3	79	3	78	2.83e-04	28.1
olaTTNIg31_193	olaTTNIg113_197	29.474	95	54	4	1	87	1	90	2.99e-04	28.5
olaTTNIg31_193	olaTTNIg95_197	25	64	48	0	21	84	24	87	3.90e-04	28.1
olaTTNIg31_193	olaTTNIg13_189	22.222	90	69	1	1	90	1	89	4.24e-04	27.7
olaTTNIg31_193	olaTTNIg82_196	25.758	66	48	1	25	90	28	92	6.51e-04	27.3
olaTTNIg31_193	olaTTNIg97_197	34.375	64	38	2	21	82	24	85	7.75e-04	27.3
olaTTNIg31_193	olaTTNIg57_188	28.358	67	47	1	12	78	12	77	8.43e-04	26.9
olaTTNIg31_193	olaTTNIg117_196	22.619	84	65	0	2	85	2	85	8.76e-04	26.9
olaTTNIg31_193	olaTTNIg64_193	24.528	53	40	0	32	84	31	83	8.93e-04	26.9
olaTTNIg31_193	olaTTNIg112_198	28	50	36	0	32	81	36	85	0.001	26.9
olaTTNIg31_193	olaTTNIg50_192	32.558	43	29	0	30	72	29	71	0.001	26.9
olaTTNIg31_193	olaTTNIg104_198	28.169	71	51	0	20	90	24	94	0.001	26.9
olaTTNIg31_193	olaTTNIg7_195	24.138	87	64	1	2	86	1	87	0.002	26.6
olaTTNIg31_193	olaTTNIg85_194	24.49	49	37	0	33	81	33	81	0.002	26.2
olaTTNIg31_193	olaTTNIg83_195	24.59	61	46	0	21	81	22	82	0.002	25.8
olaTTNIg31_193	olaTTNIg106_196	24.324	74	56	0	11	84	13	86	0.003	25.8
olaTTNIg31_193	olaTTNIg45_192	27.5	80	53	3	13	89	14	91	0.003	25.4
olaTTNIg31_193	olaTTNIg115_194	25	56	41	1	29	84	30	84	0.005	25
olaTTNIg31_193	olaTTNIg110_194	25.581	86	62	2	2	85	1	86	0.005	25
olaTTNIg31_193	olaTTNIg98_196	28.302	53	38	0	33	85	35	87	0.006	24.6
olaTTNIg31_193	olaTTNIg81_193	28.261	92	45	4	11	90	7	89	0.006	24.6
olaTTNIg31_193	olaTTNIg16_189	26.471	68	49	1	19	86	20	86	0.007	24.3
olaTTNIg31_193	olaTTNIg99_197	25	48	36	0	34	81	36	83	0.009	24.3
olaTTNIg31_193	olaTTNIg47_188	33.333	54	35	1	19	72	20	72	0.009	24.3
olaTTNIg31_193	olaTTNIg47_188	26.667	30	22	0	51	80	1	30	0.99	18.5
olaTTNIg31_193	olaTTNIg71_194	24.675	77	56	1	13	89	15	89	0.014	23.9
olaTTNIg31_193	olaTTNIg87_194	27.586	58	40	1	33	90	35	90	0.017	23.5
olaTTNIg31_193	olaTTNIg70_195	21.875	64	50	0	19	82	20	83	0.018	23.5
olaTTNIg31_193	olaTTNIg26_192	50	18	9	0	70	87	68	85	0.02	23.5
olaTTNIg31_193	olaTTNIg53_190	22.059	68	52	1	8	75	10	76	0.038	22.3
olaTTNIg31_193	olaTTNIg60_187	25	44	33	0	33	76	32	75	0.092	21.6
olaTTNIg31_193	olaTTNIg80_196	29.787	47	33	0	35	81	37	83	0.11	21.2
olaTTNIg31_193	olaTTNIg100_195	18.033	61	50	0	21	81	23	83	0.13	21.2
olaTTNIg31_193	olaTTNIg102_195	26.667	75	53	1	16	90	19	91	0.16	20.8
olaTTNIg31_193	olaTTNIg46_189	27.778	54	38	1	19	72	20	72	0.34	20
olaTTNIg31_193	olaTTNIg76_192	20.455	44	35	0	35	78	33	76	0.38	19.6
olaTTNIg31_193	olaTTNIg12_189	24.444	45	34	0	34	78	34	78	0.44	19.6
olaTTNIg31_193	olaTTNIg75_195	54.545	11	5	0	27	37	29	39	0.66	19.2
olaTTNIg31_193	olaTTNIg18_389	26.087	69	48	2	11	78	11	77	0.8	18.9
olaTTNIg31_193	olaTTNIg92_196	24.675	77	56	2	6	82	10	84	0.82	18.9
olaTTNIg31_193	olaTTNIg15_187	23.913	46	32	1	27	72	29	71	1.3	18.1
olaTTNIg31_193	olaTTNIg59_189	27.5	40	29	0	33	72	32	71	2.1	17.7
olaTTNIg32_194	olaTTNIg32_194	100	94	0	0	1	94	1	94	4.80e-69	192
olaTTNIg32_194	olaTTNIg38_193	32.979	94	62	1	1	94	1	93	1.19e-21	73.2
olaTTNIg32_194	olaTTNIg36_194	38.298	94	56	2	2	94	2	94	2.91e-21	72.4
olaTTNIg32_194	olaTTNIg39_194	34.737	95	60	2	1	94	1	94	4.62e-19	66.6
olaTTNIg32_194	olaTTNIg1_196	32.609	92	61	1	2	92	2	93	4.05e-18	64.3
olaTTNIg32_194	olaTTNIg30_194	31.579	95	63	2	1	94	1	94	7.33e-17	60.8
olaTTNIg32_194	olaTTNIg37_193	29.787	94	65	1	1	94	1	93	6.70e-16	58.5
olaTTNIg32_194	olaTTNIg40_194	35.484	93	57	2	2	93	1	91	1.88e-15	57.4
olaTTNIg32_194	olaTTNIg25_194	33.696	92	61	0	1	92	1	92	4.58e-15	56.6
olaTTNIg32_194	olaTTNIg35_193	35.789	95	58	2	1	94	1	93	2.13e-14	54.7
olaTTNIg32_194	olaTTNIg28_194	27.66	94	68	0	1	94	1	94	1.65e-13	52.4
olaTTNIg32_194	olaTTNIg29_192	27.957	93	66	1	2	94	1	92	2.53e-13	52
olaTTNIg32_194	olaTTNIg33_195	29.032	93	63	2	1	92	1	91	1.68e-11	47.4
olaTTNIg32_194	olaTTNIg27_192	29.032	93	65	1	2	94	1	92	3.78e-11	46.2
olaTTNIg32_194	olaTTNIg5_198	27.957	93	67	0	1	93	1	93	6.03e-11	45.8
olaTTNIg32_194	olaTTNIg2_194	27.957	93	66	1	1	93	1	92	9.02e-11	45.4
olaTTNIg32_194	olaTTNIg21_195	26.882	93	67	1	1	93	1	92	1.12e-10	45.1
olaTTNIg32_194	olaTTNIg34_193	24.731	93	69	1	2	94	2	93	2.32e-10	44.3
olaTTNIg32_194	olaTTNIg7_195	29.032	93	65	1	2	93	1	93	3.03e-10	43.9
olaTTNIg32_194	olaTTNIg22_193	27.66	94	66	2	1	94	1	92	8.59e-10	42.7
olaTTNIg32_194	olaTTNIg3_195	26.087	92	67	1	2	93	2	92	1.09e-09	42.7
olaTTNIg32_194	olaTTNIg74_196	30.851	94	61	3	2	92	1	93	6.56e-09	40.8
olaTTNIg32_194	olaTTNIg23_194	25	92	68	1	2	93	1	91	8.17e-09	40.4
olaTTNIg32_194	olaTTNIg89_196	30.588	85	55	2	2	86	7	87	1.11e-08	40
olaTTNIg32_194	olaTTNIg108_193	26.882	93	65	2	2	93	1	91	1.92e-08	39.3
olaTTNIg32_194	olaTTNIg31_193	24.468	94	70	1	1	94	1	93	9.37e-08	37.7
olaTTNIg32_194	olaTTNIg44_197	25.773	97	66	3	1	93	3	97	1.85e-07	37
olaTTNIg32_194	olaTTNIg113_197	23.404	94	70	1	1	92	1	94	4.09e-07	35.8
olaTTNIg32_194	olaTTNIg116_195	27.273	99	59	2	1	93	1	92	1.09e-06	34.7
olaTTNIg32_194	olaTTNIg24_194	23.913	92	69	1	2	93	1	91	1.34e-06	34.7
olaTTNIg32_194	olaTTNIg70_195	23.656	93	69	2	1	92	1	92	2.37e-06	33.9
olaTTNIg32_194	olaTTNIg117_196	27.473	91	63	2	2	92	2	89	3.63e-06	33.5
olaTTNIg32_194	olaTTNIg100_195	24.658	73	54	1	12	84	14	85	5.91e-06	32.7
olaTTNIg32_194	olaTTNIg20_187	27.027	74	52	2	4	77	4	75	8.84e-06	32.3
olaTTNIg32_194	olaTTNIg112_198	34.884	43	28	0	50	92	53	95	8.98e-06	32.3
olaTTNIg32_194	olaTTNIg71_194	21.519	79	59	1	14	92	16	91	6.34e-05	30
olaTTNIg32_194	olaTTNIg90_195	30.137	73	44	2	12	82	15	82	2.02e-04	28.9
olaTTNIg32_194	olaTTNIg73_197	25.287	87	62	2	9	94	12	96	2.25e-04	28.5
olaTTNIg32_194	olaTTNIg64_193	27.16	81	58	1	2	82	1	80	2.50e-04	28.5
olaTTNIg32_194	olaTTNIg26_192	40	25	15	0	68	92	65	89	3.23e-04	28.1
olaTTNIg32_194	olaTTNIg26_192	50	28	7	2	68	89	49	75	0.088	21.6
olaTTNIg32_194	olaTTNnewIg_1104	25.287	87	57	1	16	94	18	104	4.47e-04	28.1
olaTTNIg32_194	olaTTNIg41_196	30.435	69	43	3	27	92	26	92	4.56e-04	27.7
olaTTNIg32_194	olaTTNIg77_197	22.222	72	55	1	16	87	19	89	5.21e-04	27.7
olaTTNIg32_194	olaTTNIg101_195	26.667	90	58	2	8	94	10	94	6.39e-04	27.3
olaTTNIg32_194	olaTTNIg75_195	22.785	79	54	3	9	85	11	84	0.002	26.2
olaTTNIg32_194	olaTTNIg91_193	28.205	39	28	0	2	40	1	39	0.002	26.2
olaTTNIg32_194	olaTTNIg114_192	22.727	110	47	4	2	93	1	90	0.002	26.2
olaTTNIg32_194	olaTTNIg63_197	21.795	78	60	1	6	83	9	85	0.003	25.8
olaTTNIg32_194	olaTTNIg87_194	21.519	79	59	1	16	94	18	93	0.003	25.8
olaTTNIg32_194	olaTTNIg66_196	22.68	97	70	4	1	94	1	95	0.003	25.8
olaTTNIg32_194	olaTTNIg58_193	27.419	62	43	2	34	94	33	93	0.003	25.4
olaTTNIg32_194	olaTTNIg99_197	30.986	71	46	3	16	85	18	86	0.003	25.4
olaTTNIg32_194	olaTTNIg6_195	23.913	92	68	2	2	92	1	91	0.003	25.4
olaTTNIg32_194	olaTTNIg67_1104	26.667	75	45	2	10	84	13	77	0.004	25.4
olaTTNIg32_194	olaTTNIg9_193	22.093	86	65	2	9	94	8	91	0.004	25.4
olaTTNIg32_194	olaTTNIg84_195	33.333	42	25	1	1	39	1	42	0.005	25
olaTTNIg32_194	olaTTNIg95_197	26.667	75	54	1	9	83	12	85	0.006	24.6
olaTTNIg32_194	olaTTNIg52_188	25.275	91	62	3	4	94	4	88	0.006	24.6
olaTTNIg32_194	olaTTNIg11_191	24	50	37	1	31	80	31	79	0.009	24.3
olaTTNIg32_194	olaTTNIg110_194	20.732	82	64	1	2	82	1	82	0.034	22.7
olaTTNIg32_194	olaTTNIg83_195	21.429	70	54	1	16	85	17	85	0.043	22.3
olaTTNIg32_194	olaTTNIg80_196	28.767	73	40	3	10	82	23	83	0.067	21.9
olaTTNIg32_194	olaTTNIg4_195	22.917	96	41	4	2	83	8	84	0.097	21.6
olaTTNIg32_194	olaTTNIg107_194	23.611	72	52	2	16	87	18	86	0.12	21.2
olaTTNIg32_194	olaTTNIg94_193	17.442	86	70	1	2	87	1	85	0.13	21.2
olaTTNIg32_194	olaTTNIg105_194	28	25	18	0	70	94	69	93	0.14	21.2
olaTTNIg32_194	olaTTNIg78_196	30	30	21	0	16	45	18	47	0.14	21.2
olaTTNIg32_194	olaTTNIg93_194	21.25	80	58	2	16	94	18	93	0.2	20.4
olaTTNIg32_194	olaTTNIg15_187	27.907	43	27	1	50	92	48	86	0.22	20.4
olaTTNIg32_194	olaTTNIg45_192	17.073	41	34	0	35	75	34	74	0.24	20.4
olaTTNIg32_194	olaTTNIg69_194	22.973	74	54	1	9	82	11	81	0.29	20
olaTTNIg32_194	olaTTNIg97_197	25.926	54	30	2	40	92	50	94	0.32	20
olaTTNIg32_194	olaTTNIg43_297	22.667	75	54	3	4	77	5	76	0.46	19.6
olaTTNIg32_194	olaTTNIg81_193	18.056	72	55	1	16	87	18	85	0.46	19.6
olaTTNIg32_194	olaTTNIg96_194	27.5	40	26	1	2	38	1	40	0.54	19.2
olaTTNIg32_194	olaTTNIg98_196	28.333	60	33	4	16	73	18	69	0.86	18.9
olaTTNIg32_194	olaTTNIg51_488	26.087	46	30	1	49	94	44	85	0.88	18.5
olaTTNIg32_194	olaTTNIg55_190	32.609	46	26	3	1	43	1	44	0.93	18.5
olaTTNIg32_194	olaTTNIg88_193	23.333	90	52	3	2	85	5	83	1.2	18.5
olaTTNIg32_194	olaTTNIg85_194	19.54	87	59	3	2	83	2	82	1.2	18.5
olaTTNIg32_194	olaTTNIg60_187	38.462	13	8	0	32	44	31	43	2.2	17.7
olaTTNIg32_194	olaTTNIg16_189	44.444	18	4	1	34	45	34	51	4.4	16.5
olaTTNIg32_194	olaTTNIg62_195	18.421	76	60	2	13	87	14	88	5.5	16.5
olaTTNIg33_195	olaTTNIg33_195	100	95	0	0	1	95	1	95	1.04e-68	192
olaTTNIg33_195	olaTTNIg27_192	32.955	88	59	0	6	93	5	92	4.94e-17	61.6
olaTTNIg33_195	olaTTNIg40_194	35.802	81	52	0	11	91	10	90	4.81e-16	58.9
olaTTNIg33_195	olaTTNIg72_197	35.802	81	52	0	13	93	16	96	7.62e-16	58.5
olaTTNIg33_195	olaTTNIg36_194	29.67	91	64	0	1	91	2	92	8.36e-16	58.5
olaTTNIg33_195	olaTTNIg39_194	31.868	91	62	0	1	91	2	92	7.30e-15	55.8
olaTTNIg33_195	olaTTNIg116_195	26.374	91	67	0	1	91	1	91	9.08e-15	55.8
olaTTNIg33_195	olaTTNIg35_193	32.967	91	61	0	1	91	1	91	3.82e-14	53.9
olaTTNIg33_195	olaTTNIg89_196	28.235	85	61	0	10	94	12	96	4.23e-14	53.9
olaTTNIg33_195	olaTTNIg34_193	35.802	81	52	0	11	91	11	91	6.64e-14	53.5
olaTTNIg33_195	olaTTNIg30_194	28.261	92	65	1	1	91	1	92	1.92e-13	52.4
olaTTNIg33_195	olaTTNIg108_193	31.765	85	57	1	11	95	10	93	3.22e-13	51.6
olaTTNIg33_195	olaTTNIg24_194	28.409	88	63	0	4	91	3	90	1.68e-12	50.1
olaTTNIg33_195	olaTTNIg83_195	35.714	84	54	0	11	94	12	95	2.35e-12	49.7
olaTTNIg33_195	olaTTNIg37_193	26.374	91	67	0	1	91	1	91	2.85e-12	49.3
olaTTNIg33_195	olaTTNIg6_195	23.596	89	67	1	4	91	3	91	5.38e-12	48.5
olaTTNIg33_195	olaTTNIg38_193	24.176	91	69	0	1	91	1	91	1.36e-11	47.4
olaTTNIg33_195	olaTTNIg32_194	29.032	93	63	2	1	91	1	92	1.70e-11	47.4
olaTTNIg33_195	olaTTNIg2_194	29.032	93	62	2	1	91	1	91	1.84e-11	47.4
olaTTNIg33_195	olaTTNIg70_195	26.596	94	69	0	1	94	2	95	6.31e-11	45.8
olaTTNIg33_195	olaTTNIg28_194	31.25	96	61	2	1	93	1	94	1.20e-10	45.1
olaTTNIg33_195	olaTTNIg74_196	27.907	86	60	1	11	94	11	96	1.43e-10	45.1
olaTTNIg33_195	olaTTNIg98_196	30	80	56	0	15	94	17	96	1.44e-10	45.1
olaTTNIg33_195	olaTTNIg22_193	28.571	91	62	2	1	91	1	88	2.06e-10	44.7
olaTTNIg33_195	olaTTNIg113_197	31.707	82	53	1	16	94	16	97	2.09e-10	44.7
olaTTNIg33_195	olaTTNIg5_198	29.114	79	55	1	1	78	1	79	2.97e-10	44.3
olaTTNIg33_195	olaTTNIg3_195	31.429	70	48	0	12	81	12	81	6.67e-10	43.1
olaTTNIg33_195	olaTTNIg95_197	29.412	85	60	0	10	94	13	97	7.81e-10	43.1
olaTTNIg33_195	olaTTNIg110_194	33.696	92	57	2	3	91	2	92	1.38e-09	42.4
olaTTNIg33_195	olaTTNIg41_196	30.337	89	61	1	4	91	4	92	1.82e-09	42
olaTTNIg33_195	olaTTNIg1_196	26.582	79	54	2	16	91	16	93	2.02e-09	42
olaTTNIg33_195	olaTTNIg31_193	29.63	81	57	0	1	81	1	81	4.26e-09	41.2
olaTTNIg33_195	olaTTNIg29_192	27.273	88	64	0	4	91	3	90	4.27e-09	41.2
olaTTNIg33_195	olaTTNIg11_191	37.255	51	32	0	26	76	26	76	4.32e-09	41.2
olaTTNIg33_195	olaTTNIg104_198	27.381	84	61	0	10	93	14	97	5.79e-09	40.8
olaTTNIg33_195	olaTTNIg85_194	23.529	85	65	0	10	94	10	94	7.64e-09	40.4
olaTTNIg33_195	olaTTNIg58_193	29.167	72	50	1	23	93	22	93	1.08e-08	40
olaTTNIg33_195	olaTTNIg4_195	25	88	64	1	4	89	4	91	1.37e-08	39.7
olaTTNIg33_195	olaTTNIg115_194	31.579	76	52	0	7	82	7	82	1.46e-08	39.7
olaTTNIg33_195	olaTTNIg23_194	25.556	90	63	2	4	91	3	90	1.81e-08	39.7
olaTTNIg33_195	olaTTNIg42_192	25.287	87	64	1	1	86	3	89	2.38e-08	39.3
olaTTNIg33_195	olaTTNIg76_192	27.027	74	51	1	12	82	10	83	2.43e-08	39.3
olaTTNIg33_195	olaTTNIg44_197	30.682	88	56	2	4	91	14	96	2.57e-08	39.3
olaTTNIg33_195	olaTTNIg107_194	32.927	82	53	1	13	94	15	94	3.15e-08	38.9
olaTTNIg33_195	olaTTNIg92_196	32.143	84	57	0	11	94	13	96	8.65e-08	37.7
olaTTNIg33_195	olaTTNIg8_195	25.556	90	65	1	6	93	5	94	9.66e-08	37.7
olaTTNIg33_195	olaTTNIg77_197	26.506	83	61	0	11	93	14	96	1.17e-07	37.4
olaTTNIg33_195	olaTTNIg100_195	24.324	74	56	0	9	82	11	84	1.37e-07	37.4
olaTTNIg33_195	olaTTNIg117_196	27.273	88	62	1	4	91	4	89	1.38e-07	37.4
olaTTNIg33_195	olaTTNIg64_193	26.744	86	63	0	7	92	6	91	1.49e-07	37
olaTTNIg33_195	olaTTNIg7_195	29.67	91	58	3	6	91	5	94	1.80e-07	37
olaTTNIg33_195	olaTTNIg106_196	36.486	74	41	3	11	81	13	83	2.24e-07	36.6
olaTTNIg33_195	olaTTNIg63_197	24.419	86	65	0	9	94	12	97	2.38e-07	36.6
olaTTNIg33_195	olaTTNIg81_193	28.09	89	61	1	5	93	7	92	2.50e-07	36.6
olaTTNIg33_195	olaTTNIg71_194	31.646	79	52	2	16	94	18	94	3.14e-07	36.2
olaTTNIg33_195	olaTTNIg73_197	24.419	86	61	2	10	93	13	96	3.26e-07	36.2
olaTTNIg33_195	olaTTNIg66_196	29.114	79	55	1	15	93	18	95	3.53e-07	36.2
olaTTNIg33_195	olaTTNIg75_195	27.711	83	59	1	11	93	13	94	4.57e-07	35.8
olaTTNIg33_195	olaTTNIg52_188	32.203	59	36	1	33	91	32	86	6.75e-07	35.4
olaTTNIg33_195	olaTTNIg19_391	29.825	57	36	1	35	91	34	86	7.88e-07	35
olaTTNIg33_195	olaTTNIg91_193	23.529	85	65	0	10	94	9	93	1.13e-06	34.7
olaTTNIg33_195	olaTTNIg103_196	23.958	96	71	1	1	94	1	96	1.45e-06	34.7
olaTTNIg33_195	olaTTNIg9_193	25	72	53	1	10	81	9	79	1.47e-06	34.3
olaTTNIg33_195	olaTTNIg10_194	23.75	80	60	1	4	82	4	83	1.63e-06	34.3
olaTTNIg33_195	olaTTNIg84_195	29.213	89	61	1	5	93	8	94	1.63e-06	34.3
olaTTNIg33_195	olaTTNIg25_194	23.404	94	69	2	1	92	1	93	1.66e-06	34.3
olaTTNIg33_195	olaTTNIg111_1101	24.176	91	66	2	5	93	11	100	1.96e-06	34.3
olaTTNIg33_195	olaTTNIg88_193	24.419	86	65	0	9	94	8	93	2.02e-06	34.3
olaTTNIg33_195	olaTTNIg93_194	28.916	83	57	1	11	93	13	93	2.07e-06	34.3
olaTTNIg33_195	olaTTNIg99_197	31.707	82	55	1	13	93	15	96	2.24e-06	33.9
olaTTNIg33_195	olaTTNIg114_192	27.586	87	54	3	9	91	8	89	2.42e-06	33.9
olaTTNIg33_195	olaTTNIg112_198	25.424	59	44	0	33	91	37	95	3.79e-06	33.5
olaTTNIg33_195	olaTTNIg86_197	23.596	89	68	0	6	94	9	97	5.92e-06	33.1
olaTTNIg33_195	olaTTNIg82_196	27.143	70	51	0	15	84	17	86	6.15e-06	32.7
olaTTNIg33_195	olaTTNIg101_195	30.682	88	60	1	6	93	8	94	6.32e-06	32.7
olaTTNIg33_195	olaTTNIg55_190	33.871	62	40	1	11	72	13	73	6.38e-06	32.7
olaTTNIg33_195	olaTTNIg102_195	30.38	79	53	1	15	93	18	94	6.66e-06	32.7
olaTTNIg33_195	olaTTNIg59_189	30.769	65	37	3	29	91	28	86	7.91e-06	32.3
olaTTNIg33_195	olaTTNIg90_195	29.07	86	53	3	11	93	14	94	8.12e-06	32.3
olaTTNIg33_195	olaTTNIg15_187	21.978	91	66	2	1	91	1	86	9.11e-06	32.3
olaTTNIg33_195	olaTTNIg96_194	27.778	90	61	2	5	93	7	93	9.66e-06	32.3
olaTTNIg33_195	olaTTNIg105_194	30.952	84	56	1	10	93	12	93	1.06e-05	32.3
olaTTNIg33_195	olaTTNIg61_188	21.519	79	61	1	1	79	2	79	2.13e-05	31.2
olaTTNIg33_195	olaTTNIg80_196	27.381	84	60	1	11	93	12	95	2.17e-05	31.6
olaTTNIg33_195	olaTTNIg68_199	27.835	97	53	3	6	94	12	99	2.24e-05	31.6
olaTTNIg33_195	olaTTNIg67_1104	25.263	95	64	2	7	94	10	104	2.53e-05	31.2
olaTTNIg33_195	olaTTNIg94_193	23.529	85	65	0	10	94	9	93	5.77e-05	30.4
olaTTNIg33_195	olaTTNIg43_297	21.348	89	68	2	7	94	8	95	6.06e-05	30
olaTTNIg33_195	olaTTNIg20_187	27.692	65	46	1	11	75	11	74	1.22e-04	29.3
olaTTNIg33_195	olaTTNIg60_187	25	48	36	0	32	79	31	78	1.23e-04	29.3
olaTTNIg33_195	olaTTNIg57_188	23.913	92	65	2	2	93	2	88	1.69e-04	28.9
olaTTNIg33_195	olaTTNIg14_188	25.581	86	62	1	4	89	4	87	2.50e-04	28.5
olaTTNIg33_195	olaTTNIg50_192	22.785	79	60	1	1	79	1	78	3.70e-04	28.1
olaTTNIg33_195	olaTTNIg87_194	27.711	83	58	1	11	93	13	93	4.42e-04	27.7
olaTTNIg33_195	olaTTNIg26_192	28.571	63	44	1	33	94	30	92	4.45e-04	27.7
olaTTNIg33_195	olaTTNIg17_290	24.615	65	49	0	10	74	11	75	5.61e-04	27.3
olaTTNIg33_195	olaTTNIg46_189	30.435	46	32	0	34	79	34	79	5.90e-04	27.3
olaTTNIg33_195	olaTTNIg21_195	24.468	94	65	3	1	92	1	90	6.08e-04	27.3
olaTTNIg33_195	olaTTNIg18_389	23.864	88	62	2	4	91	4	86	7.15e-04	27.3
olaTTNIg33_195	olaTTNIg62_195	28.169	71	50	1	11	80	12	82	7.61e-04	27.3
olaTTNIg33_195	olaTTNIg16_189	25.333	75	55	1	3	77	4	77	8.26e-04	26.9
olaTTNIg33_195	olaTTNIg78_196	21.687	83	65	0	11	93	13	95	8.60e-04	26.9
olaTTNIg33_195	olaTTNIg54_189	29.167	48	33	1	1	48	2	48	0.001	26.9
olaTTNIg33_195	olaTTNIg79_197	22.105	95	71	2	1	92	1	95	0.002	26.2
olaTTNIg33_195	olaTTNIg49_187	28.205	78	48	2	18	91	12	85	0.002	25.8
olaTTNIg33_195	olaTTNIg13_189	22.892	83	53	2	1	78	1	77	0.002	25.8
olaTTNIg33_195	olaTTNIg56_189	26.667	45	33	0	33	77	32	76	0.006	24.6
olaTTNIg33_195	olaTTNIg56_189	50	18	6	1	47	61	70	87	9.6	15.8
olaTTNIg33_195	olaTTNIg97_197	23.684	76	58	0	10	85	13	88	0.007	24.6
olaTTNIg33_195	olaTTNIg69_194	28.169	71	49	1	11	81	13	81	0.007	24.6
olaTTNIg33_195	olaTTNIg47_188	27.027	74	51	2	4	76	5	76	0.01	24.3
olaTTNIg33_195	olaTTNIg12_189	23.077	91	65	2	1	91	2	87	0.025	23.1
olaTTNIg33_195	olaTTNnewIg_1104	42.308	26	14	1	15	39	17	42	0.035	22.7
olaTTNIg33_195	olaTTNIg109_193	18.75	80	64	1	16	94	14	93	0.047	22.3
olaTTNIg33_195	olaTTNIg45_192	31.429	70	36	5	30	93	29	92	1.3	18.1
olaTTNIg33_195	olaTTNIg51_488	25.61	82	56	3	13	93	8	85	3	17.3
olaTTNIg34_193	olaTTNIg34_193	100	93	0	0	1	93	1	93	4.46e-69	192
olaTTNIg34_193	olaTTNIg40_194	39.56	91	55	0	2	92	1	91	1.08e-24	80.9
olaTTNIg34_193	olaTTNIg39_194	37.634	93	57	1	2	93	2	94	1.64e-19	67.8
olaTTNIg34_193	olaTTNIg38_193	29.348	92	65	0	2	93	2	93	9.78e-17	60.5
olaTTNIg34_193	olaTTNIg30_194	35.484	93	59	1	2	93	2	94	2.19e-15	57.4
olaTTNIg34_193	olaTTNIg31_193	35.87	92	59	0	2	93	2	93	3.16e-15	56.6
olaTTNIg34_193	olaTTNIg5_198	32.967	91	60	1	2	91	2	92	9.40e-15	55.8
olaTTNIg34_193	olaTTNIg3_195	31.522	92	63	0	1	92	1	92	1.23e-14	55.5
olaTTNIg34_193	olaTTNIg108_193	33.696	92	60	1	2	93	1	91	2.17e-14	54.7
olaTTNIg34_193	olaTTNIg36_194	33.333	75	50	0	19	93	20	94	4.85e-14	53.9
olaTTNIg34_193	olaTTNIg33_195	35.802	81	52	0	11	91	11	91	6.50e-14	53.5
olaTTNIg34_193	olaTTNIg1_196	32.258	93	61	1	1	91	1	93	8.16e-14	53.1
olaTTNIg34_193	olaTTNIg29_192	32.609	92	62	0	2	93	1	92	2.35e-13	52
olaTTNIg34_193	olaTTNIg22_193	32.955	88	58	1	2	89	2	88	6.15e-13	50.8
olaTTNIg34_193	olaTTNIg72_197	30.667	75	52	0	17	91	20	94	1.14e-12	50.4
olaTTNIg34_193	olaTTNIg37_193	30.435	92	64	0	2	93	2	93	3.50e-12	48.9
olaTTNIg34_193	olaTTNIg35_193	33.766	77	51	0	17	93	17	93	9.63e-12	47.8
olaTTNIg34_193	olaTTNIg89_196	33.333	90	57	1	2	91	7	93	2.04e-11	47
olaTTNIg34_193	olaTTNIg28_194	29.032	93	65	1	2	93	2	94	4.03e-11	46.2
olaTTNIg34_193	olaTTNIg24_194	26.374	91	67	0	2	92	1	91	6.13e-11	45.8
olaTTNIg34_193	olaTTNIg32_194	24.731	93	69	1	2	93	2	94	2.30e-10	44.3
olaTTNIg34_193	olaTTNIg83_195	32.812	64	43	0	18	81	19	82	3.72e-10	43.9
olaTTNIg34_193	olaTTNIg27_192	27.174	92	67	0	2	93	1	92	3.77e-10	43.9
olaTTNIg34_193	olaTTNIg55_190	35.556	90	53	2	4	93	6	90	4.44e-10	43.5
olaTTNIg34_193	olaTTNIg110_194	28.916	83	57	2	2	82	1	83	2.61e-09	41.6
olaTTNIg34_193	olaTTNIg44_197	35.106	94	55	3	4	93	6	97	6.22e-09	40.8
olaTTNIg34_193	olaTTNIg8_195	27.66	94	66	1	2	93	1	94	7.50e-09	40.4
olaTTNIg34_193	olaTTNIg54_189	35.802	81	40	4	2	76	2	76	3.37e-08	38.5
olaTTNIg34_193	olaTTNIg23_194	25.275	91	68	0	2	92	1	91	3.88e-08	38.5
olaTTNIg34_193	olaTTNIg112_198	22.5	80	61	1	13	91	16	95	6.42e-08	38.1
olaTTNIg34_193	olaTTNIg56_189	31.707	82	55	1	1	82	1	81	1.17e-07	37.4
olaTTNIg34_193	olaTTNIg88_193	24.051	79	60	0	13	91	12	90	1.58e-07	37
olaTTNIg34_193	olaTTNIg42_192	27.586	58	41	1	16	72	18	75	2.33e-07	36.6
olaTTNIg34_193	olaTTNIg73_197	27.941	68	49	0	19	86	22	89	2.58e-07	36.6
olaTTNIg34_193	olaTTNIg49_187	28.09	89	58	2	3	91	3	85	3.06e-07	36.2
olaTTNIg34_193	olaTTNIg104_198	30.667	75	52	0	17	91	21	95	3.21e-07	36.2
olaTTNIg34_193	olaTTNIg50_192	24.719	89	62	2	4	92	4	87	3.67e-07	35.8
olaTTNIg34_193	olaTTNIg85_194	28.169	71	49	1	19	89	19	87	7.69e-07	35
olaTTNIg34_193	olaTTNIg115_194	24.051	79	58	1	1	77	1	79	1.14e-06	34.7
olaTTNIg34_193	olaTTNIg11_191	28.947	76	50	3	1	74	1	74	1.31e-06	34.7
olaTTNIg34_193	olaTTNIg20_187	28.09	89	59	2	4	92	4	87	1.53e-06	34.3
olaTTNIg34_193	olaTTNIg20_187	31.707	41	26	2	32	71	1	40	4.1	16.9
olaTTNIg34_193	olaTTNIg43_297	28.986	69	48	1	4	72	5	72	1.73e-06	34.3
olaTTNIg34_193	olaTTNIg7_195	25.581	86	62	1	2	85	1	86	1.89e-06	34.3
olaTTNIg34_193	olaTTNIg70_195	23.171	82	63	0	10	91	11	92	2.65e-06	33.9
olaTTNIg34_193	olaTTNIg80_196	28.571	70	48	2	16	84	18	86	3.15e-06	33.5
olaTTNIg34_193	olaTTNIg58_193	25.333	75	55	1	7	81	7	80	5.31e-06	33.1
olaTTNIg34_193	olaTTNIg116_195	22.619	84	64	1	1	84	2	84	6.60e-06	32.7
olaTTNIg34_193	olaTTNIg9_193	26.027	73	53	1	21	93	20	91	9.15e-06	32.3
olaTTNIg34_193	olaTTNIg53_190	21.111	90	66	2	4	93	6	90	1.14e-05	32
olaTTNIg34_193	olaTTNIg4_195	30.526	95	64	1	1	93	1	95	1.19e-05	32
olaTTNIg34_193	olaTTNIg86_197	24.638	69	52	0	13	81	16	84	1.31e-05	32
olaTTNIg34_193	olaTTNIg99_197	32.143	56	37	1	30	85	33	87	1.41e-05	32
olaTTNIg34_193	olaTTNIg82_196	27.027	74	54	0	9	82	11	84	1.66e-05	31.6
olaTTNIg34_193	olaTTNIg71_194	26.582	79	56	1	13	91	15	91	2.12e-05	31.2
olaTTNIg34_193	olaTTNIg41_196	25.333	75	55	1	18	91	18	92	2.49e-05	31.2
olaTTNIg34_193	olaTTNIg95_197	25	64	48	0	18	81	21	84	3.05e-05	30.8
olaTTNIg34_193	olaTTNIg19_391	25.287	87	60	2	5	91	5	86	3.16e-05	30.8
olaTTNIg34_193	olaTTNIg105_194	29.333	75	49	2	18	92	20	90	3.35e-05	30.8
olaTTNIg34_193	olaTTNIg103_196	21.918	73	57	0	11	83	13	85	3.98e-05	30.8
olaTTNIg34_193	olaTTNIg91_193	26.761	71	52	0	21	91	20	90	6.04e-05	30
olaTTNIg34_193	olaTTNIg98_196	22.667	75	58	0	8	82	10	84	6.55e-05	30
olaTTNIg34_193	olaTTNIg98_196	30.769	26	18	0	68	93	40	65	1.6	18.1
olaTTNIg34_193	olaTTNIg74_196	22.388	67	50	1	18	82	18	84	9.71e-05	29.6
olaTTNIg34_193	olaTTNIg60_187	29.787	47	33	0	28	74	27	73	2.04e-04	28.5
olaTTNIg34_193	olaTTNIg114_192	28.125	96	58	3	2	92	1	90	2.13e-04	28.5
olaTTNIg34_193	olaTTNIg6_195	24.176	91	68	1	2	91	1	91	2.15e-04	28.5
olaTTNIg34_193	olaTTNIg17_290	34.146	41	27	0	32	72	33	73	2.40e-04	28.5
olaTTNIg34_193	olaTTNIg26_192	24.176	91	66	2	2	91	1	89	2.62e-04	28.5
olaTTNIg34_193	olaTTNIg117_196	23.457	81	62	0	1	81	1	81	2.75e-04	28.5
olaTTNIg34_193	olaTTNIg113_197	26.882	93	65	1	2	91	2	94	3.71e-04	28.1
olaTTNIg34_193	olaTTNIg12_189	30.108	93	52	4	7	92	2	88	3.78e-04	28.1
olaTTNIg34_193	olaTTNIg47_188	28.986	69	48	1	4	72	5	72	3.85e-04	27.7
olaTTNIg34_193	olaTTNIg2_194	24.176	91	69	0	2	92	2	92	5.41e-04	27.7
olaTTNIg34_193	olaTTNIg101_195	25	76	56	1	18	93	20	94	6.64e-04	27.3
olaTTNIg34_193	olaTTNIg59_189	23.913	92	61	4	4	93	4	88	0.001	26.9
olaTTNIg34_193	olaTTNIg52_188	25.275	91	61	3	4	93	4	88	0.001	26.6
olaTTNIg34_193	olaTTNIg21_195	24.096	83	45	2	19	92	19	92	0.001	26.6
olaTTNIg34_193	olaTTNIg79_197	28.169	71	50	1	17	86	19	89	0.001	26.6
olaTTNIg34_193	olaTTNIg100_195	19.118	68	55	0	11	78	13	80	0.002	26.6
olaTTNIg34_193	olaTTNIg14_188	25.758	66	49	0	7	72	7	72	0.002	26.2
olaTTNIg34_193	olaTTNIg78_196	17.949	78	62	1	6	83	10	85	0.003	25.8
olaTTNIg34_193	olaTTNIg16_189	27.941	68	46	2	6	72	7	72	0.003	25.8
olaTTNIg34_193	olaTTNIg76_192	17.808	73	60	0	21	93	19	91	0.003	25.4
olaTTNIg34_193	olaTTNIg66_196	27.778	72	49	2	21	90	24	94	0.004	25
olaTTNIg34_193	olaTTNIg94_193	24.658	73	55	0	19	91	18	90	0.005	25
olaTTNIg34_193	olaTTNIg64_193	25.862	58	41	1	35	92	34	89	0.005	25
olaTTNIg34_193	olaTTNIg96_194	24.615	65	47	1	17	81	19	81	0.006	24.6
olaTTNIg34_193	olaTTNIg75_195	24.561	57	42	1	25	81	27	82	0.007	24.6
olaTTNIg34_193	olaTTNIg25_194	19.792	96	66	2	2	91	2	92	0.008	24.3
olaTTNIg34_193	olaTTNIg57_188	26.23	61	41	1	33	93	32	88	0.008	24.3
olaTTNIg34_193	olaTTNIg106_196	17.333	75	62	0	7	81	9	83	0.014	23.9
olaTTNIg34_193	olaTTNIg93_194	32.727	55	34	2	29	83	32	83	0.015	23.5
olaTTNIg34_193	olaTTNIg61_188	21.739	69	53	1	4	72	5	72	0.022	23.1
olaTTNIg34_193	olaTTNIg51_488	34.146	41	24	2	4	43	1	39	0.03	22.7
olaTTNIg34_193	olaTTNIg97_197	20.513	78	62	0	7	84	10	87	0.06	21.9
olaTTNIg34_193	olaTTNIg13_189	28.205	39	28	0	34	72	33	71	0.071	21.6
olaTTNIg34_193	olaTTNIg18_389	26.761	71	48	4	3	72	4	71	0.083	21.6
olaTTNIg34_193	olaTTNIg92_196	23.288	73	56	0	11	83	13	85	0.16	20.8
olaTTNIg34_193	olaTTNnewIg_1104	53.333	15	7	0	67	81	78	92	0.22	20.4
olaTTNIg34_193	olaTTNIg107_194	31.579	38	26	0	54	91	54	91	0.26	20.4
olaTTNIg34_193	olaTTNIg69_194	27.119	59	41	1	25	83	27	83	0.43	19.6
olaTTNIg34_193	olaTTNIg62_195	20	65	51	1	15	78	16	80	0.9	18.9
olaTTNIg34_193	olaTTNIg48_188	40	15	9	0	29	43	28	42	0.98	18.5
olaTTNIg34_193	olaTTNIg45_192	29.412	17	12	0	58	74	58	74	2.3	17.7
olaTTNIg34_193	olaTTNIg84_195	60	10	4	0	68	77	41	50	5.4	16.5
olaTTNIg35_193	olaTTNIg35_193	100	93	0	0	1	93	1	93	8.65e-68	189
olaTTNIg35_193	olaTTNIg38_193	34.409	93	61	0	1	93	1	93	2.96e-17	62
olaTTNIg35_193	olaTTNIg30_194	36.17	94	59	1	1	93	1	94	8.52e-17	60.8
olaTTNIg35_193	olaTTNIg39_194	38.298	94	57	1	1	93	1	94	5.39e-16	58.9
olaTTNIg35_193	olaTTNIg32_194	35.789	95	58	2	1	93	1	94	2.28e-15	57
olaTTNIg35_193	olaTTNIg40_194	30.769	91	63	0	2	92	1	91	4.47e-15	56.6
olaTTNIg35_193	olaTTNIg33_195	32.967	91	61	0	1	91	1	91	1.09e-14	55.5
olaTTNIg35_193	olaTTNIg28_194	34.043	94	61	1	1	93	1	94	1.31e-14	55.1
olaTTNIg35_193	olaTTNIg31_193	33.333	93	62	0	1	93	1	93	3.04e-14	54.3
olaTTNIg35_193	olaTTNIg21_195	31.522	92	63	0	1	92	1	92	4.50e-14	53.9
olaTTNIg35_193	olaTTNIg34_193	33.766	77	51	0	17	93	17	93	2.09e-13	52
olaTTNIg35_193	olaTTNIg36_194	29.032	93	65	1	2	93	2	94	2.30e-13	52
olaTTNIg35_193	olaTTNIg2_194	31.522	92	63	0	1	92	1	92	2.59e-13	52
olaTTNIg35_193	olaTTNIg37_193	29.167	96	62	3	1	93	1	93	4.69e-13	51.2
olaTTNIg35_193	olaTTNIg108_193	29.87	77	54	0	16	92	15	91	3.17e-12	48.9
olaTTNIg35_193	olaTTNIg25_194	32.609	92	61	1	1	91	1	92	1.13e-11	47.8
olaTTNIg35_193	olaTTNIg117_196	27.778	90	63	1	2	91	2	89	2.18e-11	47
olaTTNIg35_193	olaTTNIg3_195	25.926	81	60	0	12	92	12	92	2.92e-11	46.6
olaTTNIg35_193	olaTTNIg27_192	38.095	63	39	0	31	93	30	92	2.59e-10	44.3
olaTTNIg35_193	olaTTNIg70_195	28.049	82	58	1	1	81	1	82	6.26e-09	40.8
olaTTNIg35_193	olaTTNIg1_196	27.723	101	53	2	2	91	2	93	9.25e-09	40
olaTTNIg35_193	olaTTNIg41_196	34.286	70	44	2	24	91	23	92	1.15e-08	40
olaTTNIg35_193	olaTTNIg29_192	25.641	78	58	0	16	93	15	92	2.90e-08	38.9
olaTTNIg35_193	olaTTNIg115_194	28.889	90	64	0	2	91	2	91	3.76e-08	38.5
olaTTNIg35_193	olaTTNIg44_197	31.169	77	52	1	16	92	22	97	4.13e-08	38.5
olaTTNIg35_193	olaTTNIg5_198	24.731	93	69	1	1	92	1	93	4.93e-08	38.5
olaTTNIg35_193	olaTTNIg4_195	30.851	94	63	1	2	93	2	95	9.43e-08	37.7
olaTTNIg35_193	olaTTNIg46_189	37.778	45	28	0	34	78	34	78	1.10e-07	37.4
olaTTNIg35_193	olaTTNIg46_189	28.571	28	20	0	52	79	2	29	2.2	17.7
olaTTNIg35_193	olaTTNIg72_197	28.788	66	47	0	16	81	19	84	1.17e-07	37.4
olaTTNIg35_193	olaTTNIg49_187	25	76	55	1	4	79	4	77	1.23e-07	37
olaTTNIg35_193	olaTTNIg22_193	25.843	89	65	1	1	89	1	88	2.06e-07	36.6
olaTTNIg35_193	olaTTNIg95_197	26.744	86	60	1	1	83	1	86	2.96e-07	36.2
olaTTNIg35_193	olaTTNIg11_191	29.213	89	62	1	4	92	4	91	3.64e-07	35.8
olaTTNIg35_193	olaTTNIg90_195	31.646	79	45	2	3	81	13	82	5.24e-07	35.4
olaTTNIg35_193	olaTTNIg54_189	28.378	74	52	1	1	74	2	74	5.70e-07	35.4
olaTTNIg35_193	olaTTNIg58_193	27.711	83	58	2	12	93	12	93	5.88e-07	35.4
olaTTNIg35_193	olaTTNIg102_195	29.487	78	53	1	16	93	19	94	1.15e-06	34.7
olaTTNIg35_193	olaTTNIg56_189	33.333	48	32	0	33	80	32	79	1.34e-06	34.3
olaTTNIg35_193	olaTTNIg74_196	28.395	81	56	1	13	91	13	93	1.34e-06	34.7
olaTTNIg35_193	olaTTNIg8_195	28.358	67	48	0	27	93	28	94	1.37e-06	34.7
olaTTNIg35_193	olaTTNIg60_187	27.869	61	40	1	32	92	31	87	1.79e-06	33.9
olaTTNIg35_193	olaTTNIg76_192	19.318	88	71	0	6	93	4	91	2.33e-06	33.9
olaTTNIg35_193	olaTTNIg110_194	25.806	93	67	1	2	92	1	93	2.72e-06	33.9
olaTTNIg35_193	olaTTNIg98_196	22.727	88	65	1	2	86	1	88	4.14e-06	33.1
olaTTNIg35_193	olaTTNIg57_188	25.556	90	62	2	4	93	4	88	5.12e-06	32.7
olaTTNIg35_193	olaTTNIg24_194	23.333	60	46	0	33	92	32	91	6.24e-06	32.7
olaTTNIg35_193	olaTTNIg112_198	28.814	59	42	0	33	91	37	95	7.18e-06	32.7
olaTTNIg35_193	olaTTNIg79_197	26.923	78	56	1	15	91	17	94	9.69e-06	32.3
olaTTNIg35_193	olaTTNIg71_194	29.487	78	53	2	14	91	16	91	1.09e-05	32
olaTTNIg35_193	olaTTNIg96_194	31.25	96	55	3	2	91	1	91	1.57e-05	31.6
olaTTNIg35_193	olaTTNIg23_194	29.412	68	48	0	25	92	24	91	1.60e-05	31.6
olaTTNIg35_193	olaTTNIg89_196	22.5	80	59	1	2	81	7	83	1.90e-05	31.6
olaTTNIg35_193	olaTTNIg116_195	25	92	69	0	1	92	1	92	2.34e-05	31.2
olaTTNIg35_193	olaTTNIg91_193	21.505	93	71	1	2	92	1	93	2.55e-05	31.2
olaTTNIg35_193	olaTTNIg77_197	25.758	66	49	0	16	81	19	84	4.43e-05	30.4
olaTTNIg35_193	olaTTNIg93_194	32.787	61	37	2	32	92	34	90	4.68e-05	30.4
olaTTNIg35_193	olaTTNIg99_197	25.714	70	52	0	13	82	15	84	4.91e-05	30.4
olaTTNIg35_193	olaTTNIg106_196	22.368	76	59	0	6	81	8	83	5.61e-05	30.4
olaTTNIg35_193	olaTTNIg6_195	30.508	59	38	2	35	91	34	91	5.95e-05	30
olaTTNIg35_193	olaTTNIg86_197	24.706	85	61	1	1	82	1	85	7.13e-05	30
olaTTNIg35_193	olaTTNIg52_188	29.787	47	33	0	33	79	32	78	7.64e-05	29.6
olaTTNIg35_193	olaTTNIg84_195	32.727	55	35	1	27	81	30	82	8.12e-05	29.6
olaTTNIg35_193	olaTTNIg114_192	27.5	80	55	2	15	93	14	91	9.32e-05	29.6
olaTTNIg35_193	olaTTNIg61_188	25.424	59	43	1	16	74	17	74	9.50e-05	29.6
olaTTNIg35_193	olaTTNIg103_196	25.758	66	49	0	16	81	18	83	1.02e-04	29.6
olaTTNIg35_193	olaTTNIg66_196	27.273	66	47	1	16	81	19	83	2.02e-04	28.9
olaTTNIg35_193	olaTTNIg64_193	26.25	80	55	3	5	81	2	80	2.23e-04	28.5
olaTTNIg35_193	olaTTNIg26_192	21.795	78	58	2	15	91	14	89	2.34e-04	28.5
olaTTNIg35_193	olaTTNIg105_194	29.851	67	45	1	16	82	18	82	2.50e-04	28.5
olaTTNIg35_193	olaTTNIg59_189	26.984	63	42	1	31	93	30	88	2.50e-04	28.5
olaTTNIg35_193	olaTTNIg48_188	26.744	86	56	3	9	93	9	88	2.77e-04	28.1
olaTTNIg35_193	olaTTNIg87_194	25.758	66	47	1	16	81	18	81	3.23e-04	28.1
olaTTNIg35_193	olaTTNIg20_187	36.364	44	28	0	31	74	30	73	3.69e-04	28.1
olaTTNIg35_193	olaTTNIg62_195	27.027	74	51	2	12	83	13	85	4.02e-04	28.1
olaTTNIg35_193	olaTTNIg101_195	27.397	73	52	1	9	81	11	82	4.55e-04	27.7
olaTTNIg35_193	olaTTNIg100_195	16.901	71	59	0	12	82	14	84	7.83e-04	27.3
olaTTNIg35_193	olaTTNIg14_188	22.785	79	57	1	14	92	14	88	0.001	26.6
olaTTNIg35_193	olaTTNIg12_189	31.034	58	36	1	35	92	35	88	0.002	26.2
olaTTNIg35_193	olaTTNIg18_389	26.667	60	40	1	33	92	32	87	0.003	25.4
olaTTNIg35_193	olaTTNIg7_195	26.19	84	58	2	2	82	1	83	0.003	25.8
olaTTNIg35_193	olaTTNIg78_196	20.43	93	71	1	2	91	1	93	0.003	25.8
olaTTNIg35_193	olaTTNIg85_194	20	70	56	0	13	82	13	82	0.005	25
olaTTNIg35_193	olaTTNIg107_194	23.81	84	59	2	2	82	1	82	0.005	25
olaTTNIg35_193	olaTTNIg113_197	23.404	94	69	1	1	91	1	94	0.005	25
olaTTNIg35_193	olaTTNIg111_1101	27.027	74	53	1	9	81	15	88	0.006	25
olaTTNIg35_193	olaTTNIg94_193	20	80	64	0	2	81	1	80	0.006	24.6
olaTTNIg35_193	olaTTNIg43_297	23.333	60	45	1	33	91	33	92	0.009	24.3
olaTTNIg35_193	olaTTNIg73_197	22.34	94	70	1	1	91	1	94	0.009	24.3
olaTTNIg35_193	olaTTNIg81_193	27.397	73	44	2	13	82	15	81	0.01	24.3
olaTTNIg35_193	olaTTNIg81_193	45.455	11	6	0	76	86	64	74	6.3	16.2
olaTTNIg35_193	olaTTNIg104_198	24.658	73	55	0	9	81	13	85	0.011	24.3
olaTTNIg35_193	olaTTNIg45_192	31.25	32	22	0	45	76	45	76	0.015	23.5
olaTTNIg35_193	olaTTNIg88_193	22.034	59	46	0	33	91	32	90	0.018	23.5
olaTTNIg35_193	olaTTNIg80_196	25.316	79	53	2	3	81	11	83	0.019	23.5
olaTTNIg35_193	olaTTNIg82_196	20.588	68	54	0	16	83	18	85	0.03	22.7
olaTTNIg35_193	olaTTNIg50_192	24.561	57	41	1	29	83	28	84	0.039	22.3
olaTTNIg35_193	olaTTNIg97_197	60	15	6	0	67	81	70	84	0.05	22.3
olaTTNIg35_193	olaTTNIg97_197	43.75	16	9	0	72	87	64	79	0.57	19.2
olaTTNIg35_193	olaTTNIg42_192	21.429	42	33	0	31	72	34	75	0.057	21.9
olaTTNIg35_193	olaTTNIg83_195	24.49	49	37	0	33	81	34	82	0.061	21.9
olaTTNIg35_193	olaTTNIg55_190	28.571	42	30	0	33	74	34	75	0.063	21.9
olaTTNIg35_193	olaTTNIg68_199	39.286	28	17	0	56	83	61	88	0.28	20
olaTTNIg35_193	olaTTNIg47_188	27.273	44	32	0	33	76	33	76	0.38	19.6
olaTTNIg35_193	olaTTNIg15_187	26.316	57	38	1	35	91	34	86	0.47	19.2
olaTTNIg35_193	olaTTNIg16_189	50	14	7	0	65	78	65	78	0.64	18.9
olaTTNIg35_193	olaTTNIg75_195	25.352	71	50	2	13	82	15	83	0.98	18.5
olaTTNIg35_193	olaTTNIg92_196	19.277	83	64	1	2	81	1	83	1.6	18.1
olaTTNIg35_193	olaTTNIg13_189	20.455	44	35	0	35	78	34	77	1.8	17.7
olaTTNIg35_193	olaTTNIg69_194	25.714	70	49	2	13	81	14	81	1.8	17.7
olaTTNIg35_193	olaTTNIg19_391	83.333	6	1	0	68	73	67	72	8.8	15.8
olaTTNIg36_194	olaTTNIg36_194	100	94	0	0	1	94	1	94	1.41e-67	189
olaTTNIg36_194	olaTTNIg30_194	37.634	93	58	0	2	94	2	94	6.33e-23	76.6
olaTTNIg36_194	olaTTNIg40_194	40.217	92	54	1	2	93	1	91	1.48e-22	75.5
olaTTNIg36_194	olaTTNIg32_194	38.298	94	56	2	2	94	2	94	2.91e-21	72.4
olaTTNIg36_194	olaTTNIg39_194	32.258	93	63	0	2	94	2	94	1.22e-17	63.2
olaTTNIg36_194	olaTTNIg33_195	29.67	91	64	0	2	92	1	91	8.27e-16	58.5
olaTTNIg36_194	olaTTNIg27_192	33.333	93	61	1	2	94	1	92	9.67e-16	58.2
olaTTNIg36_194	olaTTNIg29_192	33.333	93	61	1	2	94	1	92	2.54e-15	57
olaTTNIg36_194	olaTTNIg108_193	40.909	66	39	0	17	82	15	80	3.49e-15	56.6
olaTTNIg36_194	olaTTNIg38_193	29.032	93	65	1	2	94	2	93	6.61e-15	55.8
olaTTNIg36_194	olaTTNIg2_194	33.696	92	60	1	2	93	2	92	4.26e-14	53.9
olaTTNIg36_194	olaTTNIg34_193	33.333	75	50	0	20	94	19	93	4.90e-14	53.9
olaTTNIg36_194	olaTTNIg23_194	30.864	81	56	0	13	93	11	91	6.09e-14	53.5
olaTTNIg36_194	olaTTNIg3_195	34.146	82	53	1	1	82	1	81	2.92e-13	52
olaTTNIg36_194	olaTTNIg115_194	30.488	82	56	1	1	82	1	81	1.16e-12	50.4
olaTTNIg36_194	olaTTNIg35_193	29.032	93	65	1	2	94	2	93	1.66e-12	49.7
olaTTNIg36_194	olaTTNIg9_193	31.183	93	62	2	2	94	1	91	1.72e-12	49.7
olaTTNIg36_194	olaTTNIg59_189	32.584	89	53	3	8	94	5	88	2.85e-12	49.3
olaTTNIg36_194	olaTTNIg37_193	26.882	93	67	1	2	94	2	93	3.24e-12	49.3
olaTTNIg36_194	olaTTNIg8_195	29.474	95	64	2	2	94	1	94	5.99e-12	48.5
olaTTNIg36_194	olaTTNIg5_198	27.957	93	65	2	2	93	2	93	1.09e-11	47.8
olaTTNIg36_194	olaTTNIg7_195	32.292	96	60	3	2	93	1	95	1.80e-11	47.4
olaTTNIg36_194	olaTTNIg24_194	28.261	92	65	1	2	93	1	91	1.49e-10	44.7
olaTTNIg36_194	olaTTNIg6_195	29.032	93	62	3	2	92	1	91	3.67e-10	43.9
olaTTNIg36_194	olaTTNIg66_196	31.25	80	54	1	13	92	15	93	4.89e-10	43.5
olaTTNIg36_194	olaTTNIg20_187	39.13	46	28	0	32	77	30	75	6.28e-10	43.1
olaTTNIg36_194	olaTTNIg91_193	31.707	82	53	3	2	82	1	80	6.50e-10	43.1
olaTTNIg36_194	olaTTNIg117_196	28.261	92	63	2	1	92	1	89	6.60e-10	43.1
olaTTNIg36_194	olaTTNIg116_195	23.656	93	71	0	2	94	1	93	1.27e-09	42.4
olaTTNIg36_194	olaTTNIg4_195	28.261	92	63	2	1	90	1	91	1.61e-09	42.4
olaTTNIg36_194	olaTTNIg73_197	29.114	79	56	0	14	92	16	94	2.82e-09	41.6
olaTTNIg36_194	olaTTNIg83_195	30	70	49	0	13	82	13	82	3.15e-09	41.6
olaTTNIg36_194	olaTTNIg1_196	30.588	85	56	2	1	83	1	84	4.02e-09	41.2
olaTTNIg36_194	olaTTNIg72_197	27.586	87	63	0	6	92	8	94	4.75e-09	41.2
olaTTNIg36_194	olaTTNIg44_197	30.769	65	44	1	29	92	32	96	9.50e-09	40
olaTTNIg36_194	olaTTNIg22_193	26.882	93	66	2	2	94	2	92	9.72e-09	40
olaTTNIg36_194	olaTTNIg77_197	27.632	76	55	0	7	82	9	84	1.31e-08	40
olaTTNIg36_194	olaTTNIg25_194	30.108	93	61	3	2	92	2	92	1.35e-08	39.7
olaTTNIg36_194	olaTTNIg11_191	27.5	80	57	1	1	80	1	79	1.85e-08	39.3
olaTTNIg36_194	olaTTNIg21_195	25	92	68	1	2	93	2	92	4.28e-08	38.5
olaTTNIg36_194	olaTTNIg28_194	28.723	94	65	2	2	94	2	94	4.44e-08	38.5
olaTTNIg36_194	olaTTNIg113_197	23.404	94	68	3	2	92	2	94	7.95e-08	37.7
olaTTNIg36_194	olaTTNIg64_193	27.273	88	63	1	6	92	3	90	8.42e-08	37.7
olaTTNIg36_194	olaTTNIg110_194	34.921	63	39	1	22	82	20	82	8.76e-08	37.7
olaTTNIg36_194	olaTTNIg31_193	30.137	73	51	0	22	94	21	93	8.79e-08	37.7
olaTTNIg36_194	olaTTNIg74_196	26.882	93	64	2	2	92	1	91	1.23e-07	37.4
olaTTNIg36_194	olaTTNIg89_196	24.051	79	60	0	14	92	15	93	2.23e-07	36.6
olaTTNIg36_194	olaTTNIg76_192	25	80	60	0	15	94	12	91	3.81e-07	35.8
olaTTNIg36_194	olaTTNIg96_194	29.73	74	48	2	2	73	1	72	4.15e-07	35.8
olaTTNIg36_194	olaTTNIg71_194	23.684	76	56	1	17	92	18	91	4.33e-07	35.8
olaTTNIg36_194	olaTTNIg82_196	27.143	70	51	0	13	82	14	83	8.42e-07	35
olaTTNIg36_194	olaTTNIg10_194	27.711	83	58	2	1	82	1	82	9.45e-07	35
olaTTNIg36_194	olaTTNIg88_193	27.027	74	52	2	20	92	18	90	1.10e-06	34.7
olaTTNIg36_194	olaTTNIg101_195	28.395	81	57	1	14	94	15	94	1.28e-06	34.7
olaTTNIg36_194	olaTTNIg45_192	25.676	74	52	2	3	75	3	74	1.74e-06	34.3
olaTTNIg36_194	olaTTNIg81_193	21.839	87	65	1	6	92	7	90	1.85e-06	34.3
olaTTNIg36_194	olaTTNIg114_192	25	80	57	2	15	93	13	90	1.91e-06	34.3
olaTTNIg36_194	olaTTNIg95_197	25	84	61	1	2	83	2	85	2.13e-06	33.9
olaTTNIg36_194	olaTTNIg19_391	35	60	31	2	35	92	33	86	2.25e-06	33.9
olaTTNIg36_194	olaTTNIg19_391	25	20	15	0	50	69	18	37	8.5	15.8
olaTTNIg36_194	olaTTNIg57_188	26.316	76	52	3	1	75	1	73	2.54e-06	33.9
olaTTNIg36_194	olaTTNIg63_197	24.138	87	66	0	6	92	8	94	2.55e-06	33.9
olaTTNIg36_194	olaTTNIg75_195	27.778	72	50	2	8	79	9	78	2.58e-06	33.9
olaTTNIg36_194	olaTTNIg70_195	24.39	82	60	2	2	82	2	82	5.55e-06	33.1
olaTTNIg36_194	olaTTNIg85_194	23.077	78	56	2	17	92	16	91	7.10e-06	32.7
olaTTNIg36_194	olaTTNIg90_195	24.286	70	51	1	13	82	15	82	9.07e-06	32.3
olaTTNIg36_194	olaTTNIg41_196	25.714	70	51	1	24	92	23	92	1.33e-05	32
olaTTNIg36_194	olaTTNIg112_198	19.753	81	64	1	13	92	15	95	1.39e-05	32
olaTTNIg36_194	olaTTNIg42_192	24.658	73	54	1	2	73	3	75	1.48e-05	31.6
olaTTNIg36_194	olaTTNIg104_198	22.353	85	66	0	8	92	11	95	1.56e-05	32
olaTTNIg36_194	olaTTNIg78_196	22.581	62	48	0	14	75	15	76	1.70e-05	31.6
olaTTNIg36_194	olaTTNIg102_195	28	75	52	2	8	82	10	82	1.98e-05	31.6
olaTTNIg36_194	olaTTNIg60_187	33.333	42	28	0	34	75	32	73	2.00e-05	31.2
olaTTNIg36_194	olaTTNIg86_197	22.857	70	54	0	13	82	15	84	2.17e-05	31.6
olaTTNIg36_194	olaTTNIg107_194	26.437	87	62	1	6	92	7	91	2.44e-05	31.2
olaTTNIg36_194	olaTTNIg52_188	24.176	91	63	3	4	94	4	88	2.64e-05	31.2
olaTTNIg36_194	olaTTNIg17_290	30	40	28	0	34	73	34	73	3.82e-05	30.8
olaTTNIg36_194	olaTTNIg87_194	29.412	68	46	1	15	82	16	81	4.79e-05	30.4
olaTTNIg36_194	olaTTNIg61_188	23.077	52	40	0	32	83	31	82	5.78e-05	30
olaTTNIg36_194	olaTTNIg98_196	28.814	59	42	0	15	73	16	74	6.11e-05	30
olaTTNIg36_194	olaTTNIg105_194	21.053	95	71	2	2	94	1	93	6.89e-05	30
olaTTNIg36_194	olaTTNIg84_195	27.397	73	51	1	20	92	22	92	6.90e-05	30
olaTTNIg36_194	olaTTNIg100_195	22.857	70	54	0	14	83	15	84	7.82e-05	30
olaTTNIg36_194	olaTTNIg54_189	28	75	50	3	4	77	5	76	7.82e-05	29.6
olaTTNIg36_194	olaTTNIg55_190	26.562	64	46	1	14	77	15	77	1.02e-04	29.6
olaTTNIg36_194	olaTTNIg26_192	26.23	61	44	1	33	92	29	89	1.39e-04	29.3
olaTTNIg36_194	olaTTNIg49_187	21.111	90	64	3	4	93	4	86	2.82e-04	28.1
olaTTNIg36_194	olaTTNIg93_194	26.087	69	49	1	14	82	15	81	3.59e-04	28.1
olaTTNIg36_194	olaTTNIg92_196	33.333	36	24	0	13	48	14	49	6.33e-04	27.3
olaTTNIg36_194	olaTTNIg106_196	22.667	75	56	1	10	82	9	83	7.45e-04	27.3
olaTTNIg36_194	olaTTNIg56_189	28.571	56	39	1	20	75	19	73	8.45e-04	26.9
olaTTNIg36_194	olaTTNIg111_1101	27.143	70	50	1	17	85	22	91	8.59e-04	27.3
olaTTNIg36_194	olaTTNIg62_195	23.438	64	48	1	18	80	18	81	0.001	26.9
olaTTNIg36_194	olaTTNIg103_196	19.118	68	55	0	15	82	16	83	0.001	26.9
olaTTNIg36_194	olaTTNIg103_196	31.325	83	39	6	1	83	32	96	3.9	16.9
olaTTNIg36_194	olaTTNIg46_189	30.769	39	27	0	36	74	35	73	0.001	26.9
olaTTNIg36_194	olaTTNIg69_194	22.857	70	52	1	13	82	14	81	0.002	26.2
olaTTNIg36_194	olaTTNIg47_188	29.63	54	36	2	33	85	32	84	0.003	25.8
olaTTNIg36_194	olaTTNIg109_193	22.353	85	53	2	17	94	14	92	0.003	25.4
olaTTNIg36_194	olaTTNnewIg_1104	24.051	79	49	3	15	83	16	93	0.004	25.4
olaTTNIg36_194	olaTTNIg43_297	20.455	44	35	0	34	77	33	76	0.007	24.6
olaTTNIg36_194	olaTTNIg16_189	31.148	61	41	1	13	73	13	72	0.007	24.6
olaTTNIg36_194	olaTTNIg80_196	25.758	66	38	1	17	82	29	83	0.007	24.6
olaTTNIg36_194	olaTTNIg79_197	21.127	71	55	1	13	82	14	84	0.008	24.3
olaTTNIg36_194	olaTTNIg67_1104	19.481	77	55	1	14	83	16	92	0.012	23.9
olaTTNIg36_194	olaTTNIg94_193	29.63	27	19	0	14	40	12	38	0.025	23.1
olaTTNIg36_194	olaTTNIg13_189	28.205	39	28	0	35	73	33	71	0.058	21.9
olaTTNIg36_194	olaTTNIg14_188	20.779	77	57	1	17	93	16	88	0.078	21.6
olaTTNIg36_194	olaTTNIg51_488	23.077	39	30	0	32	70	27	65	0.12	21.2
olaTTNIg36_194	olaTTNIg18_389	20	60	44	1	34	93	32	87	0.23	20.4
olaTTNIg36_194	olaTTNIg53_190	24.39	41	31	0	32	72	32	72	0.27	20
olaTTNIg36_194	olaTTNIg68_199	26.744	86	52	4	8	83	3	87	0.54	19.2
olaTTNIg36_194	olaTTNIg99_197	17.333	75	62	0	8	82	9	83	1	18.5
olaTTNIg36_194	olaTTNIg12_189	22.034	59	42	1	35	93	34	88	1.9	17.7
olaTTNIg36_194	olaTTNIg12_189	40	20	9	1	61	80	13	29	4.3	16.5
olaTTNIg36_194	olaTTNIg58_193	75	8	2	0	37	44	13	20	5.8	16.5
olaTTNIg36_194	olaTTNIg15_187	60	10	4	0	16	25	37	46	7.1	16.2
olaTTNIg37_193	olaTTNIg37_193	100	93	0	0	1	93	1	93	4.33e-68	190
olaTTNIg37_193	olaTTNIg39_194	32.979	94	62	1	1	93	1	94	3.00e-16	59.3
olaTTNIg37_193	olaTTNIg32_194	29.787	94	65	1	1	93	1	94	6.63e-16	58.5
olaTTNIg37_193	olaTTNIg31_193	34.409	93	61	0	1	93	1	93	1.51e-15	57.8
olaTTNIg37_193	olaTTNIg29_192	30.435	92	64	0	2	93	1	92	1.59e-13	52.4
olaTTNIg37_193	olaTTNIg30_194	25.532	94	69	1	1	93	1	94	3.82e-13	51.6
olaTTNIg37_193	olaTTNIg38_193	25.806	93	69	0	1	93	1	93	3.95e-13	51.6
olaTTNIg37_193	olaTTNIg35_193	29.167	96	62	3	1	93	1	93	1.00e-12	50.4
olaTTNIg37_193	olaTTNIg33_195	26.374	91	67	0	1	91	1	91	2.79e-12	49.3
olaTTNIg37_193	olaTTNIg36_194	26.882	93	67	1	2	93	2	94	3.21e-12	49.3
olaTTNIg37_193	olaTTNIg34_193	30.435	92	64	0	2	93	2	93	3.50e-12	48.9
olaTTNIg37_193	olaTTNIg28_194	26.596	94	68	1	1	93	1	94	1.25e-11	47.8
olaTTNIg37_193	olaTTNIg40_194	28.571	91	65	0	2	92	1	91	1.74e-11	47.4
olaTTNIg37_193	olaTTNIg115_194	30.12	83	58	0	2	84	2	84	8.46e-11	45.4
olaTTNIg37_193	olaTTNIg2_194	26.966	89	65	0	1	89	1	89	2.61e-09	41.6
olaTTNIg37_193	olaTTNIg22_193	25.806	93	68	1	1	93	1	92	5.53e-09	40.8
olaTTNIg37_193	olaTTNIg14_188	26.744	86	61	1	4	89	4	87	1.45e-08	39.7
olaTTNIg37_193	olaTTNIg24_194	23.404	94	70	1	2	93	1	94	5.11e-08	38.1
olaTTNIg37_193	olaTTNIg58_193	27.473	91	60	3	4	92	4	90	2.15e-07	36.6
olaTTNIg37_193	olaTTNIg4_195	28.736	87	60	1	2	86	2	88	3.54e-07	36.2
olaTTNIg37_193	olaTTNIg6_195	23.077	91	69	1	2	91	1	91	4.97e-07	35.8
olaTTNIg37_193	olaTTNIg5_198	23.333	90	68	1	1	89	1	90	5.15e-07	35.8
olaTTNIg37_193	olaTTNIg44_197	33.333	45	30	0	45	89	50	94	1.03e-06	35
olaTTNIg37_193	olaTTNIg72_197	27.273	77	54	2	16	91	19	94	2.38e-06	33.9
olaTTNIg37_193	olaTTNIg3_195	21.739	92	70	2	2	92	2	92	3.24e-06	33.5
olaTTNIg37_193	olaTTNIg70_195	21.739	92	71	1	1	91	1	92	4.34e-06	33.1
olaTTNIg37_193	olaTTNIg114_192	44.737	38	19	1	55	92	53	88	5.51e-06	32.7
olaTTNIg37_193	olaTTNIg113_197	24.468	94	68	2	1	91	1	94	7.16e-06	32.7
olaTTNIg37_193	olaTTNIg112_198	28.302	53	38	0	32	84	36	88	8.22e-06	32.3
olaTTNIg37_193	olaTTNIg61_188	28.571	63	44	1	16	78	17	78	1.13e-05	32
olaTTNIg37_193	olaTTNIg21_195	22.989	87	67	0	1	87	1	87	1.64e-05	31.6
olaTTNIg37_193	olaTTNIg1_196	20	90	70	1	2	89	2	91	3.10e-05	30.8
olaTTNIg37_193	olaTTNIg7_195	19.355	93	73	1	2	92	1	93	5.15e-05	30.4
olaTTNIg37_193	olaTTNIg25_194	20.69	87	68	1	1	86	1	87	6.25e-05	30
olaTTNIg37_193	olaTTNIg26_192	24.176	91	66	2	2	91	1	89	7.50e-05	30
olaTTNIg37_193	olaTTNIg57_188	26.087	69	50	1	4	72	4	71	7.64e-05	29.6
olaTTNIg37_193	olaTTNIg91_193	25	80	60	0	2	81	1	80	9.25e-05	29.6
olaTTNIg37_193	olaTTNIg12_189	27.869	61	40	1	32	92	32	88	1.06e-04	29.3
olaTTNIg37_193	olaTTNIg23_194	23.438	64	48	1	30	92	28	91	1.91e-04	28.9
olaTTNIg37_193	olaTTNIg64_193	28.261	46	33	0	46	91	45	90	2.05e-04	28.9
olaTTNIg37_193	olaTTNIg71_194	25.676	74	53	1	16	89	18	89	3.20e-04	28.1
olaTTNIg37_193	olaTTNIg56_189	25	52	39	0	29	80	28	79	3.34e-04	28.1
olaTTNIg37_193	olaTTNIg97_197	28.788	66	47	0	16	81	19	84	7.22e-04	27.3
olaTTNIg37_193	olaTTNIg85_194	18.182	88	72	0	2	89	2	89	0.001	26.6
olaTTNIg37_193	olaTTNIg90_195	25.316	79	47	3	11	81	8	82	0.002	26.6
olaTTNIg37_193	olaTTNIg42_192	27.451	51	33	1	33	79	36	86	0.002	26.2
olaTTNIg37_193	olaTTNIg108_193	21.154	52	41	0	32	83	31	82	0.002	26.2
olaTTNIg37_193	olaTTNIg66_196	23.404	94	68	3	1	91	1	93	0.002	25.8
olaTTNIg37_193	olaTTNIg111_1101	26.087	69	50	1	14	81	20	88	0.003	25.4
olaTTNIg37_193	olaTTNIg107_194	23.636	55	42	0	37	91	37	91	0.004	25.4
olaTTNIg37_193	olaTTNIg41_196	33.333	24	16	0	68	91	69	92	0.004	25.4
olaTTNIg37_193	olaTTNIg102_195	23.377	77	58	1	8	84	10	85	0.006	25
olaTTNIg37_193	olaTTNIg15_187	24.731	93	60	4	2	91	1	86	0.008	24.3
olaTTNIg37_193	olaTTNIg46_189	28.947	38	27	0	35	72	35	72	0.009	24.3
olaTTNIg37_193	olaTTNIg59_189	34.286	35	19	1	59	93	58	88	0.009	24.3
olaTTNIg37_193	olaTTNIg89_196	18.182	66	54	0	16	81	18	83	0.014	23.9
olaTTNIg37_193	olaTTNIg27_192	34.615	26	17	0	68	93	67	92	0.015	23.5
olaTTNIg37_193	olaTTNIg62_195	29.31	58	40	1	35	91	36	93	0.02	23.5
olaTTNIg37_193	olaTTNIg99_197	26.866	67	49	0	16	82	18	84	0.022	23.1
olaTTNIg37_193	olaTTNIg18_389	25.676	74	42	2	25	89	15	84	0.035	22.7
olaTTNIg37_193	olaTTNIg116_195	23.684	38	29	0	45	82	45	82	0.043	22.3
olaTTNIg37_193	olaTTNIg88_193	29.032	31	22	0	59	89	58	88	0.046	22.3
olaTTNIg37_193	olaTTNIg10_194	22.619	84	64	1	2	84	2	85	0.11	21.2
olaTTNIg37_193	olaTTNIg101_195	19.767	86	68	1	8	93	10	94	0.15	20.8
olaTTNIg37_193	olaTTNIg73_197	21.176	85	64	2	1	82	1	85	0.28	20
olaTTNIg37_193	olaTTNIg11_191	24	50	37	1	28	76	27	76	0.31	20
olaTTNIg37_193	olaTTNIg93_194	34.783	23	15	0	59	81	59	81	0.46	19.6
olaTTNIg37_193	olaTTNIg20_187	27.66	47	34	0	29	75	28	74	0.48	19.2
olaTTNIg37_193	olaTTNIg45_192	41.176	17	10	0	58	74	58	74	0.7	18.9
olaTTNIg37_193	olaTTNIg75_195	24.051	79	56	3	8	84	9	85	0.7	18.9
olaTTNIg37_193	olaTTNIg83_195	18.293	82	66	1	1	81	1	82	2.2	17.7
olaTTNIg37_193	olaTTNIg74_196	24.561	57	22	2	31	87	52	87	4.5	16.5
olaTTNIg38_193	olaTTNIg38_193	100	93	0	0	1	93	1	93	5.01e-70	195
olaTTNIg38_193	olaTTNIg32_194	32.979	94	62	1	1	93	1	94	1.17e-21	73.2
olaTTNIg38_193	olaTTNIg39_194	37.113	97	54	2	1	93	1	94	9.28e-20	68.6
olaTTNIg38_193	olaTTNIg28_194	34.043	94	61	1	1	93	1	94	2.55e-17	62
olaTTNIg38_193	olaTTNIg40_194	31.111	90	62	0	2	91	1	90	3.89e-17	61.6
olaTTNIg38_193	olaTTNIg34_193	29.348	92	65	0	2	93	2	93	9.78e-17	60.5
olaTTNIg38_193	olaTTNIg35_193	34.409	93	61	0	1	93	1	93	3.68e-16	59.3
olaTTNIg38_193	olaTTNIg29_192	27.174	92	67	0	2	93	1	92	7.28e-16	58.5
olaTTNIg38_193	olaTTNIg36_194	29.032	93	65	1	2	93	2	94	6.54e-15	55.8
olaTTNIg38_193	olaTTNIg44_197	32.632	95	59	2	1	91	3	96	9.10e-14	53.1
olaTTNIg38_193	olaTTNIg30_194	27.66	94	67	1	1	93	1	94	2.48e-13	52
olaTTNIg38_193	olaTTNIg37_193	25.806	93	69	0	1	93	1	93	3.95e-13	51.6
olaTTNIg38_193	olaTTNIg27_192	28.261	92	66	0	2	93	1	92	8.38e-12	48.1
olaTTNIg38_193	olaTTNIg33_195	24.176	91	69	0	1	91	1	91	1.33e-11	47.4
olaTTNIg38_193	olaTTNIg3_195	25.532	94	68	1	2	93	2	95	3.08e-11	46.6
olaTTNIg38_193	olaTTNIg2_194	28.571	91	65	0	1	91	1	91	5.39e-11	45.8
olaTTNIg38_193	olaTTNIg25_194	27.174	92	66	1	1	91	1	92	1.36e-10	45.1
olaTTNIg38_193	olaTTNIg72_197	29.787	94	63	1	1	91	1	94	5.68e-10	43.5
olaTTNIg38_193	olaTTNIg70_195	27.368	95	62	2	1	91	1	92	7.38e-10	43.1
olaTTNIg38_193	olaTTNIg108_193	25.556	90	67	0	2	91	1	90	1.64e-09	42
olaTTNIg38_193	olaTTNIg22_193	26.882	93	67	1	1	93	1	92	1.78e-09	42
olaTTNIg38_193	olaTTNIg23_194	28.571	91	63	2	2	91	1	90	2.09e-09	42
olaTTNIg38_193	olaTTNIg31_193	24.731	93	70	0	1	93	1	93	2.48e-09	41.6
olaTTNIg38_193	olaTTNIg49_187	31.818	88	54	2	4	91	4	85	1.11e-08	39.7
olaTTNIg38_193	olaTTNIg63_197	27.368	95	64	2	1	92	1	93	1.31e-08	39.7
olaTTNIg38_193	olaTTNIg64_193	23.457	81	62	0	2	82	1	81	1.59e-08	39.7
olaTTNIg38_193	olaTTNIg88_193	26.829	82	60	0	2	83	1	82	1.85e-08	39.3
olaTTNIg38_193	olaTTNIg98_196	27.711	83	55	3	1	82	6	84	1.99e-08	39.3
olaTTNIg38_193	olaTTNIg114_192	28.571	91	62	3	2	91	1	89	3.06e-08	38.9
olaTTNIg38_193	olaTTNIg5_198	23.913	92	69	1	1	91	1	92	4.72e-08	38.5
olaTTNIg38_193	olaTTNIg71_194	25.301	83	60	1	9	91	11	91	1.03e-07	37.4
olaTTNIg38_193	olaTTNIg95_197	24.706	85	59	3	1	81	1	84	1.78e-07	37
olaTTNIg38_193	olaTTNIg52_188	22.222	90	65	2	4	93	4	88	2.74e-07	36.2
olaTTNIg38_193	olaTTNIg73_197	27.835	97	61	2	1	91	1	94	3.90e-07	35.8
olaTTNIg38_193	olaTTNIg113_197	23.404	94	69	1	1	91	1	94	4.24e-07	35.8
olaTTNIg38_193	olaTTNIg94_193	25.926	81	60	0	2	82	1	81	4.76e-07	35.8
olaTTNIg38_193	olaTTNIg19_391	31.667	60	33	2	35	92	34	87	4.84e-07	35.4
olaTTNIg38_193	olaTTNIg101_195	23.864	88	66	1	6	93	8	94	5.64e-07	35.4
olaTTNIg38_193	olaTTNIg24_194	25.275	91	66	2	2	91	1	90	7.07e-07	35.4
olaTTNIg38_193	olaTTNIg74_196	24.39	82	60	1	12	91	12	93	7.22e-07	35.4
olaTTNIg38_193	olaTTNIg85_194	31.915	47	32	0	35	81	35	81	8.03e-07	35
olaTTNIg38_193	olaTTNIg46_189	25.556	90	62	2	4	93	5	89	8.22e-07	35
olaTTNIg38_193	olaTTNIg45_192	29.487	78	51	3	1	76	1	76	9.20e-07	35
olaTTNIg38_193	olaTTNIg10_194	23.077	91	69	1	2	91	2	92	1.15e-06	34.7
olaTTNIg38_193	olaTTNIg20_187	27.536	69	49	1	4	72	4	71	1.24e-06	34.7
olaTTNIg38_193	olaTTNIg8_195	25.532	94	68	1	2	93	1	94	1.40e-06	34.7
olaTTNIg38_193	olaTTNIg1_196	25.806	93	67	1	2	92	2	94	2.35e-06	33.9
olaTTNIg38_193	olaTTNIg21_195	24.176	91	69	0	1	91	1	91	2.68e-06	33.9
olaTTNIg38_193	olaTTNIg83_195	23.171	82	62	1	1	81	1	82	6.60e-06	32.7
olaTTNIg38_193	olaTTNIg106_196	21.429	70	55	0	12	81	14	83	9.75e-06	32.3
olaTTNIg38_193	olaTTNIg103_196	20.988	81	64	0	12	92	14	94	1.32e-05	32
olaTTNIg38_193	olaTTNIg100_195	20.896	67	53	0	12	78	14	80	1.78e-05	31.6
olaTTNIg38_193	olaTTNIg59_189	25.275	91	63	2	3	93	3	88	1.83e-05	31.6
olaTTNIg38_193	olaTTNIg48_188	27.473	91	61	2	3	93	3	88	1.85e-05	31.6
olaTTNIg38_193	olaTTNIg7_195	22.727	88	64	2	2	85	1	88	1.92e-05	31.6
olaTTNIg38_193	olaTTNIg107_194	26.316	76	54	1	16	91	18	91	2.56e-05	31.2
olaTTNIg38_193	olaTTNIg62_195	28.358	67	47	1	13	78	14	80	2.91e-05	31.2
olaTTNIg38_193	olaTTNIg110_194	23.596	89	65	3	2	88	1	88	3.02e-05	30.8
olaTTNIg38_193	olaTTNIg116_195	19.231	78	63	0	16	93	16	93	3.89e-05	30.8
olaTTNIg38_193	olaTTNIg55_190	24.211	95	65	3	1	93	1	90	4.20e-05	30.4
olaTTNIg38_193	olaTTNIg104_198	25	68	51	0	16	83	20	87	4.44e-05	30.4
olaTTNIg38_193	olaTTNIg18_389	31.579	57	35	1	35	91	34	86	1.29e-04	29.3
olaTTNIg38_193	olaTTNIg91_193	19.753	81	65	0	2	82	1	81	1.55e-04	28.9
olaTTNIg38_193	olaTTNIg60_187	22.619	84	64	1	1	84	1	83	1.63e-04	28.9
olaTTNIg38_193	olaTTNIg17_290	31.579	38	26	0	35	72	36	73	1.80e-04	28.9
olaTTNIg38_193	olaTTNIg78_196	17.105	76	63	0	16	91	18	93	2.48e-04	28.5
olaTTNIg38_193	olaTTNIg82_196	19.231	78	63	0	16	93	18	95	2.78e-04	28.5
olaTTNIg38_193	olaTTNIg51_488	28.571	63	41	1	31	93	27	85	3.38e-04	28.1
olaTTNIg38_193	olaTTNIg54_189	19.481	77	61	1	1	77	2	77	3.97e-04	27.7
olaTTNIg38_193	olaTTNIg42_192	20.548	73	57	1	1	72	3	75	4.87e-04	27.7
olaTTNIg38_193	olaTTNIg80_196	28.571	49	35	0	35	83	37	85	5.53e-04	27.7
olaTTNIg38_193	olaTTNIg117_196	19.318	88	69	1	2	89	2	87	6.58e-04	27.3
olaTTNIg38_193	olaTTNIg68_199	26.027	73	47	1	16	81	14	86	6.65e-04	27.3
olaTTNIg38_193	olaTTNIg41_196	31.915	47	30	1	49	93	48	94	7.29e-04	27.3
olaTTNIg38_193	olaTTNIg86_197	23.256	86	63	1	1	83	1	86	0.001	26.9
olaTTNIg38_193	olaTTNIg6_195	25	92	66	3	2	91	1	91	0.001	26.6
olaTTNIg38_193	olaTTNIg102_195	22.368	76	57	1	16	91	19	92	0.002	26.2
olaTTNIg38_193	olaTTNIg4_195	21.951	82	62	1	2	81	2	83	0.002	26.2
olaTTNIg38_193	olaTTNIg84_195	27.419	62	37	3	25	83	28	84	0.002	26.2
olaTTNIg38_193	olaTTNIg56_189	27.119	59	40	1	35	93	34	89	0.002	25.8
olaTTNIg38_193	olaTTNIg90_195	21.212	66	50	1	16	81	19	82	0.002	25.8
olaTTNIg38_193	olaTTNIg43_297	23.333	90	67	2	4	92	5	93	0.002	25.8
olaTTNIg38_193	olaTTNIg89_196	23.333	90	54	4	2	85	7	87	0.003	25.8
olaTTNIg38_193	olaTTNIg76_192	19.178	73	59	0	9	81	7	79	0.003	25.4
olaTTNIg38_193	olaTTNIg9_193	23.656	93	62	4	2	92	1	86	0.003	25.4
olaTTNIg38_193	olaTTNIg15_187	23.913	92	63	3	1	91	1	86	0.004	25
olaTTNIg38_193	olaTTNIg97_197	22.078	77	58	2	16	91	19	94	0.006	24.6
olaTTNIg38_193	olaTTNIg69_194	25	68	49	1	16	83	18	83	0.007	24.6
olaTTNIg38_193	olaTTNnewIg_1104	23.864	88	58	4	13	91	15	102	0.008	24.3
olaTTNIg38_193	olaTTNIg16_189	28.07	57	37	1	35	91	35	87	0.009	24.3
olaTTNIg38_193	olaTTNIg112_198	25	52	39	0	41	92	45	96	0.012	23.9
olaTTNIg38_193	olaTTNIg93_194	28.571	35	25	0	57	91	57	91	0.021	23.1
olaTTNIg38_193	olaTTNIg81_193	23.529	68	49	1	16	83	18	82	0.025	23.1
olaTTNIg38_193	olaTTNIg13_189	23.684	38	29	0	35	72	34	71	0.025	23.1
olaTTNIg38_193	olaTTNIg99_197	34.615	26	17	0	56	81	58	83	0.031	22.7
olaTTNIg38_193	olaTTNIg115_194	24.138	58	44	0	35	92	35	92	0.031	22.7
olaTTNIg38_193	olaTTNIg11_191	21.333	75	57	2	3	76	3	76	0.051	22.3
olaTTNIg38_193	olaTTNIg57_188	21.978	91	64	3	4	93	4	88	0.057	21.9
olaTTNIg38_193	olaTTNIg67_1104	24.658	73	48	2	16	81	19	91	0.058	21.9
olaTTNIg38_193	olaTTNIg26_192	45.455	22	12	0	70	91	68	89	0.075	21.6
olaTTNIg38_193	olaTTNIg92_196	22.449	49	38	0	35	83	37	85	0.087	21.6
olaTTNIg38_193	olaTTNIg47_188	22.727	88	63	2	4	91	5	87	0.11	21.2
olaTTNIg38_193	olaTTNIg109_193	20.548	73	57	1	15	86	13	85	0.16	20.8
olaTTNIg38_193	olaTTNIg53_190	23.256	86	61	2	8	93	10	90	0.16	20.8
olaTTNIg38_193	olaTTNIg61_188	18.056	72	58	1	1	72	2	72	4	16.9
olaTTNIg39_194	olaTTNIg39_194	100	94	0	0	1	94	1	94	5.35e-69	192
olaTTNIg39_194	olaTTNIg38_193	37.113	97	54	2	1	94	1	93	9.38e-20	68.6
olaTTNIg39_194	olaTTNIg34_193	37.634	93	57	1	2	94	2	93	1.65e-19	67.8
olaTTNIg39_194	olaTTNIg40_194	39.326	89	52	1	8	94	6	94	1.81e-19	67.8
olaTTNIg39_194	olaTTNIg32_194	34.737	95	60	2	1	94	1	94	4.62e-19	66.6
olaTTNIg39_194	olaTTNIg28_194	35.789	95	59	2	1	94	1	94	5.00e-18	63.9
olaTTNIg39_194	olaTTNIg36_194	32.258	93	63	0	2	94	2	94	1.22e-17	63.2
olaTTNIg39_194	olaTTNIg37_193	32.979	94	62	1	1	94	1	93	3.03e-16	59.3
olaTTNIg39_194	olaTTNIg35_193	38.298	94	57	1	1	94	1	93	4.79e-16	58.9
olaTTNIg39_194	olaTTNIg30_194	30.851	94	65	0	1	94	1	94	5.18e-16	58.9
olaTTNIg39_194	olaTTNIg33_195	31.868	91	62	0	2	92	1	91	7.23e-15	55.8
olaTTNIg39_194	olaTTNIg89_196	32.099	81	51	1	2	82	7	83	6.94e-13	50.8
olaTTNIg39_194	olaTTNIg29_192	30.108	93	64	1	2	94	1	92	1.81e-12	49.7
olaTTNIg39_194	olaTTNIg95_197	27.473	91	64	1	1	89	1	91	9.51e-12	48.1
olaTTNIg39_194	olaTTNIg114_192	36.364	77	46	2	17	92	15	89	2.21e-11	47
olaTTNIg39_194	olaTTNIg3_195	24.39	82	60	1	15	94	14	95	2.30e-11	47
olaTTNIg39_194	olaTTNIg21_195	29.348	92	64	1	1	92	1	91	4.02e-11	46.2
olaTTNIg39_194	olaTTNIg2_194	28.261	92	65	1	1	92	1	91	5.05e-11	46.2
olaTTNIg39_194	olaTTNIg27_192	30.38	79	55	0	16	94	14	92	7.94e-11	45.4
olaTTNIg39_194	olaTTNIg112_198	33.333	60	40	0	34	93	37	96	1.71e-10	44.7
olaTTNIg39_194	olaTTNIg31_193	28.049	82	58	1	1	82	1	81	3.38e-10	43.9
olaTTNIg39_194	olaTTNIg104_198	26.19	84	62	0	9	92	12	95	1.26e-09	42.4
olaTTNIg39_194	olaTTNIg24_194	27.632	76	55	0	17	92	15	90	2.78e-09	41.6
olaTTNIg39_194	olaTTNIg1_196	26.596	94	66	2	2	93	2	94	4.38e-09	41.2
olaTTNIg39_194	olaTTNIg72_197	26.506	83	61	0	10	92	12	94	6.54e-09	40.8
olaTTNIg39_194	olaTTNIg86_197	25.882	85	61	1	1	83	1	85	7.60e-09	40.4
olaTTNIg39_194	olaTTNIg98_196	26.923	78	55	2	16	92	17	93	9.53e-09	40
olaTTNIg39_194	olaTTNIg55_190	32.468	77	48	3	1	75	1	75	1.11e-08	40
olaTTNIg39_194	olaTTNIg73_197	25.301	83	62	0	10	92	12	94	1.31e-08	40
olaTTNIg39_194	olaTTNIg76_192	23.529	85	65	0	10	94	7	91	1.37e-08	39.7
olaTTNIg39_194	olaTTNIg117_196	29.348	92	64	1	2	93	2	92	1.38e-08	39.7
olaTTNIg39_194	olaTTNIg83_195	24.675	77	58	0	16	92	16	92	1.95e-08	39.3
olaTTNIg39_194	olaTTNIg22_193	25.532	94	68	2	1	94	1	92	2.45e-08	38.9
olaTTNIg39_194	olaTTNIg88_193	24	75	57	0	18	92	16	90	2.59e-08	38.9
olaTTNIg39_194	olaTTNIg108_193	27.848	79	57	0	6	84	4	82	3.45e-08	38.5
olaTTNIg39_194	olaTTNIg116_195	23.913	92	69	1	1	92	1	91	5.77e-08	38.1
olaTTNIg39_194	olaTTNIg25_194	30.526	95	60	5	1	92	1	92	1.00e-07	37.4
olaTTNIg39_194	olaTTNIg103_196	26.829	82	60	0	12	93	13	94	1.10e-07	37.4
olaTTNIg39_194	olaTTNIg44_197	30.526	95	62	2	1	92	3	96	1.24e-07	37.4
olaTTNIg39_194	olaTTNIg54_189	26.374	91	64	2	1	91	1	88	1.38e-07	37
olaTTNIg39_194	olaTTNIg74_196	25.806	93	67	1	2	92	1	93	1.82e-07	37
olaTTNIg39_194	olaTTNIg68_199	27.473	91	59	2	9	92	6	96	1.87e-07	37
olaTTNIg39_194	olaTTNIg101_195	26.316	95	67	2	2	94	1	94	2.38e-07	36.6
olaTTNIg39_194	olaTTNIg6_195	27.174	92	65	2	2	92	1	91	3.17e-07	36.2
olaTTNIg39_194	olaTTNIg106_196	21.25	80	63	0	3	82	4	83	3.58e-07	36.2
olaTTNIg39_194	olaTTNIg23_194	26.374	91	66	1	2	92	1	90	3.62e-07	36.2
olaTTNIg39_194	olaTTNIg85_194	28.814	59	42	0	34	92	33	91	4.97e-07	35.8
olaTTNIg39_194	olaTTNIg17_290	35.593	59	34	1	34	92	34	88	9.58e-07	34.7
olaTTNIg39_194	olaTTNIg50_192	23.729	59	43	1	31	87	29	87	1.55e-06	34.3
olaTTNIg39_194	olaTTNIg77_197	23.404	94	70	1	1	92	1	94	1.62e-06	34.3
olaTTNIg39_194	olaTTNIg78_196	23.077	78	60	0	15	92	16	93	1.81e-06	34.3
olaTTNIg39_194	olaTTNIg107_194	27.632	76	53	1	17	92	18	91	1.87e-06	34.3
olaTTNIg39_194	olaTTNIg70_195	31.081	74	43	4	22	90	22	92	2.14e-06	33.9
olaTTNIg39_194	olaTTNIg100_195	19.767	86	69	0	3	88	4	89	2.50e-06	33.9
olaTTNIg39_194	olaTTNIg56_189	26.374	91	64	3	1	91	1	88	2.58e-06	33.9
olaTTNIg39_194	olaTTNIg5_198	26.506	83	59	2	1	82	1	82	2.62e-06	33.9
olaTTNIg39_194	olaTTNIg58_193	31.667	60	40	1	36	94	34	93	3.97e-06	33.1
olaTTNIg39_194	olaTTNIg66_196	25.974	77	56	1	16	92	18	93	7.31e-06	32.7
olaTTNIg39_194	olaTTNIg75_195	23.864	88	60	2	10	94	11	94	7.84e-06	32.7
olaTTNIg39_194	olaTTNIg113_197	23.158	95	69	2	1	92	1	94	9.93e-06	32.3
olaTTNIg39_194	olaTTNIg42_192	29.825	57	39	1	18	73	19	75	9.95e-06	32.3
olaTTNIg39_194	olaTTNIg43_297	31.707	41	28	0	33	73	32	72	1.07e-05	32.3
olaTTNIg39_194	olaTTNIg64_193	28.814	59	42	0	34	92	32	90	1.14e-05	32
olaTTNIg39_194	olaTTNIg57_188	31.818	44	30	0	34	77	32	75	1.31e-05	32
olaTTNIg39_194	olaTTNIg82_196	21.176	85	67	0	10	94	11	95	1.35e-05	32
olaTTNIg39_194	olaTTNIg94_193	24.675	77	58	0	16	92	14	90	1.41e-05	32
olaTTNIg39_194	olaTTNIg41_196	27.536	69	48	2	28	94	26	94	2.30e-05	31.2
olaTTNIg39_194	olaTTNIg81_193	27.273	77	53	1	16	92	17	90	3.18e-05	30.8
olaTTNIg39_194	olaTTNIg20_187	26.316	57	42	0	32	88	30	86	5.08e-05	30.4
olaTTNIg39_194	olaTTNIg14_188	24.706	85	60	1	8	92	7	87	8.77e-05	29.6
olaTTNIg39_194	olaTTNIg99_197	23.377	77	58	1	16	92	17	92	9.85e-05	29.6
olaTTNIg39_194	olaTTNIg87_194	24.675	77	56	1	16	92	17	91	1.23e-04	29.3
olaTTNIg39_194	olaTTNIg115_194	26.667	60	44	0	34	93	33	92	1.45e-04	29.3
olaTTNIg39_194	olaTTNIg19_391	38.462	39	24	0	35	73	33	71	1.80e-04	28.9
olaTTNIg39_194	olaTTNIg9_193	23.077	78	59	1	17	94	15	91	2.26e-04	28.5
olaTTNIg39_194	olaTTNIg110_194	25.714	70	50	2	25	92	23	92	2.43e-04	28.5
olaTTNIg39_194	olaTTNIg52_188	27.273	55	40	0	34	88	32	86	2.83e-04	28.1
olaTTNIg39_194	olaTTNIg71_194	25	76	55	1	17	92	18	91	4.06e-04	28.1
olaTTNIg39_194	olaTTNIg84_195	28.358	67	46	1	26	92	28	92	4.20e-04	28.1
olaTTNIg39_194	olaTTNIg102_195	31.25	64	41	2	30	92	31	92	5.94e-04	27.3
olaTTNIg39_194	olaTTNIg59_189	25	88	61	2	7	94	6	88	7.25e-04	27.3
olaTTNIg39_194	olaTTNIg61_188	20.482	83	65	1	7	89	7	88	0.001	26.6
olaTTNIg39_194	olaTTNIg18_389	28.09	89	58	2	4	92	4	86	0.001	26.6
olaTTNIg39_194	olaTTNIg109_193	18.085	94	74	2	2	94	1	92	0.001	26.6
olaTTNIg39_194	olaTTNIg8_195	21.053	95	72	2	2	94	1	94	0.001	26.6
olaTTNIg39_194	olaTTNIg60_187	23.077	52	40	0	33	84	31	82	0.002	26.2
olaTTNIg39_194	olaTTNIg105_194	18.987	79	62	1	16	94	17	93	0.002	26.2
olaTTNIg39_194	olaTTNIg69_194	23.288	73	54	1	10	82	11	81	0.002	26.2
olaTTNIg39_194	olaTTNIg13_189	28.205	39	28	0	35	73	33	71	0.002	25.8
olaTTNIg39_194	olaTTNIg7_195	25	96	65	4	2	92	1	94	0.002	25.8
olaTTNIg39_194	olaTTNIg90_195	26.506	83	59	1	10	92	12	92	0.002	25.8
olaTTNIg39_194	olaTTNIg11_191	30	50	34	1	29	77	27	76	0.003	25.8
olaTTNIg39_194	olaTTNIg97_197	24.731	93	68	1	2	92	2	94	0.004	25
olaTTNIg39_194	olaTTNIg96_194	26.667	60	42	1	33	92	34	91	0.005	25
olaTTNIg39_194	olaTTNIg91_193	18.987	79	64	0	16	94	14	92	0.006	24.6
olaTTNIg39_194	olaTTNIg12_189	25	56	42	0	35	90	34	89	0.008	24.3
olaTTNIg39_194	olaTTNIg16_189	24.096	83	62	1	6	88	6	87	0.008	24.3
olaTTNIg39_194	olaTTNIg80_196	25.676	74	54	1	10	82	10	83	0.01	24.3
olaTTNIg39_194	olaTTNIg62_195	23.684	76	45	2	30	92	18	93	0.013	23.9
olaTTNIg39_194	olaTTNIg49_187	29.787	47	33	0	29	75	26	72	0.014	23.9
olaTTNIg39_194	olaTTNIg47_188	24.638	69	51	1	21	89	21	88	0.016	23.5
olaTTNIg39_194	olaTTNnewIg_1104	19.767	86	60	1	16	92	17	102	0.045	22.3
olaTTNIg39_194	olaTTNIg45_192	30.612	49	31	2	34	80	32	79	0.049	22.3
olaTTNIg39_194	olaTTNIg45_192	28.358	67	34	4	30	89	18	77	0.21	20.4
olaTTNIg39_194	olaTTNIg79_197	20.779	77	60	1	17	92	18	94	0.05	22.3
olaTTNIg39_194	olaTTNIg67_1104	20.879	91	65	1	9	92	11	101	0.11	21.2
olaTTNIg39_194	olaTTNIg26_192	31.818	22	15	0	71	92	68	89	0.19	20.8
olaTTNIg39_194	olaTTNIg46_189	25.455	55	39	1	36	90	35	87	0.71	18.9
olaTTNIg39_194	olaTTNIg111_1101	18.478	92	52	2	4	94	31	100	2.8	17.3
olaTTNIg39_194	olaTTNIg15_187	37.5	24	15	0	11	34	63	86	5.2	16.5
olaTTNIg40_194	olaTTNIg40_194	100	94	0	0	1	94	1	94	1.47e-68	191
olaTTNIg40_194	olaTTNIg34_193	39.56	91	55	0	1	91	2	92	1.10e-24	80.9
olaTTNIg40_194	olaTTNIg36_194	40.217	92	54	1	1	91	2	93	1.48e-22	75.5
olaTTNIg40_194	olaTTNIg39_194	39.326	89	52	1	6	94	8	94	1.81e-19	67.8
olaTTNIg40_194	olaTTNIg30_194	36.957	92	57	1	1	91	2	93	3.63e-19	67
olaTTNIg40_194	olaTTNIg38_193	31.111	90	62	0	1	90	2	91	3.94e-17	61.6
olaTTNIg40_194	olaTTNIg33_195	35.802	81	52	0	10	90	11	91	4.76e-16	58.9
olaTTNIg40_194	olaTTNIg27_192	32.222	90	61	0	1	90	1	90	5.50e-16	58.9
olaTTNIg40_194	olaTTNIg32_194	35.484	93	57	2	1	91	2	93	1.88e-15	57.4
olaTTNIg40_194	olaTTNIg3_195	31.818	88	60	0	7	94	8	95	2.39e-15	57
olaTTNIg40_194	olaTTNIg29_192	29.67	91	64	0	1	91	1	91	2.43e-15	57
olaTTNIg40_194	olaTTNIg31_193	36.264	91	58	0	1	91	2	92	6.75e-15	55.8
olaTTNIg40_194	olaTTNIg23_194	32.979	94	63	0	1	94	1	94	1.66e-14	55.1
olaTTNIg40_194	olaTTNIg24_194	29.787	94	66	0	1	94	1	94	3.51e-14	54.3
olaTTNIg40_194	olaTTNIg5_198	31.915	94	63	1	1	93	2	95	4.52e-14	53.9
olaTTNIg40_194	olaTTNIg35_193	30.769	91	63	0	1	91	2	92	1.22e-13	52.8
olaTTNIg40_194	olaTTNIg49_187	34.831	89	52	2	3	91	4	86	1.18e-12	50.1
olaTTNIg40_194	olaTTNIg1_196	30.488	82	55	1	1	80	2	83	1.34e-11	47.8
olaTTNIg40_194	olaTTNIg37_193	28.571	91	65	0	1	91	2	92	1.76e-11	47.4
olaTTNIg40_194	olaTTNIg113_197	30.108	93	62	2	1	90	2	94	3.53e-11	46.6
olaTTNIg40_194	olaTTNIg110_194	32.53	83	54	2	1	81	1	83	5.56e-11	45.8
olaTTNIg40_194	olaTTNIg77_197	33.735	83	55	0	8	90	12	94	5.91e-11	45.8
olaTTNIg40_194	olaTTNIg66_196	33.333	90	58	2	2	90	5	93	8.43e-11	45.4
olaTTNIg40_194	olaTTNIg28_194	29.63	81	56	1	11	90	12	92	8.55e-11	45.4
olaTTNIg40_194	olaTTNIg41_196	31.395	86	56	2	8	90	7	92	9.49e-11	45.4
olaTTNIg40_194	olaTTNIg21_195	29.787	94	66	0	1	94	2	95	1.08e-10	45.1
olaTTNIg40_194	olaTTNIg101_195	35.294	85	52	2	10	94	13	94	1.24e-10	45.1
olaTTNIg40_194	olaTTNIg108_193	26.25	80	59	0	1	80	1	80	2.00e-10	44.7
olaTTNIg40_194	olaTTNIg22_193	31.25	80	54	1	1	80	2	80	2.11e-10	44.3
olaTTNIg40_194	olaTTNIg73_197	35.211	71	46	0	10	80	14	84	6.95e-10	43.1
olaTTNIg40_194	olaTTNIg25_194	29.67	91	63	1	1	90	2	92	1.68e-09	42
olaTTNIg40_194	olaTTNIg72_197	30.864	81	56	0	10	90	14	94	1.90e-09	42
olaTTNIg40_194	olaTTNIg8_195	25.806	93	67	1	1	91	1	93	1.95e-09	42
olaTTNIg40_194	olaTTNIg7_195	26.596	94	67	1	1	92	1	94	2.57e-09	41.6
olaTTNIg40_194	olaTTNIg117_196	24.731	93	68	1	1	93	2	92	2.74e-09	41.6
olaTTNIg40_194	olaTTNIg114_192	30.851	94	62	2	1	93	1	92	2.88e-09	41.6
olaTTNIg40_194	olaTTNIg83_195	29.487	78	53	1	15	92	17	92	2.92e-09	41.6
olaTTNIg40_194	olaTTNIg20_187	32.222	90	56	2	2	91	3	87	4.61e-09	40.8
olaTTNIg40_194	olaTTNIg70_195	29.63	81	57	0	10	90	12	92	4.63e-09	40.8
olaTTNIg40_194	olaTTNIg64_193	29.63	81	57	0	1	81	1	81	8.64e-09	40.4
olaTTNIg40_194	olaTTNIg10_194	29.63	81	56	1	1	80	2	82	1.12e-08	40
olaTTNIg40_194	olaTTNIg90_195	32.53	83	52	2	8	88	12	92	1.15e-08	40
olaTTNIg40_194	olaTTNIg44_197	30.851	94	60	2	2	91	5	97	1.25e-08	40
olaTTNIg40_194	olaTTNIg95_197	29.762	84	53	1	10	93	14	91	1.42e-08	39.7
olaTTNIg40_194	olaTTNIg115_194	21.978	91	69	1	1	89	2	92	1.55e-08	39.7
olaTTNIg40_194	olaTTNIg89_196	30.233	86	54	2	8	90	11	93	2.16e-08	39.3
olaTTNIg40_194	olaTTNIg76_192	25.275	91	67	1	1	91	1	90	2.74e-08	38.9
olaTTNIg40_194	olaTTNIg98_196	27.381	84	58	1	1	81	1	84	4.80e-08	38.5
olaTTNIg40_194	olaTTNIg74_196	29.412	85	56	2	10	92	11	93	1.90e-07	37
olaTTNIg40_194	olaTTNIg91_193	25.926	81	60	0	1	81	1	81	2.31e-07	36.6
olaTTNIg40_194	olaTTNIg9_193	24.138	87	65	1	8	94	8	93	2.41e-07	36.6
olaTTNIg40_194	olaTTNIg53_190	29.231	65	45	1	6	70	9	72	2.74e-07	36.2
olaTTNIg40_194	olaTTNIg87_194	32.877	73	47	1	8	80	11	81	3.22e-07	36.2
olaTTNIg40_194	olaTTNIg111_1101	34.783	69	44	1	15	82	22	90	3.24e-07	36.2
olaTTNIg40_194	olaTTNIg2_194	26.374	91	67	0	1	91	2	92	3.62e-07	36.2
olaTTNIg40_194	olaTTNIg86_197	29.577	71	50	0	10	80	14	84	3.96e-07	35.8
olaTTNIg40_194	olaTTNIg16_189	31.818	66	44	1	6	71	8	72	4.91e-07	35.4
olaTTNIg40_194	olaTTNIg52_188	28.169	71	50	1	3	73	4	73	7.95e-07	35
olaTTNIg40_194	olaTTNIg82_196	26.804	97	66	2	1	94	1	95	1.67e-06	34.3
olaTTNIg40_194	olaTTNIg103_196	24.359	78	59	0	4	81	7	84	1.78e-06	34.3
olaTTNIg40_194	olaTTNIg112_198	23.377	77	58	1	7	82	11	87	1.97e-06	34.3
olaTTNIg40_194	olaTTNIg116_195	24.138	87	66	0	8	94	9	95	2.07e-06	33.9
olaTTNIg40_194	olaTTNIg6_195	27.16	81	58	1	15	94	15	95	2.37e-06	33.9
olaTTNIg40_194	olaTTNIg85_194	30.137	73	47	2	10	80	11	81	3.52e-06	33.5
olaTTNIg40_194	olaTTNIg67_1104	30.682	88	54	2	10	90	14	101	4.02e-06	33.5
olaTTNIg40_194	olaTTNIg42_192	30.909	55	37	1	17	71	22	75	4.08e-06	33.1
olaTTNIg40_194	olaTTNIg102_195	32.836	67	43	1	15	81	19	83	4.74e-06	33.1
olaTTNIg40_194	olaTTNIg55_190	26.25	80	58	1	2	81	5	83	5.90e-06	32.7
olaTTNIg40_194	olaTTNIg96_194	30.263	76	48	2	1	73	1	74	8.40e-06	32.3
olaTTNIg40_194	olaTTNIg78_196	25.352	71	53	0	10	80	13	83	1.21e-05	32
olaTTNIg40_194	olaTTNIg4_195	32.353	68	44	1	15	80	16	83	1.39e-05	32
olaTTNIg40_194	olaTTNIg94_193	20.988	81	64	0	1	81	1	81	1.50e-05	31.6
olaTTNIg40_194	olaTTNIg93_194	29.73	74	50	1	8	81	11	82	2.06e-05	31.6
olaTTNIg40_194	olaTTNIg57_188	29.508	61	42	1	12	72	13	72	2.33e-05	31.2
olaTTNIg40_194	olaTTNIg59_189	21.348	89	65	2	2	90	3	86	2.80e-05	30.8
olaTTNIg40_194	olaTTNIg106_196	25	76	57	0	5	80	8	83	3.35e-05	30.8
olaTTNIg40_194	olaTTNIg105_194	22.989	87	63	2	8	94	11	93	5.04e-05	30.4
olaTTNIg40_194	olaTTNIg63_197	25.676	74	55	0	7	80	11	84	5.75e-05	30.4
olaTTNIg40_194	olaTTNIg84_195	29.87	77	46	2	17	90	21	92	5.79e-05	30.4
olaTTNIg40_194	olaTTNIg88_193	25.714	70	52	0	11	80	11	80	6.32e-05	30
olaTTNIg40_194	olaTTNIg104_198	27.711	83	58	1	10	92	15	95	9.28e-05	29.6
olaTTNIg40_194	olaTTNIg60_187	23.944	71	53	1	3	73	4	73	9.59e-05	29.6
olaTTNIg40_194	olaTTNIg107_194	24.731	93	65	2	1	90	1	91	1.18e-04	29.3
olaTTNIg40_194	olaTTNIg100_195	19.118	68	55	0	4	71	7	74	1.23e-04	29.3
olaTTNIg40_194	olaTTNIg71_194	23.188	69	47	2	14	80	17	81	1.28e-04	29.3
olaTTNIg40_194	olaTTNIg62_195	28.767	73	43	2	10	77	12	80	1.88e-04	28.9
olaTTNIg40_194	olaTTNIg54_189	25.61	82	60	1	2	83	4	84	2.40e-04	28.5
olaTTNIg40_194	olaTTNIg69_194	26.761	71	50	1	10	80	13	81	2.84e-04	28.5
olaTTNIg40_194	olaTTNIg14_188	25.758	66	49	0	6	71	7	72	3.44e-04	28.1
olaTTNIg40_194	olaTTNIg92_196	22.222	72	56	0	10	81	13	84	4.51e-04	27.7
olaTTNIg40_194	olaTTNIg80_196	25.333	75	55	1	7	80	9	83	8.42e-04	26.9
olaTTNIg40_194	olaTTNIg79_197	26.471	68	49	1	15	81	18	85	8.95e-04	26.9
olaTTNIg40_194	olaTTNIg109_193	26.582	79	56	2	4	80	2	80	0.001	26.9
olaTTNIg40_194	olaTTNIg99_197	24.638	69	52	0	12	80	15	83	0.002	26.2
olaTTNIg40_194	olaTTNIg43_297	22.857	70	53	1	2	71	4	72	0.003	25.8
olaTTNIg40_194	olaTTNIg45_192	24.211	95	65	4	2	94	3	92	0.003	25.8
olaTTNIg40_194	olaTTNIg56_189	22.785	79	60	1	1	79	2	79	0.003	25.4
olaTTNIg40_194	olaTTNIg26_192	26.667	60	43	1	32	90	30	89	0.005	25
olaTTNIg40_194	olaTTNIg19_391	31.034	87	50	5	8	90	6	86	0.006	24.6
olaTTNIg40_194	olaTTNIg46_189	24.242	66	49	1	6	71	8	72	0.007	24.6
olaTTNIg40_194	olaTTNIg11_191	20.37	54	42	1	20	73	22	74	0.014	23.9
olaTTNIg40_194	olaTTNIg13_189	28.788	66	46	1	6	71	7	71	0.015	23.5
olaTTNIg40_194	olaTTNIg61_188	17.308	52	43	0	30	81	31	82	0.019	23.5
olaTTNIg40_194	olaTTNIg97_197	20.238	84	64	1	1	81	2	85	0.057	21.9
olaTTNIg40_194	olaTTNIg12_189	21.818	55	43	0	34	88	35	89	0.07	21.9
olaTTNIg40_194	olaTTNIg48_188	23.596	89	61	4	3	90	4	86	0.079	21.6
olaTTNIg40_194	olaTTNIg81_193	25.806	93	59	3	2	90	4	90	0.085	21.6
olaTTNIg40_194	olaTTNIg75_195	33.333	27	18	0	10	36	13	39	0.11	21.2
olaTTNIg40_194	olaTTNIg18_389	22.619	84	60	2	8	91	9	87	0.11	21.2
olaTTNIg40_194	olaTTNnewIg_1104	22	100	39	3	15	90	18	102	0.57	19.2
olaTTNIg40_194	olaTTNIg68_199	20.548	73	51	1	15	80	14	86	1.6	18.1
olaTTNIg41_196	olaTTNIg41_196	100	96	0	0	1	96	1	96	2.22e-70	196
olaTTNIg41_196	olaTTNIg4_195	34.444	90	56	2	3	90	3	91	6.17e-14	53.5
olaTTNIg41_196	olaTTNIg110_194	36.667	90	56	1	4	92	3	92	2.56e-12	49.3
olaTTNIg41_196	olaTTNIg76_192	28.571	70	49	1	23	92	21	89	1.83e-11	47.4
olaTTNIg41_196	olaTTNIg23_194	30.108	93	64	1	4	96	3	94	3.07e-11	46.6
olaTTNIg41_196	olaTTNIg21_195	31.579	76	51	1	21	96	21	95	4.62e-11	46.2
olaTTNIg41_196	olaTTNIg1_196	30.108	93	64	1	4	95	4	96	7.16e-11	45.8
olaTTNIg41_196	olaTTNIg40_194	31.395	86	56	2	7	92	8	90	9.69e-11	45.4
olaTTNIg41_196	olaTTNIg3_195	26.437	87	63	1	10	96	10	95	1.17e-10	45.1
olaTTNIg41_196	olaTTNIg116_195	30.435	92	63	1	5	96	5	95	2.38e-10	44.3
olaTTNIg41_196	olaTTNIg43_297	29.787	94	63	3	4	96	5	96	1.16e-09	42.7
olaTTNIg41_196	olaTTNIg33_195	30.337	89	61	1	4	92	4	91	1.84e-09	42
olaTTNIg41_196	olaTTNIg52_188	29.333	75	51	2	1	75	1	73	1.99e-09	42
olaTTNIg41_196	olaTTNIg25_194	25.926	81	60	0	13	93	13	93	3.25e-09	41.6
olaTTNIg41_196	olaTTNIg79_197	32.143	84	55	1	5	86	5	88	3.58e-09	41.6
olaTTNIg41_196	olaTTNIg67_1104	32.927	82	48	3	9	83	11	92	4.07e-09	41.6
olaTTNIg41_196	olaTTNIg72_197	34.568	81	51	2	13	92	15	94	4.20e-09	41.2
olaTTNIg41_196	olaTTNIg112_198	32.143	84	54	3	12	93	14	96	7.61e-09	40.4
olaTTNIg41_196	olaTTNIg27_192	32.051	78	52	1	17	94	16	92	1.26e-08	40
olaTTNIg41_196	olaTTNIg117_196	26.374	91	66	1	3	93	3	92	2.06e-08	39.3
olaTTNIg41_196	olaTTNIg9_193	30	90	59	3	8	96	7	93	2.15e-08	39.3
olaTTNIg41_196	olaTTNIg114_192	31.111	90	52	4	9	94	8	91	2.96e-08	38.9
olaTTNIg41_196	olaTTNIg6_195	28.723	94	65	2	4	96	3	95	4.30e-08	38.5
olaTTNIg41_196	olaTTNIg35_193	34.286	70	44	2	23	92	24	91	5.18e-08	38.1
olaTTNIg41_196	olaTTNIg28_194	29.213	89	63	0	4	92	4	92	5.45e-08	38.1
olaTTNIg41_196	olaTTNIg5_198	29.762	84	57	2	10	92	10	92	7.21e-08	38.1
olaTTNIg41_196	olaTTNIg115_194	28.767	73	51	1	21	93	21	92	1.55e-07	37
olaTTNIg41_196	olaTTNIg66_196	33.333	60	38	1	23	82	26	83	2.28e-07	36.6
olaTTNIg41_196	olaTTNIg7_195	31.707	82	51	2	4	82	3	82	3.46e-07	36.2
olaTTNIg41_196	olaTTNIg108_193	29.412	68	47	1	19	86	18	84	4.79e-07	35.8
olaTTNIg41_196	olaTTNIg22_193	25.581	86	62	2	10	95	10	93	5.43e-07	35.8
olaTTNIg41_196	olaTTNIg59_189	27.174	92	61	3	2	93	2	87	5.83e-07	35.4
olaTTNIg41_196	olaTTNIg83_195	31.667	60	40	1	23	82	24	82	5.86e-07	35.4
olaTTNIg41_196	olaTTNIg91_193	31.429	70	45	2	27	95	26	93	5.98e-07	35.4
olaTTNIg41_196	olaTTNIg44_197	37.288	59	34	2	35	92	40	96	6.18e-07	35.4
olaTTNIg41_196	olaTTNIg86_197	27.907	86	51	2	8	83	1	85	6.86e-07	35.4
olaTTNIg41_196	olaTTNIg62_195	29.114	79	52	1	11	85	12	90	7.08e-07	35.4
olaTTNIg41_196	olaTTNIg30_194	31.183	93	61	3	4	95	4	94	7.82e-07	35
olaTTNIg41_196	olaTTNIg2_194	23.596	89	67	1	4	92	4	91	8.07e-07	35
olaTTNIg41_196	olaTTNIg82_196	29.487	78	44	2	20	87	12	88	1.08e-06	35
olaTTNIg41_196	olaTTNIg89_196	26.667	60	43	1	23	82	25	83	1.10e-06	35
olaTTNIg41_196	olaTTNIg73_197	28.358	67	47	1	20	86	23	88	1.42e-06	34.7
olaTTNIg41_196	olaTTNIg68_199	25.926	81	50	2	20	92	18	96	1.67e-06	34.3
olaTTNIg41_196	olaTTNIg46_189	32.787	61	39	2	13	73	14	72	1.90e-06	34.3
olaTTNIg41_196	olaTTNIg14_188	29.762	84	54	2	9	92	9	87	2.62e-06	33.9
olaTTNIg41_196	olaTTNIg74_196	28.986	69	48	1	25	92	25	93	2.76e-06	33.9
olaTTNIg41_196	olaTTNIg88_193	31.944	72	46	2	25	95	24	93	3.61e-06	33.5
olaTTNIg41_196	olaTTNIg17_290	27.711	83	55	2	10	92	11	88	4.46e-06	33.1
olaTTNIg41_196	olaTTNIg96_194	35.938	64	37	2	11	73	12	72	6.87e-06	32.7
olaTTNIg41_196	olaTTNIg77_197	28.571	70	48	2	14	82	16	84	1.16e-05	32.3
olaTTNIg41_196	olaTTNIg36_194	25.714	70	51	1	23	92	24	92	1.35e-05	32
olaTTNIg41_196	olaTTNIg71_194	29.688	64	42	2	20	83	22	82	1.60e-05	31.6
olaTTNIg41_196	olaTTNIg47_188	34.286	70	44	2	4	73	5	72	1.75e-05	31.6
olaTTNIg41_196	olaTTNIg105_194	34.286	70	43	1	17	86	19	85	1.91e-05	31.6
olaTTNIg41_196	olaTTNIg31_193	27.381	84	60	1	3	86	3	85	2.30e-05	31.2
olaTTNIg41_196	olaTTNIg39_194	27.536	69	48	2	26	94	28	94	2.35e-05	31.2
olaTTNIg41_196	olaTTNIg34_193	25.333	75	55	1	18	92	18	91	2.57e-05	31.2
olaTTNIg41_196	olaTTNIg95_197	29.032	62	43	1	23	84	26	86	3.05e-05	31.2
olaTTNIg41_196	olaTTNIg8_195	25.641	78	55	2	17	92	16	92	4.45e-05	30.4
olaTTNIg41_196	olaTTNIg42_192	30.12	83	52	3	12	93	14	91	4.50e-05	30.4
olaTTNIg41_196	olaTTNIg50_192	27.5	80	56	2	2	81	2	79	4.94e-05	30.4
olaTTNIg41_196	olaTTNIg80_196	31.034	58	39	1	25	82	27	83	4.94e-05	30.4
olaTTNIg41_196	olaTTNIg57_188	28.571	70	48	2	4	73	4	71	6.18e-05	30
olaTTNIg41_196	olaTTNIg103_196	29.231	65	43	2	20	82	20	83	6.40e-05	30
olaTTNIg41_196	olaTTNIg92_196	29.73	74	50	2	10	82	11	83	6.74e-05	30
olaTTNIg41_196	olaTTNIg63_197	26.027	73	53	1	23	95	26	97	7.57e-05	30
olaTTNIg41_196	olaTTNIg13_189	25	84	59	3	9	92	9	88	1.17e-04	29.3
olaTTNIg41_196	olaTTNIg98_196	22.388	67	51	1	29	95	31	96	1.28e-04	29.3
olaTTNIg41_196	olaTTNIg29_192	29.508	61	40	2	33	92	32	90	1.28e-04	29.3
olaTTNIg41_196	olaTTNIg85_194	26.866	67	48	1	29	95	29	94	1.65e-04	28.9
olaTTNIg41_196	olaTTNIg10_194	31.507	73	48	2	21	92	21	92	2.07e-04	28.9
olaTTNIg41_196	olaTTNIg93_194	33.333	72	45	2	11	82	13	81	2.15e-04	28.9
olaTTNIg41_196	olaTTNIg84_195	27.778	72	49	1	21	92	24	92	2.16e-04	28.9
olaTTNIg41_196	olaTTNIg113_197	30.38	79	49	3	21	95	21	97	2.55e-04	28.5
olaTTNIg41_196	olaTTNIg97_197	30.263	76	51	2	8	82	10	84	3.07e-04	28.5
olaTTNIg41_196	olaTTNIg61_188	28	50	35	1	33	82	33	81	3.42e-04	28.1
olaTTNIg41_196	olaTTNIg81_193	28.571	63	41	1	21	83	23	81	3.42e-04	28.1
olaTTNIg41_196	olaTTNIg111_1101	28.358	67	48	0	27	93	33	99	3.93e-04	28.1
olaTTNIg41_196	olaTTNIg32_194	30.435	69	43	3	26	92	27	92	4.65e-04	27.7
olaTTNIg41_196	olaTTNIg38_193	31.915	47	30	1	48	94	49	93	7.52e-04	27.3
olaTTNIg41_196	olaTTNIg64_193	25.926	54	39	1	29	82	28	80	0.002	26.2
olaTTNIg41_196	olaTTNIg56_189	34.783	69	40	3	10	75	7	73	0.002	26.2
olaTTNIg41_196	olaTTNIg69_194	25.758	66	46	2	17	82	19	81	0.002	26.2
olaTTNIg41_196	olaTTNIg37_193	33.333	24	16	0	69	92	68	91	0.004	25.4
olaTTNIg41_196	olaTTNIg87_194	25.806	62	43	1	21	82	23	81	0.005	25
olaTTNIg41_196	olaTTNIg102_195	26.786	56	38	1	27	82	30	82	0.006	24.6
olaTTNIg41_196	olaTTNIg102_195	38.095	21	13	0	75	95	36	56	4.7	16.5
olaTTNIg41_196	olaTTNIg90_195	28.571	56	37	1	27	82	30	82	0.006	24.6
olaTTNIg41_196	olaTTNIg104_198	26.667	60	43	1	23	82	27	85	0.007	24.6
olaTTNIg41_196	olaTTNIg94_193	25.862	58	42	1	25	82	24	80	0.012	23.9
olaTTNIg41_196	olaTTNIg19_391	27.536	69	46	3	10	77	10	75	0.018	23.5
olaTTNIg41_196	olaTTNIg101_195	27.586	58	40	2	25	82	27	82	0.019	23.5
olaTTNIg41_196	olaTTNIg99_197	23.81	63	47	1	21	83	23	84	0.023	23.1
olaTTNIg41_196	olaTTNIg75_195	30.159	63	42	1	21	83	23	83	0.026	23.1
olaTTNIg41_196	olaTTNIg109_193	25.714	70	50	2	27	95	25	93	0.026	23.1
olaTTNIg41_196	olaTTNIg107_194	32.308	65	40	3	10	73	11	72	0.028	23.1
olaTTNIg41_196	olaTTNIg100_195	24.074	54	40	1	27	80	29	81	0.028	23.1
olaTTNIg41_196	olaTTNIg78_196	28.571	56	39	1	18	73	20	74	0.039	22.7
olaTTNIg41_196	olaTTNIg58_193	23.529	51	38	1	33	83	32	81	0.22	20.4
olaTTNIg41_196	olaTTNIg45_192	26.667	30	22	0	46	75	45	74	0.31	20
olaTTNIg41_196	olaTTNIg70_195	16.667	72	59	1	24	95	25	95	0.39	19.6
olaTTNIg41_196	olaTTNnewIg_1104	45	20	10	1	17	35	18	37	0.74	18.9
olaTTNIg41_196	olaTTNIg26_192	32	25	17	0	71	95	68	92	1.3	18.1
olaTTNIg42_192	olaTTNIg42_192	100	92	0	0	1	92	1	92	1.59e-69	194
olaTTNIg42_192	olaTTNIg19_391	36.047	86	51	2	6	90	4	86	7.06e-16	58.2
olaTTNIg42_192	olaTTNIg53_190	27.273	88	62	1	3	90	3	88	2.83e-14	54.3
olaTTNIg42_192	olaTTNIg43_297	29.787	94	59	2	4	92	3	94	8.42e-14	53.1
olaTTNIg42_192	olaTTNIg47_188	32.143	84	55	1	7	90	6	87	1.53e-13	52.4
olaTTNIg42_192	olaTTNIg20_187	31.034	87	58	1	4	90	2	86	4.24e-13	51.2
olaTTNIg42_192	olaTTNIg12_189	28.409	88	61	1	3	90	2	87	2.97e-12	48.9
olaTTNIg42_192	olaTTNIg46_189	31.765	85	56	1	6	90	5	87	4.34e-12	48.5
olaTTNIg42_192	olaTTNIg17_290	31.111	90	59	2	2	90	1	88	1.21e-11	47.4
olaTTNIg42_192	olaTTNIg15_187	27.273	88	62	1	3	90	1	86	1.07e-10	45.1
olaTTNIg42_192	olaTTNIg59_189	26.829	82	58	1	10	91	8	87	1.69e-10	44.7
olaTTNIg42_192	olaTTNIg54_189	31.507	73	48	1	3	75	2	72	4.86e-10	43.1
olaTTNIg42_192	olaTTNIg61_188	26.966	89	63	1	3	91	2	88	5.36e-10	43.1
olaTTNIg42_192	olaTTNIg108_193	32.394	71	47	1	5	75	2	71	1.07e-09	42.4
olaTTNIg42_192	olaTTNIg57_188	27.848	79	55	1	12	90	10	86	2.43e-09	41.6
olaTTNIg42_192	olaTTNIg49_187	29.67	91	60	2	2	92	1	87	3.47e-09	41.2
olaTTNIg42_192	olaTTNIg50_192	27.273	88	62	2	3	90	1	86	3.78e-09	41.2
olaTTNIg42_192	olaTTNIg51_488	28.571	84	58	1	7	90	2	83	2.22e-08	38.9
olaTTNIg42_192	olaTTNIg9_193	30.337	89	51	3	2	90	8	85	2.27e-08	39.3
olaTTNIg42_192	olaTTNIg33_195	25.287	87	64	1	3	89	1	86	2.30e-08	39.3
olaTTNIg42_192	olaTTNIg60_187	26.136	88	63	1	3	90	1	86	4.47e-08	38.1
olaTTNIg42_192	olaTTNIg115_194	27.692	65	46	1	15	79	13	76	1.56e-07	37
olaTTNIg42_192	olaTTNIg28_194	31.081	74	49	2	3	75	1	73	2.08e-07	36.6
olaTTNIg42_192	olaTTNIg34_193	27.586	58	41	1	18	75	16	72	2.30e-07	36.6
olaTTNIg42_192	olaTTNIg3_195	26.761	71	51	1	5	75	3	72	2.67e-07	36.2
olaTTNIg42_192	olaTTNIg16_189	31.325	83	55	1	8	90	7	87	4.05e-07	35.8
olaTTNIg42_192	olaTTNIg23_194	28.571	91	60	3	6	92	3	92	4.41e-07	35.8
olaTTNIg42_192	olaTTNIg116_195	25.974	77	56	1	3	79	1	76	9.30e-07	35
olaTTNIg42_192	olaTTNIg14_188	27.16	81	58	1	10	90	8	87	1.35e-06	34.3
olaTTNIg42_192	olaTTNIg13_189	24.444	90	64	2	3	90	1	88	1.66e-06	34.3
olaTTNIg42_192	olaTTNIg55_190	26.389	72	51	1	4	75	4	73	2.04e-06	33.9
olaTTNIg42_192	olaTTNIg5_198	29.63	81	51	3	15	90	13	92	3.36e-06	33.5
olaTTNIg42_192	olaTTNIg40_194	30.909	55	37	1	22	75	17	71	3.99e-06	33.1
olaTTNIg42_192	olaTTNIg44_197	29.897	97	56	5	3	90	3	96	4.00e-06	33.1
olaTTNIg42_192	olaTTNIg24_194	26.087	46	34	0	30	75	26	71	8.15e-06	32.3
olaTTNIg42_192	olaTTNIg21_195	24.658	73	54	1	3	75	1	72	9.47e-06	32.3
olaTTNIg42_192	olaTTNIg39_194	29.825	57	39	1	19	75	18	73	9.74e-06	32.3
olaTTNIg42_192	olaTTNIg18_389	27.586	87	61	1	4	90	2	86	1.36e-05	31.6
olaTTNIg42_192	olaTTNIg36_194	24.658	73	54	1	3	75	2	73	1.45e-05	31.6
olaTTNIg42_192	olaTTNIg56_189	27.941	68	47	1	8	75	6	71	2.09e-05	31.2
olaTTNIg42_192	olaTTNIg103_196	27.027	74	53	1	3	75	1	74	2.36e-05	31.2
olaTTNIg42_192	olaTTNIg112_198	23.944	71	54	0	6	76	7	77	2.63e-05	31.2
olaTTNIg42_192	olaTTNIg11_191	24.324	74	53	2	3	75	1	72	3.04e-05	30.8
olaTTNIg42_192	olaTTNIg30_194	30.189	53	36	1	23	75	22	73	4.15e-05	30.4
olaTTNIg42_192	olaTTNIg41_196	30.12	83	52	3	14	91	12	93	4.31e-05	30.4
olaTTNIg42_192	olaTTNIg1_196	29.885	87	44	5	17	92	15	95	5.42e-05	30.4
olaTTNIg42_192	olaTTNIg58_193	23.333	90	66	2	4	92	2	89	8.23e-05	29.6
olaTTNIg42_192	olaTTNIg31_193	26.027	73	53	1	3	75	1	72	2.32e-04	28.5
olaTTNIg42_192	olaTTNIg27_192	29.333	75	48	2	21	91	18	91	4.30e-04	27.7
olaTTNIg42_192	olaTTNIg38_193	20.548	73	57	1	3	75	1	72	4.82e-04	27.7
olaTTNIg42_192	olaTTNIg104_198	29.545	44	31	0	32	75	33	76	0.001	26.6
olaTTNIg42_192	olaTTNIg37_193	27.451	51	33	1	36	86	33	79	0.002	26.2
olaTTNIg42_192	olaTTNIg86_197	22.059	68	52	1	13	79	12	79	0.002	26.2
olaTTNIg42_192	olaTTNIg64_193	21.739	46	36	0	32	77	28	73	0.002	25.8
olaTTNIg42_192	olaTTNIg72_197	21.739	69	53	1	7	75	8	75	0.003	25.8
olaTTNIg42_192	olaTTNIg117_196	22.727	66	50	1	12	77	10	74	0.003	25.8
olaTTNIg42_192	olaTTNIg22_193	14.474	76	63	1	3	78	1	74	0.004	25.4
olaTTNIg42_192	olaTTNIg109_193	26.23	61	44	1	27	86	22	82	0.004	25
olaTTNIg42_192	olaTTNIg106_196	25.532	47	35	0	29	75	28	74	0.004	25
olaTTNIg42_192	olaTTNIg113_197	30.882	68	40	2	31	91	28	95	0.006	24.6
olaTTNIg42_192	olaTTNIg66_196	28.571	56	38	2	32	87	32	85	0.006	24.6
olaTTNIg42_192	olaTTNIg82_196	21.277	47	37	0	32	78	31	77	0.007	24.6
olaTTNIg42_192	olaTTNIg114_192	29.032	62	40	3	17	77	14	72	0.007	24.6
olaTTNIg42_192	olaTTNIg76_192	19.718	71	52	1	14	79	4	74	0.01	23.9
olaTTNIg42_192	olaTTNIg98_196	22.449	49	38	0	29	77	28	76	0.012	23.9
olaTTNIg42_192	olaTTNIg88_193	27.273	44	32	0	32	75	28	71	0.013	23.9
olaTTNIg42_192	olaTTNIg89_196	19.118	68	54	1	13	79	11	78	0.014	23.9
olaTTNIg42_192	olaTTNIg73_197	20.779	77	60	1	14	90	15	90	0.014	23.9
olaTTNIg42_192	olaTTNIg111_1101	21.519	79	60	2	4	80	5	83	0.02	23.5
olaTTNIg42_192	olaTTNIg99_197	26.829	41	30	0	37	77	36	76	0.025	23.1
olaTTNIg42_192	olaTTNIg67_1104	19.048	84	60	2	4	79	3	86	0.027	23.1
olaTTNIg42_192	olaTTNIg100_195	20.833	48	38	0	32	79	31	78	0.028	22.7
olaTTNIg42_192	olaTTNIg71_194	25	56	39	2	22	77	22	74	0.029	22.7
olaTTNIg42_192	olaTTNIg85_194	21.739	46	36	0	32	77	29	74	0.066	21.9
olaTTNIg42_192	olaTTNIg102_195	30.435	46	30	1	32	77	32	75	0.12	21.2
olaTTNIg42_192	olaTTNIg45_192	25.316	79	46	4	3	75	1	72	0.14	20.8
olaTTNIg42_192	olaTTNIg94_193	20.339	59	46	1	22	80	19	76	0.15	20.8
olaTTNIg42_192	olaTTNIg35_193	21.429	42	33	0	34	75	31	72	0.19	20.4
olaTTNIg42_192	olaTTNIg74_196	22.917	48	37	0	32	79	31	78	0.2	20.4
olaTTNIg42_192	olaTTNIg77_197	25	48	36	0	32	79	32	79	0.22	20.4
olaTTNIg42_192	olaTTNIg80_196	22.5	40	31	0	38	77	37	76	0.24	20.4
olaTTNIg42_192	olaTTNIg90_195	29.545	44	29	1	32	75	32	73	0.25	20.4
olaTTNIg42_192	olaTTNIg91_193	23.333	60	42	1	32	91	28	83	0.31	20
olaTTNIg42_192	olaTTNIg70_195	19.149	47	38	0	32	78	30	76	0.36	19.6
olaTTNIg42_192	olaTTNIg95_197	21.739	46	36	0	30	75	30	75	0.62	19.2
olaTTNIg42_192	olaTTNIg25_194	22.667	75	54	3	3	75	1	73	1	18.5
olaTTNIg42_192	olaTTNIg83_195	19.048	63	45	1	32	88	30	92	1.3	18.1
olaTTNIg42_192	olaTTNIg110_194	23.729	59	42	3	21	77	18	75	1.4	18.1
olaTTNIg42_192	olaTTNIg101_195	23.913	46	34	1	32	77	31	75	1.6	18.1
olaTTNIg42_192	olaTTNIg29_192	29.63	27	17	1	2	28	52	76	6.7	16.2
olaTTNIg43_297	olaTTNIg43_297	100	96	0	0	1	96	1	96	3.91e-72	201
olaTTNIg43_297	olaTTNIg59_189	29.348	92	60	1	2	93	1	87	7.99e-18	63.5
olaTTNIg43_297	olaTTNIg55_190	37.333	75	47	0	3	77	4	78	1.61e-17	62.8
olaTTNIg43_297	olaTTNIg44_197	34.177	79	48	1	3	77	4	82	8.63e-17	60.8
olaTTNIg43_297	olaTTNIg54_189	33.333	75	50	0	3	77	3	77	6.10e-16	58.5
olaTTNIg43_297	olaTTNIg20_187	33.784	74	49	0	3	76	2	75	2.10e-15	57.4
olaTTNIg43_297	olaTTNIg47_188	30.337	89	57	2	2	90	2	85	1.07e-14	55.5
olaTTNIg43_297	olaTTNIg19_391	29.545	88	57	1	3	90	2	84	1.82e-14	54.7
olaTTNIg43_297	olaTTNIg57_188	30.337	89	57	1	4	92	3	86	5.09e-14	53.5
olaTTNIg43_297	olaTTNIg56_189	33.803	71	47	0	4	74	3	73	5.62e-14	53.5
olaTTNIg43_297	olaTTNIg42_192	29.787	94	59	2	3	94	4	92	8.79e-14	53.1
olaTTNIg43_297	olaTTNIg17_290	32.584	89	54	2	3	90	3	86	9.05e-14	53.1
olaTTNIg43_297	olaTTNIg53_190	28	75	54	0	3	77	4	78	1.64e-13	52.4
olaTTNIg43_297	olaTTNIg60_187	30.682	88	56	1	5	92	4	86	9.34e-13	50.4
olaTTNIg43_297	olaTTNIg52_188	28.409	88	58	1	5	92	4	86	1.21e-12	50.1
olaTTNIg43_297	olaTTNIg51_488	30.233	86	55	1	5	90	1	81	6.38e-12	48.1
olaTTNIg43_297	olaTTNIg12_189	27.778	90	60	1	3	92	3	87	1.84e-11	47
olaTTNIg43_297	olaTTNIg48_188	32.836	67	45	0	2	68	1	67	2.71e-11	46.6
olaTTNIg43_297	olaTTNIg49_187	30.882	68	46	1	5	72	4	70	6.76e-11	45.8
olaTTNIg43_297	olaTTNIg61_188	29.167	72	48	1	19	90	19	87	1.14e-10	45.1
olaTTNIg43_297	olaTTNIg11_191	28.09	89	61	3	3	90	2	88	1.43e-10	45.1
olaTTNIg43_297	olaTTNIg1_196	32.609	92	58	3	5	93	4	94	3.18e-10	44.3
olaTTNIg43_297	olaTTNIg18_389	27.778	90	60	1	3	92	2	86	5.67e-10	43.1
olaTTNIg43_297	olaTTNIg41_196	29.787	94	63	3	5	96	4	96	1.16e-09	42.7
olaTTNIg43_297	olaTTNIg15_187	28.409	88	58	1	3	90	2	84	1.87e-09	42
olaTTNIg43_297	olaTTNIg50_192	27.174	92	62	1	3	94	2	88	1.91e-09	42
olaTTNIg43_297	olaTTNIg46_189	28.571	70	50	0	5	74	5	74	2.73e-09	41.6
olaTTNIg43_297	olaTTNIg112_198	31.522	92	60	3	5	94	7	97	5.02e-09	41.2
olaTTNIg43_297	olaTTNIg22_193	28.571	84	59	1	9	92	8	90	2.63e-08	38.9
olaTTNIg43_297	olaTTNIg23_194	26.596	94	67	2	4	96	2	94	5.28e-08	38.1
olaTTNIg43_297	olaTTNIg5_198	25.556	90	64	3	5	92	4	92	5.78e-08	38.1
olaTTNIg43_297	olaTTNIg108_193	24.719	89	65	2	5	92	3	90	8.90e-08	37.7
olaTTNIg43_297	olaTTNIg21_195	27.66	94	66	2	4	96	3	95	8.93e-08	37.7
olaTTNIg43_297	olaTTNIg2_194	26.374	91	65	2	5	94	4	93	2.09e-07	36.6
olaTTNIg43_297	olaTTNIg28_194	28.09	89	59	4	5	90	4	90	2.81e-07	36.6
olaTTNIg43_297	olaTTNIg3_195	24.638	69	51	1	9	76	8	76	8.47e-07	35
olaTTNIg43_297	olaTTNIg27_192	28.767	73	51	1	5	76	3	75	1.32e-06	34.7
olaTTNIg43_297	olaTTNIg34_193	28.986	69	48	1	5	72	4	72	1.79e-06	34.3
olaTTNIg43_297	olaTTNIg58_193	24.242	66	50	0	9	74	8	73	5.21e-06	33.1
olaTTNIg43_297	olaTTNIg100_195	27.273	44	32	0	31	74	33	76	8.50e-06	32.3
olaTTNIg43_297	olaTTNIg116_195	24.286	70	52	1	8	76	7	76	9.74e-06	32.3
olaTTNIg43_297	olaTTNIg39_194	31.707	41	28	0	32	72	33	73	1.09e-05	32.3
olaTTNIg43_297	olaTTNIg16_189	25.714	70	50	1	7	74	7	76	6.03e-05	30
olaTTNIg43_297	olaTTNIg33_195	21.348	89	68	2	8	95	7	94	6.13e-05	30
olaTTNIg43_297	olaTTNIg113_197	33.333	48	29	1	33	77	33	80	6.29e-05	30
olaTTNIg43_297	olaTTNIg31_193	26.087	69	50	1	5	72	4	72	6.62e-05	30
olaTTNIg43_297	olaTTNIg24_194	21.429	70	54	1	27	96	26	94	8.69e-05	29.6
olaTTNIg43_297	olaTTNIg13_189	20	90	69	1	3	92	2	88	1.10e-04	29.3
olaTTNIg43_297	olaTTNIg29_192	21.348	89	68	2	5	92	3	90	1.11e-04	29.6
olaTTNIg43_297	olaTTNIg99_197	31.707	41	28	0	34	74	36	76	1.32e-04	29.3
olaTTNIg43_297	olaTTNIg77_197	37.778	45	26	2	33	76	36	79	3.04e-04	28.5
olaTTNIg43_297	olaTTNIg4_195	25.843	89	62	3	5	90	4	91	4.38e-04	28.1
olaTTNIg43_297	olaTTNIg45_192	32.075	53	34	2	22	73	22	73	5.47e-04	27.7
olaTTNIg43_297	olaTTNIg66_196	28.571	42	29	1	33	74	36	76	0.001	26.9
olaTTNIg43_297	olaTTNIg76_192	23.81	42	32	0	35	76	33	74	0.001	26.9
olaTTNIg43_297	olaTTNIg14_188	27.273	66	46	2	16	79	15	80	0.001	26.6
olaTTNIg43_297	olaTTNIg38_193	23.333	90	67	2	5	93	4	92	0.002	25.8
olaTTNIg43_297	olaTTNIg40_194	22.857	70	53	1	4	72	2	71	0.003	25.8
olaTTNIg43_297	olaTTNIg82_196	21.739	46	36	0	32	77	34	79	0.003	25.8
olaTTNIg43_297	olaTTNIg25_194	24.176	91	66	3	4	92	3	92	0.003	25.4
olaTTNIg43_297	olaTTNIg88_193	22.581	62	47	1	31	92	30	90	0.006	24.6
olaTTNIg43_297	olaTTNIg36_194	20.455	44	35	0	33	76	34	77	0.007	24.6
olaTTNIg43_297	olaTTNIg117_196	24.419	86	59	4	8	92	9	89	0.007	24.6
olaTTNIg43_297	olaTTNIg35_193	22.951	61	46	1	32	92	32	91	0.011	24.3
olaTTNIg43_297	olaTTNIg70_195	23.404	47	36	0	30	76	31	77	0.012	23.9
olaTTNIg43_297	olaTTNIg64_193	22.059	68	52	1	27	94	26	92	0.012	23.9
olaTTNIg43_297	olaTTNIg98_196	25.581	43	32	0	32	74	34	76	0.014	23.9
olaTTNIg43_297	olaTTNIg115_194	22.581	62	47	1	33	94	33	93	0.014	23.9
olaTTNIg43_297	olaTTNIg30_194	23.611	72	53	2	5	74	4	75	0.014	23.9
olaTTNIg43_297	olaTTNIg85_194	22.727	44	34	0	31	74	31	74	0.037	22.7
olaTTNIg43_297	olaTTNIg69_194	26.667	45	31	1	33	77	35	77	0.039	22.7
olaTTNIg43_297	olaTTNIg73_197	21.818	55	42	1	33	87	36	89	0.066	21.9
olaTTNIg43_297	olaTTNIg106_196	18.75	64	49	1	14	74	13	76	0.14	21.2
olaTTNIg43_297	olaTTNIg86_197	16.981	53	43	1	31	83	34	85	0.25	20.4
olaTTNIg43_297	olaTTNIg102_195	25.581	43	30	1	32	74	35	75	0.26	20.4
olaTTNIg43_297	olaTTNIg101_195	50	12	6	0	33	44	35	46	0.3	20
olaTTNIg43_297	olaTTNIg96_194	22.857	70	48	3	18	84	17	83	0.3	20
olaTTNIg43_297	olaTTNIg103_196	20.312	64	50	1	10	72	11	74	0.33	20
olaTTNIg43_297	olaTTNIg104_198	30	20	14	0	47	66	66	85	0.36	20
olaTTNIg43_297	olaTTNIg104_198	25.581	43	32	0	35	77	39	81	1.2	18.5
olaTTNIg43_297	olaTTNIg72_197	21.311	61	39	2	7	66	9	61	0.38	19.6
olaTTNIg43_297	olaTTNIg32_194	22.667	75	54	3	5	76	4	77	0.47	19.6
olaTTNIg43_297	olaTTNIg6_195	18.421	76	58	3	5	77	3	77	0.54	19.2
olaTTNIg43_297	olaTTNIg63_197	20	60	47	1	33	92	36	94	1	18.5
olaTTNIg43_297	olaTTNIg68_199	21.569	102	59	4	11	95	2	99	1.4	18.1
olaTTNIg43_297	olaTTNIg107_194	21.538	65	46	3	32	95	34	94	1.6	18.1
olaTTNIg43_297	olaTTNIg93_194	30.952	42	27	1	33	74	35	74	1.8	18.1
olaTTNIg43_297	olaTTNIg105_194	38.889	18	11	0	59	76	59	76	2.2	17.7
olaTTNIg43_297	olaTTNIg90_195	41.667	12	7	0	33	44	36	47	2.5	17.3
olaTTNIg43_297	olaTTNIg79_197	21.739	46	35	1	33	77	35	80	2.7	17.3
olaTTNIg43_297	olaTTNIg89_196	26.19	42	24	3	32	70	34	71	3.2	17.3
olaTTNIg43_297	olaTTNIg87_194	21.739	46	34	1	31	76	33	76	4.5	16.9
olaTTNIg43_297	olaTTNIg78_196	17.5	40	33	0	33	72	35	74	5	16.5
olaTTNIg43_297	olaTTNIg62_195	21.212	66	50	2	11	74	11	76	5.4	16.5
olaTTNIg43_297	olaTTNIg94_193	16.667	42	35	0	33	74	32	73	6.3	16.2
olaTTNIg43_297	olaTTNIg83_195	20	45	36	0	32	76	33	77	9.3	15.8
olaTTNIg44_197	olaTTNIg44_197	100	97	0	0	1	97	1	97	2.90e-71	198
olaTTNIg44_197	olaTTNIg20_187	46.154	78	38	1	4	81	2	75	1.09e-18	65.5
olaTTNIg44_197	olaTTNIg55_190	39.286	84	47	1	1	84	1	80	6.99e-17	61.2
olaTTNIg44_197	olaTTNIg43_297	34.177	79	48	1	4	82	3	77	8.72e-17	60.8
olaTTNIg44_197	olaTTNIg54_189	37.037	81	47	1	3	83	2	78	1.85e-15	57.4
olaTTNIg44_197	olaTTNIg38_193	32.632	95	59	2	3	96	1	91	9.49e-14	53.1
olaTTNIg44_197	olaTTNIg11_191	30.526	95	62	2	3	97	1	91	3.39e-13	51.6
olaTTNIg44_197	olaTTNIg19_391	35.065	77	46	1	4	80	2	74	8.12e-13	50.8
olaTTNIg44_197	olaTTNIg29_192	32.051	78	52	1	21	97	14	91	1.81e-12	49.7
olaTTNIg44_197	olaTTNIg59_189	33.333	93	54	2	4	96	2	86	1.83e-12	49.7
olaTTNIg44_197	olaTTNIg18_389	32.979	94	55	2	4	97	2	87	2.34e-12	49.3
olaTTNIg44_197	olaTTNIg61_188	29.63	81	53	1	3	83	2	78	2.66e-12	49.3
olaTTNIg44_197	olaTTNIg60_187	32.632	95	56	2	3	97	1	87	4.61e-12	48.5
olaTTNIg44_197	olaTTNIg108_193	34.177	79	49	2	21	97	14	91	7.26e-12	48.1
olaTTNIg44_197	olaTTNIg27_192	32.955	88	58	1	10	96	3	90	1.13e-11	47.8
olaTTNIg44_197	olaTTNIg116_195	31.765	85	51	3	3	85	1	80	2.08e-11	47.4
olaTTNIg44_197	olaTTNIg23_194	30.108	93	62	2	5	97	2	91	7.48e-11	45.8
olaTTNIg44_197	olaTTNIg16_189	35.211	71	42	1	8	78	7	73	1.48e-10	44.7
olaTTNIg44_197	olaTTNIg56_189	31.707	82	52	1	5	86	3	80	1.51e-10	44.7
olaTTNIg44_197	olaTTNIg30_194	29.897	97	62	4	3	97	1	93	4.43e-10	43.9
olaTTNIg44_197	olaTTNIg28_194	29.268	82	56	2	17	96	11	92	4.83e-10	43.5
olaTTNIg44_197	olaTTNIg2_194	26.804	97	64	3	3	97	1	92	6.52e-10	43.1
olaTTNIg44_197	olaTTNIg22_193	29.348	92	61	1	3	94	1	88	8.44e-10	43.1
olaTTNIg44_197	olaTTNIg24_194	28.049	82	56	2	18	97	11	91	1.11e-09	42.7
olaTTNIg44_197	olaTTNIg1_196	32.632	95	55	5	6	96	4	93	1.45e-09	42.4
olaTTNIg44_197	olaTTNIg114_192	33.333	93	56	3	6	97	3	90	1.75e-09	42
olaTTNIg44_197	olaTTNIg52_188	31.579	76	48	1	4	79	2	73	1.88e-09	42
olaTTNIg44_197	olaTTNIg21_195	37.931	58	36	0	40	97	35	92	2.69e-09	41.6
olaTTNIg44_197	olaTTNIg34_193	35.106	94	55	3	6	97	4	93	6.49e-09	40.8
olaTTNIg44_197	olaTTNIg36_194	30.769	65	44	1	32	96	29	92	9.80e-09	40
olaTTNIg44_197	olaTTNIg40_194	30.851	94	60	2	5	97	2	91	1.29e-08	40
olaTTNIg44_197	olaTTNIg58_193	30	90	58	2	4	92	2	87	1.30e-08	40
olaTTNIg44_197	olaTTNIg15_187	29.787	94	58	2	3	96	1	86	1.53e-08	39.7
olaTTNIg44_197	olaTTNIg13_189	30.526	95	60	2	3	97	1	89	1.64e-08	39.7
olaTTNIg44_197	olaTTNIg53_190	28.75	80	53	1	4	83	4	79	2.58e-08	38.9
olaTTNIg44_197	olaTTNIg33_195	30.682	88	56	2	14	96	4	91	2.63e-08	39.3
olaTTNIg44_197	olaTTNIg35_193	31.169	77	52	1	22	97	16	92	6.05e-08	38.1
olaTTNIg44_197	olaTTNIg47_188	29.87	77	50	1	2	78	1	73	6.84e-08	37.7
olaTTNIg44_197	olaTTNIg4_195	33.75	80	48	3	22	97	16	94	9.08e-08	37.7
olaTTNIg44_197	olaTTNIg39_194	30.526	95	62	2	3	96	1	92	1.28e-07	37.4
olaTTNIg44_197	olaTTNIg5_198	29.293	99	60	5	3	97	1	93	1.80e-07	37
olaTTNIg44_197	olaTTNIg85_194	31.25	64	43	1	33	96	29	91	1.87e-07	37
olaTTNIg44_197	olaTTNIg32_194	25.773	97	66	3	3	97	1	93	1.91e-07	37
olaTTNIg44_197	olaTTNIg46_189	35.714	56	36	0	23	78	18	73	3.49e-07	36.2
olaTTNIg44_197	olaTTNIg3_195	23.377	77	58	1	22	97	16	92	5.19e-07	35.8
olaTTNIg44_197	olaTTNIg76_192	28.409	88	60	1	13	97	3	90	5.43e-07	35.8
olaTTNIg44_197	olaTTNIg41_196	37.288	59	34	2	40	96	35	92	6.24e-07	35.4
olaTTNIg44_197	olaTTNIg57_188	31.579	57	39	0	22	78	16	72	6.47e-07	35.4
olaTTNIg44_197	olaTTNIg37_193	33.333	45	30	0	50	94	45	89	1.07e-06	35
olaTTNIg44_197	olaTTNIg113_197	29.293	99	60	4	3	96	1	94	1.28e-06	34.7
olaTTNIg44_197	olaTTNIg12_189	34.211	76	46	1	3	78	2	73	1.83e-06	34.3
olaTTNIg44_197	olaTTNIg12_189	28.571	28	20	0	62	89	7	34	4.2	16.9
olaTTNIg44_197	olaTTNIg42_192	29.897	97	56	5	3	96	3	90	4.22e-06	33.1
olaTTNIg44_197	olaTTNIg115_194	35.088	57	37	0	40	96	35	91	4.26e-06	33.5
olaTTNIg44_197	olaTTNIg31_193	32.955	88	53	4	11	96	6	89	5.87e-06	33.1
olaTTNIg44_197	olaTTNIg8_195	26.042	96	64	2	5	97	2	93	7.00e-06	32.7
olaTTNIg44_197	olaTTNIg72_197	34.091	44	29	0	40	83	38	81	8.33e-06	32.7
olaTTNIg44_197	olaTTNIg50_192	28.736	87	55	2	3	86	1	83	8.60e-06	32.3
olaTTNIg44_197	olaTTNIg48_188	26.882	93	60	2	4	96	2	86	9.37e-06	32.3
olaTTNIg44_197	olaTTNIg77_197	30.769	65	42	2	22	84	19	82	2.24e-05	31.6
olaTTNIg44_197	olaTTNIg106_196	30	60	42	0	37	96	34	93	2.40e-05	31.2
olaTTNIg44_197	olaTTNIg83_195	30.952	84	54	2	3	85	1	81	3.07e-05	31.2
olaTTNIg44_197	olaTTNIg88_193	29.31	58	41	0	39	96	33	90	3.79e-05	30.8
olaTTNIg44_197	olaTTNIg88_193	62.5	8	3	0	3	10	40	47	6.4	16.2
olaTTNIg44_197	olaTTNIg51_488	28.571	70	46	1	6	75	1	66	3.99e-05	30.4
olaTTNIg44_197	olaTTNIg49_187	29.73	74	47	2	6	79	4	72	6.23e-05	30
olaTTNIg44_197	olaTTNIg17_290	27.083	96	61	4	3	97	2	89	1.08e-04	29.6
olaTTNIg44_197	olaTTNIg25_194	42.424	33	19	0	64	96	60	92	1.14e-04	29.6
olaTTNIg44_197	olaTTNIg6_195	26.582	79	54	3	22	97	15	92	1.81e-04	28.9
olaTTNIg44_197	olaTTNIg74_196	27.119	59	39	2	40	96	35	91	2.69e-04	28.5
olaTTNIg44_197	olaTTNIg99_197	33.333	51	34	0	37	87	34	84	3.47e-04	28.1
olaTTNIg44_197	olaTTNIg64_193	20.27	74	56	1	11	84	8	78	5.15e-04	27.7
olaTTNIg44_197	olaTTNIg100_195	28.889	45	32	0	39	83	36	80	8.27e-04	27.3
olaTTNIg44_197	olaTTNIg86_197	25.333	75	53	1	13	87	14	85	0.001	26.9
olaTTNIg44_197	olaTTNIg82_196	31.111	45	31	0	39	83	36	80	0.001	26.9
olaTTNIg44_197	olaTTNIg117_196	27.273	77	53	2	22	96	16	91	0.001	26.6
olaTTNIg44_197	olaTTNIg98_196	30.357	56	39	0	39	94	36	91	0.002	26.6
olaTTNIg44_197	olaTTNIg73_197	30.189	53	37	0	39	91	37	89	0.002	26.2
olaTTNIg44_197	olaTTNIg112_198	26.923	78	53	2	22	96	19	95	0.002	26.2
olaTTNIg44_197	olaTTNIg69_194	35.849	53	31	2	33	85	31	80	0.002	26.2
olaTTNIg44_197	olaTTNIg14_188	26.761	71	49	2	22	91	16	84	0.002	25.8
olaTTNIg44_197	olaTTNIg92_196	25.641	78	54	2	9	85	8	82	0.008	24.6
olaTTNIg44_197	olaTTNIg91_193	23.913	46	35	0	39	84	33	78	0.011	24.3
olaTTNIg44_197	olaTTNIg80_196	27.66	47	34	0	37	83	34	80	0.015	23.9
olaTTNIg44_197	olaTTNIg105_194	32.857	70	39	5	22	87	18	83	0.032	22.7
olaTTNIg44_197	olaTTNIg70_195	23.077	52	39	1	33	84	30	80	0.052	22.3
olaTTNIg44_197	olaTTNIg96_194	28.947	38	25	1	40	77	37	72	0.055	22.3
olaTTNIg44_197	olaTTNIg87_194	32	50	32	1	35	84	32	79	0.059	21.9
olaTTNIg44_197	olaTTNIg67_1104	23.077	52	33	1	39	83	37	88	0.081	21.9
olaTTNIg44_197	olaTTNIg95_197	27.451	51	36	1	37	86	35	85	0.09	21.6
olaTTNIg44_197	olaTTNIg90_195	33.333	45	28	1	40	84	38	80	0.1	21.6
olaTTNIg44_197	olaTTNIg7_195	26.733	101	59	6	5	97	2	95	0.11	21.6
olaTTNIg44_197	olaTTNIg10_194	27.119	59	42	1	40	97	35	93	0.11	21.2
olaTTNIg44_197	olaTTNIg102_195	28.302	53	36	1	39	91	37	87	0.13	21.2
olaTTNIg44_197	olaTTNIg45_192	24.691	81	50	4	3	79	1	74	0.14	20.8
olaTTNIg44_197	olaTTNIg66_196	22.353	85	61	3	1	84	1	81	0.17	20.8
olaTTNIg44_197	olaTTNIg78_196	28.889	45	31	1	33	77	31	74	0.18	20.8
olaTTNIg44_197	olaTTNIg107_194	31.111	45	29	1	40	84	37	79	0.26	20.4
olaTTNIg44_197	olaTTNIg68_199	66.667	12	4	0	73	84	73	84	0.32	20
olaTTNIg44_197	olaTTNIg71_194	25.806	62	44	1	35	96	32	91	0.34	20
olaTTNIg44_197	olaTTNIg94_193	20.69	58	46	0	39	96	33	90	0.57	19.2
olaTTNIg44_197	olaTTNIg26_192	23.913	92	56	4	10	96	7	89	0.99	18.5
olaTTNIg44_197	olaTTNIg81_193	27.778	54	35	2	35	87	32	82	1.1	18.5
olaTTNIg44_197	olaTTNIg111_1101	26.136	88	56	4	1	83	2	85	2.1	17.7
olaTTNIg44_197	olaTTNIg63_197	27.273	44	32	0	40	83	38	81	3.6	16.9
olaTTNIg44_197	olaTTNIg104_198	45.455	11	6	0	73	83	72	82	4.7	16.5
olaTTNIg44_197	olaTTNIg89_196	50	16	7	1	73	87	70	85	5.6	16.5
olaTTNIg44_197	olaTTNIg103_196	30.769	26	17	1	60	84	56	81	6.2	16.5
olaTTNIg45_192	olaTTNIg45_192	100	92	0	0	1	92	1	92	3.21e-67	188
olaTTNIg45_192	olaTTNIg38_193	29.487	78	51	3	1	76	1	76	9.10e-07	35
olaTTNIg45_192	olaTTNIg36_194	25.676	74	52	2	3	74	3	75	1.70e-06	34.3
olaTTNIg45_192	olaTTNIg54_189	29.87	77	51	3	1	76	2	76	1.99e-06	33.9
olaTTNIg45_192	olaTTNIg30_194	29.787	94	60	3	1	89	1	93	1.21e-05	32
olaTTNIg45_192	olaTTNIg108_193	25.882	85	58	3	11	92	9	91	1.55e-05	31.6
olaTTNIg45_192	olaTTNIg19_391	34.545	55	34	2	34	88	34	86	1.92e-05	31.2
olaTTNIg45_192	olaTTNIg29_192	26.087	92	63	4	4	92	3	92	2.58e-05	31.2
olaTTNIg45_192	olaTTNIg59_189	28.333	60	41	2	18	76	17	75	8.39e-05	29.6
olaTTNIg45_192	olaTTNIg49_187	28.814	59	39	2	18	75	17	73	1.49e-04	28.9
olaTTNIg45_192	olaTTNIg52_188	27.778	72	47	3	22	92	21	88	2.07e-04	28.5
olaTTNIg45_192	olaTTNIg75_195	39.024	41	23	1	32	72	35	73	2.95e-04	28.1
olaTTNIg45_192	olaTTNIg55_190	29.091	55	37	2	22	75	23	76	4.15e-04	27.7
olaTTNIg45_192	olaTTNIg27_192	27.66	47	33	1	34	80	34	79	5.12e-04	27.7
olaTTNIg45_192	olaTTNIg43_297	32.075	53	34	2	22	73	22	73	5.24e-04	27.7
olaTTNIg45_192	olaTTNIg47_188	30	70	44	3	22	90	22	87	5.41e-04	27.3
olaTTNIg45_192	olaTTNIg21_195	21.795	78	57	3	1	76	1	76	6.91e-04	27.3
olaTTNIg45_192	olaTTNIg77_197	34.545	55	31	2	32	84	36	87	0.001	26.9
olaTTNIg45_192	olaTTNIg20_187	26.923	52	36	2	24	74	23	73	0.002	25.8
olaTTNIg45_192	olaTTNIg46_189	35	60	37	2	22	80	22	80	0.003	25.8
olaTTNIg45_192	olaTTNIg56_189	26.389	72	49	3	22	92	21	89	0.003	25.8
olaTTNIg45_192	olaTTNIg40_194	24.211	95	65	4	3	92	2	94	0.003	25.8
olaTTNIg45_192	olaTTNIg31_193	27.5	80	53	3	14	91	13	89	0.003	25.4
olaTTNIg45_192	olaTTNIg17_290	25.676	74	52	2	5	76	5	77	0.004	25
olaTTNIg45_192	olaTTNIg11_191	35.294	34	22	0	57	90	57	90	0.005	25
olaTTNIg45_192	olaTTNIg28_194	22.222	63	48	1	31	92	32	94	0.005	25
olaTTNIg45_192	olaTTNIg13_189	23.457	81	59	3	1	80	1	79	0.006	24.6
olaTTNIg45_192	olaTTNIg12_189	25.641	39	29	0	38	76	38	76	0.009	24.3
olaTTNIg45_192	olaTTNIg102_195	32.258	31	21	0	58	88	59	89	0.014	23.9
olaTTNIg45_192	olaTTNIg115_194	27.451	51	36	1	22	72	23	72	0.015	23.5
olaTTNIg45_192	olaTTNIg1_196	20.652	92	66	3	1	90	7	93	0.023	23.1
olaTTNIg45_192	olaTTNIg93_194	23.077	65	47	1	20	84	23	84	0.029	22.7
olaTTNIg45_192	olaTTNIg71_194	25	60	42	1	32	91	35	91	0.032	22.7
olaTTNIg45_192	olaTTNIg25_194	24.468	94	67	3	1	91	1	93	0.033	22.7
olaTTNIg45_192	olaTTNIg15_187	26.415	53	31	2	31	76	31	82	0.034	22.7
olaTTNIg45_192	olaTTNIg80_196	22.222	81	52	3	13	92	25	95	0.041	22.3
olaTTNIg45_192	olaTTNIg78_196	33.333	30	20	0	59	88	61	90	0.042	22.3
olaTTNIg45_192	olaTTNIg100_195	34.615	26	17	0	59	84	61	86	0.042	22.3
olaTTNIg45_192	olaTTNIg84_195	34.286	35	22	1	59	92	60	94	0.042	22.3
olaTTNIg45_192	olaTTNIg110_194	27.869	61	41	3	22	79	20	80	0.045	22.3
olaTTNIg45_192	olaTTNIg39_194	30.612	49	31	2	32	79	34	80	0.047	22.3
olaTTNIg45_192	olaTTNIg39_194	28.358	67	34	4	18	77	30	89	0.2	20.4
olaTTNIg45_192	olaTTNIg35_193	31.25	32	22	0	45	76	45	76	0.059	21.9
olaTTNIg45_192	olaTTNIg24_194	22.449	49	37	1	29	77	29	76	0.077	21.6
olaTTNIg45_192	olaTTNIg60_187	24.074	54	39	2	22	74	21	73	0.08	21.6
olaTTNIg45_192	olaTTNIg90_195	25	64	42	3	31	92	35	94	0.097	21.6
olaTTNIg45_192	olaTTNIg87_194	21.569	51	37	1	34	84	37	84	0.1	21.2
olaTTNIg45_192	olaTTNIg61_188	28.07	57	39	2	17	72	17	72	0.12	21.2
olaTTNIg45_192	olaTTNIg69_194	24.074	54	38	1	31	84	34	84	0.13	21.2
olaTTNIg45_192	olaTTNIg79_197	23.636	55	42	0	32	86	35	89	0.13	21.2
olaTTNIg45_192	olaTTNIg91_193	27.083	48	30	2	32	77	32	76	0.13	21.2
olaTTNIg45_192	olaTTNIg44_197	24.691	81	50	4	1	74	3	79	0.14	20.8
olaTTNIg45_192	olaTTNIg42_192	25.316	79	46	4	1	72	3	75	0.14	20.8
olaTTNIg45_192	olaTTNIg23_194	24.324	74	52	3	3	74	2	73	0.15	20.8
olaTTNIg45_192	olaTTNIg106_196	34.783	23	15	0	54	76	56	78	0.15	20.8
olaTTNIg45_192	olaTTNIg64_193	42.857	28	15	1	65	91	64	91	0.15	20.8
olaTTNIg45_192	olaTTNIg89_196	40	20	11	1	56	74	57	76	0.16	20.8
olaTTNIg45_192	olaTTNIg114_192	21.127	71	50	3	5	72	3	70	0.16	20.8
olaTTNIg45_192	olaTTNIg116_195	35	20	13	0	66	85	15	34	0.17	20.8
olaTTNIg45_192	olaTTNIg63_197	26.316	38	28	0	38	75	41	78	0.17	20.8
olaTTNIg45_192	olaTTNIg3_195	37.5	16	10	0	59	74	59	74	0.19	20.4
olaTTNIg45_192	olaTTNIg32_194	17.073	41	34	0	34	74	35	75	0.24	20.4
olaTTNIg45_192	olaTTNIg97_197	50	14	7	0	59	72	62	75	0.28	20
olaTTNIg45_192	olaTTNIg41_196	26.667	30	22	0	45	74	46	75	0.29	20
olaTTNIg45_192	olaTTNIg62_195	38.462	26	14	1	59	84	61	84	0.32	20
olaTTNIg45_192	olaTTNIg26_192	27.143	70	28	4	32	90	30	87	0.33	20
olaTTNIg45_192	olaTTNIg82_196	25	40	29	1	34	73	37	75	0.34	20
olaTTNIg45_192	olaTTNIg85_194	24.638	69	36	3	2	70	33	85	0.35	19.6
olaTTNIg45_192	olaTTNIg8_195	20.513	78	57	2	19	92	17	93	0.6	19.2
olaTTNIg45_192	olaTTNIg18_389	38.095	21	13	0	56	76	55	75	0.65	18.9
olaTTNIg45_192	olaTTNIg37_193	41.176	17	10	0	58	74	58	74	0.69	18.9
olaTTNIg45_192	olaTTNIg33_195	31.429	70	36	5	29	92	30	93	1.3	18.1
olaTTNIg45_192	olaTTNIg22_193	23.077	65	38	3	16	74	15	73	1.5	18.1
olaTTNIg45_192	olaTTNIg99_197	34.483	29	18	1	59	86	61	89	1.6	18.1
olaTTNIg45_192	olaTTNIg16_189	30.769	39	24	1	52	90	52	87	1.6	17.7
olaTTNIg45_192	olaTTNIg9_193	50	12	6	0	32	43	32	43	1.8	17.7
olaTTNIg45_192	olaTTNIg104_198	33.333	33	21	1	61	92	65	97	2.2	17.7
olaTTNIg45_192	olaTTNIg34_193	29.412	17	12	0	58	74	58	74	2.3	17.7
olaTTNIg45_192	olaTTNIg51_488	25.641	78	47	4	1	76	4	72	2.4	17.3
olaTTNIg45_192	olaTTNIg7_195	26.667	15	11	0	27	41	27	41	2.5	17.3
olaTTNIg45_192	olaTTNIg105_194	46.667	15	8	0	59	73	59	73	2.5	17.3
olaTTNIg45_192	olaTTNIg112_198	38.889	18	11	0	59	76	63	80	2.5	17.3
olaTTNIg45_192	olaTTNIg4_195	24.675	77	37	4	15	79	14	81	2.8	17.3
olaTTNIg45_192	olaTTNIg81_193	30.303	33	20	1	43	72	39	71	2.8	17.3
olaTTNIg45_192	olaTTNIg2_194	29.412	17	12	0	57	73	57	73	4.8	16.5
olaTTNIg45_192	olaTTNIg86_197	25	16	12	0	59	74	62	77	6	16.2
olaTTNIg45_192	olaTTNIg68_199	40	15	9	0	59	73	64	78	6.3	16.2
olaTTNIg46_189	olaTTNIg46_189	100	89	0	0	1	89	1	89	1.44e-64	181
olaTTNIg46_189	olaTTNIg47_188	42.529	87	50	0	1	87	1	87	1.67e-20	70.1
olaTTNIg46_189	olaTTNIg54_189	33.735	83	55	0	5	87	5	87	2.03e-16	59.7
olaTTNIg46_189	olaTTNIg50_192	36.145	83	53	0	5	87	4	86	2.30e-16	59.7
olaTTNIg46_189	olaTTNIg57_188	33.333	87	57	1	3	89	3	88	4.39e-15	56.2
olaTTNIg46_189	olaTTNIg60_187	33.766	77	51	0	9	85	8	84	1.80e-14	54.7
olaTTNIg46_189	olaTTNIg51_488	35.294	85	55	0	5	89	1	85	2.42e-13	51.6
olaTTNIg46_189	olaTTNIg55_190	32.941	85	57	0	5	89	6	90	2.15e-12	49.3
olaTTNIg46_189	olaTTNIg42_192	31.765	85	56	1	5	87	6	90	4.19e-12	48.5
olaTTNIg46_189	olaTTNIg53_190	30.588	85	59	0	5	89	6	90	5.80e-12	48.1
olaTTNIg46_189	olaTTNIg52_188	30.233	86	60	0	4	89	3	88	1.35e-11	47.4
olaTTNIg46_189	olaTTNIg61_188	29.762	84	59	0	5	88	5	88	7.65e-11	45.4
olaTTNIg46_189	olaTTNIg59_189	28.235	85	61	0	5	89	4	88	1.20e-10	44.7
olaTTNIg46_189	olaTTNIg58_193	28.947	76	54	0	5	80	4	79	3.78e-10	43.5
olaTTNIg46_189	olaTTNIg20_187	32.836	67	45	0	7	73	6	72	1.70e-09	42
olaTTNIg46_189	olaTTNIg43_297	28.571	70	50	0	5	74	5	74	2.53e-09	41.6
olaTTNIg46_189	olaTTNIg17_290	29.268	82	57	1	7	87	7	88	3.19e-09	41.2
olaTTNIg46_189	olaTTNIg108_193	32.727	55	36	1	20	73	18	72	5.70e-09	40.4
olaTTNIg46_189	olaTTNIg16_189	31.646	79	54	0	7	85	7	85	8.23e-09	40
olaTTNIg46_189	olaTTNIg19_391	26.506	83	61	0	5	87	4	86	6.05e-08	37.7
olaTTNIg46_189	olaTTNIg76_192	27.692	65	44	1	17	78	12	76	7.10e-08	37.7
olaTTNIg46_189	olaTTNIg49_187	27.711	83	59	1	5	87	4	85	7.86e-08	37.4
olaTTNIg46_189	olaTTNIg12_189	22.892	83	64	0	5	87	5	87	1.50e-07	37
olaTTNIg46_189	olaTTNIg106_196	33.333	48	32	0	31	78	33	80	2.02e-07	36.6
olaTTNIg46_189	olaTTNIg44_197	35.714	56	36	0	18	73	23	78	3.20e-07	36.2
olaTTNIg46_189	olaTTNIg48_188	29.412	85	60	0	5	89	4	88	3.52e-07	35.8
olaTTNIg46_189	olaTTNIg11_191	35.211	71	43	1	20	87	20	90	5.66e-07	35.4
olaTTNIg46_189	olaTTNIg35_193	37.778	45	28	0	34	78	34	78	5.66e-07	35.4
olaTTNIg46_189	olaTTNIg35_193	28.571	28	20	0	2	29	52	79	2.6	17.3
olaTTNIg46_189	olaTTNIg38_193	25.556	90	62	2	5	89	4	93	7.86e-07	35
olaTTNIg46_189	olaTTNIg41_196	32.787	61	39	2	14	72	13	73	1.76e-06	34.3
olaTTNIg46_189	olaTTNIg102_195	31.579	57	37	1	31	87	34	88	1.99e-06	33.9
olaTTNIg46_189	olaTTNIg79_197	30.159	63	43	1	26	87	28	90	3.77e-06	33.1
olaTTNIg46_189	olaTTNIg56_189	24.194	62	47	0	24	85	23	84	2.47e-05	30.8
olaTTNIg46_189	olaTTNIg115_194	24.658	73	54	1	9	80	8	80	2.49e-05	31.2
olaTTNIg46_189	olaTTNIg27_192	28.723	94	58	4	1	89	3	92	7.02e-05	29.6
olaTTNIg46_189	olaTTNIg63_197	34.921	63	36	1	18	75	16	78	7.95e-05	29.6
olaTTNIg46_189	olaTTNIg62_195	36	50	31	1	30	78	31	80	9.07e-05	29.6
olaTTNIg46_189	olaTTNIg22_193	23.188	69	53	0	5	73	4	72	1.07e-04	29.3
olaTTNIg46_189	olaTTNIg64_193	27.586	58	42	0	30	87	29	86	1.12e-04	29.3
olaTTNIg46_189	olaTTNIg15_187	22.892	83	64	0	5	87	4	86	1.15e-04	29.3
olaTTNIg46_189	olaTTNIg89_196	22.892	83	61	1	6	85	5	87	1.38e-04	29.3
olaTTNIg46_189	olaTTNIg13_189	25.882	85	61	1	5	87	4	88	1.91e-04	28.5
olaTTNIg46_189	olaTTNIg72_197	22.973	74	56	1	6	78	8	81	2.12e-04	28.5
olaTTNIg46_189	olaTTNIg80_196	32.653	49	33	0	26	74	28	76	2.45e-04	28.5
olaTTNIg46_189	olaTTNIg82_196	26.562	64	44	1	14	74	13	76	2.56e-04	28.5
olaTTNIg46_189	olaTTNIg33_195	30.435	46	32	0	34	79	34	79	5.53e-04	27.3
olaTTNIg46_189	olaTTNIg18_389	23.529	68	52	0	20	87	19	86	7.47e-04	26.9
olaTTNIg46_189	olaTTNIg90_195	29.412	51	34	1	28	78	31	79	7.84e-04	26.9
olaTTNIg46_189	olaTTNIg36_194	30.769	39	27	0	35	73	36	74	0.001	26.9
olaTTNIg46_189	olaTTNIg5_198	24.638	69	48	3	8	73	7	74	0.002	26.2
olaTTNIg46_189	olaTTNIg70_195	25.49	51	38	0	28	78	29	79	0.002	26.2
olaTTNIg46_189	olaTTNIg117_196	25.974	77	42	2	4	80	4	65	0.002	25.8
olaTTNIg46_189	olaTTNIg45_192	35	60	37	2	22	80	22	80	0.002	25.8
olaTTNIg46_189	olaTTNIg100_195	25	52	39	0	28	79	30	81	0.002	25.8
olaTTNIg46_189	olaTTNIg96_194	25	60	43	1	28	87	30	87	0.004	25
olaTTNIg46_189	olaTTNIg86_197	25.49	51	38	0	28	78	31	81	0.006	24.6
olaTTNIg46_189	olaTTNIg116_195	23.333	60	45	1	20	78	19	78	0.006	24.6
olaTTNIg46_189	olaTTNIg104_198	27.083	48	35	0	31	78	35	82	0.006	24.6
olaTTNIg46_189	olaTTNIg40_194	24.242	66	49	1	8	72	6	71	0.007	24.6
olaTTNIg46_189	olaTTNIg87_194	27.692	65	40	2	19	78	16	78	0.007	24.6
olaTTNIg46_189	olaTTNIg2_194	22.222	45	35	0	30	74	30	74	0.007	24.3
olaTTNIg46_189	olaTTNIg37_193	28.947	38	27	0	35	72	35	72	0.009	24.3
olaTTNIg46_189	olaTTNIg21_195	25	48	36	0	31	78	31	78	0.01	24.3
olaTTNIg46_189	olaTTNIg71_194	34	50	29	3	30	78	32	78	0.011	23.9
olaTTNIg46_189	olaTTNIg103_196	25.455	55	41	0	28	82	30	84	0.015	23.5
olaTTNIg46_189	olaTTNIg112_198	30	50	32	2	22	68	24	73	0.016	23.5
olaTTNIg46_189	olaTTNIg4_195	24.324	74	53	2	4	74	3	76	0.022	23.1
olaTTNIg46_189	olaTTNIg78_196	21.569	51	40	0	28	78	30	80	0.03	22.7
olaTTNIg46_189	olaTTNIg10_194	23.611	72	53	2	5	74	4	75	0.065	21.9
olaTTNIg46_189	olaTTNIg114_192	23.636	55	41	1	31	84	28	82	0.069	21.6
olaTTNIg46_189	olaTTNIg77_197	19.697	66	52	1	14	78	16	81	0.08	21.6
olaTTNIg46_189	olaTTNIg66_196	31.818	44	29	1	31	74	34	76	0.099	21.2
olaTTNIg46_189	olaTTNIg107_194	23.529	51	37	1	28	78	30	78	0.11	21.2
olaTTNIg46_189	olaTTNIg91_193	20.755	53	42	0	26	78	25	77	0.14	20.8
olaTTNIg46_189	olaTTNIg1_196	25.455	55	37	3	7	57	6	60	0.16	20.8
olaTTNIg46_189	olaTTNIg31_193	27.778	54	38	1	20	72	19	72	0.32	20
olaTTNIg46_189	olaTTNIg83_195	22.535	71	52	1	17	84	15	85	0.34	19.6
olaTTNIg46_189	olaTTNIg73_197	22.807	57	44	0	31	87	34	90	0.34	19.6
olaTTNIg46_189	olaTTNIg69_194	25.532	47	33	1	28	74	30	74	0.37	19.6
olaTTNIg46_189	olaTTNIg39_194	25.455	55	39	1	35	87	36	90	0.67	18.9
olaTTNIg46_189	olaTTNIg99_197	19.444	72	56	1	9	78	9	80	0.79	18.9
olaTTNIg46_189	olaTTNIg85_194	24.444	45	34	0	34	78	34	78	0.79	18.9
olaTTNIg46_189	olaTTNIg25_194	30	20	14	0	31	50	31	50	0.93	18.5
olaTTNIg46_189	olaTTNIg105_194	27.083	48	33	1	31	78	33	78	0.94	18.5
olaTTNIg46_189	olaTTNIg67_1104	26.667	30	22	0	50	79	75	104	4.5	16.5
olaTTNIg46_189	olaTTNIg29_192	22.353	85	61	2	5	86	3	85	5.4	16.5
olaTTNIg46_189	olaTTNIg97_197	23.333	30	23	0	56	85	59	88	6.9	16.2
olaTTNIg47_188	olaTTNIg47_188	100	88	0	0	1	88	1	88	5.17e-64	179
olaTTNIg47_188	olaTTNIg46_189	42.529	87	50	0	1	87	1	87	1.65e-20	70.1
olaTTNIg47_188	olaTTNIg55_190	40.964	83	49	0	5	87	6	88	1.23e-19	67.8
olaTTNIg47_188	olaTTNIg50_192	39.08	87	51	2	3	88	2	87	8.69e-18	63.2
olaTTNIg47_188	olaTTNIg57_188	31.325	83	57	0	5	87	4	86	2.00e-16	59.7
olaTTNIg47_188	olaTTNIg20_187	39.286	84	51	0	5	88	4	87	1.57e-15	57.4
olaTTNIg47_188	olaTTNIg60_187	34.524	84	55	0	5	88	4	87	3.12e-15	56.6
olaTTNIg47_188	olaTTNIg54_189	33.735	83	55	0	5	87	5	87	7.14e-15	55.5
olaTTNIg47_188	olaTTNIg43_297	30.337	89	57	2	2	85	2	90	9.80e-15	55.5
olaTTNIg47_188	olaTTNIg59_189	36.905	84	53	0	2	85	1	84	1.50e-14	54.7
olaTTNIg47_188	olaTTNIg12_189	33.721	86	54	1	6	88	3	88	1.76e-14	54.7
olaTTNIg47_188	olaTTNIg17_290	41.463	82	45	3	9	88	9	89	1.22e-13	52.4
olaTTNIg47_188	olaTTNIg42_192	32.143	84	55	1	6	87	7	90	1.47e-13	52.4
olaTTNIg47_188	olaTTNIg52_188	26.437	87	64	0	2	88	1	87	7.68e-12	47.8
olaTTNIg47_188	olaTTNIg56_189	30.952	84	57	1	5	87	4	87	1.60e-11	47
olaTTNIg47_188	olaTTNIg19_391	35.802	81	50	2	9	88	8	87	1.64e-11	47
olaTTNIg47_188	olaTTNIg11_191	34.444	90	55	2	3	88	2	91	2.71e-11	46.6
olaTTNIg47_188	olaTTNIg108_193	31.148	61	42	0	26	86	25	85	5.57e-10	43.1
olaTTNIg47_188	olaTTNIg51_488	28.916	83	59	0	5	87	1	83	8.12e-10	42.4
olaTTNIg47_188	olaTTNIg48_188	27.059	85	62	0	3	87	2	86	2.18e-09	41.6
olaTTNIg47_188	olaTTNIg58_193	33.333	72	48	0	9	80	8	79	4.86e-09	40.8
olaTTNIg47_188	olaTTNIg49_187	26.19	84	61	1	5	88	4	86	2.33e-08	38.9
olaTTNIg47_188	olaTTNIg44_197	29.87	77	50	1	1	73	2	78	6.20e-08	37.7
olaTTNIg47_188	olaTTNIg116_195	31.25	64	43	1	14	76	13	76	1.32e-07	37
olaTTNIg47_188	olaTTNIg18_389	32.5	80	52	2	10	88	9	87	1.37e-07	37
olaTTNIg47_188	olaTTNIg61_188	26.316	76	56	0	10	85	10	85	2.14e-07	36.2
olaTTNIg47_188	olaTTNIg53_190	27.848	79	57	0	9	87	10	88	4.37e-07	35.4
olaTTNIg47_188	olaTTNIg26_192	28.235	85	57	3	6	87	4	87	7.21e-07	35
olaTTNIg47_188	olaTTNIg115_194	26.866	67	48	1	9	74	8	74	8.73e-07	35
olaTTNIg47_188	olaTTNIg14_188	24.39	82	60	2	3	83	2	82	2.01e-06	33.9
olaTTNIg47_188	olaTTNIg110_194	32.051	78	50	3	5	79	3	80	3.20e-06	33.5
olaTTNIg47_188	olaTTNIg113_197	31.034	58	36	2	21	74	20	77	4.53e-06	33.1
olaTTNIg47_188	olaTTNIg16_189	29.63	81	53	2	9	87	9	87	5.35e-06	32.7
olaTTNIg47_188	olaTTNIg9_193	28.07	57	40	1	12	67	10	66	7.16e-06	32.3
olaTTNIg47_188	olaTTNIg7_195	26.966	89	60	3	5	88	3	91	1.38e-05	31.6
olaTTNIg47_188	olaTTNIg24_194	27.778	90	58	4	5	88	3	91	1.59e-05	31.6
olaTTNIg47_188	olaTTNIg41_196	34.286	70	44	2	5	72	4	73	1.60e-05	31.6
olaTTNIg47_188	olaTTNIg22_193	25.714	70	52	0	4	73	3	72	4.47e-05	30.4
olaTTNIg47_188	olaTTNIg5_198	29.167	72	47	3	5	73	4	74	4.57e-05	30.4
olaTTNIg47_188	olaTTNIg21_195	30.233	43	30	0	31	73	31	73	6.15e-05	30
olaTTNIg47_188	olaTTNIg3_195	24.359	78	58	1	6	82	5	82	9.41e-05	29.6
olaTTNIg47_188	olaTTNIg28_194	24.658	73	53	2	18	88	17	89	9.69e-05	29.3
olaTTNIg47_188	olaTTNIg13_189	26.471	68	50	0	9	76	8	75	1.15e-04	29.3
olaTTNIg47_188	olaTTNIg89_196	23.256	86	62	2	1	85	5	87	1.29e-04	29.3
olaTTNIg47_188	olaTTNIg1_196	26.667	90	59	4	5	87	4	93	1.63e-04	28.9
olaTTNIg47_188	olaTTNIg25_194	27.778	90	57	4	5	87	4	92	2.54e-04	28.5
olaTTNIg47_188	olaTTNIg27_192	32.099	81	48	3	8	82	2	81	2.96e-04	28.1
olaTTNIg47_188	olaTTNIg30_194	27.5	80	52	5	4	79	3	80	3.29e-04	28.1
olaTTNIg47_188	olaTTNIg34_193	28.986	69	48	1	5	72	4	72	3.65e-04	27.7
olaTTNIg47_188	olaTTNIg99_197	26.562	64	44	1	28	88	30	93	4.83e-04	27.7
olaTTNIg47_188	olaTTNIg104_198	28.333	60	41	1	31	88	35	94	4.93e-04	27.7
olaTTNIg47_188	olaTTNIg2_194	21.127	71	55	1	5	74	4	74	4.97e-04	27.7
olaTTNIg47_188	olaTTNIg45_192	30	70	44	3	22	87	22	90	5.17e-04	27.3
olaTTNIg47_188	olaTTNIg114_192	22.222	81	61	2	5	84	3	82	0.001	26.6
olaTTNIg47_188	olaTTNIg101_195	42.105	38	20	2	1	37	3	39	0.001	26.2
olaTTNIg47_188	olaTTNIg112_198	32.692	52	32	2	14	62	16	67	0.001	26.2
olaTTNIg47_188	olaTTNIg76_192	22.414	58	43	1	28	85	26	81	0.002	25.8
olaTTNIg47_188	olaTTNIg36_194	29.63	54	36	2	32	84	33	85	0.002	25.8
olaTTNIg47_188	olaTTNIg79_197	30.769	52	35	1	26	76	28	79	0.005	25
olaTTNIg47_188	olaTTNIg106_196	21.739	46	36	0	31	76	33	78	0.005	24.6
olaTTNIg47_188	olaTTNIg80_196	29.787	47	33	0	28	74	30	76	0.007	24.3
olaTTNIg47_188	olaTTNIg31_193	33.333	54	35	1	20	72	19	72	0.009	24.3
olaTTNIg47_188	olaTTNIg31_193	26.667	30	22	0	1	30	51	80	0.94	18.5
olaTTNIg47_188	olaTTNIg33_195	27.027	74	51	2	5	76	4	76	0.01	24.3
olaTTNIg47_188	olaTTNIg75_195	31.915	47	29	2	31	76	33	77	0.011	23.9
olaTTNIg47_188	olaTTNIg15_187	21.176	85	64	1	6	87	2	86	0.013	23.5
olaTTNIg47_188	olaTTNIg39_194	24.638	69	51	1	21	88	21	89	0.015	23.5
olaTTNIg47_188	olaTTNIg105_194	28.571	70	36	3	21	76	22	91	0.019	23.1
olaTTNIg47_188	olaTTNIg105_194	85.714	7	1	0	4	10	48	54	10	15.8
olaTTNIg47_188	olaTTNIg71_194	30.435	46	30	1	31	76	33	76	0.024	23.1
olaTTNIg47_188	olaTTNIg72_197	25.532	47	35	0	30	76	33	79	0.035	22.7
olaTTNIg47_188	olaTTNIg86_197	21.277	47	37	0	28	74	31	77	0.036	22.3
olaTTNIg47_188	olaTTNIg63_197	28.571	63	43	1	28	88	31	93	0.046	22.3
olaTTNIg47_188	olaTTNIg4_195	28.571	56	37	2	22	74	21	76	0.05	21.9
olaTTNIg47_188	olaTTNIg90_195	26	50	33	2	28	76	31	77	0.053	21.9
olaTTNIg47_188	olaTTNIg96_194	28	50	32	2	28	76	30	76	0.065	21.9
olaTTNIg47_188	olaTTNIg82_196	22.727	44	34	0	31	74	33	76	0.097	21.2
olaTTNIg47_188	olaTTNIg38_193	22.727	88	63	2	5	87	4	91	0.11	21.2
olaTTNIg47_188	olaTTNIg102_195	22.642	53	27	2	30	76	33	77	0.11	21.2
olaTTNIg47_188	olaTTNIg109_193	41.667	12	7	0	31	42	29	40	0.15	20.8
olaTTNIg47_188	olaTTNIg91_193	22.727	44	34	0	31	74	30	73	0.15	20.8
olaTTNIg47_188	olaTTNIg73_197	24.074	54	41	0	31	84	34	87	0.2	20.4
olaTTNIg47_188	olaTTNIg64_193	25.926	54	38	2	31	83	30	82	0.22	20.4
olaTTNIg47_188	olaTTNIg117_196	23.881	67	46	3	13	76	12	76	0.27	20
olaTTNIg47_188	olaTTNIg87_194	24.49	49	35	1	28	76	30	76	0.38	19.6
olaTTNIg47_188	olaTTNIg93_194	26	50	26	1	44	82	33	82	0.55	19.2
olaTTNIg47_188	olaTTNIg111_1101	29.167	24	17	0	28	51	34	57	0.58	19.2
olaTTNIg47_188	olaTTNIg66_196	27.419	62	38	3	31	88	34	92	0.6	19.2
olaTTNIg47_188	olaTTNIg69_194	27.273	44	30	1	31	74	33	74	0.79	18.9
olaTTNIg47_188	olaTTNIg100_195	22.449	49	38	0	28	76	30	78	0.84	18.9
olaTTNIg47_188	olaTTNIg88_193	31.25	80	45	4	6	77	12	89	0.84	18.5
olaTTNIg47_188	olaTTNnewIg_1104	56.25	16	6	1	21	35	22	37	0.89	18.5
olaTTNIg47_188	olaTTNIg35_193	27.273	44	32	0	33	76	33	76	1	18.5
olaTTNIg47_188	olaTTNIg107_194	24.59	61	40	3	31	88	33	90	2.6	17.3
olaTTNIg47_188	olaTTNIg95_197	19.565	46	37	0	31	76	34	79	5.2	16.5
olaTTNIg47_188	olaTTNIg62_195	50	10	5	0	37	46	10	19	6	16.2
olaTTNIg47_188	olaTTNIg10_194	27.778	54	32	4	26	75	26	76	6.8	16.2
olaTTNIg47_188	olaTTNIg103_196	50	8	4	0	28	35	30	37	9.9	15.8
olaTTNIg48_188	olaTTNIg48_188	100	88	0	0	1	88	1	88	5.04e-65	182
olaTTNIg48_188	olaTTNIg51_488	48.235	85	44	0	4	88	1	85	6.84e-28	88.6
olaTTNIg48_188	olaTTNIg53_190	34.483	87	57	0	2	88	4	90	2.79e-15	56.6
olaTTNIg48_188	olaTTNIg43_297	32.836	67	45	0	1	67	2	68	2.48e-11	46.6
olaTTNIg48_188	olaTTNIg54_189	29.412	85	60	0	2	86	3	87	6.58e-11	45.4
olaTTNIg48_188	olaTTNIg55_190	25.287	87	65	0	2	88	4	90	4.42e-10	43.5
olaTTNIg48_188	olaTTNIg49_187	37.705	61	37	1	4	64	4	63	8.02e-10	42.7
olaTTNIg48_188	olaTTNIg57_188	28.235	85	61	0	4	88	4	88	9.72e-10	42.4
olaTTNIg48_188	olaTTNIg47_188	27.059	85	62	0	2	86	3	87	2.18e-09	41.6
olaTTNIg48_188	olaTTNIg20_187	27.059	85	62	0	2	86	2	86	3.50e-09	40.8
olaTTNIg48_188	olaTTNIg19_391	29.851	67	47	0	2	68	2	68	6.48e-09	40.4
olaTTNIg48_188	olaTTNIg59_189	22.727	88	68	0	1	88	1	88	1.65e-08	39.3
olaTTNIg48_188	olaTTNIg17_290	31.707	82	55	1	6	86	7	88	1.66e-08	39.3
olaTTNIg48_188	olaTTNIg60_187	28.571	84	60	0	3	86	3	86	5.54e-08	37.7
olaTTNIg48_188	olaTTNIg21_195	31.579	76	51	1	8	82	8	83	7.03e-08	37.7
olaTTNIg48_188	olaTTNIg46_189	29.412	85	60	0	4	88	5	89	3.48e-07	35.8
olaTTNIg48_188	olaTTNIg13_189	30.303	66	46	0	2	67	2	67	3.59e-07	35.8
olaTTNIg48_188	olaTTNIg50_192	24.706	85	64	0	2	86	2	86	9.91e-07	34.7
olaTTNIg48_188	olaTTNIg61_188	26.506	83	61	0	2	84	3	85	1.09e-06	34.7
olaTTNIg48_188	olaTTNIg52_188	28.333	60	43	0	2	61	2	61	1.91e-06	33.9
olaTTNIg48_188	olaTTNIg18_389	24.706	85	64	0	2	86	2	86	2.06e-06	33.9
olaTTNIg48_188	olaTTNIg44_197	26.882	93	60	2	2	86	4	96	8.50e-06	32.3
olaTTNIg48_188	olaTTNIg106_196	29.231	65	45	1	13	76	15	79	1.02e-05	32
olaTTNIg48_188	olaTTNIg2_194	33.333	57	37	1	3	58	3	59	1.05e-05	32
olaTTNIg48_188	olaTTNIg58_193	31.579	38	26	0	1	38	1	38	1.34e-05	31.6
olaTTNIg48_188	olaTTNIg38_193	27.473	91	61	2	3	88	3	93	1.75e-05	31.6
olaTTNIg48_188	olaTTNIg1_196	28.571	56	36	2	3	54	3	58	3.16e-05	30.8
olaTTNIg48_188	olaTTNIg11_191	25.556	90	61	3	2	86	2	90	3.50e-05	30.4
olaTTNIg48_188	olaTTNIg15_187	23.529	85	65	0	2	86	2	86	3.58e-05	30.4
olaTTNIg48_188	olaTTNIg56_189	24.615	65	49	0	4	68	4	68	5.22e-05	30
olaTTNIg48_188	olaTTNIg3_195	29.268	41	28	1	5	44	5	45	2.32e-04	28.5
olaTTNIg48_188	olaTTNIg22_193	30.556	36	25	0	3	38	3	38	3.61e-04	27.7
olaTTNIg48_188	olaTTNIg113_197	25.806	93	61	3	4	88	4	96	3.69e-04	28.1
olaTTNIg48_188	olaTTNIg10_194	28	75	50	3	4	75	4	77	4.92e-04	27.7
olaTTNIg48_188	olaTTNIg12_189	22.353	85	66	0	2	86	3	87	5.26e-04	27.3
olaTTNIg48_188	olaTTNIg35_193	26.087	92	61	3	3	88	3	93	0.001	26.6
olaTTNIg48_188	olaTTNIg116_195	32.558	43	28	1	3	44	3	45	0.001	26.6
olaTTNIg48_188	olaTTNIg108_193	24.419	86	55	3	3	78	2	87	0.001	26.2
olaTTNIg48_188	olaTTNIg105_194	29.032	31	21	1	13	42	15	45	0.002	25.8
olaTTNIg48_188	olaTTNIg27_192	25.926	81	55	2	13	88	12	92	0.003	25.4
olaTTNIg48_188	olaTTNIg6_195	34.286	35	22	1	4	37	3	37	0.003	25.4
olaTTNIg48_188	olaTTNIg9_193	29.333	75	51	2	13	86	12	85	0.006	24.6
olaTTNIg48_188	olaTTNIg115_194	28.947	38	26	1	8	44	8	45	0.026	22.7
olaTTNIg48_188	olaTTNIg95_197	32.143	28	19	0	13	40	16	43	0.027	22.7
olaTTNIg48_188	olaTTNIg29_192	21.978	91	66	2	3	88	2	92	0.029	22.7
olaTTNIg48_188	olaTTNIg82_196	17.333	75	61	1	14	87	16	90	0.056	21.9
olaTTNIg48_188	olaTTNIg114_192	24	50	37	1	4	53	3	51	0.062	21.9
olaTTNIg48_188	olaTTNIg79_197	33.333	27	17	1	13	38	15	41	0.065	21.9
olaTTNIg48_188	olaTTNIg40_194	23.596	89	61	4	4	86	3	90	0.074	21.6
olaTTNIg48_188	olaTTNIg77_197	26.923	78	52	4	13	86	16	92	0.11	21.2
olaTTNIg48_188	olaTTNIg117_196	19.231	78	54	2	4	80	4	73	0.13	20.8
olaTTNIg48_188	olaTTNIg64_193	25	76	45	3	9	81	8	74	0.35	19.6
olaTTNIg48_188	olaTTNIg88_193	22.222	36	28	0	32	67	32	67	0.64	18.9
olaTTNIg48_188	olaTTNIg34_193	40	15	9	0	28	42	29	43	0.93	18.5
olaTTNIg48_188	olaTTNIg70_195	29.412	17	12	0	32	48	34	50	1	18.5
olaTTNIg48_188	olaTTNIg63_197	19.277	83	66	1	5	86	8	90	3.6	16.9
olaTTNIg48_188	olaTTNIg112_198	55.556	9	4	0	13	21	16	24	5	16.5
olaTTNIg48_188	olaTTNIg75_195	54.545	11	5	0	10	20	6	16	5.6	16.2
olaTTNIg48_188	olaTTNIg93_194	31.818	22	15	0	12	33	14	35	5.9	16.2
olaTTNIg48_188	olaTTNIg80_196	35.714	14	9	0	6	19	7	20	8	15.8
olaTTNIg48_188	olaTTNIg72_197	23.188	69	42	3	5	70	8	68	9.3	15.8
olaTTNIg48_188	olaTTNIg16_189	16.667	42	35	0	6	47	7	48	9.9	15.8
olaTTNIg49_187	olaTTNIg49_187	100	87	0	0	1	87	1	87	1.68e-63	178
olaTTNIg49_187	olaTTNIg52_188	49.425	87	43	1	1	86	1	87	3.22e-29	92
olaTTNIg49_187	olaTTNIg55_190	36.145	83	52	1	4	85	6	88	2.81e-14	53.9
olaTTNIg49_187	olaTTNIg57_188	36.471	85	53	1	2	85	2	86	4.18e-14	53.5
olaTTNIg49_187	olaTTNIg40_194	34.831	89	52	2	4	86	3	91	1.10e-12	50.1
olaTTNIg49_187	olaTTNIg20_187	34.524	84	54	1	4	86	4	87	1.26e-12	49.7
olaTTNIg49_187	olaTTNIg54_189	31.325	83	56	1	4	85	5	87	3.30e-11	46.2
olaTTNIg49_187	olaTTNIg43_297	30.882	68	46	1	4	70	5	72	6.12e-11	45.8
olaTTNIg49_187	olaTTNIg14_188	31.765	85	56	2	4	86	4	88	1.58e-10	44.3
olaTTNIg49_187	olaTTNIg108_193	28.736	87	56	3	7	87	6	92	2.71e-10	43.9
olaTTNIg49_187	olaTTNIg51_488	30.12	83	57	1	4	85	1	83	7.79e-10	42.4
olaTTNIg49_187	olaTTNIg48_188	37.705	61	37	1	4	63	4	64	7.93e-10	42.7
olaTTNIg49_187	olaTTNIg42_192	29.67	91	60	2	1	87	2	92	3.28e-09	41.2
olaTTNIg49_187	olaTTNIg38_193	31.818	88	54	2	4	85	4	91	1.04e-08	39.7
olaTTNIg49_187	olaTTNIg47_188	26.19	84	61	1	4	86	5	88	2.30e-08	38.9
olaTTNIg49_187	olaTTNIg59_189	26.506	83	60	1	4	85	4	86	2.45e-08	38.9
olaTTNIg49_187	olaTTNIg60_187	27.381	84	60	1	4	86	4	87	2.60e-08	38.5
olaTTNIg49_187	olaTTNIg23_194	31.034	87	54	2	7	87	6	92	3.43e-08	38.5
olaTTNIg49_187	olaTTNIg46_189	27.711	83	59	1	4	85	5	87	7.68e-08	37.4
olaTTNIg49_187	olaTTNIg53_190	31.646	79	53	1	8	85	10	88	1.63e-07	36.6
olaTTNIg49_187	olaTTNIg18_389	29.63	81	56	1	7	86	7	87	2.04e-07	36.2
olaTTNIg49_187	olaTTNIg98_196	30.159	63	43	1	25	86	28	90	2.31e-07	36.2
olaTTNIg49_187	olaTTNIg34_193	28.09	89	58	2	3	85	3	91	2.86e-07	36.2
olaTTNIg49_187	olaTTNIg56_189	30.556	72	49	1	2	72	2	73	5.17e-07	35.4
olaTTNIg49_187	olaTTNIg27_192	34.848	66	39	1	24	85	25	90	5.49e-07	35.4
olaTTNIg49_187	olaTTNIg19_391	25.926	81	59	1	8	87	8	88	8.61e-07	34.7
olaTTNIg49_187	olaTTNIg31_193	33.898	59	37	1	21	77	21	79	4.03e-06	33.1
olaTTNIg49_187	olaTTNIg35_193	24.096	83	61	1	4	84	4	86	5.64e-06	32.7
olaTTNIg49_187	olaTTNIg22_193	26.389	72	52	1	2	72	2	73	6.34e-06	32.7
olaTTNIg49_187	olaTTNIg3_195	23.864	88	61	2	5	86	5	92	6.45e-06	32.7
olaTTNIg49_187	olaTTNIg17_290	25.843	89	63	2	1	86	1	89	2.80e-05	30.8
olaTTNIg49_187	olaTTNIg21_195	30	60	38	1	31	86	33	92	3.34e-05	30.8
olaTTNIg49_187	olaTTNIg44_197	29.73	74	47	2	4	72	6	79	5.59e-05	30
olaTTNIg49_187	olaTTNIg24_194	22.973	74	55	1	2	73	1	74	9.95e-05	29.3
olaTTNIg49_187	olaTTNIg45_192	28.814	59	39	2	17	73	18	75	1.41e-04	28.9
olaTTNIg49_187	olaTTNIg12_189	25.758	66	48	1	21	85	22	87	2.22e-04	28.5
olaTTNIg49_187	olaTTNIg36_194	21.111	90	64	3	4	86	4	93	2.61e-04	28.1
olaTTNIg49_187	olaTTNIg66_196	29.412	51	34	2	31	81	36	84	3.49e-04	28.1
olaTTNIg49_187	olaTTNIg11_191	25	88	61	3	4	86	4	91	4.55e-04	27.7
olaTTNIg49_187	olaTTNIg64_193	28.571	84	52	3	9	85	8	90	0.001	26.6
olaTTNIg49_187	olaTTNIg16_189	24.691	81	56	2	8	85	9	87	0.001	26.6
olaTTNIg49_187	olaTTNIg30_194	24.444	90	61	3	4	86	4	93	0.002	26.2
olaTTNIg49_187	olaTTNIg8_195	30	60	38	1	31	86	34	93	0.002	26.2
olaTTNIg49_187	olaTTNIg101_195	28.947	76	47	4	17	86	19	93	0.002	26.2
olaTTNIg49_187	olaTTNIg33_195	28.205	78	48	2	12	85	18	91	0.002	25.8
olaTTNIg49_187	olaTTNIg94_193	23.881	67	49	2	8	72	7	73	0.002	25.8
olaTTNIg49_187	olaTTNIg29_192	28.571	56	38	1	19	72	18	73	0.004	25
olaTTNIg49_187	olaTTNIg61_188	23.81	63	47	1	9	70	10	72	0.012	23.9
olaTTNIg49_187	olaTTNIg2_194	22.857	70	50	2	4	70	4	72	0.012	23.9
olaTTNIg49_187	olaTTNIg39_194	29.787	47	33	0	26	72	29	75	0.013	23.9
olaTTNIg49_187	olaTTNIg28_194	21.333	75	56	2	1	72	1	75	0.017	23.5
olaTTNIg49_187	olaTTNIg109_193	28.947	38	27	0	31	68	31	68	0.021	23.1
olaTTNIg49_187	olaTTNIg26_192	22.093	86	62	2	5	85	4	89	0.026	22.7
olaTTNIg49_187	olaTTNIg95_197	28.571	56	38	2	17	70	20	75	0.061	21.9
olaTTNIg49_187	olaTTNIg117_196	22.222	72	48	3	4	70	4	72	0.089	21.6
olaTTNIg49_187	olaTTNIg115_194	19.672	61	49	0	18	78	20	80	0.091	21.2
olaTTNIg49_187	olaTTNIg89_196	22.414	58	40	2	26	78	29	86	0.11	21.2
olaTTNIg49_187	olaTTNIg88_193	22.414	58	37	1	21	70	14	71	0.14	20.8
olaTTNIg49_187	olaTTNIg69_194	30.508	59	35	3	31	86	35	90	0.21	20.4
olaTTNIg49_187	olaTTNIg113_197	21.739	92	61	4	4	85	4	94	0.22	20.4
olaTTNIg49_187	olaTTNIg110_194	23.611	72	51	4	4	71	3	74	0.26	20
olaTTNIg49_187	olaTTNIg112_198	21.429	42	33	0	31	72	37	78	0.49	19.2
olaTTNIg49_187	olaTTNIg107_194	28.571	56	36	3	33	86	37	90	1.6	17.7
olaTTNIg49_187	olaTTNIg7_195	23.077	52	38	2	4	53	3	54	1.9	17.7
olaTTNIg49_187	olaTTNIg83_195	23.214	56	41	2	17	70	18	73	4.5	16.5
olaTTNIg49_187	olaTTNIg63_197	24.138	58	44	0	13	70	18	75	5.5	16.5
olaTTNIg50_192	olaTTNIg50_192	100	92	0	0	1	92	1	92	1.00e-66	187
olaTTNIg50_192	olaTTNIg55_190	40	85	51	0	2	86	4	88	3.17e-20	69.3
olaTTNIg50_192	olaTTNIg47_188	39.08	87	51	2	2	87	3	88	9.09e-18	63.2
olaTTNIg50_192	olaTTNIg46_189	36.145	83	53	0	4	86	5	87	2.38e-16	59.7
olaTTNIg50_192	olaTTNIg54_189	32.558	86	58	0	1	86	2	87	1.70e-14	54.7
olaTTNIg50_192	olaTTNIg57_188	35.294	85	54	1	4	87	4	88	3.59e-14	53.9
olaTTNIg50_192	olaTTNIg60_187	26.437	87	64	0	1	87	1	87	4.03e-14	53.9
olaTTNIg50_192	olaTTNIg15_187	30.233	86	60	0	1	86	1	86	8.93e-13	50.4
olaTTNIg50_192	olaTTNIg13_189	28.09	89	62	1	1	87	1	89	2.27e-12	49.3
olaTTNIg50_192	olaTTNIg58_193	30.769	78	54	0	2	79	2	79	3.40e-11	46.6
olaTTNIg50_192	olaTTNIg20_187	29.07	86	61	0	2	87	2	87	3.52e-11	46.2
olaTTNIg50_192	olaTTNIg19_391	26.506	83	61	0	7	89	7	89	5.47e-11	45.8
olaTTNIg50_192	olaTTNIg17_290	33.824	68	44	1	7	73	8	75	1.54e-10	44.7
olaTTNIg50_192	olaTTNIg59_189	24.706	85	64	0	2	86	2	86	1.97e-10	44.3
olaTTNIg50_192	olaTTNIg61_188	28.571	84	60	0	1	84	2	85	3.00e-10	43.9
olaTTNIg50_192	olaTTNIg53_190	25.926	81	60	0	7	87	9	89	4.90e-10	43.5
olaTTNIg50_192	olaTTNIg11_191	31.868	91	58	2	1	87	1	91	7.28e-10	42.7
olaTTNIg50_192	olaTTNIg113_197	29.268	82	54	2	1	78	1	82	1.75e-09	42
olaTTNIg50_192	olaTTNIg43_297	27.174	92	62	1	2	88	3	94	1.83e-09	42
olaTTNIg50_192	olaTTNIg51_488	27.711	83	60	0	4	86	1	83	2.10e-09	41.6
olaTTNIg50_192	olaTTNIg24_194	25.843	89	61	2	4	87	3	91	2.25e-09	41.6
olaTTNIg50_192	olaTTNIg2_194	26.882	93	63	2	1	88	1	93	2.40e-09	41.6
olaTTNIg50_192	olaTTNIg56_189	30.588	85	58	1	4	87	4	88	3.07e-09	41.2
olaTTNIg50_192	olaTTNIg42_192	27.273	88	62	2	1	86	3	90	3.78e-09	41.2
olaTTNIg50_192	olaTTNIg27_192	26.667	75	54	1	11	84	10	84	1.15e-07	37.4
olaTTNIg50_192	olaTTNIg23_194	26.966	89	60	2	4	87	3	91	2.17e-07	36.6
olaTTNIg50_192	olaTTNIg52_188	23.256	86	66	0	2	87	2	87	2.87e-07	36.2
olaTTNIg50_192	olaTTNIg34_193	24.719	89	62	2	4	87	4	92	3.63e-07	35.8
olaTTNIg50_192	olaTTNIg5_198	25.532	94	62	4	1	87	1	93	4.96e-07	35.8
olaTTNIg50_192	olaTTNIg48_188	24.706	85	64	0	2	86	2	86	1.04e-06	34.7
olaTTNIg50_192	olaTTNIg12_189	25	84	63	0	1	84	2	85	1.05e-06	34.7
olaTTNIg50_192	olaTTNIg39_194	23.729	59	43	1	29	87	31	87	1.52e-06	34.3
olaTTNIg50_192	olaTTNIg106_196	28.333	60	41	1	25	84	28	85	2.24e-06	33.9
olaTTNIg50_192	olaTTNIg18_389	25.641	78	58	0	10	87	10	87	3.66e-06	33.1
olaTTNIg50_192	olaTTNIg44_197	28.736	87	55	2	1	83	3	86	8.16e-06	32.3
olaTTNIg50_192	olaTTNIg30_194	26.316	76	54	2	1	74	1	76	1.07e-05	32
olaTTNIg50_192	olaTTNIg91_193	28.788	66	46	1	13	77	12	77	1.10e-05	32
olaTTNIg50_192	olaTTNIg114_192	25.926	81	56	3	8	87	7	84	1.37e-05	32
olaTTNIg50_192	olaTTNIg14_188	22.727	88	67	1	1	87	1	88	1.54e-05	31.6
olaTTNIg50_192	olaTTNIg104_198	32.653	49	32	1	29	77	35	82	3.98e-05	30.8
olaTTNIg50_192	olaTTNIg10_194	30	70	43	4	17	83	17	83	4.15e-05	30.4
olaTTNIg50_192	olaTTNIg108_193	25.373	67	46	1	25	87	25	91	4.32e-05	30.4
olaTTNIg50_192	olaTTNIg41_196	27.5	80	56	2	2	79	2	81	4.73e-05	30.4
olaTTNIg50_192	olaTTNIg110_194	28.205	78	53	2	4	78	3	80	5.28e-05	30.4
olaTTNIg50_192	olaTTNIg16_189	23.077	78	60	0	7	84	8	85	9.54e-05	29.6
olaTTNIg50_192	olaTTNIg76_192	25.926	81	53	3	16	89	12	92	9.59e-05	29.6
olaTTNIg50_192	olaTTNIg3_195	19.318	88	66	2	5	87	5	92	1.87e-04	28.9
olaTTNIg50_192	olaTTNIg117_196	25	76	56	1	4	78	4	79	1.87e-04	28.9
olaTTNIg50_192	olaTTNIg88_193	24.286	70	52	1	9	77	8	77	2.29e-04	28.5
olaTTNIg50_192	olaTTNIg116_195	27.5	80	53	3	1	77	1	78	3.33e-04	28.1
olaTTNIg50_192	olaTTNIg33_195	22.785	79	60	1	1	78	1	79	3.58e-04	28.1
olaTTNIg50_192	olaTTNIg31_193	32.558	43	29	0	29	71	30	72	0.001	26.9
olaTTNIg50_192	olaTTNIg73_197	31.818	44	30	0	34	77	38	81	0.002	26.2
olaTTNIg50_192	olaTTNIg63_197	29.545	44	31	0	32	75	36	79	0.002	25.8
olaTTNIg50_192	olaTTNIg28_194	23.75	80	59	2	1	78	1	80	0.004	25
olaTTNIg50_192	olaTTNIg100_195	20.548	73	57	1	7	78	9	81	0.008	24.3
olaTTNIg50_192	olaTTNIg99_197	25	44	33	0	34	77	37	80	0.013	23.9
olaTTNIg50_192	olaTTNIg87_194	25.49	51	36	1	27	77	30	78	0.03	22.7
olaTTNIg50_192	olaTTNIg25_194	24.468	94	62	4	1	86	1	93	0.036	22.7
olaTTNIg50_192	olaTTNIg86_197	22.581	62	47	1	13	73	16	77	0.041	22.3
olaTTNIg50_192	olaTTNIg94_193	27.778	72	49	2	12	82	11	80	0.045	22.3
olaTTNIg50_192	olaTTNIg111_1101	21.739	46	36	0	34	79	41	86	0.058	21.9
olaTTNIg50_192	olaTTNIg35_193	24.561	57	41	1	28	84	29	83	0.062	21.9
olaTTNIg50_192	olaTTNIg109_193	26.829	41	30	0	23	63	22	62	0.098	21.2
olaTTNIg50_192	olaTTNIg95_197	20.755	53	40	1	34	86	38	88	0.12	21.2
olaTTNIg50_192	olaTTNIg82_196	21.311	61	47	1	18	77	20	80	0.14	20.8
olaTTNIg50_192	olaTTNIg66_196	25.455	55	40	1	23	77	27	80	0.15	20.8
olaTTNIg50_192	olaTTNIg84_195	24.59	61	44	1	27	87	31	89	0.21	20.4
olaTTNIg50_192	olaTTNIg70_195	19.298	57	46	0	31	87	33	89	0.24	20.4
olaTTNIg50_192	olaTTNIg105_194	26.154	65	43	3	20	83	22	82	0.29	20
olaTTNIg50_192	olaTTNIg75_195	23.077	52	37	2	26	76	29	78	0.55	19.2
olaTTNIg50_192	olaTTNIg29_192	20	70	55	1	3	71	2	71	0.85	18.9
olaTTNIg50_192	olaTTNIg72_197	14.894	47	40	0	31	77	35	81	1.2	18.5
olaTTNIg50_192	olaTTNIg4_195	24	50	37	1	4	52	4	53	1.6	18.1
olaTTNIg51_488	olaTTNIg51_488	100	85	0	0	1	85	1	85	9.49e-61	171
olaTTNIg51_488	olaTTNIg48_188	48.235	85	44	0	1	85	4	88	6.60e-28	88.6
olaTTNIg51_488	olaTTNIg53_190	39.759	83	50	0	3	85	8	90	3.53e-18	63.9
olaTTNIg51_488	olaTTNIg17_290	39.024	82	49	1	3	83	7	88	6.05e-17	60.8
olaTTNIg51_488	olaTTNIg46_189	35.294	85	55	0	1	85	5	89	2.32e-13	51.6
olaTTNIg51_488	olaTTNIg55_190	29.412	85	60	0	1	85	6	90	3.01e-13	51.2
olaTTNIg51_488	olaTTNIg19_391	34.568	81	53	0	3	83	6	86	1.35e-12	49.7
olaTTNIg51_488	olaTTNIg20_187	30.12	83	58	0	1	83	4	86	2.40e-12	48.9
olaTTNIg51_488	olaTTNIg60_187	32.53	83	56	0	1	83	4	86	3.22e-12	48.5
olaTTNIg51_488	olaTTNIg43_297	30.233	86	55	1	1	81	5	90	5.65e-12	48.1
olaTTNIg51_488	olaTTNIg59_189	27.059	85	62	0	1	85	4	88	2.20e-10	43.9
olaTTNIg51_488	olaTTNIg54_189	24.096	83	63	0	1	83	5	87	3.73e-10	43.5
olaTTNIg51_488	olaTTNIg49_187	30.12	83	57	1	1	83	4	85	7.61e-10	42.4
olaTTNIg51_488	olaTTNIg47_188	28.916	83	59	0	1	83	5	87	7.85e-10	42.4
olaTTNIg51_488	olaTTNIg50_192	27.711	83	60	0	1	83	4	86	1.94e-09	41.6
olaTTNIg51_488	olaTTNIg13_189	28.378	74	53	0	1	74	4	77	2.61e-09	41.2
olaTTNIg51_488	olaTTNIg61_188	29.268	82	58	0	2	83	6	87	3.25e-09	40.8
olaTTNIg51_488	olaTTNIg15_187	29.268	82	58	0	2	83	5	86	7.70e-09	40
olaTTNIg51_488	olaTTNIg42_192	28.571	84	58	1	2	83	7	90	2.05e-08	38.9
olaTTNIg51_488	olaTTNIg57_188	28.235	85	61	0	1	85	4	88	5.33e-08	37.7
olaTTNIg51_488	olaTTNIg52_188	23.529	85	65	0	1	85	4	88	3.07e-07	35.8
olaTTNIg51_488	olaTTNIg12_189	29.63	81	55	2	2	81	6	85	2.61e-06	33.5
olaTTNIg51_488	olaTTNIg18_389	30.488	82	57	0	2	83	5	86	4.48e-06	32.7
olaTTNIg51_488	olaTTNIg11_191	29.825	57	39	1	1	56	4	60	4.86e-06	32.7
olaTTNIg51_488	olaTTNIg23_194	28.409	88	58	2	1	83	3	90	8.98e-06	32
olaTTNIg51_488	olaTTNIg3_195	19.231	78	62	1	2	78	5	82	1.01e-05	32
olaTTNIg51_488	olaTTNIg44_197	28.571	70	46	1	1	66	6	75	3.50e-05	30.4
olaTTNIg51_488	olaTTNIg56_189	22.619	84	65	0	1	84	4	87	5.66e-05	30
olaTTNIg51_488	olaTTNIg106_196	31.25	80	52	2	4	82	9	86	9.79e-05	29.3
olaTTNIg51_488	olaTTNIg58_193	26.984	63	46	0	2	64	5	67	1.54e-04	28.9
olaTTNIg51_488	olaTTNIg38_193	28.571	63	41	1	27	85	31	93	3.09e-04	28.1
olaTTNIg51_488	olaTTNIg113_197	26.087	92	60	4	1	84	4	95	5.74e-04	27.3
olaTTNIg51_488	olaTTNIg21_195	28.75	80	52	2	9	83	12	91	0.001	26.6
olaTTNIg51_488	olaTTNIg16_189	23.457	81	62	0	3	83	7	87	0.002	25.8
olaTTNIg51_488	olaTTNIg30_194	25.333	75	52	2	1	72	4	77	0.002	25.8
olaTTNIg51_488	olaTTNIg29_192	20.482	83	65	1	1	82	3	85	0.002	25.8
olaTTNIg51_488	olaTTNIg9_193	28.571	77	53	2	8	83	10	85	0.003	25.4
olaTTNIg51_488	olaTTNIg82_196	25.641	39	29	0	29	67	35	73	0.017	23.1
olaTTNIg51_488	olaTTNIg34_193	34.146	41	24	2	1	39	4	43	0.027	22.7
olaTTNIg51_488	olaTTNIg28_194	29.688	64	40	2	27	85	31	94	0.047	21.9
olaTTNIg51_488	olaTTNIg88_193	27.869	61	40	1	29	85	32	92	0.049	21.9
olaTTNIg51_488	olaTTNIg80_196	31.034	29	20	0	30	58	36	64	0.061	21.9
olaTTNIg51_488	olaTTNIg108_193	27.586	29	21	0	29	57	32	60	0.082	21.6
olaTTNIg51_488	olaTTNIg36_194	23.077	39	30	0	27	65	32	70	0.11	21.2
olaTTNIg51_488	olaTTNIg101_195	50	10	5	0	29	38	35	44	0.22	20.4
olaTTNIg51_488	olaTTNIg7_195	25.714	35	25	1	1	34	3	37	0.29	20
olaTTNIg51_488	olaTTNIg26_192	23.864	88	61	2	2	84	4	90	0.33	19.6
olaTTNIg51_488	olaTTNIg85_194	19.643	56	45	0	22	77	26	81	0.49	19.2
olaTTNIg51_488	olaTTNIg76_192	30	40	24	2	28	65	30	67	0.6	18.9
olaTTNIg51_488	olaTTNIg32_194	26.087	46	30	1	44	85	49	94	0.8	18.5
olaTTNIg51_488	olaTTNIg115_194	21.429	42	33	0	29	70	33	74	1.6	17.7
olaTTNIg51_488	olaTTNIg98_196	22.951	61	43	1	29	85	35	95	1.6	17.7
olaTTNIg51_488	olaTTNIg90_195	25.714	35	19	1	29	63	36	63	1.8	17.7
olaTTNIg51_488	olaTTNIg45_192	25.641	78	47	4	4	72	1	76	2.2	17.3
olaTTNIg51_488	olaTTNIg63_197	23.636	55	42	0	29	83	36	90	2.6	17.3
olaTTNIg51_488	olaTTNIg33_195	25.61	82	56	3	8	85	13	93	2.7	17.3
olaTTNIg51_488	olaTTNIg95_197	37.037	27	16	1	10	35	16	42	4.1	16.5
olaTTNIg51_488	olaTTNIg117_196	22.727	88	62	3	1	83	5	91	4.6	16.5
olaTTNIg51_488	olaTTNIg71_194	27.119	59	41	1	29	85	35	93	5.6	16.2
olaTTNIg51_488	olaTTNIg69_194	85.714	7	1	0	7	13	6	12	6.2	16.2
olaTTNIg51_488	olaTTNIg77_197	50	10	5	0	29	38	36	45	7.4	15.8
olaTTNIg52_188	olaTTNIg52_188	100	88	0	0	1	88	1	88	2.63e-63	177
olaTTNIg52_188	olaTTNIg49_187	49.425	87	43	1	1	87	1	86	3.26e-29	92
olaTTNIg52_188	olaTTNIg54_189	33.735	83	55	0	4	86	5	87	2.06e-16	59.3
olaTTNIg52_188	olaTTNIg55_190	36.145	83	53	0	4	86	6	88	9.10e-16	57.8
olaTTNIg52_188	olaTTNIg57_188	32.941	85	57	0	4	88	4	88	6.54e-14	53.1
olaTTNIg52_188	olaTTNIg56_189	33.721	86	56	1	4	88	4	89	6.62e-14	53.1
olaTTNIg52_188	olaTTNIg59_189	32.184	87	59	0	2	88	2	88	4.41e-13	50.8
olaTTNIg52_188	olaTTNIg20_187	30.952	84	58	0	4	87	4	87	8.81e-13	50.1
olaTTNIg52_188	olaTTNIg60_187	28.571	84	60	0	4	87	4	87	9.10e-13	50.1
olaTTNIg52_188	olaTTNIg43_297	28.409	88	58	1	4	86	5	92	1.11e-12	50.1
olaTTNIg52_188	olaTTNIg47_188	26.437	87	64	0	1	87	2	88	7.68e-12	47.8
olaTTNIg52_188	olaTTNIg46_189	30.233	86	60	0	3	88	4	89	1.33e-11	47.4
olaTTNIg52_188	olaTTNIg17_290	32.099	81	54	1	8	87	9	89	3.71e-11	46.2
olaTTNIg52_188	olaTTNIg19_391	30.233	86	60	0	1	86	1	86	7.65e-11	45.4
olaTTNIg52_188	olaTTNIg11_191	32.955	88	55	2	4	87	4	91	1.43e-10	44.7
olaTTNIg52_188	olaTTNIg16_189	27.848	79	57	0	8	86	9	87	1.18e-09	42
olaTTNIg52_188	olaTTNIg108_193	26.866	67	45	1	25	87	25	91	1.46e-09	42
olaTTNIg52_188	olaTTNIg44_197	31.579	76	48	1	2	73	4	79	1.70e-09	42
olaTTNIg52_188	olaTTNIg41_196	29.333	75	51	2	1	73	1	75	1.82e-09	42
olaTTNIg52_188	olaTTNIg13_189	30.435	69	48	0	4	72	4	72	8.66e-09	40
olaTTNIg52_188	olaTTNIg12_189	26.562	64	47	0	23	86	24	87	1.57e-07	36.6
olaTTNIg52_188	olaTTNIg1_196	26.087	92	57	5	4	86	4	93	2.25e-07	36.6
olaTTNIg52_188	olaTTNIg38_193	22.222	90	65	2	4	88	4	93	2.59e-07	36.2
olaTTNIg52_188	olaTTNIg14_188	27.711	83	59	1	6	87	6	88	2.73e-07	36.2
olaTTNIg52_188	olaTTNIg50_192	23.256	86	66	0	2	87	2	87	2.75e-07	36.2
olaTTNIg52_188	olaTTNIg5_198	30.667	75	44	4	4	73	4	75	3.03e-07	36.2
olaTTNIg52_188	olaTTNIg51_488	23.529	85	65	0	4	88	1	85	3.17e-07	35.8
olaTTNIg52_188	olaTTNIg33_195	32.203	59	36	1	32	86	33	91	6.25e-07	35.4
olaTTNIg52_188	olaTTNIg40_194	28.169	71	50	1	4	73	3	73	7.45e-07	35
olaTTNIg52_188	olaTTNIg22_193	24.719	89	63	1	4	88	4	92	1.49e-06	34.3
olaTTNIg52_188	olaTTNIg48_188	28.333	60	43	0	2	61	2	61	1.91e-06	33.9
olaTTNIg52_188	olaTTNIg117_196	28.169	71	50	1	3	72	3	73	5.93e-06	32.7
olaTTNIg52_188	olaTTNIg36_194	24.176	91	63	3	4	88	4	94	2.47e-05	31.2
olaTTNIg52_188	olaTTNIg29_192	27.869	61	40	1	32	88	32	92	3.85e-05	30.4
olaTTNIg52_188	olaTTNIg98_196	24.242	66	46	1	25	86	28	93	5.73e-05	30
olaTTNIg52_188	olaTTNIg110_194	29.67	91	57	4	4	87	3	93	5.82e-05	30
olaTTNIg52_188	olaTTNIg66_196	38.095	42	25	1	30	71	34	74	6.91e-05	30
olaTTNIg52_188	olaTTNIg35_193	29.787	47	33	0	32	78	33	79	8.72e-05	29.6
olaTTNIg52_188	olaTTNIg3_195	22.785	79	60	1	6	83	6	84	1.02e-04	29.3
olaTTNIg52_188	olaTTNIg18_389	21.429	56	44	0	32	87	32	87	1.36e-04	28.9
olaTTNIg52_188	olaTTNIg107_194	38.462	39	22	1	33	71	36	72	1.51e-04	28.9
olaTTNIg52_188	olaTTNIg27_192	30	60	38	1	33	88	33	92	1.64e-04	28.9
olaTTNIg52_188	olaTTNIg7_195	26.374	91	60	3	4	87	3	93	1.90e-04	28.5
olaTTNIg52_188	olaTTNIg45_192	27.778	72	47	3	21	88	22	92	1.98e-04	28.5
olaTTNIg52_188	olaTTNIg39_194	27.273	55	40	0	32	86	34	88	2.65e-04	28.1
olaTTNIg52_188	olaTTNIg31_193	28.571	77	54	1	3	78	3	79	2.67e-04	28.1
olaTTNIg52_188	olaTTNIg25_194	27.692	65	40	3	26	84	27	90	3.96e-04	27.7
olaTTNIg52_188	olaTTNIg24_194	24.444	45	34	0	30	74	30	74	4.17e-04	27.7
olaTTNIg52_188	olaTTNIg114_192	29.213	89	57	3	4	87	3	90	4.48e-04	27.7
olaTTNIg52_188	olaTTNIg116_195	23.529	68	51	1	6	72	6	73	4.87e-04	27.7
olaTTNIg52_188	olaTTNIg53_190	23.457	81	62	0	8	88	10	90	4.90e-04	27.3
olaTTNIg52_188	olaTTNIg101_195	32	50	33	1	26	75	29	77	5.03e-04	27.7
olaTTNIg52_188	olaTTNIg58_193	26.761	71	52	0	2	72	2	72	7.27e-04	26.9
olaTTNIg52_188	olaTTNIg85_194	23.438	64	47	1	25	86	26	89	7.58e-04	26.9
olaTTNIg52_188	olaTTNIg23_194	23.333	60	42	1	32	87	32	91	8.76e-04	26.9
olaTTNIg52_188	olaTTNIg34_193	25.275	91	61	3	4	88	4	93	0.001	26.6
olaTTNIg52_188	olaTTNIg21_195	22.449	49	38	0	30	78	31	79	0.002	26.2
olaTTNIg52_188	olaTTNIg115_194	27.778	54	39	0	26	79	27	80	0.002	25.8
olaTTNIg52_188	olaTTNIg76_192	20	40	32	0	33	72	32	71	0.002	25.8
olaTTNIg52_188	olaTTNIg112_198	20.513	78	56	2	15	86	18	95	0.003	25.4
olaTTNIg52_188	olaTTNIg72_197	27.273	44	32	0	28	71	32	75	0.004	25
olaTTNIg52_188	olaTTNIg70_195	23.077	65	46	1	26	86	28	92	0.004	25
olaTTNIg52_188	olaTTNIg80_196	33.333	39	26	0	34	72	37	75	0.005	25
olaTTNIg52_188	olaTTNIg32_194	25.275	91	62	3	4	88	4	94	0.006	24.6
olaTTNIg52_188	olaTTNIg86_197	27.083	48	35	0	26	73	30	77	0.009	24.3
olaTTNIg52_188	olaTTNIg8_195	24.59	61	42	1	32	88	34	94	0.009	24.3
olaTTNIg52_188	olaTTNIg113_197	27.273	44	31	1	4	46	4	47	0.009	24.3
olaTTNIg52_188	olaTTNIg64_193	25	84	56	3	9	86	8	90	0.011	23.9
olaTTNIg52_188	olaTTNIg69_194	24.528	53	35	2	31	80	34	84	0.014	23.5
olaTTNIg52_188	olaTTNIg92_196	37.5	24	15	0	26	49	29	52	0.024	23.1
olaTTNIg52_188	olaTTNIg94_193	23.636	55	42	0	32	86	32	86	0.028	22.7
olaTTNIg52_188	olaTTNIg100_195	25.532	47	35	0	27	73	30	76	0.038	22.3
olaTTNIg52_188	olaTTNIg96_194	28.889	45	30	1	27	71	30	72	0.17	20.4
olaTTNIg52_188	olaTTNIg61_188	26.531	49	36	0	23	71	24	72	0.18	20.4
olaTTNIg52_188	olaTTNIg73_197	20.37	54	42	1	19	71	22	75	0.19	20.4
olaTTNIg52_188	olaTTNIg89_196	18.966	58	43	1	26	79	29	86	0.2	20.4
olaTTNIg52_188	olaTTNIg91_193	19.403	67	53	1	7	72	6	72	0.22	20.4
olaTTNIg52_188	olaTTNIg82_196	21.951	41	32	0	32	72	35	75	0.23	20.4
olaTTNIg52_188	olaTTNIg10_194	28.571	35	24	1	17	50	17	51	0.35	19.6
olaTTNIg52_188	olaTTNIg74_196	27.273	66	42	2	27	86	28	93	0.38	19.6
olaTTNIg52_188	olaTTNIg62_195	25	56	41	1	33	87	35	90	0.41	19.6
olaTTNIg52_188	olaTTNIg95_197	30.357	56	37	1	32	85	36	91	0.45	19.6
olaTTNIg52_188	olaTTNIg83_195	60	10	4	0	32	41	34	43	0.47	19.2
olaTTNIg52_188	olaTTNIg88_193	25	40	30	0	32	71	32	71	0.48	19.2
olaTTNIg52_188	olaTTNIg30_194	19.78	91	67	3	4	88	4	94	0.49	19.2
olaTTNIg52_188	olaTTNIg26_192	20.755	53	41	1	27	78	25	77	1.2	18.1
olaTTNIg52_188	olaTTNIg63_197	20.238	84	62	2	8	86	11	94	1.2	18.1
olaTTNIg52_188	olaTTNIg103_196	25	40	30	0	32	71	35	74	1.7	17.7
olaTTNIg52_188	olaTTNIg71_194	21.429	42	31	1	32	73	35	74	2.1	17.7
olaTTNIg52_188	olaTTNIg77_197	20.312	64	49	1	25	86	29	92	2.4	17.3
olaTTNIg52_188	olaTTNIg81_193	22.581	62	43	2	27	86	30	88	2.5	17.3
olaTTNIg52_188	olaTTNIg104_198	32.558	43	14	2	34	61	39	81	3.3	16.9
olaTTNIg52_188	olaTTNIg4_195	26.829	41	29	1	3	42	3	43	4.6	16.5
olaTTNIg52_188	olaTTNnewIg_1104	38.095	21	12	1	27	46	30	50	9.3	15.8
olaTTNIg52_188	olaTTNIg90_195	25	16	12	0	27	42	31	46	9.4	15.8
olaTTNIg53_190	olaTTNIg53_190	100	90	0	0	1	90	1	90	1.97e-64	181
olaTTNIg53_190	olaTTNIg51_488	39.759	83	50	0	8	90	3	85	3.74e-18	63.9
olaTTNIg53_190	olaTTNIg20_187	38.824	85	52	0	4	88	2	86	8.16e-18	63.2
olaTTNIg53_190	olaTTNIg48_188	34.483	87	57	0	4	90	2	88	2.85e-15	56.6
olaTTNIg53_190	olaTTNIg42_192	27.273	88	62	1	3	88	3	90	2.77e-14	54.3
olaTTNIg53_190	olaTTNIg43_297	28	75	54	0	4	78	3	77	1.54e-13	52.4
olaTTNIg53_190	olaTTNIg61_188	28.571	84	60	0	3	86	2	85	4.42e-13	51.2
olaTTNIg53_190	olaTTNIg46_189	30.588	85	59	0	6	90	5	89	5.87e-12	48.1
olaTTNIg53_190	olaTTNIg19_391	28.736	87	62	0	3	89	1	87	1.29e-11	47.4
olaTTNIg53_190	olaTTNIg59_189	25.61	82	61	0	9	90	7	88	2.24e-11	46.6
olaTTNIg53_190	olaTTNIg57_188	30.588	85	58	1	6	90	5	88	6.37e-11	45.4
olaTTNIg53_190	olaTTNIg15_187	29.07	86	61	0	3	88	1	86	1.46e-10	44.7
olaTTNIg53_190	olaTTNIg54_189	29.07	86	61	0	3	88	2	87	2.17e-10	44.3
olaTTNIg53_190	olaTTNIg9_193	32.051	78	51	2	13	89	10	86	3.43e-10	43.9
olaTTNIg53_190	olaTTNIg50_192	25.926	81	60	0	9	89	7	87	4.80e-10	43.5
olaTTNIg53_190	olaTTNIg18_389	30.12	83	57	1	6	88	5	86	5.26e-10	43.1
olaTTNIg53_190	olaTTNIg106_196	35.135	74	43	2	9	79	9	80	6.16e-10	43.1
olaTTNIg53_190	olaTTNIg13_189	28.409	88	61	1	4	89	2	89	6.37e-10	43.1
olaTTNIg53_190	olaTTNIg16_189	27.711	83	60	0	6	88	5	87	2.53e-09	41.2
olaTTNIg53_190	olaTTNIg12_189	28.571	70	50	0	20	89	19	88	3.74e-09	40.8
olaTTNIg53_190	olaTTNIg17_290	25.397	63	46	1	3	64	2	64	1.19e-08	39.7
olaTTNIg53_190	olaTTNIg55_190	26.437	87	64	0	4	90	4	90	1.31e-08	39.7
olaTTNIg53_190	olaTTNIg60_187	27.711	83	60	0	6	88	4	86	1.87e-08	39.3
olaTTNIg53_190	olaTTNIg44_197	28.75	80	53	1	4	79	4	83	2.40e-08	38.9
olaTTNIg53_190	olaTTNIg23_194	26.966	89	60	2	6	89	3	91	8.24e-08	37.7
olaTTNIg53_190	olaTTNIg11_191	27.778	90	61	2	3	88	1	90	1.46e-07	37
olaTTNIg53_190	olaTTNIg49_187	31.646	79	53	1	10	88	8	85	1.69e-07	36.6
olaTTNIg53_190	olaTTNIg22_193	25.352	71	53	0	9	79	7	77	2.58e-07	36.2
olaTTNIg53_190	olaTTNIg40_194	29.231	65	45	1	9	72	6	70	2.62e-07	36.2
olaTTNIg53_190	olaTTNIg47_188	27.848	79	57	0	10	88	9	87	4.47e-07	35.4
olaTTNIg53_190	olaTTNIg3_195	25.882	85	58	2	10	89	8	92	1.96e-06	33.9
olaTTNIg53_190	olaTTNIg56_189	25.373	67	50	0	6	72	4	70	3.40e-06	33.1
olaTTNIg53_190	olaTTNIg34_193	21.111	90	66	2	6	90	4	93	1.10e-05	32
olaTTNIg53_190	olaTTNIg27_192	27.273	66	47	1	15	79	12	77	2.01e-05	31.2
olaTTNIg53_190	olaTTNIg29_192	26.027	73	53	1	8	79	5	77	2.08e-05	31.2
olaTTNIg53_190	olaTTNIg58_193	24.138	58	44	0	9	66	7	64	2.24e-05	31.2
olaTTNIg53_190	olaTTNIg1_196	25.301	83	59	2	5	84	3	85	8.31e-05	29.6
olaTTNIg53_190	olaTTNIg108_193	19.512	82	65	1	5	85	2	83	1.72e-04	28.9
olaTTNIg53_190	olaTTNIg14_188	22.727	88	67	1	3	89	1	88	2.84e-04	28.1
olaTTNIg53_190	olaTTNIg5_198	22.449	49	37	1	6	53	4	52	3.84e-04	28.1
olaTTNIg53_190	olaTTNIg52_188	23.457	81	62	0	10	90	8	88	5.01e-04	27.3
olaTTNIg53_190	olaTTNIg112_198	20.968	62	47	2	6	65	7	68	0.001	26.9
olaTTNIg53_190	olaTTNIg103_196	23.529	68	51	1	13	79	13	80	0.002	25.8
olaTTNIg53_190	olaTTNIg95_197	25.373	67	49	1	15	80	16	82	0.002	25.8
olaTTNIg53_190	olaTTNIg21_195	26.667	75	54	1	6	79	4	78	0.003	25.8
olaTTNIg53_190	olaTTNIg76_192	23.404	47	36	0	33	79	30	76	0.005	24.6
olaTTNIg53_190	olaTTNIg100_195	22.414	58	42	1	22	76	20	77	0.006	24.6
olaTTNIg53_190	olaTTNIg117_196	20.896	67	52	1	14	79	12	78	0.011	23.9
olaTTNIg53_190	olaTTNIg10_194	30	60	37	2	35	89	34	93	0.011	23.9
olaTTNIg53_190	olaTTNIg30_194	21.739	69	52	2	6	72	4	72	0.014	23.5
olaTTNIg53_190	olaTTNIg109_193	25.352	71	48	3	9	75	4	73	0.015	23.5
olaTTNIg53_190	olaTTNIg31_193	22.059	68	52	1	10	76	8	75	0.036	22.3
olaTTNIg53_190	olaTTNIg83_195	25	72	52	2	10	79	8	79	0.047	22.3
olaTTNIg53_190	olaTTNIg97_197	22.892	83	63	1	7	88	8	90	0.067	21.9
olaTTNIg53_190	olaTTNIg89_196	20	55	43	1	11	64	11	65	0.076	21.6
olaTTNIg53_190	olaTTNIg80_196	25	44	33	0	36	79	37	80	0.12	21.2
olaTTNIg53_190	olaTTNIg116_195	41.176	17	10	0	11	27	9	25	0.14	20.8
olaTTNIg53_190	olaTTNIg38_193	23.256	86	61	2	10	90	8	93	0.16	20.8
olaTTNIg53_190	olaTTNIg36_194	24.39	41	31	0	32	72	32	72	0.26	20
olaTTNIg53_190	olaTTNIg92_196	23.188	69	52	1	13	80	13	81	0.93	18.5
olaTTNIg53_190	olaTTNIg92_196	36.364	22	14	0	63	84	10	31	5.4	16.5
olaTTNIg53_190	olaTTNIg72_197	63.636	11	4	0	64	74	7	17	9	15.8
olaTTNIg54_189	olaTTNIg54_189	100	88	0	0	1	88	1	88	2.08e-64	181
olaTTNIg54_189	olaTTNIg55_190	55.172	87	39	0	1	87	2	88	1.05e-30	95.9
olaTTNIg54_189	olaTTNIg60_187	38.372	86	53	0	2	87	1	86	9.17e-19	65.5
olaTTNIg54_189	olaTTNIg56_189	37.647	85	52	1	5	88	4	88	5.61e-17	60.8
olaTTNIg54_189	olaTTNIg46_189	33.735	83	55	0	5	87	5	87	2.00e-16	59.7
olaTTNIg54_189	olaTTNIg52_188	33.735	83	55	0	5	87	4	86	2.06e-16	59.3
olaTTNIg54_189	olaTTNIg57_188	35.632	87	56	0	2	88	1	87	3.05e-16	58.9
olaTTNIg54_189	olaTTNIg43_297	33.333	75	50	0	3	77	3	77	5.59e-16	58.5
olaTTNIg54_189	olaTTNIg20_187	35.294	85	55	0	3	87	2	86	6.45e-16	58.2
olaTTNIg54_189	olaTTNIg44_197	37.037	81	47	1	2	78	3	83	1.68e-15	57.4
olaTTNIg54_189	olaTTNIg47_188	33.735	83	55	0	5	87	5	87	7.14e-15	55.5
olaTTNIg54_189	olaTTNIg50_192	32.558	86	58	0	2	87	1	86	1.62e-14	54.7
olaTTNIg54_189	olaTTNIg59_189	31.395	86	59	0	3	88	2	87	7.38e-14	53.1
olaTTNIg54_189	olaTTNIg19_391	33.824	68	45	0	6	73	5	72	3.87e-13	51.2
olaTTNIg54_189	olaTTNIg13_189	33.333	72	48	0	2	73	1	72	5.66e-13	50.8
olaTTNIg54_189	olaTTNIg12_189	31.395	86	59	0	2	87	2	87	2.60e-11	46.6
olaTTNIg54_189	olaTTNIg49_187	31.325	83	56	1	5	87	4	85	3.34e-11	46.2
olaTTNIg54_189	olaTTNIg17_290	27.586	87	62	1	2	87	2	88	4.14e-11	45.8
olaTTNIg54_189	olaTTNIg108_193	30.233	86	55	2	5	85	3	88	4.35e-11	45.8
olaTTNIg54_189	olaTTNIg48_188	29.412	85	60	0	3	87	2	86	6.58e-11	45.4
olaTTNIg54_189	olaTTNIg16_189	33.333	81	54	0	7	87	7	87	9.00e-11	45.1
olaTTNIg54_189	olaTTNIg61_188	27.586	87	63	0	2	88	2	88	1.66e-10	44.3
olaTTNIg54_189	olaTTNIg53_190	29.07	86	61	0	2	87	3	88	2.13e-10	44.3
olaTTNIg54_189	olaTTNIg51_488	24.096	83	63	0	5	87	1	83	3.86e-10	43.5
olaTTNIg54_189	olaTTNIg42_192	31.507	73	48	1	2	72	3	75	4.65e-10	43.1
olaTTNIg54_189	olaTTNIg2_194	28.947	76	53	1	2	76	1	76	1.48e-09	42
olaTTNIg54_189	olaTTNIg21_195	26.923	78	56	1	2	78	1	78	1.69e-09	42
olaTTNIg54_189	olaTTNIg15_187	27.907	86	62	0	2	87	1	86	3.01e-09	41.2
olaTTNIg54_189	olaTTNIg22_193	33.333	78	51	1	1	78	1	77	5.65e-09	40.4
olaTTNIg54_189	olaTTNIg3_195	28.571	84	55	2	9	87	8	91	7.82e-09	40
olaTTNIg54_189	olaTTNIg5_198	27.059	85	58	3	2	83	1	84	3.03e-08	38.9
olaTTNIg54_189	olaTTNIg34_193	35.802	81	40	4	2	76	2	76	3.19e-08	38.5
olaTTNIg54_189	olaTTNIg11_191	31.081	74	50	1	2	74	1	74	4.06e-08	38.1
olaTTNIg54_189	olaTTNIg18_389	23.529	85	65	0	3	87	2	86	4.15e-08	38.1
olaTTNIg54_189	olaTTNIg39_194	26.374	91	64	2	1	88	1	91	1.29e-07	37
olaTTNIg54_189	olaTTNIg1_196	33.929	56	33	2	5	56	4	59	2.87e-07	36.2
olaTTNIg54_189	olaTTNIg110_194	30.667	75	49	2	5	76	3	77	4.20e-07	35.8
olaTTNIg54_189	olaTTNIg58_193	27.273	66	48	0	8	73	7	72	1.65e-06	34.3
olaTTNIg54_189	olaTTNIg45_192	29.87	77	51	3	2	76	1	76	1.91e-06	33.9
olaTTNIg54_189	olaTTNIg35_193	28.378	74	52	1	2	74	1	74	2.27e-06	33.9
olaTTNIg54_189	olaTTNIg24_194	27.66	47	34	0	31	77	30	76	2.56e-06	33.5
olaTTNIg54_189	olaTTNIg28_194	27.632	76	52	3	1	74	1	75	4.97e-06	32.7
olaTTNIg54_189	olaTTNIg9_193	42.857	42	23	1	14	54	12	53	7.95e-06	32.3
olaTTNIg54_189	olaTTNIg115_194	30.612	49	34	0	32	80	32	80	1.19e-05	32
olaTTNIg54_189	olaTTNIg31_193	31.081	74	50	1	2	74	1	74	2.29e-05	31.2
olaTTNIg54_189	olaTTNIg27_192	27.143	70	47	2	8	76	9	75	7.21e-05	29.6
olaTTNIg54_189	olaTTNIg36_194	28	75	50	3	5	76	4	77	7.32e-05	29.6
olaTTNIg54_189	olaTTNIg23_194	28.378	74	52	1	4	76	2	75	7.32e-05	29.6
olaTTNIg54_189	olaTTNIg91_193	22.642	53	41	0	26	78	25	77	7.53e-05	29.6
olaTTNIg54_189	olaTTNIg106_196	25.926	81	56	2	1	78	1	80	7.58e-05	29.6
olaTTNIg54_189	olaTTNIg29_192	26.316	76	55	1	4	78	2	77	9.65e-05	29.3
olaTTNIg54_189	olaTTNIg40_194	25.61	82	60	1	4	84	2	83	2.24e-04	28.5
olaTTNIg54_189	olaTTNIg30_194	27.273	77	52	3	2	75	1	76	2.94e-04	28.1
olaTTNIg54_189	olaTTNIg85_194	26.087	46	34	0	27	72	27	72	3.54e-04	28.1
olaTTNIg54_189	olaTTNIg38_193	19.481	77	61	1	2	77	1	77	3.76e-04	27.7
olaTTNIg54_189	olaTTNIg113_197	26.829	82	54	3	2	78	1	81	8.49e-04	26.9
olaTTNIg54_189	olaTTNIg33_195	29.167	48	33	1	2	48	1	48	8.76e-04	26.9
olaTTNIg54_189	olaTTNIg116_195	25.333	75	54	2	1	74	1	74	0.001	26.9
olaTTNIg54_189	olaTTNIg88_193	22	50	39	0	27	76	26	75	0.001	26.9
olaTTNIg54_189	olaTTNIg82_196	21.333	75	56	1	12	83	11	85	0.001	26.6
olaTTNIg54_189	olaTTNIg6_195	21.538	65	48	2	26	88	25	88	0.002	25.8
olaTTNIg54_189	olaTTNIg25_194	19.481	77	60	2	2	76	1	77	0.005	24.6
olaTTNIg54_189	olaTTNIg69_194	30.769	52	34	1	27	78	29	78	0.006	24.6
olaTTNIg54_189	olaTTNIg89_196	26.19	42	31	0	33	74	35	76	0.013	23.9
olaTTNIg54_189	olaTTNIg104_198	22.222	90	67	1	1	87	2	91	0.056	21.9
olaTTNIg54_189	olaTTNIg92_196	50	14	7	0	32	45	34	47	0.067	21.6
olaTTNIg54_189	olaTTNIg73_197	25.373	67	49	1	13	78	15	81	0.1	21.2
olaTTNIg54_189	olaTTNIg72_197	25.641	39	29	0	34	72	37	75	0.17	20.8
olaTTNIg54_189	olaTTNIg102_195	26.829	41	28	1	35	75	38	76	0.21	20.4
olaTTNIg54_189	olaTTNIg76_192	22.059	68	52	1	10	76	7	74	0.45	19.2
olaTTNIg54_189	olaTTNIg26_192	24.242	33	25	0	16	48	13	45	0.46	19.2
olaTTNIg54_189	olaTTNIg79_197	53.333	15	7	0	59	73	62	76	0.61	19.2
olaTTNIg54_189	olaTTNIg79_197	30.769	13	9	0	73	85	2	14	2.3	17.3
olaTTNIg54_189	olaTTNIg64_193	20.513	39	31	0	35	73	34	72	0.76	18.9
olaTTNIg54_189	olaTTNIg83_195	26.316	19	14	0	32	50	33	51	0.81	18.9
olaTTNIg54_189	olaTTNIg83_195	36.364	22	14	0	66	87	30	51	3.8	16.9
olaTTNIg54_189	olaTTNIg75_195	29.787	47	30	2	27	72	29	73	0.82	18.9
olaTTNIg54_189	olaTTNIg95_197	19.149	47	38	0	33	79	36	82	1	18.5
olaTTNIg54_189	olaTTNIg98_196	15.517	58	49	0	26	83	28	85	1.2	18.1
olaTTNIg54_189	olaTTNIg96_194	19.512	41	31	1	32	72	34	72	2.1	17.7
olaTTNIg54_189	olaTTNIg112_198	22.5	40	29	1	13	50	15	54	2.2	17.7
olaTTNIg54_189	olaTTNIg66_196	33.333	18	12	0	27	44	30	47	2.6	17.3
olaTTNIg54_189	olaTTNIg87_194	50	14	7	0	63	76	4	17	2.9	17.3
olaTTNIg54_189	olaTTNIg87_194	21.053	57	31	2	28	78	30	78	3	16.9
olaTTNIg54_189	olaTTNIg70_195	35.714	14	9	0	33	46	34	47	4.1	16.5
olaTTNIg54_189	olaTTNIg81_193	31.25	16	11	0	27	42	29	44	5.8	16.2
olaTTNIg54_189	olaTTNIg99_197	28.205	39	28	0	35	73	37	75	6.1	16.2
olaTTNIg54_189	olaTTNIg74_196	18.519	54	42	1	32	83	32	85	7	16.2
olaTTNIg55_190	olaTTNIg55_190	100	90	0	0	1	90	1	90	2.11e-64	181
olaTTNIg55_190	olaTTNIg54_189	55.172	87	39	0	2	88	1	87	1.08e-30	95.9
olaTTNIg55_190	olaTTNIg50_192	40	85	51	0	4	88	2	86	3.10e-20	69.3
olaTTNIg55_190	olaTTNIg56_189	40.698	86	50	1	6	90	4	89	8.54e-20	68.2
olaTTNIg55_190	olaTTNIg47_188	40.964	83	49	0	6	88	5	87	1.26e-19	67.8
olaTTNIg55_190	olaTTNIg20_187	37.647	85	53	0	4	88	2	86	7.48e-18	63.2
olaTTNIg55_190	olaTTNIg43_297	37.333	75	47	0	4	78	3	77	1.51e-17	62.8
olaTTNIg55_190	olaTTNIg44_197	39.286	84	47	1	1	80	1	84	6.49e-17	61.2
olaTTNIg55_190	olaTTNIg57_188	39.535	86	52	0	5	90	3	88	6.92e-17	60.8
olaTTNIg55_190	olaTTNIg19_391	39.024	82	50	0	7	88	5	86	1.16e-16	60.1
olaTTNIg55_190	olaTTNIg60_187	36.471	85	54	0	4	88	2	86	5.82e-16	58.5
olaTTNIg55_190	olaTTNIg52_188	36.145	83	53	0	6	88	4	86	9.31e-16	57.8
olaTTNIg55_190	olaTTNIg59_189	33.333	87	58	0	4	90	2	88	1.71e-15	57.4
olaTTNIg55_190	olaTTNIg49_187	36.145	83	52	1	6	88	4	85	2.90e-14	53.9
olaTTNIg55_190	olaTTNIg51_488	29.412	85	60	0	6	90	1	85	3.18e-13	51.2
olaTTNIg55_190	olaTTNIg22_193	33.333	87	54	2	1	87	1	83	9.35e-13	50.4
olaTTNIg55_190	olaTTNIg11_191	35.714	84	47	2	4	80	2	85	1.29e-12	50.1
olaTTNIg55_190	olaTTNIg46_189	32.941	85	57	0	6	90	5	89	2.17e-12	49.3
olaTTNIg55_190	olaTTNIg16_189	33.333	81	54	0	8	88	7	87	9.33e-12	47.8
olaTTNIg55_190	olaTTNIg15_187	29.412	85	60	0	4	88	2	86	8.00e-11	45.1
olaTTNIg55_190	olaTTNIg17_290	36.62	71	44	1	4	73	3	73	1.22e-10	44.7
olaTTNIg55_190	olaTTNIg5_198	36.538	52	30	2	1	51	1	50	2.17e-10	44.3
olaTTNIg55_190	olaTTNIg34_193	35.556	90	53	2	6	90	4	93	4.30e-10	43.5
olaTTNIg55_190	olaTTNIg48_188	25.287	87	65	0	4	90	2	88	4.52e-10	43.5
olaTTNIg55_190	olaTTNIg31_193	38.158	76	44	2	1	75	1	74	5.81e-10	43.1
olaTTNIg55_190	olaTTNIg108_193	28.409	88	58	2	6	88	3	90	6.20e-10	43.1
olaTTNIg55_190	olaTTNIg114_192	32.911	79	51	2	6	83	3	80	2.40e-09	41.6
olaTTNIg55_190	olaTTNIg116_195	31.507	73	48	2	2	73	1	72	5.03e-09	40.8
olaTTNIg55_190	olaTTNIg12_189	34.286	70	46	0	4	73	3	72	5.74e-09	40.4
olaTTNIg55_190	olaTTNIg27_192	31.325	83	52	2	13	90	10	92	6.21e-09	40.4
olaTTNIg55_190	olaTTNIg39_194	32.468	77	48	3	1	75	1	75	1.07e-08	40
olaTTNIg55_190	olaTTNIg53_190	26.437	87	64	0	4	90	4	90	1.31e-08	39.7
olaTTNIg55_190	olaTTNIg9_193	35.088	57	36	1	13	68	10	66	1.55e-08	39.3
olaTTNIg55_190	olaTTNIg58_193	35.385	65	42	0	9	73	7	71	1.94e-08	39.3
olaTTNIg55_190	olaTTNIg1_196	47.222	36	18	1	6	40	4	39	4.36e-08	38.5
olaTTNIg55_190	olaTTNIg13_189	28.571	70	50	0	4	73	2	71	1.38e-07	37
olaTTNIg55_190	olaTTNIg24_194	29.167	72	50	1	6	76	3	74	1.59e-07	37
olaTTNIg55_190	olaTTNIg23_194	27.027	74	53	1	5	77	2	75	7.71e-07	35
olaTTNIg55_190	olaTTNIg61_188	25.333	75	56	0	4	78	3	77	1.10e-06	34.7
olaTTNIg55_190	olaTTNIg14_188	25.926	81	59	1	9	88	7	87	1.25e-06	34.3
olaTTNIg55_190	olaTTNIg42_192	26.389	72	51	1	4	73	4	75	1.99e-06	33.9
olaTTNIg55_190	olaTTNIg113_197	30.12	83	52	3	1	79	1	81	2.06e-06	33.9
olaTTNIg55_190	olaTTNIg30_194	26.923	78	53	3	1	76	1	76	2.24e-06	33.9
olaTTNIg55_190	olaTTNIg40_194	26.25	80	58	1	5	83	2	81	5.65e-06	32.7
olaTTNIg55_190	olaTTNIg33_195	33.871	62	40	1	13	73	11	72	6.04e-06	32.7
olaTTNIg55_190	olaTTNIg66_196	29.412	85	57	3	1	83	1	84	9.41e-06	32.3
olaTTNIg55_190	olaTTNIg29_192	25	76	56	1	5	79	2	77	1.37e-05	31.6
olaTTNIg55_190	olaTTNIg3_195	20.29	69	54	1	10	77	8	76	2.01e-05	31.2
olaTTNIg55_190	olaTTNIg112_198	38.462	39	22	1	15	51	16	54	3.71e-05	30.8
olaTTNIg55_190	olaTTNIg38_193	24.211	95	65	3	1	90	1	93	4.07e-05	30.4
olaTTNIg55_190	olaTTNIg110_194	30.233	86	57	3	6	88	3	88	4.67e-05	30.4
olaTTNIg55_190	olaTTNIg36_194	26.562	64	46	1	15	77	14	77	9.77e-05	29.6
olaTTNIg55_190	olaTTNIg95_197	30.303	66	45	1	15	79	16	81	1.60e-04	28.9
olaTTNIg55_190	olaTTNIg88_193	26.23	61	44	1	13	73	12	71	1.87e-04	28.9
olaTTNIg55_190	olaTTNIg21_195	22.5	80	59	2	1	79	1	78	2.26e-04	28.5
olaTTNIg55_190	olaTTNIg115_194	27.083	48	35	0	34	81	33	80	2.33e-04	28.5
olaTTNIg55_190	olaTTNIg83_195	24.638	69	51	1	13	80	12	80	2.38e-04	28.5
olaTTNIg55_190	olaTTNIg73_197	24.176	91	67	2	1	89	1	91	2.62e-04	28.5
olaTTNIg55_190	olaTTNIg45_192	29.091	55	37	2	23	76	22	75	4.06e-04	27.7
olaTTNIg55_190	olaTTNIg18_389	23.529	85	65	0	4	88	2	86	4.28e-04	27.7
olaTTNIg55_190	olaTTNIg85_194	28.261	46	33	0	28	73	27	72	5.43e-04	27.3
olaTTNIg55_190	olaTTNIg4_195	34.328	67	39	3	17	79	15	80	6.15e-04	27.3
olaTTNIg55_190	olaTTNIg106_196	22.727	88	64	3	2	87	1	86	0.001	26.6
olaTTNIg55_190	olaTTNIg117_196	35.484	31	19	1	14	43	12	42	0.001	26.2
olaTTNIg55_190	olaTTNIg81_193	22.368	76	49	2	12	80	6	78	0.002	26.2
olaTTNIg55_190	olaTTNIg8_195	25.49	51	35	1	5	52	2	52	0.003	25.4
olaTTNIg55_190	olaTTNIg101_195	34.783	46	28	2	2	45	1	46	0.003	25.4
olaTTNIg55_190	olaTTNIg75_195	26.761	71	40	4	12	73	6	73	0.003	25.4
olaTTNIg55_190	olaTTNIg91_193	22.222	54	42	0	27	80	25	78	0.004	25
olaTTNIg55_190	olaTTNIg69_194	26.415	53	37	1	28	80	29	79	0.038	22.3
olaTTNIg55_190	olaTTNIg89_196	21.739	69	50	2	6	73	9	74	0.04	22.3
olaTTNIg55_190	olaTTNIg35_193	27.869	61	40	1	34	90	33	93	0.055	21.9
olaTTNIg55_190	olaTTNIg70_195	26.531	49	32	3	1	47	1	47	0.077	21.6
olaTTNIg55_190	olaTTNIg96_194	24.638	69	43	3	12	73	6	72	0.12	21.2
olaTTNIg55_190	olaTTNIg72_197	23.377	77	53	3	1	73	1	75	0.15	20.8
olaTTNIg55_190	olaTTNIg104_198	24.39	82	59	2	1	79	1	82	0.15	20.8
olaTTNIg55_190	olaTTNIg82_196	19.565	46	37	0	28	73	29	74	0.16	20.8
olaTTNIg55_190	olaTTNIg98_196	19.403	67	53	1	10	75	10	76	0.16	20.8
olaTTNIg55_190	olaTTNIg94_193	25.352	71	51	2	15	83	12	82	0.19	20.4
olaTTNIg55_190	olaTTNIg10_194	25.714	35	24	1	36	68	35	69	0.27	20
olaTTNIg55_190	olaTTNIg76_192	22.222	45	35	0	36	80	33	77	0.45	19.6
olaTTNIg55_190	olaTTNIg92_196	25	40	29	1	13	51	13	52	0.69	18.9
olaTTNIg55_190	olaTTNIg32_194	32.609	46	26	3	1	44	1	43	0.9	18.5
olaTTNIg55_190	olaTTNIg79_197	24.138	58	43	1	27	83	28	85	1.2	18.1
olaTTNIg55_190	olaTTNIg99_197	23.913	46	35	0	28	73	29	74	2.2	17.7
olaTTNIg55_190	olaTTNIg90_195	21.951	41	30	2	1	39	1	41	2.5	17.3
olaTTNIg55_190	olaTTNIg90_195	47.619	21	9	1	41	61	8	26	8.5	15.8
olaTTNIg55_190	olaTTNIg67_1104	29.412	51	29	2	34	77	36	86	4.2	16.9
olaTTNIg56_189	olaTTNIg56_189	100	89	0	0	1	89	1	89	2.81e-65	183
olaTTNIg56_189	olaTTNIg55_190	40.698	86	50	1	4	89	6	90	8.44e-20	68.2
olaTTNIg56_189	olaTTNIg54_189	37.647	85	52	1	4	88	5	88	5.67e-17	60.8
olaTTNIg56_189	olaTTNIg57_188	34.483	87	57	0	1	87	1	87	2.47e-15	56.6
olaTTNIg56_189	olaTTNIg43_297	33.803	71	47	0	3	73	4	74	5.21e-14	53.5
olaTTNIg56_189	olaTTNIg52_188	33.721	86	56	1	4	89	4	88	6.70e-14	53.1
olaTTNIg56_189	olaTTNIg59_189	33.333	87	57	1	3	89	3	88	3.72e-13	51.2
olaTTNIg56_189	olaTTNIg60_187	34.146	82	54	0	4	85	4	85	1.90e-12	49.3
olaTTNIg56_189	olaTTNIg19_391	32.955	88	58	1	1	88	1	87	2.42e-12	49.3
olaTTNIg56_189	olaTTNIg12_189	37.647	85	48	3	6	88	7	88	8.84e-12	47.8
olaTTNIg56_189	olaTTNIg47_188	30.952	84	57	1	4	87	5	87	1.62e-11	47
olaTTNIg56_189	olaTTNIg20_187	34.286	70	46	0	4	73	4	73	1.33e-10	44.7
olaTTNIg56_189	olaTTNIg44_197	31.707	82	52	1	3	80	5	86	1.38e-10	44.7
olaTTNIg56_189	olaTTNIg11_191	28.889	90	61	2	1	87	1	90	4.56e-10	43.5
olaTTNIg56_189	olaTTNIg50_192	30.588	85	58	1	4	88	4	87	2.97e-09	41.2
olaTTNIg56_189	olaTTNIg31_193	29.73	74	51	1	4	76	4	77	1.38e-08	39.7
olaTTNIg56_189	olaTTNIg34_193	31.707	82	55	1	1	81	1	82	1.12e-07	37.4
olaTTNIg56_189	olaTTNIg49_187	30.556	72	49	1	2	73	2	72	5.29e-07	35.4
olaTTNIg56_189	olaTTNIg24_194	28.378	74	52	1	4	76	3	76	6.01e-07	35.4
olaTTNIg56_189	olaTTNIg108_193	30.909	55	37	1	21	74	20	74	7.23e-07	35
olaTTNIg56_189	olaTTNIg112_198	30.159	63	42	1	15	75	18	80	1.69e-06	34.3
olaTTNIg56_189	olaTTNIg35_193	33.333	48	32	0	32	79	33	80	2.03e-06	33.9
olaTTNIg56_189	olaTTNIg39_194	26.374	91	64	3	1	88	1	91	2.45e-06	33.9
olaTTNIg56_189	olaTTNIg3_195	24.39	82	61	1	1	81	1	82	3.20e-06	33.5
olaTTNIg56_189	olaTTNIg53_190	25.373	67	50	0	4	70	6	72	3.36e-06	33.1
olaTTNIg56_189	olaTTNIg28_194	36.735	49	30	1	32	79	33	81	3.97e-06	33.1
olaTTNIg56_189	olaTTNIg13_189	25.61	82	60	1	8	88	8	89	1.17e-05	32
olaTTNIg56_189	olaTTNIg61_188	27.143	70	48	1	2	71	6	72	1.23e-05	31.6
olaTTNIg56_189	olaTTNIg42_192	27.941	68	47	1	6	71	8	75	2.02e-05	31.2
olaTTNIg56_189	olaTTNIg106_196	27.083	48	35	0	25	72	28	75	2.42e-05	31.2
olaTTNIg56_189	olaTTNIg46_189	24.194	62	47	0	23	84	24	85	2.47e-05	30.8
olaTTNIg56_189	olaTTNIg16_189	30.769	65	44	1	23	87	24	87	2.78e-05	30.8
olaTTNIg56_189	olaTTNIg22_193	25.882	85	60	1	8	89	8	92	3.54e-05	30.8
olaTTNIg56_189	olaTTNIg79_197	32.143	56	37	1	25	79	28	83	3.65e-05	30.8
olaTTNIg56_189	olaTTNIg14_188	28	75	50	2	11	84	14	85	3.74e-05	30.4
olaTTNIg56_189	olaTTNIg48_188	24.615	65	49	0	4	68	4	68	5.28e-05	30
olaTTNIg56_189	olaTTNIg51_488	22.619	84	65	0	4	87	1	84	5.92e-05	30
olaTTNIg56_189	olaTTNIg17_290	24.706	85	63	1	1	84	2	86	7.18e-05	29.6
olaTTNIg56_189	olaTTNIg1_196	26.506	83	56	3	1	79	1	82	1.67e-04	28.9
olaTTNIg56_189	olaTTNIg30_194	27.027	74	48	2	19	86	20	93	2.35e-04	28.5
olaTTNIg56_189	olaTTNIg37_193	25	52	39	0	28	79	29	80	3.20e-04	28.1
olaTTNIg56_189	olaTTNIg114_192	30.864	81	54	2	4	83	3	82	3.61e-04	28.1
olaTTNIg56_189	olaTTNIg36_194	28.571	56	39	1	19	73	20	75	8.00e-04	26.9
olaTTNIg56_189	olaTTNIg111_1101	32.609	46	30	1	27	71	34	79	0.001	26.9
olaTTNIg56_189	olaTTNIg58_193	27.397	73	45	3	23	89	23	93	0.001	26.6
olaTTNIg56_189	olaTTNIg41_196	34.783	69	40	3	7	73	10	75	0.002	26.2
olaTTNIg56_189	olaTTNIg18_389	24.59	61	46	0	25	85	25	85	0.002	25.8
olaTTNIg56_189	olaTTNIg73_197	26.027	73	52	2	18	88	21	93	0.002	25.8
olaTTNIg56_189	olaTTNIg38_193	27.119	59	40	1	34	89	35	93	0.002	25.8
olaTTNIg56_189	olaTTNIg93_194	27.273	55	38	1	27	81	30	82	0.002	25.8
olaTTNIg56_189	olaTTNIg93_194	26.316	19	14	0	1	19	69	87	2.2	17.7
olaTTNIg56_189	olaTTNIg45_192	26.389	72	49	3	21	89	22	92	0.002	25.8
olaTTNIg56_189	olaTTNIg40_194	22.785	79	60	1	2	79	1	79	0.003	25.4
olaTTNIg56_189	olaTTNIg95_197	33.333	48	32	0	32	79	36	83	0.003	25.4
olaTTNIg56_189	olaTTNIg21_195	24.561	57	42	1	18	73	18	74	0.003	25.4
olaTTNIg56_189	olaTTNIg76_192	25.806	62	45	1	27	87	26	87	0.005	25
olaTTNIg56_189	olaTTNIg23_194	22.222	72	55	1	3	73	2	73	0.005	25
olaTTNIg56_189	olaTTNIg33_195	26.667	45	33	0	32	76	33	77	0.005	24.6
olaTTNIg56_189	olaTTNIg33_195	50	18	6	1	70	87	47	61	9	15.8
olaTTNIg56_189	olaTTNIg115_194	26.087	46	34	0	26	71	27	72	0.008	24.3
olaTTNIg56_189	olaTTNIg86_197	26.415	53	39	0	27	79	31	83	0.012	23.9
olaTTNIg56_189	olaTTNIg4_195	29.787	94	55	5	1	85	1	92	0.013	23.9
olaTTNIg56_189	olaTTNIg113_197	32.653	49	30	1	28	73	29	77	0.013	23.9
olaTTNIg56_189	olaTTNIg110_194	23.684	76	55	2	4	76	3	78	0.013	23.9
olaTTNIg56_189	olaTTNIg66_196	27.586	58	40	2	17	73	20	76	0.014	23.9
olaTTNIg56_189	olaTTNIg104_198	28.889	45	32	0	27	71	32	76	0.018	23.5
olaTTNIg56_189	olaTTNIg75_195	28.333	60	40	2	27	85	30	87	0.019	23.5
olaTTNIg56_189	olaTTNIg25_194	25.532	47	32	2	30	74	31	76	0.019	23.1
olaTTNIg56_189	olaTTNIg25_194	33.333	18	10	1	40	55	12	29	5.1	16.5
olaTTNIg56_189	olaTTNIg84_195	28.261	46	31	1	27	72	31	74	0.02	23.1
olaTTNIg56_189	olaTTNIg72_197	30.189	53	35	1	34	84	38	90	0.02	23.1
olaTTNIg56_189	olaTTNIg2_194	25.714	70	51	1	4	72	4	73	0.023	23.1
olaTTNIg56_189	olaTTNIg85_194	25.373	67	50	0	17	83	18	84	0.026	22.7
olaTTNIg56_189	olaTTNIg10_194	26.786	56	40	1	25	79	26	81	0.029	22.7
olaTTNIg56_189	olaTTNIg5_198	20.833	72	55	2	4	73	4	75	0.03	22.7
olaTTNIg56_189	olaTTNIg27_192	42.857	28	13	1	65	89	65	92	0.036	22.3
olaTTNIg56_189	olaTTNIg99_197	23.256	43	33	0	33	75	36	78	0.044	22.3
olaTTNIg56_189	olaTTNIg100_195	26.531	49	36	0	27	75	30	78	0.05	21.9
olaTTNIg56_189	olaTTNIg94_193	23.214	56	43	0	27	82	27	82	0.054	21.9
olaTTNIg56_189	olaTTNIg82_196	30	40	28	0	32	71	35	74	0.063	21.9
olaTTNIg56_189	olaTTNIg116_195	20.69	58	45	1	15	71	15	72	0.2	20.4
olaTTNIg56_189	olaTTNIg89_196	20.339	59	47	0	27	85	30	88	0.24	20.4
olaTTNIg56_189	olaTTNIg89_196	34.783	23	15	0	1	23	71	93	5	16.5
olaTTNIg56_189	olaTTNIg29_192	21.154	52	41	0	32	83	32	83	0.77	18.9
olaTTNIg56_189	olaTTNIg88_193	22.222	45	35	0	27	71	27	71	0.91	18.5
olaTTNIg56_189	olaTTNIg70_195	26.667	15	11	0	27	41	29	43	1	18.5
olaTTNIg56_189	olaTTNIg105_194	30.233	43	28	1	30	72	33	73	1.1	18.5
olaTTNIg56_189	olaTTNIg63_197	50	12	6	0	27	38	31	42	1.4	18.1
olaTTNIg56_189	olaTTNIg7_195	19.78	91	69	3	2	88	1	91	1.4	18.1
olaTTNIg56_189	olaTTNIg107_194	31.25	32	21	1	58	88	59	90	1.5	18.1
olaTTNIg56_189	olaTTNIg101_195	50	12	6	0	30	41	33	44	1.8	17.7
olaTTNIg56_189	olaTTNIg91_193	17.544	57	47	0	25	81	25	81	2.2	17.3
olaTTNIg56_189	olaTTNIg103_196	20.339	59	47	0	27	85	30	88	4.4	16.5
olaTTNIg56_189	olaTTNIg87_194	40	15	9	0	58	72	59	73	4.5	16.5
olaTTNIg56_189	olaTTNIg6_195	14	50	40	2	25	72	25	73	4.6	16.5
olaTTNIg56_189	olaTTNIg80_196	71.429	7	2	0	66	72	69	75	7	16.2
olaTTNIg56_189	olaTTNIg64_193	24.49	49	37	0	34	82	34	82	9.5	15.8
olaTTNIg57_188	olaTTNIg57_188	100	88	0	0	1	88	1	88	2.75e-63	177
olaTTNIg57_188	olaTTNIg55_190	39.535	86	52	0	3	88	5	90	6.76e-17	60.8
olaTTNIg57_188	olaTTNIg47_188	31.325	83	57	0	4	86	5	87	2.00e-16	59.7
olaTTNIg57_188	olaTTNIg54_189	35.632	87	56	0	1	87	2	88	3.05e-16	58.9
olaTTNIg57_188	olaTTNIg60_187	32.558	86	58	0	1	86	1	86	5.79e-16	58.2
olaTTNIg57_188	olaTTNIg56_189	34.483	87	57	0	1	87	1	87	2.44e-15	56.6
olaTTNIg57_188	olaTTNIg12_189	35.366	82	53	0	3	84	4	85	2.94e-15	56.6
olaTTNIg57_188	olaTTNIg46_189	33.333	87	57	1	3	88	3	89	4.34e-15	56.2
olaTTNIg57_188	olaTTNIg18_389	28.571	84	60	0	3	86	3	86	5.55e-15	55.8
olaTTNIg57_188	olaTTNIg50_192	35.294	85	54	1	4	88	4	87	3.43e-14	53.9
olaTTNIg57_188	olaTTNIg49_187	36.471	85	53	1	2	86	2	85	4.23e-14	53.5
olaTTNIg57_188	olaTTNIg43_297	30.337	89	57	1	3	86	4	92	4.67e-14	53.5
olaTTNIg57_188	olaTTNIg52_188	32.941	85	57	0	4	88	4	88	6.54e-14	53.1
olaTTNIg57_188	olaTTNIg59_189	28.235	85	61	0	4	88	4	88	9.27e-14	52.8
olaTTNIg57_188	olaTTNIg20_187	29.762	84	59	0	3	86	3	86	1.58e-12	49.7
olaTTNIg57_188	olaTTNIg53_190	30.588	85	58	1	5	88	6	90	6.23e-11	45.4
olaTTNIg57_188	olaTTNIg61_188	33.803	71	47	0	1	71	2	72	7.17e-11	45.4
olaTTNIg57_188	olaTTNIg19_391	32.53	83	55	1	5	86	4	86	7.90e-11	45.1
olaTTNIg57_188	olaTTNIg17_290	32.911	79	52	1	9	86	10	88	1.08e-10	45.1
olaTTNIg57_188	olaTTNIg48_188	28.235	85	61	0	4	88	4	88	9.72e-10	42.4
olaTTNIg57_188	olaTTNIg42_192	27.848	79	55	1	10	86	12	90	2.33e-09	41.6
olaTTNIg57_188	olaTTNIg28_194	28.571	91	59	3	4	88	4	94	6.13e-09	40.4
olaTTNIg57_188	olaTTNIg22_193	29.412	85	56	2	4	84	4	88	4.48e-08	38.1
olaTTNIg57_188	olaTTNIg51_488	28.235	85	61	0	4	88	1	85	5.51e-08	37.7
olaTTNIg57_188	olaTTNIg14_188	27.027	74	53	1	14	86	14	87	6.35e-08	37.7
olaTTNIg57_188	olaTTNIg5_198	27.381	84	59	2	1	82	1	84	7.97e-08	37.7
olaTTNIg57_188	olaTTNIg108_193	29.31	58	40	1	16	72	15	72	8.05e-08	37.4
olaTTNIg57_188	olaTTNIg115_194	27.778	72	51	1	1	71	1	72	1.18e-07	37
olaTTNIg57_188	olaTTNIg106_196	28.571	77	53	2	1	75	2	78	1.92e-07	36.6
olaTTNIg57_188	olaTTNIg11_191	28.169	71	48	1	19	86	20	90	2.25e-07	36.2
olaTTNIg57_188	olaTTNIg11_191	41.667	12	7	0	17	28	68	79	7.3	16.2
olaTTNIg57_188	olaTTNIg112_198	28.75	80	51	2	13	86	16	95	4.88e-07	35.4
olaTTNIg57_188	olaTTNIg44_197	31.579	57	39	0	16	72	22	78	5.87e-07	35.4
olaTTNIg57_188	olaTTNIg30_194	28.571	63	42	2	15	75	16	77	1.24e-06	34.3
olaTTNIg57_188	olaTTNIg117_196	29.333	75	48	3	1	72	1	73	1.33e-06	34.3
olaTTNIg57_188	olaTTNIg36_194	26.316	76	52	3	1	73	1	75	2.38e-06	33.9
olaTTNIg57_188	olaTTNIg24_194	26.582	79	53	2	13	86	12	90	2.53e-06	33.5
olaTTNIg57_188	olaTTNIg116_195	23.288	73	55	1	1	72	1	73	4.18e-06	33.1
olaTTNIg57_188	olaTTNIg27_192	32.927	82	50	2	12	88	11	92	5.54e-06	32.7
olaTTNIg57_188	olaTTNIg39_194	31.818	44	30	0	32	75	34	77	1.23e-05	32
olaTTNIg57_188	olaTTNIg9_193	28.302	53	37	1	2	53	1	53	1.29e-05	31.6
olaTTNIg57_188	olaTTNIg35_193	25.556	90	62	2	4	88	4	93	1.37e-05	31.6
olaTTNIg57_188	olaTTNIg2_194	25	88	61	2	4	86	4	91	1.83e-05	31.2
olaTTNIg57_188	olaTTNIg4_195	29.032	93	57	4	1	85	1	92	1.83e-05	31.6
olaTTNIg57_188	olaTTNIg40_194	29.508	61	42	1	13	72	12	72	2.18e-05	31.2
olaTTNIg57_188	olaTTNIg41_196	28.571	70	48	2	4	71	4	73	5.67e-05	30
olaTTNIg57_188	olaTTNIg3_195	20.879	91	67	2	1	86	1	91	6.15e-05	30
olaTTNIg57_188	olaTTNIg37_193	26.087	69	50	1	4	71	4	72	7.23e-05	29.6
olaTTNIg57_188	olaTTNIg33_195	23.913	92	65	2	2	88	2	93	1.56e-04	28.9
olaTTNIg57_188	olaTTNIg6_195	27.027	74	46	3	4	72	3	73	2.85e-04	28.1
olaTTNIg57_188	olaTTNIg58_193	24.638	69	52	0	4	72	4	72	3.12e-04	28.1
olaTTNIg57_188	olaTTNIg16_189	24.096	83	62	1	5	86	5	87	3.29e-04	28.1
olaTTNIg57_188	olaTTNIg104_198	25.424	59	40	1	34	88	39	97	3.89e-04	27.7
olaTTNIg57_188	olaTTNIg76_192	25.581	86	61	2	5	87	3	88	6.83e-04	27.3
olaTTNIg57_188	olaTTNIg31_193	28.358	67	47	1	12	77	12	78	7.98e-04	26.9
olaTTNIg57_188	olaTTNIg113_197	26.667	75	51	3	1	71	1	75	0.002	25.8
olaTTNIg57_188	olaTTNIg64_193	25	84	58	2	9	87	8	91	0.004	25
olaTTNIg57_188	olaTTNIg66_196	28	50	35	1	22	71	26	74	0.005	25
olaTTNIg57_188	olaTTNIg23_194	25	60	44	1	13	71	12	71	0.005	24.6
olaTTNIg57_188	olaTTNIg102_195	27.083	48	27	1	40	87	50	89	0.007	24.6
olaTTNIg57_188	olaTTNIg34_193	26.23	61	41	1	32	88	33	93	0.008	24.3
olaTTNIg57_188	olaTTNIg95_197	29.787	47	33	0	32	78	36	82	0.008	24.3
olaTTNIg57_188	olaTTNIg13_189	25.316	79	41	2	10	86	26	88	0.01	23.9
olaTTNIg57_188	olaTTNIg29_192	30	60	41	1	13	71	12	71	0.011	23.9
olaTTNIg57_188	olaTTNIg72_197	26.531	49	36	0	33	81	37	85	0.012	23.9
olaTTNIg57_188	olaTTNIg26_192	21.795	78	55	3	15	87	14	90	0.012	23.9
olaTTNIg57_188	olaTTNIg98_196	22.034	59	46	0	25	83	28	86	0.029	22.7
olaTTNIg57_188	olaTTNIg80_196	28.571	56	30	1	16	71	29	74	0.048	22.3
olaTTNIg57_188	olaTTNIg38_193	21.978	91	64	3	4	88	4	93	0.054	21.9
olaTTNIg57_188	olaTTNIg110_194	28.235	85	54	3	9	86	8	92	0.085	21.6
olaTTNIg57_188	olaTTNIg8_195	25	68	41	2	19	83	18	78	0.15	20.8
olaTTNIg57_188	olaTTNIg103_196	22.222	45	35	0	27	71	30	74	0.23	20.4
olaTTNIg57_188	olaTTNIg70_195	21.212	66	48	1	27	88	29	94	0.32	20
olaTTNIg57_188	olaTTNIg79_197	23.077	52	39	1	25	75	28	79	0.45	19.2
olaTTNIg57_188	olaTTNIg86_197	24.615	65	48	1	9	72	12	76	0.49	19.2
olaTTNIg57_188	olaTTNIg109_193	18.75	48	39	0	22	69	21	68	0.52	19.2
olaTTNIg57_188	olaTTNIg77_197	19.565	46	37	0	27	72	31	76	1.4	18.1
olaTTNIg57_188	olaTTNIg89_196	17.073	41	34	0	32	72	35	75	2.3	17.3
olaTTNIg57_188	olaTTNIg99_197	21.429	42	33	0	34	75	37	78	2.6	17.3
olaTTNIg57_188	olaTTNIg82_196	19.231	52	38	1	32	79	35	86	2.9	17.3
olaTTNIg57_188	olaTTNIg90_195	40	15	9	0	58	72	60	74	3	16.9
olaTTNIg57_188	olaTTNIg78_196	19.608	51	41	0	27	77	30	80	3.4	16.9
olaTTNIg57_188	olaTTNIg107_194	32.353	34	19	1	58	87	59	92	3.5	16.9
olaTTNIg57_188	olaTTNIg111_1101	26.19	42	30	1	32	72	39	80	3.7	16.9
olaTTNIg58_193	olaTTNIg58_193	100	93	0	0	1	93	1	93	1.32e-68	191
olaTTNIg58_193	olaTTNIg59_189	35.106	94	54	4	1	93	1	88	1.74e-11	47
olaTTNIg58_193	olaTTNIg50_192	30.769	78	54	0	2	79	2	79	3.43e-11	46.6
olaTTNIg58_193	olaTTNIg61_188	28.571	70	50	0	4	73	5	74	5.53e-11	45.8
olaTTNIg58_193	olaTTNIg12_189	31.944	72	49	0	2	73	3	74	9.99e-11	45.1
olaTTNIg58_193	olaTTNIg46_189	28.947	76	54	0	4	79	5	80	3.95e-10	43.5
olaTTNIg58_193	olaTTNIg5_198	32.468	77	50	2	6	80	6	82	1.11e-09	42.7
olaTTNIg58_193	olaTTNIg11_191	32.941	85	54	2	8	91	8	90	1.43e-09	42.4
olaTTNIg58_193	olaTTNIg30_194	27.16	81	57	2	14	93	15	94	1.78e-09	42
olaTTNIg58_193	olaTTNIg19_391	30.556	72	50	0	2	73	2	73	1.96e-09	42
olaTTNIg58_193	olaTTNIg117_196	26.744	86	58	3	4	88	5	86	2.77e-09	41.6
olaTTNIg58_193	olaTTNIg47_188	33.333	72	48	0	8	79	9	80	5.14e-09	40.8
olaTTNIg58_193	olaTTNIg33_195	29.167	72	50	1	22	93	23	93	1.05e-08	40
olaTTNIg58_193	olaTTNIg44_197	30	90	58	2	2	87	4	92	1.24e-08	40
olaTTNIg58_193	olaTTNIg15_187	26.667	90	61	2	2	91	2	86	1.46e-08	39.7
olaTTNIg58_193	olaTTNIg17_290	32	75	50	1	2	75	3	77	1.53e-08	39.7
olaTTNIg58_193	olaTTNIg22_193	27.273	77	56	0	4	80	4	80	1.89e-08	39.3
olaTTNIg58_193	olaTTNIg55_190	35.385	65	42	0	7	71	9	73	2.01e-08	39.3
olaTTNIg58_193	olaTTNIg60_187	29.73	74	52	0	6	79	6	79	2.13e-08	38.9
olaTTNIg58_193	olaTTNIg72_197	28.378	74	52	1	8	80	11	84	5.86e-08	38.1
olaTTNIg58_193	olaTTNIg13_189	26.923	78	57	0	1	78	1	78	6.43e-08	37.7
olaTTNIg58_193	olaTTNIg99_197	33.871	62	41	0	32	93	35	96	7.17e-08	37.7
olaTTNIg58_193	olaTTNIg37_193	27.473	91	60	3	4	90	4	92	2.15e-07	36.6
olaTTNIg58_193	olaTTNIg115_194	28.395	81	55	2	3	81	3	82	2.62e-07	36.2
olaTTNIg58_193	olaTTNIg76_192	26.316	76	54	2	3	77	2	76	4.21e-07	35.8
olaTTNIg58_193	olaTTNIg54_189	27.273	66	48	0	7	72	8	73	1.75e-06	34.3
olaTTNIg58_193	olaTTNIg35_193	27.711	83	58	2	12	93	12	93	1.82e-06	34.3
olaTTNIg58_193	olaTTNIg85_194	29.63	54	38	0	30	83	31	84	2.50e-06	33.9
olaTTNIg58_193	olaTTNIg39_194	31.667	60	40	1	34	93	36	94	3.93e-06	33.1
olaTTNIg58_193	olaTTNIg116_195	28.049	82	54	3	4	82	4	83	4.97e-06	33.1
olaTTNIg58_193	olaTTNIg43_297	24.242	66	50	0	8	73	9	74	5.05e-06	33.1
olaTTNIg58_193	olaTTNIg34_193	25.333	75	55	1	7	80	7	81	5.31e-06	33.1
olaTTNIg58_193	olaTTNIg24_194	26.374	91	62	3	2	91	4	90	9.99e-06	32.3
olaTTNIg58_193	olaTTNIg95_197	30.12	83	54	2	3	81	3	85	1.08e-05	32.3
olaTTNIg58_193	olaTTNIg48_188	31.579	38	26	0	1	38	1	38	1.42e-05	31.6
olaTTNIg58_193	olaTTNIg9_193	28.049	82	55	3	4	82	3	83	1.54e-05	31.6
olaTTNIg58_193	olaTTNIg3_195	20.652	92	71	2	4	93	4	95	1.78e-05	31.6
olaTTNIg58_193	olaTTNIg90_195	36.17	47	28	1	34	80	38	82	1.94e-05	31.6
olaTTNIg58_193	olaTTNIg53_190	24.138	58	44	0	7	64	9	66	2.32e-05	31.2
olaTTNIg58_193	olaTTNIg23_194	23.913	92	66	2	3	90	2	93	3.84e-05	30.8
olaTTNIg58_193	olaTTNIg108_193	31.884	69	46	1	14	81	13	81	3.95e-05	30.8
olaTTNIg58_193	olaTTNIg77_197	23.288	73	55	1	9	80	12	84	4.52e-05	30.4
olaTTNIg58_193	olaTTNIg100_195	32.609	46	31	0	32	77	35	80	5.09e-05	30.4
olaTTNIg58_193	olaTTNIg31_193	27.027	74	53	1	8	80	8	81	6.11e-05	30
olaTTNIg58_193	olaTTNIg42_192	23.333	90	66	2	2	89	4	92	8.32e-05	29.6
olaTTNIg58_193	olaTTNIg89_196	29.167	48	34	0	33	80	36	83	1.02e-04	29.6
olaTTNIg58_193	olaTTNIg51_488	26.984	63	46	0	5	67	2	64	1.68e-04	28.9
olaTTNIg58_193	olaTTNIg79_197	27.536	69	48	2	14	80	16	84	1.72e-04	28.9
olaTTNIg58_193	olaTTNIg16_189	28.571	35	25	0	7	41	8	42	2.46e-04	28.5
olaTTNIg58_193	olaTTNIg98_196	31.915	47	32	0	34	80	37	83	2.59e-04	28.5
olaTTNIg58_193	olaTTNIg98_196	29.167	48	31	2	11	56	36	82	1.1	18.5
olaTTNIg58_193	olaTTNIg57_188	24.638	69	52	0	4	72	4	72	3.30e-04	28.1
olaTTNIg58_193	olaTTNIg112_198	22.5	80	60	1	4	81	7	86	7.00e-04	27.3
olaTTNIg58_193	olaTTNIg52_188	26.761	71	52	0	2	72	2	72	7.69e-04	26.9
olaTTNIg58_193	olaTTNIg64_193	26.027	73	53	1	9	80	8	80	0.001	26.9
olaTTNIg58_193	olaTTNIg18_389	21.111	90	66	1	2	91	2	86	0.001	26.6
olaTTNIg58_193	olaTTNIg56_189	27.397	73	45	3	23	93	23	89	0.001	26.6
olaTTNIg58_193	olaTTNIg20_187	21.538	65	51	0	8	72	8	72	0.001	26.2
olaTTNIg58_193	olaTTNIg91_193	27.451	51	37	0	30	80	30	80	0.002	26.2
olaTTNIg58_193	olaTTNIg32_194	27.419	62	43	2	33	93	34	94	0.003	25.4
olaTTNIg58_193	olaTTNIg14_188	20.29	69	54	1	4	71	4	72	0.004	25
olaTTNIg58_193	olaTTNIg4_195	21.053	76	57	2	15	87	15	90	0.005	25
olaTTNIg58_193	olaTTNIg63_197	23.529	68	51	1	14	80	17	84	0.006	25
olaTTNIg58_193	olaTTNIg80_196	27.848	79	49	2	10	80	5	83	0.008	24.6
olaTTNIg58_193	olaTTNIg10_194	27.16	81	57	2	3	81	3	83	0.013	23.9
olaTTNIg58_193	olaTTNIg86_197	27.083	48	35	0	34	81	38	85	0.019	23.5
olaTTNIg58_193	olaTTNIg88_193	32.653	49	31	2	34	81	34	81	0.024	23.1
olaTTNIg58_193	olaTTNIg73_197	22.857	70	53	1	13	81	16	85	0.026	23.1
olaTTNIg58_193	olaTTNIg66_196	26.786	56	40	1	25	80	29	83	0.032	22.7
olaTTNIg58_193	olaTTNIg113_197	21.429	84	57	3	12	92	18	95	0.042	22.3
olaTTNIg58_193	olaTTNIg71_194	24.49	49	33	2	34	81	37	82	0.05	22.3
olaTTNIg58_193	olaTTNIg101_195	30.769	52	33	2	30	80	33	82	0.082	21.6
olaTTNIg58_193	olaTTNIg104_198	23.188	69	52	1	13	80	17	85	0.095	21.6
olaTTNIg58_193	olaTTNIg87_194	24.051	79	42	2	2	80	21	81	0.1	21.2
olaTTNIg58_193	olaTTNIg93_194	27.273	55	26	2	32	80	35	81	0.11	21.2
olaTTNIg58_193	olaTTNIg41_196	23.529	51	38	1	32	81	33	83	0.21	20.4
olaTTNIg58_193	olaTTNIg94_193	24.638	69	51	1	13	80	12	80	0.21	20.4
olaTTNIg58_193	olaTTNIg83_195	21.667	60	46	1	34	93	36	94	1	18.5
olaTTNIg58_193	olaTTNIg7_195	24.59	61	43	2	34	91	34	94	1	18.5
olaTTNIg58_193	olaTTNIg82_196	23.404	47	36	0	34	80	37	83	1.1	18.5
olaTTNIg58_193	olaTTNIg92_196	28	50	36	0	34	83	37	86	1.6	18.1
olaTTNIg58_193	olaTTNIg105_194	30.769	26	18	0	57	82	58	83	2.2	17.7
olaTTNIg58_193	olaTTNIg106_196	30.435	23	16	0	58	80	61	83	2.6	17.3
olaTTNIg58_193	olaTTNIg84_195	19.792	96	44	4	2	91	22	90	3.5	16.9
olaTTNIg58_193	olaTTNIg36_194	75	8	2	0	13	20	37	44	5.7	16.5
olaTTNIg59_189	olaTTNIg59_189	100	89	0	0	1	89	1	89	5.38e-64	179
olaTTNIg59_189	olaTTNIg20_187	35.294	85	55	0	2	86	2	86	5.28e-19	66.2
olaTTNIg59_189	olaTTNIg43_297	29.348	92	60	1	1	87	2	93	7.41e-18	63.5
olaTTNIg59_189	olaTTNIg19_391	32.558	86	58	0	2	87	2	87	8.81e-16	57.8
olaTTNIg59_189	olaTTNIg55_190	33.333	87	58	0	2	88	4	90	1.69e-15	57.4
olaTTNIg59_189	olaTTNIg15_187	28.235	85	61	0	2	86	2	86	9.67e-15	55.1
olaTTNIg59_189	olaTTNIg47_188	36.905	84	53	0	1	84	2	85	1.51e-14	54.7
olaTTNIg59_189	olaTTNIg54_189	31.395	86	59	0	2	87	3	88	7.46e-14	53.1
olaTTNIg59_189	olaTTNIg57_188	28.235	85	61	0	4	88	4	88	9.37e-14	52.8
olaTTNIg59_189	olaTTNIg12_189	33.735	83	55	0	2	84	3	85	2.77e-13	51.6
olaTTNIg59_189	olaTTNIg56_189	33.333	87	57	1	3	88	3	89	3.72e-13	51.2
olaTTNIg59_189	olaTTNIg52_188	32.184	87	59	0	2	88	2	88	4.46e-13	50.8
olaTTNIg59_189	olaTTNIg18_389	30.588	85	59	0	2	86	2	86	6.73e-13	50.4
olaTTNIg59_189	olaTTNIg44_197	33.333	93	54	2	2	86	4	96	1.67e-12	49.7
olaTTNIg59_189	olaTTNIg11_191	35.065	77	49	1	2	77	2	78	2.69e-12	48.9
olaTTNIg59_189	olaTTNIg36_194	32.584	89	53	3	5	88	8	94	2.69e-12	49.3
olaTTNIg59_189	olaTTNIg58_193	35.106	94	54	4	1	88	1	93	1.67e-11	47
olaTTNIg59_189	olaTTNIg53_190	25.61	82	61	0	7	88	9	90	2.21e-11	46.6
olaTTNIg59_189	olaTTNIg60_187	30.12	83	58	0	4	86	4	86	4.66e-11	45.8
olaTTNIg59_189	olaTTNIg108_193	41.667	48	28	0	25	72	25	72	6.35e-11	45.4
olaTTNIg59_189	olaTTNIg46_189	28.235	85	61	0	4	88	5	89	1.20e-10	44.7
olaTTNIg59_189	olaTTNIg13_189	32.184	87	57	1	2	86	2	88	1.49e-10	44.7
olaTTNIg59_189	olaTTNIg42_192	26.829	82	58	1	8	87	10	91	1.64e-10	44.7
olaTTNIg59_189	olaTTNIg50_192	24.706	85	64	0	2	86	2	86	1.90e-10	44.3
olaTTNIg59_189	olaTTNIg51_488	27.059	85	62	0	4	88	1	85	2.30e-10	43.9
olaTTNIg59_189	olaTTNIg16_189	32.911	79	53	0	6	84	7	85	1.08e-09	42.4
olaTTNIg59_189	olaTTNIg17_290	30.12	83	54	2	3	84	7	86	2.15e-09	41.6
olaTTNIg59_189	olaTTNIg24_194	23.864	88	62	2	4	86	3	90	4.49e-09	40.8
olaTTNIg59_189	olaTTNIg27_192	28.889	90	59	2	4	88	3	92	7.88e-09	40
olaTTNIg59_189	olaTTNIg48_188	22.727	88	68	0	1	88	1	88	1.66e-08	39.3
olaTTNIg59_189	olaTTNIg88_193	34.375	64	38	1	27	86	27	90	2.17e-08	38.9
olaTTNIg59_189	olaTTNIg49_187	26.506	83	60	1	4	86	4	85	2.51e-08	38.9
olaTTNIg59_189	olaTTNIg2_194	24.719	89	62	2	3	86	3	91	1.11e-07	37.4
olaTTNIg59_189	olaTTNIg82_196	34.783	46	30	0	27	72	30	75	3.54e-07	35.8
olaTTNIg59_189	olaTTNIg115_194	38.889	54	31	2	27	79	28	80	4.42e-07	35.8
olaTTNIg59_189	olaTTNIg83_195	32.787	61	41	0	27	87	29	89	4.49e-07	35.8
olaTTNIg59_189	olaTTNIg41_196	27.174	92	61	3	2	87	2	93	5.40e-07	35.4
olaTTNIg59_189	olaTTNIg14_188	26.744	86	62	1	2	86	2	87	8.58e-07	34.7
olaTTNIg59_189	olaTTNIg9_193	32.895	76	49	2	9	83	8	82	2.15e-06	33.9
olaTTNIg59_189	olaTTNIg5_198	26.667	90	58	4	4	86	4	92	4.39e-06	33.1
olaTTNIg59_189	olaTTNIg73_197	28.169	71	50	1	17	86	20	90	5.86e-06	32.7
olaTTNIg59_189	olaTTNIg22_193	25	88	59	3	4	89	4	86	6.55e-06	32.7
olaTTNIg59_189	olaTTNIg23_194	23.596	89	63	2	3	86	2	90	6.86e-06	32.3
olaTTNIg59_189	olaTTNIg33_195	30.769	65	37	3	28	86	29	91	7.41e-06	32.3
olaTTNIg59_189	olaTTNIg116_195	31.746	63	42	1	14	75	14	76	9.63e-06	32.3
olaTTNIg59_189	olaTTNIg106_196	25	48	36	0	25	72	28	75	1.05e-05	32
olaTTNIg59_189	olaTTNIg114_192	25.581	86	58	3	4	84	3	87	1.13e-05	32
olaTTNIg59_189	olaTTNIg100_195	32.653	49	33	0	27	75	30	78	1.26e-05	32
olaTTNIg59_189	olaTTNIg85_194	26.923	52	38	0	27	78	28	79	1.40e-05	31.6
olaTTNIg59_189	olaTTNIg38_193	25.275	91	63	2	3	88	3	93	1.75e-05	31.6
olaTTNIg59_189	olaTTNIg110_194	28.169	71	48	2	4	71	3	73	1.93e-05	31.2
olaTTNIg59_189	olaTTNIg66_196	39.13	46	27	1	26	71	30	74	2.37e-05	31.2
olaTTNIg59_189	olaTTNIg71_194	34.426	61	36	2	28	86	31	89	2.65e-05	30.8
olaTTNIg59_189	olaTTNIg40_194	21.348	89	65	2	3	86	2	90	2.65e-05	30.8
olaTTNIg59_189	olaTTNIg76_192	32.692	52	35	0	27	78	26	77	3.14e-05	30.8
olaTTNIg59_189	olaTTNIg61_188	21.687	83	65	0	2	84	3	85	3.44e-05	30.4
olaTTNIg59_189	olaTTNIg21_195	28	75	49	2	17	86	17	91	4.24e-05	30.4
olaTTNIg59_189	olaTTNIg72_197	28.571	77	50	3	8	81	11	85	6.26e-05	30
olaTTNIg59_189	olaTTNIg79_197	28.571	63	44	1	25	86	28	90	7.02e-05	30
olaTTNIg59_189	olaTTNIg45_192	28.333	60	41	2	17	75	18	76	8.12e-05	29.6
olaTTNIg59_189	olaTTNIg117_196	23.077	78	57	2	12	86	12	89	9.97e-05	29.6
olaTTNIg59_189	olaTTNIg89_196	26.667	60	44	0	27	86	30	89	1.31e-04	29.3
olaTTNIg59_189	olaTTNIg6_195	27.848	79	49	4	15	86	14	91	1.39e-04	29.3
olaTTNIg59_189	olaTTNIg113_197	25.758	66	42	2	28	86	29	94	2.24e-04	28.5
olaTTNIg59_189	olaTTNIg70_195	23.214	56	43	0	26	81	28	83	3.82e-04	27.7
olaTTNIg59_189	olaTTNIg98_196	30	50	35	0	22	71	25	74	3.94e-04	27.7
olaTTNIg59_189	olaTTNIg95_197	37.778	45	26	2	28	71	32	75	3.98e-04	27.7
olaTTNIg59_189	olaTTNIg91_193	26.087	46	34	0	27	72	27	72	4.98e-04	27.7
olaTTNIg59_189	olaTTNIg28_194	28.125	64	41	2	30	88	31	94	4.99e-04	27.7
olaTTNIg59_189	olaTTNIg4_195	28.205	78	49	3	15	85	15	92	5.42e-04	27.3
olaTTNIg59_189	olaTTNIg96_194	30.435	46	30	1	26	71	29	72	5.82e-04	27.3
olaTTNIg59_189	olaTTNIg35_193	26.984	63	42	1	30	88	31	93	6.12e-04	27.3
olaTTNIg59_189	olaTTNIg39_194	25	88	61	2	6	88	7	94	6.86e-04	27.3
olaTTNIg59_189	olaTTNIg25_194	25.275	91	60	4	3	86	3	92	8.87e-04	26.9
olaTTNIg59_189	olaTTNIg34_193	23.913	92	61	4	4	88	4	93	0.001	26.9
olaTTNIg59_189	olaTTNIg90_195	27.869	61	41	2	26	85	30	88	0.001	26.9
olaTTNIg59_189	olaTTNIg30_194	22.826	92	63	5	4	88	4	94	0.001	26.6
olaTTNIg59_189	olaTTNIg74_196	27.273	66	44	2	26	87	27	92	0.001	26.6
olaTTNIg59_189	olaTTNIg69_194	28.571	56	36	2	17	72	22	73	0.002	26.2
olaTTNIg59_189	olaTTNIg80_196	29.167	48	34	0	25	72	28	75	0.003	25.8
olaTTNIg59_189	olaTTNIg104_198	28	50	36	0	26	75	31	80	0.003	25.8
olaTTNIg59_189	olaTTNIg93_194	27.273	66	46	1	21	86	24	87	0.005	25
olaTTNIg59_189	olaTTNIg102_195	28.814	59	40	1	26	84	30	86	0.006	24.6
olaTTNIg59_189	olaTTNIg62_195	34.783	46	29	1	28	72	30	75	0.007	24.6
olaTTNIg59_189	olaTTNIg37_193	34.286	35	19	1	58	88	59	93	0.009	24.3
olaTTNIg59_189	olaTTNIg64_193	29.091	55	39	0	28	82	28	82	0.011	23.9
olaTTNIg59_189	olaTTNIg81_193	31.373	51	32	1	21	71	24	71	0.011	23.9
olaTTNIg59_189	olaTTNIg29_192	28.571	98	51	6	3	88	2	92	0.011	23.9
olaTTNIg59_189	olaTTNIg112_198	24.691	81	53	4	14	87	17	96	0.013	23.9
olaTTNIg59_189	olaTTNIg87_194	30.769	52	34	1	21	72	24	73	0.017	23.5
olaTTNIg59_189	olaTTNIg107_194	32.609	46	29	1	26	71	29	72	0.017	23.5
olaTTNIg59_189	olaTTNIg68_199	27.907	86	52	3	9	84	7	92	0.02	23.1
olaTTNIg59_189	olaTTNIg10_194	26.471	68	43	3	25	86	26	92	0.024	23.1
olaTTNIg59_189	olaTTNIg86_197	20.408	49	39	0	27	75	31	79	0.028	22.7
olaTTNIg59_189	olaTTNIg86_197	37.5	16	10	0	51	66	70	85	9.8	15.8
olaTTNIg59_189	olaTTNIg97_197	29.825	57	34	2	28	80	34	88	0.039	22.3
olaTTNIg59_189	olaTTNIg63_197	26.087	46	34	0	26	71	30	75	0.056	21.9
olaTTNIg59_189	olaTTNIg105_194	31.034	58	37	2	18	74	20	75	0.097	21.2
olaTTNIg59_189	olaTTNIg105_194	28.571	49	31	1	26	70	38	86	1.4	18.1
olaTTNIg59_189	olaTTNIg75_195	28.261	46	32	1	26	71	29	73	0.11	21.2
olaTTNIg59_189	olaTTNIg99_197	25.862	58	39	1	26	79	29	86	0.13	20.8
olaTTNIg59_189	olaTTNIg103_196	21.739	46	36	0	26	71	29	74	0.18	20.4
olaTTNIg59_189	olaTTNIg78_196	17.778	45	37	0	27	71	30	74	0.25	20
olaTTNIg59_189	olaTTNIg84_195	31.148	61	40	2	21	81	25	83	0.26	20
olaTTNIg59_189	olaTTNIg94_193	21.429	56	44	0	27	82	27	82	0.43	19.6
olaTTNIg59_189	olaTTNIg26_192	27.273	88	56	5	5	86	4	89	0.43	19.6
olaTTNIg59_189	olaTTNIg101_195	28.846	52	34	2	22	72	25	74	1.1	18.5
olaTTNIg59_189	olaTTNIg92_196	31.818	22	15	0	26	47	29	50	1.2	18.5
olaTTNIg59_189	olaTTNIg31_193	27.5	40	29	0	32	71	33	72	2	17.7
olaTTNIg59_189	olaTTNIg109_193	26.667	15	11	0	25	39	24	38	2.9	17.3
olaTTNIg59_189	olaTTNIg77_197	20	55	44	0	27	81	31	85	4.8	16.5
olaTTNIg59_189	olaTTNIg111_1101	36.364	11	7	0	27	37	34	44	8.4	15.8
olaTTNIg60_187	olaTTNIg60_187	100	87	0	0	1	87	1	87	4.36e-64	179
olaTTNIg60_187	olaTTNIg54_189	38.372	86	53	0	1	86	2	87	9.06e-19	65.5
olaTTNIg60_187	olaTTNIg55_190	36.471	85	54	0	2	86	4	88	5.62e-16	58.5
olaTTNIg60_187	olaTTNIg57_188	32.558	86	58	0	1	86	1	86	5.72e-16	58.2
olaTTNIg60_187	olaTTNIg47_188	34.524	84	55	0	4	87	5	88	3.09e-15	56.6
olaTTNIg60_187	olaTTNIg46_189	33.766	77	51	0	8	84	9	85	1.76e-14	54.7
olaTTNIg60_187	olaTTNIg50_192	26.437	87	64	0	1	87	1	87	3.81e-14	53.9
olaTTNIg60_187	olaTTNIg20_187	32.941	85	57	0	3	87	3	87	8.28e-14	52.8
olaTTNIg60_187	olaTTNIg22_193	35.616	73	47	0	1	73	1	73	6.74e-13	50.4
olaTTNIg60_187	olaTTNIg43_297	30.682	88	56	1	4	86	5	92	8.46e-13	50.4
olaTTNIg60_187	olaTTNIg52_188	28.571	84	60	0	4	87	4	87	9.00e-13	50.1
olaTTNIg60_187	olaTTNIg61_188	33.333	84	56	0	1	84	2	85	9.60e-13	50.1
olaTTNIg60_187	olaTTNIg17_290	33.333	81	53	1	8	87	9	89	9.71e-13	50.1
olaTTNIg60_187	olaTTNIg13_189	29.213	89	61	1	1	87	1	89	1.48e-12	49.7
olaTTNIg60_187	olaTTNIg56_189	34.146	82	54	0	4	85	4	85	1.86e-12	49.3
olaTTNIg60_187	olaTTNIg51_488	32.53	83	56	0	4	86	1	83	3.29e-12	48.5
olaTTNIg60_187	olaTTNIg44_197	32.632	95	56	2	1	87	3	97	4.14e-12	48.5
olaTTNIg60_187	olaTTNIg11_191	36.111	72	43	1	19	87	20	91	3.29e-11	46.2
olaTTNIg60_187	olaTTNIg59_189	30.12	83	58	0	4	86	4	86	4.56e-11	45.8
olaTTNIg60_187	olaTTNIg5_198	30.851	94	57	4	1	87	1	93	5.14e-11	45.8
olaTTNIg60_187	olaTTNIg24_194	26.027	73	53	1	4	75	3	75	4.18e-09	40.8
olaTTNIg60_187	olaTTNIg108_193	42.857	42	24	0	32	73	32	73	4.71e-09	40.8
olaTTNIg60_187	olaTTNIg53_190	27.711	83	60	0	4	86	6	88	1.81e-08	39.3
olaTTNIg60_187	olaTTNIg58_193	29.73	74	52	0	6	79	6	79	2.00e-08	38.9
olaTTNIg60_187	olaTTNIg49_187	27.381	84	60	1	4	87	4	86	2.60e-08	38.5
olaTTNIg60_187	olaTTNIg42_192	26.136	88	63	1	1	86	3	90	4.23e-08	38.1
olaTTNIg60_187	olaTTNIg48_188	28.571	84	60	0	3	86	3	86	5.48e-08	37.7
olaTTNIg60_187	olaTTNIg2_194	24.324	74	55	1	1	73	1	74	3.52e-07	35.8
olaTTNIg60_187	olaTTNIg16_189	24.051	79	60	0	8	86	9	87	4.00e-07	35.4
olaTTNIg60_187	olaTTNIg9_193	38.095	42	25	1	13	53	12	53	2.05e-06	33.9
olaTTNIg60_187	olaTTNIg18_389	26.582	79	58	0	9	87	9	87	3.83e-06	33.1
olaTTNIg60_187	olaTTNIg19_391	28.986	69	47	1	8	74	8	76	3.95e-06	33.1
olaTTNIg60_187	olaTTNIg4_195	31.818	66	42	2	11	73	11	76	4.96e-06	32.7
olaTTNIg60_187	olaTTNIg110_194	25.352	71	50	3	4	71	3	73	9.00e-06	32.3
olaTTNIg60_187	olaTTNIg115_194	28.261	46	33	0	26	71	27	72	1.10e-05	32
olaTTNIg60_187	olaTTNIg12_189	23.81	84	64	0	1	84	2	85	1.22e-05	31.6
olaTTNIg60_187	olaTTNIg35_193	27.869	61	40	1	31	87	32	92	1.39e-05	31.6
olaTTNIg60_187	olaTTNIg14_188	28.358	67	47	1	6	71	6	72	1.39e-05	31.6
olaTTNIg60_187	olaTTNIg36_194	33.333	42	28	0	32	73	34	75	1.85e-05	31.2
olaTTNIg60_187	olaTTNIg23_194	23.529	68	51	1	7	73	6	73	2.59e-05	30.8
olaTTNIg60_187	olaTTNIg85_194	24.528	53	40	0	25	77	26	78	3.47e-05	30.4
olaTTNIg60_187	olaTTNIg26_192	29.412	68	46	2	7	73	6	72	5.14e-05	30
olaTTNIg60_187	olaTTNIg40_194	23.944	71	53	1	4	73	3	73	8.88e-05	29.6
olaTTNIg60_187	olaTTNIg72_197	34.146	41	27	0	33	73	37	77	9.21e-05	29.6
olaTTNIg60_187	olaTTNIg33_195	25	48	36	0	31	78	32	79	1.13e-04	29.3
olaTTNIg60_187	olaTTNIg3_195	21.622	74	56	2	1	73	2	74	1.13e-04	29.3
olaTTNIg60_187	olaTTNIg76_192	27.273	55	40	0	27	81	26	80	1.31e-04	28.9
olaTTNIg60_187	olaTTNIg38_193	22.619	84	64	1	1	83	1	84	1.52e-04	28.9
olaTTNIg60_187	olaTTNIg34_193	29.787	47	33	0	27	73	28	74	1.91e-04	28.5
olaTTNIg60_187	olaTTNIg113_197	24.468	94	63	3	1	86	1	94	2.20e-04	28.5
olaTTNIg60_187	olaTTNIg116_195	22.078	77	59	1	1	76	1	77	3.22e-04	28.1
olaTTNIg60_187	olaTTNIg104_198	31.579	38	26	0	34	71	39	76	8.29e-04	26.9
olaTTNIg60_187	olaTTNIg6_195	22.222	54	41	1	34	86	34	87	0.001	26.6
olaTTNIg60_187	olaTTNIg21_195	21.739	92	67	2	1	87	1	92	0.001	26.6
olaTTNIg60_187	olaTTNIg39_194	23.077	52	40	0	31	82	33	84	0.001	26.2
olaTTNIg60_187	olaTTNIg106_196	27.451	51	35	1	34	84	37	85	0.003	25.4
olaTTNIg60_187	olaTTNIg91_193	26	50	35	2	25	73	25	73	0.004	25
olaTTNIg60_187	olaTTNIg8_195	23.288	73	53	1	4	73	3	75	0.005	24.6
olaTTNIg60_187	olaTTNIg82_196	24	50	38	0	22	71	25	74	0.007	24.3
olaTTNIg60_187	olaTTNIg29_192	34.483	29	19	0	32	60	32	60	0.008	24.3
olaTTNIg60_187	olaTTNIg74_196	23.404	47	34	1	27	71	28	74	0.014	23.5
olaTTNIg60_187	olaTTNIg80_196	18.966	58	41	1	34	85	37	94	0.024	23.1
olaTTNIg60_187	olaTTNIg30_194	20	75	58	2	1	73	1	75	0.032	22.7
olaTTNIg60_187	olaTTNIg94_193	19.643	56	45	0	27	82	27	82	0.032	22.7
olaTTNIg60_187	olaTTNIg66_196	38.889	36	20	2	32	66	36	70	0.035	22.3
olaTTNIg60_187	olaTTNIg98_196	18.919	37	30	0	25	61	28	64	0.052	21.9
olaTTNIg60_187	olaTTNIg1_196	23.656	93	63	5	1	86	2	93	0.052	21.9
olaTTNIg60_187	olaTTNIg45_192	24.074	54	39	2	21	73	22	74	0.076	21.6
olaTTNIg60_187	olaTTNIg114_192	22.414	58	43	2	15	71	14	70	0.082	21.6
olaTTNIg60_187	olaTTNIg31_193	25	44	33	0	32	75	33	76	0.086	21.6
olaTTNIg60_187	olaTTNIg95_197	28.889	45	32	0	31	75	35	79	0.11	21.2
olaTTNIg60_187	olaTTNIg73_197	19.355	62	49	1	12	72	15	76	0.15	20.8
olaTTNIg60_187	olaTTNIg69_194	31.25	32	20	1	32	63	35	64	0.15	20.8
olaTTNIg60_187	olaTTNIg10_194	21.053	38	29	1	33	69	34	71	0.17	20.8
olaTTNIg60_187	olaTTNIg10_194	50	10	5	0	62	71	26	35	1.3	18.1
olaTTNIg60_187	olaTTNIg28_194	20.225	89	69	2	1	87	1	89	0.17	20.4
olaTTNIg60_187	olaTTNIg89_196	20	50	40	0	26	75	29	78	0.28	20
olaTTNIg60_187	olaTTNIg107_194	26.667	45	31	1	33	77	36	78	0.43	19.6
olaTTNIg60_187	olaTTNIg32_194	38.462	13	8	0	31	43	32	44	2	17.7
olaTTNIg60_187	olaTTNIg83_195	18.605	43	35	0	31	73	33	75	2.8	17.3
olaTTNIg60_187	olaTTNIg75_195	25.862	58	38	2	32	87	35	89	3.7	16.9
olaTTNIg60_187	olaTTNIg99_197	19.355	62	49	1	17	77	19	80	5.2	16.5
olaTTNIg61_188	olaTTNIg61_188	100	88	0	0	1	88	1	88	3.52e-64	180
olaTTNIg61_188	olaTTNIg11_191	45.588	68	36	1	21	87	21	88	1.86e-16	59.7
olaTTNIg61_188	olaTTNIg18_389	33.735	83	55	0	3	85	2	84	3.80e-15	56.2
olaTTNIg61_188	olaTTNIg53_190	28.571	84	60	0	2	85	3	86	4.32e-13	51.2
olaTTNIg61_188	olaTTNIg60_187	33.333	84	56	0	2	85	1	84	9.71e-13	50.1
olaTTNIg61_188	olaTTNIg44_197	29.63	81	53	1	2	78	3	83	2.41e-12	49.3
olaTTNIg61_188	olaTTNIg20_187	26.506	83	61	0	3	85	2	84	3.68e-12	48.5
olaTTNIg61_188	olaTTNIg19_391	28.916	83	59	0	5	87	4	86	6.89e-12	48.1
olaTTNIg61_188	olaTTNIg58_193	28.571	70	50	0	5	74	4	73	5.23e-11	45.8
olaTTNIg61_188	olaTTNIg57_188	33.803	71	47	0	2	72	1	71	7.17e-11	45.4
olaTTNIg61_188	olaTTNIg46_189	29.762	84	59	0	5	88	5	88	7.57e-11	45.4
olaTTNIg61_188	olaTTNIg43_297	29.167	72	48	1	19	87	19	90	1.05e-10	45.1
olaTTNIg61_188	olaTTNIg54_189	27.586	87	63	0	2	88	2	88	1.66e-10	44.3
olaTTNIg61_188	olaTTNIg15_187	28.571	84	60	0	2	85	1	84	1.76e-10	44.3
olaTTNIg61_188	olaTTNIg50_192	28.571	84	60	0	2	85	1	84	2.87e-10	43.9
olaTTNIg61_188	olaTTNIg42_192	26.966	89	63	1	2	88	3	91	5.12e-10	43.1
olaTTNIg61_188	olaTTNIg14_188	22.989	87	66	1	2	87	1	87	8.45e-10	42.7
olaTTNIg61_188	olaTTNIg51_488	29.268	82	58	0	6	87	2	83	3.36e-09	40.8
olaTTNIg61_188	olaTTNIg115_194	33.846	65	42	1	15	78	14	78	5.34e-09	40.4
olaTTNIg61_188	olaTTNIg13_189	22.093	86	67	0	2	87	1	86	2.17e-08	38.9
olaTTNIg61_188	olaTTNIg22_193	21.795	78	61	0	2	79	1	78	3.12e-08	38.5
olaTTNIg61_188	olaTTNIg17_290	26.437	87	63	1	2	87	2	88	3.83e-08	38.1
olaTTNIg61_188	olaTTNIg2_194	30	50	35	0	33	82	33	82	9.31e-08	37.4
olaTTNIg61_188	olaTTNIg47_188	26.316	76	56	0	10	85	10	85	2.14e-07	36.2
olaTTNIg61_188	olaTTNIg12_189	24.138	87	66	0	1	87	1	87	3.03e-07	35.8
olaTTNIg61_188	olaTTNIg108_193	35.556	45	29	0	32	76	31	75	3.35e-07	35.8
olaTTNIg61_188	olaTTNIg55_190	25.333	75	56	0	3	77	4	78	1.08e-06	34.7
olaTTNIg61_188	olaTTNIg48_188	26.506	83	61	0	3	85	2	84	1.09e-06	34.7
olaTTNIg61_188	olaTTNIg117_196	25	72	53	1	17	87	16	87	3.12e-06	33.5
olaTTNIg61_188	olaTTNIg27_192	27.397	73	52	1	17	88	15	87	5.36e-06	32.7
olaTTNIg61_188	olaTTNIg114_192	24.658	73	53	2	17	88	15	86	9.46e-06	32
olaTTNIg61_188	olaTTNIg37_193	28.571	63	44	1	17	78	16	78	1.07e-05	32
olaTTNIg61_188	olaTTNIg56_189	27.143	70	48	1	6	72	2	71	1.22e-05	31.6
olaTTNIg61_188	olaTTNIg31_193	31.707	41	28	0	32	72	32	72	1.59e-05	31.6
olaTTNIg61_188	olaTTNIg33_195	21.519	79	61	1	2	79	1	79	1.97e-05	31.2
olaTTNIg61_188	olaTTNIg30_194	23.729	59	44	1	17	74	17	75	3.08e-05	30.8
olaTTNIg61_188	olaTTNIg59_189	21.687	83	65	0	3	85	2	84	3.40e-05	30.4
olaTTNIg61_188	olaTTNIg4_195	24.242	66	47	2	17	79	16	81	3.61e-05	30.4
olaTTNIg61_188	olaTTNIg4_195	35.294	17	11	0	72	88	48	64	3	16.9
olaTTNIg61_188	olaTTNIg24_194	26.316	57	41	1	17	72	15	71	3.88e-05	30.4
olaTTNIg61_188	olaTTNIg21_195	22.642	53	41	0	32	84	32	84	5.10e-05	30
olaTTNIg61_188	olaTTNIg36_194	23.077	52	40	0	31	82	32	83	5.41e-05	30
olaTTNIg61_188	olaTTNIg6_195	22.414	58	44	1	32	88	31	88	5.66e-05	30
olaTTNIg61_188	olaTTNIg76_192	26.531	49	36	0	34	82	32	80	7.21e-05	29.6
olaTTNIg61_188	olaTTNIg116_195	15.854	82	68	1	2	82	1	82	7.73e-05	29.6
olaTTNIg61_188	olaTTNIg113_197	25.61	82	57	2	2	79	1	82	2.18e-04	28.5
olaTTNIg61_188	olaTTNIg77_197	23.288	73	53	3	17	87	19	90	2.58e-04	28.5
olaTTNIg61_188	olaTTNIg16_189	20.482	83	66	0	5	87	5	87	2.75e-04	28.1
olaTTNIg61_188	olaTTNIg41_196	28	50	35	1	33	81	33	82	3.13e-04	28.1
olaTTNIg61_188	olaTTNIg35_193	25.424	59	43	1	17	74	16	74	3.15e-04	28.1
olaTTNIg61_188	olaTTNIg91_193	23.81	63	47	1	17	78	15	77	6.63e-04	27.3
olaTTNIg61_188	olaTTNIg82_196	21.429	70	54	1	10	78	11	80	6.78e-04	27.3
olaTTNIg61_188	olaTTNIg39_194	20.482	83	65	1	7	88	7	89	0.001	26.6
olaTTNIg61_188	olaTTNIg5_198	29.167	48	33	1	32	78	32	79	0.001	26.6
olaTTNIg61_188	olaTTNIg66_196	29.825	57	35	2	32	86	35	88	0.001	26.6
olaTTNIg61_188	olaTTNIg94_193	19.178	73	58	1	17	88	15	87	0.002	26.2
olaTTNIg61_188	olaTTNIg29_192	22.535	71	54	1	17	86	15	85	0.002	26.2
olaTTNIg61_188	olaTTNIg73_197	19.643	56	45	0	32	87	35	90	0.007	24.3
olaTTNIg61_188	olaTTNIg3_195	23.404	47	36	0	33	79	33	79	0.008	24.3
olaTTNIg61_188	olaTTNIg28_194	25.424	59	34	2	39	87	32	90	0.012	23.9
olaTTNIg61_188	olaTTNIg49_187	23.81	63	47	1	10	72	9	70	0.012	23.9
olaTTNIg61_188	olaTTNIg97_197	24.691	81	56	4	8	85	10	88	0.013	23.9
olaTTNIg61_188	olaTTNIg106_196	27.273	44	32	0	35	78	37	80	0.015	23.5
olaTTNIg61_188	olaTTNIg72_197	22.222	54	42	0	34	87	37	90	0.016	23.5
olaTTNIg61_188	olaTTNIg100_195	15.73	89	66	1	8	87	1	89	0.017	23.5
olaTTNIg61_188	olaTTNIg40_194	17.308	52	43	0	31	82	30	81	0.018	23.5
olaTTNIg61_188	olaTTNIg34_193	21.739	69	53	1	5	72	4	72	0.021	23.1
olaTTNIg61_188	olaTTNIg23_194	21.739	46	36	0	33	78	32	77	0.033	22.7
olaTTNIg61_188	olaTTNIg67_1104	20.69	58	39	2	33	83	36	93	0.035	22.7
olaTTNIg61_188	olaTTNIg112_198	25	44	33	0	30	73	34	77	0.046	22.3
olaTTNIg61_188	olaTTNIg110_194	29.412	51	34	1	33	81	32	82	0.11	21.2
olaTTNIg61_188	olaTTNIg45_192	28.07	57	39	2	17	72	17	72	0.12	21.2
olaTTNIg61_188	olaTTNIg71_194	20	70	53	3	10	78	11	78	0.13	20.8
olaTTNIg61_188	olaTTNIg80_196	25	44	33	0	35	78	37	80	0.15	20.8
olaTTNIg61_188	olaTTNIg52_188	26.531	49	36	0	24	72	23	71	0.18	20.4
olaTTNIg61_188	olaTTNIg9_193	25	44	25	1	49	84	39	82	0.23	20.4
olaTTNIg61_188	olaTTNIg64_193	18.367	49	40	0	35	83	34	82	0.26	20
olaTTNIg61_188	olaTTNIg85_194	15.625	64	53	1	17	79	16	79	0.55	19.2
olaTTNIg61_188	olaTTNIg111_1101	20.833	48	37	1	33	79	39	86	0.64	18.9
olaTTNIg61_188	olaTTNIg101_195	40	20	12	0	3	22	42	61	0.65	18.9
olaTTNIg61_188	olaTTNIg88_193	21.277	47	37	0	32	78	31	77	1.7	17.7
olaTTNIg61_188	olaTTNIg86_197	30	20	14	0	59	78	62	81	2.1	17.7
olaTTNIg61_188	olaTTNIg38_193	18.056	72	58	1	2	72	1	72	3.8	16.9
olaTTNIg61_188	olaTTNIg105_194	45.455	11	6	0	68	78	68	78	4	16.5
olaTTNIg61_188	olaTTNIg98_196	17.391	46	38	0	33	78	35	80	4.2	16.5
olaTTNIg62_195	olaTTNIg62_195	100	95	0	0	1	95	1	95	2.08e-68	191
olaTTNIg62_195	olaTTNIg90_195	34.831	89	55	1	6	94	8	93	2.26e-13	52
olaTTNIg62_195	olaTTNIg107_194	33.333	93	58	2	3	95	5	93	9.18e-13	50.4
olaTTNIg62_195	olaTTNIg64_193	28.421	95	65	2	1	95	1	92	1.49e-12	50.1
olaTTNIg62_195	olaTTNIg106_196	29.167	96	66	2	1	95	1	95	2.02e-12	49.7
olaTTNIg62_195	olaTTNIg103_196	35.106	94	59	2	1	93	1	93	2.61e-12	49.3
olaTTNIg62_195	olaTTNIg79_197	31.959	97	63	2	1	95	1	96	8.32e-11	45.4
olaTTNIg62_195	olaTTNIg63_197	31.884	69	46	1	26	94	28	95	1.64e-10	44.7
olaTTNIg62_195	olaTTNIg70_195	29.787	94	64	2	1	94	2	93	2.17e-10	44.7
olaTTNIg62_195	olaTTNIg82_196	30.851	94	63	2	1	93	1	93	4.34e-10	43.9
olaTTNIg62_195	olaTTNIg89_196	30.769	78	53	1	7	84	8	84	4.39e-10	43.9
olaTTNIg62_195	olaTTNIg95_197	30.952	84	53	2	8	91	10	88	5.37e-10	43.5
olaTTNIg62_195	olaTTNIg76_192	31.944	72	48	1	20	91	17	87	6.29e-10	43.1
olaTTNIg62_195	olaTTNIg100_195	31.522	92	61	2	1	91	1	91	1.18e-09	42.7
olaTTNIg62_195	olaTTNIg81_193	32.632	95	59	2	1	94	1	91	2.66e-09	41.6
olaTTNIg62_195	olaTTNIg66_196	31.395	86	57	1	9	94	11	94	4.32e-09	41.2
olaTTNIg62_195	olaTTNIg87_194	31.579	95	61	2	1	94	1	92	5.20e-09	40.8
olaTTNIg62_195	olaTTNIg73_197	27.586	87	62	1	8	94	10	95	5.74e-09	40.8
olaTTNIg62_195	olaTTNIg67_1104	28.431	102	65	3	1	94	1	102	6.04e-09	40.8
olaTTNIg62_195	olaTTNIg84_195	32	75	48	1	20	94	22	93	7.78e-09	40.4
olaTTNIg62_195	olaTTNIg77_197	25.263	95	69	2	1	94	2	95	3.93e-08	38.5
olaTTNIg62_195	olaTTNIg93_194	31.579	95	61	2	1	94	1	92	4.33e-08	38.5
olaTTNIg62_195	olaTTNIg72_197	32.143	84	56	1	11	94	13	95	7.27e-08	38.1
olaTTNIg62_195	olaTTNIg98_196	28.261	92	59	2	3	94	10	94	7.70e-08	37.7
olaTTNIg62_195	olaTTNIg71_194	29.348	92	61	2	3	94	5	92	7.84e-08	37.7
olaTTNIg62_195	olaTTNIg102_195	29.851	67	44	1	20	86	22	85	2.96e-07	36.2
olaTTNIg62_195	olaTTNIg91_193	26.744	86	60	2	10	94	8	91	3.50e-07	36.2
olaTTNIg62_195	olaTTNIg86_197	34.426	61	39	1	20	80	22	81	3.70e-07	36.2
olaTTNIg62_195	olaTTNIg74_196	26.19	84	61	1	12	94	11	94	3.84e-07	36.2
olaTTNIg62_195	olaTTNIg108_193	30.137	73	46	2	18	90	16	83	4.11e-07	35.8
olaTTNIg62_195	olaTTNIg41_196	29.114	79	52	1	12	90	11	85	7.01e-07	35.4
olaTTNIg62_195	olaTTNIg88_193	28.395	81	57	1	14	94	12	91	1.17e-06	34.7
olaTTNIg62_195	olaTTNIg104_198	29.333	75	52	1	20	94	23	96	1.42e-06	34.7
olaTTNIg62_195	olaTTNIg111_1101	28	75	52	2	20	93	25	98	1.58e-06	34.7
olaTTNIg62_195	olaTTNIg68_199	25.743	101	66	2	1	95	1	98	1.79e-06	34.3
olaTTNIg62_195	olaTTNIg99_197	27.632	76	54	1	7	82	8	82	9.67e-06	32.3
olaTTNIg62_195	olaTTNIg14_188	27.586	58	41	1	19	76	18	74	1.09e-05	32
olaTTNIg62_195	olaTTNIg94_193	23.529	85	64	1	10	94	8	91	1.17e-05	32
olaTTNIg62_195	olaTTNIg101_195	25.581	86	62	1	8	93	9	92	1.21e-05	32
olaTTNIg62_195	olaTTNIg3_195	28.049	82	57	2	5	86	5	84	1.87e-05	31.6
olaTTNIg62_195	olaTTNIg38_193	28.358	67	47	1	14	80	13	78	2.97e-05	31.2
olaTTNIg62_195	olaTTNIg96_194	29.508	61	40	1	20	80	21	78	5.38e-05	30.4
olaTTNIg62_195	olaTTNIg110_194	21.839	87	66	2	8	93	7	92	5.44e-05	30.4
olaTTNIg62_195	olaTTNIg46_189	36	50	31	1	31	80	30	78	9.68e-05	29.6
olaTTNIg62_195	olaTTNIg105_194	32.432	74	47	2	20	93	21	91	1.08e-04	29.6
olaTTNIg62_195	olaTTNIg109_193	24	75	55	2	20	93	17	90	1.19e-04	29.3
olaTTNIg62_195	olaTTNIg85_194	25	84	58	2	10	93	9	87	1.27e-04	29.3
olaTTNIg62_195	olaTTNIg30_194	22.5	80	57	2	7	82	3	81	1.79e-04	28.9
olaTTNIg62_195	olaTTNIg40_194	28.767	73	43	2	12	80	10	77	1.90e-04	28.9
olaTTNIg62_195	olaTTNIg31_193	29.545	44	31	0	45	88	43	86	2.64e-04	28.5
olaTTNIg62_195	olaTTNIg78_196	25.61	82	55	3	1	79	1	79	4.66e-04	27.7
olaTTNIg62_195	olaTTNIg83_195	30.159	63	43	1	18	80	18	79	5.95e-04	27.7
olaTTNIg62_195	olaTTNIg35_193	27.027	74	51	2	13	85	12	83	7.00e-04	27.3
olaTTNIg62_195	olaTTNIg33_195	28.169	71	50	1	12	82	11	80	7.61e-04	27.3
olaTTNIg62_195	olaTTNIg36_194	23.438	64	48	1	18	81	18	80	0.001	26.9
olaTTNIg62_195	olaTTNIg115_194	27.869	61	43	1	26	86	25	84	0.001	26.6
olaTTNIg62_195	olaTTNIg28_194	24.691	81	61	0	14	94	13	93	0.001	26.6
olaTTNIg62_195	olaTTNIg10_194	22.667	75	52	1	12	80	5	79	0.002	26.2
olaTTNIg62_195	olaTTNIg80_196	30.909	55	37	1	26	80	27	80	0.002	26.2
olaTTNIg62_195	olaTTNIg9_193	30.303	33	15	1	14	38	4	36	0.002	25.8
olaTTNIg62_195	olaTTNIg97_197	24.691	81	59	2	1	80	2	81	0.003	25.8
olaTTNIg62_195	olaTTNIg4_195	31.746	63	40	2	26	86	25	86	0.003	25.8
olaTTNIg62_195	olaTTNIg69_194	29.091	55	36	1	26	80	27	78	0.006	24.6
olaTTNIg62_195	olaTTNIg12_189	29.412	51	35	1	36	86	35	84	0.007	24.6
olaTTNIg62_195	olaTTNIg59_189	34.783	46	29	1	30	75	28	72	0.007	24.6
olaTTNIg62_195	olaTTNIg2_194	27.473	91	59	3	3	93	8	91	0.008	24.6
olaTTNIg62_195	olaTTNIg39_194	23.684	76	45	2	18	93	30	92	0.013	23.9
olaTTNIg62_195	olaTTNIg25_194	22.892	83	60	3	16	95	13	94	0.014	23.9
olaTTNIg62_195	olaTTNIg37_193	29.31	58	40	1	36	93	35	91	0.02	23.5
olaTTNIg62_195	olaTTNIg20_187	39.024	41	22	2	36	75	34	72	0.029	22.7
olaTTNIg62_195	olaTTNnewIg_1104	34.286	35	17	1	4	38	11	39	0.031	22.7
olaTTNIg62_195	olaTTNIg19_391	25.926	81	54	4	14	92	11	87	0.058	21.9
olaTTNIg62_195	olaTTNIg5_198	21.311	61	48	0	20	80	19	79	0.062	21.9
olaTTNIg62_195	olaTTNIg116_195	25.424	59	43	1	22	80	21	78	0.081	21.6
olaTTNIg62_195	olaTTNIg27_192	20.29	69	54	1	12	80	10	77	0.16	20.8
olaTTNIg62_195	olaTTNIg45_192	38.462	26	14	1	61	84	59	84	0.33	20
olaTTNIg62_195	olaTTNIg92_196	26.027	73	53	1	8	80	9	80	0.33	20
olaTTNIg62_195	olaTTNIg52_188	25	56	41	1	35	90	33	87	0.44	19.6
olaTTNIg62_195	olaTTNIg18_389	27.778	54	23	2	35	88	33	70	0.67	18.9
olaTTNIg62_195	olaTTNIg34_193	20	65	51	1	16	80	15	78	0.92	18.9
olaTTNIg62_195	olaTTNIg1_196	29.412	17	12	0	21	37	20	36	1	18.5
olaTTNIg62_195	olaTTNIg23_194	23.529	51	38	1	26	76	24	73	2.1	17.7
olaTTNIg62_195	olaTTNIg15_187	26.923	26	19	0	61	86	58	83	2.3	17.7
olaTTNIg62_195	olaTTNIg26_192	20	60	48	0	36	95	32	91	3.1	17.3
olaTTNIg62_195	olaTTNIg43_297	21.212	66	50	2	11	76	11	74	5.3	16.5
olaTTNIg62_195	olaTTNIg32_194	18.421	76	60	2	14	88	13	87	5.6	16.5
olaTTNIg62_195	olaTTNIg13_189	21.622	74	41	2	19	76	1	73	6.3	16.2
olaTTNIg62_195	olaTTNIg47_188	50	10	5	0	10	19	37	46	6.4	16.2
olaTTNIg62_195	olaTTNIg16_189	50	8	4	0	30	37	29	36	9.2	15.8
olaTTNIg63_197	olaTTNIg63_197	100	97	0	0	1	97	1	97	1.34e-69	194
olaTTNIg63_197	olaTTNIg77_197	44.792	96	53	0	1	96	1	96	7.39e-26	84
olaTTNIg63_197	olaTTNIg73_197	44.792	96	53	0	1	96	1	96	5.21e-22	74.3
olaTTNIg63_197	olaTTNIg84_195	39.583	96	56	1	1	96	1	94	4.81e-20	69.3
olaTTNIg63_197	olaTTNIg72_197	36.458	96	61	0	1	96	1	96	3.01e-19	67.4
olaTTNIg63_197	olaTTNIg95_197	37.113	97	61	0	1	97	1	97	6.59e-19	66.6
olaTTNIg63_197	olaTTNIg93_194	38.947	95	56	1	2	96	1	93	7.52e-19	66.2
olaTTNIg63_197	olaTTNIg104_198	37.113	97	60	1	1	96	1	97	5.16e-18	64.3
olaTTNIg63_197	olaTTNIg74_196	38.298	94	56	1	6	97	3	96	8.45e-18	63.5
olaTTNIg63_197	olaTTNIg66_196	35.417	96	61	1	1	96	1	95	5.24e-17	61.6
olaTTNIg63_197	olaTTNIg81_193	35.789	95	58	1	2	96	1	92	3.96e-16	59.3
olaTTNIg63_197	olaTTNIg67_1104	34.066	91	53	2	14	97	14	104	1.08e-15	58.5
olaTTNIg63_197	olaTTNIg80_196	35.106	94	60	1	4	96	2	95	7.75e-15	55.8
olaTTNIg63_197	olaTTNIg75_195	36.082	97	57	2	2	96	1	94	1.32e-14	55.5
olaTTNIg63_197	olaTTNIg87_194	30.526	95	64	1	2	96	1	93	1.70e-14	55.1
olaTTNIg63_197	olaTTNIg90_195	29.167	96	66	1	1	96	1	94	2.14e-14	54.7
olaTTNIg63_197	olaTTNIg30_194	34.247	73	48	0	17	89	15	87	3.37e-14	54.3
olaTTNIg63_197	olaTTNIg98_196	33.333	96	64	0	2	97	1	96	3.56e-14	54.3
olaTTNIg63_197	olaTTNIg78_196	28.421	95	68	0	2	96	1	95	3.64e-14	54.3
olaTTNIg63_197	olaTTNIg82_196	33.684	95	63	0	2	96	1	95	4.82e-14	53.9
olaTTNIg63_197	olaTTNIg96_194	29.474	95	65	1	2	96	1	93	1.05e-13	53.1
olaTTNIg63_197	olaTTNIg71_194	33.333	96	62	1	2	97	1	94	2.21e-13	52.4
olaTTNIg63_197	olaTTNIg101_195	31.579	95	64	1	2	96	1	94	6.86e-13	50.8
olaTTNIg63_197	olaTTNIg106_196	37.5	80	50	0	18	97	17	96	1.77e-12	50.1
olaTTNIg63_197	olaTTNIg89_196	26.042	96	71	0	2	97	1	96	2.82e-12	49.3
olaTTNIg63_197	olaTTNIg88_193	34.568	81	51	1	17	97	15	93	9.01e-12	48.1
olaTTNIg63_197	olaTTNIg103_196	27.16	81	59	0	14	94	13	93	1.10e-11	47.8
olaTTNIg63_197	olaTTNIg102_195	27.083	96	68	1	1	96	1	94	1.52e-11	47.4
olaTTNIg63_197	olaTTNIg64_193	28.571	77	55	0	19	95	15	91	1.53e-11	47.4
olaTTNIg63_197	olaTTNIg107_194	30.928	97	63	2	2	97	1	94	2.02e-11	47.4
olaTTNIg63_197	olaTTNIg94_193	31.25	96	63	1	2	97	1	93	3.04e-11	46.6
olaTTNIg63_197	olaTTNIg97_197	29.63	81	57	0	17	97	17	97	5.18e-11	46.2
olaTTNIg63_197	olaTTNIg86_197	29.897	97	68	0	1	97	1	97	9.64e-11	45.4
olaTTNIg63_197	olaTTNnewIg_1104	26.923	104	67	1	2	96	1	104	1.37e-10	45.4
olaTTNIg63_197	olaTTNIg62_195	31.884	69	46	1	28	95	26	94	1.67e-10	44.7
olaTTNIg63_197	olaTTNIg105_194	28.421	95	66	1	2	96	1	93	1.76e-10	44.7
olaTTNIg63_197	olaTTNIg83_195	25.926	81	60	0	17	97	15	95	2.76e-10	44.3
olaTTNIg63_197	olaTTNIg109_193	28.866	97	64	2	2	97	1	93	2.99e-10	44.3
olaTTNIg63_197	olaTTNIg91_193	32.53	83	56	0	15	97	11	93	3.22e-10	43.9
olaTTNIg63_197	olaTTNIg10_194	30.667	75	51	1	15	88	12	86	7.82e-10	43.1
olaTTNIg63_197	olaTTNIg76_192	29.268	82	58	0	15	96	10	91	1.62e-09	42.4
olaTTNIg63_197	olaTTNIg7_195	29.07	86	59	1	11	94	7	92	1.63e-09	42.4
olaTTNIg63_197	olaTTNIg69_194	29.474	95	65	1	2	96	1	93	1.63e-09	42.4
olaTTNIg63_197	olaTTNIg70_195	24.742	97	71	1	1	97	1	95	2.25e-09	42
olaTTNIg63_197	olaTTNIg85_194	26.136	88	65	0	10	97	7	94	5.88e-09	40.8
olaTTNIg63_197	olaTTNIg79_197	31.325	83	56	1	16	97	15	97	6.49e-09	40.8
olaTTNIg63_197	olaTTNIg99_197	25.263	95	70	1	3	96	2	96	7.85e-09	40.4
olaTTNIg63_197	olaTTNIg1_196	32.143	84	55	1	11	92	8	91	8.67e-09	40.4
olaTTNIg63_197	olaTTNIg38_193	27.368	95	64	2	1	93	1	92	1.37e-08	39.7
olaTTNIg63_197	olaTTNIg100_195	25.275	91	68	0	2	92	1	91	5.02e-08	38.5
olaTTNIg63_197	olaTTNIg92_196	28.125	96	69	0	2	97	1	96	8.05e-08	37.7
olaTTNIg63_197	olaTTNIg2_194	27.174	92	64	1	1	92	1	89	1.33e-07	37.4
olaTTNIg63_197	olaTTNIg110_194	24.419	86	63	2	11	94	7	92	2.06e-07	37
olaTTNIg63_197	olaTTNIg33_195	24.419	86	65	0	12	97	9	94	2.43e-07	36.6
olaTTNIg63_197	olaTTNIg68_199	23.711	97	67	1	8	97	3	99	9.45e-07	35
olaTTNIg63_197	olaTTNIg108_193	25.641	78	58	0	9	86	5	82	1.26e-06	34.7
olaTTNIg63_197	olaTTNIg4_195	28.947	76	52	1	19	92	16	91	1.70e-06	34.3
olaTTNIg63_197	olaTTNIg27_192	27.16	81	57	1	14	92	10	90	1.75e-06	34.3
olaTTNIg63_197	olaTTNIg36_194	24.138	87	66	0	8	94	6	92	2.63e-06	33.9
olaTTNIg63_197	olaTTNIg111_1101	24.242	99	72	2	1	96	2	100	3.24e-06	33.9
olaTTNIg63_197	olaTTNIg3_195	21.212	66	52	0	19	84	16	81	6.17e-06	32.7
olaTTNIg63_197	olaTTNIg115_194	26.316	76	54	1	19	92	16	91	7.98e-06	32.7
olaTTNIg63_197	olaTTNIg113_197	31.034	87	54	3	1	84	1	84	1.20e-05	32.3
olaTTNIg63_197	olaTTNIg28_194	22.785	79	60	1	19	96	16	94	1.57e-05	32
olaTTNIg63_197	olaTTNIg116_195	23.457	81	62	0	14	94	11	91	2.05e-05	31.6
olaTTNIg63_197	olaTTNIg25_194	22.667	75	57	1	19	92	16	90	2.76e-05	31.2
olaTTNIg63_197	olaTTNIg14_188	25	76	53	1	11	86	8	79	2.93e-05	30.8
olaTTNIg63_197	olaTTNIg21_195	26.882	93	57	3	1	89	1	86	4.23e-05	30.8
olaTTNIg63_197	olaTTNIg117_196	21.053	76	60	0	19	94	16	91	4.75e-05	30.4
olaTTNIg63_197	olaTTNIg40_194	25.676	74	55	0	11	84	7	80	5.94e-05	30.4
olaTTNIg63_197	olaTTNIg5_198	22.222	90	66	2	1	89	1	87	6.06e-05	30.4
olaTTNIg63_197	olaTTNIg41_196	26.027	73	53	1	26	97	23	95	7.65e-05	30
olaTTNIg63_197	olaTTNIg46_189	34.921	63	36	1	16	78	18	75	8.67e-05	29.6
olaTTNIg63_197	olaTTNIg9_193	28.283	99	61	3	2	97	1	92	1.33e-04	29.3
olaTTNIg63_197	olaTTNIg112_198	28.333	60	43	0	35	94	36	95	2.72e-04	28.5
olaTTNIg63_197	olaTTNIg114_192	23.864	88	62	3	9	94	5	89	0.001	26.9
olaTTNIg63_197	olaTTNIg50_192	29.545	44	31	0	36	79	32	75	0.002	25.8
olaTTNIg63_197	olaTTNIg32_194	21.795	78	60	1	9	85	6	83	0.003	25.8
olaTTNIg63_197	olaTTNIg23_194	21.111	90	71	0	8	97	4	93	0.006	25
olaTTNIg63_197	olaTTNIg58_193	23.529	68	51	1	17	84	14	80	0.006	25
olaTTNIg63_197	olaTTNIg11_191	27.273	66	43	2	30	92	27	90	0.042	22.3
olaTTNIg63_197	olaTTNIg47_188	28.571	63	43	1	31	93	28	88	0.051	22.3
olaTTNIg63_197	olaTTNIg59_189	26.087	46	34	0	30	75	26	71	0.061	21.9
olaTTNIg63_197	olaTTNIg26_192	34.783	23	15	0	75	97	70	92	0.16	20.8
olaTTNIg63_197	olaTTNIg45_192	26.316	38	28	0	41	78	38	75	0.18	20.8
olaTTNIg63_197	olaTTNIg29_192	20.69	87	69	0	8	94	4	90	0.2	20.4
olaTTNIg63_197	olaTTNIg20_187	24.444	45	34	0	31	75	27	71	0.25	20.4
olaTTNIg63_197	olaTTNIg43_297	20	60	47	1	36	94	33	92	1.1	18.5
olaTTNIg63_197	olaTTNIg52_188	20.238	84	62	2	11	94	8	86	1.3	18.1
olaTTNIg63_197	olaTTNIg56_189	50	12	6	0	31	42	27	38	1.5	18.1
olaTTNIg63_197	olaTTNIg8_195	24.615	65	47	1	30	92	28	92	2.1	17.7
olaTTNIg63_197	olaTTNIg51_488	23.636	55	42	0	36	90	29	83	3	17.3
olaTTNIg63_197	olaTTNIg44_197	27.273	44	32	0	38	81	40	83	3.6	16.9
olaTTNIg63_197	olaTTNIg48_188	19.277	83	66	1	8	90	5	86	4	16.9
olaTTNIg63_197	olaTTNIg49_187	24.138	58	44	0	18	75	13	70	6.1	16.5
olaTTNIg64_193	olaTTNIg64_193	100	93	0	0	1	93	1	93	3.88e-68	190
olaTTNIg64_193	olaTTNIg103_196	29.213	89	63	0	4	92	7	95	1.95e-15	57.4
olaTTNIg64_193	olaTTNIg90_195	32.143	84	55	1	8	91	12	93	5.05e-15	56.2
olaTTNIg64_193	olaTTNIg70_195	31.522	92	62	1	1	91	2	93	8.40e-15	55.8
olaTTNIg64_193	olaTTNIg102_195	32.979	94	58	2	1	91	2	93	4.04e-14	53.9
olaTTNIg64_193	olaTTNIg100_195	30.769	78	54	0	15	92	18	95	4.17e-14	53.9
olaTTNIg64_193	olaTTNIg79_197	34.94	83	53	1	11	92	14	96	7.91e-14	53.1
olaTTNIg64_193	olaTTNIg98_196	30.851	94	62	1	1	91	1	94	1.31e-13	52.8
olaTTNIg64_193	olaTTNIg91_193	26.374	91	67	0	1	91	1	91	1.51e-13	52.4
olaTTNIg64_193	olaTTNIg96_194	33.333	90	57	2	3	91	5	92	1.81e-13	52.4
olaTTNIg64_193	olaTTNIg82_196	29.032	93	63	1	1	90	1	93	6.29e-13	50.8
olaTTNIg64_193	olaTTNIg71_194	31.765	85	56	1	7	91	10	92	7.47e-13	50.8
olaTTNIg64_193	olaTTNIg87_194	37.975	79	43	2	15	91	18	92	8.79e-13	50.4
olaTTNIg64_193	olaTTNIg107_194	34.409	93	54	3	3	92	5	93	1.04e-12	50.4
olaTTNIg64_193	olaTTNIg62_195	28.421	95	65	2	1	92	1	95	1.46e-12	50.1
olaTTNIg64_193	olaTTNIg94_193	27.473	91	66	0	1	91	1	91	2.94e-12	49.3
olaTTNIg64_193	olaTTNIg95_197	30.233	86	59	1	3	87	6	91	6.74e-12	48.5
olaTTNIg64_193	olaTTNIg72_197	30.208	96	64	1	1	93	2	97	9.93e-12	47.8
olaTTNIg64_193	olaTTNIg63_197	28.571	77	55	0	15	91	19	95	1.46e-11	47.4
olaTTNIg64_193	olaTTNIg104_198	33.333	87	58	0	5	91	10	96	1.72e-11	47.4
olaTTNIg64_193	olaTTNIg84_195	31.111	90	59	2	3	91	6	93	1.86e-11	47
olaTTNIg64_193	olaTTNIg85_194	31.25	80	55	0	12	91	13	92	4.64e-11	46.2
olaTTNIg64_193	olaTTNIg83_195	30.588	85	58	1	8	91	9	93	9.11e-11	45.4
olaTTNIg64_193	olaTTNIg97_197	31.765	85	55	1	1	82	2	86	2.03e-10	44.7
olaTTNIg64_193	olaTTNIg73_197	27.778	90	64	1	3	91	6	95	5.50e-10	43.5
olaTTNIg64_193	olaTTNIg81_193	31.111	90	58	2	3	91	5	91	6.37e-10	43.1
olaTTNIg64_193	olaTTNIg92_196	29.67	91	63	1	2	91	4	94	6.90e-10	43.1
olaTTNIg64_193	olaTTNIg66_196	35.065	77	49	1	15	91	19	94	1.31e-09	42.4
olaTTNIg64_193	olaTTNIg74_196	27.66	94	65	2	1	91	1	94	1.40e-09	42.4
olaTTNIg64_193	olaTTNIg19_391	29.73	74	44	1	14	87	22	87	2.64e-09	41.6
olaTTNIg64_193	olaTTNIg3_195	25.926	81	60	0	1	81	2	82	4.21e-09	41.2
olaTTNIg64_193	olaTTNIg77_197	28.125	64	46	0	28	91	32	95	7.78e-09	40.4
olaTTNIg64_193	olaTTNIg93_194	28.889	90	61	2	3	91	5	92	8.37e-09	40.4
olaTTNIg64_193	olaTTNIg40_194	29.63	81	57	0	1	81	1	81	8.55e-09	40.4
olaTTNIg64_193	olaTTNIg78_196	28.723	94	64	1	1	91	1	94	9.55e-09	40
olaTTNIg64_193	olaTTNIg101_195	32.895	76	50	1	15	90	18	92	1.21e-08	40
olaTTNIg64_193	olaTTNIg105_194	30.435	92	57	2	4	90	2	91	1.47e-08	39.7
olaTTNIg64_193	olaTTNIg38_193	23.457	81	62	0	1	81	2	82	1.59e-08	39.7
olaTTNIg64_193	olaTTNIg89_196	26.389	72	53	0	10	81	13	84	1.99e-08	39.3
olaTTNIg64_193	olaTTNIg1_196	25.287	87	63	1	1	85	2	88	3.89e-08	38.5
olaTTNIg64_193	olaTTNIg68_199	28	75	47	1	25	92	24	98	5.51e-08	38.1
olaTTNIg64_193	olaTTNIg67_1104	26.596	94	62	3	5	91	9	102	6.25e-08	38.1
olaTTNIg64_193	olaTTNIg36_194	27.273	88	63	1	3	90	6	92	8.33e-08	37.7
olaTTNIg64_193	olaTTNIg99_197	29.63	81	56	1	11	90	14	94	8.59e-08	37.7
olaTTNIg64_193	olaTTNIg2_194	22.826	92	71	0	1	92	2	93	9.47e-08	37.4
olaTTNIg64_193	olaTTNIg116_195	24.051	79	60	0	2	80	3	81	9.63e-08	37.4
olaTTNIg64_193	olaTTNIg76_192	25.676	74	55	0	15	88	14	87	1.13e-07	37.4
olaTTNIg64_193	olaTTNIg75_195	27.66	94	64	2	1	91	1	93	1.15e-07	37.4
olaTTNIg64_193	olaTTNIg5_198	25.263	95	68	2	1	92	2	96	1.29e-07	37.4
olaTTNIg64_193	olaTTNIg109_193	27.273	77	55	1	15	90	14	90	1.42e-07	37
olaTTNIg64_193	olaTTNIg33_195	26.744	86	63	0	6	91	7	92	1.46e-07	37
olaTTNIg64_193	olaTTNIg29_192	27.16	81	59	0	10	90	10	90	1.62e-07	37
olaTTNIg64_193	olaTTNIg117_196	23.333	90	69	0	1	90	2	91	1.74e-07	37
olaTTNIg64_193	olaTTNIg106_196	26.596	94	66	2	1	91	1	94	2.51e-07	36.6
olaTTNIg64_193	olaTTNIg69_194	25.532	94	65	2	1	91	1	92	3.45e-07	36.2
olaTTNIg64_193	olaTTNIg9_193	23.333	90	68	1	1	90	1	89	3.65e-07	35.8
olaTTNIg64_193	olaTTNIg80_196	31.25	64	44	0	28	91	31	94	6.57e-07	35.4
olaTTNIg64_193	olaTTNIg88_193	22.368	76	59	0	16	91	16	91	8.68e-07	35
olaTTNIg64_193	olaTTNIg27_192	29.63	54	38	0	28	81	28	81	2.64e-06	33.9
olaTTNIg64_193	olaTTNIg115_194	21.978	91	69	1	2	92	5	93	3.15e-06	33.5
olaTTNIg64_193	olaTTNIg30_194	23.881	67	51	0	14	80	16	82	4.65e-06	33.1
olaTTNIg64_193	olaTTNIg7_195	26.087	92	66	1	1	90	1	92	7.18e-06	32.7
olaTTNIg64_193	olaTTNIg39_194	28.814	59	42	0	32	90	34	92	1.13e-05	32
olaTTNIg64_193	olaTTNIg21_195	25	84	61	1	2	85	5	86	1.30e-05	32
olaTTNIg64_193	olaTTNIg4_195	22.785	79	59	1	12	88	13	91	1.30e-05	32
olaTTNIg64_193	olaTTNIg28_194	30.645	62	42	1	31	91	32	93	1.72e-05	31.6
olaTTNIg64_193	olaTTNIg20_187	32.653	49	33	0	31	79	31	79	2.22e-05	31.2
olaTTNIg64_193	olaTTNIg111_1101	22.5	80	59	2	13	90	20	98	3.67e-05	30.8
olaTTNIg64_193	olaTTNIg86_197	24.658	73	55	0	8	80	12	84	3.87e-05	30.8
olaTTNIg64_193	olaTTNIg46_189	27.586	58	42	0	29	86	30	87	1.17e-04	29.3
olaTTNIg64_193	olaTTNIg108_193	21.951	82	64	0	1	82	1	82	1.60e-04	28.9
olaTTNIg64_193	olaTTNIg37_193	28.261	46	33	0	45	90	46	91	2.05e-04	28.9
olaTTNIg64_193	olaTTNIg32_194	27.16	81	58	1	1	80	2	82	2.47e-04	28.5
olaTTNIg64_193	olaTTNIg44_197	20.27	74	56	1	8	78	11	84	4.94e-04	27.7
olaTTNIg64_193	olaTTNIg8_195	30.667	75	48	2	19	89	19	93	6.25e-04	27.3
olaTTNIg64_193	olaTTNIg31_193	24.528	53	40	0	31	83	32	84	8.93e-04	26.9
olaTTNIg64_193	olaTTNIg58_193	26.027	73	53	1	8	80	9	80	0.001	26.9
olaTTNIg64_193	olaTTNIg22_193	22.892	83	61	2	8	88	9	90	0.001	26.9
olaTTNIg64_193	olaTTNIg49_187	28.571	84	52	3	8	90	9	85	0.001	26.6
olaTTNIg64_193	olaTTNIg41_196	25.926	54	39	1	28	80	29	82	0.002	26.2
olaTTNIg64_193	olaTTNIg42_192	21.739	46	36	0	28	73	32	77	0.002	25.8
olaTTNIg64_193	olaTTNIg23_194	21.111	90	71	0	1	90	1	90	0.003	25.8
olaTTNIg64_193	olaTTNIg35_193	27.473	91	60	4	2	89	5	92	0.003	25.8
olaTTNIg64_193	olaTTNIg14_188	23.81	63	48	0	9	71	10	72	0.003	25.4
olaTTNIg64_193	olaTTNIg10_194	20.896	67	52	1	15	80	16	82	0.004	25.4
olaTTNIg64_193	olaTTNIg6_195	16.667	78	64	1	14	90	14	91	0.004	25.4
olaTTNIg64_193	olaTTNIg57_188	25	84	58	2	8	91	9	87	0.004	25
olaTTNIg64_193	olaTTNIg113_197	17.391	69	54	1	15	80	16	84	0.004	25
olaTTNIg64_193	olaTTNIg16_189	28.947	76	53	1	8	83	10	84	0.004	25
olaTTNIg64_193	olaTTNIg34_193	25.862	58	41	1	34	89	35	92	0.005	25
olaTTNIg64_193	olaTTNIg114_192	24.359	78	56	2	14	90	14	89	0.005	25
olaTTNIg64_193	olaTTNIg11_191	26.984	63	45	1	28	89	29	91	0.005	25
olaTTNIg64_193	olaTTNIg52_188	25	84	56	3	8	90	9	86	0.011	23.9
olaTTNIg64_193	olaTTNIg59_189	29.091	55	39	0	28	82	28	82	0.012	23.9
olaTTNIg64_193	olaTTNIg43_297	22.059	68	52	1	26	92	27	94	0.012	23.9
olaTTNIg64_193	olaTTNIg110_194	23.881	67	47	2	28	90	28	94	0.017	23.5
olaTTNIg64_193	olaTTNIg112_198	18.462	65	53	0	29	93	34	98	0.02	23.5
olaTTNIg64_193	olaTTNIg25_194	20.988	81	63	1	12	91	13	93	0.023	23.1
olaTTNIg64_193	olaTTNIg13_189	18.841	69	55	1	9	77	10	77	0.032	22.7
olaTTNIg64_193	olaTTNnewIg_1104	26.471	34	24	1	2	34	4	37	0.12	21.2
olaTTNIg64_193	olaTTNIg45_192	42.857	28	15	1	64	91	65	91	0.15	20.8
olaTTNIg64_193	olaTTNIg47_188	25.926	54	38	2	30	82	31	83	0.24	20.4
olaTTNIg64_193	olaTTNIg61_188	18.367	49	40	0	34	82	35	83	0.28	20
olaTTNIg64_193	olaTTNIg48_188	25	76	45	3	8	74	9	81	0.37	19.6
olaTTNIg64_193	olaTTNIg54_189	20.513	39	31	0	34	72	35	73	0.81	18.9
olaTTNIg64_193	olaTTNIg56_189	24.49	49	37	0	34	82	34	82	9.9	15.8
olaTTNIg66_196	olaTTNIg66_196	100	96	0	0	1	96	1	96	3.39e-69	193
olaTTNIg66_196	olaTTNIg84_195	43.158	95	53	1	1	95	1	94	2.35e-23	77.8
olaTTNIg66_196	olaTTNIg73_197	38.384	99	54	2	1	95	1	96	1.14e-21	73.6
olaTTNIg66_196	olaTTNIg69_194	38.947	95	57	1	2	96	1	94	4.44e-21	72
olaTTNIg66_196	olaTTNIg74_196	44.706	85	44	2	14	95	11	95	6.07e-21	71.6
olaTTNIg66_196	olaTTNIg93_194	39.362	94	56	1	2	95	1	93	9.62e-21	70.9
olaTTNIg66_196	olaTTNIg72_197	38.144	97	59	1	1	96	1	97	2.86e-20	69.7
olaTTNIg66_196	olaTTNIg101_195	41.489	94	55	0	2	95	1	94	1.02e-19	68.6
olaTTNIg66_196	olaTTNIg81_193	36.17	94	58	1	2	95	1	92	1.78e-19	67.8
olaTTNIg66_196	olaTTNIg77_197	37.113	97	60	1	1	96	1	97	1.21e-18	65.9
olaTTNIg66_196	olaTTNIg87_194	38.298	94	57	1	2	95	1	93	2.22e-18	65.1
olaTTNIg66_196	olaTTNIg95_197	36.458	96	60	1	1	95	1	96	6.88e-18	63.9
olaTTNIg66_196	olaTTNIg90_195	34.737	95	61	1	1	95	1	94	1.90e-17	62.8
olaTTNIg66_196	olaTTNIg105_194	35.106	94	60	1	2	95	1	93	2.16e-17	62.4
olaTTNIg66_196	olaTTNIg102_195	40	95	56	1	1	95	1	94	4.99e-17	61.6
olaTTNIg66_196	olaTTNIg63_197	35.417	96	61	1	1	95	1	96	5.18e-17	61.6
olaTTNIg66_196	olaTTNIg104_198	36.082	97	60	2	1	95	1	97	6.79e-16	58.9
olaTTNIg66_196	olaTTNIg76_192	33.333	81	53	1	17	96	12	92	9.81e-16	58.2
olaTTNIg66_196	olaTTNIg78_196	31.579	95	64	1	2	95	1	95	2.77e-15	57
olaTTNIg66_196	olaTTNIg107_194	33.333	93	61	1	2	94	1	92	3.32e-15	57
olaTTNIg66_196	olaTTNIg75_195	31.915	94	64	0	2	95	1	94	1.96e-14	55.1
olaTTNIg66_196	olaTTNIg79_197	32.632	95	62	1	2	94	1	95	2.39e-14	54.7
olaTTNIg66_196	olaTTNIg83_195	33.708	89	58	1	8	95	6	94	3.71e-14	54.3
olaTTNIg66_196	olaTTNIg67_1104	31.522	92	55	2	12	95	12	103	1.06e-13	53.1
olaTTNIg66_196	olaTTNIg80_196	33.684	95	61	2	4	96	2	96	1.48e-13	52.8
olaTTNIg66_196	olaTTNIg98_196	31.579	95	64	1	2	95	1	95	1.84e-13	52.4
olaTTNIg66_196	olaTTNIg82_196	32.292	96	64	1	2	96	1	96	2.12e-13	52.4
olaTTNIg66_196	olaTTNnewIg_1104	29.808	104	63	2	2	95	1	104	2.52e-13	52.4
olaTTNIg66_196	olaTTNIg94_193	35.294	85	54	1	12	95	8	92	1.04e-12	50.4
olaTTNIg66_196	olaTTNIg70_195	32.99	97	60	3	1	95	1	94	1.30e-12	50.1
olaTTNIg66_196	olaTTNIg89_196	29.474	95	66	1	2	95	1	95	2.17e-12	49.7
olaTTNIg66_196	olaTTNIg96_194	31.915	94	63	1	2	95	1	93	2.42e-12	49.7
olaTTNIg66_196	olaTTNIg71_194	30.851	94	64	1	2	95	1	93	4.48e-12	48.9
olaTTNIg66_196	olaTTNIg103_196	25.806	93	68	1	2	93	1	93	1.58e-11	47.4
olaTTNIg66_196	olaTTNIg91_193	32.941	85	56	1	12	95	8	92	5.38e-11	46.2
olaTTNIg66_196	olaTTNIg40_194	33.333	90	58	2	5	93	2	90	8.61e-11	45.4
olaTTNIg66_196	olaTTNIg23_194	30.864	81	55	1	14	93	10	90	1.95e-10	44.7
olaTTNIg66_196	olaTTNIg99_197	30.851	94	63	2	4	95	3	96	2.35e-10	44.3
olaTTNIg66_196	olaTTNIg86_197	30.928	97	64	2	1	95	1	96	3.97e-10	43.9
olaTTNIg66_196	olaTTNIg92_196	31.579	95	64	1	2	95	1	95	4.24e-10	43.9
olaTTNIg66_196	olaTTNIg88_193	34.783	69	44	1	28	95	24	92	4.55e-10	43.5
olaTTNIg66_196	olaTTNIg36_194	31.25	80	54	1	15	93	13	92	5.00e-10	43.5
olaTTNIg66_196	olaTTNIg117_196	31.579	76	51	1	19	93	16	91	8.97e-10	43.1
olaTTNIg66_196	olaTTNIg64_193	35.065	77	49	1	19	94	15	91	1.35e-09	42.4
olaTTNIg66_196	olaTTNIg109_193	30.769	91	61	2	7	95	2	92	1.43e-09	42.4
olaTTNIg66_196	olaTTNIg97_197	28.235	85	58	2	3	84	1	85	3.99e-09	41.2
olaTTNIg66_196	olaTTNIg62_195	31.395	86	57	1	11	94	9	94	4.36e-09	41.2
olaTTNIg66_196	olaTTNIg3_195	23.881	67	50	1	19	84	16	82	3.70e-08	38.9
olaTTNIg66_196	olaTTNIg110_194	29.67	91	60	2	6	93	3	92	6.12e-08	38.1
olaTTNIg66_196	olaTTNIg2_194	30.667	75	47	2	16	87	13	85	1.08e-07	37.4
olaTTNIg66_196	olaTTNIg1_196	28.767	73	47	2	19	87	16	87	1.39e-07	37.4
olaTTNIg66_196	olaTTNIg68_199	25.743	101	63	3	2	94	1	97	1.60e-07	37
olaTTNIg66_196	olaTTNIg116_195	29.333	75	52	1	14	87	11	85	2.22e-07	36.6
olaTTNIg66_196	olaTTNIg41_196	33.333	60	38	1	26	83	23	82	2.28e-07	36.6
olaTTNIg66_196	olaTTNIg108_193	33.784	74	42	3	22	90	14	85	2.36e-07	36.6
olaTTNIg66_196	olaTTNIg111_1101	25	80	58	1	19	96	22	101	2.83e-07	36.6
olaTTNIg66_196	olaTTNIg33_195	29.114	79	55	1	18	95	15	93	3.57e-07	36.2
olaTTNIg66_196	olaTTNIg106_196	25.532	94	69	1	2	94	1	94	6.82e-07	35.4
olaTTNIg66_196	olaTTNIg5_198	30.928	97	58	5	1	93	1	92	7.19e-07	35.4
olaTTNIg66_196	olaTTNIg85_194	27.059	85	61	1	12	95	9	93	8.16e-07	35
olaTTNIg66_196	olaTTNIg7_195	25	92	65	2	5	93	2	92	9.31e-07	35
olaTTNIg66_196	olaTTNIg21_195	26.761	71	51	1	18	87	15	85	1.22e-06	34.7
olaTTNIg66_196	olaTTNIg10_194	24.658	73	53	1	19	89	16	88	2.33e-06	33.9
olaTTNIg66_196	olaTTNIg100_195	28.571	84	54	3	12	91	10	91	2.89e-06	33.9
olaTTNIg66_196	olaTTNIg30_194	24.468	94	68	2	1	93	1	92	4.97e-06	33.1
olaTTNIg66_196	olaTTNIg114_192	27.5	80	54	3	16	93	12	89	5.24e-06	33.1
olaTTNIg66_196	olaTTNIg39_194	25.974	77	56	1	18	93	16	92	7.47e-06	32.7
olaTTNIg66_196	olaTTNIg55_190	29.412	85	57	3	1	84	1	83	1.00e-05	32.3
olaTTNIg66_196	olaTTNIg113_197	23.457	81	56	2	19	94	16	95	1.10e-05	32.3
olaTTNIg66_196	olaTTNIg25_194	24.719	89	62	4	1	87	1	86	1.43e-05	32
olaTTNIg66_196	olaTTNIg6_195	23.529	68	48	2	19	83	15	81	1.66e-05	31.6
olaTTNIg66_196	olaTTNIg115_194	26.316	76	55	1	19	93	16	91	1.83e-05	31.6
olaTTNIg66_196	olaTTNIg59_189	39.13	46	27	1	30	74	26	71	2.56e-05	31.2
olaTTNIg66_196	olaTTNIg52_188	38.095	42	25	1	34	74	30	71	7.53e-05	30
olaTTNIg66_196	olaTTNIg29_192	31.148	61	41	1	36	95	32	92	1.18e-04	29.3
olaTTNIg66_196	olaTTNIg27_192	27.059	85	57	3	14	95	10	92	2.28e-04	28.5
olaTTNIg66_196	olaTTNIg27_192	34.483	29	18	1	2	30	28	55	6.9	16.2
olaTTNIg66_196	olaTTNIg49_187	29.412	51	34	2	36	84	31	81	3.86e-04	28.1
olaTTNIg66_196	olaTTNIg9_193	22.667	75	58	0	19	93	15	89	4.89e-04	27.7
olaTTNIg66_196	olaTTNIg43_297	28.571	42	29	1	36	76	33	74	0.001	26.9
olaTTNIg66_196	olaTTNIg61_188	29.825	57	35	2	35	88	32	86	0.001	26.6
olaTTNIg66_196	olaTTNIg35_193	27.273	66	47	1	19	83	16	81	0.002	26.2
olaTTNIg66_196	olaTTNIg37_193	23.404	94	68	3	1	93	1	91	0.002	25.8
olaTTNIg66_196	olaTTNIg32_194	22.68	97	70	4	1	95	1	94	0.003	25.8
olaTTNIg66_196	olaTTNIg34_193	27.778	72	49	2	24	94	21	90	0.004	25
olaTTNIg66_196	olaTTNIg57_188	28	50	35	1	26	74	22	71	0.005	25
olaTTNIg66_196	olaTTNIg42_192	28.571	56	38	2	32	85	32	87	0.006	24.6
olaTTNIg66_196	olaTTNIg4_195	23.881	67	48	1	28	91	25	91	0.007	24.6
olaTTNIg66_196	olaTTNIg56_189	27.586	58	40	2	20	76	17	73	0.015	23.9
olaTTNIg66_196	olaTTNIg14_188	25.926	54	39	1	24	76	21	74	0.015	23.5
olaTTNIg66_196	olaTTNIg58_193	26.786	56	40	1	29	83	25	80	0.033	22.7
olaTTNIg66_196	olaTTNIg60_187	38.889	36	20	2	36	70	32	66	0.039	22.3
olaTTNIg66_196	olaTTNIg46_189	31.818	44	29	1	34	76	31	74	0.11	21.2
olaTTNIg66_196	olaTTNIg50_192	25.455	55	40	1	27	80	23	77	0.16	20.8
olaTTNIg66_196	olaTTNIg44_197	22.353	85	61	3	1	81	1	84	0.17	20.8
olaTTNIg66_196	olaTTNIg28_194	24.194	62	45	1	36	95	33	94	0.18	20.8
olaTTNIg66_196	olaTTNIg13_189	25	76	55	2	14	88	11	85	0.24	20.4
olaTTNIg66_196	olaTTNIg47_188	27.419	62	38	3	34	92	31	88	0.66	19.2
olaTTNIg66_196	olaTTNIg19_391	29.032	31	20	1	46	76	45	73	2.6	17.3
olaTTNIg66_196	olaTTNIg54_189	33.333	18	12	0	30	47	27	44	2.8	17.3
olaTTNIg66_196	olaTTNIg20_187	46.667	15	8	0	10	24	35	49	7.8	16.2
olaTTNIg67_1104	olaTTNIg67_1104	100	104	0	0	1	104	1	104	5.14e-77	214
olaTTNIg67_1104	olaTTNIg89_196	38.298	94	51	2	11	104	10	96	7.51e-16	58.9
olaTTNIg67_1104	olaTTNIg63_197	34.066	91	53	2	14	104	14	97	1.16e-15	58.5
olaTTNIg67_1104	olaTTNIg74_196	37.363	91	52	1	14	104	11	96	8.75e-15	56.2
olaTTNIg67_1104	olaTTNIg83_195	34.409	93	54	2	12	104	10	95	1.60e-14	55.5
olaTTNIg67_1104	olaTTNIg73_197	33.696	92	54	2	12	103	12	96	1.09e-13	53.5
olaTTNIg67_1104	olaTTNIg66_196	31.522	92	55	2	12	103	12	95	1.15e-13	53.1
olaTTNIg67_1104	olaTTNIg72_197	33.333	90	53	2	14	103	14	96	1.08e-12	50.8
olaTTNIg67_1104	olaTTNIg98_196	23.656	93	64	1	12	104	11	96	2.48e-12	49.7
olaTTNIg67_1104	olaTTNIg87_194	28.889	90	55	1	14	103	13	93	3.35e-12	49.3
olaTTNIg67_1104	olaTTNIg82_196	30.612	98	61	2	6	103	5	95	6.45e-12	48.9
olaTTNIg67_1104	olaTTNIg105_194	34.066	91	51	2	13	103	12	93	7.18e-12	48.5
olaTTNIg67_1104	olaTTNIg88_193	31.25	96	57	3	9	104	7	93	1.06e-11	48.1
olaTTNIg67_1104	olaTTNIg95_197	31.522	92	56	1	13	104	13	97	1.92e-11	47.4
olaTTNIg67_1104	olaTTNIg76_192	28.866	97	62	2	7	103	2	91	2.27e-11	47.4
olaTTNIg67_1104	olaTTNIg77_197	27.778	90	58	1	14	103	14	96	2.95e-11	47
olaTTNIg67_1104	olaTTNIg81_193	29.67	91	54	1	13	103	12	92	2.99e-11	47
olaTTNIg67_1104	olaTTNIg91_193	31.183	93	57	2	12	104	8	93	5.06e-11	46.2
olaTTNIg67_1104	olaTTNIg103_196	30.769	91	56	2	14	104	13	96	1.25e-10	45.4
olaTTNIg67_1104	olaTTNIg90_195	28.889	90	55	1	14	103	14	94	1.95e-10	45.1
olaTTNIg67_1104	olaTTNIg93_194	32.222	90	52	2	14	103	13	93	3.29e-10	44.3
olaTTNIg67_1104	olaTTNIg94_193	26.882	93	61	1	12	104	8	93	3.47e-10	44.3
olaTTNIg67_1104	olaTTNIg2_194	26.966	89	56	2	4	92	3	82	4.58e-10	43.9
olaTTNIg67_1104	olaTTNIg96_194	31.111	90	53	2	14	103	13	93	6.37e-10	43.5
olaTTNIg67_1104	olaTTNIg86_197	30.769	104	64	2	1	104	2	97	9.31e-10	43.1
olaTTNIg67_1104	olaTTNIg107_194	29.032	93	57	1	12	104	11	94	1.05e-09	43.1
olaTTNIg67_1104	olaTTNIg71_194	29.07	86	52	1	19	104	18	94	2.19e-09	42
olaTTNIg67_1104	olaTTNIg109_193	27.586	87	55	3	19	104	14	93	2.20e-09	42
olaTTNIg67_1104	olaTTNIg41_196	32.927	82	48	3	11	92	9	83	4.41e-09	41.6
olaTTNIg67_1104	olaTTNIg84_195	28.889	90	55	2	14	103	14	94	4.42e-09	41.2
olaTTNIg67_1104	olaTTNIg92_196	33.333	93	55	2	12	104	11	96	4.70e-09	41.2
olaTTNIg67_1104	olaTTNIg62_195	28.431	102	65	3	1	102	1	94	6.61e-09	40.8
olaTTNIg67_1104	olaTTNIg100_195	29.348	92	57	4	9	99	8	92	7.28e-09	40.8
olaTTNIg67_1104	olaTTNIg68_199	27.358	106	68	3	1	104	1	99	7.67e-09	40.8
olaTTNIg67_1104	olaTTNIg116_195	28.916	83	52	2	10	92	7	82	1.97e-08	39.7
olaTTNIg67_1104	olaTTNnewIg_1104	31.461	89	59	2	17	103	16	104	2.26e-08	39.7
olaTTNIg67_1104	olaTTNIg69_194	31.111	90	53	1	14	103	13	93	3.18e-08	39.3
olaTTNIg67_1104	olaTTNIg80_196	28.571	91	57	2	14	103	12	95	5.31e-08	38.5
olaTTNIg67_1104	olaTTNIg3_195	22.368	76	52	1	16	91	13	81	6.79e-08	38.1
olaTTNIg67_1104	olaTTNIg64_193	26.596	94	62	3	9	102	5	91	6.98e-08	38.1
olaTTNIg67_1104	olaTTNIg106_196	27.473	91	59	2	14	104	13	96	7.21e-08	38.1
olaTTNIg67_1104	olaTTNIg97_197	26.263	99	66	2	6	104	6	97	7.82e-08	38.1
olaTTNIg67_1104	olaTTNIg102_195	24.272	103	68	2	1	103	2	94	2.56e-07	36.6
olaTTNIg67_1104	olaTTNIg10_194	28.205	78	50	1	15	92	12	83	5.84e-07	35.8
olaTTNIg67_1104	olaTTNIg85_194	24.731	93	63	2	12	104	9	94	5.90e-07	35.8
olaTTNIg67_1104	olaTTNIg75_195	30.108	93	51	3	14	103	13	94	6.80e-07	35.8
olaTTNIg67_1104	olaTTNIg104_198	29.032	93	59	1	11	103	12	97	7.07e-07	35.8
olaTTNIg67_1104	olaTTNIg5_198	27.586	87	55	3	16	101	13	92	1.44e-06	34.7
olaTTNIg67_1104	olaTTNIg21_195	26.582	79	51	1	15	93	12	83	2.29e-06	34.3
olaTTNIg67_1104	olaTTNIg70_195	25	92	60	2	14	104	12	95	2.82e-06	33.9
olaTTNIg67_1104	olaTTNIg9_193	25	88	58	1	14	101	10	89	3.48e-06	33.9
olaTTNIg67_1104	olaTTNIg79_197	23.596	89	62	2	16	104	15	97	3.85e-06	33.5
olaTTNIg67_1104	olaTTNIg40_194	30.682	88	54	2	14	101	10	90	4.44e-06	33.5
olaTTNIg67_1104	olaTTNIg101_195	26.667	90	58	1	14	103	13	94	7.91e-06	32.7
olaTTNIg67_1104	olaTTNIg4_195	24	75	52	1	18	92	15	84	1.41e-05	32
olaTTNIg67_1104	olaTTNIg78_196	25	88	59	2	16	103	15	95	1.51e-05	32
olaTTNIg67_1104	olaTTNIg33_195	25.263	95	64	2	10	104	7	94	2.77e-05	31.2
olaTTNIg67_1104	olaTTNIg1_196	19.512	82	61	1	12	93	9	85	4.95e-05	30.8
olaTTNIg67_1104	olaTTNIg7_195	22.727	88	63	1	14	101	10	92	6.20e-05	30.4
olaTTNIg67_1104	olaTTNIg117_196	19.54	87	63	1	15	101	12	91	6.52e-04	27.7
olaTTNIg67_1104	olaTTNIg114_192	23.457	81	54	2	13	93	9	81	7.55e-04	27.3
olaTTNIg67_1104	olaTTNIg115_194	17.568	74	54	1	19	92	16	82	0.002	26.2
olaTTNIg67_1104	olaTTNIg25_194	24.675	77	52	1	16	92	13	83	0.002	26.2
olaTTNIg67_1104	olaTTNIg111_1101	22.826	92	63	2	13	103	16	100	0.003	25.8
olaTTNIg67_1104	olaTTNIg32_194	26.667	75	45	2	13	77	10	84	0.004	25.4
olaTTNIg67_1104	olaTTNIg99_197	20.779	77	54	1	16	92	15	84	0.004	25.4
olaTTNIg67_1104	olaTTNIg23_194	22.785	79	54	1	14	92	10	81	0.009	24.6
olaTTNIg67_1104	olaTTNIg36_194	19.481	77	55	1	16	92	14	83	0.013	23.9
olaTTNIg67_1104	olaTTNIg108_193	19.512	82	59	1	12	93	8	82	0.018	23.5
olaTTNIg67_1104	olaTTNIg113_197	25	60	41	1	32	91	29	84	0.022	23.5
olaTTNIg67_1104	olaTTNIg110_194	21.505	93	59	3	9	101	14	92	0.027	23.1
olaTTNIg67_1104	olaTTNIg6_195	14.118	85	67	1	9	93	5	83	0.028	23.1
olaTTNIg67_1104	olaTTNIg42_192	19.048	84	60	2	3	86	4	79	0.031	23.1
olaTTNIg67_1104	olaTTNIg61_188	20.69	58	39	2	36	93	33	83	0.041	22.7
olaTTNIg67_1104	olaTTNIg30_194	20.253	79	54	4	13	89	10	81	0.043	22.7
olaTTNIg67_1104	olaTTNIg38_193	24.658	73	48	2	19	91	16	81	0.065	21.9
olaTTNIg67_1104	olaTTNIg20_187	26.316	57	35	2	2	56	1	52	0.086	21.6
olaTTNIg67_1104	olaTTNIg44_197	23.077	52	33	1	37	88	39	83	0.087	21.9
olaTTNIg67_1104	olaTTNIg39_194	20.879	91	65	1	11	101	9	92	0.12	21.2
olaTTNIg67_1104	olaTTNIg14_188	20.548	73	47	2	15	85	12	75	0.15	21.2
olaTTNIg67_1104	olaTTNIg22_193	21.429	56	37	1	36	91	32	80	0.35	20
olaTTNIg67_1104	olaTTNIg55_190	29.412	51	29	2	36	86	34	77	4.9	16.9
olaTTNIg67_1104	olaTTNIg46_189	26.667	30	22	0	75	104	50	79	5.2	16.5
olaTTNnewIg_1104	olaTTNnewIg_1104	100	104	0	0	1	104	1	104	4.11e-75	209
olaTTNnewIg_1104	olaTTNIg75_195	35.577	104	57	2	1	104	1	94	6.94e-18	63.9
olaTTNnewIg_1104	olaTTNIg81_193	33.333	105	56	2	1	104	1	92	1.15e-14	55.8
olaTTNnewIg_1104	olaTTNIg87_194	30.769	104	61	2	1	104	1	93	1.38e-13	53.1
olaTTNnewIg_1104	olaTTNIg78_196	27.885	104	66	2	1	104	1	95	1.65e-13	52.8
olaTTNnewIg_1104	olaTTNIg73_197	33.654	104	60	2	1	104	2	96	2.56e-13	52.4
olaTTNnewIg_1104	olaTTNIg66_196	29.808	104	63	2	1	104	2	95	2.73e-13	52.4
olaTTNnewIg_1104	olaTTNIg69_194	34.615	104	57	2	1	104	1	93	4.53e-13	51.6
olaTTNnewIg_1104	olaTTNIg96_194	28.846	104	63	1	1	104	1	93	1.31e-12	50.4
olaTTNnewIg_1104	olaTTNIg72_197	27.885	104	66	3	1	104	2	96	4.48e-12	49.3
olaTTNnewIg_1104	olaTTNIg74_196	29.703	101	64	1	4	104	2	95	5.61e-12	48.9
olaTTNnewIg_1104	olaTTNIg84_195	29.808	104	62	2	1	104	2	94	7.03e-12	48.5
olaTTNnewIg_1104	olaTTNIg101_195	29.808	104	63	2	1	104	1	94	6.82e-11	46.2
olaTTNnewIg_1104	olaTTNIg71_194	33.654	104	58	2	1	104	1	93	8.55e-11	45.8
olaTTNnewIg_1104	olaTTNIg93_194	27.885	104	64	2	1	104	1	93	1.28e-10	45.4
olaTTNnewIg_1104	olaTTNIg63_197	26.923	104	67	1	1	104	2	96	1.47e-10	45.4
olaTTNnewIg_1104	olaTTNIg86_197	29.808	104	64	2	1	104	2	96	1.86e-10	45.1
olaTTNnewIg_1104	olaTTNIg77_197	27.885	104	66	2	1	104	2	96	4.37e-10	43.9
olaTTNnewIg_1104	olaTTNIg95_197	26.923	104	67	1	1	104	2	96	5.76e-10	43.9
olaTTNnewIg_1104	olaTTNIg104_198	30.337	89	53	2	16	104	18	97	9.29e-10	43.1
olaTTNnewIg_1104	olaTTNIg102_195	25	104	67	2	1	104	2	94	1.18e-09	42.7
olaTTNnewIg_1104	olaTTNIg107_194	24.272	103	67	1	1	103	1	92	1.29e-09	42.7
olaTTNnewIg_1104	olaTTNIg105_194	31.068	103	56	4	6	104	2	93	5.14e-09	41.2
olaTTNnewIg_1104	olaTTNIg70_195	29.808	104	62	4	1	104	2	94	6.75e-09	40.8
olaTTNnewIg_1104	olaTTNIg94_193	30.526	95	55	2	11	104	8	92	9.04e-09	40.4
olaTTNnewIg_1104	olaTTNIg80_196	31.731	104	59	3	3	104	2	95	1.14e-08	40.4
olaTTNnewIg_1104	olaTTNIg1_196	30.588	85	52	3	18	102	16	93	1.29e-08	40
olaTTNnewIg_1104	olaTTNIg103_196	26.214	103	65	2	1	102	1	93	2.01e-08	39.7
olaTTNnewIg_1104	olaTTNIg89_196	26.923	104	67	2	1	104	1	95	2.23e-08	39.7
olaTTNnewIg_1104	olaTTNIg67_1104	31.461	89	59	2	16	104	17	103	2.26e-08	39.7
olaTTNnewIg_1104	olaTTNIg68_199	24.51	102	65	2	7	103	3	97	5.42e-08	38.5
olaTTNnewIg_1104	olaTTNIg98_196	27.885	104	66	3	1	104	1	95	5.78e-08	38.5
olaTTNnewIg_1104	olaTTNIg83_195	25.962	104	67	4	1	104	1	94	2.85e-07	36.6
olaTTNnewIg_1104	olaTTNIg6_195	28.09	89	54	4	15	102	12	91	8.48e-07	35.4
olaTTNnewIg_1104	olaTTNIg88_193	28.261	92	55	4	13	104	12	92	5.68e-06	33.1
olaTTNnewIg_1104	olaTTNIg25_194	27.848	79	45	2	27	103	25	93	9.30e-06	32.7
olaTTNnewIg_1104	olaTTNIg99_197	23.864	88	58	2	6	93	6	84	1.31e-05	32.3
olaTTNnewIg_1104	olaTTNIg91_193	26.415	106	62	4	1	104	1	92	2.12e-05	31.6
olaTTNnewIg_1104	olaTTNIg79_197	26.582	79	50	2	16	94	16	86	3.16e-05	31.2
olaTTNnewIg_1104	olaTTNIg109_193	22	100	68	2	6	104	2	92	5.38e-05	30.4
olaTTNnewIg_1104	olaTTNIg82_196	27.273	77	47	1	16	92	16	83	5.44e-05	30.4
olaTTNnewIg_1104	olaTTNIg90_195	26.984	63	42	1	1	59	2	64	6.13e-05	30.4
olaTTNnewIg_1104	olaTTNIg97_197	25.532	94	61	2	10	103	11	95	1.14e-04	29.6
olaTTNnewIg_1104	olaTTNIg76_192	20	90	61	2	16	104	12	91	1.37e-04	29.3
olaTTNnewIg_1104	olaTTNIg92_196	27.027	37	27	0	1	37	1	37	2.75e-04	28.5
olaTTNnewIg_1104	olaTTNIg111_1101	26.136	88	55	2	18	104	22	100	2.97e-04	28.5
olaTTNnewIg_1104	olaTTNIg3_195	22.667	75	49	1	18	92	16	81	3.92e-04	28.1
olaTTNnewIg_1104	olaTTNIg32_194	25.287	87	57	1	18	104	16	94	4.94e-04	28.1
olaTTNnewIg_1104	olaTTNIg116_195	22.222	90	61	1	13	102	11	91	0.001	26.9
olaTTNnewIg_1104	olaTTNIg26_192	29.487	78	47	2	26	103	21	90	0.001	26.9
olaTTNnewIg_1104	olaTTNIg24_194	24.706	85	55	4	18	102	15	90	0.001	26.9
olaTTNnewIg_1104	olaTTNIg7_195	23.333	90	56	3	16	102	13	92	0.002	26.6
olaTTNnewIg_1104	olaTTNIg106_196	26.829	41	30	0	1	41	1	41	0.003	25.8
olaTTNnewIg_1104	olaTTNIg115_194	26.19	42	27	2	1	42	2	39	0.003	25.8
olaTTNnewIg_1104	olaTTNIg36_194	24.051	79	49	3	16	93	15	83	0.004	25.4
olaTTNnewIg_1104	olaTTNIg9_193	24.286	70	43	3	18	80	15	81	0.005	25
olaTTNnewIg_1104	olaTTNIg38_193	23.864	88	58	4	15	102	13	91	0.009	24.3
olaTTNnewIg_1104	olaTTNIg108_193	22.989	87	58	2	11	97	8	85	0.01	24.3
olaTTNnewIg_1104	olaTTNIg2_194	27.16	81	45	5	16	88	14	88	0.011	24.3
olaTTNnewIg_1104	olaTTNIg23_194	24.444	90	53	4	16	102	13	90	0.012	24.3
olaTTNnewIg_1104	olaTTNIg113_197	20.93	86	62	1	18	103	16	95	0.013	24.3
olaTTNnewIg_1104	olaTTNIg5_198	36	25	15	1	18	42	16	39	0.021	23.5
olaTTNnewIg_1104	olaTTNIg62_195	34.286	35	17	1	11	39	4	38	0.034	22.7
olaTTNnewIg_1104	olaTTNIg33_195	42.308	26	14	1	17	42	15	39	0.039	22.7
olaTTNnewIg_1104	olaTTNIg114_192	37.931	29	15	2	15	43	12	37	0.042	22.7
olaTTNnewIg_1104	olaTTNIg100_195	18.269	104	74	2	1	103	1	94	0.044	22.7
olaTTNnewIg_1104	olaTTNIg39_194	19.767	86	60	1	17	102	16	92	0.05	22.3
olaTTNnewIg_1104	olaTTNIg21_195	33.333	21	14	0	17	37	15	35	0.059	22.3
olaTTNnewIg_1104	olaTTNIg85_194	37.5	24	15	0	81	104	70	93	0.059	22.3
olaTTNnewIg_1104	olaTTNIg117_196	21.839	87	55	3	18	102	16	91	0.099	21.6
olaTTNnewIg_1104	olaTTNIg64_193	26.471	34	24	1	4	37	2	34	0.13	21.2
olaTTNnewIg_1104	olaTTNIg30_194	20.833	24	19	0	16	39	15	38	0.15	21.2
olaTTNnewIg_1104	olaTTNIg34_193	53.333	15	7	0	78	92	67	81	0.24	20.4
olaTTNnewIg_1104	olaTTNIg4_195	35	20	13	0	18	37	16	35	0.36	20
olaTTNnewIg_1104	olaTTNIg22_193	32.143	28	19	0	65	92	53	80	0.41	20
olaTTNnewIg_1104	olaTTNIg40_194	22	100	39	3	18	102	15	90	0.63	19.2
olaTTNnewIg_1104	olaTTNIg20_187	28.788	66	36	5	34	97	31	87	0.69	19.2
olaTTNnewIg_1104	olaTTNIg41_196	45	20	10	1	18	37	17	35	0.8	18.9
olaTTNnewIg_1104	olaTTNIg47_188	56.25	16	6	1	22	37	21	35	1.1	18.5
olaTTNnewIg_1104	olaTTNIg110_194	36.364	11	7	0	27	37	24	34	3.4	17.3
olaTTNnewIg_1104	olaTTNIg27_192	32	25	17	0	80	104	68	92	4.4	16.9
olaTTNIg68_199	olaTTNIg68_199	100	99	0	0	1	99	1	99	8.14e-76	210
olaTTNIg68_199	olaTTNIg81_193	33.684	95	53	2	3	97	7	91	4.00e-14	54.3
olaTTNIg68_199	olaTTNIg74_196	28.866	97	64	1	3	99	5	96	9.47e-12	48.1
olaTTNIg68_199	olaTTNIg71_194	31.395	86	50	2	14	99	18	94	9.79e-12	48.1
olaTTNIg68_199	olaTTNIg73_197	28.125	96	60	2	3	97	8	95	1.83e-10	44.7
olaTTNIg68_199	olaTTNIg72_197	31.683	101	58	4	1	97	2	95	3.32e-10	44.3
olaTTNIg68_199	olaTTNIg98_196	27.184	103	64	4	1	99	1	96	2.11e-09	42
olaTTNIg68_199	olaTTNIg76_192	26.042	96	64	1	1	96	1	89	2.45e-09	42
olaTTNIg68_199	olaTTNIg107_194	26.804	97	62	2	3	99	7	94	2.57e-09	42
olaTTNIg68_199	olaTTNIg95_197	28.736	87	55	2	3	89	8	87	2.69e-09	42
olaTTNIg68_199	olaTTNIg77_197	29.126	103	58	4	1	97	2	95	3.33e-09	41.6
olaTTNIg68_199	olaTTNIg88_193	26.19	84	55	1	16	99	17	93	5.04e-09	41.2
olaTTNIg68_199	olaTTNIg84_195	26.531	98	57	2	3	97	8	93	6.21e-09	40.8
olaTTNIg68_199	olaTTNIg67_1104	27.358	106	68	3	1	99	1	104	7.30e-09	40.8
olaTTNIg68_199	olaTTNIg87_194	27.66	94	59	2	4	97	8	92	1.09e-08	40
olaTTNIg68_199	olaTTNIg105_194	29	100	58	3	1	96	1	91	1.13e-08	40
olaTTNIg68_199	olaTTNIg82_196	29.333	75	46	1	12	86	16	83	1.16e-08	40
olaTTNIg68_199	olaTTNIg78_196	27.059	85	55	1	2	86	6	83	1.58e-08	39.7
olaTTNIg68_199	olaTTNIg69_194	29.412	102	57	3	1	97	1	92	1.98e-08	39.7
olaTTNIg68_199	olaTTNIg83_195	30.337	89	53	2	12	99	15	95	2.58e-08	39.3
olaTTNIg68_199	olaTTNIg75_195	25.532	94	62	1	4	97	8	93	3.51e-08	38.9
olaTTNIg68_199	olaTTNIg89_196	29.07	86	54	1	14	99	18	96	4.80e-08	38.5
olaTTNIg68_199	olaTTNIg2_194	26.744	86	56	1	13	98	15	93	4.83e-08	38.5
olaTTNIg68_199	olaTTNnewIg_1104	24.51	102	65	2	3	97	7	103	5.16e-08	38.5
olaTTNIg68_199	olaTTNIg64_193	28	75	47	1	24	98	25	92	5.87e-08	38.1
olaTTNIg68_199	olaTTNIg94_193	24.752	101	66	4	1	99	1	93	6.74e-08	38.1
olaTTNIg68_199	olaTTNIg93_194	24.752	101	63	2	1	97	1	92	1.10e-07	37.7
olaTTNIg68_199	olaTTNIg66_196	25.743	101	63	3	1	97	2	94	1.65e-07	37
olaTTNIg68_199	olaTTNIg39_194	27.473	91	59	2	6	96	9	92	1.97e-07	37
olaTTNIg68_199	olaTTNIg96_194	24.211	95	63	2	3	97	7	92	3.45e-07	36.2
olaTTNIg68_199	olaTTNIg104_198	26.882	93	61	1	5	97	11	96	6.71e-07	35.4
olaTTNIg68_199	olaTTNIg63_197	23.711	97	67	1	3	99	8	97	9.64e-07	35
olaTTNIg68_199	olaTTNIg70_195	24.272	103	65	3	1	99	2	95	1.07e-06	35
olaTTNIg68_199	olaTTNIg103_196	23.404	94	65	1	6	99	10	96	1.67e-06	34.7
olaTTNIg68_199	olaTTNIg41_196	25.926	81	50	2	18	96	20	92	1.73e-06	34.3
olaTTNIg68_199	olaTTNIg62_195	25.743	101	66	2	1	98	1	95	1.87e-06	34.3
olaTTNIg68_199	olaTTNIg5_198	23.81	84	58	1	13	96	15	92	2.67e-06	33.9
olaTTNIg68_199	olaTTNIg80_196	25	96	62	3	4	97	7	94	2.97e-06	33.9
olaTTNIg68_199	olaTTNIg90_195	28.723	94	58	3	4	97	9	93	5.37e-06	33.1
olaTTNIg68_199	olaTTNIg102_195	27.907	86	53	2	12	97	17	93	9.14e-06	32.3
olaTTNIg68_199	olaTTNIg86_197	23.256	86	55	2	4	87	9	85	1.28e-05	32
olaTTNIg68_199	olaTTNIg79_197	23.301	103	69	2	1	99	1	97	1.31e-05	32
olaTTNIg68_199	olaTTNIg99_197	28.916	83	51	3	14	96	18	92	1.44e-05	32
olaTTNIg68_199	olaTTNIg33_195	27.835	97	53	3	12	99	6	94	2.33e-05	31.6
olaTTNIg68_199	olaTTNIg111_1101	24.176	91	61	2	7	96	15	98	2.55e-05	31.6
olaTTNIg68_199	olaTTNIg91_193	19.767	86	62	1	14	99	15	93	3.61e-05	30.8
olaTTNIg68_199	olaTTNIg97_197	23.256	86	59	1	14	99	19	97	5.04e-05	30.4
olaTTNIg68_199	olaTTNIg101_195	23.81	105	58	3	1	96	1	92	6.23e-05	30.4
olaTTNIg68_199	olaTTNIg100_195	19.608	102	71	2	1	98	1	95	6.63e-05	30
olaTTNIg68_199	olaTTNIg3_195	24.706	85	55	3	13	96	15	91	1.01e-04	29.6
olaTTNIg68_199	olaTTNIg3_195	55.556	9	4	0	59	67	84	92	6.5	16.5
olaTTNIg68_199	olaTTNIg113_197	26.667	90	54	2	14	99	16	97	2.67e-04	28.5
olaTTNIg68_199	olaTTNIg4_195	22.892	83	57	2	13	94	15	91	3.96e-04	28.1
olaTTNIg68_199	olaTTNIg7_195	23.333	90	60	2	9	96	10	92	4.44e-04	28.1
olaTTNIg68_199	olaTTNIg114_192	25.843	89	56	3	9	96	10	89	4.94e-04	27.7
olaTTNIg68_199	olaTTNIg10_194	24.706	85	54	2	14	96	16	92	6.21e-04	27.7
olaTTNIg68_199	olaTTNIg38_193	26.027	73	47	1	14	86	16	81	7.08e-04	27.3
olaTTNIg68_199	olaTTNIg110_194	24.444	90	59	2	9	96	10	92	0.001	26.9
olaTTNIg68_199	olaTTNIg28_194	34.043	47	31	0	51	97	47	93	0.001	26.6
olaTTNIg68_199	olaTTNIg1_196	21.176	85	60	2	13	96	15	93	0.003	25.8
olaTTNIg68_199	olaTTNIg25_194	28.049	82	51	3	7	87	9	83	0.003	25.8
olaTTNIg68_199	olaTTNIg106_196	23.377	77	52	2	23	99	27	96	0.003	25.4
olaTTNIg68_199	olaTTNIg85_194	22.093	86	60	2	14	99	16	94	0.004	25.4
olaTTNIg68_199	olaTTNIg22_193	28.947	38	27	0	59	96	53	90	0.005	25
olaTTNIg68_199	olaTTNIg9_193	21.739	92	64	1	5	96	6	89	0.006	25
olaTTNIg68_199	olaTTNIg21_195	22.222	81	54	2	17	96	19	91	0.008	24.6
olaTTNIg68_199	olaTTNIg17_290	31.481	54	33	1	43	96	39	88	0.009	24.3
olaTTNIg68_199	olaTTNIg23_194	24.675	77	51	2	23	99	24	93	0.012	24.3
olaTTNIg68_199	olaTTNIg115_194	25	92	48	3	14	98	16	93	0.018	23.5
olaTTNIg68_199	olaTTNIg59_189	27.907	86	52	3	7	92	9	84	0.022	23.1
olaTTNIg68_199	olaTTNIg116_195	24.324	74	49	2	23	96	25	91	0.022	23.5
olaTTNIg68_199	olaTTNIg13_189	23.529	51	30	2	32	81	33	75	0.18	20.8
olaTTNIg68_199	olaTTNIg19_391	22.222	45	35	0	36	80	30	74	0.2	20.8
olaTTNIg68_199	olaTTNIg44_197	66.667	12	4	0	73	84	73	84	0.33	20
olaTTNIg68_199	olaTTNIg108_193	28.571	70	37	3	22	88	23	82	0.34	20
olaTTNIg68_199	olaTTNIg12_189	32.258	31	21	0	64	94	59	89	0.38	19.6
olaTTNIg68_199	olaTTNIg30_194	27.778	36	24	1	12	45	15	50	0.39	20
olaTTNIg68_199	olaTTNIg20_187	50	16	8	0	73	88	67	82	0.4	19.6
olaTTNIg68_199	olaTTNIg35_193	40	25	15	0	64	88	59	83	0.43	19.6
olaTTNIg68_199	olaTTNIg92_196	36.364	22	14	0	14	35	18	39	0.48	19.6
olaTTNIg68_199	olaTTNIg14_188	22.619	84	54	3	13	96	15	87	0.53	19.2
olaTTNIg68_199	olaTTNIg36_194	26.744	86	52	4	3	87	8	83	0.57	19.2
olaTTNIg68_199	olaTTNIg109_193	19.588	97	70	3	1	96	1	90	0.78	18.9
olaTTNIg68_199	olaTTNIg8_195	32	25	17	0	62	86	58	82	0.8	18.9
olaTTNIg68_199	olaTTNIg43_297	21.569	102	59	4	2	99	11	95	1.4	18.1
olaTTNIg68_199	olaTTNIg40_194	20.548	73	51	1	14	86	15	80	1.7	18.1
olaTTNIg68_199	olaTTNIg27_192	34.615	26	17	0	71	96	65	90	1.7	18.1
olaTTNIg68_199	olaTTNIg16_189	27.907	43	31	0	47	89	42	84	2.9	17.3
olaTTNIg68_199	olaTTNIg45_192	40	15	9	0	64	78	59	73	6.8	16.2
olaTTNIg69_194	olaTTNIg69_194	100	94	0	0	1	94	1	94	1.43e-66	186
olaTTNIg69_194	olaTTNIg87_194	35.484	93	60	0	1	93	1	93	1.24e-21	73.2
olaTTNIg69_194	olaTTNIg66_196	38.947	95	57	1	1	94	2	96	4.35e-21	72
olaTTNIg69_194	olaTTNIg93_194	39.785	93	56	0	1	93	1	93	6.74e-21	71.2
olaTTNIg69_194	olaTTNIg81_193	36.559	93	58	1	1	93	1	92	2.11e-20	70.1
olaTTNIg69_194	olaTTNIg73_197	38.776	98	52	2	1	93	2	96	4.30e-20	69.3
olaTTNIg69_194	olaTTNIg90_195	34.409	93	61	0	1	93	2	94	8.16e-19	65.9
olaTTNIg69_194	olaTTNIg107_194	36.957	92	58	0	1	92	1	92	2.72e-18	64.7
olaTTNIg69_194	olaTTNIg102_195	33.333	93	62	0	1	93	2	94	3.11e-18	64.7
olaTTNIg69_194	olaTTNIg105_194	35.484	93	60	0	1	93	1	93	1.06e-17	63.2
olaTTNIg69_194	olaTTNIg80_196	40	95	54	2	3	94	2	96	2.71e-17	62
olaTTNIg69_194	olaTTNIg82_196	36.458	96	59	1	1	94	1	96	2.90e-17	62
olaTTNIg69_194	olaTTNIg75_195	36.17	94	59	1	1	93	1	94	3.55e-17	62
olaTTNIg69_194	olaTTNIg84_195	32.258	93	63	0	1	93	2	94	5.48e-17	61.2
olaTTNIg69_194	olaTTNIg83_195	33.684	95	60	2	1	93	1	94	9.03e-17	60.8
olaTTNIg69_194	olaTTNIg95_197	35.789	95	59	1	1	93	2	96	3.30e-16	59.3
olaTTNIg69_194	olaTTNIg71_194	34.409	93	61	0	1	93	1	93	8.43e-16	58.2
olaTTNIg69_194	olaTTNIg77_197	37.5	96	58	2	1	94	2	97	2.13e-15	57.4
olaTTNIg69_194	olaTTNIg104_198	33.333	96	61	2	1	93	2	97	1.07e-14	55.5
olaTTNIg69_194	olaTTNIg78_196	27.368	95	67	1	1	93	1	95	1.23e-14	55.5
olaTTNIg69_194	olaTTNIg72_197	33.333	96	62	1	1	94	2	97	5.03e-14	53.9
olaTTNIg69_194	olaTTNIg101_195	31.579	95	62	2	1	93	1	94	1.12e-13	52.8
olaTTNIg69_194	olaTTNnewIg_1104	34.615	104	57	2	1	93	1	104	4.09e-13	51.6
olaTTNIg69_194	olaTTNIg94_193	37.037	81	49	1	15	93	12	92	2.40e-12	49.3
olaTTNIg69_194	olaTTNIg96_194	26.882	93	68	0	1	93	1	93	8.37e-12	48.1
olaTTNIg69_194	olaTTNIg92_196	32.632	95	62	1	1	93	1	95	1.00e-11	47.8
olaTTNIg69_194	olaTTNIg74_196	30.588	85	55	1	13	93	11	95	1.09e-11	47.8
olaTTNIg69_194	olaTTNIg91_193	32.099	81	53	1	15	93	12	92	1.98e-11	47
olaTTNIg69_194	olaTTNIg79_197	26.316	95	67	2	1	92	1	95	1.02e-10	45.4
olaTTNIg69_194	olaTTNIg88_193	35.802	81	50	1	15	93	12	92	1.50e-10	44.7
olaTTNIg69_194	olaTTNIg89_196	29.474	95	65	1	1	93	1	95	2.44e-10	44.3
olaTTNIg69_194	olaTTNIg76_192	32.5	80	52	1	17	94	13	92	2.70e-10	44.3
olaTTNIg69_194	olaTTNIg103_196	30.233	86	58	1	1	84	1	86	3.15e-10	43.9
olaTTNIg69_194	olaTTNIg98_196	32.143	84	53	2	14	93	12	95	5.45e-10	43.5
olaTTNIg69_194	olaTTNIg70_195	28.421	95	64	2	1	93	2	94	8.55e-10	42.7
olaTTNIg69_194	olaTTNIg109_193	30.769	91	60	2	6	93	2	92	1.06e-09	42.7
olaTTNIg69_194	olaTTNIg63_197	29.474	95	65	1	1	93	2	96	1.58e-09	42.4
olaTTNIg69_194	olaTTNIg116_195	28.916	83	57	1	8	88	6	88	3.36e-09	41.2
olaTTNIg69_194	olaTTNIg86_197	29.474	95	65	1	1	93	2	96	4.46e-09	41.2
olaTTNIg69_194	olaTTNIg1_196	33.721	86	51	2	11	92	9	92	5.90e-09	40.8
olaTTNIg69_194	olaTTNIg99_197	27.368	95	66	2	2	93	2	96	8.18e-09	40.4
olaTTNIg69_194	olaTTNIg115_194	31.818	66	43	1	18	81	16	81	1.22e-08	40
olaTTNIg69_194	olaTTNIg68_199	29.412	102	57	3	1	92	1	97	1.88e-08	39.7
olaTTNIg69_194	olaTTNIg67_1104	31.111	90	53	1	13	93	14	103	2.88e-08	39.3
olaTTNIg69_194	olaTTNIg111_1101	26.136	88	62	1	10	94	14	101	5.11e-08	38.5
olaTTNIg69_194	olaTTNIg100_195	26.966	89	63	1	1	87	1	89	9.80e-08	37.7
olaTTNIg69_194	olaTTNIg64_193	25.532	94	65	2	1	92	1	91	3.48e-07	36.2
olaTTNIg69_194	olaTTNIg97_197	26.506	83	59	1	1	81	2	84	6.17e-07	35.4
olaTTNIg69_194	olaTTNIg21_195	29.487	78	53	1	11	86	9	86	6.44e-07	35.4
olaTTNIg69_194	olaTTNIg85_194	29.851	67	45	1	29	93	27	93	1.49e-06	34.3
olaTTNIg69_194	olaTTNIg2_194	31.25	80	51	2	15	92	13	90	3.27e-06	33.5
olaTTNIg69_194	olaTTNIg10_194	29.87	77	48	2	11	81	6	82	8.76e-06	32.3
olaTTNIg69_194	olaTTNIg106_196	26.596	94	67	1	1	92	1	94	1.16e-05	32
olaTTNIg69_194	olaTTNIg3_195	24.638	69	50	1	15	81	13	81	5.27e-05	30.4
olaTTNIg69_194	olaTTNIg6_195	27.273	77	53	1	18	91	15	91	5.97e-05	30
olaTTNIg69_194	olaTTNIg29_192	32.692	52	33	1	35	84	32	83	6.24e-05	30
olaTTNIg69_194	olaTTNIg27_192	26.923	78	52	2	9	81	3	80	6.37e-05	30
olaTTNIg69_194	olaTTNIg117_196	24.638	69	50	1	15	81	13	81	1.26e-04	29.3
olaTTNIg69_194	olaTTNIg108_193	33.871	62	38	2	29	87	26	87	2.12e-04	28.9
olaTTNIg69_194	olaTTNIg110_194	25.397	63	43	1	23	81	20	82	2.56e-04	28.5
olaTTNIg69_194	olaTTNIg40_194	26.761	71	50	1	13	81	10	80	2.84e-04	28.5
olaTTNIg69_194	olaTTNIg25_194	25.926	81	55	2	15	92	13	91	2.86e-04	28.5
olaTTNIg69_194	olaTTNIg23_194	28.169	71	49	1	13	81	10	80	3.52e-04	28.1
olaTTNIg69_194	olaTTNIg5_198	26.829	82	54	4	4	81	3	82	6.14e-04	27.3
olaTTNIg69_194	olaTTNIg7_195	24.675	77	54	1	12	84	9	85	0.001	26.6
olaTTNIg69_194	olaTTNIg36_194	22.857	70	52	1	14	81	13	82	0.002	26.2
olaTTNIg69_194	olaTTNIg59_189	28.571	56	36	2	22	73	17	72	0.002	26.2
olaTTNIg69_194	olaTTNIg39_194	23.288	73	54	1	11	81	10	82	0.002	26.2
olaTTNIg69_194	olaTTNIg41_196	25.758	66	46	2	19	81	17	82	0.002	26.2
olaTTNIg69_194	olaTTNIg44_197	35.849	53	31	2	31	80	33	85	0.002	26.2
olaTTNIg69_194	olaTTNIg114_192	26.866	67	44	3	18	81	15	79	0.002	25.8
olaTTNIg69_194	olaTTNIg4_195	37.037	27	17	0	18	44	16	42	0.003	25.8
olaTTNIg69_194	olaTTNIg62_195	29.091	55	36	1	27	78	26	80	0.006	24.6
olaTTNIg69_194	olaTTNIg54_189	30.769	52	34	1	29	78	27	78	0.006	24.6
olaTTNIg69_194	olaTTNIg33_195	28.169	71	49	1	13	81	11	81	0.007	24.6
olaTTNIg69_194	olaTTNIg38_193	25	68	49	1	18	83	16	83	0.007	24.6
olaTTNIg69_194	olaTTNIg113_197	23.944	71	49	2	16	81	14	84	0.008	24.6
olaTTNIg69_194	olaTTNIg9_193	31.818	44	27	1	1	44	1	41	0.01	24.3
olaTTNIg69_194	olaTTNIg52_188	24.528	53	35	2	34	84	31	80	0.015	23.5
olaTTNIg69_194	olaTTNIg22_193	38.462	26	16	0	68	93	67	92	0.02	23.5
olaTTNIg69_194	olaTTNIg24_194	25.676	74	53	1	13	84	10	83	0.02	23.5
olaTTNIg69_194	olaTTNIg43_297	26.667	45	31	1	35	77	33	77	0.038	22.7
olaTTNIg69_194	olaTTNIg55_190	26.415	53	37	1	29	79	28	80	0.04	22.3
olaTTNIg69_194	olaTTNIg45_192	24.074	54	38	1	34	84	31	84	0.13	21.2
olaTTNIg69_194	olaTTNIg60_187	31.25	32	20	1	35	64	32	63	0.16	20.8
olaTTNIg69_194	olaTTNIg8_195	28.358	67	46	1	29	93	28	94	0.2	20.4
olaTTNIg69_194	olaTTNIg112_198	28.169	71	48	2	14	81	15	85	0.21	20.4
olaTTNIg69_194	olaTTNIg49_187	30.508	59	35	3	35	90	31	86	0.23	20.4
olaTTNIg69_194	olaTTNIg32_194	22.973	74	54	1	11	81	9	82	0.29	20
olaTTNIg69_194	olaTTNIg46_189	25.532	47	33	1	30	74	28	74	0.39	19.6
olaTTNIg69_194	olaTTNIg34_193	27.119	59	41	1	27	83	25	83	0.43	19.6
olaTTNIg69_194	olaTTNIg20_187	30	20	14	0	34	53	31	50	0.72	18.9
olaTTNIg69_194	olaTTNIg47_188	27.273	44	30	1	33	74	31	74	0.85	18.9
olaTTNIg69_194	olaTTNIg15_187	26.19	42	29	1	37	76	34	75	3	17.3
olaTTNIg69_194	olaTTNIg16_189	45.455	11	6	0	31	41	29	39	3.1	17.3
olaTTNIg69_194	olaTTNIg30_194	22.581	31	24	0	14	44	13	43	4.6	16.5
olaTTNIg69_194	olaTTNIg51_488	85.714	7	1	0	6	12	7	13	6.9	16.2
olaTTNIg69_194	olaTTNIg28_194	25.714	35	26	0	11	45	9	43	7.2	16.2
olaTTNIg70_195	olaTTNIg70_195	100	95	0	0	1	95	1	95	4.39e-71	198
olaTTNIg70_195	olaTTNIg77_197	31.25	96	64	1	1	94	1	96	1.58e-16	60.5
olaTTNIg70_195	olaTTNIg64_193	31.522	92	62	1	2	93	1	91	8.58e-15	55.8
olaTTNIg70_195	olaTTNIg73_197	31.25	96	64	1	1	94	1	96	4.98e-14	53.9
olaTTNIg70_195	olaTTNIg102_195	31.25	96	62	2	1	94	1	94	9.00e-14	53.1
olaTTNIg70_195	olaTTNIg94_193	27.66	94	67	1	2	95	1	93	1.12e-13	52.8
olaTTNIg70_195	olaTTNIg74_196	30.208	96	65	1	2	95	1	96	1.32e-13	52.8
olaTTNIg70_195	olaTTNIg72_197	28.125	96	67	1	1	94	1	96	3.06e-13	52
olaTTNIg70_195	olaTTNIg83_195	30.526	95	65	1	2	95	1	95	3.75e-13	51.6
olaTTNIg70_195	olaTTNIg87_194	35.165	91	57	1	4	94	5	93	4.60e-13	51.2
olaTTNIg70_195	olaTTNIg86_197	31.959	97	64	1	1	95	1	97	6.30e-13	51.2
olaTTNIg70_195	olaTTNIg66_196	32.99	97	60	3	1	94	1	95	1.28e-12	50.1
olaTTNIg70_195	olaTTNIg84_195	33.333	96	60	3	1	94	1	94	2.11e-12	49.7
olaTTNIg70_195	olaTTNIg89_196	26.882	93	68	0	3	95	4	96	2.15e-12	49.7
olaTTNIg70_195	olaTTNIg104_198	26.804	97	68	1	1	94	1	97	4.38e-12	48.9
olaTTNIg70_195	olaTTNIg103_196	36.232	69	44	0	27	95	28	96	4.83e-12	48.9
olaTTNIg70_195	olaTTNIg100_195	32.353	68	46	0	12	79	13	80	1.89e-11	47.4
olaTTNIg70_195	olaTTNIg90_195	32.292	96	61	3	1	94	1	94	3.28e-11	46.6
olaTTNIg70_195	olaTTNIg107_194	32.292	96	61	2	2	95	1	94	5.44e-11	45.8
olaTTNIg70_195	olaTTNIg33_195	26.596	94	69	0	2	95	1	94	6.31e-11	45.8
olaTTNIg70_195	olaTTNIg95_197	22.68	97	73	1	1	95	1	97	7.48e-11	45.8
olaTTNIg70_195	olaTTNIg88_193	27.941	68	49	0	28	95	26	93	9.93e-11	45.4
olaTTNIg70_195	olaTTNIg101_195	27.368	95	66	2	2	94	1	94	1.19e-10	45.1
olaTTNIg70_195	olaTTNIg105_194	30.526	95	62	2	2	94	1	93	1.41e-10	45.1
olaTTNIg70_195	olaTTNIg98_196	26.042	96	69	1	2	95	1	96	2.12e-10	44.7
olaTTNIg70_195	olaTTNIg62_195	29.787	94	64	2	2	93	1	94	2.17e-10	44.7
olaTTNIg70_195	olaTTNIg82_196	34.483	58	38	0	28	85	29	86	2.24e-10	44.3
olaTTNIg70_195	olaTTNIg85_194	25.714	70	52	0	26	95	25	94	7.13e-10	43.1
olaTTNIg70_195	olaTTNIg38_193	27.368	95	62	2	1	92	1	91	7.54e-10	43.1
olaTTNIg70_195	olaTTNIg69_194	28.421	95	64	2	2	94	1	93	8.65e-10	42.7
olaTTNIg70_195	olaTTNIg78_196	27.368	95	67	1	2	94	1	95	1.57e-09	42.4
olaTTNIg70_195	olaTTNIg81_193	29.474	95	62	2	2	94	1	92	1.74e-09	42
olaTTNIg70_195	olaTTNIg63_197	24.742	97	71	1	1	95	1	97	2.20e-09	42
olaTTNIg70_195	olaTTNIg80_196	25.263	95	70	1	1	94	1	95	2.40e-09	42
olaTTNIg70_195	olaTTNIg91_193	23.404	94	71	1	2	95	1	93	3.30e-09	41.2
olaTTNIg70_195	olaTTNIg40_194	29.63	81	57	0	12	92	10	90	4.68e-09	40.8
olaTTNIg70_195	olaTTNnewIg_1104	29.808	104	62	4	2	94	1	104	6.17e-09	40.8
olaTTNIg70_195	olaTTNIg3_195	26.374	91	66	1	2	92	2	91	7.87e-09	40.4
olaTTNIg70_195	olaTTNIg93_194	28.421	95	64	2	2	94	1	93	1.04e-08	40
olaTTNIg70_195	olaTTNIg71_194	28.866	97	63	3	2	95	1	94	1.17e-08	40
olaTTNIg70_195	olaTTNIg76_192	23.288	73	56	0	22	94	19	91	1.21e-08	40
olaTTNIg70_195	olaTTNIg1_196	29.333	75	46	3	13	82	11	83	2.55e-08	39.3
olaTTNIg70_195	olaTTNIg79_197	27.536	69	49	1	28	95	29	97	3.57e-08	38.9
olaTTNIg70_195	olaTTNIg35_193	28.049	82	58	1	1	82	1	81	1.13e-07	37.4
olaTTNIg70_195	olaTTNIg96_194	25.275	91	66	1	4	94	5	93	1.19e-07	37.4
olaTTNIg70_195	olaTTNIg99_197	27.586	58	42	0	28	85	29	86	1.25e-07	37.4
olaTTNIg70_195	olaTTNIg24_194	25.352	71	53	0	12	82	10	80	1.45e-07	37
olaTTNIg70_195	olaTTNIg25_194	28	75	53	1	20	93	19	93	2.36e-07	36.6
olaTTNIg70_195	olaTTNIg92_196	23.864	88	67	0	8	95	9	96	2.80e-07	36.6
olaTTNIg70_195	olaTTNIg109_193	26.761	71	51	1	26	95	23	93	3.70e-07	36.2
olaTTNIg70_195	olaTTNIg108_193	23.75	80	59	1	10	87	8	87	4.56e-07	35.8
olaTTNIg70_195	olaTTNIg111_1101	27.143	70	50	1	26	94	31	100	5.24e-07	35.8
olaTTNIg70_195	olaTTNIg68_199	24.272	103	65	3	2	95	1	99	1.03e-06	35
olaTTNIg70_195	olaTTNIg27_192	24.444	90	65	1	8	94	3	92	1.24e-06	34.7
olaTTNIg70_195	olaTTNIg117_196	23.077	78	52	2	15	92	18	87	1.77e-06	34.3
olaTTNIg70_195	olaTTNIg97_197	22.078	77	60	0	9	85	11	87	1.95e-06	34.3
olaTTNIg70_195	olaTTNIg75_195	29.167	96	63	3	2	94	1	94	2.10e-06	34.3
olaTTNIg70_195	olaTTNIg39_194	31.081	74	43	4	22	92	22	90	2.16e-06	33.9
olaTTNIg70_195	olaTTNIg32_194	23.656	93	69	2	1	92	1	92	2.40e-06	33.9
olaTTNIg70_195	olaTTNIg67_1104	25	92	60	2	12	95	14	104	2.58e-06	33.9
olaTTNIg70_195	olaTTNIg34_193	23.171	82	63	0	11	92	10	91	2.71e-06	33.9
olaTTNIg70_195	olaTTNIg116_195	26.866	67	45	2	28	92	27	91	3.07e-06	33.5
olaTTNIg70_195	olaTTNIg37_193	21.739	92	71	1	1	92	1	91	4.43e-06	33.1
olaTTNIg70_195	olaTTNIg115_194	27.273	55	40	0	28	82	27	81	5.00e-06	33.1
olaTTNIg70_195	olaTTNIg36_194	24.39	82	60	2	2	82	2	82	5.61e-06	33.1
olaTTNIg70_195	olaTTNIg6_195	27.119	59	42	1	25	82	23	81	1.23e-05	32
olaTTNIg70_195	olaTTNIg110_194	25.773	97	62	4	2	94	1	91	1.42e-05	32
olaTTNIg70_195	olaTTNIg106_196	22.059	68	53	0	28	95	29	96	1.08e-04	29.6
olaTTNIg70_195	olaTTNIg5_198	28.333	60	42	1	25	83	24	83	1.61e-04	29.3
olaTTNIg70_195	olaTTNIg7_195	24.658	73	53	1	22	92	20	92	3.57e-04	28.1
olaTTNIg70_195	olaTTNIg59_189	23.214	56	43	0	28	83	26	81	4.08e-04	27.7
olaTTNIg70_195	olaTTNIg113_197	25	72	51	1	27	95	26	97	5.06e-04	27.7
olaTTNIg70_195	olaTTNIg22_193	20.732	82	63	2	1	82	1	80	7.44e-04	27.3
olaTTNIg70_195	olaTTNIg29_192	26	50	37	0	34	83	32	81	0.001	26.9
olaTTNIg70_195	olaTTNIg23_194	24.324	74	52	1	19	92	21	90	0.001	26.6
olaTTNIg70_195	olaTTNIg28_194	21.951	82	63	1	2	82	1	82	0.002	26.2
olaTTNIg70_195	olaTTNIg21_195	21.519	79	55	1	11	82	3	81	0.002	26.2
olaTTNIg70_195	olaTTNIg46_189	25.49	51	38	0	29	79	28	78	0.002	26.2
olaTTNIg70_195	olaTTNIg26_192	25.397	63	46	1	34	95	30	92	0.002	25.8
olaTTNIg70_195	olaTTNIg52_188	23.077	65	46	1	28	92	26	86	0.004	25
olaTTNIg70_195	olaTTNIg10_194	30	30	21	0	22	51	21	50	0.005	25
olaTTNIg70_195	olaTTNIg9_193	23.729	59	44	1	25	83	23	80	0.007	24.6
olaTTNIg70_195	olaTTNIg43_297	23.404	47	36	0	31	77	30	76	0.012	23.9
olaTTNIg70_195	olaTTNIg31_193	21.875	64	50	0	20	83	19	82	0.018	23.5
olaTTNIg70_195	olaTTNIg112_198	23.077	52	40	0	31	82	34	85	0.036	22.7
olaTTNIg70_195	olaTTNIg112_198	21.212	33	26	0	51	83	2	34	4.5	16.9
olaTTNIg70_195	olaTTNIg44_197	23.077	52	39	1	30	80	33	84	0.051	22.3
olaTTNIg70_195	olaTTNIg55_190	26.531	49	32	3	1	47	1	47	0.082	21.6
olaTTNIg70_195	olaTTNIg30_194	20.732	82	65	0	1	82	1	82	0.11	21.2
olaTTNIg70_195	olaTTNIg8_195	23.881	67	51	0	28	94	28	94	0.18	20.8
olaTTNIg70_195	olaTTNIg50_192	19.298	57	46	0	33	89	31	87	0.25	20.4
olaTTNIg70_195	olaTTNIg57_188	21.212	66	48	1	29	94	27	88	0.34	20
olaTTNIg70_195	olaTTNIg42_192	19.149	47	38	0	30	76	32	78	0.37	19.6
olaTTNIg70_195	olaTTNIg18_389	22.727	44	34	0	34	77	32	75	0.37	19.6
olaTTNIg70_195	olaTTNIg41_196	16.667	72	59	1	25	95	24	95	0.39	19.6
olaTTNIg70_195	olaTTNIg14_188	15.278	72	57	1	21	92	20	87	0.86	18.9
olaTTNIg70_195	olaTTNIg56_189	26.667	15	11	0	29	43	27	41	1.1	18.5
olaTTNIg70_195	olaTTNIg48_188	29.412	17	12	0	34	50	32	48	1.1	18.5
olaTTNIg70_195	olaTTNIg4_195	21.053	57	43	1	28	82	27	83	1.3	18.1
olaTTNIg70_195	olaTTNIg12_189	20.93	43	34	0	35	77	34	76	1.8	17.7
olaTTNIg70_195	olaTTNIg19_391	42.857	14	8	0	60	73	58	71	1.9	17.7
olaTTNIg70_195	olaTTNIg54_189	35.714	14	9	0	34	47	33	46	4.4	16.5
olaTTNIg71_194	olaTTNIg71_194	100	94	0	0	1	94	1	94	4.78e-67	187
olaTTNIg71_194	olaTTNIg81_193	44.086	93	51	1	1	93	1	92	2.41e-22	75.1
olaTTNIg71_194	olaTTNIg87_194	39.785	93	56	0	1	93	1	93	8.26e-20	68.6
olaTTNIg71_194	olaTTNIg102_195	34.409	93	61	0	1	93	2	94	2.84e-19	67
olaTTNIg71_194	olaTTNIg95_197	30.208	96	65	1	1	94	2	97	8.60e-17	60.8
olaTTNIg71_194	olaTTNIg93_194	34.409	93	61	0	1	93	1	93	1.11e-16	60.5
olaTTNIg71_194	olaTTNIg107_194	34.043	94	62	0	1	94	1	94	2.03e-16	60.1
olaTTNIg71_194	olaTTNIg75_195	35.417	96	57	2	1	93	1	94	2.89e-16	59.7
olaTTNIg71_194	olaTTNIg69_194	34.409	93	61	0	1	93	1	93	8.43e-16	58.2
olaTTNIg71_194	olaTTNIg96_194	35.484	93	60	0	1	93	1	93	1.69e-15	57.4
olaTTNIg71_194	olaTTNIg79_197	35.556	90	53	2	8	94	10	97	4.26e-15	56.6
olaTTNIg71_194	olaTTNIg78_196	32.632	95	62	1	1	93	1	95	5.77e-15	56.2
olaTTNIg71_194	olaTTNIg84_195	35.484	93	60	0	1	93	2	94	2.86e-14	54.3
olaTTNIg71_194	olaTTNIg94_193	36.709	79	48	1	18	94	15	93	5.06e-14	53.9
olaTTNIg71_194	olaTTNIg82_196	32.258	93	61	1	1	91	1	93	7.18e-14	53.5
olaTTNIg71_194	olaTTNIg73_197	32.292	96	61	3	1	93	2	96	7.26e-14	53.5
olaTTNIg71_194	olaTTNIg72_197	30.526	95	64	1	1	93	2	96	1.13e-13	52.8
olaTTNIg71_194	olaTTNIg63_197	33.333	96	62	1	1	94	2	97	2.14e-13	52.4
olaTTNIg71_194	olaTTNIg74_196	35.802	81	48	2	18	94	16	96	2.99e-13	52
olaTTNIg71_194	olaTTNIg64_193	31.765	85	56	1	10	92	7	91	7.55e-13	50.8
olaTTNIg71_194	olaTTNIg105_194	31.183	93	64	0	1	93	1	93	1.34e-12	50.1
olaTTNIg71_194	olaTTNIg77_197	29.474	95	65	1	1	93	2	96	1.95e-12	49.7
olaTTNIg71_194	olaTTNIg89_196	31.646	79	52	1	18	94	18	96	2.42e-12	49.7
olaTTNIg71_194	olaTTNIg104_198	30.208	96	64	2	1	93	2	97	3.49e-12	49.3
olaTTNIg71_194	olaTTNIg91_193	29.762	84	57	1	13	94	10	93	4.34e-12	48.9
olaTTNIg71_194	olaTTNIg66_196	30.851	94	64	1	1	93	2	95	4.38e-12	48.9
olaTTNIg71_194	olaTTNIg68_199	31.395	86	50	2	18	94	14	99	9.30e-12	48.1
olaTTNIg71_194	olaTTNIg98_196	31.646	79	52	1	18	94	18	96	3.53e-11	46.6
olaTTNIg71_194	olaTTNIg80_196	35.106	94	58	3	3	93	2	95	5.79e-11	45.8
olaTTNIg71_194	olaTTNnewIg_1104	33.654	104	58	2	1	93	1	104	7.73e-11	45.8
olaTTNIg71_194	olaTTNIg116_195	31.646	79	51	3	18	94	16	93	1.81e-10	44.7
olaTTNIg71_194	olaTTNIg90_195	25.806	93	69	0	1	93	2	94	2.75e-10	44.3
olaTTNIg71_194	olaTTNIg88_193	31.25	80	53	1	17	94	14	93	3.14e-10	43.9
olaTTNIg71_194	olaTTNIg99_197	29.67	91	61	2	6	93	6	96	3.29e-10	43.9
olaTTNIg71_194	olaTTNIg83_195	30.928	97	62	3	1	94	1	95	7.21e-10	43.1
olaTTNIg71_194	olaTTNIg76_192	30.864	81	54	2	15	93	11	91	1.38e-09	42.4
olaTTNIg71_194	olaTTNIg85_194	28.395	81	56	1	16	94	14	94	1.48e-09	42.4
olaTTNIg71_194	olaTTNIg67_1104	29.07	86	52	1	18	94	19	104	1.98e-09	42
olaTTNIg71_194	olaTTNIg103_196	29.114	79	54	1	18	94	18	96	5.19e-09	40.8
olaTTNIg71_194	olaTTNIg1_196	28.049	82	55	1	14	91	12	93	9.73e-09	40
olaTTNIg71_194	olaTTNIg70_195	28.866	97	63	3	1	94	2	95	1.16e-08	40
olaTTNIg71_194	olaTTNIg100_195	25.641	78	56	1	17	92	17	94	1.45e-08	39.7
olaTTNIg71_194	olaTTNIg97_197	26.582	79	56	1	18	94	19	97	3.33e-08	38.9
olaTTNIg71_194	olaTTNIg111_1101	28.947	76	51	2	15	87	19	94	4.90e-08	38.5
olaTTNIg71_194	olaTTNIg86_197	25	96	70	1	1	94	2	97	5.97e-08	38.1
olaTTNIg71_194	olaTTNIg2_194	24.051	79	58	1	18	94	16	94	6.23e-08	38.1
olaTTNIg71_194	olaTTNIg7_195	33.333	69	42	1	18	82	15	83	7.60e-08	37.7
olaTTNIg71_194	olaTTNIg62_195	29.348	92	61	2	5	92	3	94	7.76e-08	37.7
olaTTNIg71_194	olaTTNIg92_196	30.38	79	53	1	18	94	18	96	8.69e-08	37.7
olaTTNIg71_194	olaTTNIg38_193	25.301	83	60	1	11	91	9	91	1.04e-07	37.4
olaTTNIg71_194	olaTTNIg101_195	27.273	77	55	1	18	93	18	94	1.10e-07	37.4
olaTTNIg71_194	olaTTNIg106_196	28.395	81	56	1	16	94	16	96	1.14e-07	37.4
olaTTNIg71_194	olaTTNIg3_195	25	76	55	1	18	91	16	91	1.91e-07	37
olaTTNIg71_194	olaTTNIg117_196	25	76	55	1	18	91	16	91	2.67e-07	36.6
olaTTNIg71_194	olaTTNIg115_194	32.895	76	49	2	11	84	9	84	2.93e-07	36.2
olaTTNIg71_194	olaTTNIg33_195	31.646	79	52	2	18	94	16	94	3.11e-07	36.2
olaTTNIg71_194	olaTTNIg36_194	23.684	76	56	1	18	91	17	92	4.33e-07	35.8
olaTTNIg71_194	olaTTNIg30_194	25	76	55	1	18	91	17	92	1.74e-06	34.3
olaTTNIg71_194	olaTTNIg6_195	27.273	77	53	2	18	91	15	91	5.27e-06	33.1
olaTTNIg71_194	olaTTNIg113_197	25.581	86	59	2	12	92	10	95	7.49e-06	32.7
olaTTNIg71_194	olaTTNIg21_195	20.513	78	60	1	16	91	14	91	1.05e-05	32.3
olaTTNIg71_194	olaTTNIg41_196	29.688	64	42	2	22	82	20	83	1.57e-05	31.6
olaTTNIg71_194	olaTTNIg34_193	26.582	79	56	1	15	91	13	91	2.14e-05	31.2
olaTTNIg71_194	olaTTNIg59_189	34.426	61	36	2	31	89	28	86	2.80e-05	30.8
olaTTNIg71_194	olaTTNIg5_198	22.667	75	53	2	11	81	9	82	2.88e-05	31.2
olaTTNIg71_194	olaTTNIg32_194	21.519	79	59	1	16	91	14	92	6.34e-05	30
olaTTNIg71_194	olaTTNIg35_193	26.923	78	55	2	16	91	14	91	7.54e-05	30
olaTTNIg71_194	olaTTNIg24_194	20.779	77	59	1	17	91	14	90	7.64e-05	30
olaTTNIg71_194	olaTTNIg108_193	27.16	81	56	2	15	93	12	91	8.36e-05	29.6
olaTTNIg71_194	olaTTNIg40_194	23.188	69	47	2	17	81	14	80	1.28e-04	29.3
olaTTNIg71_194	olaTTNIg37_193	25.676	74	53	1	18	89	16	89	3.24e-04	28.1
olaTTNIg71_194	olaTTNIg109_193	20.652	92	70	2	6	94	2	93	3.55e-04	28.1
olaTTNIg71_194	olaTTNIg39_194	25	76	55	1	18	91	17	92	4.06e-04	28.1
olaTTNIg71_194	olaTTNIg25_194	26.923	78	54	3	18	92	16	93	5.64e-04	27.7
olaTTNIg71_194	olaTTNIg10_194	23.077	78	57	1	17	91	15	92	0.001	26.6
olaTTNIg71_194	olaTTNIg14_188	25.373	67	48	1	12	76	10	76	0.001	26.6
olaTTNIg71_194	olaTTNIg13_189	26.786	56	39	1	36	89	33	88	0.002	26.2
olaTTNIg71_194	olaTTNIg23_194	24.324	74	54	1	23	94	20	93	0.002	25.8
olaTTNIg71_194	olaTTNIg4_195	25.316	79	51	3	18	90	16	92	0.003	25.8
olaTTNIg71_194	olaTTNIg110_194	23.288	73	52	2	19	87	16	88	0.006	25
olaTTNIg71_194	olaTTNIg29_192	31.148	61	36	2	35	91	32	90	0.011	24.3
olaTTNIg71_194	olaTTNIg46_189	34	50	29	3	32	78	30	78	0.011	23.9
olaTTNIg71_194	olaTTNIg31_193	24.675	77	56	1	15	89	13	89	0.014	23.9
olaTTNIg71_194	olaTTNIg9_193	21.795	78	60	1	18	94	15	92	0.016	23.5
olaTTNIg71_194	olaTTNIg47_188	30.435	46	30	1	33	76	31	76	0.026	23.1
olaTTNIg71_194	olaTTNIg42_192	25	56	39	2	22	74	22	77	0.03	22.7
olaTTNIg71_194	olaTTNIg45_192	25	60	42	1	35	91	32	91	0.033	22.7
olaTTNIg71_194	olaTTNIg58_193	24.49	49	33	2	37	82	34	81	0.05	22.3
olaTTNIg71_194	olaTTNIg61_188	20	70	53	3	11	78	10	78	0.14	20.8
olaTTNIg71_194	olaTTNIg20_187	24.39	41	29	1	35	73	32	72	0.22	20.4
olaTTNIg71_194	olaTTNIg44_197	25.806	62	44	1	32	91	35	96	0.33	20
olaTTNIg71_194	olaTTNIg19_391	24.39	41	29	1	36	74	33	73	1.3	18.1
olaTTNIg71_194	olaTTNIg11_191	54.545	11	5	0	31	41	29	39	2	17.7
olaTTNIg71_194	olaTTNIg52_188	21.429	42	31	1	35	74	32	73	2.2	17.7
olaTTNIg71_194	olaTTNIg12_189	30.233	43	28	2	36	76	34	76	2.8	17.3
olaTTNIg71_194	olaTTNIg51_488	27.119	59	41	1	35	93	29	85	6.2	16.2
olaTTNIg71_194	olaTTNIg17_290	26.415	53	33	3	35	85	34	82	8.2	15.8
olaTTNIg71_194	olaTTNIg16_189	27.083	48	33	1	31	76	29	76	8.5	15.8
olaTTNIg72_197	olaTTNIg72_197	100	97	0	0	1	97	1	97	2.53e-70	196
olaTTNIg72_197	olaTTNIg95_197	41.667	96	56	0	1	96	1	96	5.16e-23	77
olaTTNIg72_197	olaTTNIg81_193	42.105	95	52	1	2	96	1	92	9.83e-21	70.9
olaTTNIg72_197	olaTTNIg104_198	37.113	97	60	1	1	96	1	97	1.95e-20	70.5
olaTTNIg72_197	olaTTNIg96_194	37.895	95	57	1	2	96	1	93	2.09e-20	70.1
olaTTNIg72_197	olaTTNIg66_196	38.144	97	59	1	1	97	1	96	2.89e-20	69.7
olaTTNIg72_197	olaTTNIg80_196	37.895	95	58	1	4	97	2	96	9.17e-20	68.6
olaTTNIg72_197	olaTTNIg63_197	36.458	96	61	0	1	96	1	96	3.01e-19	67.4
olaTTNIg72_197	olaTTNIg75_195	39.583	96	55	2	2	96	1	94	3.64e-19	67
olaTTNIg72_197	olaTTNIg77_197	33.654	104	55	3	1	97	1	97	1.41e-18	65.5
olaTTNIg72_197	olaTTNIg79_197	39.024	82	49	1	15	95	14	95	4.98e-18	64.3
olaTTNIg72_197	olaTTNIg83_195	35.789	95	60	1	2	96	1	94	7.00e-18	63.9
olaTTNIg72_197	olaTTNIg84_195	37.5	96	58	1	1	96	1	94	7.16e-18	63.9
olaTTNIg72_197	olaTTNIg102_195	29.167	96	66	1	1	96	1	94	2.58e-17	62.4
olaTTNIg72_197	olaTTNIg89_196	31.579	95	65	0	2	96	1	95	2.82e-17	62.4
olaTTNIg72_197	olaTTNIg98_196	29.474	95	67	0	2	96	1	95	8.26e-17	61.2
olaTTNIg72_197	olaTTNIg73_197	33.333	96	64	0	1	96	1	96	8.65e-17	60.8
olaTTNIg72_197	olaTTNIg93_194	34.737	95	60	1	2	96	1	93	1.63e-16	60.1
olaTTNIg72_197	olaTTNIg90_195	33.333	96	62	1	1	96	1	94	1.90e-16	60.1
olaTTNIg72_197	olaTTNIg33_195	35.802	81	52	0	16	96	13	93	7.79e-16	58.5
olaTTNIg72_197	olaTTNIg86_197	31.25	96	66	0	1	96	1	96	2.36e-15	57.4
olaTTNIg72_197	olaTTNIg92_196	33.684	95	63	0	2	96	1	95	6.59e-15	56.2
olaTTNIg72_197	olaTTNIg107_194	34.043	94	60	1	2	95	1	92	7.90e-15	55.8
olaTTNIg72_197	olaTTNIg99_197	32.979	94	62	1	4	96	3	96	2.50e-14	54.7
olaTTNIg72_197	olaTTNIg69_194	33.333	96	62	1	2	97	1	94	5.19e-14	53.9
olaTTNIg72_197	olaTTNIg71_194	30.526	95	64	1	2	96	1	93	1.17e-13	52.8
olaTTNIg72_197	olaTTNIg116_195	28.916	83	59	0	12	94	9	91	1.32e-13	52.8
olaTTNIg72_197	olaTTNIg74_196	34.021	97	60	2	2	96	1	95	1.44e-13	52.8
olaTTNIg72_197	olaTTNIg101_195	31.579	95	64	1	2	96	1	94	3.12e-13	52
olaTTNIg72_197	olaTTNIg70_195	28.125	96	67	1	1	96	1	94	3.12e-13	52
olaTTNIg72_197	olaTTNIg76_192	29.63	81	57	0	17	97	12	92	7.71e-13	50.8
olaTTNIg72_197	olaTTNIg78_196	28.421	95	68	0	2	96	1	95	8.07e-13	50.8
olaTTNIg72_197	olaTTNIg67_1104	33.333	90	53	2	14	96	14	103	1.01e-12	50.8
olaTTNIg72_197	olaTTNIg34_193	30.667	75	52	0	20	94	17	91	1.19e-12	50.4
olaTTNIg72_197	olaTTNIg87_194	29.474	95	65	1	2	96	1	93	1.97e-12	49.7
olaTTNIg72_197	olaTTNnewIg_1104	27.885	104	66	3	2	96	1	104	4.18e-12	49.3
olaTTNIg72_197	olaTTNIg24_194	28.395	81	58	0	14	94	10	90	4.33e-12	48.9
olaTTNIg72_197	olaTTNIg91_193	30.864	81	56	0	16	96	12	92	5.55e-12	48.5
olaTTNIg72_197	olaTTNIg82_196	31.944	72	49	0	14	85	13	84	8.00e-12	48.1
olaTTNIg72_197	olaTTNIg105_194	28.421	95	66	1	2	96	1	93	8.72e-12	48.1
olaTTNIg72_197	olaTTNIg85_194	26.437	87	64	0	10	96	7	93	8.81e-12	48.1
olaTTNIg72_197	olaTTNIg64_193	30.208	96	64	1	2	97	1	93	1.04e-11	47.8
olaTTNIg72_197	olaTTNIg5_198	31.395	86	55	2	1	85	1	83	1.16e-11	47.8
olaTTNIg72_197	olaTTNIg88_193	29.63	81	55	1	16	96	14	92	1.44e-10	45.1
olaTTNIg72_197	olaTTNIg68_199	31.683	101	58	4	2	95	1	97	3.26e-10	44.3
olaTTNIg72_197	olaTTNIg103_196	27.16	81	59	0	14	94	13	93	4.51e-10	43.9
olaTTNIg72_197	olaTTNIg38_193	29.787	94	63	1	1	94	1	91	5.93e-10	43.5
olaTTNIg72_197	olaTTNIg109_193	29.67	91	63	1	7	96	2	92	1.35e-09	42.4
olaTTNIg72_197	olaTTNIg40_194	30.864	81	56	0	14	94	10	90	1.96e-09	42
olaTTNIg72_197	olaTTNIg108_193	28.947	76	54	0	9	84	5	80	2.43e-09	42
olaTTNIg72_197	olaTTNIg94_193	27.16	81	59	0	16	96	12	92	3.01e-09	41.6
olaTTNIg72_197	olaTTNIg115_194	25.758	66	49	0	19	84	16	81	3.76e-09	41.2
olaTTNIg72_197	olaTTNIg100_195	27.027	74	52	1	22	95	23	94	3.83e-09	41.2
olaTTNIg72_197	olaTTNIg41_196	34.568	81	51	2	15	94	13	92	4.25e-09	41.2
olaTTNIg72_197	olaTTNIg36_194	27.586	87	63	0	8	94	6	92	4.90e-09	41.2
olaTTNIg72_197	olaTTNIg39_194	26.506	83	61	0	12	94	10	92	6.75e-09	40.8
olaTTNIg72_197	olaTTNIg110_194	31.818	88	56	3	11	94	7	94	1.10e-08	40
olaTTNIg72_197	olaTTNIg106_196	31.25	80	55	0	16	95	15	94	2.70e-08	39.3
olaTTNIg72_197	olaTTNIg9_193	31.034	87	57	2	8	92	4	89	2.82e-08	38.9
olaTTNIg72_197	olaTTNIg27_192	28.916	83	59	0	14	96	10	92	5.58e-08	38.1
olaTTNIg72_197	olaTTNIg58_193	28.378	74	52	1	11	84	8	80	6.12e-08	38.1
olaTTNIg72_197	olaTTNIg23_194	26.966	89	61	2	8	94	4	90	6.85e-08	38.1
olaTTNIg72_197	olaTTNIg62_195	32.143	84	56	1	13	95	11	94	7.43e-08	38.1
olaTTNIg72_197	olaTTNIg6_195	25.974	77	56	1	19	94	15	91	1.94e-07	37
olaTTNIg72_197	olaTTNIg1_196	26.582	79	56	1	11	87	8	86	2.02e-07	37
olaTTNIg72_197	olaTTNIg7_195	27.907	86	60	1	11	94	7	92	2.25e-07	36.6
olaTTNIg72_197	olaTTNIg97_197	26.25	80	59	0	16	95	16	95	4.34e-07	35.8
olaTTNIg72_197	olaTTNIg30_194	26.316	95	66	2	1	94	1	92	5.44e-07	35.8
olaTTNIg72_197	olaTTNIg31_193	27.586	87	60	1	1	87	1	84	6.96e-07	35.4
olaTTNIg72_197	olaTTNIg3_195	21.519	79	62	0	16	94	13	91	1.53e-06	34.7
olaTTNIg72_197	olaTTNIg37_193	27.273	77	54	2	19	94	16	91	2.48e-06	33.9
olaTTNIg72_197	olaTTNIg35_193	28.986	69	49	0	16	84	13	81	2.70e-06	33.9
olaTTNIg72_197	olaTTNIg117_196	21.519	79	62	0	16	94	13	91	3.31e-06	33.5
olaTTNIg72_197	olaTTNIg44_197	34.091	44	29	0	38	81	40	83	8.33e-06	32.7
olaTTNIg72_197	olaTTNIg13_189	32.075	53	36	0	38	90	34	86	2.79e-05	31.2
olaTTNIg72_197	olaTTNIg29_192	33.333	57	38	0	38	94	34	90	4.37e-05	30.4
olaTTNIg72_197	olaTTNIg59_189	28.571	77	50	3	11	85	8	81	6.83e-05	30
olaTTNIg72_197	olaTTNIg111_1101	23.333	90	66	2	7	93	10	99	9.88e-05	29.6
olaTTNIg72_197	olaTTNIg60_187	34.146	41	27	0	37	77	33	73	1.03e-04	29.6
olaTTNIg72_197	olaTTNIg28_194	29.787	47	33	0	50	96	48	94	1.41e-04	29.3
olaTTNIg72_197	olaTTNIg14_188	24.658	73	55	0	19	91	16	88	1.69e-04	28.9
olaTTNIg72_197	olaTTNIg114_192	24.211	95	53	4	9	94	5	89	2.08e-04	28.9
olaTTNIg72_197	olaTTNIg46_189	22.973	74	56	1	8	81	6	78	2.32e-04	28.5
olaTTNIg72_197	olaTTNIg22_193	21.429	84	62	2	1	84	1	80	3.05e-04	28.5
olaTTNIg72_197	olaTTNIg4_195	27.941	68	47	1	19	84	16	83	3.72e-04	28.1
olaTTNIg72_197	olaTTNIg16_189	30.864	81	52	2	9	89	7	83	6.32e-04	27.3
olaTTNIg72_197	olaTTNIg25_194	25.862	58	35	1	9	66	6	55	0.002	26.2
olaTTNIg72_197	olaTTNIg12_189	21.818	55	43	0	38	92	35	89	0.002	26.2
olaTTNIg72_197	olaTTNIg42_192	21.739	69	53	1	8	75	7	75	0.003	25.8
olaTTNIg72_197	olaTTNIg52_188	27.273	44	32	0	32	75	28	71	0.004	25
olaTTNIg72_197	olaTTNIg112_198	22.973	74	56	1	15	87	15	88	0.005	25
olaTTNIg72_197	olaTTNIg112_198	37.5	24	10	1	42	60	12	35	9	15.8
olaTTNIg72_197	olaTTNIg57_188	26.531	49	36	0	37	85	33	81	0.014	23.9
olaTTNIg72_197	olaTTNIg17_290	25.641	39	29	0	37	75	35	73	0.015	23.5
olaTTNIg72_197	olaTTNIg11_191	22.414	58	45	0	32	89	29	86	0.017	23.5
olaTTNIg72_197	olaTTNIg61_188	22.222	54	42	0	37	90	34	87	0.017	23.5
olaTTNIg72_197	olaTTNIg56_189	30.189	53	35	1	38	90	34	84	0.022	23.1
olaTTNIg72_197	olaTTNIg19_391	22.807	57	40	1	38	94	34	86	0.034	22.7
olaTTNIg72_197	olaTTNIg47_188	25.532	47	35	0	33	79	30	76	0.038	22.7
olaTTNIg72_197	olaTTNIg113_197	23.256	86	57	2	13	95	16	95	0.067	21.9
olaTTNIg72_197	olaTTNIg55_190	23.377	77	53	3	1	75	1	73	0.16	20.8
olaTTNIg72_197	olaTTNIg54_189	25.641	39	29	0	37	75	34	72	0.19	20.8
olaTTNIg72_197	olaTTNIg18_389	22.222	45	35	0	37	81	33	77	0.23	20.4
olaTTNIg72_197	olaTTNIg43_297	21.311	61	39	2	9	61	7	66	0.39	19.6
olaTTNIg72_197	olaTTNIg8_195	31.818	22	15	0	29	50	27	48	0.4	19.6
olaTTNIg72_197	olaTTNIg20_187	28.07	57	37	1	38	94	34	86	0.49	19.6
olaTTNIg72_197	olaTTNIg26_192	34.783	23	15	0	73	95	68	90	1.1	18.5
olaTTNIg72_197	olaTTNIg50_192	14.894	47	40	0	35	81	31	77	1.2	18.5
olaTTNIg72_197	olaTTNIg53_190	63.636	11	4	0	7	17	64	74	9.7	15.8
olaTTNIg73_197	olaTTNIg73_197	100	97	0	0	1	97	1	97	2.85e-70	196
olaTTNIg73_197	olaTTNIg81_193	41.667	96	53	1	2	97	1	93	4.30e-22	74.3
olaTTNIg73_197	olaTTNIg63_197	44.792	96	53	0	1	96	1	96	5.21e-22	74.3
olaTTNIg73_197	olaTTNIg66_196	38.384	99	54	2	1	96	1	95	1.15e-21	73.6
olaTTNIg73_197	olaTTNIg87_194	42.708	96	53	1	2	97	1	94	1.29e-21	73.2
olaTTNIg73_197	olaTTNIg74_196	39.785	93	54	1	6	96	3	95	5.40e-21	71.6
olaTTNIg73_197	olaTTNIg69_194	38.776	98	52	2	2	96	1	93	4.44e-20	69.3
olaTTNIg73_197	olaTTNIg93_194	37.5	96	58	1	2	97	1	94	5.95e-20	68.9
olaTTNIg73_197	olaTTNIg84_195	39.175	97	57	1	1	97	1	95	3.23e-19	67
olaTTNIg73_197	olaTTNIg90_195	36.082	97	60	1	1	97	1	95	5.46e-18	63.9
olaTTNIg73_197	olaTTNIg95_197	31.25	96	66	0	1	96	1	96	6.60e-18	63.9
olaTTNIg73_197	olaTTNIg83_195	30.526	95	65	1	2	96	1	94	9.70e-18	63.5
olaTTNIg73_197	olaTTNIg107_194	38.298	94	56	1	2	95	1	92	1.39e-17	63.2
olaTTNIg73_197	olaTTNIg77_197	33.333	96	64	0	1	96	1	96	5.98e-17	61.6
olaTTNIg73_197	olaTTNIg72_197	33.333	96	64	0	1	96	1	96	8.65e-17	60.8
olaTTNIg73_197	olaTTNIg75_195	35.354	99	57	2	2	97	1	95	9.49e-17	60.8
olaTTNIg73_197	olaTTNIg102_195	31.959	97	64	1	1	97	1	95	4.88e-16	58.9
olaTTNIg73_197	olaTTNIg78_196	33.333	96	64	0	2	97	1	96	9.18e-16	58.5
olaTTNIg73_197	olaTTNIg89_196	28.421	95	68	0	2	96	1	95	1.63e-15	57.8
olaTTNIg73_197	olaTTNIg96_194	33.333	96	62	1	2	97	1	94	4.75e-15	56.6
olaTTNIg73_197	olaTTNIg82_196	32.632	95	64	0	2	96	1	95	1.84e-14	55.1
olaTTNIg73_197	olaTTNIg91_193	31.765	85	58	0	12	96	8	92	1.96e-14	55.1
olaTTNIg73_197	olaTTNIg99_197	33.696	92	60	1	7	97	6	97	2.36e-14	54.7
olaTTNIg73_197	olaTTNIg94_193	31.765	85	58	0	12	96	8	92	3.44e-14	54.3
olaTTNIg73_197	olaTTNIg104_198	33.673	98	64	1	1	97	1	98	3.57e-14	54.3
olaTTNIg73_197	olaTTNIg98_196	32.292	96	59	1	1	96	6	95	4.19e-14	54.3
olaTTNIg73_197	olaTTNIg70_195	31.25	96	64	1	1	96	1	94	5.08e-14	53.9
olaTTNIg73_197	olaTTNIg85_194	30.588	85	59	0	12	96	9	93	6.44e-14	53.5
olaTTNIg73_197	olaTTNIg101_195	33.333	96	63	1	2	97	1	95	6.88e-14	53.5
olaTTNIg73_197	olaTTNIg71_194	32.292	96	61	3	2	96	1	93	7.49e-14	53.5
olaTTNIg73_197	olaTTNIg67_1104	33.696	92	54	2	12	96	12	103	1.02e-13	53.5
olaTTNIg73_197	olaTTNIg92_196	28.421	95	68	0	2	96	1	95	2.21e-13	52.4
olaTTNIg73_197	olaTTNnewIg_1104	33.654	104	60	2	2	96	1	104	2.39e-13	52.4
olaTTNIg73_197	olaTTNIg105_194	29.167	96	66	1	2	97	1	94	3.19e-13	52
olaTTNIg73_197	olaTTNIg76_192	30.488	82	57	0	15	96	10	91	3.36e-13	51.6
olaTTNIg73_197	olaTTNIg117_196	32.53	83	56	0	15	97	12	94	6.16e-13	51.2
olaTTNIg73_197	olaTTNIg88_193	35.714	84	54	0	13	96	9	92	7.72e-13	50.8
olaTTNIg73_197	olaTTNIg80_196	31.915	94	63	1	4	96	2	95	9.69e-13	50.4
olaTTNIg73_197	olaTTNIg111_1101	27.586	87	62	1	11	96	14	100	1.64e-12	50.1
olaTTNIg73_197	olaTTNIg86_197	29.167	96	68	0	1	96	1	96	1.08e-11	48.1
olaTTNIg73_197	olaTTNIg106_196	31.183	93	62	1	5	95	2	94	5.77e-11	46.2
olaTTNIg73_197	olaTTNIg23_194	29.63	81	57	0	14	94	10	90	7.73e-11	45.8
olaTTNIg73_197	olaTTNIg108_193	30.864	81	56	0	12	92	8	88	8.79e-11	45.4
olaTTNIg73_197	olaTTNIg103_196	27.16	81	59	0	14	94	13	93	1.11e-10	45.4
olaTTNIg73_197	olaTTNIg79_197	33.75	80	52	1	17	95	16	95	1.37e-10	45.1
olaTTNIg73_197	olaTTNIg97_197	27.66	94	68	0	2	95	2	95	1.74e-10	44.7
olaTTNIg73_197	olaTTNIg68_199	28.125	96	60	2	8	95	3	97	1.79e-10	44.7
olaTTNIg73_197	olaTTNIg64_193	27.778	90	64	1	6	95	3	91	5.74e-10	43.5
olaTTNIg73_197	olaTTNIg40_194	35.211	71	46	0	14	84	10	80	7.17e-10	43.1
olaTTNIg73_197	olaTTNIg4_195	31.579	76	49	2	16	89	14	88	8.50e-10	43.1
olaTTNIg73_197	olaTTNIg116_195	28.736	87	62	0	8	94	5	91	8.68e-10	43.1
olaTTNIg73_197	olaTTNIg36_194	29.114	79	56	0	16	94	14	92	2.91e-09	41.6
olaTTNIg73_197	olaTTNIg3_195	26.087	69	51	0	16	84	13	81	3.19e-09	41.6
olaTTNIg73_197	olaTTNIg2_194	29.333	75	53	0	15	89	12	86	4.60e-09	41.2
olaTTNIg73_197	olaTTNIg21_195	26.042	96	66	2	1	94	1	93	5.33e-09	40.8
olaTTNIg73_197	olaTTNIg10_194	33.333	72	47	1	15	85	12	83	5.40e-09	40.8
olaTTNIg73_197	olaTTNIg109_193	26.374	91	66	1	7	96	2	92	5.47e-09	40.8
olaTTNIg73_197	olaTTNIg62_195	27.586	87	62	1	10	95	8	94	5.86e-09	40.8
olaTTNIg73_197	olaTTNIg9_193	26.882	93	64	2	2	94	1	89	6.77e-09	40.8
olaTTNIg73_197	olaTTNIg1_196	30.137	73	49	2	19	89	16	88	1.04e-08	40
olaTTNIg73_197	olaTTNIg39_194	25.301	83	62	0	12	94	10	92	1.35e-08	40
olaTTNIg73_197	olaTTNIg110_194	27.711	83	58	1	14	94	10	92	1.92e-08	39.7
olaTTNIg73_197	olaTTNIg100_195	20.879	91	72	0	2	92	1	91	5.82e-08	38.1
olaTTNIg73_197	olaTTNIg27_192	24.096	83	63	0	14	96	10	92	9.68e-08	37.7
olaTTNIg73_197	olaTTNIg115_194	20.69	58	46	0	28	85	25	82	1.13e-07	37.4
olaTTNIg73_197	olaTTNIg114_192	29.348	92	54	4	4	92	6	89	2.08e-07	36.6
olaTTNIg73_197	olaTTNIg34_193	27.941	68	49	0	22	89	19	86	2.69e-07	36.6
olaTTNIg73_197	olaTTNIg33_195	24.419	86	61	2	13	96	10	93	3.33e-07	36.2
olaTTNIg73_197	olaTTNIg38_193	27.835	97	61	2	1	94	1	91	4.07e-07	35.8
olaTTNIg73_197	olaTTNIg22_193	26.042	96	67	3	1	96	1	92	1.12e-06	34.7
olaTTNIg73_197	olaTTNIg41_196	28.358	67	47	1	23	88	20	86	1.43e-06	34.7
olaTTNIg73_197	olaTTNIg31_193	28.261	92	63	1	1	92	1	89	1.47e-06	34.7
olaTTNIg73_197	olaTTNIg13_189	22.5	80	61	1	14	93	11	89	3.37e-06	33.5
olaTTNIg73_197	olaTTNIg59_189	28.169	71	50	1	20	90	17	86	6.39e-06	32.7
olaTTNIg73_197	olaTTNIg30_194	28.378	74	52	1	12	84	9	82	9.53e-06	32.3
olaTTNIg73_197	olaTTNIg7_195	25.301	83	60	1	14	94	10	92	1.36e-05	32
olaTTNIg73_197	olaTTNIg24_194	20.988	81	64	0	6	86	2	82	3.06e-05	31.2
olaTTNIg73_197	olaTTNIg113_197	22.449	98	66	3	1	91	1	95	4.30e-05	30.8
olaTTNIg73_197	olaTTNIg5_198	26.316	38	28	0	16	53	13	50	6.00e-05	30.4
olaTTNIg73_197	olaTTNIg8_195	29.577	71	46	2	26	92	22	92	1.78e-04	28.9
olaTTNIg73_197	olaTTNIg32_194	25.287	87	62	2	12	96	9	94	2.32e-04	28.5
olaTTNIg73_197	olaTTNIg55_190	24.176	91	67	2	1	91	1	89	2.82e-04	28.5
olaTTNIg73_197	olaTTNIg20_187	26.786	56	41	0	35	90	31	86	4.94e-04	27.7
olaTTNIg73_197	olaTTNIg112_198	25.676	74	54	1	16	88	16	89	0.001	26.9
olaTTNIg73_197	olaTTNIg29_192	22.368	76	59	0	19	94	15	90	0.001	26.9
olaTTNIg73_197	olaTTNIg50_192	31.818	44	30	0	38	81	34	77	0.002	26.2
olaTTNIg73_197	olaTTNIg44_197	30.189	53	37	0	37	89	39	91	0.002	26.2
olaTTNIg73_197	olaTTNIg56_189	26.027	73	52	2	21	93	18	88	0.002	25.8
olaTTNIg73_197	olaTTNIg28_194	24.51	102	63	4	1	96	1	94	0.004	25
olaTTNIg73_197	olaTTNIg35_193	22.34	94	70	1	1	94	1	91	0.005	25
olaTTNIg73_197	olaTTNIg61_188	19.643	56	45	0	35	90	32	87	0.008	24.3
olaTTNIg73_197	olaTTNIg16_189	31.25	64	39	3	14	75	12	72	0.008	24.3
olaTTNIg73_197	olaTTNIg42_192	20.779	77	60	1	15	90	14	90	0.015	23.9
olaTTNIg73_197	olaTTNIg58_193	22.857	70	53	1	16	85	13	81	0.027	23.1
olaTTNIg73_197	olaTTNIg15_187	20.755	53	42	0	38	90	34	86	0.029	22.7
olaTTNIg73_197	olaTTNIg43_297	21.818	55	42	1	36	89	33	87	0.067	21.9
olaTTNIg73_197	olaTTNIg19_391	22.973	74	52	3	21	93	18	87	0.082	21.6
olaTTNIg73_197	olaTTNIg25_194	31.818	22	15	0	28	49	25	46	0.1	21.6
olaTTNIg73_197	olaTTNIg54_189	25.373	67	49	1	15	81	13	78	0.11	21.2
olaTTNIg73_197	olaTTNIg60_187	19.355	62	49	1	15	76	12	72	0.16	20.8
olaTTNIg73_197	olaTTNIg52_188	20.37	54	42	1	22	75	19	71	0.21	20.4
olaTTNIg73_197	olaTTNIg47_188	24.074	54	41	0	34	87	31	84	0.22	20.4
olaTTNIg73_197	olaTTNIg37_193	21.176	85	64	2	1	85	1	82	0.29	20
olaTTNIg73_197	olaTTNIg46_189	22.807	57	44	0	34	90	31	87	0.37	19.6
olaTTNIg73_197	olaTTNIg14_188	18.644	59	48	0	19	77	16	74	0.47	19.6
olaTTNIg74_196	olaTTNIg74_196	100	96	0	0	1	96	1	96	2.87e-69	193
olaTTNIg74_196	olaTTNIg73_197	39.785	93	54	1	3	95	6	96	5.35e-21	71.6
olaTTNIg74_196	olaTTNIg66_196	44.706	85	44	2	11	95	14	95	6.07e-21	71.6
olaTTNIg74_196	olaTTNIg93_194	36.667	90	51	2	7	95	9	93	2.68e-18	64.7
olaTTNIg74_196	olaTTNIg87_194	39.326	89	50	2	7	95	9	93	5.37e-18	63.9
olaTTNIg74_196	olaTTNIg84_195	35.484	93	56	1	3	95	6	94	5.56e-18	63.9
olaTTNIg74_196	olaTTNIg81_193	37.634	93	53	1	3	95	5	92	7.26e-18	63.5
olaTTNIg74_196	olaTTNIg63_197	38.298	94	56	1	3	96	6	97	8.36e-18	63.5
olaTTNIg74_196	olaTTNIg94_193	32.292	96	62	2	1	96	1	93	9.74e-17	60.8
olaTTNIg74_196	olaTTNIg90_195	35.294	85	51	1	11	95	14	94	1.70e-16	60.1
olaTTNIg74_196	olaTTNIg107_194	36.17	94	56	1	3	96	5	94	5.03e-16	58.9
olaTTNIg74_196	olaTTNIg76_192	33.735	83	53	1	4	86	2	82	3.93e-15	56.6
olaTTNIg74_196	olaTTNIg67_1104	37.363	91	52	1	11	96	14	104	8.08e-15	56.2
olaTTNIg74_196	olaTTNIg91_193	32.292	96	62	2	1	96	1	93	1.61e-14	55.1
olaTTNIg74_196	olaTTNIg96_194	29.897	97	62	2	1	95	1	93	3.33e-14	54.3
olaTTNIg74_196	olaTTNIg83_195	30	90	61	1	7	96	8	95	1.06e-13	53.1
olaTTNIg74_196	olaTTNIg85_194	32.222	90	59	1	7	96	7	94	1.22e-13	52.8
olaTTNIg74_196	olaTTNIg82_196	34.146	82	52	1	14	95	16	95	1.26e-13	52.8
olaTTNIg74_196	olaTTNIg70_195	30.208	96	65	1	1	96	2	95	1.33e-13	52.8
olaTTNIg74_196	olaTTNIg72_197	34.021	97	60	2	1	95	2	96	1.42e-13	52.8
olaTTNIg74_196	olaTTNIg95_197	30.435	92	62	1	5	96	8	97	1.84e-13	52.4
olaTTNIg74_196	olaTTNIg98_196	33.333	87	56	1	10	96	12	96	1.90e-13	52.4
olaTTNIg74_196	olaTTNIg80_196	41.111	90	49	3	7	95	9	95	1.96e-13	52.4
olaTTNIg74_196	olaTTNIg71_194	35.802	81	48	2	16	96	18	94	3.05e-13	52
olaTTNIg74_196	olaTTNIg77_197	29.032	93	64	1	3	95	6	96	4.09e-13	51.6
olaTTNIg74_196	olaTTNIg89_196	27.907	86	60	1	11	96	13	96	5.47e-13	51.2
olaTTNIg74_196	olaTTNIg103_196	29.885	87	59	1	10	96	12	96	1.09e-12	50.4
olaTTNIg74_196	olaTTNIg78_196	28.889	90	62	1	6	95	8	95	1.70e-12	50.1
olaTTNIg74_196	olaTTNIg75_195	32.941	85	54	1	11	95	13	94	2.37e-12	49.7
olaTTNIg74_196	olaTTNnewIg_1104	29.703	101	64	1	2	95	4	104	5.18e-12	48.9
olaTTNIg74_196	olaTTNIg105_194	29.213	89	59	1	7	95	9	93	7.11e-12	48.1
olaTTNIg74_196	olaTTNIg68_199	28.866	97	64	1	5	96	3	99	9.19e-12	48.1
olaTTNIg74_196	olaTTNIg100_195	27.907	86	60	1	9	94	11	94	1.01e-11	48.1
olaTTNIg74_196	olaTTNIg97_197	34.524	84	53	1	13	96	16	97	1.04e-11	48.1
olaTTNIg74_196	olaTTNIg69_194	30.588	85	55	1	11	95	13	93	1.12e-11	47.8
olaTTNIg74_196	olaTTNIg101_195	35.955	89	53	3	7	95	10	94	1.68e-11	47.4
olaTTNIg74_196	olaTTNIg3_195	30.556	72	48	1	13	84	13	82	1.93e-11	47.4
olaTTNIg74_196	olaTTNIg92_196	28.571	91	63	1	6	96	8	96	1.97e-11	47.4
olaTTNIg74_196	olaTTNIg104_198	31.461	89	59	1	7	95	11	97	2.32e-11	47
olaTTNIg74_196	olaTTNIg2_194	31.325	83	53	2	12	92	12	92	1.00e-10	45.4
olaTTNIg74_196	olaTTNIg102_195	31.325	83	53	1	13	95	16	94	1.09e-10	45.4
olaTTNIg74_196	olaTTNIg33_195	27.907	86	60	1	11	96	11	94	1.44e-10	45.1
olaTTNIg74_196	olaTTNIg79_197	28.395	81	57	1	14	94	16	95	2.82e-10	44.3
olaTTNIg74_196	olaTTNIg114_192	31.915	94	58	4	1	93	1	89	1.14e-09	42.7
olaTTNIg74_196	olaTTNIg64_193	27.66	94	65	2	1	94	1	91	1.44e-09	42.4
olaTTNIg74_196	olaTTNIg7_195	31.183	93	63	1	1	93	1	92	4.60e-09	41.2
olaTTNIg74_196	olaTTNIg32_194	30.851	94	61	3	1	93	2	92	6.70e-09	40.8
olaTTNIg74_196	olaTTNIg27_192	33.735	83	51	2	11	91	10	90	1.17e-08	40
olaTTNIg74_196	olaTTNIg1_196	23.596	89	67	1	1	89	2	89	1.63e-08	39.7
olaTTNIg74_196	olaTTNIg106_196	23.596	89	66	1	8	96	10	96	1.66e-08	39.7
olaTTNIg74_196	olaTTNIg106_196	63.636	11	4	0	84	94	6	16	2.7	17.3
olaTTNIg74_196	olaTTNIg88_193	25.882	85	61	1	12	96	11	93	3.11e-08	38.9
olaTTNIg74_196	olaTTNIg99_197	26.761	71	50	1	13	83	15	83	4.36e-08	38.5
olaTTNIg74_196	olaTTNIg86_197	30.233	86	58	1	11	96	14	97	4.55e-08	38.5
olaTTNIg74_196	olaTTNIg30_194	25.806	93	65	2	1	91	2	92	5.56e-08	38.1
olaTTNIg74_196	olaTTNIg115_194	24.731	93	67	2	1	93	2	91	6.39e-08	38.1
olaTTNIg74_196	olaTTNIg117_196	25.61	82	59	1	12	93	12	91	1.13e-07	37.4
olaTTNIg74_196	olaTTNIg36_194	26.882	93	64	2	1	91	2	92	1.26e-07	37.4
olaTTNIg74_196	olaTTNIg10_194	26.506	83	58	2	12	93	12	92	1.31e-07	37.4
olaTTNIg74_196	olaTTNIg109_193	25.61	82	58	2	16	96	14	93	1.65e-07	37
olaTTNIg74_196	olaTTNIg39_194	25.806	93	67	1	1	93	2	92	1.86e-07	37
olaTTNIg74_196	olaTTNIg40_194	29.412	85	56	2	11	93	10	92	1.94e-07	37
olaTTNIg74_196	olaTTNIg62_195	26.19	84	61	1	11	94	12	94	3.88e-07	36.2
olaTTNIg74_196	olaTTNIg116_195	28.571	77	53	1	11	87	11	85	3.92e-07	36.2
olaTTNIg74_196	olaTTNIg110_194	28.125	96	62	4	1	93	1	92	6.89e-07	35.4
olaTTNIg74_196	olaTTNIg38_193	24.39	82	60	1	12	93	12	91	7.46e-07	35.4
olaTTNIg74_196	olaTTNIg108_193	23.077	91	67	2	1	91	1	88	1.14e-06	34.7
olaTTNIg74_196	olaTTNIg41_196	28.986	69	48	1	25	93	25	92	2.76e-06	33.9
olaTTNIg74_196	olaTTNIg35_193	28.395	81	56	1	13	93	13	91	4.89e-06	33.1
olaTTNIg74_196	olaTTNIg5_198	28.767	73	49	2	13	84	13	83	7.74e-06	32.7
olaTTNIg74_196	olaTTNIg111_1101	24.638	69	49	2	16	83	22	88	1.21e-05	32.3
olaTTNIg74_196	olaTTNIg25_194	29.268	82	53	3	13	91	13	92	1.58e-05	32
olaTTNIg74_196	olaTTNIg23_194	26.437	87	54	3	11	93	10	90	1.81e-05	31.6
olaTTNIg74_196	olaTTNIg9_193	29.762	84	55	3	1	84	1	80	1.83e-05	31.6
olaTTNIg74_196	olaTTNIg22_193	23.958	96	69	3	1	96	2	93	3.55e-05	30.8
olaTTNIg74_196	olaTTNIg21_195	24.39	82	60	1	12	93	12	91	6.07e-05	30.4
olaTTNIg74_196	olaTTNIg34_193	22.388	67	50	1	18	84	18	82	1.00e-04	29.6
olaTTNIg74_196	olaTTNIg4_195	30.233	86	56	2	5	88	5	88	1.49e-04	29.3
olaTTNIg74_196	olaTTNIg44_197	27.119	59	39	2	35	91	40	96	2.66e-04	28.5
olaTTNIg74_196	olaTTNIg28_194	25	84	60	2	13	95	13	94	2.90e-04	28.5
olaTTNIg74_196	olaTTNIg6_195	24.051	79	57	2	16	93	15	91	5.66e-04	27.7
olaTTNIg74_196	olaTTNIg29_192	26.23	61	43	1	33	93	32	90	7.67e-04	27.3
olaTTNIg74_196	olaTTNIg14_188	18.31	71	56	1	16	86	16	84	0.001	26.9
olaTTNIg74_196	olaTTNIg59_189	27.273	66	44	2	27	92	26	87	0.001	26.6
olaTTNIg74_196	olaTTNIg13_189	25.862	58	41	1	35	92	34	89	0.006	24.6
olaTTNIg74_196	olaTTNIg113_197	22.472	89	62	3	12	96	12	97	0.014	23.9
olaTTNIg74_196	olaTTNIg60_187	23.404	47	34	1	28	74	27	71	0.015	23.5
olaTTNIg74_196	olaTTNIg42_192	22.917	48	37	0	31	78	32	79	0.21	20.4
olaTTNIg74_196	olaTTNIg52_188	27.273	66	42	2	28	93	27	86	0.41	19.6
olaTTNIg74_196	olaTTNIg17_290	26.23	61	39	2	33	93	34	88	0.81	18.9
olaTTNIg74_196	olaTTNIg8_195	23.958	96	70	2	1	95	1	94	1.7	18.1
olaTTNIg74_196	olaTTNIg112_198	20.732	82	62	2	9	89	12	91	2.2	17.7
olaTTNIg74_196	olaTTNIg37_193	24.561	57	22	2	52	87	31	87	4.6	16.5
olaTTNIg74_196	olaTTNIg54_189	18.519	54	42	1	32	85	32	83	7.6	16.2
olaTTNIg75_195	olaTTNIg75_195	100	95	0	0	1	95	1	95	8.93e-69	192
olaTTNIg75_195	olaTTNIg81_193	47.368	95	48	1	1	95	1	93	5.27e-29	92
olaTTNIg75_195	olaTTNIg93_194	44.211	95	52	1	1	95	1	94	2.75e-27	87.4
olaTTNIg75_195	olaTTNIg84_195	45.263	95	51	1	1	95	2	95	1.14e-24	80.9
olaTTNIg75_195	olaTTNIg78_196	43.75	96	53	1	1	95	1	96	3.63e-24	79.7
olaTTNIg75_195	olaTTNIg90_195	40	95	56	1	1	95	2	95	2.93e-21	72.4
olaTTNIg75_195	olaTTNIg96_194	40	95	56	1	1	95	1	94	3.52e-21	72
olaTTNIg75_195	olaTTNIg87_194	36.082	97	57	2	1	95	1	94	9.35e-20	68.6
olaTTNIg75_195	olaTTNIg72_197	39.583	96	55	2	1	94	2	96	3.56e-19	67
olaTTNIg75_195	olaTTNIg105_194	36.842	95	59	1	1	95	1	94	2.67e-18	64.7
olaTTNIg75_195	olaTTNnewIg_1104	35.577	104	57	2	1	94	1	104	6.34e-18	63.9
olaTTNIg75_195	olaTTNIg102_195	33.684	95	62	1	1	95	2	95	1.15e-17	63.2
olaTTNIg75_195	olaTTNIg95_197	40	95	56	1	1	94	2	96	1.36e-17	63.2
olaTTNIg75_195	olaTTNIg69_194	36.17	94	59	1	1	94	1	93	3.59e-17	62
olaTTNIg75_195	olaTTNIg104_198	39.175	97	57	2	1	95	2	98	5.72e-17	61.6
olaTTNIg75_195	olaTTNIg73_197	35.354	99	57	2	1	95	2	97	9.30e-17	60.8
olaTTNIg75_195	olaTTNIg77_197	30.928	97	62	2	1	94	2	96	2.63e-16	59.7
olaTTNIg75_195	olaTTNIg71_194	35.417	96	57	2	1	94	1	93	2.92e-16	59.7
olaTTNIg75_195	olaTTNIg99_197	33.333	96	62	2	2	95	2	97	3.55e-15	57
olaTTNIg75_195	olaTTNIg89_196	33.673	98	58	3	1	94	1	95	3.70e-15	56.6
olaTTNIg75_195	olaTTNIg107_194	35.484	93	59	1	1	93	1	92	3.90e-15	56.6
olaTTNIg75_195	olaTTNIg63_197	36.082	97	57	2	1	94	2	96	1.29e-14	55.5
olaTTNIg75_195	olaTTNIg66_196	31.915	94	64	0	1	94	2	95	1.94e-14	55.1
olaTTNIg75_195	olaTTNIg80_196	39.175	97	51	3	3	94	2	95	2.52e-14	54.7
olaTTNIg75_195	olaTTNIg83_195	36.458	96	57	3	1	94	1	94	7.66e-14	53.5
olaTTNIg75_195	olaTTNIg86_197	36.735	98	55	3	1	94	2	96	8.25e-13	50.8
olaTTNIg75_195	olaTTNIg101_195	31.579	95	65	0	1	95	1	95	1.85e-12	49.7
olaTTNIg75_195	olaTTNIg74_196	32.941	85	54	1	13	94	11	95	2.35e-12	49.7
olaTTNIg75_195	olaTTNIg79_197	29.474	95	65	1	1	93	1	95	1.22e-11	47.8
olaTTNIg75_195	olaTTNIg97_197	30.612	98	61	2	1	94	2	96	2.88e-11	47
olaTTNIg75_195	olaTTNIg103_196	33.333	96	57	2	1	92	1	93	4.10e-11	46.2
olaTTNIg75_195	olaTTNIg94_193	31.633	98	57	4	1	94	1	92	4.11e-11	46.2
olaTTNIg75_195	olaTTNIg92_196	35.417	96	59	2	1	94	1	95	1.29e-10	45.1
olaTTNIg75_195	olaTTNIg82_196	27.368	95	68	1	1	94	1	95	4.88e-10	43.5
olaTTNIg75_195	olaTTNIg91_193	31.25	96	60	3	1	94	1	92	1.26e-09	42.4
olaTTNIg75_195	olaTTNIg85_194	31.818	88	57	2	9	94	7	93	2.92e-09	41.6
olaTTNIg75_195	olaTTNIg76_192	26.506	83	58	2	14	94	10	91	6.20e-09	40.8
olaTTNIg75_195	olaTTNIg98_196	23.958	96	70	2	1	94	1	95	9.30e-09	40.4
olaTTNIg75_195	olaTTNIg109_193	29.348	92	61	3	6	94	2	92	2.22e-08	39.3
olaTTNIg75_195	olaTTNIg88_193	32.857	70	44	2	27	94	24	92	2.66e-08	38.9
olaTTNIg75_195	olaTTNIg68_199	25.532	94	62	1	8	93	4	97	3.36e-08	38.9
olaTTNIg75_195	olaTTNIg116_195	27.381	84	58	2	11	92	9	91	4.95e-08	38.5
olaTTNIg75_195	olaTTNIg106_196	28.421	95	65	2	1	93	1	94	1.06e-07	37.4
olaTTNIg75_195	olaTTNIg64_193	27.66	94	64	2	1	93	1	91	1.18e-07	37.4
olaTTNIg75_195	olaTTNIg100_195	22.68	97	68	2	1	93	1	94	4.11e-07	35.8
olaTTNIg75_195	olaTTNIg33_195	27.711	83	59	1	13	94	11	93	4.57e-07	35.8
olaTTNIg75_195	olaTTNIg67_1104	30.108	93	51	3	13	94	14	103	6.22e-07	35.8
olaTTNIg75_195	olaTTNIg70_195	29.167	96	63	3	1	94	2	94	2.10e-06	34.3
olaTTNIg75_195	olaTTNIg36_194	27.778	72	50	2	9	78	8	79	2.61e-06	33.9
olaTTNIg75_195	olaTTNIg39_194	23.864	88	60	2	11	94	10	94	7.92e-06	32.7
olaTTNIg75_195	olaTTNIg2_194	27.848	79	44	3	11	82	9	81	1.56e-05	31.6
olaTTNIg75_195	olaTTNIg1_196	27.273	77	53	2	11	84	9	85	1.75e-05	31.6
olaTTNIg75_195	olaTTNIg115_194	25	76	56	1	18	92	16	91	1.98e-05	31.6
olaTTNIg75_195	olaTTNIg108_193	27.778	72	51	1	13	83	10	81	2.06e-05	31.6
olaTTNIg75_195	olaTTNIg23_194	24.39	82	59	2	13	92	10	90	2.18e-05	31.2
olaTTNIg75_195	olaTTNIg111_1101	27.551	98	65	4	2	94	4	100	3.93e-05	30.8
olaTTNIg75_195	olaTTNIg30_194	26.027	73	49	2	16	85	15	85	5.11e-05	30.4
olaTTNIg75_195	olaTTNIg10_194	27.397	73	49	2	14	83	12	83	7.12e-05	30
olaTTNIg75_195	olaTTNIg4_195	28.235	85	38	4	9	83	13	84	1.01e-04	29.6
olaTTNIg75_195	olaTTNIg21_195	42.308	26	15	0	14	39	12	37	1.21e-04	29.3
olaTTNIg75_195	olaTTNIg6_195	25.641	78	54	2	18	92	15	91	2.46e-04	28.5
olaTTNIg75_195	olaTTNIg45_192	39.024	41	23	1	35	73	32	72	3.04e-04	28.1
olaTTNIg75_195	olaTTNIg32_194	22.785	79	54	3	11	84	9	85	0.002	26.2
olaTTNIg75_195	olaTTNIg3_195	25.676	74	44	3	15	82	13	81	0.002	26.2
olaTTNIg75_195	olaTTNIg9_193	32.432	74	43	3	1	72	1	69	0.003	25.8
olaTTNIg75_195	olaTTNIg55_190	26.761	71	40	4	6	73	12	73	0.003	25.4
olaTTNIg75_195	olaTTNIg110_194	24.658	73	52	1	13	82	10	82	0.004	25.4
olaTTNIg75_195	olaTTNIg34_193	24.561	57	42	1	27	82	25	81	0.007	24.6
olaTTNIg75_195	olaTTNIg113_197	35.714	28	18	0	14	41	12	39	0.009	24.3
olaTTNIg75_195	olaTTNIg7_195	24	75	54	1	11	82	8	82	0.01	24.3
olaTTNIg75_195	olaTTNIg47_188	31.915	47	29	2	33	77	31	76	0.012	23.9
olaTTNIg75_195	olaTTNIg27_192	26.389	72	50	2	13	82	10	80	0.012	23.9
olaTTNIg75_195	olaTTNIg19_391	26.829	41	29	1	36	75	33	73	0.016	23.5
olaTTNIg75_195	olaTTNIg114_192	25	80	54	3	16	92	13	89	0.017	23.5
olaTTNIg75_195	olaTTNIg56_189	28.333	60	40	2	30	87	27	85	0.02	23.5
olaTTNIg75_195	olaTTNIg24_194	16.216	74	59	2	13	84	10	82	0.023	23.1
olaTTNIg75_195	olaTTNIg41_196	30.159	63	42	1	23	83	21	83	0.025	23.1
olaTTNIg75_195	olaTTNIg5_198	25.397	63	41	3	15	73	13	73	0.049	22.3
olaTTNIg75_195	olaTTNIg117_196	24.324	74	49	2	14	83	12	82	0.083	21.6
olaTTNIg75_195	olaTTNIg13_189	38.889	18	11	0	60	77	58	75	0.095	21.6
olaTTNIg75_195	olaTTNIg40_194	33.333	27	18	0	13	39	10	36	0.11	21.2
olaTTNIg75_195	olaTTNIg59_189	28.261	46	32	1	29	73	26	71	0.11	21.2
olaTTNIg75_195	olaTTNIg50_192	23.077	52	37	2	29	78	26	76	0.56	19.2
olaTTNIg75_195	olaTTNIg31_193	54.545	11	5	0	29	39	27	37	0.68	19.2
olaTTNIg75_195	olaTTNIg37_193	24.051	79	56	3	9	85	8	84	0.72	18.9
olaTTNIg75_195	olaTTNIg20_187	24.39	41	30	1	34	73	31	71	0.77	18.9
olaTTNIg75_195	olaTTNIg54_189	29.787	47	30	2	29	73	27	72	0.88	18.9
olaTTNIg75_195	olaTTNIg35_193	46.667	15	8	0	69	83	68	82	1.3	18.1
olaTTNIg75_195	olaTTNIg25_194	19.672	61	43	2	27	83	25	83	1.4	18.1
olaTTNIg75_195	olaTTNIg25_194	23.529	68	44	3	32	92	1	67	2.7	17.3
olaTTNIg75_195	olaTTNIg17_290	29.545	44	30	1	35	77	34	77	3	17.3
olaTTNIg75_195	olaTTNIg60_187	25.862	58	38	2	35	89	32	87	4.1	16.9
olaTTNIg75_195	olaTTNIg48_188	54.545	11	5	0	6	16	10	20	6	16.2
olaTTNIg76_192	olaTTNIg76_192	100	92	0	0	1	92	1	92	4.52e-66	185
olaTTNIg76_192	olaTTNIg95_197	35.789	95	57	1	1	91	2	96	7.04e-17	61.2
olaTTNIg76_192	olaTTNIg89_196	29.412	85	60	0	7	91	11	95	1.77e-16	60.1
olaTTNIg76_192	olaTTNIg66_196	33.333	81	53	1	12	92	17	96	9.40e-16	58.2
olaTTNIg76_192	olaTTNIg93_194	35.366	82	51	1	10	91	14	93	1.11e-15	57.8
olaTTNIg76_192	olaTTNIg74_196	33.735	83	53	1	2	82	4	86	3.77e-15	56.6
olaTTNIg76_192	olaTTNIg82_196	31.461	89	61	0	4	92	8	96	9.06e-15	55.8
olaTTNIg76_192	olaTTNIg90_195	31.707	82	54	1	10	91	15	94	9.87e-15	55.5
olaTTNIg76_192	olaTTNIg87_194	35.366	82	51	1	10	91	14	93	1.17e-14	55.5
olaTTNIg76_192	olaTTNIg83_195	31.25	80	55	0	12	91	15	94	1.57e-14	55.1
olaTTNIg76_192	olaTTNIg98_196	29.474	95	63	1	1	91	1	95	2.65e-14	54.3
olaTTNIg76_192	olaTTNIg84_195	30	80	54	1	12	91	17	94	5.76e-14	53.5
olaTTNIg76_192	olaTTNIg2_194	27.381	84	61	0	7	90	9	92	8.50e-14	53.1
olaTTNIg76_192	olaTTNIg106_196	27.273	77	56	0	13	89	17	93	1.01e-13	53.1
olaTTNIg76_192	olaTTNIg91_193	30.435	92	63	1	1	91	1	92	1.08e-13	52.8
olaTTNIg76_192	olaTTNIg107_194	35.526	76	47	1	12	87	16	89	1.30e-13	52.8
olaTTNIg76_192	olaTTNIg73_197	30.488	82	57	0	10	91	15	96	3.19e-13	51.6
olaTTNIg76_192	olaTTNIg72_197	29.63	81	57	0	12	92	17	97	7.31e-13	50.8
olaTTNIg76_192	olaTTNIg77_197	28.409	88	63	0	5	92	10	97	1.49e-12	50.1
olaTTNIg76_192	olaTTNIg81_193	28.571	84	57	1	8	91	12	92	1.61e-12	49.7
olaTTNIg76_192	olaTTNIg94_193	30.952	84	58	0	8	91	9	92	2.27e-12	49.3
olaTTNIg76_192	olaTTNIg116_195	28.409	88	63	0	3	90	5	92	3.53e-12	48.9
olaTTNIg76_192	olaTTNIg105_194	29.885	87	59	1	5	91	9	93	4.43e-12	48.5
olaTTNIg76_192	olaTTNIg109_193	26.087	92	67	1	1	91	1	92	7.77e-12	48.1
olaTTNIg76_192	olaTTNIg101_195	27.059	85	61	1	7	91	11	94	8.02e-12	48.1
olaTTNIg76_192	olaTTNIg100_195	25.926	81	60	0	8	88	12	92	1.33e-11	47.4
olaTTNIg76_192	olaTTNIg41_196	28.571	70	49	1	21	89	23	92	1.76e-11	47.4
olaTTNIg76_192	olaTTNIg67_1104	28.866	97	62	2	2	91	7	103	2.00e-11	47.4
olaTTNIg76_192	olaTTNIg79_197	30.864	81	53	2	11	90	15	93	2.85e-11	46.6
olaTTNIg76_192	olaTTNIg99_197	28.788	66	47	0	12	77	16	81	3.57e-11	46.6
olaTTNIg76_192	olaTTNIg23_194	27.16	81	59	0	10	90	11	91	4.84e-11	46.2
olaTTNIg76_192	olaTTNIg102_195	26.437	87	60	2	4	90	9	91	5.81e-11	45.8
olaTTNIg76_192	olaTTNIg10_194	30.851	94	59	3	1	90	2	93	6.07e-11	45.8
olaTTNIg76_192	olaTTNIg117_196	22.353	85	66	0	3	87	5	89	1.06e-10	45.1
olaTTNIg76_192	olaTTNIg86_197	24.324	74	56	0	7	80	12	85	1.91e-10	44.7
olaTTNIg76_192	olaTTNIg80_196	27.586	87	62	1	7	92	10	96	1.97e-10	44.7
olaTTNIg76_192	olaTTNIg104_198	25	88	66	0	4	91	10	97	2.38e-10	44.3
olaTTNIg76_192	olaTTNIg69_194	32.5	80	52	1	13	92	17	94	2.64e-10	44.3
olaTTNIg76_192	olaTTNIg78_196	25.316	79	59	0	13	91	17	95	3.96e-10	43.9
olaTTNIg76_192	olaTTNIg62_195	31.944	72	48	1	17	87	20	91	6.09e-10	43.1
olaTTNIg76_192	olaTTNIg71_194	30.864	81	54	2	11	91	15	93	1.35e-09	42.4
olaTTNIg76_192	olaTTNIg103_196	24.286	70	53	0	10	79	14	83	1.51e-09	42.4
olaTTNIg76_192	olaTTNIg63_197	29.268	82	58	0	10	91	15	96	1.54e-09	42.4
olaTTNIg76_192	olaTTNIg68_199	26.042	96	64	1	1	89	1	96	2.27e-09	42
olaTTNIg76_192	olaTTNIg3_195	20.779	77	61	0	14	90	16	92	3.92e-09	41.2
olaTTNIg76_192	olaTTNIg85_194	23.864	88	67	0	4	91	6	93	4.33e-09	40.8
olaTTNIg76_192	olaTTNIg6_195	23.913	92	66	3	1	89	1	91	4.96e-09	40.8
olaTTNIg76_192	olaTTNIg75_195	26.506	83	58	2	10	91	14	94	6.01e-09	40.8
olaTTNIg76_192	olaTTNIg92_196	29.114	79	56	0	13	91	17	95	8.16e-09	40.4
olaTTNIg76_192	olaTTNIg30_194	26.25	80	59	0	12	91	15	94	9.84e-09	40
olaTTNIg76_192	olaTTNIg70_195	23.288	73	56	0	19	91	22	94	1.18e-08	40
olaTTNIg76_192	olaTTNIg39_194	23.529	85	65	0	7	91	10	94	1.34e-08	39.7
olaTTNIg76_192	olaTTNIg88_193	26.667	75	55	0	17	91	18	92	1.36e-08	39.7
olaTTNIg76_192	olaTTNIg9_193	27.473	91	64	2	1	90	1	90	1.68e-08	39.3
olaTTNIg76_192	olaTTNIg115_194	27.536	69	50	0	14	82	16	84	1.79e-08	39.3
olaTTNIg76_192	olaTTNIg33_195	27.027	74	51	1	10	83	12	82	2.35e-08	39.3
olaTTNIg76_192	olaTTNIg40_194	25.275	91	67	1	1	90	1	91	2.68e-08	38.9
olaTTNIg76_192	olaTTNIg114_192	34.247	73	43	3	12	82	13	82	2.76e-08	38.9
olaTTNIg76_192	olaTTNIg1_196	29.032	93	61	3	1	89	2	93	4.53e-08	38.5
olaTTNIg76_192	olaTTNIg46_189	27.692	65	44	1	12	76	17	78	7.34e-08	37.7
olaTTNIg76_192	olaTTNIg64_193	25.676	74	55	0	14	87	15	88	1.12e-07	37.4
olaTTNIg76_192	olaTTNIg113_197	25.581	86	60	2	1	82	2	87	3.34e-07	36.2
olaTTNIg76_192	olaTTNIg36_194	25	80	60	0	12	91	15	94	3.73e-07	35.8
olaTTNIg76_192	olaTTNIg58_193	26.316	76	54	2	2	76	3	77	4.16e-07	35.8
olaTTNIg76_192	olaTTNIg96_194	22.5	80	60	1	12	91	16	93	4.96e-07	35.8
olaTTNIg76_192	olaTTNIg44_197	28.409	88	60	1	3	90	13	97	5.15e-07	35.8
olaTTNIg76_192	olaTTNIg21_195	22.619	84	65	0	7	90	9	92	1.07e-06	34.7
olaTTNIg76_192	olaTTNIg111_1101	22.989	87	66	1	7	92	15	101	1.21e-06	34.7
olaTTNIg76_192	olaTTNIg35_193	19.318	88	71	0	4	91	6	93	1.83e-06	34.3
olaTTNIg76_192	olaTTNIg20_187	35.417	48	31	0	33	80	34	81	3.70e-06	33.1
olaTTNIg76_192	olaTTNIg13_189	29.31	58	39	1	33	90	34	89	5.64e-06	32.7
olaTTNIg76_192	olaTTNIg97_197	22.857	70	54	0	7	76	12	81	7.42e-06	32.7
olaTTNIg76_192	olaTTNIg12_189	30.263	76	45	3	5	79	14	82	9.14e-06	32.3
olaTTNIg76_192	olaTTNIg25_194	21.333	75	58	1	7	80	9	83	1.58e-05	31.6
olaTTNIg76_192	olaTTNIg22_193	21.739	92	70	2	1	91	2	92	1.60e-05	31.6
olaTTNIg76_192	olaTTNIg108_193	23.944	71	54	0	10	80	11	81	2.49e-05	31.2
olaTTNIg76_192	olaTTNIg27_192	26.923	78	55	1	13	88	14	91	2.81e-05	30.8
olaTTNIg76_192	olaTTNIg59_189	32.692	52	35	0	26	77	27	78	3.25e-05	30.8
olaTTNIg76_192	olaTTNIg4_195	29.412	68	46	2	23	88	25	92	5.02e-05	30.4
olaTTNIg76_192	olaTTNIg61_188	26.531	49	36	0	32	80	34	82	7.54e-05	29.6
olaTTNIg76_192	olaTTNIg14_188	26.389	72	52	1	3	73	4	75	7.78e-05	29.6
olaTTNIg76_192	olaTTNIg50_192	25.926	81	53	3	12	92	16	89	9.59e-05	29.6
olaTTNIg76_192	olaTTNnewIg_1104	20	90	61	2	12	91	16	104	1.21e-04	29.3
olaTTNIg76_192	olaTTNIg60_187	27.273	55	40	0	26	80	27	81	1.39e-04	28.9
olaTTNIg76_192	olaTTNIg8_195	22.388	67	52	0	25	91	28	94	5.08e-04	27.7
olaTTNIg76_192	olaTTNIg57_188	25.581	86	61	2	3	88	5	87	7.14e-04	27.3
olaTTNIg76_192	olaTTNIg18_389	25	68	50	1	6	73	8	74	8.85e-04	26.9
olaTTNIg76_192	olaTTNIg43_297	23.81	42	32	0	33	74	35	76	0.001	26.9
olaTTNIg76_192	olaTTNIg110_194	22.388	67	38	2	23	81	24	84	0.002	26.2
olaTTNIg76_192	olaTTNIg47_188	22.414	58	43	1	26	81	28	85	0.002	25.8
olaTTNIg76_192	olaTTNIg28_194	25.287	87	60	3	6	88	8	93	0.002	25.8
olaTTNIg76_192	olaTTNIg52_188	20	40	32	0	32	71	33	72	0.002	25.8
olaTTNIg76_192	olaTTNIg38_193	19.178	73	59	0	7	79	9	81	0.003	25.4
olaTTNIg76_192	olaTTNIg34_193	17.808	73	60	0	19	91	21	93	0.003	25.4
olaTTNIg76_192	olaTTNIg56_189	25.806	62	45	1	26	87	27	87	0.005	25
olaTTNIg76_192	olaTTNIg53_190	23.404	47	36	0	30	76	33	79	0.005	24.6
olaTTNIg76_192	olaTTNIg16_189	26.23	61	43	1	27	87	29	87	0.007	24.6
olaTTNIg76_192	olaTTNIg42_192	19.718	71	52	1	4	74	14	79	0.01	23.9
olaTTNIg76_192	olaTTNIg24_194	26.531	49	34	2	23	70	24	71	0.012	23.9
olaTTNIg76_192	olaTTNIg11_191	16.667	48	40	0	24	71	26	73	0.014	23.9
olaTTNIg76_192	olaTTNIg5_198	18.182	77	62	1	14	89	16	92	0.024	23.1
olaTTNIg76_192	olaTTNIg19_391	35.484	31	18	1	57	87	58	86	0.055	21.9
olaTTNIg76_192	olaTTNIg29_192	23.75	80	60	1	1	79	1	80	0.19	20.4
olaTTNIg76_192	olaTTNIg7_195	20.253	79	49	2	10	80	11	83	0.21	20.4
olaTTNIg76_192	olaTTNIg17_290	18.605	43	35	0	30	72	33	75	0.26	20
olaTTNIg76_192	olaTTNIg31_193	20.455	44	35	0	33	76	35	78	0.37	19.6
olaTTNIg76_192	olaTTNIg55_190	22.222	45	35	0	33	77	36	80	0.46	19.6
olaTTNIg76_192	olaTTNIg54_189	22.059	68	52	1	7	74	10	76	0.47	19.2
olaTTNIg76_192	olaTTNIg51_488	30	40	24	2	30	67	28	65	0.65	18.9
olaTTNIg77_197	olaTTNIg77_197	100	97	0	0	1	97	1	97	4.35e-72	201
olaTTNIg77_197	olaTTNIg63_197	44.792	96	53	0	1	96	1	96	7.39e-26	84
olaTTNIg77_197	olaTTNIg78_196	32.632	95	64	0	2	96	1	95	3.24e-19	67
olaTTNIg77_197	olaTTNIg66_196	37.113	97	60	1	1	97	1	96	1.22e-18	65.9
olaTTNIg77_197	olaTTNIg72_197	33.654	104	55	3	1	97	1	97	1.41e-18	65.5
olaTTNIg77_197	olaTTNIg93_194	35.789	95	59	1	2	96	1	93	2.57e-18	64.7
olaTTNIg77_197	olaTTNIg84_195	33.333	96	62	1	1	96	1	94	3.17e-17	62
olaTTNIg77_197	olaTTNIg90_195	30.208	96	65	1	1	96	1	94	3.50e-17	62
olaTTNIg77_197	olaTTNIg102_195	34.375	96	61	1	1	96	1	94	4.54e-17	61.6
olaTTNIg77_197	olaTTNIg73_197	33.333	96	64	0	1	96	1	96	5.98e-17	61.6
olaTTNIg77_197	olaTTNIg104_198	31.731	104	56	3	1	96	1	97	7.78e-17	61.2
olaTTNIg77_197	olaTTNIg82_196	34.375	96	63	0	2	97	1	96	1.29e-16	60.5
olaTTNIg77_197	olaTTNIg70_195	31.25	96	64	1	1	96	1	94	1.62e-16	60.5
olaTTNIg77_197	olaTTNIg75_195	30.928	97	62	2	2	96	1	94	2.69e-16	59.7
olaTTNIg77_197	olaTTNIg69_194	37.5	96	58	2	2	97	1	94	2.20e-15	57.4
olaTTNIg77_197	olaTTNIg87_194	30.526	95	64	1	2	96	1	93	2.32e-15	57.4
olaTTNIg77_197	olaTTNIg81_193	30.526	95	63	1	2	96	1	92	7.39e-15	55.8
olaTTNIg77_197	olaTTNIg92_196	29.474	95	67	0	2	96	1	95	1.92e-14	55.1
olaTTNIg77_197	olaTTNIg94_193	33.735	83	55	0	14	96	10	92	3.47e-14	54.3
olaTTNIg77_197	olaTTNIg95_197	29.167	96	68	0	1	96	1	96	6.89e-14	53.5
olaTTNIg77_197	olaTTNIg105_194	31.579	95	63	1	2	96	1	93	1.15e-13	53.1
olaTTNIg77_197	olaTTNIg101_195	31.579	95	64	1	2	96	1	94	1.29e-13	52.8
olaTTNIg77_197	olaTTNIg103_196	26.882	93	68	0	2	94	1	93	4.09e-13	51.6
olaTTNIg77_197	olaTTNIg74_196	29.032	93	64	1	6	96	3	95	4.13e-13	51.6
olaTTNIg77_197	olaTTNIg80_196	29.474	95	66	1	4	97	2	96	5.47e-13	51.2
olaTTNIg77_197	olaTTNIg89_196	30.612	98	62	2	2	96	1	95	1.37e-12	50.1
olaTTNIg77_197	olaTTNIg76_192	28.409	88	63	0	10	97	5	92	1.57e-12	50.1
olaTTNIg77_197	olaTTNIg79_197	30	80	55	1	17	95	16	95	1.59e-12	50.1
olaTTNIg77_197	olaTTNIg71_194	29.474	95	65	1	2	96	1	93	2.02e-12	49.7
olaTTNIg77_197	olaTTNIg107_194	28.723	94	65	1	2	95	1	92	1.12e-11	47.8
olaTTNIg77_197	olaTTNIg98_196	23.158	95	73	0	2	96	1	95	1.37e-11	47.8
olaTTNIg77_197	olaTTNIg91_193	30.864	81	56	0	16	96	12	92	1.98e-11	47.4
olaTTNIg77_197	olaTTNIg91_193	100	6	0	0	74	79	9	14	8.8	15.8
olaTTNIg77_197	olaTTNIg67_1104	27.778	90	58	1	14	96	14	103	2.76e-11	47
olaTTNIg77_197	olaTTNIg40_194	33.735	83	55	0	12	94	8	90	6.10e-11	45.8
olaTTNIg77_197	olaTTNIg116_195	30.12	83	58	0	12	94	9	91	7.47e-11	45.8
olaTTNIg77_197	olaTTNIg86_197	28.125	96	69	0	1	96	1	96	7.78e-11	45.8
olaTTNIg77_197	olaTTNIg106_196	29.474	95	65	2	2	95	1	94	8.05e-11	45.8
olaTTNIg77_197	olaTTNnewIg_1104	27.885	104	66	2	2	96	1	104	4.07e-10	43.9
olaTTNIg77_197	olaTTNIg96_194	30.526	95	64	2	2	96	1	93	4.83e-10	43.5
olaTTNIg77_197	olaTTNIg1_196	32.911	79	49	2	19	93	16	94	8.30e-10	43.1
olaTTNIg77_197	olaTTNIg88_193	30.667	75	52	0	22	96	18	92	1.32e-09	42.4
olaTTNIg77_197	olaTTNIg111_1101	28	100	69	2	1	97	2	101	2.19e-09	42
olaTTNIg77_197	olaTTNIg68_199	29.126	103	58	4	2	95	1	97	3.26e-09	41.6
olaTTNIg77_197	olaTTNIg4_195	31.579	76	50	1	15	88	12	87	3.33e-09	41.6
olaTTNIg77_197	olaTTNIg64_193	28.125	64	46	0	32	95	28	91	8.11e-09	40.4
olaTTNIg77_197	olaTTNIg117_196	24.051	79	60	0	16	94	13	91	9.64e-09	40.4
olaTTNIg77_197	olaTTNIg2_194	30	80	54	1	16	93	13	92	1.29e-08	40
olaTTNIg77_197	olaTTNIg36_194	27.632	76	55	0	9	84	7	82	1.35e-08	40
olaTTNIg77_197	olaTTNIg22_193	27.059	85	61	1	12	96	9	92	1.64e-08	39.7
olaTTNIg77_197	olaTTNIg3_195	25.676	74	55	0	12	85	9	82	2.34e-08	39.3
olaTTNIg77_197	olaTTNIg7_195	24.742	97	55	2	8	94	4	92	3.28e-08	38.9
olaTTNIg77_197	olaTTNIg62_195	25.263	95	69	2	2	95	1	94	4.02e-08	38.5
olaTTNIg77_197	olaTTNIg5_198	24.211	95	68	3	1	94	1	92	4.28e-08	38.5
olaTTNIg77_197	olaTTNIg30_194	26.744	86	63	0	9	94	7	92	4.63e-08	38.5
olaTTNIg77_197	olaTTNIg100_195	25.532	94	70	0	2	95	1	94	8.08e-08	37.7
olaTTNIg77_197	olaTTNIg85_194	22.892	83	64	0	14	96	11	93	8.29e-08	37.7
olaTTNIg77_197	olaTTNIg97_197	22.34	94	73	0	2	95	2	95	1.00e-07	37.7
olaTTNIg77_197	olaTTNIg33_195	26.506	83	61	0	14	96	11	93	1.20e-07	37.4
olaTTNIg77_197	olaTTNIg109_193	26.582	79	57	1	19	96	14	92	1.49e-07	37
olaTTNIg77_197	olaTTNIg99_197	26.316	95	69	1	3	96	2	96	1.68e-07	37
olaTTNIg77_197	olaTTNIg83_195	23.158	95	72	1	2	96	1	94	2.35e-07	36.6
olaTTNIg77_197	olaTTNIg27_192	24.691	81	61	0	14	94	10	90	3.24e-07	36.2
olaTTNIg77_197	olaTTNIg110_194	25.581	86	60	2	12	94	8	92	3.28e-07	36.2
olaTTNIg77_197	olaTTNIg115_194	22.892	83	61	1	2	84	2	81	3.96e-07	36.2
olaTTNIg77_197	olaTTNIg9_193	25	88	51	2	14	94	10	89	8.15e-07	35
olaTTNIg77_197	olaTTNIg113_197	25.743	101	63	3	1	95	1	95	9.45e-07	35
olaTTNIg77_197	olaTTNIg25_194	24.719	89	63	2	1	88	1	86	1.32e-06	34.7
olaTTNIg77_197	olaTTNIg39_194	23.404	94	70	1	1	94	1	92	1.68e-06	34.3
olaTTNIg77_197	olaTTNIg6_195	28.049	82	58	1	14	94	10	91	1.70e-06	34.3
olaTTNIg77_197	olaTTNIg114_192	20.69	87	66	2	9	94	5	89	6.42e-06	32.7
olaTTNIg77_197	olaTTNIg31_193	30.986	71	49	0	19	89	16	86	8.03e-06	32.7
olaTTNIg77_197	olaTTNIg41_196	28.571	70	48	2	16	84	14	82	1.17e-05	32.3
olaTTNIg77_197	olaTTNIg108_193	27.536	69	48	2	17	84	13	80	1.24e-05	32
olaTTNIg77_197	olaTTNIg23_194	24.691	81	61	0	14	94	10	90	1.39e-05	32
olaTTNIg77_197	olaTTNIg24_194	22.667	75	58	0	14	88	10	84	1.59e-05	32
olaTTNIg77_197	olaTTNIg44_197	30.769	65	42	2	19	82	22	84	2.24e-05	31.6
olaTTNIg77_197	olaTTNIg26_192	29.851	67	46	1	31	96	25	91	2.32e-05	31.2
olaTTNIg77_197	olaTTNIg58_193	23.288	73	55	1	12	84	9	80	4.71e-05	30.4
olaTTNIg77_197	olaTTNIg35_193	25.758	66	49	0	19	84	16	81	6.05e-05	30.4
olaTTNIg77_197	olaTTNIg28_194	21.591	88	56	2	16	96	13	94	1.10e-04	29.6
olaTTNIg77_197	olaTTNIg29_192	25.424	59	44	0	36	94	32	90	1.28e-04	29.3
olaTTNIg77_197	olaTTNIg21_195	22.34	94	70	1	1	94	1	91	1.35e-04	29.3
olaTTNIg77_197	olaTTNIg61_188	23.288	73	53	3	19	90	17	87	2.84e-04	28.5
olaTTNIg77_197	olaTTNIg43_297	37.778	45	26	2	36	79	33	76	3.07e-04	28.5
olaTTNIg77_197	olaTTNIg32_194	22.222	72	55	1	19	89	16	87	5.38e-04	27.7
olaTTNIg77_197	olaTTNIg112_198	32.075	53	36	0	36	88	37	89	0.001	26.9
olaTTNIg77_197	olaTTNIg45_192	34.545	55	31	2	36	87	32	84	0.001	26.9
olaTTNIg77_197	olaTTNIg19_391	26.437	87	59	4	8	93	5	87	0.001	26.9
olaTTNIg77_197	olaTTNIg18_389	27.869	61	43	1	19	79	16	75	0.001	26.6
olaTTNIg77_197	olaTTNIg14_188	38.71	31	19	0	19	49	16	46	0.001	26.6
olaTTNIg77_197	olaTTNIg15_187	26.316	57	38	1	38	94	34	86	0.024	23.1
olaTTNIg77_197	olaTTNIg46_189	19.697	66	52	1	16	81	14	78	0.087	21.6
olaTTNIg77_197	olaTTNIg13_189	17.857	56	46	0	37	92	33	88	0.098	21.6
olaTTNIg77_197	olaTTNIg48_188	26.923	78	52	4	16	92	13	86	0.12	21.2
olaTTNIg77_197	olaTTNIg11_191	21.875	64	49	1	30	92	27	90	0.22	20.4
olaTTNIg77_197	olaTTNIg42_192	25	48	36	0	32	79	32	79	0.23	20.4
olaTTNIg77_197	olaTTNIg57_188	19.565	46	37	0	31	76	27	72	1.5	18.1
olaTTNIg77_197	olaTTNIg52_188	20.312	64	49	1	29	92	25	86	2.7	17.3
olaTTNIg77_197	olaTTNIg20_187	25	72	53	1	8	79	5	75	2.8	17.3
olaTTNIg77_197	olaTTNIg8_195	20	55	44	0	30	84	28	82	3.3	17.3
olaTTNIg77_197	olaTTNIg59_189	20	55	44	0	31	85	27	81	5.3	16.5
olaTTNIg77_197	olaTTNIg51_488	50	10	5	0	36	45	29	38	8.4	15.8
olaTTNIg78_196	olaTTNIg78_196	100	96	0	0	1	96	1	96	1.94e-71	199
olaTTNIg78_196	olaTTNIg93_194	43.75	96	52	1	1	96	1	94	3.40e-29	92.4
olaTTNIg78_196	olaTTNIg84_195	42.708	96	53	1	1	96	2	95	3.17e-26	85.1
olaTTNIg78_196	olaTTNIg105_194	39.583	96	56	1	1	96	1	94	1.46e-25	83.2
olaTTNIg78_196	olaTTNIg75_195	43.75	96	53	1	1	96	1	95	3.67e-24	79.7
olaTTNIg78_196	olaTTNIg81_193	43.75	96	51	1	1	96	1	93	3.97e-23	77
olaTTNIg78_196	olaTTNIg87_194	37.5	96	58	1	1	96	1	94	6.11e-23	76.6
olaTTNIg78_196	olaTTNIg96_194	35.417	96	60	1	1	96	1	94	7.06e-20	68.9
olaTTNIg78_196	olaTTNIg77_197	32.632	95	64	0	1	95	2	96	3.21e-19	67
olaTTNIg78_196	olaTTNIg102_195	37.755	98	55	2	1	96	2	95	3.47e-19	67
olaTTNIg78_196	olaTTNIg103_196	35.484	93	60	0	1	93	1	93	4.06e-19	67
olaTTNIg78_196	olaTTNIg90_195	33.333	96	62	1	1	96	2	95	8.48e-19	66.2
olaTTNIg78_196	olaTTNIg79_197	36.364	77	48	1	18	93	18	94	2.45e-16	59.7
olaTTNIg78_196	olaTTNIg104_198	30.928	97	66	1	1	96	2	98	5.24e-16	58.9
olaTTNIg78_196	olaTTNIg73_197	33.333	96	64	0	1	96	2	97	9.08e-16	58.5
olaTTNIg78_196	olaTTNIg66_196	31.579	95	64	1	1	95	2	95	2.77e-15	57
olaTTNIg78_196	olaTTNIg71_194	32.632	95	62	1	1	95	1	93	5.89e-15	56.2
olaTTNIg78_196	olaTTNIg92_196	32.632	95	64	0	1	95	1	95	9.82e-15	55.8
olaTTNIg78_196	olaTTNIg107_194	31.915	94	62	1	1	94	1	92	1.18e-14	55.5
olaTTNIg78_196	olaTTNIg69_194	27.368	95	67	1	1	95	1	93	1.26e-14	55.5
olaTTNIg78_196	olaTTNIg63_197	28.421	95	68	0	1	95	2	96	3.60e-14	54.3
olaTTNIg78_196	olaTTNIg83_195	27.586	87	63	0	9	95	8	94	5.91e-14	53.5
olaTTNIg78_196	olaTTNIg100_195	26.374	91	67	0	1	91	1	91	7.03e-14	53.5
olaTTNIg78_196	olaTTNnewIg_1104	27.103	107	63	2	1	95	1	104	1.52e-13	52.8
olaTTNIg78_196	olaTTNIg89_196	25.263	95	71	0	1	95	1	95	2.31e-13	52.4
olaTTNIg78_196	olaTTNIg98_196	24.211	95	72	0	1	95	1	95	3.96e-13	51.6
olaTTNIg78_196	olaTTNIg72_197	28.421	95	68	0	1	95	2	96	7.98e-13	50.8
olaTTNIg78_196	olaTTNIg74_196	28.889	90	62	1	8	95	6	95	1.70e-12	50.1
olaTTNIg78_196	olaTTNIg82_196	27.368	95	69	0	1	95	1	95	1.95e-12	49.7
olaTTNIg78_196	olaTTNIg95_197	30.12	83	58	0	1	83	2	84	1.97e-12	49.7
olaTTNIg78_196	olaTTNIg80_196	30.435	92	63	1	5	95	4	95	6.74e-12	48.5
olaTTNIg78_196	olaTTNIg101_195	28.125	96	68	1	1	96	1	95	6.96e-12	48.5
olaTTNIg78_196	olaTTNIg94_193	26.506	83	61	0	13	95	10	92	6.96e-12	48.1
olaTTNIg78_196	olaTTNIg86_197	28.421	95	68	0	1	95	2	96	1.00e-11	48.1
olaTTNIg78_196	olaTTNIg99_197	33.333	81	53	1	17	96	17	97	1.41e-11	47.8
olaTTNIg78_196	olaTTNIg109_193	29.545	88	61	1	9	95	5	92	3.65e-11	46.6
olaTTNIg78_196	olaTTNIg76_192	25.316	79	59	0	17	95	13	91	4.13e-10	43.9
olaTTNIg78_196	olaTTNIg106_196	28.571	84	60	0	1	84	1	84	4.93e-10	43.5
olaTTNIg78_196	olaTTNIg116_195	28	75	54	0	11	85	9	83	9.38e-10	42.7
olaTTNIg78_196	olaTTNIg70_195	27.368	95	67	1	1	95	2	94	1.58e-09	42.4
olaTTNIg78_196	olaTTNIg64_193	28.723	94	64	1	1	94	1	91	9.86e-09	40
olaTTNIg78_196	olaTTNIg97_197	25	92	68	1	1	91	2	93	1.12e-08	40
olaTTNIg78_196	olaTTNIg68_199	27.059	85	55	1	6	83	2	86	1.53e-08	39.7
olaTTNIg78_196	olaTTNIg88_193	25.61	82	61	0	14	95	11	92	8.18e-08	37.7
olaTTNIg78_196	olaTTNIg91_193	24.051	79	60	0	17	95	14	92	1.65e-07	37
olaTTNIg78_196	olaTTNIg111_1101	26.667	90	61	3	10	96	14	101	2.09e-07	37
olaTTNIg78_196	olaTTNIg117_196	24.39	82	62	0	15	96	13	94	1.65e-06	34.3
olaTTNIg78_196	olaTTNIg39_194	23.077	78	60	0	16	93	15	92	1.85e-06	34.3
olaTTNIg78_196	olaTTNIg40_194	25.352	71	53	0	13	83	10	80	1.23e-05	32
olaTTNIg78_196	olaTTNIg67_1104	25	88	59	2	15	95	16	103	1.39e-05	32
olaTTNIg78_196	olaTTNIg27_192	25.352	71	53	0	13	83	10	80	1.42e-05	32
olaTTNIg78_196	olaTTNIg36_194	22.581	62	48	0	15	76	14	75	1.74e-05	31.6
olaTTNIg78_196	olaTTNIg1_196	22.727	88	53	3	9	88	8	88	1.77e-05	31.6
olaTTNIg78_196	olaTTNIg85_194	19.355	93	75	0	3	95	1	93	4.08e-05	30.8
olaTTNIg78_196	olaTTNIg9_193	25	100	57	5	1	93	1	89	1.11e-04	29.6
olaTTNIg78_196	olaTTNIg38_193	17.105	76	63	0	18	93	16	91	2.56e-04	28.5
olaTTNIg78_196	olaTTNIg25_194	22.368	76	58	1	14	88	12	87	2.65e-04	28.5
olaTTNIg78_196	olaTTNIg62_195	25.61	82	55	3	1	79	1	79	4.71e-04	27.7
olaTTNIg78_196	olaTTNIg3_195	18.182	66	54	0	18	83	16	81	6.02e-04	27.7
olaTTNIg78_196	olaTTNIg28_194	18.293	82	66	1	15	95	13	94	6.59e-04	27.3
olaTTNIg78_196	olaTTNIg33_195	21.687	83	65	0	13	95	11	93	8.69e-04	26.9
olaTTNIg78_196	olaTTNIg10_194	23.529	68	49	2	18	83	16	82	0.001	26.9
olaTTNIg78_196	olaTTNIg21_195	34.783	23	15	0	17	39	15	37	0.002	26.2
olaTTNIg78_196	olaTTNIg4_195	23.077	65	48	1	12	74	10	74	0.003	25.8
olaTTNIg78_196	olaTTNIg34_193	17.949	78	62	1	10	85	6	83	0.003	25.8
olaTTNIg78_196	olaTTNIg108_193	22.727	66	51	0	18	83	15	80	0.004	25.4
olaTTNIg78_196	olaTTNIg23_194	20	60	48	0	17	76	14	73	0.005	25
olaTTNIg78_196	olaTTNIg115_194	35	20	13	0	18	37	16	35	0.006	25
olaTTNIg78_196	olaTTNIg114_192	23.171	82	60	2	13	93	10	89	0.006	24.6
olaTTNIg78_196	olaTTNIg18_389	24.359	78	54	3	10	84	9	84	0.01	24.3
olaTTNIg78_196	olaTTNIg35_193	20.43	93	71	1	1	93	2	91	0.011	24.3
olaTTNIg78_196	olaTTNIg22_193	26.087	69	46	3	18	84	16	81	0.012	23.9
olaTTNIg78_196	olaTTNIg12_189	28.205	39	25	1	51	86	49	87	0.021	23.1
olaTTNIg78_196	olaTTNIg46_189	21.569	51	40	0	30	80	28	78	0.032	22.7
olaTTNIg78_196	olaTTNIg113_197	33.333	24	16	0	16	39	14	37	0.036	22.7
olaTTNIg78_196	olaTTNIg7_195	24.096	83	58	3	4	83	2	82	0.038	22.7
olaTTNIg78_196	olaTTNIg41_196	28.571	56	39	1	20	74	18	73	0.039	22.7
olaTTNIg78_196	olaTTNIg45_192	33.333	30	20	0	61	90	59	88	0.044	22.3
olaTTNIg78_196	olaTTNIg5_198	28.571	28	20	0	18	45	16	43	0.048	22.3
olaTTNIg78_196	olaTTNIg32_194	30	30	21	0	18	47	16	45	0.14	21.2
olaTTNIg78_196	olaTTNIg13_189	23.529	51	33	1	24	74	27	71	0.14	20.8
olaTTNIg78_196	olaTTNIg44_197	28.889	45	31	1	31	74	33	77	0.17	20.8
olaTTNIg78_196	olaTTNIg110_194	34.783	23	15	0	23	45	20	42	0.18	20.8
olaTTNIg78_196	olaTTNIg59_189	17.778	45	37	0	30	74	27	71	0.27	20
olaTTNIg78_196	olaTTNIg14_188	26.23	61	41	3	18	76	16	74	0.61	19.2
olaTTNIg78_196	olaTTNIg17_290	21.818	55	38	1	24	78	28	77	0.87	18.9
olaTTNIg78_196	olaTTNIg57_188	19.608	51	41	0	30	80	27	77	3.7	16.9
olaTTNIg78_196	olaTTNIg29_192	29.167	24	17	0	70	93	67	90	4.3	16.9
olaTTNIg78_196	olaTTNIg43_297	17.5	40	33	0	35	74	33	72	5	16.5
olaTTNIg79_197	olaTTNIg79_197	100	97	0	0	1	97	1	97	4.81e-71	198
olaTTNIg79_197	olaTTNIg82_196	36.17	94	59	1	1	94	1	93	4.47e-20	69.3
olaTTNIg79_197	olaTTNIg103_196	32.99	97	64	1	1	97	1	96	3.73e-19	67
olaTTNIg79_197	olaTTNIg72_197	39.024	82	49	1	14	95	15	95	4.98e-18	64.3
olaTTNIg79_197	olaTTNIg87_194	41.25	80	44	2	16	95	16	92	1.48e-17	62.8
olaTTNIg79_197	olaTTNIg93_194	37.634	93	51	3	3	95	7	92	2.49e-17	62.4
olaTTNIg79_197	olaTTNIg107_194	36.047	86	52	2	12	97	12	94	6.20e-17	61.2
olaTTNIg79_197	olaTTNIg84_195	40.789	76	42	1	20	95	21	93	8.89e-17	60.8
olaTTNIg79_197	olaTTNIg98_196	35.354	99	59	3	1	97	1	96	8.92e-17	60.8
olaTTNIg79_197	olaTTNIg78_196	36.364	77	48	1	18	94	18	93	2.47e-16	59.7
olaTTNIg79_197	olaTTNIg100_195	31.25	96	65	1	1	96	1	95	3.93e-16	59.3
olaTTNIg79_197	olaTTNIg81_193	36.585	82	48	1	14	95	14	91	4.97e-16	58.9
olaTTNIg79_197	olaTTNIg105_194	36.17	94	57	2	1	94	1	91	1.01e-15	58.2
olaTTNIg79_197	olaTTNIg71_194	35.556	90	53	2	10	97	8	94	4.40e-15	56.6
olaTTNIg79_197	olaTTNIg90_195	35.802	81	49	2	15	95	16	93	8.53e-15	55.8
olaTTNIg79_197	olaTTNIg66_196	32.632	95	62	1	1	95	2	94	2.41e-14	54.7
olaTTNIg79_197	olaTTNIg94_193	31.959	97	62	2	1	97	1	93	3.79e-14	54.3
olaTTNIg79_197	olaTTNIg102_195	32.323	99	56	2	1	95	2	93	6.11e-14	53.5
olaTTNIg79_197	olaTTNIg64_193	34.94	83	53	1	14	96	11	92	8.25e-14	53.1
olaTTNIg79_197	olaTTNIg101_195	34.94	83	46	2	15	94	15	92	8.73e-14	53.1
olaTTNIg79_197	olaTTNIg88_193	40.26	77	45	1	21	97	18	93	1.31e-13	52.8
olaTTNIg79_197	olaTTNIg95_197	35.211	71	45	1	14	84	15	84	5.13e-13	51.2
olaTTNIg79_197	olaTTNIg106_196	30.928	97	66	1	1	97	1	96	5.36e-13	51.2
olaTTNIg79_197	olaTTNIg109_193	30.612	98	62	3	1	97	1	93	9.07e-13	50.4
olaTTNIg79_197	olaTTNIg77_197	30	80	55	1	16	95	17	95	1.59e-12	50.1
olaTTNIg79_197	olaTTNIg99_197	34.94	83	52	2	13	94	13	94	2.88e-12	49.3
olaTTNIg79_197	olaTTNIg96_194	30.526	95	63	2	1	95	1	92	5.43e-12	48.5
olaTTNIg79_197	olaTTNIg85_194	32.5	80	53	1	18	97	16	94	1.10e-11	47.8
olaTTNIg79_197	olaTTNIg75_195	29.474	95	65	1	1	95	1	93	1.24e-11	47.8
olaTTNIg79_197	olaTTNIg83_195	29.268	82	57	1	14	95	13	93	1.51e-11	47.4
olaTTNIg79_197	olaTTNIg97_197	29.897	97	67	1	1	97	2	97	1.79e-11	47.4
olaTTNIg79_197	olaTTNIg91_193	28.235	85	60	1	13	97	10	93	2.45e-11	47
olaTTNIg79_197	olaTTNIg76_192	30.864	81	53	2	15	93	11	90	3.01e-11	46.6
olaTTNIg79_197	olaTTNIg104_198	29.268	82	57	1	14	95	16	96	3.79e-11	46.6
olaTTNIg79_197	olaTTNIg62_195	31.959	97	63	2	1	96	1	95	8.50e-11	45.4
olaTTNIg79_197	olaTTNIg69_194	26.316	95	67	2	1	95	1	92	1.05e-10	45.4
olaTTNIg79_197	olaTTNIg73_197	33.75	80	52	1	16	95	17	95	1.37e-10	45.1
olaTTNIg79_197	olaTTNIg80_196	36.232	69	43	1	27	95	27	94	1.42e-10	45.1
olaTTNIg79_197	olaTTNIg111_1101	27.5	80	58	0	15	94	19	98	1.73e-10	45.1
olaTTNIg79_197	olaTTNIg74_196	28.395	81	57	1	16	95	14	94	2.85e-10	44.3
olaTTNIg79_197	olaTTNIg89_196	31.081	74	49	2	18	91	18	89	4.01e-10	43.9
olaTTNIg79_197	olaTTNIg86_197	26.027	73	53	1	14	86	15	86	3.14e-09	41.6
olaTTNIg79_197	olaTTNIg41_196	32.143	84	55	1	5	88	5	86	3.62e-09	41.6
olaTTNIg79_197	olaTTNIg63_197	31.325	83	56	1	15	97	16	97	6.49e-09	40.8
olaTTNIg79_197	olaTTNIg92_196	30.952	84	57	1	14	97	14	96	1.02e-08	40
olaTTNIg79_197	olaTTNIg116_195	28	75	53	1	14	88	12	85	1.28e-08	40
olaTTNIg79_197	olaTTNIg70_195	27.536	69	49	1	29	97	28	95	3.65e-08	38.9
olaTTNIg79_197	olaTTNIg117_196	28.205	78	55	1	17	94	15	91	5.99e-08	38.1
olaTTNIg79_197	olaTTNIg6_195	22.222	81	63	0	17	97	14	94	1.23e-07	37.4
olaTTNIg79_197	olaTTNIg108_193	31.081	74	50	1	15	88	12	84	1.52e-07	37
olaTTNIg79_197	olaTTNIg3_195	26.923	78	56	1	17	94	15	91	4.25e-07	35.8
olaTTNIg79_197	olaTTNIg23_194	26.882	93	65	2	5	97	4	93	1.77e-06	34.3
olaTTNIg79_197	olaTTNIg67_1104	23.596	89	62	2	15	97	16	104	3.59e-06	33.5
olaTTNIg79_197	olaTTNIg115_194	27.5	80	57	1	18	97	16	94	4.04e-06	33.5
olaTTNIg79_197	olaTTNIg46_189	30.159	63	43	1	28	90	26	87	4.11e-06	33.1
olaTTNIg79_197	olaTTNIg10_194	28.205	78	54	2	18	94	16	92	5.54e-06	33.1
olaTTNIg79_197	olaTTNIg113_197	26.582	79	56	1	8	84	6	84	6.62e-06	32.7
olaTTNIg79_197	olaTTNIg110_194	28.09	89	61	2	7	94	6	92	7.82e-06	32.7
olaTTNIg79_197	olaTTNIg68_199	23.301	103	69	2	1	97	1	99	1.29e-05	32
olaTTNIg79_197	olaTTNIg9_193	27.16	81	57	1	17	97	14	92	1.44e-05	32
olaTTNIg79_197	olaTTNIg1_196	26.506	83	58	2	9	89	7	88	1.53e-05	32
olaTTNIg79_197	olaTTNIg114_192	33.803	71	43	3	16	85	13	80	1.66e-05	31.6
olaTTNIg79_197	olaTTNIg7_195	30	70	48	1	16	84	13	82	2.22e-05	31.6
olaTTNIg79_197	olaTTNnewIg_1104	26.582	79	50	2	16	86	16	94	2.95e-05	31.2
olaTTNIg79_197	olaTTNIg2_194	26.506	83	58	2	16	97	14	94	3.46e-05	30.8
olaTTNIg79_197	olaTTNIg56_189	32.143	56	37	1	28	83	25	79	3.98e-05	30.8
olaTTNIg79_197	olaTTNIg21_195	28.767	73	49	2	18	89	16	86	4.50e-05	30.4
olaTTNIg79_197	olaTTNIg59_189	28.571	63	44	1	28	90	25	86	7.65e-05	30
olaTTNIg79_197	olaTTNIg35_193	26.923	78	56	1	17	94	15	91	9.05e-05	29.6
olaTTNIg79_197	olaTTNIg30_194	26.761	71	51	1	14	84	13	82	1.34e-04	29.3
olaTTNIg79_197	olaTTNIg58_193	27.536	69	48	2	16	84	14	80	1.79e-04	28.9
olaTTNIg79_197	olaTTNIg28_194	29.577	71	45	3	28	95	25	93	3.00e-04	28.5
olaTTNIg79_197	olaTTNIg40_194	26.471	68	49	1	18	85	15	81	0.001	26.9
olaTTNIg79_197	olaTTNIg34_193	28.169	71	50	1	19	89	17	86	0.001	26.6
olaTTNIg79_197	olaTTNIg33_195	22.105	95	71	2	1	95	1	92	0.002	26.2
olaTTNIg79_197	olaTTNIg4_195	28.571	70	47	2	17	84	15	83	0.003	25.8
olaTTNIg79_197	olaTTNIg25_194	18.987	79	64	0	17	95	15	93	0.004	25.4
olaTTNIg79_197	olaTTNIg47_188	30.769	52	35	1	28	79	26	76	0.005	25
olaTTNIg79_197	olaTTNIg36_194	21.127	71	55	1	14	84	13	82	0.008	24.3
olaTTNIg79_197	olaTTNIg5_198	35.484	31	20	0	9	39	7	37	0.01	24.3
olaTTNIg79_197	olaTTNIg39_194	20.779	77	60	1	18	94	17	92	0.052	22.3
olaTTNIg79_197	olaTTNIg48_188	33.333	27	17	1	15	41	13	38	0.072	21.9
olaTTNIg79_197	olaTTNIg45_192	23.636	55	42	0	35	89	32	86	0.14	21.2
olaTTNIg79_197	olaTTNIg14_188	24.615	65	48	1	15	79	13	76	0.17	20.8
olaTTNIg79_197	olaTTNIg27_192	23.188	69	50	2	18	85	15	81	0.32	20
olaTTNIg79_197	olaTTNIg12_189	21.569	51	39	1	27	77	25	74	0.34	20
olaTTNIg79_197	olaTTNIg57_188	23.077	52	39	1	28	79	25	75	0.5	19.2
olaTTNIg79_197	olaTTNIg54_189	53.333	15	7	0	62	76	59	73	0.67	19.2
olaTTNIg79_197	olaTTNIg54_189	30.769	13	9	0	2	14	73	85	2.5	17.3
olaTTNIg79_197	olaTTNIg24_194	17.91	67	54	1	18	84	15	80	1.3	18.5
olaTTNIg79_197	olaTTNIg55_190	24.138	58	43	1	28	85	27	83	1.3	18.1
olaTTNIg79_197	olaTTNIg43_297	21.739	46	35	1	35	80	33	77	2.7	17.3
olaTTNIg79_197	olaTTNIg8_195	60	10	4	0	28	37	27	36	3.6	16.9
olaTTNIg79_197	olaTTNIg20_187	24.49	49	36	1	28	76	25	72	3.9	16.9
olaTTNIg79_197	olaTTNIg11_191	40	15	9	0	29	43	27	41	5.8	16.5
olaTTNIg79_197	olaTTNIg16_189	25	56	39	2	28	82	26	79	5.9	16.5
olaTTNIg79_197	olaTTNIg19_391	30	30	21	0	66	95	22	51	7.2	16.2
olaTTNIg80_196	olaTTNIg80_196	100	96	0	0	1	96	1	96	6.54e-69	192
olaTTNIg80_196	olaTTNIg72_197	37.895	95	58	1	2	96	4	97	9.07e-20	68.6
olaTTNIg80_196	olaTTNIg104_198	35.484	93	58	2	4	95	6	97	1.83e-17	62.8
olaTTNIg80_196	olaTTNIg69_194	40	95	54	2	2	96	3	94	2.77e-17	62
olaTTNIg80_196	olaTTNIg88_193	42.029	69	40	0	27	95	24	92	2.01e-15	57.4
olaTTNIg80_196	olaTTNIg63_197	35.106	94	60	1	2	95	4	96	7.67e-15	55.8
olaTTNIg80_196	olaTTNIg75_195	39.175	97	51	3	2	95	3	94	2.54e-14	54.7
olaTTNIg80_196	olaTTNIg83_195	34.043	94	60	2	2	95	3	94	2.86e-14	54.7
olaTTNIg80_196	olaTTNIg98_196	31.915	94	63	1	2	95	3	95	6.31e-14	53.5
olaTTNIg80_196	olaTTNIg90_195	35.106	94	58	2	2	95	4	94	8.91e-14	53.1
olaTTNIg80_196	olaTTNIg93_194	32.979	94	60	2	2	95	3	93	9.20e-14	53.1
olaTTNIg80_196	olaTTNIg96_194	36.957	92	55	2	4	95	5	93	1.11e-13	53.1
olaTTNIg80_196	olaTTNIg87_194	34.043	94	59	2	2	95	3	93	1.12e-13	53.1
olaTTNIg80_196	olaTTNIg91_193	37.681	69	43	0	27	95	24	92	1.22e-13	52.8
olaTTNIg80_196	olaTTNIg66_196	33.684	95	61	2	2	96	4	96	1.48e-13	52.8
olaTTNIg80_196	olaTTNIg74_196	41.111	90	49	3	9	95	7	95	1.96e-13	52.4
olaTTNIg80_196	olaTTNIg95_197	37.805	82	50	1	2	83	4	84	3.92e-13	51.6
olaTTNIg80_196	olaTTNIg77_197	29.474	95	66	1	2	96	4	97	5.42e-13	51.2
olaTTNIg80_196	olaTTNIg101_195	38.542	96	53	3	2	95	3	94	6.86e-13	50.8
olaTTNIg80_196	olaTTNIg73_197	31.915	94	63	1	2	95	4	96	9.59e-13	50.4
olaTTNIg80_196	olaTTNIg86_197	38.298	94	57	1	2	95	4	96	9.90e-13	50.4
olaTTNIg80_196	olaTTNIg82_196	32.857	70	47	0	27	96	27	96	1.61e-12	50.1
olaTTNIg80_196	olaTTNIg89_196	32.258	93	62	1	3	95	4	95	1.68e-12	50.1
olaTTNIg80_196	olaTTNIg81_193	34.043	94	58	2	2	95	3	92	3.57e-12	48.9
olaTTNIg80_196	olaTTNIg78_196	30.435	92	63	1	4	95	5	95	6.74e-12	48.5
olaTTNIg80_196	olaTTNIg84_195	32.632	95	59	3	2	95	4	94	1.24e-11	47.8
olaTTNIg80_196	olaTTNIg105_194	36.364	88	45	3	12	95	13	93	2.25e-11	47
olaTTNIg80_196	olaTTNIg71_194	35.106	94	58	3	2	95	3	93	5.92e-11	45.8
olaTTNIg80_196	olaTTNIg106_196	34.94	83	53	1	12	94	13	94	7.09e-11	45.8
olaTTNIg80_196	olaTTNIg107_194	36.264	91	55	2	4	94	5	92	9.29e-11	45.4
olaTTNIg80_196	olaTTNIg79_197	36.232	69	43	1	27	94	27	95	1.41e-10	45.1
olaTTNIg80_196	olaTTNIg76_192	27.586	87	62	1	10	96	7	92	2.06e-10	44.7
olaTTNIg80_196	olaTTNIg94_193	32.143	84	56	1	12	95	10	92	2.75e-10	44.3
olaTTNIg80_196	olaTTNIg111_1101	33.803	71	42	2	29	96	33	101	6.10e-10	43.5
olaTTNIg80_196	olaTTNIg102_195	29.787	94	63	2	2	95	4	94	6.11e-10	43.5
olaTTNIg80_196	olaTTNIg109_193	31.25	80	53	2	17	95	14	92	1.26e-09	42.4
olaTTNIg80_196	olaTTNIg70_195	25.263	95	70	1	1	95	1	94	2.43e-09	42
olaTTNIg80_196	olaTTNIg100_195	29.73	74	51	1	12	85	13	85	4.23e-09	41.2
olaTTNIg80_196	olaTTNnewIg_1104	31.731	104	59	3	2	95	3	104	1.06e-08	40.4
olaTTNIg80_196	olaTTNIg85_194	26.966	89	64	1	7	95	6	93	1.24e-08	40
olaTTNIg80_196	olaTTNIg108_193	31.034	87	58	2	9	95	7	91	1.31e-08	39.7
olaTTNIg80_196	olaTTNIg116_195	31.169	77	52	1	10	86	9	84	2.11e-08	39.3
olaTTNIg80_196	olaTTNIg92_196	30.108	93	64	1	3	95	4	95	2.71e-08	39.3
olaTTNIg80_196	olaTTNIg27_192	42.553	47	27	0	37	83	34	80	3.16e-08	38.9
olaTTNIg80_196	olaTTNIg67_1104	28.571	91	57	2	12	95	14	103	4.90e-08	38.5
olaTTNIg80_196	olaTTNIg99_197	28.916	83	57	2	14	95	15	96	1.41e-07	37.4
olaTTNIg80_196	olaTTNIg3_195	26.667	75	54	1	9	83	8	81	5.50e-07	35.8
olaTTNIg80_196	olaTTNIg64_193	31.25	64	44	0	31	94	28	91	6.78e-07	35.4
olaTTNIg80_196	olaTTNIg68_199	25	96	62	3	7	94	4	97	2.88e-06	33.9
olaTTNIg80_196	olaTTNIg34_193	28.571	70	48	2	18	86	16	84	3.25e-06	33.5
olaTTNIg80_196	olaTTNIg10_194	30.556	72	48	2	13	83	12	82	9.30e-06	32.3
olaTTNIg80_196	olaTTNIg8_195	29.412	68	48	0	28	95	27	94	1.71e-05	31.6
olaTTNIg80_196	olaTTNIg33_195	27.381	84	60	1	12	95	11	93	2.19e-05	31.6
olaTTNIg80_196	olaTTNIg97_197	32.836	67	44	1	14	80	16	81	3.87e-05	30.8
olaTTNIg80_196	olaTTNIg12_189	40	40	24	0	37	76	35	74	4.59e-05	30.4
olaTTNIg80_196	olaTTNIg41_196	31.034	58	39	1	27	83	25	82	4.94e-05	30.4
olaTTNIg80_196	olaTTNIg25_194	31.034	58	39	1	27	83	25	82	5.12e-05	30.4
olaTTNIg80_196	olaTTNIg5_198	27.273	77	48	2	5	80	10	79	5.18e-05	30.4
olaTTNIg80_196	olaTTNIg24_194	25.714	70	51	1	14	83	12	80	6.85e-05	30
olaTTNIg80_196	olaTTNIg23_194	22.353	85	65	1	9	93	7	90	1.37e-04	29.3
olaTTNIg80_196	olaTTNIg6_195	35	60	34	3	27	83	24	81	1.76e-04	28.9
olaTTNIg80_196	olaTTNIg7_195	27.957	93	52	3	9	93	7	92	2.18e-04	28.9
olaTTNIg80_196	olaTTNIg28_194	22.5	80	50	2	28	95	15	94	2.24e-04	28.9
olaTTNIg80_196	olaTTNIg46_189	32.653	49	33	0	28	76	26	74	2.65e-04	28.5
olaTTNIg80_196	olaTTNIg4_195	28.571	70	38	3	21	83	19	83	3.46e-04	28.1
olaTTNIg80_196	olaTTNIg110_194	36.667	60	34	2	27	83	24	82	4.38e-04	27.7
olaTTNIg80_196	olaTTNIg117_196	27.16	81	58	1	13	93	12	91	4.52e-04	27.7
olaTTNIg80_196	olaTTNIg38_193	28.571	49	35	0	37	85	35	83	5.71e-04	27.7
olaTTNIg80_196	olaTTNIg2_194	25.974	77	56	1	7	83	6	81	7.61e-04	27.3
olaTTNIg80_196	olaTTNIg40_194	25.333	75	55	1	9	83	7	80	8.60e-04	26.9
olaTTNIg80_196	olaTTNIg21_195	25.333	75	55	1	9	83	8	81	0.001	26.9
olaTTNIg80_196	olaTTNIg1_196	24.638	69	50	1	27	93	25	93	0.001	26.9
olaTTNIg80_196	olaTTNIg115_194	27.586	58	42	0	26	83	24	81	0.001	26.9
olaTTNIg80_196	olaTTNIg22_193	22.727	66	41	1	29	84	16	81	0.001	26.6
olaTTNIg80_196	olaTTNIg62_195	30.909	55	37	1	27	80	26	80	0.002	26.2
olaTTNIg80_196	olaTTNIg59_189	29.167	48	34	0	28	75	25	72	0.003	25.8
olaTTNIg80_196	olaTTNIg13_189	30	40	28	0	37	76	34	73	0.003	25.8
olaTTNIg80_196	olaTTNIg113_197	25	76	47	2	11	83	16	84	0.003	25.8
olaTTNIg80_196	olaTTNIg52_188	33.333	39	26	0	37	75	34	72	0.005	25
olaTTNIg80_196	olaTTNIg36_194	25.758	66	38	1	29	83	17	82	0.007	24.6
olaTTNIg80_196	olaTTNIg58_193	27.848	79	49	2	5	83	10	80	0.008	24.6
olaTTNIg80_196	olaTTNIg19_391	29.545	44	31	0	35	78	32	75	0.008	24.3
olaTTNIg80_196	olaTTNIg47_188	29.787	47	33	0	30	76	28	74	0.008	24.3
olaTTNIg80_196	olaTTNIg39_194	25.676	74	54	1	10	83	10	82	0.01	24.3
olaTTNIg80_196	olaTTNIg114_192	28.889	90	56	5	7	93	5	89	0.01	24.3
olaTTNIg80_196	olaTTNIg17_290	27.5	40	29	0	37	76	36	75	0.011	23.9
olaTTNIg80_196	olaTTNIg29_192	22.059	68	42	1	27	83	13	80	0.014	23.9
olaTTNIg80_196	olaTTNIg44_197	27.66	47	34	0	34	80	37	83	0.015	23.9
olaTTNIg80_196	olaTTNIg60_187	18.966	58	41	1	37	94	34	85	0.026	23.1
olaTTNIg80_196	olaTTNIg45_192	22.222	81	52	3	25	95	13	92	0.043	22.3
olaTTNIg80_196	olaTTNIg57_188	28.571	56	30	1	29	74	16	71	0.052	22.3
olaTTNIg80_196	olaTTNIg32_194	28.767	73	40	3	23	83	10	82	0.069	21.9
olaTTNIg80_196	olaTTNIg51_488	31.034	29	20	0	36	64	30	58	0.069	21.9
olaTTNIg80_196	olaTTNIg20_187	30.952	42	29	0	37	78	34	75	0.11	21.2
olaTTNIg80_196	olaTTNIg31_193	29.787	47	33	0	37	83	35	81	0.11	21.2
olaTTNIg80_196	olaTTNIg53_190	25	44	33	0	37	80	36	79	0.13	21.2
olaTTNIg80_196	olaTTNIg61_188	25	44	33	0	37	80	35	78	0.16	20.8
olaTTNIg80_196	olaTTNIg18_389	25.641	39	29	0	37	75	34	72	0.22	20.4
olaTTNIg80_196	olaTTNIg42_192	22.5	40	31	0	37	76	38	77	0.25	20.4
olaTTNIg80_196	olaTTNIg11_191	24.638	69	51	1	7	75	6	73	0.36	20
olaTTNIg80_196	olaTTNIg16_189	27.083	48	35	0	28	75	26	73	0.64	19.2
olaTTNIg80_196	olaTTNIg35_193	25.316	79	53	2	11	83	3	81	0.79	18.9
olaTTNIg80_196	olaTTNIg56_189	71.429	7	2	0	69	75	66	72	7.5	16.2
olaTTNIg80_196	olaTTNIg48_188	35.714	14	9	0	7	20	6	19	8.7	15.8
olaTTNIg80_196	olaTTNIg103_196	32.258	31	14	2	40	68	71	96	9.9	15.8
olaTTNIg81_193	olaTTNIg81_193	100	93	0	0	1	93	1	93	5.24e-67	187
olaTTNIg81_193	olaTTNIg84_195	57.447	94	39	1	1	93	2	95	1.67e-37	113
olaTTNIg81_193	olaTTNIg87_194	53.191	94	43	1	1	93	1	94	1.97e-34	105
olaTTNIg81_193	olaTTNIg93_194	52.128	94	44	1	1	93	1	94	7.21e-32	99
olaTTNIg81_193	olaTTNIg75_195	47.368	95	48	1	1	93	1	95	5.16e-29	92
olaTTNIg81_193	olaTTNIg107_194	48.913	92	46	1	1	91	1	92	4.12e-27	87
olaTTNIg81_193	olaTTNIg90_195	44.681	94	51	1	1	93	2	95	6.70e-27	86.7
olaTTNIg81_193	olaTTNIg96_194	46.809	94	49	1	1	93	1	94	2.42e-26	85.1
olaTTNIg81_193	olaTTNIg102_195	39.362	94	56	1	1	93	2	95	4.56e-24	79.3
olaTTNIg81_193	olaTTNIg105_194	41.489	94	54	1	1	93	1	94	2.69e-23	77.4
olaTTNIg81_193	olaTTNIg78_196	43.75	96	51	1	1	93	1	96	3.85e-23	77
olaTTNIg81_193	olaTTNIg71_194	44.086	93	51	1	1	92	1	93	2.39e-22	75.1
olaTTNIg81_193	olaTTNIg73_197	41.667	96	53	1	1	93	2	97	4.12e-22	74.3
olaTTNIg81_193	olaTTNIg72_197	42.105	95	52	1	1	92	2	96	9.42e-21	70.9
olaTTNIg81_193	olaTTNIg69_194	36.559	93	58	1	1	92	1	93	2.09e-20	70.1
olaTTNIg81_193	olaTTNIg95_197	36.842	95	57	1	1	92	2	96	1.36e-19	68.2
olaTTNIg81_193	olaTTNIg66_196	36.17	94	58	1	1	92	2	95	1.72e-19	67.8
olaTTNIg81_193	olaTTNIg94_193	37.647	85	50	1	11	92	8	92	4.81e-18	63.9
olaTTNIg81_193	olaTTNIg99_197	35.789	95	57	2	3	93	3	97	5.14e-18	63.9
olaTTNIg81_193	olaTTNIg74_196	37.634	93	53	1	5	92	3	95	7.03e-18	63.5
olaTTNIg81_193	olaTTNIg85_194	34.483	87	54	1	9	92	7	93	1.51e-17	62.8
olaTTNIg81_193	olaTTNIg89_196	32.632	95	61	1	1	92	1	95	3.51e-17	62
olaTTNIg81_193	olaTTNIg104_198	37.113	97	57	2	1	93	2	98	1.67e-16	60.1
olaTTNIg81_193	olaTTNIg91_193	37.647	85	50	1	11	92	8	92	2.44e-16	59.7
olaTTNIg81_193	olaTTNIg63_197	35.789	95	58	1	1	92	2	96	3.79e-16	59.3
olaTTNIg81_193	olaTTNIg88_193	43.421	76	40	1	20	92	17	92	4.33e-16	58.9
olaTTNIg81_193	olaTTNIg79_197	36.585	82	48	1	14	91	14	95	4.76e-16	58.9
olaTTNIg81_193	olaTTNIg83_195	34.483	87	54	1	9	92	8	94	6.43e-16	58.5
olaTTNIg81_193	olaTTNIg98_196	33.684	95	60	1	1	92	1	95	1.24e-15	57.8
olaTTNIg81_193	olaTTNIg103_196	37.634	93	55	1	1	90	1	93	7.00e-15	55.8
olaTTNIg81_193	olaTTNIg77_197	30.526	95	63	1	1	92	2	96	7.08e-15	55.8
olaTTNIg81_193	olaTTNIg82_196	28.421	95	65	1	1	92	1	95	7.47e-15	55.8
olaTTNIg81_193	olaTTNnewIg_1104	33.333	105	56	2	1	92	1	104	1.03e-14	55.8
olaTTNIg81_193	olaTTNIg92_196	34.737	95	59	1	1	92	1	95	3.15e-14	54.3
olaTTNIg81_193	olaTTNIg68_199	33.684	95	53	2	7	91	3	97	3.76e-14	54.3
olaTTNIg81_193	olaTTNIg101_195	32.632	95	62	1	1	93	1	95	3.22e-13	51.6
olaTTNIg81_193	olaTTNIg86_197	33.684	95	60	1	1	92	2	96	3.29e-13	51.6
olaTTNIg81_193	olaTTNIg100_195	28.723	94	64	1	1	91	1	94	4.91e-13	51.2
olaTTNIg81_193	olaTTNIg97_197	31.915	94	61	1	1	91	2	95	7.56e-13	50.8
olaTTNIg81_193	olaTTNIg76_192	28.571	84	57	1	12	92	8	91	1.62e-12	49.7
olaTTNIg81_193	olaTTNIg116_195	32.468	77	49	1	11	84	9	85	2.94e-12	49.3
olaTTNIg81_193	olaTTNIg80_196	34.043	94	58	2	3	92	2	95	3.46e-12	48.9
olaTTNIg81_193	olaTTNIg67_1104	29.67	91	54	1	12	92	13	103	2.68e-11	47
olaTTNIg81_193	olaTTNIg64_193	31.111	90	58	2	5	91	3	91	6.37e-10	43.1
olaTTNIg81_193	olaTTNIg109_193	27.473	91	62	2	6	92	2	92	1.53e-09	42.4
olaTTNIg81_193	olaTTNIg70_195	29.474	95	62	2	1	92	2	94	1.70e-09	42
olaTTNIg81_193	olaTTNIg62_195	32.632	95	59	2	1	91	1	94	2.61e-09	41.6
olaTTNIg81_193	olaTTNIg106_196	29.412	85	57	1	10	91	10	94	3.62e-09	41.2
olaTTNIg81_193	olaTTNIg2_194	30.986	71	44	2	15	81	13	82	4.60e-09	40.8
olaTTNIg81_193	olaTTNIg114_192	28.75	80	51	2	15	90	12	89	2.11e-08	39.3
olaTTNIg81_193	olaTTNIg33_195	28.09	89	61	1	7	92	5	93	2.45e-07	36.6
olaTTNIg81_193	olaTTNIg111_1101	27.381	84	47	3	18	92	22	100	3.90e-07	36.2
olaTTNIg81_193	olaTTNIg7_195	26.136	88	60	1	8	90	5	92	5.35e-07	35.4
olaTTNIg81_193	olaTTNIg3_195	29.07	86	55	3	9	90	8	91	8.51e-07	35
olaTTNIg81_193	olaTTNIg6_195	27.027	74	48	2	18	86	15	87	1.44e-06	34.3
olaTTNIg81_193	olaTTNIg36_194	21.839	87	65	1	7	90	6	92	1.83e-06	34.3
olaTTNIg81_193	olaTTNIg117_196	23.256	86	63	1	11	93	9	94	3.72e-06	33.5
olaTTNIg81_193	olaTTNIg1_196	20	85	63	1	11	90	9	93	5.91e-06	32.7
olaTTNIg81_193	olaTTNIg110_194	21.176	85	62	1	11	90	8	92	1.97e-05	31.6
olaTTNIg81_193	olaTTNIg39_194	27.273	77	53	1	17	90	16	92	3.15e-05	30.8
olaTTNIg81_193	olaTTNIg115_194	22.368	76	56	1	11	83	9	84	3.18e-05	30.8
olaTTNIg81_193	olaTTNIg4_195	26.027	73	49	1	18	85	16	88	7.71e-05	30
olaTTNIg81_193	olaTTNIg27_192	28.916	83	50	3	13	88	10	90	1.60e-04	28.9
olaTTNIg81_193	olaTTNIg41_196	28.571	63	41	1	23	81	21	83	3.31e-04	28.1
olaTTNIg81_193	olaTTNIg55_190	22.368	76	49	2	6	78	12	80	0.002	26.2
olaTTNIg81_193	olaTTNIg23_194	27.16	81	56	3	13	90	10	90	0.002	26.2
olaTTNIg81_193	olaTTNIg21_195	25.333	75	49	2	15	84	13	85	0.002	26.2
olaTTNIg81_193	olaTTNIg10_194	25.676	74	51	1	15	84	13	86	0.002	25.8
olaTTNIg81_193	olaTTNIg30_194	20.253	79	60	1	9	84	8	86	0.005	25
olaTTNIg81_193	olaTTNIg31_193	28.261	92	45	4	7	89	11	90	0.006	24.6
olaTTNIg81_193	olaTTNIg5_198	26.829	41	27	1	1	41	2	39	0.008	24.6
olaTTNIg81_193	olaTTNIg108_193	26.866	67	36	3	23	81	20	81	0.011	23.9
olaTTNIg81_193	olaTTNIg59_189	31.373	51	32	1	24	71	21	71	0.012	23.9
olaTTNIg81_193	olaTTNIg13_189	22.807	57	41	1	36	89	33	89	0.015	23.5
olaTTNIg81_193	olaTTNIg113_197	23.288	73	50	1	18	84	16	88	0.022	23.1
olaTTNIg81_193	olaTTNIg38_193	23.529	68	49	1	18	82	16	83	0.025	23.1
olaTTNIg81_193	olaTTNIg35_193	50	16	8	0	66	81	67	82	0.043	22.3
olaTTNIg81_193	olaTTNIg35_193	41.667	12	7	0	63	74	75	86	7.1	16.2
olaTTNIg81_193	olaTTNIg19_391	27.778	72	36	4	6	71	10	71	0.067	21.9
olaTTNIg81_193	olaTTNIg40_194	25.806	93	59	3	4	90	2	90	0.084	21.6
olaTTNIg81_193	olaTTNIg9_193	33.333	24	16	0	18	41	15	38	0.15	20.8
olaTTNIg81_193	olaTTNIg8_195	42.105	19	11	0	29	47	28	46	0.15	20.8
olaTTNIg81_193	olaTTNIg28_194	30.769	26	18	0	67	92	69	94	0.17	20.8
olaTTNIg81_193	olaTTNIg15_187	24.138	58	35	3	37	90	34	86	0.36	19.6
olaTTNIg81_193	olaTTNIg32_194	18.056	72	55	1	18	85	16	87	0.46	19.6
olaTTNIg81_193	olaTTNIg25_194	38.462	13	8	0	27	39	25	37	0.56	19.2
olaTTNIg81_193	olaTTNIg16_189	43.75	16	9	0	29	44	27	42	0.87	18.9
olaTTNIg81_193	olaTTNIg44_197	27.778	54	35	2	32	82	35	87	1.1	18.5
olaTTNIg81_193	olaTTNIg52_188	22.581	62	43	2	30	88	27	86	2.6	17.3
olaTTNIg81_193	olaTTNIg22_193	41.667	12	7	0	69	80	69	80	2.7	17.3
olaTTNIg81_193	olaTTNIg45_192	30.303	33	20	1	39	71	43	72	2.8	17.3
olaTTNIg81_193	olaTTNIg54_189	31.25	16	11	0	29	44	27	42	6.1	16.2
olaTTNIg81_193	olaTTNIg20_187	27.5	40	26	2	35	71	32	71	6.7	16.2
olaTTNIg82_196	olaTTNIg82_196	100	96	0	0	1	96	1	96	1.44e-69	194
olaTTNIg82_196	olaTTNIg91_193	44.304	79	44	0	17	95	14	92	2.92e-24	79.7
olaTTNIg82_196	olaTTNIg88_193	42.105	76	44	0	20	95	17	92	1.23e-20	70.9
olaTTNIg82_196	olaTTNIg79_197	36.17	94	59	1	1	93	1	94	4.42e-20	69.3
olaTTNIg82_196	olaTTNIg97_197	35.556	90	58	0	1	90	2	91	4.77e-20	69.3
olaTTNIg82_196	olaTTNIg85_194	42.308	78	45	0	18	95	16	93	1.14e-19	68.2
olaTTNIg82_196	olaTTNIg105_194	35.789	95	59	1	1	95	1	93	1.33e-19	68.2
olaTTNIg82_196	olaTTNIg87_194	36.842	95	58	1	1	95	1	93	2.31e-19	67.4
olaTTNIg82_196	olaTTNIg90_195	35.789	95	59	1	1	95	2	94	4.73e-18	64.3
olaTTNIg82_196	olaTTNIg69_194	36.458	96	59	1	1	96	1	94	2.96e-17	62
olaTTNIg82_196	olaTTNIg106_196	34.409	93	61	0	1	93	1	93	1.23e-16	60.5
olaTTNIg82_196	olaTTNIg77_197	34.375	96	63	0	1	96	2	97	1.28e-16	60.5
olaTTNIg82_196	olaTTNIg98_196	34.737	95	62	0	1	95	1	95	2.05e-16	60.1
olaTTNIg82_196	olaTTNIg93_194	34.737	95	60	1	1	95	1	93	2.74e-16	59.7
olaTTNIg82_196	olaTTNIg94_193	34.524	84	55	0	12	95	9	92	3.51e-16	59.3
olaTTNIg82_196	olaTTNIg104_198	32.941	85	57	0	11	95	13	97	6.57e-16	58.9
olaTTNIg82_196	olaTTNIg95_197	38.158	76	47	0	10	85	11	86	1.65e-15	57.8
olaTTNIg82_196	olaTTNIg102_195	33.684	95	61	1	1	95	2	94	4.08e-15	56.6
olaTTNIg82_196	olaTTNIg96_194	29.474	95	65	1	1	95	1	93	6.28e-15	56.2
olaTTNIg82_196	olaTTNIg100_195	30.769	91	63	0	1	91	1	91	6.50e-15	56.2
olaTTNIg82_196	olaTTNIg81_193	28.421	95	65	1	1	95	1	92	7.71e-15	55.8
olaTTNIg82_196	olaTTNIg76_192	31.461	89	61	0	8	96	4	92	9.45e-15	55.8
olaTTNIg82_196	olaTTNIg89_196	38.158	76	47	0	11	86	11	86	1.65e-14	55.1
olaTTNIg82_196	olaTTNIg73_197	32.632	95	64	0	1	95	2	96	1.82e-14	55.1
olaTTNIg82_196	olaTTNIg99_197	34.94	83	53	1	14	95	14	96	3.06e-14	54.3
olaTTNIg82_196	olaTTNIg63_197	33.684	95	63	0	1	95	2	96	4.77e-14	53.9
olaTTNIg82_196	olaTTNIg71_194	32.258	93	61	1	1	93	1	91	7.33e-14	53.5
olaTTNIg82_196	olaTTNIg74_196	34.146	82	52	1	16	95	14	95	1.26e-13	52.8
olaTTNIg82_196	olaTTNIg66_196	32.292	96	64	1	1	96	2	96	2.12e-13	52.4
olaTTNIg82_196	olaTTNIg86_197	33.784	74	49	0	11	84	12	85	2.36e-13	52.4
olaTTNIg82_196	olaTTNIg103_196	26.19	84	62	0	1	84	1	84	2.49e-13	52
olaTTNIg82_196	olaTTNIg84_195	30.526	95	64	1	1	95	2	94	2.89e-13	52
olaTTNIg82_196	olaTTNIg83_195	30.233	86	60	0	10	95	9	94	5.35e-13	51.2
olaTTNIg82_196	olaTTNIg64_193	29.032	93	63	1	1	93	1	90	6.49e-13	50.8
olaTTNIg82_196	olaTTNIg80_196	32.857	70	47	0	27	96	27	96	1.61e-12	50.1
olaTTNIg82_196	olaTTNIg101_195	30	80	55	1	16	95	16	94	1.75e-12	50.1
olaTTNIg82_196	olaTTNIg78_196	27.368	95	69	0	1	95	1	95	1.95e-12	49.7
olaTTNIg82_196	olaTTNIg107_194	29.787	94	62	2	1	93	1	91	2.30e-12	49.7
olaTTNIg82_196	olaTTNIg67_1104	30.612	98	61	2	5	95	6	103	5.95e-12	48.9
olaTTNIg82_196	olaTTNIg72_197	31.944	72	49	0	13	84	14	85	7.91e-12	48.1
olaTTNIg82_196	olaTTNIg115_194	25.714	70	52	0	18	87	16	85	1.64e-10	44.7
olaTTNIg82_196	olaTTNIg70_195	34.483	58	38	0	29	86	28	85	2.26e-10	44.3
olaTTNIg82_196	olaTTNIg62_195	30.851	94	63	2	1	93	1	93	4.39e-10	43.9
olaTTNIg82_196	olaTTNIg75_195	27.368	95	68	1	1	95	1	94	4.94e-10	43.5
olaTTNIg82_196	olaTTNIg92_196	30.233	86	60	0	10	95	10	95	1.03e-09	42.7
olaTTNIg82_196	olaTTNIg111_1101	28.409	88	62	1	10	96	14	101	1.22e-09	42.7
olaTTNIg82_196	olaTTNIg109_193	30.208	96	62	2	1	95	1	92	2.95e-09	41.6
olaTTNIg82_196	olaTTNIg68_199	29.333	75	46	1	16	83	12	86	1.12e-08	40
olaTTNIg82_196	olaTTNIg3_195	24.675	77	58	0	18	94	16	92	2.87e-08	38.9
olaTTNIg82_196	olaTTNIg116_195	26.027	73	54	0	11	83	9	81	3.00e-08	38.9
olaTTNIg82_196	olaTTNIg114_192	28.049	82	56	2	13	93	10	89	3.51e-08	38.9
olaTTNIg82_196	olaTTNIg30_194	29.032	62	44	0	14	75	13	74	1.55e-07	37
olaTTNIg82_196	olaTTNIg4_195	28.571	70	48	1	18	85	16	85	1.91e-07	37
olaTTNIg82_196	olaTTNIg59_189	34.783	46	30	0	30	75	27	72	3.82e-07	35.8
olaTTNIg82_196	olaTTNIg36_194	27.143	70	51	0	14	83	13	82	8.60e-07	35
olaTTNIg82_196	olaTTNIg41_196	29.487	78	44	2	12	88	20	87	1.08e-06	35
olaTTNIg82_196	olaTTNIg40_194	26.804	97	66	2	1	95	1	94	1.70e-06	34.3
olaTTNIg82_196	olaTTNIg2_194	24.286	70	53	0	16	85	14	83	2.51e-06	33.9
olaTTNIg82_196	olaTTNIg27_192	25.714	70	52	0	17	86	14	83	4.20e-06	33.1
olaTTNIg82_196	olaTTNIg5_198	25	68	50	1	18	84	16	83	4.41e-06	33.5
olaTTNIg82_196	olaTTNIg1_196	28	75	52	1	11	83	9	83	5.74e-06	33.1
olaTTNIg82_196	olaTTNIg33_195	27.143	70	51	0	17	86	15	84	6.21e-06	32.7
olaTTNIg82_196	olaTTNIg13_189	30.952	42	29	0	36	77	33	74	8.19e-06	32.3
olaTTNIg82_196	olaTTNIg7_195	28	75	52	1	11	83	8	82	8.32e-06	32.3
olaTTNIg82_196	olaTTNIg108_193	24.324	74	56	0	13	86	10	83	9.76e-06	32.3
olaTTNIg82_196	olaTTNIg39_194	21.176	85	67	0	11	95	10	94	1.38e-05	32
olaTTNIg82_196	olaTTNIg117_196	22.368	76	59	0	18	93	16	91	1.55e-05	32
olaTTNIg82_196	olaTTNIg34_193	27.027	74	54	0	11	84	9	82	1.71e-05	31.6
olaTTNIg82_196	olaTTNnewIg_1104	27.273	77	47	1	16	83	16	92	5.02e-05	30.4
olaTTNIg82_196	olaTTNIg110_194	29.508	61	41	2	27	85	24	84	8.08e-05	30
olaTTNIg82_196	olaTTNIg10_194	20.513	78	61	1	18	94	16	93	1.75e-04	28.9
olaTTNIg82_196	olaTTNIg22_193	20	85	67	1	11	95	9	92	2.06e-04	28.9
olaTTNIg82_196	olaTTNIg21_195	22.222	90	66	2	6	93	6	93	2.44e-04	28.5
olaTTNIg82_196	olaTTNIg19_391	20.339	59	44	1	19	77	19	74	2.67e-04	28.5
olaTTNIg82_196	olaTTNIg46_189	26.562	64	44	1	13	76	14	74	2.76e-04	28.5
olaTTNIg82_196	olaTTNIg38_193	19.231	78	63	0	18	95	16	93	2.87e-04	28.5
olaTTNIg82_196	olaTTNIg9_193	20.779	77	60	1	18	94	15	90	3.18e-04	28.1
olaTTNIg82_196	olaTTNIg31_193	25.758	66	48	1	28	92	25	90	6.72e-04	27.3
olaTTNIg82_196	olaTTNIg61_188	21.429	70	54	1	11	80	10	78	7.39e-04	27.3
olaTTNIg82_196	olaTTNIg44_197	31.111	45	31	0	36	80	39	83	0.001	26.9
olaTTNIg82_196	olaTTNIg23_194	22.535	71	55	0	13	83	10	80	0.001	26.9
olaTTNIg82_196	olaTTNIg54_189	21.333	75	56	1	11	85	12	83	0.001	26.6
olaTTNIg82_196	olaTTNIg17_290	26.087	46	33	1	35	79	34	79	0.001	26.6
olaTTNIg82_196	olaTTNIg113_197	23.256	86	60	2	1	83	2	84	0.002	26.2
olaTTNIg82_196	olaTTNIg43_297	21.739	46	36	0	34	79	32	77	0.003	25.8
olaTTNIg82_196	olaTTNIg25_194	23.214	56	42	1	29	83	27	82	0.003	25.4
olaTTNIg82_196	olaTTNIg14_188	20.635	63	50	0	15	77	13	75	0.006	24.6
olaTTNIg82_196	olaTTNIg42_192	21.277	47	37	0	31	77	32	78	0.007	24.6
olaTTNIg82_196	olaTTNIg60_187	24	50	38	0	25	74	22	71	0.008	24.3
olaTTNIg82_196	olaTTNIg51_488	25.641	39	29	0	35	73	29	67	0.02	23.1
olaTTNIg82_196	olaTTNIg28_194	20.779	77	60	1	18	93	16	92	0.041	22.3
olaTTNIg82_196	olaTTNIg29_192	22.388	67	52	0	18	84	15	81	0.045	22.3
olaTTNIg82_196	olaTTNIg48_188	17.333	75	61	1	16	90	14	87	0.061	21.9
olaTTNIg82_196	olaTTNIg8_195	23.636	55	42	0	29	83	28	82	0.063	21.9
olaTTNIg82_196	olaTTNIg56_189	30	40	28	0	35	74	32	71	0.068	21.9
olaTTNIg82_196	olaTTNIg112_198	27.5	40	29	0	35	74	37	76	0.068	21.9
olaTTNIg82_196	olaTTNIg20_187	21.951	41	32	0	35	75	32	72	0.088	21.6
olaTTNIg82_196	olaTTNIg12_189	20.69	58	42	1	36	93	34	87	0.093	21.6
olaTTNIg82_196	olaTTNIg47_188	22.727	44	34	0	33	76	31	74	0.11	21.2
olaTTNIg82_196	olaTTNIg50_192	21.311	61	47	1	20	80	18	77	0.15	20.8
olaTTNIg82_196	olaTTNIg55_190	19.565	46	37	0	29	74	28	73	0.17	20.8
olaTTNIg82_196	olaTTNIg35_193	20.588	68	54	0	18	85	16	83	0.17	20.8
olaTTNIg82_196	olaTTNIg52_188	21.951	41	32	0	35	75	32	72	0.25	20.4
olaTTNIg82_196	olaTTNIg45_192	25	40	29	1	37	75	34	73	0.35	20
olaTTNIg82_196	olaTTNIg58_193	23.404	47	36	0	37	83	34	80	1.1	18.5
olaTTNIg82_196	olaTTNIg57_188	19.231	52	38	1	35	86	32	79	3.1	17.3
olaTTNIg82_196	olaTTNIg16_189	24.444	45	34	0	31	75	29	73	6.4	16.2
olaTTNIg83_195	olaTTNIg83_195	100	95	0	0	1	95	1	95	9.83e-70	194
olaTTNIg83_195	olaTTNIg95_197	43.75	96	53	1	1	95	2	97	1.80e-27	88.2
olaTTNIg83_195	olaTTNIg89_196	48.81	84	43	0	12	95	13	96	1.03e-26	86.3
olaTTNIg83_195	olaTTNIg92_196	44.792	96	52	1	1	95	1	96	1.88e-20	70.1
olaTTNIg83_195	olaTTNIg72_197	35.789	95	60	1	1	94	2	96	6.86e-18	63.9
olaTTNIg83_195	olaTTNIg104_198	33.333	96	62	1	1	94	2	97	9.03e-18	63.5
olaTTNIg83_195	olaTTNIg73_197	30.526	95	65	1	1	94	2	96	9.50e-18	63.5
olaTTNIg83_195	olaTTNIg86_197	34.94	83	53	1	1	82	2	84	5.70e-17	61.2
olaTTNIg83_195	olaTTNIg69_194	33.684	95	60	2	1	94	1	93	9.13e-17	60.8
olaTTNIg83_195	olaTTNIg81_193	34.483	87	54	1	8	94	9	92	6.57e-16	58.5
olaTTNIg83_195	olaTTNIg96_194	37.931	87	52	1	8	94	9	93	1.67e-15	57.8
olaTTNIg83_195	olaTTNIg98_196	32.558	86	58	0	10	95	11	96	2.23e-15	57.4
olaTTNIg83_195	olaTTNIg87_194	32.184	87	57	1	8	94	9	93	2.44e-15	57
olaTTNIg83_195	olaTTNIg67_1104	34.409	93	54	2	10	95	12	104	1.46e-14	55.5
olaTTNIg83_195	olaTTNIg76_192	31.25	80	55	0	15	94	12	91	1.62e-14	55.1
olaTTNIg83_195	olaTTNIg80_196	34.043	94	60	2	3	94	2	95	2.83e-14	54.7
olaTTNIg83_195	olaTTNIg66_196	33.708	89	58	1	6	94	8	95	3.67e-14	54.3
olaTTNIg83_195	olaTTNIg103_196	26.087	92	68	0	4	95	5	96	3.88e-14	54.3
olaTTNIg83_195	olaTTNIg78_196	27.586	87	63	0	8	94	9	95	5.85e-14	53.5
olaTTNIg83_195	olaTTNIg75_195	36.458	96	57	3	1	94	1	94	7.66e-14	53.5
olaTTNIg83_195	olaTTNIg74_196	30	90	61	1	8	95	7	96	1.05e-13	53.1
olaTTNIg83_195	olaTTNIg102_195	33.684	95	60	3	1	94	2	94	1.61e-13	52.4
olaTTNIg83_195	olaTTNIg105_194	37.778	90	52	3	6	94	7	93	2.09e-13	52.4
olaTTNIg83_195	olaTTNIg88_193	30.769	78	54	0	18	95	16	93	2.95e-13	52
olaTTNIg83_195	olaTTNIg70_195	30.526	95	65	1	1	95	2	95	3.75e-13	51.6
olaTTNIg83_195	olaTTNIg82_196	30.233	86	60	0	9	94	10	95	5.30e-13	51.2
olaTTNIg83_195	olaTTNIg99_197	30.337	89	61	1	7	94	8	96	5.53e-13	51.2
olaTTNIg83_195	olaTTNIg107_194	35.632	87	54	1	9	95	10	94	5.83e-13	51.2
olaTTNIg83_195	olaTTNIg91_193	30	80	56	0	16	95	14	93	2.15e-12	49.7
olaTTNIg83_195	olaTTNIg33_195	35.714	84	54	0	12	95	11	94	2.35e-12	49.7
olaTTNIg83_195	olaTTNIg84_195	33.684	95	60	2	1	94	2	94	2.58e-12	49.3
olaTTNIg83_195	olaTTNIg90_195	31.633	98	58	4	1	94	2	94	7.04e-12	48.1
olaTTNIg83_195	olaTTNIg79_197	29.268	82	57	1	13	93	14	95	1.48e-11	47.4
olaTTNIg83_195	olaTTNIg3_195	31.818	66	45	0	17	82	16	81	1.67e-11	47.4
olaTTNIg83_195	olaTTNIg85_194	27.5	80	58	0	16	95	15	94	1.86e-11	47.4
olaTTNIg83_195	olaTTNIg94_193	26.829	82	60	0	14	95	12	93	4.03e-11	46.2
olaTTNIg83_195	olaTTNIg101_195	32.099	81	54	1	14	94	15	94	5.15e-11	46.2
olaTTNIg83_195	olaTTNIg97_197	26.087	92	68	0	4	95	6	97	6.23e-11	45.8
olaTTNIg83_195	olaTTNIg64_193	30.588	85	58	1	9	93	8	91	9.31e-11	45.4
olaTTNIg83_195	olaTTNIg93_194	31.579	95	62	2	1	94	1	93	9.92e-11	45.4
olaTTNIg83_195	olaTTNIg63_197	25.926	81	60	0	15	95	17	97	2.71e-10	44.3
olaTTNIg83_195	olaTTNIg34_193	32.812	64	43	0	19	82	18	81	3.80e-10	43.9
olaTTNIg83_195	olaTTNIg109_193	28.09	89	63	1	8	95	5	93	4.51e-10	43.5
olaTTNIg83_195	olaTTNIg116_195	20.988	81	64	0	12	92	11	91	6.89e-10	43.1
olaTTNIg83_195	olaTTNIg71_194	30.928	97	62	3	1	95	1	94	7.28e-10	43.1
olaTTNIg83_195	olaTTNIg40_194	29.487	78	53	1	17	92	15	92	2.96e-09	41.6
olaTTNIg83_195	olaTTNIg36_194	30	70	49	0	13	82	13	82	3.19e-09	41.6
olaTTNIg83_195	olaTTNIg106_196	24.138	87	66	0	9	95	10	96	8.36e-09	40.4
olaTTNIg83_195	olaTTNIg39_194	24.675	77	58	0	16	92	16	92	1.97e-08	39.3
olaTTNIg83_195	olaTTNIg68_199	30.337	89	53	2	15	95	12	99	2.47e-08	39.3
olaTTNIg83_195	olaTTNIg100_195	27.5	80	57	1	12	90	13	92	5.33e-08	38.1
olaTTNIg83_195	olaTTNIg115_194	26.829	82	58	1	1	82	2	81	6.34e-08	38.1
olaTTNIg83_195	olaTTNIg2_194	24.638	69	52	0	14	82	13	81	1.09e-07	37.4
olaTTNIg83_195	olaTTNIg108_193	26.316	76	56	0	10	85	8	83	1.46e-07	37
olaTTNIg83_195	olaTTNIg114_192	26.25	80	56	2	14	92	12	89	1.59e-07	37
olaTTNIg83_195	olaTTNIg77_197	23.158	95	72	1	1	94	2	96	2.30e-07	36.6
olaTTNIg83_195	olaTTNnewIg_1104	25.962	104	67	4	1	94	1	104	2.60e-07	36.6
olaTTNIg83_195	olaTTNIg1_196	24.051	79	57	2	8	84	8	85	4.45e-07	35.8
olaTTNIg83_195	olaTTNIg59_189	32.787	61	41	0	29	89	27	87	4.79e-07	35.8
olaTTNIg83_195	olaTTNIg41_196	31.667	60	40	1	24	82	23	82	5.80e-07	35.4
olaTTNIg83_195	olaTTNIg10_194	27.66	94	56	4	1	88	2	89	7.46e-07	35.4
olaTTNIg83_195	olaTTNIg27_192	28.169	71	47	2	14	82	12	80	7.77e-07	35
olaTTNIg83_195	olaTTNIg111_1101	24.138	87	65	1	9	94	14	100	5.70e-06	33.1
olaTTNIg83_195	olaTTNIg110_194	29.851	67	37	3	22	82	20	82	5.97e-06	32.7
olaTTNIg83_195	olaTTNIg38_193	23.171	82	62	1	1	82	1	81	6.74e-06	32.7
olaTTNIg83_195	olaTTNIg23_194	23.944	71	54	0	12	82	10	80	7.76e-06	32.7
olaTTNIg83_195	olaTTNIg9_193	22.368	76	58	1	17	92	15	89	1.19e-05	32
olaTTNIg83_195	olaTTNIg9_193	50	12	6	0	44	55	82	93	5.4	16.5
olaTTNIg83_195	olaTTNIg29_192	22.222	81	63	0	12	92	10	90	2.40e-05	31.2
olaTTNIg83_195	olaTTNIg22_193	22.892	83	62	2	1	83	1	81	2.51e-05	31.2
olaTTNIg83_195	olaTTNIg117_196	24.242	66	50	0	17	82	16	81	2.62e-05	31.2
olaTTNIg83_195	olaTTNIg44_197	30.952	84	54	2	1	81	3	85	3.00e-05	31.2
olaTTNIg83_195	olaTTNIg5_198	25.373	67	49	1	17	82	16	82	7.65e-05	30
olaTTNIg83_195	olaTTNIg4_195	25.333	75	46	2	14	82	13	83	2.51e-04	28.5
olaTTNIg83_195	olaTTNIg55_190	24.638	69	51	1	12	80	13	80	2.52e-04	28.5
olaTTNIg83_195	olaTTNIg62_195	30.159	63	43	1	18	79	18	80	5.95e-04	27.7
olaTTNIg83_195	olaTTNIg30_194	19.277	83	67	0	1	83	1	83	6.72e-04	27.3
olaTTNIg83_195	olaTTNIg21_195	21.739	69	54	0	16	84	15	83	0.002	26.2
olaTTNIg83_195	olaTTNIg31_193	24.59	61	46	0	22	82	21	81	0.002	25.8
olaTTNIg83_195	olaTTNIg28_194	23.457	81	57	2	17	94	16	94	0.003	25.4
olaTTNIg83_195	olaTTNIg24_194	19.444	72	56	2	12	82	10	80	0.003	25.4
olaTTNIg83_195	olaTTNIg13_189	28.205	39	28	0	35	73	33	71	0.005	25
olaTTNIg83_195	olaTTNIg8_195	27.273	55	40	0	28	82	28	82	0.008	24.6
olaTTNIg83_195	olaTTNIg20_187	28.889	45	32	0	36	80	34	78	0.01	24.3
olaTTNIg83_195	olaTTNIg25_194	21.687	83	63	2	1	82	1	82	0.011	24.3
olaTTNIg83_195	olaTTNIg32_194	21.429	70	54	1	17	85	16	85	0.044	22.3
olaTTNIg83_195	olaTTNIg113_197	29.63	27	19	0	17	43	16	42	0.048	22.3
olaTTNIg83_195	olaTTNIg53_190	25	72	52	2	8	79	10	79	0.05	22.3
olaTTNIg83_195	olaTTNIg19_391	23.214	56	42	1	22	77	21	75	0.062	21.9
olaTTNIg83_195	olaTTNIg7_195	21.918	73	55	1	12	82	10	82	0.13	21.2
olaTTNIg83_195	olaTTNIg15_187	21.429	42	33	0	36	77	34	75	0.16	20.8
olaTTNIg83_195	olaTTNIg35_193	24.49	49	37	0	34	82	33	81	0.18	20.8
olaTTNIg83_195	olaTTNIg16_189	46.667	15	8	0	30	44	29	43	0.33	20
olaTTNIg83_195	olaTTNIg46_189	22.535	71	52	1	15	85	17	84	0.37	19.6
olaTTNIg83_195	olaTTNIg17_290	20.455	44	34	1	8	51	9	51	0.37	19.6
olaTTNIg83_195	olaTTNIg52_188	60	10	4	0	34	43	32	41	0.51	19.2
olaTTNIg83_195	olaTTNIg12_189	29.268	41	29	0	35	75	34	74	0.75	18.9
olaTTNIg83_195	olaTTNIg54_189	26.316	19	14	0	33	51	32	50	0.88	18.9
olaTTNIg83_195	olaTTNIg54_189	36.364	22	14	0	30	51	66	87	4.1	16.9
olaTTNIg83_195	olaTTNIg58_193	21.667	60	46	1	36	94	34	93	1	18.5
olaTTNIg83_195	olaTTNIg42_192	19.048	63	45	1	30	92	32	88	1.4	18.1
olaTTNIg83_195	olaTTNIg37_193	18.293	82	66	1	1	82	1	81	2.2	17.7
olaTTNIg83_195	olaTTNIg60_187	18.605	43	35	0	33	75	31	73	3	17.3
olaTTNIg83_195	olaTTNIg49_187	23.214	56	41	2	18	73	17	70	4.9	16.5
olaTTNIg83_195	olaTTNIg43_297	20	45	36	0	33	77	32	76	9.2	15.8
olaTTNIg84_195	olaTTNIg84_195	100	95	0	0	1	95	1	95	6.84e-70	195
olaTTNIg84_195	olaTTNIg93_194	64.894	94	33	0	2	95	1	94	2.25e-43	128
olaTTNIg84_195	olaTTNIg81_193	57.447	94	39	1	2	95	1	93	1.71e-37	113
olaTTNIg84_195	olaTTNIg87_194	55.319	94	42	0	2	95	1	94	1.96e-35	108
olaTTNIg84_195	olaTTNIg90_195	44.211	95	53	0	1	95	1	95	3.56e-29	92.4
olaTTNIg84_195	olaTTNIg105_194	42.553	94	54	0	2	95	1	94	3.38e-27	87.4
olaTTNIg84_195	olaTTNIg78_196	42.708	96	53	1	2	95	1	96	3.14e-26	85.1
olaTTNIg84_195	olaTTNIg96_194	43.617	94	53	0	2	95	1	94	3.66e-26	84.7
olaTTNIg84_195	olaTTNIg102_195	41.053	95	56	0	1	95	1	95	3.46e-25	82.4
olaTTNIg84_195	olaTTNIg75_195	45.263	95	51	1	2	95	1	95	1.14e-24	80.9
olaTTNIg84_195	olaTTNIg66_196	43.158	95	53	1	1	94	1	95	2.32e-23	77.8
olaTTNIg84_195	olaTTNIg107_194	40.217	92	55	0	2	93	1	92	1.96e-22	75.1
olaTTNIg84_195	olaTTNIg63_197	39.583	96	56	1	1	94	1	96	4.71e-20	69.3
olaTTNIg84_195	olaTTNIg73_197	39.175	97	57	1	1	95	1	97	3.16e-19	67
olaTTNIg84_195	olaTTNIg104_198	40.816	98	55	2	1	95	1	98	3.77e-19	67
olaTTNIg84_195	olaTTNIg98_196	34.737	95	60	1	2	94	1	95	1.01e-18	65.9
olaTTNIg84_195	olaTTNIg74_196	35.484	93	56	1	6	94	3	95	5.50e-18	63.9
olaTTNIg84_195	olaTTNIg72_197	37.5	96	58	1	1	94	1	96	7.01e-18	63.9
olaTTNIg84_195	olaTTNIg99_197	34.314	102	52	3	3	95	2	97	2.67e-17	62.4
olaTTNIg84_195	olaTTNIg77_197	33.333	96	62	1	1	94	1	96	3.11e-17	62
olaTTNIg84_195	olaTTNIg95_197	36.458	96	59	1	1	94	1	96	5.52e-17	61.6
olaTTNIg84_195	olaTTNIg69_194	32.258	93	63	0	2	94	1	93	5.54e-17	61.2
olaTTNIg84_195	olaTTNIg79_197	40.789	76	42	1	21	93	20	95	8.71e-17	60.8
olaTTNIg84_195	olaTTNIg94_193	32.632	95	59	2	2	94	1	92	1.35e-14	55.1
olaTTNIg84_195	olaTTNIg103_196	40.244	82	44	2	16	92	12	93	2.09e-14	54.7
olaTTNIg84_195	olaTTNIg71_194	35.484	93	60	0	2	94	1	93	2.89e-14	54.3
olaTTNIg84_195	olaTTNIg101_195	32.632	95	63	1	2	95	1	95	3.51e-14	54.3
olaTTNIg84_195	olaTTNIg76_192	30	80	54	1	17	94	12	91	5.95e-14	53.5
olaTTNIg84_195	olaTTNIg88_193	40.845	71	40	1	26	94	22	92	1.45e-13	52.8
olaTTNIg84_195	olaTTNIg89_196	27.368	95	67	1	2	94	1	95	1.98e-13	52.4
olaTTNIg84_195	olaTTNIg82_196	30.526	95	64	1	2	94	1	95	2.86e-13	52
olaTTNIg84_195	olaTTNIg106_196	32.979	94	61	1	2	93	1	94	8.70e-13	50.8
olaTTNIg84_195	olaTTNIg86_197	28.866	97	65	2	1	94	1	96	1.46e-12	50.1
olaTTNIg84_195	olaTTNIg92_196	33.684	95	61	1	2	94	1	95	1.79e-12	50.1
olaTTNIg84_195	olaTTNIg70_195	33.333	96	60	3	1	94	1	94	2.11e-12	49.7
olaTTNIg84_195	olaTTNIg83_195	33.684	95	60	2	2	94	1	94	2.58e-12	49.3
olaTTNIg84_195	olaTTNnewIg_1104	29.808	104	62	2	2	94	1	104	6.42e-12	48.5
olaTTNIg84_195	olaTTNIg80_196	32.632	95	59	3	4	94	2	95	1.23e-11	47.8
olaTTNIg84_195	olaTTNIg100_195	27.66	94	66	1	2	93	1	94	1.74e-11	47.4
olaTTNIg84_195	olaTTNIg91_193	33.333	96	57	3	2	94	1	92	1.78e-11	47.4
olaTTNIg84_195	olaTTNIg64_193	31.111	90	59	2	6	93	3	91	1.90e-11	47
olaTTNIg84_195	olaTTNIg109_193	30.769	91	60	2	7	94	2	92	2.09e-11	47
olaTTNIg84_195	olaTTNIg85_194	36.111	72	42	2	26	94	23	93	2.95e-11	46.6
olaTTNIg84_195	olaTTNIg97_197	27.66	94	66	1	2	93	2	95	5.20e-10	43.5
olaTTNIg84_195	olaTTNIg67_1104	28.889	90	55	2	14	94	14	103	4.03e-09	41.2
olaTTNIg84_195	olaTTNIg68_199	26.531	98	57	2	8	93	3	97	5.96e-09	40.8
olaTTNIg84_195	olaTTNIg62_195	32	75	48	1	22	93	20	94	7.78e-09	40.4
olaTTNIg84_195	olaTTNIg1_196	27.273	88	57	3	10	92	8	93	8.12e-07	35
olaTTNIg84_195	olaTTNIg21_195	27.368	95	62	3	1	92	1	91	1.20e-06	34.7
olaTTNIg84_195	olaTTNIg33_195	29.213	89	61	1	8	94	5	93	1.63e-06	34.3
olaTTNIg84_195	olaTTNIg111_1101	32	75	44	3	26	95	29	101	2.60e-06	33.9
olaTTNIg84_195	olaTTNIg23_194	29.07	86	48	2	9	92	16	90	3.32e-06	33.5
olaTTNIg84_195	olaTTNIg110_194	30.667	75	44	2	24	92	20	92	1.61e-05	31.6
olaTTNIg84_195	olaTTNIg3_195	29.851	67	41	2	21	83	18	82	2.93e-05	31.2
olaTTNIg84_195	olaTTNIg30_194	24.706	85	62	1	10	92	8	92	5.79e-05	30.4
olaTTNIg84_195	olaTTNIg40_194	29.87	77	46	2	21	92	17	90	5.85e-05	30.4
olaTTNIg84_195	olaTTNIg116_195	30.645	62	39	2	28	86	25	85	5.99e-05	30
olaTTNIg84_195	olaTTNIg36_194	27.397	73	51	1	22	92	20	92	6.98e-05	30
olaTTNIg84_195	olaTTNIg117_196	30.986	71	45	2	28	95	25	94	7.69e-05	30
olaTTNIg84_195	olaTTNIg28_194	30.137	73	42	2	28	94	25	94	1.01e-04	29.6
olaTTNIg84_195	olaTTNIg114_192	27.273	88	54	4	10	92	7	89	1.28e-04	29.3
olaTTNIg84_195	olaTTNIg41_196	27.778	72	49	1	24	92	21	92	2.14e-04	28.9
olaTTNIg84_195	olaTTNIg115_194	25.806	62	44	1	23	82	20	81	2.96e-04	28.5
olaTTNIg84_195	olaTTNIg9_193	25	72	41	2	28	92	24	89	3.05e-04	28.1
olaTTNIg84_195	olaTTNIg35_193	32.727	55	35	1	30	82	27	81	4.02e-04	28.1
olaTTNIg84_195	olaTTNIg10_194	26.471	68	47	2	22	86	19	86	4.15e-04	28.1
olaTTNIg84_195	olaTTNIg39_194	28.358	67	46	1	28	92	26	92	4.24e-04	28.1
olaTTNIg84_195	olaTTNIg29_192	45.833	24	13	0	69	92	67	90	8.85e-04	26.9
olaTTNIg84_195	olaTTNIg38_193	27.419	62	37	3	28	84	25	83	0.002	26.2
olaTTNIg84_195	olaTTNIg113_197	23.377	77	54	1	22	93	19	95	0.004	25.4
olaTTNIg84_195	olaTTNIg32_194	33.333	42	25	1	1	42	1	39	0.005	25
olaTTNIg84_195	olaTTNIg27_192	27.273	66	44	2	32	94	28	92	0.005	25
olaTTNIg84_195	olaTTNIg108_193	30.263	76	38	4	28	95	24	92	0.009	24.3
olaTTNIg84_195	olaTTNIg25_194	24.742	97	65	4	1	93	1	93	0.011	23.9
olaTTNIg84_195	olaTTNIg14_188	29.412	68	46	1	24	89	21	88	0.019	23.5
olaTTNIg84_195	olaTTNIg7_195	24.096	83	59	1	14	92	10	92	0.021	23.5
olaTTNIg84_195	olaTTNIg56_189	28.261	46	31	1	31	74	27	72	0.021	23.1
olaTTNIg84_195	olaTTNIg5_198	22.449	98	64	4	1	92	1	92	0.029	23.1
olaTTNIg84_195	olaTTNIg45_192	34.286	35	22	1	60	94	59	92	0.044	22.3
olaTTNIg84_195	olaTTNIg4_195	50	14	7	0	28	41	25	38	0.18	20.8
olaTTNIg84_195	olaTTNIg50_192	24.59	61	44	1	31	89	27	87	0.22	20.4
olaTTNIg84_195	olaTTNIg59_189	31.148	61	40	2	25	83	21	81	0.28	20
olaTTNIg84_195	olaTTNIg24_194	22.535	71	49	3	26	92	22	90	0.39	19.6
olaTTNIg84_195	olaTTNIg18_389	38.889	18	11	0	60	77	58	75	0.98	18.5
olaTTNIg84_195	olaTTNIg16_189	29.688	64	35	4	32	90	29	87	1.1	18.5
olaTTNIg84_195	olaTTNIg58_193	19.792	96	44	4	22	90	2	91	3.6	16.9
olaTTNIg84_195	olaTTNIg34_193	60	10	4	0	41	50	68	77	5.6	16.5
olaTTNIg84_195	olaTTNIg11_191	26.415	53	21	2	30	64	27	79	8	16.2
olaTTNIg85_194	olaTTNIg85_194	100	94	0	0	1	94	1	94	6.67e-69	192
olaTTNIg85_194	olaTTNIg94_193	53.763	93	43	0	2	94	1	93	5.15e-33	102
olaTTNIg85_194	olaTTNIg91_193	46.237	93	50	0	2	94	1	93	1.12e-29	93.6
olaTTNIg85_194	olaTTNIg88_193	43.011	93	53	0	2	94	1	93	1.85e-27	87.8
olaTTNIg85_194	olaTTNIg82_196	42.308	78	45	0	16	93	18	95	1.12e-19	68.2
olaTTNIg85_194	olaTTNIg100_195	32.53	83	56	0	10	92	12	94	1.32e-17	62.8
olaTTNIg85_194	olaTTNIg81_193	34.483	87	54	1	7	93	9	92	1.53e-17	62.8
olaTTNIg85_194	olaTTNIg95_197	32.941	85	57	0	10	94	13	97	3.67e-14	54.3
olaTTNIg85_194	olaTTNIg73_197	30.588	85	59	0	9	93	12	96	6.24e-14	53.5
olaTTNIg85_194	olaTTNIg74_196	32.222	90	59	1	7	94	7	96	1.19e-13	52.8
olaTTNIg85_194	olaTTNIg98_196	31.25	80	55	0	15	94	17	96	7.56e-13	50.8
olaTTNIg85_194	olaTTNIg106_196	30.488	82	57	0	13	94	15	96	1.06e-12	50.4
olaTTNIg85_194	olaTTNIg87_194	34.483	87	55	1	7	93	9	93	1.48e-12	50.1
olaTTNIg85_194	olaTTNIg103_196	29.577	71	50	0	11	81	13	83	4.63e-12	48.9
olaTTNIg85_194	olaTTNIg90_195	32.184	87	57	1	7	93	10	94	4.88e-12	48.5
olaTTNIg85_194	olaTTNIg72_197	26.437	87	64	0	7	93	10	96	8.54e-12	48.1
olaTTNIg85_194	olaTTNIg104_198	30	90	63	0	4	93	8	97	8.72e-12	48.1
olaTTNIg85_194	olaTTNIg79_197	32.5	80	53	1	16	94	18	97	1.07e-11	47.8
olaTTNIg85_194	olaTTNIg89_196	27.059	85	62	0	10	94	12	96	1.61e-11	47.4
olaTTNIg85_194	olaTTNIg83_195	27.5	80	58	0	15	94	16	95	1.84e-11	47.4
olaTTNIg85_194	olaTTNIg84_195	36.111	72	42	2	23	93	26	94	2.91e-11	46.6
olaTTNIg85_194	olaTTNIg97_197	32.558	86	58	0	9	94	12	97	3.85e-11	46.6
olaTTNIg85_194	olaTTNIg64_193	31.25	80	55	0	13	92	12	91	4.69e-11	46.2
olaTTNIg85_194	olaTTNIg92_196	30.233	86	60	0	9	94	11	96	1.31e-10	45.1
olaTTNIg85_194	olaTTNIg13_189	27.273	88	64	0	2	89	1	88	5.33e-10	43.1
olaTTNIg85_194	olaTTNIg86_197	32.941	85	57	0	10	94	13	97	5.67e-10	43.5
olaTTNIg85_194	olaTTNIg70_195	25.714	70	52	0	25	94	26	95	7.06e-10	43.1
olaTTNIg85_194	olaTTNIg99_197	25	72	54	0	11	82	13	84	1.00e-09	42.7
olaTTNIg85_194	olaTTNIg71_194	28.395	81	56	1	14	94	16	94	1.48e-09	42.4
olaTTNIg85_194	olaTTNIg107_194	25.581	86	62	1	9	94	11	94	1.63e-09	42
olaTTNIg85_194	olaTTNIg96_194	25.926	81	58	1	13	93	15	93	1.68e-09	42
olaTTNIg85_194	olaTTNIg10_194	25.926	81	59	1	12	91	12	92	1.95e-09	42
olaTTNIg85_194	olaTTNIg75_195	31.818	88	57	2	7	93	9	94	2.89e-09	41.6
olaTTNIg85_194	olaTTNIg23_194	28.571	84	60	0	11	94	10	93	3.95e-09	41.2
olaTTNIg85_194	olaTTNIg76_192	23.864	88	67	0	6	93	4	91	4.42e-09	40.8
olaTTNIg85_194	olaTTNIg63_197	26.136	88	65	0	7	94	10	97	5.70e-09	40.8
olaTTNIg85_194	olaTTNIg33_195	23.529	85	65	0	10	94	10	94	7.56e-09	40.4
olaTTNIg85_194	olaTTNIg109_193	26.966	89	64	1	7	94	5	93	1.22e-08	40
olaTTNIg85_194	olaTTNIg80_196	26.966	89	64	1	6	93	7	95	1.22e-08	40
olaTTNIg85_194	olaTTNIg3_195	27.273	66	48	0	16	81	16	81	1.48e-08	39.7
olaTTNIg85_194	olaTTNIg93_194	29.885	87	59	1	7	93	9	93	2.22e-08	39.3
olaTTNIg85_194	olaTTNIg115_194	20.238	84	67	0	1	84	1	84	3.67e-08	38.5
olaTTNIg85_194	olaTTNIg24_194	22.785	79	61	0	13	91	12	90	3.99e-08	38.5
olaTTNIg85_194	olaTTNIg114_192	27.174	92	62	3	2	91	1	89	7.68e-08	37.7
olaTTNIg85_194	olaTTNIg77_197	22.892	83	64	0	11	93	14	96	8.03e-08	37.7
olaTTNIg85_194	olaTTNIg44_197	31.25	64	43	1	29	91	33	96	1.81e-07	37
olaTTNIg85_194	olaTTNIg102_195	21.795	78	59	1	16	93	19	94	4.54e-07	35.8
olaTTNIg85_194	olaTTNIg39_194	28.814	59	42	0	33	91	34	92	4.97e-07	35.8
olaTTNIg85_194	olaTTNIg67_1104	24.731	93	63	2	9	94	12	104	5.33e-07	35.8
olaTTNIg85_194	olaTTNIg34_193	28.169	71	49	1	19	87	19	89	7.78e-07	35
olaTTNIg85_194	olaTTNIg66_196	27.059	85	61	1	9	93	12	95	7.99e-07	35
olaTTNIg85_194	olaTTNIg38_193	31.915	47	32	0	35	81	35	81	8.11e-07	35
olaTTNIg85_194	olaTTNIg69_194	29.851	67	45	1	27	93	29	93	1.49e-06	34.3
olaTTNIg85_194	olaTTNIg117_196	26.667	75	45	1	11	85	21	85	1.60e-06	34.3
olaTTNIg85_194	olaTTNIg29_192	23.729	59	45	0	33	91	32	90	1.63e-06	34.3
olaTTNIg85_194	olaTTNIg27_192	23.077	65	50	0	29	93	28	92	2.10e-06	33.9
olaTTNIg85_194	olaTTNIg58_193	29.63	54	38	0	31	84	30	83	2.53e-06	33.9
olaTTNIg85_194	olaTTNIg108_193	22.826	92	70	1	2	93	1	91	2.64e-06	33.9
olaTTNIg85_194	olaTTNIg105_194	26.437	87	62	1	7	93	9	93	2.77e-06	33.9
olaTTNIg85_194	olaTTNIg4_195	29.412	68	42	2	27	90	27	92	2.99e-06	33.5
olaTTNIg85_194	olaTTNIg15_187	28	75	49	2	17	91	17	86	3.13e-06	33.5
olaTTNIg85_194	olaTTNIg16_189	32.075	53	36	0	27	79	27	79	3.22e-06	33.5
olaTTNIg85_194	olaTTNIg40_194	30.137	73	47	2	11	81	10	80	3.52e-06	33.5
olaTTNIg85_194	olaTTNIg113_197	20.69	87	66	1	11	94	11	97	5.42e-06	33.1
olaTTNIg85_194	olaTTNIg36_194	23.077	78	56	2	16	91	17	92	7.10e-06	32.7
olaTTNIg85_194	olaTTNIg59_189	26.923	52	38	0	28	79	27	78	1.48e-05	31.6
olaTTNIg85_194	olaTTNIg5_198	23.596	89	63	2	8	91	4	92	1.66e-05	31.6
olaTTNIg85_194	olaTTNIg60_187	24.528	53	40	0	26	78	25	77	3.75e-05	30.4
olaTTNIg85_194	olaTTNIg1_196	23.158	95	67	2	1	91	1	93	3.87e-05	30.8
olaTTNIg85_194	olaTTNIg78_196	19.355	93	75	0	1	93	3	95	3.99e-05	30.8
olaTTNIg85_194	olaTTNIg111_1101	25.926	81	59	1	14	93	20	100	4.67e-05	30.4
olaTTNIg85_194	olaTTNIg101_195	25	88	61	2	8	93	10	94	9.51e-05	29.6
olaTTNIg85_194	olaTTNIg62_195	25	84	58	2	9	87	10	93	1.26e-04	29.3
olaTTNIg85_194	olaTTNIg2_194	20.238	84	67	0	8	91	8	91	1.32e-04	29.3
olaTTNIg85_194	olaTTNIg41_196	26.866	67	48	1	29	94	29	95	1.61e-04	28.9
olaTTNIg85_194	olaTTNIg30_194	19.737	76	61	0	16	91	17	92	2.48e-04	28.5
olaTTNIg85_194	olaTTNIg110_194	24.468	94	65	2	2	91	1	92	3.70e-04	28.1
olaTTNIg85_194	olaTTNIg54_189	26.087	46	34	0	27	72	27	72	3.78e-04	28.1
olaTTNIg85_194	olaTTNIg8_195	22.727	66	51	0	29	94	30	95	4.37e-04	27.7
olaTTNIg85_194	olaTTNIg9_193	21.212	66	51	1	29	94	28	92	4.41e-04	27.7
olaTTNIg85_194	olaTTNIg55_190	28.261	46	33	0	27	72	28	73	5.67e-04	27.3
olaTTNIg85_194	olaTTNIg52_188	23.438	64	47	1	26	89	25	86	8.10e-04	26.9
olaTTNIg85_194	olaTTNIg116_195	20.339	59	47	0	27	85	27	85	8.68e-04	26.9
olaTTNIg85_194	olaTTNIg37_193	18.182	88	72	0	2	89	2	89	0.001	26.6
olaTTNIg85_194	olaTTNIg21_195	27.692	65	43	2	29	91	29	91	0.001	26.6
olaTTNIg85_194	olaTTNIg31_193	24.49	49	37	0	33	81	33	81	0.002	26.2
olaTTNIg85_194	olaTTNIg6_195	18.75	80	58	2	16	91	15	91	0.002	25.8
olaTTNIg85_194	olaTTNIg68_199	22.093	86	60	2	16	94	14	99	0.003	25.4
olaTTNIg85_194	olaTTNIg28_194	24.194	62	46	1	33	93	33	94	0.005	25
olaTTNIg85_194	olaTTNIg14_188	22.951	61	47	0	12	72	12	72	0.005	25
olaTTNIg85_194	olaTTNIg35_193	20	70	56	0	13	82	13	82	0.006	24.6
olaTTNIg85_194	olaTTNIg19_391	21.569	51	37	1	22	72	24	71	0.008	24.3
olaTTNIg85_194	olaTTNIg20_187	25	40	30	0	33	72	32	71	0.012	23.9
olaTTNIg85_194	olaTTNIg12_189	23.913	46	35	0	27	72	27	72	0.018	23.5
olaTTNIg85_194	olaTTNIg56_189	25.373	67	50	0	18	84	17	83	0.027	22.7
olaTTNIg85_194	olaTTNIg43_297	22.727	44	34	0	31	74	31	74	0.036	22.7
olaTTNIg85_194	olaTTNIg26_192	22.826	92	67	3	6	94	2	92	0.041	22.3
olaTTNIg85_194	olaTTNIg112_198	20.755	53	42	0	33	85	37	89	0.042	22.3
olaTTNIg85_194	olaTTNnewIg_1104	37.5	24	15	0	70	93	81	104	0.053	22.3
olaTTNIg85_194	olaTTNIg42_192	21.739	46	36	0	29	74	32	77	0.067	21.9
olaTTNIg85_194	olaTTNIg45_192	24.638	69	36	3	33	85	2	70	0.36	19.6
olaTTNIg85_194	olaTTNIg22_193	18.367	49	40	0	33	81	32	80	0.42	19.6
olaTTNIg85_194	olaTTNIg51_488	19.643	56	45	0	26	81	22	77	0.54	19.2
olaTTNIg85_194	olaTTNIg61_188	15.625	64	53	1	16	79	17	79	0.59	19.2
olaTTNIg85_194	olaTTNIg17_290	17.857	56	46	0	32	87	33	88	0.8	18.9
olaTTNIg85_194	olaTTNIg46_189	24.444	45	34	0	34	78	34	78	0.83	18.9
olaTTNIg85_194	olaTTNIg32_194	19.54	87	59	3	2	82	2	83	1.2	18.5
olaTTNIg86_197	olaTTNIg86_197	100	97	0	0	1	97	1	97	1.65e-70	196
olaTTNIg86_197	olaTTNIg89_196	47.917	96	50	0	2	97	1	96	6.07e-32	99.4
olaTTNIg86_197	olaTTNIg95_197	43.434	99	52	2	1	97	1	97	4.48e-24	79.7
olaTTNIg86_197	olaTTNIg92_196	42.708	96	55	0	2	97	1	96	4.87e-23	77
olaTTNIg86_197	olaTTNIg104_198	37.113	97	60	1	1	96	1	97	5.62e-19	66.6
olaTTNIg86_197	olaTTNIg116_195	32.53	83	56	0	12	94	9	91	8.50e-19	66.2
olaTTNIg86_197	olaTTNIg83_195	35.417	96	61	1	2	97	1	95	1.20e-18	65.9
olaTTNIg86_197	olaTTNIg72_197	31.25	96	66	0	1	96	1	96	4.82e-18	64.3
olaTTNIg86_197	olaTTNIg75_195	36.735	98	55	3	2	96	1	94	7.16e-17	61.2
olaTTNIg86_197	olaTTNIg101_195	35.789	95	60	1	2	96	1	94	1.26e-16	60.5
olaTTNIg86_197	olaTTNIg94_193	35.294	85	55	0	13	97	9	93	1.57e-16	60.1
olaTTNIg86_197	olaTTNIg103_196	38.554	83	49	1	12	92	11	93	2.73e-16	59.7
olaTTNIg86_197	olaTTNIg102_195	31.25	96	64	1	1	96	1	94	4.94e-16	58.9
olaTTNIg86_197	olaTTNIg81_193	33.684	95	60	1	2	96	1	92	2.85e-15	57
olaTTNIg86_197	olaTTNIg98_196	29.167	96	68	0	2	97	1	96	4.05e-15	56.6
olaTTNIg86_197	olaTTNIg70_195	31.959	97	64	1	1	97	1	95	6.94e-15	56.2
olaTTNIg86_197	olaTTNIg88_193	29.348	92	64	1	6	97	3	93	8.98e-15	55.8
olaTTNIg86_197	olaTTNIg84_195	28.866	97	65	2	1	96	1	94	1.34e-14	55.5
olaTTNIg86_197	olaTTNIg87_194	28.421	95	66	1	2	96	1	93	2.11e-14	54.7
olaTTNIg86_197	olaTTNIg90_195	35.052	97	59	2	1	96	1	94	3.68e-14	54.3
olaTTNIg86_197	olaTTNIg80_196	38.298	94	57	1	4	96	2	95	5.73e-14	53.9
olaTTNIg86_197	olaTTNIg100_195	37.349	83	52	0	13	95	12	94	8.09e-14	53.5
olaTTNIg86_197	olaTTNnewIg_1104	29.808	104	64	2	2	96	1	104	1.31e-13	53.1
olaTTNIg86_197	olaTTNIg82_196	33.735	83	53	1	12	94	11	91	1.58e-13	52.8
olaTTNIg86_197	olaTTNIg85_194	32.941	85	57	0	13	97	10	94	1.86e-13	52.4
olaTTNIg86_197	olaTTNIg78_196	28.421	95	68	0	2	96	1	95	2.33e-13	52.4
olaTTNIg86_197	olaTTNIg96_194	28.421	95	66	1	2	96	1	93	4.00e-13	51.6
olaTTNIg86_197	olaTTNIg105_194	28.421	95	66	1	2	96	1	93	4.45e-13	51.6
olaTTNIg86_197	olaTTNIg77_197	28.125	96	69	0	1	96	1	96	5.36e-13	51.2
olaTTNIg86_197	olaTTNIg63_197	29.897	97	68	0	1	97	1	97	8.89e-13	50.8
olaTTNIg86_197	olaTTNIg73_197	29.167	96	68	0	1	96	1	96	1.09e-12	50.4
olaTTNIg86_197	olaTTNIg91_193	34.118	85	56	0	13	97	9	93	2.32e-12	49.7
olaTTNIg86_197	olaTTNIg66_196	30.928	97	64	2	1	96	1	95	8.44e-12	48.1
olaTTNIg86_197	olaTTNIg76_192	23.529	85	65	0	12	96	7	91	1.51e-11	47.4
olaTTNIg86_197	olaTTNIg67_1104	30.769	104	64	2	2	97	1	104	3.00e-11	47
olaTTNIg86_197	olaTTNIg93_194	26.316	95	68	1	2	96	1	93	4.77e-11	46.2
olaTTNIg86_197	olaTTNIg39_194	25.532	94	68	1	1	94	1	92	4.53e-10	43.5
olaTTNIg86_197	olaTTNIg109_193	30.108	93	62	2	8	97	1	93	5.56e-10	43.5
olaTTNIg86_197	olaTTNIg97_197	29.07	86	61	0	12	97	12	97	6.21e-10	43.5
olaTTNIg86_197	olaTTNIg69_194	29.474	95	65	1	2	96	1	93	6.31e-10	43.5
olaTTNIg86_197	olaTTNIg79_197	25	84	62	1	15	97	14	97	9.52e-10	42.7
olaTTNIg86_197	olaTTNIg74_196	30.233	86	58	1	14	97	11	96	1.70e-09	42.4
olaTTNIg86_197	olaTTNIg107_194	28.571	98	64	2	2	97	1	94	1.82e-09	42
olaTTNIg86_197	olaTTNIg71_194	25	96	70	1	2	97	1	94	2.48e-09	42
olaTTNIg86_197	olaTTNIg25_194	30.108	93	59	3	8	95	2	93	3.31e-09	41.6
olaTTNIg86_197	olaTTNIg40_194	28.395	81	58	0	14	94	10	90	5.04e-08	38.5
olaTTNIg86_197	olaTTNIg106_196	26.829	82	60	0	16	97	15	96	2.42e-07	36.6
olaTTNIg86_197	olaTTNIg62_195	32.787	61	40	1	22	81	20	80	2.48e-07	36.6
olaTTNIg86_197	olaTTNIg33_195	23.596	89	68	0	9	97	6	94	2.64e-07	36.6
olaTTNIg86_197	olaTTNIg3_195	23.188	69	53	0	16	84	13	81	2.70e-07	36.6
olaTTNIg86_197	olaTTNIg115_194	23.81	84	61	1	2	85	2	82	4.40e-07	35.8
olaTTNIg86_197	olaTTNIg117_196	27.143	70	51	0	16	85	13	82	4.95e-07	35.8
olaTTNIg86_197	olaTTNIg41_196	32.787	61	40	1	26	85	23	83	6.37e-07	35.4
olaTTNIg86_197	olaTTNIg99_197	24.096	83	62	1	15	96	14	96	6.68e-07	35.4
olaTTNIg86_197	olaTTNIg6_195	23.457	81	59	2	16	94	12	91	4.51e-06	33.1
olaTTNIg86_197	olaTTNIg34_193	24.051	79	60	0	16	94	13	91	4.56e-06	33.1
olaTTNIg86_197	olaTTNIg1_196	21.739	92	67	3	8	94	2	93	5.08e-06	33.1
olaTTNIg86_197	olaTTNIg68_199	22.449	98	65	2	9	97	4	99	5.31e-06	33.1
olaTTNIg86_197	olaTTNIg36_194	21.25	80	63	0	15	94	13	92	8.41e-06	32.3
olaTTNIg86_197	olaTTNIg64_193	25	84	63	0	12	95	8	91	9.10e-06	32.3
olaTTNIg86_197	olaTTNIg2_194	21.687	83	65	0	12	94	9	91	9.63e-06	32.3
olaTTNIg86_197	olaTTNIg21_195	22.34	94	70	1	1	94	1	91	3.81e-05	30.8
olaTTNIg86_197	olaTTNIg10_194	23.457	81	59	2	16	94	13	92	3.92e-05	30.8
olaTTNIg86_197	olaTTNIg23_194	20.93	86	64	2	14	97	10	93	1.77e-04	28.9
olaTTNIg86_197	olaTTNIg35_193	24.706	85	61	1	1	85	1	82	2.41e-04	28.5
olaTTNIg86_197	olaTTNIg30_194	23.077	78	56	2	19	94	17	92	2.42e-04	28.5
olaTTNIg86_197	olaTTNIg44_197	23.81	84	61	1	14	94	13	96	3.89e-04	28.1
olaTTNIg86_197	olaTTNIg7_195	26.087	92	63	2	8	94	1	92	4.52e-04	27.7
olaTTNIg86_197	olaTTNIg108_193	22.388	67	52	0	19	85	15	81	4.60e-04	27.7
olaTTNIg86_197	olaTTNIg108_193	50	12	6	0	9	20	70	81	8.8	15.8
olaTTNIg86_197	olaTTNIg111_1101	31.343	67	45	1	19	84	22	88	8.10e-04	27.3
olaTTNIg86_197	olaTTNIg38_193	23.256	86	63	1	1	86	1	83	0.001	26.9
olaTTNIg86_197	olaTTNIg42_192	22.059	68	52	1	12	79	13	79	0.001	26.6
olaTTNIg86_197	olaTTNIg27_192	20.482	83	66	0	14	96	10	92	0.002	26.2
olaTTNIg86_197	olaTTNIg4_195	25.806	62	44	1	26	85	23	84	0.003	25.8
olaTTNIg86_197	olaTTNIg22_193	17.808	73	59	1	12	84	9	80	0.005	25
olaTTNIg86_197	olaTTNIg5_198	25.714	70	51	1	19	87	16	85	0.005	25
olaTTNIg86_197	olaTTNIg113_197	19.792	96	71	3	8	97	2	97	0.006	25
olaTTNIg86_197	olaTTNIg46_189	27.66	47	34	0	31	77	28	74	0.006	24.6
olaTTNIg86_197	olaTTNIg56_189	26.415	53	39	0	31	83	27	79	0.01	24.3
olaTTNIg86_197	olaTTNIg52_188	27.083	48	35	0	30	77	26	73	0.01	24.3
olaTTNIg86_197	olaTTNIg24_194	17.284	81	67	0	14	94	10	90	0.013	23.9
olaTTNIg86_197	olaTTNIg58_193	27.083	48	35	0	38	85	34	81	0.02	23.5
olaTTNIg86_197	olaTTNIg110_194	22.826	92	61	2	9	94	5	92	0.022	23.1
olaTTNIg86_197	olaTTNIg59_189	20.408	49	39	0	31	79	27	75	0.038	22.7
olaTTNIg86_197	olaTTNIg20_187	31.707	41	28	0	36	76	32	72	0.04	22.3
olaTTNIg86_197	olaTTNIg9_193	30.233	43	26	2	2	43	1	40	0.041	22.7
olaTTNIg86_197	olaTTNIg12_189	27.5	40	29	0	38	77	35	74	0.042	22.3
olaTTNIg86_197	olaTTNIg47_188	21.277	47	37	0	31	77	28	74	0.044	22.3
olaTTNIg86_197	olaTTNIg50_192	22.581	62	47	1	16	77	13	73	0.045	22.3
olaTTNIg86_197	olaTTNIg11_191	20.833	48	38	0	30	77	27	74	0.052	22.3
olaTTNIg86_197	olaTTNIg112_198	21.951	82	61	2	15	94	15	95	0.068	21.9
olaTTNIg86_197	olaTTNIg14_188	23.81	63	44	2	19	79	16	76	0.086	21.6
olaTTNIg86_197	olaTTNIg29_192	27.273	33	24	0	62	94	58	90	0.18	20.8
olaTTNIg86_197	olaTTNIg43_297	16.981	53	43	1	34	85	31	83	0.28	20
olaTTNIg86_197	olaTTNIg57_188	24.561	57	42	1	19	75	16	71	0.49	19.6
olaTTNIg86_197	olaTTNIg114_192	23.077	78	55	3	19	94	15	89	0.62	19.2
olaTTNIg86_197	olaTTNIg28_194	26.667	45	30	1	1	45	1	42	1.2	18.5
olaTTNIg86_197	olaTTNIg61_188	30	20	14	0	62	81	59	78	2.1	17.7
olaTTNIg86_197	olaTTNIg45_192	25	16	12	0	62	77	59	74	6.1	16.5
olaTTNIg86_197	olaTTNIg19_391	27.778	18	13	0	62	79	58	75	6.2	16.2
olaTTNIg87_194	olaTTNIg87_194	100	94	0	0	1	94	1	94	3.15e-67	188
olaTTNIg87_194	olaTTNIg93_194	54.255	94	43	0	1	94	1	94	2.65e-37	112
olaTTNIg87_194	olaTTNIg84_195	55.319	94	42	0	1	94	2	95	1.94e-35	108
olaTTNIg87_194	olaTTNIg81_193	53.191	94	43	1	1	94	1	93	1.99e-34	105
olaTTNIg87_194	olaTTNIg90_195	52.128	94	45	0	1	94	2	95	2.20e-33	102
olaTTNIg87_194	olaTTNIg105_194	43.617	94	53	0	1	94	1	94	2.64e-29	92.8
olaTTNIg87_194	olaTTNIg96_194	45.745	94	51	0	1	94	1	94	9.62e-29	91.3
olaTTNIg87_194	olaTTNIg102_195	43.617	94	53	0	1	94	2	95	3.69e-27	87
olaTTNIg87_194	olaTTNIg78_196	37.5	96	58	1	1	94	1	96	5.98e-23	76.6
olaTTNIg87_194	olaTTNIg69_194	35.484	93	60	0	1	93	1	93	1.24e-21	73.2
olaTTNIg87_194	olaTTNIg73_197	42.708	96	53	1	1	94	2	97	1.25e-21	73.2
olaTTNIg87_194	olaTTNIg107_194	36.957	92	58	0	1	92	1	92	1.08e-20	70.9
olaTTNIg87_194	olaTTNIg71_194	39.785	93	56	0	1	93	1	93	8.26e-20	68.6
olaTTNIg87_194	olaTTNIg75_195	36.082	97	57	2	1	94	1	95	9.25e-20	68.6
olaTTNIg87_194	olaTTNIg82_196	36.842	95	58	1	1	93	1	95	2.27e-19	67.4
olaTTNIg87_194	olaTTNIg89_196	32.632	95	62	1	1	93	1	95	6.95e-19	66.2
olaTTNIg87_194	olaTTNIg103_196	34.409	93	59	1	1	91	1	93	2.00e-18	65.1
olaTTNIg87_194	olaTTNIg66_196	38.298	94	57	1	1	93	2	95	2.18e-18	65.1
olaTTNIg87_194	olaTTNIg74_196	39.326	89	50	2	9	93	7	95	5.26e-18	63.9
olaTTNIg87_194	olaTTNIg79_197	41.25	80	44	2	16	92	16	95	1.43e-17	62.8
olaTTNIg87_194	olaTTNIg98_196	35.789	95	59	1	1	93	1	95	1.01e-16	60.8
olaTTNIg87_194	olaTTNIg94_193	36.585	82	50	1	14	93	11	92	1.27e-16	60.5
olaTTNIg87_194	olaTTNIg100_195	31.915	94	62	1	1	92	1	94	6.88e-16	58.5
olaTTNIg87_194	olaTTNIg101_195	32.632	95	63	1	1	94	1	95	9.42e-16	58.2
olaTTNIg87_194	olaTTNIg88_193	43.662	71	38	1	25	93	22	92	1.37e-15	57.8
olaTTNIg87_194	olaTTNIg77_197	30.526	95	64	1	1	93	2	96	2.25e-15	57.4
olaTTNIg87_194	olaTTNIg83_195	32.184	87	57	1	9	93	8	94	2.42e-15	57
olaTTNIg87_194	olaTTNIg91_193	36.585	82	50	1	14	93	11	92	3.03e-15	57
olaTTNIg87_194	olaTTNIg99_197	36.842	95	57	2	3	94	3	97	6.37e-15	56.2
olaTTNIg87_194	olaTTNIg76_192	35.366	82	51	1	14	93	10	91	1.20e-14	55.5
olaTTNIg87_194	olaTTNIg63_197	30.526	95	64	1	1	93	2	96	1.65e-14	55.1
olaTTNIg87_194	olaTTNIg106_196	31.915	94	62	1	1	92	1	94	8.72e-14	53.1
olaTTNIg87_194	olaTTNIg97_197	29.787	94	64	1	1	92	2	95	9.31e-14	53.1
olaTTNIg87_194	olaTTNIg80_196	34.043	94	59	2	3	93	2	95	1.09e-13	53.1
olaTTNIg87_194	olaTTNIg104_198	35.227	88	55	1	9	94	11	98	1.21e-13	52.8
olaTTNIg87_194	olaTTNnewIg_1104	30.769	104	61	2	1	93	1	104	1.25e-13	53.1
olaTTNIg87_194	olaTTNIg95_197	31.325	83	55	1	1	81	2	84	1.53e-13	52.8
olaTTNIg87_194	olaTTNIg70_195	35.165	91	57	1	5	93	4	94	4.55e-13	51.2
olaTTNIg87_194	olaTTNIg64_193	37.975	79	43	2	18	92	15	91	8.88e-13	50.4
olaTTNIg87_194	olaTTNIg85_194	34.483	87	55	1	9	93	7	93	1.48e-12	50.1
olaTTNIg87_194	olaTTNIg72_197	29.474	95	65	1	1	93	2	96	1.91e-12	49.7
olaTTNIg87_194	olaTTNIg109_193	34.066	91	57	2	6	93	2	92	2.25e-12	49.7
olaTTNIg87_194	olaTTNIg86_197	28.421	95	66	1	1	93	2	96	2.76e-12	49.3
olaTTNIg87_194	olaTTNIg67_1104	28.889	90	55	1	13	93	14	103	3.03e-12	49.3
olaTTNIg87_194	olaTTNIg92_196	26.316	95	68	1	1	93	1	95	1.72e-11	47.4
olaTTNIg87_194	olaTTNIg114_192	30.488	82	52	2	13	91	10	89	2.76e-10	44.3
olaTTNIg87_194	olaTTNIg111_1101	31.25	80	52	2	18	94	22	101	5.22e-10	43.5
olaTTNIg87_194	olaTTNIg3_195	30.769	78	50	2	18	91	16	93	1.13e-09	42.7
olaTTNIg87_194	olaTTNIg23_194	33.333	75	48	1	13	85	10	84	3.91e-09	41.2
olaTTNIg87_194	olaTTNIg62_195	31.579	95	61	2	1	92	1	94	5.15e-09	40.8
olaTTNIg87_194	olaTTNIg68_199	27.66	94	59	2	8	92	4	97	1.04e-08	40
olaTTNIg87_194	olaTTNIg108_193	35	80	47	2	7	81	1	80	2.38e-07	36.6
olaTTNIg87_194	olaTTNIg116_195	27.632	76	53	2	18	91	16	91	2.68e-07	36.6
olaTTNIg87_194	olaTTNIg10_194	30.488	82	52	2	14	90	12	93	2.93e-07	36.2
olaTTNIg87_194	olaTTNIg40_194	32.877	73	47	1	11	81	8	80	3.22e-07	36.2
olaTTNIg87_194	olaTTNIg2_194	29.577	71	46	2	14	81	12	81	3.26e-07	36.2
olaTTNIg87_194	olaTTNIg115_194	26.316	76	54	1	18	91	16	91	3.43e-07	36.2
olaTTNIg87_194	olaTTNIg27_192	29.851	67	45	1	17	81	14	80	5.46e-07	35.4
olaTTNIg87_194	olaTTNIg4_195	27.711	83	53	2	7	85	8	87	1.10e-06	34.7
olaTTNIg87_194	olaTTNIg117_196	28.75	80	53	2	18	94	16	94	1.30e-06	34.7
olaTTNIg87_194	olaTTNIg7_195	32.877	73	45	1	13	81	10	82	1.30e-06	34.7
olaTTNIg87_194	olaTTNIg110_194	29.487	78	50	3	8	81	6	82	4.25e-06	33.1
olaTTNIg87_194	olaTTNIg6_195	24.419	86	50	2	15	91	12	91	4.45e-06	33.1
olaTTNIg87_194	olaTTNIg1_196	23.377	77	54	2	9	81	8	83	1.65e-05	31.6
olaTTNIg87_194	olaTTNIg24_194	27.778	72	48	2	13	81	10	80	2.34e-05	31.2
olaTTNIg87_194	olaTTNIg36_194	29.412	68	46	1	16	81	15	82	4.79e-05	30.4
olaTTNIg87_194	olaTTNIg5_198	29.851	67	44	2	18	81	16	82	4.94e-05	30.4
olaTTNIg87_194	olaTTNIg30_194	22.785	79	59	1	9	85	8	86	5.42e-05	30.4
olaTTNIg87_194	olaTTNIg8_195	30.357	56	37	1	29	82	28	83	1.02e-04	29.6
olaTTNIg87_194	olaTTNIg39_194	24.675	77	56	1	17	91	16	92	1.23e-04	29.3
olaTTNIg87_194	olaTTNIg33_195	27.711	83	58	1	13	93	11	93	4.37e-04	27.7
olaTTNIg87_194	olaTTNIg21_195	26.829	82	56	2	14	91	12	93	4.94e-04	27.7
olaTTNIg87_194	olaTTNIg113_197	24.658	73	50	2	14	81	12	84	0.001	26.9
olaTTNIg87_194	olaTTNIg13_189	26.786	56	39	1	37	90	34	89	0.002	26.2
olaTTNIg87_194	olaTTNIg16_189	35.294	51	31	1	31	79	29	79	0.003	25.4
olaTTNIg87_194	olaTTNIg32_194	21.519	79	59	1	18	93	16	94	0.003	25.8
olaTTNIg87_194	olaTTNIg25_194	24.638	69	48	2	16	81	15	82	0.004	25.4
olaTTNIg87_194	olaTTNIg41_196	25.806	62	43	1	23	81	21	82	0.005	25
olaTTNIg87_194	olaTTNIg46_189	27.692	65	40	2	16	78	19	78	0.007	24.6
olaTTNIg87_194	olaTTNIg35_193	25.758	66	47	1	18	81	16	81	0.016	23.5
olaTTNIg87_194	olaTTNIg31_193	27.586	58	40	1	35	90	33	90	0.017	23.5
olaTTNIg87_194	olaTTNIg59_189	30.769	52	34	1	24	73	21	72	0.018	23.5
olaTTNIg87_194	olaTTNIg28_194	21.176	85	58	2	10	93	18	94	0.021	23.1
olaTTNIg87_194	olaTTNIg9_193	20.732	82	61	2	1	81	1	79	0.029	22.7
olaTTNIg87_194	olaTTNIg50_192	25.49	51	36	1	30	78	27	77	0.031	22.7
olaTTNIg87_194	olaTTNIg20_187	27.66	47	32	1	35	79	32	78	0.039	22.3
olaTTNIg87_194	olaTTNIg14_188	22.034	59	44	1	18	74	16	74	0.046	22.3
olaTTNIg87_194	olaTTNIg44_197	32	50	32	1	32	79	35	84	0.057	21.9
olaTTNIg87_194	olaTTNIg58_193	24.051	79	42	2	21	81	2	80	0.1	21.2
olaTTNIg87_194	olaTTNIg45_192	21.569	51	37	1	37	84	34	84	0.11	21.2
olaTTNIg87_194	olaTTNIg19_391	28.205	39	20	1	44	74	35	73	0.21	20.4
olaTTNIg87_194	olaTTNIg22_193	29.167	24	17	0	59	82	58	81	0.25	20.4
olaTTNIg87_194	olaTTNIg47_188	24.49	49	35	1	30	76	28	76	0.41	19.6
olaTTNIg87_194	olaTTNIg112_198	24.39	41	31	0	46	86	50	90	1.5	18.1
olaTTNIg87_194	olaTTNIg54_189	50	14	7	0	4	17	63	76	3.1	17.3
olaTTNIg87_194	olaTTNIg54_189	21.053	57	31	2	30	78	28	78	3.3	16.9
olaTTNIg87_194	olaTTNIg43_297	21.739	46	34	1	33	76	31	76	4.4	16.9
olaTTNIg87_194	olaTTNIg56_189	40	15	9	0	59	73	58	72	4.8	16.5
olaTTNIg87_194	olaTTNIg18_389	24.39	41	29	1	35	73	32	72	4.9	16.5
olaTTNIg87_194	olaTTNIg12_189	29.412	17	12	0	58	74	58	74	5.8	16.5
olaTTNIg88_193	olaTTNIg88_193	100	93	0	0	1	93	1	93	1.75e-67	189
olaTTNIg88_193	olaTTNIg91_193	47.312	93	49	0	1	93	1	93	5.77e-30	94.4
olaTTNIg88_193	olaTTNIg85_194	43.011	93	53	0	1	93	2	94	1.83e-27	87.8
olaTTNIg88_193	olaTTNIg94_193	41.935	93	54	0	1	93	1	93	2.18e-23	77.4
olaTTNIg88_193	olaTTNIg82_196	42.105	76	44	0	17	92	20	95	1.19e-20	70.9
olaTTNIg88_193	olaTTNIg81_193	43.421	76	40	1	17	92	20	92	4.33e-16	58.9
olaTTNIg88_193	olaTTNIg87_194	43.662	71	38	1	22	92	25	93	1.36e-15	57.8
olaTTNIg88_193	olaTTNIg107_194	33.333	96	59	2	1	93	1	94	1.94e-15	57.4
olaTTNIg88_193	olaTTNIg80_196	42.029	69	40	0	24	92	27	95	1.95e-15	57.4
olaTTNIg88_193	olaTTNIg89_196	27.174	92	66	1	3	93	5	96	8.05e-15	55.8
olaTTNIg88_193	olaTTNIg103_196	40.299	67	40	0	16	82	19	85	8.23e-15	55.8
olaTTNIg88_193	olaTTNIg95_197	32.927	82	55	0	12	93	16	97	3.75e-14	54.3
olaTTNIg88_193	olaTTNIg106_196	34.94	83	54	0	11	93	14	96	1.05e-13	53.1
olaTTNIg88_193	olaTTNIg100_195	27.16	81	59	0	11	91	14	94	1.15e-13	52.8
olaTTNIg88_193	olaTTNIg79_197	40.26	77	45	1	18	93	21	97	1.26e-13	52.8
olaTTNIg88_193	olaTTNIg84_195	40.845	71	40	1	22	92	26	94	1.42e-13	52.8
olaTTNIg88_193	olaTTNIg83_195	30.769	78	54	0	16	93	18	95	2.89e-13	52
olaTTNIg88_193	olaTTNIg73_197	35.714	84	54	0	9	92	13	96	7.40e-13	50.8
olaTTNIg88_193	olaTTNIg98_196	36.905	84	51	1	12	93	13	96	8.15e-13	50.8
olaTTNIg88_193	olaTTNIg86_197	29.348	92	64	1	3	93	6	97	8.89e-13	50.4
olaTTNIg88_193	olaTTNIg101_195	31.395	86	58	1	7	92	10	94	1.89e-12	49.7
olaTTNIg88_193	olaTTNIg97_197	32.941	85	55	1	11	93	13	97	3.10e-12	49.3
olaTTNIg88_193	olaTTNIg96_194	34.667	75	47	1	18	92	21	93	7.05e-12	48.1
olaTTNIg88_193	olaTTNIg63_197	34.568	81	51	1	15	93	17	97	8.64e-12	48.1
olaTTNIg88_193	olaTTNIg67_1104	31.25	96	57	3	7	93	9	104	9.45e-12	48.1
olaTTNIg88_193	olaTTNIg70_195	27.941	68	49	0	26	93	28	95	9.72e-11	45.4
olaTTNIg88_193	olaTTNIg2_194	26.667	90	66	0	1	90	2	91	1.07e-10	45.1
olaTTNIg88_193	olaTTNIg72_197	29.63	81	55	1	14	92	16	96	1.38e-10	45.1
olaTTNIg88_193	olaTTNIg104_198	29.07	86	59	1	9	92	12	97	1.41e-10	45.1
olaTTNIg88_193	olaTTNIg69_194	35.802	81	50	1	12	92	15	93	1.48e-10	44.7
olaTTNIg88_193	olaTTNIg71_194	31.25	80	53	1	14	93	17	94	3.10e-10	43.9
olaTTNIg88_193	olaTTNIg66_196	34.783	69	44	1	24	92	28	95	4.40e-10	43.5
olaTTNIg88_193	olaTTNIg77_197	30.667	75	52	0	18	92	22	96	1.27e-09	42.4
olaTTNIg88_193	olaTTNIg90_195	31.579	76	50	1	17	92	21	94	1.34e-09	42.4
olaTTNIg88_193	olaTTNIg99_197	25.581	86	63	1	8	92	11	96	1.44e-09	42.4
olaTTNIg88_193	olaTTNIg116_195	29.231	65	46	0	26	90	27	91	1.76e-09	42
olaTTNIg88_193	olaTTNIg105_194	34.211	76	48	1	17	92	20	93	2.18e-09	42
olaTTNIg88_193	olaTTNIg68_199	26.19	84	55	1	17	93	16	99	4.73e-09	41.2
olaTTNIg88_193	olaTTNIg109_193	29.787	94	64	2	1	93	1	93	5.03e-09	40.8
olaTTNIg88_193	olaTTNIg114_192	28.788	66	44	2	16	80	16	79	5.79e-09	40.8
olaTTNIg88_193	olaTTNIg93_194	35.366	82	51	1	11	92	14	93	5.88e-09	40.8
olaTTNIg88_193	olaTTNIg3_195	22.222	90	70	0	1	90	2	91	7.34e-09	40.4
olaTTNIg88_193	olaTTNIg76_192	26.667	75	55	0	18	92	17	91	1.37e-08	39.7
olaTTNIg88_193	olaTTNIg111_1101	27.632	76	54	1	18	92	25	100	1.53e-08	39.7
olaTTNIg88_193	olaTTNIg8_195	29.412	68	48	0	26	93	28	95	1.60e-08	39.7
olaTTNIg88_193	olaTTNIg102_195	27.66	94	61	3	2	92	5	94	1.67e-08	39.7
olaTTNIg88_193	olaTTNIg38_193	26.829	82	60	0	1	82	2	83	1.85e-08	39.3
olaTTNIg88_193	olaTTNIg59_189	34.375	64	38	1	27	90	27	86	2.26e-08	38.9
olaTTNIg88_193	olaTTNIg23_194	30.882	68	47	0	26	93	26	93	2.38e-08	39.3
olaTTNIg88_193	olaTTNIg39_194	24	75	57	0	16	90	18	92	2.56e-08	38.9
olaTTNIg88_193	olaTTNIg108_193	25	84	63	0	1	84	1	84	2.60e-08	38.9
olaTTNIg88_193	olaTTNIg75_195	32.857	70	44	2	24	92	27	94	2.61e-08	38.9
olaTTNIg88_193	olaTTNIg74_196	25.882	85	61	1	11	93	12	96	3.02e-08	38.9
olaTTNIg88_193	olaTTNIg4_195	36.207	58	35	1	26	81	27	84	3.47e-08	38.5
olaTTNIg88_193	olaTTNIg78_196	25.61	82	61	0	11	92	14	95	7.92e-08	37.7
olaTTNIg88_193	olaTTNIg34_193	24.051	79	60	0	12	90	13	91	1.58e-07	37
olaTTNIg88_193	olaTTNIg92_196	35.714	70	45	0	24	93	27	96	2.33e-07	36.6
olaTTNIg88_193	olaTTNIg13_189	31.915	47	32	0	25	71	25	71	3.00e-07	36.2
olaTTNIg88_193	olaTTNIg21_195	29.231	65	46	0	26	90	27	91	3.40e-07	36.2
olaTTNIg88_193	olaTTNIg117_196	27.5	80	58	0	9	88	10	89	3.64e-07	36.2
olaTTNIg88_193	olaTTNIg110_194	28.049	82	57	2	1	80	1	82	3.83e-07	35.8
olaTTNIg88_193	olaTTNIg1_196	27.536	69	48	1	24	90	25	93	5.91e-07	35.4
olaTTNIg88_193	olaTTNIg27_192	23.077	65	50	0	28	92	28	92	6.99e-07	35
olaTTNIg88_193	olaTTNIg28_194	27.059	85	61	1	9	92	10	94	8.37e-07	35
olaTTNIg88_193	olaTTNIg64_193	22.368	76	59	0	16	91	16	91	8.68e-07	35
olaTTNIg88_193	olaTTNIg115_194	23.457	81	62	0	1	81	2	82	9.70e-07	35
olaTTNIg88_193	olaTTNIg36_194	27.027	74	52	2	18	90	20	92	1.09e-06	34.7
olaTTNIg88_193	olaTTNIg62_195	28.395	81	57	1	12	91	14	94	1.14e-06	34.7
olaTTNIg88_193	olaTTNIg33_195	24.419	86	65	0	8	93	9	94	1.97e-06	34.3
olaTTNIg88_193	olaTTNIg41_196	31.944	72	46	2	24	93	25	95	3.50e-06	33.5
olaTTNIg88_193	olaTTNIg5_198	23.457	81	61	1	1	80	2	82	4.00e-06	33.5
olaTTNIg88_193	olaTTNIg10_194	24.39	82	61	1	1	81	2	83	4.02e-06	33.1
olaTTNIg88_193	olaTTNnewIg_1104	28.261	92	55	4	12	92	13	104	5.08e-06	33.1
olaTTNIg88_193	olaTTNIg25_194	20.896	67	52	1	26	91	27	93	2.38e-05	31.2
olaTTNIg88_193	olaTTNIg44_197	29.31	58	41	0	33	90	39	96	3.63e-05	30.8
olaTTNIg88_193	olaTTNIg44_197	62.5	8	3	0	40	47	3	10	6.1	16.2
olaTTNIg88_193	olaTTNIg40_194	25.714	70	52	0	11	80	11	80	6.25e-05	30
olaTTNIg88_193	olaTTNIg24_194	18.182	66	54	0	28	93	28	93	6.65e-05	30
olaTTNIg88_193	olaTTNIg31_193	32.353	68	45	1	14	80	14	81	1.01e-04	29.6
olaTTNIg88_193	olaTTNIg9_193	29.412	68	47	1	26	93	26	92	1.52e-04	28.9
olaTTNIg88_193	olaTTNIg55_190	26.23	61	44	1	12	71	13	73	1.94e-04	28.9
olaTTNIg88_193	olaTTNIg50_192	24.286	70	52	1	8	77	9	77	2.32e-04	28.5
olaTTNIg88_193	olaTTNIg15_187	26.667	60	43	1	16	75	17	75	2.46e-04	28.5
olaTTNIg88_193	olaTTNIg113_197	19.277	83	64	1	1	80	2	84	3.08e-04	28.1
olaTTNIg88_193	olaTTNIg20_187	26.786	56	41	0	32	87	32	87	3.54e-04	28.1
olaTTNIg88_193	olaTTNIg30_194	18.919	74	60	0	17	90	19	92	3.59e-04	28.1
olaTTNIg88_193	olaTTNIg29_192	21.311	61	48	0	32	92	32	92	4.97e-04	27.7
olaTTNIg88_193	olaTTNIg54_189	22	50	39	0	26	75	27	76	0.001	26.9
olaTTNIg88_193	olaTTNIg43_297	22.581	62	47	1	30	90	31	92	0.006	24.6
olaTTNIg88_193	olaTTNIg7_195	23.333	90	63	3	5	88	1	90	0.007	24.6
olaTTNIg88_193	olaTTNIg19_391	20.513	39	31	0	33	71	33	71	0.01	23.9
olaTTNIg88_193	olaTTNIg42_192	27.273	44	32	0	28	71	32	75	0.014	23.9
olaTTNIg88_193	olaTTNIg58_193	32.653	49	31	2	34	81	34	81	0.024	23.1
olaTTNIg88_193	olaTTNIg14_188	20.548	73	54	1	18	90	19	87	0.033	22.7
olaTTNIg88_193	olaTTNIg37_193	29.032	31	22	0	58	88	59	89	0.046	22.3
olaTTNIg88_193	olaTTNIg51_488	27.869	61	40	1	32	92	29	85	0.053	21.9
olaTTNIg88_193	olaTTNIg16_189	46.667	15	8	0	34	48	35	49	0.076	21.6
olaTTNIg88_193	olaTTNIg26_192	25.397	63	46	1	32	93	30	92	0.13	21.2
olaTTNIg88_193	olaTTNIg49_187	22.414	58	37	1	14	71	21	70	0.14	20.8
olaTTNIg88_193	olaTTNIg17_290	25	40	30	0	32	71	34	73	0.25	20.4
olaTTNIg88_193	olaTTNIg35_193	22.034	59	46	0	32	90	33	91	0.36	19.6
olaTTNIg88_193	olaTTNIg52_188	25	40	30	0	32	71	32	71	0.51	19.2
olaTTNIg88_193	olaTTNIg48_188	22.222	36	28	0	32	67	32	67	0.68	18.9
olaTTNIg88_193	olaTTNIg47_188	31.25	80	45	4	12	89	6	77	0.88	18.5
olaTTNIg88_193	olaTTNIg56_189	22.222	45	35	0	27	71	27	71	0.95	18.5
olaTTNIg88_193	olaTTNIg18_389	23.729	59	41	1	32	90	32	86	1.2	18.5
olaTTNIg88_193	olaTTNIg32_194	23.333	90	52	3	5	83	2	85	1.2	18.5
olaTTNIg88_193	olaTTNIg61_188	21.277	47	37	0	31	77	32	78	1.8	17.7
olaTTNIg88_193	olaTTNIg112_198	22.034	59	46	0	32	90	37	95	4.1	16.9
olaTTNIg89_196	olaTTNIg89_196	100	96	0	0	1	96	1	96	6.29e-71	197
olaTTNIg89_196	olaTTNIg86_197	47.917	96	50	0	1	96	2	97	1.52e-29	93.6
olaTTNIg89_196	olaTTNIg83_195	48.81	84	43	0	13	96	12	95	1.04e-26	86.3
olaTTNIg89_196	olaTTNIg92_196	44.792	96	53	0	1	96	1	96	2.12e-24	80.5
olaTTNIg89_196	olaTTNIg95_197	38.542	96	59	0	1	96	2	97	7.45e-23	76.3
olaTTNIg89_196	olaTTNIg103_196	34.375	96	63	0	1	96	1	96	2.68e-19	67.4
olaTTNIg89_196	olaTTNIg87_194	32.632	95	62	1	1	95	1	93	7.10e-19	66.2
olaTTNIg89_196	olaTTNIg93_194	34.375	96	59	2	1	95	1	93	9.76e-18	63.2
olaTTNIg89_196	olaTTNIg102_195	33.684	95	61	1	1	95	2	94	2.55e-17	62.4
olaTTNIg89_196	olaTTNIg72_197	31.579	95	65	0	1	95	2	96	2.79e-17	62.4
olaTTNIg89_196	olaTTNIg81_193	32.632	95	61	1	1	95	1	92	3.62e-17	62
olaTTNIg89_196	olaTTNIg76_192	29.412	85	60	0	11	95	7	91	1.84e-16	60.1
olaTTNIg89_196	olaTTNIg67_1104	38.298	94	51	2	10	96	11	104	6.94e-16	58.9
olaTTNIg89_196	olaTTNIg104_198	35.417	96	61	1	1	95	2	97	6.94e-16	58.5
olaTTNIg89_196	olaTTNIg73_197	28.421	95	68	0	1	95	2	96	1.61e-15	57.8
olaTTNIg89_196	olaTTNIg94_193	29.412	85	60	0	12	96	9	93	1.75e-15	57.4
olaTTNIg89_196	olaTTNIg98_196	25	96	72	0	1	96	1	96	2.33e-15	57.4
olaTTNIg89_196	olaTTNIg75_195	33.673	98	58	3	1	95	1	94	3.74e-15	56.6
olaTTNIg89_196	olaTTNIg106_196	26.744	86	63	0	11	96	11	96	3.75e-15	56.6
olaTTNIg89_196	olaTTNIg88_193	27.174	92	66	1	5	96	3	93	8.31e-15	55.8
olaTTNIg89_196	olaTTNIg82_196	38.158	76	47	0	11	86	11	86	1.65e-14	55.1
olaTTNIg89_196	olaTTNIg33_195	28.235	85	61	0	12	96	10	94	4.27e-14	53.9
olaTTNIg89_196	olaTTNIg116_195	27.711	83	60	0	11	93	9	91	5.78e-14	53.5
olaTTNIg89_196	olaTTNIg90_195	32.632	95	62	1	1	95	2	94	6.73e-14	53.5
olaTTNIg89_196	olaTTNIg100_195	32.099	81	55	0	1	81	1	81	1.33e-13	52.8
olaTTNIg89_196	olaTTNIg91_193	31.765	85	58	0	12	96	9	93	1.76e-13	52.4
olaTTNIg89_196	olaTTNIg84_195	27.368	95	67	1	1	95	2	94	2.00e-13	52.4
olaTTNIg89_196	olaTTNIg107_194	30.208	96	65	1	1	96	1	94	2.14e-13	52.4
olaTTNIg89_196	olaTTNIg78_196	25.263	95	71	0	1	95	1	95	2.31e-13	52.4
olaTTNIg89_196	olaTTNIg3_195	27.848	79	57	0	15	93	13	91	3.33e-13	51.6
olaTTNIg89_196	olaTTNIg74_196	27.907	86	60	1	13	96	11	96	5.47e-13	51.2
olaTTNIg89_196	olaTTNIg39_194	32.099	81	51	1	7	83	2	82	7.08e-13	50.8
olaTTNIg89_196	olaTTNIg97_197	28.235	85	61	0	12	96	13	97	1.14e-12	50.4
olaTTNIg89_196	olaTTNIg77_197	30.612	98	62	2	1	95	2	96	1.35e-12	50.1
olaTTNIg89_196	olaTTNIg80_196	32.258	93	62	1	4	95	3	95	1.68e-12	50.1
olaTTNIg89_196	olaTTNIg70_195	26.882	93	68	0	4	96	3	95	2.17e-12	49.7
olaTTNIg89_196	olaTTNIg66_196	29.474	95	66	1	1	95	2	95	2.17e-12	49.7
olaTTNIg89_196	olaTTNIg99_197	27.027	74	54	0	15	88	15	88	2.20e-12	49.7
olaTTNIg89_196	olaTTNIg71_194	31.646	79	52	1	18	96	18	94	2.47e-12	49.7
olaTTNIg89_196	olaTTNIg63_197	26.042	96	71	0	1	96	2	97	2.79e-12	49.3
olaTTNIg89_196	olaTTNIg109_193	31.522	92	62	1	6	96	2	93	3.00e-12	49.3
olaTTNIg89_196	olaTTNIg101_195	26.316	95	69	1	1	95	1	94	6.12e-12	48.5
olaTTNIg89_196	olaTTNIg85_194	27.059	85	62	0	12	96	10	94	1.65e-11	47.4
olaTTNIg89_196	olaTTNIg34_193	33.333	90	57	1	7	93	2	91	2.11e-11	47
olaTTNIg89_196	olaTTNIg96_194	27.368	95	67	1	1	95	1	93	2.30e-11	47
olaTTNIg89_196	olaTTNIg69_194	29.474	95	65	1	1	95	1	93	2.49e-10	44.3
olaTTNIg89_196	olaTTNIg79_197	31.081	74	49	2	18	89	18	91	3.97e-10	43.9
olaTTNIg89_196	olaTTNIg62_195	30.769	78	53	1	8	84	7	84	4.44e-10	43.9
olaTTNIg89_196	olaTTNIg105_194	27.368	95	67	1	1	95	1	93	4.59e-10	43.5
olaTTNIg89_196	olaTTNIg10_194	33.803	71	46	1	14	83	12	82	9.00e-10	42.7
olaTTNIg89_196	olaTTNIg108_193	28.571	84	57	3	13	95	10	91	2.24e-09	42
olaTTNIg89_196	olaTTNIg30_194	26.374	91	63	2	7	93	2	92	6.42e-09	40.8
olaTTNIg89_196	olaTTNIg32_194	30.588	85	55	2	7	87	2	86	1.13e-08	40
olaTTNIg89_196	olaTTNIg64_193	26.389	72	53	0	13	84	10	81	2.06e-08	39.3
olaTTNIg89_196	olaTTNnewIg_1104	26.923	104	67	2	1	95	1	104	2.06e-08	39.7
olaTTNIg89_196	olaTTNIg6_195	25.641	78	55	2	12	87	9	85	2.07e-08	39.3
olaTTNIg89_196	olaTTNIg40_194	30.233	86	54	2	11	93	8	90	2.21e-08	39.3
olaTTNIg89_196	olaTTNIg25_194	29.032	93	60	3	7	94	2	93	3.52e-08	38.9
olaTTNIg89_196	olaTTNIg68_199	29.07	86	54	1	18	96	14	99	4.65e-08	38.5
olaTTNIg89_196	olaTTNIg2_194	19.277	83	67	0	11	93	9	91	1.16e-07	37.4
olaTTNIg89_196	olaTTNIg36_194	24.051	79	60	0	15	93	14	92	2.28e-07	36.6
olaTTNIg89_196	olaTTNIg115_194	22.727	66	51	0	18	83	16	81	2.75e-07	36.6
olaTTNIg89_196	olaTTNIg1_196	21.739	92	67	2	7	93	2	93	4.72e-07	35.8
olaTTNIg89_196	olaTTNIg41_196	26.667	60	43	1	25	83	23	82	1.10e-06	35
olaTTNIg89_196	olaTTNIg21_195	18.571	70	57	0	14	83	12	81	1.46e-06	34.7
olaTTNIg89_196	olaTTNIg27_192	16.867	83	69	0	13	95	10	92	4.03e-06	33.5
olaTTNIg89_196	olaTTNIg7_195	23.913	92	65	2	7	93	1	92	7.82e-06	32.7
olaTTNIg89_196	olaTTNIg117_196	23.288	73	56	0	11	83	9	81	9.47e-06	32.3
olaTTNIg89_196	olaTTNIg23_194	22.222	81	63	0	13	93	10	90	1.67e-05	31.6
olaTTNIg89_196	olaTTNIg5_198	25.676	74	54	1	11	83	9	82	4.67e-05	30.4
olaTTNIg89_196	olaTTNIg111_1101	21.519	79	61	1	18	95	22	100	5.83e-05	30.4
olaTTNIg89_196	olaTTNIg110_194	25.424	59	40	2	29	84	26	83	7.29e-05	30
olaTTNIg89_196	olaTTNIg35_193	22.5	80	59	1	7	83	2	81	1.00e-04	29.6
olaTTNIg89_196	olaTTNIg58_193	29.167	48	34	0	36	83	33	80	1.05e-04	29.6
olaTTNIg89_196	olaTTNIg47_188	23.256	86	62	2	5	87	1	85	1.40e-04	29.3
olaTTNIg89_196	olaTTNIg59_189	26.667	60	44	0	30	89	27	86	1.41e-04	29.3
olaTTNIg89_196	olaTTNIg24_194	20.879	91	67	3	7	93	1	90	1.44e-04	29.3
olaTTNIg89_196	olaTTNIg46_189	22.892	83	61	1	5	87	6	85	1.48e-04	29.3
olaTTNIg89_196	olaTTNIg114_192	23.288	73	53	2	13	84	10	80	1.50e-04	29.3
olaTTNIg89_196	olaTTNIg22_193	21.687	83	62	2	1	83	1	80	1.71e-04	28.9
olaTTNIg89_196	olaTTNIg14_188	19.672	61	49	0	18	78	16	76	2.08e-04	28.9
olaTTNIg89_196	olaTTNIg13_189	24.444	45	34	0	37	81	34	78	3.68e-04	28.1
olaTTNIg89_196	olaTTNIg8_195	22.388	67	52	0	29	95	28	94	0.003	25.8
olaTTNIg89_196	olaTTNIg38_193	23.333	90	54	4	7	87	2	85	0.003	25.8
olaTTNIg89_196	olaTTNIg4_195	22.059	68	51	1	18	83	16	83	0.003	25.8
olaTTNIg89_196	olaTTNIg112_198	21.25	80	62	1	15	93	16	95	0.003	25.4
olaTTNIg89_196	olaTTNIg12_189	22.5	40	31	0	37	76	35	74	0.006	24.6
olaTTNIg89_196	olaTTNIg9_193	20	40	32	0	13	52	10	49	0.01	24.3
olaTTNIg89_196	olaTTNIg54_189	26.19	42	31	0	35	76	33	74	0.014	23.9
olaTTNIg89_196	olaTTNIg37_193	18.182	66	54	0	18	83	16	81	0.015	23.9
olaTTNIg89_196	olaTTNIg42_192	19.118	68	54	1	11	78	13	79	0.015	23.9
olaTTNIg89_196	olaTTNIg29_192	21.111	90	68	1	7	93	1	90	0.016	23.5
olaTTNIg89_196	olaTTNIg55_190	21.739	69	50	2	9	74	6	73	0.043	22.3
olaTTNIg89_196	olaTTNIg53_190	20	55	43	1	11	65	11	64	0.081	21.6
olaTTNIg89_196	olaTTNIg49_187	22.414	58	40	2	29	86	26	78	0.12	21.2
olaTTNIg89_196	olaTTNIg113_197	18.75	96	72	3	7	96	2	97	0.12	21.2
olaTTNIg89_196	olaTTNIg45_192	40	20	11	1	57	76	56	74	0.17	20.8
olaTTNIg89_196	olaTTNIg19_391	21.569	51	36	1	37	87	34	80	0.2	20.4
olaTTNIg89_196	olaTTNIg52_188	18.966	58	43	1	29	86	26	79	0.22	20.4
olaTTNIg89_196	olaTTNIg56_189	20.339	59	47	0	30	88	27	85	0.26	20.4
olaTTNIg89_196	olaTTNIg56_189	34.783	23	15	0	71	93	1	23	5.4	16.5
olaTTNIg89_196	olaTTNIg60_187	20	50	40	0	29	78	26	75	0.31	20
olaTTNIg89_196	olaTTNIg11_191	40	20	12	0	46	65	60	79	0.87	18.9
olaTTNIg89_196	olaTTNIg57_188	17.073	41	34	0	35	75	32	72	2.5	17.3
olaTTNIg89_196	olaTTNIg16_189	27.119	59	38	3	19	75	18	73	2.8	17.3
olaTTNIg89_196	olaTTNIg43_297	26.19	42	24	3	34	71	32	70	3.2	17.3
olaTTNIg89_196	olaTTNIg44_197	50	16	7	1	70	85	73	87	5.6	16.5
olaTTNIg89_196	olaTTNIg18_389	20.588	68	53	1	11	78	9	75	8.1	16.2
olaTTNIg90_195	olaTTNIg90_195	100	95	0	0	1	95	1	95	2.80e-71	198
olaTTNIg90_195	olaTTNIg87_194	52.128	94	45	0	2	95	1	94	2.22e-33	102
olaTTNIg90_195	olaTTNIg93_194	44.681	94	52	0	2	95	1	94	3.78e-32	99.8
olaTTNIg90_195	olaTTNIg84_195	44.211	95	53	0	1	95	1	95	3.56e-29	92.4
olaTTNIg90_195	olaTTNIg81_193	44.681	94	51	1	2	95	1	93	6.84e-27	86.7
olaTTNIg90_195	olaTTNIg102_195	42.105	95	55	0	1	95	1	95	8.70e-27	86.3
olaTTNIg90_195	olaTTNIg105_194	41.489	94	55	0	2	95	1	94	8.70e-25	81.3
olaTTNIg90_195	olaTTNIg75_195	40	95	56	1	2	95	1	95	2.93e-21	72.4
olaTTNIg90_195	olaTTNIg96_194	35.106	94	61	0	2	95	1	94	7.60e-20	68.6
olaTTNIg90_195	olaTTNIg69_194	34.409	93	61	0	2	94	1	93	8.24e-19	65.9
olaTTNIg90_195	olaTTNIg78_196	33.333	96	62	1	2	95	1	96	8.39e-19	66.2
olaTTNIg90_195	olaTTNIg82_196	35.789	95	59	1	2	94	1	95	4.68e-18	64.3
olaTTNIg90_195	olaTTNIg73_197	36.082	97	60	1	1	95	1	97	5.34e-18	63.9
olaTTNIg90_195	olaTTNIg101_195	34.737	95	61	1	2	95	1	95	5.37e-18	63.9
olaTTNIg90_195	olaTTNIg107_194	34.783	92	60	0	2	93	1	92	8.45e-18	63.5
olaTTNIg90_195	olaTTNIg66_196	34.737	95	61	1	1	94	1	95	1.88e-17	62.8
olaTTNIg90_195	olaTTNIg77_197	30.208	96	65	1	1	94	1	96	3.42e-17	62
olaTTNIg90_195	olaTTNIg74_196	35.294	85	51	1	14	94	11	95	1.68e-16	60.1
olaTTNIg90_195	olaTTNIg104_198	36.735	98	59	2	1	95	1	98	1.85e-16	60.1
olaTTNIg90_195	olaTTNIg72_197	33.333	96	62	1	1	94	1	96	1.86e-16	60.1
olaTTNIg90_195	olaTTNIg95_197	33.333	96	62	1	1	94	1	96	2.01e-16	60.1
olaTTNIg90_195	olaTTNIg64_193	32.143	84	55	1	12	93	8	91	5.16e-15	56.2
olaTTNIg90_195	olaTTNIg79_197	35.802	81	49	2	16	93	15	95	8.35e-15	55.8
olaTTNIg90_195	olaTTNIg76_192	31.707	82	54	1	15	94	10	91	1.02e-14	55.5
olaTTNIg90_195	olaTTNIg63_197	29.167	96	66	1	1	94	1	96	2.10e-14	54.7
olaTTNIg90_195	olaTTNIg89_196	32.632	95	62	1	2	94	1	95	6.66e-14	53.5
olaTTNIg90_195	olaTTNIg80_196	35.106	94	58	2	4	94	2	95	8.82e-14	53.1
olaTTNIg90_195	olaTTNIg91_193	32.927	82	53	1	15	94	11	92	1.13e-13	52.8
olaTTNIg90_195	olaTTNIg94_193	30.526	95	61	2	2	94	1	92	1.26e-13	52.8
olaTTNIg90_195	olaTTNIg103_196	31.183	93	62	1	2	92	1	93	1.30e-13	52.8
olaTTNIg90_195	olaTTNIg62_195	34.831	89	55	1	8	93	6	94	2.26e-13	52
olaTTNIg90_195	olaTTNIg98_196	27.368	95	67	1	2	94	1	95	1.54e-12	50.1
olaTTNIg90_195	olaTTNIg99_197	35.417	96	59	2	3	95	2	97	2.20e-12	49.7
olaTTNIg90_195	olaTTNIg86_197	34.118	85	52	2	1	82	1	84	2.20e-12	49.7
olaTTNIg90_195	olaTTNIg85_194	32.184	87	57	1	10	94	7	93	4.93e-12	48.5
olaTTNIg90_195	olaTTNIg83_195	31.633	98	58	4	2	94	1	94	7.04e-12	48.1
olaTTNIg90_195	olaTTNIg109_193	30.682	88	58	2	10	94	5	92	1.07e-11	47.8
olaTTNIg90_195	olaTTNIg106_196	25.532	94	68	1	2	93	1	94	2.15e-11	47
olaTTNIg90_195	olaTTNIg70_195	32.292	96	61	3	1	94	1	94	3.28e-11	46.6
olaTTNIg90_195	olaTTNIg100_195	32.353	68	44	1	14	79	13	80	5.09e-11	46.2
olaTTNIg90_195	olaTTNIg67_1104	28.889	90	55	1	14	94	14	103	1.78e-10	45.1
olaTTNIg90_195	olaTTNIg92_196	27.368	95	67	1	2	94	1	95	2.44e-10	44.3
olaTTNIg90_195	olaTTNIg71_194	25.806	93	69	0	2	94	1	93	2.78e-10	44.3
olaTTNIg90_195	olaTTNIg88_193	31.579	76	50	1	21	94	17	92	1.37e-09	42.4
olaTTNIg90_195	olaTTNIg115_194	26.582	79	56	1	16	92	13	91	4.48e-09	41.2
olaTTNIg90_195	olaTTNIg111_1101	29	100	66	3	1	95	2	101	1.13e-08	40
olaTTNIg90_195	olaTTNIg40_194	32.53	83	52	2	12	92	8	88	1.16e-08	40
olaTTNIg90_195	olaTTNIg97_197	23.958	96	67	2	2	93	2	95	4.19e-08	38.5
olaTTNIg90_195	olaTTNIg3_195	26.829	82	46	2	12	85	9	84	1.21e-07	37.4
olaTTNIg90_195	olaTTNIg23_194	33.803	71	45	1	14	82	10	80	2.29e-07	36.6
olaTTNIg90_195	olaTTNIg114_192	28.889	90	59	2	6	92	2	89	2.65e-07	36.6
olaTTNIg90_195	olaTTNIg1_196	26.471	68	46	1	19	82	16	83	4.18e-07	35.8
olaTTNIg90_195	olaTTNIg35_193	31.646	79	45	2	13	82	3	81	7.42e-07	35.4
olaTTNIg90_195	olaTTNIg7_195	27.848	79	53	1	8	82	4	82	1.18e-06	34.7
olaTTNIg90_195	olaTTNIg21_195	31.461	89	45	3	1	76	1	86	2.97e-06	33.5
olaTTNIg90_195	olaTTNIg117_196	25.61	82	59	1	16	95	13	94	2.99e-06	33.9
olaTTNIg90_195	olaTTNIg68_199	28.723	94	58	3	9	93	4	97	5.15e-06	33.1
olaTTNIg90_195	olaTTNIg4_195	31.579	76	48	1	19	90	16	91	6.32e-06	32.7
olaTTNIg90_195	olaTTNIg116_195	21.429	84	62	2	12	92	9	91	7.39e-06	32.7
olaTTNIg90_195	olaTTNIg116_195	40	40	19	2	10	46	36	73	0.098	21.6
olaTTNIg90_195	olaTTNIg33_195	29.07	86	53	3	14	94	11	93	8.12e-06	32.3
olaTTNIg90_195	olaTTNIg36_194	24.286	70	51	1	15	82	13	82	9.17e-06	32.3
olaTTNIg90_195	olaTTNIg110_194	26.374	91	62	2	6	92	3	92	1.32e-05	32
olaTTNIg90_195	olaTTNIg10_194	28.169	71	48	1	15	82	12	82	1.68e-05	31.6
olaTTNIg90_195	olaTTNIg58_193	36.17	47	28	1	38	82	34	80	1.98e-05	31.6
olaTTNIg90_195	olaTTNIg5_198	28.947	76	47	2	12	82	9	82	2.72e-05	31.2
olaTTNIg90_195	olaTTNIg2_194	25	80	53	3	15	88	12	90	4.07e-05	30.8
olaTTNIg90_195	olaTTNIg108_193	28.169	71	49	1	14	82	10	80	5.26e-05	30.4
olaTTNIg90_195	olaTTNnewIg_1104	26.984	63	42	1	2	64	1	59	5.60e-05	30.4
olaTTNIg90_195	olaTTNIg32_194	30.137	73	44	2	15	82	12	82	2.04e-04	28.9
olaTTNIg90_195	olaTTNIg27_192	25.352	71	51	1	14	82	10	80	4.27e-04	27.7
olaTTNIg90_195	olaTTNIg46_189	29.412	51	34	1	31	79	28	78	8.37e-04	26.9
olaTTNIg90_195	olaTTNIg113_197	24.658	73	50	1	15	82	12	84	8.43e-04	27.3
olaTTNIg90_195	olaTTNIg59_189	27.869	61	41	2	30	88	26	85	0.001	26.9
olaTTNIg90_195	olaTTNIg30_194	23.529	68	50	1	17	82	15	82	0.001	26.6
olaTTNIg90_195	olaTTNIg37_193	25.316	79	47	3	8	82	11	81	0.002	26.6
olaTTNIg90_195	olaTTNIg38_193	21.212	66	50	1	19	82	16	81	0.002	25.8
olaTTNIg90_195	olaTTNIg39_194	26.506	83	59	1	12	92	10	92	0.002	25.8
olaTTNIg90_195	olaTTNIg41_196	28.571	56	37	1	30	82	27	82	0.006	24.6
olaTTNIg90_195	olaTTNIg25_194	22.222	81	57	2	16	90	13	93	0.008	24.6
olaTTNIg90_195	olaTTNIg20_187	30.952	42	27	1	35	74	31	72	0.009	24.3
olaTTNIg90_195	olaTTNIg28_194	20.93	86	59	2	15	94	12	94	0.014	23.9
olaTTNIg90_195	olaTTNIg9_193	31.25	48	29	2	2	49	1	44	0.024	23.1
olaTTNIg90_195	olaTTNIg47_188	26	50	33	2	31	77	28	76	0.057	21.9
olaTTNIg90_195	olaTTNIg45_192	25	64	42	3	35	94	31	92	0.1	21.6
olaTTNIg90_195	olaTTNIg44_197	33.333	45	28	1	38	80	40	84	0.1	21.6
olaTTNIg90_195	olaTTNIg42_192	29.545	44	29	1	32	73	32	75	0.26	20.4
olaTTNIg90_195	olaTTNIg8_195	27.273	55	38	1	30	82	28	82	0.33	20
olaTTNIg90_195	olaTTNIg19_391	21.918	73	39	2	21	75	1	73	0.52	19.2
olaTTNIg90_195	olaTTNIg12_189	37.5	16	10	0	60	75	59	74	0.78	18.9
olaTTNIg90_195	olaTTNIg51_488	25.714	35	19	1	36	63	29	63	2	17.7
olaTTNIg90_195	olaTTNIg43_297	41.667	12	7	0	36	47	33	44	2.5	17.3
olaTTNIg90_195	olaTTNIg55_190	21.951	41	30	2	1	41	1	39	2.6	17.3
olaTTNIg90_195	olaTTNIg55_190	47.619	21	9	1	8	26	41	61	8.9	15.8
olaTTNIg90_195	olaTTNIg57_188	40	15	9	0	60	74	58	72	3.2	16.9
olaTTNIg91_193	olaTTNIg91_193	100	93	0	0	1	93	1	93	3.88e-68	190
olaTTNIg91_193	olaTTNIg94_193	52.688	93	44	0	1	93	1	93	9.19e-35	106
olaTTNIg91_193	olaTTNIg88_193	47.312	93	49	0	1	93	1	93	5.77e-30	94.4
olaTTNIg91_193	olaTTNIg85_194	46.237	93	50	0	1	93	2	94	1.11e-29	93.6
olaTTNIg91_193	olaTTNIg82_196	44.304	79	44	0	14	92	17	95	2.83e-24	79.7
olaTTNIg91_193	olaTTNIg106_196	37.805	82	51	0	12	93	15	96	7.98e-19	65.9
olaTTNIg91_193	olaTTNIg81_193	37.647	85	50	1	8	92	11	92	2.44e-16	59.7
olaTTNIg91_193	olaTTNIg95_197	34.375	96	60	1	1	93	2	97	4.14e-16	59.3
olaTTNIg91_193	olaTTNIg87_194	36.585	82	50	1	11	92	14	93	2.99e-15	57
olaTTNIg91_193	olaTTNIg103_196	41.429	70	41	0	14	83	17	86	3.35e-15	56.6
olaTTNIg91_193	olaTTNIg104_198	37.209	86	52	2	8	92	13	97	1.29e-14	55.5
olaTTNIg91_193	olaTTNIg74_196	32.292	96	62	2	1	93	1	96	1.56e-14	55.1
olaTTNIg91_193	olaTTNIg73_197	31.765	85	58	0	8	92	12	96	1.88e-14	55.1
olaTTNIg91_193	olaTTNIg98_196	28.75	80	57	0	14	93	17	96	2.92e-14	54.3
olaTTNIg91_193	olaTTNIg100_195	30.12	83	58	0	9	91	12	94	9.49e-14	53.1
olaTTNIg91_193	olaTTNIg76_192	30.435	92	63	1	1	92	1	91	1.09e-13	52.8
olaTTNIg91_193	olaTTNIg90_195	32.927	82	53	1	11	92	15	94	1.10e-13	52.8
olaTTNIg91_193	olaTTNIg80_196	37.681	69	43	0	24	92	27	95	1.18e-13	52.8
olaTTNIg91_193	olaTTNIg64_193	26.374	91	67	0	1	91	1	91	1.51e-13	52.4
olaTTNIg91_193	olaTTNIg97_197	37.209	86	54	0	8	93	12	97	1.53e-13	52.8
olaTTNIg91_193	olaTTNIg89_196	31.765	85	58	0	9	93	12	96	1.70e-13	52.4
olaTTNIg91_193	olaTTNIg99_197	33.803	71	47	0	10	80	13	83	1.35e-12	50.1
olaTTNIg91_193	olaTTNIg115_194	22.727	88	68	0	1	88	2	89	1.38e-12	50.1
olaTTNIg91_193	olaTTNIg83_195	30	80	56	0	14	93	16	95	2.11e-12	49.7
olaTTNIg91_193	olaTTNIg71_194	29.762	84	57	1	10	93	13	94	4.29e-12	48.9
olaTTNIg91_193	olaTTNIg93_194	39.024	82	48	1	11	92	14	93	4.63e-12	48.5
olaTTNIg91_193	olaTTNIg96_194	29.474	95	62	2	1	92	1	93	4.99e-12	48.5
olaTTNIg91_193	olaTTNIg72_197	30.864	81	56	0	12	92	16	96	5.32e-12	48.5
olaTTNIg91_193	olaTTNIg101_195	34.375	96	57	3	1	92	1	94	6.53e-12	48.5
olaTTNIg91_193	olaTTNIg13_189	47.5	40	21	0	33	72	33	72	1.65e-11	47
olaTTNIg91_193	olaTTNIg84_195	33.333	96	57	3	1	92	2	94	1.74e-11	47.4
olaTTNIg91_193	olaTTNIg77_197	30.864	81	56	0	12	92	16	96	1.89e-11	47.4
olaTTNIg91_193	olaTTNIg77_197	100	6	0	0	9	14	74	79	8.4	15.8
olaTTNIg91_193	olaTTNIg69_194	32.099	81	53	1	12	92	15	93	1.96e-11	47
olaTTNIg91_193	olaTTNIg79_197	28.235	85	60	1	10	93	13	97	2.35e-11	47
olaTTNIg91_193	olaTTNIg67_1104	31.183	93	57	2	8	93	12	104	4.53e-11	46.2
olaTTNIg91_193	olaTTNIg66_196	32.941	85	56	1	8	92	12	95	5.21e-11	46.2
olaTTNIg91_193	olaTTNIg21_195	24.444	90	68	0	1	90	2	91	1.53e-10	44.7
olaTTNIg91_193	olaTTNIg3_195	29.577	71	50	0	12	82	13	83	1.87e-10	44.7
olaTTNIg91_193	olaTTNIg107_194	24.731	93	67	2	2	93	4	94	1.87e-10	44.7
olaTTNIg91_193	olaTTNIg63_197	32.53	83	56	0	11	93	15	97	3.09e-10	43.9
olaTTNIg91_193	olaTTNIg86_197	34.118	85	56	0	9	93	13	97	3.74e-10	43.9
olaTTNIg91_193	olaTTNIg4_195	33.824	68	43	1	24	89	25	92	4.27e-10	43.5
olaTTNIg91_193	olaTTNIg36_194	31.707	82	53	3	1	80	2	82	6.43e-10	43.1
olaTTNIg91_193	olaTTNIg92_196	33.75	80	53	0	14	93	17	96	6.98e-10	43.1
olaTTNIg91_193	olaTTNIg75_195	31.25	96	60	3	1	92	1	94	1.23e-09	42.4
olaTTNIg91_193	olaTTNIg109_193	28.736	87	61	1	8	93	7	93	2.43e-09	41.6
olaTTNIg91_193	olaTTNIg9_193	27.957	93	66	1	1	93	1	92	2.68e-09	41.6
olaTTNIg91_193	olaTTNIg70_195	23.404	94	71	1	1	93	2	95	3.23e-09	41.2
olaTTNIg91_193	olaTTNIg117_196	25.581	86	64	0	1	86	2	87	1.03e-08	40
olaTTNIg91_193	olaTTNIg6_195	24.731	93	65	2	1	90	1	91	1.39e-08	39.7
olaTTNIg91_193	olaTTNIg105_194	28.571	84	58	1	9	92	12	93	1.73e-08	39.3
olaTTNIg91_193	olaTTNIg108_193	20.652	92	72	1	1	92	1	91	3.57e-08	38.5
olaTTNIg91_193	olaTTNIg113_197	25.532	94	65	2	1	89	2	95	3.96e-08	38.5
olaTTNIg91_193	olaTTNIg102_195	25	92	66	2	2	92	5	94	5.73e-08	38.1
olaTTNIg91_193	olaTTNIg1_196	21.782	101	59	2	1	90	2	93	5.83e-08	38.1
olaTTNIg91_193	olaTTNIg27_192	25.316	79	57	1	12	88	12	90	7.08e-08	37.7
olaTTNIg91_193	olaTTNIg78_196	24.051	79	60	0	14	92	17	95	1.59e-07	37
olaTTNIg91_193	olaTTNIg40_194	25.926	81	60	0	1	81	1	81	2.28e-07	36.6
olaTTNIg91_193	olaTTNIg10_194	24.691	81	60	1	1	80	2	82	2.59e-07	36.6
olaTTNIg91_193	olaTTNIg62_195	26.744	86	60	2	8	91	10	94	3.43e-07	36.2
olaTTNIg91_193	olaTTNIg5_198	23.171	82	60	2	1	80	2	82	5.15e-07	35.8
olaTTNIg91_193	olaTTNIg41_196	31.429	70	45	2	26	93	27	95	5.79e-07	35.4
olaTTNIg91_193	olaTTNIg33_195	23.529	85	65	0	9	93	10	94	1.11e-06	34.7
olaTTNIg91_193	olaTTNIg114_192	25.714	70	49	2	15	83	15	82	1.16e-06	34.7
olaTTNIg91_193	olaTTNIg116_195	23.684	76	58	0	15	90	16	91	1.83e-06	34.3
olaTTNIg91_193	olaTTNIg8_195	23.188	69	53	0	25	93	27	95	4.87e-06	33.1
olaTTNIg91_193	olaTTNIg30_194	24.691	81	60	1	1	80	2	82	6.78e-06	32.7
olaTTNIg91_193	olaTTNIg31_193	30.189	53	37	0	31	83	32	84	8.78e-06	32.3
olaTTNIg91_193	olaTTNIg50_192	28.788	66	46	1	12	77	13	77	1.11e-05	32
olaTTNIg91_193	olaTTNIg110_194	22.222	90	68	2	1	88	1	90	1.76e-05	31.6
olaTTNIg91_193	olaTTNnewIg_1104	26.415	106	62	4	1	92	1	104	1.90e-05	31.6
olaTTNIg91_193	olaTTNIg22_193	25.61	82	60	1	12	93	13	93	2.37e-05	31.2
olaTTNIg91_193	olaTTNIg23_194	27.778	90	63	1	1	88	1	90	2.40e-05	31.2
olaTTNIg91_193	olaTTNIg68_199	19.767	86	62	1	15	93	14	99	3.40e-05	30.8
olaTTNIg91_193	olaTTNIg7_195	25.61	82	59	1	1	80	1	82	4.45e-05	30.4
olaTTNIg91_193	olaTTNIg111_1101	23.457	81	61	1	13	92	20	100	4.95e-05	30.4
olaTTNIg91_193	olaTTNIg34_193	26.761	71	52	0	20	90	21	91	6.04e-05	30
olaTTNIg91_193	olaTTNIg25_194	25	92	66	2	1	89	2	93	7.01e-05	30
olaTTNIg91_193	olaTTNIg54_189	22.642	53	41	0	25	77	26	78	7.96e-05	29.6
olaTTNIg91_193	olaTTNIg37_193	25	80	60	0	1	80	2	81	9.25e-05	29.6
olaTTNIg91_193	olaTTNIg24_194	20.833	72	57	0	12	83	12	83	1.04e-04	29.6
olaTTNIg91_193	olaTTNIg29_192	24.096	83	63	0	1	83	1	83	1.37e-04	29.3
olaTTNIg91_193	olaTTNIg38_193	19.753	81	65	0	1	81	2	82	1.55e-04	28.9
olaTTNIg91_193	olaTTNIg59_189	26.087	46	34	0	27	72	27	72	5.21e-04	27.7
olaTTNIg91_193	olaTTNIg61_188	23.81	63	47	1	15	77	17	78	7.01e-04	27.3
olaTTNIg91_193	olaTTNIg35_193	21.505	93	71	1	1	93	2	92	0.001	26.9
olaTTNIg91_193	olaTTNIg15_187	27.273	55	38	1	34	88	34	86	0.001	26.6
olaTTNIg91_193	olaTTNIg32_194	28.205	39	28	0	1	39	2	40	0.002	26.2
olaTTNIg91_193	olaTTNIg58_193	27.451	51	37	0	30	80	30	80	0.002	26.2
olaTTNIg91_193	olaTTNIg16_189	31.915	47	28	2	28	72	29	73	0.002	25.8
olaTTNIg91_193	olaTTNIg14_188	20.588	68	54	0	11	78	12	79	0.002	25.8
olaTTNIg91_193	olaTTNIg19_391	18.182	44	36	0	34	77	34	77	0.002	25.8
olaTTNIg91_193	olaTTNIg55_190	22.222	54	42	0	25	78	27	80	0.004	25
olaTTNIg91_193	olaTTNIg60_187	26	50	35	2	25	73	25	73	0.004	25
olaTTNIg91_193	olaTTNIg39_194	18.987	79	64	0	14	92	16	94	0.006	24.6
olaTTNIg91_193	olaTTNIg20_187	22.449	49	38	0	31	79	31	79	0.008	24.3
olaTTNIg91_193	olaTTNIg44_197	23.913	46	35	0	33	78	39	84	0.011	24.3
olaTTNIg91_193	olaTTNIg26_192	32.258	62	39	2	31	89	29	90	0.068	21.9
olaTTNIg91_193	olaTTNIg28_194	18.605	86	69	1	8	92	9	94	0.069	21.9
olaTTNIg91_193	olaTTNIg45_192	27.083	48	30	2	32	76	32	77	0.13	21.2
olaTTNIg91_193	olaTTNIg46_189	20.755	53	42	0	25	77	26	78	0.15	20.8
olaTTNIg91_193	olaTTNIg47_188	22.727	44	34	0	30	73	31	74	0.16	20.8
olaTTNIg91_193	olaTTNIg52_188	19.403	67	53	1	6	72	7	72	0.23	20.4
olaTTNIg91_193	olaTTNIg42_192	23.333	60	42	1	28	83	32	91	0.32	20
olaTTNIg91_193	olaTTNIg17_290	24.39	41	31	0	32	72	34	74	0.5	19.2
olaTTNIg91_193	olaTTNIg11_191	54.545	11	5	0	28	38	29	39	1.4	18.1
olaTTNIg91_193	olaTTNIg12_189	16	50	42	0	24	73	25	74	1.9	17.7
olaTTNIg91_193	olaTTNIg56_189	17.544	57	47	0	25	81	25	81	2.3	17.3
olaTTNIg92_196	olaTTNIg92_196	100	96	0	0	1	96	1	96	9.20e-69	192
olaTTNIg92_196	olaTTNIg89_196	44.792	96	53	0	1	96	1	96	2.63e-28	90.1
olaTTNIg92_196	olaTTNIg86_197	42.708	96	55	0	1	96	2	97	6.18e-26	84.3
olaTTNIg92_196	olaTTNIg95_197	43.75	96	54	0	1	96	2	97	6.53e-26	84.3
olaTTNIg92_196	olaTTNIg83_195	44.792	96	52	1	1	96	1	95	5.32e-25	81.6
olaTTNIg92_196	olaTTNIg98_196	36.458	96	61	0	1	96	1	96	5.29e-23	76.6
olaTTNIg92_196	olaTTNIg72_197	33.684	95	63	0	1	95	2	96	3.87e-18	64.3
olaTTNIg92_196	olaTTNIg93_194	38.542	96	57	1	1	96	1	94	8.95e-18	63.5
olaTTNIg92_196	olaTTNIg78_196	32.632	95	64	0	1	95	1	95	9.00e-18	63.5
olaTTNIg92_196	olaTTNIg102_195	32.632	95	62	1	1	95	2	94	1.20e-17	63.2
olaTTNIg92_196	olaTTNIg81_193	34.737	95	59	1	1	95	1	92	1.87e-17	62.8
olaTTNIg92_196	olaTTNIg103_196	29.167	96	68	0	1	96	1	96	3.69e-17	62
olaTTNIg92_196	olaTTNIg104_198	35.417	96	61	1	1	95	2	97	4.76e-17	61.6
olaTTNIg92_196	olaTTNIg96_194	31.579	95	63	1	1	95	1	93	4.87e-16	58.9
olaTTNIg92_196	olaTTNIg84_195	33.684	95	61	1	1	95	2	94	5.74e-16	58.9
olaTTNIg92_196	olaTTNIg69_194	33.684	95	61	1	1	95	1	93	7.84e-16	58.5
olaTTNIg92_196	olaTTNIg77_197	34.375	96	61	2	1	95	2	96	8.15e-16	58.5
olaTTNIg92_196	olaTTNIg73_197	28.421	95	68	0	1	95	2	96	3.09e-15	57
olaTTNIg92_196	olaTTNIg87_194	30.526	95	64	1	1	95	1	93	3.78e-15	56.6
olaTTNIg92_196	olaTTNIg105_194	34.737	95	60	1	1	95	1	93	2.59e-14	54.7
olaTTNIg92_196	olaTTNIg116_195	32.394	71	48	0	13	83	11	81	3.33e-14	54.3
olaTTNIg92_196	olaTTNIg66_196	31.579	95	64	1	1	95	2	95	5.55e-14	53.9
olaTTNIg92_196	olaTTNIg85_194	30.233	86	60	0	11	96	9	94	9.40e-14	53.1
olaTTNIg92_196	olaTTNIg107_194	33.333	96	62	1	1	96	1	94	1.48e-13	52.8
olaTTNIg92_196	olaTTNIg94_193	31.818	88	60	0	9	96	6	93	2.07e-13	52.4
olaTTNIg92_196	olaTTNIg75_195	36.458	96	58	2	1	95	1	94	3.96e-13	51.6
olaTTNIg92_196	olaTTNIg100_195	31.915	94	64	0	1	94	1	94	4.27e-13	51.6
olaTTNIg92_196	olaTTNIg74_196	28.571	91	63	1	8	96	6	96	9.80e-13	50.4
olaTTNIg92_196	olaTTNIg82_196	30.233	86	60	0	10	95	10	95	1.35e-12	50.1
olaTTNIg92_196	olaTTNIg80_196	30.108	93	64	1	4	95	3	95	2.22e-12	49.7
olaTTNIg92_196	olaTTNIg67_1104	33.333	93	55	2	11	96	12	104	2.39e-12	49.7
olaTTNIg92_196	olaTTNIg99_197	32.53	83	55	1	14	95	14	96	2.56e-12	49.7
olaTTNIg92_196	olaTTNIg101_195	30.526	95	65	1	1	95	1	94	2.79e-12	49.3
olaTTNIg92_196	olaTTNIg79_197	30.952	84	57	1	14	96	14	97	3.14e-12	49.3
olaTTNIg92_196	olaTTNIg90_195	30.208	96	63	2	1	95	2	94	3.57e-12	49.3
olaTTNIg92_196	olaTTNIg91_193	33.75	80	53	0	17	96	14	93	5.55e-12	48.5
olaTTNIg92_196	olaTTNIg109_193	30.682	88	60	1	10	96	6	93	5.67e-12	48.5
olaTTNIg92_196	olaTTNIg88_193	35.714	70	45	0	27	96	24	93	1.06e-11	47.8
olaTTNIg92_196	olaTTNIg76_192	29.114	79	56	0	17	95	13	91	1.92e-11	47
olaTTNIg92_196	olaTTNIg64_193	29.67	91	63	1	4	94	2	91	2.06e-10	44.7
olaTTNIg92_196	olaTTNIg63_197	28.125	96	69	0	1	96	2	97	6.93e-10	43.1
olaTTNIg92_196	olaTTNIg97_197	29.167	96	68	0	1	96	2	97	9.64e-10	42.7
olaTTNIg92_196	olaTTNIg33_195	32.143	84	57	0	13	96	11	94	1.57e-09	42.4
olaTTNIg92_196	olaTTNIg70_195	23.864	88	67	0	9	96	8	95	1.67e-09	42.4
olaTTNIg92_196	olaTTNIg115_194	30.303	66	46	0	18	83	16	81	1.86e-09	42
olaTTNIg92_196	olaTTNIg71_194	30.38	79	53	1	18	96	18	94	2.71e-09	41.6
olaTTNIg92_196	olaTTNIg106_196	34.118	85	56	0	12	96	12	96	3.37e-09	41.6
olaTTNIg92_196	olaTTNIg3_195	25.714	70	52	0	15	84	13	82	8.47e-08	37.7
olaTTNIg92_196	olaTTNIg1_196	20.548	73	56	1	13	83	11	83	1.13e-07	37.4
olaTTNIg92_196	olaTTNIg108_193	22.388	67	52	0	8	74	5	71	3.34e-07	36.2
olaTTNIg92_196	olaTTNIg41_196	29.73	74	50	2	11	83	10	82	6.34e-07	35.4
olaTTNIg92_196	olaTTNIg10_194	25.926	81	56	2	7	83	2	82	7.82e-07	35
olaTTNIg92_196	olaTTNIg13_189	35.714	42	27	0	37	78	34	75	1.25e-06	34.7
olaTTNIg92_196	olaTTNIg2_194	27.536	69	50	0	15	83	13	81	2.38e-06	33.9
olaTTNIg92_196	olaTTNIg29_192	28.814	59	42	0	35	93	32	90	2.65e-06	33.9
olaTTNIg92_196	olaTTNIg6_195	18.182	77	62	1	18	93	15	91	3.68e-06	33.5
olaTTNIg92_196	olaTTNIg21_195	23.864	88	65	1	8	93	6	93	4.22e-06	33.5
olaTTNIg92_196	olaTTNIg30_194	27.632	76	54	1	8	82	7	82	6.19e-06	32.7
olaTTNIg92_196	olaTTNIg52_188	34.783	46	30	0	29	74	26	71	8.68e-06	32.3
olaTTNIg92_196	olaTTNIg23_194	23.81	84	64	0	13	96	10	93	9.11e-06	32.3
olaTTNIg92_196	olaTTNnewIg_1104	24.038	104	70	2	1	95	1	104	1.02e-05	32.3
olaTTNIg92_196	olaTTNIg27_192	23.457	81	59	1	7	84	1	81	1.30e-05	32
olaTTNIg92_196	olaTTNIg117_196	28.986	69	49	0	15	83	13	81	1.39e-05	32
olaTTNIg92_196	olaTTNIg59_189	36	50	32	0	29	78	26	75	2.28e-05	31.2
olaTTNIg92_196	olaTTNIg40_194	22.222	72	56	0	13	84	10	81	3.60e-05	30.8
olaTTNIg92_196	olaTTNIg5_198	22.059	68	52	1	18	84	16	83	5.57e-05	30.4
olaTTNIg92_196	olaTTNIg44_197	25.641	78	54	2	8	82	9	85	1.59e-04	29.3
olaTTNIg92_196	olaTTNIg7_195	27.397	73	51	1	13	83	10	82	1.87e-04	28.9
olaTTNIg92_196	olaTTNIg25_194	34.884	43	23	2	7	45	2	43	3.06e-04	28.5
olaTTNIg92_196	olaTTNIg53_190	23.188	69	52	1	13	81	13	80	3.10e-04	28.1
olaTTNIg92_196	olaTTNIg53_190	44.444	18	10	0	10	27	63	80	6.9	16.2
olaTTNIg92_196	olaTTNIg4_195	30.986	71	35	3	18	80	16	80	3.46e-04	28.1
olaTTNIg92_196	olaTTNIg34_193	23.288	73	56	0	13	85	11	83	3.86e-04	28.1
olaTTNIg92_196	olaTTNIg38_193	22.449	49	38	0	37	85	35	83	3.99e-04	28.1
olaTTNIg92_196	olaTTNIg36_194	22.5	80	62	0	14	93	13	92	4.95e-04	27.7
olaTTNIg92_196	olaTTNIg110_194	28	75	48	3	23	93	20	92	5.43e-04	27.7
olaTTNIg92_196	olaTTNIg43_297	24.444	45	34	0	35	79	33	77	8.44e-04	27.3
olaTTNIg92_196	olaTTNIg9_193	22.619	84	64	1	13	96	10	92	0.001	26.9
olaTTNIg92_196	olaTTNIg111_1101	26.966	89	64	1	8	95	12	100	0.001	26.9
olaTTNIg92_196	olaTTNIg62_195	26.027	73	53	1	9	80	8	80	0.001	26.6
olaTTNIg92_196	olaTTNIg19_391	29.268	41	29	0	37	77	34	74	0.002	26.2
olaTTNIg92_196	olaTTNIg54_189	29.268	41	29	0	34	74	32	72	0.005	25
olaTTNIg92_196	olaTTNIg12_189	28.947	38	27	0	37	74	35	72	0.008	24.6
olaTTNIg92_196	olaTTNIg17_290	21.25	80	62	1	10	89	10	88	0.01	24.3
olaTTNIg92_196	olaTTNIg15_187	22.917	48	37	0	30	77	27	74	0.011	23.9
olaTTNIg92_196	olaTTNIg22_193	21.127	71	55	1	13	83	11	80	0.017	23.5
olaTTNIg92_196	olaTTNIg58_193	28	50	36	0	37	86	34	83	0.022	23.1
olaTTNIg92_196	olaTTNIg31_193	24.675	77	56	2	10	84	6	82	0.035	22.7
olaTTNIg92_196	olaTTNIg16_189	25.373	67	44	4	10	74	10	72	0.041	22.3
olaTTNIg92_196	olaTTNIg68_199	22.093	86	60	1	18	96	14	99	0.044	22.3
olaTTNIg92_196	olaTTNIg46_189	21.569	51	40	0	30	80	28	78	0.045	22.3
olaTTNIg92_196	olaTTNIg112_198	24.359	78	55	3	14	88	15	91	0.046	22.3
olaTTNIg92_196	olaTTNIg20_187	25.581	43	32	0	35	77	32	74	0.048	22.3
olaTTNIg92_196	olaTTNIg14_188	24.59	61	46	0	18	78	16	76	0.058	21.9
olaTTNIg92_196	olaTTNIg24_194	16.901	71	59	0	13	83	10	80	0.068	21.9
olaTTNIg92_196	olaTTNIg56_189	24.138	58	44	0	30	87	27	84	0.075	21.6
olaTTNIg92_196	olaTTNIg114_192	24.194	62	46	1	33	93	28	89	0.089	21.6
olaTTNIg92_196	olaTTNIg49_187	22.414	58	43	2	19	76	17	72	0.095	21.6
olaTTNIg92_196	olaTTNIg35_193	19.277	83	64	1	1	83	2	81	0.13	21.2
olaTTNIg92_196	olaTTNIg113_197	23.188	69	50	1	18	83	16	84	0.14	21.2
olaTTNIg92_196	olaTTNIg57_188	22.222	63	46	1	24	86	21	80	0.17	20.8
olaTTNIg92_196	olaTTNIg42_192	18.75	48	39	0	31	78	32	79	0.35	20
olaTTNIg92_196	olaTTNIg55_190	38.889	18	11	0	35	52	34	51	0.72	18.9
olaTTNIg92_196	olaTTNIg8_195	33.333	24	16	0	29	52	28	51	0.79	18.9
olaTTNIg92_196	olaTTNIg61_188	19.149	47	38	0	34	80	32	78	1.3	18.1
olaTTNIg92_196	olaTTNIg26_192	70	10	3	0	60	69	21	30	4.2	16.9
olaTTNIg92_196	olaTTNIg39_194	18.462	65	29	2	16	80	15	55	8.3	16.2
olaTTNIg93_194	olaTTNIg93_194	100	94	0	0	1	94	1	94	1.82e-66	186
olaTTNIg93_194	olaTTNIg84_195	64.894	94	33	0	1	94	2	95	2.22e-43	128
olaTTNIg93_194	olaTTNIg87_194	54.255	94	43	0	1	94	1	94	2.65e-37	112
olaTTNIg93_194	olaTTNIg90_195	44.681	94	52	0	1	94	2	95	3.74e-32	99.8
olaTTNIg93_194	olaTTNIg81_193	52.128	94	44	1	1	94	1	93	7.29e-32	99
olaTTNIg93_194	olaTTNIg105_194	44.681	94	52	0	1	94	1	94	6.24e-30	94.4
olaTTNIg93_194	olaTTNIg78_196	43.75	96	52	1	1	94	1	96	3.33e-29	92.4
olaTTNIg93_194	olaTTNIg75_195	44.211	95	52	1	1	94	1	95	2.72e-27	87.4
olaTTNIg93_194	olaTTNIg107_194	41.304	92	54	0	1	92	1	92	1.13e-23	78.2
olaTTNIg93_194	olaTTNIg102_195	34.043	94	62	0	1	94	2	95	1.33e-23	78.2
olaTTNIg93_194	olaTTNIg96_194	38.298	94	58	0	1	94	1	94	5.61e-22	73.9
olaTTNIg93_194	olaTTNIg69_194	39.785	93	56	0	1	93	1	93	6.74e-21	71.2
olaTTNIg93_194	olaTTNIg66_196	39.362	94	56	1	1	93	2	95	9.42e-21	70.9
olaTTNIg93_194	olaTTNIg73_197	37.5	96	58	1	1	94	2	97	5.77e-20	68.9
olaTTNIg93_194	olaTTNIg63_197	38.947	95	56	1	1	93	2	96	7.28e-19	66.2
olaTTNIg93_194	olaTTNIg77_197	35.789	95	59	1	1	93	2	96	2.49e-18	64.7
olaTTNIg93_194	olaTTNIg74_196	36.667	90	51	2	9	93	7	95	2.62e-18	64.7
olaTTNIg93_194	olaTTNIg104_198	40.206	97	55	2	1	94	2	98	3.24e-18	64.7
olaTTNIg93_194	olaTTNIg89_196	34.375	96	59	2	1	93	1	95	9.56e-18	63.2
olaTTNIg93_194	olaTTNIg79_197	37.634	93	51	3	7	92	3	95	2.41e-17	62.4
olaTTNIg93_194	olaTTNIg95_197	38.947	95	56	1	1	93	2	96	8.50e-17	60.8
olaTTNIg93_194	olaTTNIg71_194	34.409	93	61	0	1	93	1	93	1.11e-16	60.5
olaTTNIg93_194	olaTTNIg72_197	34.737	95	60	1	1	93	2	96	1.58e-16	60.1
olaTTNIg93_194	olaTTNIg82_196	34.737	95	60	1	1	93	1	95	2.68e-16	59.7
olaTTNIg93_194	olaTTNIg76_192	35.366	82	51	1	14	93	10	91	1.14e-15	57.8
olaTTNIg93_194	olaTTNIg94_193	39.286	84	45	2	14	93	11	92	2.03e-15	57.4
olaTTNIg93_194	olaTTNIg101_195	34.737	95	61	1	1	94	1	95	2.97e-15	57
olaTTNIg93_194	olaTTNIg99_197	30.208	96	64	2	2	94	2	97	8.53e-15	55.8
olaTTNIg93_194	olaTTNIg98_196	30.526	95	64	1	1	93	1	95	1.12e-14	55.5
olaTTNIg93_194	olaTTNIg106_196	35.106	94	59	1	1	92	1	94	1.40e-14	55.1
olaTTNIg93_194	olaTTNIg92_196	38.542	96	57	1	1	94	1	96	5.30e-14	53.9
olaTTNIg93_194	olaTTNIg80_196	32.979	94	60	2	3	93	2	95	9.01e-14	53.1
olaTTNIg93_194	olaTTNIg103_196	32.258	93	61	1	1	91	1	93	1.82e-13	52.4
olaTTNIg93_194	olaTTNIg109_193	35.87	92	56	2	6	94	2	93	2.80e-13	52
olaTTNIg93_194	olaTTNIg91_193	39.024	82	48	1	14	93	11	92	4.68e-12	48.5
olaTTNIg93_194	olaTTNIg100_195	30.769	91	61	1	1	89	1	91	1.63e-11	47.4
olaTTNIg93_194	olaTTNIg83_195	31.579	95	62	2	1	93	1	94	9.81e-11	45.4
olaTTNIg93_194	olaTTNnewIg_1104	27.885	104	64	2	1	93	1	104	1.16e-10	45.4
olaTTNIg93_194	olaTTNIg67_1104	32.222	90	52	2	13	93	14	103	2.97e-10	44.3
olaTTNIg93_194	olaTTNIg86_197	26.316	95	68	1	1	93	2	96	4.53e-10	43.5
olaTTNIg93_194	olaTTNIg97_197	28.723	94	65	1	1	92	2	95	1.23e-09	42.4
olaTTNIg93_194	olaTTNIg88_193	35.366	82	51	1	14	93	11	92	5.95e-09	40.8
olaTTNIg93_194	olaTTNIg64_193	28.889	90	61	2	5	92	3	91	8.46e-09	40.4
olaTTNIg93_194	olaTTNIg70_195	28.421	95	64	2	1	93	2	94	1.03e-08	40
olaTTNIg93_194	olaTTNIg85_194	29.885	87	59	1	9	93	7	93	2.22e-08	39.3
olaTTNIg93_194	olaTTNIg62_195	31.579	95	61	2	1	92	1	94	4.28e-08	38.5
olaTTNIg93_194	olaTTNIg23_194	29.333	75	51	1	13	85	10	84	5.32e-08	38.1
olaTTNIg93_194	olaTTNIg111_1101	27.835	97	65	3	2	93	4	100	7.72e-08	38.1
olaTTNIg93_194	olaTTNIg68_199	24.752	101	63	2	1	92	1	97	1.05e-07	37.7
olaTTNIg93_194	olaTTNIg3_195	31.507	73	44	2	14	82	12	82	1.48e-07	37
olaTTNIg93_194	olaTTNIg110_194	27.848	79	53	1	13	87	10	88	2.18e-07	36.6
olaTTNIg93_194	olaTTNIg114_192	26.829	82	55	2	13	91	10	89	3.50e-07	36.2
olaTTNIg93_194	olaTTNIg33_195	28.916	83	57	1	13	93	11	93	2.05e-06	34.3
olaTTNIg93_194	olaTTNIg2_194	31.707	82	50	3	14	90	12	92	2.71e-06	33.9
olaTTNIg93_194	olaTTNIg116_195	25.316	79	57	1	15	91	13	91	2.84e-06	33.9
olaTTNIg93_194	olaTTNIg30_194	27.848	79	55	1	9	85	8	86	3.83e-06	33.5
olaTTNIg93_194	olaTTNIg115_194	28.986	69	47	1	15	81	13	81	5.88e-06	32.7
olaTTNIg93_194	olaTTNIg40_194	29.73	74	50	1	11	82	8	81	2.06e-05	31.6
olaTTNIg93_194	olaTTNIg1_196	27.5	80	53	2	9	84	8	86	7.06e-05	30
olaTTNIg93_194	olaTTNIg10_194	28.169	71	48	2	14	81	12	82	1.92e-04	28.9
olaTTNIg93_194	olaTTNIg41_196	33.333	72	45	2	13	81	11	82	2.11e-04	28.9
olaTTNIg93_194	olaTTNIg31_193	30.233	86	55	3	8	90	7	90	2.30e-04	28.5
olaTTNIg93_194	olaTTNIg36_194	26.087	69	49	1	15	81	14	82	3.59e-04	28.1
olaTTNIg93_194	olaTTNIg7_195	28.947	76	50	1	13	84	10	85	3.75e-04	28.1
olaTTNIg93_194	olaTTNIg117_196	23.75	80	59	1	14	91	12	91	4.60e-04	27.7
olaTTNIg93_194	olaTTNIg27_192	25	72	52	1	13	82	10	81	4.78e-04	27.7
olaTTNIg93_194	olaTTNIg113_197	28.986	69	44	1	18	81	16	84	6.26e-04	27.3
olaTTNIg93_194	olaTTNIg35_193	32.787	61	37	2	34	90	32	92	8.49e-04	26.9
olaTTNIg93_194	olaTTNIg24_194	24.675	77	52	3	13	85	10	84	0.001	26.6
olaTTNIg93_194	olaTTNIg28_194	27.419	62	42	1	35	93	33	94	0.001	26.6
olaTTNIg93_194	olaTTNIg21_195	26.19	84	54	3	14	91	12	93	0.002	26.2
olaTTNIg93_194	olaTTNIg56_189	27.273	55	38	1	30	82	27	81	0.003	25.8
olaTTNIg93_194	olaTTNIg56_189	26.316	19	14	0	69	87	1	19	2.3	17.7
olaTTNIg93_194	olaTTNIg108_193	20.833	72	53	2	13	81	10	80	0.003	25.4
olaTTNIg93_194	olaTTNIg59_189	27.273	66	46	1	24	87	21	86	0.005	25
olaTTNIg93_194	olaTTNIg9_193	25.532	94	62	4	1	91	1	89	0.006	24.6
olaTTNIg93_194	olaTTNIg4_195	26.389	72	49	1	18	85	16	87	0.009	24.3
olaTTNIg93_194	olaTTNIg25_194	21.429	70	52	1	15	81	13	82	0.013	23.9
olaTTNIg93_194	olaTTNIg34_193	32.727	55	34	2	32	83	29	83	0.015	23.5
olaTTNIg93_194	olaTTNIg38_193	28.571	35	25	0	57	91	57	91	0.021	23.1
olaTTNIg93_194	olaTTNIg45_192	23.077	65	47	1	23	84	20	84	0.03	22.7
olaTTNIg93_194	olaTTNIg58_193	27.273	55	26	2	35	81	32	80	0.11	21.2
olaTTNIg93_194	olaTTNIg14_188	35.714	42	25	1	35	74	33	74	0.18	20.4
olaTTNIg93_194	olaTTNIg32_194	21.25	80	58	2	18	93	16	94	0.2	20.4
olaTTNIg93_194	olaTTNIg17_290	27.273	44	30	1	35	76	34	77	0.43	19.6
olaTTNIg93_194	olaTTNIg37_193	34.783	23	15	0	59	81	59	81	0.46	19.6
olaTTNIg93_194	olaTTNIg47_188	26	50	26	1	33	82	44	82	0.59	19.2
olaTTNIg93_194	olaTTNIg43_297	30.952	42	27	1	35	74	33	74	1.7	18.1
olaTTNIg93_194	olaTTNIg18_389	40	15	9	0	59	73	58	72	2	17.7
olaTTNIg93_194	olaTTNIg5_198	29.412	17	12	0	23	39	21	37	6.3	16.2
olaTTNIg93_194	olaTTNIg48_188	31.818	22	15	0	14	35	12	33	6.3	16.2
olaTTNIg94_193	olaTTNIg94_193	100	93	0	0	1	93	1	93	6.81e-67	187
olaTTNIg94_193	olaTTNIg91_193	52.688	93	44	0	1	93	1	93	9.19e-35	106
olaTTNIg94_193	olaTTNIg85_194	53.763	93	43	0	1	93	2	94	5.09e-33	102
olaTTNIg94_193	olaTTNIg88_193	41.935	93	54	0	1	93	1	93	2.18e-23	77.4
olaTTNIg94_193	olaTTNIg100_195	36.145	83	53	0	9	91	12	94	1.15e-20	70.9
olaTTNIg94_193	olaTTNIg81_193	37.647	85	50	1	8	92	11	92	4.81e-18	63.9
olaTTNIg94_193	olaTTNIg98_196	35.417	96	59	1	1	93	1	96	1.33e-17	62.8
olaTTNIg94_193	olaTTNIg95_197	36.364	88	56	0	6	93	10	97	1.76e-17	62.8
olaTTNIg94_193	olaTTNIg97_197	38.372	86	53	0	8	93	12	97	4.14e-17	61.6
olaTTNIg94_193	olaTTNIg74_196	32.292	96	62	2	1	93	1	96	9.44e-17	60.8
olaTTNIg94_193	olaTTNIg87_194	36.585	82	50	1	11	92	14	93	1.26e-16	60.5
olaTTNIg94_193	olaTTNIg103_196	37.838	74	46	0	10	83	13	86	1.36e-16	60.5
olaTTNIg94_193	olaTTNIg104_198	36.471	85	54	0	8	92	13	97	2.07e-16	60.1
olaTTNIg94_193	olaTTNIg82_196	34.524	84	55	0	9	92	12	95	3.40e-16	59.3
olaTTNIg94_193	olaTTNIg89_196	29.412	85	60	0	9	93	12	96	1.69e-15	57.4
olaTTNIg94_193	olaTTNIg93_194	39.286	84	45	2	11	92	14	93	2.00e-15	57.4
olaTTNIg94_193	olaTTNIg101_195	36.782	87	54	1	6	92	9	94	2.94e-15	57
olaTTNIg94_193	olaTTNIg84_195	32.632	95	59	2	1	92	2	94	1.32e-14	55.1
olaTTNIg94_193	olaTTNIg73_197	31.765	85	58	0	8	92	12	96	3.29e-14	54.3
olaTTNIg94_193	olaTTNIg77_197	33.735	83	55	0	10	92	14	96	3.33e-14	54.3
olaTTNIg94_193	olaTTNIg79_197	31.959	97	62	2	1	93	1	97	3.63e-14	54.3
olaTTNIg94_193	olaTTNIg71_194	36.709	79	48	1	15	93	18	94	5.01e-14	53.9
olaTTNIg94_193	olaTTNIg86_197	35.294	85	55	0	9	93	13	97	1.01e-13	53.1
olaTTNIg94_193	olaTTNIg70_195	27.66	94	67	1	1	93	2	95	1.09e-13	52.8
olaTTNIg94_193	olaTTNIg90_195	30.526	95	61	2	1	92	2	94	1.23e-13	52.8
olaTTNIg94_193	olaTTNIg105_194	32.632	95	59	2	1	92	1	93	2.89e-13	51.6
olaTTNIg94_193	olaTTNIg106_196	32.53	83	56	0	11	93	14	96	5.47e-13	51.2
olaTTNIg94_193	olaTTNIg96_194	33.333	81	52	1	12	92	15	93	9.68e-13	50.4
olaTTNIg94_193	olaTTNIg66_196	35.294	85	54	1	8	92	12	95	1.01e-12	50.4
olaTTNIg94_193	olaTTNIg76_192	30.952	84	58	0	9	92	8	91	2.30e-12	49.3
olaTTNIg94_193	olaTTNIg69_194	37.037	81	49	1	12	92	15	93	2.37e-12	49.3
olaTTNIg94_193	olaTTNIg3_195	25	80	60	0	11	90	12	91	2.48e-12	49.3
olaTTNIg94_193	olaTTNIg64_193	27.473	91	66	0	1	91	1	91	2.94e-12	49.3
olaTTNIg94_193	olaTTNIg78_196	26.506	83	61	0	10	92	13	95	6.74e-12	48.1
olaTTNIg94_193	olaTTNIg109_193	31.395	86	58	1	9	93	8	93	1.42e-11	47.4
olaTTNIg94_193	olaTTNIg63_197	31.25	96	63	1	1	93	2	97	2.91e-11	46.6
olaTTNIg94_193	olaTTNIg92_196	32.558	86	58	0	8	93	11	96	3.65e-11	46.6
olaTTNIg94_193	olaTTNIg83_195	26.829	82	60	0	12	93	14	95	3.94e-11	46.2
olaTTNIg94_193	olaTTNIg75_195	31.633	98	57	4	1	92	1	94	4.03e-11	46.2
olaTTNIg94_193	olaTTNIg107_194	26.136	88	63	1	6	93	9	94	4.16e-11	46.2
olaTTNIg94_193	olaTTNIg99_197	26.761	71	52	0	10	80	13	83	5.20e-11	46.2
olaTTNIg94_193	olaTTNIg80_196	32.143	84	56	1	10	92	12	95	2.66e-10	44.3
olaTTNIg94_193	olaTTNIg67_1104	26.882	93	61	1	8	93	12	104	3.11e-10	44.3
olaTTNIg94_193	olaTTNIg2_194	24.444	90	68	0	1	90	2	91	7.97e-10	42.7
olaTTNIg94_193	olaTTNIg114_192	26.25	80	56	2	12	90	12	89	2.24e-09	41.6
olaTTNIg94_193	olaTTNIg102_195	27.059	85	60	1	8	92	12	94	2.78e-09	41.6
olaTTNIg94_193	olaTTNIg72_197	27.16	81	59	0	12	92	16	96	2.89e-09	41.6
olaTTNIg94_193	olaTTNIg21_195	26.667	90	66	0	1	90	2	91	4.21e-09	41.2
olaTTNIg94_193	olaTTNnewIg_1104	30.526	95	55	2	8	92	11	104	8.09e-09	40.4
olaTTNIg94_193	olaTTNIg24_194	21.25	80	63	0	11	90	11	90	5.75e-08	38.1
olaTTNIg94_193	olaTTNIg68_199	24.752	101	66	4	1	93	1	99	6.33e-08	38.1
olaTTNIg94_193	olaTTNIg25_194	27.16	81	56	2	12	89	13	93	1.73e-07	37
olaTTNIg94_193	olaTTNIg117_196	26.25	80	59	0	11	90	12	91	3.45e-07	36.2
olaTTNIg94_193	olaTTNIg38_193	25.926	81	60	0	1	81	2	82	4.76e-07	35.8
olaTTNIg94_193	olaTTNIg115_194	23.333	90	65	1	1	86	2	91	6.71e-07	35.4
olaTTNIg94_193	olaTTNIg108_193	21.739	92	71	1	1	92	1	91	1.65e-06	34.3
olaTTNIg94_193	olaTTNIg111_1101	24.051	79	59	1	15	92	22	100	2.25e-06	33.9
olaTTNIg94_193	olaTTNIg31_193	32.075	53	36	0	32	84	33	85	3.21e-06	33.5
olaTTNIg94_193	olaTTNIg1_196	28.205	78	54	1	15	90	16	93	3.57e-06	33.5
olaTTNIg94_193	olaTTNIg113_197	22.989	87	64	1	1	84	2	88	8.46e-06	32.3
olaTTNIg94_193	olaTTNIg110_194	21.739	92	70	1	1	90	1	92	9.19e-06	32.3
olaTTNIg94_193	olaTTNIg27_192	22.222	81	63	0	12	92	12	92	9.60e-06	32.3
olaTTNIg94_193	olaTTNIg62_195	23.529	85	64	1	8	91	10	94	1.15e-05	32
olaTTNIg94_193	olaTTNIg39_194	24.675	77	58	0	14	90	16	92	1.40e-05	32
olaTTNIg94_193	olaTTNIg40_194	20.988	81	64	0	1	81	1	81	1.49e-05	31.6
olaTTNIg94_193	olaTTNIg4_195	24.675	77	56	1	15	89	16	92	2.15e-05	31.2
olaTTNIg94_193	olaTTNIg33_195	23.529	85	65	0	9	93	10	94	5.65e-05	30.4
olaTTNIg94_193	olaTTNIg10_194	20.988	81	63	1	11	90	12	92	7.46e-05	30
olaTTNIg94_193	olaTTNIg116_195	21.918	73	57	0	12	84	13	85	7.96e-05	29.6
olaTTNIg94_193	olaTTNIg13_189	25	56	42	0	33	88	33	88	1.00e-04	29.6
olaTTNIg94_193	olaTTNIg5_198	21.951	82	61	2	1	80	2	82	2.29e-04	28.5
olaTTNIg94_193	olaTTNIg23_194	22.581	93	72	0	1	93	1	93	0.001	26.9
olaTTNIg94_193	olaTTNIg29_192	28.169	71	49	2	15	84	15	84	0.001	26.9
olaTTNIg94_193	olaTTNIg30_194	20.513	78	62	0	13	90	15	92	0.001	26.6
olaTTNIg94_193	olaTTNIg61_188	19.178	73	58	1	15	87	17	88	0.002	26.2
olaTTNIg94_193	olaTTNIg49_187	23.881	67	49	2	7	73	8	72	0.002	25.8
olaTTNIg94_193	olaTTNIg18_389	26.027	73	43	2	10	82	21	82	0.003	25.4
olaTTNIg94_193	olaTTNIg18_389	50	10	5	0	79	88	16	25	7.1	16.2
olaTTNIg94_193	olaTTNIg34_193	24.658	73	55	0	18	90	19	91	0.005	25
olaTTNIg94_193	olaTTNIg22_193	21.918	73	56	1	12	84	13	84	0.008	24.3
olaTTNIg94_193	olaTTNIg20_187	22.727	66	50	1	6	71	7	71	0.009	24.3
olaTTNIg94_193	olaTTNIg41_196	25.862	58	42	1	24	80	25	82	0.011	23.9
olaTTNIg94_193	olaTTNIg7_195	25.882	85	61	1	1	83	1	85	0.023	23.1
olaTTNIg94_193	olaTTNIg36_194	29.63	27	19	0	12	38	14	40	0.025	23.1
olaTTNIg94_193	olaTTNIg52_188	23.636	55	42	0	32	86	32	86	0.029	22.7
olaTTNIg94_193	olaTTNIg60_187	19.643	56	45	0	27	82	27	82	0.035	22.7
olaTTNIg94_193	olaTTNIg50_192	27.778	72	49	2	11	80	12	82	0.045	22.3
olaTTNIg94_193	olaTTNIg56_189	23.214	56	43	0	27	82	27	82	0.056	21.9
olaTTNIg94_193	olaTTNIg16_189	23.214	56	43	0	28	83	29	84	0.097	21.2
olaTTNIg94_193	olaTTNIg8_195	22.034	59	35	1	26	84	28	75	0.099	21.6
olaTTNIg94_193	olaTTNIg9_193	25.61	82	60	1	1	82	1	81	0.13	21.2
olaTTNIg94_193	olaTTNIg32_194	17.442	86	70	1	1	85	2	87	0.13	21.2
olaTTNIg94_193	olaTTNIg42_192	20.339	59	46	1	19	76	22	80	0.15	20.8
olaTTNIg94_193	olaTTNIg55_190	25.352	71	51	2	12	82	15	83	0.19	20.4
olaTTNIg94_193	olaTTNIg6_195	23.256	86	47	3	15	90	15	91	0.21	20.4
olaTTNIg94_193	olaTTNIg58_193	24.638	69	51	1	12	80	13	80	0.21	20.4
olaTTNIg94_193	olaTTNIg35_193	20	80	64	0	1	80	2	81	0.25	20.4
olaTTNIg94_193	olaTTNIg59_189	21.429	56	44	0	27	82	27	82	0.45	19.6
olaTTNIg94_193	olaTTNIg44_197	20.69	58	46	0	33	90	39	96	0.55	19.2
olaTTNIg94_193	olaTTNIg15_187	24.658	73	52	2	16	88	17	86	0.7	18.9
olaTTNIg94_193	olaTTNIg12_189	19.608	51	41	0	33	83	34	84	0.84	18.9
olaTTNIg94_193	olaTTNIg14_188	11.594	69	61	0	15	83	16	84	1	18.5
olaTTNIg94_193	olaTTNIg19_391	14.815	54	46	0	33	86	33	86	1.9	17.7
olaTTNIg94_193	olaTTNIg11_191	37.5	16	10	0	26	41	27	42	3.2	16.9
olaTTNIg94_193	olaTTNIg43_297	16.667	42	35	0	32	73	33	74	6.1	16.2
olaTTNIg95_197	olaTTNIg95_197	100	97	0	0	1	97	1	97	1.50e-69	194
olaTTNIg95_197	olaTTNIg83_195	43.75	96	53	1	2	97	1	95	1.84e-27	88.2
olaTTNIg95_197	olaTTNIg72_197	41.667	96	56	0	1	96	1	96	5.16e-23	77
olaTTNIg95_197	olaTTNIg89_196	38.542	96	59	0	2	97	1	96	7.53e-23	76.3
olaTTNIg95_197	olaTTNIg92_196	43.75	96	54	0	2	97	1	96	4.26e-22	74.7
olaTTNIg95_197	olaTTNIg104_198	36.082	97	61	1	1	96	1	97	1.11e-20	70.9
olaTTNIg95_197	olaTTNIg86_197	43.434	99	52	2	1	97	1	97	2.46e-20	70.1
olaTTNIg95_197	olaTTNIg81_193	36.842	95	57	1	2	96	1	92	1.42e-19	68.2
olaTTNIg95_197	olaTTNIg63_197	37.113	97	61	0	1	97	1	97	6.59e-19	66.6
olaTTNIg95_197	olaTTNIg96_194	35.789	95	59	1	2	96	1	93	1.20e-18	65.9
olaTTNIg95_197	olaTTNIg73_197	31.25	96	66	0	1	96	1	96	6.60e-18	63.9
olaTTNIg95_197	olaTTNIg66_196	36.458	96	60	1	1	96	1	95	6.95e-18	63.9
olaTTNIg95_197	olaTTNIg75_195	40	95	56	1	2	96	1	94	1.39e-17	63.2
olaTTNIg95_197	olaTTNIg94_193	36.364	88	56	0	10	97	6	93	1.83e-17	62.8
olaTTNIg95_197	olaTTNIg102_195	31.25	96	64	1	1	96	1	94	2.52e-17	62.4
olaTTNIg95_197	olaTTNIg84_195	36.458	96	59	1	1	96	1	94	5.64e-17	61.6
olaTTNIg95_197	olaTTNIg76_192	35.789	95	57	1	2	96	1	91	7.42e-17	61.2
olaTTNIg95_197	olaTTNIg93_194	38.947	95	56	1	2	96	1	93	8.78e-17	60.8
olaTTNIg95_197	olaTTNIg71_194	30.208	96	65	1	2	97	1	94	8.87e-17	60.8
olaTTNIg95_197	olaTTNIg98_196	30.208	96	67	0	2	97	1	96	9.72e-17	60.8
olaTTNIg95_197	olaTTNIg90_195	33.333	96	62	1	1	96	1	94	2.05e-16	60.1
olaTTNIg95_197	olaTTNIg69_194	35.789	95	59	1	2	96	1	93	3.41e-16	59.3
olaTTNIg95_197	olaTTNIg91_193	34.375	96	60	1	2	97	1	93	4.32e-16	59.3
olaTTNIg95_197	olaTTNIg82_196	38.158	76	47	0	11	86	10	85	1.67e-15	57.8
olaTTNIg95_197	olaTTNIg107_194	29.167	96	66	1	2	97	1	94	3.58e-15	57
olaTTNIg95_197	olaTTNIg99_197	30.38	79	55	0	7	85	6	84	5.14e-15	56.6
olaTTNIg95_197	olaTTNIg105_194	35.714	84	52	1	2	85	1	82	5.89e-15	56.2
olaTTNIg95_197	olaTTNIg85_194	32.941	85	57	0	13	97	10	94	3.79e-14	54.3
olaTTNIg95_197	olaTTNIg88_193	32.927	82	55	0	16	97	12	93	3.91e-14	54.3
olaTTNIg95_197	olaTTNIg77_197	29.167	96	68	0	1	96	1	96	6.89e-14	53.5
olaTTNIg95_197	olaTTNIg103_196	32.895	76	51	0	12	87	11	86	8.10e-14	53.5
olaTTNIg95_197	olaTTNIg3_195	27.5	80	56	1	16	95	13	90	1.02e-13	53.1
olaTTNIg95_197	olaTTNIg106_196	34.146	82	54	0	16	97	15	96	1.13e-13	53.1
olaTTNIg95_197	olaTTNIg87_194	31.325	83	55	1	2	84	1	81	1.58e-13	52.8
olaTTNIg95_197	olaTTNIg101_195	37.349	83	51	1	2	84	1	82	1.63e-13	52.8
olaTTNIg95_197	olaTTNIg74_196	30.435	92	62	1	8	97	5	96	1.86e-13	52.4
olaTTNIg95_197	olaTTNIg80_196	37.805	82	50	1	4	84	2	83	3.96e-13	51.6
olaTTNIg95_197	olaTTNIg79_197	35.211	71	45	1	15	84	14	84	5.13e-13	51.2
olaTTNIg95_197	olaTTNIg109_193	33.696	92	60	1	7	97	2	93	1.11e-12	50.4
olaTTNIg95_197	olaTTNIg78_196	30.12	83	58	0	2	84	1	83	1.99e-12	49.7
olaTTNIg95_197	olaTTNIg97_197	32.292	96	65	0	2	97	2	97	4.24e-12	48.9
olaTTNIg95_197	olaTTNIg64_193	30.233	86	59	1	6	91	3	87	7.03e-12	48.5
olaTTNIg95_197	olaTTNIg39_194	27.473	91	64	1	1	91	1	89	9.81e-12	48.1
olaTTNIg95_197	olaTTNIg67_1104	31.522	92	56	1	13	97	13	104	1.80e-11	47.4
olaTTNIg95_197	olaTTNIg70_195	22.68	97	73	1	1	97	1	95	7.64e-11	45.8
olaTTNIg95_197	olaTTNnewIg_1104	26.923	104	67	1	2	96	1	104	5.37e-10	43.9
olaTTNIg95_197	olaTTNIg62_195	30.952	84	53	2	10	88	8	91	5.48e-10	43.5
olaTTNIg95_197	olaTTNIg6_195	27.273	77	55	1	19	94	15	91	7.80e-10	43.1
olaTTNIg95_197	olaTTNIg33_195	29.412	85	60	0	13	97	10	94	7.97e-10	43.1
olaTTNIg95_197	olaTTNIg21_195	24.138	87	63	1	1	87	1	84	2.04e-09	42
olaTTNIg95_197	olaTTNIg111_1101	27.848	79	56	1	7	84	10	88	2.23e-09	42
olaTTNIg95_197	olaTTNIg100_195	26.506	83	61	0	13	95	12	94	2.61e-09	41.6
olaTTNIg95_197	olaTTNIg68_199	28.736	87	55	2	8	87	3	89	2.64e-09	42
olaTTNIg95_197	olaTTNIg2_194	24.138	87	63	1	1	87	1	84	4.22e-09	41.2
olaTTNIg95_197	olaTTNIg116_195	27.027	74	54	0	12	85	9	82	4.54e-09	41.2
olaTTNIg95_197	olaTTNIg115_194	24.419	86	62	1	2	87	2	84	1.21e-08	40
olaTTNIg95_197	olaTTNIg40_194	29.762	84	53	1	14	91	10	93	1.47e-08	39.7
olaTTNIg95_197	olaTTNIg38_193	24.706	85	59	3	1	84	1	81	1.86e-07	37
olaTTNIg95_197	olaTTNIg27_192	26.761	71	52	0	14	84	10	80	1.87e-07	37
olaTTNIg95_197	olaTTNIg29_192	35.185	54	35	0	35	88	31	84	1.93e-07	37
olaTTNIg95_197	olaTTNIg117_196	24	75	57	0	16	90	13	87	2.42e-07	36.6
olaTTNIg95_197	olaTTNIg23_194	26.389	72	53	0	14	85	10	81	5.73e-07	35.4
olaTTNIg95_197	olaTTNIg1_196	24.359	78	57	1	12	87	9	86	7.54e-07	35.4
olaTTNIg95_197	olaTTNIg36_194	25	84	61	1	2	85	2	83	2.20e-06	33.9
olaTTNIg95_197	olaTTNIg30_194	24.359	78	59	0	17	94	15	92	2.55e-06	33.9
olaTTNIg95_197	olaTTNIg114_192	24.138	87	57	3	3	88	5	83	3.08e-06	33.5
olaTTNIg95_197	olaTTNIg13_189	35	40	26	0	38	77	34	73	3.74e-06	33.5
olaTTNIg95_197	olaTTNIg24_194	20.833	72	57	0	16	87	12	83	4.59e-06	33.1
olaTTNIg95_197	olaTTNIg5_198	28.235	85	57	2	1	84	1	82	4.62e-06	33.1
olaTTNIg95_197	olaTTNIg58_193	30.12	83	54	2	3	85	3	81	1.12e-05	32.3
olaTTNIg95_197	olaTTNIg10_194	26.027	73	53	1	16	87	13	85	1.26e-05	32
olaTTNIg95_197	olaTTNIg110_194	28.889	90	50	4	6	91	10	89	2.67e-05	31.2
olaTTNIg95_197	olaTTNIg41_196	29.032	62	43	1	26	86	23	84	3.08e-05	31.2
olaTTNIg95_197	olaTTNIg34_193	25	64	48	0	21	84	18	81	3.18e-05	30.8
olaTTNIg95_197	olaTTNIg4_195	28	75	51	2	15	87	13	86	3.55e-05	30.8
olaTTNIg95_197	olaTTNIg35_193	27.586	87	58	3	1	86	1	83	4.21e-05	30.8
olaTTNIg95_197	olaTTNIg22_193	24.138	87	62	2	1	87	1	83	6.37e-05	30
olaTTNIg95_197	olaTTNIg19_391	22.535	71	48	2	7	77	10	73	7.04e-05	30
olaTTNIg95_197	olaTTNIg55_190	30.303	66	45	1	16	81	15	79	1.72e-04	28.9
olaTTNIg95_197	olaTTNIg9_193	26.744	86	62	1	12	97	8	92	2.76e-04	28.5
olaTTNIg95_197	olaTTNIg7_195	29.73	74	50	1	16	87	12	85	3.36e-04	28.1
olaTTNIg95_197	olaTTNIg108_193	23.077	78	60	0	9	86	5	82	3.75e-04	28.1
olaTTNIg95_197	olaTTNIg31_193	25	64	48	0	24	87	21	84	4.07e-04	28.1
olaTTNIg95_197	olaTTNIg59_189	37.778	45	26	2	32	75	28	71	4.34e-04	27.7
olaTTNIg95_197	olaTTNIg20_187	39.024	41	23	2	36	75	32	71	5.53e-04	27.7
olaTTNIg95_197	olaTTNIg14_188	25.424	59	44	0	19	77	16	74	0.001	26.6
olaTTNIg95_197	olaTTNIg53_190	25.373	67	49	1	16	82	15	80	0.002	25.8
olaTTNIg95_197	olaTTNIg56_189	33.333	48	32	0	36	83	32	79	0.003	25.4
olaTTNIg95_197	olaTTNIg15_187	21.277	47	37	0	31	77	27	73	0.004	25.4
olaTTNIg95_197	olaTTNIg32_194	26.667	75	54	1	12	85	9	83	0.006	24.6
olaTTNIg95_197	olaTTNIg113_197	21.739	69	51	1	19	84	16	84	0.009	24.3
olaTTNIg95_197	olaTTNIg57_188	29.787	47	33	0	36	82	32	78	0.009	24.3
olaTTNIg95_197	olaTTNIg25_194	23.256	86	62	2	1	85	1	83	0.019	23.5
olaTTNIg95_197	olaTTNIg48_188	32.143	28	19	0	16	43	13	40	0.03	22.7
olaTTNIg95_197	olaTTNIg8_195	31.818	44	30	0	30	73	28	71	0.031	22.7
olaTTNIg95_197	olaTTNIg17_290	25	44	33	0	36	79	34	77	0.066	21.9
olaTTNIg95_197	olaTTNIg49_187	28.571	56	38	2	20	75	17	70	0.068	21.9
olaTTNIg95_197	olaTTNIg44_197	27.451	51	36	1	35	85	37	86	0.09	21.6
olaTTNIg95_197	olaTTNIg60_187	28.889	45	32	0	35	79	31	75	0.12	21.2
olaTTNIg95_197	olaTTNIg50_192	20.755	53	40	1	38	88	34	86	0.13	21.2
olaTTNIg95_197	olaTTNIg112_198	20.833	72	56	1	15	85	15	86	0.41	19.6
olaTTNIg95_197	olaTTNIg52_188	30.357	56	37	1	36	91	32	85	0.49	19.6
olaTTNIg95_197	olaTTNIg42_192	21.739	46	36	0	30	75	30	75	0.66	19.2
olaTTNIg95_197	olaTTNIg16_189	22.581	62	47	1	14	75	12	72	0.68	18.9
olaTTNIg95_197	olaTTNIg54_189	19.149	47	38	0	36	82	33	79	1.1	18.5
olaTTNIg95_197	olaTTNIg12_189	19.355	31	25	0	61	91	58	88	1.8	17.7
olaTTNIg95_197	olaTTNIg51_488	37.037	27	16	1	16	42	10	35	4.7	16.5
olaTTNIg95_197	olaTTNIg47_188	19.565	46	37	0	34	79	31	76	5.8	16.5
olaTTNIg95_197	olaTTNIg18_389	20	40	32	0	36	75	32	71	7.6	16.2
olaTTNIg96_194	olaTTNIg96_194	100	94	0	0	1	94	1	94	6.01e-67	187
olaTTNIg96_194	olaTTNIg87_194	45.745	94	51	0	1	94	1	94	9.62e-29	91.3
olaTTNIg96_194	olaTTNIg81_193	46.809	94	49	1	1	94	1	93	2.45e-26	85.1
olaTTNIg96_194	olaTTNIg84_195	43.617	94	53	0	1	94	2	95	3.62e-26	84.7
olaTTNIg96_194	olaTTNIg107_194	36.957	92	58	0	1	92	1	92	1.13e-23	78.2
olaTTNIg96_194	olaTTNIg105_194	39.362	94	57	0	1	94	1	94	1.22e-23	78.2
olaTTNIg96_194	olaTTNIg102_195	35.106	94	61	0	1	94	2	95	3.06e-22	74.7
olaTTNIg96_194	olaTTNIg93_194	38.298	94	58	0	1	94	1	94	5.61e-22	73.9
olaTTNIg96_194	olaTTNIg75_195	40	95	56	1	1	94	1	95	3.48e-21	72
olaTTNIg96_194	olaTTNIg72_197	37.895	95	57	1	1	93	2	96	2.03e-20	70.1
olaTTNIg96_194	olaTTNIg78_196	35.417	96	60	1	1	94	1	96	6.92e-20	68.9
olaTTNIg96_194	olaTTNIg90_195	35.106	94	61	0	1	94	2	95	7.52e-20	68.6
olaTTNIg96_194	olaTTNIg95_197	35.789	95	59	1	1	93	2	96	1.16e-18	65.9
olaTTNIg96_194	olaTTNIg99_197	37.234	94	56	2	4	94	4	97	6.13e-16	58.9
olaTTNIg96_194	olaTTNIg103_196	34.409	93	59	1	1	91	1	93	6.67e-16	58.5
olaTTNIg96_194	olaTTNIg83_195	37.931	87	52	1	9	93	8	94	1.66e-15	57.8
olaTTNIg96_194	olaTTNIg71_194	35.484	93	60	0	1	93	1	93	1.69e-15	57.4
olaTTNIg96_194	olaTTNIg73_197	33.333	96	62	1	1	94	2	97	4.60e-15	56.6
olaTTNIg96_194	olaTTNIg82_196	29.474	95	65	1	1	93	1	95	6.15e-15	56.2
olaTTNIg96_194	olaTTNIg98_196	29.474	95	65	1	1	93	1	95	2.68e-14	54.7
olaTTNIg96_194	olaTTNIg74_196	29.897	97	62	2	1	93	1	95	3.26e-14	54.3
olaTTNIg96_194	olaTTNIg63_197	29.474	95	65	1	1	93	2	96	1.02e-13	53.1
olaTTNIg96_194	olaTTNIg80_196	36.957	92	55	2	5	93	4	95	1.08e-13	53.1
olaTTNIg96_194	olaTTNIg64_193	33.333	90	57	2	5	92	3	91	1.83e-13	52.4
olaTTNIg96_194	olaTTNIg94_193	33.333	81	52	1	15	93	12	92	9.79e-13	50.4
olaTTNIg96_194	olaTTNnewIg_1104	28.846	104	63	1	1	93	1	104	1.19e-12	50.4
olaTTNIg96_194	olaTTNIg66_196	31.915	94	63	1	1	93	2	95	2.37e-12	49.7
olaTTNIg96_194	olaTTNIg91_193	29.474	95	62	2	1	93	1	92	5.04e-12	48.5
olaTTNIg96_194	olaTTNIg79_197	30.526	95	63	2	1	92	1	95	5.26e-12	48.5
olaTTNIg96_194	olaTTNIg92_196	31.579	95	63	1	1	93	1	95	7.04e-12	48.1
olaTTNIg96_194	olaTTNIg88_193	34.667	75	47	1	21	93	18	92	7.12e-12	48.1
olaTTNIg96_194	olaTTNIg86_197	28.421	95	66	1	1	93	2	96	7.19e-12	48.1
olaTTNIg96_194	olaTTNIg69_194	26.882	93	68	0	1	93	1	93	8.37e-12	48.1
olaTTNIg96_194	olaTTNIg89_196	27.368	95	67	1	1	93	1	95	2.25e-11	47
olaTTNIg96_194	olaTTNIg97_197	28.723	94	65	1	1	92	2	95	1.10e-10	45.4
olaTTNIg96_194	olaTTNIg104_198	27.381	84	59	1	13	94	15	98	3.35e-10	43.9
olaTTNIg96_194	olaTTNIg77_197	30.526	95	64	2	1	93	2	96	4.68e-10	43.5
olaTTNIg96_194	olaTTNIg67_1104	31.111	90	53	2	13	93	14	103	5.76e-10	43.5
olaTTNIg96_194	olaTTNIg85_194	25.926	81	58	1	15	93	13	93	1.68e-09	42
olaTTNIg96_194	olaTTNIg100_195	23.75	80	59	1	15	92	15	94	2.92e-09	41.6
olaTTNIg96_194	olaTTNIg116_195	30.556	72	48	1	13	82	11	82	1.16e-08	40
olaTTNIg96_194	olaTTNIg101_195	30.526	95	65	1	1	94	1	95	1.51e-08	39.7
olaTTNIg96_194	olaTTNIg106_196	27.66	94	64	2	1	92	1	92	7.10e-08	38.1
olaTTNIg96_194	olaTTNIg70_195	25.275	91	66	1	5	93	4	94	1.17e-07	37.4
olaTTNIg96_194	olaTTNIg68_199	24.211	95	63	2	7	92	3	97	3.28e-07	36.2
olaTTNIg96_194	olaTTNIg36_194	29.73	74	48	2	1	72	2	73	4.15e-07	35.8
olaTTNIg96_194	olaTTNIg108_193	28.169	71	49	1	15	83	12	82	4.54e-07	35.8
olaTTNIg96_194	olaTTNIg76_192	22.5	80	60	1	16	93	12	91	5.07e-07	35.8
olaTTNIg96_194	olaTTNIg24_194	22.857	70	52	1	18	85	15	84	2.77e-06	33.9
olaTTNIg96_194	olaTTNIg109_193	25.316	79	56	2	18	93	14	92	3.69e-06	33.5
olaTTNIg96_194	olaTTNIg41_196	35.938	64	37	2	12	72	11	73	6.73e-06	32.7
olaTTNIg96_194	olaTTNIg40_194	30.263	76	48	2	1	74	1	73	8.40e-06	32.3
olaTTNIg96_194	olaTTNIg2_194	27.586	87	58	2	1	85	2	85	8.40e-06	32.3
olaTTNIg96_194	olaTTNIg33_195	27.778	90	61	2	7	93	5	93	9.56e-06	32.3
olaTTNIg96_194	olaTTNIg110_194	25.773	97	63	3	1	91	1	94	2.85e-05	31.2
olaTTNIg96_194	olaTTNIg23_194	27.027	74	48	2	13	82	10	81	3.62e-05	30.8
olaTTNIg96_194	olaTTNIg111_1101	30.882	68	44	2	17	81	21	88	4.39e-05	30.8
olaTTNIg96_194	olaTTNIg115_194	28.571	70	48	1	15	82	13	82	4.94e-05	30.4
olaTTNIg96_194	olaTTNIg62_195	29.508	61	40	1	21	78	20	80	5.33e-05	30.4
olaTTNIg96_194	olaTTNIg1_196	25	88	59	2	1	84	2	86	1.16e-04	29.3
olaTTNIg96_194	olaTTNIg19_391	39.655	58	28	3	32	85	30	84	1.32e-04	29.3
olaTTNIg96_194	olaTTNIg4_195	25	72	50	1	17	84	15	86	1.64e-04	28.9
olaTTNIg96_194	olaTTNIg17_290	28.846	52	35	1	23	72	22	73	1.76e-04	28.9
olaTTNIg96_194	olaTTNIg7_195	27.16	81	55	1	15	91	12	92	4.03e-04	28.1
olaTTNIg96_194	olaTTNIg6_195	24.359	78	54	2	18	91	15	91	4.89e-04	27.7
olaTTNIg96_194	olaTTNIg27_192	29.032	62	42	1	13	72	10	71	5.46e-04	27.7
olaTTNIg96_194	olaTTNIg59_189	30.435	46	30	1	29	72	26	71	6.15e-04	27.3
olaTTNIg96_194	olaTTNIg114_192	26.25	80	54	2	15	91	12	89	6.57e-04	27.3
olaTTNIg96_194	olaTTNIg5_198	24.444	45	31	1	1	45	2	43	7.84e-04	27.3
olaTTNIg96_194	olaTTNIg3_195	26.761	71	46	2	15	81	13	81	0.001	26.9
olaTTNIg96_194	olaTTNIg10_194	39.286	28	17	0	18	45	16	43	0.001	26.9
olaTTNIg96_194	olaTTNIg117_196	18.293	82	65	1	15	94	13	94	0.002	26.2
olaTTNIg96_194	olaTTNIg35_193	31.25	96	55	3	1	91	2	91	0.002	25.8
olaTTNIg96_194	olaTTNIg20_187	29.63	54	36	1	34	85	31	84	0.004	25.4
olaTTNIg96_194	olaTTNIg20_187	27.419	62	37	2	35	88	2	63	2.5	17.3
olaTTNIg96_194	olaTTNIg21_195	25.926	81	56	2	15	91	13	93	0.004	25.4
olaTTNIg96_194	olaTTNIg46_189	25	60	43	1	30	87	28	87	0.005	25
olaTTNIg96_194	olaTTNIg39_194	26.667	60	42	1	34	91	33	92	0.005	25
olaTTNIg96_194	olaTTNIg34_193	24.615	65	47	1	19	81	17	81	0.006	24.6
olaTTNIg96_194	olaTTNIg14_188	25	72	52	1	18	87	16	87	0.009	24.3
olaTTNIg96_194	olaTTNIg30_194	22.892	83	60	2	1	81	2	82	0.016	23.5
olaTTNIg96_194	olaTTNIg25_194	32.143	28	18	1	18	45	17	43	0.024	23.1
olaTTNIg96_194	olaTTNIg44_197	28.947	38	25	1	37	72	40	77	0.053	22.3
olaTTNIg96_194	olaTTNIg47_188	28	50	32	2	30	76	28	76	0.069	21.9
olaTTNIg96_194	olaTTNIg16_189	26.23	61	43	1	29	87	27	87	0.11	21.2
olaTTNIg96_194	olaTTNIg55_190	24.638	69	43	3	6	72	12	73	0.13	21.2
olaTTNIg96_194	olaTTNIg52_188	28.889	45	30	1	30	72	27	71	0.19	20.4
olaTTNIg96_194	olaTTNIg9_193	24.286	70	52	1	15	83	12	81	0.22	20.4
olaTTNIg96_194	olaTTNIg43_297	22.857	70	48	3	17	83	18	84	0.29	20
olaTTNIg96_194	olaTTNIg26_192	24.242	33	25	0	11	43	44	76	0.32	20
olaTTNIg96_194	olaTTNIg113_197	26.25	80	50	2	18	88	16	95	0.36	20
olaTTNIg96_194	olaTTNIg18_389	29.825	57	36	3	18	72	17	71	0.36	19.6
olaTTNIg96_194	olaTTNIg32_194	27.5	40	26	1	1	40	2	38	0.54	19.2
olaTTNIg96_194	olaTTNIg54_189	19.512	41	31	1	34	72	32	72	2.2	17.7
olaTTNIg96_194	olaTTNIg8_195	25	44	31	1	29	70	28	71	2.5	17.3
olaTTNIg96_194	olaTTNIg112_198	34.286	35	21	1	26	60	6	38	3.8	16.9
olaTTNIg97_197	olaTTNIg97_197	100	97	0	0	1	97	1	97	6.10e-69	192
olaTTNIg97_197	olaTTNIg82_196	35.556	90	58	0	2	91	1	90	4.82e-20	69.3
olaTTNIg97_197	olaTTNIg94_193	38.372	86	53	0	12	97	8	93	4.32e-17	61.6
olaTTNIg97_197	olaTTNIg103_196	32.609	92	61	1	2	93	1	91	5.71e-17	61.6
olaTTNIg97_197	olaTTNIg105_194	34.409	93	59	1	2	94	1	91	8.29e-16	58.5
olaTTNIg97_197	olaTTNIg100_195	33.333	93	61	1	2	94	1	92	3.40e-15	57
olaTTNIg97_197	olaTTNIg87_194	29.787	94	64	1	2	95	1	92	9.61e-14	53.1
olaTTNIg97_197	olaTTNIg91_193	37.209	86	54	0	12	97	8	93	1.60e-13	52.8
olaTTNIg97_197	olaTTNIg81_193	31.915	94	61	1	2	95	1	91	7.88e-13	50.8
olaTTNIg97_197	olaTTNIg89_196	28.235	85	61	0	13	97	12	96	1.15e-12	50.4
olaTTNIg97_197	olaTTNIg88_193	32.941	85	55	1	13	97	11	93	3.24e-12	49.3
olaTTNIg97_197	olaTTNIg95_197	32.292	96	65	0	2	97	2	97	4.24e-12	48.9
olaTTNIg97_197	olaTTNIg74_196	34.524	84	53	1	16	97	13	96	1.05e-11	48.1
olaTTNIg97_197	olaTTNIg104_198	33.784	74	49	0	12	85	13	86	1.40e-11	47.8
olaTTNIg97_197	olaTTNIg79_197	29.897	97	67	1	2	97	1	97	1.79e-11	47.4
olaTTNIg97_197	olaTTNIg75_195	30.612	98	61	2	2	96	1	94	2.94e-11	47
olaTTNIg97_197	olaTTNIg85_194	32.558	86	58	0	12	97	9	94	3.97e-11	46.6
olaTTNIg97_197	olaTTNIg63_197	29.63	81	57	0	17	97	17	97	5.18e-11	46.2
olaTTNIg97_197	olaTTNIg83_195	26.087	92	68	0	6	97	4	95	6.36e-11	45.8
olaTTNIg97_197	olaTTNIg96_194	28.723	94	65	1	2	95	1	92	1.14e-10	45.4
olaTTNIg97_197	olaTTNIg73_197	27.66	94	68	0	2	95	2	95	1.74e-10	44.7
olaTTNIg97_197	olaTTNIg64_193	31.765	85	55	1	2	86	1	82	2.12e-10	44.7
olaTTNIg97_197	olaTTNIg84_195	27.66	94	66	1	2	95	2	93	5.31e-10	43.5
olaTTNIg97_197	olaTTNIg93_194	28.723	94	65	1	2	95	1	92	1.26e-09	42.4
olaTTNIg97_197	olaTTNIg66_196	28.235	85	58	2	1	85	3	84	4.03e-09	41.2
olaTTNIg97_197	olaTTNIg102_195	29.474	95	63	2	2	95	2	93	5.44e-09	40.8
olaTTNIg97_197	olaTTNIg106_196	27.083	96	70	0	2	97	1	96	1.03e-08	40
olaTTNIg97_197	olaTTNIg78_196	25	92	68	1	2	93	1	91	1.13e-08	40
olaTTNIg97_197	olaTTNIg98_196	25	96	72	0	2	97	1	96	1.31e-08	40
olaTTNIg97_197	olaTTNIg107_194	23.958	96	71	1	2	97	1	94	1.58e-08	39.7
olaTTNIg97_197	olaTTNIg101_195	31.646	79	53	1	16	94	15	92	3.15e-08	38.9
olaTTNIg97_197	olaTTNIg71_194	26.582	79	56	1	19	97	18	94	3.44e-08	38.9
olaTTNIg97_197	olaTTNIg90_195	23.958	96	67	2	2	95	2	93	4.28e-08	38.5
olaTTNIg97_197	olaTTNIg99_197	24.359	78	59	0	16	93	15	92	4.82e-08	38.5
olaTTNIg97_197	olaTTNIg67_1104	26.263	99	66	2	6	97	6	104	7.29e-08	38.1
olaTTNIg97_197	olaTTNIg86_197	28.767	73	52	0	12	84	12	84	8.45e-08	37.7
olaTTNIg97_197	olaTTNIg77_197	22.34	94	73	0	2	95	2	95	1.00e-07	37.7
olaTTNIg97_197	olaTTNIg115_194	28.395	81	51	3	10	84	2	81	1.61e-07	37
olaTTNIg97_197	olaTTNIg92_196	29.167	96	68	0	2	97	1	96	2.52e-07	36.6
olaTTNIg97_197	olaTTNIg114_192	28.767	73	51	1	14	86	10	81	2.97e-07	36.2
olaTTNIg97_197	olaTTNIg72_197	26.25	80	59	0	16	95	16	95	4.34e-07	35.8
olaTTNIg97_197	olaTTNIg69_194	26.506	83	59	1	2	84	1	81	6.37e-07	35.4
olaTTNIg97_197	olaTTNIg2_194	32.394	71	44	2	16	84	13	81	7.30e-07	35.4
olaTTNIg97_197	olaTTNIg6_195	28.283	99	63	3	2	97	1	94	9.65e-07	35
olaTTNIg97_197	olaTTNIg70_195	22.078	77	60	0	11	87	9	85	1.99e-06	34.3
olaTTNIg97_197	olaTTNIg3_195	22.857	70	54	0	16	85	13	82	3.55e-06	33.5
olaTTNIg97_197	olaTTNIg76_192	22.857	70	54	0	12	81	7	76	7.83e-06	32.7
olaTTNIg97_197	olaTTNIg5_198	25.581	86	60	2	2	86	2	84	1.07e-05	32.3
olaTTNIg97_197	olaTTNIg27_192	32	75	47	2	16	88	12	84	1.35e-05	32
olaTTNIg97_197	olaTTNIg1_196	23.256	86	61	2	1	84	1	83	1.89e-05	31.6
olaTTNIg97_197	olaTTNIg80_196	32.836	67	44	1	16	81	14	80	3.91e-05	30.8
olaTTNIg97_197	olaTTNIg30_194	26.389	72	52	1	13	84	12	82	4.01e-05	30.8
olaTTNIg97_197	olaTTNIg68_199	23.256	86	59	1	19	97	14	99	4.94e-05	30.4
olaTTNIg97_197	olaTTNIg117_196	27.381	84	58	1	1	84	1	81	7.49e-05	30
olaTTNIg97_197	olaTTNnewIg_1104	25.532	94	61	2	11	95	10	103	1.06e-04	29.6
olaTTNIg97_197	olaTTNIg41_196	30.263	76	51	2	10	84	8	82	3.10e-04	28.5
olaTTNIg97_197	olaTTNIg7_195	28.767	73	50	1	14	84	10	82	4.39e-04	28.1
olaTTNIg97_197	olaTTNIg9_193	28	75	51	2	14	87	10	82	4.60e-04	27.7
olaTTNIg97_197	olaTTNIg9_193	44.444	18	10	0	5	22	61	78	7.2	16.2
olaTTNIg97_197	olaTTNIg4_195	22.059	68	51	1	19	84	16	83	5.55e-04	27.7
olaTTNIg97_197	olaTTNIg37_193	28.788	66	47	0	19	84	16	81	7.53e-04	27.3
olaTTNIg97_197	olaTTNIg31_193	34.375	64	38	2	24	85	21	82	8.08e-04	27.3
olaTTNIg97_197	olaTTNIg10_194	24.051	79	57	2	16	91	13	91	0.001	26.6
olaTTNIg97_197	olaTTNIg62_195	24.691	81	59	2	2	81	1	80	0.003	25.8
olaTTNIg97_197	olaTTNIg39_194	24.731	93	68	1	2	94	2	92	0.005	25
olaTTNIg97_197	olaTTNIg38_193	22.078	77	58	2	19	94	16	91	0.006	24.6
olaTTNIg97_197	olaTTNIg33_195	23.684	76	58	0	13	88	10	85	0.007	24.6
olaTTNIg97_197	olaTTNIg108_193	24.138	87	58	3	12	94	8	90	0.013	23.9
olaTTNIg97_197	olaTTNIg109_193	24.691	81	59	2	8	86	2	82	0.013	23.9
olaTTNIg97_197	olaTTNIg61_188	24.691	81	56	4	10	88	8	85	0.014	23.9
olaTTNIg97_197	olaTTNIg23_194	21.127	71	56	0	14	84	10	80	0.016	23.5
olaTTNIg97_197	olaTTNIg59_189	29.825	57	34	2	34	88	28	80	0.043	22.3
olaTTNIg97_197	olaTTNIg35_193	60	15	6	0	70	84	67	81	0.054	22.3
olaTTNIg97_197	olaTTNIg35_193	43.75	16	9	0	64	79	72	87	0.54	19.2
olaTTNIg97_197	olaTTNIg40_194	20.238	84	64	1	2	85	1	81	0.059	21.9
olaTTNIg97_197	olaTTNIg34_193	20.513	78	62	0	10	87	7	84	0.062	21.9
olaTTNIg97_197	olaTTNIg110_194	22.222	72	54	1	16	85	12	83	0.064	21.9
olaTTNIg97_197	olaTTNIg21_195	23.944	71	54	0	16	86	13	83	0.064	21.9
olaTTNIg97_197	olaTTNIg53_190	22.892	83	63	1	8	90	7	88	0.073	21.9
olaTTNIg97_197	olaTTNIg25_194	24.286	70	52	1	16	84	13	82	0.077	21.9
olaTTNIg97_197	olaTTNIg29_192	50	16	8	0	71	86	67	82	0.087	21.6
olaTTNIg97_197	olaTTNIg45_192	50	14	7	0	62	75	59	72	0.29	20
olaTTNIg97_197	olaTTNIg32_194	25.926	54	30	2	50	94	40	92	0.33	20
olaTTNIg97_197	olaTTNIg14_188	30.556	36	15	1	42	77	49	74	0.43	19.6
olaTTNIg97_197	olaTTNIg20_187	29.508	61	30	2	35	86	22	78	1	18.5
olaTTNIg97_197	olaTTNIg19_391	25	36	27	0	40	75	36	71	4.3	16.9
olaTTNIg97_197	olaTTNIg46_189	23.333	30	23	0	59	88	56	85	7.5	16.2
olaTTNIg98_196	olaTTNIg98_196	100	96	0	0	1	96	1	96	1.58e-67	189
olaTTNIg98_196	olaTTNIg92_196	36.458	96	61	0	1	96	1	96	1.89e-19	67.8
olaTTNIg98_196	olaTTNIg84_195	34.737	95	60	1	1	95	2	94	1.02e-18	65.9
olaTTNIg98_196	olaTTNIg94_193	35.417	96	59	1	1	96	1	93	1.38e-17	62.8
olaTTNIg98_196	olaTTNIg107_194	34.375	96	61	1	1	96	1	94	2.02e-17	62.4
olaTTNIg98_196	olaTTNIg72_197	29.474	95	67	0	1	95	2	96	8.18e-17	61.2
olaTTNIg98_196	olaTTNIg101_195	31.579	95	64	1	1	95	1	94	8.41e-17	60.8
olaTTNIg98_196	olaTTNIg79_197	35.354	99	59	3	1	96	1	97	8.82e-17	60.8
olaTTNIg98_196	olaTTNIg95_197	30.208	96	67	0	1	96	2	97	9.62e-17	60.8
olaTTNIg98_196	olaTTNIg87_194	35.789	95	59	1	1	95	1	93	1.03e-16	60.8
olaTTNIg98_196	olaTTNIg82_196	34.737	95	62	0	1	95	1	95	2.05e-16	60.1
olaTTNIg98_196	olaTTNIg102_195	33.333	96	60	2	1	95	2	94	7.61e-16	58.5
olaTTNIg98_196	olaTTNIg81_193	33.684	95	60	1	1	95	1	92	1.28e-15	57.8
olaTTNIg98_196	olaTTNIg109_193	36.471	85	51	2	15	96	9	93	1.95e-15	57.4
olaTTNIg98_196	olaTTNIg83_195	32.558	86	58	0	11	96	10	95	2.25e-15	57.4
olaTTNIg98_196	olaTTNIg89_196	25	96	72	0	1	96	1	96	2.33e-15	57.4
olaTTNIg98_196	olaTTNIg93_194	30.526	95	64	1	1	95	1	93	1.14e-14	55.5
olaTTNIg98_196	olaTTNIg96_194	29.474	95	65	1	1	95	1	93	2.74e-14	54.7
olaTTNIg98_196	olaTTNIg76_192	29.474	95	63	1	1	95	1	91	2.76e-14	54.3
olaTTNIg98_196	olaTTNIg91_193	28.75	80	57	0	17	96	14	93	3.02e-14	54.3
olaTTNIg98_196	olaTTNIg63_197	33.333	96	64	0	1	96	2	97	3.53e-14	54.3
olaTTNIg98_196	olaTTNIg73_197	32.292	96	59	1	6	95	1	96	4.15e-14	54.3
olaTTNIg98_196	olaTTNIg86_197	29.167	96	68	0	1	96	2	97	5.67e-14	53.9
olaTTNIg98_196	olaTTNIg80_196	31.915	94	63	1	3	95	2	95	6.31e-14	53.5
olaTTNIg98_196	olaTTNIg64_193	30.851	94	62	1	1	94	1	91	1.36e-13	52.8
olaTTNIg98_196	olaTTNIg66_196	31.579	95	64	1	1	95	2	95	1.84e-13	52.4
olaTTNIg98_196	olaTTNIg74_196	33.333	87	56	1	12	96	10	96	1.90e-13	52.4
olaTTNIg98_196	olaTTNIg78_196	24.211	95	72	0	1	95	1	95	3.96e-13	51.6
olaTTNIg98_196	olaTTNIg85_194	31.25	80	55	0	17	96	15	94	7.72e-13	50.8
olaTTNIg98_196	olaTTNIg88_193	36.905	84	51	1	13	96	12	93	8.41e-13	50.8
olaTTNIg98_196	olaTTNIg90_195	27.368	95	67	1	1	95	2	94	1.56e-12	50.1
olaTTNIg98_196	olaTTNIg67_1104	23.656	93	64	1	11	96	12	104	2.29e-12	49.7
olaTTNIg98_196	olaTTNIg106_196	28.125	96	69	0	1	96	1	96	2.97e-12	49.3
olaTTNIg98_196	olaTTNIg104_198	28.235	85	61	0	11	95	13	97	4.57e-12	48.9
olaTTNIg98_196	olaTTNIg99_197	29.412	85	57	2	14	95	12	96	5.98e-12	48.5
olaTTNIg98_196	olaTTNIg105_194	26.316	95	68	1	1	95	1	93	1.08e-11	47.8
olaTTNIg98_196	olaTTNIg77_197	23.158	95	73	0	1	95	2	96	1.35e-11	47.8
olaTTNIg98_196	olaTTNIg71_194	31.646	79	52	1	18	96	18	94	3.61e-11	46.6
olaTTNIg98_196	olaTTNIg117_196	30.263	76	53	0	18	93	16	91	8.97e-11	45.4
olaTTNIg98_196	olaTTNIg33_195	30	80	56	0	17	96	15	94	1.46e-10	45.1
olaTTNIg98_196	olaTTNIg115_194	31.884	69	47	0	18	86	16	84	1.73e-10	44.7
olaTTNIg98_196	olaTTNIg103_196	22.917	96	74	0	1	96	1	96	2.14e-10	44.7
olaTTNIg98_196	olaTTNIg70_195	26.042	96	69	1	1	96	2	95	2.14e-10	44.7
olaTTNIg98_196	olaTTNIg69_194	32.143	84	53	2	12	95	14	93	5.56e-10	43.5
olaTTNIg98_196	olaTTNIg108_193	28.947	76	54	0	10	85	7	82	1.35e-09	42.4
olaTTNIg98_196	olaTTNIg100_195	24.719	89	67	0	1	89	1	89	1.53e-09	42.4
olaTTNIg98_196	olaTTNIg68_199	27.184	103	64	4	1	96	1	99	2.05e-09	42
olaTTNIg98_196	olaTTNIg2_194	26.966	89	62	1	6	91	1	89	4.61e-09	41.2
olaTTNIg98_196	olaTTNIg9_193	29.167	96	64	2	1	96	1	92	4.63e-09	41.2
olaTTNIg98_196	olaTTNIg75_195	23.958	96	70	2	1	95	1	94	9.40e-09	40.4
olaTTNIg98_196	olaTTNIg39_194	26.923	78	55	2	17	93	16	92	9.73e-09	40
olaTTNIg98_196	olaTTNIg97_197	25	96	72	0	1	96	2	97	1.30e-08	40
olaTTNIg98_196	olaTTNIg38_193	27.711	83	55	3	6	84	1	82	2.06e-08	39.3
olaTTNIg98_196	olaTTNIg1_196	27.632	76	53	2	18	91	16	91	4.86e-08	38.5
olaTTNIg98_196	olaTTNIg40_194	27.381	84	58	1	1	84	1	81	4.90e-08	38.5
olaTTNIg98_196	olaTTNnewIg_1104	27.885	104	66	3	1	95	1	104	5.33e-08	38.5
olaTTNIg98_196	olaTTNIg62_195	28.261	92	59	2	10	94	3	94	7.78e-08	37.7
olaTTNIg98_196	olaTTNIg5_198	28.261	92	62	3	6	93	1	92	1.04e-07	37.7
olaTTNIg98_196	olaTTNIg110_194	26.136	88	63	2	8	93	5	92	1.55e-07	37
olaTTNIg98_196	olaTTNIg113_197	23.711	97	68	3	6	96	1	97	2.52e-07	36.6
olaTTNIg98_196	olaTTNIg49_187	30.159	63	43	1	28	90	25	86	2.54e-07	36.2
olaTTNIg98_196	olaTTNIg10_194	28.169	71	50	1	18	87	16	86	2.61e-07	36.6
olaTTNIg98_196	olaTTNIg30_194	25	76	57	0	15	90	14	89	3.94e-07	36.2
olaTTNIg98_196	olaTTNIg111_1101	31.25	80	52	2	18	95	22	100	6.50e-07	35.4
olaTTNIg98_196	olaTTNIg21_195	25	72	54	0	17	88	15	86	7.31e-07	35.4
olaTTNIg98_196	olaTTNIg7_195	28.09	89	60	2	8	93	5	92	1.03e-06	35
olaTTNIg98_196	olaTTNIg25_194	23.077	78	59	1	18	94	16	93	1.32e-06	34.7
olaTTNIg98_196	olaTTNIg3_195	21.622	74	58	0	18	91	16	89	1.73e-06	34.3
olaTTNIg98_196	olaTTNIg114_192	26.744	86	58	3	10	92	7	90	2.54e-06	33.9
olaTTNIg98_196	olaTTNIg4_195	26.316	76	54	1	18	91	16	91	5.60e-06	33.1
olaTTNIg98_196	olaTTNIg27_192	22.5	80	62	0	16	95	13	92	6.39e-06	32.7
olaTTNIg98_196	olaTTNIg24_194	20.27	74	59	0	18	91	15	88	6.80e-06	32.7
olaTTNIg98_196	olaTTNIg29_192	23.729	59	45	0	35	93	32	90	8.94e-06	32.3
olaTTNIg98_196	olaTTNIg13_189	29.825	57	40	0	36	92	33	89	9.48e-06	32.3
olaTTNIg98_196	olaTTNIg116_195	23.077	78	60	0	16	93	14	91	1.36e-05	32
olaTTNIg98_196	olaTTNIg23_194	23.457	81	62	0	16	96	13	93	1.38e-05	32
olaTTNIg98_196	olaTTNIg36_194	28.814	59	42	0	16	74	15	73	6.24e-05	30
olaTTNIg98_196	olaTTNIg52_188	24.242	66	46	1	28	93	25	86	6.25e-05	30
olaTTNIg98_196	olaTTNIg34_193	22.667	75	58	0	10	84	8	82	6.76e-05	30
olaTTNIg98_196	olaTTNIg34_193	30.769	26	18	0	40	65	68	93	1.6	18.1
olaTTNIg98_196	olaTTNIg41_196	22.388	67	51	1	31	96	29	95	1.28e-04	29.3
olaTTNIg98_196	olaTTNIg35_193	22.727	88	65	1	1	88	2	86	1.98e-04	28.9
olaTTNIg98_196	olaTTNIg58_193	31.915	47	32	0	37	83	34	80	2.67e-04	28.5
olaTTNIg98_196	olaTTNIg8_195	24.658	73	53	1	19	89	18	90	3.26e-04	28.1
olaTTNIg98_196	olaTTNIg59_189	30	50	35	0	25	74	22	71	4.25e-04	27.7
olaTTNIg98_196	olaTTNIg112_198	26.761	71	51	1	18	87	19	89	5.73e-04	27.7
olaTTNIg98_196	olaTTNIg44_197	30.357	56	39	0	36	91	39	94	0.002	26.6
olaTTNIg98_196	olaTTNIg12_189	26.786	56	41	0	36	91	34	89	0.002	26.2
olaTTNIg98_196	olaTTNIg31_193	28.302	53	38	0	35	87	33	85	0.007	24.6
olaTTNIg98_196	olaTTNIg17_290	26.23	61	37	3	35	93	34	88	0.008	24.3
olaTTNIg98_196	olaTTNIg42_192	22.449	49	38	0	28	76	29	77	0.012	23.9
olaTTNIg98_196	olaTTNIg43_297	25.581	43	32	0	34	76	32	74	0.014	23.9
olaTTNIg98_196	olaTTNIg57_188	22.034	59	46	0	28	86	25	83	0.032	22.7
olaTTNIg98_196	olaTTNIg14_188	19.178	73	59	0	18	90	16	88	0.046	22.3
olaTTNIg98_196	olaTTNIg60_187	18.919	37	30	0	28	64	25	61	0.058	21.9
olaTTNIg98_196	olaTTNIg16_189	27.451	51	37	0	28	78	26	76	0.078	21.6
olaTTNIg98_196	olaTTNIg20_187	38.889	18	11	0	35	52	32	49	0.14	20.8
olaTTNIg98_196	olaTTNIg18_389	22.5	80	60	2	11	90	10	87	0.14	20.8
olaTTNIg98_196	olaTTNIg55_190	19.403	67	53	1	10	76	10	75	0.17	20.8
olaTTNIg98_196	olaTTNIg22_193	18.182	77	60	2	18	92	16	91	0.18	20.8
olaTTNIg98_196	olaTTNIg15_187	22.642	53	41	0	37	89	34	86	0.47	19.6
olaTTNIg98_196	olaTTNIg19_391	21.053	38	30	0	37	74	34	71	0.62	19.2
olaTTNIg98_196	olaTTNIg32_194	28.333	60	33	4	18	69	16	73	0.88	18.9
olaTTNIg98_196	olaTTNIg54_189	15.517	58	49	0	28	85	26	83	1.3	18.1
olaTTNIg98_196	olaTTNIg51_488	22.951	61	43	1	35	95	29	85	1.8	17.7
olaTTNIg98_196	olaTTNIg61_188	17.391	46	38	0	35	80	33	78	4.6	16.5
olaTTNIg99_197	olaTTNIg99_197	100	97	0	0	1	97	1	97	8.84e-73	202
olaTTNIg99_197	olaTTNIg102_195	40.625	96	54	2	2	97	3	95	5.87e-19	66.6
olaTTNIg99_197	olaTTNIg81_193	35.789	95	57	2	3	97	3	93	5.36e-18	63.9
olaTTNIg99_197	olaTTNIg84_195	34.314	102	52	3	2	97	3	95	2.72e-17	62.4
olaTTNIg99_197	olaTTNIg96_194	37.234	94	56	2	4	97	4	94	6.32e-16	58.9
olaTTNIg99_197	olaTTNIg75_195	33.333	96	62	2	2	97	2	95	3.63e-15	57
olaTTNIg99_197	olaTTNIg104_198	36.082	97	60	2	1	97	4	98	4.43e-15	56.6
olaTTNIg99_197	olaTTNIg95_197	30.38	79	55	0	6	84	7	85	5.14e-15	56.6
olaTTNIg99_197	olaTTNIg87_194	36.842	95	57	2	3	97	3	94	6.57e-15	56.2
olaTTNIg99_197	olaTTNIg93_194	30.208	96	64	2	2	97	2	94	8.80e-15	55.8
olaTTNIg99_197	olaTTNIg73_197	33.696	92	60	1	6	97	7	97	2.36e-14	54.7
olaTTNIg99_197	olaTTNIg72_197	32.979	94	62	1	3	96	4	96	2.50e-14	54.7
olaTTNIg99_197	olaTTNIg82_196	34.94	83	53	1	14	96	14	95	3.09e-14	54.3
olaTTNIg99_197	olaTTNIg107_194	33.708	89	56	2	6	94	6	91	3.44e-14	54.3
olaTTNIg99_197	olaTTNIg83_195	30.337	89	61	1	8	96	7	94	5.65e-13	51.2
olaTTNIg99_197	olaTTNIg106_196	37.681	69	43	0	15	83	15	83	5.65e-13	51.2
olaTTNIg99_197	olaTTNIg91_193	33.803	71	47	0	13	83	10	80	1.41e-12	50.1
olaTTNIg99_197	olaTTNIg89_196	27.027	74	54	0	15	88	15	88	2.22e-12	49.7
olaTTNIg99_197	olaTTNIg90_195	35.417	96	59	2	2	97	3	95	2.25e-12	49.7
olaTTNIg99_197	olaTTNIg79_197	34.94	83	52	2	13	94	13	94	2.88e-12	49.3
olaTTNIg99_197	olaTTNIg105_194	34.94	83	51	2	15	97	15	94	5.37e-12	48.5
olaTTNIg99_197	olaTTNIg98_196	29.412	85	57	2	12	96	14	95	6.04e-12	48.5
olaTTNIg99_197	olaTTNIg78_196	33.333	81	53	1	17	97	17	96	1.43e-11	47.8
olaTTNIg99_197	olaTTNIg76_192	28.788	66	47	0	16	81	12	77	3.77e-11	46.6
olaTTNIg99_197	olaTTNIg94_193	26.761	71	52	0	13	83	10	80	5.42e-11	46.2
olaTTNIg99_197	olaTTNIg101_195	36.145	83	51	2	15	97	15	95	7.01e-11	45.8
olaTTNIg99_197	olaTTNIg66_196	30.851	94	63	2	3	96	4	95	2.38e-10	44.3
olaTTNIg99_197	olaTTNIg103_196	29.487	78	54	1	17	94	17	93	2.40e-10	44.3
olaTTNIg99_197	olaTTNIg100_195	23.188	69	53	0	15	83	15	83	2.79e-10	44.3
olaTTNIg99_197	olaTTNIg71_194	29.67	91	61	2	6	96	6	93	3.39e-10	43.9
olaTTNIg99_197	olaTTNIg111_1101	32.468	77	50	2	18	92	22	98	5.08e-10	43.9
olaTTNIg99_197	olaTTNIg92_196	32.53	83	55	1	14	96	14	95	7.95e-10	43.1
olaTTNIg99_197	olaTTNIg85_194	25	72	54	0	13	84	11	82	1.03e-09	42.7
olaTTNIg99_197	olaTTNIg88_193	25.581	86	63	1	11	96	8	92	1.50e-09	42.4
olaTTNIg99_197	olaTTNIg3_195	26.027	73	54	0	15	87	13	85	7.33e-09	40.4
olaTTNIg99_197	olaTTNIg63_197	25.263	95	70	1	2	96	3	96	7.85e-09	40.4
olaTTNIg99_197	olaTTNIg30_194	26.582	79	58	0	14	92	13	91	8.01e-09	40.4
olaTTNIg99_197	olaTTNIg69_194	27.368	95	66	2	2	96	2	93	8.44e-09	40.4
olaTTNIg99_197	olaTTNIg1_196	26.087	69	49	1	18	84	16	84	2.05e-08	39.3
olaTTNIg99_197	olaTTNIg74_196	26.761	71	50	1	15	83	13	83	4.40e-08	38.5
olaTTNIg99_197	olaTTNIg97_197	24.359	78	59	0	15	92	16	93	4.82e-08	38.5
olaTTNIg99_197	olaTTNIg58_193	33.871	62	41	0	35	96	32	93	7.48e-08	37.7
olaTTNIg99_197	olaTTNIg64_193	29.63	81	56	1	14	94	11	90	8.96e-08	37.7
olaTTNIg99_197	olaTTNIg70_195	27.586	58	42	0	29	86	28	85	1.27e-07	37.4
olaTTNIg99_197	olaTTNIg80_196	28.916	83	57	2	15	96	14	95	1.43e-07	37.4
olaTTNIg99_197	olaTTNIg77_197	26.316	95	69	1	2	96	3	96	1.68e-07	37
olaTTNIg99_197	olaTTNIg86_197	22.535	71	55	0	14	84	15	85	1.24e-06	34.7
olaTTNIg99_197	olaTTNIg33_195	31.707	82	55	1	15	96	13	93	2.28e-06	33.9
olaTTNIg99_197	olaTTNIg21_195	24.286	70	53	0	15	84	13	82	6.11e-06	32.7
olaTTNIg99_197	olaTTNIg62_195	27.632	76	54	1	8	82	7	82	9.87e-06	32.3
olaTTNIg99_197	olaTTNnewIg_1104	23.864	88	58	2	6	84	6	93	1.22e-05	32.3
olaTTNIg99_197	olaTTNIg68_199	28.916	83	51	3	18	92	14	96	1.41e-05	32
olaTTNIg99_197	olaTTNIg34_193	32.143	56	37	1	33	87	30	85	1.47e-05	32
olaTTNIg99_197	olaTTNIg108_193	28.767	73	52	0	15	87	12	84	1.79e-05	31.6
olaTTNIg99_197	olaTTNIg116_195	24.096	83	58	3	14	93	12	92	3.27e-05	30.8
olaTTNIg99_197	olaTTNIg117_196	25.316	79	58	1	15	92	13	91	4.24e-05	30.8
olaTTNIg99_197	olaTTNIg2_194	24.638	69	52	0	15	83	13	81	5.14e-05	30.4
olaTTNIg99_197	olaTTNIg115_194	23.077	78	59	1	7	84	6	82	8.89e-05	29.6
olaTTNIg99_197	olaTTNIg112_198	25.676	74	54	1	12	84	13	86	9.34e-05	29.6
olaTTNIg99_197	olaTTNIg39_194	23.377	77	58	1	17	92	16	92	1.02e-04	29.6
olaTTNIg99_197	olaTTNIg43_297	31.707	41	28	0	36	76	34	74	1.33e-04	29.3
olaTTNIg99_197	olaTTNIg113_197	27.143	70	48	1	18	84	16	85	1.94e-04	28.9
olaTTNIg99_197	olaTTNIg114_192	26.506	83	57	3	16	97	13	92	2.33e-04	28.5
olaTTNIg99_197	olaTTNIg44_197	33.333	51	34	0	34	84	37	87	3.47e-04	28.1
olaTTNIg99_197	olaTTNIg47_188	26.562	64	44	1	30	93	28	88	5.32e-04	27.7
olaTTNIg99_197	olaTTNIg9_193	27.273	55	39	1	29	83	26	79	7.15e-04	27.3
olaTTNIg99_197	olaTTNIg6_195	26.829	82	56	3	18	96	15	95	7.24e-04	27.3
olaTTNIg99_197	olaTTNIg35_193	25.714	70	52	0	15	84	13	82	7.76e-04	27.3
olaTTNIg99_197	olaTTNIg24_194	22.857	70	54	0	15	84	12	81	0.001	26.9
olaTTNIg99_197	olaTTNIg5_198	27.143	70	50	1	12	80	10	79	0.001	26.9
olaTTNIg99_197	olaTTNIg40_194	24.638	69	52	0	15	83	12	80	0.002	26.2
olaTTNIg99_197	olaTTNIg25_194	31.667	60	34	2	29	84	27	83	0.002	25.8
olaTTNIg99_197	olaTTNIg32_194	30.986	71	46	3	18	86	16	85	0.003	25.4
olaTTNIg99_197	olaTTNIg67_1104	20.779	77	54	1	15	84	16	92	0.004	25.4
olaTTNIg99_197	olaTTNIg7_195	26.667	75	53	1	15	87	12	86	0.004	25.4
olaTTNIg99_197	olaTTNIg23_194	22.857	70	54	0	15	84	12	81	0.005	25
olaTTNIg99_197	olaTTNIg28_194	27.083	48	34	1	37	83	35	82	0.009	24.3
olaTTNIg99_197	olaTTNIg4_195	26.027	73	51	2	14	84	13	84	0.009	24.3
olaTTNIg99_197	olaTTNIg31_193	25	48	36	0	36	83	34	81	0.009	24.3
olaTTNIg99_197	olaTTNIg12_189	25	44	33	0	35	78	33	76	0.01	24.3
olaTTNIg99_197	olaTTNIg10_194	23.944	71	53	1	15	84	13	83	0.011	24.3
olaTTNIg99_197	olaTTNIg29_192	25.397	63	46	1	34	96	31	92	0.012	23.9
olaTTNIg99_197	olaTTNIg50_192	25	44	33	0	37	80	34	77	0.013	23.9
olaTTNIg99_197	olaTTNIg22_193	24.286	70	52	1	14	83	12	80	0.015	23.9
olaTTNIg99_197	olaTTNIg37_193	26.866	67	49	0	18	84	16	82	0.023	23.1
olaTTNIg99_197	olaTTNIg41_196	23.81	63	47	1	23	84	21	83	0.024	23.1
olaTTNIg99_197	olaTTNIg42_192	26.829	41	30	0	36	76	37	77	0.026	23.1
olaTTNIg99_197	olaTTNIg38_193	34.615	26	17	0	58	83	56	81	0.032	22.7
olaTTNIg99_197	olaTTNIg27_192	23.611	72	55	0	15	86	12	83	0.032	22.7
olaTTNIg99_197	olaTTNIg56_189	23.256	43	33	0	36	78	33	75	0.048	22.3
olaTTNIg99_197	olaTTNIg110_194	25	88	53	4	15	94	12	94	0.14	21.2
olaTTNIg99_197	olaTTNIg59_189	25.862	58	39	1	29	86	26	79	0.14	20.8
olaTTNIg99_197	olaTTNIg13_189	24.39	41	31	0	35	75	32	72	0.18	20.8
olaTTNIg99_197	olaTTNIg46_189	19.444	72	56	1	9	80	9	78	0.86	18.9
olaTTNIg99_197	olaTTNIg36_194	17.333	75	62	0	9	83	8	82	1.1	18.5
olaTTNIg99_197	olaTTNIg16_189	26	50	33	2	31	78	29	76	1.5	18.1
olaTTNIg99_197	olaTTNIg17_290	26.19	42	31	0	37	78	36	77	1.5	18.1
olaTTNIg99_197	olaTTNIg45_192	34.483	29	18	1	61	89	59	86	1.7	18.1
olaTTNIg99_197	olaTTNIg55_190	23.913	46	35	0	29	74	28	73	2.4	17.7
olaTTNIg99_197	olaTTNIg57_188	21.429	42	33	0	37	78	34	75	2.8	17.3
olaTTNIg99_197	olaTTNIg19_391	21.951	41	32	0	35	75	32	72	3	17.3
olaTTNIg99_197	olaTTNIg11_191	28.571	42	25	1	29	65	27	68	4.3	16.9
olaTTNIg99_197	olaTTNIg60_187	19.355	62	49	1	19	80	17	77	5.8	16.5
olaTTNIg99_197	olaTTNIg26_192	26.471	34	25	0	54	87	50	83	6	16.5
olaTTNIg99_197	olaTTNIg54_189	28.205	39	28	0	37	75	35	73	6.7	16.2
olaTTNIg99_197	olaTTNIg20_187	46.667	15	8	0	61	75	58	72	9.7	15.8
olaTTNIg100_195	olaTTNIg100_195	100	95	0	0	1	95	1	95	6.40e-70	195
olaTTNIg100_195	olaTTNIg94_193	36.145	83	53	0	12	94	9	91	1.17e-20	70.9
olaTTNIg100_195	olaTTNIg103_196	33.684	95	63	0	1	95	1	95	9.73e-20	68.6
olaTTNIg100_195	olaTTNIg85_194	32.53	83	56	0	12	94	10	92	1.33e-17	62.8
olaTTNIg100_195	olaTTNIg79_197	31.25	96	65	1	1	95	1	96	3.85e-16	59.3
olaTTNIg100_195	olaTTNIg87_194	31.915	94	62	1	1	94	1	92	6.95e-16	58.5
olaTTNIg100_195	olaTTNIg97_197	33.333	93	61	1	1	92	2	94	3.33e-15	57
olaTTNIg100_195	olaTTNIg82_196	30.769	91	63	0	1	91	1	91	6.43e-15	56.2
olaTTNIg100_195	olaTTNIg64_193	30.769	78	54	0	18	95	15	92	4.26e-14	53.9
olaTTNIg100_195	olaTTNIg78_196	26.374	91	67	0	1	91	1	91	6.95e-14	53.5
olaTTNIg100_195	olaTTNIg106_196	27.66	94	68	0	1	94	1	94	8.82e-14	53.1
olaTTNIg100_195	olaTTNIg91_193	30.12	83	58	0	12	94	9	91	9.69e-14	53.1
olaTTNIg100_195	olaTTNIg88_193	27.16	81	59	0	14	94	11	91	1.18e-13	52.8
olaTTNIg100_195	olaTTNIg89_196	32.099	81	55	0	1	81	1	81	1.32e-13	52.8
olaTTNIg100_195	olaTTNIg81_193	28.723	94	64	1	1	94	1	91	5.01e-13	51.2
olaTTNIg100_195	olaTTNIg107_194	29.63	81	55	1	15	95	15	93	7.24e-13	50.8
olaTTNIg100_195	olaTTNIg104_198	31.579	95	64	1	1	94	2	96	2.48e-12	49.7
olaTTNIg100_195	olaTTNIg102_195	27.174	92	64	2	1	92	2	90	8.82e-12	48.1
olaTTNIg100_195	olaTTNIg74_196	27.907	86	60	1	11	94	9	94	1.00e-11	48.1
olaTTNIg100_195	olaTTNIg76_192	25.926	81	60	0	12	92	8	88	1.37e-11	47.4
olaTTNIg100_195	olaTTNIg93_194	30.769	91	61	1	1	91	1	89	1.65e-11	47.4
olaTTNIg100_195	olaTTNIg84_195	27.66	94	66	1	1	94	2	93	1.74e-11	47.4
olaTTNIg100_195	olaTTNIg70_195	32.353	68	46	0	13	80	12	79	1.89e-11	47.4
olaTTNIg100_195	olaTTNIg109_193	33.333	69	45	1	17	84	13	81	2.28e-11	47
olaTTNIg100_195	olaTTNIg105_194	28.571	91	63	1	1	91	1	89	2.45e-11	47
olaTTNIg100_195	olaTTNIg90_195	32.353	68	44	1	13	80	14	79	5.09e-11	46.2
olaTTNIg100_195	olaTTNIg86_197	37.681	69	43	0	12	80	13	81	7.72e-11	45.8
olaTTNIg100_195	olaTTNIg99_197	23.188	69	53	0	15	83	15	83	2.74e-10	44.3
olaTTNIg100_195	olaTTNIg62_195	31.522	92	61	2	1	91	1	91	1.18e-09	42.7
olaTTNIg100_195	olaTTNIg98_196	24.719	89	67	0	1	89	1	89	1.52e-09	42.4
olaTTNIg100_195	olaTTNIg95_197	26.506	83	61	0	12	94	13	95	2.55e-09	41.6
olaTTNIg100_195	olaTTNIg10_194	24.691	81	60	1	14	93	12	92	2.80e-09	41.6
olaTTNIg100_195	olaTTNIg96_194	23.75	80	59	1	15	94	15	92	2.96e-09	41.6
olaTTNIg100_195	olaTTNIg72_197	27.027	74	52	1	23	94	22	95	3.75e-09	41.2
olaTTNIg100_195	olaTTNIg80_196	29.73	74	51	1	13	85	12	85	4.18e-09	41.2
olaTTNIg100_195	olaTTNIg67_1104	29.348	92	57	4	8	92	9	99	6.65e-09	40.8
olaTTNIg100_195	olaTTNIg71_194	25.641	78	56	1	17	94	17	92	1.46e-08	39.7
olaTTNIg100_195	olaTTNIg117_196	26.923	78	57	0	14	91	12	89	1.86e-08	39.7
olaTTNIg100_195	olaTTNIg63_197	25.275	91	68	0	1	91	2	92	4.91e-08	38.5
olaTTNIg100_195	olaTTNIg83_195	27.5	80	57	1	13	92	12	90	5.33e-08	38.1
olaTTNIg100_195	olaTTNIg73_197	20.879	91	72	0	1	91	2	92	5.70e-08	38.1
olaTTNIg100_195	olaTTNIg77_197	25.532	94	70	0	1	94	2	95	7.92e-08	37.7
olaTTNIg100_195	olaTTNIg69_194	26.966	89	63	1	1	89	1	87	9.90e-08	37.7
olaTTNIg100_195	olaTTNIg116_195	23.377	77	58	1	18	94	16	91	1.07e-07	37.4
olaTTNIg100_195	olaTTNIg33_195	24.324	74	56	0	11	84	9	82	1.37e-07	37.4
olaTTNIg100_195	olaTTNIg5_198	26.154	65	45	2	17	80	17	79	1.50e-07	37
olaTTNIg100_195	olaTTNIg75_195	22.68	97	68	2	1	94	1	93	4.11e-07	35.8
olaTTNIg100_195	olaTTNIg3_195	22.059	68	53	0	14	81	12	79	4.34e-07	35.8
olaTTNIg100_195	olaTTNIg92_196	31.915	94	64	0	1	94	1	94	6.58e-07	35.4
olaTTNIg100_195	olaTTNIg101_195	23.529	85	63	2	7	91	8	90	9.97e-07	35
olaTTNIg100_195	olaTTNIg39_194	19.767	86	69	0	4	89	3	88	2.53e-06	33.9
olaTTNIg100_195	olaTTNIg66_196	28.571	84	54	3	10	91	12	91	2.86e-06	33.9
olaTTNIg100_195	olaTTNIg32_194	24.658	73	54	1	14	85	12	84	5.97e-06	32.7
olaTTNIg100_195	olaTTNIg25_194	31.481	54	36	1	29	81	27	80	7.36e-06	32.7
olaTTNIg100_195	olaTTNIg43_297	27.273	44	32	0	33	76	31	74	8.41e-06	32.3
olaTTNIg100_195	olaTTNIg111_1101	24.615	65	48	1	18	81	22	86	9.49e-06	32.3
olaTTNIg100_195	olaTTNIg30_194	20.29	69	55	0	18	86	17	85	9.86e-06	32.3
olaTTNIg100_195	olaTTNIg23_194	20.588	68	54	0	13	80	10	77	1.24e-05	32
olaTTNIg100_195	olaTTNIg59_189	32.653	49	33	0	30	78	27	75	1.35e-05	32
olaTTNIg100_195	olaTTNIg38_193	20.896	67	53	0	14	80	12	78	1.82e-05	31.6
olaTTNIg100_195	olaTTNIg27_192	21.739	69	54	0	13	81	10	78	1.85e-05	31.6
olaTTNIg100_195	olaTTNIg1_196	18.31	71	56	1	18	86	16	86	4.13e-05	30.8
olaTTNIg100_195	olaTTNIg58_193	32.609	46	31	0	35	80	32	77	5.20e-05	30.4
olaTTNIg100_195	olaTTNIg115_194	23.377	77	54	1	9	80	2	78	5.44e-05	30.4
olaTTNIg100_195	olaTTNIg68_199	19.608	102	71	2	1	95	1	98	6.36e-05	30
olaTTNIg100_195	olaTTNIg21_195	28.302	53	38	0	28	80	26	78	6.57e-05	30
olaTTNIg100_195	olaTTNIg15_187	22.093	86	56	1	4	89	12	86	7.31e-05	30
olaTTNIg100_195	olaTTNIg36_194	22.857	70	54	0	15	84	14	83	7.90e-05	30
olaTTNIg100_195	olaTTNIg7_195	25.61	82	57	2	14	91	9	90	1.23e-04	29.3
olaTTNIg100_195	olaTTNIg40_194	19.118	68	55	0	7	74	4	71	1.25e-04	29.3
olaTTNIg100_195	olaTTNIg13_189	24.528	53	39	1	35	86	32	84	1.50e-04	28.9
olaTTNIg100_195	olaTTNIg12_189	28.571	42	30	0	35	76	33	74	1.92e-04	28.9
olaTTNIg100_195	olaTTNIg24_194	16.216	74	62	0	13	86	10	83	2.24e-04	28.5
olaTTNIg100_195	olaTTNIg24_194	45.455	11	6	0	1	11	28	38	8.2	16.2
olaTTNIg100_195	olaTTNIg28_194	22.857	70	53	1	15	83	13	82	2.31e-04	28.5
olaTTNIg100_195	olaTTNIg19_391	25	44	33	0	35	78	32	75	3.28e-04	28.1
olaTTNIg100_195	olaTTNIg22_193	20.548	73	57	1	9	81	7	78	6.06e-04	27.3
olaTTNIg100_195	olaTTNIg44_197	28.889	45	32	0	36	80	39	83	8.09e-04	27.3
olaTTNIg100_195	olaTTNIg16_189	31.111	45	31	0	31	75	29	73	0.001	26.6
olaTTNIg100_195	olaTTNIg20_187	20.833	48	38	0	37	84	34	81	0.001	26.6
olaTTNIg100_195	olaTTNIg34_193	19.118	68	55	0	13	80	11	78	0.002	26.6
olaTTNIg100_195	olaTTNIg4_195	23.288	73	50	2	18	86	16	86	0.002	26.6
olaTTNIg100_195	olaTTNIg114_192	24	75	54	2	13	86	10	82	0.002	26.2
olaTTNIg100_195	olaTTNIg108_193	20.588	68	54	0	13	80	10	77	0.003	25.8
olaTTNIg100_195	olaTTNIg46_189	25	52	39	0	30	81	28	79	0.003	25.8
olaTTNIg100_195	olaTTNIg35_193	16.901	71	59	0	14	84	12	82	0.005	25
olaTTNIg100_195	olaTTNIg112_198	21.569	51	40	0	36	86	38	88	0.006	24.6
olaTTNIg100_195	olaTTNIg18_389	23.81	42	32	0	37	78	34	75	0.006	24.6
olaTTNIg100_195	olaTTNIg53_190	22.414	58	42	1	20	77	22	76	0.007	24.6
olaTTNIg100_195	olaTTNIg50_192	20.548	73	57	1	9	81	7	78	0.008	24.3
olaTTNIg100_195	olaTTNIg113_197	16.438	73	58	1	17	86	15	87	0.015	23.9
olaTTNIg100_195	olaTTNIg61_188	15.73	89	66	1	1	89	8	87	0.018	23.5
olaTTNIg100_195	olaTTNIg41_196	24.074	54	40	1	29	81	27	80	0.028	23.1
olaTTNIg100_195	olaTTNIg42_192	20.833	48	38	0	31	78	32	79	0.029	22.7
olaTTNIg100_195	olaTTNIg8_195	21.818	55	43	0	29	83	28	82	0.032	22.7
olaTTNIg100_195	olaTTNnewIg_1104	18.269	104	74	2	1	94	1	103	0.04	22.7
olaTTNIg100_195	olaTTNIg52_188	25.532	47	35	0	30	76	27	73	0.041	22.3
olaTTNIg100_195	olaTTNIg45_192	34.615	26	17	0	61	86	59	84	0.044	22.3
olaTTNIg100_195	olaTTNIg17_290	21.429	42	33	0	37	78	36	77	0.049	22.3
olaTTNIg100_195	olaTTNIg56_189	26.531	49	36	0	30	78	27	75	0.054	21.9
olaTTNIg100_195	olaTTNIg29_192	17.808	73	60	0	9	81	6	78	0.057	21.9
olaTTNIg100_195	olaTTNIg11_191	20	50	40	0	29	78	27	76	0.07	21.9
olaTTNIg100_195	olaTTNIg31_193	18.033	61	50	0	23	83	21	81	0.13	21.2
olaTTNIg100_195	olaTTNIg9_193	20	55	43	1	29	83	26	79	0.14	21.2
olaTTNIg100_195	olaTTNIg9_193	27.273	22	16	0	33	54	1	22	8.4	15.8
olaTTNIg100_195	olaTTNIg110_194	19.444	72	54	2	13	81	10	80	0.19	20.8
olaTTNIg100_195	olaTTNIg47_188	22.449	49	38	0	30	78	28	76	0.9	18.9
olaTTNIg100_195	olaTTNIg14_188	18.033	61	50	0	18	78	16	76	1.4	18.1
olaTTNIg101_195	olaTTNIg101_195	100	95	0	0	1	95	1	95	2.12e-69	194
olaTTNIg101_195	olaTTNIg66_196	41.489	94	55	0	1	94	2	95	1.00e-19	68.6
olaTTNIg101_195	olaTTNIg90_195	34.737	95	61	1	1	95	2	95	5.37e-18	63.9
olaTTNIg101_195	olaTTNIg105_194	34.375	96	60	2	1	95	1	94	9.32e-18	63.2
olaTTNIg101_195	olaTTNIg98_196	31.579	95	64	1	1	94	1	95	8.32e-17	60.8
olaTTNIg101_195	olaTTNIg86_197	36.471	85	53	1	1	84	2	86	4.53e-16	59.3
olaTTNIg101_195	olaTTNIg87_194	32.632	95	63	1	1	95	1	94	9.52e-16	58.2
olaTTNIg101_195	olaTTNIg94_193	36.782	87	54	1	9	94	6	92	3.00e-15	57
olaTTNIg101_195	olaTTNIg93_194	34.737	95	61	1	1	95	1	94	3.00e-15	57
olaTTNIg101_195	olaTTNIg84_195	32.632	95	63	1	1	95	2	95	3.51e-14	54.3
olaTTNIg101_195	olaTTNIg102_195	30.526	95	65	1	1	95	2	95	4.41e-14	53.9
olaTTNIg101_195	olaTTNIg73_197	33.333	96	63	1	1	95	2	97	6.74e-14	53.5
olaTTNIg101_195	olaTTNIg79_197	34.94	83	46	2	15	92	15	94	8.55e-14	53.1
olaTTNIg101_195	olaTTNIg69_194	31.579	95	62	2	1	94	1	93	1.13e-13	52.8
olaTTNIg101_195	olaTTNIg77_197	31.579	95	64	1	1	94	2	96	1.26e-13	52.8
olaTTNIg101_195	olaTTNIg95_197	37.349	83	51	1	1	82	2	84	1.60e-13	52.8
olaTTNIg101_195	olaTTNIg72_197	31.579	95	64	1	1	94	2	96	3.06e-13	52
olaTTNIg101_195	olaTTNIg81_193	32.632	95	62	1	1	95	1	93	3.29e-13	51.6
olaTTNIg101_195	olaTTNIg63_197	31.579	95	64	1	1	94	2	96	6.72e-13	50.8
olaTTNIg101_195	olaTTNIg80_196	38.542	96	53	3	3	94	2	95	6.79e-13	50.8
olaTTNIg101_195	olaTTNIg82_196	30	80	55	1	16	94	16	95	1.73e-12	50.1
olaTTNIg101_195	olaTTNIg75_195	31.579	95	65	0	1	95	1	95	1.85e-12	49.7
olaTTNIg101_195	olaTTNIg88_193	31.395	86	58	1	10	94	7	92	1.93e-12	49.7
olaTTNIg101_195	olaTTNIg107_194	31.522	92	62	1	1	92	1	91	2.06e-12	49.7
olaTTNIg101_195	olaTTNIg3_195	32.99	97	55	4	6	94	1	95	2.70e-12	49.3
olaTTNIg101_195	olaTTNIg89_196	26.316	95	69	1	1	94	1	95	6.05e-12	48.5
olaTTNIg101_195	olaTTNIg91_193	34.375	96	57	3	1	94	1	92	6.67e-12	48.5
olaTTNIg101_195	olaTTNIg78_196	28.125	96	68	1	1	95	1	96	6.89e-12	48.5
olaTTNIg101_195	olaTTNIg76_192	27.059	85	61	1	11	94	7	91	8.28e-12	48.1
olaTTNIg101_195	olaTTNIg104_198	35.632	87	53	2	11	95	13	98	1.51e-11	47.4
olaTTNIg101_195	olaTTNIg74_196	35.955	89	53	3	10	94	7	95	1.66e-11	47.4
olaTTNIg101_195	olaTTNIg83_195	32.099	81	54	1	15	94	14	94	5.15e-11	46.2
olaTTNIg101_195	olaTTNnewIg_1104	29.808	104	63	2	1	94	1	104	6.23e-11	46.2
olaTTNIg101_195	olaTTNIg99_197	36.145	83	51	2	15	95	15	97	6.86e-11	45.8
olaTTNIg101_195	olaTTNIg70_195	27.368	95	66	2	1	94	2	94	1.19e-10	45.1
olaTTNIg101_195	olaTTNIg40_194	35.294	85	52	2	13	94	10	94	1.26e-10	45.1
olaTTNIg101_195	olaTTNIg92_196	30.526	95	65	1	1	94	1	95	6.66e-10	43.1
olaTTNIg101_195	olaTTNIg1_196	26.923	78	52	2	18	90	16	93	9.71e-09	40
olaTTNIg101_195	olaTTNIg64_193	32.895	76	50	1	18	92	15	90	1.24e-08	40
olaTTNIg101_195	olaTTNIg96_194	30.526	95	65	1	1	95	1	94	1.53e-08	39.7
olaTTNIg101_195	olaTTNIg97_197	31.646	79	53	1	15	92	16	94	3.08e-08	38.9
olaTTNIg101_195	olaTTNIg117_196	32.558	86	51	3	14	95	12	94	3.86e-08	38.5
olaTTNIg101_195	olaTTNIg25_194	28.378	74	51	1	11	82	9	82	5.30e-08	38.1
olaTTNIg101_195	olaTTNIg106_196	32.632	95	59	2	1	92	1	93	1.07e-07	37.4
olaTTNIg101_195	olaTTNIg71_194	27.273	77	55	1	18	94	18	93	1.11e-07	37.4
olaTTNIg101_195	olaTTNIg110_194	30.38	79	52	2	8	83	5	83	1.38e-07	37.4
olaTTNIg101_195	olaTTNIg108_193	26.761	71	51	1	13	82	10	80	2.37e-07	36.6
olaTTNIg101_195	olaTTNIg39_194	26.316	95	67	2	1	94	2	94	2.41e-07	36.6
olaTTNIg101_195	olaTTNIg103_196	25.926	81	59	1	13	92	13	93	4.22e-07	35.8
olaTTNIg101_195	olaTTNIg21_195	25.287	87	62	2	9	92	7	93	4.57e-07	35.8
olaTTNIg101_195	olaTTNIg2_194	28.723	94	55	4	7	91	2	92	5.67e-07	35.4
olaTTNIg101_195	olaTTNIg38_193	23.864	88	66	1	8	94	6	93	5.76e-07	35.4
olaTTNIg101_195	olaTTNIg100_195	23.529	85	63	2	8	90	7	91	9.97e-07	35
olaTTNIg101_195	olaTTNIg36_194	28.395	81	57	1	15	94	14	94	1.29e-06	34.7
olaTTNIg101_195	olaTTNIg113_197	30.435	69	44	1	18	82	16	84	1.91e-06	34.3
olaTTNIg101_195	olaTTNIg115_194	27.536	69	49	1	15	82	13	81	2.18e-06	33.9
olaTTNIg101_195	olaTTNIg9_193	26.506	83	61	0	11	93	8	90	4.12e-06	33.1
olaTTNIg101_195	olaTTNIg114_192	24.176	91	53	3	13	95	10	92	4.41e-06	33.1
olaTTNIg101_195	olaTTNIg7_195	25.843	89	63	1	8	93	5	93	5.69e-06	33.1
olaTTNIg101_195	olaTTNIg33_195	30.682	88	60	1	8	94	6	93	6.32e-06	32.7
olaTTNIg101_195	olaTTNIg67_1104	26.667	90	58	1	13	94	14	103	7.23e-06	32.7
olaTTNIg101_195	olaTTNIg30_194	27.5	80	57	1	16	94	15	94	8.17e-06	32.3
olaTTNIg101_195	olaTTNIg111_1101	22.989	87	65	1	11	95	15	101	1.17e-05	32.3
olaTTNIg101_195	olaTTNIg62_195	25.581	86	62	1	9	92	8	93	1.21e-05	32
olaTTNIg101_195	olaTTNIg23_194	25.581	86	55	2	13	93	10	91	3.70e-05	30.8
olaTTNIg101_195	olaTTNIg6_195	24.675	77	56	1	18	92	15	91	5.74e-05	30.4
olaTTNIg101_195	olaTTNIg68_199	23.81	105	58	3	1	92	1	96	5.98e-05	30.4
olaTTNIg101_195	olaTTNIg10_194	20.93	86	58	2	14	93	12	93	7.05e-05	30
olaTTNIg101_195	olaTTNIg109_193	24	100	62	4	1	94	1	92	8.21e-05	29.6
olaTTNIg101_195	olaTTNIg85_194	25	88	61	2	10	94	8	93	9.62e-05	29.6
olaTTNIg101_195	olaTTNIg5_198	26.761	71	48	2	15	82	13	82	1.74e-04	28.9
olaTTNIg101_195	olaTTNIg52_188	32	50	33	1	29	77	26	75	5.43e-04	27.7
olaTTNIg101_195	olaTTNIg116_195	21.053	76	59	1	11	85	9	84	6.01e-04	27.3
olaTTNIg101_195	olaTTNIg32_194	26.667	90	58	2	10	94	8	94	6.45e-04	27.3
olaTTNIg101_195	olaTTNIg34_193	25	76	56	1	20	94	18	93	6.79e-04	27.3
olaTTNIg101_195	olaTTNIg47_188	42.105	38	20	2	3	39	1	37	0.002	26.2
olaTTNIg101_195	olaTTNIg49_187	28.947	76	47	4	19	93	17	86	0.002	26.2
olaTTNIg101_195	olaTTNIg24_194	20.225	89	60	3	13	94	10	94	0.002	25.8
olaTTNIg101_195	olaTTNIg8_195	26.374	91	55	2	5	94	15	94	0.003	25.8
olaTTNIg101_195	olaTTNIg55_190	34.783	46	28	2	1	46	2	45	0.003	25.4
olaTTNIg101_195	olaTTNIg4_195	39.286	28	17	0	18	45	16	43	0.005	25
olaTTNIg101_195	olaTTNIg41_196	27.586	58	40	2	27	82	25	82	0.019	23.5
olaTTNIg101_195	olaTTNIg35_193	27.397	73	52	1	11	82	9	81	0.035	22.7
olaTTNIg101_195	olaTTNIg26_192	28	75	42	3	15	82	10	79	0.043	22.3
olaTTNIg101_195	olaTTNIg26_192	60	10	4	0	9	18	33	42	4.3	16.9
olaTTNIg101_195	olaTTNIg58_193	30.769	52	33	2	33	82	30	80	0.083	21.6
olaTTNIg101_195	olaTTNIg37_193	19.767	86	68	1	10	94	8	93	0.15	20.8
olaTTNIg101_195	olaTTNIg17_290	28.571	49	34	1	27	74	26	74	0.18	20.8
olaTTNIg101_195	olaTTNIg51_488	50	10	5	0	35	44	29	38	0.24	20.4
olaTTNIg101_195	olaTTNIg43_297	50	12	6	0	35	46	33	44	0.29	20
olaTTNIg101_195	olaTTNIg61_188	40	20	12	0	42	61	3	22	0.7	18.9
olaTTNIg101_195	olaTTNIg12_189	32	25	17	0	51	75	50	74	0.86	18.9
olaTTNIg101_195	olaTTNIg59_189	28.846	52	34	2	25	74	22	72	1.1	18.5
olaTTNIg101_195	olaTTNIg29_192	37.5	24	15	0	71	94	69	92	1.2	18.5
olaTTNIg101_195	olaTTNIg42_192	23.913	46	34	1	31	75	32	77	1.6	18.1
olaTTNIg101_195	olaTTNIg56_189	50	12	6	0	33	44	30	41	1.9	17.7
olaTTNIg102_195	olaTTNIg102_195	100	95	0	0	1	95	1	95	1.81e-71	199
olaTTNIg102_195	olaTTNIg87_194	43.617	94	53	0	2	95	1	94	3.73e-27	87
olaTTNIg102_195	olaTTNIg90_195	42.105	95	55	0	1	95	1	95	8.70e-27	86.3
olaTTNIg102_195	olaTTNIg84_195	41.053	95	56	0	1	95	1	95	3.46e-25	82.4
olaTTNIg102_195	olaTTNIg81_193	39.362	94	56	1	2	95	1	93	4.66e-24	79.3
olaTTNIg102_195	olaTTNIg93_194	34.043	94	62	0	2	95	1	94	1.35e-23	78.2
olaTTNIg102_195	olaTTNIg96_194	35.106	94	61	0	2	95	1	94	3.09e-22	74.7
olaTTNIg102_195	olaTTNIg107_194	31.522	92	63	0	2	93	1	92	1.66e-19	67.8
olaTTNIg102_195	olaTTNIg71_194	34.409	93	61	0	2	94	1	93	2.87e-19	67
olaTTNIg102_195	olaTTNIg78_196	37.755	98	55	2	2	95	1	96	3.44e-19	67
olaTTNIg102_195	olaTTNIg99_197	40.625	96	54	2	3	95	2	97	5.75e-19	66.6
olaTTNIg102_195	olaTTNIg69_194	33.333	93	62	0	2	94	1	93	3.14e-18	64.7
olaTTNIg102_195	olaTTNIg75_195	33.684	95	62	1	2	95	1	95	1.15e-17	63.2
olaTTNIg102_195	olaTTNIg95_197	31.25	96	64	1	1	94	1	96	2.47e-17	62.4
olaTTNIg102_195	olaTTNIg89_196	33.684	95	61	1	2	94	1	95	2.52e-17	62.4
olaTTNIg102_195	olaTTNIg72_197	29.167	96	66	1	1	94	1	96	2.53e-17	62.4
olaTTNIg102_195	olaTTNIg77_197	34.375	96	61	1	1	94	1	96	4.44e-17	61.6
olaTTNIg102_195	olaTTNIg66_196	40	95	56	1	1	94	1	95	4.94e-17	61.6
olaTTNIg102_195	olaTTNIg105_194	34.043	94	62	0	2	95	1	94	6.11e-17	61.2
olaTTNIg102_195	olaTTNIg73_197	31.959	97	64	1	1	95	1	97	4.78e-16	58.9
olaTTNIg102_195	olaTTNIg98_196	33.333	96	60	2	2	94	1	95	7.53e-16	58.5
olaTTNIg102_195	olaTTNIg82_196	33.684	95	61	1	2	94	1	95	4.04e-15	56.6
olaTTNIg102_195	olaTTNIg104_198	33.673	98	62	2	1	95	1	98	5.49e-15	56.2
olaTTNIg102_195	olaTTNIg86_197	31.25	96	64	1	1	94	1	96	7.50e-15	55.8
olaTTNIg102_195	olaTTNIg64_193	32.979	94	58	2	2	93	1	91	4.12e-14	53.9
olaTTNIg102_195	olaTTNIg101_195	30.526	95	65	1	2	95	1	95	4.41e-14	53.9
olaTTNIg102_195	olaTTNIg79_197	32.323	99	56	2	2	93	1	95	5.98e-14	53.5
olaTTNIg102_195	olaTTNIg70_195	31.25	96	62	2	1	94	1	94	9.00e-14	53.1
olaTTNIg102_195	olaTTNIg103_196	32.258	93	59	2	2	92	1	91	1.25e-13	52.8
olaTTNIg102_195	olaTTNIg83_195	33.684	95	60	3	2	94	1	94	1.61e-13	52.4
olaTTNIg102_195	olaTTNIg92_196	32.632	95	62	1	2	94	1	95	4.22e-13	51.6
olaTTNIg102_195	olaTTNIg100_195	27.174	92	64	2	2	90	1	92	8.82e-12	48.1
olaTTNIg102_195	olaTTNIg63_197	27.083	96	68	1	1	94	1	96	1.49e-11	47.4
olaTTNIg102_195	olaTTNIg76_192	26.437	87	60	2	9	91	4	90	6.00e-11	45.8
olaTTNIg102_195	olaTTNIg74_196	31.325	83	53	1	16	94	13	95	1.08e-10	45.4
olaTTNIg102_195	olaTTNIg106_196	29.787	94	62	2	2	93	1	92	1.10e-10	45.4
olaTTNIg102_195	olaTTNIg80_196	29.787	94	63	2	4	94	2	95	6.05e-10	43.5
olaTTNIg102_195	olaTTNnewIg_1104	25	104	67	2	2	94	1	104	1.08e-09	42.7
olaTTNIg102_195	olaTTNIg109_193	28.571	91	62	2	7	94	2	92	1.49e-09	42.4
olaTTNIg102_195	olaTTNIg94_193	27.059	85	60	1	12	94	8	92	2.84e-09	41.6
olaTTNIg102_195	olaTTNIg97_197	29.474	95	63	2	2	93	2	95	5.33e-09	40.8
olaTTNIg102_195	olaTTNIg88_193	27.66	94	61	3	5	94	2	92	1.70e-08	39.7
olaTTNIg102_195	olaTTNIg116_195	26.437	87	62	1	8	92	5	91	5.56e-08	38.1
olaTTNIg102_195	olaTTNIg91_193	25	92	66	2	5	94	2	92	5.85e-08	38.1
olaTTNIg102_195	olaTTNIg67_1104	24.272	103	68	2	2	94	1	103	2.34e-07	36.6
olaTTNIg102_195	olaTTNIg62_195	29.851	67	44	1	22	85	20	86	2.96e-07	36.2
olaTTNIg102_195	olaTTNIg85_194	21.795	78	59	1	19	94	16	93	4.59e-07	35.8
olaTTNIg102_195	olaTTNIg1_196	21.25	80	59	1	12	87	9	88	1.90e-06	34.3
olaTTNIg102_195	olaTTNIg46_189	31.579	57	37	1	34	88	31	87	2.12e-06	33.9
olaTTNIg102_195	olaTTNIg40_194	32.836	67	43	1	19	83	15	81	4.79e-06	33.1
olaTTNIg102_195	olaTTNIg111_1101	24	100	71	3	1	95	2	101	5.35e-06	33.1
olaTTNIg102_195	olaTTNIg33_195	30.38	79	53	1	18	94	15	93	6.66e-06	32.7
olaTTNIg102_195	olaTTNIg68_199	27.907	86	53	2	17	93	12	97	8.77e-06	32.3
olaTTNIg102_195	olaTTNIg35_193	29.487	78	53	1	19	94	16	93	1.57e-05	31.6
olaTTNIg102_195	olaTTNIg117_196	29.412	68	46	1	30	95	27	94	1.84e-05	31.6
olaTTNIg102_195	olaTTNIg36_194	28	75	52	2	10	82	8	82	2.01e-05	31.6
olaTTNIg102_195	olaTTNIg108_193	29.412	68	46	1	17	82	13	80	2.85e-05	31.2
olaTTNIg102_195	olaTTNIg30_194	26.667	75	53	1	15	87	13	87	4.33e-05	30.4
olaTTNIg102_195	olaTTNIg3_195	25.373	67	48	1	19	83	16	82	4.43e-05	30.4
olaTTNIg102_195	olaTTNIg5_198	27.907	86	56	4	1	83	1	83	8.56e-05	30
olaTTNIg102_195	olaTTNIg2_194	27.027	74	50	2	12	82	9	81	1.16e-04	29.3
olaTTNIg102_195	olaTTNIg7_195	25.316	79	48	2	16	94	12	79	1.40e-04	29.3
olaTTNIg102_195	olaTTNIg15_187	28.333	60	33	1	28	87	36	85	2.97e-04	28.1
olaTTNIg102_195	olaTTNIg4_195	28.049	82	43	2	16	87	13	88	5.37e-04	27.7
olaTTNIg102_195	olaTTNIg39_194	31.25	64	41	2	31	92	30	92	6.01e-04	27.3
olaTTNIg102_195	olaTTNIg6_195	20.779	77	58	1	19	92	15	91	0.001	26.9
olaTTNIg102_195	olaTTNIg38_193	22.368	76	57	1	19	92	16	91	0.002	26.2
olaTTNIg102_195	olaTTNIg25_194	26.389	72	50	1	19	87	16	87	0.002	25.8
olaTTNIg102_195	olaTTNIg110_194	25.862	58	39	1	30	83	26	83	0.003	25.4
olaTTNIg102_195	olaTTNIg110_194	41.176	17	10	0	7	23	69	85	0.81	18.9
olaTTNIg102_195	olaTTNIg10_194	24.324	74	47	3	21	85	12	85	0.004	25
olaTTNIg102_195	olaTTNIg37_193	23.377	77	58	1	10	85	8	84	0.006	25
olaTTNIg102_195	olaTTNIg41_196	26.786	56	38	1	30	82	27	82	0.006	24.6
olaTTNIg102_195	olaTTNIg41_196	38.095	21	13	0	36	56	75	95	4.6	16.5
olaTTNIg102_195	olaTTNIg59_189	28.814	59	40	1	30	86	26	84	0.007	24.6
olaTTNIg102_195	olaTTNIg57_188	27.083	48	27	1	50	89	40	87	0.007	24.6
olaTTNIg102_195	olaTTNIg8_195	27.273	66	44	2	30	91	28	93	0.008	24.6
olaTTNIg102_195	olaTTNIg19_391	36.364	55	27	4	23	74	23	72	0.008	24.3
olaTTNIg102_195	olaTTNIg45_192	32.258	31	21	0	59	89	58	88	0.014	23.9
olaTTNIg102_195	olaTTNIg114_192	25.316	79	54	2	17	92	13	89	0.015	23.9
olaTTNIg102_195	olaTTNIg12_189	32.143	28	19	0	59	86	58	85	0.041	22.3
olaTTNIg102_195	olaTTNIg29_192	30.769	39	27	0	56	94	54	92	0.048	22.3
olaTTNIg102_195	olaTTNIg27_192	27.083	48	33	1	38	83	34	81	0.049	22.3
olaTTNIg102_195	olaTTNIg47_188	22.642	53	27	2	33	77	30	76	0.12	21.2
olaTTNIg102_195	olaTTNIg42_192	30.435	46	30	1	32	75	32	77	0.12	21.2
olaTTNIg102_195	olaTTNIg44_197	28.302	53	36	1	37	87	39	91	0.13	21.2
olaTTNIg102_195	olaTTNIg113_197	22.078	77	55	1	14	85	11	87	0.14	21.2
olaTTNIg102_195	olaTTNIg31_193	26.667	75	53	1	19	91	16	90	0.16	20.8
olaTTNIg102_195	olaTTNIg23_194	23.611	72	53	1	16	85	12	83	0.18	20.8
olaTTNIg102_195	olaTTNIg11_191	27.66	47	32	1	30	74	27	73	0.22	20.4
olaTTNIg102_195	olaTTNIg54_189	26.829	41	28	1	38	76	35	75	0.23	20.4
olaTTNIg102_195	olaTTNIg43_297	25.581	43	30	1	35	75	32	74	0.26	20.4
olaTTNIg102_195	olaTTNIg20_187	28.205	39	26	1	38	74	34	72	1	18.5
olaTTNIg102_195	olaTTNIg21_195	24.39	41	28	1	1	41	1	38	1.4	18.1
olaTTNIg102_195	olaTTNIg22_193	22.917	48	35	1	37	82	33	80	2.1	17.7
olaTTNIg102_195	olaTTNIg18_389	18.966	58	44	2	19	74	16	72	4.2	16.9
olaTTNIg103_196	olaTTNIg103_196	100	96	0	0	1	96	1	96	3.09e-70	196
olaTTNIg103_196	olaTTNIg100_195	33.684	95	63	0	1	95	1	95	9.83e-20	68.6
olaTTNIg103_196	olaTTNIg89_196	34.375	96	63	0	1	96	1	96	2.68e-19	67.4
olaTTNIg103_196	olaTTNIg79_197	32.99	97	64	1	1	96	1	97	3.69e-19	67
olaTTNIg103_196	olaTTNIg78_196	35.484	93	60	0	1	93	1	93	4.06e-19	67
olaTTNIg103_196	olaTTNIg87_194	34.409	93	59	1	1	93	1	91	2.04e-18	65.1
olaTTNIg103_196	olaTTNIg97_197	32.609	92	61	1	1	91	2	93	5.65e-17	61.6
olaTTNIg103_196	olaTTNIg94_193	37.838	74	46	0	13	86	10	83	1.41e-16	60.5
olaTTNIg103_196	olaTTNIg106_196	31.25	96	66	0	1	96	1	96	3.13e-16	59.7
olaTTNIg103_196	olaTTNIg96_194	34.409	93	59	1	1	93	1	91	6.81e-16	58.5
olaTTNIg103_196	olaTTNIg64_193	29.213	89	63	0	7	95	4	92	2.01e-15	57.4
olaTTNIg103_196	olaTTNIg91_193	41.429	70	41	0	17	86	14	83	3.46e-15	56.6
olaTTNIg103_196	olaTTNIg86_197	36	75	48	0	11	85	12	86	6.24e-15	56.2
olaTTNIg103_196	olaTTNIg81_193	37.634	93	55	1	1	93	1	90	7.22e-15	55.8
olaTTNIg103_196	olaTTNIg88_193	40.299	67	40	0	19	85	16	82	8.50e-15	55.8
olaTTNIg103_196	olaTTNIg84_195	40.244	82	44	2	12	93	16	92	2.12e-14	54.7
olaTTNIg103_196	olaTTNIg83_195	26.087	92	68	0	5	96	4	95	3.92e-14	54.3
olaTTNIg103_196	olaTTNIg95_197	32.895	76	51	0	11	86	12	87	8.01e-14	53.5
olaTTNIg103_196	olaTTNIg102_195	32.258	93	59	2	1	91	2	92	1.26e-13	52.8
olaTTNIg103_196	olaTTNIg90_195	31.183	93	62	1	1	93	2	92	1.32e-13	52.8
olaTTNIg103_196	olaTTNIg93_194	32.258	93	61	1	1	93	1	91	1.86e-13	52.4
olaTTNIg103_196	olaTTNIg82_196	26.19	84	62	0	1	84	1	84	2.49e-13	52
olaTTNIg103_196	olaTTNIg104_198	29.787	94	65	1	1	93	2	95	3.03e-13	52
olaTTNIg103_196	olaTTNIg77_197	26.882	93	68	0	1	93	2	94	4.05e-13	51.6
olaTTNIg103_196	olaTTNIg105_194	31.183	93	62	1	1	93	1	91	7.72e-13	50.8
olaTTNIg103_196	olaTTNIg74_196	29.885	87	59	1	12	96	10	96	1.09e-12	50.4
olaTTNIg103_196	olaTTNIg62_195	35.106	94	59	2	1	93	1	93	2.64e-12	49.3
olaTTNIg103_196	olaTTNIg92_196	29.167	96	68	0	1	96	1	96	2.97e-12	49.3
olaTTNIg103_196	olaTTNIg85_194	29.577	71	50	0	13	83	11	81	4.72e-12	48.9
olaTTNIg103_196	olaTTNIg70_195	36.232	69	44	0	28	96	27	95	4.88e-12	48.9
olaTTNIg103_196	olaTTNIg63_197	27.16	81	59	0	13	93	14	94	1.09e-11	47.8
olaTTNIg103_196	olaTTNIg66_196	25.806	93	68	1	1	93	2	93	1.58e-11	47.4
olaTTNIg103_196	olaTTNIg75_195	33.333	96	57	2	1	93	1	92	4.15e-11	46.2
olaTTNIg103_196	olaTTNIg107_194	29.167	96	66	1	1	96	1	94	4.15e-11	46.2
olaTTNIg103_196	olaTTNIg3_195	29.851	67	47	0	18	84	16	82	4.98e-11	46.2
olaTTNIg103_196	olaTTNIg73_197	27.16	81	59	0	13	93	14	94	1.10e-10	45.4
olaTTNIg103_196	olaTTNIg67_1104	30.769	91	56	2	13	96	14	104	1.16e-10	45.4
olaTTNIg103_196	olaTTNIg98_196	22.917	96	74	0	1	96	1	96	2.14e-10	44.7
olaTTNIg103_196	olaTTNIg99_197	29.487	78	54	1	17	93	17	94	2.38e-10	44.3
olaTTNIg103_196	olaTTNIg69_194	30.233	86	58	1	1	86	1	84	3.22e-10	43.9
olaTTNIg103_196	olaTTNIg72_197	27.16	81	59	0	13	93	14	94	4.47e-10	43.9
olaTTNIg103_196	olaTTNIg76_192	24.286	70	53	0	14	83	10	79	1.58e-09	42.4
olaTTNIg103_196	olaTTNIg71_194	29.114	79	54	1	18	96	18	94	5.30e-09	40.8
olaTTNIg103_196	olaTTNIg109_193	31.343	67	45	1	18	83	14	80	1.11e-08	40
olaTTNIg103_196	olaTTNnewIg_1104	26.214	103	65	2	1	93	1	102	1.85e-08	39.7
olaTTNIg103_196	olaTTNIg6_195	27.711	83	59	1	15	96	12	94	2.66e-08	39.3
olaTTNIg103_196	olaTTNIg116_195	26.19	84	60	1	11	92	9	92	3.82e-08	38.5
olaTTNIg103_196	olaTTNIg39_194	26.829	82	60	0	13	94	12	93	1.12e-07	37.4
olaTTNIg103_196	olaTTNIg111_1101	28.205	78	55	1	18	94	22	99	1.82e-07	37
olaTTNIg103_196	olaTTNIg101_195	25.926	81	59	1	13	93	13	92	4.27e-07	35.8
olaTTNIg103_196	olaTTNIg33_195	23.958	96	71	1	1	96	1	94	1.46e-06	34.7
olaTTNIg103_196	olaTTNIg68_199	23.404	94	65	1	10	96	6	99	1.62e-06	34.7
olaTTNIg103_196	olaTTNIg40_194	24.359	78	59	0	7	84	4	81	1.81e-06	34.3
olaTTNIg103_196	olaTTNIg5_198	28.571	77	52	2	8	83	8	82	4.23e-06	33.5
olaTTNIg103_196	olaTTNIg2_194	27.059	85	62	0	11	95	9	93	5.40e-06	33.1
olaTTNIg103_196	olaTTNIg38_193	20.988	81	64	0	14	94	12	92	1.36e-05	32
olaTTNIg103_196	olaTTNIg42_192	27.027	74	53	1	1	74	3	75	2.46e-05	31.2
olaTTNIg103_196	olaTTNIg24_194	21.739	69	54	0	18	86	15	83	2.75e-05	31.2
olaTTNIg103_196	olaTTNIg117_196	18.987	79	64	0	16	94	14	92	3.90e-05	30.8
olaTTNIg103_196	olaTTNIg34_193	21.918	73	57	0	13	85	11	83	4.11e-05	30.8
olaTTNIg103_196	olaTTNIg30_194	20.29	69	55	0	18	86	17	85	4.77e-05	30.4
olaTTNIg103_196	olaTTNIg108_193	23.944	71	54	0	13	83	10	80	5.00e-05	30.4
olaTTNIg103_196	olaTTNIg1_196	23.077	78	58	1	11	86	9	86	5.21e-05	30.4
olaTTNIg103_196	olaTTNIg41_196	29.231	65	43	2	20	83	20	82	6.40e-05	30
olaTTNIg103_196	olaTTNIg31_193	27.692	65	47	0	22	86	20	84	7.05e-05	30
olaTTNIg103_196	olaTTNIg10_194	25.862	58	42	1	27	83	25	82	1.31e-04	29.3
olaTTNIg103_196	olaTTNIg4_195	25	68	49	1	18	83	16	83	1.37e-04	29.3
olaTTNIg103_196	olaTTNIg21_195	24.658	73	55	0	14	86	12	84	1.47e-04	29.3
olaTTNIg103_196	olaTTNIg114_192	23.171	82	60	2	13	93	10	89	1.50e-04	29.3
olaTTNIg103_196	olaTTNIg23_194	22.619	84	65	0	13	96	10	93	2.44e-04	28.5
olaTTNIg103_196	olaTTNIg29_192	25.424	59	44	0	35	93	32	90	2.61e-04	28.5
olaTTNIg103_196	olaTTNIg27_192	21.519	79	62	0	16	94	13	91	4.06e-04	28.1
olaTTNIg103_196	olaTTNIg115_194	20.29	69	55	0	27	95	25	93	5.32e-04	27.7
olaTTNIg103_196	olaTTNIg14_188	22.368	76	59	0	14	89	12	87	0.001	26.9
olaTTNIg103_196	olaTTNIg36_194	19.118	68	55	0	16	83	15	82	0.001	26.9
olaTTNIg103_196	olaTTNIg36_194	31.325	83	39	6	32	96	1	83	3.9	16.9
olaTTNIg103_196	olaTTNIg35_193	25.758	66	49	0	18	83	16	81	0.001	26.6
olaTTNIg103_196	olaTTNIg22_193	20.482	83	65	1	11	93	9	90	0.001	26.6
olaTTNIg103_196	olaTTNIg53_190	23.529	68	51	1	13	80	13	79	0.002	25.8
olaTTNIg103_196	olaTTNIg15_187	21.519	79	57	2	15	93	13	86	0.003	25.8
olaTTNIg103_196	olaTTNIg9_193	39.13	23	14	0	27	49	24	46	0.006	25
olaTTNIg103_196	olaTTNIg7_195	30.137	73	37	2	29	93	26	92	0.006	25
olaTTNIg103_196	olaTTNIg18_389	25.806	62	45	1	13	74	11	71	0.01	24.3
olaTTNIg103_196	olaTTNIg46_189	25.455	55	41	0	30	84	28	82	0.016	23.5
olaTTNIg103_196	olaTTNIg112_198	20.312	64	51	0	32	95	34	97	0.02	23.5
olaTTNIg103_196	olaTTNIg25_194	20.896	67	51	2	18	83	17	82	0.11	21.2
olaTTNIg103_196	olaTTNIg110_194	24.286	70	49	2	27	93	24	92	0.14	21.2
olaTTNIg103_196	olaTTNIg59_189	21.739	46	36	0	29	74	26	71	0.2	20.4
olaTTNIg103_196	olaTTNIg20_187	26.829	41	30	0	34	74	31	71	0.25	20.4
olaTTNIg103_196	olaTTNIg57_188	22.222	45	35	0	30	74	27	71	0.25	20.4
olaTTNIg103_196	olaTTNIg43_297	20.312	64	50	1	11	74	10	72	0.33	20
olaTTNIg103_196	olaTTNIg113_197	21.918	73	54	1	14	83	12	84	0.43	19.6
olaTTNIg103_196	olaTTNIg13_189	23.077	39	30	0	36	74	33	71	1.1	18.5
olaTTNIg103_196	olaTTNIg19_391	20.513	39	31	0	36	74	33	71	1.2	18.5
olaTTNIg103_196	olaTTNIg52_188	25	40	30	0	35	74	32	71	1.8	17.7
olaTTNIg103_196	olaTTNIg8_195	21.538	65	51	0	8	72	7	71	3.5	16.9
olaTTNIg103_196	olaTTNIg56_189	20.339	59	47	0	30	88	27	85	4.7	16.5
olaTTNIg103_196	olaTTNIg44_197	30.769	26	17	1	56	81	60	84	6.1	16.5
olaTTNIg103_196	olaTTNIg80_196	32.258	31	14	2	71	96	40	68	9.9	15.8
olaTTNIg104_198	olaTTNIg104_198	100	98	0	0	1	98	1	98	3.66e-73	203
olaTTNIg104_198	olaTTNIg95_197	36.082	97	61	1	1	97	1	96	1.12e-20	70.9
olaTTNIg104_198	olaTTNIg72_197	37.113	97	60	1	1	97	1	96	1.97e-20	70.5
olaTTNIg104_198	olaTTNIg84_195	40.816	98	55	2	1	98	1	95	3.89e-19	67
olaTTNIg104_198	olaTTNIg93_194	40.206	97	55	2	2	98	1	94	3.38e-18	64.7
olaTTNIg104_198	olaTTNIg63_197	37.113	97	60	1	1	97	1	96	5.21e-18	64.3
olaTTNIg104_198	olaTTNIg83_195	33.333	96	62	1	2	97	1	94	9.31e-18	63.5
olaTTNIg104_198	olaTTNIg80_196	35.484	93	58	2	6	97	4	95	1.87e-17	62.8
olaTTNIg104_198	olaTTNIg75_195	39.175	97	57	2	2	98	1	95	5.90e-17	61.6
olaTTNIg104_198	olaTTNIg77_197	31.731	104	56	3	1	97	1	96	7.86e-17	61.2
olaTTNIg104_198	olaTTNIg81_193	37.113	97	57	2	2	98	1	93	1.76e-16	60.1
olaTTNIg104_198	olaTTNIg90_195	36.735	98	59	2	1	98	1	95	1.90e-16	60.1
olaTTNIg104_198	olaTTNIg94_193	36.471	85	54	0	13	97	8	92	2.18e-16	60.1
olaTTNIg104_198	olaTTNIg78_196	30.928	97	66	1	2	98	1	96	5.35e-16	58.9
olaTTNIg104_198	olaTTNIg82_196	32.941	85	57	0	13	97	11	95	6.71e-16	58.9
olaTTNIg104_198	olaTTNIg66_196	36.082	97	60	2	1	97	1	95	6.93e-16	58.9
olaTTNIg104_198	olaTTNIg89_196	35.417	96	61	1	2	97	1	95	7.09e-16	58.5
olaTTNIg104_198	olaTTNIg86_197	37.113	97	60	1	1	97	1	96	1.78e-15	57.8
olaTTNIg104_198	olaTTNIg99_197	36.082	97	60	2	4	98	1	97	4.47e-15	56.6
olaTTNIg104_198	olaTTNIg102_195	33.673	98	62	2	1	98	1	95	5.66e-15	56.2
olaTTNIg104_198	olaTTNIg69_194	33.333	96	61	2	2	97	1	93	1.12e-14	55.5
olaTTNIg104_198	olaTTNIg91_193	37.209	86	52	2	13	97	8	92	1.36e-14	55.5
olaTTNIg104_198	olaTTNIg105_194	35.227	88	55	1	11	98	9	94	2.07e-14	55.1
olaTTNIg104_198	olaTTNIg73_197	33.673	98	64	1	1	98	1	97	3.61e-14	54.3
olaTTNIg104_198	olaTTNIg92_196	35.417	96	61	1	2	97	1	95	9.94e-14	53.1
olaTTNIg104_198	olaTTNIg87_194	35.227	88	55	1	11	98	9	94	1.26e-13	52.8
olaTTNIg104_198	olaTTNIg103_196	29.787	94	65	1	2	95	1	93	3.09e-13	52
olaTTNIg104_198	olaTTNIg100_195	31.579	95	64	1	2	96	1	94	2.55e-12	49.7
olaTTNIg104_198	olaTTNIg71_194	30.208	96	64	2	2	97	1	93	3.64e-12	49.3
olaTTNIg104_198	olaTTNIg70_195	26.804	97	68	1	1	97	1	94	4.52e-12	48.9
olaTTNIg104_198	olaTTNIg98_196	28.235	85	61	0	13	97	11	95	4.67e-12	48.9
olaTTNIg104_198	olaTTNIg85_194	30	90	63	0	8	97	4	93	9.09e-12	48.1
olaTTNIg104_198	olaTTNIg97_197	33.784	74	49	0	13	86	12	85	1.41e-11	47.8
olaTTNIg104_198	olaTTNIg101_195	35.632	87	53	2	13	98	11	95	1.56e-11	47.4
olaTTNIg104_198	olaTTNIg64_193	33.333	87	58	0	10	96	5	91	1.81e-11	47.4
olaTTNIg104_198	olaTTNIg74_196	31.461	89	59	1	11	97	7	95	2.36e-11	47
olaTTNIg104_198	olaTTNIg79_197	29.268	82	57	1	16	96	14	95	3.83e-11	46.6
olaTTNIg104_198	olaTTNIg106_196	32.143	84	57	0	13	96	11	94	4.41e-11	46.2
olaTTNIg104_198	olaTTNIg88_193	29.07	86	59	1	12	97	9	92	1.48e-10	45.1
olaTTNIg104_198	olaTTNIg109_193	30.682	88	60	1	11	97	5	92	1.71e-10	44.7
olaTTNIg104_198	olaTTNIg76_192	25	88	66	0	10	97	4	91	2.54e-10	44.3
olaTTNIg104_198	olaTTNIg107_194	30.526	95	63	2	2	96	1	92	2.70e-10	44.3
olaTTNIg104_198	olaTTNIg96_194	27.381	84	59	1	15	98	13	94	3.49e-10	43.9
olaTTNIg104_198	olaTTNnewIg_1104	30.337	89	53	2	18	97	16	104	8.75e-10	43.1
olaTTNIg104_198	olaTTNIg39_194	26.19	84	62	0	12	95	9	92	1.32e-09	42.4
olaTTNIg104_198	olaTTNIg33_195	27.381	84	61	0	14	97	10	93	5.97e-09	40.8
olaTTNIg104_198	olaTTNIg3_195	24.286	70	53	0	17	86	13	82	2.56e-08	39.3
olaTTNIg104_198	olaTTNIg28_194	25.581	86	63	1	13	97	9	94	1.66e-07	37
olaTTNIg104_198	olaTTNIg34_193	30.667	75	52	0	21	95	17	91	3.38e-07	36.2
olaTTNIg104_198	olaTTNIg68_199	26.882	93	61	1	11	96	5	97	6.64e-07	35.4
olaTTNIg104_198	olaTTNIg67_1104	29.032	93	59	1	12	97	11	103	6.66e-07	35.8
olaTTNIg104_198	olaTTNIg62_195	29.333	75	52	1	23	96	20	94	1.46e-06	34.7
olaTTNIg104_198	olaTTNIg111_1101	26.471	102	69	3	1	98	2	101	1.69e-06	34.7
olaTTNIg104_198	olaTTNIg10_194	22.892	83	61	2	9	90	7	87	1.38e-05	32
olaTTNIg104_198	olaTTNIg36_194	22.353	85	66	0	11	95	8	92	1.63e-05	32
olaTTNIg104_198	olaTTNIg116_195	22.078	77	60	0	13	89	9	85	1.76e-05	31.6
olaTTNIg104_198	olaTTNIg117_196	23.81	84	60	2	17	98	13	94	2.02e-05	31.6
olaTTNIg104_198	olaTTNIg115_194	21.212	66	52	0	20	85	16	81	2.11e-05	31.6
olaTTNIg104_198	olaTTNIg4_195	25	76	55	1	20	93	16	91	2.37e-05	31.2
olaTTNIg104_198	olaTTNIg113_197	23.232	99	69	3	1	96	1	95	3.40e-05	30.8
olaTTNIg104_198	olaTTNIg108_193	25.352	71	53	0	15	85	10	80	4.04e-05	30.8
olaTTNIg104_198	olaTTNIg50_192	32.653	49	32	1	35	82	29	77	4.24e-05	30.8
olaTTNIg104_198	olaTTNIg38_193	25	68	51	0	20	87	16	83	4.68e-05	30.4
olaTTNIg104_198	olaTTNIg24_194	20.988	81	64	0	15	95	10	90	6.33e-05	30
olaTTNIg104_198	olaTTNIg40_194	27.711	83	58	1	15	95	10	92	9.67e-05	29.6
olaTTNIg104_198	olaTTNIg30_194	23.171	82	63	0	8	89	5	86	1.18e-04	29.6
olaTTNIg104_198	olaTTNIg21_195	36.957	46	25	2	1	46	1	42	2.94e-04	28.5
olaTTNIg104_198	olaTTNIg57_188	25.424	59	40	1	39	97	34	88	4.33e-04	27.7
olaTTNIg104_198	olaTTNIg47_188	28.333	60	41	1	35	94	31	88	5.49e-04	27.7
olaTTNIg104_198	olaTTNIg1_196	23.529	85	61	2	13	93	9	93	8.97e-04	26.9
olaTTNIg104_198	olaTTNIg60_187	31.579	38	26	0	39	76	34	71	0.001	26.9
olaTTNIg104_198	olaTTNIg31_193	28.169	71	51	0	24	94	20	90	0.001	26.9
olaTTNIg104_198	olaTTNIg112_198	33.333	51	34	0	39	89	39	89	0.001	26.9
olaTTNIg104_198	olaTTNIg42_192	29.545	44	31	0	33	76	32	75	0.001	26.6
olaTTNIg104_198	olaTTNIg9_193	31.915	47	32	0	10	56	5	51	0.002	26.6
olaTTNIg104_198	olaTTNIg5_198	22.535	71	54	1	17	86	13	83	0.002	26.6
olaTTNIg104_198	olaTTNIg59_189	28	50	36	0	31	80	26	75	0.003	25.8
olaTTNIg104_198	olaTTNIg6_195	19.231	78	60	2	20	95	15	91	0.003	25.4
olaTTNIg104_198	olaTTNIg41_196	26.667	60	43	1	27	85	23	82	0.007	24.6
olaTTNIg104_198	olaTTNIg46_189	27.083	48	35	0	35	82	31	78	0.007	24.6
olaTTNIg104_198	olaTTNIg25_194	28.169	71	37	4	13	83	9	65	0.009	24.3
olaTTNIg104_198	olaTTNIg17_290	26.786	56	39	1	39	94	36	89	0.015	23.9
olaTTNIg104_198	olaTTNIg29_192	41.667	24	14	0	72	95	67	90	0.019	23.5
olaTTNIg104_198	olaTTNIg56_189	28.889	45	32	0	32	76	27	71	0.02	23.5
olaTTNIg104_198	olaTTNIg110_194	23.457	81	60	2	17	95	12	92	0.02	23.5
olaTTNIg104_198	olaTTNIg7_195	25.806	93	65	2	5	95	2	92	0.027	23.1
olaTTNIg104_198	olaTTNIg22_193	18.824	85	68	1	13	97	9	92	0.03	23.1
olaTTNIg104_198	olaTTNIg12_189	25	52	39	0	29	80	25	76	0.036	22.7
olaTTNIg104_198	olaTTNIg35_193	24.658	73	55	0	13	85	9	81	0.038	22.7
olaTTNIg104_198	olaTTNIg23_194	21.348	89	68	1	9	95	2	90	0.053	22.3
olaTTNIg104_198	olaTTNIg13_189	19.643	56	45	0	39	94	34	89	0.057	21.9
olaTTNIg104_198	olaTTNIg54_189	22.222	90	67	1	2	91	1	87	0.063	21.9
olaTTNIg104_198	olaTTNIg27_192	19.753	81	65	0	17	97	12	92	0.063	21.9
olaTTNIg104_198	olaTTNIg58_193	23.188	69	52	1	17	85	13	80	0.1	21.6
olaTTNIg104_198	olaTTNIg55_190	24.39	82	59	2	1	82	1	79	0.17	20.8
olaTTNIg104_198	olaTTNIg19_391	20	40	32	0	39	78	34	73	0.2	20.4
olaTTNIg104_198	olaTTNIg43_297	30	20	14	0	66	85	47	66	0.37	20
olaTTNIg104_198	olaTTNIg43_297	25.581	43	32	0	39	81	35	77	1.2	18.5
olaTTNIg104_198	olaTTNIg26_192	26.531	49	32	1	48	96	46	90	0.43	19.6
olaTTNIg104_198	olaTTNIg18_389	26.19	42	31	0	39	80	34	75	0.63	19.2
olaTTNIg104_198	olaTTNIg15_187	18.75	64	48	1	32	95	27	86	0.84	18.9
olaTTNIg104_198	olaTTNIg16_189	20.339	59	47	0	33	91	29	87	1.7	18.1
olaTTNIg104_198	olaTTNIg45_192	33.333	33	21	1	65	97	61	92	2.4	17.7
olaTTNIg104_198	olaTTNIg11_191	21.538	65	50	1	31	94	27	91	2.6	17.3
olaTTNIg104_198	olaTTNIg52_188	32.558	43	14	2	39	81	34	61	3.7	16.9
olaTTNIg104_198	olaTTNIg44_197	45.455	11	6	0	72	82	73	83	4.8	16.5
olaTTNIg104_198	olaTTNIg20_187	18.182	44	36	0	33	76	28	71	5	16.5
olaTTNIg105_194	olaTTNIg105_194	100	94	0	0	1	94	1	94	6.87e-70	195
olaTTNIg105_194	olaTTNIg93_194	44.681	94	52	0	1	94	1	94	6.24e-30	94.4
olaTTNIg105_194	olaTTNIg87_194	43.617	94	53	0	1	94	1	94	2.64e-29	92.8
olaTTNIg105_194	olaTTNIg84_195	42.553	94	54	0	1	94	2	95	3.34e-27	87.4
olaTTNIg105_194	olaTTNIg78_196	39.583	96	56	1	1	94	1	96	1.43e-25	83.2
olaTTNIg105_194	olaTTNIg90_195	41.489	94	55	0	1	94	2	95	8.61e-25	81.3
olaTTNIg105_194	olaTTNIg96_194	39.362	94	57	0	1	94	1	94	1.22e-23	78.2
olaTTNIg105_194	olaTTNIg81_193	41.489	94	54	1	1	94	1	93	2.72e-23	77.4
olaTTNIg105_194	olaTTNIg82_196	35.789	95	59	1	1	93	1	95	1.30e-19	68.2
olaTTNIg105_194	olaTTNIg75_195	36.842	95	59	1	1	94	1	95	2.64e-18	64.7
olaTTNIg105_194	olaTTNIg101_195	34.375	96	60	2	1	94	1	95	9.22e-18	63.2
olaTTNIg105_194	olaTTNIg69_194	35.484	93	60	0	1	93	1	93	1.06e-17	63.2
olaTTNIg105_194	olaTTNIg66_196	35.106	94	60	1	1	93	2	95	2.11e-17	62.4
olaTTNIg105_194	olaTTNIg107_194	32.967	91	61	0	1	91	1	91	4.70e-17	61.6
olaTTNIg105_194	olaTTNIg102_195	34.043	94	62	0	1	94	2	95	6.04e-17	61.2
olaTTNIg105_194	olaTTNIg97_197	34.409	93	59	1	1	91	2	94	8.04e-16	58.5
olaTTNIg105_194	olaTTNIg79_197	36.17	94	57	2	1	91	1	94	9.77e-16	58.2
olaTTNIg105_194	olaTTNIg95_197	35.714	84	52	1	1	82	2	85	5.71e-15	56.2
olaTTNIg105_194	olaTTNIg104_198	35.227	88	55	1	9	94	11	98	1.99e-14	55.1
olaTTNIg105_194	olaTTNIg77_197	31.579	95	63	1	1	93	2	96	1.12e-13	53.1
olaTTNIg105_194	olaTTNIg83_195	37.778	90	52	3	7	93	6	94	2.07e-13	52.4
olaTTNIg105_194	olaTTNIg94_193	32.632	95	59	2	1	93	1	92	2.92e-13	51.6
olaTTNIg105_194	olaTTNIg73_197	29.167	96	66	1	1	94	2	97	3.09e-13	52
olaTTNIg105_194	olaTTNIg103_196	31.183	93	62	1	1	91	1	93	7.56e-13	50.8
olaTTNIg105_194	olaTTNIg71_194	31.183	93	64	0	1	93	1	93	1.34e-12	50.1
olaTTNIg105_194	olaTTNIg76_192	29.885	87	59	1	9	93	5	91	4.53e-12	48.5
olaTTNIg105_194	olaTTNIg99_197	34.94	83	51	2	15	94	15	97	5.21e-12	48.5
olaTTNIg105_194	olaTTNIg67_1104	34.066	91	51	2	12	93	13	103	6.49e-12	48.5
olaTTNIg105_194	olaTTNIg74_196	29.213	89	59	1	9	93	7	95	6.96e-12	48.1
olaTTNIg105_194	olaTTNIg72_197	28.421	95	66	1	1	93	2	96	8.45e-12	48.1
olaTTNIg105_194	olaTTNIg98_196	26.316	95	68	1	1	93	1	95	1.06e-11	47.8
olaTTNIg105_194	olaTTNIg80_196	36.364	88	45	3	13	93	12	95	2.20e-11	47
olaTTNIg105_194	olaTTNIg100_195	28.571	91	63	1	1	89	1	91	2.43e-11	47
olaTTNIg105_194	olaTTNIg86_197	27.381	84	59	1	1	82	2	85	3.93e-11	46.6
olaTTNIg105_194	olaTTNIg116_195	26.506	83	59	1	11	91	9	91	5.38e-11	45.8
olaTTNIg105_194	olaTTNIg70_195	30.526	95	62	2	1	93	2	94	1.40e-10	45.1
olaTTNIg105_194	olaTTNIg63_197	28.421	95	66	1	1	93	2	96	1.71e-10	44.7
olaTTNIg105_194	olaTTNIg109_193	32.292	96	58	3	1	93	1	92	2.56e-10	44.3
olaTTNIg105_194	olaTTNIg92_196	31.579	95	63	1	1	93	1	95	2.66e-10	44.3
olaTTNIg105_194	olaTTNIg6_195	29.885	87	57	2	9	91	5	91	2.69e-10	44.3
olaTTNIg105_194	olaTTNIg89_196	27.368	95	67	1	1	93	1	95	4.49e-10	43.5
olaTTNIg105_194	olaTTNIg88_193	34.211	76	48	1	20	93	17	92	2.20e-09	42
olaTTNIg105_194	olaTTNnewIg_1104	31.068	103	56	4	2	93	6	104	4.64e-09	41.2
olaTTNIg105_194	olaTTNIg68_199	29	100	58	3	1	91	1	96	1.07e-08	40
olaTTNIg105_194	olaTTNIg64_193	30.435	92	57	2	2	91	4	90	1.49e-08	39.7
olaTTNIg105_194	olaTTNIg91_193	28.571	84	58	1	12	93	9	92	1.75e-08	39.3
olaTTNIg105_194	olaTTNIg115_194	32.836	67	43	1	18	82	16	82	5.85e-08	38.1
olaTTNIg105_194	olaTTNIg4_195	34.667	75	45	1	15	85	13	87	6.08e-08	38.1
olaTTNIg105_194	olaTTNIg3_195	26.25	80	55	2	18	93	16	95	6.69e-08	38.1
olaTTNIg105_194	olaTTNIg113_197	37.143	70	37	2	18	81	16	84	8.93e-08	37.7
olaTTNIg105_194	olaTTNIg111_1101	29.545	88	59	2	10	94	14	101	1.78e-07	37
olaTTNIg105_194	olaTTNIg2_194	23.81	84	60	2	11	90	9	92	3.09e-07	36.2
olaTTNIg105_194	olaTTNIg10_194	26.744	86	58	2	9	91	9	92	6.33e-07	35.4
olaTTNIg105_194	olaTTNIg85_194	26.437	87	62	1	9	93	7	93	2.77e-06	33.9
olaTTNIg105_194	olaTTNIg114_192	31.646	79	49	2	16	91	13	89	5.53e-06	32.7
olaTTNIg105_194	olaTTNIg106_196	27.027	74	52	1	10	81	10	83	7.31e-06	32.7
olaTTNIg105_194	olaTTNIg9_193	26.19	84	61	1	9	91	6	89	8.72e-06	32.3
olaTTNIg105_194	olaTTNIg33_195	30.952	84	56	1	12	93	10	93	1.05e-05	32.3
olaTTNIg105_194	olaTTNIg1_196	24.719	89	60	3	7	89	6	93	1.62e-05	31.6
olaTTNIg105_194	olaTTNIg41_196	34.286	70	43	1	19	85	17	86	1.87e-05	31.6
olaTTNIg105_194	olaTTNIg117_196	26.582	79	56	1	18	94	16	94	2.14e-05	31.6
olaTTNIg105_194	olaTTNIg5_198	28.571	84	54	3	1	81	2	82	2.49e-05	31.2
olaTTNIg105_194	olaTTNIg34_193	29.333	75	49	2	20	90	18	92	3.39e-05	30.8
olaTTNIg105_194	olaTTNIg21_195	30	80	50	3	17	91	15	93	3.90e-05	30.8
olaTTNIg105_194	olaTTNIg7_195	25.581	86	58	2	11	91	8	92	3.90e-05	30.8
olaTTNIg105_194	olaTTNIg23_194	24.691	81	59	1	13	91	10	90	4.32e-05	30.4
olaTTNIg105_194	olaTTNIg40_194	22.989	87	63	2	11	93	8	94	5.04e-05	30.4
olaTTNIg105_194	olaTTNIg36_194	21.053	95	71	2	1	93	2	94	6.89e-05	30
olaTTNIg105_194	olaTTNIg62_195	32.432	74	47	2	21	91	20	93	1.07e-04	29.6
olaTTNIg105_194	olaTTNIg25_194	26.471	68	47	1	18	82	16	83	4.55e-04	27.7
olaTTNIg105_194	olaTTNIg20_187	28.814	59	38	2	34	90	31	87	0.002	26.2
olaTTNIg105_194	olaTTNIg108_193	28.125	64	44	1	23	84	20	83	0.002	26.2
olaTTNIg105_194	olaTTNIg39_194	18.987	79	62	1	17	93	16	94	0.002	26.2
olaTTNIg105_194	olaTTNIg27_192	22.222	81	61	1	15	93	12	92	0.002	25.8
olaTTNIg105_194	olaTTNIg48_188	29.032	31	21	1	15	45	13	42	0.003	25.8
olaTTNIg105_194	olaTTNIg110_194	25	60	41	1	26	81	23	82	0.004	25.4
olaTTNIg105_194	olaTTNIg35_193	29.851	67	45	1	18	82	16	82	0.007	24.6
olaTTNIg105_194	olaTTNIg24_194	19.101	89	56	3	13	91	10	92	0.019	23.5
olaTTNIg105_194	olaTTNIg47_188	28.571	70	36	3	22	91	21	76	0.02	23.1
olaTTNIg105_194	olaTTNIg44_197	32.857	70	39	5	18	83	22	87	0.031	22.7
olaTTNIg105_194	olaTTNIg18_389	30.159	63	37	3	18	76	16	75	0.071	21.6
olaTTNIg105_194	olaTTNIg22_193	39.13	23	14	0	59	81	58	80	0.099	21.6
olaTTNIg105_194	olaTTNIg59_189	31.034	58	37	2	20	75	18	74	0.1	21.2
olaTTNIg105_194	olaTTNIg59_189	28.571	49	31	1	38	86	26	70	1.5	18.1
olaTTNIg105_194	olaTTNIg32_194	28	25	18	0	69	93	70	94	0.14	21.2
olaTTNIg105_194	olaTTNIg50_192	26.154	65	43	3	22	82	20	83	0.29	20
olaTTNIg105_194	olaTTNIg12_189	43.75	16	9	0	58	73	58	73	0.98	18.5
olaTTNIg105_194	olaTTNIg46_189	27.083	48	33	1	33	78	31	78	1	18.5
olaTTNIg105_194	olaTTNIg56_189	30.233	43	28	1	33	73	30	72	1.2	18.5
olaTTNIg105_194	olaTTNIg43_297	38.889	18	11	0	59	76	59	76	2.1	17.7
olaTTNIg105_194	olaTTNIg58_193	30.769	26	18	0	58	83	57	82	2.2	17.7
olaTTNIg105_194	olaTTNIg45_192	46.667	15	8	0	59	73	59	73	2.6	17.3
olaTTNIg105_194	olaTTNIg61_188	45.455	11	6	0	68	78	68	78	4.3	16.5
olaTTNIg105_194	olaTTNIg19_391	45.455	11	6	0	65	75	64	74	5.5	16.5
olaTTNIg106_196	olaTTNIg106_196	100	96	0	0	1	96	1	96	3.05e-67	188
olaTTNIg106_196	olaTTNIg91_193	37.805	82	51	0	15	96	12	93	8.24e-19	65.9
olaTTNIg106_196	olaTTNIg82_196	34.409	93	61	0	1	93	1	93	1.23e-16	60.5
olaTTNIg106_196	olaTTNIg103_196	31.25	96	66	0	1	96	1	96	3.13e-16	59.7
olaTTNIg106_196	olaTTNIg89_196	26.744	86	63	0	11	96	11	96	3.75e-15	56.6
olaTTNIg106_196	olaTTNIg93_194	35.106	94	59	1	1	94	1	92	1.43e-14	55.1
olaTTNIg106_196	olaTTNIg87_194	31.915	94	62	1	1	94	1	92	8.90e-14	53.1
olaTTNIg106_196	olaTTNIg100_195	27.66	94	68	0	1	94	1	94	8.91e-14	53.1
olaTTNIg106_196	olaTTNIg76_192	27.273	77	56	0	17	93	13	89	1.06e-13	53.1
olaTTNIg106_196	olaTTNIg88_193	34.94	83	54	0	14	96	11	93	1.08e-13	53.1
olaTTNIg106_196	olaTTNIg95_197	34.146	82	54	0	15	96	16	97	1.12e-13	53.1
olaTTNIg106_196	olaTTNIg79_197	30.928	97	66	1	1	96	1	97	5.30e-13	51.2
olaTTNIg106_196	olaTTNIg99_197	37.681	69	43	0	15	83	15	83	5.59e-13	51.2
olaTTNIg106_196	olaTTNIg94_193	32.53	83	56	0	14	96	11	93	5.64e-13	51.2
olaTTNIg106_196	olaTTNIg84_195	32.979	94	61	1	1	94	2	93	8.79e-13	50.8
olaTTNIg106_196	olaTTNIg85_194	30.488	82	57	0	15	96	13	94	1.08e-12	50.4
olaTTNIg106_196	olaTTNIg63_197	37.5	80	50	0	17	96	18	97	1.75e-12	50.1
olaTTNIg106_196	olaTTNIg62_195	29.167	96	66	2	1	95	1	95	2.04e-12	49.7
olaTTNIg106_196	olaTTNIg98_196	28.125	96	69	0	1	96	1	96	2.97e-12	49.3
olaTTNIg106_196	olaTTNIg90_195	25.532	94	68	1	1	94	2	93	2.18e-11	47
olaTTNIg106_196	olaTTNIg104_198	32.143	84	57	0	11	94	13	96	4.32e-11	46.2
olaTTNIg106_196	olaTTNIg73_197	31.183	93	62	1	2	94	5	95	5.71e-11	46.2
olaTTNIg106_196	olaTTNIg80_196	34.94	83	53	1	13	94	12	94	7.09e-11	45.8
olaTTNIg106_196	olaTTNIg77_197	29.474	95	65	2	1	94	2	95	7.96e-11	45.8
olaTTNIg106_196	olaTTNIg102_195	29.787	94	62	2	1	92	2	93	1.11e-10	45.4
olaTTNIg106_196	olaTTNIg107_194	33.721	86	47	2	15	96	15	94	3.44e-10	43.9
olaTTNIg106_196	olaTTNIg78_196	28.571	84	60	0	1	84	1	84	4.93e-10	43.5
olaTTNIg106_196	olaTTNIg53_190	35.135	74	43	2	9	80	9	79	6.57e-10	43.1
olaTTNIg106_196	olaTTNIg3_195	20.482	83	66	0	11	93	9	91	7.90e-10	43.1
olaTTNIg106_196	olaTTNIg81_193	29.412	85	57	1	10	94	10	91	3.74e-09	41.2
olaTTNIg106_196	olaTTNIg83_195	24.138	87	66	0	10	96	9	95	8.45e-09	40.4
olaTTNIg106_196	olaTTNIg97_197	27.083	96	70	0	1	96	2	97	1.02e-08	40
olaTTNIg106_196	olaTTNIg108_193	28.788	66	47	0	18	83	15	80	1.16e-08	40
olaTTNIg106_196	olaTTNIg30_194	23.684	76	58	0	18	93	17	92	1.31e-08	40
olaTTNIg106_196	olaTTNIg74_196	23.596	89	66	1	10	96	8	96	1.66e-08	39.7
olaTTNIg106_196	olaTTNIg74_196	63.636	11	4	0	6	16	84	94	2.7	17.3
olaTTNIg106_196	olaTTNIg72_197	31.25	80	55	0	15	94	16	95	2.67e-08	39.3
olaTTNIg106_196	olaTTNIg6_195	30.882	68	44	2	18	83	15	81	4.78e-08	38.5
olaTTNIg106_196	olaTTNIg67_1104	27.473	91	59	2	13	96	14	104	6.66e-08	38.1
olaTTNIg106_196	olaTTNIg96_194	27.66	94	64	2	1	92	1	92	7.25e-08	38.1
olaTTNIg106_196	olaTTNIg75_195	28.421	95	65	2	1	94	1	93	1.07e-07	37.4
olaTTNIg106_196	olaTTNIg101_195	32.632	95	59	2	1	93	1	92	1.08e-07	37.4
olaTTNIg106_196	olaTTNIg9_193	26.19	84	61	1	13	96	10	92	1.11e-07	37.4
olaTTNIg106_196	olaTTNIg71_194	28.395	81	56	1	16	96	16	94	1.17e-07	37.4
olaTTNIg106_196	olaTTNIg57_188	28.571	77	53	2	2	78	1	75	2.09e-07	36.6
olaTTNIg106_196	olaTTNIg109_193	25	80	59	1	18	96	14	93	2.12e-07	36.6
olaTTNIg106_196	olaTTNIg46_189	33.333	48	32	0	33	80	31	78	2.18e-07	36.6
olaTTNIg106_196	olaTTNIg33_195	36.486	74	41	3	13	83	11	81	2.27e-07	36.6
olaTTNIg106_196	olaTTNIg64_193	26.596	94	66	2	1	94	1	91	2.59e-07	36.6
olaTTNIg106_196	olaTTNIg10_194	22.388	67	51	1	18	83	16	82	2.96e-07	36.2
olaTTNIg106_196	olaTTNIg39_194	21.25	80	63	0	4	83	3	82	3.66e-07	36.2
olaTTNIg106_196	olaTTNIg21_195	24.051	79	60	0	15	93	13	91	4.74e-07	35.8
olaTTNIg106_196	olaTTNIg66_196	25.532	94	69	1	1	94	2	94	6.82e-07	35.4
olaTTNIg106_196	olaTTNIg92_196	33.333	87	58	0	10	96	10	96	2.21e-06	33.9
olaTTNIg106_196	olaTTNIg23_194	21.429	84	66	0	13	96	10	93	2.22e-06	33.9
olaTTNIg106_196	olaTTNIg50_192	28.333	60	41	1	28	85	25	84	2.34e-06	33.9
olaTTNIg106_196	olaTTNIg86_197	27.536	69	50	0	15	83	16	84	4.98e-06	33.1
olaTTNIg106_196	olaTTNIg105_194	27.027	74	52	1	10	83	10	81	7.47e-06	32.7
olaTTNIg106_196	olaTTNIg111_1101	21.687	83	64	1	10	91	14	96	9.05e-06	32.3
olaTTNIg106_196	olaTTNIg38_193	21.429	70	55	0	14	83	12	81	1.01e-05	32.3
olaTTNIg106_196	olaTTNIg48_188	29.231	65	45	1	15	79	13	76	1.12e-05	32
olaTTNIg106_196	olaTTNIg59_189	25	48	36	0	28	75	25	72	1.13e-05	32
olaTTNIg106_196	olaTTNIg69_194	26.596	94	67	1	1	94	1	92	1.18e-05	32
olaTTNIg106_196	olaTTNIg115_194	21.429	70	55	0	18	87	16	85	1.99e-05	31.6
olaTTNIg106_196	olaTTNIg44_197	30	60	42	0	34	93	37	96	2.37e-05	31.2
olaTTNIg106_196	olaTTNIg116_195	29.333	75	52	1	9	83	8	81	2.38e-05	31.2
olaTTNIg106_196	olaTTNIg56_189	27.083	48	35	0	28	75	25	72	2.61e-05	31.2
olaTTNIg106_196	olaTTNIg2_194	20.253	79	63	0	15	93	13	91	3.28e-05	30.8
olaTTNIg106_196	olaTTNIg40_194	25	76	57	0	8	83	5	80	3.42e-05	30.8
olaTTNIg106_196	olaTTNIg12_189	26.923	52	38	0	27	78	25	76	6.67e-05	30
olaTTNIg106_196	olaTTNIg117_196	22.368	76	59	0	14	89	12	87	7.71e-05	30
olaTTNIg106_196	olaTTNIg54_189	25.926	81	56	2	1	80	1	78	8.27e-05	29.6
olaTTNIg106_196	olaTTNIg70_195	22.059	68	53	0	29	96	28	95	1.09e-04	29.6
olaTTNIg106_196	olaTTNIg51_488	31.25	80	52	2	9	86	4	82	1.11e-04	29.3
olaTTNIg106_196	olaTTNIg110_194	25.806	62	42	2	27	85	24	84	1.15e-04	29.6
olaTTNIg106_196	olaTTNIg24_194	21.127	71	56	0	13	83	10	80	1.18e-04	29.3
olaTTNIg106_196	olaTTNIg28_194	26.761	71	51	1	15	84	13	83	1.49e-04	29.3
olaTTNIg106_196	olaTTNIg22_193	23.077	78	59	1	9	86	7	83	2.04e-04	28.9
olaTTNIg106_196	olaTTNIg14_188	22.222	54	42	0	23	76	21	74	3.52e-04	28.1
olaTTNIg106_196	olaTTNIg13_189	31.707	41	28	0	36	76	33	73	3.57e-04	28.1
olaTTNIg106_196	olaTTNIg35_193	22.368	76	59	0	8	83	6	81	4.03e-04	28.1
olaTTNIg106_196	olaTTNIg16_189	22.222	54	42	0	28	81	26	79	5.31e-04	27.7
olaTTNIg106_196	olaTTNIg36_194	22.667	75	56	1	9	83	10	82	7.61e-04	27.3
olaTTNIg106_196	olaTTNIg20_187	25.641	39	29	0	37	75	34	72	0.001	26.9
olaTTNIg106_196	olaTTNIg5_198	25.61	82	57	3	4	83	3	82	0.001	26.9
olaTTNIg106_196	olaTTNIg1_196	20	90	70	1	9	96	7	96	0.001	26.9
olaTTNIg106_196	olaTTNIg4_195	25.641	78	54	2	12	86	10	86	0.001	26.6
olaTTNIg106_196	olaTTNIg55_190	22.727	88	64	3	1	86	2	87	0.001	26.6
olaTTNIg106_196	olaTTNIg18_389	26.866	67	47	2	9	75	8	72	0.001	26.6
olaTTNIg106_196	olaTTNIg15_187	26.316	76	47	2	1	76	7	73	0.002	26.2
olaTTNIg106_196	olaTTNIg19_391	24.39	41	31	0	36	76	33	73	0.002	25.8
olaTTNIg106_196	olaTTNIg31_193	24.324	74	56	0	13	86	11	84	0.003	25.8
olaTTNIg106_196	olaTTNnewIg_1104	26.829	41	30	0	1	41	1	41	0.003	25.8
olaTTNIg106_196	olaTTNIg68_199	23.377	77	52	2	27	96	23	99	0.003	25.4
olaTTNIg106_196	olaTTNIg60_187	27.451	51	35	1	37	85	34	84	0.004	25.4
olaTTNIg106_196	olaTTNIg29_192	25.641	78	58	0	9	86	6	83	0.004	25
olaTTNIg106_196	olaTTNIg42_192	25.532	47	35	0	28	74	29	75	0.005	25
olaTTNIg106_196	olaTTNIg47_188	21.739	46	36	0	33	78	31	76	0.006	24.6
olaTTNIg106_196	olaTTNIg113_197	24.638	69	49	2	18	83	16	84	0.013	23.9
olaTTNIg106_196	olaTTNIg34_193	17.333	75	62	0	9	83	7	81	0.014	23.9
olaTTNIg106_196	olaTTNIg61_188	27.273	44	32	0	37	80	35	78	0.016	23.5
olaTTNIg106_196	olaTTNIg43_297	18.75	64	49	1	13	76	14	74	0.14	21.2
olaTTNIg106_196	olaTTNIg45_192	34.783	23	15	0	56	78	54	76	0.16	20.8
olaTTNIg106_196	olaTTNIg112_198	17.241	58	48	0	36	93	38	95	0.83	18.9
olaTTNIg106_196	olaTTNIg8_195	21.212	66	41	1	21	86	20	74	0.84	18.9
olaTTNIg106_196	olaTTNIg58_193	30.435	23	16	0	61	83	58	80	2.6	17.3
olaTTNIg106_196	olaTTNIg26_192	25	32	24	0	34	65	46	77	8.1	16.2
olaTTNIg107_194	olaTTNIg107_194	100	94	0	0	1	94	1	94	1.52e-67	189
olaTTNIg107_194	olaTTNIg81_193	48.913	92	46	1	1	92	1	91	4.16e-27	87
olaTTNIg107_194	olaTTNIg96_194	36.957	92	58	0	1	92	1	92	1.13e-23	78.2
olaTTNIg107_194	olaTTNIg93_194	41.304	92	54	0	1	92	1	92	1.13e-23	78.2
olaTTNIg107_194	olaTTNIg84_195	40.217	92	55	0	1	92	2	93	1.93e-22	75.1
olaTTNIg107_194	olaTTNIg87_194	36.957	92	58	0	1	92	1	92	1.08e-20	70.9
olaTTNIg107_194	olaTTNIg102_195	31.522	92	63	0	1	92	2	93	1.65e-19	67.8
olaTTNIg107_194	olaTTNIg69_194	36.957	92	58	0	1	92	1	92	2.72e-18	64.7
olaTTNIg107_194	olaTTNIg90_195	34.783	92	60	0	1	92	2	93	8.36e-18	63.5
olaTTNIg107_194	olaTTNIg73_197	38.298	94	56	1	1	92	2	95	1.34e-17	63.2
olaTTNIg107_194	olaTTNIg98_196	34.375	96	61	1	1	94	1	96	1.98e-17	62.4
olaTTNIg107_194	olaTTNIg105_194	32.967	91	61	0	1	91	1	91	4.70e-17	61.6
olaTTNIg107_194	olaTTNIg79_197	36.047	86	52	2	12	94	12	97	6.01e-17	61.2
olaTTNIg107_194	olaTTNIg71_194	34.043	94	62	0	1	94	1	94	2.03e-16	60.1
olaTTNIg107_194	olaTTNIg74_196	36.17	94	56	1	5	94	3	96	4.92e-16	58.9
olaTTNIg107_194	olaTTNIg88_193	33.333	96	59	2	1	94	1	93	1.96e-15	57.4
olaTTNIg107_194	olaTTNIg66_196	33.333	93	61	1	1	92	2	94	3.25e-15	57
olaTTNIg107_194	olaTTNIg95_197	29.167	96	66	1	1	94	2	97	3.47e-15	57
olaTTNIg107_194	olaTTNIg75_195	35.484	93	59	1	1	92	1	93	3.86e-15	56.6
olaTTNIg107_194	olaTTNIg72_197	34.043	94	60	1	1	92	2	95	7.65e-15	55.8
olaTTNIg107_194	olaTTNIg78_196	31.915	94	62	1	1	92	1	94	1.15e-14	55.5
olaTTNIg107_194	olaTTNIg99_197	33.708	89	56	2	6	91	6	94	3.33e-14	54.3
olaTTNIg107_194	olaTTNIg76_192	35.526	76	47	1	16	89	12	87	1.32e-13	52.8
olaTTNIg107_194	olaTTNIg89_196	30.208	96	65	1	1	94	1	96	2.09e-13	52.4
olaTTNIg107_194	olaTTNIg83_195	35.632	87	54	1	10	94	9	95	5.77e-13	51.2
olaTTNIg107_194	olaTTNIg100_195	29.63	81	55	1	15	93	15	95	7.16e-13	50.8
olaTTNIg107_194	olaTTNIg62_195	33.333	93	58	2	5	93	3	95	9.08e-13	50.4
olaTTNIg107_194	olaTTNIg64_193	34.409	93	54	3	5	93	3	92	1.06e-12	50.4
olaTTNIg107_194	olaTTNIg101_195	31.522	92	62	1	1	91	1	92	2.04e-12	49.7
olaTTNIg107_194	olaTTNIg82_196	29.787	94	62	2	1	91	1	93	2.25e-12	49.7
olaTTNIg107_194	olaTTNIg116_195	33.75	80	51	1	14	91	12	91	3.77e-12	48.9
olaTTNIg107_194	olaTTNIg77_197	28.723	94	65	1	1	92	2	95	1.08e-11	47.8
olaTTNIg107_194	olaTTNIg63_197	30.928	97	63	2	1	94	2	97	1.96e-11	47.4
olaTTNIg107_194	olaTTNIg103_196	29.167	96	66	1	1	94	1	96	4.06e-11	46.2
olaTTNIg107_194	olaTTNIg94_193	26.136	88	63	1	9	94	6	93	4.21e-11	46.2
olaTTNIg107_194	olaTTNIg70_195	32.292	96	61	2	1	94	2	95	5.38e-11	45.8
olaTTNIg107_194	olaTTNIg80_196	36.264	91	55	2	5	92	4	94	9.09e-11	45.4
olaTTNIg107_194	olaTTNIg91_193	24.731	93	67	2	4	94	2	93	1.89e-10	44.7
olaTTNIg107_194	olaTTNIg104_198	30.526	95	63	2	1	92	2	96	2.59e-10	44.3
olaTTNIg107_194	olaTTNIg106_196	33.721	86	47	2	15	94	15	96	3.36e-10	43.9
olaTTNIg107_194	olaTTNIg92_196	33.333	96	62	1	1	94	1	96	5.33e-10	43.5
olaTTNIg107_194	olaTTNIg67_1104	29.032	93	57	1	11	94	12	104	9.51e-10	43.1
olaTTNIg107_194	olaTTNnewIg_1104	24.272	103	67	1	1	92	1	103	1.16e-09	42.7
olaTTNIg107_194	olaTTNIg85_194	25.581	86	62	1	11	94	9	94	1.63e-09	42
olaTTNIg107_194	olaTTNIg68_199	26.804	97	62	2	7	94	3	99	2.44e-09	42
olaTTNIg107_194	olaTTNIg111_1101	24.719	89	64	1	6	91	10	98	1.06e-08	40
olaTTNIg107_194	olaTTNIg97_197	23.958	96	71	1	1	94	2	97	1.53e-08	39.7
olaTTNIg107_194	olaTTNIg33_195	32.927	82	53	1	15	94	13	94	3.11e-08	38.9
olaTTNIg107_194	olaTTNIg86_197	29.885	87	55	2	1	83	2	86	3.33e-08	38.9
olaTTNIg107_194	olaTTNIg27_192	30.38	79	53	1	15	91	12	90	1.20e-07	37.4
olaTTNIg107_194	olaTTNIg2_194	30.488	82	55	1	14	93	12	93	1.26e-07	37.4
olaTTNIg107_194	olaTTNIg21_195	24.419	86	63	1	8	91	6	91	2.36e-07	36.6
olaTTNIg107_194	olaTTNIg10_194	29.167	72	48	1	18	86	16	87	2.93e-07	36.2
olaTTNIg107_194	olaTTNIg114_192	28.75	80	52	2	15	91	12	89	3.57e-07	36.2
olaTTNIg107_194	olaTTNIg115_194	30	70	47	1	15	82	13	82	6.96e-07	35.4
olaTTNIg107_194	olaTTNIg39_194	27.632	76	53	1	18	91	17	92	1.87e-06	34.3
olaTTNIg107_194	olaTTNIg3_195	30.38	79	53	2	15	91	13	91	1.17e-05	32
olaTTNIg107_194	olaTTNIg113_197	22.222	99	69	2	1	94	2	97	1.45e-05	32
olaTTNIg107_194	olaTTNIg110_194	29.63	81	53	2	15	91	12	92	1.52e-05	31.6
olaTTNIg107_194	olaTTNIg1_196	23.171	82	59	1	14	91	12	93	1.57e-05	31.6
olaTTNIg107_194	olaTTNIg117_196	24.051	79	58	1	15	91	13	91	1.69e-05	31.6
olaTTNIg107_194	olaTTNIg5_198	27.66	94	62	3	1	91	2	92	1.94e-05	31.6
olaTTNIg107_194	olaTTNIg36_194	26.437	87	62	1	7	91	6	92	2.44e-05	31.2
olaTTNIg107_194	olaTTNIg38_193	26.316	76	54	1	18	91	16	91	2.58e-05	31.2
olaTTNIg107_194	olaTTNIg7_195	25	92	64	2	4	91	2	92	2.66e-05	31.2
olaTTNIg107_194	olaTTNIg23_194	25.287	87	63	1	7	91	4	90	4.23e-05	30.4
olaTTNIg107_194	olaTTNIg40_194	24.731	93	65	2	1	91	1	90	1.18e-04	29.3
olaTTNIg107_194	olaTTNIg52_188	38.462	39	22	1	36	72	33	71	1.62e-04	28.9
olaTTNIg107_194	olaTTNIg25_194	24.39	82	59	2	15	93	13	94	2.17e-04	28.5
olaTTNIg107_194	olaTTNIg4_195	27.397	73	49	2	17	85	15	87	4.07e-04	28.1
olaTTNIg107_194	olaTTNIg24_194	21.127	71	52	2	18	85	15	84	0.002	26.2
olaTTNIg107_194	olaTTNIg37_193	23.636	55	42	0	37	91	37	91	0.004	25.4
olaTTNIg107_194	olaTTNIg108_193	24.691	81	59	1	8	86	5	85	0.012	23.9
olaTTNIg107_194	olaTTNIg28_194	29.412	34	24	0	59	92	60	93	0.013	23.9
olaTTNIg107_194	olaTTNIg59_189	32.609	46	29	1	29	72	26	71	0.018	23.5
olaTTNIg107_194	olaTTNIg41_196	32.308	65	40	3	11	72	10	73	0.027	23.1
olaTTNIg107_194	olaTTNIg16_189	31.746	63	39	2	29	89	27	87	0.037	22.3
olaTTNIg107_194	olaTTNIg35_193	25.714	70	50	1	15	82	13	82	0.046	22.3
olaTTNIg107_194	olaTTNIg26_192	27.869	61	41	2	37	94	32	92	0.1	21.2
olaTTNIg107_194	olaTTNIg46_189	23.529	51	37	1	30	78	28	78	0.12	21.2
olaTTNIg107_194	olaTTNIg32_194	23.611	72	52	2	18	86	16	87	0.12	21.2
olaTTNIg107_194	olaTTNIg29_192	22.807	57	42	1	37	91	34	90	0.13	21.2
olaTTNIg107_194	olaTTNIg44_197	31.111	45	29	1	37	79	40	84	0.25	20.4
olaTTNIg107_194	olaTTNIg34_193	31.579	38	26	0	54	91	54	91	0.26	20.4
olaTTNIg107_194	olaTTNIg9_193	20	75	46	1	15	89	12	72	0.44	19.6
olaTTNIg107_194	olaTTNIg60_187	26.667	45	31	1	36	78	33	77	0.46	19.6
olaTTNIg107_194	olaTTNIg20_187	26.23	61	34	2	23	72	11	71	0.57	19.2
olaTTNIg107_194	olaTTNIg17_290	27.586	58	36	2	36	91	35	88	0.86	18.9
olaTTNIg107_194	olaTTNIg18_389	28.571	28	20	0	45	72	44	71	0.9	18.5
olaTTNIg107_194	olaTTNIg43_297	21.538	65	46	3	34	94	32	95	1.5	18.1
olaTTNIg107_194	olaTTNIg56_189	31.25	32	21	1	59	90	58	88	1.6	18.1
olaTTNIg107_194	olaTTNIg49_187	28.571	56	36	3	37	90	33	86	1.7	17.7
olaTTNIg107_194	olaTTNIg47_188	24.59	61	40	3	33	90	31	88	2.8	17.3
olaTTNIg107_194	olaTTNIg14_188	25.424	59	42	1	18	74	16	74	2.8	17.3
olaTTNIg107_194	olaTTNIg57_188	32.353	34	19	1	59	92	58	87	3.7	16.9
olaTTNIg107_194	olaTTNIg8_195	25.424	59	41	2	25	81	25	82	5.2	16.5
olaTTNIg108_193	olaTTNIg108_193	100	93	0	0	1	93	1	93	1.38e-69	194
olaTTNIg108_193	olaTTNIg24_194	28.571	91	65	0	1	91	1	91	7.55e-16	58.5
olaTTNIg108_193	olaTTNIg23_194	31.522	92	63	0	1	92	1	92	7.80e-16	58.5
olaTTNIg108_193	olaTTNIg36_194	40.909	66	39	0	15	80	17	82	3.45e-15	56.6
olaTTNIg108_193	olaTTNIg34_193	33.696	92	60	1	1	91	2	93	2.17e-14	54.7
olaTTNIg108_193	olaTTNIg21_195	28.261	92	66	0	1	92	2	93	2.71e-14	54.3
olaTTNIg108_193	olaTTNIg3_195	27.957	93	67	0	1	93	2	94	3.18e-14	54.3
olaTTNIg108_193	olaTTNIg31_193	31.818	88	60	0	1	88	2	89	1.25e-13	52.8
olaTTNIg108_193	olaTTNIg1_196	31.579	95	61	3	1	92	2	95	2.05e-13	52.4
olaTTNIg108_193	olaTTNIg5_198	37.037	81	48	2	15	93	16	95	2.68e-13	52
olaTTNIg108_193	olaTTNIg33_195	31.765	85	57	1	10	93	11	95	3.15e-13	51.6
olaTTNIg108_193	olaTTNIg110_194	31.707	82	54	2	1	80	1	82	8.06e-13	50.8
olaTTNIg108_193	olaTTNIg6_195	31.25	80	52	2	15	92	15	93	8.42e-13	50.4
olaTTNIg108_193	olaTTNIg8_195	27.957	93	65	1	1	91	1	93	1.44e-12	50.1
olaTTNIg108_193	olaTTNIg11_191	36.066	61	38	1	18	78	20	79	1.46e-12	50.1
olaTTNIg108_193	olaTTNIg9_193	36.232	69	43	1	15	83	15	82	2.73e-12	49.3
olaTTNIg108_193	olaTTNIg44_197	34.177	79	49	2	14	91	21	97	6.96e-12	48.1
olaTTNIg108_193	olaTTNIg2_194	26.087	92	68	0	1	92	2	93	1.86e-11	47
olaTTNIg108_193	olaTTNIg22_193	29.67	91	63	1	1	91	2	91	3.95e-11	46.2
olaTTNIg108_193	olaTTNIg54_189	30.233	86	55	2	3	88	5	85	4.60e-11	45.8
olaTTNIg108_193	olaTTNIg35_193	29.87	77	54	0	15	91	16	92	5.22e-11	45.8
olaTTNIg108_193	olaTTNIg59_189	41.667	48	28	0	25	72	25	72	6.63e-11	45.4
olaTTNIg108_193	olaTTNIg27_192	28.889	90	64	0	1	90	1	90	6.84e-11	45.8
olaTTNIg108_193	olaTTNIg73_197	30.864	81	56	0	8	88	12	92	8.43e-11	45.4
olaTTNIg108_193	olaTTNIg40_194	26.25	80	59	0	1	80	1	80	1.98e-10	44.7
olaTTNIg108_193	olaTTNIg49_187	28.736	87	56	3	6	92	7	87	2.90e-10	43.9
olaTTNIg108_193	olaTTNIg14_188	28.235	85	57	2	7	91	8	88	3.30e-10	43.9
olaTTNIg108_193	olaTTNIg115_194	28.409	88	63	0	1	88	2	89	4.28e-10	43.5
olaTTNIg108_193	olaTTNIg47_188	31.148	61	42	0	25	85	26	86	5.89e-10	43.1
olaTTNIg108_193	olaTTNIg55_190	28.409	88	58	2	3	90	6	88	6.40e-10	43.1
olaTTNIg108_193	olaTTNIg18_389	37.143	70	43	1	3	72	4	72	8.59e-10	42.7
olaTTNIg108_193	olaTTNIg42_192	32.394	71	47	1	2	71	5	75	1.08e-09	42.4
olaTTNIg108_193	olaTTNIg98_196	28.947	76	54	0	7	82	10	85	1.31e-09	42.4
olaTTNIg108_193	olaTTNIg52_188	26.866	67	45	1	25	91	25	87	1.55e-09	42
olaTTNIg108_193	olaTTNIg17_290	31.944	72	49	0	3	74	5	76	1.60e-09	42
olaTTNIg108_193	olaTTNIg38_193	25.556	90	67	0	1	90	2	91	1.64e-09	42
olaTTNIg108_193	olaTTNIg89_196	28.571	84	57	3	10	91	13	95	2.17e-09	42
olaTTNIg108_193	olaTTNIg29_192	28.049	82	59	0	1	82	1	82	2.21e-09	41.6
olaTTNIg108_193	olaTTNIg72_197	28.947	76	54	0	5	80	9	84	2.33e-09	42
olaTTNIg108_193	olaTTNIg116_195	28.947	76	54	0	15	90	16	91	3.23e-09	41.2
olaTTNIg108_193	olaTTNIg60_187	42.857	42	24	0	32	73	32	73	5.04e-09	40.8
olaTTNIg108_193	olaTTNIg46_189	32.727	55	36	1	18	72	20	73	5.95e-09	40.4
olaTTNIg108_193	olaTTNIg19_391	36.364	55	34	1	18	72	19	72	6.63e-09	40.4
olaTTNIg108_193	olaTTNIg26_192	24.176	91	66	2	1	90	1	89	7.40e-09	40.4
olaTTNIg108_193	olaTTNIg106_196	28.788	66	47	0	15	80	18	83	1.12e-08	40
olaTTNIg108_193	olaTTNIg80_196	31.034	87	58	2	7	91	9	95	1.27e-08	39.7
olaTTNIg108_193	olaTTNIg30_194	26.374	91	64	2	1	88	2	92	1.31e-08	39.7
olaTTNIg108_193	olaTTNIg10_194	25.806	93	68	1	1	92	2	94	1.38e-08	39.7
olaTTNIg108_193	olaTTNIg32_194	26.882	93	65	2	1	91	2	93	1.90e-08	39.3
olaTTNIg108_193	olaTTNIg4_195	27.957	93	59	2	1	91	8	94	2.39e-08	39.3
olaTTNIg108_193	olaTTNIg88_193	25	84	63	0	1	84	1	84	2.60e-08	38.9
olaTTNIg108_193	olaTTNIg39_194	27.848	79	57	0	4	82	6	84	3.41e-08	38.5
olaTTNIg108_193	olaTTNIg91_193	20.652	92	72	1	1	91	1	92	3.57e-08	38.5
olaTTNIg108_193	olaTTNIg57_188	29.31	58	40	1	15	72	16	72	8.51e-08	37.4
olaTTNIg108_193	olaTTNIg43_297	24.719	89	65	2	3	90	5	92	8.63e-08	37.7
olaTTNIg108_193	olaTTNIg7_195	26.437	87	62	1	1	85	1	87	8.94e-08	37.7
olaTTNIg108_193	olaTTNIg113_197	27.711	83	57	1	11	90	12	94	1.33e-07	37.4
olaTTNIg108_193	olaTTNIg83_195	26.316	76	56	0	8	83	10	85	1.43e-07	37
olaTTNIg108_193	olaTTNIg79_197	31.081	74	50	1	12	84	15	88	1.46e-07	37
olaTTNIg108_193	olaTTNIg12_189	32.692	52	35	0	24	75	25	76	2.12e-07	36.6
olaTTNIg108_193	olaTTNIg28_194	23.81	84	63	1	1	83	2	85	2.16e-07	36.6
olaTTNIg108_193	olaTTNIg66_196	33.784	74	42	3	14	85	22	90	2.29e-07	36.6
olaTTNIg108_193	olaTTNIg101_195	26.761	71	51	1	10	80	13	82	2.32e-07	36.6
olaTTNIg108_193	olaTTNIg87_194	35	80	47	2	1	80	7	81	2.36e-07	36.6
olaTTNIg108_193	olaTTNIg61_188	35.556	45	29	0	31	75	32	76	3.54e-07	35.8
olaTTNIg108_193	olaTTNIg62_195	30.137	73	46	2	16	83	18	90	4.02e-07	35.8
olaTTNIg108_193	olaTTNIg70_195	23.75	80	59	1	8	87	10	87	4.47e-07	35.8
olaTTNIg108_193	olaTTNIg96_194	28.169	71	49	1	12	82	15	83	4.49e-07	35.8
olaTTNIg108_193	olaTTNIg41_196	29.412	68	47	1	18	84	19	86	4.64e-07	35.8
olaTTNIg108_193	olaTTNIg25_194	24.39	82	61	1	1	81	2	83	5.79e-07	35.4
olaTTNIg108_193	olaTTNIg56_189	30.909	55	37	1	20	74	21	74	7.55e-07	35
olaTTNIg108_193	olaTTNIg16_189	28.169	71	50	1	2	72	4	73	9.02e-07	34.7
olaTTNIg108_193	olaTTNIg15_187	27.451	51	37	0	25	75	25	75	1.02e-06	34.7
olaTTNIg108_193	olaTTNIg74_196	23.077	91	67	2	1	88	1	91	1.10e-06	34.7
olaTTNIg108_193	olaTTNIg63_197	25.641	78	58	0	5	82	9	86	1.20e-06	34.7
olaTTNIg108_193	olaTTNIg94_193	21.739	92	71	1	1	91	1	92	1.65e-06	34.3
olaTTNIg108_193	olaTTNIg85_194	22.826	92	70	1	1	91	2	93	2.61e-06	33.9
olaTTNIg108_193	olaTTNIg114_192	25	92	66	2	1	91	1	90	4.24e-06	33.1
olaTTNIg108_193	olaTTNIg20_187	24.719	89	62	2	3	91	4	87	4.26e-06	33.1
olaTTNIg108_193	olaTTNIg112_198	27.451	51	37	0	31	81	36	86	6.89e-06	32.7
olaTTNIg108_193	olaTTNIg82_196	24.324	74	56	0	10	83	13	86	9.45e-06	32.3
olaTTNIg108_193	olaTTNIg77_197	27.536	69	48	2	13	80	17	84	1.19e-05	32
olaTTNIg108_193	olaTTNIg45_192	25.882	85	58	3	9	91	11	92	1.57e-05	31.6
olaTTNIg108_193	olaTTNIg99_197	28.767	73	52	0	12	84	15	87	1.72e-05	31.6
olaTTNIg108_193	olaTTNIg75_195	27.778	72	51	1	10	81	13	83	2.02e-05	31.6
olaTTNIg108_193	olaTTNIg76_192	23.944	71	54	0	11	81	10	80	2.51e-05	31.2
olaTTNIg108_193	olaTTNIg102_195	29.412	68	46	1	13	80	17	82	2.79e-05	31.2
olaTTNIg108_193	olaTTNIg104_198	25.352	71	53	0	10	80	15	85	3.84e-05	30.8
olaTTNIg108_193	olaTTNIg58_193	31.884	69	46	1	13	81	14	81	3.95e-05	30.8
olaTTNIg108_193	olaTTNIg50_192	25.373	67	46	1	25	91	25	87	4.37e-05	30.4
olaTTNIg108_193	olaTTNIg103_196	23.944	71	54	0	10	80	13	83	4.85e-05	30.4
olaTTNIg108_193	olaTTNIg90_195	28.169	71	49	1	10	80	14	82	5.15e-05	30.4
olaTTNIg108_193	olaTTNIg109_193	27.027	74	53	1	12	84	11	84	6.71e-05	30
olaTTNIg108_193	olaTTNIg92_196	24.444	45	34	0	5	49	8	52	7.81e-05	30
olaTTNIg108_193	olaTTNIg71_194	27.16	81	56	2	12	91	15	93	8.27e-05	29.6
olaTTNIg108_193	olaTTNIg117_196	23.188	69	53	0	15	83	16	84	9.22e-05	29.6
olaTTNIg108_193	olaTTNIg64_193	21.951	82	64	0	1	82	1	82	1.60e-04	28.9
olaTTNIg108_193	olaTTNIg53_190	19.512	82	65	1	2	83	5	85	1.78e-04	28.9
olaTTNIg108_193	olaTTNIg69_194	33.871	62	38	2	26	87	29	87	2.10e-04	28.9
olaTTNIg108_193	olaTTNIg95_197	23.077	78	60	0	5	82	9	86	3.60e-04	28.1
olaTTNIg108_193	olaTTNIg86_197	22.388	67	52	0	15	81	19	85	4.24e-04	27.7
olaTTNIg108_193	olaTTNIg86_197	50	12	6	0	70	81	9	20	9.7	15.8
olaTTNIg108_193	olaTTNIg13_189	30.769	39	27	0	34	72	34	72	0.001	26.9
olaTTNIg108_193	olaTTNIg111_1101	24.39	82	59	2	1	80	8	88	0.002	26.6
olaTTNIg108_193	olaTTNIg48_188	24.419	86	55	3	2	87	3	78	0.002	26.2
olaTTNIg108_193	olaTTNIg105_194	28.125	64	44	1	20	83	23	84	0.002	26.2
olaTTNIg108_193	olaTTNIg37_193	21.154	52	41	0	31	82	32	83	0.002	26.2
olaTTNIg108_193	olaTTNIg100_195	20.588	68	54	0	10	77	13	80	0.002	25.8
olaTTNIg108_193	olaTTNIg93_194	20.833	72	53	2	10	80	13	81	0.003	25.4
olaTTNIg108_193	olaTTNIg78_196	22.727	66	51	0	15	80	18	83	0.004	25.4
olaTTNIg108_193	olaTTNIg84_195	30.263	76	38	4	24	92	28	95	0.009	24.3
olaTTNIg108_193	olaTTNnewIg_1104	22.989	87	58	2	8	85	11	97	0.009	24.3
olaTTNIg108_193	olaTTNIg81_193	26.866	67	36	3	20	81	23	81	0.011	23.9
olaTTNIg108_193	olaTTNIg97_197	24.138	87	58	3	8	90	12	94	0.012	23.9
olaTTNIg108_193	olaTTNIg107_194	24.691	81	59	1	5	85	8	86	0.012	23.9
olaTTNIg108_193	olaTTNIg67_1104	19.512	82	59	1	8	82	12	93	0.016	23.5
olaTTNIg108_193	olaTTNIg51_488	27.586	29	21	0	32	60	29	57	0.09	21.6
olaTTNIg108_193	olaTTNIg68_199	28.571	70	37	3	23	82	22	88	0.32	20
olaTTNIg109_193	olaTTNIg109_193	100	93	0	0	1	93	1	93	3.21e-69	193
olaTTNIg109_193	olaTTNIg98_196	36.471	85	51	2	9	93	15	96	1.89e-15	57.4
olaTTNIg109_193	olaTTNIg93_194	35.87	92	56	2	2	93	6	94	2.77e-13	52
olaTTNIg109_193	olaTTNIg79_197	30.612	98	62	3	1	93	1	97	8.70e-13	50.4
olaTTNIg109_193	olaTTNIg95_197	33.696	92	60	1	2	93	7	97	1.07e-12	50.4
olaTTNIg109_193	olaTTNIg87_194	34.066	91	57	2	2	92	6	93	2.22e-12	49.7
olaTTNIg109_193	olaTTNIg89_196	31.522	92	62	1	2	93	6	96	2.91e-12	49.3
olaTTNIg109_193	olaTTNIg76_192	26.087	92	67	1	1	92	1	91	7.85e-12	48.1
olaTTNIg109_193	olaTTNIg90_195	30.682	88	58	2	5	92	10	94	1.05e-11	47.8
olaTTNIg109_193	olaTTNIg94_193	31.395	86	58	1	8	93	9	93	1.42e-11	47.4
olaTTNIg109_193	olaTTNIg84_195	30.769	91	60	2	2	92	7	94	2.05e-11	47
olaTTNIg109_193	olaTTNIg100_195	33.333	69	45	1	13	81	17	84	2.23e-11	47
olaTTNIg109_193	olaTTNIg78_196	29.545	88	61	1	5	92	9	95	3.54e-11	46.6
olaTTNIg109_193	olaTTNIg104_198	30.682	88	60	1	5	92	11	97	1.62e-10	44.7
olaTTNIg109_193	olaTTNIg105_194	32.292	96	58	3	1	92	1	93	2.53e-10	44.3
olaTTNIg109_193	olaTTNIg63_197	28.866	97	64	2	1	93	2	97	2.86e-10	44.3
olaTTNIg109_193	olaTTNIg83_195	28.09	89	63	1	5	93	8	95	4.41e-10	43.5
olaTTNIg109_193	olaTTNIg69_194	30.769	91	60	2	2	92	6	93	1.05e-09	42.7
olaTTNIg109_193	olaTTNIg80_196	31.25	80	53	2	14	92	17	95	1.22e-09	42.4
olaTTNIg109_193	olaTTNIg72_197	29.67	91	63	1	2	92	7	96	1.29e-09	42.4
olaTTNIg109_193	olaTTNIg66_196	30.769	91	61	2	2	92	7	95	1.38e-09	42.4
olaTTNIg109_193	olaTTNIg102_195	28.571	91	62	2	2	92	7	94	1.46e-09	42.4
olaTTNIg109_193	olaTTNIg81_193	27.473	91	62	2	2	92	6	92	1.53e-09	42.4
olaTTNIg109_193	olaTTNIg67_1104	27.586	87	55	3	14	93	19	104	1.97e-09	42
olaTTNIg109_193	olaTTNIg91_193	28.736	87	61	1	7	93	8	93	2.43e-09	41.6
olaTTNIg109_193	olaTTNIg82_196	30.208	96	62	2	1	92	1	95	2.86e-09	41.6
olaTTNIg109_193	olaTTNIg111_1101	24.138	87	66	0	6	92	14	100	4.70e-09	41.2
olaTTNIg109_193	olaTTNIg88_193	29.787	94	64	2	1	93	1	93	5.03e-09	40.8
olaTTNIg109_193	olaTTNIg73_197	26.374	91	66	1	2	92	7	96	5.24e-09	40.8
olaTTNIg109_193	olaTTNIg103_196	31.343	67	45	1	14	80	18	83	1.07e-08	40
olaTTNIg109_193	olaTTNIg85_194	26.966	89	64	1	5	93	7	94	1.20e-08	40
olaTTNIg109_193	olaTTNIg75_195	29.348	92	61	3	2	92	6	94	2.18e-08	39.3
olaTTNIg109_193	olaTTNIg86_197	30.108	93	62	2	1	93	8	97	3.10e-08	38.9
olaTTNIg109_193	olaTTNIg64_193	27.273	77	55	1	14	90	15	90	1.42e-07	37
olaTTNIg109_193	olaTTNIg77_197	26.582	79	57	1	14	92	19	96	1.43e-07	37
olaTTNIg109_193	olaTTNIg74_196	25.61	82	58	2	14	93	16	96	1.59e-07	37
olaTTNIg109_193	olaTTNIg106_196	25	80	59	1	14	93	18	96	2.06e-07	36.6
olaTTNIg109_193	olaTTNIg70_195	26.761	71	51	1	23	93	26	95	3.62e-07	36.2
olaTTNIg109_193	olaTTNIg10_194	32.692	52	34	1	12	62	14	65	3.75e-07	35.8
olaTTNIg109_193	olaTTNIg92_196	30.682	88	60	1	6	93	10	96	3.76e-07	36.2
olaTTNIg109_193	olaTTNIg112_198	33.333	57	36	2	30	86	36	90	3.53e-06	33.5
olaTTNIg109_193	olaTTNIg96_194	25.316	79	56	2	14	92	18	93	3.65e-06	33.5
olaTTNIg109_193	olaTTNIg117_196	22.078	77	59	1	14	90	16	91	3.44e-05	30.8
olaTTNIg109_193	olaTTNnewIg_1104	22	100	68	2	2	92	6	104	4.82e-05	30.4
olaTTNIg109_193	olaTTNIg24_194	29.577	71	43	4	16	85	21	85	5.30e-05	30.4
olaTTNIg109_193	olaTTNIg108_193	27.027	74	53	1	11	84	12	84	6.71e-05	30
olaTTNIg109_193	olaTTNIg25_194	29.508	61	41	2	22	81	24	83	8.02e-05	29.6
olaTTNIg109_193	olaTTNIg101_195	24	100	62	4	1	92	1	94	8.04e-05	29.6
olaTTNIg109_193	olaTTNIg62_195	24	75	55	2	17	90	20	93	1.17e-04	29.3
olaTTNIg109_193	olaTTNIg1_196	23.288	73	53	2	14	84	16	87	1.22e-04	29.3
olaTTNIg109_193	olaTTNIg116_195	25.974	77	56	1	14	90	16	91	1.50e-04	29.3
olaTTNIg109_193	olaTTNIg5_198	32.727	55	32	3	1	52	2	54	2.73e-04	28.5
olaTTNIg109_193	olaTTNIg110_194	29.167	72	44	4	24	90	25	94	3.34e-04	28.1
olaTTNIg109_193	olaTTNIg71_194	20.652	92	70	2	2	93	6	94	3.51e-04	28.1
olaTTNIg109_193	olaTTNIg3_195	22.222	72	55	1	14	85	16	86	3.66e-04	28.1
olaTTNIg109_193	olaTTNIg6_195	22.5	80	62	0	14	93	15	94	4.69e-04	27.7
olaTTNIg109_193	olaTTNIg30_194	23.881	67	50	1	14	80	17	82	8.07e-04	26.9
olaTTNIg109_193	olaTTNIg40_194	26.582	79	56	2	2	80	4	80	0.001	26.9
olaTTNIg109_193	olaTTNIg39_194	18.085	94	74	2	1	92	2	94	0.001	26.6
olaTTNIg109_193	olaTTNIg115_194	22.388	67	51	1	14	80	16	81	0.003	25.8
olaTTNIg109_193	olaTTNIg36_194	22.353	85	53	2	14	92	17	94	0.003	25.4
olaTTNIg109_193	olaTTNIg42_192	26.23	61	44	1	22	82	27	86	0.004	25
olaTTNIg109_193	olaTTNIg28_194	25.287	87	48	5	20	92	11	94	0.006	24.6
olaTTNIg109_193	olaTTNIg23_194	21.25	80	62	1	14	93	15	93	0.006	24.6
olaTTNIg109_193	olaTTNIg9_193	22.5	80	60	2	14	93	15	92	0.008	24.3
olaTTNIg109_193	olaTTNIg8_195	25.714	70	51	1	24	93	27	95	0.011	23.9
olaTTNIg109_193	olaTTNIg97_197	24.691	81	59	2	2	82	8	86	0.013	23.9
olaTTNIg109_193	olaTTNIg53_190	25.352	71	48	3	4	73	9	75	0.015	23.5
olaTTNIg109_193	olaTTNIg7_195	37.5	24	15	0	14	37	15	38	0.015	23.5
olaTTNIg109_193	olaTTNIg113_197	35.294	34	15	2	13	45	21	48	0.017	23.5
olaTTNIg109_193	olaTTNIg49_187	28.947	38	27	0	31	68	31	68	0.022	23.1
olaTTNIg109_193	olaTTNIg26_192	24.615	65	47	2	30	93	29	92	0.025	23.1
olaTTNIg109_193	olaTTNIg41_196	25.714	70	50	2	25	93	27	95	0.025	23.1
olaTTNIg109_193	olaTTNIg2_194	23.188	69	50	2	14	81	16	82	0.027	23.1
olaTTNIg109_193	olaTTNIg33_195	18.75	80	64	1	14	93	16	94	0.046	22.3
olaTTNIg109_193	olaTTNIg21_195	26.667	30	22	0	14	43	16	45	0.047	22.3
olaTTNIg109_193	olaTTNIg50_192	26.829	41	30	0	22	62	23	63	0.099	21.2
olaTTNIg109_193	olaTTNIg38_193	20.548	73	57	1	13	85	15	86	0.16	20.8
olaTTNIg109_193	olaTTNIg47_188	41.667	12	7	0	29	40	31	42	0.16	20.8
olaTTNIg109_193	olaTTNIg4_195	44.444	9	5	0	25	33	27	35	0.47	19.6
olaTTNIg109_193	olaTTNIg57_188	18.75	48	39	0	21	68	22	69	0.54	19.2
olaTTNIg109_193	olaTTNIg68_199	19.588	97	70	3	1	90	1	96	0.73	18.9
olaTTNIg109_193	olaTTNIg16_189	21.429	56	42	1	4	59	8	61	1.6	18.1
olaTTNIg109_193	olaTTNIg59_189	26.667	15	11	0	24	38	25	39	3.1	17.3
olaTTNIg110_194	olaTTNIg110_194	100	94	0	0	1	94	1	94	6.50e-70	195
olaTTNIg110_194	olaTTNIg2_194	36.559	93	57	1	1	93	2	92	1.25e-17	63.2
olaTTNIg110_194	olaTTNIg3_195	35.106	94	59	2	1	94	2	93	7.03e-16	58.5
olaTTNIg110_194	olaTTNIg5_198	32.258	93	62	1	1	93	2	93	1.72e-13	52.4
olaTTNIg110_194	olaTTNIg108_193	31.707	82	54	2	1	82	1	80	8.15e-13	50.8
olaTTNIg110_194	olaTTNIg41_196	36.667	90	56	1	3	92	4	92	2.50e-12	49.3
olaTTNIg110_194	olaTTNIg115_194	32.609	92	60	2	1	92	2	91	3.69e-12	48.9
olaTTNIg110_194	olaTTNIg40_194	32.53	83	54	2	1	83	1	81	5.56e-11	45.8
olaTTNIg110_194	olaTTNIg114_192	31.183	93	61	2	1	93	1	90	6.13e-11	45.8
olaTTNIg110_194	olaTTNIg1_196	28.261	92	66	0	1	92	2	93	8.26e-11	45.4
olaTTNIg110_194	olaTTNIg7_195	33.684	95	61	2	1	94	1	94	1.34e-10	45.1
olaTTNIg110_194	olaTTNIg8_195	32.143	84	53	2	1	82	1	82	2.42e-10	44.3
olaTTNIg110_194	olaTTNIg6_195	33.333	72	45	2	23	93	23	92	8.93e-10	42.7
olaTTNIg110_194	olaTTNIg33_195	33.696	92	57	2	2	92	3	91	1.37e-09	42.4
olaTTNIg110_194	olaTTNIg27_192	30.435	92	62	1	1	92	1	90	1.69e-09	42
olaTTNIg110_194	olaTTNIg34_193	28.916	83	57	2	1	83	2	82	2.64e-09	41.6
olaTTNIg110_194	olaTTNIg117_196	31.183	93	62	2	1	93	2	92	6.16e-09	40.8
olaTTNIg110_194	olaTTNIg72_197	31.818	88	56	3	7	94	11	94	1.07e-08	40
olaTTNIg110_194	olaTTNIg10_194	23.656	93	70	1	1	93	2	93	1.69e-08	39.7
olaTTNIg110_194	olaTTNIg73_197	27.711	83	58	1	10	92	14	94	1.86e-08	39.7
olaTTNIg110_194	olaTTNIg113_197	28.421	95	63	2	1	92	2	94	5.84e-08	38.1
olaTTNIg110_194	olaTTNIg66_196	29.67	91	60	2	3	92	6	93	5.99e-08	38.1
olaTTNIg110_194	olaTTNIg36_194	34.921	63	39	1	20	82	22	82	8.76e-08	37.7
olaTTNIg110_194	olaTTNIg101_195	30.38	79	52	2	5	83	8	83	1.36e-07	37.4
olaTTNIg110_194	olaTTNIg98_196	26.136	88	63	2	5	92	8	93	1.52e-07	37
olaTTNIg110_194	olaTTNIg63_197	24.419	86	63	2	7	92	11	94	2.00e-07	37
olaTTNIg110_194	olaTTNIg93_194	27.848	79	53	1	10	88	13	87	2.18e-07	36.6
olaTTNIg110_194	olaTTNIg77_197	25.581	86	60	2	8	92	12	94	3.18e-07	36.2
olaTTNIg110_194	olaTTNIg88_193	28.049	82	57	2	1	82	1	80	3.87e-07	35.8
olaTTNIg110_194	olaTTNIg54_189	30.667	75	49	2	3	77	5	76	4.49e-07	35.8
olaTTNIg110_194	olaTTNIg25_194	27.957	93	64	2	1	92	2	92	5.94e-07	35.4
olaTTNIg110_194	olaTTNIg74_196	28.125	96	62	4	1	92	1	93	6.75e-07	35.4
olaTTNIg110_194	olaTTNIg4_195	27.536	69	50	0	22	90	23	91	8.65e-07	35
olaTTNIg110_194	olaTTNIg9_193	28.947	76	51	3	18	93	18	90	8.73e-07	35
olaTTNIg110_194	olaTTNIg24_194	25	88	63	2	1	87	1	86	9.86e-07	35
olaTTNIg110_194	olaTTNIg23_194	25.532	94	68	2	1	94	1	92	1.93e-06	34.3
olaTTNIg110_194	olaTTNIg21_195	23.611	72	53	1	23	94	24	93	2.55e-06	33.9
olaTTNIg110_194	olaTTNIg47_188	32.051	78	50	3	3	80	5	79	3.41e-06	33.5
olaTTNIg110_194	olaTTNIg17_290	27.174	92	59	3	3	93	5	89	3.70e-06	33.1
olaTTNIg110_194	olaTTNIg87_194	29.487	78	50	3	6	82	8	81	4.25e-06	33.1
olaTTNIg110_194	olaTTNIg35_193	25.806	93	67	1	1	93	2	92	5.74e-06	32.7
olaTTNIg110_194	olaTTNIg83_195	29.851	67	37	3	20	82	22	82	5.91e-06	32.7
olaTTNIg110_194	olaTTNIg79_197	28.09	89	61	2	6	92	7	94	7.57e-06	32.7
olaTTNIg110_194	olaTTNIg94_193	21.739	92	70	1	1	92	1	90	9.29e-06	32.3
olaTTNIg110_194	olaTTNIg60_187	25.352	71	50	3	3	73	4	71	9.72e-06	32.3
olaTTNIg110_194	olaTTNIg90_195	26.374	91	62	2	3	92	6	92	1.31e-05	32
olaTTNIg110_194	olaTTNIg70_195	25.773	97	62	4	1	91	2	94	1.41e-05	32
olaTTNIg110_194	olaTTNIg107_194	29.63	81	53	2	12	92	15	91	1.52e-05	31.6
olaTTNIg110_194	olaTTNIg84_195	30.667	75	44	2	20	92	24	92	1.59e-05	31.6
olaTTNIg110_194	olaTTNIg111_1101	24.51	102	46	4	1	92	18	98	1.76e-05	31.6
olaTTNIg110_194	olaTTNIg91_193	22.222	90	68	2	1	90	1	88	1.78e-05	31.6
olaTTNIg110_194	olaTTNIg81_193	21.176	85	62	1	8	92	11	90	1.99e-05	31.6
olaTTNIg110_194	olaTTNIg59_189	28.169	71	48	2	3	73	4	71	2.04e-05	31.2
olaTTNIg110_194	olaTTNIg95_197	28.889	90	50	4	10	89	6	91	2.59e-05	31.2
olaTTNIg110_194	olaTTNIg116_195	23.256	86	62	2	8	92	9	91	2.66e-05	31.2
olaTTNIg110_194	olaTTNIg30_194	27.711	83	57	3	1	82	2	82	2.82e-05	31.2
olaTTNIg110_194	olaTTNIg96_194	25.773	97	63	3	1	94	1	91	2.85e-05	31.2
olaTTNIg110_194	olaTTNIg38_193	23.596	89	65	3	1	88	2	88	3.05e-05	30.8
olaTTNIg110_194	olaTTNIg55_190	30.233	86	57	3	3	88	6	88	4.88e-05	30.4
olaTTNIg110_194	olaTTNIg62_195	21.839	87	66	2	7	92	8	93	5.38e-05	30.4
olaTTNIg110_194	olaTTNIg50_192	28.205	78	53	2	3	80	4	78	5.39e-05	30.4
olaTTNIg110_194	olaTTNIg52_188	29.67	91	57	4	3	93	4	87	6.22e-05	30
olaTTNIg110_194	olaTTNIg89_196	25.424	59	40	2	26	83	29	84	7.14e-05	30
olaTTNIg110_194	olaTTNIg82_196	29.508	61	41	2	24	84	27	85	7.91e-05	30
olaTTNIg110_194	olaTTNIg106_196	25.806	62	42	2	24	84	27	85	1.12e-04	29.6
olaTTNIg110_194	olaTTNIg39_194	25.714	70	50	2	23	92	25	92	2.43e-04	28.5
olaTTNIg110_194	olaTTNIg69_194	25.397	63	43	1	20	82	23	81	2.56e-04	28.5
olaTTNIg110_194	olaTTNIg16_189	27.059	85	57	3	2	84	4	85	3.07e-04	28.1
olaTTNIg110_194	olaTTNIg109_193	29.167	72	44	4	25	94	24	90	3.37e-04	28.1
olaTTNIg110_194	olaTTNIg85_194	24.468	94	65	2	1	92	2	91	3.70e-04	28.1
olaTTNIg110_194	olaTTNIg80_196	36.667	60	34	2	24	82	27	83	4.29e-04	27.7
olaTTNIg110_194	olaTTNIg29_192	25.263	95	65	3	1	94	1	90	0.001	26.9
olaTTNIg110_194	olaTTNIg68_199	24.444	90	59	2	10	92	9	96	0.001	26.9
olaTTNIg110_194	olaTTNIg76_192	22.388	67	38	2	24	84	23	81	0.002	26.2
olaTTNIg110_194	olaTTNIg92_196	30.952	42	21	1	9	42	4	45	0.003	25.8
olaTTNIg110_194	olaTTNIg102_195	25.862	58	39	1	26	83	30	83	0.003	25.4
olaTTNIg110_194	olaTTNIg102_195	41.176	17	10	0	69	85	7	23	0.8	18.9
olaTTNIg110_194	olaTTNIg105_194	25	60	41	1	23	82	26	81	0.004	25.4
olaTTNIg110_194	olaTTNIg75_195	24.658	73	52	1	10	82	13	82	0.004	25.4
olaTTNIg110_194	olaTTNIg31_193	25.581	86	62	2	1	86	2	85	0.005	25
olaTTNIg110_194	olaTTNIg71_194	23.288	73	52	2	16	88	19	87	0.006	25
olaTTNIg110_194	olaTTNIg22_193	35.556	45	27	2	1	44	2	45	0.01	24.3
olaTTNIg110_194	olaTTNIg56_189	23.684	76	55	2	3	78	4	76	0.014	23.9
olaTTNIg110_194	olaTTNIg64_193	23.881	67	47	2	28	94	28	90	0.018	23.5
olaTTNIg110_194	olaTTNIg104_198	23.457	81	60	2	12	92	17	95	0.019	23.5
olaTTNIg110_194	olaTTNIg67_1104	21.505	93	59	3	14	92	9	101	0.024	23.1
olaTTNIg110_194	olaTTNIg86_197	23.171	82	53	2	5	82	9	84	0.029	23.1
olaTTNIg110_194	olaTTNIg32_194	20.732	82	64	1	1	82	2	82	0.034	22.7
olaTTNIg110_194	olaTTNIg45_192	27.869	61	41	3	20	80	22	79	0.046	22.3
olaTTNIg110_194	olaTTNIg19_391	26.471	68	45	3	7	73	8	71	0.053	21.9
olaTTNIg110_194	olaTTNIg28_194	20.213	94	72	2	1	94	2	92	0.061	21.9
olaTTNIg110_194	olaTTNIg97_197	22.222	72	54	1	12	83	16	85	0.062	21.9
olaTTNIg110_194	olaTTNIg57_188	28.235	85	54	3	8	92	9	86	0.091	21.6
olaTTNIg110_194	olaTTNIg61_188	29.412	51	34	1	32	82	33	81	0.12	21.2
olaTTNIg110_194	olaTTNIg103_196	24.286	70	49	2	24	92	27	93	0.13	21.2
olaTTNIg110_194	olaTTNIg99_197	25	88	53	4	12	94	15	94	0.14	21.2
olaTTNIg110_194	olaTTNIg78_196	34.783	23	15	0	20	42	23	45	0.18	20.8
olaTTNIg110_194	olaTTNIg100_195	19.444	72	54	2	10	80	13	81	0.19	20.8
olaTTNIg110_194	olaTTNIg13_189	20.755	53	40	1	34	86	34	84	0.21	20.4
olaTTNIg110_194	olaTTNIg49_187	23.611	72	51	4	3	74	4	71	0.29	20
olaTTNIg110_194	olaTTNIg12_189	24.59	61	40	2	34	94	35	89	0.41	19.6
olaTTNIg110_194	olaTTNIg42_192	23.729	59	42	3	18	75	21	77	1.4	18.1
olaTTNIg110_194	olaTTNnewIg_1104	36.364	11	7	0	24	34	27	37	3	17.3
olaTTNIg111_1101	olaTTNIg111_1101	100	101	0	0	1	101	1	101	4.60e-74	206
olaTTNIg111_1101	olaTTNIg73_197	27.586	87	62	1	14	100	11	96	1.71e-12	50.1
olaTTNIg111_1101	olaTTNIg79_197	27.5	80	58	0	19	98	15	94	1.80e-10	45.1
olaTTNIg111_1101	olaTTNIg99_197	32.468	77	50	2	22	98	18	92	5.29e-10	43.9
olaTTNIg111_1101	olaTTNIg87_194	31.25	80	52	2	22	101	18	94	5.61e-10	43.5
olaTTNIg111_1101	olaTTNIg80_196	33.803	71	42	2	33	101	29	96	6.42e-10	43.5
olaTTNIg111_1101	olaTTNIg82_196	28.409	88	62	1	14	101	10	96	1.28e-09	42.7
olaTTNIg111_1101	olaTTNIg77_197	28	100	69	2	2	101	1	97	2.28e-09	42
olaTTNIg111_1101	olaTTNIg95_197	27.848	79	56	1	10	88	7	84	2.33e-09	42
olaTTNIg111_1101	olaTTNIg109_193	24.138	87	66	0	14	100	6	92	5.11e-09	41.2
olaTTNIg111_1101	olaTTNIg107_194	24.719	89	64	1	10	98	6	91	1.14e-08	40
olaTTNIg111_1101	olaTTNIg90_195	29	100	66	3	2	101	1	95	1.20e-08	40
olaTTNIg111_1101	olaTTNIg88_193	27.632	76	54	1	25	100	18	92	1.66e-08	39.7
olaTTNIg111_1101	olaTTNIg71_194	28.947	76	51	2	19	94	15	87	5.27e-08	38.5
olaTTNIg111_1101	olaTTNIg69_194	26.136	88	62	1	14	101	10	94	5.49e-08	38.5
olaTTNIg111_1101	olaTTNIg93_194	27.835	97	65	3	4	100	2	93	8.30e-08	38.1
olaTTNIg111_1101	olaTTNIg105_194	29.545	88	59	2	14	101	10	94	1.91e-07	37
olaTTNIg111_1101	olaTTNIg103_196	28.205	78	55	1	22	99	18	94	1.92e-07	37
olaTTNIg111_1101	olaTTNIg23_194	30.108	93	60	3	8	98	1	90	2.19e-07	37
olaTTNIg111_1101	olaTTNIg78_196	26.667	90	61	3	14	101	10	96	2.20e-07	37
olaTTNIg111_1101	olaTTNIg113_197	30.435	92	42	3	19	98	13	94	2.76e-07	36.6
olaTTNIg111_1101	olaTTNIg66_196	25	80	58	1	22	101	19	96	2.98e-07	36.6
olaTTNIg111_1101	olaTTNIg40_194	34.783	69	44	1	22	90	15	82	3.49e-07	36.2
olaTTNIg111_1101	olaTTNIg81_193	27.381	84	47	3	22	100	18	92	4.23e-07	36.2
olaTTNIg111_1101	olaTTNIg31_193	29.63	81	56	1	8	88	2	81	4.75e-07	35.8
olaTTNIg111_1101	olaTTNIg70_195	27.143	70	50	1	31	100	26	94	5.57e-07	35.8
olaTTNIg111_1101	olaTTNIg98_196	31.25	80	52	2	22	100	18	95	6.84e-07	35.4
olaTTNIg111_1101	olaTTNIg76_192	22.989	87	66	1	15	101	7	92	1.32e-06	34.7
olaTTNIg111_1101	olaTTNIg62_195	28	75	52	2	25	98	20	93	1.68e-06	34.7
olaTTNIg111_1101	olaTTNIg104_198	26.471	102	69	3	2	101	1	98	1.74e-06	34.7
olaTTNIg111_1101	olaTTNIg33_195	24.176	91	66	2	11	100	5	93	2.09e-06	34.3
olaTTNIg111_1101	olaTTNIg94_193	24.051	79	59	1	22	100	15	92	2.44e-06	33.9
olaTTNIg111_1101	olaTTNIg84_195	32	75	44	3	29	101	26	95	2.77e-06	33.9
olaTTNIg111_1101	olaTTNIg63_197	24.242	99	72	2	2	100	1	96	3.37e-06	33.9
olaTTNIg111_1101	olaTTNIg25_194	27.473	91	66	0	8	98	2	92	4.70e-06	33.5
olaTTNIg111_1101	olaTTNIg102_195	24	100	71	3	2	101	1	95	5.69e-06	33.1
olaTTNIg111_1101	olaTTNIg83_195	24.138	87	65	1	14	100	9	94	6.06e-06	33.1
olaTTNIg111_1101	olaTTNIg21_195	26.667	90	47	2	8	88	2	81	7.62e-06	32.7
olaTTNIg111_1101	olaTTNIg106_196	21.687	83	64	1	14	96	10	91	9.52e-06	32.3
olaTTNIg111_1101	olaTTNIg100_195	24.615	65	48	1	22	86	18	81	1.01e-05	32.3
olaTTNIg111_1101	olaTTNIg7_195	25	80	57	2	21	98	14	92	1.20e-05	32.3
olaTTNIg111_1101	olaTTNIg101_195	22.989	87	65	1	15	101	11	95	1.24e-05	32.3
olaTTNIg111_1101	olaTTNIg74_196	24.638	69	49	2	22	88	16	83	1.27e-05	32.3
olaTTNIg111_1101	olaTTNIg110_194	24.51	102	46	4	18	98	1	92	1.89e-05	31.6
olaTTNIg111_1101	olaTTNIg3_195	23.881	67	50	1	22	88	16	81	2.54e-05	31.2
olaTTNIg111_1101	olaTTNIg68_199	24.176	91	61	2	15	98	7	96	2.60e-05	31.6
olaTTNIg111_1101	olaTTNIg116_195	25.316	79	56	2	21	98	15	91	3.84e-05	30.8
olaTTNIg111_1101	olaTTNIg64_193	22.5	80	59	2	20	98	13	90	3.98e-05	30.8
olaTTNIg111_1101	olaTTNIg75_195	27.551	98	65	4	4	100	2	94	4.18e-05	30.8
olaTTNIg111_1101	olaTTNIg96_194	30.882	68	44	2	21	88	17	81	4.71e-05	30.8
olaTTNIg111_1101	olaTTNIg85_194	25.926	81	59	1	20	100	14	93	5.01e-05	30.4
olaTTNIg111_1101	olaTTNIg91_193	23.457	81	61	1	20	100	13	92	5.37e-05	30.4
olaTTNIg111_1101	olaTTNIg89_196	21.519	79	61	1	22	100	18	95	6.14e-05	30.4
olaTTNIg111_1101	olaTTNIg9_193	22.093	86	61	2	15	98	8	89	8.12e-05	30
olaTTNIg111_1101	olaTTNIg72_197	23.333	90	66	2	10	99	7	93	1.03e-04	29.6
olaTTNIg111_1101	olaTTNIg115_194	26.582	79	55	2	22	99	16	92	1.31e-04	29.3
olaTTNIg111_1101	olaTTNIg1_196	24.731	93	67	2	8	98	2	93	2.29e-04	28.9
olaTTNIg111_1101	olaTTNIg28_194	25.532	94	68	2	8	100	2	94	2.50e-04	28.9
olaTTNIg111_1101	olaTTNnewIg_1104	26.136	88	55	2	22	100	18	104	2.88e-04	28.5
olaTTNIg111_1101	olaTTNIg8_195	25	68	50	1	33	100	28	94	2.98e-04	28.5
olaTTNIg111_1101	olaTTNIg41_196	28.358	67	48	0	33	99	27	93	4.13e-04	28.1
olaTTNIg111_1101	olaTTNIg6_195	26.923	78	55	2	22	98	15	91	4.71e-04	28.1
olaTTNIg111_1101	olaTTNIg24_194	24.39	82	59	2	8	88	1	80	5.27e-04	27.7
olaTTNIg111_1101	olaTTNIg5_198	27.273	66	48	0	20	85	14	79	6.35e-04	27.7
olaTTNIg111_1101	olaTTNIg86_197	32.836	67	44	1	22	88	19	84	6.68e-04	27.7
olaTTNIg111_1101	olaTTNIg36_194	27.143	70	50	1	22	91	17	85	0.001	27.3
olaTTNIg111_1101	olaTTNIg4_195	29.032	62	33	2	33	88	27	83	0.001	26.9
olaTTNIg111_1101	olaTTNIg56_189	32.609	46	30	1	34	79	27	71	0.001	26.9
olaTTNIg111_1101	olaTTNIg117_196	26.829	82	55	2	22	101	16	94	0.001	26.9
olaTTNIg111_1101	olaTTNIg108_193	24.39	82	59	2	8	88	1	80	0.002	26.6
olaTTNIg111_1101	olaTTNIg67_1104	22.826	92	63	2	16	100	13	103	0.003	25.8
olaTTNIg111_1101	olaTTNIg37_193	26.087	69	50	1	20	88	14	81	0.004	25.4
olaTTNIg111_1101	olaTTNIg10_194	22.388	67	52	0	22	88	16	82	0.02	23.5
olaTTNIg111_1101	olaTTNIg42_192	21.519	79	60	2	5	83	4	80	0.021	23.5
olaTTNIg111_1101	olaTTNIg35_193	27.027	74	53	1	15	88	9	81	0.061	21.9
olaTTNIg111_1101	olaTTNIg50_192	21.739	46	36	0	41	86	34	79	0.064	21.9
olaTTNIg111_1101	olaTTNIg92_196	26.966	89	64	1	12	100	8	95	0.17	20.8
olaTTNIg111_1101	olaTTNIg14_188	22.581	62	47	1	18	79	12	72	0.37	20
olaTTNIg111_1101	olaTTNIg112_198	23.81	63	47	1	39	101	37	98	0.37	20
olaTTNIg111_1101	olaTTNIg114_192	23.377	77	57	1	22	98	15	89	0.45	19.6
olaTTNIg111_1101	olaTTNIg29_192	33.333	27	18	0	74	100	66	92	0.54	19.2
olaTTNIg111_1101	olaTTNIg47_188	29.167	24	17	0	34	57	28	51	0.66	19.2
olaTTNIg111_1101	olaTTNIg61_188	20.833	48	37	1	39	86	33	79	0.74	18.9
olaTTNIg111_1101	olaTTNIg13_189	17.46	63	50	2	17	79	11	71	1.4	18.1
olaTTNIg111_1101	olaTTNIg44_197	26.136	88	56	4	2	85	1	83	2.2	17.7
olaTTNIg111_1101	olaTTNIg18_389	26.761	71	50	2	9	79	3	71	2.9	17.3
olaTTNIg111_1101	olaTTNIg39_194	18.478	92	52	2	31	100	4	94	3	17.3
olaTTNIg111_1101	olaTTNIg57_188	26.19	42	30	1	39	80	32	72	4.2	16.9
olaTTNIg111_1101	olaTTNIg22_193	66.667	9	3	0	45	53	9	17	5.5	16.5
olaTTNIg111_1101	olaTTNIg59_189	36.364	11	7	0	34	44	27	37	9.6	15.8
olaTTNIg112_198	olaTTNIg112_198	100	98	0	0	1	98	1	98	8.25e-73	202
olaTTNIg112_198	olaTTNIg1_196	29.412	85	57	2	15	97	12	95	3.30e-11	46.6
olaTTNIg112_198	olaTTNIg22_193	27.848	79	55	1	15	93	12	88	1.53e-10	45.1
olaTTNIg112_198	olaTTNIg39_194	33.333	60	40	0	37	96	34	93	1.78e-10	44.7
olaTTNIg112_198	olaTTNIg30_194	28.049	82	58	1	14	95	12	92	2.79e-10	44.3
olaTTNIg112_198	olaTTNIg43_297	31.522	92	60	3	7	97	5	94	5.13e-09	41.2
olaTTNIg112_198	olaTTNIg25_194	42.857	42	24	0	54	95	51	92	5.98e-09	40.8
olaTTNIg112_198	olaTTNIg41_196	32.143	84	54	3	14	96	12	93	7.77e-09	40.4
olaTTNIg112_198	olaTTNIg34_193	22.5	80	61	1	16	95	13	91	6.77e-08	38.1
olaTTNIg112_198	olaTTNIg5_198	28.395	81	56	2	16	95	13	92	6.86e-08	38.1
olaTTNIg112_198	olaTTNIg115_194	27.848	79	56	1	19	97	16	93	2.23e-07	36.6
olaTTNIg112_198	olaTTNIg27_192	23.457	81	61	1	16	96	12	91	3.36e-07	36.2
olaTTNIg112_198	olaTTNIg57_188	28.75	80	51	2	16	95	13	86	5.43e-07	35.4
olaTTNIg112_198	olaTTNIg117_196	27.711	83	59	1	16	98	13	94	6.08e-07	35.4
olaTTNIg112_198	olaTTNIg23_194	29.63	81	56	1	15	95	11	90	6.89e-07	35.4
olaTTNIg112_198	olaTTNIg29_192	24.675	77	57	1	19	95	15	90	8.23e-07	35
olaTTNIg112_198	olaTTNIg24_194	22.989	87	62	3	11	95	7	90	1.07e-06	35
olaTTNIg112_198	olaTTNIg116_195	28.049	82	58	1	15	96	12	92	1.23e-06	34.7
olaTTNIg112_198	olaTTNIg3_195	25	80	59	1	16	95	13	91	1.66e-06	34.3
olaTTNIg112_198	olaTTNIg56_189	30.159	63	42	1	18	80	15	75	1.86e-06	34.3
olaTTNIg112_198	olaTTNIg40_194	23.377	77	58	1	11	87	7	82	2.05e-06	34.3
olaTTNIg112_198	olaTTNIg109_193	33.333	57	36	2	36	90	30	86	3.72e-06	33.5
olaTTNIg112_198	olaTTNIg33_195	25.424	59	44	0	37	95	33	91	3.91e-06	33.5
olaTTNIg112_198	olaTTNIg108_193	27.451	51	37	0	36	86	31	81	7.26e-06	32.7
olaTTNIg112_198	olaTTNIg37_193	28.302	53	38	0	36	88	32	84	8.67e-06	32.3
olaTTNIg112_198	olaTTNIg32_194	34.884	43	28	0	53	95	50	92	9.36e-06	32.3
olaTTNIg112_198	olaTTNIg36_194	19.753	81	64	1	15	95	13	92	1.45e-05	32
olaTTNIg112_198	olaTTNIg35_193	28.814	59	42	0	37	95	33	91	2.21e-05	31.6
olaTTNIg112_198	olaTTNIg42_192	23.944	71	54	0	7	77	6	76	2.80e-05	31.2
olaTTNIg112_198	olaTTNIg12_189	25.676	74	53	1	7	80	5	76	3.94e-05	30.8
olaTTNIg112_198	olaTTNIg55_190	38.462	39	22	1	16	54	15	51	4.04e-05	30.8
olaTTNIg112_198	olaTTNIg9_193	26.415	53	37	2	16	68	12	62	5.19e-05	30.4
olaTTNIg112_198	olaTTNIg99_197	25.676	74	54	1	13	86	12	84	9.44e-05	29.6
olaTTNIg112_198	olaTTNIg113_197	29.114	79	54	1	19	95	16	94	1.50e-04	29.3
olaTTNIg112_198	olaTTNIg10_194	26.087	92	66	2	7	97	4	94	1.64e-04	29.3
olaTTNIg112_198	olaTTNIg63_197	28.333	60	43	0	36	95	35	94	2.75e-04	28.5
olaTTNIg112_198	olaTTNIg15_187	26.316	38	28	0	39	76	34	71	3.16e-04	28.1
olaTTNIg112_198	olaTTNIg98_196	26.761	71	51	1	19	89	18	87	5.85e-04	27.7
olaTTNIg112_198	olaTTNIg26_192	22.353	85	57	2	20	95	5	89	6.45e-04	27.3
olaTTNIg112_198	olaTTNIg58_193	22.5	80	60	1	7	86	4	81	7.37e-04	27.3
olaTTNIg112_198	olaTTNIg11_191	22.917	48	37	0	36	83	32	79	7.90e-04	27.3
olaTTNIg112_198	olaTTNIg77_197	32.075	53	36	0	37	89	36	88	0.001	26.9
olaTTNIg112_198	olaTTNIg28_194	27.692	65	46	1	32	95	28	92	0.001	26.9
olaTTNIg112_198	olaTTNIg31_193	28	50	36	0	36	85	32	81	0.001	26.9
olaTTNIg112_198	olaTTNIg73_197	25.676	74	54	1	16	89	16	88	0.001	26.9
olaTTNIg112_198	olaTTNIg53_190	20.968	62	47	2	7	68	6	65	0.001	26.9
olaTTNIg112_198	olaTTNIg104_198	33.333	51	34	0	39	89	39	89	0.001	26.9
olaTTNIg112_198	olaTTNIg21_195	20.225	89	70	1	7	95	4	91	0.001	26.6
olaTTNIg112_198	olaTTNIg47_188	32.692	52	32	2	16	67	14	62	0.002	26.2
olaTTNIg112_198	olaTTNIg44_197	26.923	78	53	2	19	95	22	96	0.002	26.2
olaTTNIg112_198	olaTTNIg52_188	20.513	78	56	2	18	95	15	86	0.003	25.4
olaTTNIg112_198	olaTTNIg89_196	21.25	80	62	1	16	95	15	93	0.003	25.4
olaTTNIg112_198	olaTTNIg72_197	22.973	74	56	1	15	88	15	87	0.005	25
olaTTNIg112_198	olaTTNIg72_197	37.5	24	10	1	12	35	42	60	9.1	15.8
olaTTNIg112_198	olaTTNIg4_195	29.114	79	53	3	18	94	15	92	0.006	25
olaTTNIg112_198	olaTTNIg2_194	20.455	88	69	1	10	97	7	93	0.006	25
olaTTNIg112_198	olaTTNIg100_195	21.569	51	40	0	38	88	36	86	0.006	24.6
olaTTNIg112_198	olaTTNIg38_193	25	52	39	0	45	96	41	92	0.012	23.9
olaTTNIg112_198	olaTTNIg59_189	24.691	81	53	4	17	96	14	87	0.014	23.9
olaTTNIg112_198	olaTTNIg46_189	30	50	32	2	24	73	22	68	0.018	23.5
olaTTNIg112_198	olaTTNIg103_196	20.312	64	51	0	34	97	32	95	0.02	23.5
olaTTNIg112_198	olaTTNIg64_193	18.462	65	53	0	34	98	29	93	0.021	23.5
olaTTNIg112_198	olaTTNIg17_290	27.119	59	39	1	37	95	34	88	0.037	22.7
olaTTNIg112_198	olaTTNIg70_195	23.077	52	40	0	34	85	31	82	0.038	22.7
olaTTNIg112_198	olaTTNIg70_195	21.212	33	26	0	2	34	51	83	4.7	16.9
olaTTNIg112_198	olaTTNIg85_194	20.755	53	42	0	37	89	33	85	0.044	22.3
olaTTNIg112_198	olaTTNIg61_188	25	44	33	0	34	77	30	73	0.051	22.3
olaTTNIg112_198	olaTTNIg82_196	27.5	40	29	0	37	76	35	74	0.069	21.9
olaTTNIg112_198	olaTTNIg114_192	23.457	81	56	3	17	95	13	89	0.075	21.9
olaTTNIg112_198	olaTTNIg86_197	24.658	73	52	2	15	86	15	85	0.12	21.2
olaTTNIg112_198	olaTTNIg19_391	18.085	94	67	3	7	98	4	89	0.2	20.4
olaTTNIg112_198	olaTTNIg69_194	28.169	71	48	2	15	85	14	81	0.22	20.4
olaTTNIg112_198	olaTTNIg20_187	21.311	61	46	1	16	76	13	71	0.23	20.4
olaTTNIg112_198	olaTTNIg111_1101	23.81	63	47	1	37	98	39	101	0.36	20
olaTTNIg112_198	olaTTNIg95_197	20.833	72	56	1	15	86	15	85	0.42	19.6
olaTTNIg112_198	olaTTNIg49_187	21.429	42	33	0	37	78	31	72	0.55	19.2
olaTTNIg112_198	olaTTNIg106_196	17.241	58	48	0	38	95	36	93	0.85	18.9
olaTTNIg112_198	olaTTNIg87_194	24.39	41	31	0	50	90	46	86	1.5	18.1
olaTTNIg112_198	olaTTNIg8_195	28.571	28	20	0	58	85	29	56	2	17.7
olaTTNIg112_198	olaTTNIg92_196	24.638	69	49	2	15	82	14	80	2.1	17.7
olaTTNIg112_198	olaTTNIg18_389	22.449	49	38	0	32	80	27	75	2.1	17.7
olaTTNIg112_198	olaTTNIg74_196	20.732	82	62	2	12	91	9	89	2.3	17.7
olaTTNIg112_198	olaTTNIg54_189	22.5	40	29	1	15	54	13	50	2.4	17.7
olaTTNIg112_198	olaTTNIg45_192	38.889	18	11	0	63	80	59	76	2.7	17.3
olaTTNIg112_198	olaTTNIg96_194	34.286	35	21	1	6	38	26	60	4	16.9
olaTTNIg112_198	olaTTNIg88_193	22.034	59	46	0	37	95	32	90	4.3	16.9
olaTTNIg112_198	olaTTNIg48_188	55.556	9	4	0	16	24	13	21	5.6	16.5
olaTTNIg113_197	olaTTNIg113_197	100	97	0	0	1	97	1	97	8.94e-73	202
olaTTNIg113_197	olaTTNIg24_194	31.25	80	52	1	15	94	14	90	1.86e-14	55.1
olaTTNIg113_197	olaTTNIg2_194	32.979	94	60	1	1	94	1	91	6.58e-14	53.5
olaTTNIg113_197	olaTTNIg23_194	30.208	96	64	1	2	97	1	93	1.22e-13	52.8
olaTTNIg113_197	olaTTNIg10_194	30.851	94	63	1	1	94	1	92	1.57e-12	50.1
olaTTNIg113_197	olaTTNIg21_195	31.915	94	61	1	1	94	1	91	1.70e-12	50.1
olaTTNIg113_197	olaTTNIg115_194	30.851	94	62	1	2	95	2	92	2.53e-12	49.7
olaTTNIg113_197	olaTTNIg4_195	36.709	79	45	2	16	92	16	91	1.48e-11	47.8
olaTTNIg113_197	olaTTNIg40_194	30.108	93	62	2	2	94	1	90	3.64e-11	46.6
olaTTNIg113_197	olaTTNIg5_198	29.787	94	64	1	1	94	1	92	7.69e-11	45.8
olaTTNIg113_197	olaTTNIg6_195	29.032	93	64	1	2	94	1	91	1.25e-10	45.1
olaTTNIg113_197	olaTTNIg33_195	31.707	82	53	1	16	97	16	94	2.14e-10	44.7
olaTTNIg113_197	olaTTNIg25_194	28.421	95	66	1	1	95	1	93	8.70e-10	43.1
olaTTNIg113_197	olaTTNIg50_192	29.268	82	54	2	1	82	1	78	1.84e-09	42
olaTTNIg113_197	olaTTNIg114_192	33.684	95	55	3	2	94	1	89	2.44e-09	41.6
olaTTNIg113_197	olaTTNIg3_195	28.889	90	59	2	1	88	1	87	2.72e-09	41.6
olaTTNIg113_197	olaTTNIg27_192	30	80	53	1	16	95	15	91	1.22e-08	40
olaTTNIg113_197	olaTTNIg91_193	25.532	94	65	2	2	95	1	89	4.13e-08	38.5
olaTTNIg113_197	olaTTNIg1_196	29.897	97	59	3	2	94	2	93	5.16e-08	38.5
olaTTNIg113_197	olaTTNIg30_194	28.421	95	64	2	1	94	1	92	5.25e-08	38.5
olaTTNIg113_197	olaTTNIg110_194	28.421	95	63	2	2	94	1	92	6.03e-08	38.1
olaTTNIg113_197	olaTTNIg36_194	23.404	94	68	3	2	94	2	92	8.20e-08	37.7
olaTTNIg113_197	olaTTNIg105_194	37.143	70	37	2	16	84	18	81	9.21e-08	37.7
olaTTNIg113_197	olaTTNIg108_193	27.711	83	57	1	12	94	11	90	1.38e-07	37.4
olaTTNIg113_197	olaTTNIg7_195	26.882	93	67	1	2	94	1	92	1.45e-07	37.4
olaTTNIg113_197	olaTTNIg98_196	23.711	97	68	3	1	97	6	96	2.55e-07	36.6
olaTTNIg113_197	olaTTNIg111_1101	30.435	92	42	3	13	94	19	98	2.65e-07	36.6
olaTTNIg113_197	olaTTNIg76_192	25.581	86	60	2	2	87	1	82	3.52e-07	36.2
olaTTNIg113_197	olaTTNIg9_193	29.114	79	52	2	16	94	15	89	3.86e-07	36.2
olaTTNIg113_197	olaTTNIg32_194	23.404	94	70	1	1	94	1	92	4.22e-07	35.8
olaTTNIg113_197	olaTTNIg38_193	23.404	94	69	1	1	94	1	91	4.42e-07	35.8
olaTTNIg113_197	olaTTNIg77_197	25.743	101	63	3	1	95	1	95	9.45e-07	35
olaTTNIg113_197	olaTTNIg44_197	29.293	99	60	4	1	94	3	96	1.28e-06	34.7
olaTTNIg113_197	olaTTNIg101_195	30.435	69	44	1	16	84	18	82	1.95e-06	34.3
olaTTNIg113_197	olaTTNIg55_190	30.12	83	52	3	1	81	1	79	2.22e-06	33.9
olaTTNIg113_197	olaTTNIg117_196	26.506	83	44	3	16	92	16	87	2.55e-06	33.9
olaTTNIg113_197	olaTTNIg18_389	31.325	83	49	3	12	94	12	86	3.47e-06	33.5
olaTTNIg113_197	olaTTNIg47_188	31.034	58	36	2	20	77	21	74	4.99e-06	33.1
olaTTNIg113_197	olaTTNIg85_194	20.69	87	66	1	11	97	11	94	5.59e-06	33.1
olaTTNIg113_197	olaTTNIg79_197	26.582	79	56	1	6	84	8	84	6.62e-06	32.7
olaTTNIg113_197	olaTTNIg37_193	24.468	94	68	2	1	94	1	91	7.46e-06	32.7
olaTTNIg113_197	olaTTNIg71_194	25.581	86	59	2	10	95	12	92	7.73e-06	32.7
olaTTNIg113_197	olaTTNIg94_193	22.989	87	64	1	2	88	1	84	8.82e-06	32.3
olaTTNIg113_197	olaTTNIg29_192	24.731	93	67	2	2	94	1	90	1.01e-05	32.3
olaTTNIg113_197	olaTTNIg39_194	23.158	95	69	2	1	94	1	92	1.03e-05	32.3
olaTTNIg113_197	olaTTNIg66_196	23.457	81	56	2	16	95	19	94	1.11e-05	32.3
olaTTNIg113_197	olaTTNIg15_187	25.532	94	62	3	1	94	1	86	1.16e-05	32
olaTTNIg113_197	olaTTNIg63_197	31.034	87	54	3	1	84	1	84	1.20e-05	32.3
olaTTNIg113_197	olaTTNIg107_194	22.222	99	69	2	2	97	1	94	1.49e-05	32
olaTTNIg113_197	olaTTNIg28_194	25.773	97	66	2	1	95	1	93	2.24e-05	31.6
olaTTNIg113_197	olaTTNIg26_192	29.87	77	46	3	24	97	21	92	3.10e-05	30.8
olaTTNIg113_197	olaTTNIg104_198	23.232	99	69	3	1	95	1	96	3.36e-05	30.8
olaTTNIg113_197	olaTTNIg73_197	22.449	98	66	3	1	95	1	91	4.30e-05	30.8
olaTTNIg113_197	olaTTNIg116_195	21.519	79	59	1	16	94	16	91	4.36e-05	30.8
olaTTNIg113_197	olaTTNIg43_297	33.333	48	29	1	33	80	33	77	6.35e-05	30
olaTTNIg113_197	olaTTNIg112_198	29.114	79	54	1	16	94	19	95	1.48e-04	29.3
olaTTNIg113_197	olaTTNIg99_197	27.143	70	48	1	16	85	18	84	1.94e-04	28.9
olaTTNIg113_197	olaTTNIg11_191	28.846	52	34	1	26	77	26	74	2.19e-04	28.9
olaTTNIg113_197	olaTTNIg61_188	25.61	82	57	2	1	82	2	79	2.41e-04	28.5
olaTTNIg113_197	olaTTNIg59_189	25.758	66	42	2	29	94	28	86	2.44e-04	28.5
olaTTNIg113_197	olaTTNIg60_187	24.468	94	63	3	1	94	1	86	2.45e-04	28.5
olaTTNIg113_197	olaTTNIg41_196	30.38	79	49	3	21	97	21	95	2.58e-04	28.5
olaTTNIg113_197	olaTTNIg68_199	26.667	90	54	2	16	97	14	99	2.61e-04	28.5
olaTTNIg113_197	olaTTNIg31_193	29.474	95	54	4	1	90	1	87	3.12e-04	28.5
olaTTNIg113_197	olaTTNIg88_193	19.277	83	64	1	2	84	1	80	3.22e-04	28.1
olaTTNIg113_197	olaTTNIg34_193	26.882	93	65	1	2	94	2	91	3.87e-04	28.1
olaTTNIg113_197	olaTTNIg48_188	25.806	93	61	3	4	96	4	88	4.07e-04	28.1
olaTTNIg113_197	olaTTNIg70_195	25	72	51	1	26	97	27	95	5.17e-04	27.7
olaTTNIg113_197	olaTTNIg12_189	31.481	54	35	1	39	92	38	89	6.22e-04	27.3
olaTTNIg113_197	olaTTNIg93_194	28.986	69	44	1	16	84	18	81	6.46e-04	27.3
olaTTNIg113_197	olaTTNIg51_488	26.087	92	60	4	4	95	1	84	6.55e-04	27.3
olaTTNIg113_197	olaTTNIg17_290	28.205	78	49	2	17	94	18	88	7.11e-04	27.3
olaTTNIg113_197	olaTTNIg90_195	24.658	73	50	1	12	84	15	82	8.61e-04	27.3
olaTTNIg113_197	olaTTNIg54_189	26.829	82	54	3	1	81	2	78	0.001	26.9
olaTTNIg113_197	olaTTNIg87_194	24.658	73	50	2	12	84	14	81	0.001	26.9
olaTTNIg113_197	olaTTNIg82_196	23.256	86	60	2	2	84	1	83	0.002	26.2
olaTTNIg113_197	olaTTNIg57_188	26.667	75	51	3	1	75	1	71	0.003	25.8
olaTTNIg113_197	olaTTNIg80_196	25	76	47	2	16	84	11	83	0.003	25.8
olaTTNIg113_197	olaTTNIg84_195	23.377	77	54	1	19	95	22	93	0.004	25.4
olaTTNIg113_197	olaTTNIg64_193	17.391	69	54	1	16	84	15	80	0.004	25
olaTTNIg113_197	olaTTNIg19_391	27.419	62	38	2	35	96	34	88	0.004	25
olaTTNIg113_197	olaTTNIg19_391	42.105	19	10	1	11	29	71	88	5.7	16.5
olaTTNIg113_197	olaTTNIg22_193	24.468	94	67	3	1	94	1	90	0.005	25
olaTTNIg113_197	olaTTNIg42_192	30.882	68	40	2	28	95	31	91	0.006	24.6
olaTTNIg113_197	olaTTNIg69_194	23.944	71	49	2	14	84	16	81	0.008	24.6
olaTTNIg113_197	olaTTNIg95_197	21.739	69	51	1	16	84	19	84	0.009	24.3
olaTTNIg113_197	olaTTNIg35_193	23.404	94	69	1	1	94	1	91	0.009	24.3
olaTTNIg113_197	olaTTNIg75_195	35.714	28	18	0	12	39	14	41	0.009	24.3
olaTTNIg113_197	olaTTNIg52_188	27.273	44	31	1	4	47	4	46	0.01	24.3
olaTTNIg113_197	olaTTNIg20_187	31.746	63	36	3	32	94	31	86	0.01	24.3
olaTTNIg113_197	olaTTNIg86_197	21.429	84	60	3	2	85	8	85	0.012	23.9
olaTTNIg113_197	olaTTNnewIg_1104	20.93	86	62	1	16	95	18	103	0.012	24.3
olaTTNIg113_197	olaTTNIg106_196	24.638	69	49	2	16	84	18	83	0.013	23.9
olaTTNIg113_197	olaTTNIg74_196	22.472	89	62	3	12	97	12	96	0.014	23.9
olaTTNIg113_197	olaTTNIg56_189	32.653	49	30	1	29	77	28	73	0.015	23.9
olaTTNIg113_197	olaTTNIg100_195	16.438	73	58	1	15	87	17	86	0.015	23.9
olaTTNIg113_197	olaTTNIg109_193	35.294	34	15	2	21	48	13	45	0.018	23.5
olaTTNIg113_197	olaTTNIg67_1104	25	60	41	1	29	84	32	91	0.02	23.5
olaTTNIg113_197	olaTTNIg81_193	26.761	71	43	2	16	77	18	88	0.023	23.1
olaTTNIg113_197	olaTTNIg78_196	33.333	24	16	0	14	37	16	39	0.037	22.7
olaTTNIg113_197	olaTTNIg58_193	21.429	84	57	3	18	95	12	92	0.043	22.3
olaTTNIg113_197	olaTTNIg83_195	29.63	27	19	0	16	42	17	43	0.049	22.3
olaTTNIg113_197	olaTTNIg14_188	20.833	72	54	1	7	78	7	75	0.052	22.3
olaTTNIg113_197	olaTTNIg8_195	27.273	66	45	1	29	94	30	92	0.061	21.9
olaTTNIg113_197	olaTTNIg72_197	23.256	86	57	2	16	95	13	95	0.067	21.9
olaTTNIg113_197	olaTTNIg89_196	18.75	96	72	3	2	97	7	96	0.12	21.2
olaTTNIg113_197	olaTTNIg102_195	22.078	77	55	1	11	87	14	85	0.14	21.2
olaTTNIg113_197	olaTTNIg92_196	36	25	16	0	16	40	18	42	0.18	20.8
olaTTNIg113_197	olaTTNIg49_187	21.739	92	61	4	4	94	4	85	0.25	20.4
olaTTNIg113_197	olaTTNIg96_194	26.25	80	50	2	16	95	18	88	0.37	20
olaTTNIg113_197	olaTTNIg103_196	21.918	73	54	1	12	84	14	83	0.44	19.6
olaTTNIg114_192	olaTTNIg114_192	100	92	0	0	1	92	1	92	2.12e-69	193
olaTTNIg114_192	olaTTNIg2_194	35.87	92	56	2	1	90	2	92	3.40e-18	64.3
olaTTNIg114_192	olaTTNIg21_195	31.522	92	60	2	1	90	2	92	7.28e-12	48.1
olaTTNIg114_192	olaTTNIg24_194	30.435	92	61	2	1	90	1	91	9.74e-12	47.8
olaTTNIg114_192	olaTTNIg39_194	36.364	77	46	2	15	89	17	92	2.16e-11	47
olaTTNIg114_192	olaTTNIg27_192	31.868	91	59	2	1	89	1	90	4.80e-11	45.8
olaTTNIg114_192	olaTTNIg110_194	31.183	93	61	2	1	90	1	93	6.00e-11	45.8
olaTTNIg114_192	olaTTNIg8_195	34.694	98	51	4	1	90	1	93	1.06e-10	45.1
olaTTNIg114_192	olaTTNIg6_195	30.851	94	59	3	1	90	1	92	1.07e-10	45.1
olaTTNIg114_192	olaTTNIg87_194	30.488	82	52	2	10	89	13	91	2.70e-10	44.3
olaTTNIg114_192	olaTTNIg3_195	29.545	88	59	2	7	92	8	94	4.01e-10	43.5
olaTTNIg114_192	olaTTNIg5_198	35.417	96	56	3	1	92	2	95	8.53e-10	42.7
olaTTNIg114_192	olaTTNIg74_196	31.915	94	58	4	1	89	1	93	1.10e-09	42.7
olaTTNIg114_192	olaTTNIg4_195	32.222	90	58	2	1	87	2	91	1.33e-09	42.4
olaTTNIg114_192	olaTTNIg44_197	33.333	93	56	3	3	90	6	97	1.66e-09	42
olaTTNIg114_192	olaTTNIg94_193	26.25	80	56	2	12	89	12	90	2.21e-09	41.6
olaTTNIg114_192	olaTTNIg113_197	33.684	95	55	3	1	89	2	94	2.31e-09	41.6
olaTTNIg114_192	olaTTNIg55_190	32.911	79	51	2	3	80	6	83	2.45e-09	41.6
olaTTNIg114_192	olaTTNIg40_194	30.851	94	62	2	1	92	1	93	2.82e-09	41.6
olaTTNIg114_192	olaTTNIg9_193	30.588	85	55	2	10	92	10	92	2.95e-09	41.6
olaTTNIg114_192	olaTTNIg1_196	31.183	93	59	3	1	89	2	93	3.09e-09	41.6
olaTTNIg114_192	olaTTNIg88_193	28.788	66	44	2	16	79	16	80	5.73e-09	40.8
olaTTNIg114_192	olaTTNIg15_187	33.721	86	47	5	7	89	8	86	5.75e-09	40.4
olaTTNIg114_192	olaTTNIg117_196	28.049	82	54	3	13	92	14	92	1.74e-08	39.3
olaTTNIg114_192	olaTTNIg81_193	28.75	80	51	2	12	89	15	90	2.08e-08	39.3
olaTTNIg114_192	olaTTNIg76_192	34.247	73	43	3	13	82	12	82	2.76e-08	38.9
olaTTNIg114_192	olaTTNIg41_196	31.111	90	52	4	8	91	9	94	2.84e-08	38.9
olaTTNIg114_192	olaTTNIg38_193	28.571	91	62	3	1	89	2	91	3.02e-08	38.9
olaTTNIg114_192	olaTTNIg82_196	28.049	82	56	2	10	89	13	93	3.36e-08	38.9
olaTTNIg114_192	olaTTNIg85_194	27.174	92	62	3	1	89	2	91	7.52e-08	37.7
olaTTNIg114_192	olaTTNIg29_192	24.731	93	67	2	1	91	1	92	8.16e-08	37.7
olaTTNIg114_192	olaTTNIg115_194	30.769	78	49	3	15	89	16	91	1.11e-07	37.4
olaTTNIg114_192	olaTTNIg83_195	26.25	80	56	2	12	89	14	92	1.54e-07	37
olaTTNIg114_192	olaTTNIg73_197	29.348	92	54	4	6	89	4	92	1.97e-07	36.6
olaTTNIg114_192	olaTTNIg90_195	28.889	90	59	2	2	89	6	92	2.56e-07	36.6
olaTTNIg114_192	olaTTNIg97_197	28.767	73	51	1	10	81	14	86	2.82e-07	36.2
olaTTNIg114_192	olaTTNIg10_194	36.25	80	45	3	15	90	16	93	2.89e-07	36.2
olaTTNIg114_192	olaTTNIg30_194	31.313	99	52	4	1	90	2	93	3.05e-07	36.2
olaTTNIg114_192	olaTTNIg93_194	26.829	82	55	2	10	89	13	91	3.43e-07	36.2
olaTTNIg114_192	olaTTNIg107_194	28.75	80	52	2	12	89	15	91	3.50e-07	36.2
olaTTNIg114_192	olaTTNIg25_194	25.275	91	66	1	1	89	2	92	5.63e-07	35.4
olaTTNIg114_192	olaTTNIg23_194	25	92	66	2	1	90	1	91	6.88e-07	35.4
olaTTNIg114_192	olaTTNIg91_193	25.714	70	49	2	15	82	15	83	1.15e-06	34.7
olaTTNIg114_192	olaTTNIg36_194	25	80	57	2	13	90	15	93	1.87e-06	34.3
olaTTNIg114_192	olaTTNIg33_195	27.586	87	54	3	8	89	9	91	2.35e-06	33.9
olaTTNIg114_192	olaTTNIg31_193	25.275	91	63	3	1	88	2	90	2.38e-06	33.9
olaTTNIg114_192	olaTTNIg98_196	26.744	86	58	3	7	90	10	92	2.43e-06	33.9
olaTTNIg114_192	olaTTNIg95_197	24.138	87	57	3	5	83	3	88	2.92e-06	33.5
olaTTNIg114_192	olaTTNIg108_193	25	92	66	2	1	90	1	91	4.19e-06	33.1
olaTTNIg114_192	olaTTNIg101_195	24.176	91	53	3	10	92	13	95	4.27e-06	33.1
olaTTNIg114_192	olaTTNIg66_196	27.5	80	54	3	12	89	16	93	5.02e-06	33.1
olaTTNIg114_192	olaTTNIg105_194	31.646	79	49	2	13	89	16	91	5.42e-06	32.7
olaTTNIg114_192	olaTTNIg37_193	44.737	38	19	1	53	88	55	92	5.45e-06	32.7
olaTTNIg114_192	olaTTNIg77_197	20.69	87	66	2	5	89	9	94	6.09e-06	32.7
olaTTNIg114_192	olaTTNIg7_195	26.316	95	65	3	1	90	1	95	6.17e-06	32.7
olaTTNIg114_192	olaTTNIg61_188	24.658	73	53	2	15	86	17	88	9.89e-06	32
olaTTNIg114_192	olaTTNIg59_189	25.581	86	58	3	3	87	4	84	1.16e-05	32
olaTTNIg114_192	olaTTNIg50_192	25.926	81	56	3	7	84	8	87	1.37e-05	32
olaTTNIg114_192	olaTTNIg79_197	33.803	71	43	3	13	80	16	85	1.57e-05	31.6
olaTTNIg114_192	olaTTNIg35_193	27.5	80	55	2	14	91	15	93	3.29e-05	30.8
olaTTNIg114_192	olaTTNIg20_187	30.108	93	51	5	3	90	4	87	5.10e-05	30
olaTTNIg114_192	olaTTNIg84_195	27.273	88	54	4	7	89	10	92	1.24e-04	29.3
olaTTNIg114_192	olaTTNIg103_196	23.171	82	60	2	10	89	13	93	1.43e-04	29.3
olaTTNIg114_192	olaTTNIg89_196	23.288	73	53	2	10	80	13	84	1.43e-04	29.3
olaTTNIg114_192	olaTTNIg17_290	26.667	90	59	3	3	90	5	89	1.50e-04	28.9
olaTTNIg114_192	olaTTNIg19_391	32.941	85	49	4	7	89	8	86	1.72e-04	28.9
olaTTNIg114_192	olaTTNIg116_195	25.882	85	56	4	12	92	13	94	1.85e-04	28.9
olaTTNIg114_192	olaTTNIg72_197	24.211	95	53	4	5	89	9	94	1.98e-04	28.9
olaTTNIg114_192	olaTTNIg34_193	28.125	96	58	3	1	90	2	92	2.11e-04	28.5
olaTTNIg114_192	olaTTNIg99_197	26.506	83	57	3	13	92	16	97	2.21e-04	28.5
olaTTNIg114_192	olaTTNIg56_189	30.864	81	54	2	3	82	4	83	3.74e-04	28.1
olaTTNIg114_192	olaTTNIg68_199	25.843	89	56	3	10	89	9	96	4.59e-04	27.7
olaTTNIg114_192	olaTTNIg52_188	29.213	89	57	3	3	90	4	87	4.68e-04	27.7
olaTTNIg114_192	olaTTNIg96_194	26.25	80	54	2	12	89	15	91	6.43e-04	27.3
olaTTNIg114_192	olaTTNIg67_1104	23.457	81	54	2	9	81	13	93	6.68e-04	27.3
olaTTNIg114_192	olaTTNIg63_197	23.864	88	62	3	5	89	9	94	0.001	26.9
olaTTNIg114_192	olaTTNIg47_188	22.222	81	61	2	3	82	5	84	0.001	26.6
olaTTNIg114_192	olaTTNIg100_195	24	75	54	2	10	82	13	86	0.002	26.2
olaTTNIg114_192	olaTTNIg32_194	22.727	110	47	4	1	90	2	93	0.002	26.2
olaTTNIg114_192	olaTTNIg28_194	31.429	35	24	0	55	89	58	92	0.002	26.2
olaTTNIg114_192	olaTTNIg69_194	26.866	67	44	3	15	79	18	81	0.002	25.8
olaTTNIg114_192	olaTTNIg22_193	21.978	91	69	2	1	90	2	91	0.003	25.4
olaTTNIg114_192	olaTTNIg16_189	28.889	90	54	4	3	89	5	87	0.003	25.4
olaTTNIg114_192	olaTTNIg13_189	24.528	53	39	1	32	84	34	85	0.004	25.4
olaTTNIg114_192	olaTTNIg64_193	24.359	78	56	2	14	89	14	90	0.005	25
olaTTNIg114_192	olaTTNIg78_196	23.171	82	60	2	10	89	13	93	0.006	24.6
olaTTNIg114_192	olaTTNIg42_192	29.032	62	40	3	14	72	17	77	0.007	24.6
olaTTNIg114_192	olaTTNIg80_196	28.889	90	56	5	5	89	7	93	0.01	24.3
olaTTNIg114_192	olaTTNIg102_195	25.316	79	54	2	13	89	17	92	0.014	23.9
olaTTNIg114_192	olaTTNIg75_195	25	80	54	3	13	89	16	92	0.016	23.5
olaTTNIg114_192	olaTTNnewIg_1104	37.931	29	15	2	12	37	15	43	0.037	22.7
olaTTNIg114_192	olaTTNIg48_188	24	50	37	1	3	51	4	53	0.065	21.9
olaTTNIg114_192	olaTTNIg112_198	23.457	81	56	3	13	89	17	95	0.07	21.9
olaTTNIg114_192	olaTTNIg46_189	23.636	55	41	1	28	82	31	84	0.072	21.6
olaTTNIg114_192	olaTTNIg60_187	22.414	58	43	2	14	70	15	71	0.087	21.6
olaTTNIg114_192	olaTTNIg12_189	33.333	33	22	0	55	87	57	89	0.1	21.2
olaTTNIg114_192	olaTTNIg45_192	21.127	71	50	3	3	70	5	72	0.16	20.8
olaTTNIg114_192	olaTTNIg111_1101	23.377	77	57	1	15	89	22	98	0.41	19.6
olaTTNIg114_192	olaTTNIg86_197	25	68	46	3	15	79	19	84	0.86	18.9
olaTTNIg114_192	olaTTNIg92_196	27.586	29	21	0	61	89	65	93	1.7	18.1
olaTTNIg115_194	olaTTNIg115_194	100	94	0	0	1	94	1	94	3.62e-71	198
olaTTNIg115_194	olaTTNIg2_194	35.484	93	60	0	2	94	2	94	1.62e-17	62.8
olaTTNIg115_194	olaTTNIg10_194	34.043	94	61	1	1	93	1	94	4.78e-15	56.2
olaTTNIg115_194	olaTTNIg6_195	28.723	94	66	1	2	94	1	94	6.57e-13	50.8
olaTTNIg115_194	olaTTNIg36_194	30.488	82	56	1	1	81	1	82	1.16e-12	50.4
olaTTNIg115_194	olaTTNIg91_193	22.727	88	68	0	2	89	1	88	1.40e-12	50.1
olaTTNIg115_194	olaTTNIg113_197	30.851	94	62	1	2	92	2	95	2.45e-12	49.7
olaTTNIg115_194	olaTTNIg110_194	32.609	92	60	2	2	91	1	92	3.69e-12	48.9
olaTTNIg115_194	olaTTNIg9_193	27.778	90	64	1	2	91	1	89	9.42e-12	47.8
olaTTNIg115_194	olaTTNIg1_196	29.167	96	66	1	1	94	1	96	6.31e-11	45.8
olaTTNIg115_194	olaTTNIg5_198	25.926	81	59	1	2	81	2	82	6.94e-11	45.8
olaTTNIg115_194	olaTTNIg37_193	30.12	83	58	0	2	84	2	84	8.55e-11	45.4
olaTTNIg115_194	olaTTNIg82_196	25.714	70	52	0	16	85	18	87	1.61e-10	44.7
olaTTNIg115_194	olaTTNIg98_196	31.884	69	47	0	16	84	18	86	1.69e-10	44.7
olaTTNIg115_194	olaTTNIg117_196	29.348	92	65	0	1	92	1	92	1.77e-10	44.7
olaTTNIg115_194	olaTTNIg23_194	27.778	90	65	0	2	91	1	90	4.14e-10	43.5
olaTTNIg115_194	olaTTNIg108_193	28.409	88	63	0	2	89	1	88	4.33e-10	43.5
olaTTNIg115_194	olaTTNIg116_195	23.864	88	67	0	4	91	4	91	7.44e-10	43.1
olaTTNIg115_194	olaTTNIg21_195	28.889	90	64	0	2	91	2	91	7.44e-10	43.1
olaTTNIg115_194	olaTTNIg24_194	31.429	70	48	0	13	82	12	81	1.48e-09	42.4
olaTTNIg115_194	olaTTNIg3_195	25.275	91	68	0	1	91	1	91	2.17e-09	42
olaTTNIg115_194	olaTTNIg72_197	25.758	66	49	0	16	81	19	84	3.64e-09	41.2
olaTTNIg115_194	olaTTNIg90_195	26.582	79	56	1	13	91	16	92	4.44e-09	41.2
olaTTNIg115_194	olaTTNIg4_195	24.176	91	67	1	1	89	1	91	4.63e-09	40.8
olaTTNIg115_194	olaTTNIg61_188	33.846	65	42	1	14	78	15	78	5.70e-09	40.4
olaTTNIg115_194	olaTTNIg30_194	25.926	81	59	1	2	81	2	82	7.34e-09	40.4
olaTTNIg115_194	olaTTNIg22_193	28.571	63	45	0	32	94	31	93	8.83e-09	40
olaTTNIg115_194	olaTTNIg95_197	24.419	86	62	1	2	84	2	87	1.18e-08	40
olaTTNIg115_194	olaTTNIg69_194	31.818	66	43	1	16	81	18	81	1.22e-08	40
olaTTNIg115_194	olaTTNIg33_195	31.579	76	52	0	7	82	7	82	1.45e-08	39.7
olaTTNIg115_194	olaTTNIg40_194	21.978	91	69	1	2	92	1	89	1.55e-08	39.7
olaTTNIg115_194	olaTTNIg27_192	29.67	91	64	0	2	92	1	91	1.57e-08	39.7
olaTTNIg115_194	olaTTNIg76_192	27.536	69	50	0	16	84	14	82	1.83e-08	39.3
olaTTNIg115_194	olaTTNIg85_194	20.238	84	67	0	1	84	1	84	3.67e-08	38.5
olaTTNIg115_194	olaTTNIg105_194	32.836	67	43	1	16	82	18	82	5.85e-08	38.1
olaTTNIg115_194	olaTTNIg74_196	24.731	93	67	2	2	91	1	93	6.25e-08	38.1
olaTTNIg115_194	olaTTNIg83_195	26.829	82	58	1	2	81	1	82	6.28e-08	38.1
olaTTNIg115_194	olaTTNIg92_196	30.303	66	46	0	16	81	18	83	7.65e-08	37.7
olaTTNIg115_194	olaTTNIg73_197	20.69	58	46	0	25	82	28	85	1.09e-07	37.4
olaTTNIg115_194	olaTTNIg114_192	30.769	78	49	3	16	91	15	89	1.14e-07	37.4
olaTTNIg115_194	olaTTNIg57_188	27.778	72	51	1	1	72	1	71	1.26e-07	37
olaTTNIg115_194	olaTTNIg35_193	28.889	90	64	0	2	91	2	91	1.37e-07	37
olaTTNIg115_194	olaTTNIg41_196	28.767	73	51	1	21	92	21	93	1.52e-07	37
olaTTNIg115_194	olaTTNIg97_197	28.395	81	51	3	2	81	10	84	1.56e-07	37
olaTTNIg115_194	olaTTNIg42_192	27.692	65	46	1	13	76	15	79	1.60e-07	37
olaTTNIg115_194	olaTTNIg112_198	27.848	79	56	1	16	93	19	97	2.14e-07	36.6
olaTTNIg115_194	olaTTNIg58_193	28.395	81	55	2	3	82	3	81	2.65e-07	36.2
olaTTNIg115_194	olaTTNIg89_196	22.727	66	51	0	16	81	18	83	2.69e-07	36.6
olaTTNIg115_194	olaTTNIg71_194	32.895	76	49	2	9	84	11	84	2.93e-07	36.2
olaTTNIg115_194	olaTTNIg87_194	26.316	76	54	1	16	91	18	91	3.43e-07	36.2
olaTTNIg115_194	olaTTNIg86_197	23.81	84	61	1	2	82	2	85	3.76e-07	36.2
olaTTNIg115_194	olaTTNIg77_197	22.892	83	61	1	2	81	2	84	3.84e-07	36.2
olaTTNIg115_194	olaTTNIg59_189	38.889	54	31	2	28	80	27	79	4.67e-07	35.8
olaTTNIg115_194	olaTTNIg94_193	23.333	90	65	1	2	91	1	86	6.78e-07	35.4
olaTTNIg115_194	olaTTNIg107_194	30	70	47	1	13	82	15	82	6.96e-07	35.4
olaTTNIg115_194	olaTTNIg47_188	26.866	67	48	1	8	74	9	74	9.32e-07	35
olaTTNIg115_194	olaTTNIg88_193	23.457	81	62	0	2	82	1	81	9.81e-07	35
olaTTNIg115_194	olaTTNIg29_192	34.694	49	32	0	33	81	32	80	1.04e-06	34.7
olaTTNIg115_194	olaTTNIg34_193	24.051	79	58	1	1	79	1	77	1.15e-06	34.7
olaTTNIg115_194	olaTTNIg101_195	27.536	69	49	1	13	81	15	82	2.16e-06	33.9
olaTTNIg115_194	olaTTNIg17_290	27.473	91	62	1	1	91	2	88	2.32e-06	33.9
olaTTNIg115_194	olaTTNIg25_194	25.275	91	65	2	2	91	2	90	2.79e-06	33.9
olaTTNIg115_194	olaTTNIg64_193	21.978	91	69	1	5	93	2	92	3.19e-06	33.5
olaTTNIg115_194	olaTTNIg79_197	27.5	80	57	1	16	94	18	97	3.92e-06	33.5
olaTTNIg115_194	olaTTNIg44_197	35.088	57	37	0	35	91	40	96	4.13e-06	33.5
olaTTNIg115_194	olaTTNIg7_195	24.39	82	60	1	2	81	1	82	4.36e-06	33.1
olaTTNIg115_194	olaTTNIg70_195	27.273	55	40	0	27	81	28	82	4.95e-06	33.1
olaTTNIg115_194	olaTTNIg93_194	28.986	69	47	1	13	81	15	81	5.88e-06	32.7
olaTTNIg115_194	olaTTNIg63_197	26.316	76	54	1	16	91	19	92	7.73e-06	32.7
olaTTNIg115_194	olaTTNIg8_195	24.211	95	70	1	2	94	1	95	8.79e-06	32.3
olaTTNIg115_194	olaTTNIg60_187	28.261	46	33	0	27	72	26	71	1.19e-05	32
olaTTNIg115_194	olaTTNIg54_189	30.612	49	34	0	32	80	32	80	1.27e-05	32
olaTTNIg115_194	olaTTNIg66_196	26.316	76	55	1	16	91	19	93	1.79e-05	31.6
olaTTNIg115_194	olaTTNIg106_196	21.429	70	55	0	16	85	18	87	1.95e-05	31.6
olaTTNIg115_194	olaTTNIg75_195	25	76	56	1	16	91	18	92	1.96e-05	31.6
olaTTNIg115_194	olaTTNIg104_198	21.212	66	52	0	16	81	20	85	2.02e-05	31.6
olaTTNIg115_194	olaTTNIg46_189	24.658	73	54	1	8	80	9	80	2.63e-05	31.2
olaTTNIg115_194	olaTTNIg81_193	22.368	76	56	1	9	84	11	83	3.22e-05	30.8
olaTTNIg115_194	olaTTNIg12_189	29.787	94	56	4	1	91	1	87	3.30e-05	30.8
olaTTNIg115_194	olaTTNIg96_194	28.571	70	48	1	13	82	15	82	4.94e-05	30.4
olaTTNIg115_194	olaTTNIg100_195	23.377	77	54	1	2	78	9	80	5.38e-05	30.4
olaTTNIg115_194	olaTTNIg99_197	23.077	78	59	1	6	82	7	84	8.61e-05	29.6
olaTTNIg115_194	olaTTNIg111_1101	26.582	79	55	2	16	92	22	99	1.22e-04	29.3
olaTTNIg115_194	olaTTNIg39_194	26.667	60	44	0	33	92	34	93	1.45e-04	29.3
olaTTNIg115_194	olaTTNIg55_190	27.083	48	35	0	33	80	34	81	2.44e-04	28.5
olaTTNIg115_194	olaTTNIg84_195	25.806	62	44	1	20	81	23	82	2.93e-04	28.5
olaTTNIg115_194	olaTTNIg19_391	27.027	74	53	1	3	76	3	75	4.33e-04	27.7
olaTTNIg115_194	olaTTNIg103_196	20.29	69	55	0	25	93	27	95	5.21e-04	27.7
olaTTNIg115_194	olaTTNIg80_196	27.586	58	42	0	24	81	26	83	0.001	26.9
olaTTNIg115_194	olaTTNIg62_195	27.869	61	43	1	25	84	26	86	0.001	26.6
olaTTNIg115_194	olaTTNIg67_1104	17.568	74	54	1	16	82	19	92	0.002	26.2
olaTTNIg115_194	olaTTNIg52_188	27.778	54	39	0	27	80	26	79	0.002	25.8
olaTTNIg115_194	olaTTNIg13_189	32.759	58	37	1	32	89	31	86	0.003	25.8
olaTTNIg115_194	olaTTNIg109_193	22.388	67	51	1	16	81	14	80	0.003	25.8
olaTTNIg115_194	olaTTNnewIg_1104	26.19	42	27	2	2	39	1	42	0.003	25.8
olaTTNIg115_194	olaTTNIg31_193	25	56	41	1	30	84	29	84	0.005	25
olaTTNIg115_194	olaTTNIg78_196	35	20	13	0	16	35	18	37	0.006	25
olaTTNIg115_194	olaTTNIg20_187	30.435	46	30	2	32	76	31	75	0.006	24.6
olaTTNIg115_194	olaTTNIg26_192	24.242	66	48	1	2	67	1	64	0.007	24.6
olaTTNIg115_194	olaTTNIg56_189	26.087	46	34	0	27	72	26	71	0.009	24.3
olaTTNIg115_194	olaTTNIg43_297	22.581	62	47	1	33	93	33	94	0.014	23.9
olaTTNIg115_194	olaTTNIg45_192	27.451	51	36	1	23	72	22	72	0.016	23.5
olaTTNIg115_194	olaTTNIg68_199	25	92	48	3	16	93	14	98	0.017	23.5
olaTTNIg115_194	olaTTNIg14_188	23.333	60	46	0	16	75	16	75	0.022	23.1
olaTTNIg115_194	olaTTNIg48_188	28.947	38	26	1	8	45	8	44	0.028	22.7
olaTTNIg115_194	olaTTNIg38_193	24.138	58	44	0	35	92	35	92	0.031	22.7
olaTTNIg115_194	olaTTNIg16_189	28.261	46	33	0	27	72	27	72	0.064	21.9
olaTTNIg115_194	olaTTNIg49_187	19.672	61	49	0	20	80	18	78	0.099	21.2
olaTTNIg115_194	olaTTNIg15_187	22.807	57	40	1	35	91	34	86	0.13	20.8
olaTTNIg115_194	olaTTNIg51_488	21.429	42	33	0	33	74	29	70	1.7	17.7
olaTTNIg115_194	olaTTNIg28_194	33.333	24	16	0	58	81	59	82	5	16.5
olaTTNIg116_195	olaTTNIg116_195	100	95	0	0	1	95	1	95	7.52e-71	197
olaTTNIg116_195	olaTTNIg86_197	36	75	48	0	9	83	12	86	2.81e-18	64.7
olaTTNIg116_195	olaTTNIg33_195	26.374	91	67	0	1	91	1	91	9.08e-15	55.8
olaTTNIg116_195	olaTTNIg6_195	33.696	92	60	1	5	95	4	95	1.67e-14	55.1
olaTTNIg116_195	olaTTNIg9_193	34.043	94	57	2	4	95	3	93	1.98e-14	54.7
olaTTNIg116_195	olaTTNIg89_196	27.711	83	60	0	9	91	11	93	5.72e-14	53.5
olaTTNIg116_195	olaTTNIg72_197	28.916	83	59	0	9	91	12	94	1.29e-13	52.8
olaTTNIg116_195	olaTTNIg27_192	32.099	81	55	0	11	91	10	90	1.41e-12	50.1
olaTTNIg116_195	olaTTNIg81_193	32.468	77	49	1	9	85	11	84	3.01e-12	49.3
olaTTNIg116_195	olaTTNIg76_192	28.409	88	63	0	5	92	3	90	3.65e-12	48.9
olaTTNIg116_195	olaTTNIg107_194	33.75	80	51	1	12	91	14	91	3.81e-12	48.9
olaTTNIg116_195	olaTTNIg117_196	26.667	90	62	2	4	91	4	91	9.31e-12	48.1
olaTTNIg116_195	olaTTNIg44_197	31.765	85	51	3	1	80	3	85	2.04e-11	47.4
olaTTNIg116_195	olaTTNIg4_195	29.545	88	60	1	4	89	4	91	3.01e-11	46.6
olaTTNIg116_195	olaTTNIg92_196	31.507	73	50	0	11	83	13	85	4.93e-11	46.2
olaTTNIg116_195	olaTTNIg105_194	26.506	83	59	1	9	91	11	91	5.44e-11	45.8
olaTTNIg116_195	olaTTNIg77_197	30.12	83	58	0	9	91	12	94	7.32e-11	45.8
olaTTNIg116_195	olaTTNIg23_194	27.586	87	59	2	11	95	10	94	9.10e-11	45.4
olaTTNIg116_195	olaTTNIg71_194	31.646	79	51	3	16	93	18	94	1.83e-10	44.7
olaTTNIg116_195	olaTTNIg41_196	30.435	92	63	1	5	95	5	96	2.36e-10	44.3
olaTTNIg116_195	olaTTNIg83_195	20.988	81	64	0	11	91	12	92	6.89e-10	43.1
olaTTNIg116_195	olaTTNIg115_194	23.864	88	67	0	4	91	4	91	7.52e-10	43.1
olaTTNIg116_195	olaTTNIg73_197	28.736	87	62	0	5	91	8	94	8.50e-10	43.1
olaTTNIg116_195	olaTTNIg1_196	28.75	80	54	2	6	82	5	84	9.08e-10	42.7
olaTTNIg116_195	olaTTNIg78_196	28	75	54	0	9	83	11	85	9.28e-10	42.7
olaTTNIg116_195	olaTTNIg36_194	23.656	93	71	0	1	93	2	94	1.28e-09	42.4
olaTTNIg116_195	olaTTNIg22_193	27.174	92	66	1	1	92	1	91	1.61e-09	42.4
olaTTNIg116_195	olaTTNIg88_193	29.231	65	46	0	27	91	26	90	1.79e-09	42
olaTTNIg116_195	olaTTNIg28_194	28.261	92	65	1	1	91	1	92	2.92e-09	41.6
olaTTNIg116_195	olaTTNIg108_193	28.947	76	54	0	16	91	15	90	3.30e-09	41.2
olaTTNIg116_195	olaTTNIg69_194	28.916	83	57	1	6	88	8	88	3.40e-09	41.2
olaTTNIg116_195	olaTTNIg95_197	27.027	74	54	0	9	82	12	85	4.45e-09	41.2
olaTTNIg116_195	olaTTNIg55_190	31.507	73	48	2	1	72	2	73	5.31e-09	40.8
olaTTNIg116_195	olaTTNIg96_194	30.556	72	48	1	11	82	13	82	1.17e-08	40
olaTTNIg116_195	olaTTNIg79_197	28	75	53	1	12	85	14	88	1.25e-08	40
olaTTNIg116_195	olaTTNIg2_194	26.19	84	58	2	1	82	1	82	1.58e-08	39.7
olaTTNIg116_195	olaTTNIg67_1104	28.916	83	52	2	7	82	10	92	1.80e-08	39.7
olaTTNIg116_195	olaTTNIg80_196	31.169	77	52	1	9	84	10	86	2.09e-08	39.3
olaTTNIg116_195	olaTTNIg3_195	25.806	93	69	0	3	95	3	95	2.54e-08	39.3
olaTTNIg116_195	olaTTNIg82_196	26.027	73	54	0	9	81	11	83	2.96e-08	38.9
olaTTNIg116_195	olaTTNIg103_196	26.19	84	60	1	9	92	11	92	3.78e-08	38.5
olaTTNIg116_195	olaTTNIg75_195	27.381	84	58	2	9	91	11	92	4.95e-08	38.5
olaTTNIg116_195	olaTTNIg24_194	30	70	49	0	13	82	12	81	5.19e-08	38.1
olaTTNIg116_195	olaTTNIg102_195	26.437	87	62	1	5	91	8	92	5.56e-08	38.1
olaTTNIg116_195	olaTTNIg39_194	23.913	92	69	1	1	91	1	92	5.83e-08	38.1
olaTTNIg116_195	olaTTNIg64_193	24.051	79	60	0	3	81	2	80	9.84e-08	37.4
olaTTNIg116_195	olaTTNIg100_195	23.377	77	58	1	16	91	18	94	1.07e-07	37.4
olaTTNIg116_195	olaTTNIg5_198	26.829	82	59	1	1	81	1	82	1.18e-07	37.4
olaTTNIg116_195	olaTTNIg47_188	31.25	64	43	1	13	76	14	76	1.42e-07	37
olaTTNIg116_195	olaTTNIg18_389	30.137	73	50	1	4	76	4	75	1.60e-07	37
olaTTNIg116_195	olaTTNIg66_196	29.333	75	52	1	11	85	14	87	2.20e-07	36.6
olaTTNIg116_195	olaTTNIg20_187	29.231	65	45	1	9	73	9	72	2.48e-07	36.2
olaTTNIg116_195	olaTTNIg19_391	32.584	89	54	3	5	92	4	87	2.54e-07	36.2
olaTTNIg116_195	olaTTNIg30_194	28.049	82	58	1	1	81	1	82	2.68e-07	36.6
olaTTNIg116_195	olaTTNIg87_194	27.632	76	53	2	16	91	18	91	2.71e-07	36.6
olaTTNIg116_195	olaTTNIg74_196	28.571	77	53	1	11	85	11	87	3.88e-07	36.2
olaTTNIg116_195	olaTTNIg11_191	29.87	77	48	4	3	76	3	76	4.23e-07	35.8
olaTTNIg116_195	olaTTNIg42_192	25.974	77	56	1	1	76	3	79	9.60e-07	35
olaTTNIg116_195	olaTTNIg32_194	27.273	99	59	2	1	92	1	93	1.10e-06	34.7
olaTTNIg116_195	olaTTNIg112_198	28.049	82	58	1	12	92	15	96	1.20e-06	34.7
olaTTNIg116_195	olaTTNIg91_193	23.684	76	58	0	16	91	15	90	1.87e-06	34.3
olaTTNIg116_195	olaTTNIg40_194	24.138	87	66	0	9	95	8	94	2.09e-06	33.9
olaTTNIg116_195	olaTTNIg93_194	25.316	79	57	1	13	91	15	91	2.87e-06	33.9
olaTTNIg116_195	olaTTNIg70_195	26.866	67	45	2	27	91	28	92	3.07e-06	33.5
olaTTNIg116_195	olaTTNIg13_189	28.947	76	53	1	1	76	1	75	3.56e-06	33.5
olaTTNIg116_195	olaTTNIg57_188	23.288	73	55	1	1	73	1	72	4.51e-06	33.1
olaTTNIg116_195	olaTTNIg10_194	25.556	90	66	1	4	92	4	93	5.00e-06	33.1
olaTTNIg116_195	olaTTNIg58_193	28.049	82	54	3	4	83	4	82	5.08e-06	33.1
olaTTNIg116_195	olaTTNIg34_193	22.619	84	64	1	2	84	1	84	6.74e-06	32.7
olaTTNIg116_195	olaTTNIg90_195	21.429	84	62	2	9	91	12	92	7.39e-06	32.7
olaTTNIg116_195	olaTTNIg90_195	40	40	19	2	36	73	10	46	0.098	21.6
olaTTNIg116_195	olaTTNIg43_297	24.286	70	52	1	7	76	8	76	9.63e-06	32.3
olaTTNIg116_195	olaTTNIg59_189	31.746	63	42	1	14	76	14	75	1.03e-05	32.3
olaTTNIg116_195	olaTTNIg98_196	23.077	78	60	0	14	91	16	93	1.35e-05	32
olaTTNIg116_195	olaTTNIg104_198	22.078	77	60	0	9	85	13	89	1.70e-05	31.6
olaTTNIg116_195	olaTTNIg63_197	23.457	81	62	0	11	91	14	94	2.00e-05	31.6
olaTTNIg116_195	olaTTNIg106_196	29.333	75	52	1	8	81	9	83	2.36e-05	31.2
olaTTNIg116_195	olaTTNIg110_194	23.256	86	62	2	9	91	8	92	2.68e-05	31.2
olaTTNIg116_195	olaTTNIg31_193	25.373	67	50	0	15	81	15	81	3.09e-05	30.8
olaTTNIg116_195	olaTTNIg99_197	24.096	83	58	3	12	92	14	93	3.20e-05	30.8
olaTTNIg116_195	olaTTNIg111_1101	25.316	79	56	2	15	91	21	98	3.62e-05	30.8
olaTTNIg116_195	olaTTNIg14_188	25.641	78	54	1	15	92	15	88	3.78e-05	30.8
olaTTNIg116_195	olaTTNIg38_193	19.231	78	63	0	16	93	16	93	3.97e-05	30.8
olaTTNIg116_195	olaTTNIg113_197	21.519	79	59	1	16	91	16	94	4.27e-05	30.8
olaTTNIg116_195	olaTTNIg16_189	29.167	72	45	4	5	73	5	73	5.37e-05	30
olaTTNIg116_195	olaTTNIg84_195	30.645	62	39	2	25	85	28	86	5.99e-05	30
olaTTNIg116_195	olaTTNIg29_192	24.324	74	54	1	8	81	9	80	6.87e-05	30
olaTTNIg116_195	olaTTNIg35_193	25	92	69	0	1	92	1	92	7.56e-05	30
olaTTNIg116_195	olaTTNIg94_193	21.918	73	57	0	13	85	12	84	8.13e-05	29.6
olaTTNIg116_195	olaTTNIg61_188	15.854	82	68	1	1	82	2	82	8.34e-05	29.6
olaTTNIg116_195	olaTTNIg109_193	25.974	77	56	1	16	91	14	90	1.53e-04	29.3
olaTTNIg116_195	olaTTNIg114_192	25.882	85	56	4	13	94	12	92	1.91e-04	28.9
olaTTNIg116_195	olaTTNIg25_194	28.169	71	50	1	13	82	13	83	2.48e-04	28.5
olaTTNIg116_195	olaTTNIg12_189	26.316	76	55	1	1	76	2	76	2.78e-04	28.5
olaTTNIg116_195	olaTTNIg50_192	27.5	80	53	3	1	78	1	77	3.44e-04	28.1
olaTTNIg116_195	olaTTNIg60_187	22.078	77	59	1	1	77	1	76	3.51e-04	28.1
olaTTNIg116_195	olaTTNIg7_195	24.359	78	57	1	7	82	6	83	3.53e-04	28.1
olaTTNIg116_195	olaTTNIg52_188	23.529	68	51	1	6	73	6	72	5.26e-04	27.7
olaTTNIg116_195	olaTTNIg8_195	23.684	76	56	1	19	92	18	93	5.95e-04	27.7
olaTTNIg116_195	olaTTNIg101_195	21.053	76	59	1	9	84	11	85	6.01e-04	27.3
olaTTNIg116_195	olaTTNIg21_195	21.053	95	75	0	1	95	1	95	6.80e-04	27.3
olaTTNIg116_195	olaTTNIg85_194	20.339	59	47	0	27	85	27	85	8.77e-04	26.9
olaTTNIg116_195	olaTTNnewIg_1104	22.222	90	61	1	11	91	13	102	0.001	26.9
olaTTNIg116_195	olaTTNIg54_189	25.333	75	54	2	1	74	1	74	0.001	26.9
olaTTNIg116_195	olaTTNIg48_188	32.558	43	28	1	3	45	3	44	0.001	26.6
olaTTNIg116_195	olaTTNIg17_290	23.171	82	46	2	13	93	14	79	0.003	25.8
olaTTNIg116_195	olaTTNIg46_189	23.333	60	45	1	19	78	20	78	0.006	24.6
olaTTNIg116_195	olaTTNIg68_199	24.324	74	49	2	25	91	23	96	0.021	23.5
olaTTNIg116_195	olaTTNIg37_193	23.684	38	29	0	45	82	45	82	0.044	22.3
olaTTNIg116_195	olaTTNIg62_195	25.424	59	43	1	21	78	22	80	0.081	21.6
olaTTNIg116_195	olaTTNIg53_190	41.176	17	10	0	9	25	11	27	0.15	20.8
olaTTNIg116_195	olaTTNIg45_192	35	20	13	0	15	34	66	85	0.17	20.8
olaTTNIg116_195	olaTTNIg56_189	20.69	58	45	1	15	72	15	71	0.22	20.4
olaTTNIg116_195	olaTTNIg15_187	20.253	79	58	2	13	91	13	86	0.84	18.9
olaTTNIg117_196	olaTTNIg117_196	100	96	0	0	1	96	1	96	1.50e-72	202
olaTTNIg117_196	olaTTNIg2_194	32.222	90	61	0	2	91	2	91	1.65e-13	52.4
olaTTNIg117_196	olaTTNIg4_195	30.769	91	61	1	1	89	1	91	4.65e-13	51.2
olaTTNIg117_196	olaTTNIg73_197	32.53	83	56	0	12	94	15	97	6.10e-13	51.2
olaTTNIg117_196	olaTTNIg23_194	32.222	90	61	0	2	91	1	90	1.43e-12	50.1
olaTTNIg117_196	olaTTNIg116_195	26.667	90	62	2	4	91	4	91	9.41e-12	48.1
olaTTNIg117_196	olaTTNIg35_193	27.778	90	63	1	2	89	2	91	4.02e-11	46.2
olaTTNIg117_196	olaTTNIg3_195	27.473	91	66	0	1	91	1	91	4.52e-11	46.2
olaTTNIg117_196	olaTTNIg28_194	28.571	91	64	1	2	91	2	92	6.38e-11	45.8
olaTTNIg117_196	olaTTNIg98_196	30.263	76	53	0	16	91	18	93	8.97e-11	45.4
olaTTNIg117_196	olaTTNIg76_192	22.353	85	66	0	5	89	3	87	1.10e-10	45.1
olaTTNIg117_196	olaTTNIg115_194	29.348	92	65	0	1	92	1	92	1.81e-10	44.7
olaTTNIg117_196	olaTTNIg1_196	26.316	95	68	1	1	93	1	95	2.92e-10	44.3
olaTTNIg117_196	olaTTNIg36_194	28.261	92	63	2	1	89	1	92	6.74e-10	43.1
olaTTNIg117_196	olaTTNIg66_196	31.579	76	51	1	16	91	19	93	8.97e-10	43.1
olaTTNIg117_196	olaTTNIg6_195	24.731	93	69	1	2	93	1	93	8.99e-10	42.7
olaTTNIg117_196	olaTTNIg9_193	26.667	90	65	1	2	91	1	89	9.51e-10	42.7
olaTTNIg117_196	olaTTNIg24_194	25.556	90	67	0	2	91	1	90	1.38e-09	42.4
olaTTNIg117_196	olaTTNIg21_195	27.16	81	59	0	11	91	11	91	1.76e-09	42
olaTTNIg117_196	olaTTNIg40_194	24.731	93	68	1	2	92	1	93	2.79e-09	41.6
olaTTNIg117_196	olaTTNIg58_193	26.744	86	58	3	5	86	4	88	2.86e-09	41.6
olaTTNIg117_196	olaTTNIg110_194	31.183	93	62	2	2	92	1	93	6.29e-09	40.8
olaTTNIg117_196	olaTTNIg77_197	24.051	79	60	0	13	91	16	94	9.54e-09	40.4
olaTTNIg117_196	olaTTNIg91_193	25.581	86	64	0	2	87	1	86	1.06e-08	40
olaTTNIg117_196	olaTTNIg39_194	29.348	92	64	1	2	92	2	93	1.41e-08	39.7
olaTTNIg117_196	olaTTNIg114_192	28.049	82	54	3	14	92	13	92	1.81e-08	39.3
olaTTNIg117_196	olaTTNIg100_195	26.923	78	57	0	12	89	14	91	1.88e-08	39.7
olaTTNIg117_196	olaTTNIg41_196	26.374	91	66	1	3	92	3	93	2.06e-08	39.3
olaTTNIg117_196	olaTTNIg101_195	32.558	86	51	3	12	94	14	95	3.91e-08	38.5
olaTTNIg117_196	olaTTNIg79_197	28.205	78	55	1	15	91	17	94	5.92e-08	38.1
olaTTNIg117_196	olaTTNIg5_198	27.551	98	64	3	2	94	2	97	7.37e-08	38.1
olaTTNIg117_196	olaTTNIg74_196	25.61	82	59	1	12	91	12	93	1.13e-07	37.4
olaTTNIg117_196	olaTTNIg8_195	36.508	63	38	1	27	87	28	90	1.20e-07	37.4
olaTTNIg117_196	olaTTNIg33_195	27.273	88	62	1	4	89	4	91	1.39e-07	37.4
olaTTNIg117_196	olaTTNIg64_193	23.333	90	69	0	2	91	1	90	1.79e-07	37
olaTTNIg117_196	olaTTNIg95_197	24	75	57	0	13	87	16	90	2.39e-07	36.6
olaTTNIg117_196	olaTTNIg71_194	25	76	55	1	16	91	18	91	2.72e-07	36.6
olaTTNIg117_196	olaTTNIg94_193	26.25	80	59	0	12	91	11	90	3.56e-07	36.2
olaTTNIg117_196	olaTTNIg88_193	27.5	80	58	0	10	89	9	88	3.76e-07	36.2
olaTTNIg117_196	olaTTNIg27_192	24.444	90	66	1	2	89	1	90	4.10e-07	35.8
olaTTNIg117_196	olaTTNIg86_197	27.143	70	51	0	13	82	16	85	4.60e-07	35.8
olaTTNIg117_196	olaTTNIg112_198	27.711	83	59	1	13	94	16	98	5.95e-07	35.4
olaTTNIg117_196	olaTTNIg87_194	28.75	80	53	2	16	94	18	94	1.32e-06	34.7
olaTTNIg117_196	olaTTNIg57_188	29.333	75	48	3	1	73	1	72	1.45e-06	34.3
olaTTNIg117_196	olaTTNIg85_194	26.667	75	45	1	21	85	11	85	1.63e-06	34.3
olaTTNIg117_196	olaTTNIg78_196	24.39	82	62	0	13	94	15	96	1.65e-06	34.3
olaTTNIg117_196	olaTTNIg70_195	23.077	78	52	2	18	87	15	92	1.79e-06	34.3
olaTTNIg117_196	olaTTNIg113_197	26.506	83	44	3	16	87	16	92	2.52e-06	33.9
olaTTNIg117_196	olaTTNIg90_195	25.61	82	59	1	13	94	16	95	3.02e-06	33.9
olaTTNIg117_196	olaTTNIg72_197	21.519	79	62	0	13	91	16	94	3.28e-06	33.5
olaTTNIg117_196	olaTTNIg61_188	25	72	53	1	16	87	17	87	3.41e-06	33.5
olaTTNIg117_196	olaTTNIg32_194	27.473	91	63	2	2	89	2	92	3.70e-06	33.5
olaTTNIg117_196	olaTTNIg81_193	23.256	86	63	1	9	94	11	93	3.84e-06	33.5
olaTTNIg117_196	olaTTNIg30_194	23.881	67	51	0	15	81	16	82	5.81e-06	33.1
olaTTNIg117_196	olaTTNIg10_194	22.449	98	67	2	1	93	1	94	6.06e-06	32.7
olaTTNIg117_196	olaTTNIg52_188	28.169	71	50	1	3	73	3	72	6.47e-06	32.7
olaTTNIg117_196	olaTTNIg89_196	23.288	73	56	0	9	81	11	83	9.47e-06	32.3
olaTTNIg117_196	olaTTNIg82_196	22.368	76	59	0	16	91	18	93	1.55e-05	32
olaTTNIg117_196	olaTTNIg107_194	24.051	79	58	1	13	91	15	91	1.72e-05	31.6
olaTTNIg117_196	olaTTNIg102_195	29.412	68	46	1	27	94	30	95	1.86e-05	31.6
olaTTNIg117_196	olaTTNIg104_198	23.81	84	60	2	13	94	17	98	1.98e-05	31.6
olaTTNIg117_196	olaTTNIg105_194	26.582	79	56	1	16	94	18	94	2.19e-05	31.6
olaTTNIg117_196	olaTTNIg22_193	26.25	80	56	2	13	90	13	91	2.22e-05	31.2
olaTTNIg117_196	olaTTNIg25_194	25.275	91	65	2	2	89	2	92	2.38e-05	31.2
olaTTNIg117_196	olaTTNIg83_195	24.242	66	50	0	16	81	17	82	2.65e-05	31.2
olaTTNIg117_196	olaTTNIg109_193	22.078	77	59	1	16	91	14	90	3.55e-05	30.8
olaTTNIg117_196	olaTTNIg103_196	18.987	79	64	0	14	92	16	94	3.90e-05	30.8
olaTTNIg117_196	olaTTNIg99_197	25.316	79	58	1	13	91	15	92	4.20e-05	30.8
olaTTNIg117_196	olaTTNIg63_197	21.053	76	60	0	16	91	19	94	4.71e-05	30.4
olaTTNIg117_196	olaTTNIg16_189	25.61	82	52	4	9	87	10	85	5.27e-05	30.4
olaTTNIg117_196	olaTTNIg97_197	27.381	84	58	1	1	81	1	84	7.42e-05	30
olaTTNIg117_196	olaTTNIg12_189	24.39	82	59	3	10	91	11	89	7.48e-05	30
olaTTNIg117_196	olaTTNIg106_196	22.368	76	59	0	12	87	14	89	7.71e-05	30
olaTTNIg117_196	olaTTNIg84_195	30.986	71	45	2	25	94	28	95	7.77e-05	30
olaTTNIg117_196	olaTTNIg108_193	23.188	69	53	0	16	84	15	83	9.51e-05	29.6
olaTTNIg117_196	olaTTNIg59_189	23.077	78	57	2	12	89	12	86	1.08e-04	29.6
olaTTNIg117_196	olaTTNIg69_194	24.638	69	50	1	13	81	15	81	1.29e-04	29.3
olaTTNIg117_196	olaTTNIg7_195	23.913	92	68	1	2	91	1	92	1.29e-04	29.3
olaTTNIg117_196	olaTTNIg50_192	25	76	56	1	4	79	4	78	1.96e-04	28.9
olaTTNIg117_196	olaTTNIg34_193	23.457	81	62	0	1	81	1	81	2.84e-04	28.5
olaTTNIg117_196	olaTTNIg29_192	24.242	66	50	0	16	81	15	80	3.38e-04	28.1
olaTTNIg117_196	olaTTNIg80_196	27.16	81	58	1	12	91	13	93	4.52e-04	27.7
olaTTNIg117_196	olaTTNIg93_194	23.75	80	59	1	12	91	14	91	4.70e-04	27.7
olaTTNIg117_196	olaTTNIg67_1104	19.54	87	63	1	12	91	15	101	6.02e-04	27.7
olaTTNIg117_196	olaTTNIg38_193	19.318	88	69	1	2	87	2	89	6.79e-04	27.3
olaTTNIg117_196	olaTTNIg31_193	22.619	84	65	0	2	85	2	85	0.001	26.9
olaTTNIg117_196	olaTTNIg111_1101	26.829	82	55	2	16	94	22	101	0.001	26.9
olaTTNIg117_196	olaTTNIg26_192	26.25	80	56	2	15	93	14	91	0.001	26.6
olaTTNIg117_196	olaTTNIg44_197	27.273	77	53	2	16	91	22	96	0.001	26.6
olaTTNIg117_196	olaTTNIg55_190	35.484	31	19	1	12	42	14	43	0.002	26.2
olaTTNIg117_196	olaTTNIg92_196	28.986	69	49	0	13	81	15	83	0.002	26.2
olaTTNIg117_196	olaTTNIg96_194	18.293	82	65	1	13	94	15	94	0.002	26.2
olaTTNIg117_196	olaTTNIg46_189	25.974	77	42	2	4	65	4	80	0.002	25.8
olaTTNIg117_196	olaTTNIg42_192	22.727	66	50	1	10	74	12	77	0.003	25.8
olaTTNIg117_196	olaTTNIg17_290	25.926	81	56	1	12	92	13	89	0.006	24.6
olaTTNIg117_196	olaTTNIg43_297	24.419	86	59	4	9	89	8	92	0.007	24.6
olaTTNIg117_196	olaTTNIg53_190	20.896	67	52	1	12	78	14	79	0.011	23.9
olaTTNIg117_196	olaTTNIg20_187	17.808	73	59	1	4	76	4	75	0.016	23.5
olaTTNIg117_196	olaTTNIg15_187	24.444	90	58	4	2	87	1	84	0.028	22.7
olaTTNIg117_196	olaTTNIg11_191	23.404	47	36	0	27	73	27	73	0.028	23.1
olaTTNIg117_196	olaTTNIg13_189	21.818	55	43	0	35	89	34	88	0.076	21.6
olaTTNIg117_196	olaTTNIg13_189	22.581	62	45	1	17	75	28	89	0.55	19.2
olaTTNIg117_196	olaTTNIg75_195	24.324	74	49	2	12	82	14	83	0.084	21.6
olaTTNIg117_196	olaTTNnewIg_1104	21.839	87	55	3	16	91	18	102	0.091	21.6
olaTTNIg117_196	olaTTNIg49_187	22.222	72	48	3	4	72	4	70	0.098	21.6
olaTTNIg117_196	olaTTNIg48_188	19.231	78	54	2	4	73	4	80	0.15	20.8
olaTTNIg117_196	olaTTNIg19_391	23.214	56	41	1	35	90	34	87	0.19	20.8
olaTTNIg117_196	olaTTNIg18_389	23.077	78	49	2	22	90	12	87	0.23	20.4
olaTTNIg117_196	olaTTNIg47_188	23.881	67	46	3	12	76	13	76	0.29	20
olaTTNIg117_196	olaTTNIg14_188	19.178	73	59	0	15	87	15	87	0.62	19.2
olaTTNIg117_196	olaTTNIg51_488	22.727	88	62	3	5	91	1	83	5.2	16.5