TTNI106	olaTTNAIg62/195	63.158	95	34	1	1	94	1	95	6.53e-41	120
TTNI106	olaTTNAIg103/196	43.750	80	44	1	1	79	1	80	9.80e-16	57.4
TTNI106	olaTTNAIg100/196	29.032	93	63	2	1	92	2	92	2.37e-11	46.2
TTNI106	olaTTNAIg111/1101	33.784	74	48	1	20	92	25	98	3.39e-11	45.8
TTNI106	olaTTNAIg104/198	34.848	66	43	0	28	93	31	96	1.49e-10	43.9
TTNI106	olaTTNAIg64/193	29.787	94	64	1	1	94	1	92	1.85e-10	43.5
TTNI106	olaTTNAIg88/193	32.877	73	45	1	20	92	18	86	6.89e-10	42.4
TTNI106	olaTTNAIg69/195	35.000	80	49	2	1	79	2	79	1.61e-09	41.2
TTNI106	olaTTNAIg106/197	30.159	63	43	1	20	81	21	83	2.10e-09	40.8
TTNI106	olaTTNAIg85/193	29.268	82	58	0	12	93	10	91	2.14e-09	40.8
TTNI106	olaTTNAIg63/197	28.788	66	47	0	28	93	30	95	2.46e-09	40.8
TTNI106	olaTTNAIg99/1104	30.645	62	43	0	20	81	21	82	2.79e-09	40.8
TTNI106	olaTTNAIg90/194	29.545	88	60	1	6	93	8	93	2.91e-09	40.4
TTNI106	olaTTNAIg81/193	32.432	74	48	1	20	93	21	92	3.39e-09	40.4
TTNI106	olaTTNAIg82/196	26.374	91	66	1	1	90	1	91	4.48e-09	40.0
TTNI106	olaTTNAIg87/194	29.787	94	63	2	1	93	2	93	4.77e-08	37.4
TTNI106	olaTTNAIg89/196	36.364	66	42	0	28	93	29	94	5.32e-08	37.4
TTNI106	olaTTNAIg79/196	27.500	80	57	1	1	79	1	80	6.37e-08	37.0
TTNI106	olaTTNAIg107/194	31.034	87	58	1	8	94	9	93	7.53e-08	37.0
TTNI106	olaTTNAIg94/193	27.027	74	54	0	20	93	18	91	9.44e-08	36.6
TTNI106	olaTTNAIg75/195	35.366	82	47	4	1	79	1	79	9.76e-08	36.6
TTNI106	olaTTNAIg93/194	28.723	94	64	2	1	93	1	92	1.30e-07	36.2
TTNI106	olaTTNAIg73/196	35.789	95	52	4	3	93	6	95	1.55e-07	36.2
TTNI106	olaTTNAIg109/193	28.788	66	46	1	28	92	25	90	1.60e-07	36.2
TTNI106	olaTTNAIg76/192	34.615	52	34	0	28	79	25	76	1.97e-07	35.8
TTNI106	olaTTNAIg74/193	29.231	65	45	1	28	92	27	90	2.93e-07	35.4
TTNI106	olaTTNAIg96/194	29.787	94	63	2	1	93	1	92	4.17e-07	35.0
TTNI106	olaTTNAIg70/195	21.505	93	72	1	1	93	2	93	5.69e-07	34.7
TTNI106	olaTTNAIg78/195	34.247	73	48	0	20	92	21	93	7.17e-07	34.3
TTNI106	olaTTNAIg68/199	27.000	100	63	3	1	93	1	97	1.30e-06	33.9
TTNI106	olaTTNAIg91/193	24.324	74	56	0	20	93	18	91	4.27e-06	32.3
TTNI106	olaTTNAIg105/194	31.034	58	38	1	22	79	23	78	5.28e-06	32.0
TTNI106	olaTTNAIg83/196	27.500	80	57	1	1	79	1	80	6.91e-06	31.6
TTNI106	olaTTNAIg102/194	30.667	75	50	1	6	80	7	79	1.48e-05	30.8
TTNI106	olaTTNAIg92/197	32.911	79	51	2	2	79	4	81	2.33e-05	30.4
TTNI106	olaTTNAIg86/197	29.231	65	42	1	28	92	30	90	2.76e-05	30.0
TTNI106	olaTTNAIg95/199	28.358	67	48	0	27	93	29	95	3.07e-05	30.0
TTNI106	olaTTNAIg72/197	26.829	82	58	1	14	93	14	95	3.09e-05	30.0
TTNI106	olaTTNAIg84/195	25.974	77	49	2	20	93	22	93	3.31e-05	30.0
TTNI106	olaTTNAIg101/196	26.471	68	48	1	27	92	26	93	6.09e-05	29.3
TTNI106	olaTTNAIg71/194	31.667	60	39	1	20	79	21	78	8.89e-05	28.9
TTNI106	olaTTNAIg80/198	26.027	73	53	1	8	79	10	82	1.64e-04	28.1
TTNI106	olaTTNAIg108/193	29.231	65	40	3	28	91	26	85	2.87e-04	27.3
TTNI106	olaTTNAIg65/195	27.273	77	54	2	3	79	5	79	3.22e-04	27.3
TTNI106	olaTTNAIg67/1104	28.571	84	46	3	18	92	20	98	0.001	26.2
TTNI106	olaTTNAIg66/1103	25.000	96	65	2	5	93	6	101	0.002	25.4
TTNI106	olaTTNAIg77/197	25.758	66	49	0	28	93	30	95	0.021	22.3
TTNI107	olaTTNAIg63/197	65.625	96	33	0	1	96	1	96	1.40e-44	130
TTNI107	olaTTNAIg74/193	40.659	91	53	1	6	96	3	92	2.30e-22	74.3
TTNI107	olaTTNAIg104/198	41.667	96	55	1	2	96	2	97	8.47e-21	70.5
TTNI107	olaTTNAIg65/195	41.053	95	55	1	2	96	1	94	3.49e-20	68.6
TTNI107	olaTTNAIg75/195	37.500	104	46	2	2	96	1	94	3.75e-18	63.5
TTNI107	olaTTNAIg73/196	33.333	96	62	2	2	96	2	96	2.74e-17	61.2
TTNI107	olaTTNAIg93/194	34.737	95	60	1	2	96	1	93	1.47e-16	59.3
TTNI107	olaTTNAIg72/197	35.417	96	62	0	1	96	1	96	2.49e-16	58.9
TTNI107	olaTTNAIg78/195	33.684	95	63	0	2	96	1	95	2.59e-16	58.9
TTNI107	olaTTNAIg81/193	35.789	95	59	1	2	96	1	93	2.81e-16	58.5
TTNI107	olaTTNAIg88/193	43.421	76	41	1	21	96	19	92	4.99e-16	58.2
TTNI107	olaTTNAIg99/1104	31.707	82	56	0	3	84	2	83	1.71e-15	56.6
TTNI107	olaTTNAIg90/194	33.684	95	61	1	2	96	2	94	2.54e-15	56.2
TTNI107	olaTTNAIg103/196	34.177	79	52	0	14	92	13	91	2.84e-15	56.2
TTNI107	olaTTNAIg83/196	34.737	95	62	0	2	96	1	95	4.72e-15	55.5
TTNI107	olaTTNAIg95/199	33.684	95	63	0	2	96	2	96	8.23e-15	55.1
TTNI107	olaTTNAIg94/193	33.684	95	60	1	2	96	1	92	1.56e-14	54.3
TTNI107	olaTTNAIg82/196	35.802	81	52	0	16	96	15	95	1.69e-14	54.3
TTNI107	olaTTNAIg87/194	30.526	95	64	1	2	96	2	94	2.63e-14	53.5
TTNI107	olaTTNAIg69/195	33.684	95	61	1	2	96	2	94	4.98e-14	53.1
TTNI107	olaTTNAIg86/197	32.632	95	64	0	2	96	2	96	6.13e-14	52.8
TTNI107	olaTTNAIg98/191	29.670	91	64	0	2	92	1	91	2.62e-13	50.8
TTNI107	olaTTNAIg79/196	31.707	82	56	0	14	95	13	94	2.84e-13	51.2
TTNI107	olaTTNAIg107/194	32.632	95	60	2	2	95	1	92	4.66e-13	50.4
TTNI107	olaTTNAIg66/1103	34.314	102	60	3	2	96	1	102	7.64e-13	50.1
TTNI107	olaTTNAIg97/197	31.579	95	65	0	2	96	2	96	7.73e-13	50.1
TTNI107	olaTTNAIg77/197	31.959	97	62	2	2	96	2	96	8.52e-13	49.7
TTNI107	olaTTNAIg96/194	33.735	83	53	1	14	96	13	93	1.19e-12	49.3
TTNI107	olaTTNAIg105/194	30.526	95	64	1	2	96	1	93	1.43e-12	49.3
TTNI107	olaTTNAIg89/196	33.735	83	55	0	14	96	13	95	1.44e-12	49.3
TTNI107	olaTTNAIg67/1104	35.922	103	58	2	2	96	2	104	2.09e-12	48.9
TTNI107	olaTTNAIg85/193	31.034	87	60	0	10	96	6	92	2.35e-12	48.5
TTNI107	olaTTNAIg92/197	33.333	96	63	1	2	96	1	96	2.53e-12	48.5
TTNI107	olaTTNAIg71/194	33.684	95	61	1	2	96	1	93	3.17e-12	48.1
TTNI107	olaTTNAIg84/195	30.526	95	64	1	2	96	2	94	5.09e-12	47.8
TTNI107	olaTTNAIg111/1101	31.183	93	59	2	7	96	10	100	5.29e-12	47.8
TTNI107	olaTTNAIg80/198	37.500	96	59	1	2	96	2	97	7.09e-12	47.4
TTNI107	olaTTNAIg76/192	30.120	83	58	0	14	96	9	91	1.06e-11	47.0
TTNI107	olaTTNAIg70/195	27.473	91	66	0	6	96	4	94	1.24e-11	47.0
TTNI107	olaTTNAIg106/197	33.333	84	55	1	14	96	13	96	3.91e-11	45.4
TTNI107	olaTTNAIg100/196	31.250	64	44	0	14	77	14	77	4.90e-11	45.4
TTNI107	olaTTNAIg101/196	32.941	85	55	1	14	96	11	95	6.14e-11	45.1
TTNI107	olaTTNAIg91/193	31.579	76	50	1	21	96	19	92	1.31e-10	44.3
TTNI107	olaTTNAIg64/193	31.707	82	56	0	14	95	10	91	1.90e-10	43.5
TTNI107	olaTTNAIg102/194	32.632	95	62	1	2	96	1	93	5.53e-10	42.4
TTNI107	olaTTNAIg109/193	27.083	96	65	2	2	96	1	92	1.03e-09	42.0
TTNI107	olaTTNAIg108/193	25.352	71	53	0	14	84	10	80	1.25e-08	38.9
TTNI107	olaTTNAIg68/199	25.263	95	64	1	8	95	3	97	6.43e-08	37.4
TTNI107	olaTTNAIg62/195	29.333	75	40	3	28	95	26	94	2.14e-04	27.7
TTNI107	olaTTNAIg110/193	26.506	83	57	3	14	92	10	92	0.002	25.0
TTNA1	olaTTNAIg64/193	59.783	92	37	0	2	93	1	92	1.06e-42	125
TTNA1	olaTTNAIg86/197	35.106	94	58	1	2	92	2	95	1.01e-18	64.7
TTNA1	olaTTNAIg94/193	35.165	91	59	0	2	92	1	91	6.59e-17	60.1
TTNA1	olaTTNAIg72/197	32.927	82	55	0	11	92	14	95	2.82e-16	58.5
TTNA1	olaTTNAIg88/193	36.486	74	47	0	16	89	15	88	5.78e-16	57.8
TTNA1	olaTTNAIg89/196	34.524	84	55	0	9	92	11	94	1.20e-15	57.0
TTNA1	olaTTNAIg96/194	32.927	82	53	1	11	92	13	92	1.49e-15	56.6
TTNA1	olaTTNAIg103/196	34.737	95	59	2	2	93	1	95	1.59e-15	56.6
TTNA1	olaTTNAIg83/196	29.787	94	63	1	2	92	1	94	2.95e-15	55.8
TTNA1	olaTTNAIg95/199	32.927	82	55	0	11	92	14	95	4.99e-15	55.5
TTNA1	olaTTNAIg85/193	34.066	91	60	0	2	92	1	91	5.17e-15	55.5
TTNA1	olaTTNAIg62/195	36.842	95	57	2	2	93	1	95	6.23e-15	55.1
TTNA1	olaTTNAIg98/191	31.746	63	43	0	27	89	29	91	1.02e-13	52.0
TTNA1	olaTTNAIg90/194	29.268	82	56	1	11	92	14	93	1.25e-13	52.0
TTNA1	olaTTNAIg81/193	31.111	90	59	2	4	92	5	92	1.36e-13	51.6
TTNA1	olaTTNAIg107/194	34.146	82	52	2	12	93	14	93	1.39e-13	51.6
TTNA1	olaTTNAIg92/197	34.783	92	58	2	3	92	4	95	1.42e-13	51.6
TTNA1	olaTTNAIg91/193	30.769	78	54	0	15	92	14	91	1.90e-13	51.2
TTNA1	olaTTNAIg82/196	31.183	93	61	1	2	91	1	93	2.03e-13	51.2
TTNA1	olaTTNAIg70/195	25.000	92	68	1	2	92	2	93	2.80e-13	50.8
TTNA1	olaTTNAIg77/197	35.366	82	53	0	11	92	14	95	5.66e-13	50.1
TTNA1	olaTTNAIg99/1104	27.027	74	54	0	8	81	10	83	9.70e-13	49.7
TTNA1	olaTTNAIg74/193	35.165	91	57	2	2	91	1	90	1.06e-12	49.3
TTNA1	olaTTNAIg101/196	32.292	96	56	3	2	91	1	93	1.75e-12	48.9
TTNA1	olaTTNAIg100/196	28.090	89	64	0	5	93	8	96	2.00e-12	48.9
TTNA1	olaTTNAIg67/1104	34.343	99	54	4	3	92	5	101	3.15e-12	48.5
TTNA1	olaTTNAIg78/195	33.333	81	54	0	11	91	13	93	3.57e-12	48.1
TTNA1	olaTTNAIg106/197	30.380	79	54	1	15	92	17	95	1.24e-11	46.6
TTNA1	olaTTNAIg102/194	30.435	92	48	4	7	92	11	92	1.03e-10	44.3
TTNA1	olaTTNAIg73/196	31.169	77	53	0	16	92	19	95	1.80e-10	43.9
TTNA1	olaTTNAIg76/192	27.059	85	61	1	9	92	6	90	1.91e-10	43.5
TTNA1	olaTTNAIg71/194	28.235	85	59	1	8	92	10	92	2.01e-10	43.5
TTNA1	olaTTNAIg63/197	28.571	77	55	0	16	92	19	95	3.17e-10	43.1
TTNA1	olaTTNAIg87/194	32.432	74	48	1	19	92	22	93	3.59e-10	42.7
TTNA1	olaTTNAIg108/193	24.444	90	68	0	2	91	1	90	4.45e-10	42.7
TTNA1	olaTTNAIg66/1103	28.409	88	57	1	11	92	14	101	4.94e-10	42.7
TTNA1	olaTTNAIg68/199	29.126	103	57	5	2	93	1	98	5.87e-10	42.4
TTNA1	olaTTNAIg97/197	27.273	88	64	0	5	92	8	95	7.15e-10	42.4
TTNA1	olaTTNAIg93/194	33.784	74	47	1	19	92	21	92	9.30e-10	42.0
TTNA1	olaTTNAIg79/196	28.736	87	60	1	9	93	9	95	1.91e-09	41.2
TTNA1	olaTTNAIg84/195	32.292	96	56	4	2	92	2	93	2.11e-09	40.8
TTNA1	olaTTNAIg104/198	27.586	87	63	0	6	92	10	96	2.65e-09	40.8
TTNA1	olaTTNAIg105/194	34.211	76	48	1	16	91	18	91	4.24e-09	40.0
TTNA1	olaTTNAIg80/198	30.435	92	58	1	1	92	11	96	5.88e-09	39.7
TTNA1	olaTTNAIg65/195	28.889	90	62	2	4	92	5	93	1.06e-08	39.3
TTNA1	olaTTNAIg75/195	32.836	67	44	1	26	92	28	93	2.13e-08	38.1
TTNA1	olaTTNAIg111/1101	29.487	78	54	1	15	91	21	98	3.17e-08	38.1
TTNA1	olaTTNAIg109/193	25.974	77	56	1	16	91	14	90	8.17e-08	36.6
TTNA1	olaTTNAIg69/195	26.596	94	64	2	2	92	2	93	1.85e-07	35.8
TTNA1	olaTTNAIg110/193	30.303	66	42	2	29	91	28	92	8.56e-06	31.6
TTNA4	olaTTNAIg104/198	23.894	113	57	2	9	121	14	97	3.11e-10	43.9
TTNA4	olaTTNAIg77/197	28.448	116	54	3	6	121	10	96	2.15e-09	42.0
TTNA4	olaTTNAIg63/197	26.724	116	56	2	6	121	10	96	3.27e-09	41.2
TTNA4	olaTTNAIg88/193	25.439	114	56	3	8	121	8	92	4.77e-09	40.8
TTNA4	olaTTNAIg71/194	29.839	124	52	5	2	121	1	93	4.81e-09	40.8
TTNA4	olaTTNAIg65/195	25.000	116	57	2	6	121	9	94	5.11e-09	40.8
TTNA4	olaTTNAIg103/196	28.829	111	50	3	10	120	13	94	1.30e-08	39.7
TTNA4	olaTTNAIg89/196	23.932	117	60	2	5	121	8	95	1.97e-08	39.3
TTNA4	olaTTNAIg101/196	25.893	112	56	3	10	121	11	95	2.41e-08	38.9
TTNA4	olaTTNAIg94/193	25.641	117	58	2	5	121	5	92	5.67e-08	38.1
TTNA4	olaTTNAIg73/196	25.000	116	58	3	6	121	10	96	6.77e-08	37.7
TTNA4	olaTTNAIg92/197	26.364	110	53	3	12	121	15	96	7.89e-08	37.7
TTNA4	olaTTNAIg86/197	29.907	107	46	3	15	121	19	96	9.92e-08	37.4
TTNA4	olaTTNAIg68/199	25.210	119	67	3	2	120	1	97	1.87e-07	36.6
TTNA4	olaTTNAIg83/196	27.273	110	51	3	12	121	15	95	2.17e-07	36.6
TTNA4	olaTTNAIg70/195	24.348	115	58	3	7	121	9	94	2.18e-07	36.6
TTNA4	olaTTNAIg95/199	46.875	32	17	0	6	37	10	41	3.21e-07	36.2
TTNA4	olaTTNAIg69/195	25.000	116	56	3	6	121	10	94	3.62e-07	35.8
TTNA4	olaTTNAIg62/195	23.478	115	60	2	6	120	8	94	1.74e-06	33.9
TTNA4	olaTTNAIg74/193	24.779	113	55	3	9	121	10	92	4.22e-06	33.1
TTNA4	olaTTNAIg98/191	22.549	102	50	2	10	111	13	85	4.92e-06	32.7
TTNA4	olaTTNAIg111/1101	24.786	117	52	3	9	121	16	100	7.01e-06	32.3
TTNA4	olaTTNAIg79/196	24.510	102	48	3	9	110	12	84	7.08e-06	32.3
TTNA4	olaTTNAIg85/193	23.932	117	60	3	5	121	5	92	9.59e-06	32.0
TTNA4	olaTTNAIg75/195	27.119	118	52	3	6	121	9	94	2.23e-05	31.2
TTNA4	olaTTNAIg66/1103	26.316	114	53	3	12	121	16	102	2.95e-05	30.8
TTNA4	olaTTNAIg102/194	25.455	110	51	2	12	121	15	93	3.24e-05	30.4
TTNA4	olaTTNAIg106/197	26.531	98	66	2	24	121	5	96	4.44e-05	30.4
TTNA4	olaTTNAIg64/193	37.143	35	22	0	86	120	57	91	5.53e-05	30.0
TTNA4	olaTTNAIg78/195	23.276	116	60	2	6	121	9	95	5.63e-05	30.0
TTNA4	olaTTNAIg76/192	21.488	121	64	3	2	121	1	91	5.74e-05	30.0
TTNA4	olaTTNAIg84/195	24.138	116	57	2	6	121	10	94	1.80e-04	28.5
TTNA4	olaTTNAIg90/194	25.000	124	58	5	2	121	2	94	1.92e-04	28.5
TTNA4	olaTTNAIg100/196	37.931	29	18	0	10	38	14	42	2.25e-04	28.1
TTNA4	olaTTNAIg96/194	38.710	31	19	0	6	36	9	39	2.63e-04	28.1
TTNA4	olaTTNAIg81/193	25.862	116	55	2	6	121	9	93	2.93e-04	28.1
TTNA4	olaTTNAIg107/194	43.333	30	17	0	12	41	15	44	4.47e-04	27.3
TTNA4	olaTTNAIg87/194	23.276	116	58	3	6	121	10	94	6.81e-04	26.9
TTNA4	olaTTNAIg82/196	21.368	117	63	3	5	121	8	95	0.001	26.2
TTNA4	olaTTNAIg93/194	33.333	51	33	1	71	121	44	93	0.001	26.2
TTNA4	olaTTNAIg80/198	40.625	32	18	1	6	36	10	41	0.002	25.8
TTNA4	olaTTNAIg80/198	34.286	35	23	0	87	121	63	97	0.010	23.5
TTNA4	olaTTNAIg72/197	26.364	110	52	4	12	121	16	96	0.002	25.8
TTNA4	olaTTNAIg91/193	17.699	113	64	3	9	121	9	92	0.003	25.0
TTNA4	olaTTNAIg67/1104	22.523	111	63	3	12	121	16	104	0.003	25.0
TTNA4	olaTTNAIg97/197	19.167	120	66	2	3	121	7	96	0.004	24.6
TTNA4	olaTTNAIg105/194	29.032	31	22	0	6	36	9	39	0.009	23.9
TTNA4	olaTTNAIg99/1104	19.231	104	55	3	6	109	9	83	0.012	23.5
TTNA4	olaTTNAIg108/193	36.000	25	16	0	12	36	12	36	0.049	21.6
TTNA4	olaTTNAIg110/193	21.951	41	32	0	10	50	10	50	0.13	20.4
TTNA4	olaTTNAIg109/193	27.083	48	28	1	2	42	1	48	0.15	20.4
TTNA8	olaTTNAIg65/195	52.128	94	45	0	2	95	1	94	6.50e-31	95.9
TTNA8	olaTTNAIg69/195	37.895	95	58	1	1	95	1	94	2.16e-21	71.6
TTNA8	olaTTNAIg87/194	41.053	95	55	1	1	95	1	94	5.55e-21	70.5
TTNA8	olaTTNAIg75/195	38.298	94	58	0	2	95	1	94	1.45e-20	69.7
TTNA8	olaTTNAIg83/196	37.895	95	58	1	2	95	1	95	7.23e-20	67.8
TTNA8	olaTTNAIg72/197	35.789	95	60	1	2	95	2	96	4.24e-18	63.5
TTNA8	olaTTNAIg74/193	34.444	90	59	0	6	95	3	92	5.87e-18	62.8
TTNA8	olaTTNAIg95/199	36.458	96	60	1	1	95	1	96	8.00e-18	62.8
TTNA8	olaTTNAIg89/196	37.895	95	58	1	2	95	1	95	8.47e-18	62.8
TTNA8	olaTTNAIg86/197	34.375	96	62	1	1	95	1	96	1.43e-17	62.0
TTNA8	olaTTNAIg90/194	37.895	95	58	1	1	95	1	94	1.88e-17	61.6
TTNA8	olaTTNAIg104/198	37.113	97	59	2	1	95	1	97	3.61e-17	60.8
TTNA8	olaTTNAIg78/195	35.789	95	60	1	2	95	1	95	4.40e-17	60.8
TTNA8	olaTTNAIg93/194	35.106	94	60	1	2	95	1	93	1.31e-16	59.3
TTNA8	olaTTNAIg63/197	36.842	95	59	1	2	95	2	96	2.62e-16	58.9
TTNA8	olaTTNAIg80/198	38.144	97	58	2	1	95	1	97	3.23e-16	58.5
TTNA8	olaTTNAIg101/196	39.583	96	51	3	5	95	2	95	4.45e-16	58.2
TTNA8	olaTTNAIg73/196	32.292	96	64	1	1	95	1	96	8.71e-16	57.4
TTNA8	olaTTNAIg84/195	36.458	96	58	2	1	95	1	94	1.70e-15	56.6
TTNA8	olaTTNAIg105/194	35.106	94	60	1	2	95	1	93	1.79e-15	56.6
TTNA8	olaTTNAIg67/1104	35.577	104	58	2	1	95	1	104	1.02e-14	55.1
TTNA8	olaTTNAIg88/193	37.805	82	50	1	15	95	11	92	1.48e-14	54.3
TTNA8	olaTTNAIg92/197	33.333	96	62	1	2	95	1	96	2.78e-14	53.5
TTNA8	olaTTNAIg81/193	31.915	94	63	1	2	95	1	93	3.16e-14	53.5
TTNA8	olaTTNAIg107/194	31.183	93	63	1	2	94	1	92	4.52e-14	53.1
TTNA8	olaTTNAIg77/197	35.000	100	56	2	1	95	1	96	5.44e-14	52.8
TTNA8	olaTTNAIg109/193	33.750	80	51	2	18	95	13	92	1.04e-13	52.0
TTNA8	olaTTNAIg76/192	36.145	83	52	1	14	95	9	91	1.23e-13	52.0
TTNA8	olaTTNAIg103/196	34.118	85	55	1	2	85	1	85	1.35e-13	52.0
TTNA8	olaTTNAIg91/193	38.028	71	41	2	16	84	12	81	3.75e-13	50.4
TTNA8	olaTTNAIg94/193	37.805	82	48	2	16	95	12	92	1.26e-11	46.6
TTNA8	olaTTNAIg97/197	27.083	96	69	1	1	95	1	96	2.12e-11	46.2
TTNA8	olaTTNAIg102/194	29.787	94	65	1	2	95	1	93	2.32e-11	46.2
TTNA8	olaTTNAIg70/195	29.897	97	63	3	1	95	1	94	2.34e-11	46.2
TTNA8	olaTTNAIg71/194	28.723	94	66	1	2	95	1	93	4.01e-11	45.4
TTNA8	olaTTNAIg96/194	24.468	94	70	1	2	95	1	93	4.52e-11	45.4
TTNA8	olaTTNAIg62/195	33.333	78	49	2	6	80	3	80	7.23e-11	44.7
TTNA8	olaTTNAIg99/1104	29.630	81	56	1	4	83	3	83	2.90e-10	43.1
TTNA8	olaTTNAIg79/196	29.032	93	65	1	2	93	1	93	2.19e-09	40.8
TTNA8	olaTTNAIg106/197	27.381	84	59	1	14	95	13	96	3.64e-08	37.7
TTNA8	olaTTNAIg66/1103	28.431	102	65	3	2	95	1	102	4.86e-08	37.7
TTNA8	olaTTNAIg64/193	31.646	79	53	1	16	93	12	90	6.28e-08	37.0
TTNA8	olaTTNAIg111/1101	30.693	101	62	3	1	95	2	100	7.41e-08	37.0
TTNA8	olaTTNAIg98/191	21.978	91	70	1	2	91	1	91	3.30e-07	35.0
TTNA8	olaTTNAIg68/199	31.884	69	39	1	24	84	19	87	4.34e-07	35.0
TTNA8	olaTTNAIg82/196	26.316	95	69	1	2	95	1	95	8.47e-07	34.3
TTNA8	olaTTNAIg85/193	30.120	83	57	1	14	95	10	92	3.40e-06	32.7
TTNA8	olaTTNAIg100/196	20.988	81	63	1	1	80	1	81	9.47e-06	31.6
TTNA8	olaTTNAIg110/193	33.333	69	43	1	28	93	24	92	3.97e-05	29.6
TTNA8	olaTTNAIg108/193	27.273	66	47	1	19	83	15	80	4.55e-04	26.9
TTNA11	olaTTNAIg66/1103	51.961	102	49	0	2	103	1	102	6.33e-33	101
TTNA11	olaTTNAIg67/1104	33.333	105	67	2	1	103	1	104	1.13e-15	57.8
TTNA11	olaTTNAIg91/193	34.021	97	58	1	7	103	2	92	2.52e-15	56.6
TTNA11	olaTTNAIg88/193	36.559	93	53	1	11	103	6	92	5.92e-15	55.5
TTNA11	olaTTNAIg74/193	29.412	102	62	2	2	103	1	92	4.53e-13	50.8
TTNA11	olaTTNAIg65/195	34.314	102	59	3	2	103	1	94	4.99e-13	50.4
TTNA11	olaTTNAIg95/199	33.010	103	62	2	1	103	1	96	7.20e-13	50.4
TTNA11	olaTTNAIg101/196	33.708	89	55	1	15	103	11	95	8.46e-13	50.1
TTNA11	olaTTNAIg77/197	31.068	103	64	2	1	103	1	96	1.02e-12	50.1
TTNA11	olaTTNAIg83/196	35.632	87	50	1	17	103	15	95	1.80e-12	49.3
TTNA11	olaTTNAIg75/195	32.353	102	61	3	2	103	1	94	2.37e-12	48.9
TTNA11	olaTTNAIg68/199	31.068	103	61	4	2	101	1	96	2.50e-12	48.9
TTNA11	olaTTNAIg63/197	30.337	89	56	2	15	103	14	96	3.10e-12	48.5
TTNA11	olaTTNAIg82/196	33.333	102	61	3	2	103	1	95	3.77e-12	48.5
TTNA11	olaTTNAIg69/195	33.981	103	59	3	1	103	1	94	4.43e-12	48.1
TTNA11	olaTTNAIg73/196	30.097	103	65	3	1	103	1	96	2.89e-11	46.2
TTNA11	olaTTNAIg72/197	33.696	92	49	2	15	103	14	96	3.11e-11	46.2
TTNA11	olaTTNAIg104/198	31.068	103	65	1	1	103	1	97	3.76e-11	45.8
TTNA11	olaTTNAIg89/196	30.851	94	59	1	10	103	8	95	4.83e-11	45.4
TTNA11	olaTTNAIg111/1101	32.292	96	50	4	9	103	19	100	6.26e-11	45.4
TTNA11	olaTTNAIg71/194	31.461	89	53	1	15	103	13	93	6.45e-11	45.1
TTNA11	olaTTNAIg92/197	30.769	91	58	1	13	103	11	96	1.36e-10	44.3
TTNA11	olaTTNAIg86/197	31.068	103	64	3	1	103	1	96	2.60e-10	43.5
TTNA11	olaTTNAIg70/195	26.214	103	67	2	1	103	1	94	4.31e-10	43.1
TTNA11	olaTTNAIg64/193	33.333	81	48	2	21	101	16	90	1.90e-09	41.2
TTNA11	olaTTNAIg98/191	32.500	80	48	2	13	92	11	84	2.57e-09	40.8
TTNA11	olaTTNAIg105/194	28.889	90	56	1	14	103	12	93	2.73e-09	40.8
TTNA11	olaTTNAIg94/193	28.571	91	55	2	2	92	1	81	3.64e-09	40.4
TTNA11	olaTTNAIg96/194	28.889	90	56	2	14	103	12	93	4.08e-09	40.4
TTNA11	olaTTNAIg76/192	30.435	92	56	2	13	103	7	91	4.10e-09	40.4
TTNA11	olaTTNAIg85/193	29.412	102	62	3	2	103	1	92	4.41e-09	40.4
TTNA11	olaTTNAIg97/197	30.097	103	65	3	1	103	1	96	9.65e-09	39.7
TTNA11	olaTTNAIg90/194	31.068	103	62	3	1	103	1	94	1.11e-08	39.3
TTNA11	olaTTNAIg87/194	29.703	101	60	3	1	99	1	92	1.44e-08	38.9
TTNA11	olaTTNAIg81/193	24.444	90	60	1	14	103	12	93	4.39e-08	37.7
TTNA11	olaTTNAIg62/195	31.633	98	58	2	6	101	3	93	4.55e-08	37.7
TTNA11	olaTTNAIg107/194	26.667	75	47	1	17	91	15	81	6.53e-08	37.4
TTNA11	olaTTNAIg84/195	26.214	103	67	2	1	103	1	94	1.21e-07	36.6
TTNA11	olaTTNAIg80/198	32.692	104	62	4	1	103	1	97	1.22e-07	36.6
TTNA11	olaTTNAIg108/193	27.848	79	51	1	15	93	10	82	2.32e-07	35.8
TTNA11	olaTTNAIg93/194	26.471	102	66	2	2	103	1	93	2.43e-07	35.8
TTNA11	olaTTNAIg100/196	27.273	88	52	2	15	99	14	92	2.62e-07	35.8
TTNA11	olaTTNAIg78/195	26.437	87	58	1	17	103	15	95	8.08e-07	34.3
TTNA11	olaTTNAIg79/196	29.333	75	47	1	17	91	15	83	1.06e-06	34.3
TTNA11	olaTTNAIg99/1104	24.324	74	50	1	18	91	16	83	2.85e-06	33.1
TTNA11	olaTTNAIg103/196	32.911	79	43	3	15	91	13	83	5.13e-06	32.3
TTNA11	olaTTNAIg109/193	23.256	86	59	2	19	103	13	92	3.47e-05	30.0
TTNA11	olaTTNAIg102/194	27.451	102	65	3	2	103	1	93	8.96e-05	28.9
TTNA11	olaTTNAIg110/193	26.042	96	65	3	6	101	3	92	5.55e-04	26.9
TTNA11	olaTTNAIg106/197	23.333	90	62	2	15	103	13	96	0.001	25.8
TTNA15	olaTTNAIg67/1104	49.515	103	52	0	1	103	2	104	3.99e-38	114
TTNA15	olaTTNAIg75/195	36.893	103	56	1	1	103	1	94	1.38e-23	77.8
TTNA15	olaTTNAIg72/197	33.010	103	61	2	1	103	2	96	1.53e-21	72.4
TTNA15	olaTTNAIg90/194	36.893	103	55	2	1	103	2	94	1.28e-19	67.4
TTNA15	olaTTNAIg81/193	33.010	103	59	1	1	103	1	93	2.10e-18	64.3
TTNA15	olaTTNAIg69/195	31.068	103	61	1	1	103	2	94	3.16e-18	63.9
TTNA15	olaTTNAIg71/194	33.981	103	58	1	1	103	1	93	1.11e-17	62.4
TTNA15	olaTTNAIg102/194	29.808	104	61	2	1	103	1	93	1.10e-16	60.1
TTNA15	olaTTNAIg65/195	34.951	103	58	2	1	103	1	94	1.99e-16	59.3
TTNA15	olaTTNAIg107/194	30.392	102	61	1	1	102	1	92	8.55e-16	57.8
TTNA15	olaTTNAIg74/193	34.343	99	56	2	5	103	3	92	8.82e-16	57.8
TTNA15	olaTTNAIg77/197	32.039	103	62	2	1	103	2	96	1.10e-15	57.4
TTNA15	olaTTNAIg93/194	27.184	103	65	1	1	103	1	93	1.60e-15	57.0
TTNA15	olaTTNAIg87/194	31.068	103	61	3	1	103	2	94	2.14e-15	56.6
TTNA15	olaTTNAIg63/197	32.692	104	60	3	1	103	2	96	4.30e-15	55.8
TTNA15	olaTTNAIg101/196	33.333	93	52	2	13	103	11	95	4.49e-15	55.8
TTNA15	olaTTNAIg78/195	29.126	103	65	2	1	103	1	95	9.97e-15	55.1
TTNA15	olaTTNAIg86/197	31.429	105	60	3	1	103	2	96	1.08e-14	55.1
TTNA15	olaTTNAIg104/198	31.183	93	56	1	11	103	13	97	1.20e-14	54.7
TTNA15	olaTTNAIg105/194	31.633	98	55	3	6	103	8	93	5.66e-14	53.1
TTNA15	olaTTNAIg94/193	32.584	89	52	1	15	103	12	92	1.42e-12	49.3
TTNA15	olaTTNAIg82/196	29.787	94	58	2	10	103	10	95	1.50e-12	49.3
TTNA15	olaTTNAIg103/196	28.571	91	57	1	12	102	12	94	2.09e-12	48.9
TTNA15	olaTTNAIg70/195	24.242	99	67	1	5	103	4	94	2.20e-12	48.9
TTNA15	olaTTNAIg76/192	29.293	99	58	2	7	103	3	91	5.37e-12	47.8
TTNA15	olaTTNAIg97/197	28.155	103	66	1	1	103	2	96	4.98e-11	45.4
TTNA15	olaTTNAIg96/194	27.174	92	57	2	12	103	12	93	6.96e-11	45.1
TTNA15	olaTTNAIg95/199	28.155	103	66	1	1	103	2	96	7.29e-11	45.1
TTNA15	olaTTNAIg84/195	28.571	105	61	2	1	103	2	94	9.18e-11	44.7
TTNA15	olaTTNAIg92/197	26.214	103	69	1	1	103	1	96	1.79e-10	43.9
TTNA15	olaTTNAIg99/1104	26.471	102	62	3	5	103	5	96	4.25e-10	43.1
TTNA15	olaTTNAIg83/196	25.714	105	66	2	1	103	1	95	6.59e-10	42.7
TTNA15	olaTTNAIg91/193	28.571	91	53	2	15	103	12	92	1.04e-09	42.0
TTNA15	olaTTNAIg80/198	32.692	104	61	3	1	103	2	97	1.62e-09	41.6
TTNA15	olaTTNAIg89/196	25.275	91	60	3	13	103	13	95	1.81e-09	41.6
TTNA15	olaTTNAIg106/197	28.723	94	60	2	10	103	10	96	1.02e-08	39.7
TTNA15	olaTTNAIg109/193	25.000	88	57	3	17	103	13	92	1.11e-08	39.3
TTNA15	olaTTNAIg73/196	24.762	105	67	3	1	103	2	96	1.45e-08	38.9
TTNA15	olaTTNAIg66/1103	23.404	94	68	2	11	103	12	102	2.46e-08	38.5
TTNA15	olaTTNAIg64/193	31.111	90	54	2	13	102	10	91	3.23e-08	38.1
TTNA15	olaTTNAIg100/196	24.468	94	55	3	13	102	14	95	4.53e-08	37.7
TTNA15	olaTTNAIg111/1101	28.916	83	50	3	21	103	27	100	5.53e-08	37.7
TTNA15	olaTTNAIg79/196	26.374	91	59	2	12	102	12	94	7.35e-08	37.4
TTNA15	olaTTNAIg88/193	26.667	90	56	2	15	103	12	92	1.33e-07	36.6
TTNA15	olaTTNAIg85/193	26.966	89	53	3	17	103	14	92	1.23e-06	33.9
TTNA15	olaTTNAIg68/199	26.316	95	62	2	8	102	11	97	2.17e-06	33.5
TTNA15	olaTTNAIg98/191	25.275	91	60	1	1	91	1	83	3.31e-06	32.7
TTNA15	olaTTNAIg62/195	25.610	82	52	2	21	102	22	94	1.70e-05	30.8
TTNA15	olaTTNAIg108/193	22.472	89	61	3	13	101	10	90	0.005	24.3
TTNA15	olaTTNAIg110/193	24.000	75	51	3	27	101	24	92	1.3	17.3
TTNA18	olaTTNAIg68/199	54.082	98	45	0	2	99	1	98	8.02e-40	118
TTNA18	olaTTNAIg69/195	32.353	102	56	3	1	98	1	93	2.19e-13	51.6
TTNA18	olaTTNAIg75/195	32.258	93	55	2	6	98	9	93	1.31e-12	49.3
TTNA18	olaTTNAIg67/1104	35.106	94	56	2	8	98	12	103	1.52e-11	47.0
TTNA18	olaTTNAIg76/192	26.804	97	64	1	2	98	1	90	7.05e-11	45.1
TTNA18	olaTTNAIg66/1103	34.568	81	52	1	18	98	22	101	1.13e-10	44.7
TTNA18	olaTTNAIg74/193	35.354	99	52	4	2	97	1	90	1.30e-10	44.3
TTNA18	olaTTNAIg111/1101	28.889	90	54	2	10	97	17	98	1.10e-09	42.0
TTNA18	olaTTNAIg101/196	27.778	90	60	3	8	97	9	93	1.46e-09	41.6
TTNA18	olaTTNAIg91/193	25.287	87	58	1	12	98	12	91	2.32e-09	40.8
TTNA18	olaTTNAIg63/197	32.941	85	48	3	15	98	19	95	3.82e-09	40.4
TTNA18	olaTTNAIg73/196	32.353	102	58	3	1	98	1	95	6.39e-09	40.0
TTNA18	olaTTNAIg79/196	28.571	91	52	3	12	99	15	95	6.45e-09	40.0
TTNA18	olaTTNAIg96/194	26.042	96	58	3	5	98	8	92	8.74e-09	39.7
TTNA18	olaTTNAIg107/194	28.261	92	57	2	8	99	11	93	9.12e-09	39.3
TTNA18	olaTTNAIg106/197	26.214	103	62	3	2	98	1	95	1.80e-08	38.9
TTNA18	olaTTNAIg97/197	29.412	102	61	3	1	98	1	95	1.90e-08	38.5
TTNA18	olaTTNAIg71/194	34.524	84	44	3	15	98	18	90	2.30e-08	38.5
TTNA18	olaTTNAIg88/193	35.227	88	48	3	11	98	11	89	2.56e-08	38.1
TTNA18	olaTTNAIg64/193	31.818	88	53	2	12	99	12	92	4.49e-08	37.7
TTNA18	olaTTNAIg65/195	26.316	95	62	2	4	98	7	93	4.55e-08	37.7
TTNA18	olaTTNAIg62/195	28.713	101	63	2	2	99	1	95	4.90e-08	37.7
TTNA18	olaTTNAIg87/194	27.660	94	59	2	5	98	9	93	6.47e-08	37.4
TTNA18	olaTTNAIg86/197	27.451	102	63	2	1	98	1	95	6.53e-08	37.4
TTNA18	olaTTNAIg95/199	30.392	102	60	3	1	98	1	95	7.50e-08	37.0
TTNA18	olaTTNAIg70/195	27.778	90	56	2	1	88	1	83	7.64e-08	37.0
TTNA18	olaTTNAIg80/198	33.981	103	56	4	1	98	1	96	2.05e-07	35.8
TTNA18	olaTTNAIg82/196	26.804	97	58	3	2	93	1	89	2.40e-07	35.8
TTNA18	olaTTNAIg89/196	25.287	87	58	1	12	98	15	94	2.47e-07	35.8
TTNA18	olaTTNAIg77/197	26.042	96	64	1	3	98	7	95	2.62e-07	35.8
TTNA18	olaTTNAIg102/194	29.032	93	57	2	6	98	9	92	3.35e-07	35.4
TTNA18	olaTTNAIg85/193	30.986	71	42	1	28	98	28	91	1.15e-06	33.9
TTNA18	olaTTNAIg78/195	23.256	86	59	1	5	90	8	86	1.33e-06	33.9
TTNA18	olaTTNAIg104/198	28.155	103	62	2	1	98	1	96	2.40e-06	33.1
TTNA18	olaTTNAIg94/193	25.287	87	58	1	12	98	12	91	2.52e-06	33.1
TTNA18	olaTTNAIg98/191	26.506	83	50	3	15	95	18	91	3.21e-06	32.7
TTNA18	olaTTNAIg98/191	50.000	14	7	0	3	16	60	73	8.2	15.0
TTNA18	olaTTNAIg72/197	30.108	93	54	4	6	97	10	92	3.26e-06	32.7
TTNA18	olaTTNAIg109/193	26.531	98	62	4	2	97	1	90	3.83e-06	32.3
TTNA18	olaTTNAIg99/1104	26.027	73	47	1	15	87	18	83	7.19e-06	32.0
TTNA18	olaTTNAIg83/196	32.955	88	50	3	12	98	15	94	8.91e-06	31.6
TTNA18	olaTTNAIg93/194	24.468	94	62	1	5	98	8	92	1.47e-05	30.8
TTNA18	olaTTNAIg81/193	25.532	94	61	3	5	98	8	92	1.82e-05	30.8
TTNA18	olaTTNAIg100/196	23.864	88	56	3	1	84	1	81	1.84e-05	30.8
TTNA18	olaTTNAIg103/196	29.870	77	45	2	24	99	27	95	2.70e-05	30.4
TTNA18	olaTTNAIg108/193	22.353	85	57	2	15	97	15	92	3.68e-05	30.0
TTNA18	olaTTNAIg110/193	26.966	89	58	2	10	97	10	92	4.08e-05	29.6
TTNA18	olaTTNAIg90/194	23.529	102	65	3	1	98	1	93	4.22e-05	29.6
TTNA18	olaTTNAIg105/194	24.096	83	54	1	5	87	8	81	6.86e-05	29.3
TTNA18	olaTTNAIg92/197	26.042	96	59	3	6	98	9	95	0.001	25.8
TTNA18	olaTTNAIg84/195	22.549	102	66	2	1	98	1	93	0.007	23.9
TTNA22	olaTTNAIg69/195	63.441	93	34	0	2	94	2	94	2.16e-46	134
TTNA22	olaTTNAIg87/194	36.559	93	59	0	2	94	2	94	1.13e-19	67.4
TTNA22	olaTTNAIg81/193	37.634	93	58	0	2	94	1	93	1.37e-19	67.0
TTNA22	olaTTNAIg105/194	32.258	93	63	0	2	94	1	93	7.12e-19	65.1
TTNA22	olaTTNAIg102/194	35.484	93	60	0	2	94	1	93	1.41e-18	64.3
TTNA22	olaTTNAIg73/196	35.789	95	59	1	2	94	2	96	3.47e-18	63.5
TTNA22	olaTTNAIg75/195	36.170	94	59	1	2	94	1	94	4.69e-18	63.2
TTNA22	olaTTNAIg71/194	35.484	93	60	0	2	94	1	93	8.68e-18	62.4
TTNA22	olaTTNAIg93/194	34.409	93	61	0	2	94	1	93	1.26e-17	62.0
TTNA22	olaTTNAIg72/197	35.417	96	60	1	1	94	1	96	2.62e-17	61.2
TTNA22	olaTTNAIg90/194	34.409	93	61	0	2	94	2	94	5.50e-17	60.5
TTNA22	olaTTNAIg104/198	36.458	96	58	2	2	94	2	97	1.85e-16	59.3
TTNA22	olaTTNAIg83/196	33.684	95	61	1	2	94	1	95	3.50e-16	58.5
TTNA22	olaTTNAIg78/195	33.673	98	57	2	2	94	1	95	9.57e-16	57.4
TTNA22	olaTTNAIg107/194	32.609	92	62	0	2	93	1	92	1.77e-15	56.6
TTNA22	olaTTNAIg86/197	32.632	95	62	1	2	94	2	96	2.07e-15	56.6
TTNA22	olaTTNAIg67/1104	31.068	103	61	1	2	94	2	104	2.62e-15	56.2
TTNA22	olaTTNAIg65/195	33.684	95	60	2	2	94	1	94	8.18e-15	55.1
TTNA22	olaTTNAIg101/196	31.765	85	54	2	14	94	11	95	2.52e-14	53.5
TTNA22	olaTTNAIg84/195	29.032	93	66	0	2	94	2	94	6.45e-14	52.8
TTNA22	olaTTNAIg76/192	34.483	87	55	2	10	94	5	91	8.08e-14	52.4
TTNA22	olaTTNAIg99/1104	32.941	85	55	1	3	85	2	86	1.44e-13	51.6
TTNA22	olaTTNAIg63/197	31.250	96	64	1	1	94	1	96	6.03e-13	50.1
TTNA22	olaTTNAIg103/196	34.177	79	50	1	14	90	13	91	2.40e-12	48.5
TTNA22	olaTTNAIg92/197	35.052	97	58	2	2	94	1	96	2.76e-12	48.5
TTNA22	olaTTNAIg111/1101	32.292	96	60	2	4	94	5	100	6.43e-12	47.8
TTNA22	olaTTNAIg80/198	31.250	96	63	2	2	94	2	97	7.02e-12	47.4
TTNA22	olaTTNAIg82/196	32.632	95	62	1	2	94	1	95	8.81e-12	47.0
TTNA22	olaTTNAIg96/194	30.108	93	65	0	2	94	1	93	3.28e-11	45.4
TTNA22	olaTTNAIg89/196	31.579	95	63	1	2	94	1	95	3.80e-11	45.4
TTNA22	olaTTNAIg79/196	27.907	86	60	1	2	85	1	86	1.29e-10	44.3
TTNA22	olaTTNAIg70/195	29.474	95	63	2	2	94	2	94	2.41e-10	43.5
TTNA22	olaTTNAIg95/199	27.368	95	67	1	2	94	2	96	7.48e-10	42.4
TTNA22	olaTTNAIg77/197	29.474	95	65	1	2	94	2	96	1.40e-09	41.6
TTNA22	olaTTNAIg88/193	28.395	81	56	1	16	94	12	92	8.47e-09	39.3
TTNA22	olaTTNAIg66/1103	28.846	104	61	3	2	94	1	102	1.16e-08	39.3
TTNA22	olaTTNAIg68/199	30.864	81	47	1	22	93	17	97	1.52e-08	38.9
TTNA22	olaTTNAIg74/193	28.889	90	63	1	6	94	3	92	4.26e-08	37.4
TTNA22	olaTTNAIg98/191	22.892	83	62	1	2	82	1	83	4.29e-08	37.4
TTNA22	olaTTNAIg91/193	28.395	81	56	1	16	94	12	92	5.11e-08	37.4
TTNA22	olaTTNAIg94/193	27.160	81	57	1	16	94	12	92	1.76e-07	35.8
TTNA22	olaTTNAIg109/193	23.864	88	64	2	10	94	5	92	3.29e-07	35.0
TTNA22	olaTTNAIg100/196	26.250	80	57	1	2	79	2	81	4.26e-07	35.0
TTNA22	olaTTNAIg62/195	27.368	95	65	2	2	93	1	94	1.56e-06	33.5
TTNA22	olaTTNAIg97/197	22.680	97	69	2	2	94	2	96	1.98e-06	33.1
TTNA22	olaTTNAIg85/193	34.146	82	50	3	16	94	12	92	2.25e-06	33.1
TTNA22	olaTTNAIg106/197	25.610	82	58	1	16	94	15	96	6.11e-06	32.0
TTNA22	olaTTNAIg108/193	28.571	56	38	1	30	83	26	81	1.04e-04	28.5
TTNA22	olaTTNAIg64/193	28.125	64	44	1	32	93	28	91	8.56e-04	26.2
TTNA22	olaTTNAIg110/193	25.641	78	51	3	10	82	7	82	0.012	23.1
TTNA25	olaTTNAIg70/195	41.489	94	55	0	1	94	1	94	4.73e-30	93.6
TTNA25	olaTTNAIg74/193	32.258	93	62	1	2	94	1	92	1.61e-16	59.3
TTNA25	olaTTNAIg86/197	32.292	96	63	1	1	94	1	96	9.60e-16	57.4
TTNA25	olaTTNAIg84/195	32.292	96	61	2	1	94	1	94	9.68e-16	57.4
TTNA25	olaTTNAIg103/196	37.805	82	51	0	12	93	13	94	4.09e-15	55.8
TTNA25	olaTTNAIg76/192	34.483	87	57	0	8	94	5	91	1.27e-14	54.3
TTNA25	olaTTNAIg77/197	32.292	96	63	1	1	94	1	96	1.50e-14	54.3
TTNA25	olaTTNAIg65/195	31.579	95	62	2	2	94	1	94	1.74e-14	53.9
TTNA25	olaTTNAIg93/194	31.868	91	60	1	4	94	5	93	2.41e-14	53.5
TTNA25	olaTTNAIg87/194	32.292	96	61	2	1	94	1	94	3.80e-14	53.1
TTNA25	olaTTNAIg63/197	31.579	95	63	1	2	94	2	96	4.72e-14	53.1
TTNA25	olaTTNAIg73/196	31.250	96	64	1	1	94	1	96	4.93e-14	52.8
TTNA25	olaTTNAIg78/195	35.165	91	59	0	4	94	5	95	6.45e-14	52.8
TTNA25	olaTTNAIg89/196	33.333	87	58	0	8	94	9	95	9.23e-14	52.4
TTNA25	olaTTNAIg95/199	30.208	96	65	1	1	94	1	96	1.95e-13	51.6
TTNA25	olaTTNAIg100/196	29.268	82	56	1	11	92	13	92	2.21e-13	51.2
TTNA25	olaTTNAIg96/194	35.227	88	55	1	7	94	8	93	2.26e-13	51.2
TTNA25	olaTTNAIg90/194	26.042	96	67	2	1	94	1	94	4.56e-13	50.4
TTNA25	olaTTNAIg81/193	31.579	95	61	2	2	94	1	93	9.49e-13	49.7
TTNA25	olaTTNAIg75/195	32.632	95	61	2	2	94	1	94	1.54e-12	48.9
TTNA25	olaTTNAIg71/194	35.789	95	57	2	2	94	1	93	1.74e-12	48.9
TTNA25	olaTTNAIg105/194	33.684	95	59	2	2	94	1	93	1.75e-12	48.9
TTNA25	olaTTNAIg104/198	33.673	98	60	3	1	94	1	97	2.25e-12	48.5
TTNA25	olaTTNAIg92/197	32.258	93	62	1	3	94	4	96	2.85e-12	48.5
TTNA25	olaTTNAIg69/195	27.083	96	66	2	1	94	1	94	3.65e-12	48.1
TTNA25	olaTTNAIg101/196	35.632	87	50	2	12	94	11	95	7.26e-12	47.4
TTNA25	olaTTNAIg67/1104	28.846	104	64	3	1	94	1	104	9.12e-12	47.4
TTNA25	olaTTNAIg64/193	30.435	92	63	1	2	93	1	91	1.08e-11	47.0
TTNA25	olaTTNAIg88/193	28.049	82	59	0	13	94	11	92	2.82e-11	45.8
TTNA25	olaTTNAIg97/197	27.083	96	68	2	1	94	1	96	1.18e-10	44.3
TTNA25	olaTTNAIg83/196	27.368	95	67	1	2	94	1	95	1.70e-10	43.9
TTNA25	olaTTNAIg62/195	28.723	94	65	2	2	93	1	94	2.41e-10	43.5
TTNA25	olaTTNAIg66/1103	30.392	102	62	3	2	94	1	102	5.73e-10	42.7
TTNA25	olaTTNAIg107/194	29.787	94	62	2	2	93	1	92	7.10e-10	42.0
TTNA25	olaTTNAIg94/193	24.731	93	69	1	2	94	1	92	1.13e-09	41.6
TTNA25	olaTTNAIg82/196	27.632	76	55	0	8	83	9	84	1.26e-09	41.6
TTNA25	olaTTNAIg99/1104	29.577	71	50	0	15	85	16	86	3.57e-09	40.4
TTNA25	olaTTNAIg91/193	29.268	82	57	1	2	83	1	81	4.66e-09	40.0
TTNA25	olaTTNAIg80/198	26.804	97	68	2	1	94	1	97	8.51e-09	39.3
TTNA25	olaTTNAIg111/1101	32.857	70	44	2	27	94	32	100	9.55e-09	39.3
TTNA25	olaTTNAIg102/194	28.866	97	61	3	2	94	1	93	2.55e-08	38.1
TTNA25	olaTTNAIg79/196	25.926	81	60	0	13	93	14	94	1.51e-07	36.2
TTNA25	olaTTNAIg72/197	22.105	95	72	1	2	94	2	96	1.94e-07	35.8
TTNA25	olaTTNAIg85/193	25.806	93	68	1	2	94	1	92	2.61e-07	35.4
TTNA25	olaTTNAIg108/193	22.222	81	62	1	2	82	1	80	3.61e-07	35.0
TTNA25	olaTTNAIg98/191	23.810	84	64	0	7	90	8	91	4.05e-07	35.0
TTNA25	olaTTNAIg109/193	23.864	88	66	1	8	94	5	92	5.99e-07	34.7
TTNA25	olaTTNAIg110/193	26.316	76	42	2	2	77	1	62	2.72e-06	32.7
TTNA25	olaTTNAIg106/197	24.051	79	59	1	17	94	18	96	2.90e-04	27.3
TTNA25	olaTTNAIg68/199	25.581	86	49	2	13	83	2	87	7.26e-04	26.2
TTNA29	olaTTNAIg71/194	59.140	93	38	0	2	94	1	93	1.13e-36	110
TTNA29	olaTTNAIg84/195	45.745	94	51	0	1	94	1	94	1.83e-24	79.3
TTNA29	olaTTNAIg69/195	35.106	94	61	0	1	94	1	94	3.55e-21	71.2
TTNA29	olaTTNAIg87/194	41.489	94	55	0	1	94	1	94	4.26e-21	70.9
TTNA29	olaTTNAIg75/195	43.617	94	52	1	2	94	1	94	1.37e-20	69.7
TTNA29	olaTTNAIg90/194	37.234	94	59	0	1	94	1	94	1.70e-20	69.3
TTNA29	olaTTNAIg93/194	39.785	93	56	0	2	94	1	93	1.97e-19	66.6
TTNA29	olaTTNAIg81/193	39.785	93	56	0	2	94	1	93	1.38e-18	64.3
TTNA29	olaTTNAIg65/195	34.737	95	59	2	2	94	1	94	6.35e-18	62.8
TTNA29	olaTTNAIg102/194	35.484	93	60	0	2	94	1	93	1.20e-17	62.0
TTNA29	olaTTNAIg72/197	36.842	95	58	1	2	94	2	96	1.29e-17	62.0
TTNA29	olaTTNAIg86/197	34.375	96	61	1	1	94	1	96	5.85e-17	60.5
TTNA29	olaTTNAIg88/193	36.047	86	53	1	11	94	7	92	1.46e-16	59.3
TTNA29	olaTTNAIg95/199	33.333	96	62	1	1	94	1	96	3.06e-16	58.5
TTNA29	olaTTNAIg96/194	31.183	93	64	0	2	94	1	93	4.31e-15	55.5
TTNA29	olaTTNAIg107/194	34.783	92	60	0	2	93	1	92	4.80e-15	55.5
TTNA29	olaTTNAIg83/196	28.421	95	66	1	2	94	1	95	1.38e-14	54.3
TTNA29	olaTTNAIg94/193	37.037	81	49	1	16	94	12	92	2.63e-14	53.5
TTNA29	olaTTNAIg105/194	30.108	93	65	0	2	94	1	93	2.99e-14	53.5
TTNA29	olaTTNAIg78/195	34.737	95	60	1	2	94	1	95	3.03e-14	53.5
TTNA29	olaTTNAIg67/1104	31.731	104	61	2	1	94	1	104	4.08e-14	53.1
TTNA29	olaTTNAIg89/196	37.037	81	49	1	16	94	15	95	6.60e-14	52.8
TTNA29	olaTTNAIg104/198	36.082	97	59	2	1	94	1	97	7.44e-14	52.4
TTNA29	olaTTNAIg101/196	36.145	83	49	2	16	94	13	95	8.28e-14	52.4
TTNA29	olaTTNAIg77/197	35.417	96	60	1	1	94	1	96	8.29e-14	52.4
TTNA29	olaTTNAIg91/193	35.366	82	51	1	15	94	11	92	1.53e-13	51.6
TTNA29	olaTTNAIg73/196	31.959	97	62	2	1	94	1	96	1.82e-13	51.6
TTNA29	olaTTNAIg97/197	31.250	96	64	1	1	94	1	96	2.29e-13	51.2
TTNA29	olaTTNAIg76/192	33.333	81	52	1	16	94	11	91	3.44e-13	50.8
TTNA29	olaTTNAIg64/193	34.211	76	48	1	20	93	16	91	1.33e-12	49.3
TTNA29	olaTTNAIg99/1104	35.484	93	55	2	3	90	2	94	1.56e-12	48.9
TTNA29	olaTTNAIg103/196	35.000	80	50	1	16	93	15	94	2.18e-12	48.5
TTNA29	olaTTNAIg82/196	35.802	81	50	1	16	94	15	95	1.01e-11	47.0
TTNA29	olaTTNAIg63/197	31.579	95	63	1	2	94	2	96	3.30e-11	45.8
TTNA29	olaTTNAIg80/198	35.052	97	60	2	1	94	1	97	4.90e-11	45.4
TTNA29	olaTTNAIg70/195	31.250	96	62	2	1	94	1	94	1.02e-10	44.3
TTNA29	olaTTNAIg74/193	30.435	92	61	2	5	94	2	92	1.73e-10	43.9
TTNA29	olaTTNAIg79/196	27.500	80	56	1	16	93	15	94	3.42e-10	43.1
TTNA29	olaTTNAIg92/197	27.835	97	65	2	2	94	1	96	8.28e-10	42.0
TTNA29	olaTTNAIg68/199	33.766	77	42	2	26	93	21	97	1.22e-09	41.6
TTNA29	olaTTNAIg106/197	31.325	83	54	1	15	94	14	96	3.85e-09	40.4
TTNA29	olaTTNAIg100/196	25.263	95	69	1	1	93	1	95	2.82e-08	38.1
TTNA29	olaTTNAIg85/193	32.051	78	51	1	19	94	15	92	1.76e-07	35.8
TTNA29	olaTTNAIg66/1103	26.437	87	56	2	16	94	16	102	2.79e-06	32.7
TTNA29	olaTTNAIg108/193	26.316	76	54	1	17	90	13	88	4.09e-06	32.3
TTNA29	olaTTNAIg109/193	25.316	79	56	2	19	94	14	92	1.18e-05	31.2
TTNA29	olaTTNAIg111/1101	25.301	83	59	1	15	94	18	100	1.28e-05	31.2
TTNA29	olaTTNAIg98/191	19.780	91	71	1	2	90	1	91	4.78e-04	26.6
TTNA29	olaTTNAIg62/195	24.590	61	43	1	22	79	20	80	0.002	25.0
TTNA29	olaTTNAIg110/193	23.529	85	61	2	12	92	8	92	0.011	23.1
TTNA32	olaTTNAIg72/197	60.000	95	38	0	2	96	2	96	5.90e-44	129
TTNA32	olaTTNAIg86/197	38.542	96	59	0	1	96	1	96	4.98e-24	78.6
TTNA32	olaTTNAIg65/195	36.842	95	59	1	2	96	1	94	3.71e-22	73.6
TTNA32	olaTTNAIg75/195	41.053	95	55	1	2	96	1	94	8.31e-22	72.8
TTNA32	olaTTNAIg95/199	37.500	96	60	0	1	96	1	96	2.18e-21	72.0
TTNA32	olaTTNAIg63/197	35.789	95	61	0	2	96	2	96	7.48e-21	70.5
TTNA32	olaTTNAIg104/198	42.268	97	55	1	1	96	1	97	1.02e-20	70.1
TTNA32	olaTTNAIg69/195	37.500	96	58	1	1	96	1	94	2.38e-20	68.9
TTNA32	olaTTNAIg81/193	35.789	95	59	1	2	96	1	93	3.05e-19	66.2
TTNA32	olaTTNAIg78/195	32.632	95	64	0	2	96	1	95	3.74e-19	66.2
TTNA32	olaTTNAIg93/194	36.842	95	58	1	2	96	1	93	5.39e-19	65.5
TTNA32	olaTTNAIg87/194	37.500	96	58	2	1	96	1	94	7.47e-19	65.1
TTNA32	olaTTNAIg107/194	36.170	94	58	1	2	95	1	92	7.81e-19	65.1
TTNA32	olaTTNAIg83/196	32.632	95	64	0	2	96	1	95	9.87e-19	65.1
TTNA32	olaTTNAIg89/196	31.579	95	65	0	2	96	1	95	2.54e-18	63.9
TTNA32	olaTTNAIg70/195	33.333	96	62	1	1	96	1	94	3.29e-18	63.5
TTNA32	olaTTNAIg77/197	34.375	96	63	0	1	96	1	96	3.31e-18	63.5
TTNA32	olaTTNAIg90/194	33.333	96	62	1	1	96	1	94	4.40e-17	60.8
TTNA32	olaTTNAIg71/194	34.737	95	60	1	2	96	1	93	5.24e-17	60.5
TTNA32	olaTTNAIg80/198	41.237	97	56	1	1	96	1	97	1.07e-16	59.7
TTNA32	olaTTNAIg92/197	34.375	96	62	1	2	96	1	96	2.33e-16	58.9
TTNA32	olaTTNAIg67/1104	36.538	104	58	2	1	96	1	104	2.38e-16	59.3
TTNA32	olaTTNAIg74/193	37.363	91	56	1	6	96	3	92	4.29e-16	58.2
TTNA32	olaTTNAIg84/195	35.714	98	57	2	1	96	1	94	7.32e-16	57.8
TTNA32	olaTTNAIg102/194	32.632	95	62	1	2	96	1	93	1.02e-15	57.4
TTNA32	olaTTNAIg88/193	35.802	81	52	0	16	96	12	92	5.59e-15	55.5
TTNA32	olaTTNAIg94/193	33.684	95	60	1	2	96	1	92	8.91e-15	54.7
TTNA32	olaTTNAIg99/1104	30.851	94	64	1	4	96	3	96	3.21e-14	53.5
TTNA32	olaTTNAIg64/193	30.488	82	57	0	14	95	10	91	2.12e-13	51.2
TTNA32	olaTTNAIg105/194	30.526	95	64	2	2	96	1	93	4.61e-13	50.4
TTNA32	olaTTNAIg76/192	29.630	81	57	0	16	96	11	91	5.83e-13	50.1
TTNA32	olaTTNAIg96/194	27.368	95	67	2	2	96	1	93	1.28e-12	49.3
TTNA32	olaTTNAIg73/196	28.866	97	67	2	1	96	1	96	1.72e-12	48.9
TTNA32	olaTTNAIg66/1103	32.584	89	54	2	14	96	14	102	5.94e-12	47.8
TTNA32	olaTTNAIg103/196	27.660	94	68	0	2	95	1	94	8.08e-12	47.4
TTNA32	olaTTNAIg98/191	27.473	91	66	0	2	92	1	91	1.11e-11	47.0
TTNA32	olaTTNAIg97/197	26.042	96	71	0	1	96	1	96	1.54e-11	46.6
TTNA32	olaTTNAIg82/196	29.474	95	67	0	2	96	1	95	8.29e-11	44.7
TTNA32	olaTTNAIg91/193	25.926	81	60	0	16	96	12	92	1.12e-10	44.3
TTNA32	olaTTNAIg101/196	32.941	85	55	1	14	96	11	95	1.33e-10	44.3
TTNA32	olaTTNAIg109/193	23.864	88	66	1	10	96	5	92	9.35e-10	42.0
TTNA32	olaTTNAIg79/196	27.500	80	58	0	16	95	15	94	2.70e-09	40.8
TTNA32	olaTTNAIg111/1101	32.051	78	48	3	21	96	26	100	7.68e-09	39.7
TTNA32	olaTTNAIg106/197	25.610	82	60	1	16	96	15	96	3.33e-08	38.1
TTNA32	olaTTNAIg85/193	30.769	65	45	0	32	96	28	92	4.23e-08	37.7
TTNA32	olaTTNAIg68/199	28.125	96	60	2	8	95	3	97	6.03e-08	37.4
TTNA32	olaTTNAIg100/196	21.053	95	75	0	1	95	1	95	2.82e-07	35.4
TTNA32	olaTTNAIg108/193	28.378	74	53	0	11	84	7	80	4.32e-07	35.0
TTNA32	olaTTNAIg62/195	28.986	69	46	2	14	81	14	80	2.44e-06	33.1
TTNA32	olaTTNAIg110/193	27.586	87	59	2	11	94	7	92	2.40e-05	30.4
TTNA36	olaTTNAIg73/196	51.042	96	47	0	1	96	1	96	2.76e-36	109
TTNA36	olaTTNAIg93/194	34.737	95	60	1	2	96	1	93	4.61e-20	68.2
TTNA36	olaTTNAIg69/195	40.625	96	55	1	1	96	1	94	7.00e-20	67.8
TTNA36	olaTTNAIg63/197	38.947	95	58	0	2	96	2	96	1.44e-19	67.0
TTNA36	olaTTNAIg75/195	39.583	96	55	2	2	96	1	94	4.70e-19	65.9
TTNA36	olaTTNAIg65/195	37.895	95	58	1	2	96	1	94	7.66e-19	65.1
TTNA36	olaTTNAIg90/194	37.500	96	58	1	1	96	1	94	1.06e-18	64.7
TTNA36	olaTTNAIg104/198	37.113	97	60	1	1	96	1	97	1.50e-18	64.7
TTNA36	olaTTNAIg84/195	32.292	96	63	1	1	96	1	94	2.95e-18	63.9
TTNA36	olaTTNAIg83/196	32.632	95	64	0	2	96	1	95	5.68e-18	63.2
TTNA36	olaTTNAIg78/195	37.500	96	58	2	2	96	1	95	8.28e-18	62.8
TTNA36	olaTTNAIg87/194	35.417	96	60	1	1	96	1	94	1.55e-17	62.0
TTNA36	olaTTNAIg77/197	31.250	96	66	0	1	96	1	96	3.31e-17	61.2
TTNA36	olaTTNAIg70/195	30.208	96	65	1	1	96	1	94	1.06e-16	59.7
TTNA36	olaTTNAIg86/197	31.250	96	66	0	1	96	1	96	1.08e-16	59.7
TTNA36	olaTTNAIg95/199	30.208	96	67	0	1	96	1	96	1.29e-16	59.7
TTNA36	olaTTNAIg67/1104	35.849	106	56	3	1	96	1	104	1.92e-16	59.3
TTNA36	olaTTNAIg88/193	37.805	82	51	0	15	96	11	92	2.72e-16	58.5
TTNA36	olaTTNAIg74/193	31.868	91	61	1	6	96	3	92	3.10e-16	58.5
TTNA36	olaTTNAIg81/193	34.737	95	60	1	2	96	1	93	1.31e-15	57.0
TTNA36	olaTTNAIg80/198	34.021	97	63	1	1	96	1	97	4.16e-15	55.8
TTNA36	olaTTNAIg101/196	30.928	97	63	2	2	96	1	95	1.47e-14	54.3
TTNA36	olaTTNAIg92/197	31.250	96	65	1	2	96	1	96	2.20e-14	53.9
TTNA36	olaTTNAIg94/193	32.941	85	57	0	12	96	8	92	2.99e-14	53.5
TTNA36	olaTTNAIg72/197	31.579	95	65	0	2	96	2	96	3.57e-14	53.5
TTNA36	olaTTNAIg105/194	30.526	95	64	1	2	96	1	93	8.28e-14	52.4
TTNA36	olaTTNAIg97/197	26.042	96	71	0	1	96	1	96	9.24e-14	52.4
TTNA36	olaTTNAIg91/193	31.765	85	58	0	12	96	8	92	9.52e-14	52.4
TTNA36	olaTTNAIg103/196	31.325	83	57	0	2	84	1	83	5.36e-13	50.4
TTNA36	olaTTNAIg76/192	31.765	85	58	0	12	96	7	91	1.18e-12	49.3
TTNA36	olaTTNAIg102/194	30.526	95	64	1	2	96	1	93	1.93e-12	48.9
TTNA36	olaTTNAIg64/193	31.461	89	58	2	6	94	3	88	2.79e-12	48.5
TTNA36	olaTTNAIg99/1104	27.059	85	62	0	3	87	2	86	4.98e-12	47.8
TTNA36	olaTTNAIg98/191	25.287	87	65	0	2	88	1	87	1.46e-11	46.6
TTNA36	olaTTNAIg89/196	28.421	95	68	0	2	96	1	95	1.51e-11	46.6
TTNA36	olaTTNAIg66/1103	33.333	102	61	2	2	96	1	102	7.43e-11	45.1
TTNA36	olaTTNAIg107/194	32.530	83	54	1	2	84	1	81	1.80e-10	43.9
TTNA36	olaTTNAIg71/194	27.368	95	67	1	2	96	1	93	4.42e-10	42.7
TTNA36	olaTTNAIg111/1101	34.177	79	51	1	19	96	22	100	5.38e-10	42.7
TTNA36	olaTTNAIg108/193	27.273	77	56	0	14	90	10	86	6.43e-10	42.4
TTNA36	olaTTNAIg62/195	33.696	92	59	2	6	95	3	94	8.19e-10	42.0
TTNA36	olaTTNAIg96/194	25.263	95	69	1	2	96	1	93	8.39e-10	42.0
TTNA36	olaTTNAIg100/196	26.506	83	61	0	1	83	1	83	8.72e-10	42.0
TTNA36	olaTTNAIg79/196	34.524	84	53	2	2	84	1	83	8.90e-10	42.0
TTNA36	olaTTNAIg85/193	33.735	83	55	0	14	96	10	92	3.75e-09	40.4
TTNA36	olaTTNAIg82/196	26.316	95	70	0	2	96	1	95	4.90e-09	40.0
TTNA36	olaTTNAIg68/199	32.857	70	40	2	22	84	17	86	7.45e-08	37.0
TTNA36	olaTTNAIg106/197	25.000	96	71	1	2	96	1	96	4.80e-07	35.0
TTNA36	olaTTNAIg110/193	25.301	83	60	1	14	94	10	92	1.23e-05	31.2
TTNA36	olaTTNAIg109/193	26.866	67	48	1	19	84	14	80	4.55e-04	26.9
TTNA39	olaTTNAIg74/193	58.947	95	36	1	2	96	1	92	3.49e-39	116
TTNA39	olaTTNAIg65/195	37.634	93	55	1	4	96	5	94	1.99e-21	72.0
TTNA39	olaTTNAIg63/197	44.211	95	47	2	4	96	6	96	1.55e-20	69.7
TTNA39	olaTTNAIg93/194	39.785	93	52	1	4	96	5	93	1.00e-17	62.4
TTNA39	olaTTNAIg86/197	33.333	93	60	1	4	96	6	96	2.03e-17	61.6
TTNA39	olaTTNAIg72/197	38.710	93	55	1	4	96	6	96	2.55e-17	61.6
TTNA39	olaTTNAIg81/193	35.484	93	56	1	4	96	5	93	3.77e-17	60.8
TTNA39	olaTTNAIg95/199	31.915	94	62	1	3	96	5	96	1.39e-16	59.7
TTNA39	olaTTNAIg92/197	35.484	93	59	1	4	96	5	96	2.23e-16	58.9
TTNA39	olaTTNAIg90/194	29.787	94	62	1	3	96	5	94	6.28e-16	57.8
TTNA39	olaTTNAIg96/194	39.175	97	53	2	2	96	1	93	6.49e-16	57.8
TTNA39	olaTTNAIg94/193	35.789	95	58	2	2	96	1	92	6.54e-16	57.8
TTNA39	olaTTNAIg82/196	37.113	97	57	3	2	96	1	95	1.35e-15	57.0
TTNA39	olaTTNAIg70/195	31.579	95	63	1	2	96	2	94	1.36e-15	57.0
TTNA39	olaTTNAIg77/197	33.333	93	60	1	4	96	6	96	3.57e-15	55.8
TTNA39	olaTTNAIg84/195	31.183	93	60	1	4	96	6	94	4.47e-15	55.5
TTNA39	olaTTNAIg97/197	37.349	83	50	1	14	96	16	96	6.13e-15	55.5
TTNA39	olaTTNAIg71/194	35.106	94	57	1	3	96	4	93	6.81e-15	55.1
TTNA39	olaTTNAIg101/196	31.579	95	65	0	2	96	1	95	1.59e-14	54.3
TTNA39	olaTTNAIg88/193	34.524	84	53	1	13	96	11	92	1.62e-14	54.3
TTNA39	olaTTNAIg87/194	32.258	93	59	1	4	96	6	94	1.78e-14	53.9
TTNA39	olaTTNAIg75/195	37.634	93	55	2	4	96	5	94	2.22e-14	53.9
TTNA39	olaTTNAIg91/193	30.952	84	56	1	13	96	11	92	5.66e-14	52.8
TTNA39	olaTTNAIg89/196	35.294	85	53	1	12	96	13	95	1.50e-13	51.6
TTNA39	olaTTNAIg73/196	32.258	93	61	1	4	96	6	96	1.55e-13	51.6
TTNA39	olaTTNAIg67/1104	29.808	104	57	3	4	96	6	104	6.09e-13	50.4
TTNA39	olaTTNAIg83/196	32.258	93	61	1	4	96	5	95	1.24e-12	49.3
TTNA39	olaTTNAIg78/195	37.805	82	49	2	4	85	5	84	1.95e-12	48.9
TTNA39	olaTTNAIg104/198	39.806	103	47	5	1	96	3	97	2.15e-12	48.9
TTNA39	olaTTNAIg69/195	30.108	93	61	1	4	96	6	94	4.77e-12	47.8
TTNA39	olaTTNAIg103/196	32.941	85	53	2	2	84	1	83	6.04e-12	47.8
TTNA39	olaTTNAIg107/194	31.522	92	59	2	4	95	5	92	7.58e-12	47.4
TTNA39	olaTTNAIg105/194	35.052	97	57	2	2	96	1	93	1.05e-11	47.0
TTNA39	olaTTNAIg108/193	29.412	85	57	2	2	86	1	82	6.93e-11	44.7
TTNA39	olaTTNAIg100/196	27.907	86	58	2	9	94	11	92	2.99e-10	43.1
TTNA39	olaTTNAIg76/192	28.090	89	62	1	8	96	5	91	6.18e-10	42.4
TTNA39	olaTTNAIg79/196	30.667	75	50	1	10	84	11	83	1.69e-09	41.2
TTNA39	olaTTNAIg111/1101	29.348	92	64	1	5	96	10	100	1.87e-09	41.2
TTNA39	olaTTNAIg80/198	29.787	94	63	2	4	96	6	97	1.99e-09	41.2
TTNA39	olaTTNAIg102/194	30.108	93	61	1	4	96	5	93	4.38e-09	40.0
TTNA39	olaTTNAIg66/1103	28.889	90	58	3	12	96	14	102	4.73e-09	40.4
TTNA39	olaTTNAIg99/1104	24.390	82	60	1	4	85	5	84	1.04e-07	36.6
TTNA39	olaTTNAIg64/193	28.916	83	55	2	12	94	10	88	2.04e-07	35.8
TTNA39	olaTTNAIg109/193	25.610	82	58	2	16	96	13	92	3.89e-07	35.0
TTNA39	olaTTNAIg98/191	26.761	71	50	1	15	85	16	84	5.01e-07	34.7
TTNA39	olaTTNAIg106/197	25.556	90	58	2	11	96	12	96	7.08e-07	34.3
TTNA39	olaTTNAIg85/193	28.090	89	62	1	8	96	6	92	2.00e-06	33.1
TTNA39	olaTTNAIg68/199	23.457	81	57	1	20	95	17	97	1.32e-05	31.2
TTNA39	olaTTNAIg110/193	27.381	84	59	2	12	94	10	92	0.001	26.2
TTNA43	olaTTNAIg75/195	77.660	94	21	0	2	95	1	94	3.08e-55	157
TTNA43	olaTTNAIg93/194	50.000	94	46	1	2	95	1	93	8.43e-32	98.2
TTNA43	olaTTNAIg87/194	50.526	95	46	1	1	95	1	94	2.75e-31	96.7
TTNA43	olaTTNAIg81/193	46.809	94	49	1	2	95	1	93	3.30e-29	91.7
TTNA43	olaTTNAIg84/195	47.917	96	47	2	1	95	1	94	2.56e-27	86.7
TTNA43	olaTTNAIg105/194	38.298	94	57	1	2	95	1	93	4.33e-24	78.6
TTNA43	olaTTNAIg78/195	44.330	97	49	2	2	95	1	95	3.78e-23	76.3
TTNA43	olaTTNAIg96/194	43.617	94	52	1	2	95	1	93	1.29e-22	74.7
TTNA43	olaTTNAIg90/194	40.000	95	56	1	1	95	1	94	2.20e-22	74.3
TTNA43	olaTTNAIg69/195	41.053	95	55	1	1	95	1	94	1.02e-21	72.4
TTNA43	olaTTNAIg102/194	38.298	94	57	1	2	95	1	93	4.77e-21	70.9
TTNA43	olaTTNAIg67/1104	40.385	104	53	1	1	95	1	104	8.17e-21	70.5
TTNA43	olaTTNAIg86/197	35.052	97	60	2	1	95	1	96	6.30e-20	68.2
TTNA43	olaTTNAIg72/197	42.268	97	51	3	2	95	2	96	1.24e-19	67.4
TTNA43	olaTTNAIg99/1104	40.625	96	53	3	3	95	2	96	1.73e-19	67.0
TTNA43	olaTTNAIg71/194	41.489	94	54	1	2	95	1	93	1.77e-19	66.6
TTNA43	olaTTNAIg107/194	34.409	93	60	1	2	94	1	92	2.36e-18	63.9
TTNA43	olaTTNAIg65/195	36.458	96	57	2	2	95	1	94	9.73e-18	62.4
TTNA43	olaTTNAIg77/197	34.375	96	62	1	1	95	1	96	1.30e-17	62.0
TTNA43	olaTTNAIg95/199	34.375	96	62	1	1	95	1	96	2.22e-17	61.6
TTNA43	olaTTNAIg73/196	36.364	99	56	2	1	95	1	96	3.19e-17	61.2
TTNA43	olaTTNAIg104/198	37.374	99	56	3	1	95	1	97	7.79e-17	60.1
TTNA43	olaTTNAIg83/196	37.895	95	58	1	2	95	1	95	1.89e-16	59.3
TTNA43	olaTTNAIg89/196	34.375	96	60	2	2	95	1	95	5.77e-16	57.8
TTNA43	olaTTNAIg92/197	34.375	96	61	1	2	95	1	96	2.93e-15	56.2
TTNA43	olaTTNAIg63/197	35.052	97	58	2	2	95	2	96	3.89e-15	55.8
TTNA43	olaTTNAIg103/196	37.363	91	56	1	2	91	1	91	1.10e-14	54.7
TTNA43	olaTTNAIg76/192	37.500	88	52	2	10	95	5	91	2.80e-14	53.5
TTNA43	olaTTNAIg74/193	36.842	95	56	3	2	95	1	92	3.12e-13	50.8
TTNA43	olaTTNAIg70/195	32.292	96	62	2	1	95	1	94	9.39e-13	49.7
TTNA43	olaTTNAIg101/196	34.694	98	57	3	2	95	1	95	1.03e-12	49.7
TTNA43	olaTTNAIg97/197	32.323	99	60	2	1	95	1	96	4.33e-12	48.1
TTNA43	olaTTNAIg82/196	32.990	97	60	2	2	95	1	95	1.70e-11	46.6
TTNA43	olaTTNAIg88/193	30.488	82	54	2	16	95	12	92	4.52e-11	45.4
TTNA43	olaTTNAIg80/198	33.663	101	57	3	1	95	1	97	6.61e-11	45.1
TTNA43	olaTTNAIg94/193	31.325	83	52	3	16	95	12	92	9.38e-11	44.3
TTNA43	olaTTNAIg106/197	28.125	96	67	1	2	95	1	96	3.95e-10	42.7
TTNA43	olaTTNAIg91/193	31.707	82	53	2	16	95	12	92	8.61e-10	42.0
TTNA43	olaTTNAIg85/193	34.328	67	43	1	30	95	26	92	3.13e-09	40.4
TTNA43	olaTTNAIg66/1103	32.381	105	57	4	2	95	1	102	1.98e-08	38.5
TTNA43	olaTTNAIg68/199	26.882	93	60	1	10	94	5	97	6.06e-08	37.4
TTNA43	olaTTNAIg64/193	34.722	72	36	2	29	94	25	91	6.77e-08	37.0
TTNA43	olaTTNAIg100/196	25.510	98	66	2	1	94	1	95	6.66e-07	34.7
TTNA43	olaTTNAIg109/193	23.913	92	60	3	10	95	5	92	1.54e-06	33.5
TTNA43	olaTTNAIg111/1101	29.000	100	65	4	1	95	2	100	2.70e-06	33.1
TTNA43	olaTTNAIg108/193	27.778	72	51	1	14	84	10	81	3.33e-06	32.7
TTNA43	olaTTNAIg98/191	25.000	84	60	2	2	83	1	83	5.88e-06	32.0
TTNA43	olaTTNAIg79/196	23.301	103	60	2	2	94	1	94	2.16e-04	27.7
TTNA43	olaTTNAIg62/195	28.395	81	55	2	2	80	1	80	2.18e-04	27.7
TTNA43	olaTTNAIg110/193	28.571	70	45	2	28	93	24	92	2.27e-04	27.7
TTNA46	olaTTNAIg76/192	56.044	91	40	0	2	92	1	91	3.37e-37	111
TTNA46	olaTTNAIg89/196	41.176	85	50	0	8	92	11	95	2.85e-21	71.2
TTNA46	olaTTNAIg91/193	40.244	82	49	0	11	92	11	92	1.87e-20	69.3
TTNA46	olaTTNAIg86/197	32.292	96	61	1	1	92	1	96	2.20e-19	66.6
TTNA46	olaTTNAIg75/195	41.667	84	46	2	10	92	13	94	3.28e-19	65.9
TTNA46	olaTTNAIg82/196	37.349	83	52	0	10	92	13	95	4.97e-19	65.5
TTNA46	olaTTNAIg77/197	37.500	96	56	1	1	92	1	96	1.16e-18	64.7
TTNA46	olaTTNAIg87/194	37.931	87	52	1	6	92	10	94	9.52e-18	62.4
TTNA46	olaTTNAIg72/197	34.483	87	57	0	6	92	10	96	1.02e-17	62.4
TTNA46	olaTTNAIg111/1101	36.000	100	55	3	1	92	2	100	1.14e-17	62.4
TTNA46	olaTTNAIg104/198	35.052	97	58	1	1	92	1	97	4.12e-17	60.8
TTNA46	olaTTNAIg65/195	39.759	83	49	1	10	92	13	94	5.93e-17	60.5
TTNA46	olaTTNAIg95/199	32.292	96	61	1	1	92	1	96	2.06e-16	58.9
TTNA46	olaTTNAIg78/195	32.184	87	59	0	6	92	9	95	1.35e-15	57.0
TTNA46	olaTTNAIg99/1104	30.667	75	52	0	6	80	9	83	1.77e-15	56.6
TTNA46	olaTTNAIg69/195	36.471	85	52	1	8	92	12	94	2.95e-15	55.8
TTNA46	olaTTNAIg94/193	31.818	88	60	0	5	92	5	92	3.65e-15	55.8
TTNA46	olaTTNAIg105/194	34.483	87	55	1	6	92	9	93	4.84e-15	55.5
TTNA46	olaTTNAIg83/196	32.143	84	57	0	9	92	12	95	5.47e-15	55.5
TTNA46	olaTTNAIg103/196	32.143	84	57	0	8	91	11	94	6.30e-15	55.1
TTNA46	olaTTNAIg74/193	36.145	83	52	1	10	92	11	92	2.28e-14	53.5
TTNA46	olaTTNAIg80/198	36.082	97	57	2	1	92	1	97	4.06e-14	53.1
TTNA46	olaTTNAIg93/194	32.184	87	57	1	6	92	9	93	4.81e-14	52.8
TTNA46	olaTTNAIg88/193	29.268	82	58	0	11	92	11	92	1.18e-13	52.0
TTNA46	olaTTNAIg79/196	29.268	82	58	0	10	91	13	94	2.05e-13	51.2
TTNA46	olaTTNAIg63/197	32.530	83	56	0	10	92	14	96	3.19e-13	50.8
TTNA46	olaTTNAIg84/195	31.250	96	60	2	1	92	1	94	5.53e-13	50.1
TTNA46	olaTTNAIg71/194	31.034	87	58	1	6	92	9	93	6.29e-13	50.1
TTNA46	olaTTNAIg101/196	31.461	89	58	2	7	92	7	95	1.10e-12	49.3
TTNA46	olaTTNAIg90/194	29.167	96	62	2	1	92	1	94	1.61e-12	48.9
TTNA46	olaTTNAIg102/194	32.099	81	53	1	12	92	15	93	1.85e-12	48.9
TTNA46	olaTTNAIg98/191	34.524	84	49	3	2	80	1	83	2.11e-12	48.5
TTNA46	olaTTNAIg67/1104	29.897	97	60	2	4	92	8	104	2.16e-12	48.9
TTNA46	olaTTNAIg85/193	27.174	92	67	0	1	92	1	92	3.46e-12	48.1
TTNA46	olaTTNAIg73/196	30.208	96	63	1	1	92	1	96	5.92e-12	47.4
TTNA46	olaTTNAIg106/197	31.868	91	56	3	6	92	8	96	7.26e-12	47.4
TTNA46	olaTTNAIg109/193	27.174	92	66	1	2	92	1	92	8.29e-12	47.0
TTNA46	olaTTNAIg81/193	26.506	83	59	1	10	92	13	93	1.11e-11	46.6
TTNA46	olaTTNAIg107/194	32.143	84	55	1	8	91	11	92	1.72e-11	46.2
TTNA46	olaTTNAIg68/199	34.021	97	57	2	2	91	1	97	2.01e-11	46.2
TTNA46	olaTTNAIg70/195	26.596	94	67	1	1	92	1	94	2.79e-11	45.8
TTNA46	olaTTNAIg97/197	27.083	96	66	1	1	92	1	96	5.78e-11	45.1
TTNA46	olaTTNAIg92/197	30.488	82	56	1	12	92	15	96	2.16e-10	43.5
TTNA46	olaTTNAIg96/194	25.287	87	63	1	6	92	9	93	4.45e-10	42.7
TTNA46	olaTTNAIg66/1103	27.957	93	57	3	8	92	12	102	1.36e-09	41.6
TTNA46	olaTTNAIg100/196	20.482	83	66	0	9	91	13	95	4.11e-08	37.7
TTNA46	olaTTNAIg62/195	26.506	83	60	1	10	91	12	94	1.71e-07	35.8
TTNA46	olaTTNAIg64/193	30.263	76	53	0	16	91	16	91	5.56e-07	34.7
TTNA46	olaTTNAIg108/193	24.658	73	55	0	8	80	8	80	4.28e-06	32.3
TTNA46	olaTTNAIg110/193	24.096	83	43	2	10	81	10	83	0.002	25.4
TTNA50	olaTTNAIg77/197	64.583	96	34	0	1	96	1	96	1.77e-46	135
TTNA50	olaTTNAIg86/197	37.500	96	60	0	1	96	1	96	3.34e-21	71.2
TTNA50	olaTTNAIg104/198	38.144	97	59	1	1	96	1	97	5.33e-20	68.2
TTNA50	olaTTNAIg95/199	34.375	96	63	0	1	96	1	96	5.77e-20	68.2
TTNA50	olaTTNAIg93/194	37.895	95	57	1	2	96	1	93	9.99e-20	67.4
TTNA50	olaTTNAIg87/194	37.113	97	57	2	1	96	1	94	2.03e-19	66.6
TTNA50	olaTTNAIg65/195	37.500	96	57	2	2	96	1	94	1.73e-18	64.3
TTNA50	olaTTNAIg76/192	33.708	89	59	0	8	96	3	91	2.07e-18	63.9
TTNA50	olaTTNAIg63/197	35.789	95	61	0	2	96	2	96	4.20e-18	63.5
TTNA50	olaTTNAIg80/198	37.113	97	60	1	1	96	1	97	6.09e-18	63.2
TTNA50	olaTTNAIg82/196	34.737	95	62	0	2	96	1	95	1.38e-17	62.0
TTNA50	olaTTNAIg105/194	36.842	95	58	1	2	96	1	93	1.62e-17	62.0
TTNA50	olaTTNAIg84/195	32.653	98	60	2	1	96	1	94	1.85e-17	61.6
TTNA50	olaTTNAIg71/194	37.895	95	57	1	2	96	1	93	2.64e-17	61.2
TTNA50	olaTTNAIg73/196	30.208	96	67	0	1	96	1	96	2.86e-17	61.2
TTNA50	olaTTNAIg101/196	35.632	87	54	1	12	96	9	95	5.99e-17	60.5
TTNA50	olaTTNAIg90/194	32.990	97	61	3	1	96	1	94	2.01e-16	58.9
TTNA50	olaTTNAIg88/193	35.294	85	55	0	12	96	8	92	2.63e-16	58.9
TTNA50	olaTTNAIg78/195	35.789	95	61	0	2	96	1	95	3.21e-16	58.5
TTNA50	olaTTNAIg75/195	31.633	98	60	2	2	96	1	94	4.26e-16	58.2
TTNA50	olaTTNAIg103/196	31.915	94	64	0	2	95	1	94	6.04e-16	57.8
TTNA50	olaTTNAIg94/193	31.579	95	62	1	2	96	1	92	6.91e-16	57.8
TTNA50	olaTTNAIg83/196	33.684	95	63	0	2	96	1	95	1.25e-15	57.0
TTNA50	olaTTNAIg67/1104	33.019	106	59	3	1	96	1	104	1.50e-15	57.0
TTNA50	olaTTNAIg111/1101	35.000	100	60	3	1	96	2	100	1.72e-15	57.0
TTNA50	olaTTNAIg102/194	36.458	96	57	2	2	96	1	93	2.28e-15	56.2
TTNA50	olaTTNAIg69/195	29.167	96	66	1	1	96	1	94	3.72e-15	55.8
TTNA50	olaTTNAIg96/194	35.789	95	59	1	2	96	1	93	6.88e-15	55.1
TTNA50	olaTTNAIg91/193	30.526	95	63	1	2	96	1	92	1.30e-14	54.3
TTNA50	olaTTNAIg70/195	30.208	96	65	1	1	96	1	94	1.67e-14	54.3
TTNA50	olaTTNAIg64/193	45.312	64	35	0	32	95	28	91	2.03e-14	53.9
TTNA50	olaTTNAIg81/193	29.474	95	65	1	2	96	1	93	2.24e-14	53.9
TTNA50	olaTTNAIg74/193	35.052	97	56	3	2	96	1	92	6.31e-14	52.8
TTNA50	olaTTNAIg72/197	30.526	95	66	0	2	96	2	96	6.54e-14	52.8
TTNA50	olaTTNAIg98/191	29.670	91	64	0	2	92	1	91	6.87e-14	52.4
TTNA50	olaTTNAIg107/194	29.787	94	64	1	2	95	1	92	1.01e-13	52.0
TTNA50	olaTTNAIg68/199	34.314	102	54	3	2	95	1	97	1.14e-13	52.0
TTNA50	olaTTNAIg106/197	29.167	96	67	1	2	96	1	96	3.06e-13	50.8
TTNA50	olaTTNAIg100/196	28.916	83	59	0	1	83	1	83	7.99e-13	50.1
TTNA50	olaTTNAIg92/197	34.694	98	59	2	2	96	1	96	9.69e-13	49.7
TTNA50	olaTTNAIg66/1103	31.461	89	55	1	14	96	14	102	1.42e-12	49.3
TTNA50	olaTTNAIg79/196	32.979	94	63	0	2	95	1	94	1.43e-12	49.3
TTNA50	olaTTNAIg97/197	29.167	96	68	0	1	96	1	96	1.29e-11	47.0
TTNA50	olaTTNAIg89/196	27.368	95	69	0	2	96	1	95	3.06e-11	45.8
TTNA50	olaTTNAIg99/1104	29.787	94	65	1	4	96	3	96	1.35e-10	44.3
TTNA50	olaTTNAIg108/193	27.160	81	59	0	14	94	10	90	1.28e-09	41.6
TTNA50	olaTTNAIg110/193	33.333	84	52	2	14	94	10	92	1.55e-09	41.2
TTNA50	olaTTNAIg85/193	32.558	86	56	2	12	96	8	92	6.38e-09	39.7
TTNA50	olaTTNAIg109/193	25.000	80	59	1	18	96	13	92	1.26e-08	38.9
TTNA50	olaTTNAIg62/195	25.263	95	69	2	2	95	1	94	1.13e-05	31.2
TTNA54	olaTTNAIg78/195	69.474	95	29	0	2	96	1	95	4.60e-50	144
TTNA54	olaTTNAIg93/194	48.421	95	47	1	2	96	1	93	6.32e-30	93.2
TTNA54	olaTTNAIg81/193	46.316	95	49	1	2	96	1	93	9.68e-29	90.5
TTNA54	olaTTNAIg87/194	46.875	96	49	1	1	96	1	94	1.05e-28	90.1
TTNA54	olaTTNAIg90/194	46.875	96	49	1	1	96	1	94	1.28e-28	90.1
TTNA54	olaTTNAIg105/194	52.632	95	43	2	2	96	1	93	6.82e-28	88.2
TTNA54	olaTTNAIg84/195	44.792	96	51	1	1	96	1	94	2.21e-27	87.0
TTNA54	olaTTNAIg75/195	46.316	95	50	1	2	96	1	94	9.59e-25	80.1
TTNA54	olaTTNAIg102/194	43.158	95	52	1	2	96	1	93	4.75e-24	78.6
TTNA54	olaTTNAIg96/194	38.947	95	56	1	2	96	1	93	7.43e-23	75.5
TTNA54	olaTTNAIg86/197	33.333	96	64	0	1	96	1	96	3.60e-19	66.2
TTNA54	olaTTNAIg83/196	35.789	95	61	0	2	96	1	95	8.03e-19	65.1
TTNA54	olaTTNAIg99/1104	36.559	93	58	1	5	96	4	96	3.77e-18	63.5
TTNA54	olaTTNAIg103/196	32.979	94	63	0	2	95	1	94	5.44e-18	63.2
TTNA54	olaTTNAIg69/195	30.208	96	65	1	1	96	1	94	9.04e-18	62.4
TTNA54	olaTTNAIg107/194	37.234	94	57	1	2	95	1	92	6.30e-17	60.5
TTNA54	olaTTNAIg89/196	33.684	95	63	0	2	96	1	95	1.79e-16	59.3
TTNA54	olaTTNAIg104/198	36.364	99	58	3	1	96	1	97	2.87e-16	58.9
TTNA54	olaTTNAIg91/193	35.714	84	54	0	13	96	9	92	4.94e-16	58.2
TTNA54	olaTTNAIg77/197	33.333	96	64	0	1	96	1	96	6.59e-16	57.8
TTNA54	olaTTNAIg72/197	32.632	95	64	0	2	96	2	96	7.35e-16	57.8
TTNA54	olaTTNAIg71/194	36.842	95	58	1	2	96	1	93	7.97e-16	57.4
TTNA54	olaTTNAIg95/199	34.375	96	63	0	1	96	1	96	9.66e-16	57.4
TTNA54	olaTTNAIg73/196	33.333	96	64	0	1	96	1	96	1.00e-15	57.4
TTNA54	olaTTNAIg100/196	32.632	95	64	0	1	95	1	95	3.93e-15	55.8
TTNA54	olaTTNAIg63/197	32.990	97	61	2	2	96	2	96	5.50e-15	55.5
TTNA54	olaTTNAIg65/195	33.684	95	62	1	2	96	1	94	8.84e-15	55.1
TTNA54	olaTTNAIg82/196	30.526	95	66	0	2	96	1	95	1.41e-14	54.3
TTNA54	olaTTNAIg88/193	28.571	84	60	0	13	96	9	92	3.13e-14	53.5
TTNA54	olaTTNAIg97/197	32.653	98	62	3	1	96	1	96	4.97e-13	50.4
TTNA54	olaTTNAIg94/193	28.736	87	62	0	10	96	6	92	7.73e-13	49.7
TTNA54	olaTTNAIg80/198	31.959	97	65	1	1	96	1	97	1.30e-12	49.3
TTNA54	olaTTNAIg76/192	32.184	87	59	0	10	96	5	91	3.27e-12	48.1
TTNA54	olaTTNAIg64/193	38.636	88	48	3	12	95	6	91	9.10e-12	47.0
TTNA54	olaTTNAIg85/193	28.736	87	62	0	10	96	6	92	2.94e-11	45.8
TTNA54	olaTTNAIg109/193	32.955	88	58	1	10	96	5	92	3.80e-11	45.4
TTNA54	olaTTNAIg67/1104	25.962	104	69	2	1	96	1	104	5.56e-11	45.4
TTNA54	olaTTNAIg111/1101	30.380	79	54	1	19	96	22	100	6.85e-11	45.1
TTNA54	olaTTNAIg92/197	29.167	96	67	1	2	96	1	96	9.72e-11	44.7
TTNA54	olaTTNAIg101/196	29.897	97	64	2	2	96	1	95	4.90e-10	42.7
TTNA54	olaTTNAIg79/196	28.750	80	57	0	16	95	15	94	5.22e-10	42.7
TTNA54	olaTTNAIg74/193	28.750	80	54	3	6	84	3	80	5.37e-10	42.4
TTNA54	olaTTNAIg66/1103	31.111	90	56	1	13	96	13	102	6.08e-10	42.7
TTNA54	olaTTNAIg106/197	30.337	89	57	2	11	96	10	96	3.22e-09	40.4
TTNA54	olaTTNAIg70/195	26.531	98	66	3	1	96	1	94	1.15e-08	39.3
TTNA54	olaTTNAIg98/191	24.096	83	63	0	2	84	1	83	1.09e-06	33.9
TTNA54	olaTTNAIg62/195	31.169	77	48	3	22	95	20	94	3.46e-04	27.3
TTNA54	olaTTNAIg68/199	24.000	100	57	3	3	95	10	97	8.29e-04	26.2
TTNA54	olaTTNAIg108/193	24.638	69	52	0	19	87	15	83	0.032	21.9
TTNA54	olaTTNAIg110/193	34.375	32	18	2	28	58	24	53	0.30	19.2
TTNA57	olaTTNAIg79/196	48.421	95	49	0	1	95	1	95	4.33e-28	88.6
TTNA57	olaTTNAIg103/196	38.947	95	58	0	1	95	1	95	7.00e-24	78.2
TTNA57	olaTTNAIg82/196	35.484	93	60	0	1	93	1	93	4.70e-21	70.9
TTNA57	olaTTNAIg99/1104	36.559	93	58	1	2	93	2	94	4.08e-20	68.6
TTNA57	olaTTNAIg81/193	31.915	94	62	1	1	94	1	92	8.43e-20	67.8
TTNA57	olaTTNAIg94/193	37.349	83	52	0	12	94	9	91	9.44e-19	65.1
TTNA57	olaTTNAIg96/194	34.043	94	60	1	1	94	1	92	1.33e-18	64.7
TTNA57	olaTTNAIg78/195	38.356	73	45	0	21	93	21	93	7.41e-18	62.8
TTNA57	olaTTNAIg90/194	38.554	83	45	2	14	94	15	93	3.21e-17	61.2
TTNA57	olaTTNAIg88/193	33.750	80	53	0	12	91	9	88	4.94e-17	60.5
TTNA57	olaTTNAIg111/1101	35.165	91	56	2	4	93	10	98	3.57e-16	58.5
TTNA57	olaTTNAIg86/197	29.787	94	66	0	1	94	2	95	3.87e-16	58.5
TTNA57	olaTTNAIg93/194	32.258	93	57	2	2	94	6	92	4.34e-16	58.2
TTNA57	olaTTNAIg91/193	34.247	73	48	0	12	84	9	81	5.09e-16	58.2
TTNA57	olaTTNAIg64/193	33.684	95	60	2	1	95	1	92	7.61e-16	57.4
TTNA57	olaTTNAIg89/196	36.486	74	47	0	21	94	21	94	1.19e-15	57.0
TTNA57	olaTTNAIg104/198	32.895	76	51	0	19	94	21	96	4.89e-15	55.5
TTNA57	olaTTNAIg87/194	27.660	94	66	1	1	94	2	93	6.44e-15	55.1
TTNA57	olaTTNAIg107/194	31.579	95	63	1	1	95	1	93	1.44e-14	54.3
TTNA57	olaTTNAIg109/193	30.488	82	56	1	13	93	9	90	1.58e-14	54.3
TTNA57	olaTTNAIg102/194	29.167	96	62	2	1	94	1	92	3.80e-14	53.1
TTNA57	olaTTNAIg106/197	31.633	98	60	2	1	94	1	95	3.89e-14	53.1
TTNA57	olaTTNAIg100/196	27.368	95	69	0	1	95	2	96	9.53e-14	52.4
TTNA57	olaTTNAIg84/195	31.579	76	50	1	19	94	20	93	1.06e-13	52.0
TTNA57	olaTTNAIg71/194	35.000	80	50	1	15	94	15	92	4.97e-13	50.4
TTNA57	olaTTNAIg105/194	32.258	93	61	1	1	93	1	91	6.87e-13	50.1
TTNA57	olaTTNAIg70/195	34.848	66	43	0	29	94	28	93	7.25e-13	50.1
TTNA57	olaTTNAIg85/193	37.333	75	45	1	20	94	17	89	1.03e-12	49.7
TTNA57	olaTTNAIg75/195	37.333	75	44	2	21	94	21	93	1.49e-12	49.3
TTNA57	olaTTNAIg97/197	25.532	94	70	0	1	94	2	95	1.52e-12	49.3
TTNA57	olaTTNAIg69/195	23.404	94	70	1	1	94	2	93	1.75e-12	48.9
TTNA57	olaTTNAIg83/196	31.081	74	51	0	21	94	21	94	2.76e-12	48.5
TTNA57	olaTTNAIg77/197	34.177	79	52	0	16	94	17	95	3.20e-12	48.1
TTNA57	olaTTNAIg101/196	28.736	87	60	2	9	93	7	93	9.20e-12	47.0
TTNA57	olaTTNAIg95/199	34.177	79	52	0	16	94	17	95	9.68e-12	47.0
TTNA57	olaTTNAIg63/197	30.435	92	62	1	3	94	6	95	1.66e-11	46.6
TTNA57	olaTTNAIg92/197	32.468	77	51	1	19	94	19	95	1.73e-11	46.6
TTNA57	olaTTNAIg62/195	31.250	96	64	2	1	95	1	95	3.68e-11	45.4
TTNA57	olaTTNAIg74/193	30.108	93	62	2	1	93	1	90	4.10e-11	45.4
TTNA57	olaTTNAIg65/195	35.135	74	45	2	23	94	21	93	4.28e-11	45.4
TTNA57	olaTTNAIg76/192	28.986	69	49	0	15	83	11	79	7.42e-11	44.7
TTNA57	olaTTNAIg72/197	22.222	81	63	0	14	94	15	95	1.72e-10	43.9
TTNA57	olaTTNAIg98/191	26.316	76	56	0	16	91	16	91	3.29e-09	40.4
TTNA57	olaTTNAIg73/196	24.468	94	71	0	1	94	2	95	2.66e-08	38.1
TTNA57	olaTTNAIg80/198	32.353	68	46	0	27	94	29	96	3.89e-07	35.0
TTNA57	olaTTNAIg67/1104	28.571	84	48	3	21	94	22	103	5.76e-07	34.7
TTNA57	olaTTNAIg68/199	22.989	87	60	2	16	95	12	98	3.17e-06	32.7
TTNA57	olaTTNAIg108/193	28.125	64	46	0	23	86	20	83	3.86e-06	32.3
TTNA57	olaTTNAIg66/1103	23.711	97	66	2	5	94	6	101	6.78e-06	32.0
TTNA57	olaTTNAIg110/193	26.136	88	61	3	8	93	7	92	1.94e-05	30.4
TTNA61	olaTTNAIg80/198	59.375	96	39	0	2	97	2	97	5.75e-37	111
TTNA61	olaTTNAIg77/197	41.667	96	55	1	2	97	2	96	1.78e-21	72.0
TTNA61	olaTTNAIg65/195	41.237	97	53	3	2	97	1	94	8.87e-21	70.1
TTNA61	olaTTNAIg75/195	40.816	98	52	3	2	97	1	94	1.82e-20	69.3
TTNA61	olaTTNAIg95/199	42.708	96	54	1	2	97	2	96	8.39e-19	65.5
TTNA61	olaTTNAIg89/196	37.500	96	59	1	2	97	1	95	2.16e-18	64.3
TTNA61	olaTTNAIg63/197	41.237	97	56	1	1	97	1	96	1.36e-17	62.0
TTNA61	olaTTNAIg76/192	36.364	88	55	1	10	97	5	91	2.72e-17	61.2
TTNA61	olaTTNAIg91/193	39.437	71	43	0	27	97	22	92	3.39e-17	61.2
TTNA61	olaTTNAIg72/197	37.113	97	60	1	1	97	1	96	4.25e-17	60.8
TTNA61	olaTTNAIg86/197	37.500	96	59	1	2	97	2	96	5.34e-17	60.5
TTNA61	olaTTNAIg104/198	39.175	97	57	2	2	97	2	97	1.33e-16	59.7
TTNA61	olaTTNAIg93/194	35.417	96	59	2	2	97	1	93	9.49e-16	57.4
TTNA61	olaTTNAIg67/1104	37.143	105	55	3	2	97	2	104	1.84e-15	57.0
TTNA61	olaTTNAIg87/194	34.375	96	60	2	2	97	2	94	2.60e-15	56.2
TTNA61	olaTTNAIg94/193	34.940	83	53	1	15	97	11	92	3.02e-15	56.2
TTNA61	olaTTNAIg83/196	31.250	96	65	1	2	97	1	95	8.85e-15	55.1
TTNA61	olaTTNAIg90/194	32.292	96	62	3	2	97	2	94	1.26e-14	54.7
TTNA61	olaTTNAIg102/194	37.500	96	57	2	2	97	1	93	1.50e-14	54.3
TTNA61	olaTTNAIg92/197	35.052	97	61	2	2	97	1	96	1.99e-14	53.9
TTNA61	olaTTNAIg82/196	33.333	96	63	1	2	97	1	95	4.15e-14	53.1
TTNA61	olaTTNAIg71/194	34.375	96	60	3	2	97	1	93	4.33e-14	53.1
TTNA61	olaTTNAIg88/193	38.028	71	44	0	27	97	22	92	8.01e-14	52.4
TTNA61	olaTTNAIg70/195	32.258	93	60	3	6	97	4	94	9.23e-14	52.4
TTNA61	olaTTNAIg105/194	32.292	96	62	2	2	97	1	93	1.01e-13	52.4
TTNA61	olaTTNAIg107/194	33.684	95	60	2	2	96	1	92	1.11e-13	52.0
TTNA61	olaTTNAIg69/195	33.333	96	61	3	2	97	2	94	1.24e-13	52.0
TTNA61	olaTTNAIg81/193	31.250	96	63	2	2	97	1	93	1.90e-13	51.6
TTNA61	olaTTNAIg84/195	35.052	97	58	3	2	97	2	94	2.66e-13	51.2
TTNA61	olaTTNAIg101/196	37.209	86	51	2	14	97	11	95	5.30e-13	50.4
TTNA61	olaTTNAIg96/194	33.333	96	61	2	2	97	1	93	5.71e-13	50.1
TTNA61	olaTTNAIg111/1101	38.272	81	46	3	19	97	22	100	1.71e-12	49.3
TTNA61	olaTTNAIg78/195	29.167	96	67	1	2	97	1	95	1.95e-12	48.9
TTNA61	olaTTNAIg74/193	32.258	93	61	2	5	97	2	92	8.52e-12	47.4
TTNA61	olaTTNAIg97/197	31.250	96	65	1	2	97	2	96	2.21e-11	46.2
TTNA61	olaTTNAIg73/196	32.292	96	64	1	2	97	2	96	2.74e-11	45.8
TTNA61	olaTTNAIg103/196	29.474	95	66	1	2	96	1	94	1.30e-10	44.3
TTNA61	olaTTNAIg108/193	33.333	81	52	2	5	85	2	80	2.42e-10	43.5
TTNA61	olaTTNAIg85/193	30.952	84	57	1	14	97	10	92	3.10e-10	43.1
TTNA61	olaTTNAIg109/193	29.487	78	53	2	10	86	5	81	3.84e-10	42.7
TTNA61	olaTTNAIg66/1103	35.526	76	43	1	28	97	27	102	4.55e-10	43.1
TTNA61	olaTTNAIg106/197	34.940	83	52	2	16	97	15	96	5.14e-10	42.7
TTNA61	olaTTNAIg98/191	25.882	85	62	1	2	86	1	84	1.25e-08	38.9
TTNA61	olaTTNAIg99/1104	28.986	69	48	1	17	85	16	83	2.29e-08	38.5
TTNA61	olaTTNAIg64/193	31.250	64	44	0	33	96	28	91	2.64e-08	38.1
TTNA61	olaTTNAIg68/199	29.730	74	43	2	31	96	25	97	4.11e-08	37.7
TTNA61	olaTTNAIg100/196	27.536	69	49	1	14	82	14	81	9.00e-08	37.0
TTNA61	olaTTNAIg79/196	28.090	89	62	2	9	96	7	94	2.48e-07	35.8
TTNA61	olaTTNAIg110/193	33.333	87	48	5	5	86	2	83	1.37e-06	33.5
TTNA61	olaTTNAIg62/195	22.727	88	66	2	10	96	8	94	0.002	25.4
TTNA65	olaTTNAIg81/193	74.194	93	24	0	2	94	1	93	4.83e-53	151
TTNA65	olaTTNAIg84/195	54.839	93	42	0	2	94	2	94	1.30e-36	110
TTNA65	olaTTNAIg93/194	52.688	93	44	0	2	94	1	93	2.63e-36	109
TTNA65	olaTTNAIg78/195	51.579	95	44	1	2	94	1	95	1.48e-35	107
TTNA65	olaTTNAIg90/194	48.387	93	48	0	2	94	2	94	1.42e-34	105
TTNA65	olaTTNAIg87/194	47.312	93	49	0	2	94	2	94	2.67e-34	104
TTNA65	olaTTNAIg105/194	46.237	93	50	0	2	94	1	93	3.91e-33	101
TTNA65	olaTTNAIg75/195	48.936	94	47	1	2	94	1	94	1.20e-32	100
TTNA65	olaTTNAIg96/194	43.011	93	53	0	2	94	1	93	1.57e-27	87.0
TTNA65	olaTTNAIg107/194	40.217	92	55	0	2	93	1	92	3.31e-26	84.0
TTNA65	olaTTNAIg102/194	36.559	93	59	0	2	94	1	93	2.29e-24	79.3
TTNA65	olaTTNAIg71/194	41.935	93	54	0	2	94	1	93	8.31e-24	77.8
TTNA65	olaTTNAIg99/1104	45.783	83	43	1	3	83	2	84	9.29e-24	77.8
TTNA65	olaTTNAIg69/195	35.484	93	60	0	2	94	2	94	1.04e-22	75.1
TTNA65	olaTTNAIg72/197	37.500	96	58	2	1	94	1	96	1.85e-20	69.3
TTNA65	olaTTNAIg104/198	33.333	96	61	2	2	94	2	97	6.51e-20	68.2
TTNA65	olaTTNAIg74/193	35.556	90	57	1	6	94	3	92	2.94e-19	66.2
TTNA65	olaTTNAIg95/199	38.947	95	56	1	2	94	2	96	4.20e-19	65.9
TTNA65	olaTTNAIg92/197	39.583	96	55	1	2	94	1	96	4.45e-19	65.9
TTNA65	olaTTNAIg65/195	35.106	94	60	1	2	94	1	94	7.62e-19	65.1
TTNA65	olaTTNAIg94/193	39.080	87	51	1	10	94	6	92	1.60e-18	64.3
TTNA65	olaTTNAIg63/197	33.333	96	62	1	1	94	1	96	1.79e-18	64.3
TTNA65	olaTTNAIg103/196	36.170	94	58	1	2	93	1	94	2.47e-18	63.9
TTNA65	olaTTNAIg73/196	37.895	95	57	1	2	94	2	96	3.14e-18	63.5
TTNA65	olaTTNAIg86/197	34.737	95	60	1	2	94	2	96	3.22e-18	63.5
TTNA65	olaTTNAIg88/193	39.286	84	49	1	13	94	9	92	3.33e-18	63.5
TTNA65	olaTTNAIg82/196	34.737	95	60	1	2	94	1	95	1.91e-17	61.6
TTNA65	olaTTNAIg89/196	31.579	95	63	1	2	94	1	95	1.28e-16	59.7
TTNA65	olaTTNAIg97/197	32.632	95	62	1	2	94	2	96	2.25e-16	58.9
TTNA65	olaTTNAIg83/196	33.684	95	61	1	2	94	1	95	1.86e-15	56.6
TTNA65	olaTTNAIg85/193	35.789	95	56	2	2	94	1	92	2.20e-15	56.2
TTNA65	olaTTNAIg91/193	33.333	84	54	1	13	94	9	92	6.31e-14	52.8
TTNA65	olaTTNAIg70/195	32.292	96	59	3	2	94	2	94	1.44e-13	51.6
TTNA65	olaTTNAIg77/197	28.421	95	66	1	2	94	2	96	1.44e-13	51.6
TTNA65	olaTTNAIg67/1104	34.091	88	46	3	16	93	16	101	1.92e-13	51.6
TTNA65	olaTTNAIg79/196	29.787	94	64	1	2	93	1	94	2.17e-13	51.2
TTNA65	olaTTNAIg106/197	29.167	96	65	1	2	94	1	96	3.19e-13	50.8
TTNA65	olaTTNAIg101/196	32.979	94	59	2	5	94	2	95	7.41e-13	50.1
TTNA65	olaTTNAIg64/193	37.805	82	49	1	14	93	10	91	1.26e-12	49.3
TTNA65	olaTTNAIg80/198	34.375	96	60	2	2	94	2	97	1.66e-12	48.9
TTNA65	olaTTNAIg100/196	31.707	82	54	1	14	93	14	95	5.55e-12	47.8
TTNA65	olaTTNAIg109/193	30.682	88	58	2	10	94	5	92	4.73e-11	45.1
TTNA65	olaTTNAIg111/1101	32.292	96	60	3	4	94	5	100	7.33e-11	45.1
TTNA65	olaTTNAIg76/192	27.586	87	61	1	10	94	5	91	1.14e-10	44.3
TTNA65	olaTTNAIg98/191	25.275	91	66	1	2	90	1	91	9.75e-10	41.6
TTNA65	olaTTNAIg66/1103	29.474	95	49	2	13	94	13	102	2.80e-09	40.8
TTNA65	olaTTNAIg62/195	30.120	83	53	2	14	93	14	94	2.95e-08	38.1
TTNA65	olaTTNAIg68/199	21.277	94	65	1	9	93	4	97	2.54e-06	33.1
TTNA65	olaTTNAIg110/193	22.353	85	62	2	12	92	8	92	4.36e-04	26.9
TTNA65	olaTTNAIg108/193	24.658	73	51	2	14	83	10	81	0.004	24.3
TTNA68	olaTTNAIg82/196	63.158	95	35	0	1	95	1	95	1.10e-44	130
TTNA68	olaTTNAIg91/193	43.590	78	44	0	18	95	15	92	6.58e-21	70.5
TTNA68	olaTTNAIg103/196	40.964	83	49	0	1	83	1	83	2.87e-20	68.9
TTNA68	olaTTNAIg97/197	35.789	95	61	0	1	95	2	96	2.25e-19	66.6
TTNA68	olaTTNAIg94/193	42.647	68	39	0	16	83	13	80	3.18e-19	66.2
TTNA68	olaTTNAIg78/195	35.789	95	61	0	1	95	1	95	5.95e-19	65.5
TTNA68	olaTTNAIg85/193	43.038	79	45	0	17	95	14	92	6.81e-19	65.5
TTNA68	olaTTNAIg88/193	42.029	69	40	0	16	84	13	81	2.35e-18	63.9
TTNA68	olaTTNAIg79/196	33.735	83	55	0	1	83	1	83	7.04e-18	62.8
TTNA68	olaTTNAIg86/197	30.526	95	66	0	1	95	2	96	1.72e-17	62.0
TTNA68	olaTTNAIg99/1104	39.759	83	50	0	2	84	2	84	3.84e-17	60.8
TTNA68	olaTTNAIg81/193	31.579	95	63	1	1	95	1	93	7.22e-17	60.1
TTNA68	olaTTNAIg104/198	34.043	94	61	1	2	95	5	97	8.69e-17	60.1
TTNA68	olaTTNAIg111/1101	39.286	84	50	1	13	95	17	100	9.33e-17	60.1
TTNA68	olaTTNAIg92/197	35.714	84	53	1	1	83	1	84	1.11e-16	59.7
TTNA68	olaTTNAIg76/192	34.091	88	58	0	8	95	4	91	3.33e-16	58.5
TTNA68	olaTTNAIg87/194	33.684	95	61	1	1	95	2	94	7.46e-16	57.4
TTNA68	olaTTNAIg83/196	32.632	95	64	0	1	95	1	95	1.22e-15	57.0
TTNA68	olaTTNAIg96/194	32.632	95	62	1	1	95	1	93	2.11e-15	56.2
TTNA68	olaTTNAIg106/197	31.250	96	65	1	1	95	1	96	2.93e-15	56.2
TTNA68	olaTTNAIg105/194	34.737	95	60	1	1	95	1	93	4.97e-15	55.5
TTNA68	olaTTNAIg74/193	30.526	95	63	2	1	95	1	92	2.26e-14	53.9
TTNA68	olaTTNAIg90/194	31.579	95	63	1	1	95	2	94	2.75e-14	53.5
TTNA68	olaTTNAIg73/196	30.526	95	66	0	1	95	2	96	3.42e-14	53.5
TTNA68	olaTTNAIg102/194	30.526	95	64	1	1	95	1	93	4.37e-14	53.1
TTNA68	olaTTNAIg69/195	32.632	95	62	1	1	95	2	94	5.15e-14	52.8
TTNA68	olaTTNAIg89/196	27.368	95	69	0	1	95	1	95	5.99e-14	52.8
TTNA68	olaTTNAIg75/195	34.021	97	59	2	1	95	1	94	6.39e-14	52.8
TTNA68	olaTTNAIg95/199	29.474	95	67	0	1	95	2	96	7.95e-14	52.4
TTNA68	olaTTNAIg93/194	29.474	95	65	1	1	95	1	93	1.21e-13	52.0
TTNA68	olaTTNAIg98/191	28.571	91	65	0	1	91	1	91	1.43e-13	51.6
TTNA68	olaTTNAIg63/197	29.474	95	67	0	1	95	2	96	2.39e-13	51.2
TTNA68	olaTTNAIg64/193	32.000	75	51	0	19	93	16	90	2.68e-13	50.8
TTNA68	olaTTNAIg100/196	28.750	80	57	0	1	80	2	81	2.93e-13	50.8
TTNA68	olaTTNAIg84/195	30.526	95	64	1	1	95	2	94	3.67e-13	50.8
TTNA68	olaTTNAIg71/194	35.789	95	59	1	1	95	1	93	6.58e-13	50.1
TTNA68	olaTTNAIg72/197	38.356	73	43	2	13	84	14	85	8.34e-13	49.7
TTNA68	olaTTNAIg77/197	28.421	95	68	0	1	95	2	96	1.81e-12	48.9
TTNA68	olaTTNAIg70/195	30.526	95	64	1	1	95	2	94	3.46e-12	48.1
TTNA68	olaTTNAIg109/193	26.506	83	60	1	14	95	10	92	1.37e-10	43.9
TTNA68	olaTTNAIg67/1104	33.333	81	46	1	12	84	13	93	2.23e-10	43.9
TTNA68	olaTTNAIg107/194	27.957	93	65	1	1	93	1	91	4.38e-10	42.7
TTNA68	olaTTNAIg101/196	29.885	87	59	2	11	95	9	95	1.40e-09	41.6
TTNA68	olaTTNAIg80/198	30.952	84	57	1	13	95	14	97	5.73e-09	40.0
TTNA68	olaTTNAIg65/195	29.268	82	55	2	2	83	4	82	7.71e-09	39.7
TTNA68	olaTTNAIg66/1103	27.451	102	67	3	1	95	1	102	1.07e-08	39.3
TTNA68	olaTTNAIg68/199	30.864	81	49	1	20	93	16	96	9.34e-08	36.6
TTNA68	olaTTNAIg62/195	27.660	94	66	2	1	93	1	93	1.14e-07	36.6
TTNA68	olaTTNAIg108/193	26.027	73	54	0	13	85	10	82	4.26e-07	35.0
TTNA68	olaTTNAIg110/193	27.536	69	48	2	27	93	24	92	2.29e-04	27.7
TTNA72	olaTTNAIg83/196	63.158	95	35	0	2	96	1	95	2.69e-44	129
TTNA72	olaTTNAIg86/197	44.211	95	53	0	2	96	2	96	5.31e-29	91.3
TTNA72	olaTTNAIg89/196	46.316	95	51	0	2	96	1	95	2.06e-26	84.3
TTNA72	olaTTNAIg95/199	43.158	95	54	0	2	96	2	96	9.26e-26	82.8
TTNA72	olaTTNAIg92/197	42.708	96	54	1	2	96	1	96	5.31e-23	75.9
TTNA72	olaTTNAIg72/197	39.583	96	58	0	1	96	1	96	8.02e-22	72.8
TTNA72	olaTTNAIg105/194	40.000	95	55	1	2	96	1	93	1.23e-19	67.4
TTNA72	olaTTNAIg69/195	35.789	95	59	1	2	96	2	94	1.20e-18	64.7
TTNA72	olaTTNAIg91/193	39.326	89	53	1	8	96	5	92	1.48e-18	64.3
TTNA72	olaTTNAIg80/198	35.417	96	61	1	2	96	2	97	1.81e-18	64.3
TTNA72	olaTTNAIg76/192	33.333	87	58	0	10	96	5	91	2.00e-18	63.9
TTNA72	olaTTNAIg98/191	36.471	85	54	0	2	86	1	85	1.16e-17	62.0
TTNA72	olaTTNAIg78/195	33.684	95	63	0	2	96	1	95	2.51e-17	61.2
TTNA72	olaTTNAIg97/197	34.737	95	62	0	2	96	2	96	2.72e-17	61.2
TTNA72	olaTTNAIg74/193	40.217	92	52	3	6	96	3	92	4.49e-17	60.8
TTNA72	olaTTNAIg101/196	38.824	85	50	1	14	96	11	95	5.86e-17	60.5
TTNA72	olaTTNAIg65/195	32.292	96	62	3	2	96	1	94	1.13e-16	59.7
TTNA72	olaTTNAIg77/197	33.684	95	63	0	2	96	2	96	1.23e-16	59.7
TTNA72	olaTTNAIg104/198	38.542	96	58	1	2	96	2	97	1.24e-16	59.7
TTNA72	olaTTNAIg102/194	37.895	95	57	1	2	96	1	93	3.53e-16	58.5
TTNA72	olaTTNAIg87/194	33.684	95	61	2	2	96	2	94	5.57e-16	57.8
TTNA72	olaTTNAIg66/1103	36.275	102	58	3	2	96	1	102	1.07e-15	57.4
TTNA72	olaTTNAIg93/194	33.684	95	61	1	2	96	1	93	1.74e-15	56.6
TTNA72	olaTTNAIg75/195	33.684	95	62	1	2	96	1	94	1.96e-15	56.6
TTNA72	olaTTNAIg84/195	34.375	96	59	2	2	96	2	94	2.26e-15	56.2
TTNA72	olaTTNAIg73/196	32.632	95	64	0	2	96	2	96	4.57e-15	55.5
TTNA72	olaTTNAIg88/193	32.143	84	57	0	13	96	9	92	7.91e-15	55.1
TTNA72	olaTTNAIg96/194	31.579	95	63	1	2	96	1	93	1.78e-14	53.9
TTNA72	olaTTNAIg67/1104	39.216	102	52	5	2	95	2	101	1.84e-14	54.3
TTNA72	olaTTNAIg90/194	29.474	95	65	1	2	96	2	94	2.84e-14	53.5
TTNA72	olaTTNAIg103/196	34.146	82	54	0	14	95	13	94	4.38e-14	53.1
TTNA72	olaTTNAIg107/194	30.851	94	63	1	2	95	1	92	4.87e-14	53.1
TTNA72	olaTTNAIg82/196	33.333	87	58	0	10	96	9	95	9.13e-14	52.4
TTNA72	olaTTNAIg63/197	30.208	96	67	0	1	96	1	96	1.35e-13	52.0
TTNA72	olaTTNAIg94/193	29.412	85	60	0	12	96	8	92	1.55e-13	51.6
TTNA72	olaTTNAIg70/195	28.261	92	64	2	6	96	4	94	3.33e-13	50.8
TTNA72	olaTTNAIg81/193	29.474	95	65	2	2	96	1	93	4.51e-13	50.4
TTNA72	olaTTNAIg79/196	28.916	83	59	0	13	95	12	94	2.17e-11	46.2
TTNA72	olaTTNAIg106/197	29.167	96	67	1	2	96	1	96	7.60e-11	44.7
TTNA72	olaTTNAIg85/193	31.646	79	54	0	18	96	14	92	9.77e-11	44.3
TTNA72	olaTTNAIg111/1101	30.380	79	54	1	19	96	22	100	1.14e-10	44.3
TTNA72	olaTTNAIg64/193	30.952	84	57	1	12	95	9	91	2.48e-10	43.5
TTNA72	olaTTNAIg71/194	31.579	95	63	1	2	96	1	93	4.32e-10	42.7
TTNA72	olaTTNAIg99/1104	27.660	94	67	1	4	96	3	96	1.21e-09	41.6
TTNA72	olaTTNAIg100/196	25.316	79	57	1	16	94	16	92	8.42e-09	39.7
TTNA72	olaTTNAIg108/193	32.394	71	48	0	14	84	10	80	1.64e-08	38.5
TTNA72	olaTTNAIg62/195	30.137	73	50	1	10	81	8	80	1.34e-07	36.2
TTNA72	olaTTNAIg110/193	33.333	72	40	3	28	94	24	92	3.36e-07	35.0
TTNA72	olaTTNAIg68/199	36.585	82	35	4	26	95	21	97	8.28e-07	34.3
TTNA76	olaTTNAIg84/195	76.596	94	22	0	1	94	1	94	7.14e-53	151
TTNA76	olaTTNAIg87/194	61.702	94	36	0	1	94	1	94	3.83e-46	134
TTNA76	olaTTNAIg93/194	64.516	93	33	0	2	94	1	93	3.62e-45	131
TTNA76	olaTTNAIg81/193	50.538	93	46	0	2	94	1	93	5.69e-37	110
TTNA76	olaTTNAIg90/194	50.000	94	47	0	1	94	1	94	2.63e-36	109
TTNA76	olaTTNAIg78/195	51.579	95	44	1	2	94	1	95	3.45e-33	101
TTNA76	olaTTNAIg105/194	49.462	93	47	0	2	94	1	93	2.69e-30	94.4
TTNA76	olaTTNAIg75/195	47.872	94	48	1	2	94	1	94	4.86e-29	90.9
TTNA76	olaTTNAIg69/195	35.106	94	61	0	1	94	1	94	2.40e-22	73.9
TTNA76	olaTTNAIg102/194	36.559	93	59	0	2	94	1	93	1.37e-21	72.0
TTNA76	olaTTNAIg65/195	40.426	94	55	1	2	94	1	94	1.60e-20	69.3
TTNA76	olaTTNAIg104/198	38.144	97	57	2	1	94	1	97	2.44e-20	68.9
TTNA76	olaTTNAIg86/197	37.500	96	58	1	1	94	1	96	9.60e-20	67.4
TTNA76	olaTTNAIg96/194	33.333	93	62	0	2	94	1	93	3.11e-19	66.2
TTNA76	olaTTNAIg71/194	40.860	93	55	0	2	94	1	93	3.18e-19	66.2
TTNA76	olaTTNAIg107/194	32.609	92	62	0	2	93	1	92	4.81e-19	65.9
TTNA76	olaTTNAIg103/196	37.234	94	57	1	2	93	1	94	1.58e-18	64.3
TTNA76	olaTTNAIg74/193	33.333	90	59	1	6	94	3	92	2.40e-18	63.9
TTNA76	olaTTNAIg99/1104	38.947	95	55	2	3	94	2	96	3.05e-18	63.5
TTNA76	olaTTNAIg95/199	40.625	96	55	1	1	94	1	96	7.08e-18	62.8
TTNA76	olaTTNAIg63/197	34.737	95	60	1	2	94	2	96	1.08e-17	62.4
TTNA76	olaTTNAIg72/197	36.842	95	58	1	2	94	2	96	1.35e-17	62.0
TTNA76	olaTTNAIg101/196	41.837	98	49	4	2	94	1	95	1.64e-17	62.0
TTNA76	olaTTNAIg77/197	31.250	96	64	1	1	94	1	96	2.59e-16	58.9
TTNA76	olaTTNAIg73/196	35.417	96	60	1	1	94	1	96	4.64e-16	58.2
TTNA76	olaTTNAIg76/192	35.632	87	54	1	10	94	5	91	1.11e-15	57.0
TTNA76	olaTTNAIg94/193	34.375	96	56	3	2	94	1	92	5.64e-15	55.1
TTNA76	olaTTNAIg92/197	31.959	97	61	2	2	94	1	96	9.43e-15	54.7
TTNA76	olaTTNAIg106/197	31.250	96	63	1	2	94	1	96	1.04e-14	54.7
TTNA76	olaTTNAIg89/196	30.526	95	64	1	2	94	1	95	2.58e-14	53.5
TTNA76	olaTTNAIg97/197	30.208	96	65	1	1	94	1	96	3.38e-14	53.5
TTNA76	olaTTNAIg67/1104	32.692	104	60	2	1	94	1	104	5.22e-14	53.1
TTNA76	olaTTNAIg91/193	35.526	76	45	2	22	94	18	92	1.30e-13	51.6
TTNA76	olaTTNAIg88/193	32.530	83	52	2	15	94	11	92	2.19e-13	51.2
TTNA76	olaTTNAIg83/196	31.579	95	63	1	2	94	1	95	1.93e-12	48.9
TTNA76	olaTTNAIg109/193	36.250	80	48	2	18	94	13	92	4.34e-12	47.8
TTNA76	olaTTNAIg70/195	31.633	98	59	4	1	94	1	94	5.49e-12	47.8
TTNA76	olaTTNAIg80/198	32.990	97	62	2	1	94	1	97	7.82e-12	47.4
TTNA76	olaTTNAIg64/193	41.333	75	40	2	22	93	18	91	1.19e-11	46.6
TTNA76	olaTTNAIg82/196	26.316	95	68	1	2	94	1	95	2.37e-11	46.2
TTNA76	olaTTNAIg111/1101	27.273	99	67	2	1	94	2	100	3.04e-10	43.1
TTNA76	olaTTNAIg62/195	33.333	75	47	1	22	93	20	94	1.74e-09	41.2
TTNA76	olaTTNAIg100/196	26.042	96	67	2	1	93	1	95	6.30e-09	39.7
TTNA76	olaTTNAIg98/191	27.473	91	64	1	2	90	1	91	6.53e-09	39.7
TTNA76	olaTTNAIg79/196	23.158	95	69	2	2	93	1	94	1.49e-08	38.9
TTNA76	olaTTNAIg66/1103	28.431	102	64	3	2	94	1	102	2.28e-08	38.5
TTNA76	olaTTNAIg110/193	30.120	83	54	2	14	92	10	92	2.63e-07	35.4
TTNA76	olaTTNAIg85/193	28.947	76	50	2	22	94	18	92	4.37e-07	35.0
TTNA76	olaTTNAIg68/199	25.000	96	57	2	10	93	5	97	7.26e-06	31.6
TTNA76	olaTTNAIg108/193	30.645	62	39	2	24	82	20	80	4.28e-04	26.9
TTNA79	olaTTNAIg85/193	63.043	92	34	0	2	93	1	92	5.72e-44	128
TTNA79	olaTTNAIg94/193	51.087	92	45	0	2	93	1	92	1.41e-32	99.8
TTNA79	olaTTNAIg91/193	47.826	92	48	0	2	93	1	92	3.33e-31	96.3
TTNA79	olaTTNAIg88/193	45.652	92	50	0	2	93	1	92	2.94e-28	89.0
TTNA79	olaTTNAIg97/197	40.000	85	51	0	9	93	12	96	3.23e-21	71.2
TTNA79	olaTTNAIg82/196	38.947	95	55	1	2	93	1	95	4.72e-21	70.9
TTNA79	olaTTNAIg103/196	37.805	82	51	0	11	92	13	94	2.18e-19	66.6
TTNA79	olaTTNAIg100/196	32.927	82	55	0	11	92	14	95	3.92e-19	65.9
TTNA79	olaTTNAIg92/197	39.773	88	51	2	8	93	9	96	4.39e-19	65.9
TTNA79	olaTTNAIg95/199	37.500	96	57	1	1	93	1	96	1.17e-16	59.7
TTNA79	olaTTNAIg81/193	38.947	95	53	2	2	93	1	93	1.20e-16	59.3
TTNA79	olaTTNAIg96/194	36.842	95	55	2	2	93	1	93	1.25e-16	59.3
TTNA79	olaTTNAIg90/194	36.782	87	53	1	7	93	10	94	2.20e-16	58.9
TTNA79	olaTTNAIg83/196	35.802	81	52	0	13	93	15	95	2.72e-16	58.5
TTNA79	olaTTNAIg78/195	36.782	87	55	0	7	93	9	95	3.97e-16	58.2
TTNA79	olaTTNAIg64/193	39.326	89	52	1	6	92	3	91	1.32e-15	57.0
TTNA79	olaTTNAIg63/197	33.333	87	58	0	7	93	10	96	1.74e-15	56.6
TTNA79	olaTTNAIg86/197	33.333	96	61	2	1	93	1	96	3.63e-15	55.8
TTNA79	olaTTNAIg65/195	37.209	86	51	2	9	93	11	94	3.66e-15	55.8
TTNA79	olaTTNAIg89/196	32.941	85	57	0	9	93	11	95	5.42e-15	55.5
TTNA79	olaTTNAIg76/192	30.682	88	61	0	6	93	4	91	1.44e-14	54.3
TTNA79	olaTTNAIg77/197	30.208	96	64	1	1	93	1	96	2.60e-14	53.5
TTNA79	olaTTNAIg104/198	32.584	89	60	0	5	93	9	97	2.94e-14	53.5
TTNA79	olaTTNAIg109/193	34.409	93	59	2	2	93	1	92	2.99e-14	53.5
TTNA79	olaTTNAIg99/1104	31.944	72	49	0	11	82	13	84	5.32e-14	52.8
TTNA79	olaTTNAIg101/196	35.714	84	52	1	12	93	12	95	1.11e-13	52.0
TTNA79	olaTTNAIg106/197	31.707	82	55	1	13	93	15	96	1.60e-13	51.6
TTNA79	olaTTNAIg75/195	36.667	90	50	2	7	93	9	94	1.82e-13	51.2
TTNA79	olaTTNAIg74/193	32.941	85	56	1	9	93	9	92	5.07e-13	50.1
TTNA79	olaTTNAIg70/195	28.723	94	66	1	1	93	1	94	2.25e-12	48.5
TTNA79	olaTTNAIg105/194	33.333	87	56	1	7	93	9	93	2.37e-12	48.5
TTNA79	olaTTNAIg102/194	34.118	85	54	1	9	93	11	93	4.53e-12	47.8
TTNA79	olaTTNAIg66/1103	31.776	107	53	4	2	93	1	102	1.78e-11	46.6
TTNA79	olaTTNAIg108/193	31.522	92	62	1	2	93	1	91	2.09e-11	46.2
TTNA79	olaTTNAIg87/194	30.208	96	62	2	1	93	1	94	2.33e-11	45.8
TTNA79	olaTTNAIg73/196	32.292	96	62	1	1	93	1	96	3.00e-11	45.8
TTNA79	olaTTNAIg79/196	30.137	73	51	0	9	81	11	83	4.56e-11	45.4
TTNA79	olaTTNAIg93/194	35.802	81	50	1	13	93	15	93	4.88e-11	45.1
TTNA79	olaTTNAIg111/1101	30.380	79	54	1	16	93	22	100	5.79e-11	45.1
TTNA79	olaTTNAIg84/195	31.250	96	61	2	1	93	1	94	8.89e-11	44.7
TTNA79	olaTTNAIg71/194	30.000	80	54	1	14	93	16	93	2.52e-10	43.1
TTNA79	olaTTNAIg98/191	27.632	76	55	0	8	83	10	85	5.19e-10	42.4
TTNA79	olaTTNAIg69/195	29.167	96	63	2	1	93	1	94	7.82e-10	42.0
TTNA79	olaTTNAIg72/197	25.287	87	65	0	7	93	10	96	2.44e-09	40.8
TTNA79	olaTTNAIg107/194	29.268	82	56	1	11	92	13	92	4.06e-09	40.0
TTNA79	olaTTNAIg80/198	28.866	97	65	2	1	93	1	97	5.58e-09	40.0
TTNA79	olaTTNAIg67/1104	24.719	89	59	2	13	93	16	104	7.27e-08	37.0
TTNA79	olaTTNAIg68/199	26.829	82	53	1	18	92	16	97	1.08e-07	36.6
TTNA79	olaTTNAIg62/195	28.571	77	51	2	3	78	7	80	6.18e-06	32.0
TTNA79	olaTTNAIg110/193	25.000	92	67	2	2	91	1	92	2.31e-04	27.7
TTNA83	olaTTNAIg86/197	51.042	96	47	0	1	96	1	96	5.00e-40	119
TTNA83	olaTTNAIg89/196	54.737	95	43	0	2	96	1	95	2.34e-36	109
TTNA83	olaTTNAIg83/196	48.421	95	49	0	2	96	1	95	3.17e-32	99.4
TTNA83	olaTTNAIg92/197	48.958	96	48	1	2	96	1	96	1.03e-31	97.8
TTNA83	olaTTNAIg95/199	52.083	96	46	0	1	96	1	96	1.36e-29	92.8
TTNA83	olaTTNAIg69/195	41.667	96	54	1	1	96	1	94	1.34e-22	74.7
TTNA83	olaTTNAIg72/197	34.737	95	62	0	2	96	2	96	2.84e-21	71.6
TTNA83	olaTTNAIg104/198	40.206	97	57	1	1	96	1	97	1.32e-20	69.7
TTNA83	olaTTNAIg96/194	38.947	95	56	1	2	96	1	93	2.95e-20	68.9
TTNA83	olaTTNAIg90/194	38.542	96	57	1	1	96	1	94	3.67e-20	68.6
TTNA83	olaTTNAIg80/198	41.237	97	56	1	1	96	1	97	2.84e-19	66.6
TTNA83	olaTTNAIg77/197	32.292	96	65	0	1	96	1	96	2.90e-19	66.2
TTNA83	olaTTNAIg73/196	35.417	96	62	0	1	96	1	96	3.59e-19	66.2
TTNA83	olaTTNAIg87/194	35.417	96	60	1	1	96	1	94	3.69e-19	65.9
TTNA83	olaTTNAIg82/196	34.737	95	62	0	2	96	1	95	4.32e-19	65.9
TTNA83	olaTTNAIg78/195	33.684	95	63	0	2	96	1	95	4.65e-19	65.9
TTNA83	olaTTNAIg102/194	35.789	95	59	1	2	96	1	93	4.12e-18	63.5
TTNA83	olaTTNAIg91/193	34.783	92	57	1	8	96	1	92	7.97e-18	62.8
TTNA83	olaTTNAIg88/193	35.870	92	58	1	5	96	2	92	6.70e-17	60.1
TTNA83	olaTTNAIg103/196	37.805	82	51	0	14	95	13	94	1.25e-16	59.7
TTNA83	olaTTNAIg63/197	30.526	95	66	0	2	96	2	96	1.34e-16	59.7
TTNA83	olaTTNAIg107/194	36.170	94	58	1	2	95	1	92	1.38e-16	59.3
TTNA83	olaTTNAIg81/193	33.684	95	61	1	2	96	1	93	1.56e-16	59.3
TTNA83	olaTTNAIg105/194	33.684	95	61	1	2	96	1	93	1.97e-16	58.9
TTNA83	olaTTNAIg93/194	30.526	95	64	1	2	96	1	93	2.24e-16	58.9
TTNA83	olaTTNAIg98/191	33.735	83	55	0	2	84	1	83	2.30e-16	58.9
TTNA83	olaTTNAIg65/195	33.684	95	62	1	2	96	1	94	2.98e-16	58.5
TTNA83	olaTTNAIg76/192	33.684	95	59	1	2	96	1	91	4.14e-16	58.2
TTNA83	olaTTNAIg85/193	35.870	92	56	1	8	96	1	92	4.94e-16	58.2
TTNA83	olaTTNAIg70/195	30.208	96	65	1	1	96	1	94	7.32e-16	57.8
TTNA83	olaTTNAIg74/193	34.066	91	59	1	6	96	3	92	1.04e-15	57.4
TTNA83	olaTTNAIg99/1104	33.735	83	54	1	15	96	14	96	1.49e-15	57.0
TTNA83	olaTTNAIg84/195	29.167	96	66	1	1	96	1	94	2.81e-15	56.2
TTNA83	olaTTNAIg67/1104	31.731	104	63	2	1	96	1	104	3.00e-15	56.2
TTNA83	olaTTNAIg75/195	34.375	96	60	2	2	96	1	94	4.10e-15	55.8
TTNA83	olaTTNAIg79/196	26.596	94	69	0	2	95	1	94	4.72e-15	55.5
TTNA83	olaTTNAIg97/197	29.167	96	68	0	1	96	1	96	9.87e-15	54.7
TTNA83	olaTTNAIg101/196	35.714	98	57	4	2	96	1	95	1.33e-14	54.3
TTNA83	olaTTNAIg111/1101	36.364	99	60	2	1	96	2	100	1.61e-14	54.3
TTNA83	olaTTNAIg66/1103	35.294	102	59	3	2	96	1	102	5.46e-14	53.1
TTNA83	olaTTNAIg71/194	31.579	95	63	1	2	96	1	93	6.39e-14	52.8
TTNA83	olaTTNAIg100/196	27.368	95	69	0	1	95	1	95	7.40e-13	50.1
TTNA83	olaTTNAIg94/193	29.412	85	60	0	12	96	8	92	3.07e-12	48.1
TTNA83	olaTTNAIg108/193	31.944	72	49	0	14	85	10	81	1.10e-10	44.3
TTNA83	olaTTNAIg106/197	27.083	96	69	1	2	96	1	96	1.34e-10	44.3
TTNA83	olaTTNAIg109/193	27.586	87	62	1	11	96	6	92	1.48e-10	43.9
TTNA83	olaTTNAIg62/195	32.558	86	53	2	10	90	8	93	1.20e-09	41.6
TTNA83	olaTTNAIg64/193	28.049	82	59	0	14	95	10	91	2.45e-09	40.8
TTNA83	olaTTNAIg110/193	27.059	85	56	3	13	94	11	92	6.01e-06	32.0
TTNA83	olaTTNAIg68/199	26.506	83	42	2	26	95	21	97	3.13e-04	27.3
TTNA87	olaTTNAIg87/194	64.516	93	33	0	2	94	2	94	2.55e-47	137
TTNA87	olaTTNAIg93/194	61.290	93	36	0	2	94	1	93	1.13e-42	125
TTNA87	olaTTNAIg84/195	61.290	93	36	0	2	94	2	94	4.91e-41	121
TTNA87	olaTTNAIg90/194	53.763	93	43	0	2	94	2	94	5.93e-38	113
TTNA87	olaTTNAIg81/193	52.688	93	44	0	2	94	1	93	2.05e-35	107
TTNA87	olaTTNAIg105/194	49.462	93	47	0	2	94	1	93	1.40e-33	102
TTNA87	olaTTNAIg78/195	48.421	95	47	1	2	94	1	95	2.63e-31	96.7
TTNA87	olaTTNAIg96/194	46.237	93	50	0	2	94	1	93	1.26e-27	87.4
TTNA87	olaTTNAIg102/194	43.011	93	53	0	2	94	1	93	1.62e-27	87.0
TTNA87	olaTTNAIg75/195	46.316	95	48	2	2	94	1	94	1.30e-26	85.1
TTNA87	olaTTNAIg69/195	35.484	93	60	0	2	94	2	94	1.22e-22	74.7
TTNA87	olaTTNAIg107/194	38.043	92	57	0	2	93	1	92	4.36e-22	73.6
TTNA87	olaTTNAIg71/194	39.785	93	56	0	2	94	1	93	4.89e-20	68.2
TTNA87	olaTTNAIg65/195	37.234	94	58	1	2	94	1	94	1.69e-18	64.3
TTNA87	olaTTNAIg86/197	35.789	95	59	2	2	94	2	96	3.44e-18	63.5
TTNA87	olaTTNAIg94/193	36.842	95	55	2	2	94	1	92	4.97e-18	63.2
TTNA87	olaTTNAIg99/1104	37.895	95	56	2	3	94	2	96	1.54e-17	62.0
TTNA87	olaTTNAIg103/196	37.234	94	57	1	2	93	1	94	2.08e-17	61.6
TTNA87	olaTTNAIg104/198	36.458	96	58	2	2	94	2	97	3.26e-17	61.2
TTNA87	olaTTNAIg73/196	32.632	95	62	1	2	94	2	96	5.90e-17	60.5
TTNA87	olaTTNAIg91/193	37.805	82	49	1	15	94	11	92	9.98e-17	59.7
TTNA87	olaTTNAIg95/199	37.895	95	57	1	2	94	2	96	1.03e-16	59.7
TTNA87	olaTTNAIg74/193	32.967	91	58	2	6	94	3	92	1.35e-16	59.3
TTNA87	olaTTNAIg63/197	34.375	96	61	1	1	94	1	96	4.35e-16	58.2
TTNA87	olaTTNAIg101/196	39.080	87	49	1	12	94	9	95	4.69e-16	58.2
TTNA87	olaTTNAIg77/197	33.684	95	61	1	2	94	2	96	1.74e-15	56.6
TTNA87	olaTTNAIg89/196	33.684	95	61	1	2	94	1	95	2.83e-15	56.2
TTNA87	olaTTNAIg82/196	31.579	95	63	1	2	94	1	95	5.73e-15	55.5
TTNA87	olaTTNAIg76/192	34.483	87	55	1	10	94	5	91	7.71e-15	55.1
TTNA87	olaTTNAIg67/1104	33.981	103	58	2	2	94	2	104	2.09e-14	53.9
TTNA87	olaTTNAIg88/193	35.366	82	51	1	15	94	11	92	2.16e-14	53.9
TTNA87	olaTTNAIg106/197	31.250	96	63	1	2	94	1	96	2.29e-14	53.9
TTNA87	olaTTNAIg109/193	41.250	80	44	2	18	94	13	92	2.38e-14	53.5
TTNA87	olaTTNAIg72/197	32.292	96	63	2	1	94	1	96	3.00e-14	53.5
TTNA87	olaTTNAIg97/197	30.526	95	64	1	2	94	2	96	1.05e-13	52.0
TTNA87	olaTTNAIg111/1101	35.417	96	57	3	4	94	5	100	6.36e-13	50.1
TTNA87	olaTTNAIg70/195	30.435	92	60	2	6	94	4	94	8.61e-13	49.7
TTNA87	olaTTNAIg64/193	39.189	74	43	1	22	93	18	91	1.08e-12	49.3
TTNA87	olaTTNAIg83/196	31.579	95	63	1	2	94	1	95	1.15e-12	49.3
TTNA87	olaTTNAIg79/196	26.596	94	67	1	2	93	1	94	2.00e-12	48.9
TTNA87	olaTTNAIg92/197	34.021	97	59	2	2	94	1	96	2.61e-11	45.8
TTNA87	olaTTNAIg80/198	32.292	96	62	2	2	94	2	97	3.40e-11	45.8
TTNA87	olaTTNAIg98/191	26.966	89	63	1	2	88	1	89	6.40e-11	44.7
TTNA87	olaTTNAIg62/195	34.737	95	58	2	2	93	1	94	1.29e-10	44.3
TTNA87	olaTTNAIg100/196	27.941	68	47	1	16	81	16	83	3.98e-09	40.4
TTNA87	olaTTNAIg66/1103	28.090	89	56	1	14	94	14	102	5.78e-08	37.4
TTNA87	olaTTNAIg68/199	26.316	95	61	2	8	93	3	97	7.43e-08	37.0
TTNA87	olaTTNAIg85/193	26.437	87	62	1	10	94	6	92	1.04e-07	36.6
TTNA87	olaTTNAIg108/193	29.577	71	48	1	14	82	10	80	2.31e-05	30.4
TTNA87	olaTTNAIg110/193	24.096	83	59	2	14	92	10	92	1.79e-04	28.1
TTNA90	olaTTNAIg88/193	64.130	92	33	0	1	92	1	92	1.01e-42	125
TTNA90	olaTTNAIg94/193	46.739	92	49	0	1	92	1	92	1.07e-30	95.1
TTNA90	olaTTNAIg91/193	43.478	92	52	0	1	92	1	92	5.00e-28	88.2
TTNA90	olaTTNAIg85/193	42.391	92	53	0	1	92	1	92	3.73e-24	78.6
TTNA90	olaTTNAIg86/197	38.043	92	56	1	2	92	5	96	1.91e-19	66.6
TTNA90	olaTTNAIg100/196	33.333	81	54	0	11	91	15	95	2.73e-19	66.2
TTNA90	olaTTNAIg97/197	35.632	87	56	0	6	92	10	96	7.06e-19	65.1
TTNA90	olaTTNAIg82/196	38.272	81	50	0	12	92	15	95	9.55e-19	64.7
TTNA90	olaTTNAIg103/196	34.177	79	52	0	11	89	14	92	3.37e-18	63.5
TTNA90	olaTTNAIg107/194	39.506	81	47	1	8	88	11	89	1.77e-17	61.6
TTNA90	olaTTNAIg81/193	35.802	81	50	1	12	92	15	93	6.36e-17	60.1
TTNA90	olaTTNAIg83/196	33.696	92	60	1	2	92	4	95	5.38e-16	57.8
TTNA90	olaTTNAIg106/197	32.530	83	55	1	11	92	14	96	2.80e-15	56.2
TTNA90	olaTTNAIg95/199	34.568	81	53	0	12	92	16	96	2.93e-15	56.2
TTNA90	olaTTNAIg84/195	34.146	82	52	1	11	92	15	94	9.49e-15	54.7
TTNA90	olaTTNAIg93/194	35.366	82	51	1	11	92	14	93	1.46e-14	54.3
TTNA90	olaTTNAIg92/197	34.146	82	53	1	12	92	15	96	1.69e-14	53.9
TTNA90	olaTTNAIg98/191	33.824	68	45	0	13	80	16	83	2.27e-14	53.5
TTNA90	olaTTNAIg98/191	32.609	46	27	1	3	48	29	70	0.37	18.9
TTNA90	olaTTNAIg99/1104	28.571	77	55	0	5	81	8	84	4.42e-14	53.1
TTNA90	olaTTNAIg89/196	28.395	81	58	0	12	92	15	95	1.13e-13	52.0
TTNA90	olaTTNAIg96/194	28.395	81	56	1	12	92	15	93	1.34e-13	51.6
TTNA90	olaTTNAIg73/196	29.268	82	58	0	11	92	15	96	1.51e-13	51.6
TTNA90	olaTTNAIg90/194	33.333	81	52	1	12	92	16	94	2.62e-13	50.8
TTNA90	olaTTNAIg77/197	28.395	81	58	0	12	92	16	96	4.56e-13	50.4
TTNA90	olaTTNAIg75/195	30.120	83	55	2	11	92	14	94	4.76e-13	50.4
TTNA90	olaTTNAIg87/194	31.707	82	54	1	11	92	15	94	6.23e-13	50.1
TTNA90	olaTTNAIg65/195	32.530	83	53	2	11	92	14	94	6.30e-13	50.1
TTNA90	olaTTNAIg63/197	27.907	86	62	0	7	92	11	96	7.24e-13	50.1
TTNA90	olaTTNAIg105/194	30.488	82	55	1	11	92	14	93	8.24e-13	49.7
TTNA90	olaTTNAIg70/195	28.395	81	58	0	12	92	14	94	8.34e-13	49.7
TTNA90	olaTTNAIg64/193	34.247	73	48	0	16	88	16	88	1.43e-12	48.9
TTNA90	olaTTNAIg104/198	29.670	91	64	0	2	92	7	97	2.34e-12	48.5
TTNA90	olaTTNAIg79/196	28.750	80	57	0	9	88	12	91	4.06e-12	47.8
TTNA90	olaTTNAIg78/195	32.000	75	51	0	12	86	15	89	4.15e-12	47.8
TTNA90	olaTTNAIg111/1101	32.911	79	52	1	15	92	22	100	1.71e-11	46.6
TTNA90	olaTTNAIg101/196	26.190	84	60	1	11	92	12	95	2.09e-11	46.2
TTNA90	olaTTNAIg74/193	26.829	82	59	1	11	92	12	92	5.00e-11	45.1
TTNA90	olaTTNAIg72/197	31.707	82	54	2	12	92	16	96	1.14e-10	44.3
TTNA90	olaTTNAIg80/198	33.333	93	58	2	1	92	8	97	3.92e-10	42.7
TTNA90	olaTTNAIg102/194	28.571	84	58	1	9	92	12	93	4.45e-10	42.7
TTNA90	olaTTNAIg76/192	23.171	82	63	0	11	92	10	91	6.16e-10	42.4
TTNA90	olaTTNAIg71/194	28.395	81	56	1	12	92	15	93	7.85e-10	42.0
TTNA90	olaTTNAIg66/1103	27.660	94	60	3	7	92	9	102	1.35e-09	41.6
TTNA90	olaTTNAIg68/199	30.488	82	50	1	17	91	16	97	6.68e-09	39.7
TTNA90	olaTTNAIg109/193	25.974	77	56	1	5	80	4	80	1.58e-08	38.5
TTNA90	olaTTNAIg109/193	34.783	23	15	0	38	60	2	24	1.8	16.9
TTNA90	olaTTNAIg67/1104	26.087	92	54	3	12	92	16	104	2.24e-08	38.5
TTNA90	olaTTNAIg69/195	25.926	81	58	1	12	92	16	94	3.96e-08	37.7
TTNA90	olaTTNAIg108/193	25.926	81	60	0	1	81	1	81	8.47e-08	36.6
TTNA90	olaTTNAIg62/195	30.769	78	53	1	12	88	14	91	2.58e-07	35.4
TTNA90	olaTTNAIg110/193	40.000	15	9	0	24	38	24	38	0.010	23.1
TTNA94	olaTTNAIg89/196	63.158	95	35	0	1	95	1	95	2.50e-45	132
TTNA94	olaTTNAIg86/197	57.895	95	40	0	1	95	2	96	2.36e-41	122
TTNA94	olaTTNAIg92/197	50.000	96	47	1	1	95	1	96	4.14e-33	101
TTNA94	olaTTNAIg83/196	47.368	95	50	0	1	95	1	95	1.31e-31	97.8
TTNA94	olaTTNAIg95/199	52.632	95	45	0	1	95	2	96	6.66e-31	95.9
TTNA94	olaTTNAIg104/198	40.625	96	56	1	1	95	2	97	1.18e-22	75.1
TTNA94	olaTTNAIg78/195	35.789	95	61	0	1	95	1	95	4.21e-22	73.6
TTNA94	olaTTNAIg72/197	38.947	95	58	0	1	95	2	96	3.19e-21	71.2
TTNA94	olaTTNAIg87/194	40.000	95	55	1	1	95	2	94	5.37e-21	70.9
TTNA94	olaTTNAIg93/194	34.737	95	60	1	1	95	1	93	5.38e-19	65.5
TTNA94	olaTTNAIg81/193	34.737	95	60	1	1	95	1	93	1.57e-18	64.3
TTNA94	olaTTNAIg96/194	34.737	95	60	1	1	95	1	93	2.26e-18	63.9
TTNA94	olaTTNAIg69/195	38.947	95	56	1	1	95	2	94	2.70e-18	63.9
TTNA94	olaTTNAIg103/196	36.585	82	52	0	13	94	13	94	4.09e-18	63.5
TTNA94	olaTTNAIg88/193	34.783	92	59	1	4	95	2	92	1.63e-17	61.6
TTNA94	olaTTNAIg102/194	35.789	95	59	1	1	95	1	93	1.69e-17	61.6
TTNA94	olaTTNAIg82/196	30.526	95	66	0	1	95	1	95	1.73e-17	61.6
TTNA94	olaTTNAIg74/193	36.957	92	55	3	5	95	3	92	3.09e-17	61.2
TTNA94	olaTTNAIg80/198	39.583	96	57	1	1	95	2	97	3.49e-17	61.2
TTNA94	olaTTNAIg90/194	35.789	95	59	1	1	95	2	94	4.20e-17	60.8
TTNA94	olaTTNAIg75/195	36.842	95	59	1	1	95	1	94	1.12e-16	59.7
TTNA94	olaTTNAIg65/195	33.684	95	62	1	1	95	1	94	1.36e-16	59.3
TTNA94	olaTTNAIg105/194	33.684	95	61	1	1	95	1	93	2.78e-16	58.5
TTNA94	olaTTNAIg63/197	30.526	95	66	0	1	95	2	96	4.31e-16	58.2
TTNA94	olaTTNAIg84/195	34.737	95	60	1	1	95	2	94	4.39e-16	58.2
TTNA94	olaTTNAIg91/193	30.435	92	61	1	7	95	1	92	7.86e-16	57.4
TTNA94	olaTTNAIg76/192	34.737	95	58	1	1	95	1	91	1.52e-15	56.6
TTNA94	olaTTNAIg77/197	31.579	95	65	0	1	95	2	96	3.03e-15	56.2
TTNA94	olaTTNAIg101/196	35.052	97	59	2	1	95	1	95	8.56e-15	55.1
TTNA94	olaTTNAIg85/193	31.522	92	60	1	7	95	1	92	1.22e-14	54.3
TTNA94	olaTTNAIg73/196	31.579	95	65	0	1	95	2	96	1.50e-14	54.3
TTNA94	olaTTNAIg66/1103	35.294	102	59	2	1	95	1	102	2.40e-14	53.9
TTNA94	olaTTNAIg107/194	32.979	94	61	1	1	94	1	92	3.52e-14	53.1
TTNA94	olaTTNAIg97/197	29.474	95	67	0	1	95	2	96	5.68e-14	52.8
TTNA94	olaTTNAIg99/1104	31.915	94	63	1	3	95	3	96	6.75e-14	52.8
TTNA94	olaTTNAIg98/191	26.506	83	61	0	1	83	1	83	5.24e-13	50.1
TTNA94	olaTTNAIg100/196	30.488	82	57	0	13	94	14	95	8.52e-13	49.7
TTNA94	olaTTNAIg94/193	25.882	85	63	0	11	95	8	92	6.53e-12	47.4
TTNA94	olaTTNAIg70/195	23.913	92	70	0	4	95	3	94	9.40e-12	47.0
TTNA94	olaTTNAIg109/193	28.409	88	62	1	9	95	5	92	1.54e-11	46.6
TTNA94	olaTTNAIg67/1104	28.155	103	66	2	1	95	2	104	2.22e-11	46.2
TTNA94	olaTTNAIg71/194	30.526	95	64	1	1	95	1	93	3.76e-11	45.4
TTNA94	olaTTNAIg79/196	25.532	94	70	0	1	94	1	94	9.34e-11	44.7
TTNA94	olaTTNAIg110/193	33.684	95	52	4	7	93	1	92	1.65e-09	41.2
TTNA94	olaTTNAIg111/1101	29.114	79	55	1	18	95	22	100	5.79e-09	40.0
TTNA94	olaTTNAIg108/193	30.986	71	49	0	13	83	10	80	1.87e-08	38.5
TTNA94	olaTTNAIg62/195	26.437	87	63	1	9	94	8	94	4.17e-08	37.7
TTNA94	olaTTNAIg64/193	25.610	82	61	0	13	94	10	91	1.13e-07	36.6
TTNA94	olaTTNAIg106/197	23.958	96	72	1	1	95	1	96	5.36e-07	34.7
TTNA94	olaTTNAIg68/199	29.870	77	47	2	25	94	21	97	2.37e-06	33.1
TTNA98	olaTTNAIg90/194	77.419	93	21	0	2	94	2	94	7.73e-53	151
TTNA98	olaTTNAIg84/195	53.763	93	43	0	2	94	2	94	4.47e-36	108
TTNA98	olaTTNAIg87/194	48.387	93	48	0	2	94	2	94	9.42e-34	102
TTNA98	olaTTNAIg93/194	47.312	93	49	0	2	94	1	93	8.98e-33	100
TTNA98	olaTTNAIg81/193	47.312	93	49	0	2	94	1	93	9.40e-32	97.8
TTNA98	olaTTNAIg78/195	46.316	95	49	1	2	94	1	95	1.21e-29	92.4
TTNA98	olaTTNAIg102/194	43.011	93	53	0	2	94	1	93	2.62e-27	86.7
TTNA98	olaTTNAIg105/194	38.710	93	57	0	2	94	1	93	1.06e-24	80.1
TTNA98	olaTTNAIg75/195	42.553	94	53	1	2	94	1	94	1.18e-23	77.4
TTNA98	olaTTNAIg69/195	39.785	93	56	0	2	94	2	94	2.33e-23	76.6
TTNA98	olaTTNAIg96/194	31.183	93	64	0	2	94	1	93	1.18e-22	74.7
TTNA98	olaTTNAIg107/194	34.783	92	60	0	2	93	1	92	1.40e-21	72.0
TTNA98	olaTTNAIg72/197	37.500	96	58	1	1	94	1	96	4.36e-21	70.9
TTNA98	olaTTNAIg65/195	37.234	94	58	1	2	94	1	94	4.12e-20	68.6
TTNA98	olaTTNAIg104/198	38.542	96	56	2	2	94	2	97	1.16e-19	67.4
TTNA98	olaTTNAIg71/194	34.409	93	61	0	2	94	1	93	1.17e-19	67.4
TTNA98	olaTTNAIg103/196	36.170	94	58	1	2	93	1	94	3.94e-19	65.9
TTNA98	olaTTNAIg99/1104	38.947	95	55	2	3	94	2	96	1.35e-18	64.7
TTNA98	olaTTNAIg92/197	36.458	96	58	1	2	94	1	96	1.43e-18	64.7
TTNA98	olaTTNAIg73/196	36.842	95	58	1	2	94	2	96	1.89e-18	64.3
TTNA98	olaTTNAIg63/197	32.292	96	63	1	1	94	1	96	1.06e-17	62.4
TTNA98	olaTTNAIg95/199	33.684	95	61	1	2	94	2	96	4.20e-17	60.8
TTNA98	olaTTNAIg86/197	32.632	95	62	2	2	94	2	96	2.53e-16	58.9
TTNA98	olaTTNAIg74/193	28.889	90	63	1	6	94	3	92	2.74e-16	58.5
TTNA98	olaTTNAIg88/193	35.802	81	50	1	16	94	12	92	3.40e-16	58.5
TTNA98	olaTTNAIg101/196	34.118	85	52	1	14	94	11	95	1.53e-15	56.6
TTNA98	olaTTNAIg94/193	33.333	81	52	1	16	94	12	92	1.89e-15	56.6
TTNA98	olaTTNAIg64/193	36.585	82	50	1	14	93	10	91	5.40e-15	55.5
TTNA98	olaTTNAIg83/196	32.632	95	62	1	2	94	1	95	1.21e-14	54.3
TTNA98	olaTTNAIg82/196	29.474	95	65	1	2	94	1	95	3.41e-14	53.1
TTNA98	olaTTNAIg109/193	35.000	80	49	2	18	94	13	92	7.18e-14	52.4
TTNA98	olaTTNAIg62/195	34.737	95	58	2	2	93	1	94	1.73e-13	51.6
TTNA98	olaTTNAIg77/197	28.283	99	61	2	2	94	2	96	2.69e-13	51.2
TTNA98	olaTTNAIg106/197	28.125	96	66	1	2	94	1	96	3.33e-13	50.8
TTNA98	olaTTNAIg80/198	32.292	96	62	2	2	94	2	97	6.44e-13	50.1
TTNA98	olaTTNAIg79/196	27.660	94	66	1	2	93	1	94	2.32e-12	48.5
TTNA98	olaTTNAIg70/195	23.158	95	69	2	2	94	2	94	2.48e-12	48.5
TTNA98	olaTTNAIg100/196	29.268	82	56	1	2	81	2	83	4.57e-12	47.8
TTNA98	olaTTNAIg67/1104	32.039	103	60	3	2	94	2	104	7.68e-12	47.4
TTNA98	olaTTNAIg97/197	24.211	95	70	1	2	94	2	96	1.20e-11	47.0
TTNA98	olaTTNAIg89/196	29.474	95	65	1	2	94	1	95	2.17e-11	46.2
TTNA98	olaTTNAIg76/192	31.325	83	55	1	14	94	9	91	3.86e-11	45.4
TTNA98	olaTTNAIg91/193	28.395	81	56	1	16	94	12	92	1.26e-10	43.9
TTNA98	olaTTNAIg85/193	32.099	81	53	1	16	94	12	92	5.28e-10	42.4
TTNA98	olaTTNAIg66/1103	33.333	102	59	3	2	94	1	102	5.55e-10	42.7
TTNA98	olaTTNAIg111/1101	28.866	97	64	3	3	94	4	100	1.06e-08	39.3
TTNA98	olaTTNAIg110/193	38.235	68	36	2	30	92	26	92	4.26e-08	37.4
TTNA98	olaTTNAIg98/191	21.348	89	68	1	2	88	1	89	1.35e-07	36.2
TTNA98	olaTTNAIg108/193	29.167	72	47	2	14	82	10	80	2.70e-05	30.0
TTNA98	olaTTNAIg68/199	31.507	73	41	3	30	93	25	97	9.33e-05	28.9
TTNA101	olaTTNAIg91/193	59.783	92	37	0	1	92	1	92	1.88e-39	117
TTNA101	olaTTNAIg94/193	55.435	92	41	0	1	92	1	92	5.99e-37	110
TTNA101	olaTTNAIg85/193	47.826	92	48	0	1	92	1	92	3.07e-32	99.0
TTNA101	olaTTNAIg88/193	50.000	92	46	0	1	92	1	92	6.26e-32	98.2
TTNA101	olaTTNAIg82/196	48.780	82	42	0	9	90	12	93	6.73e-26	83.2
TTNA101	olaTTNAIg97/197	43.529	85	48	0	8	92	12	96	1.66e-22	74.3
TTNA101	olaTTNAIg86/197	34.568	81	53	0	12	92	16	96	1.82e-17	61.6
TTNA101	olaTTNAIg103/196	32.099	81	55	0	11	91	14	94	4.38e-16	58.2
TTNA101	olaTTNAIg83/196	35.802	81	52	0	12	92	15	95	8.12e-16	57.4
TTNA101	olaTTNAIg100/196	33.333	72	48	0	6	77	10	81	9.76e-16	57.4
TTNA101	olaTTNAIg106/197	31.461	89	60	1	5	92	8	96	2.16e-15	56.2
TTNA101	olaTTNAIg90/194	41.463	82	44	2	12	92	16	94	2.70e-15	55.8
TTNA101	olaTTNAIg101/196	29.885	87	59	1	6	90	7	93	4.55e-15	55.5
TTNA101	olaTTNAIg98/191	31.395	86	56	1	1	83	1	86	5.14e-15	55.1
TTNA101	olaTTNAIg89/196	35.294	85	55	0	8	92	11	95	1.14e-14	54.3
TTNA101	olaTTNAIg95/199	37.037	81	51	0	12	92	16	96	1.47e-14	54.3
TTNA101	olaTTNAIg96/194	33.333	84	54	1	9	92	12	93	1.85e-14	53.9
TTNA101	olaTTNAIg76/192	32.927	82	55	0	11	92	10	91	3.58e-14	53.1
TTNA101	olaTTNAIg81/193	33.333	84	54	1	9	92	12	93	4.31e-14	52.8
TTNA101	olaTTNAIg87/194	39.759	83	46	3	11	92	15	94	4.97e-14	52.8
TTNA101	olaTTNAIg77/197	30.526	95	63	1	1	92	2	96	5.49e-14	52.8
TTNA101	olaTTNAIg92/197	32.927	82	54	1	12	92	15	96	6.74e-14	52.4
TTNA101	olaTTNAIg99/1104	34.177	79	51	1	3	80	5	83	7.27e-14	52.4
TTNA101	olaTTNAIg65/195	34.884	86	53	2	8	92	11	94	8.63e-14	52.4
TTNA101	olaTTNAIg64/193	35.955	89	55	1	5	91	3	91	1.06e-13	52.0
TTNA101	olaTTNAIg74/193	32.927	82	54	1	9	90	10	90	1.13e-13	52.0
TTNA101	olaTTNAIg104/198	31.461	89	61	0	4	92	9	97	1.48e-13	51.6
TTNA101	olaTTNAIg78/195	30.380	79	55	0	12	90	15	93	1.92e-13	51.2
TTNA101	olaTTNAIg105/194	34.737	95	57	2	1	92	1	93	4.46e-13	50.4
TTNA101	olaTTNAIg67/1104	32.584	89	52	1	12	92	16	104	1.32e-12	49.3
TTNA101	olaTTNAIg71/194	32.500	80	52	1	13	92	16	93	1.61e-12	48.9
TTNA101	olaTTNAIg70/195	26.882	93	67	1	1	92	2	94	1.66e-12	48.9
TTNA101	olaTTNAIg63/197	35.526	76	47	1	19	92	21	96	2.06e-12	48.5
TTNA101	olaTTNAIg84/195	32.927	82	53	1	11	92	15	94	2.13e-12	48.5
TTNA101	olaTTNAIg107/194	29.268	82	56	1	10	91	13	92	2.91e-12	48.1
TTNA101	olaTTNAIg109/193	35.000	80	51	1	10	88	9	88	4.39e-12	47.8
TTNA101	olaTTNAIg93/194	30.488	82	55	1	11	92	14	93	4.89e-12	47.8
TTNA101	olaTTNAIg66/1103	34.043	94	54	2	7	92	9	102	7.06e-12	47.4
TTNA101	olaTTNAIg111/1101	34.177	79	51	1	15	92	22	100	7.23e-12	47.4
TTNA101	olaTTNAIg79/196	33.333	72	48	0	9	80	12	83	8.82e-12	47.0
TTNA101	olaTTNAIg75/195	31.707	82	55	1	11	92	14	94	1.11e-11	46.6
TTNA101	olaTTNAIg73/196	30.488	82	57	0	11	92	15	96	1.30e-11	46.6
TTNA101	olaTTNAIg72/197	29.630	81	57	0	12	92	16	96	1.64e-11	46.2
TTNA101	olaTTNAIg108/193	31.250	80	55	0	1	80	1	80	1.67e-11	46.2
TTNA101	olaTTNAIg80/198	32.530	83	55	1	11	92	15	97	1.84e-10	43.5
TTNA101	olaTTNAIg69/195	32.099	81	53	1	12	92	16	94	6.39e-10	42.4
TTNA101	olaTTNAIg68/199	28.049	82	52	1	17	91	16	97	8.24e-08	37.0
TTNA101	olaTTNAIg102/194	28.736	87	56	3	8	92	11	93	1.63e-07	35.8
TTNA101	olaTTNAIg110/193	33.333	69	42	3	24	88	24	92	2.57e-07	35.4
TTNA101	olaTTNAIg62/195	27.273	77	55	1	16	91	18	94	1.20e-05	31.2
TTNA105	olaTTNAIg92/197	61.458	96	37	0	2	97	1	96	2.67e-44	129
TTNA105	olaTTNAIg89/196	57.292	96	40	1	2	97	1	95	5.29e-36	108
TTNA105	olaTTNAIg86/197	53.125	96	44	1	2	97	2	96	3.93e-33	101
TTNA105	olaTTNAIg83/196	50.000	96	47	1	2	97	1	95	1.71e-30	94.7
TTNA105	olaTTNAIg95/199	50.000	96	47	1	2	97	2	96	1.30e-26	85.1
TTNA105	olaTTNAIg104/198	42.268	97	54	2	2	97	2	97	2.40e-21	71.6
TTNA105	olaTTNAIg93/194	41.667	96	53	1	2	97	1	93	1.59e-20	69.7
TTNA105	olaTTNAIg103/196	40.217	92	54	1	2	93	1	91	1.91e-20	69.3
TTNA105	olaTTNAIg102/194	39.583	96	55	1	2	97	1	93	1.45e-19	67.0
TTNA105	olaTTNAIg69/195	38.542	96	56	1	2	97	2	94	2.11e-19	66.6
TTNA105	olaTTNAIg78/195	37.500	96	59	1	2	97	1	95	2.73e-19	66.6
TTNA105	olaTTNAIg87/194	36.458	96	58	1	2	97	2	94	4.64e-19	65.9
TTNA105	olaTTNAIg81/193	35.417	96	59	1	2	97	1	93	9.70e-19	65.1
TTNA105	olaTTNAIg96/194	34.375	96	60	1	2	97	1	93	1.50e-18	64.7
TTNA105	olaTTNAIg72/197	35.052	97	62	1	1	97	1	96	4.59e-18	63.5
TTNA105	olaTTNAIg88/193	37.805	82	50	1	16	97	12	92	5.23e-18	63.2
TTNA105	olaTTNAIg90/194	36.458	96	58	1	2	97	2	94	5.60e-18	63.2
TTNA105	olaTTNAIg107/194	38.947	95	55	1	2	96	1	92	4.97e-17	60.5
TTNA105	olaTTNAIg101/196	36.047	86	54	1	13	97	10	95	8.05e-17	60.1
TTNA105	olaTTNAIg77/197	37.500	96	59	1	2	97	2	96	1.98e-16	59.3
TTNA105	olaTTNAIg80/198	40.206	97	56	2	2	97	2	97	3.89e-16	58.5
TTNA105	olaTTNAIg75/195	34.375	96	61	1	2	97	1	94	5.18e-16	58.2
TTNA105	olaTTNAIg84/195	35.052	97	58	3	2	97	2	94	1.03e-15	57.4
TTNA105	olaTTNAIg73/196	33.333	96	63	1	2	97	2	96	1.22e-15	57.0
TTNA105	olaTTNAIg105/194	35.417	96	59	1	2	97	1	93	1.98e-15	56.6
TTNA105	olaTTNAIg91/193	34.409	93	57	2	8	97	1	92	4.81e-15	55.5
TTNA105	olaTTNAIg71/194	33.333	96	61	1	2	97	1	93	1.06e-14	54.7
TTNA105	olaTTNAIg65/195	33.333	96	62	1	2	97	1	94	1.17e-14	54.7
TTNA105	olaTTNAIg82/196	37.500	96	59	1	2	97	1	95	1.95e-14	53.9
TTNA105	olaTTNAIg74/193	33.696	92	59	2	6	97	3	92	6.18e-14	52.8
TTNA105	olaTTNAIg70/195	27.957	93	66	1	5	97	3	94	1.01e-13	52.4
TTNA105	olaTTNAIg94/193	30.488	82	56	1	16	97	12	92	2.83e-13	50.8
TTNA105	olaTTNAIg99/1104	33.333	84	54	2	15	97	14	96	2.87e-13	51.2
TTNA105	olaTTNAIg98/191	29.762	84	58	1	2	85	1	83	4.96e-13	50.4
TTNA105	olaTTNAIg76/192	36.047	86	54	1	12	97	7	91	5.35e-13	50.4
TTNA105	olaTTNAIg66/1103	33.333	102	62	2	2	97	1	102	1.31e-12	49.7
TTNA105	olaTTNAIg97/197	33.721	86	56	1	12	97	12	96	1.35e-12	49.3
TTNA105	olaTTNAIg79/196	28.421	95	67	1	2	96	1	94	4.71e-12	47.8
TTNA105	olaTTNAIg106/197	30.588	85	59	0	13	97	12	96	4.81e-12	47.8
TTNA105	olaTTNAIg100/196	32.099	81	54	1	2	82	2	81	9.38e-12	47.0
TTNA105	olaTTNAIg63/197	29.897	97	67	1	1	97	1	96	3.47e-11	45.8
TTNA105	olaTTNAIg85/193	35.366	82	52	1	16	97	12	92	4.18e-11	45.4
TTNA105	olaTTNAIg67/1104	26.214	103	69	1	2	97	2	104	5.67e-11	45.4
TTNA105	olaTTNAIg64/193	30.435	92	62	2	5	96	2	91	4.76e-10	42.7
TTNA105	olaTTNAIg109/193	31.959	97	60	3	2	97	1	92	6.84e-10	42.4
TTNA105	olaTTNAIg62/195	33.333	87	58	0	10	96	8	94	4.59e-09	40.0
TTNA105	olaTTNAIg111/1101	31.765	85	54	3	16	97	17	100	3.13e-08	38.1
TTNA105	olaTTNAIg108/193	26.389	72	52	1	14	85	10	80	3.50e-06	32.7
TTNA105	olaTTNAIg68/199	28.571	77	49	1	26	96	21	97	1.17e-05	31.2
TTNA105	olaTTNAIg110/193	28.049	82	52	3	17	95	15	92	1.83e-05	30.8
TTNA109	olaTTNAIg93/194	74.194	93	24	0	2	94	1	93	3.85e-50	144
TTNA109	olaTTNAIg84/195	70.213	94	28	0	1	94	1	94	8.67e-47	135
TTNA109	olaTTNAIg87/194	58.511	94	39	0	1	94	1	94	4.18e-42	124
TTNA109	olaTTNAIg81/193	52.688	93	44	0	2	94	1	93	2.82e-36	109
TTNA109	olaTTNAIg90/194	47.872	94	49	0	1	94	1	94	8.39e-36	108
TTNA109	olaTTNAIg78/195	50.526	95	45	1	2	94	1	95	5.33e-32	98.6
TTNA109	olaTTNAIg105/194	48.387	93	48	0	2	94	1	93	2.10e-31	97.1
TTNA109	olaTTNAIg75/195	46.316	95	48	2	2	94	1	94	1.39e-28	89.7
TTNA109	olaTTNAIg102/194	39.785	93	56	0	2	94	1	93	2.41e-26	84.3
TTNA109	olaTTNAIg104/198	41.237	97	54	2	1	94	1	97	3.16e-22	73.9
TTNA109	olaTTNAIg86/197	37.500	96	58	2	1	94	1	96	3.91e-21	71.2
TTNA109	olaTTNAIg71/194	43.011	93	53	0	2	94	1	93	1.21e-20	69.7
TTNA109	olaTTNAIg96/194	35.484	93	60	0	2	94	1	93	1.32e-20	69.7
TTNA109	olaTTNAIg107/194	36.957	92	58	0	2	93	1	92	1.41e-20	69.7
TTNA109	olaTTNAIg69/195	34.043	94	62	0	1	94	1	94	1.45e-20	69.7
TTNA109	olaTTNAIg73/196	37.500	96	58	1	1	94	1	96	1.66e-20	69.3
TTNA109	olaTTNAIg63/197	38.947	95	56	1	2	94	2	96	4.58e-20	68.2
TTNA109	olaTTNAIg65/195	37.234	94	58	1	2	94	1	94	1.25e-19	67.0
TTNA109	olaTTNAIg72/197	40.000	95	55	2	2	94	2	96	8.55e-19	65.1
TTNA109	olaTTNAIg77/197	34.375	96	61	1	1	94	1	96	1.77e-18	64.3
TTNA109	olaTTNAIg103/196	39.362	94	55	1	2	93	1	94	1.38e-17	62.0
TTNA109	olaTTNAIg95/199	36.458	96	59	1	1	94	1	96	1.76e-17	62.0
TTNA109	olaTTNAIg101/196	42.268	97	50	3	2	94	1	95	2.37e-17	61.2
TTNA109	olaTTNAIg76/192	36.782	87	53	2	10	94	5	91	4.41e-17	60.5
TTNA109	olaTTNAIg99/1104	36.842	95	57	2	3	94	2	96	5.92e-17	60.5
TTNA109	olaTTNAIg89/196	34.737	95	60	1	2	94	1	95	8.63e-17	60.1
TTNA109	olaTTNAIg67/1104	37.500	104	55	2	1	94	1	104	4.75e-16	58.2
TTNA109	olaTTNAIg74/193	30.000	90	62	1	6	94	3	92	5.79e-16	57.8
TTNA109	olaTTNAIg82/196	31.579	95	63	1	2	94	1	95	2.16e-15	56.2
TTNA109	olaTTNAIg97/197	33.333	96	62	1	1	94	1	96	2.96e-15	56.2
TTNA109	olaTTNAIg111/1101	33.333	99	61	3	1	94	2	100	2.56e-14	53.9
TTNA109	olaTTNAIg94/193	34.568	81	51	1	16	94	12	92	3.96e-14	53.1
TTNA109	olaTTNAIg92/197	32.292	96	62	1	2	94	1	96	1.50e-13	51.6
TTNA109	olaTTNAIg83/196	33.684	95	61	1	2	94	1	95	2.36e-13	51.2
TTNA109	olaTTNAIg106/197	31.959	97	61	2	2	94	1	96	7.82e-13	49.7
TTNA109	olaTTNAIg109/193	36.250	80	48	2	18	94	13	92	4.29e-12	47.8
TTNA109	olaTTNAIg88/193	37.333	75	45	1	22	94	18	92	4.73e-12	47.8
TTNA109	olaTTNAIg70/195	30.928	97	61	4	1	94	1	94	7.84e-12	47.4
TTNA109	olaTTNAIg91/193	33.333	81	52	1	16	94	12	92	9.62e-12	47.0
TTNA109	olaTTNAIg64/193	34.146	82	52	1	14	93	10	91	2.33e-11	45.8
TTNA109	olaTTNAIg80/198	32.990	97	62	2	1	94	1	97	4.22e-11	45.4
TTNA109	olaTTNAIg79/196	23.404	94	70	1	2	93	1	94	1.72e-10	43.9
TTNA109	olaTTNAIg98/191	26.966	89	63	1	2	88	1	89	1.59e-09	41.2
TTNA109	olaTTNAIg62/195	34.940	83	49	2	14	93	14	94	2.11e-09	40.8
TTNA109	olaTTNAIg66/1103	28.431	102	64	3	2	94	1	102	8.89e-09	39.7
TTNA109	olaTTNAIg85/193	33.333	75	48	1	22	94	18	92	3.13e-08	37.7
TTNA109	olaTTNAIg110/193	35.714	84	46	4	14	92	12	92	1.38e-07	36.2
TTNA109	olaTTNAIg100/196	24.211	95	70	1	1	93	1	95	2.31e-07	35.8
TTNA109	olaTTNAIg68/199	26.882	93	59	2	10	93	5	97	8.82e-07	34.3
TTNA109	olaTTNAIg108/193	29.508	61	41	1	24	82	20	80	0.004	24.3
TTNA112	olaTTNAIg94/193	54.348	92	42	0	1	92	1	92	8.42e-37	110
TTNA112	olaTTNAIg85/193	47.826	92	48	0	1	92	1	92	1.13e-29	92.4
TTNA112	olaTTNAIg91/193	44.565	92	51	0	1	92	1	92	3.56e-28	88.6
TTNA112	olaTTNAIg88/193	44.565	92	51	0	1	92	1	92	3.48e-26	83.6
TTNA112	olaTTNAIg82/196	39.286	84	51	0	9	92	12	95	4.27e-19	65.9
TTNA112	olaTTNAIg103/196	36.709	79	50	0	13	91	16	94	3.13e-17	60.8
TTNA112	olaTTNAIg107/194	37.838	74	44	1	18	91	21	92	3.15e-16	58.5
TTNA112	olaTTNAIg81/193	34.118	85	54	1	8	92	11	93	3.90e-16	58.2
TTNA112	olaTTNAIg97/197	33.708	89	59	0	4	92	8	96	8.22e-16	57.4
TTNA112	olaTTNAIg64/193	35.955	89	55	1	5	91	3	91	1.26e-15	57.0
TTNA112	olaTTNAIg86/197	33.333	81	54	0	12	92	16	96	2.68e-15	56.2
TTNA112	olaTTNAIg100/196	31.081	74	51	0	4	77	8	81	4.31e-15	55.5
TTNA112	olaTTNAIg90/194	35.802	81	50	1	12	92	16	94	8.79e-15	54.7
TTNA112	olaTTNAIg92/197	36.585	82	51	1	12	92	15	96	1.50e-14	54.3
TTNA112	olaTTNAIg93/194	34.737	95	57	2	1	92	1	93	2.13e-14	53.9
TTNA112	olaTTNAIg106/197	31.461	89	60	1	5	92	8	96	2.87e-14	53.5
TTNA112	olaTTNAIg72/197	34.568	81	53	0	12	92	16	96	7.84e-14	52.4
TTNA112	olaTTNAIg95/199	34.568	81	53	0	12	92	16	96	9.43e-14	52.4
TTNA112	olaTTNAIg73/196	35.802	81	52	0	12	92	16	96	9.72e-14	52.0
TTNA112	olaTTNAIg83/196	32.099	81	55	0	12	92	15	95	2.96e-13	50.8
TTNA112	olaTTNAIg87/194	31.579	95	60	2	1	92	2	94	4.65e-13	50.4
TTNA112	olaTTNAIg98/191	32.530	83	53	1	1	80	1	83	5.01e-13	50.1
TTNA112	olaTTNAIg99/1104	26.250	80	58	1	2	80	4	83	1.81e-12	48.9
TTNA112	olaTTNAIg89/196	29.412	85	60	0	8	92	11	95	1.93e-12	48.9
TTNA112	olaTTNAIg96/194	30.588	85	57	1	8	92	11	93	2.15e-12	48.5
TTNA112	olaTTNAIg78/195	32.099	81	55	0	12	92	15	95	2.94e-12	48.1
TTNA112	olaTTNAIg70/195	30.108	93	64	1	1	92	2	94	3.31e-12	48.1
TTNA112	olaTTNAIg71/194	36.232	69	42	1	24	92	27	93	4.43e-12	47.8
TTNA112	olaTTNAIg79/196	33.333	69	46	0	12	80	15	83	5.92e-12	47.4
TTNA112	olaTTNAIg84/195	32.927	82	51	2	12	92	16	94	6.19e-12	47.4
TTNA112	olaTTNAIg75/195	34.568	81	52	1	12	92	15	94	1.65e-11	46.2
TTNA112	olaTTNAIg77/197	29.474	95	64	1	1	92	2	96	1.97e-11	46.2
TTNA112	olaTTNAIg104/198	29.213	89	63	0	4	92	9	97	3.45e-11	45.4
TTNA112	olaTTNAIg74/193	26.190	84	61	1	9	92	10	92	4.59e-11	45.1
TTNA112	olaTTNAIg76/192	25.926	81	60	0	12	92	11	91	4.69e-11	45.1
TTNA112	olaTTNAIg63/197	30.263	76	51	1	19	92	21	96	1.24e-10	44.3
TTNA112	olaTTNAIg101/196	26.316	95	67	2	1	92	1	95	1.44e-10	43.9
TTNA112	olaTTNAIg65/195	30.120	83	54	2	1	80	1	82	1.77e-10	43.5
TTNA112	olaTTNAIg105/194	29.474	95	62	2	1	92	1	93	1.73e-09	41.2
TTNA112	olaTTNAIg66/1103	28.431	102	63	2	1	92	1	102	4.39e-09	40.0
TTNA112	olaTTNAIg102/194	27.059	85	60	1	8	92	11	93	1.04e-08	38.9
TTNA112	olaTTNAIg80/198	35.821	67	43	0	26	92	31	97	8.92e-08	36.6
TTNA112	olaTTNAIg108/193	35.088	57	37	0	26	82	26	82	1.39e-07	36.2
TTNA112	olaTTNAIg111/1101	24.359	78	58	1	16	92	23	100	1.67e-07	36.2
TTNA112	olaTTNAIg109/193	25.000	80	59	1	14	92	13	92	3.02e-07	35.0
TTNA112	olaTTNAIg62/195	27.536	69	49	1	16	83	18	86	2.66e-06	32.7
TTNA112	olaTTNAIg67/1104	23.913	92	58	2	11	92	15	104	2.92e-06	32.7
TTNA112	olaTTNAIg68/199	28.767	73	45	1	26	91	25	97	5.73e-06	32.0
TTNA112	olaTTNAIg69/195	28.049	82	55	2	12	92	16	94	6.48e-06	31.6
TTNA112	olaTTNAIg110/193	28.333	60	41	2	26	83	26	85	3.41e-05	29.6
TTNA116	olaTTNAIg95/199	67.708	96	31	0	1	96	1	96	3.86e-42	124
TTNA116	olaTTNAIg86/197	46.875	96	51	0	1	96	1	96	1.90e-31	97.4
TTNA116	olaTTNAIg92/197	50.000	96	47	1	2	96	1	96	8.79e-31	95.5
TTNA116	olaTTNAIg83/196	44.211	95	53	0	2	96	1	95	1.02e-29	92.8
TTNA116	olaTTNAIg89/196	45.263	95	52	0	2	96	1	95	4.73e-29	91.3
TTNA116	olaTTNAIg90/194	41.667	96	54	1	1	96	1	94	1.81e-25	82.0
TTNA116	olaTTNAIg93/194	35.789	95	59	1	2	96	1	93	6.11e-23	75.5
TTNA116	olaTTNAIg72/197	35.789	95	61	0	2	96	2	96	5.07e-22	73.6
TTNA116	olaTTNAIg104/198	35.052	97	62	1	1	96	1	97	8.50e-22	72.8
TTNA116	olaTTNAIg77/197	33.333	96	64	0	1	96	1	96	1.80e-21	72.0
TTNA116	olaTTNAIg88/193	39.506	81	49	0	16	96	12	92	5.92e-21	70.5
TTNA116	olaTTNAIg81/193	35.789	95	59	1	2	96	1	93	1.37e-20	69.7
TTNA116	olaTTNAIg65/195	32.632	95	63	1	2	96	1	94	1.61e-20	69.7
TTNA116	olaTTNAIg96/194	37.500	88	53	1	9	96	8	93	2.32e-20	68.9
TTNA116	olaTTNAIg87/194	36.458	96	59	1	1	96	1	94	4.00e-20	68.6
TTNA116	olaTTNAIg69/195	37.500	96	58	1	1	96	1	94	6.70e-20	67.8
TTNA116	olaTTNAIg78/195	33.684	95	63	0	2	96	1	95	9.59e-20	67.4
TTNA116	olaTTNAIg107/194	37.234	94	57	1	2	95	1	92	1.21e-19	67.4
TTNA116	olaTTNAIg102/194	31.579	95	63	1	2	96	1	93	1.58e-19	67.0
TTNA116	olaTTNAIg75/195	35.789	95	60	1	2	96	1	94	4.85e-19	65.9
TTNA116	olaTTNAIg84/195	32.292	96	63	1	1	96	1	94	2.59e-18	63.9
TTNA116	olaTTNAIg103/196	37.975	79	49	0	12	90	11	89	7.87e-18	62.8
TTNA116	olaTTNAIg105/194	29.474	95	65	1	2	96	1	93	9.21e-18	62.4
TTNA116	olaTTNAIg91/193	34.737	95	59	2	2	96	1	92	2.78e-17	61.2
TTNA116	olaTTNAIg94/193	33.333	81	54	0	16	96	12	92	4.63e-17	60.8
TTNA116	olaTTNAIg97/197	34.375	96	63	0	1	96	1	96	4.94e-17	60.8
TTNA116	olaTTNAIg80/198	34.021	97	63	1	1	96	1	97	3.97e-16	58.5
TTNA116	olaTTNAIg67/1104	30.769	104	64	2	1	96	1	104	4.92e-16	58.2
TTNA116	olaTTNAIg101/196	34.884	86	54	1	13	96	10	95	6.58e-16	57.8
TTNA116	olaTTNAIg82/196	32.184	87	59	0	10	96	9	95	6.87e-16	57.8
TTNA116	olaTTNAIg74/193	30.435	92	63	1	5	96	2	92	2.04e-15	56.6
TTNA116	olaTTNAIg70/195	27.083	96	68	1	1	96	1	94	2.96e-15	56.2
TTNA116	olaTTNAIg66/1103	34.314	102	60	2	2	96	1	102	4.32e-15	55.8
TTNA116	olaTTNAIg85/193	34.568	81	53	0	16	96	12	92	8.08e-15	55.1
TTNA116	olaTTNAIg100/196	32.099	81	55	0	1	81	1	81	8.11e-15	55.1
TTNA116	olaTTNAIg71/194	31.579	95	63	1	2	96	1	93	1.57e-14	54.3
TTNA116	olaTTNAIg63/197	25.263	95	71	0	2	96	2	96	1.99e-14	53.9
TTNA116	olaTTNAIg76/192	28.916	83	55	1	2	84	1	79	6.73e-14	52.4
TTNA116	olaTTNAIg73/196	30.208	96	67	0	1	96	1	96	1.20e-13	52.0
TTNA116	olaTTNAIg106/197	31.034	87	59	1	11	96	10	96	1.23e-12	49.3
TTNA116	olaTTNAIg64/193	28.889	90	63	1	6	95	3	91	2.32e-11	46.2
TTNA116	olaTTNAIg98/191	25.301	83	62	0	2	84	1	83	2.48e-11	45.8
TTNA116	olaTTNAIg99/1104	28.261	92	65	1	6	96	5	96	4.17e-11	45.4
TTNA116	olaTTNAIg79/196	28.750	80	57	0	16	95	15	94	4.55e-11	45.4
TTNA116	olaTTNAIg62/195	32.184	87	58	1	10	95	8	94	4.80e-10	42.7
TTNA116	olaTTNAIg111/1101	26.263	99	70	2	1	96	2	100	5.80e-10	42.7
TTNA116	olaTTNAIg109/193	27.500	80	57	1	18	96	13	92	1.91e-08	38.5
TTNA116	olaTTNAIg108/193	35.616	73	43	3	14	84	10	80	2.08e-08	38.5
TTNA116	olaTTNAIg68/199	28.049	82	50	3	22	95	17	97	1.18e-06	33.9
TTNA116	olaTTNAIg110/193	24.286	70	49	2	28	94	24	92	0.006	23.9
TTNA120	olaTTNAIg96/194	65.591	93	32	0	1	93	1	93	5.28e-45	131
TTNA120	olaTTNAIg81/193	45.161	93	51	0	1	93	1	93	5.88e-31	95.9
TTNA120	olaTTNAIg87/194	41.935	93	54	0	1	93	2	94	1.70e-27	87.0
TTNA120	olaTTNAIg102/194	45.161	93	51	0	1	93	1	93	1.96e-27	87.0
TTNA120	olaTTNAIg78/195	42.105	95	53	1	1	93	1	95	7.99e-27	85.5
TTNA120	olaTTNAIg90/194	37.634	93	58	0	1	93	2	94	1.05e-25	82.4
TTNA120	olaTTNAIg105/194	39.785	93	56	0	1	93	1	93	3.93e-25	81.3
TTNA120	olaTTNAIg93/194	41.935	93	54	0	1	93	1	93	2.75e-24	79.0
TTNA120	olaTTNAIg71/194	37.634	93	58	0	1	93	1	93	1.83e-21	71.6
TTNA120	olaTTNAIg84/195	36.559	93	59	0	1	93	2	94	3.21e-21	71.2
TTNA120	olaTTNAIg75/195	38.298	94	57	1	1	93	1	94	3.32e-21	71.2
TTNA120	olaTTNAIg107/194	30.435	92	64	0	1	92	1	92	8.43e-21	70.1
TTNA120	olaTTNAIg69/195	30.108	93	65	0	1	93	2	94	1.98e-18	63.9
TTNA120	olaTTNAIg89/196	32.632	95	62	1	1	93	1	95	2.07e-18	63.9
TTNA120	olaTTNAIg82/196	36.842	95	58	1	1	93	1	95	3.53e-18	63.5
TTNA120	olaTTNAIg103/196	32.979	94	61	1	1	92	1	94	3.65e-18	63.5
TTNA120	olaTTNAIg83/196	35.789	95	59	1	1	93	1	95	6.93e-18	62.8
TTNA120	olaTTNAIg99/1104	34.043	94	59	2	3	93	3	96	1.68e-17	61.6
TTNA120	olaTTNAIg73/196	36.842	95	58	1	1	93	2	96	5.11e-17	60.5
TTNA120	olaTTNAIg72/197	32.632	95	62	1	1	93	2	96	6.44e-17	60.5
TTNA120	olaTTNAIg86/197	29.474	95	65	1	1	93	2	96	1.42e-16	59.3
TTNA120	olaTTNAIg88/193	39.286	84	49	1	12	93	9	92	1.62e-16	59.3
TTNA120	olaTTNAIg95/199	33.684	95	61	1	1	93	2	96	2.02e-16	58.9
TTNA120	olaTTNAIg104/198	33.333	96	61	2	1	93	2	97	3.82e-16	58.2
TTNA120	olaTTNAIg91/193	34.524	84	53	1	12	93	9	92	6.95e-16	57.4
TTNA120	olaTTNAIg92/197	33.696	92	58	1	5	93	5	96	7.31e-16	57.8
TTNA120	olaTTNAIg94/193	35.714	84	52	1	12	93	9	92	2.73e-15	55.8
TTNA120	olaTTNAIg100/196	33.824	68	43	1	13	78	14	81	4.51e-13	50.4
TTNA120	olaTTNAIg70/195	31.765	85	52	2	10	88	9	93	8.25e-13	49.7
TTNA120	olaTTNAIg63/197	28.421	95	66	1	1	93	2	96	9.49e-13	49.7
TTNA120	olaTTNAIg64/193	32.927	82	53	1	13	92	10	91	1.85e-12	48.9
TTNA120	olaTTNAIg106/197	29.167	96	65	1	1	93	1	96	2.11e-12	48.9
TTNA120	olaTTNAIg77/197	27.368	95	67	1	1	93	2	96	7.03e-12	47.4
TTNA120	olaTTNAIg65/195	25.773	97	65	2	1	93	1	94	8.64e-12	47.0
TTNA120	olaTTNAIg111/1101	36.709	79	47	2	18	93	22	100	1.44e-11	46.6
TTNA120	olaTTNAIg67/1104	29.126	103	63	2	1	93	2	104	4.09e-11	45.4
TTNA120	olaTTNAIg76/192	31.034	87	58	1	9	93	5	91	5.62e-11	45.1
TTNA120	olaTTNAIg109/193	25.000	88	63	2	9	93	5	92	7.84e-11	44.7
TTNA120	olaTTNAIg101/196	28.736	87	58	1	11	93	9	95	9.78e-11	44.3
TTNA120	olaTTNAIg85/193	33.333	84	54	1	12	93	9	92	1.75e-10	43.5
TTNA120	olaTTNAIg74/193	31.111	90	61	1	5	93	3	92	3.34e-10	43.1
TTNA120	olaTTNAIg66/1103	31.111	90	54	1	12	93	13	102	3.63e-10	43.1
TTNA120	olaTTNAIg80/198	28.125	96	66	2	1	93	2	97	9.31e-10	42.0
TTNA120	olaTTNAIg97/197	27.368	95	67	1	1	93	2	96	2.74e-09	40.8
TTNA120	olaTTNAIg79/196	27.500	80	56	1	15	92	15	94	4.40e-09	40.0
TTNA120	olaTTNAIg108/193	36.066	61	37	2	16	74	13	73	5.20e-09	40.0
TTNA120	olaTTNAIg98/191	23.256	86	64	1	1	84	1	86	4.34e-07	34.7
TTNA120	olaTTNAIg68/199	22.340	94	64	3	8	92	4	97	1.09e-06	33.9
TTNA120	olaTTNAIg62/195	29.333	75	50	1	21	92	20	94	2.36e-06	33.1
TTNA120	olaTTNAIg110/193	23.958	96	64	3	1	91	1	92	0.016	22.7
TTNA123	olaTTNAIg97/197	61.458	96	37	0	1	96	1	96	1.65e-46	135
TTNA123	olaTTNAIg82/196	38.947	95	58	0	2	96	1	95	1.25e-21	72.4
TTNA123	olaTTNAIg88/193	38.095	84	52	0	13	96	9	92	4.23e-21	70.9
TTNA123	olaTTNAIg94/193	35.955	89	57	0	8	96	4	92	2.46e-19	66.6
TTNA123	olaTTNAIg103/196	31.915	94	64	0	2	95	1	94	5.86e-19	65.5
TTNA123	olaTTNAIg91/193	34.118	85	56	0	12	96	8	92	1.15e-18	64.7
TTNA123	olaTTNAIg85/193	41.667	84	49	0	13	96	9	92	3.93e-18	63.5
TTNA123	olaTTNAIg84/195	38.144	97	56	2	1	96	1	94	9.54e-18	62.4
TTNA123	olaTTNAIg95/199	32.292	96	65	0	1	96	1	96	2.82e-17	61.2
TTNA123	olaTTNAIg86/197	35.714	98	59	2	1	96	1	96	4.71e-16	58.2
TTNA123	olaTTNAIg90/194	29.167	96	66	1	1	96	1	94	7.80e-16	57.4
TTNA123	olaTTNAIg100/196	26.316	95	70	0	1	95	1	95	2.84e-15	56.2
TTNA123	olaTTNAIg96/194	30.526	95	64	1	2	96	1	93	5.85e-15	55.5
TTNA123	olaTTNAIg77/197	31.429	105	54	2	1	96	1	96	6.00e-15	55.5
TTNA123	olaTTNAIg81/193	31.579	95	63	1	2	96	1	93	6.51e-15	55.1
TTNA123	olaTTNAIg101/196	34.021	97	60	2	2	96	1	95	7.69e-15	55.1
TTNA123	olaTTNAIg83/196	29.474	95	67	0	2	96	1	95	1.62e-14	54.3
TTNA123	olaTTNAIg93/194	34.737	95	60	1	2	96	1	93	3.88e-14	53.1
TTNA123	olaTTNAIg64/193	37.778	90	52	2	8	95	4	91	5.48e-14	52.8
TTNA123	olaTTNAIg106/197	27.083	96	69	1	2	96	1	96	5.68e-14	52.8
TTNA123	olaTTNAIg87/194	28.866	97	65	2	1	96	1	94	1.32e-13	52.0
TTNA123	olaTTNAIg75/195	32.632	95	63	1	2	96	1	94	1.55e-13	51.6
TTNA123	olaTTNAIg79/196	28.723	94	67	0	2	95	1	94	4.66e-13	50.4
TTNA123	olaTTNAIg98/191	28.571	91	65	0	2	92	1	91	1.21e-12	49.3
TTNA123	olaTTNAIg73/196	30.208	96	67	0	1	96	1	96	1.23e-12	49.3
TTNA123	olaTTNAIg74/193	33.684	95	60	2	2	96	1	92	1.41e-12	49.3
TTNA123	olaTTNAIg104/198	32.653	98	63	2	1	96	1	97	2.97e-12	48.5
TTNA123	olaTTNAIg92/197	33.333	90	58	2	8	96	8	96	3.00e-12	48.5
TTNA123	olaTTNAIg65/195	28.125	96	66	2	2	96	1	94	4.24e-12	48.1
TTNA123	olaTTNAIg69/195	29.592	98	63	2	1	96	1	94	9.39e-12	47.0
TTNA123	olaTTNAIg76/192	28.421	95	64	1	2	96	1	91	2.88e-11	45.8
TTNA123	olaTTNAIg105/194	27.368	95	67	1	2	96	1	93	3.20e-11	45.8
TTNA123	olaTTNAIg67/1104	28.704	108	61	2	1	96	1	104	4.94e-11	45.4
TTNA123	olaTTNAIg66/1103	28.431	102	66	3	2	96	1	102	6.20e-11	45.1
TTNA123	olaTTNAIg70/195	26.042	96	69	2	1	96	1	94	1.19e-10	44.3
TTNA123	olaTTNAIg78/195	26.316	95	70	0	2	96	1	95	2.58e-10	43.5
TTNA123	olaTTNAIg107/194	25.532	94	68	1	2	95	1	92	2.67e-10	43.5
TTNA123	olaTTNAIg63/197	27.368	95	69	0	2	96	2	96	7.25e-10	42.4
TTNA123	olaTTNAIg99/1104	32.099	81	54	1	8	87	6	86	7.90e-10	42.4
TTNA123	olaTTNAIg111/1101	32.941	85	54	2	14	96	17	100	8.88e-10	42.0
TTNA123	olaTTNAIg89/196	21.053	95	75	0	2	96	1	95	1.23e-08	38.9
TTNA123	olaTTNAIg102/194	30.612	98	60	4	2	96	1	93	3.79e-08	37.7
TTNA123	olaTTNAIg109/193	25.610	82	56	2	18	96	13	92	1.23e-07	36.2
TTNA123	olaTTNAIg72/197	26.042	96	65	3	3	96	5	96	1.54e-07	36.2
TTNA123	olaTTNAIg71/194	25.773	97	66	2	2	96	1	93	2.46e-07	35.4
TTNA123	olaTTNAIg68/199	26.667	75	48	1	28	95	23	97	3.81e-07	35.0
TTNA123	olaTTNAIg80/198	31.683	101	60	3	1	96	1	97	9.74e-07	34.3
TTNA123	olaTTNAIg108/193	23.944	71	54	0	14	84	10	80	1.70e-05	30.8
TTNA123	olaTTNAIg110/193	27.381	84	53	2	16	94	12	92	0.004	24.3
TTNA123	olaTTNAIg62/195	24.762	105	57	3	2	95	1	94	0.011	23.1
TTNA127	olaTTNAIg98/191	41.758	91	53	0	1	91	1	91	1.58e-29	92.0
TTNA127	olaTTNAIg86/197	40.000	95	57	0	1	95	2	96	1.44e-23	77.4
TTNA127	olaTTNAIg101/196	37.931	87	52	1	11	95	9	95	8.65e-21	70.1
TTNA127	olaTTNAIg87/194	35.789	95	59	1	1	95	2	94	2.25e-19	66.6
TTNA127	olaTTNAIg89/196	34.483	87	57	0	9	95	9	95	2.20e-18	63.9
TTNA127	olaTTNAIg69/195	35.789	95	59	1	1	95	2	94	4.12e-17	60.8
TTNA127	olaTTNAIg104/198	37.647	85	53	0	11	95	13	97	7.46e-17	60.1
TTNA127	olaTTNAIg109/193	33.750	80	52	1	17	95	13	92	9.57e-17	59.7
TTNA127	olaTTNAIg96/194	34.375	96	59	2	1	95	1	93	1.14e-16	59.7
TTNA127	olaTTNAIg93/194	34.737	95	60	1	1	95	1	93	2.58e-16	58.9
TTNA127	olaTTNAIg88/193	35.000	80	52	0	16	95	13	92	5.43e-16	57.8
TTNA127	olaTTNAIg74/193	35.789	95	58	2	1	95	1	92	7.69e-16	57.4
TTNA127	olaTTNAIg65/195	34.375	96	60	2	1	95	1	94	9.59e-16	57.4
TTNA127	olaTTNAIg95/199	32.632	95	64	0	1	95	2	96	1.25e-15	57.0
TTNA127	olaTTNAIg107/194	29.787	94	64	1	1	94	1	92	1.43e-15	57.0
TTNA127	olaTTNAIg83/196	34.375	96	61	2	1	95	1	95	1.53e-15	57.0
TTNA127	olaTTNAIg84/195	32.632	95	62	1	1	95	2	94	2.09e-15	56.6
TTNA127	olaTTNAIg103/196	30.851	94	65	0	1	94	1	94	2.28e-15	56.2
TTNA127	olaTTNAIg81/193	29.474	95	65	1	1	95	1	93	3.58e-15	55.8
TTNA127	olaTTNAIg90/194	34.375	96	59	2	1	95	2	94	5.84e-15	55.5
TTNA127	olaTTNAIg76/192	29.412	85	60	0	11	95	7	91	6.08e-15	55.1
TTNA127	olaTTNAIg78/195	33.750	80	53	0	16	95	16	95	9.95e-15	54.7
TTNA127	olaTTNAIg105/194	28.421	95	66	1	1	95	1	93	1.42e-14	54.3
TTNA127	olaTTNAIg72/197	31.250	96	64	2	1	95	2	96	2.04e-14	53.9
TTNA127	olaTTNAIg102/194	39.362	94	51	3	3	95	5	93	3.45e-14	53.1
TTNA127	olaTTNAIg94/193	30.000	80	56	0	16	95	13	92	5.03e-14	52.8
TTNA127	olaTTNAIg75/195	30.612	98	61	2	1	95	1	94	2.28e-13	51.2
TTNA127	olaTTNAIg82/196	30.526	95	66	0	1	95	1	95	2.99e-13	50.8
TTNA127	olaTTNAIg73/196	30.526	95	66	0	1	95	2	96	3.13e-13	50.8
TTNA127	olaTTNAIg64/193	34.375	64	42	0	31	94	28	91	5.30e-13	50.1
TTNA127	olaTTNAIg63/197	29.474	95	67	0	1	95	2	96	5.60e-13	50.4
TTNA127	olaTTNAIg91/193	28.750	80	57	0	16	95	13	92	1.38e-12	49.3
TTNA127	olaTTNAIg77/197	29.474	95	67	0	1	95	2	96	1.79e-12	48.9
TTNA127	olaTTNAIg70/195	28.571	91	65	0	5	95	4	94	1.79e-12	48.9
TTNA127	olaTTNAIg99/1104	26.596	94	64	2	4	92	2	95	1.89e-12	48.9
TTNA127	olaTTNAIg92/197	30.337	89	61	1	8	95	8	96	2.29e-12	48.5
TTNA127	olaTTNAIg80/198	31.250	96	65	1	1	95	2	97	2.75e-12	48.5
TTNA127	olaTTNAIg71/194	32.632	95	62	1	1	95	1	93	5.49e-12	47.8
TTNA127	olaTTNAIg106/197	26.042	96	70	1	1	95	1	96	1.24e-11	47.0
TTNA127	olaTTNAIg111/1101	31.250	96	63	2	3	95	5	100	6.94e-11	45.1
TTNA127	olaTTNAIg66/1103	33.721	86	51	2	16	95	17	102	1.00e-10	44.7
TTNA127	olaTTNAIg67/1104	29.126	103	65	2	1	95	2	104	1.06e-10	44.7
TTNA127	olaTTNAIg79/196	20.213	94	75	0	1	94	1	94	3.10e-10	43.1
TTNA127	olaTTNAIg62/195	28.767	73	51	1	23	94	22	94	7.79e-10	42.0
TTNA127	olaTTNAIg100/196	29.231	65	46	0	16	80	17	81	1.97e-09	41.2
TTNA127	olaTTNAIg68/199	30.588	85	44	3	21	94	17	97	2.24e-09	40.8
TTNA127	olaTTNAIg97/197	22.105	95	74	0	1	95	2	96	2.35e-09	40.8
TTNA127	olaTTNAIg110/193	25.301	83	58	2	13	93	12	92	9.70e-09	39.3
TTNA127	olaTTNAIg85/193	31.646	79	54	0	17	95	14	92	1.24e-08	38.9
TTNA127	olaTTNAIg108/193	29.268	82	56	1	13	92	10	91	7.06e-07	34.3
TTNA131	olaTTNAIg99/1104	57.895	95	40	0	3	97	2	96	5.43e-40	119
TTNA131	olaTTNAIg81/193	44.792	96	50	2	2	97	1	93	4.62e-27	86.3
TTNA131	olaTTNAIg78/195	42.708	96	54	1	2	97	1	95	4.39e-24	78.6
TTNA131	olaTTNAIg90/194	43.750	96	51	2	2	97	2	94	9.28e-24	77.8
TTNA131	olaTTNAIg75/195	43.434	99	48	3	2	97	1	94	9.96e-24	77.8
TTNA131	olaTTNAIg102/194	44.792	96	50	2	2	97	1	93	1.56e-21	72.0
TTNA131	olaTTNAIg84/195	42.708	96	52	2	2	97	2	94	1.90e-20	69.3
TTNA131	olaTTNAIg86/197	36.458	96	60	1	2	97	2	96	3.23e-20	68.9
TTNA131	olaTTNAIg93/194	40.625	96	54	2	2	97	1	93	4.33e-20	68.6
TTNA131	olaTTNAIg104/198	41.237	97	55	2	2	97	2	97	2.95e-19	66.6
TTNA131	olaTTNAIg87/194	37.500	96	57	2	2	97	2	94	5.01e-19	65.9
TTNA131	olaTTNAIg63/197	39.175	97	58	1	1	97	1	96	1.58e-18	64.7
TTNA131	olaTTNAIg94/193	36.458	96	57	2	2	97	1	92	1.99e-18	64.3
TTNA131	olaTTNAIg96/194	36.458	96	58	2	2	97	1	93	2.73e-18	63.9
TTNA131	olaTTNAIg82/196	37.500	96	59	1	2	97	1	95	3.38e-18	63.5
TTNA131	olaTTNAIg105/194	38.542	96	56	2	2	97	1	93	9.43e-18	62.4
TTNA131	olaTTNAIg72/197	34.021	97	63	1	1	97	1	96	1.18e-17	62.4
TTNA131	olaTTNAIg95/199	37.500	96	59	1	2	97	2	96	1.61e-17	62.0
TTNA131	olaTTNAIg77/197	35.417	96	61	1	2	97	2	96	1.97e-17	61.6
TTNA131	olaTTNAIg73/196	37.500	96	59	1	2	97	2	96	3.27e-17	61.2
TTNA131	olaTTNAIg103/196	35.789	95	60	1	2	96	1	94	8.49e-17	60.1
TTNA131	olaTTNAIg71/194	36.458	96	58	2	2	97	1	93	1.05e-16	59.7
TTNA131	olaTTNAIg69/195	31.250	96	63	2	2	97	2	94	1.51e-16	59.3
TTNA131	olaTTNAIg74/193	42.169	83	45	2	2	84	1	80	4.44e-16	58.2
TTNA131	olaTTNAIg64/193	40.260	77	45	1	20	96	16	91	5.45e-16	58.2
TTNA131	olaTTNAIg89/196	33.333	96	63	1	2	97	1	95	1.16e-15	57.4
TTNA131	olaTTNAIg83/196	35.417	96	61	1	2	97	1	95	1.55e-15	57.0
TTNA131	olaTTNAIg85/193	37.500	80	49	1	18	97	14	92	2.95e-15	56.2
TTNA131	olaTTNAIg88/193	34.568	81	52	1	17	97	13	92	3.75e-15	55.8
TTNA131	olaTTNAIg65/195	33.333	96	62	2	2	97	1	94	6.90e-15	55.1
TTNA131	olaTTNAIg107/194	31.579	95	62	2	2	96	1	92	1.11e-14	54.7
TTNA131	olaTTNAIg92/197	32.990	97	63	2	2	97	1	96	2.32e-14	53.9
TTNA131	olaTTNAIg91/193	35.294	68	44	0	17	84	13	80	6.31e-14	52.8
TTNA131	olaTTNAIg97/197	35.417	96	61	1	2	97	2	96	6.40e-14	52.8
TTNA131	olaTTNAIg70/195	30.380	79	55	0	6	84	4	82	2.84e-13	51.2
TTNA131	olaTTNAIg111/1101	34.884	86	54	2	13	97	16	100	3.45e-13	50.8
TTNA131	olaTTNAIg76/192	33.333	72	48	0	14	85	9	80	4.75e-13	50.4
TTNA131	olaTTNAIg98/191	28.916	83	59	0	2	84	1	83	7.55e-13	49.7
TTNA131	olaTTNAIg100/196	26.250	80	59	0	2	81	2	81	2.06e-12	48.9
TTNA131	olaTTNAIg67/1104	33.962	106	57	4	2	97	2	104	1.13e-11	47.0
TTNA131	olaTTNAIg109/193	31.579	76	51	1	10	84	5	80	2.93e-11	45.8
TTNA131	olaTTNAIg106/197	30.928	97	65	2	2	97	1	96	4.49e-11	45.4
TTNA131	olaTTNAIg80/198	32.990	97	63	2	2	97	2	97	1.05e-10	44.7
TTNA131	olaTTNAIg101/196	36.047	86	52	2	14	97	11	95	1.99e-10	43.9
TTNA131	olaTTNAIg79/196	25.301	83	62	0	2	84	1	83	2.17e-09	41.2
TTNA131	olaTTNAIg66/1103	29.126	103	65	3	2	97	1	102	5.83e-09	40.0
TTNA131	olaTTNAIg68/199	28.571	84	53	2	8	84	3	86	2.29e-07	35.8
TTNA131	olaTTNAIg62/195	27.711	83	58	2	2	83	1	82	2.94e-07	35.4
TTNA131	olaTTNAIg108/193	27.632	76	55	0	14	89	10	85	2.05e-06	33.1
TTNA131	olaTTNAIg110/193	36.842	19	12	0	30	48	26	44	0.050	21.2
TTNA134	olaTTNAIg100/196	54.737	95	43	0	1	95	2	96	1.44e-41	122
TTNA134	olaTTNAIg88/193	36.471	85	54	0	10	94	7	91	3.60e-20	68.6
TTNA134	olaTTNAIg103/196	30.526	95	66	0	1	95	1	95	1.44e-18	64.7
TTNA134	olaTTNAIg82/196	33.696	92	61	0	1	92	1	92	5.23e-16	58.2
TTNA134	olaTTNAIg85/193	34.524	84	55	0	11	94	8	91	6.19e-16	57.8
TTNA134	olaTTNAIg94/193	36.145	83	49	2	14	94	11	91	7.86e-16	57.4
TTNA134	olaTTNAIg70/195	34.146	82	48	1	12	87	11	92	1.67e-15	56.6
TTNA134	olaTTNAIg107/194	35.789	95	59	1	1	95	1	93	7.26e-15	55.1
TTNA134	olaTTNAIg91/193	32.099	81	55	0	14	94	11	91	5.14e-14	52.8
TTNA134	olaTTNAIg86/197	32.979	94	63	0	1	94	2	95	9.54e-14	52.4
TTNA134	olaTTNAIg106/197	31.579	95	64	1	1	94	1	95	2.03e-13	51.2
TTNA134	olaTTNAIg89/196	27.660	94	68	0	1	94	1	94	2.99e-13	50.8
TTNA134	olaTTNAIg97/197	28.395	81	58	0	1	81	2	82	5.08e-13	50.4
TTNA134	olaTTNAIg73/196	31.183	93	60	1	1	89	2	94	7.09e-13	50.1
TTNA134	olaTTNAIg64/193	32.000	75	51	0	21	95	18	92	1.13e-12	49.3
TTNA134	olaTTNAIg99/1104	30.488	82	55	2	2	82	2	82	2.94e-12	48.5
TTNA134	olaTTNAIg77/197	30.864	81	56	0	1	81	2	82	4.24e-12	48.1
TTNA134	olaTTNAIg90/194	35.417	96	56	3	1	94	2	93	5.49e-12	47.8
TTNA134	olaTTNAIg96/194	32.051	78	51	1	1	78	1	76	8.18e-12	47.4
TTNA134	olaTTNAIg101/196	34.146	82	50	2	1	80	1	80	2.27e-11	46.2
TTNA134	olaTTNAIg87/194	29.787	94	64	1	1	94	2	93	2.70e-11	45.8
TTNA134	olaTTNAIg65/195	37.975	79	46	2	2	80	4	79	3.88e-11	45.4
TTNA134	olaTTNAIg69/195	30.000	80	54	1	1	80	2	79	1.13e-10	44.3
TTNA134	olaTTNAIg98/191	27.273	88	63	1	1	87	1	88	1.68e-10	43.9
TTNA134	olaTTNAIg93/194	32.500	80	52	1	1	80	1	78	3.14e-10	43.1
TTNA134	olaTTNAIg104/198	30.488	82	56	1	1	81	2	83	3.47e-10	43.1
TTNA134	olaTTNAIg83/196	27.500	80	58	0	1	80	1	80	5.70e-10	42.4
TTNA134	olaTTNAIg105/194	26.250	80	57	1	1	80	1	78	6.17e-10	42.4
TTNA134	olaTTNAIg102/194	30.108	93	59	3	1	91	1	89	6.17e-10	42.4
TTNA134	olaTTNAIg109/193	33.333	75	49	1	18	91	14	88	7.10e-10	42.4
TTNA134	olaTTNAIg109/193	66.667	9	3	0	41	49	2	10	1.2	17.3
TTNA134	olaTTNAIg78/195	25.926	81	60	0	1	81	1	81	7.23e-10	42.4
TTNA134	olaTTNAIg76/192	28.723	94	63	1	1	94	1	90	1.05e-09	41.6
TTNA134	olaTTNAIg79/196	22.222	81	63	0	1	81	1	81	1.68e-09	41.2
TTNA134	olaTTNAIg81/193	27.500	80	56	1	1	80	1	78	8.63e-09	39.3
TTNA134	olaTTNAIg92/197	29.630	81	56	1	15	94	15	95	1.22e-08	38.9
TTNA134	olaTTNAIg63/197	26.374	91	67	0	1	91	2	92	1.61e-08	38.9
TTNA134	olaTTNAIg75/195	27.835	97	63	2	1	94	1	93	2.97e-08	38.1
TTNA134	olaTTNAIg84/195	28.395	81	54	2	1	80	2	79	3.91e-08	37.7
TTNA134	olaTTNAIg74/193	25.610	82	58	2	1	82	1	79	5.77e-08	37.4
TTNA134	olaTTNAIg111/1101	31.250	64	43	1	18	80	22	85	1.20e-07	36.6
TTNA134	olaTTNAIg72/197	25.806	93	67	1	2	94	5	95	3.95e-07	35.0
TTNA134	olaTTNAIg80/198	33.333	69	45	1	13	80	14	82	4.10e-07	35.0
TTNA134	olaTTNAIg95/199	25.000	80	60	0	1	80	2	81	6.96e-07	34.7
TTNA134	olaTTNAIg66/1103	33.333	75	42	2	14	80	13	87	7.61e-07	34.3
TTNA134	olaTTNAIg108/193	31.250	64	44	0	13	76	10	73	8.89e-07	34.3
TTNA134	olaTTNAIg67/1104	24.468	94	55	2	13	94	14	103	2.99e-06	32.7
TTNA134	olaTTNAIg71/194	23.404	94	70	1	1	94	1	92	1.49e-05	30.8
TTNA134	olaTTNAIg68/199	25.676	74	48	2	29	95	25	98	3.90e-05	29.6
TTNA134	olaTTNAIg110/193	31.818	44	23	1	13	49	10	53	3.56e-04	26.9
TTNA134	olaTTNAIg62/195	24.138	87	64	2	1	86	1	86	6.71e-04	26.6
TTNA138	olaTTNAIg101/196	50.515	97	44	2	2	96	1	95	9.40e-36	108
TTNA138	olaTTNAIg86/197	33.333	96	64	0	1	96	1	96	4.02e-21	71.2
TTNA138	olaTTNAIg69/195	33.333	96	62	1	1	96	1	94	6.73e-21	70.5
TTNA138	olaTTNAIg72/197	34.737	95	62	0	2	96	2	96	8.71e-21	70.1
TTNA138	olaTTNAIg77/197	40.625	96	57	0	1	96	1	96	7.86e-20	67.8
TTNA138	olaTTNAIg89/196	34.737	95	62	0	2	96	1	95	8.95e-19	65.1
TTNA138	olaTTNAIg105/194	40.000	95	55	1	2	96	1	93	1.22e-18	64.7
TTNA138	olaTTNAIg98/191	32.941	85	57	0	2	86	1	85	6.04e-18	62.8
TTNA138	olaTTNAIg83/196	33.684	95	63	0	2	96	1	95	9.26e-18	62.4
TTNA138	olaTTNAIg95/199	36.458	96	61	0	1	96	1	96	1.20e-17	62.4
TTNA138	olaTTNAIg88/193	33.333	81	54	0	16	96	12	92	1.48e-17	62.0
TTNA138	olaTTNAIg96/194	32.632	95	62	1	2	96	1	93	2.70e-17	61.2
TTNA138	olaTTNAIg91/193	33.721	86	57	0	11	96	7	92	1.09e-16	59.7
TTNA138	olaTTNAIg70/195	31.250	96	64	1	1	96	1	94	2.37e-16	58.9
TTNA138	olaTTNAIg78/195	31.522	92	63	0	5	96	4	95	1.39e-15	57.0
TTNA138	olaTTNAIg75/195	30.208	96	64	2	2	96	1	94	1.43e-15	57.0
TTNA138	olaTTNAIg107/194	30.108	93	63	1	2	94	1	91	2.41e-15	56.2
TTNA138	olaTTNAIg92/197	35.417	96	61	1	2	96	1	96	2.75e-15	56.2
TTNA138	olaTTNAIg63/197	29.474	95	67	0	2	96	2	96	3.17e-15	56.2
TTNA138	olaTTNAIg65/195	31.579	95	64	1	2	96	1	94	1.10e-14	54.7
TTNA138	olaTTNAIg67/1104	33.019	106	59	3	1	96	1	104	1.32e-14	54.7
TTNA138	olaTTNAIg66/1103	38.462	91	50	2	12	96	12	102	2.74e-14	53.9
TTNA138	olaTTNAIg94/193	29.762	84	59	0	11	94	7	90	5.79e-14	52.8
TTNA138	olaTTNAIg84/195	32.292	96	63	1	1	96	1	94	1.11e-13	52.0
TTNA138	olaTTNAIg73/196	29.167	96	68	0	1	96	1	96	1.32e-13	52.0
TTNA138	olaTTNAIg90/194	29.167	96	66	1	1	96	1	94	1.50e-13	51.6
TTNA138	olaTTNAIg106/197	34.146	82	53	1	16	96	15	96	1.52e-13	51.6
TTNA138	olaTTNAIg81/193	33.333	96	60	2	2	96	1	93	2.26e-13	51.2
TTNA138	olaTTNAIg109/193	31.461	89	56	2	9	96	8	92	2.36e-13	51.2
TTNA138	olaTTNAIg87/194	32.292	96	63	1	1	96	1	94	8.61e-13	49.7
TTNA138	olaTTNAIg64/193	34.409	93	58	2	2	94	1	90	8.70e-13	49.7
TTNA138	olaTTNAIg85/193	32.955	88	55	2	11	96	7	92	2.04e-12	48.9
TTNA138	olaTTNAIg80/198	28.866	97	68	1	1	96	1	97	3.17e-12	48.5
TTNA138	olaTTNAIg93/194	29.474	95	65	1	2	96	1	93	3.17e-12	48.1
TTNA138	olaTTNAIg97/197	25.000	96	72	0	1	96	1	96	5.42e-12	47.8
TTNA138	olaTTNAIg79/196	31.034	87	59	1	9	94	7	93	9.09e-12	47.0
TTNA138	olaTTNAIg82/196	33.708	89	55	2	10	96	9	95	1.13e-11	47.0
TTNA138	olaTTNAIg99/1104	30.120	83	57	1	15	96	14	96	1.83e-11	46.6
TTNA138	olaTTNAIg74/193	32.143	84	54	2	14	96	11	92	3.31e-11	45.8
TTNA138	olaTTNAIg102/194	29.474	95	65	1	2	96	1	93	5.30e-11	45.1
TTNA138	olaTTNAIg76/192	22.093	86	67	0	11	96	6	91	6.51e-11	45.1
TTNA138	olaTTNAIg71/194	30.380	79	53	1	18	96	17	93	6.64e-11	45.1
TTNA138	olaTTNAIg100/196	27.059	85	61	1	9	92	8	92	1.10e-10	44.3
TTNA138	olaTTNAIg111/1101	32.911	79	52	1	19	96	22	100	5.21e-10	42.7
TTNA138	olaTTNAIg108/193	25.287	87	65	0	9	95	5	91	2.81e-09	40.8
TTNA138	olaTTNAIg103/196	26.761	71	52	0	14	84	13	83	3.13e-09	40.4
TTNA138	olaTTNAIg104/198	28.283	99	66	3	1	96	1	97	7.13e-09	39.7
TTNA138	olaTTNAIg68/199	26.829	82	49	2	22	94	17	96	1.63e-08	38.9
TTNA138	olaTTNAIg62/195	26.437	87	61	2	10	94	8	93	2.18e-07	35.8
TTNA138	olaTTNAIg110/193	33.333	72	42	2	28	95	24	93	1.00e-05	31.2
TTNA142	olaTTNAIg102/194	63.441	93	34	0	2	94	1	93	3.32e-45	132
TTNA142	olaTTNAIg81/193	48.387	93	48	0	2	94	1	93	9.53e-33	100
TTNA142	olaTTNAIg78/195	47.368	95	48	1	2	94	1	95	1.66e-30	94.7
TTNA142	olaTTNAIg93/194	47.312	93	49	0	2	94	1	93	1.80e-30	94.7
TTNA142	olaTTNAIg90/194	41.935	93	54	0	2	94	2	94	2.41e-30	94.4
TTNA142	olaTTNAIg105/194	46.237	93	50	0	2	94	1	93	2.44e-30	94.4
TTNA142	olaTTNAIg87/194	43.011	93	53	0	2	94	2	94	1.89e-29	92.0
TTNA142	olaTTNAIg96/194	41.935	93	54	0	2	94	1	93	4.68e-29	91.3
TTNA142	olaTTNAIg84/195	41.935	93	54	0	2	94	2	94	3.35e-27	86.3
TTNA142	olaTTNAIg71/194	46.237	93	50	0	2	94	1	93	4.05e-27	86.3
TTNA142	olaTTNAIg75/195	39.362	94	56	1	2	94	1	94	3.92e-25	81.3
TTNA142	olaTTNAIg69/195	35.484	93	60	0	2	94	2	94	2.65e-23	76.6
TTNA142	olaTTNAIg107/194	34.783	92	60	0	2	93	1	92	6.06e-23	75.5
TTNA142	olaTTNAIg72/197	40.625	96	55	2	1	94	1	96	1.29e-22	74.7
TTNA142	olaTTNAIg89/196	40.000	95	55	1	2	94	1	95	6.59e-22	73.2
TTNA142	olaTTNAIg99/1104	38.947	95	55	2	3	94	2	96	1.19e-21	72.4
TTNA142	olaTTNAIg83/196	41.053	95	54	1	2	94	1	95	2.78e-21	71.2
TTNA142	olaTTNAIg104/198	39.583	96	55	2	2	94	2	97	7.38e-21	70.5
TTNA142	olaTTNAIg86/197	35.789	95	59	1	2	94	2	96	3.03e-20	68.9
TTNA142	olaTTNAIg92/197	37.500	96	57	1	2	94	1	96	4.13e-19	65.9
TTNA142	olaTTNAIg73/196	33.684	95	61	1	2	94	2	96	3.50e-16	58.5
TTNA142	olaTTNAIg65/195	32.979	94	62	1	2	94	1	94	3.69e-16	58.2
TTNA142	olaTTNAIg95/199	34.737	95	60	1	2	94	2	96	9.13e-16	57.4
TTNA142	olaTTNAIg82/196	31.579	95	63	1	2	94	1	95	1.26e-15	57.0
TTNA142	olaTTNAIg77/197	33.684	95	61	1	2	94	2	96	1.33e-15	57.0
TTNA142	olaTTNAIg101/196	36.170	94	56	2	5	94	2	95	1.84e-15	56.6
TTNA142	olaTTNAIg63/197	33.333	96	62	1	1	94	1	96	4.57e-15	55.5
TTNA142	olaTTNAIg88/193	33.333	84	54	1	13	94	9	92	1.31e-14	54.3
TTNA142	olaTTNAIg103/196	32.979	94	61	1	2	93	1	94	1.76e-14	53.9
TTNA142	olaTTNAIg79/196	30.108	93	59	2	7	93	2	94	3.93e-14	53.1
TTNA142	olaTTNAIg109/193	32.955	88	56	2	10	94	5	92	5.08e-14	52.8
TTNA142	olaTTNAIg94/193	29.762	84	57	1	13	94	9	92	8.17e-14	52.4
TTNA142	olaTTNAIg70/195	27.473	91	64	1	6	94	4	94	8.64e-14	52.4
TTNA142	olaTTNAIg67/1104	31.068	103	61	2	2	94	2	104	3.75e-13	50.8
TTNA142	olaTTNAIg76/192	30.864	81	54	1	16	94	11	91	5.21e-12	47.8
TTNA142	olaTTNAIg91/193	27.381	84	59	1	13	94	9	92	8.74e-12	47.0
TTNA142	olaTTNAIg74/193	31.111	90	61	1	6	94	3	92	1.84e-11	46.2
TTNA142	olaTTNAIg66/1103	33.333	102	59	3	2	94	1	102	2.94e-11	45.8
TTNA142	olaTTNAIg100/196	32.857	70	41	2	16	81	16	83	6.29e-11	45.1
TTNA142	olaTTNAIg106/197	32.292	96	62	2	2	94	1	96	2.73e-10	43.1
TTNA142	olaTTNAIg111/1101	33.333	84	52	3	14	94	18	100	4.32e-10	42.7
TTNA142	olaTTNAIg80/198	35.052	97	58	3	2	94	2	97	6.13e-10	42.4
TTNA142	olaTTNAIg62/195	31.579	95	61	2	2	93	1	94	1.10e-09	41.6
TTNA142	olaTTNAIg85/193	29.762	84	57	1	13	94	9	92	1.34e-09	41.6
TTNA142	olaTTNAIg64/193	29.630	81	55	1	15	93	11	91	3.89e-09	40.0
TTNA142	olaTTNAIg97/197	28.571	98	62	3	2	94	2	96	1.58e-08	38.9
TTNA142	olaTTNAIg98/191	26.437	87	54	2	2	82	1	83	3.62e-08	37.7
TTNA142	olaTTNAIg68/199	28.767	73	43	2	30	93	25	97	8.44e-08	37.0
TTNA142	olaTTNAIg110/193	25.000	68	45	2	30	92	26	92	0.002	25.0
TTNA142	olaTTNAIg108/193	24.638	69	50	1	17	83	13	81	0.004	24.3
TTNA145	olaTTNAIg103/196	80.000	95	19	0	1	95	1	95	1.33e-56	160
TTNA145	olaTTNAIg94/193	40.741	81	48	0	14	94	11	91	3.54e-21	71.2
TTNA145	olaTTNAIg78/195	36.559	93	59	0	1	93	1	93	2.08e-20	69.3
TTNA145	olaTTNAIg88/193	38.272	81	50	0	14	94	11	91	4.68e-20	68.2
TTNA145	olaTTNAIg82/196	35.484	93	60	0	1	93	1	93	1.93e-19	66.6
TTNA145	olaTTNAIg91/193	35.802	81	52	0	14	94	11	91	8.47e-19	65.1
TTNA145	olaTTNAIg100/196	29.474	95	67	0	1	95	2	96	1.75e-18	64.3
TTNA145	olaTTNAIg104/198	35.789	95	60	1	1	94	2	96	2.07e-18	64.3
TTNA145	olaTTNAIg79/196	32.632	95	64	0	1	95	1	95	2.43e-18	63.9
TTNA145	olaTTNAIg89/196	36.170	94	58	1	1	92	1	94	2.74e-18	63.9
TTNA145	olaTTNAIg87/194	34.043	94	60	1	1	94	2	93	8.33e-18	62.4
TTNA145	olaTTNAIg97/197	31.915	94	64	0	1	94	2	95	9.89e-18	62.4
TTNA145	olaTTNAIg106/197	29.474	95	66	1	1	94	1	95	1.88e-17	61.6
TTNA145	olaTTNAIg95/199	42.857	84	48	0	11	94	12	95	2.76e-17	61.2
TTNA145	olaTTNAIg96/194	35.106	94	59	1	1	94	1	92	3.61e-17	60.8
TTNA145	olaTTNAIg92/197	38.947	95	57	1	1	94	1	95	4.19e-17	60.8
TTNA145	olaTTNAIg83/196	34.043	94	62	0	1	94	1	94	4.41e-17	60.8
TTNA145	olaTTNAIg84/195	37.234	94	57	1	1	94	2	93	4.80e-17	60.5
TTNA145	olaTTNAIg86/197	28.723	94	67	0	1	94	2	95	2.16e-16	58.9
TTNA145	olaTTNAIg99/1104	35.526	76	48	1	8	83	9	83	2.80e-16	58.9
TTNA145	olaTTNAIg62/195	40.625	96	55	2	1	95	1	95	8.24e-16	57.4
TTNA145	olaTTNAIg90/194	35.366	82	51	1	13	94	14	93	8.68e-16	57.4
TTNA145	olaTTNAIg76/192	34.211	76	50	0	8	83	4	79	2.22e-15	56.2
TTNA145	olaTTNAIg81/193	32.979	94	61	1	1	94	1	92	4.65e-15	55.5
TTNA145	olaTTNAIg75/195	36.735	98	53	2	1	94	1	93	5.66e-15	55.5
TTNA145	olaTTNAIg63/197	32.927	82	55	0	13	94	14	95	1.22e-14	54.7
TTNA145	olaTTNAIg85/193	38.462	78	48	0	17	94	14	91	1.84e-14	53.9
TTNA145	olaTTNAIg64/193	37.333	75	47	0	21	95	18	92	2.68e-14	53.5
TTNA145	olaTTNAIg71/194	39.744	78	45	1	17	94	17	92	1.78e-13	51.6
TTNA145	olaTTNAIg67/1104	31.579	95	57	2	8	94	9	103	2.31e-13	51.6
TTNA145	olaTTNAIg73/196	28.723	94	67	0	1	94	2	95	3.23e-13	50.8
TTNA145	olaTTNAIg107/194	33.750	80	51	1	16	95	16	93	6.30e-13	50.1
TTNA145	olaTTNAIg93/194	30.851	94	63	1	1	94	1	92	8.99e-13	49.7
TTNA145	olaTTNAIg77/197	30.851	94	65	0	1	94	2	95	3.76e-12	48.1
TTNA145	olaTTNAIg65/195	27.027	74	53	1	13	86	13	85	5.09e-12	47.8
TTNA145	olaTTNAIg72/197	30.488	82	57	0	13	94	14	95	5.48e-12	47.8
TTNA145	olaTTNAIg105/194	33.333	93	60	1	1	93	1	91	8.09e-12	47.4
TTNA145	olaTTNAIg70/195	26.582	79	58	0	16	94	15	93	2.17e-11	46.2
TTNA145	olaTTNAIg69/195	27.660	94	66	1	1	94	2	93	2.55e-11	45.8
TTNA145	olaTTNAIg102/194	29.787	94	64	1	1	94	1	92	2.97e-11	45.8
TTNA145	olaTTNAIg74/193	30.864	81	55	1	13	93	11	90	6.17e-11	45.1
TTNA145	olaTTNAIg101/196	31.461	89	53	2	10	93	8	93	6.56e-11	45.1
TTNA145	olaTTNAIg111/1101	31.707	82	55	1	13	93	17	98	6.57e-11	45.1
TTNA145	olaTTNAIg109/193	32.353	68	45	1	17	83	13	80	7.74e-10	42.0
TTNA145	olaTTNAIg68/199	28.947	76	47	1	27	95	23	98	1.63e-09	41.2
TTNA145	olaTTNAIg98/191	29.167	72	51	0	13	84	13	84	1.66e-09	41.2
TTNA145	olaTTNAIg80/198	28.916	83	58	1	13	94	14	96	8.72e-08	37.0
TTNA145	olaTTNAIg66/1103	25.000	88	60	1	13	94	14	101	3.06e-07	35.4
TTNA145	olaTTNAIg108/193	26.027	73	54	0	11	83	8	80	7.69e-06	31.6
TTNA145	olaTTNAIg110/193	32.000	25	17	0	13	37	10	34	0.18	19.6
TTNA149	olaTTNAIg104/198	68.041	97	31	0	1	97	1	97	1.41e-46	135
TTNA149	olaTTNAIg87/194	47.423	97	48	2	1	97	1	94	4.51e-25	81.3
TTNA149	olaTTNAIg103/196	37.895	95	58	1	2	96	1	94	7.67e-22	72.8
TTNA149	olaTTNAIg86/197	38.144	97	59	1	1	97	1	96	9.85e-21	70.1
TTNA149	olaTTNAIg93/194	39.583	96	55	2	2	97	1	93	1.41e-20	69.7
TTNA149	olaTTNAIg77/197	39.394	99	55	3	1	97	1	96	1.75e-20	69.7
TTNA149	olaTTNAIg89/196	39.583	96	57	1	2	97	1	95	4.09e-20	68.6
TTNA149	olaTTNAIg90/194	39.175	97	56	2	1	97	1	94	7.38e-20	67.8
TTNA149	olaTTNAIg69/195	38.144	97	57	2	1	97	1	94	1.30e-19	67.4
TTNA149	olaTTNAIg78/195	37.500	96	59	1	2	97	1	95	4.46e-19	65.9
TTNA149	olaTTNAIg92/197	37.113	97	59	2	2	97	1	96	7.56e-19	65.5
TTNA149	olaTTNAIg71/194	37.500	96	57	2	2	97	1	93	1.49e-18	64.7
TTNA149	olaTTNAIg76/192	36.364	88	56	0	10	97	4	91	1.98e-18	64.3
TTNA149	olaTTNAIg84/195	39.175	97	56	2	1	97	1	94	2.25e-18	63.9
TTNA149	olaTTNAIg65/195	41.667	96	54	2	2	97	1	94	4.62e-18	63.2
TTNA149	olaTTNAIg63/197	38.542	96	58	1	2	97	2	96	1.00e-17	62.4
TTNA149	olaTTNAIg75/195	38.542	96	57	2	2	97	1	94	1.46e-17	62.0
TTNA149	olaTTNAIg81/193	35.417	96	59	2	2	97	1	93	5.06e-17	60.5
TTNA149	olaTTNAIg102/194	34.375	96	60	2	2	97	1	93	9.02e-17	60.1
TTNA149	olaTTNAIg73/196	30.928	97	66	1	1	97	1	96	1.07e-16	59.7
TTNA149	olaTTNAIg80/198	35.714	98	61	2	1	97	1	97	1.17e-16	59.7
TTNA149	olaTTNAIg95/199	35.052	97	62	1	1	97	1	96	1.44e-16	59.7
TTNA149	olaTTNAIg83/196	35.417	96	61	1	2	97	1	95	2.51e-16	58.9
TTNA149	olaTTNAIg67/1104	38.095	105	56	2	1	97	1	104	3.06e-16	58.9
TTNA149	olaTTNAIg101/196	36.047	86	53	1	14	97	10	95	3.40e-16	58.5
TTNA149	olaTTNAIg88/193	32.927	82	55	0	16	97	11	92	5.25e-15	55.5
TTNA149	olaTTNAIg94/193	30.769	91	63	0	7	97	2	92	1.16e-14	54.7
TTNA149	olaTTNAIg79/196	29.213	89	63	0	8	96	6	94	1.55e-14	54.3
TTNA149	olaTTNAIg96/194	31.250	96	63	2	2	97	1	93	1.76e-14	54.3
TTNA149	olaTTNAIg105/194	35.106	94	56	2	7	97	2	93	2.21e-14	53.9
TTNA149	olaTTNAIg74/193	33.696	92	59	2	6	97	3	92	2.72e-14	53.5
TTNA149	olaTTNAIg70/195	29.897	97	65	1	1	97	1	94	6.75e-14	52.8
TTNA149	olaTTNAIg72/197	32.292	96	64	1	2	97	2	96	2.21e-13	51.2
TTNA149	olaTTNAIg100/196	27.083	96	69	1	1	96	1	95	2.29e-13	51.2
TTNA149	olaTTNAIg91/193	28.090	89	64	0	9	97	4	92	3.83e-13	50.8
TTNA149	olaTTNAIg99/1104	30.864	81	55	1	18	97	16	96	5.48e-13	50.4
TTNA149	olaTTNAIg82/196	31.183	93	63	1	6	97	3	95	6.86e-13	50.1
TTNA149	olaTTNAIg111/1101	34.653	101	60	4	1	97	2	100	2.93e-12	48.5
TTNA149	olaTTNAIg107/194	32.632	95	61	2	2	96	1	92	6.95e-12	47.4
TTNA149	olaTTNAIg98/191	30.952	84	57	1	2	85	1	83	1.43e-11	46.6
TTNA149	olaTTNAIg66/1103	30.392	102	65	2	2	97	1	102	1.89e-11	46.6
TTNA149	olaTTNAIg109/193	30.000	80	55	1	19	97	13	92	2.06e-11	46.2
TTNA149	olaTTNAIg85/193	31.707	82	56	0	16	97	11	92	8.76e-11	44.7
TTNA149	olaTTNAIg97/197	27.835	97	69	1	1	97	1	96	1.84e-10	43.9
TTNA149	olaTTNAIg106/197	29.412	85	59	1	14	97	12	96	1.94e-10	43.9
TTNA149	olaTTNAIg64/193	28.571	84	59	1	13	96	9	91	1.02e-08	39.3
TTNA149	olaTTNAIg64/193	44.444	9	5	0	5	13	59	67	9.0	15.0
TTNA149	olaTTNAIg68/199	32.530	83	47	2	22	96	16	97	1.59e-08	38.9
TTNA149	olaTTNAIg108/193	29.577	71	50	0	15	85	10	80	1.10e-07	36.6
TTNA149	olaTTNAIg62/195	28.261	92	65	1	6	96	3	94	4.39e-07	35.0
TTNA149	olaTTNAIg110/193	22.892	83	62	1	15	95	10	92	3.26e-06	32.7
TTNA153	olaTTNAIg105/194	67.742	93	30	0	1	93	1	93	4.72e-48	139
TTNA153	olaTTNAIg81/193	48.387	93	48	0	1	93	1	93	1.98e-33	102
TTNA153	olaTTNAIg93/194	49.462	93	47	0	1	93	1	93	6.72e-33	100
TTNA153	olaTTNAIg87/194	48.387	93	48	0	1	93	2	94	1.36e-30	95.1
TTNA153	olaTTNAIg78/195	47.368	95	48	1	1	93	1	95	2.45e-29	91.7
TTNA153	olaTTNAIg84/195	44.086	93	52	0	1	93	2	94	4.50e-28	88.6
TTNA153	olaTTNAIg90/194	41.935	93	54	0	1	93	2	94	1.51e-26	84.7
TTNA153	olaTTNAIg102/194	43.011	93	53	0	1	93	1	93	2.98e-26	84.0
TTNA153	olaTTNAIg75/195	38.298	94	57	1	1	93	1	94	1.99e-24	79.3
TTNA153	olaTTNAIg96/194	37.634	93	58	0	1	93	1	93	2.43e-24	79.0
TTNA153	olaTTNAIg101/196	39.175	97	53	2	1	93	1	95	1.70e-19	67.0
TTNA153	olaTTNAIg69/195	30.108	93	65	0	1	93	2	94	2.01e-19	66.6
TTNA153	olaTTNAIg107/194	32.967	91	61	0	1	91	1	91	3.24e-19	66.2
TTNA153	olaTTNAIg71/194	36.559	93	59	0	1	93	1	93	1.44e-18	64.3
TTNA153	olaTTNAIg86/197	35.789	95	59	1	1	93	2	96	4.91e-18	63.2
TTNA153	olaTTNAIg77/197	36.842	95	58	1	1	93	2	96	4.45e-17	60.8
TTNA153	olaTTNAIg99/1104	37.895	95	56	2	2	93	2	96	9.62e-17	59.7
TTNA153	olaTTNAIg65/195	40.426	94	55	1	1	93	1	94	1.39e-16	59.3
TTNA153	olaTTNAIg63/197	35.789	95	59	1	1	93	2	96	1.99e-16	58.9
TTNA153	olaTTNAIg73/196	29.474	95	65	1	1	93	2	96	3.34e-16	58.5
TTNA153	olaTTNAIg104/198	34.375	96	60	2	1	93	2	97	5.07e-16	58.2
TTNA153	olaTTNAIg82/196	29.474	95	65	1	1	93	1	95	1.11e-15	57.0
TTNA153	olaTTNAIg74/193	37.079	89	53	2	8	93	4	92	1.44e-15	56.6
TTNA153	olaTTNAIg103/196	35.165	91	57	1	1	89	1	91	1.49e-15	56.6
TTNA153	olaTTNAIg76/192	36.145	83	51	1	13	93	9	91	2.03e-15	56.2
TTNA153	olaTTNAIg95/199	34.737	95	60	1	1	93	2	96	3.06e-15	56.2
TTNA153	olaTTNAIg88/193	35.714	84	52	1	12	93	9	92	3.39e-15	55.8
TTNA153	olaTTNAIg89/196	33.684	95	61	1	1	93	1	95	3.51e-15	55.8
TTNA153	olaTTNAIg109/193	37.500	88	52	2	9	93	5	92	1.01e-14	54.7
TTNA153	olaTTNAIg94/193	32.632	95	59	2	1	93	1	92	1.42e-13	51.6
TTNA153	olaTTNAIg67/1104	33.333	99	53	2	5	93	9	104	1.69e-13	51.6
TTNA153	olaTTNAIg111/1101	32.990	97	58	4	3	93	5	100	1.86e-13	51.6
TTNA153	olaTTNAIg80/198	33.333	96	61	2	1	93	2	97	2.21e-13	51.2
TTNA153	olaTTNAIg79/196	29.032	93	64	1	1	91	1	93	3.52e-13	50.8
TTNA153	olaTTNAIg83/196	31.579	95	63	1	1	93	1	95	3.71e-13	50.4
TTNA153	olaTTNAIg91/193	29.762	84	57	1	12	93	9	92	1.40e-12	48.9
TTNA153	olaTTNAIg106/197	27.083	96	67	1	1	93	1	96	1.85e-12	48.9
TTNA153	olaTTNAIg72/197	28.421	95	66	1	1	93	2	96	8.44e-12	47.0
TTNA153	olaTTNAIg92/197	30.208	96	64	1	1	93	1	96	9.81e-12	47.0
TTNA153	olaTTNAIg85/193	29.885	87	59	1	9	93	6	92	1.94e-11	46.2
TTNA153	olaTTNAIg70/195	27.083	96	64	3	1	93	2	94	2.09e-11	46.2
TTNA153	olaTTNAIg97/197	28.421	95	66	1	1	93	2	96	2.32e-11	46.2
TTNA153	olaTTNAIg66/1103	31.373	102	61	3	1	93	1	102	5.02e-11	45.4
TTNA153	olaTTNAIg98/191	21.348	89	68	1	1	87	1	89	9.46e-10	41.6
TTNA153	olaTTNAIg64/193	35.616	73	45	1	21	91	18	90	2.71e-09	40.4
TTNA153	olaTTNAIg100/196	24.390	82	60	1	1	80	2	83	1.29e-08	38.9
TTNA153	olaTTNAIg110/193	30.120	83	54	2	13	91	10	92	1.01e-07	36.6
TTNA153	olaTTNAIg62/195	28.723	94	63	2	1	91	1	93	3.48e-07	35.0
TTNA153	olaTTNAIg108/193	34.247	73	44	3	13	82	10	81	1.31e-06	33.5
TTNA153	olaTTNAIg68/199	25.000	68	42	2	23	81	19	86	3.50e-05	30.0
TTNA156	olaTTNAIg106/197	52.083	96	45	1	1	95	1	96	7.33e-37	110
TTNA156	olaTTNAIg82/196	38.947	95	58	0	1	95	1	95	1.38e-20	69.7
TTNA156	olaTTNAIg103/196	34.043	94	62	0	1	94	1	94	1.09e-19	67.4
TTNA156	olaTTNAIg86/197	32.632	95	64	0	1	95	2	96	8.09e-16	57.4
TTNA156	olaTTNAIg85/193	34.091	88	58	0	8	95	5	92	1.14e-15	57.0
TTNA156	olaTTNAIg97/197	29.474	95	67	0	1	95	2	96	1.75e-15	56.6
TTNA156	olaTTNAIg88/193	33.333	84	56	0	12	95	9	92	2.67e-15	56.2
TTNA156	olaTTNAIg91/193	33.333	84	56	0	12	95	9	92	4.91e-15	55.5
TTNA156	olaTTNAIg96/194	33.684	95	61	1	1	95	1	93	7.34e-15	55.1
TTNA156	olaTTNAIg62/195	35.789	95	59	2	1	94	1	94	8.18e-15	55.1
TTNA156	olaTTNAIg94/193	30.952	84	58	0	12	95	9	92	9.40e-15	54.7
TTNA156	olaTTNAIg93/194	32.632	95	62	1	1	95	1	93	9.51e-15	54.7
TTNA156	olaTTNAIg76/192	30.120	83	58	0	13	95	9	91	1.59e-14	54.3
TTNA156	olaTTNAIg87/194	30.526	95	64	1	1	95	2	94	1.92e-14	53.9
TTNA156	olaTTNAIg78/195	29.474	95	67	0	1	95	1	95	9.63e-14	52.4
TTNA156	olaTTNAIg107/194	35.000	80	50	1	15	94	15	92	1.96e-13	51.2
TTNA156	olaTTNAIg89/196	30.526	95	66	0	1	95	1	95	2.14e-13	51.2
TTNA156	olaTTNAIg63/197	32.632	95	64	0	1	95	2	96	2.99e-13	50.8
TTNA156	olaTTNAIg99/1104	35.366	82	51	2	3	83	3	83	3.19e-13	50.8
TTNA156	olaTTNAIg90/194	32.632	95	62	1	1	95	2	94	3.67e-13	50.8
TTNA156	olaTTNAIg75/195	33.684	95	62	1	1	95	1	94	5.53e-13	50.1
TTNA156	olaTTNAIg73/196	32.632	95	64	0	1	95	2	96	6.03e-13	50.1
TTNA156	olaTTNAIg100/196	30.851	94	65	0	1	94	2	95	7.41e-13	50.1
TTNA156	olaTTNAIg77/197	31.579	95	65	0	1	95	2	96	7.82e-13	50.1
TTNA156	olaTTNAIg105/194	29.474	95	65	1	1	95	1	93	8.80e-13	49.7
TTNA156	olaTTNAIg95/199	28.421	95	68	0	1	95	2	96	3.45e-12	48.1
TTNA156	olaTTNAIg81/193	28.421	95	66	1	1	95	1	93	8.01e-12	47.4
TTNA156	olaTTNAIg101/196	29.897	97	64	2	1	95	1	95	1.15e-11	47.0
TTNA156	olaTTNAIg109/193	31.250	80	54	1	17	95	13	92	2.27e-11	46.2
TTNA156	olaTTNAIg83/196	28.421	95	68	0	1	95	1	95	2.97e-11	45.8
TTNA156	olaTTNAIg104/198	31.868	91	60	2	6	95	8	97	6.40e-11	45.1
TTNA156	olaTTNAIg80/198	33.333	69	46	0	27	95	29	97	7.20e-11	44.7
TTNA156	olaTTNAIg64/193	26.882	93	60	1	2	94	7	91	8.80e-11	44.7
TTNA156	olaTTNAIg98/191	24.176	91	69	0	1	91	1	91	9.81e-11	44.3
TTNA156	olaTTNAIg72/197	28.421	95	68	0	1	95	2	96	1.29e-10	44.3
TTNA156	olaTTNAIg111/1101	33.333	84	55	1	13	95	17	100	3.60e-10	43.1
TTNA156	olaTTNAIg102/194	34.021	97	58	2	1	95	1	93	3.61e-10	43.1
TTNA156	olaTTNAIg84/195	28.125	96	65	2	1	95	2	94	3.65e-10	43.1
TTNA156	olaTTNAIg70/195	23.158	95	71	1	1	95	2	94	6.56e-10	42.4
TTNA156	olaTTNAIg71/194	28.571	98	62	2	1	95	1	93	1.24e-09	41.6
TTNA156	olaTTNAIg67/1104	26.214	103	68	2	1	95	2	104	1.53e-09	41.6
TTNA156	olaTTNAIg79/196	27.711	83	60	0	1	83	1	83	2.07e-09	41.2
TTNA156	olaTTNAIg65/195	23.158	95	72	1	1	95	1	94	6.71e-09	39.7
TTNA156	olaTTNAIg69/195	26.316	95	68	1	1	95	2	94	1.77e-08	38.5
TTNA156	olaTTNAIg74/193	27.368	95	66	2	1	95	1	92	1.87e-08	38.5
TTNA156	olaTTNAIg92/197	30.488	82	56	1	15	95	15	96	2.05e-08	38.5
TTNA156	olaTTNAIg66/1103	29.897	97	62	2	5	95	6	102	5.62e-07	34.7
TTNA156	olaTTNAIg68/199	28.049	82	50	2	21	94	17	97	1.00e-06	33.9
TTNA156	olaTTNAIg108/193	28.788	66	47	0	18	83	15	80	1.95e-06	33.1
TTNA156	olaTTNAIg110/193	25.000	68	49	2	23	88	20	87	0.002	25.0
TTNA160	olaTTNAIg107/194	74.194	93	24	0	1	93	1	93	7.20e-51	146
TTNA160	olaTTNAIg81/193	42.391	92	53	0	1	92	1	92	1.75e-26	84.3
TTNA160	olaTTNAIg93/194	41.304	92	54	0	1	92	1	92	3.19e-25	81.3
TTNA160	olaTTNAIg87/194	41.304	92	54	0	1	92	2	93	5.23e-24	78.2
TTNA160	olaTTNAIg90/194	39.130	92	56	0	1	92	2	93	3.35e-23	76.3
TTNA160	olaTTNAIg105/194	37.363	91	57	0	1	91	1	91	3.73e-23	76.3
TTNA160	olaTTNAIg75/195	39.785	93	55	1	1	92	1	93	2.47e-22	73.9
TTNA160	olaTTNAIg96/194	31.522	92	63	0	1	92	1	92	1.95e-20	69.3
TTNA160	olaTTNAIg78/195	37.634	93	56	1	1	91	1	93	5.45e-20	68.2
TTNA160	olaTTNAIg102/194	32.609	92	62	0	1	92	1	92	2.97e-19	66.2
TTNA160	olaTTNAIg84/195	34.783	92	60	0	1	92	2	93	3.32e-19	66.2
TTNA160	olaTTNAIg72/197	38.298	94	56	1	1	92	2	95	5.00e-19	65.9
TTNA160	olaTTNAIg86/197	34.043	94	60	1	1	92	2	95	9.63e-18	62.4
TTNA160	olaTTNAIg89/196	36.170	94	58	1	1	92	1	94	1.09e-16	59.7
TTNA160	olaTTNAIg83/196	32.979	94	61	1	1	92	1	94	1.15e-16	59.7
TTNA160	olaTTNAIg71/194	35.870	92	59	0	1	92	1	92	2.80e-16	58.5
TTNA160	olaTTNAIg69/195	34.066	91	58	1	1	89	2	92	1.10e-15	57.0
TTNA160	olaTTNAIg88/193	36.364	77	47	1	15	89	12	88	6.08e-15	55.1
TTNA160	olaTTNAIg65/195	32.258	93	62	1	1	92	1	93	1.19e-14	54.3
TTNA160	olaTTNAIg101/196	36.145	83	49	1	13	91	11	93	1.45e-14	54.3
TTNA160	olaTTNAIg92/197	35.789	95	58	1	1	92	1	95	1.57e-14	54.3
TTNA160	olaTTNAIg91/193	36.232	69	42	1	15	81	12	80	1.94e-14	53.9
TTNA160	olaTTNAIg103/196	30.526	95	64	1	1	93	1	95	2.21e-14	53.9
TTNA160	olaTTNAIg76/192	35.366	82	51	1	13	92	9	90	3.91e-14	53.1
TTNA160	olaTTNAIg79/196	27.368	95	67	1	1	93	1	95	5.09e-14	52.8
TTNA160	olaTTNAIg62/195	34.091	88	55	1	9	93	8	95	5.19e-14	52.8
TTNA160	olaTTNAIg94/193	30.000	80	54	1	15	92	12	91	7.91e-14	52.4
TTNA160	olaTTNAIg82/196	33.333	93	60	1	1	91	1	93	1.14e-13	52.0
TTNA160	olaTTNAIg106/197	33.721	86	54	1	10	92	10	95	1.90e-13	51.2
TTNA160	olaTTNAIg63/197	29.787	94	64	1	1	92	2	95	2.96e-13	50.8
TTNA160	olaTTNAIg95/199	27.660	94	66	1	1	92	2	95	6.72e-13	50.1
TTNA160	olaTTNAIg104/198	31.579	95	62	2	1	92	2	96	1.18e-12	49.3
TTNA160	olaTTNAIg100/196	29.474	95	65	1	1	93	2	96	1.22e-12	49.3
TTNA160	olaTTNAIg73/196	36.170	94	58	1	1	92	2	95	1.49e-12	48.9
TTNA160	olaTTNAIg99/1104	30.108	93	62	2	2	91	2	94	4.47e-12	47.8
TTNA160	olaTTNAIg80/198	33.684	95	60	2	1	92	2	96	3.75e-11	45.4
TTNA160	olaTTNAIg98/191	26.506	83	59	1	1	81	1	83	3.91e-11	45.4
TTNA160	olaTTNAIg97/197	21.277	94	72	1	1	92	2	95	4.41e-11	45.4
TTNA160	olaTTNAIg64/193	30.667	75	50	1	21	93	18	92	5.44e-11	45.1
TTNA160	olaTTNAIg70/195	30.851	94	61	2	1	92	2	93	5.67e-11	45.1
TTNA160	olaTTNAIg77/197	28.723	94	65	2	1	92	2	95	4.01e-10	42.7
TTNA160	olaTTNAIg109/193	27.660	94	61	3	1	91	1	90	5.88e-10	42.4
TTNA160	olaTTNAIg111/1101	33.333	84	51	3	12	91	16	98	7.22e-10	42.4
TTNA160	olaTTNAIg74/193	26.136	88	64	1	5	91	3	90	1.06e-09	41.6
TTNA160	olaTTNAIg67/1104	24.510	102	67	1	1	92	2	103	1.10e-09	42.0
TTNA160	olaTTNAIg85/193	33.750	80	51	1	15	92	12	91	3.09e-09	40.4
TTNA160	olaTTNAIg68/199	25.610	82	52	1	21	93	17	98	7.26e-07	34.3
TTNA160	olaTTNAIg66/1103	25.000	100	64	4	1	89	1	100	8.63e-07	34.3
TTNA160	olaTTNAIg108/193	26.761	71	50	1	23	91	20	90	3.38e-05	29.6
TTNA160	olaTTNAIg110/193	30.508	59	37	2	27	81	24	82	1.03e-04	28.5
TTNA164	olaTTNAIg108/193	71.739	92	26	0	1	92	1	92	6.85e-52	148
TTNA164	olaTTNAIg110/193	30.851	94	55	2	1	88	1	90	5.52e-16	57.8
TTNA164	olaTTNAIg101/196	30.952	84	56	1	10	91	11	94	2.66e-13	50.8
TTNA164	olaTTNAIg88/193	25.843	89	66	0	1	89	1	89	5.93e-12	47.4
TTNA164	olaTTNAIg77/197	29.577	71	50	0	10	80	14	84	6.66e-12	47.4
TTNA164	olaTTNAIg83/196	31.944	72	49	0	9	80	12	83	7.57e-11	44.7
TTNA164	olaTTNAIg91/193	26.471	68	50	0	15	82	15	82	1.17e-10	44.3
TTNA164	olaTTNAIg86/197	29.268	82	56	1	10	89	14	95	3.63e-09	40.4
TTNA164	olaTTNAIg105/194	36.486	74	45	2	8	81	11	82	4.78e-09	40.0
TTNA164	olaTTNAIg99/1104	24.638	69	52	0	13	81	16	84	1.89e-08	38.5
TTNA164	olaTTNAIg109/193	24.051	79	57	2	15	91	14	91	2.72e-08	38.1
TTNA164	olaTTNAIg70/195	26.471	68	50	0	13	80	15	82	4.94e-08	37.4
TTNA164	olaTTNAIg76/192	25.676	74	55	0	10	83	9	82	5.28e-08	37.4
TTNA164	olaTTNAIg94/193	22.500	80	62	0	1	80	1	80	6.78e-08	37.0
TTNA164	olaTTNAIg75/195	29.333	75	50	2	8	81	11	83	7.16e-08	37.0
TTNA164	olaTTNAIg107/194	24.675	77	56	1	4	80	7	81	1.37e-07	36.2
TTNA164	olaTTNAIg111/1101	28.947	76	51	2	7	80	14	88	1.41e-07	36.2
TTNA164	olaTTNAIg95/199	35.211	71	46	0	10	80	14	84	2.60e-07	35.4
TTNA164	olaTTNAIg95/199	33.333	9	6	0	20	28	90	98	5.0	15.4
TTNA164	olaTTNAIg80/198	32.500	80	52	2	3	80	6	85	3.10e-07	35.4
TTNA164	olaTTNAIg69/195	25.000	72	52	1	10	81	14	83	4.27e-07	35.0
TTNA164	olaTTNAIg98/191	21.622	74	58	0	7	80	10	83	4.32e-07	34.7
TTNA164	olaTTNAIg89/196	25.352	71	53	0	10	80	13	83	5.96e-07	34.7
TTNA164	olaTTNAIg100/196	23.188	69	53	0	9	77	13	81	7.59e-07	34.3
TTNA164	olaTTNAIg66/1103	23.377	77	53	2	10	80	14	90	9.93e-07	33.9
TTNA164	olaTTNAIg87/194	29.032	62	42	1	19	80	23	82	1.09e-06	33.9
TTNA164	olaTTNAIg74/193	30.556	72	47	2	10	80	11	80	1.45e-06	33.5
TTNA164	olaTTNAIg63/197	23.684	76	58	0	5	80	9	84	1.46e-06	33.5
TTNA164	olaTTNAIg106/197	27.273	77	55	1	15	90	18	94	1.51e-06	33.5
TTNA164	olaTTNAIg72/197	23.684	76	58	0	5	80	9	84	1.76e-06	33.1
TTNA164	olaTTNAIg65/195	23.944	71	53	1	10	80	13	82	2.25e-06	33.1
TTNA164	olaTTNAIg85/193	25.714	70	52	0	15	84	15	84	2.51e-06	32.7
TTNA164	olaTTNAIg73/196	26.389	72	53	0	10	81	14	85	5.27e-06	32.0
TTNA164	olaTTNAIg92/197	35.135	37	23	1	6	41	8	44	7.78e-06	31.6
TTNA164	olaTTNAIg67/1104	21.348	89	62	2	10	90	14	102	8.25e-06	31.6
TTNA164	olaTTNAIg64/193	21.250	80	63	0	1	80	1	80	1.19e-05	31.2
TTNA164	olaTTNAIg82/196	20.238	84	67	0	8	91	11	94	1.43e-05	30.8
TTNA164	olaTTNAIg103/196	23.944	71	54	0	10	80	13	83	8.70e-05	28.9
TTNA164	olaTTNAIg93/194	25.676	74	51	2	8	80	11	81	1.47e-04	28.1
TTNA164	olaTTNAIg96/194	26.582	79	55	3	3	80	5	81	1.90e-04	27.7
TTNA164	olaTTNAIg104/198	26.389	72	51	2	10	80	15	85	2.04e-04	27.7
TTNA164	olaTTNAIg62/195	28.169	71	46	2	20	85	22	92	2.06e-04	27.7
TTNA164	olaTTNAIg79/196	21.795	78	61	0	11	88	14	91	3.21e-04	27.3
TTNA164	olaTTNAIg90/194	25.676	74	51	2	8	80	12	82	3.27e-04	27.3
TTNA164	olaTTNAIg68/199	22.973	74	48	3	23	88	22	94	5.79e-04	26.6
TTNA164	olaTTNAIg97/197	21.111	90	66	2	6	90	5	94	0.001	25.8
TTNA164	olaTTNAIg84/195	50.000	18	9	0	19	36	23	40	0.002	25.0
TTNA164	olaTTNAIg78/195	20.548	73	58	0	8	80	11	83	0.003	24.3
TTNA164	olaTTNAIg81/193	25.373	67	44	3	17	81	20	82	0.009	23.1
TTNA164	olaTTNAIg102/194	28.169	71	43	2	13	80	16	81	0.020	22.3
TTNA164	olaTTNAIg71/194	21.348	89	65	2	2	90	8	91	0.035	21.6
TTNA165	olaTTNAIg109/193	68.478	92	29	0	5	96	1	92	7.56e-51	146
TTNA165	olaTTNAIg99/1104	32.222	90	59	2	8	96	8	96	1.33e-15	57.0
TTNA165	olaTTNAIg89/196	34.177	79	51	1	18	96	18	95	2.72e-13	51.2
TTNA165	olaTTNAIg111/1101	34.524	84	53	2	14	96	18	100	8.60e-13	50.1
TTNA165	olaTTNAIg105/194	33.333	96	61	2	1	96	1	93	9.18e-13	49.7
TTNA165	olaTTNAIg93/194	33.333	96	61	2	1	96	1	93	9.28e-13	49.7
TTNA165	olaTTNAIg96/194	29.167	96	65	2	1	96	1	93	1.83e-12	48.9
TTNA165	olaTTNAIg78/195	29.167	96	67	1	1	96	1	95	2.82e-12	48.5
TTNA165	olaTTNAIg87/194	35.000	80	49	2	17	96	18	94	4.57e-12	47.8
TTNA165	olaTTNAIg82/196	28.125	96	64	2	5	96	1	95	5.25e-12	47.8
TTNA165	olaTTNAIg88/193	28.235	85	60	1	8	92	5	88	6.11e-12	47.4
TTNA165	olaTTNAIg84/195	33.673	98	58	3	1	96	2	94	7.66e-12	47.4
TTNA165	olaTTNAIg81/193	30.208	96	64	2	1	96	1	93	1.04e-11	47.0
TTNA165	olaTTNAIg76/192	30.380	79	54	1	18	96	14	91	1.98e-11	46.2
TTNA165	olaTTNAIg70/195	27.586	87	62	1	10	96	9	94	1.12e-10	44.3
TTNA165	olaTTNAIg91/193	29.114	79	55	1	18	96	15	92	1.26e-10	44.3
TTNA165	olaTTNAIg86/197	29.167	96	63	2	5	96	2	96	2.55e-10	43.5
TTNA165	olaTTNAIg103/196	31.343	67	45	1	18	84	18	83	4.13e-10	42.7
TTNA165	olaTTNAIg106/197	27.500	80	56	2	18	96	18	96	4.25e-10	42.7
TTNA165	olaTTNAIg100/196	29.231	65	45	1	17	81	18	81	4.26e-10	42.7
TTNA165	olaTTNAIg85/193	27.848	79	56	1	18	96	15	92	5.66e-10	42.4
TTNA165	olaTTNAIg65/195	29.114	79	54	2	18	96	18	94	6.83e-10	42.4
TTNA165	olaTTNAIg101/196	30.488	82	54	2	17	96	15	95	8.09e-10	42.0
TTNA165	olaTTNAIg72/197	27.083	96	69	1	1	96	2	96	8.24e-10	42.0
TTNA165	olaTTNAIg104/198	29.114	79	55	1	18	96	20	97	1.18e-09	41.6
TTNA165	olaTTNAIg73/196	26.042	96	70	1	1	96	2	96	1.28e-09	41.6
TTNA165	olaTTNAIg83/196	25.000	80	59	1	17	96	17	95	1.35e-09	41.6
TTNA165	olaTTNAIg69/195	28.125	96	66	2	1	96	2	94	2.16e-09	40.8
TTNA165	olaTTNAIg94/193	23.750	80	60	1	13	92	10	88	2.96e-09	40.4
TTNA165	olaTTNAIg74/193	25.000	80	58	2	17	96	15	92	6.59e-09	39.7
TTNA165	olaTTNAIg79/196	26.866	67	48	1	18	84	18	83	1.16e-08	39.3
TTNA165	olaTTNAIg98/191	24.390	82	60	2	9	90	10	89	6.24e-08	37.0
TTNA165	olaTTNAIg64/193	32.927	82	48	4	17	94	12	90	1.18e-07	36.6
TTNA165	olaTTNAIg80/198	29.213	89	61	2	9	96	10	97	1.62e-07	36.2
TTNA165	olaTTNAIg95/199	27.848	79	56	1	18	96	19	96	2.30e-07	35.8
TTNA165	olaTTNAIg75/195	23.000	100	67	3	1	96	1	94	2.35e-07	35.8
TTNA165	olaTTNAIg97/197	24.096	83	62	1	14	96	15	96	2.93e-07	35.4
TTNA165	olaTTNAIg63/197	25.926	81	57	2	17	96	18	96	3.06e-07	35.4
TTNA165	olaTTNAIg67/1104	26.667	75	46	3	18	84	19	92	8.18e-07	34.3
TTNA165	olaTTNAIg92/197	24.390	82	60	2	16	96	16	96	9.91e-07	33.9
TTNA165	olaTTNAIg102/194	25.000	96	69	2	1	96	1	93	1.03e-06	33.9
TTNA165	olaTTNAIg77/197	23.958	96	72	1	1	96	2	96	1.12e-06	33.9
TTNA165	olaTTNAIg68/199	24.719	89	59	3	5	86	1	88	3.57e-06	32.7
TTNA165	olaTTNAIg110/193	20.290	69	54	1	28	95	25	93	3.67e-05	29.6
TTNA165	olaTTNAIg108/193	21.250	80	60	2	17	95	14	91	6.96e-05	29.3
TTNA165	olaTTNAIg107/194	30.952	84	51	4	5	84	1	81	7.65e-05	28.9
TTNA165	olaTTNAIg66/1103	26.562	64	40	2	28	85	29	91	0.003	25.0
TTNA165	olaTTNAIg71/194	19.792	96	74	2	1	96	1	93	0.011	23.1
TTNA168	olaTTNAIg110/193	63.441	93	34	0	1	93	1	93	1.53e-46	135
TTNA168	olaTTNAIg108/193	33.333	93	60	2	1	93	1	91	7.34e-18	62.8
TTNA168	olaTTNAIg101/196	32.941	85	55	2	10	93	11	94	3.21e-10	43.1
TTNA168	olaTTNAIg63/197	29.885	87	57	2	7	92	11	94	7.87e-10	42.0
TTNA168	olaTTNAIg62/195	24.324	74	55	1	19	92	21	93	1.89e-08	38.5
TTNA168	olaTTNAIg64/193	40.299	67	34	3	28	92	28	90	3.65e-08	37.7
TTNA168	olaTTNAIg105/194	30.488	82	52	2	2	82	4	81	5.16e-08	37.4
TTNA168	olaTTNAIg77/197	29.268	82	54	2	12	92	16	94	1.74e-07	35.8
TTNA168	olaTTNAIg93/194	30.108	93	58	3	2	92	4	91	1.80e-07	35.8
TTNA168	olaTTNAIg98/191	22.222	90	62	2	4	90	7	91	2.94e-07	35.4
TTNA168	olaTTNAIg111/1101	22.340	94	69	2	2	92	6	98	7.71e-07	34.3
TTNA168	olaTTNAIg87/194	30.952	84	52	2	10	92	14	92	9.83e-07	33.9
TTNA168	olaTTNAIg76/192	30.263	76	51	2	10	85	9	82	2.84e-06	32.7
TTNA168	olaTTNAIg88/193	21.429	84	62	2	1	83	1	81	4.92e-06	32.0
TTNA168	olaTTNAIg91/193	23.529	85	63	2	1	85	1	83	8.84e-06	31.6
TTNA168	olaTTNAIg83/196	26.596	94	55	5	9	92	4	93	9.21e-06	31.6
TTNA168	olaTTNAIg95/199	33.333	42	27	1	3	43	6	47	2.00e-05	30.4
TTNA168	olaTTNAIg68/199	24.691	81	56	2	17	92	16	96	6.63e-05	29.3
TTNA168	olaTTNAIg69/195	26.027	73	50	1	20	92	24	92	7.69e-05	28.9
TTNA168	olaTTNAIg69/195	33.333	18	12	0	67	84	5	22	7.2	15.0
TTNA168	olaTTNAIg106/197	23.684	76	57	1	10	85	13	87	9.00e-05	28.9
TTNA168	olaTTNAIg90/194	28.090	89	57	3	6	92	9	92	1.84e-04	27.7
TTNA168	olaTTNAIg84/195	27.273	88	59	2	6	92	9	92	2.24e-04	27.7
TTNA168	olaTTNAIg70/195	27.381	84	53	2	12	92	14	92	2.24e-04	27.7
TTNA168	olaTTNAIg99/1104	31.884	69	44	3	26	93	29	95	2.39e-04	27.7
TTNA168	olaTTNAIg72/197	30.508	59	37	2	26	83	30	85	2.81e-04	27.3
TTNA168	olaTTNAIg65/195	25.714	70	47	2	24	92	27	92	5.30e-04	26.6
TTNA168	olaTTNAIg85/193	22.581	93	68	2	1	92	1	90	5.46e-04	26.6
TTNA168	olaTTNAIg75/195	26.316	76	51	2	8	82	11	82	5.52e-04	26.6
TTNA168	olaTTNAIg81/193	25.000	96	63	3	1	92	1	91	5.63e-04	26.6
TTNA168	olaTTNAIg74/193	21.687	83	62	2	10	92	11	90	5.63e-04	26.6
TTNA168	olaTTNAIg104/198	25.000	84	61	2	9	92	14	95	8.28e-04	26.2
TTNA168	olaTTNAIg79/196	27.119	59	41	2	24	82	27	83	0.001	26.2
TTNA168	olaTTNAIg92/197	58.824	17	7	0	25	41	28	44	0.001	25.4
TTNA168	olaTTNAIg66/1103	27.368	95	63	3	2	92	8	100	0.003	24.6
TTNA168	olaTTNAIg73/196	24.096	83	61	2	10	92	14	94	0.004	24.3
TTNA168	olaTTNAIg86/197	25.676	74	51	2	20	92	24	94	0.005	23.9
TTNA168	olaTTNAIg82/196	27.536	69	48	2	24	92	27	93	0.006	23.9
TTNA168	olaTTNAIg96/194	25.843	89	56	3	5	92	8	87	0.007	23.5
TTNA168	olaTTNAIg109/193	23.188	69	50	2	26	93	25	91	0.007	23.5
TTNA168	olaTTNAIg107/194	23.810	63	44	1	20	82	23	81	0.007	23.5
TTNA168	olaTTNAIg94/193	22.388	67	50	2	26	92	26	90	0.007	23.5
TTNA168	olaTTNAIg71/194	22.353	85	62	2	8	92	11	91	0.010	23.1
TTNA168	olaTTNAIg71/194	26.923	26	19	0	40	65	2	27	2.3	16.5
TTNA168	olaTTNAIg89/196	34.783	23	15	0	19	41	22	44	0.021	22.3
TTNA168	olaTTNAIg80/198	36.842	19	12	0	22	40	27	45	0.025	21.9
TTNA168	olaTTNAIg100/196	29.630	27	19	0	10	36	14	40	0.040	21.6
TTNA168	olaTTNAIg97/197	22.973	74	53	3	12	83	14	85	0.042	21.6
TTNA168	olaTTNAIg102/194	28.571	35	23	1	12	44	15	49	0.14	20.0
TTNA168	olaTTNAIg102/194	35.294	17	11	0	69	85	6	22	3.6	15.8
TTNA168	olaTTNAIg67/1104	26.667	30	22	0	10	39	14	43	0.17	19.6
TTNA168	olaTTNAIg78/195	26.136	88	57	2	8	92	11	93	0.26	19.2
TTNA168	olaTTNAIg103/196	24.000	25	19	0	10	34	13	37	0.31	18.9
TTNA169	olaTTNAIg111/1101	67.000	100	33	0	1	100	1	100	8.78e-54	154
TTNA169	olaTTNAIg82/196	32.911	79	52	1	22	100	18	95	5.58e-13	50.4
TTNA169	olaTTNAIg104/198	29.293	99	68	2	2	100	1	97	7.77e-12	47.4
TTNA169	olaTTNAIg79/196	29.762	84	58	1	15	98	11	93	1.16e-11	47.0
TTNA169	olaTTNAIg99/1104	33.735	83	53	2	19	100	15	96	2.15e-11	46.2
TTNA169	olaTTNAIg76/192	31.429	70	47	1	31	100	23	91	8.71e-11	44.7
TTNA169	olaTTNAIg93/194	34.694	98	57	4	4	100	2	93	3.07e-10	43.1
TTNA169	olaTTNAIg96/194	32.911	79	50	2	22	100	18	93	9.02e-10	42.0
TTNA169	olaTTNAIg91/193	33.824	68	44	1	21	88	14	80	9.85e-10	42.0
TTNA169	olaTTNAIg109/193	31.395	86	54	1	15	100	12	92	3.08e-09	40.8
TTNA169	olaTTNAIg88/193	27.848	79	56	1	22	100	15	92	3.54e-09	40.4
TTNA169	olaTTNAIg78/195	31.250	80	52	2	22	100	18	95	3.91e-09	40.4
TTNA169	olaTTNAIg65/195	32.911	79	51	1	22	100	18	94	4.08e-09	40.4
TTNA169	olaTTNAIg105/194	30.000	90	59	3	12	100	7	93	1.12e-08	39.3
TTNA169	olaTTNAIg100/196	30.769	65	44	1	22	86	19	82	1.35e-08	38.9
TTNA169	olaTTNAIg94/193	23.377	77	56	2	22	98	15	88	1.58e-08	38.9
TTNA169	olaTTNAIg87/194	28.283	99	66	3	2	100	1	94	2.24e-08	38.5
TTNA169	olaTTNAIg101/196	31.250	80	54	1	22	100	16	95	2.29e-08	38.5
TTNA169	olaTTNAIg95/199	29.293	99	67	2	2	100	1	96	2.60e-08	38.5
TTNA169	olaTTNAIg103/196	27.536	69	49	1	26	94	22	89	3.97e-08	37.7
TTNA169	olaTTNAIg62/195	29.333	75	51	2	25	98	20	93	4.12e-08	37.7
TTNA169	olaTTNAIg106/197	27.059	85	60	2	17	100	13	96	5.21e-08	37.7
TTNA169	olaTTNAIg69/195	33.333	99	61	3	2	100	1	94	7.44e-08	37.0
TTNA169	olaTTNAIg81/193	31.579	76	49	2	25	100	21	93	7.90e-08	37.0
TTNA169	olaTTNAIg66/1103	30.097	103	64	3	4	100	2	102	1.36e-07	36.6
TTNA169	olaTTNAIg68/199	28.889	90	53	3	19	98	8	96	2.18e-07	35.8
TTNA169	olaTTNAIg80/198	33.824	68	44	1	33	100	31	97	2.33e-07	35.8
TTNA169	olaTTNAIg102/194	30.488	82	48	2	22	100	18	93	2.36e-07	35.8
TTNA169	olaTTNAIg75/195	30.612	98	62	4	4	100	2	94	3.96e-07	35.0
TTNA169	olaTTNAIg84/195	28.713	101	63	4	2	100	1	94	4.18e-07	35.0
TTNA169	olaTTNAIg83/196	22.619	84	64	1	17	100	13	95	5.29e-07	35.0
TTNA169	olaTTNAIg64/193	28.395	81	53	3	20	98	13	90	6.22e-07	34.7
TTNA169	olaTTNAIg63/197	26.437	87	63	1	14	100	11	96	6.29e-07	34.7
TTNA169	olaTTNAIg107/194	27.536	69	45	2	21	88	17	81	9.13e-07	34.3
TTNA169	olaTTNAIg90/194	29.114	79	53	2	22	100	19	94	1.06e-06	33.9
TTNA169	olaTTNAIg74/193	25.510	98	55	2	11	100	5	92	1.19e-06	33.9
TTNA169	olaTTNAIg77/197	26.000	100	69	3	2	100	1	96	1.53e-06	33.5
TTNA169	olaTTNAIg86/197	28.866	97	64	3	2	98	1	92	2.95e-06	32.7
TTNA169	olaTTNAIg89/196	29.870	77	51	2	22	98	18	91	5.15e-06	32.3
TTNA169	olaTTNAIg85/193	27.536	69	49	1	20	88	13	80	1.41e-05	31.2
TTNA169	olaTTNAIg97/197	24.419	86	64	1	15	100	12	96	1.43e-05	31.2
TTNA169	olaTTNAIg98/191	29.474	95	60	4	4	96	2	91	2.42e-05	30.4
TTNA169	olaTTNAIg73/196	25.000	80	57	2	22	100	19	96	5.73e-05	29.3
TTNA169	olaTTNAIg92/197	26.582	79	58	0	22	100	18	96	6.76e-05	29.3
TTNA169	olaTTNAIg108/193	26.471	68	47	2	22	88	15	80	2.05e-04	27.7
TTNA169	olaTTNAIg70/195	25.714	70	51	1	31	100	26	94	4.24e-04	26.9
TTNA169	olaTTNAIg71/194	22.619	84	62	1	17	100	13	93	5.30e-04	26.9
TTNA169	olaTTNAIg67/1104	25.581	86	57	2	22	100	19	104	0.002	25.4
TTNA169	olaTTNAIg110/193	23.377	77	38	3	33	98	26	92	0.007	23.9
